time,elapsed_s,clock_ok,rpm,map_kpa,boost_cmd_kpa,boost_act_kpa,load_pct,timing_deg,stft_pct,lambda_cmd,lambda,o2s1_ma,rail_kpa,pedal_pct,throttle_pct,speed_kph,coolant_c,iat_c,ltft_pct,volts,baro_kpa,ambient_c,fuel_pct,cat_temp_c,o2s2_v,o2s2_trim_pct,lt_o2s2_trim_pct,abs_load_pct,run_time_s
2026-09-30T17:30:40.599,0.127,0,800.5,32,,97.156,20.0,0.0,3.906,1.001,0.989,-0.047,3750,14.51,12.549,0,98,,,,,,,,,,,,
2026-09-30T17:30:40.729,0.257,0,800.25,32,,97.188,20.0,-1.0,3.906,1.001,0.99,-0.047,3770,14.51,12.549,0,,44,,,,,,,,,,,
2026-09-30T17:30:40.858,0.387,0,796.75,32,,97.219,20.392,-2.0,3.906,1.001,0.992,-0.039,3780,14.51,12.549,0,,,3.906,,,,,,,,,,
2026-09-30T17:30:40.988,0.517,0,800.5,32,,97.188,20.392,-1.0,3.906,1.001,0.992,-0.039,3790,14.51,12.549,0,,,,14.414,,,,,,,,,
2026-09-30T17:30:41.124,0.653,0,800.75,32,,97.219,20.0,-1.5,3.906,1.001,0.991,-0.043,3790,14.51,12.549,0,,,,,97,,,,,,,,
2026-09-30T17:30:41.248,0.777,0,794.0,32,,97.219,20.0,-1.0,3.906,1.001,0.991,-0.043,3790,14.51,12.549,0,,,,,,23,,,,,,,
2026-09-30T17:30:41.379,0.907,0,795.75,32,,97.188,20.0,-0.5,3.906,1.001,0.992,-0.039,3770,14.51,12.549,0,,,,,,,36.863,,,,,,
2026-09-30T17:30:41.509,1.037,0,795.0,32,,97.188,20.0,-1.0,3.906,1.001,0.996,-0.031,3770,14.51,12.549,0,,,,,,,,460.3,,,,,
2026-09-30T17:30:41.639,1.167,0,798.0,32,,97.219,20.0,-1.0,3.906,1.001,0.995,-0.031,3760,14.51,12.549,0,,,,,,,,,1.275,,,,
2026-09-30T17:30:41.769,1.297,0,800.25,32,,97.188,20.0,-1.0,3.906,1.001,0.996,-0.031,3770,14.51,12.549,0,,,,,,,,,,,0.781,,
2026-09-30T17:30:41.899,1.428,0,797.75,32,,97.188,20.0,-2.0,3.906,1.001,0.997,-0.027,3790,14.51,12.549,0,,,,,,,,,,,,20.784,
2026-09-30T17:30:42.029,1.558,0,803.75,32,,97.188,20.0,-1.0,3.906,1.001,0.996,-0.031,3810,14.51,12.549,0,,,,,,,,,,,,,29
2026-09-30T17:30:42.158,1.687,0,801.0,32,,97.188,20.0,-1.0,3.906,1.001,0.995,-0.031,3820,14.51,12.549,0,98,,,,,,,,,,,,
2026-09-30T17:30:42.289,1.818,0,798.5,32,,97.219,20.0,-2.0,3.906,1.001,0.993,-0.039,3820,14.51,12.549,0,,44,,,,,,,,,,,
2026-09-30T17:30:42.419,1.948,0,808.0,32,,97.188,20.0,-1.5,3.906,1.001,0.992,-0.039,3830,14.51,12.549,0,,,3.906,,,,,,,,,,
2026-09-30T17:30:42.549,2.077,0,809.25,32,,97.188,20.0,-1.5,3.906,1.001,0.993,-0.039,3830,14.51,12.549,0,,,,14.199,,,,,,,,,
2026-09-30T17:30:42.678,2.207,0,806.0,32,,97.219,20.0,-2.5,3.906,1.001,0.992,-0.039,3830,14.51,12.549,0,,,,,97,,,,,,,,
2026-09-30T17:30:42.809,2.337,0,805.0,32,,97.188,20.0,-3.5,3.125,1.001,0.991,-0.043,3830,14.51,12.549,0,,,,,,23,,,,,,,
2026-09-30T17:30:42.938,2.467,0,806.5,32,,97.219,20.0,-3.0,3.125,1.001,0.99,-0.043,3830,14.51,12.549,0,,,,,,,36.863,,,,,,
2026-09-30T17:30:43.069,2.597,0,803.0,32,,97.219,20.0,-3.0,3.125,1.001,0.99,-0.043,3820,14.51,12.549,0,,,,,,,,459.0,,,,,
2026-09-30T17:30:43.199,2.727,0,793.25,32,,97.219,19.608,-0.5,3.125,1.001,0.99,-0.043,3800,14.51,12.549,0,,,,,,,,,1.275,,,,
2026-09-30T17:30:43.328,2.857,0,789.0,32,,97.219,20.0,0.5,3.125,1.001,0.989,-0.047,3790,14.51,12.549,0,,,,,,,,,,,0.781,,
2026-09-30T17:30:43.459,2.987,0,797.0,32,,97.188,20.0,-1.0,3.125,1.001,0.989,-0.047,3780,14.51,12.549,0,,,,,,,,,,,,20.784,
2026-09-30T17:30:43.588,3.117,0,802.0,32,,97.156,20.0,-1.0,3.125,1.001,0.991,-0.043,3770,14.51,12.549,0,,,,,,,,,,,,,30
2026-09-30T17:30:43.722,3.251,0,792.5,32,,97.188,20.0,-1.5,3.125,1.001,0.99,-0.047,3790,14.51,12.549,0,99,,,,,,,,,,,,
2026-09-30T17:30:43.849,3.378,0,799.5,32,,97.188,20.0,-2.0,3.125,1.001,0.99,-0.043,3770,14.51,12.549,0,,44,,,,,,,,,,,
2026-09-30T17:30:43.979,3.507,0,797.0,32,,97.188,20.0,-2.0,3.125,1.001,0.991,-0.043,3780,14.51,12.549,0,,,3.906,,,,,,,,,,
2026-09-30T17:30:44.108,3.637,0,800.75,32,,97.156,20.0,-1.5,3.125,1.001,0.992,-0.039,3770,14.51,12.549,0,,,,14.277,,,,,,,,,
2026-09-30T17:30:44.239,3.767,0,799.5,32,,97.219,20.0,-0.5,3.125,1.001,0.993,-0.039,3760,14.51,12.549,0,,,,,97,,,,,,,,
2026-09-30T17:30:44.368,3.897,0,797.25,32,,97.219,20.0,-1.0,3.125,1.001,0.993,-0.039,3760,14.51,12.549,0,,,,,,23,,,,,,,
2026-09-30T17:30:44.499,4.027,0,800.75,32,,97.219,20.0,-1.5,3.125,1.001,0.991,-0.043,3760,14.51,12.549,0,,,,,,,36.863,,,,,,
2026-09-30T17:30:44.629,4.157,0,796.5,32,,97.188,20.0,-1.0,3.125,1.001,0.991,-0.043,3770,14.51,12.549,0,,,,,,,,457.5,,,,,
2026-09-30T17:30:44.758,4.287,0,797.25,32,,97.188,20.0,-1.5,3.125,1.001,0.994,-0.035,3770,14.51,12.549,0,,,,,,,,,1.275,,,,
2026-09-30T17:30:44.888,4.417,0,800.25,32,,97.219,20.0,-1.5,3.125,1.001,0.994,-0.035,3770,14.51,12.549,0,,,,,,,,,,,0.781,,
2026-09-30T17:30:45.019,4.548,0,800.75,32,,97.219,20.0,-2.0,3.125,1.001,0.994,-0.035,3770,14.51,12.549,0,,,,,,,,,,,,20.784,
2026-09-30T17:30:45.149,4.677,0,797.5,32,,97.219,20.0,-1.0,2.344,1.001,0.994,-0.035,3760,14.51,12.549,0,,,,,,,,,,,,,32
2026-09-30T17:30:45.279,4.808,0,799.5,32,,97.188,20.0,1.0,3.125,1.001,0.994,-0.035,3760,14.51,12.549,0,99,,,,,,,,,,,,
2026-09-30T17:30:45.409,4.938,0,796.0,32,,97.219,20.0,-1.0,2.344,1.001,0.993,-0.035,3770,14.51,12.549,0,,44,,,,,,,,,,,
2026-09-30T17:30:45.539,5.068,0,797.5,33,,97.219,20.392,-1.0,2.344,1.001,0.994,-0.035,3780,14.51,12.549,0,,,3.906,,,,,,,,,,
2026-09-30T17:30:45.679,5.207,0,800.0,33,,97.188,20.392,-1.5,2.344,1.001,0.996,-0.027,3800,14.51,12.549,0,,,,14.277,,,,,,,,,
2026-09-30T17:30:45.809,5.338,0,794.5,33,,97.188,20.392,-2.0,3.125,1.001,0.999,-0.023,3810,14.51,12.549,0,,,,,97,,,,,,,,
2026-09-30T17:30:45.938,5.467,0,796.0,33,,97.219,20.392,-2.0,3.125,1.001,1.0,-0.02,3820,14.51,12.549,0,,,,,,23,,,,,,,
2026-09-30T17:30:46.069,5.598,0,794.25,33,,97.188,20.392,-1.0,3.125,1.001,1.0,-0.02,3820,14.51,12.549,0,,,,,,,36.863,,,,,,
2026-09-30T17:30:46.199,5.727,0,798.0,33,,97.188,20.0,-0.5,3.125,1.001,0.998,-0.023,3810,14.51,12.549,0,,,,,,,,456.0,,,,,
2026-09-30T17:30:46.329,5.857,0,794.5,32,,97.188,20.0,-1.0,3.125,1.001,0.997,-0.027,3810,14.51,12.549,0,,,,,,,,,1.275,,,,
2026-09-30T17:30:46.459,5.987,0,799.5,32,,97.219,20.0,-1.5,2.344,1.001,0.996,-0.031,3820,14.51,12.549,0,,,,,,,,,,,0.781,,
2026-09-30T17:30:46.589,6.117,0,803.5,32,,97.219,20.0,-1.0,2.344,1.001,0.991,-0.043,3820,14.51,12.549,0,,,,,,,,,,,,20.784,
2026-09-30T17:30:46.719,6.248,0,800.75,32,,97.219,20.0,-2.5,2.344,1.001,0.987,-0.055,3840,14.51,12.549,0,,,,,,,,,,,,,33
2026-09-30T17:30:46.849,6.377,0,800.5,33,,97.219,20.392,-3.5,2.344,1.001,0.983,-0.062,3860,14.51,12.549,0,99,,,,,,,,,,,,
2026-09-30T17:30:46.978,6.507,0,799.25,33,,97.219,20.392,-3.5,1.562,1.001,0.979,-0.074,3870,14.51,12.549,0,,44,,,,,,,,,,,
2026-09-30T17:30:47.109,6.637,0,801.25,33,,97.219,20.784,-3.5,1.562,1.001,0.973,-0.09,3880,14.51,12.549,0,,,3.906,,,,,,,,,,
2026-09-30T17:30:47.238,6.767,0,802.25,33,,97.188,20.392,-4.0,0.781,1.001,0.97,-0.098,3880,14.51,12.157,0,,,,14.257,,,,,,,,,
2026-09-30T17:30:47.369,6.897,0,803.5,33,,97.219,20.784,-3.0,0.781,1.001,0.968,-0.102,3880,14.51,12.157,0,,,,,97,,,,,,,,
2026-09-30T17:30:47.498,7.027,0,802.0,33,,97.188,20.392,-2.5,0.0,1.001,0.965,-0.109,3860,14.51,12.157,0,,,,,,23,,,,,,,
2026-09-30T17:30:47.628,7.157,0,800.75,32,,97.219,20.392,-2.5,0.0,1.001,0.96,-0.117,3840,14.51,12.157,0,,,,,,,36.863,,,,,,
2026-09-30T17:30:47.758,7.287,0,808.75,32,,97.219,20.0,-3.0,0.0,1.001,0.951,-0.137,3820,14.51,12.157,0,,,,,,,,454.5,,,,,
2026-09-30T17:30:47.888,7.417,0,810.75,32,,97.219,20.0,-3.5,-0.781,1.001,0.939,-0.164,3800,14.51,12.157,0,,,,,,,,,1.275,,,,
2026-09-30T17:30:48.019,7.548,0,818.0,32,,97.219,19.608,-3.0,-1.562,1.001,0.927,-0.195,3780,14.51,12.157,0,,,,,,,,,,,0.781,,
2026-09-30T17:30:48.148,7.677,0,820.0,32,,97.219,19.608,-3.5,-3.125,1.001,0.911,-0.234,3770,14.51,12.157,0,,,,,,,,,,,,20.392,
2026-09-30T17:30:48.279,7.807,0,817.0,32,,97.219,19.608,-4.0,-4.688,1.001,0.897,-0.27,3770,14.51,12.157,0,,,,,,,,,,,,,35
2026-09-30T17:30:48.408,7.937,0,815.5,32,,97.219,20.0,-3.5,-6.25,1.001,0.887,-0.301,3770,14.51,12.157,0,100,,,,,,,,,,,,
2026-09-30T17:30:48.538,8.067,0,810.0,32,,97.219,20.0,-4.0,-7.031,1.001,0.883,-0.309,3770,14.51,12.157,0,,44,,,,,,,,,,,
2026-09-30T17:30:48.669,8.197,0,806.5,32,,97.219,19.608,-4.0,-8.594,1.001,0.878,-0.324,3780,14.51,12.157,0,,,4.688,,,,,,,,,,
2026-09-30T17:30:48.798,8.327,0,805.5,32,,97.219,20.0,-4.0,-9.375,1.001,0.876,-0.328,3810,14.51,12.157,0,,,,14.199,,,,,,,,,
2026-09-30T17:30:48.928,8.457,0,800.75,32,,97.219,20.0,-4.0,-10.156,1.001,0.884,-0.309,3810,14.51,12.157,0,,,,,97,,,,,,,,
2026-09-30T17:30:49.058,8.587,0,802.5,32,,97.219,20.392,-3.5,-10.938,1.001,0.889,-0.293,3800,14.51,12.157,0,,,,,,23,,,,,,,
2026-09-30T17:30:49.188,8.717,0,796.0,32,,97.156,20.0,-3.5,-10.938,1.001,0.896,-0.273,3810,14.51,12.157,0,,,,,,,36.863,,,,,,
2026-09-30T17:30:49.319,8.848,0,797.25,32,,97.219,19.608,-1.5,-10.938,1.001,0.907,-0.246,3800,14.51,12.157,0,,,,,,,,453.1,,,,,
2026-09-30T17:30:49.449,8.978,0,796.75,32,,97.219,19.608,-1.0,-11.719,1.001,0.914,-0.227,3780,14.51,12.157,0,,,,,,,,,1.275,,,,
2026-09-30T17:30:49.579,9.108,0,791.25,31,,97.188,19.216,-1.0,-11.719,1.001,0.919,-0.215,3760,14.51,12.157,0,,,,,,,,,,,0.781,,
2026-09-30T17:30:49.709,9.238,0,794.5,32,,97.219,19.608,-1.0,-11.719,1.001,0.93,-0.188,3780,14.51,12.157,0,,,,,,,,,,,,20.392,
2026-09-30T17:30:49.839,9.368,0,799.5,32,,97.219,19.608,-0.5,-12.5,1.001,0.931,-0.184,3780,14.51,12.157,0,,,,,,,,,,,,,36
2026-09-30T17:30:49.969,9.497,0,794.0,32,,97.188,19.608,1.0,-12.5,1.001,0.937,-0.172,3780,14.51,12.157,0,100,,,,,,,,,,,,
2026-09-30T17:30:50.099,9.627,0,791.75,32,,97.188,20.0,-1.0,-12.5,1.001,0.949,-0.141,3800,14.51,12.157,0,,44,,,,,,,,,,,
2026-09-30T17:30:50.228,9.757,0,790.25,32,,97.188,20.0,0.5,-12.5,1.001,0.959,-0.121,3820,14.51,12.157,0,,,4.688,,,,,,,,,,
2026-09-30T17:30:50.359,9.888,0,786.25,32,,97.188,19.608,0.5,-11.719,1.001,0.974,-0.086,3830,14.51,12.157,0,,,,14.277,,,,,,,,,
2026-09-30T17:30:50.489,10.018,0,788.0,32,,97.156,20.0,1.0,-11.719,1.001,0.983,-0.062,3820,14.51,12.157,0,,,,,97,,,,,,,,
2026-09-30T17:30:50.624,10.152,0,780.0,32,,97.188,20.0,3.5,-10.938,1.001,0.993,-0.035,3830,14.51,12.157,0,,,,,,23,,,,,,,
2026-09-30T17:30:50.758,10.287,0,782.0,32,,97.156,20.0,2.5,-10.938,1.001,1.012,-0.008,3800,14.51,12.549,0,,,,,,,36.863,,,,,,
2026-09-30T17:30:50.889,10.418,0,782.75,32,,97.156,20.0,1.5,-9.375,1.001,1.026,0.008,3810,14.51,12.157,0,,,,,,,,452.0,,,,,
2026-09-30T17:30:51.019,10.548,0,778.25,33,,97.156,20.784,0.5,-9.375,1.001,1.034,0.016,3840,14.51,12.549,0,,,,,,,,,1.275,,,,
2026-09-30T17:30:51.148,10.677,0,782.0,32,,97.156,20.392,3.5,-8.594,1.001,1.044,0.027,3810,14.51,12.549,0,,,,,,,,,,,0.781,,
2026-09-30T17:30:51.279,10.808,0,780.25,33,,97.156,20.784,3.0,-7.812,1.001,1.048,0.031,3830,14.51,12.549,0,,,,,,,,,,,,21.176,
2026-09-30T17:30:51.409,10.938,0,776.5,33,,97.188,20.784,0.5,-7.031,1.001,1.054,0.039,3830,14.51,12.549,0,,,,,,,,,,,,,38
2026-09-30T17:30:51.538,11.067,0,781.5,33,,97.188,20.392,0.5,-7.031,1.001,1.061,0.047,3830,14.51,12.549,0,100,,,,,,,,,,,,
2026-09-30T17:30:51.668,11.197,0,782.5,33,,97.219,20.784,0.5,-6.25,1.001,1.064,0.051,3830,14.51,12.549,0,,44,,,,,,,,,,,
2026-09-30T17:30:51.798,11.327,0,784.25,33,,97.188,20.392,1.5,-5.469,1.001,1.062,0.047,3820,14.51,12.549,0,,,3.906,,,,,,,,,,
2026-09-30T17:30:51.929,11.457,0,779.25,33,,97.188,20.392,1.5,-5.469,1.001,1.064,0.051,3810,14.51,12.549,0,,,,14.238,,,,,,,,,
2026-09-30T17:30:52.059,11.588,0,788.0,33,,97.156,20.392,1.5,-4.688,1.001,1.064,0.051,3820,14.51,12.549,0,,,,,97,,,,,,,,
2026-09-30T17:30:52.189,11.717,0,786.75,33,,97.188,20.392,2.5,-4.688,1.001,1.062,0.051,3820,14.51,12.549,0,,,,,,23,,,,,,,
2026-09-30T17:30:52.319,11.847,0,784.25,33,,97.188,20.392,0.5,-3.906,1.001,1.062,0.047,3810,14.51,12.549,0,,,,,,,36.863,,,,,,
2026-09-30T17:30:52.448,11.977,0,788.5,33,,97.188,20.392,0.0,-3.906,1.001,1.057,0.043,3800,14.51,12.549,0,,,,,,,,450.8,,,,,
2026-09-30T17:30:52.579,12.107,0,795.25,33,,97.188,20.0,0.5,-3.906,1.001,1.054,0.039,3790,14.51,12.549,0,,,,,,,,,1.275,,,,
2026-09-30T17:30:52.708,12.237,0,788.5,33,,97.188,20.0,0.5,-3.125,1.001,1.053,0.035,3790,14.51,12.549,0,,,,,,,,,,,0.781,,
2026-09-30T17:30:52.839,12.367,0,786.0,33,,97.188,20.0,0.0,-3.125,1.001,1.05,0.035,3780,14.51,12.549,0,,,,,,,,,,,,20.784,
2026-09-30T17:30:52.969,12.498,0,796.25,33,,97.219,20.0,0.5,-3.125,1.001,1.049,0.031,3790,14.51,12.549,0,,,,,,,,,,,,,40
2026-09-30T17:30:53.099,12.627,0,793.0,33,,97.188,20.0,-0.5,-2.344,1.001,1.047,0.031,3780,14.51,12.549,0,100,,,,,,,,,,,,
2026-09-30T17:30:53.228,12.757,0,793.25,32,,97.188,20.0,-0.5,-2.344,1.001,1.043,0.027,3790,14.51,12.549,0,,44,,,,,,,,,,,
2026-09-30T17:30:53.358,12.887,0,795.0,32,,97.188,20.0,-1.0,-2.344,1.001,1.039,0.023,3780,14.51,12.549,0,,,3.906,,,,,,,,,,
2026-09-30T17:30:53.488,13.017,0,793.0,33,,97.219,20.0,-1.0,-2.344,1.001,1.036,0.02,3780,14.51,12.549,0,,,,14.296,,,,,,,,,
2026-09-30T17:30:53.623,13.152,0,794.5,32,,97.188,20.0,-0.5,-2.344,1.001,1.033,0.016,3780,14.51,12.157,0,,,,,97,,,,,,,,
2026-09-30T17:30:53.749,13.277,0,790.5,32,,97.188,20.0,-1.5,-1.562,1.001,1.034,0.016,3780,14.51,12.157,0,,,,,,23,,,,,,,
2026-09-30T17:30:53.879,13.408,0,794.25,32,,97.188,20.0,-1.0,-1.562,1.001,1.032,0.012,3790,14.51,12.157,0,,,,,,,36.078,,,,,,
2026-09-30T17:30:54.008,13.537,0,790.5,32,,97.188,19.608,1.0,-1.562,1.001,1.027,0.008,3790,14.51,12.157,0,,,,,,,,449.5,,,,,
2026-09-30T17:30:54.138,13.667,0,792.5,32,,97.219,20.0,-0.5,-1.562,1.001,1.027,0.008,3790,14.51,12.157,0,,,,,,,,,1.275,,,,
2026-09-30T17:30:54.268,13.797,0,794.25,32,,97.188,19.608,-2.0,-1.562,1.001,1.022,0.004,3800,14.51,12.157,0,,,,,,,,,,,0.781,,
2026-09-30T17:30:54.398,13.927,0,798.75,32,,97.188,19.608,-1.5,-1.562,1.001,1.013,-0.008,3790,14.51,12.157,0,,,,,,,,,,,,20.784,
2026-09-30T17:30:54.528,14.057,0,800.25,32,,97.219,20.0,-1.5,-1.562,1.001,1.009,-0.012,3790,14.51,12.157,0,,,,,,,,,,,,,41
2026-09-30T17:30:54.658,14.187,0,795.25,32,,97.219,20.0,-0.5,-2.344,1.001,1.0,-0.02,3790,14.51,12.157,0,101,,,,,,,,,,,,
2026-09-30T17:30:54.788,14.317,0,795.25,32,,97.219,20.0,-2.5,-2.344,1.001,0.998,-0.023,3790,14.51,12.157,0,,44,,,,,,,,,,,
2026-09-30T17:30:54.919,14.448,0,801.25,32,,97.188,20.0,-2.5,-2.344,1.001,0.999,-0.023,3810,14.51,12.157,0,,,3.906,,,,,,,,,,
2026-09-30T17:30:55.048,14.577,0,795.75,32,,97.188,20.0,-2.0,-2.344,1.001,0.998,-0.023,3810,14.51,12.157,0,,,,14.257,,,,,,,,,
2026-09-30T17:30:55.179,14.707,0,792.75,33,,97.219,20.392,-2.0,-2.344,1.001,0.992,-0.039,3810,14.51,12.157,0,,,,,97,,,,,,,,
2026-09-30T17:30:55.309,14.838,0,798.25,32,,97.219,20.0,-2.0,-2.344,1.001,0.992,-0.039,3810,14.51,12.157,0,,,,,,23,,,,,,,
2026-09-30T17:30:55.439,14.967,0,794.5,32,,97.188,20.0,-1.5,-2.344,1.001,0.989,-0.047,3800,14.51,12.157,0,,,,,,,36.078,,,,,,
2026-09-30T17:30:55.568,15.097,0,796.75,32,,97.188,20.0,-2.0,-3.125,1.001,0.986,-0.055,3790,14.51,12.157,0,,,,,,,,448.3,,,,,
2026-09-30T17:30:55.699,15.228,0,802.0,32,,97.188,20.0,-2.5,-3.125,1.001,0.984,-0.059,3810,14.51,12.157,0,,,,,,,,,1.275,,,,
2026-09-30T17:30:55.838,15.367,0,801.25,32,,97.219,20.0,-2.5,-3.125,1.001,0.982,-0.066,3810,14.51,12.157,0,,,,,,,,,,,0.781,,
2026-09-30T17:30:55.969,15.497,0,798.25,32,,97.156,20.0,-3.0,-3.906,1.001,0.978,-0.078,3810,14.51,12.157,0,,,,,,,,,,,,20.784,
2026-09-30T17:30:56.100,15.629,0,793.75,32,,97.156,20.0,-3.0,-3.906,1.001,0.974,-0.086,3810,14.51,12.157,0,,,,,,,,,,,,,43
2026-09-30T17:30:56.229,15.757,0,792.5,32,,97.219,19.608,-1.5,-3.906,1.001,0.972,-0.094,3780,14.51,12.157,0,101,,,,,,,,,,,,
2026-09-30T17:30:56.359,15.887,0,800.5,31,,97.156,19.216,0.0,-4.688,1.001,0.969,-0.102,3770,14.51,12.157,0,,44,,,,,,,,,,,
2026-09-30T17:30:56.489,16.017,0,793.75,31,,97.188,19.216,1.5,-4.688,1.001,0.964,-0.109,3740,14.51,12.157,0,,,4.688,,,,,,,,,,
2026-09-30T17:30:56.623,16.152,0,793.0,32,,97.219,20.0,-1.0,-5.469,1.001,0.963,-0.113,3760,14.51,12.157,0,,,,14.296,,,,,,,,,
2026-09-30T17:30:56.748,16.277,0,795.5,32,,97.188,20.0,-3.0,-5.469,1.001,0.962,-0.113,3780,14.51,12.157,0,,,,,97,,,,,,,,
2026-09-30T17:30:56.879,16.407,0,797.25,32,,97.219,20.392,-3.5,-6.25,1.001,0.961,-0.117,3800,14.51,12.157,0,,,,,,23,,,,,,,
2026-09-30T17:30:57.008,16.537,0,800.5,32,,97.188,20.0,-2.5,-6.25,1.001,0.962,-0.113,3810,14.51,12.157,0,,,,,,,36.078,,,,,,
2026-09-30T17:30:57.139,16.667,0,801.75,32,,97.188,20.0,-2.5,-6.25,1.001,0.966,-0.105,3800,14.51,12.157,0,,,,,,,,447.1,,,,,
2026-09-30T17:30:57.268,16.797,0,799.5,32,,97.188,19.608,-2.5,-6.25,1.001,0.969,-0.098,3800,14.51,12.157,0,,,,,,,,,1.275,,,,
2026-09-30T17:30:57.399,16.927,0,796.5,32,,97.188,20.0,-1.5,-6.25,1.001,0.97,-0.098,3780,14.51,12.157,0,,,,,,,,,,,0.781,,
2026-09-30T17:30:57.529,17.058,0,792.25,32,,97.219,20.0,-2.5,-6.25,1.001,0.969,-0.098,3780,14.51,12.157,0,,,,,,,,,,,,20.392,
2026-09-30T17:30:57.659,17.187,0,788.75,32,,97.188,20.0,-1.5,-7.031,1.001,0.97,-0.098,3770,14.51,12.157,0,,,,,,,,,,,,,44
2026-09-30T17:30:57.788,17.317,0,792.75,32,,97.219,19.608,-2.0,-7.031,1.001,0.974,-0.09,3780,14.51,12.157,0,101,,,,,,,,,,,,
2026-09-30T17:30:57.919,17.447,0,793.5,32,,97.219,19.608,-1.0,-7.031,1.001,0.973,-0.09,3780,14.51,12.157,0,,44,,,,,,,,,,,
2026-09-30T17:30:58.048,17.577,0,794.0,32,,97.219,19.608,-1.0,-7.031,1.001,0.973,-0.09,3770,14.51,12.157,0,,,4.688,,,,,,,,,,
2026-09-30T17:30:58.178,17.707,0,795.0,32,,97.219,19.608,-1.0,-7.031,1.001,0.977,-0.082,3770,14.51,12.157,0,,,,14.277,,,,,,,,,
2026-09-30T17:30:58.309,17.838,0,791.75,32,,97.188,20.0,1.0,-7.031,1.001,0.98,-0.07,3780,14.51,12.157,0,,,,,97,,,,,,,,
2026-09-30T17:30:58.439,17.968,0,788.0,32,,97.188,19.216,-1.0,-7.031,1.001,0.982,-0.066,3760,14.51,12.157,0,,,,,,23,,,,,,,
2026-09-30T17:30:58.569,18.098,0,793.5,31,,97.219,19.216,0.5,-7.031,1.001,0.981,-0.07,3740,14.51,12.157,0,,,,,,,36.078,,,,,,
2026-09-30T17:30:58.698,18.227,0,791.25,31,,97.219,18.824,1.5,-7.812,1.001,0.979,-0.074,3740,14.51,12.157,0,,,,,,,,446.0,,,,,
2026-09-30T17:30:58.828,18.357,0,795.25,32,,97.188,19.608,2.0,-7.812,1.001,0.98,-0.07,3740,14.51,12.549,0,,,,,,,,,1.275,,,,
2026-09-30T17:30:58.958,18.487,0,788.75,32,,97.219,19.608,-1.0,-7.812,1.001,0.982,-0.066,3750,14.51,12.157,0,,,,,,,,,,,0.781,,
2026-09-30T17:30:59.088,18.617,0,788.0,33,,97.156,20.392,-0.5,-7.812,1.001,0.984,-0.059,3780,14.51,12.157,0,,,,,,,,,,,,20.0,
2026-09-30T17:30:59.219,18.747,0,792.5,32,,97.188,19.216,1.5,-7.812,1.001,0.991,-0.043,3750,14.51,12.157,0,,,,,,,,,,,,,46
2026-09-30T17:30:59.349,18.878,0,789.5,32,,97.188,19.608,-0.5,-7.031,1.001,0.997,-0.027,3760,14.51,12.157,0,101,,,,,,,,,,,,
2026-09-30T17:30:59.479,19.007,0,792.0,31,,97.156,18.824,0.5,-7.031,1.001,0.999,-0.023,3750,14.51,12.157,0,,44,,,,,,,,,,,
2026-09-30T17:30:59.608,19.137,0,795.25,32,,97.188,19.608,0.0,-7.031,1.001,1.001,-0.02,3800,14.51,12.157,0,,,4.688,,,,,,,,,,
2026-09-30T17:30:59.738,19.267,0,791.5,32,,97.188,18.824,3.0,-7.031,1.001,1.002,-0.02,3770,14.51,12.549,0,,,,14.199,,,,,,,,,
2026-09-30T17:30:59.868,19.397,0,791.25,32,,97.219,20.0,-1.0,-7.031,1.001,1.013,-0.008,3780,14.51,12.157,0,,,,,97,,,,,,,,
2026-09-30T17:30:59.998,19.527,0,791.75,32,,97.156,20.392,-1.0,-6.25,1.001,1.017,-0.004,3800,14.51,12.157,0,,,,,,23,,,,,,,
2026-09-30T17:31:00.129,19.657,0,791.75,32,,97.156,20.0,0.5,-6.25,1.001,1.021,0.0,3790,14.51,12.157,0,,,,,,,36.078,,,,,,
2026-09-30T17:31:00.258,19.787,0,790.25,31,,97.219,19.216,0.5,-5.469,1.001,1.025,0.004,3760,14.51,12.157,0,,,,,,,,445.1,,,,,
2026-09-30T17:31:00.389,19.918,0,793.5,31,,97.188,18.824,0.0,-5.469,1.001,1.025,0.004,3750,14.51,12.157,0,,,,,,,,,1.275,,,,
2026-09-30T17:31:00.519,20.047,0,790.25,31,,97.219,19.216,1.0,-5.469,1.001,1.02,0.0,3760,14.51,12.157,0,,,,,,,,,,,0.781,,
2026-09-30T17:31:00.648,20.177,0,789.0,32,,97.125,19.608,-1.0,-5.469,1.001,1.02,0.0,3770,14.51,12.157,0,,,,,,,,,,,,20.392,
2026-09-30T17:31:00.778,20.307,0,792.0,32,,97.156,19.608,0.5,-5.469,1.001,1.02,0.0,3790,14.51,12.157,0,,,,,,,,,,,,,47
2026-09-30T17:31:00.919,20.447,0,790.0,32,,97.188,20.0,-1.5,-4.688,1.001,1.023,0.004,3800,14.51,12.157,0,101,,,,,,,,,,,,
2026-09-30T17:31:01.048,20.577,0,798.5,32,,97.125,20.0,0.5,-4.688,1.001,1.024,0.004,3800,14.51,12.157,0,,44,,,,,,,,,,,
2026-09-30T17:31:01.178,20.707,0,785.25,32,,97.188,19.608,-0.5,-4.688,1.001,1.021,0.0,3780,14.51,12.157,0,,,4.688,,,,,,,,,,
2026-09-30T17:31:01.308,20.837,0,793.0,32,,97.188,19.216,2.0,-4.688,1.001,1.022,0.004,3760,14.51,12.157,0,,,,14.316,,,,,,,,,
2026-09-30T17:31:01.438,20.967,0,787.0,31,,97.156,19.216,2.5,-3.906,1.001,1.025,0.004,3730,14.51,12.157,0,,,,,97,,,,,,,,
2026-09-30T17:31:01.569,21.097,0,791.5,32,,97.219,20.0,1.0,-3.906,1.001,1.022,0.0,3750,14.51,12.157,0,,,,,,23,,,,,,,
2026-09-30T17:31:01.699,21.228,0,788.0,32,,97.156,20.0,-1.0,-3.906,1.001,1.018,-0.004,3770,14.51,12.157,0,,,,,,,36.078,,,,,,
2026-09-30T17:31:01.829,21.357,0,789.75,32,,97.188,20.0,0.5,-3.906,1.001,1.018,-0.004,3770,14.51,12.157,0,,,,,,,,444.0,,,,,
2026-09-30T17:31:01.958,21.487,0,794.75,32,,97.219,19.608,-1.0,-3.906,1.001,1.015,-0.004,3760,14.51,12.157,0,,,,,,,,,1.275,,,,
2026-09-30T17:31:02.088,21.617,0,796.5,32,,97.188,19.608,-1.0,-3.906,1.001,1.015,-0.004,3750,14.51,12.157,0,,,,,,,,,,,0.781,,
2026-09-30T17:31:02.219,21.747,0,793.75,32,,97.188,20.0,-1.5,-3.906,1.001,1.019,0.0,3750,14.51,12.157,0,,,,,,,,,,,,20.392,
2026-09-30T17:31:02.348,21.877,0,791.0,32,,97.188,20.0,-1.0,-3.906,1.001,1.019,0.0,3740,14.51,12.157,0,,,,,,,,,,,,,49
2026-09-30T17:31:02.479,22.008,0,792.5,32,,97.188,20.0,0.5,-3.125,1.001,1.02,0.0,3760,14.51,12.157,0,102,,,,,,,,,,,,
2026-09-30T17:31:02.608,22.137,0,787.0,32,,97.156,19.608,0.5,-3.125,1.001,1.019,0.0,3770,14.51,12.549,0,,45,,,,,,,,,,,
2026-09-30T17:31:02.739,22.267,0,790.75,32,,97.219,20.784,6.5,-3.125,1.001,1.014,-0.008,3780,14.51,12.941,0,,,3.906,,,,,,,,,,
2026-09-30T17:31:02.869,22.398,0,805.25,36,,97.094,21.961,-7.0,-3.125,1.001,1.02,0.0,3860,14.51,12.549,0,,,,14.218,,,,,,,,,
2026-09-30T17:31:02.999,22.527,0,796.5,35,,97.156,21.961,-4.0,-3.125,1.001,1.021,0.0,4140,14.51,12.549,0,,,,,97,,,,,,,,
2026-09-30T17:31:03.129,22.658,0,811.25,34,,97.156,21.569,-4.0,-3.125,1.001,1.013,-0.008,4210,14.51,12.549,0,,,,,,23,,,,,,,
2026-09-30T17:31:03.259,22.787,0,808.75,34,,97.156,21.569,-4.0,-3.125,1.001,1.007,-0.012,4240,14.51,12.549,0,,,,,,,36.078,,,,,,
2026-09-30T17:31:03.389,22.917,0,816.75,36,,97.156,22.745,-6.5,-3.125,1.001,1.004,-0.016,4440,14.51,12.549,0,,,,,,,,442.8,,,,,
2026-09-30T17:31:03.519,23.047,0,812.75,35,,97.156,21.569,-4.0,-3.125,1.001,1.002,-0.02,4540,14.51,12.549,0,,,,,,,,,1.275,,,,
2026-09-30T17:31:03.648,23.177,0,809.0,34,,97.188,21.961,-4.5,-3.125,1.001,1.005,-0.016,4510,14.51,12.549,0,,,,,,,,,,,0.781,,
2026-09-30T17:31:03.779,23.307,0,810.25,35,,97.125,21.569,-5.5,-3.125,1.0,1.001,-0.02,4500,14.51,12.549,0,,,,,,,,,,,,22.353,
2026-09-30T17:31:03.909,23.437,0,812.0,35,,97.188,21.569,-4.0,-3.125,1.0,1.001,-0.02,4500,14.51,12.549,0,,,,,,,,,,,,,51
2026-09-30T17:31:04.038,23.567,0,806.75,35,,97.188,21.961,-4.0,-3.125,1.0,1.0,-0.02,4510,14.51,12.549,0,102,,,,,,,,,,,,
2026-09-30T17:31:04.169,23.698,0,798.75,35,,97.219,21.961,-5.5,-3.125,1.0,0.998,-0.023,4490,14.51,12.549,0,,45,,,,,,,,,,,
2026-09-30T17:31:04.299,23.827,0,801.75,35,,97.219,21.961,-5.5,-3.906,1.0,0.996,-0.031,4490,14.51,12.549,0,,,3.906,,,,,,,,,,
2026-09-30T17:31:04.429,23.958,0,805.5,34,,97.219,21.961,-4.0,-3.906,1.0,0.996,-0.031,4500,14.51,12.549,0,,,,14.238,,,,,,,,,
2026-09-30T17:31:04.558,24.087,0,802.75,35,,97.219,21.961,-4.5,-3.906,1.0,0.994,-0.035,4500,14.51,12.549,0,,,,,97,,,,,,,,
2026-09-30T17:31:04.688,24.217,0,792.5,34,,97.219,21.569,-3.5,-3.906,1.0,0.995,-0.031,4490,14.51,12.549,0,,,,,,23,,,,,,,
2026-09-30T17:31:04.819,24.347,0,795.25,34,,97.219,21.569,-2.5,-3.906,1.0,0.995,-0.031,4420,14.51,12.549,0,,,,,,,36.078,,,,,,
2026-09-30T17:31:04.948,24.477,0,800.0,35,,97.219,21.961,-2.5,-3.906,1.0,0.99,-0.047,4360,14.51,12.549,0,,,,,,,,441.5,,,,,
2026-09-30T17:31:05.078,24.607,0,802.75,35,,97.188,21.569,-4.0,-3.906,1.0,0.988,-0.051,4360,14.51,12.549,0,,,,,,,,,1.275,,,,
2026-09-30T17:31:05.208,24.737,0,802.75,35,,97.219,21.961,-5.0,-3.906,1.0,0.986,-0.055,4420,14.51,12.549,0,,,,,,,,,,,0.781,,
2026-09-30T17:31:05.338,24.867,0,797.75,35,,97.219,21.961,-4.5,-4.688,1.0,0.981,-0.066,4460,14.51,12.549,0,,,,,,,,,,,,22.745,
2026-09-30T17:31:05.468,24.997,0,805.0,35,,97.219,22.353,-5.0,-4.688,1.0,0.979,-0.074,4480,14.51,12.549,0,,,,,,,,,,,,,52
2026-09-30T17:31:05.598,25.127,0,801.0,34,,97.219,21.961,-5.0,-5.469,1.0,0.972,-0.094,4500,14.51,12.549,0,102,,,,,,,,,,,,
2026-09-30T17:31:05.729,25.257,0,798.25,35,,97.188,21.961,-4.5,-5.469,1.0,0.972,-0.094,4490,14.51,12.549,0,,45,,,,,,,,,,,
2026-09-30T17:31:05.858,25.387,0,802.5,34,,97.219,21.961,-4.5,-5.469,1.0,0.966,-0.105,4490,14.51,12.549,0,,,4.688,,,,,,,,,,
2026-09-30T17:31:05.998,25.527,0,801.0,35,,97.219,21.961,-4.0,-6.25,1.0,0.97,-0.098,4480,14.51,12.549,0,,,,14.296,,,,,,,,,
2026-09-30T17:31:06.128,25.657,0,802.5,35,,97.219,22.353,-5.0,-6.25,1.0,0.967,-0.105,4470,14.51,12.157,0,,,,,97,,,,,,,,
2026-09-30T17:31:06.258,25.787,0,794.5,34,,97.219,21.569,-4.0,-6.25,1.0,0.963,-0.113,4450,14.51,12.157,0,,,,,,23,,,,,,,
2026-09-30T17:31:06.388,25.917,0,800.5,35,,97.219,21.961,-3.0,-7.031,1.0,0.963,-0.113,4340,14.51,12.549,0,,,,,,,36.078,,,,,,
2026-09-30T17:31:06.519,26.047,0,804.0,34,,97.219,21.569,-4.0,-7.031,1.0,0.961,-0.117,4300,14.51,12.549,0,,,,,,,,440.3,,,,,
2026-09-30T17:31:06.648,26.177,0,798.75,35,,97.219,22.353,-4.0,-7.031,1.001,0.964,-0.109,4390,14.51,12.157,0,,,,,,,,,1.275,,,,
2026-09-30T17:31:06.779,26.307,0,794.5,34,,97.219,21.569,-3.5,-7.031,1.0,0.967,-0.102,4370,14.51,12.549,0,,,,,,,,,,,0.781,,
2026-09-30T17:31:06.909,26.438,0,795.0,35,,97.219,21.961,-2.0,-7.031,1.0,0.977,-0.078,4430,14.51,12.549,0,,,,,,,,,,,,23.529,
2026-09-30T17:31:07.039,26.567,0,796.25,36,,97.219,22.353,-4.0,-7.031,1.0,0.976,-0.082,4550,14.51,12.157,0,,,,,,,,,,,,,54
2026-09-30T17:31:07.168,26.697,0,787.5,35,,97.219,21.961,-3.5,-7.031,1.0,0.981,-0.07,4560,14.51,12.157,0,102,,,,,,,,,,,,
2026-09-30T17:31:07.298,26.827,0,794.25,35,,97.219,21.961,-3.5,-7.031,1.0,0.983,-0.062,4500,14.51,12.157,0,,45,,,,,,,,,,,
2026-09-30T17:31:07.428,26.957,0,797.0,35,,97.219,21.569,-2.0,-7.812,1.0,0.981,-0.066,4410,14.51,12.157,0,,,4.688,,,,,,,,,,
2026-09-30T17:31:07.558,27.087,0,794.25,34,,97.219,21.961,-1.0,-7.812,1.0,0.983,-0.062,4340,14.51,12.549,0,,,,14.277,,,,,,,,,
2026-09-30T17:31:07.688,27.217,0,795.5,35,,97.219,21.569,-3.5,-7.812,1.0,0.982,-0.066,4310,14.51,12.549,0,,,,,97,,,,,,,,
2026-09-30T17:31:07.819,27.347,0,797.25,35,,97.219,21.961,-2.0,-7.812,1.0,0.984,-0.059,4360,14.51,12.549,0,,,,,,23,,,,,,,
2026-09-30T17:31:07.948,27.477,0,793.75,35,,97.219,21.961,-2.5,-7.812,1.0,0.99,-0.047,4420,14.51,12.549,0,,,,,,,36.078,,,,,,
2026-09-30T17:31:08.079,27.608,0,790.5,35,,97.219,22.353,-3.5,-7.031,1.0,0.995,-0.031,4460,14.51,12.549,0,,,,,,,,439.1,,,,,
2026-09-30T17:31:08.208,27.737,0,793.75,35,,97.219,22.353,-4.0,-7.031,1.0,1.0,-0.02,4500,14.51,12.549,0,,,,,,,,,1.275,,,,
2026-09-30T17:31:08.338,27.867,0,798.25,35,,97.219,21.961,-2.0,-7.031,1.0,0.999,-0.023,4500,14.51,12.549,0,,,,,,,,,,,0.781,,
2026-09-30T17:31:08.468,27.997,0,795.75,35,,97.219,22.353,-3.0,-7.031,1.0,1.006,-0.016,4460,14.51,12.549,0,,,,,,,,,,,,22.353,
2026-09-30T17:31:08.598,28.127,0,792.5,35,,97.219,21.569,-3.0,-6.25,1.0,1.007,-0.012,4390,14.51,12.549,0,,,,,,,,,,,,,55
2026-09-30T17:31:08.728,28.257,0,782.75,35,,97.219,21.961,-1.0,-6.25,1.0,1.015,-0.004,4370,14.51,12.549,0,103,,,,,,,,,,,,
2026-09-30T17:31:08.858,28.387,0,790.0,35,,97.188,21.961,-2.0,-6.25,1.0,1.014,-0.008,4380,14.51,12.549,0,,45,,,,,,,,,,,
2026-09-30T17:31:08.989,28.518,0,788.25,35,,97.219,22.353,-3.0,-6.25,1.0,1.02,0.0,4400,14.51,12.549,0,,,4.688,,,,,,,,,,
2026-09-30T17:31:09.122,28.65,0,789.75,35,,97.219,21.961,-2.5,-5.469,1.0,1.022,0.004,4390,14.51,12.549,0,,,,14.218,,,,,,,,,
2026-09-30T17:31:09.248,28.777,0,794.75,35,,97.219,22.353,-2.0,-5.469,1.0,1.021,0.0,4420,14.51,12.549,0,,,,,97,,,,,,,,
2026-09-30T17:31:09.378,28.907,0,795.0,35,,97.188,21.961,-2.5,-5.469,1.0,1.021,0.0,4410,14.51,12.549,0,,,,,,23,,,,,,,
2026-09-30T17:31:09.508,29.037,0,792.5,35,,97.219,22.353,-3.0,-4.688,1.0,1.023,0.004,4390,14.51,12.549,0,,,,,,,36.078,,,,,,
2026-09-30T17:31:09.638,29.167,0,789.0,35,,97.219,21.569,-2.5,-4.688,1.0,1.027,0.008,4410,14.51,12.549,0,,,,,,,,438.1,,,,,
2026-09-30T17:31:09.769,29.297,0,795.5,35,,97.219,21.961,-2.0,-4.688,1.0,1.03,0.012,4390,14.51,12.549,0,,,,,,,,,1.275,,,,
2026-09-30T17:31:09.899,29.428,0,787.0,35,,97.219,21.961,-2.5,-3.906,1.0,1.029,0.008,4410,14.51,12.549,0,,,,,,,,,,,0.781,,
2026-09-30T17:31:10.029,29.557,0,790.5,35,,97.219,21.961,-2.5,-3.906,1.0,1.028,0.008,4440,14.51,12.549,0,,,,,,,,,,,,23.137,
2026-09-30T17:31:10.158,29.687,0,797.5,35,,97.219,21.961,-3.0,-3.906,1.0,1.025,0.004,4470,14.51,12.549,0,,,,,,,,,,,,,57
2026-09-30T17:31:10.288,29.817,0,794.75,35,,97.219,21.961,-2.5,-3.906,1.0,1.024,0.004,4480,14.51,12.549,0,103,,,,,,,,,,,,
2026-09-30T17:31:10.419,29.947,0,787.0,35,,97.219,22.353,-2.0,-3.125,1.0,1.03,0.012,4500,14.51,12.549,0,,45,,,,,,,,,,,
2026-09-30T17:31:10.548,30.077,0,792.5,35,,97.219,22.353,-3.0,-3.125,1.0,1.03,0.012,4510,14.51,12.549,0,,,3.906,,,,,,,,,,
2026-09-30T17:31:10.678,30.207,0,797.75,35,,97.219,22.353,-4.0,-3.125,1.0,1.027,0.008,4510,14.51,12.549,0,,,,14.296,,,,,,,,,
2026-09-30T17:31:10.808,30.337,0,795.0,35,,97.219,21.961,-4.0,-3.125,1.0,1.022,0.004,4480,14.51,12.157,0,,,,,97,,,,,,,,
2026-09-30T17:31:10.938,30.467,0,785.75,35,,97.188,22.353,-2.5,-3.125,1.0,1.028,0.008,4490,14.51,12.157,0,,,,,,23,,,,,,,
2026-09-30T17:31:11.078,30.607,0,795.25,35,,97.219,21.961,-4.0,-2.344,1.0,1.023,0.004,4500,14.51,12.157,0,,,,,,,36.078,,,,,,
2026-09-30T17:31:11.208,30.737,0,798.75,35,,97.219,22.353,-2.0,-2.344,1.0,1.021,0.0,4530,14.51,12.157,0,,,,,,,,437.1,,,,,
2026-09-30T17:31:11.338,30.867,0,787.5,35,,97.219,21.961,-3.0,-3.125,1.0,1.013,-0.008,4520,14.51,12.157,0,,,,,,,,,1.275,,,,
2026-09-30T17:31:11.468,30.997,0,791.75,35,,97.219,21.961,-0.5,-2.344,1.0,1.013,-0.008,4510,14.51,12.941,0,,,,,,,,,,,0.781,,
2026-09-30T17:31:11.598,31.127,0,799.75,35,,97.156,22.353,8.0,-2.344,1.0,1.015,-0.004,4600,14.51,14.902,0,,,,,,,,,,,,27.059,
2026-09-30T17:31:11.728,31.257,0,829.0,39,,97.125,26.275,0.0,-2.344,1.0,1.016,-0.004,4840,14.51,13.725,0,,,,,,,,,,,,,58
2026-09-30T17:31:11.858,31.387,0,902.25,46,,97.094,29.804,-6.0,-2.344,1.0,1.021,0.0,5350,14.51,13.725,0,103,,,,,,,,,,,,
2026-09-30T17:31:11.988,31.517,0,928.25,45,,97.188,29.412,-2.0,-2.344,1.0,0.999,-0.02,5980,14.51,14.51,0,,45,,,,,,,,,,,
2026-09-30T17:31:12.121,31.65,0,862.0,46,,96.969,31.373,2.5,-3.125,0.999,0.987,-0.051,6650,14.51,15.294,0,,,1.562,,,,,,,,,,
2026-09-30T17:31:12.248,31.777,0,810.5,52,,96.906,43.529,4.5,-3.125,0.999,0.992,-0.039,7150,14.51,14.118,1,,,,14.179,,,,,,,,,
2026-09-30T17:31:12.378,31.907,0,796.5,61,,97.219,40.784,-6.0,-3.125,1.0,1.002,-0.02,7780,14.51,12.941,1,,,,,97,,,,,,,,
2026-09-30T17:31:12.508,32.037,0,839.75,58,,97.219,36.078,-10.0,-3.125,1.0,1.005,-0.016,8320,14.51,12.549,2,,,,,,23,,,,,,,
2026-09-30T17:31:12.638,32.167,0,878.75,49,,97.219,27.843,-9.5,-3.125,1.001,0.999,-0.023,9100,14.51,12.941,2,,,,,,,36.078,,,,,,
2026-09-30T17:31:12.768,32.297,0,870.5,42,,97.25,26.667,-5.5,-3.125,1.0,0.99,-0.047,9200,14.51,12.941,2,,,,,,,,434.9,,,,,
2026-09-30T17:31:12.898,32.427,0,864.0,42,,97.219,27.059,-5.0,-3.125,1.0,0.99,-0.047,8940,14.51,12.941,2,,,,,,,,,1.275,,,,
2026-09-30T17:31:13.028,32.557,0,864.0,42,,97.25,26.667,-4.0,-3.125,0.999,0.997,-0.027,8590,14.51,13.333,2,,,,,,,,,,,0.781,,
2026-09-30T17:31:13.158,32.687,0,866.5,41,,97.312,25.49,-4.5,-3.125,0.999,1.001,-0.02,8300,14.51,12.941,2,,,,,,,,,,,,27.843,
2026-09-30T17:31:13.288,32.817,0,865.75,41,,97.219,26.275,-4.0,-2.344,0.999,1.004,-0.016,7900,14.51,13.333,2,,,,,,,,,,,,,60
2026-09-30T17:31:13.419,32.947,0,868.5,41,,97.219,25.882,-4.0,-2.344,1.0,0.999,-0.023,7540,14.51,13.333,2,103,,,,,,,,,,,,
2026-09-30T17:31:13.548,33.077,0,885.25,42,,97.219,26.667,-4.5,-3.125,1.0,0.988,-0.051,7420,14.51,13.333,2,,45,,,,,,,,,,,
2026-09-30T17:31:13.678,33.207,0,901.25,42,,97.25,26.667,-6.0,-3.906,0.999,0.975,-0.086,7400,14.51,12.941,2,,,3.125,,,,,,,,,,
2026-09-30T17:31:13.808,33.337,0,909.75,41,,97.375,25.882,-2.5,-4.688,0.999,0.966,-0.105,7170,14.51,13.333,3,,,,14.238,,,,,,,,,
2026-09-30T17:31:13.938,33.467,0,908.5,40,,97.219,26.667,-3.0,-5.469,0.999,0.955,-0.129,6980,14.51,13.333,3,,,,,97,,,,,,,,
2026-09-30T17:31:14.069,33.598,0,898.0,42,,97.219,26.667,-2.0,-6.25,0.999,0.941,-0.16,6970,14.51,13.333,3,,,,,,23,,,,,,,
2026-09-30T17:31:14.198,33.727,0,896.75,43,,97.219,27.451,-3.0,-7.031,0.999,0.944,-0.156,7110,14.51,13.333,3,,,,,,,36.078,,,,,,
2026-09-30T17:31:14.328,33.857,0,893.0,43,,97.281,27.059,-2.5,-7.031,0.999,0.946,-0.148,7270,14.51,13.333,3,,,,,,,,433.3,,,,,
2026-09-30T17:31:14.459,33.987,0,890.25,43,,97.25,28.235,-4.0,-7.812,0.999,0.94,-0.16,7570,14.51,13.333,3,,,,,,,,,1.275,,,,
2026-09-30T17:31:14.588,34.117,0,887.75,43,,97.25,27.843,-3.0,-8.594,0.999,0.94,-0.164,7750,14.51,13.333,3,,,,,,,,,,,0.781,,
2026-09-30T17:31:14.719,34.247,0,887.0,43,,97.25,27.843,-4.0,-9.375,0.999,0.939,-0.164,7810,14.51,13.333,3,,,,,,,,,,,,30.196,
2026-09-30T17:31:14.848,34.377,0,885.5,43,,97.219,27.843,-4.5,-10.156,0.999,0.938,-0.168,7840,14.51,13.333,3,,,,,,,,,,,,,62
2026-09-30T17:31:14.978,34.507,0,883.75,44,,97.219,27.843,-3.0,-10.938,0.999,0.932,-0.184,7830,14.51,13.333,4,103,,,,,,,,,,,,
2026-09-30T17:31:15.108,34.637,0,882.0,44,,97.219,27.843,-4.5,-11.719,0.999,0.937,-0.172,7830,14.51,12.941,4,,45,,,,,,,,,,,
2026-09-30T17:31:15.238,34.767,0,869.5,44,,97.219,27.451,-1.0,-10.938,0.999,0.956,-0.125,7760,14.51,13.333,4,,,3.125,,,,,,,,,,
2026-09-30T17:31:15.368,34.897,0,867.0,44,,97.281,28.235,-4.0,-10.938,0.999,0.974,-0.09,7640,14.51,13.333,4,,,,14.238,,,,,,,,,
2026-09-30T17:31:15.499,35.028,0,862.5,44,,97.219,28.235,-5.0,-10.156,0.999,0.983,-0.062,7680,14.51,13.333,4,,,,,97,,,,,,,,
2026-09-30T17:31:15.628,35.157,0,865.25,44,,97.219,28.627,-5.0,-10.156,0.999,0.979,-0.074,7690,14.51,12.941,4,,,,,,23,,,,,,,
2026-09-30T17:31:15.758,35.287,0,860.5,42,,97.344,27.059,-5.0,-10.938,0.999,0.979,-0.074,7650,14.51,13.333,4,,,,,,,36.078,,,,,,
2026-09-30T17:31:15.888,35.417,0,850.5,43,,97.219,27.843,-5.5,-10.156,0.999,0.987,-0.055,7510,14.51,12.941,4,,,,,,,,431.7,,,,,
2026-09-30T17:31:16.019,35.547,0,835.5,43,,97.344,27.059,-9.0,-10.156,0.999,0.999,-0.02,7400,14.51,12.157,4,,,,,,,,,1.275,,,,
2026-09-30T17:31:16.158,35.687,0,811.75,39,,97.344,24.314,0.5,-9.375,0.999,1.017,-0.004,7090,14.51,12.549,4,,,,,,,,,,,0.781,,
2026-09-30T17:31:16.289,35.818,0,823.25,38,,97.281,24.706,-4.0,-8.594,0.999,1.029,0.012,6810,14.51,12.157,4,,,,,,,,,,,,23.922,
2026-09-30T17:31:16.419,35.948,0,819.75,37,,97.344,22.745,2.0,-7.812,0.999,1.043,0.027,6460,14.51,12.549,4,,,,,,,,,,,,,63
2026-09-30T17:31:16.548,36.077,0,816.75,37,,97.375,23.137,-1.0,-7.031,1.0,1.049,0.035,6130,14.51,12.549,4,104,,,,,,,,,,,,
2026-09-30T17:31:16.678,36.207,0,811.5,36,,97.281,22.353,2.5,-7.031,1.0,1.051,0.035,5880,14.51,12.549,4,,45,,,,,,,,,,,
2026-09-30T17:31:16.808,36.337,0,814.25,37,,97.344,23.529,0.5,-6.25,1.0,1.059,0.043,5520,14.51,12.549,4,,,4.688,,,,,,,,,,
2026-09-30T17:31:16.938,36.467,0,818.0,37,,97.219,23.137,0.0,-5.469,1.0,1.067,0.055,5240,14.51,12.157,4,,,,14.277,,,,,,,,,
2026-09-30T17:31:17.068,36.597,0,829.75,37,,97.25,22.745,-2.5,-4.688,1.0,1.066,0.051,4870,14.51,12.157,4,,,,,97,,,,,,,,
2026-09-30T17:31:17.198,36.727,0,834.25,35,,97.219,21.569,-2.0,-4.688,1.0,1.055,0.039,4620,14.51,12.157,4,,,,,,23,,,,,,,
2026-09-30T17:31:17.328,36.857,0,827.0,35,,97.219,21.569,2.0,-4.688,1.0,1.04,0.023,4270,14.51,12.941,4,,,,,,,36.078,,,,,,
2026-09-30T17:31:17.458,36.987,0,827.25,36,,97.219,22.745,0.5,-5.469,1.0,1.032,0.012,3970,14.51,12.549,4,,,,,,,,431.1,,,,,
2026-09-30T17:31:17.588,37.117,0,819.75,36,,97.219,22.353,3.5,-4.688,1.0,1.04,0.023,3920,14.51,12.549,4,,,,,,,,,1.275,,,,
2026-09-30T17:31:17.718,37.247,0,817.5,37,,97.219,23.529,0.5,-3.906,1.0,1.049,0.035,4090,14.51,12.549,4,,,,,,,,,,,0.781,,
2026-09-30T17:31:17.848,37.377,0,816.25,37,,97.219,23.922,0.0,-3.125,1.0,1.067,0.055,4300,14.51,12.549,4,,,,,,,,,,,,24.706,
2026-09-30T17:31:17.978,37.507,0,830.0,38,,97.219,23.529,-4.0,-2.344,1.0,1.075,0.062,4540,14.51,12.157,4,,,,,,,,,,,,,65
2026-09-30T17:31:18.109,37.638,0,835.5,37,,97.219,23.529,-0.5,-1.562,1.0,1.07,0.059,4630,14.51,12.549,3,104,,,,,,,,,,,,
2026-09-30T17:31:18.238,37.767,0,837.75,36,,97.219,23.137,-1.0,-1.562,1.0,1.055,0.039,4680,14.51,12.549,3,,46,,,,,,,,,,,
2026-09-30T17:31:18.368,37.897,0,834.75,36,,97.219,22.745,-1.0,-1.562,1.0,1.048,0.031,4760,14.51,12.549,3,,,4.688,,,,,,,,,,
2026-09-30T17:31:18.498,38.027,0,830.0,36,,97.219,22.353,-1.0,-1.562,1.0,1.044,0.027,4750,14.51,12.549,3,,,,14.277,,,,,,,,,
2026-09-30T17:31:18.628,38.157,0,826.0,36,,97.219,23.137,1.0,-1.562,1.0,1.045,0.027,4760,14.51,12.549,3,,,,,97,,,,,,,,
2026-09-30T17:31:18.759,38.288,0,831.5,37,,97.219,23.137,-1.5,-0.781,1.0,1.046,0.031,4760,14.51,12.549,2,,,,,,23,,,,,,,
2026-09-30T17:31:18.888,38.417,0,832.0,37,,97.219,23.137,-4.5,-0.781,1.0,1.048,0.031,4960,14.51,12.157,2,,,,,,,36.078,,,,,,
2026-09-30T17:31:19.018,38.547,0,828.75,36,,97.219,22.353,-1.5,0.0,1.0,1.044,0.027,4930,14.51,12.157,2,,,,,,,,430.5,,,,,
2026-09-30T17:31:19.148,38.677,0,831.0,36,,97.219,22.353,-5.5,0.0,1.0,1.036,0.02,4920,14.51,12.157,2,,,,,,,,,1.275,,,,
2026-09-30T17:31:19.278,38.807,0,823.0,35,,97.219,21.176,-4.5,0.0,1.0,1.029,0.008,4750,14.51,12.157,1,,,,,,,,,,,0.781,,
2026-09-30T17:31:19.408,38.937,0,814.5,35,,97.219,21.961,-4.0,0.0,1.0,1.022,0.0,4550,14.51,12.157,1,,,,,,,,,,,,22.353,
2026-09-30T17:31:19.538,39.067,0,795.0,34,,97.219,21.569,-3.0,0.0,1.0,1.021,0.0,4310,14.51,12.157,1,,,,,,,,,,,,,66
2026-09-30T17:31:19.668,39.197,0,781.5,35,,97.219,21.961,0.5,0.0,1.0,1.024,0.004,4220,14.51,12.549,1,104,,,,,,,,,,,,
2026-09-30T17:31:19.798,39.327,0,782.25,36,,97.219,22.745,-1.0,0.0,1.0,1.029,0.008,4260,14.51,12.157,0,,46,,,,,,,,,,,
2026-09-30T17:31:19.928,39.457,0,784.75,35,,97.219,21.961,-0.5,0.0,1.0,1.035,0.016,4340,14.51,13.333,0,,,3.125,,,,,,,,,,
2026-09-30T17:31:20.058,39.587,0,785.25,37,,97.094,25.882,3.0,0.781,1.0,1.041,0.023,4470,14.51,12.549,0,,,,14.316,,,,,,,,,
2026-09-30T17:31:20.188,39.717,0,821.75,42,,97.219,27.059,-7.0,0.781,1.0,1.043,0.027,4860,14.51,12.157,0,,,,,97,,,,,,,,
2026-09-30T17:31:20.318,39.847,0,853.25,39,,97.219,23.922,-11.0,1.562,1.0,1.049,0.035,5250,14.51,11.765,0,,,,,,23,,,,,,,
2026-09-30T17:31:20.449,39.978,0,867.25,35,,97.219,20.0,-5.5,1.562,1.0,1.029,0.012,5310,14.51,11.765,0,,,,,,,36.078,,,,,,
2026-09-30T17:31:20.578,40.107,0,870.25,32,,97.219,18.824,6.0,0.781,1.0,1.012,-0.008,5170,14.51,13.333,0,,,,,,,,429.9,,,,,
2026-09-30T17:31:20.709,40.238,0,868.75,33,,97.125,21.569,-4.0,0.0,1.0,0.999,-0.02,4850,14.51,13.333,0,,,,,,,,,1.275,,,,
2026-09-30T17:31:20.838,40.367,0,866.5,34,,97.219,22.745,-4.5,0.781,1.0,1.013,-0.008,4600,14.51,12.549,0,,,,,,,,,,,0.781,,
2026-09-30T17:31:20.968,40.497,0,882.25,36,,97.219,21.961,5.0,1.562,1.0,1.025,0.004,4630,14.51,14.902,0,,,,,,,,,,,,29.412,
2026-09-30T17:31:21.098,40.627,0,915.0,38,,96.969,27.451,-7.5,1.562,1.0,1.025,0.004,4830,14.51,12.941,0,,,,,,,,,,,,,68
2026-09-30T17:31:21.238,40.767,0,945.0,41,,97.219,23.529,-4.0,2.344,1.0,1.023,0.004,5270,15.686,13.333,0,104,,,,,,,,,,,,
2026-09-30T17:31:21.368,40.897,0,894.75,39,,97.188,25.49,3.0,1.562,1.0,1.012,-0.008,5760,15.294,13.725,0,,46,,,,,,,,,,,
2026-09-30T17:31:21.498,41.027,0,791.0,46,,97.125,31.373,8.0,1.562,1.0,0.999,-0.023,6200,16.863,15.294,0,,,1.562,,,,,,,,,,
2026-09-30T17:31:21.628,41.157,0,741.25,55,,96.906,41.961,6.5,0.781,1.0,1.001,-0.02,6660,21.176,16.078,0,,,,14.238,,,,,,,,,
2026-09-30T17:31:21.758,41.287,0,794.75,67,,96.938,48.627,6.5,1.562,1.0,1.009,-0.012,7300,22.745,16.078,0,,,,,97,,,,,,,,
2026-09-30T17:31:21.888,41.417,0,855.5,70,,97.0,48.627,-4.0,1.562,1.0,0.999,-0.023,7780,22.745,14.902,0,,,,,,23,,,,,,,
2026-09-30T17:31:22.019,41.547,0,879.5,69,,97.219,46.275,-0.5,1.562,1.001,1.003,-0.016,8540,22.745,15.686,1,,,,,,,36.078,,,,,,
2026-09-30T17:31:22.148,41.677,0,868.25,67,,97.219,46.667,0.5,1.562,1.001,1.002,-0.02,9230,23.137,15.686,1,,,,,,,,428.2,,,,,
2026-09-30T17:31:22.278,41.807,0,898.5,68,,97.281,45.882,-0.5,1.562,1.001,0.999,-0.023,9840,23.922,15.686,2,,,,,,,,,1.275,,,,
2026-09-30T17:31:22.408,41.937,0,941.25,67,,97.406,45.098,-1.5,0.781,1.001,0.999,-0.023,10410,24.314,15.686,2,,,,,,,,,,,0.781,,
2026-09-30T17:31:22.538,42.067,0,982.0,66,,97.531,41.569,-3.5,1.562,1.001,1.012,-0.008,10930,24.706,15.294,3,,,,,,,,,,,,46.275,
2026-09-30T17:31:22.668,42.197,0,1024.0,62,,97.656,38.824,-3.0,2.344,1.001,1.005,-0.016,11640,24.706,14.902,3,,,,,,,,,,,,,69
2026-09-30T17:31:22.799,42.327,0,1060.75,58,,97.844,35.294,-2.0,1.562,1.001,0.992,-0.039,12340,24.706,14.902,3,105,,,,,,,,,,,,
2026-09-30T17:31:22.928,42.457,0,1081.25,55,,97.875,32.549,1.5,1.562,1.0,0.991,-0.043,12650,24.706,14.902,4,,46,,,,,,,,,,,
2026-09-30T17:31:23.059,42.588,0,1103.5,51,,98.031,29.412,3.5,0.781,1.0,0.992,-0.039,12400,25.098,14.902,4,,,0.781,,,,,,,,,,
2026-09-30T17:31:23.188,42.717,0,1103.25,50,,98.094,28.627,10.5,0.781,1.0,0.994,-0.035,11970,25.098,14.902,4,,,,14.375,,,,,,,,,
2026-09-30T17:31:23.319,42.847,0,1069.25,50,,97.969,29.804,5.0,0.781,1.0,0.986,-0.055,11760,25.098,14.902,5,,,,,97,,,,,,,,
2026-09-30T17:31:23.448,42.977,0,1049.75,52,,98.094,31.765,5.0,0.0,1.0,0.967,-0.105,11790,25.098,14.902,5,,,,,,23,,,,,,,
2026-09-30T17:31:23.578,43.107,0,1047.75,52,,98.031,31.765,2.0,-1.562,1.0,0.934,-0.18,11700,25.098,14.51,5,,,,,,,36.078,,,,,,
2026-09-30T17:31:23.709,43.238,0,1051.75,52,,98.094,31.765,2.0,-3.125,1.0,0.909,-0.238,11560,25.098,14.51,6,,,,,,,,425.9,,,,,
2026-09-30T17:31:23.839,43.368,0,1058.75,51,,98.125,30.196,2.0,-5.469,1.0,0.894,-0.281,11140,25.098,14.51,6,,,,,,,,,1.275,,,,
2026-09-30T17:31:23.968,43.497,0,1058.75,49,,98.156,29.804,1.5,-7.812,1.0,0.879,-0.32,10810,25.098,14.118,6,,,,,,,,,,,0.781,,
2026-09-30T17:31:24.098,43.627,0,1062.25,49,,98.156,29.02,1.5,-9.375,1.0,0.885,-0.305,10310,25.098,14.118,7,,,,,,,,,,,,34.118,
2026-09-30T17:31:24.228,43.757,0,1068.75,48,,98.156,28.235,3.0,-10.938,1.0,0.889,-0.293,9780,24.706,14.118,7,,,,,,,,,,,,,71
2026-09-30T17:31:24.358,43.887,0,1072.25,47,,98.156,27.451,3.5,-11.719,1.0,0.888,-0.297,9360,24.706,14.118,7,105,,,,,,,,,,,,
2026-09-30T17:31:24.488,44.017,0,1080.0,46,,98.062,27.059,4.0,-13.281,1.0,0.886,-0.305,9040,24.706,14.51,7,,46,,,,,,,,,,,
2026-09-30T17:31:24.621,44.15,0,1082.25,47,,98.0,27.451,3.0,-14.844,1.0,0.888,-0.297,9110,24.706,14.51,8,,,2.344,,,,,,,,,,
2026-09-30T17:31:24.748,44.277,0,1084.25,47,,97.938,27.451,2.0,-15.625,1.0,0.902,-0.254,9230,24.706,14.118,8,,,,14.238,,,,,,,,,
2026-09-30T17:31:24.878,44.407,0,1088.5,47,,97.906,27.059,2.0,-16.406,1.0,0.921,-0.211,9310,24.706,14.118,8,,,,,97,,,,,,,,
2026-09-30T17:31:25.009,44.538,0,1076.25,47,,97.875,27.451,2.5,-16.406,1.0,0.938,-0.168,9310,24.706,14.118,8,,,,,,23,,,,,,,
2026-09-30T17:31:25.138,44.667,0,1076.75,47,,97.875,27.451,0.5,-15.625,1.0,0.957,-0.125,9310,24.314,14.118,9,,,,,,,36.078,,,,,,
2026-09-30T17:31:25.268,44.797,0,1077.25,46,,97.875,26.667,-4.0,-15.625,1.0,0.976,-0.086,9170,22.745,13.333,9,,,,,,,,425.1,,,,,
2026-09-30T17:31:25.399,44.927,0,1065.5,43,,98.0,25.098,-1.0,-14.844,1.0,0.991,-0.043,8850,22.353,13.333,9,,,,,,,,,1.275,,,,
2026-09-30T17:31:25.528,45.057,0,1106.5,39,,97.938,22.745,-1.5,-14.844,1.0,0.995,-0.031,8500,20.784,12.549,9,,,,,,,,,,,0.781,,
2026-09-30T17:31:25.658,45.187,0,1111.0,34,,97.906,17.647,0.5,-14.844,1.0,0.988,-0.051,8180,20.392,12.549,9,,,,,,,,,,,,20.0,
2026-09-30T17:31:25.788,45.317,0,1073.5,30,,97.875,16.078,6.5,-14.844,1.0,1.011,-0.008,7930,20.392,12.549,9,,,,,,,,,,,,,72
2026-09-30T17:31:25.919,45.447,0,1045.5,29,,97.875,16.078,11.5,-11.719,1.0,1.082,0.07,7710,20.392,12.941,9,105,,,,,,,,,,,,
2026-09-30T17:31:26.049,45.577,0,1027.0,29,,97.844,17.647,6.5,-8.594,1.0,1.135,0.125,7390,20.392,12.549,9,,45,,,,,,,,,,,
2026-09-30T17:31:26.178,45.707,0,1031.25,31,,97.875,16.863,8.5,-7.031,1.0,1.141,0.133,7110,20.392,12.941,9,,,5.469,,,,,,,,,,
2026-09-30T17:31:26.309,45.837,0,1034.25,30,,97.812,16.471,8.5,-6.25,1.0,1.116,0.105,6720,20.392,12.549,8,,,,14.238,,,,,,,,,
2026-09-30T17:31:26.438,45.967,0,1034.5,31,,97.75,16.863,6.5,-7.031,1.0,1.082,0.07,6420,20.392,12.549,8,,,,,97,,,,,,,,
2026-09-30T17:31:26.569,46.097,0,1040.75,30,,97.625,16.863,8.0,-7.031,1.0,1.067,0.055,6050,20.392,12.549,8,,,,,,23,,,,,,,
2026-09-30T17:31:26.699,46.228,0,1033.0,30,,97.594,16.863,11.0,-6.25,1.0,1.067,0.055,5750,20.784,13.333,8,,,,,,,36.078,,,,,,
2026-09-30T17:31:26.828,46.357,0,1008.75,31,,97.562,18.039,10.0,-5.469,1.0,1.079,0.066,5350,21.176,13.333,8,,,,,,,,425.2,,,,,
2026-09-30T17:31:26.959,46.487,0,991.25,36,,97.531,22.353,6.5,-3.906,1.0,1.093,0.082,4970,21.961,13.725,8,,,,,,,,,1.275,,,,
2026-09-30T17:31:27.088,46.617,0,996.25,38,,97.531,23.922,4.5,-3.125,1.0,1.101,0.09,4650,21.961,13.725,8,,,,,,,,,,,0.781,,
2026-09-30T17:31:27.219,46.747,0,1000.25,41,,97.531,25.882,-5.5,-2.344,1.0,1.096,0.086,4830,14.51,12.157,8,,,,,,,,,,,,27.843,
2026-09-30T17:31:27.348,46.877,0,976.25,40,,97.531,19.608,-8.5,-1.562,1.0,1.076,0.062,5020,14.51,12.157,8,,,,,,,,,,,,,74
2026-09-30T17:31:27.478,47.007,0,940.5,33,,97.375,20.0,3.0,-2.344,1.0,1.054,0.039,4910,15.686,12.941,7,105,,,,,,,,,,,,
2026-09-30T17:31:27.608,47.137,0,927.0,33,,97.219,20.784,-1.0,-2.344,1.0,1.04,0.023,4720,18.431,13.333,7,,46,,,,,,,,,,,
2026-09-30T17:31:27.738,47.267,0,911.5,34,,97.25,21.961,10.5,-2.344,1.0,1.046,0.031,4500,23.922,14.118,7,,,3.125,,,,,,,,,,
2026-09-30T17:31:27.868,47.397,0,918.75,39,,97.219,27.059,9.5,-0.781,1.0,1.061,0.047,4560,27.451,16.078,7,,,,14.16,,,,,,,,,
2026-09-30T17:31:27.999,47.528,0,969.75,48,,96.938,34.118,8.0,0.0,1.0,1.067,0.055,4850,27.843,16.078,7,,,,,97,,,,,,,,
2026-09-30T17:31:28.128,47.657,0,1109.25,56,,96.906,38.824,5.0,0.0,1.0,1.043,0.027,5410,27.843,16.078,7,,,,,,23,,,,,,,
2026-09-30T17:31:28.258,47.787,0,1149.5,57,,97.156,31.373,10.5,-1.562,1.0,1.002,-0.02,6150,27.843,16.078,7,,,,,,,36.078,,,,,,
2026-09-30T17:31:28.389,47.917,0,1104.5,58,,97.219,32.549,9.5,-1.562,1.0,1.013,-0.008,6850,27.843,16.078,7,,,,,,,,424.6,,,,,
2026-09-30T17:31:28.519,48.047,0,1077.0,59,,97.219,34.51,8.5,0.0,1.0,1.03,0.012,7410,27.843,16.471,7,,,,,,,,,1.275,,,,
2026-09-30T17:31:28.648,48.177,0,1069.0,61,,97.531,37.647,5.0,0.0,1.0,1.026,0.008,8120,27.843,16.078,8,,,,,,,,,,,0.781,,
2026-09-30T17:31:28.779,48.307,0,1076.25,62,,97.531,36.863,3.5,0.0,1.0,1.025,0.004,8750,27.843,16.078,7,,,,,,,,,,,,45.098,
2026-09-30T17:31:28.908,48.437,0,1071.0,63,,97.562,36.863,4.0,0.0,1.0,1.03,0.012,9280,28.235,16.078,8,,,,,,,,,,,,,76
2026-09-30T17:31:29.038,48.567,0,1067.5,63,,97.75,38.039,6.0,0.781,1.0,1.033,0.016,10000,28.627,16.078,8,105,,,,,,,,,,,,
2026-09-30T17:31:29.168,48.697,0,1073.25,63,,97.875,38.039,4.5,0.781,1.0,1.028,0.008,10830,28.235,16.078,8,,46,,,,,,,,,,,
2026-09-30T17:31:29.299,48.827,0,1074.25,62,,97.938,38.039,3.5,1.562,1.0,1.028,0.008,11530,28.627,16.078,8,,,0.781,,,,,,,,,,
2026-09-30T17:31:29.428,48.957,0,1080.75,62,,98.125,37.647,4.0,1.562,1.0,1.025,0.004,12400,28.627,16.078,8,,,,14.257,,,,,,,,,
2026-09-30T17:31:29.558,49.087,0,1078.0,62,,98.188,37.255,3.5,2.344,1.0,1.032,0.012,13090,28.627,16.078,8,,,,,97,,,,,,,,
2026-09-30T17:31:29.688,49.217,0,1082.25,62,,98.188,37.255,4.0,2.344,1.0,1.033,0.016,13620,28.235,16.078,9,,,,,,23,,,,,,,
2026-09-30T17:31:29.819,49.347,0,1090.75,62,,98.219,36.863,3.5,3.125,1.0,1.029,0.008,14250,28.235,16.078,9,,,,,,,36.078,,,,,,
2026-09-30T17:31:29.948,49.477,0,1089.75,62,,98.5,36.471,4.0,3.125,1.0,1.018,-0.004,14560,28.235,16.078,9,,,,,,,,422.6,,,,,
2026-09-30T17:31:30.078,49.607,0,1089.75,62,,98.5,36.471,3.5,2.344,1.0,1.012,-0.008,14490,27.843,15.686,9,,,,,,,,,1.275,,,,
2026-09-30T17:31:30.208,49.737,0,1083.5,62,,98.5,36.863,-3.5,3.125,1.0,1.014,-0.008,14330,26.275,14.902,9,,,,,,,,,,,0.781,,
2026-09-30T17:31:30.339,49.867,0,1065.5,60,,98.812,32.941,-6.0,3.125,1.0,1.009,-0.012,14010,23.529,14.118,9,,,,,,,,,,,,39.608,
2026-09-30T17:31:30.468,49.997,0,1067.0,52,,98.875,30.196,-10.0,3.125,1.0,1.014,-0.008,13580,21.961,12.941,10,,,,,,,,,,,,,77
2026-09-30T17:31:30.598,50.127,0,1051.75,46,,99.062,26.275,-12.0,3.906,1.0,1.025,0.004,13030,20.784,12.157,9,104,,,,,,,,,,,,
2026-09-30T17:31:30.729,50.257,0,1073.0,41,,99.0,23.529,-0.5,3.906,1.0,1.015,-0.004,12580,20.784,12.549,9,,46,,,,,,,,,,,
2026-09-30T17:31:30.858,50.387,0,1097.75,33,,98.812,17.255,3.0,3.125,1.0,0.988,-0.051,12240,20.784,12.549,9,,,4.688,,,,,,,,,,
2026-09-30T17:31:30.988,50.517,0,1097.0,31,,98.781,16.078,8.0,3.125,1.0,0.992,-0.039,11900,20.784,12.549,9,,,,14.238,,,,,,,,,
2026-09-30T17:31:31.121,50.65,0,1058.5,30,,98.625,16.078,13.5,3.125,1.0,0.996,-0.031,11510,20.784,12.941,9,,,,,97,,,,,,,,
2026-09-30T17:31:31.248,50.777,0,1015.75,30,,98.5,20.0,5.5,3.125,1.0,0.994,-0.035,11150,20.784,12.941,9,,,,,,23,,,,,,,
2026-09-30T17:31:31.379,50.908,0,989.25,33,,98.344,19.608,8.0,3.125,1.0,0.993,-0.039,10730,20.784,12.941,9,,,,,,,36.078,,,,,,
2026-09-30T17:31:31.508,51.037,0,991.0,35,,98.188,21.176,0.5,2.344,1.0,0.977,-0.082,10210,20.0,12.549,9,,,,,,,,422.6,,,,,
2026-09-30T17:31:31.639,51.167,0,1001.75,35,,98.188,19.608,-0.5,0.781,1.0,0.964,-0.109,9810,19.608,12.157,9,,,,,,,,,1.275,,,,
2026-09-30T17:31:31.768,51.297,0,998.0,32,,98.188,18.824,1.0,0.781,1.0,0.969,-0.098,9500,19.216,12.157,9,,,,,,,,,,,0.781,,
2026-09-30T17:31:31.898,51.427,0,983.0,31,,98.125,18.039,4.5,1.562,1.0,0.991,-0.043,9190,19.216,12.549,9,,,,,,,,,,,,20.784,
2026-09-30T17:31:32.028,51.557,0,971.5,31,,97.969,18.824,3.5,3.125,1.001,1.029,0.012,8780,18.824,12.157,8,,,,,,,,,,,,,79
2026-09-30T17:31:32.158,51.687,0,968.5,31,,97.875,17.647,3.5,4.688,1.001,1.042,0.023,8460,18.824,12.549,9,104,,,,,,,,,,,,
2026-09-30T17:31:32.288,51.817,0,962.75,30,,97.875,17.647,3.5,4.688,1.001,1.028,0.008,8110,18.824,12.549,9,,45,,,,,,,,,,,
2026-09-30T17:31:32.419,51.947,0,956.5,31,,97.875,18.431,-0.5,3.906,1.001,1.023,0.004,7780,18.039,12.157,8,,,4.688,,,,,,,,,,
2026-09-30T17:31:32.548,52.077,0,945.0,31,,97.844,17.647,0.5,3.906,1.001,1.021,0.0,7440,18.039,12.549,8,,,,14.238,,,,,,,,,
2026-09-30T17:31:32.678,52.207,0,933.25,31,,97.844,18.431,3.0,3.906,1.001,1.011,-0.008,7090,14.51,12.549,8,,,,,97,,,,,,,,
2026-09-30T17:31:32.808,52.337,0,927.5,34,,97.656,20.392,-1.0,3.906,1.001,1.005,-0.016,6730,14.51,12.941,8,,,,,,23,,,,,,,
2026-09-30T17:31:32.938,52.467,0,920.5,34,,97.562,21.569,-2.5,4.688,1.001,1.025,0.004,6370,14.51,12.549,8,,,,,,,36.078,,,,,,
2026-09-30T17:31:33.068,52.597,0,914.75,35,,97.531,21.569,-4.0,5.469,1.001,1.05,0.035,5980,14.51,12.549,8,,,,,,,,423.0,,,,,
2026-09-30T17:31:33.198,52.727,0,924.0,35,,97.531,21.176,-4.0,6.25,1.001,1.052,0.035,5590,14.51,12.157,8,,,,,,,,,0.815,,,,
2026-09-30T17:31:33.328,52.857,0,929.5,34,,97.531,20.784,-3.0,6.25,1.0,1.04,0.023,5220,14.51,12.157,8,,,,,,,,,,,0.781,,
2026-09-30T17:31:33.458,52.987,0,924.5,33,,97.531,19.608,-1.0,6.25,1.0,1.022,0.0,4940,14.51,12.549,8,,,,,,,,,,,,21.176,
2026-09-30T17:31:33.588,53.117,0,904.25,33,,97.531,19.608,-1.0,6.25,1.001,1.022,0.0,4830,14.51,12.549,8,,,,,,,,,,,,,80
2026-09-30T17:31:33.719,53.247,0,893.25,35,,97.531,21.569,-2.5,6.25,1.001,1.032,0.016,4590,14.51,12.549,8,104,,,,,,,,,,,,
2026-09-30T17:31:33.848,53.377,0,885.25,35,,97.531,21.961,-4.0,7.031,1.001,1.045,0.027,4330,14.51,12.549,7,,46,,,,,,,,,,,
2026-09-30T17:31:33.978,53.507,0,884.0,35,,97.531,21.961,-2.5,7.812,1.001,1.043,0.027,4190,14.51,12.549,7,,,3.906,,,,,,,,,,
2026-09-30T17:31:34.108,53.637,0,883.5,36,,97.5,22.353,-4.0,7.812,1.0,1.039,0.023,4200,14.51,12.549,7,,,,14.238,,,,,,,,,
2026-09-30T17:31:34.238,53.767,0,883.5,36,,97.438,22.745,-7.5,7.812,1.0,1.036,0.02,4350,14.51,12.157,6,,,,,97,,,,,,,,
2026-09-30T17:31:34.368,53.897,0,870.75,35,,97.469,21.176,-4.5,8.594,1.0,1.038,0.02,4500,14.51,12.549,6,,,,,,23,,,,,,,
2026-09-30T17:31:34.498,54.027,0,870.5,35,,97.375,21.569,-7.0,8.594,1.0,1.034,0.016,4510,14.51,12.157,5,,,,,,,36.078,,,,,,
2026-09-30T17:31:34.628,54.157,0,870.25,35,,97.375,20.784,-5.5,8.594,1.0,1.034,0.016,4400,14.51,12.157,5,,,,,,,,423.3,,,,,
2026-09-30T17:31:34.758,54.287,0,857.0,32,,97.344,19.216,-7.5,8.594,1.0,1.03,0.012,4190,14.51,11.765,4,,,,,,,,,0.81,,,,
2026-09-30T17:31:34.888,54.417,0,825.0,31,,97.375,18.824,-1.0,9.375,1.0,1.027,0.008,3850,14.51,12.549,3,,,,,,,,,,,0.781,,
2026-09-30T17:31:35.019,54.547,0,806.25,32,,97.281,20.392,-3.5,9.375,1.001,1.026,0.008,3660,14.51,12.549,3,,,,,,,,,,,,21.176,
2026-09-30T17:31:35.148,54.677,0,793.5,33,,97.281,21.176,-3.0,9.375,1.001,1.02,0.0,3470,14.51,12.157,2,,,,,,,,,,,,,82
2026-09-30T17:31:35.278,54.807,0,800.5,33,,97.25,20.784,-4.0,9.375,1.001,1.018,-0.004,3450,14.51,12.157,2,103,,,,,,,,,,,,
2026-09-30T17:31:35.408,54.937,0,807.5,33,,97.219,20.392,-4.0,8.594,1.001,1.005,-0.016,3580,14.51,14.118,1,,46,,,,,,,,,,,
2026-09-30T17:31:35.538,55.067,0,813.75,33,,97.219,30.588,8.0,8.594,1.001,0.996,-0.031,3770,14.51,13.333,1,,,2.344,,,,,,,,,,
2026-09-30T17:31:35.668,55.197,0,869.5,43,,97.219,27.451,-8.0,7.812,1.001,0.989,-0.047,4210,14.51,12.549,1,,,,14.296,,,,,,,,,
2026-09-30T17:31:35.798,55.327,0,921.0,41,,97.25,25.098,-10.0,7.812,1.0,0.987,-0.051,4780,14.51,12.549,1,,,,,97,,,,,,,,
2026-09-30T17:31:35.928,55.457,0,918.0,38,,97.25,23.137,-2.5,7.031,1.0,0.975,-0.086,5390,14.51,13.333,1,,,,,,23,,,,,,,
2026-09-30T17:31:36.058,55.587,0,900.25,39,,97.219,24.706,-2.5,6.25,1.0,0.957,-0.125,5820,14.51,13.333,0,,,,,,,36.078,,,,,,
2026-09-30T17:31:36.188,55.717,0,885.25,40,,97.219,26.275,-2.0,5.469,1.0,0.952,-0.137,6320,14.51,13.333,0,,,,,,,,423.5,,,,,
2026-09-30T17:31:36.319,55.847,0,874.0,42,,97.219,27.059,-2.5,5.469,1.0,0.959,-0.121,6950,14.51,13.333,0,,,,,,,,,0.81,,,,
2026-09-30T17:31:36.458,55.987,0,869.5,43,,97.219,27.451,-4.0,5.469,1.0,0.965,-0.109,7490,14.51,13.333,0,,,,,,,,,,,0.781,,
2026-09-30T17:31:36.589,56.118,0,871.75,44,,97.219,27.843,-4.5,4.688,0.999,0.967,-0.102,7910,14.51,13.333,0,,,,,,,,,,,,29.412,
2026-09-30T17:31:36.719,56.247,0,871.75,43,,97.219,27.843,-4.0,4.688,0.999,0.969,-0.102,8230,14.51,13.333,0,,,,,,,,,,,,,83
2026-09-30T17:31:36.849,56.377,0,866.25,43,,97.219,28.235,-4.5,4.688,0.999,0.977,-0.082,8300,14.51,13.333,0,103,,,,,,,,,,,,
2026-09-30T17:31:36.978,56.507,0,857.25,44,,97.219,28.627,-4.0,5.469,0.999,0.986,-0.055,8260,14.51,12.941,0,,46,,,,,,,,,,,
2026-09-30T17:31:37.108,56.637,0,849.75,43,,97.25,28.235,-2.5,5.469,0.999,0.995,-0.035,8160,14.51,13.333,0,,,2.344,,,,,,,,,,
2026-09-30T17:31:37.239,56.767,0,841.25,43,,97.25,28.627,-2.0,5.469,0.999,1.002,-0.02,7970,14.51,12.941,0,,,,14.16,,,,,,,,,
2026-09-30T17:31:37.368,56.897,0,838.0,44,,97.25,27.843,-1.0,6.25,0.999,1.017,-0.004,7900,14.51,12.941,0,,,,,97,,,,,,,,
2026-09-30T17:31:37.498,57.027,0,839.25,44,,97.219,28.235,-1.0,7.031,0.999,1.026,0.008,7750,14.51,12.941,0,,,,,,23,,,,,,,
2026-09-30T17:31:37.628,57.157,0,838.5,44,,97.219,29.412,-0.5,7.031,0.999,1.023,0.004,7680,14.51,13.333,0,,,,,,,36.078,,,,,,
2026-09-30T17:31:37.759,57.288,0,839.25,44,,97.219,28.235,-1.5,7.812,0.999,1.021,0.0,7640,14.51,12.941,0,,,,,,,,423.1,,,,,
2026-09-30T17:31:37.889,57.417,0,836.75,44,,97.281,28.627,-1.0,7.031,0.999,1.013,-0.008,7760,14.51,13.333,0,,,,,,,,,0.8,,,,
2026-09-30T17:31:38.018,57.547,0,840.75,44,,97.281,28.235,-1.0,7.031,0.999,1.014,-0.008,7730,14.51,12.941,0,,,,,,,,,,,0.781,,
2026-09-30T17:31:38.149,57.678,0,843.75,44,,97.281,27.843,-2.0,7.031,0.999,1.007,-0.012,7780,14.51,12.941,0,,,,,,,,,,,,29.412,
2026-09-30T17:31:38.279,57.807,0,844.25,44,,97.25,27.843,-1.0,7.031,0.999,1.003,-0.016,7640,14.51,13.333,0,,,,,,,,,,,,,85
2026-09-30T17:31:38.408,57.937,0,843.0,44,,97.281,28.627,-2.0,7.812,0.999,1.007,-0.012,7620,14.51,13.333,0,103,,,,,,,,,,,,
2026-09-30T17:31:38.538,58.067,0,839.75,44,,97.344,29.02,-1.0,7.812,0.999,1.004,-0.016,7580,14.51,12.941,0,,46,,,,,,,,,,,
2026-09-30T17:31:38.669,58.197,0,839.25,44,,97.312,28.627,-1.5,7.812,0.999,1.001,-0.02,7640,14.51,12.941,0,,,3.125,,,,,,,,,,
2026-09-30T17:31:38.798,58.327,0,838.5,44,,97.25,27.843,-1.5,7.812,0.999,1.003,-0.016,7590,14.51,12.941,0,,,,14.238,,,,,,,,,
2026-09-30T17:31:38.928,58.457,0,836.0,44,,97.344,28.235,0.0,7.031,0.999,0.999,-0.023,7500,14.51,13.333,0,,,,,97,,,,,,,,
2026-09-30T17:31:39.058,58.587,0,834.5,44,,97.25,29.02,-1.0,7.031,0.999,0.999,-0.023,7390,14.51,12.941,0,,,,,,23,,,,,,,
2026-09-30T17:31:39.189,58.718,0,834.0,45,,97.25,28.627,-2.5,7.031,0.999,0.998,-0.023,7480,14.51,12.941,0,,,,,,,36.078,,,,,,
2026-09-30T17:31:39.319,58.847,0,835.75,43,,97.281,27.451,-4.0,7.031,0.999,0.995,-0.031,7370,14.51,12.549,0,,,,,,,,423.0,,,,,
2026-09-30T17:31:39.448,58.977,0,833.5,42,,97.344,26.667,-2.0,7.031,0.999,0.996,-0.031,7100,14.51,12.549,0,,,,,,,,,0.795,,,,
2026-09-30T17:31:39.578,59.107,0,826.75,41,,97.312,25.882,0.0,7.031,0.999,0.995,-0.031,6810,14.51,12.549,0,,,,,,,,,,,0.781,,
2026-09-30T17:31:39.708,59.237,0,826.0,42,,97.281,27.059,-0.5,7.031,0.999,0.997,-0.027,6570,14.51,12.941,0,,,,,,,,,,,,27.451,
2026-09-30T17:31:39.839,59.368,0,828.75,41,,97.344,26.667,-0.5,7.031,0.999,1.0,-0.02,6500,14.51,12.941,0,,,,,,,,,,,,,86
2026-09-30T17:31:39.969,59.497,0,834.5,41,,97.25,26.275,-1.0,7.812,0.999,0.999,-0.023,6460,14.51,12.941,0,102,,,,,,,,,,,,
2026-09-30T17:31:40.098,59.627,0,838.0,41,,97.219,25.882,-2.5,7.812,1.0,0.999,-0.023,6380,14.51,12.549,0,,46,,,,,,,,,,,
2026-09-30T17:31:40.228,59.757,0,840.5,41,,97.281,25.882,-1.5,7.031,1.0,0.998,-0.023,6320,14.51,12.941,0,,,3.125,,,,,,,,,,
2026-09-30T17:31:40.358,59.887,0,839.25,41,,97.219,26.275,-1.5,7.031,1.0,1.002,-0.02,6270,14.51,12.549,0,,,,14.218,,,,,,,,,
2026-09-30T17:31:40.488,60.017,0,835.0,40,,97.281,25.882,-1.5,7.812,1.0,1.004,-0.016,6260,14.51,12.549,0,,,,,97,,,,,,,,
2026-09-30T17:31:40.620,60.149,0,833.0,41,,97.219,25.882,0.0,7.812,1.0,1.005,-0.016,6240,14.51,12.941,0,,,,,,23,,,,,,,
2026-09-30T17:31:40.748,60.277,0,832.75,40,,97.219,26.275,-1.0,7.812,1.0,1.007,-0.012,6200,14.51,12.941,0,,,,,,,36.078,,,,,,
2026-09-30T17:31:40.879,60.408,0,836.5,41,,97.219,26.275,-1.5,7.812,1.0,1.01,-0.012,6220,14.51,12.941,0,,,,,,,,423.0,,,,,
2026-09-30T17:31:41.008,60.537,0,838.0,40,,97.25,26.275,-1.5,8.594,1.0,1.012,-0.008,6320,14.51,12.941,0,,,,,,,,,0.79,,,,
2026-09-30T17:31:41.138,60.667,0,839.25,41,,97.25,25.882,-1.0,8.594,1.0,1.011,-0.008,6360,14.51,12.941,0,,,,,,,,,,,0.781,,
2026-09-30T17:31:41.268,60.797,0,836.0,41,,97.219,26.275,-1.0,8.594,1.0,1.009,-0.012,6330,14.51,12.941,0,,,,,,,,,,,,27.451,
2026-09-30T17:31:41.398,60.927,0,840.0,40,,97.219,25.882,-1.0,8.594,1.0,1.005,-0.016,6300,14.51,12.941,0,,,,,,,,,,,,,88
2026-09-30T17:31:41.538,61.067,0,844.75,40,,97.219,25.882,-2.5,7.812,1.0,1.0,-0.02,6350,14.51,12.941,0,101,,,,,,,,,,,,
2026-09-30T17:31:41.668,61.197,0,844.5,40,,97.219,25.49,-2.5,7.812,1.0,1.001,-0.02,6290,14.51,12.549,0,,46,,,,,,,,,,,
2026-09-30T17:31:41.798,61.327,0,839.75,41,,97.219,25.882,-1.0,7.812,1.0,1.003,-0.016,6220,14.51,12.549,0,,,3.125,,,,,,,,,,
2026-09-30T17:31:41.928,61.457,0,837.5,41,,97.219,25.882,-1.0,8.594,1.0,1.004,-0.016,6260,14.51,12.941,0,,,,14.199,,,,,,,,,
2026-09-30T17:31:42.059,61.588,0,834.25,41,,97.219,25.882,-0.5,8.594,1.0,1.005,-0.016,6300,14.51,12.941,0,,,,,97,,,,,,,,
2026-09-30T17:31:42.188,61.717,0,837.5,41,,97.219,25.882,-1.5,8.594,1.0,1.005,-0.016,6360,14.51,12.549,0,,,,,,23,,,,,,,
2026-09-30T17:31:42.318,61.847,0,838.0,41,,97.219,26.275,0.0,8.594,1.0,1.002,-0.02,6400,14.51,13.333,0,,,,,,,36.078,,,,,,
2026-09-30T17:31:42.448,61.977,0,845.25,40,,97.281,26.275,-5.0,8.594,1.0,0.999,-0.023,6330,14.51,12.549,0,,,,,,,,423.0,,,,,
2026-09-30T17:31:42.578,62.107,0,837.0,41,,97.219,25.49,-2.5,8.594,1.0,1.0,-0.02,6360,14.51,12.549,0,,,,,,,,,0.785,,,,
2026-09-30T17:31:42.708,62.237,0,837.5,40,,97.219,25.49,-1.5,8.594,1.0,0.998,-0.023,6250,14.51,12.549,0,,,,,,,,,,,0.781,,
2026-09-30T17:31:42.838,62.367,0,835.25,40,,97.219,25.49,-0.5,8.594,1.0,0.997,-0.027,6170,14.51,12.941,0,,,,,,,,,,,,26.667,
2026-09-30T17:31:42.968,62.497,0,830.75,41,,97.219,25.882,-1.5,8.594,1.0,0.997,-0.027,6180,14.51,12.549,0,,,,,,,,,,,,,90
2026-09-30T17:31:43.099,62.628,0,831.0,41,,97.219,25.882,-2.5,8.594,1.0,0.998,-0.023,6240,14.51,12.549,0,100,,,,,,,,,,,,
2026-09-30T17:31:43.228,62.757,0,840.0,41,,97.219,25.882,-1.0,8.594,1.0,0.996,-0.031,6270,14.51,12.549,0,,47,,,,,,,,,,,
2026-09-30T17:31:43.358,62.887,0,839.0,40,,97.219,25.49,-1.0,7.812,1.0,0.996,-0.031,6190,14.51,12.549,0,,,3.125,,,,,,,,,,
2026-09-30T17:31:43.488,63.017,0,840.5,40,,97.219,25.098,-2.0,7.812,1.0,0.993,-0.035,6120,14.51,12.549,0,,,,14.296,,,,,,,,,
2026-09-30T17:31:43.620,63.149,0,836.75,39,,97.219,25.098,-0.5,7.812,1.0,0.993,-0.035,6070,14.51,12.941,0,,,,,97,,,,,,,,
2026-09-30T17:31:43.748,63.277,0,834.5,40,,97.219,25.882,-2.0,7.812,1.0,0.995,-0.035,6080,14.51,12.549,0,,,,,,24,,,,,,,
2026-09-30T17:31:43.878,63.407,0,834.5,40,,97.219,25.882,0.5,7.812,1.0,0.995,-0.031,6220,14.51,12.941,0,,,,,,,36.078,,,,,,
2026-09-30T17:31:44.008,63.537,0,843.75,41,,97.219,25.882,-1.0,7.812,1.0,0.997,-0.027,6340,14.51,12.941,0,,,,,,,,423.0,,,,,
2026-09-30T17:31:44.138,63.667,0,850.0,41,,97.219,26.275,-1.5,7.812,1.0,0.997,-0.027,6500,14.51,13.333,0,,,,,,,,,0.785,,,,
2026-09-30T17:31:44.269,63.798,0,861.0,42,,97.219,27.843,-4.5,7.812,1.0,0.994,-0.035,6610,14.51,12.941,0,,,,,,,,,,,0.781,,
2026-09-30T17:31:44.398,63.927,0,871.0,42,,97.219,26.275,-4.5,7.812,1.0,0.984,-0.059,6850,14.51,12.941,0,,,,,,,,,,,,29.02,
2026-09-30T17:31:44.528,64.057,0,876.5,42,,97.219,27.059,-4.5,7.031,1.0,0.974,-0.086,6960,14.51,12.941,0,,,,,,,,,,,,,91
2026-09-30T17:31:44.658,64.187,0,876.0,41,,97.219,25.882,-3.5,6.25,0.999,0.966,-0.105,6920,14.51,12.941,0,100,,,,,,,,,,,,
2026-09-30T17:31:44.788,64.317,0,874.25,42,,97.219,26.275,-4.5,6.25,0.999,0.971,-0.094,6870,14.51,12.941,0,,47,,,,,,,,,,,
2026-09-30T17:31:44.918,64.447,0,869.0,41,,97.219,26.275,-4.0,6.25,0.999,0.979,-0.074,6810,14.51,12.941,0,,,3.125,,,,,,,,,,
2026-09-30T17:31:45.048,64.577,0,870.0,42,,97.219,27.059,-5.0,6.25,0.999,0.984,-0.062,6920,14.51,12.941,0,,,,14.316,,,,,,,,,
2026-09-30T17:31:45.178,64.707,0,868.25,41,,97.219,26.275,-4.0,6.25,0.999,0.989,-0.047,6970,14.51,12.941,0,,,,,97,,,,,,,,
2026-09-30T17:31:45.308,64.837,0,869.25,42,,97.219,26.667,-4.0,6.25,0.999,0.984,-0.059,6920,14.51,12.941,0,,,,,,24,,,,,,,
2026-09-30T17:31:45.439,64.968,0,870.0,42,,97.219,27.059,-5.5,6.25,0.999,0.984,-0.059,6960,14.51,12.941,0,,,,,,,36.078,,,,,,
2026-09-30T17:31:45.568,65.097,0,872.0,41,,97.219,25.882,-4.0,6.25,0.999,0.978,-0.078,6960,14.51,12.941,0,,,,,,,,422.8,,,,,
2026-09-30T17:31:45.698,65.227,0,873.0,41,,97.219,26.667,-4.5,5.469,0.999,0.975,-0.086,6890,14.51,12.941,0,,,,,,,,,0.785,,,,
2026-09-30T17:31:45.828,65.357,0,871.75,42,,97.219,26.667,-3.0,5.469,0.999,0.977,-0.082,6960,14.51,12.941,0,,,,,,,,,,,0.781,,
2026-09-30T17:31:45.958,65.487,0,873.5,43,,97.219,27.451,-3.0,5.469,0.999,0.977,-0.082,7110,14.51,13.333,0,,,,,,,,,,,,29.804,
2026-09-30T17:31:46.088,65.617,0,874.5,43,,97.219,27.843,-4.5,4.688,0.999,0.977,-0.082,7310,14.51,12.941,0,,,,,,,,,,,,,93
2026-09-30T17:31:46.219,65.747,0,874.75,43,,97.219,27.451,-3.5,4.688,0.999,0.971,-0.094,7450,14.51,13.333,0,99,,,,,,,,,,,,
2026-09-30T17:31:46.348,65.877,0,871.25,43,,97.219,28.235,-4.5,3.906,0.999,0.965,-0.109,7480,14.51,12.941,0,,47,,,,,,,,,,,
2026-09-30T17:31:46.478,66.007,0,868.0,44,,97.25,28.235,-4.5,3.906,0.999,0.963,-0.113,7660,14.51,12.941,0,,,3.125,,,,,,,,,,
2026-09-30T17:31:46.608,66.137,0,866.75,43,,97.219,27.451,-3.5,3.125,0.999,0.956,-0.129,7610,14.51,12.941,0,,,,14.316,,,,,,,,,
2026-09-30T17:31:46.738,66.267,0,863.75,43,,97.219,27.843,-3.5,2.344,0.999,0.947,-0.148,7490,14.51,12.941,0,,,,,97,,,,,,,,
2026-09-30T17:31:46.868,66.397,0,862.25,44,,97.219,27.843,-4.5,1.562,0.999,0.944,-0.152,7500,14.51,12.941,0,,,,,,24,,,,,,,
2026-09-30T17:31:46.998,66.527,0,859.25,44,,97.281,28.235,-4.5,0.781,0.999,0.939,-0.164,7620,14.51,12.941,0,,,,,,,36.078,,,,,,
2026-09-30T17:31:47.128,66.657,0,858.25,44,,97.281,28.235,-4.0,0.0,0.999,0.934,-0.18,7650,14.51,12.941,0,,,,,,,,422.7,,,,,
2026-09-30T17:31:47.258,66.787,0,855.0,43,,97.25,27.843,-3.5,0.0,1.0,0.924,-0.203,7530,14.51,12.941,0,,,,,,,,,0.785,,,,
2026-09-30T17:31:47.388,66.917,0,852.75,43,,97.281,27.451,-2.5,-1.562,1.0,0.923,-0.203,7360,14.51,12.941,0,,,,,,,,,,,0.781,,
2026-09-30T17:31:47.518,67.047,0,847.25,43,,97.25,27.451,-3.0,-1.562,1.0,0.925,-0.199,7290,14.51,12.941,0,,,,,,,,,,,,29.02,
2026-09-30T17:31:47.648,67.177,0,840.75,43,,97.219,27.843,0.0,-2.344,1.0,0.934,-0.18,7230,14.51,12.941,0,,,,,,,,,,,,,94
2026-09-30T17:31:47.778,67.307,0,841.0,44,,97.281,28.627,-3.0,-1.562,1.0,0.946,-0.148,7300,14.51,12.941,0,98,,,,,,,,,,,,
2026-09-30T17:31:47.908,67.437,0,840.25,43,,97.281,27.843,-1.0,-2.344,1.0,0.958,-0.125,7310,14.51,12.941,0,,47,,,,,,,,,,,
2026-09-30T17:31:48.038,67.567,0,843.0,43,,97.219,27.843,-0.5,-1.562,1.0,0.968,-0.102,7210,14.51,12.941,0,,,3.125,,,,,,,,,,
2026-09-30T17:31:48.168,67.697,0,839.5,43,,97.281,28.235,-2.5,-1.562,1.0,0.975,-0.086,7310,14.51,12.941,0,,,,14.277,,,,,,,,,
2026-09-30T17:31:48.298,67.827,0,838.75,44,,97.25,27.843,-1.0,-1.562,1.0,0.981,-0.066,7410,14.51,12.941,0,,,,,97,,,,,,,,
2026-09-30T17:31:48.428,67.957,0,834.5,43,,97.281,27.843,0.0,-0.781,1.0,0.992,-0.043,7390,14.51,12.941,0,,,,,,24,,,,,,,
2026-09-30T17:31:48.558,68.087,0,833.75,44,,97.219,28.235,0.0,-0.781,1.0,0.998,-0.027,7400,14.51,12.941,0,,,,,,,36.078,,,,,,
2026-09-30T17:31:48.689,68.217,0,830.75,44,,97.219,29.02,0.0,-0.781,1.0,1.013,-0.008,7510,14.51,12.941,0,,,,,,,,422.5,,,,,
2026-09-30T17:31:48.818,68.347,0,831.75,45,,97.25,29.412,0.0,0.0,1.0,1.027,0.008,7690,14.51,13.333,0,,,,,,,,,0.78,,,,
2026-09-30T17:31:48.948,68.477,0,832.25,44,,97.219,29.02,-1.0,0.781,1.0,1.04,0.023,7740,14.51,12.941,0,,,,,,,,,,,0.781,,
2026-09-30T17:31:49.078,68.607,0,834.25,45,,97.281,29.02,-0.5,1.562,1.0,1.047,0.031,7940,14.51,12.941,0,,,,,,,,,,,,30.588,
2026-09-30T17:31:49.209,68.738,0,838.75,45,,97.25,29.02,-1.0,1.562,1.0,1.044,0.027,7980,14.51,12.941,0,,,,,,,,,,,,,96
2026-09-30T17:31:49.338,68.867,0,841.75,45,,97.219,28.627,-1.0,1.562,1.0,1.043,0.027,8040,14.51,12.941,0,98,,,,,,,,,,,,
2026-09-30T17:31:49.468,68.997,0,837.5,44,,97.219,28.235,-1.0,2.344,1.0,1.04,0.023,7840,14.51,12.941,0,,47,,,,,,,,,,,
2026-09-30T17:31:49.598,69.127,0,837.75,44,,97.219,28.235,-0.5,2.344,0.999,1.043,0.027,7740,14.51,12.941,0,,,3.125,,,,,,,,,,
2026-09-30T17:31:49.728,69.257,0,835.5,44,,97.25,28.627,-0.5,3.125,0.999,1.05,0.035,7700,14.51,12.941,0,,,,14.179,,,,,,,,,
2026-09-30T17:31:49.858,69.387,0,835.5,44,,97.219,28.627,0.0,3.906,0.999,1.05,0.035,7730,14.51,12.941,0,,,,,97,,,,,,,,
2026-09-30T17:31:49.988,69.517,0,834.75,44,,97.219,29.02,0.0,3.906,0.999,1.049,0.035,7740,14.51,12.941,0,,,,,,24,,,,,,,
2026-09-30T17:31:50.120,69.649,0,836.25,44,,97.219,28.627,-0.5,4.688,0.999,1.048,0.031,7750,14.51,12.941,0,,,,,,,36.078,,,,,,
2026-09-30T17:31:50.248,69.777,0,831.5,45,,97.25,29.02,-0.5,4.688,0.999,1.046,0.027,7770,14.51,12.941,0,,,,,,,,422.3,,,,,
2026-09-30T17:31:50.378,69.907,0,833.5,44,,97.25,28.627,0.5,5.469,0.999,1.048,0.031,7790,14.51,12.941,0,,,,,,,,,0.775,,,,
2026-09-30T17:31:50.508,70.037,0,837.5,45,,97.281,28.627,-0.5,5.469,0.999,1.043,0.027,7750,14.51,12.941,0,,,,,,,,,,,0.781,,
2026-09-30T17:31:50.638,70.167,0,842.5,45,,97.281,28.235,-1.0,6.25,0.999,1.042,0.023,7730,14.51,12.941,0,,,,,,,,,,,,29.804,
2026-09-30T17:31:50.768,70.297,0,841.25,43,,97.25,28.235,0.0,6.25,0.999,1.04,0.023,7620,14.51,12.941,0,,,,,,,,,,,,,97
2026-09-30T17:31:50.898,70.427,0,835.75,44,,97.219,29.02,-1.0,7.031,0.999,1.043,0.027,7650,14.51,12.941,0,97,,,,,,,,,,,,
2026-09-30T17:31:51.028,70.557,0,835.5,44,,97.281,28.235,1.0,7.031,0.999,1.043,0.027,7640,14.51,13.333,0,,47,,,,,,,,,,,
2026-09-30T17:31:51.158,70.687,0,839.5,45,,97.25,29.412,-1.5,7.031,0.999,1.039,0.02,7660,14.51,12.941,0,,,2.344,,,,,,,,,,
2026-09-30T17:31:51.288,70.817,0,843.75,45,,97.344,28.627,-1.5,7.812,0.999,1.035,0.016,7750,14.51,12.941,0,,,,14.316,,,,,,,,,
2026-09-30T17:31:51.418,70.947,0,847.75,44,,97.312,28.235,-2.5,7.812,0.999,1.03,0.012,7650,14.51,12.941,0,,,,,97,,,,,,,,
2026-09-30T17:31:51.548,71.077,0,843.0,44,,97.406,28.627,-1.5,7.812,0.999,1.026,0.008,7710,14.51,12.941,0,,,,,,24,,,,,,,
2026-09-30T17:31:51.688,71.217,0,835.25,44,,97.312,28.627,0.0,7.812,0.999,1.021,0.0,7720,14.51,12.941,0,,,,,,,36.078,,,,,,
2026-09-30T17:31:51.818,71.347,0,832.5,45,,97.344,29.804,0.5,7.812,0.999,1.017,-0.004,7790,14.51,13.333,0,,,,,,,,422.1,,,,,
2026-09-30T17:31:51.948,71.477,0,839.5,44,,97.281,29.02,0.0,7.812,0.999,1.011,-0.008,7750,14.51,12.941,0,,,,,,,,,0.77,,,,
2026-09-30T17:31:52.078,71.607,0,845.0,45,,97.312,28.627,-2.0,7.812,0.999,1.01,-0.012,7780,14.51,12.941,0,,,,,,,,,,,0.781,,
2026-09-30T17:31:52.208,71.737,0,847.5,44,,97.281,28.627,-1.5,7.812,0.999,1.005,-0.016,7780,14.51,12.941,0,,,,,,,,,,,,30.196,
2026-09-30T17:31:52.338,71.867,0,846.5,44,,97.281,28.235,-1.5,7.031,0.999,0.996,-0.027,7680,14.51,12.941,0,,,,,,,,,,,,,99
2026-09-30T17:31:52.468,71.997,0,846.0,44,,97.375,28.627,-2.0,7.031,0.999,0.992,-0.039,7700,14.51,12.941,0,97,,,,,,,,,,,,
2026-09-30T17:31:52.598,72.127,0,847.75,44,,97.312,28.627,-1.5,7.031,0.999,0.989,-0.047,7740,14.51,12.941,0,,47,,,,,,,,,,,
2026-09-30T17:31:52.728,72.257,0,848.75,45,,97.344,28.627,-2.5,6.25,0.999,0.982,-0.066,7740,14.51,12.941,0,,,3.125,,,,,,,,,,
2026-09-30T17:31:52.858,72.387,0,852.5,44,,97.344,28.627,-3.0,6.25,0.999,0.98,-0.07,7770,14.51,12.941,0,,,,14.257,,,,,,,,,
2026-09-30T17:31:52.989,72.517,0,853.25,44,,97.281,28.235,-2.5,6.25,0.999,0.974,-0.09,7730,14.51,12.941,0,,,,,97,,,,,,,,
2026-09-30T17:31:53.121,72.649,0,851.25,44,,97.312,28.235,-3.5,5.469,0.999,0.971,-0.094,7750,14.51,12.941,0,,,,,,24,,,,,,,
2026-09-30T17:31:53.248,72.777,0,850.75,45,,97.281,29.02,-4.0,4.688,0.999,0.966,-0.105,7870,14.51,12.941,0,,,,,,,36.078,,,,,,
2026-09-30T17:31:53.379,72.907,0,850.75,44,,97.312,28.235,-2.5,4.688,0.999,0.96,-0.117,7870,14.51,12.941,0,,,,,,,,422.1,,,,,
2026-09-30T17:31:53.508,73.037,0,852.5,44,,97.281,28.627,-4.0,3.906,0.999,0.954,-0.133,7800,14.51,12.941,0,,,,,,,,,0.77,,,,
2026-09-30T17:31:53.638,73.167,0,852.5,45,,97.375,28.627,-4.0,3.125,0.999,0.958,-0.125,7860,14.51,12.941,0,,,,,,,,,,,0.781,,
2026-09-30T17:31:53.768,73.297,0,855.5,44,,97.344,28.235,-2.5,3.125,0.999,0.955,-0.129,7730,14.51,12.941,0,,,,,,,,,,,,30.588,
2026-09-30T17:31:53.898,73.427,0,854.5,44,,97.25,28.627,-4.0,2.344,0.999,0.955,-0.129,7680,14.51,12.941,0,,,,,,,,,,,,,101
2026-09-30T17:31:54.028,73.557,0,853.25,44,,97.375,28.235,-2.5,2.344,0.999,0.951,-0.141,7650,14.51,12.941,0,97,,,,,,,,,,,,
2026-09-30T17:31:54.158,73.687,0,852.75,45,,97.344,29.02,-4.0,1.562,0.999,0.948,-0.145,7810,14.51,12.941,0,,47,,,,,,,,,,,
2026-09-30T17:31:54.288,73.817,0,851.75,45,,97.438,29.02,-3.5,0.781,0.999,0.948,-0.145,7890,14.51,12.941,0,,,3.125,,,,,,,,,,
2026-09-30T17:31:54.418,73.947,0,854.0,44,,97.406,28.235,-2.5,0.781,0.999,0.945,-0.152,7780,14.51,12.941,0,,,,14.296,,,,,,,,,
2026-09-30T17:31:54.548,74.077,0,853.75,44,,97.281,29.02,-4.0,0.0,0.999,0.947,-0.148,7880,14.51,12.941,0,,,,,97,,,,,,,,
2026-09-30T17:31:54.679,74.208,0,851.75,44,,97.312,28.235,-2.0,0.0,0.999,0.952,-0.137,7870,14.51,12.941,0,,,,,,24,,,,,,,
2026-09-30T17:31:54.808,74.337,0,847.25,45,,97.344,29.412,-2.5,0.0,0.999,0.96,-0.121,7830,14.51,12.941,0,,,,,,,36.078,,,,,,
2026-09-30T17:31:54.938,74.467,0,847.75,44,,97.438,28.235,-2.0,0.0,0.999,0.965,-0.109,7710,14.51,12.941,0,,,,,,,,422.0,,,,,
2026-09-30T17:31:55.069,74.597,0,844.25,44,,97.344,29.02,-2.5,0.0,0.999,0.973,-0.09,7710,14.51,12.941,0,,,,,,,,,0.765,,,,
2026-09-30T17:31:55.198,74.727,0,845.5,45,,97.375,29.02,-2.5,0.0,0.999,0.978,-0.078,7820,14.51,12.941,0,,,,,,,,,,,0.781,,
2026-09-30T17:31:55.328,74.857,0,844.25,44,,97.375,28.627,-2.0,0.0,0.999,0.983,-0.062,7800,14.51,12.941,0,,,,,,,,,,,,30.196,
2026-09-30T17:31:55.459,74.988,0,847.0,44,,97.406,28.627,-1.5,0.0,0.999,0.991,-0.043,7800,14.51,12.941,0,,,,,,,,,,,,,102
2026-09-30T17:31:55.588,75.117,0,837.75,44,,97.344,28.235,0.5,0.0,0.999,0.996,-0.027,7790,14.51,12.941,0,97,,,,,,,,,,,,
2026-09-30T17:31:55.718,75.247,0,834.0,44,,97.25,29.02,-1.0,0.781,0.999,1.007,-0.012,7870,14.51,12.941,0,,47,,,,,,,,,,,
2026-09-30T17:31:55.848,75.377,0,832.5,45,,97.281,28.627,1.5,1.562,0.999,1.021,0.0,7910,14.51,12.941,0,,,3.125,,,,,,,,,,
2026-09-30T17:31:55.978,75.507,0,837.25,45,,97.281,29.412,-2.0,2.344,0.999,1.029,0.008,7940,14.51,12.941,0,,,,14.257,,,,,,,,,
2026-09-30T17:31:56.108,75.637,0,842.75,46,,97.281,29.02,-1.0,2.344,0.999,1.031,0.012,8040,14.51,12.941,0,,,,,97,,,,,,,,
2026-09-30T17:31:56.238,75.766,0,846.5,45,,97.344,29.02,-1.0,3.125,0.999,1.03,0.012,7940,14.51,12.941,0,,,,,,24,,,,,,,
2026-09-30T17:31:56.368,75.897,0,842.5,45,,97.281,29.02,-1.5,3.125,0.999,1.029,0.012,7890,14.51,12.941,0,,,,,,,36.078,,,,,,
2026-09-30T17:31:56.498,76.027,0,838.5,45,,97.312,29.02,-2.0,3.125,0.999,1.031,0.012,7950,14.51,12.941,0,,,,,,,,422.0,,,,,
2026-09-30T17:31:56.628,76.157,0,840.75,45,,97.375,29.02,-1.5,3.906,0.999,1.03,0.012,7970,14.51,12.941,0,,,,,,,,,0.765,,,,
2026-09-30T17:31:56.758,76.287,0,842.75,45,,97.281,29.412,-2.0,3.906,0.999,1.026,0.008,7960,14.51,12.941,0,,,,,,,,,,,0.781,,
2026-09-30T17:31:56.888,76.417,0,847.0,45,,97.312,29.02,-2.5,3.906,0.999,1.025,0.004,7960,14.51,12.941,0,,,,,,,,,,,,30.588,
2026-09-30T17:31:57.018,76.547,0,847.75,45,,97.312,28.627,-2.0,4.688,0.999,1.027,0.008,7900,14.51,12.941,0,,,,,,,,,,,,,104
2026-09-30T17:31:57.148,76.677,0,844.75,44,,97.344,28.627,-1.5,4.688,0.999,1.029,0.008,7780,14.51,12.941,0,97,,,,,,,,,,,,
2026-09-30T17:31:57.279,76.808,0,836.75,45,,97.281,29.02,-0.5,4.688,0.999,1.031,0.012,7800,14.51,12.941,0,,47,,,,,,,,,,,
2026-09-30T17:31:57.408,76.937,0,838.5,45,,97.344,29.02,-0.5,5.469,0.999,1.029,0.008,7820,14.51,12.941,0,,,2.344,,,,,,,,,,
2026-09-30T17:31:57.538,77.067,0,845.25,45,,97.25,29.02,-2.5,5.469,0.999,1.027,0.008,7920,14.51,12.941,0,,,,14.218,,,,,,,,,
2026-09-30T17:31:57.669,77.198,0,852.75,45,,97.312,28.627,-3.0,5.469,0.999,1.019,0.0,7890,14.51,12.941,0,,,,,97,,,,,,,,
2026-09-30T17:31:57.798,77.327,0,853.0,45,,97.281,28.627,-2.5,5.469,0.999,1.01,-0.012,7790,14.51,12.941,0,,,,,,24,,,,,,,
2026-09-30T17:31:57.928,77.457,0,850.75,45,,97.406,28.627,-3.5,4.688,0.999,1.005,-0.016,7770,14.51,12.941,0,,,,,,,36.078,,,,,,
2026-09-30T17:31:58.058,77.587,0,848.0,44,,97.375,28.235,-3.0,4.688,0.999,1.007,-0.012,7780,14.51,12.941,0,,,,,,,,422.0,,,,,
2026-09-30T17:31:58.188,77.717,0,845.75,44,,97.344,28.235,-2.0,5.469,0.999,1.011,-0.008,7700,14.51,12.941,0,,,,,,,,,0.76,,,,
2026-09-30T17:31:58.318,77.847,0,843.5,44,,97.344,28.627,-1.5,5.469,0.999,1.013,-0.008,7640,14.51,12.941,0,,,,,,,,,,,0.781,,
2026-09-30T17:31:58.448,77.977,0,846.5,44,,97.281,28.627,-2.5,5.469,0.999,1.013,-0.008,7630,14.51,12.941,0,,,,,,,,,,,,29.804,
2026-09-30T17:31:58.578,78.107,0,847.75,44,,97.281,28.235,-2.0,5.469,0.999,1.013,-0.008,7640,14.51,12.941,0,,,,,,,,,,,,,105
2026-09-30T17:31:58.708,78.237,0,845.5,44,,97.281,28.627,-2.5,6.25,0.999,1.017,-0.004,7660,14.51,12.941,0,96,,,,,,,,,,,,
2026-09-30T17:31:58.838,78.367,0,843.5,44,,97.281,28.627,-2.0,6.25,0.999,1.015,-0.004,7690,14.51,12.941,0,,47,,,,,,,,,,,
2026-09-30T17:31:58.968,78.497,0,845.0,44,,97.281,28.627,-2.5,6.25,0.999,1.015,-0.004,7690,14.51,12.941,0,,,3.125,,,,,,,,,,
2026-09-30T17:31:59.098,78.627,0,846.5,44,,97.375,28.627,-2.5,6.25,0.999,1.011,-0.008,7680,14.51,12.941,0,,,,14.218,,,,,,,,,
2026-09-30T17:31:59.228,78.757,0,846.25,44,,97.406,28.235,-2.0,6.25,0.999,1.011,-0.008,7660,14.51,12.941,0,,,,,97,,,,,,,,
2026-09-30T17:31:59.358,78.887,0,846.75,44,,97.312,28.235,-0.5,6.25,0.999,1.011,-0.008,7620,14.51,13.333,0,,,,,,24,,,,,,,
2026-09-30T17:31:59.488,79.017,0,850.0,44,,97.25,29.412,2.0,6.25,0.999,1.008,-0.012,7640,14.51,13.725,0,,,,,,,36.078,,,,,,
2026-09-30T17:31:59.621,79.15,0,849.5,48,,97.25,32.549,3.0,7.031,0.999,1.009,-0.012,7850,16.471,14.51,0,,,,,,,,422.0,,,,,
2026-09-30T17:31:59.748,79.277,0,826.75,51,,97.219,37.255,5.5,6.25,0.999,0.997,-0.027,8350,19.216,14.902,0,,,,,,,,,0.76,,,,
2026-09-30T17:31:59.878,79.407,0,807.25,58,,97.219,41.569,6.5,6.25,1.0,0.986,-0.055,8960,19.608,14.118,1,,,,,,,,,,,0.781,,
2026-09-30T17:32:00.008,79.537,0,815.25,62,,97.281,42.745,-1.0,5.469,1.0,0.984,-0.062,9440,20.392,14.118,1,,,,,,,,,,,,43.529,
2026-09-30T17:32:00.138,79.667,0,853.0,61,,97.281,40.392,5.0,5.469,1.001,0.982,-0.066,10130,29.02,15.686,1,,,,,,,,,,,,,107
2026-09-30T17:32:00.268,79.797,0,877.75,63,,97.219,44.706,3.5,4.688,1.001,0.979,-0.074,10850,30.588,22.353,2,96,,,,,,,,,,,,
2026-09-30T17:32:00.399,79.927,0,937.25,74,,96.719,57.647,-9.5,4.688,1.001,0.987,-0.055,11380,30.588,21.961,2,,48,,,,,,,,,,,
2026-09-30T17:32:00.528,80.057,0,1166.5,95,,96.906,65.098,9.5,3.906,1.002,0.97,-0.098,12370,29.412,18.824,3,,,0.0,,,,,,,,,,
2026-09-30T17:32:00.658,80.187,0,1316.75,77,,98.156,32.941,13.0,4.688,1.001,0.996,-0.031,13230,21.961,14.902,4,,,,14.218,,,,,,,,,
2026-09-30T17:32:00.788,80.317,0,1300.5,63,,98.219,26.275,13.5,4.688,1.001,0.979,-0.074,13500,21.961,13.725,4,,,,,97,,,,,,,,
2026-09-30T17:32:00.918,80.447,0,1275.25,49,,98.312,21.569,14.0,3.125,1.0,0.971,-0.094,13220,22.745,14.51,5,,,,,,24,,,,,,,
2026-09-30T17:32:01.048,80.577,0,1272.5,40,,98.281,18.039,14.0,3.125,1.0,0.976,-0.086,13320,22.745,13.725,5,,,,,,,36.078,,,,,,
2026-09-30T17:32:01.178,80.707,0,1242.25,38,,98.188,16.471,14.5,3.125,1.0,0.98,-0.07,12640,22.745,14.118,5,,,,,,,,421.5,,,,,
2026-09-30T17:32:01.308,80.837,0,1211.5,38,,98.156,17.647,13.5,3.125,1.0,0.989,-0.047,11970,22.745,13.725,6,,,,,,,,,0.755,,,,
2026-09-30T17:32:01.438,80.967,0,1178.25,37,,98.062,18.824,13.0,3.906,1.0,1.003,-0.016,11480,22.745,13.725,6,,,,,,,,,,,0.781,,
2026-09-30T17:32:01.568,81.097,0,1115.0,37,,97.875,20.0,10.5,4.688,1.0,1.02,0.0,11380,22.745,14.118,6,,,,,,,,,,,,27.451,
2026-09-30T17:32:01.698,81.227,0,1063.5,40,,97.875,22.353,3.0,4.688,1.0,1.011,-0.008,10650,22.745,13.725,6,,,,,,,,,,,,,108
2026-09-30T17:32:01.828,81.357,0,1045.75,40,,97.875,23.529,2.0,3.906,1.0,0.985,-0.059,10070,22.353,13.725,7,96,,,,,,,,,,,,
2026-09-30T17:32:01.958,81.486,0,1017.75,39,,97.844,23.922,3.5,3.125,1.0,0.979,-0.078,9550,22.353,13.725,7,,47,,,,,,,,,,,
2026-09-30T17:32:02.088,81.617,0,1001.25,40,,97.625,24.314,0.0,3.125,1.0,0.979,-0.074,8970,21.961,13.333,7,,,1.562,,,,,,,,,,
2026-09-30T17:32:02.218,81.747,0,1017.75,39,,97.625,22.745,2.5,3.125,1.0,0.982,-0.066,8690,22.745,13.333,7,,,,14.296,,,,,,,,,
2026-09-30T17:32:02.348,81.877,0,1042.75,39,,97.875,23.137,11.0,3.125,1.0,0.985,-0.059,8360,30.98,15.686,8,,,,,97,,,,,,,,
2026-09-30T17:32:02.478,82.007,0,1069.75,46,,97.531,29.412,10.0,3.125,1.0,0.99,-0.047,8120,30.98,18.824,8,,,,,,24,,,,,,,
2026-09-30T17:32:02.609,82.137,0,1066.25,56,,97.219,37.647,9.5,3.125,1.0,0.981,-0.066,8320,30.98,19.216,8,,,,,,,36.078,,,,,,
2026-09-30T17:32:02.738,82.267,0,1082.25,76,,97.188,47.451,5.0,1.562,1.0,0.97,-0.098,8860,30.98,20.0,8,,,,,,,,421.6,,,,,
2026-09-30T17:32:02.868,82.397,0,1085.75,82,,97.562,48.235,3.5,1.562,1.0,0.98,-0.07,9320,30.98,19.608,9,,,,,,,,,0.765,,,,
2026-09-30T17:32:02.998,82.527,0,1112.75,82,,97.875,46.275,4.0,2.344,1.001,0.99,-0.047,9810,30.98,18.824,9,,,,,,,,,,,0.781,,
2026-09-30T17:32:03.128,82.657,0,1143.0,80,,98.281,44.314,6.5,2.344,1.001,1.004,-0.016,10500,30.98,18.039,10,,,,,,,,,,,,55.686,
2026-09-30T17:32:03.258,82.787,0,1156.25,75,,98.812,41.176,9.5,3.125,1.001,0.999,-0.023,11530,31.373,18.824,10,,,,,,,,,,,,,110
2026-09-30T17:32:03.388,82.917,0,1155.0,76,,98.844,41.176,8.5,2.344,1.001,0.997,-0.027,12570,32.941,21.569,11,96,,,,,,,,,,,,
2026-09-30T17:32:03.518,83.047,0,1166.0,82,,98.844,44.706,7.0,2.344,1.0,0.999,-0.02,13060,34.118,25.49,11,,47,,,,,,,,,,,
2026-09-30T17:32:03.648,83.177,0,1186.75,92,,99.156,51.373,5.5,3.125,1.001,1.002,-0.02,13720,33.725,25.098,12,,,0.0,,,,,,,,,,
2026-09-30T17:32:03.778,83.306,0,1182.25,93,,99.719,51.373,6.0,3.906,1.001,1.021,0.0,14460,31.373,20.392,12,,,,14.355,,,,,,,,,
2026-09-30T17:32:03.908,83.437,0,1183.0,89,,100.562,45.098,7.5,3.906,1.001,1.034,0.016,15240,28.235,16.078,12,,,,,97,,,,,,,,
2026-09-30T17:32:04.038,83.567,0,1200.75,80,,101.406,33.725,9.5,4.688,1.001,1.018,-0.004,15690,28.627,16.078,13,,,,,,24,,,,,,,
2026-09-30T17:32:04.168,83.696,0,1205.75,63,,101.531,31.373,9.0,3.125,1.0,0.984,-0.059,15530,28.235,16.078,13,,,,,,,36.078,,,,,,
2026-09-30T17:32:04.298,83.827,0,1191.5,60,,101.406,30.588,8.5,3.125,1.0,0.989,-0.047,15110,26.667,15.294,13,,,,,,,,420.4,,,,,
2026-09-30T17:32:04.428,83.957,0,1194.5,58,,101.406,29.02,9.5,3.125,1.0,0.985,-0.059,14560,25.882,14.902,14,,,,,,,,,0.755,,,,
2026-09-30T17:32:04.559,84.088,0,1207.75,51,,101.094,25.49,10.5,2.344,1.0,0.974,-0.09,14120,24.314,14.118,14,,,,,,,,,,,0.781,,
2026-09-30T17:32:04.688,84.217,0,1209.5,46,,100.906,22.745,12.0,1.562,1.0,0.967,-0.102,13690,23.529,13.725,14,,,,,,,,,,,,28.627,
2026-09-30T17:32:04.818,84.347,0,1191.25,42,,100.75,20.784,13.0,0.781,1.0,0.97,-0.098,13230,20.784,12.941,14,,,,,,,,,,,,,111
2026-09-30T17:32:04.948,84.476,0,1177.0,39,,100.312,16.078,0.5,0.781,1.0,0.981,-0.066,12760,17.647,11.765,14,97,,,,,,,,,,,,
2026-09-30T17:32:05.078,84.606,0,1131.0,28,,100.062,0.0,-4.0,1.562,1.0,0.995,-0.031,12310,17.255,11.765,14,,46,,,,,,,,,,,
2026-09-30T17:32:05.208,84.737,0,1045.0,25,,99.844,12.157,12.5,1.562,1.0,0.984,-0.062,11940,18.039,12.549,14,,,4.688,,,,,,,,,,
2026-09-30T17:32:05.338,84.867,0,977.5,24,,99.625,14.51,10.0,1.562,1.0,1.0,-0.02,11620,17.647,12.941,14,,,,14.199,,,,,,,,,
2026-09-30T17:32:05.468,84.997,0,963.75,29,,99.469,16.471,2.0,3.125,1.001,1.029,0.012,11180,14.51,12.157,13,,,,,97,,,,,,,,
2026-09-30T17:32:05.599,85.128,0,990.0,27,,99.219,15.294,1.5,2.344,1.001,0.986,-0.055,10760,14.902,11.765,14,,,,,,24,,,,,,,
2026-09-30T17:32:05.728,85.256,0,992.75,26,,99.031,14.118,2.0,0.0,1.001,0.916,-0.223,10340,15.686,11.765,14,,,,,,,36.078,,,,,,
2026-09-30T17:32:05.858,85.387,0,989.5,24,,98.812,12.549,2.0,-3.125,1.001,0.898,-0.266,10060,15.686,11.765,14,,,,,,,,421.2,,,,,
2026-09-30T17:32:05.988,85.517,0,975.0,24,,98.75,12.549,5.0,-2.344,1.001,0.925,-0.199,9780,16.078,12.157,13,,,,,,,,,0.755,,,,
2026-09-30T17:32:06.120,85.649,0,952.75,23,,98.5,12.549,5.0,-1.562,1.001,0.957,-0.125,9510,16.078,12.157,13,,,,,,,,,,,0.781,,
2026-09-30T17:32:06.248,85.777,0,940.25,24,,98.469,14.51,3.5,-0.781,1.002,0.979,-0.074,9180,18.824,12.157,13,,,,,,,,,,,,15.686,
2026-09-30T17:32:06.379,85.907,0,950.25,26,,98.375,14.51,11.0,0.0,1.002,0.983,-0.062,8810,22.353,13.725,13,,,,,,,,,,,,,113
2026-09-30T17:32:06.508,86.037,0,980.75,29,,98.156,18.431,14.0,-1.562,1.002,0.955,-0.129,8240,26.667,16.078,13,97,,,,,,,,,,,,
2026-09-30T17:32:06.638,86.167,0,1040.25,37,,97.875,29.412,9.5,-2.344,1.001,0.956,-0.125,7610,26.667,16.078,14,,46,,,,,,,,,,,
2026-09-30T17:32:06.769,86.297,0,1098.25,51,,97.875,30.588,7.0,-1.562,1.0,0.987,-0.055,7430,26.667,16.078,14,,,0.781,,,,,,,,,,
2026-09-30T17:32:06.898,86.427,0,1100.75,53,,97.875,31.765,1.5,-0.781,1.0,0.992,-0.039,7870,26.667,15.686,14,,,,14.335,,,,,,,,,
2026-09-30T17:32:07.028,86.557,0,1099.0,54,,97.875,31.373,1.5,-1.562,1.0,0.981,-0.066,8620,27.059,15.686,14,,,,,97,,,,,,,,
2026-09-30T17:32:07.158,86.687,0,1106.0,54,,97.938,31.373,9.5,-1.562,1.0,0.988,-0.051,9190,29.804,16.863,15,,,,,,24,,,,,,,
2026-09-30T17:32:07.288,86.817,0,1123.0,57,,97.844,34.118,10.0,-1.562,1.0,0.988,-0.051,9820,30.588,18.431,15,,,,,,,36.078,,,,,,
2026-09-30T17:32:07.418,86.947,0,1157.25,67,,97.688,38.431,11.0,-1.562,1.0,0.992,-0.039,10450,30.588,18.039,15,,,,,,,,421.6,,,,,
2026-09-30T17:32:07.548,87.077,0,1187.0,70,,98.062,37.255,11.5,-1.562,1.001,0.998,-0.027,11340,30.588,18.039,16,,,,,,,,,0.78,,,,
2026-09-30T17:32:07.678,87.206,0,1209.0,73,,98.188,36.471,11.5,-1.562,1.001,1.004,-0.016,11980,30.588,18.039,16,,,,,,,,,,,0.781,,
2026-09-30T17:32:07.808,87.336,0,1227.25,73,,98.438,35.294,12.0,-0.781,1.002,1.016,-0.004,12650,30.588,18.431,17,,,,,,,,,,,,49.804,
2026-09-30T17:32:07.938,87.466,0,1252.0,73,,98.5,34.51,12.5,0.0,0.999,1.024,0.004,13480,30.588,18.824,17,,,,,,,,,,,,,115
2026-09-30T17:32:08.068,87.597,0,1293.25,74,,98.812,34.118,12.5,1.562,0.996,1.017,-0.004,14120,30.588,19.216,18,97,,,,,,,,,,,,
2026-09-30T17:32:08.199,87.727,0,1339.5,74,,98.938,32.941,13.0,2.344,1.003,1.021,0.0,14400,30.196,19.216,18,,47,,,,,,,,,,,
2026-09-30T17:32:08.328,87.857,0,1377.0,75,,99.156,32.157,13.5,3.125,1.008,1.017,-0.004,14580,30.196,19.216,19,,,0.0,,,,,,,,,,
2026-09-30T17:32:08.458,87.986,0,1424.0,74,,99.781,29.02,14.0,3.125,1.003,1.006,-0.016,14570,29.804,19.216,20,,,,14.296,,,,,,,,,
2026-09-30T17:32:08.588,88.116,0,1467.5,75,,99.906,27.843,14.0,2.344,0.995,0.994,-0.035,14580,29.412,19.216,20,,,,,97,,,,,,,,
2026-09-30T17:32:08.718,88.247,0,1504.5,73,,100.188,25.49,15.0,2.344,0.998,0.995,-0.035,14400,27.451,16.863,21,,,,,,24,,,,,,,
2026-09-30T17:32:08.849,88.377,0,1530.5,71,,100.969,19.216,15.5,2.344,1.0,0.997,-0.027,13880,18.431,14.51,21,,,,,,,36.078,,,,,,
2026-09-30T17:32:08.978,88.506,0,1550.75,50,,100.125,0.0,15.0,2.344,1.001,0.991,-0.043,13320,14.51,14.118,21,,,,,,,,421.3,,,,,
2026-09-30T17:32:09.108,88.637,0,1570.5,40,,100.031,0.0,15.5,2.344,1.0,0.997,-0.027,12690,14.51,13.333,22,,,,,,,,,0.75,,,,
2026-09-30T17:32:09.239,88.767,0,1581.25,33,,99.781,0.0,18.5,3.125,1.0,1.012,-0.008,12250,14.51,12.549,22,,,,,,,,,,,0.781,,
2026-09-30T17:32:09.368,88.897,0,1580.5,23,,99.469,0.0,30.0,1.562,0.999,0.97,-0.098,11840,14.51,12.941,22,,,,,,,,,,,,12.549,
2026-09-30T17:32:09.498,89.027,0,1576.5,22,,99.188,0.0,32.0,1.562,1.0,0.981,-0.07,11330,14.51,13.333,22,,,,,,,,,,,,,116
2026-09-30T17:32:09.628,89.156,0,1625.0,22,,99.125,0.0,26.0,2.344,1.0,1.005,-0.016,10820,14.51,13.333,22,98,,,,,,,,,,,,
2026-09-30T17:32:09.758,89.286,0,1602.75,22,,98.812,0.0,19.0,3.125,1.001,1.021,0.0,10330,14.51,12.941,22,,46,,,,,,,,,,,
2026-09-30T17:32:09.888,89.417,0,1607.25,22,,98.562,0.0,14.5,3.125,1.001,1.001,-0.02,9860,14.51,12.941,22,,,2.344,,,,,,,,,,
2026-09-30T17:32:10.018,89.547,0,1603.0,22,,98.5,0.0,9.5,2.344,1.001,0.998,-0.023,9420,14.51,13.333,22,,,,14.257,,,,,,,,,
2026-09-30T17:32:10.148,89.677,0,1605.25,21,,98.344,0.0,5.0,3.125,1.001,1.021,0.0,8970,14.51,13.333,22,,,,,97,,,,,,,,
2026-09-30T17:32:10.279,89.807,0,1607.75,22,,98.188,0.0,1.0,0.0,1.001,1.028,0.008,8530,14.51,12.941,22,,,,,,24,,,,,,,
2026-09-30T17:32:10.408,89.937,0,1584.25,22,,98.469,0.0,-1.0,0.0,1.001,1.105,0.094,8990,14.51,12.941,22,,,,,,,36.078,,,,,,
2026-09-30T17:32:10.538,90.066,0,1578.5,22,,98.5,0.0,-1.0,0.0,1.002,1.35,0.328,9150,14.51,12.941,22,,,,,,,,423.3,,,,,
2026-09-30T17:32:10.669,90.197,0,1568.5,23,,98.5,0.0,-1.0,0.0,0.997,1.881,0.633,9150,14.51,12.941,21,,,,,,,,,0.745,,,,
2026-09-30T17:32:10.798,90.327,0,1566.75,24,,98.5,0.0,-1.0,0.0,1.025,2.0,0.852,9500,14.51,12.941,21,,,,,,,,,,,0.781,,
2026-09-30T17:32:10.928,90.457,0,1551.25,24,,98.5,0.0,-1.0,0.0,1.103,2.0,1.016,9660,14.51,12.941,21,,,,,,,,,,,,13.333,
2026-09-30T17:32:11.059,90.587,0,1541.25,24,,98.469,0.0,-1.5,0.0,1.168,2.0,1.109,9670,14.51,12.941,21,,,,,,,,,,,,,118
2026-09-30T17:32:11.188,90.717,0,1526.25,24,,98.5,0.0,-1.5,0.0,1.237,2.0,1.172,9670,14.51,12.941,21,98,,,,,,,,,,,,
2026-09-30T17:32:11.318,90.847,0,1510.5,24,,98.469,0.0,-1.5,0.0,1.321,2.0,1.195,9670,14.51,12.941,21,,46,,,,,,,,,,,
2026-09-30T17:32:11.448,90.977,0,1500.25,24,,98.5,0.0,-2.0,0.0,1.438,2.0,1.207,9670,14.51,12.549,20,,,3.125,,,,,,,,,,
2026-09-30T17:32:11.578,91.106,0,1494.75,24,,98.5,0.0,-2.0,0.0,1.555,2.0,1.234,9680,14.51,12.549,20,,,,14.355,,,,,,,,,
2026-09-30T17:32:11.708,91.237,0,1484.5,23,,98.5,0.0,-2.0,0.0,1.681,2.0,1.246,9680,14.51,12.549,20,,,,,97,,,,,,,,
2026-09-30T17:32:11.838,91.366,0,1463.75,23,,98.5,0.0,-2.5,0.0,1.743,2.0,1.258,9680,14.51,12.549,20,,,,,,24,,,,,,,
2026-09-30T17:32:11.978,91.507,0,1457.75,23,,98.5,0.0,-2.5,0.0,1.777,2.0,1.258,9680,14.51,12.549,20,,,,,,,36.078,,,,,,
2026-09-30T17:32:12.108,91.636,0,1449.25,23,,98.5,0.0,-2.5,0.0,1.79,2.0,1.254,9690,14.51,12.549,20,,,,,,,,425.5,,,,,
2026-09-30T17:32:12.238,91.766,0,1441.5,23,,98.469,0.0,-2.5,0.0,1.795,2.0,1.266,9690,14.51,12.549,20,,,,,,,,,0.1,,,,
2026-09-30T17:32:12.368,91.897,0,1431.25,24,,98.5,0.0,-2.5,0.0,1.798,2.0,1.266,9690,14.51,12.549,19,,,,,,,,,,,0.781,,
2026-09-30T17:32:12.498,92.027,0,1419.75,24,,98.5,0.0,-2.5,0.0,1.799,2.0,1.266,9690,14.51,12.549,19,,,,,,,,,,,,13.333,
2026-09-30T17:32:12.628,92.157,0,1408.25,24,,98.5,0.0,-3.0,0.0,1.8,2.0,1.266,9690,14.51,12.549,19,,,,,,,,,,,,,119
2026-09-30T17:32:12.758,92.287,0,1393.5,24,,98.469,0.0,-3.0,0.0,1.8,2.0,1.27,9690,14.51,12.549,19,98,,,,,,,,,,,,
2026-09-30T17:32:12.888,92.417,0,1381.5,24,,98.469,0.0,-4.0,0.0,1.8,2.0,1.27,9690,14.51,12.549,19,,47,,,,,,,,,,,
2026-09-30T17:32:13.019,92.547,0,1365.75,24,,98.469,0.0,-4.0,0.0,1.8,2.0,1.27,9690,14.51,12.549,19,,,3.906,,,,,,,,,,
2026-09-30T17:32:13.149,92.677,0,1347.5,23,,98.469,0.0,-4.0,0.0,1.8,2.0,1.27,9700,14.51,12.549,18,,,,14.296,,,,,,,,,
2026-09-30T17:32:13.278,92.806,0,1324.75,24,,98.406,0.0,-4.0,0.0,1.8,2.0,1.273,9700,14.51,12.549,18,,,,,97,,,,,,,,
2026-09-30T17:32:13.408,92.936,0,1297.25,24,,98.469,0.0,-4.5,0.0,1.8,2.0,1.27,9700,14.51,12.549,18,,,,,,24,,,,,,,
2026-09-30T17:32:13.538,93.066,0,1271.75,24,,98.281,0.0,-5.0,0.0,1.8,2.0,1.273,9710,14.51,12.157,17,,,,,,,36.078,,,,,,
2026-09-30T17:32:13.668,93.197,0,1237.0,24,,98.219,0.0,-5.5,0.0,1.8,2.0,1.273,9700,14.51,12.157,17,,,,,,,,427.3,,,,,
2026-09-30T17:32:13.798,93.326,0,1218.0,24,,98.219,0.0,-6.0,0.0,1.8,2.0,1.273,9700,14.51,12.157,16,,,,,,,,,0.095,,,,
2026-09-30T17:32:13.928,93.457,0,1181.75,24,,98.188,0.0,-6.5,0.0,1.8,2.0,1.273,9710,14.51,12.157,16,,,,,,,,,,,0.781,,
2026-09-30T17:32:14.059,93.587,0,1145.0,24,,98.188,0.0,-7.0,0.0,1.8,2.0,1.273,9710,14.51,12.157,15,,,,,,,,,,,,14.51,
2026-09-30T17:32:14.188,93.716,0,1102.0,24,,98.188,11.373,-7.5,0.0,1.846,2.0,1.273,9700,14.51,12.157,15,,,,,,,,,,,,,121
2026-09-30T17:32:14.319,93.847,0,1068.0,24,,98.188,12.157,-8.5,0.0,1.832,2.0,1.258,9680,14.51,11.765,14,99,,,,,,,,,,,,
2026-09-30T17:32:14.448,93.976,0,1037.25,24,,98.156,12.157,-5.5,0.0,1.587,2.0,1.125,9450,14.51,11.765,14,,47,,,,,,,,,,,
2026-09-30T17:32:14.579,94.107,0,1002.5,23,,98.062,11.373,3.0,0.0,1.38,2.0,1.039,9160,14.51,11.765,13,,,5.469,,,,,,,,,,
2026-09-30T17:32:14.708,94.236,0,981.0,22,,97.938,11.373,5.0,0.0,1.229,2.0,0.758,8900,14.51,11.765,13,,,,14.277,,,,,,,,,
2026-09-30T17:32:14.838,94.366,0,937.75,22,,97.906,13.333,6.5,0.0,1.13,1.41,0.375,8580,14.51,12.157,12,,,,,97,,,,,,,,
2026-09-30T17:32:14.968,94.497,0,903.5,25,,97.875,14.118,5.0,0.0,1.043,1.22,0.215,8210,14.51,12.549,12,,,,,,24,,,,,,,
2026-09-30T17:32:15.098,94.626,0,875.75,27,,97.844,16.078,0.5,0.0,0.992,1.075,0.062,7810,14.51,12.549,11,,,,,,,36.078,,,,,,
2026-09-30T17:32:15.228,94.756,0,850.75,30,,97.781,18.039,-1.5,0.0,0.955,1.031,0.012,7410,14.51,12.549,11,,,,,,,,428.2,,,,,
2026-09-30T17:32:15.359,94.887,0,845.75,31,,97.656,18.824,-2.5,0.0,0.936,1.021,0.0,7090,14.51,12.549,10,,,,,,,,,0.105,,,,
2026-09-30T17:32:15.488,95.016,0,843.5,31,,97.594,19.216,-3.0,0.0,0.923,1.011,-0.008,6640,14.51,12.549,10,,,,,,,,,,,0.781,,
2026-09-30T17:32:15.620,95.149,0,849.0,32,,97.531,19.216,-3.5,3.125,0.916,0.993,-0.039,6200,14.51,12.549,9,,,,,,,,,,,,20.784,
2026-09-30T17:32:15.748,95.276,0,855.5,32,,97.531,19.608,-4.0,3.125,0.911,0.979,-0.074,5750,14.51,12.549,8,,,,,,,,,,,,,122
2026-09-30T17:32:15.878,95.407,0,859.25,32,,97.531,19.216,-4.5,3.906,0.909,0.965,-0.109,5420,14.51,12.549,8,99,,,,,,,,,,,,
2026-09-30T17:32:16.008,95.536,0,860.0,31,,97.531,18.431,-3.0,3.906,0.907,0.953,-0.133,5000,14.51,12.549,7,,47,,,,,,,,,,,
2026-09-30T17:32:16.138,95.666,0,860.75,31,,97.531,18.039,-3.0,3.906,0.906,0.942,-0.16,4580,14.51,12.549,6,,,3.125,,,,,,,,,,
2026-09-30T17:32:16.268,95.796,0,846.75,30,,97.531,18.039,-2.0,3.906,0.906,0.935,-0.176,4250,14.51,12.549,6,,,,14.277,,,,,,,,,
2026-09-30T17:32:16.398,95.927,0,837.5,32,,97.5,19.608,-3.0,3.125,0.905,0.922,-0.207,3840,14.51,12.549,5,,,,,97,,,,,,,,
2026-09-30T17:32:16.528,96.056,0,838.75,32,,97.531,20.0,-4.0,3.125,0.905,0.913,-0.227,3420,14.51,12.157,5,,,,,,23,,,,,,,
2026-09-30T17:32:16.658,96.186,0,829.75,32,,97.5,19.216,-5.5,3.125,0.905,0.918,-0.215,3100,14.51,12.549,4,,,,,,,36.078,,,,,,
2026-09-30T17:32:16.788,96.316,0,816.5,31,,97.406,19.216,-3.0,3.125,0.904,0.921,-0.207,2730,14.51,12.549,4,,,,,,,,427.9,,,,,
2026-09-30T17:32:16.919,96.447,0,808.25,32,,97.375,19.216,-2.5,3.906,0.903,0.924,-0.203,2620,14.51,12.549,3,,,,,,,,,0.18,,,,
2026-09-30T17:32:17.048,96.576,0,796.75,32,,97.406,20.0,-2.5,3.906,0.902,0.928,-0.191,2640,14.51,12.549,3,,,,,,,,,,,0.781,,
2026-09-30T17:32:17.178,96.707,0,800.0,33,,97.344,20.0,-4.5,4.688,0.901,0.929,-0.191,2730,14.51,12.549,3,,,,,,,,,,,,20.784,
2026-09-30T17:32:17.308,96.836,0,805.5,33,,97.281,20.0,-6.0,4.688,0.9,0.924,-0.203,2840,14.51,12.549,2,,,,,,,,,,,,,124
2026-09-30T17:32:17.438,96.967,0,810.0,32,,97.281,19.608,-6.0,4.688,0.899,0.917,-0.219,2910,14.51,12.549,2,100,,,,,,,,,,,,
2026-09-30T17:32:17.568,97.096,0,813.25,32,,97.25,19.608,-4.5,4.688,0.898,0.911,-0.234,2970,14.51,12.549,2,,47,,,,,,,,,,,
2026-09-30T17:32:17.698,97.226,0,814.0,32,,97.219,19.608,-4.5,4.688,0.897,0.903,-0.254,2980,14.51,12.549,1,,,3.125,,,,,,,,,,
2026-09-30T17:32:17.828,97.356,0,815.25,32,,97.219,19.608,-5.0,3.906,0.896,0.898,-0.266,2960,14.51,12.549,1,,,,14.238,,,,,,,,,
2026-09-30T17:32:17.958,97.486,0,812.5,32,,97.219,19.608,-4.5,3.906,0.895,0.894,-0.281,3010,14.51,12.549,1,,,,,97,,,,,,,,
2026-09-30T17:32:18.088,97.616,0,812.0,32,,97.219,19.608,-5.0,3.906,0.894,0.893,-0.281,3080,14.51,12.549,1,,,,,,23,,,,,,,
2026-09-30T17:32:18.219,97.747,0,816.75,32,,97.219,19.608,-5.0,3.906,0.893,0.892,-0.285,3190,14.51,12.549,0,,,,,,,36.078,,,,,,
2026-09-30T17:32:18.348,97.876,0,817.0,32,,97.219,19.608,-5.5,3.906,0.891,0.889,-0.293,3510,14.51,12.549,0,,,,,,,,427.3,,,,,
2026-09-30T17:32:18.478,98.006,0,810.75,32,,97.219,19.608,-5.5,3.906,0.89,0.884,-0.309,3710,14.51,12.157,0,,,,,,,,,0.205,,,,
2026-09-30T17:32:18.608,98.136,0,806.0,32,,97.219,19.608,-4.5,3.125,0.888,0.878,-0.324,3700,14.51,12.157,0,,,,,,,,,,,0.781,,
2026-09-30T17:32:18.738,98.266,0,805.0,32,,97.219,19.216,-4.0,3.125,0.887,0.871,-0.348,3620,14.51,12.157,0,,,,,,,,,,,,20.0,
2026-09-30T17:32:18.868,98.397,0,800.0,32,,97.219,19.608,-4.0,3.125,0.885,0.871,-0.344,3550,14.51,12.157,0,,,,,,,,,,,,,126
2026-09-30T17:32:18.998,98.526,0,792.25,32,,97.219,19.608,-2.5,3.125,0.884,0.875,-0.336,3500,14.51,12.157,0,101,,,,,,,,,,,,
2026-09-30T17:32:19.128,98.656,0,793.0,32,,97.219,19.608,-3.0,3.125,0.883,0.878,-0.324,3510,14.51,12.157,0,,48,,,,,,,,,,,
2026-09-30T17:32:19.258,98.787,0,792.0,32,,97.219,19.216,-2.0,3.906,0.882,0.882,-0.316,3630,14.51,12.157,0,,,3.125,,,,,,,,,,
2026-09-30T17:32:19.389,98.917,0,790.0,32,,97.219,19.216,-2.5,3.906,0.882,0.885,-0.305,3750,14.51,12.157,0,,,,14.238,,,,,,,,,
2026-09-30T17:32:19.519,99.047,0,794.25,32,,97.219,19.216,-3.5,3.906,0.881,0.886,-0.305,3870,14.51,12.157,0,,,,,97,,,,,,,,
2026-09-30T17:32:19.648,99.176,0,796.5,32,,97.219,19.216,-3.5,3.906,0.881,0.886,-0.305,3890,14.51,12.157,0,,,,,,23,,,,,,,
2026-09-30T17:32:19.778,99.306,0,793.25,32,,97.219,19.608,-3.5,3.906,0.881,0.884,-0.309,3870,14.51,12.157,0,,,,,,,36.078,,,,,,
2026-09-30T17:32:19.908,99.436,0,794.75,32,,97.219,20.0,-4.0,3.906,0.881,0.883,-0.312,3810,14.51,12.157,0,,,,,,,,426.6,,,,,
2026-09-30T17:32:20.038,99.566,0,790.5,32,,97.219,20.0,-3.5,3.906,0.881,0.881,-0.316,3750,14.51,12.157,0,,,,,,,,,0.225,,,,
2026-09-30T17:32:20.168,99.697,0,795.25,32,,97.219,20.0,-3.0,3.906,0.881,0.877,-0.328,3740,14.51,12.157,0,,,,,,,,,,,0.781,,
2026-09-30T17:32:20.298,99.826,0,792.0,32,,97.219,19.608,-3.0,3.906,0.881,0.876,-0.328,3730,14.51,12.157,0,,,,,,,,,,,,20.392,
2026-09-30T17:32:20.428,99.957,0,789.25,32,,97.219,20.0,-0.5,3.906,0.881,0.879,-0.32,3760,14.51,12.549,0,,,,,,,,,,,,,127
2026-09-30T17:32:20.558,100.086,0,795.75,33,,97.219,20.392,-3.5,3.906,0.881,0.878,-0.324,3820,14.51,12.157,0,101,,,,,,,,,,,,
2026-09-30T17:32:20.688,100.216,0,795.5,32,,97.219,19.608,-2.5,3.906,0.881,0.875,-0.332,3910,14.51,12.157,0,,48,,,,,,,,,,,
2026-09-30T17:32:20.819,100.347,0,795.0,32,,97.219,19.608,-2.5,3.125,0.881,0.873,-0.34,3940,14.51,12.157,0,,,3.125,,,,,,,,,,
2026-09-30T17:32:20.948,100.476,0,792.0,32,,97.219,20.0,-2.0,3.125,0.881,0.873,-0.34,3850,14.51,12.157,0,,,,14.277,,,,,,,,,
2026-09-30T17:32:21.078,100.606,0,795.75,32,,97.219,20.0,-2.0,3.125,0.881,0.87,-0.348,3770,14.51,12.157,0,,,,,97,,,,,,,,
2026-09-30T17:32:21.208,100.736,0,796.0,32,,97.219,20.0,-2.5,3.125,0.881,0.871,-0.348,3730,14.51,12.157,0,,,,,,23,,,,,,,
2026-09-30T17:32:21.338,100.867,0,793.5,32,,97.219,20.0,-3.5,3.125,0.881,0.871,-0.348,3700,14.51,12.157,0,,,,,,,36.078,,,,,,
2026-09-30T17:32:21.468,100.996,0,799.0,32,,97.219,20.0,-4.0,3.125,0.881,0.869,-0.352,3720,14.51,12.157,0,,,,,,,,425.9,,,,,
2026-09-30T17:32:21.598,101.127,0,797.5,32,,97.219,20.392,-3.5,2.344,0.881,0.867,-0.359,3780,14.51,12.157,0,,,,,,,,,0.24,,,,
2026-09-30T17:32:21.728,101.257,0,794.0,32,,97.219,20.0,-5.5,2.344,0.881,0.867,-0.359,3880,14.51,12.157,0,,,,,,,,,,,0.781,,
2026-09-30T17:32:21.858,101.386,0,794.25,32,,97.219,20.0,-4.0,2.344,0.881,0.865,-0.363,3960,14.51,12.157,0,,,,,,,,,,,,20.784,
2026-09-30T17:32:21.988,101.516,0,792.0,32,,97.219,20.0,-3.0,2.344,0.881,0.865,-0.367,3970,14.51,12.157,0,,,,,,,,,,,,,129
2026-09-30T17:32:22.120,101.649,0,792.75,32,,97.219,19.608,-2.0,2.344,0.881,0.866,-0.363,3890,14.51,12.157,0,102,,,,,,,,,,,,
2026-09-30T17:32:22.248,101.776,0,790.0,32,,97.219,20.0,-1.5,1.562,0.881,0.863,-0.371,3790,14.51,12.157,0,,48,,,,,,,,,,,
2026-09-30T17:32:22.378,101.906,0,793.5,32,,97.219,19.608,-2.5,1.562,0.881,0.861,-0.375,3740,14.51,12.157,0,,,3.906,,,,,,,,,,
2026-09-30T17:32:22.508,102.037,0,795.75,32,,97.219,20.0,-3.5,1.562,0.881,0.859,-0.383,3720,14.51,12.157,0,,,,14.296,,,,,,,,,
2026-09-30T17:32:22.638,102.167,0,794.0,32,,97.219,20.0,-4.0,1.562,0.881,0.86,-0.379,3730,14.51,12.157,0,,,,,97,,,,,,,,
2026-09-30T17:32:22.768,102.297,0,796.0,32,,97.219,20.0,-4.0,0.781,0.881,0.861,-0.375,3770,14.51,12.157,0,,,,,,23,,,,,,,
2026-09-30T17:32:22.898,102.426,0,797.75,32,,97.219,20.0,-2.5,0.781,0.881,0.86,-0.379,3840,14.51,12.157,0,,,,,,,36.078,,,,,,
2026-09-30T17:32:23.028,102.556,0,795.0,32,,97.219,20.0,-3.0,0.781,0.881,0.862,-0.375,3920,14.51,12.157,0,,,,,,,,425.0,,,,,
2026-09-30T17:32:23.158,102.686,0,793.25,32,,97.219,20.0,-3.0,0.781,0.881,0.86,-0.379,3930,14.51,12.157,0,,,,,,,,,0.265,,,,
2026-09-30T17:32:23.288,102.816,0,792.5,32,,97.219,20.392,-3.0,0.0,0.881,0.858,-0.387,3920,14.51,12.157,0,,,,,,,,,,,0.781,,
2026-09-30T17:32:23.419,102.947,0,793.5,32,,97.219,20.0,-3.0,0.0,0.881,0.853,-0.402,3880,14.51,12.157,0,,,,,,,,,,,,20.784,
2026-09-30T17:32:23.548,103.076,0,795.75,32,,97.219,20.392,-4.0,0.0,0.881,0.85,-0.414,3810,14.51,12.157,0,,,,,,,,,,,,,130
2026-09-30T17:32:23.678,103.207,0,793.0,32,,97.219,20.0,-3.5,0.0,0.881,0.847,-0.426,3770,14.51,12.157,0,102,,,,,,,,,,,,
2026-09-30T17:32:23.808,103.337,0,794.75,32,,97.219,20.0,-3.0,-0.781,0.881,0.843,-0.438,3760,14.51,12.157,0,,48,,,,,,,,,,,
2026-09-30T17:32:23.938,103.467,0,797.25,33,,97.219,20.0,-4.0,-0.781,0.881,0.844,-0.434,3750,14.51,12.157,0,,,3.906,,,,,,,,,,
2026-09-30T17:32:24.068,103.596,0,797.0,32,,97.219,20.0,-4.5,-1.562,0.881,0.845,-0.43,3770,14.51,12.157,0,,,,14.257,,,,,,,,,
2026-09-30T17:32:24.198,103.726,0,794.5,32,,97.219,20.0,-4.0,-1.562,0.881,0.84,-0.449,3820,14.51,12.157,0,,,,,97,,,,,,,,
2026-09-30T17:32:24.328,103.856,0,793.5,33,,97.219,20.0,-2.0,-2.344,0.881,0.837,-0.457,3880,14.51,12.157,0,,,,,,23,,,,,,,
2026-09-30T17:32:24.458,103.987,0,799.5,32,,97.219,20.0,-4.0,-3.125,0.881,0.835,-0.465,3910,14.51,12.157,0,,,,,,,36.078,,,,,,
2026-09-30T17:32:24.588,104.116,0,797.75,33,,97.219,20.0,-5.5,-3.125,0.881,0.832,-0.473,3940,14.51,12.157,0,,,,,,,,424.0,,,,,
2026-09-30T17:32:24.718,104.247,0,800.5,32,,97.219,20.0,-5.0,-3.906,0.881,0.835,-0.465,3930,14.51,12.157,0,,,,,,,,,0.405,,,,
2026-09-30T17:32:24.848,104.376,0,801.25,32,,97.219,20.0,10.5,-3.906,0.881,0.834,-0.469,3880,14.51,14.902,0,,,,,,,,,,,0.781,,
2026-09-30T17:32:24.978,104.507,0,820.25,40,,96.938,30.588,-1.5,-4.688,0.881,0.839,-0.449,3990,14.51,13.333,0,,,,,,,,,,,,30.98,
2026-09-30T17:32:25.108,104.636,0,855.25,46,,97.219,29.412,-7.0,-4.688,0.881,0.853,-0.406,4370,14.51,12.941,0,,,,,,,,,,,,,132
2026-09-30T17:32:25.238,104.767,0,877.75,44,,97.219,26.275,-5.0,-3.906,0.88,0.862,-0.375,4790,14.51,13.333,0,102,,,,,,,,,,,,
2026-09-30T17:32:25.368,104.897,0,859.25,42,,97.219,27.451,-3.5,-3.906,0.88,0.86,-0.383,5400,14.51,12.941,0,,48,,,,,,,,,,,
2026-09-30T17:32:25.498,105.026,0,842.25,43,,97.219,28.235,0.0,-4.688,0.887,0.856,-0.391,6130,14.51,13.333,1,,,3.125,,,,,,,,,,
2026-09-30T17:32:25.628,105.156,0,830.75,43,,97.219,27.451,-2.5,-4.688,0.869,0.852,-0.41,6730,14.51,12.941,1,,,,14.238,,,,,,,,,
2026-09-30T17:32:25.758,105.286,0,832.25,42,,97.219,27.059,-4.0,-5.469,0.89,0.863,-0.371,7390,14.51,12.549,1,,,,,97,,,,,,,,
2026-09-30T17:32:25.888,105.416,0,833.0,41,,97.219,26.275,-3.5,-6.25,0.933,0.901,-0.258,7540,14.51,12.549,2,,,,,,23,,,,,,,
2026-09-30T17:32:26.018,105.547,0,836.5,41,,97.219,25.882,-2.0,-6.25,0.961,0.932,-0.184,7490,14.51,12.549,2,,,,,,,36.078,,,,,,
2026-09-30T17:32:26.148,105.676,0,840.0,40,,97.219,25.882,-2.5,-6.25,0.98,0.951,-0.141,7250,14.51,12.549,2,,,,,,,,423.0,,,,,
2026-09-30T17:32:26.279,105.807,0,841.0,39,,97.219,25.098,-3.0,-6.25,0.99,0.95,-0.141,7070,14.51,12.549,2,,,,,,,,,0.865,,,,
2026-09-30T17:32:26.408,105.937,0,841.5,38,,97.219,24.706,-2.5,-7.031,0.996,0.949,-0.145,6750,14.51,12.549,2,,,,,,,,,,,0.781,,
2026-09-30T17:32:26.538,106.066,0,840.0,39,,97.219,23.922,-2.5,-7.812,0.999,0.946,-0.148,6440,14.51,12.549,2,,,,,,,,,,,,25.49,
2026-09-30T17:32:26.668,106.196,0,837.75,38,,97.219,23.922,-5.0,-8.594,1.001,0.94,-0.164,6150,14.51,12.157,2,,,,,,,,,,,,,133
2026-09-30T17:32:26.798,106.327,0,838.5,37,,97.281,23.529,-4.0,-9.375,1.002,0.939,-0.164,5780,14.51,12.157,2,103,,,,,,,,,,,,
2026-09-30T17:32:26.927,106.456,0,833.25,36,,97.219,22.745,-2.0,-9.375,1.002,0.944,-0.156,5440,14.51,12.157,2,,48,,,,,,,,,,,
2026-09-30T17:32:27.058,106.587,0,821.0,36,,97.219,22.353,-1.0,-10.156,1.005,0.946,-0.148,5180,14.51,12.157,2,,,4.688,,,,,,,,,,
2026-09-30T17:32:27.198,106.727,0,822.0,36,,97.219,22.745,-3.5,-10.156,1.008,0.954,-0.133,4840,14.51,12.157,2,,,,14.238,,,,,,,,,
2026-09-30T17:32:27.328,106.857,0,820.75,36,,97.219,21.961,-2.5,-10.156,1.009,0.954,-0.133,4660,14.51,12.157,2,,,,,97,,,,,,,,
2026-09-30T17:32:27.458,106.987,0,821.75,35,,97.219,21.961,-5.5,-10.938,1.01,0.951,-0.137,4440,14.51,12.157,2,,,,,,23,,,,,,,
2026-09-30T17:32:27.588,107.116,0,821.0,34,,97.219,20.784,-5.5,-11.719,1.011,0.945,-0.152,4200,14.51,12.157,1,,,,,,,36.078,,,,,,
2026-09-30T17:32:27.718,107.247,0,807.25,34,,97.219,20.784,-2.5,-11.719,1.011,0.95,-0.141,4010,14.51,13.725,1,,,,,,,,422.9,,,,,
2026-09-30T17:32:27.848,107.376,0,807.25,33,,97.188,26.667,3.5,-11.719,1.011,0.964,-0.109,3930,14.51,12.549,1,,,,,,,,,0.905,,,,
2026-09-30T17:32:27.978,107.506,0,825.75,39,,97.219,24.706,-5.5,-11.719,1.011,0.986,-0.055,4070,14.51,12.157,1,,,,,,,,,,,0.781,,
2026-09-30T17:32:28.108,107.637,0,857.0,38,,97.219,23.529,-7.0,-10.938,1.011,1.0,-0.02,4470,14.51,12.157,1,,,,,,,,,,,,23.529,
2026-09-30T17:32:28.237,107.766,0,852.5,36,,97.219,21.176,-4.5,-10.156,1.011,1.019,0.0,4610,14.51,12.549,1,,,,,,,,,,,,,135
2026-09-30T17:32:28.368,107.896,0,855.75,35,,97.219,21.961,-4.0,-10.156,1.009,1.005,-0.016,4580,14.51,12.549,0,103,,,,,,,,,,,,
2026-09-30T17:32:28.498,108.027,0,849.5,35,,97.219,21.961,-5.0,-10.938,1.009,0.997,-0.027,4540,14.51,12.549,0,,48,,,,,,,,,,,
2026-09-30T17:32:28.627,108.156,0,846.25,35,,97.219,21.569,-3.0,-10.938,1.008,0.999,-0.023,4560,14.51,12.549,0,,,4.688,,,,,,,,,,
2026-09-30T17:32:28.758,108.286,0,847.5,35,,97.219,21.569,-3.0,-10.156,1.007,1.004,-0.016,4570,14.51,12.549,0,,,,14.238,,,,,,,,,
2026-09-30T17:32:28.888,108.417,0,845.5,34,,97.219,21.176,-2.0,-10.156,1.006,1.013,-0.008,4530,14.51,12.549,0,,,,,97,,,,,,,,
2026-09-30T17:32:29.018,108.547,0,841.25,35,,97.219,21.569,-1.0,-9.375,1.005,1.021,0.0,4520,14.51,12.549,0,,,,,,23,,,,,,,
2026-09-30T17:32:29.148,108.676,0,840.25,35,,97.219,21.569,-2.0,-9.375,1.004,1.028,0.008,4560,14.51,12.941,0,,,,,,,36.078,,,,,,
2026-09-30T17:32:29.278,108.806,0,846.5,35,,97.219,22.745,6.5,-8.594,1.004,1.033,0.016,4690,14.51,13.725,0,,,,,,,,422.8,,,,,
2026-09-30T17:32:29.408,108.936,0,853.25,43,,97.219,27.843,-2.5,-7.812,1.004,1.043,0.027,5090,14.51,13.333,0,,,,,,,,,0.895,,,,
2026-09-30T17:32:29.538,109.067,0,854.75,44,,97.219,28.627,-2.5,-7.031,1.003,1.061,0.047,5480,14.51,13.333,0,,,,,,,,,,,0.781,,
2026-09-30T17:32:29.668,109.196,0,854.5,45,,97.219,29.804,-4.5,-6.25,1.003,1.062,0.051,6110,14.51,13.333,0,,,,,,,,,,,,30.98,
2026-09-30T17:32:29.798,109.326,0,854.5,45,,97.219,29.412,-5.0,-6.25,1.003,1.052,0.035,6760,14.51,13.333,0,,,,,,,,,,,,,136
2026-09-30T17:32:29.927,109.456,0,856.75,45,,97.219,29.02,-5.5,-6.25,1.002,1.038,0.02,7430,14.51,12.941,1,103,,,,,,,,,,,,
2026-09-30T17:32:30.058,109.587,0,851.25,43,,97.25,27.843,-5.5,-6.25,1.002,1.026,0.008,7890,14.51,12.941,1,,49,,,,,,,,,,,
2026-09-30T17:32:30.188,109.716,0,843.25,43,,97.219,27.451,-1.0,-6.25,1.002,1.029,0.012,8150,14.51,13.333,1,,,3.125,,,,,,,,,,
2026-09-30T17:32:30.319,109.847,0,840.75,43,,97.219,28.235,0.5,-5.469,1.002,1.043,0.027,8210,14.51,13.725,2,,,,14.257,,,,,,,,,
2026-09-30T17:32:30.448,109.976,0,841.75,44,,97.219,29.412,0.5,-4.688,1.002,1.055,0.039,8360,14.51,13.333,2,,,,,97,,,,,,,,
2026-09-30T17:32:30.578,110.106,0,842.75,46,,97.219,30.196,-0.5,-3.125,1.002,1.069,0.055,8680,14.51,13.333,2,,,,,,23,,,,,,,
2026-09-30T17:32:30.709,110.237,0,845.5,47,,97.219,30.98,-2.0,-2.344,1.002,1.068,0.055,9020,14.51,13.333,3,,,,,,,36.078,,,,,,
2026-09-30T17:32:30.838,110.366,0,849.0,47,,97.219,30.196,-4.0,-2.344,1.002,1.054,0.039,9410,14.902,13.333,3,,,,,,,,422.6,,,,,
2026-09-30T17:32:30.968,110.496,0,849.0,47,,97.312,30.196,-4.5,-3.125,1.002,1.037,0.02,9420,15.294,12.941,3,,,,,,,,,0.88,,,,
2026-09-30T17:32:31.098,110.627,0,842.5,46,,97.281,29.412,-2.5,-2.344,1.002,1.038,0.02,9270,16.863,12.941,3,,,,,,,,,,,0.781,,
2026-09-30T17:32:31.228,110.756,0,838.0,46,,97.344,29.412,4.0,-1.562,1.002,1.049,0.031,8950,21.176,13.725,4,,,,,,,,,,,,30.588,
2026-09-30T17:32:31.358,110.886,0,843.25,46,,97.312,30.98,8.5,-1.562,1.002,1.054,0.039,8690,23.922,14.902,4,,,,,,,,,,,,,138
2026-09-30T17:32:31.488,111.017,0,877.0,50,,97.219,34.51,0.5,-0.781,1.002,1.056,0.043,8820,24.314,14.51,4,104,,,,,,,,,,,,
2026-09-30T17:32:31.620,111.149,0,958.25,52,,97.312,33.333,-2.0,-0.781,1.002,1.034,0.016,9220,23.922,14.118,5,,49,,,,,,,,,,,
2026-09-30T17:32:31.748,111.277,0,1055.0,52,,97.406,29.02,-4.5,-1.562,1.003,1.003,-0.016,9970,24.314,14.118,5,,,1.562,,,,,,,,,,
2026-09-30T17:32:31.878,111.407,0,1094.75,46,,97.5,26.667,6.0,-2.344,1.003,0.985,-0.059,10270,25.882,14.902,5,,,,14.218,,,,,,,,,
2026-09-30T17:32:32.008,111.536,0,1106.0,45,,97.344,26.275,10.5,-3.125,1.003,0.984,-0.059,10000,26.275,14.51,6,,,,,97,,,,,,,,
2026-09-30T17:32:32.138,111.666,0,1075.25,48,,97.375,29.02,9.0,-3.125,1.003,0.992,-0.039,10150,26.275,14.902,6,,,,,,23,,,,,,,
2026-09-30T17:32:32.268,111.796,0,1048.75,50,,97.469,30.98,9.5,-3.125,1.003,0.977,-0.082,10440,27.451,15.686,7,,,,,,,36.078,,,,,,
2026-09-30T17:32:32.398,111.926,0,1059.25,52,,97.531,32.941,8.5,-4.688,1.003,0.948,-0.145,11040,30.196,16.863,7,,,,,,,,422.8,,,,,
2026-09-30T17:32:32.528,112.056,0,1100.75,57,,97.406,34.902,9.5,-6.25,1.003,0.944,-0.156,11820,31.765,19.216,8,,,,,,,,,0.86,,,,
2026-09-30T17:32:32.659,112.187,0,1160.75,76,,97.188,42.353,10.0,-7.031,1.003,0.953,-0.137,12560,31.765,21.176,9,,,,,,,,,,,0.781,,
2026-09-30T17:32:32.788,112.317,0,1229.25,82,,97.188,41.569,11.0,-6.25,1.002,0.98,-0.07,13140,32.157,22.353,9,,,,,,,,,,,,59.216,
2026-09-30T17:32:32.918,112.447,0,1283.0,86,,97.469,41.176,10.5,-5.469,1.002,1.003,-0.016,13690,31.765,22.745,10,,,,,,,,,,,,,140
2026-09-30T17:32:33.048,112.576,0,1332.25,87,,98.125,39.216,9.5,-3.906,1.002,1.024,0.004,14290,31.765,22.745,11,104,,,,,,,,,,,,
2026-09-30T17:32:33.178,112.707,0,1398.5,87,,98.531,36.863,10.0,-3.125,1.002,1.033,0.016,15210,31.765,23.529,12,,49,,,,,,,,,,,
2026-09-30T17:32:33.308,112.837,0,1486.5,87,,99.0,33.725,11.5,-1.562,1.002,1.059,0.043,16300,31.765,23.922,13,,,0.0,,,,,,,,,,
2026-09-30T17:32:33.438,112.966,0,1581.25,87,,99.562,26.667,12.0,0.0,1.002,1.065,0.051,15790,31.373,22.745,13,,,,14.238,,,,,,,,,
2026-09-30T17:32:33.568,113.097,0,1653.5,86,,100.844,25.098,12.5,0.781,1.002,1.073,0.059,15350,31.373,23.137,14,,,,,97,,,,,,,,
2026-09-30T17:32:33.698,113.227,0,1710.25,86,,101.438,24.314,13.0,1.562,1.002,1.062,0.047,15380,29.804,20.784,15,,,,,,23,,,,,,,
2026-09-30T17:32:33.828,113.356,0,1755.75,85,,102.125,23.529,-10.0,2.344,1.002,1.047,0.031,14980,30.196,19.608,15,,,,,,,36.078,,,,,,
2026-09-30T17:32:33.958,113.487,0,1559.25,78,,103.688,23.922,-8.0,2.344,1.002,1.029,0.012,14700,30.196,18.824,15,,,,,,,,422.6,,,,,
2026-09-30T17:32:34.088,113.616,0,1423.75,79,,104.156,28.235,-4.0,2.344,1.002,1.029,0.012,14930,30.196,18.431,16,,,,,,,,,0.84,,,,
2026-09-30T17:32:34.219,113.747,0,1381.75,77,,104.375,29.412,0.0,2.344,1.002,1.019,0.0,14900,29.804,17.255,16,,,,,,,,,,,0.781,,
2026-09-30T17:32:34.348,113.876,0,1339.5,76,,104.625,29.804,4.0,2.344,1.002,1.007,-0.012,14580,29.804,16.863,17,,,,,,,,,,,,44.706,
2026-09-30T17:32:34.478,114.006,0,1304.75,69,,104.312,29.412,12.5,3.125,1.002,1.021,0.0,13990,30.196,17.647,17,,,,,,,,,,,,,141
2026-09-30T17:32:34.608,114.137,0,1278.0,71,,104.125,31.373,12.5,3.906,1.001,1.013,-0.008,14050,29.804,17.255,18,104,,,,,,,,,,,,
2026-09-30T17:32:34.738,114.266,0,1311.0,72,,103.719,29.804,12.5,3.125,1.002,0.992,-0.039,14250,28.627,16.471,18,,48,,,,,,,,,,,
2026-09-30T17:32:34.868,114.397,0,1337.5,66,,103.344,27.059,13.0,2.344,0.995,0.989,-0.051,13970,28.235,16.863,19,,,0.0,,,,,,,,,,
2026-09-30T17:32:34.998,114.527,0,1369.75,64,,103.094,26.667,13.5,2.344,1.002,1.005,-0.016,13400,27.843,16.863,19,,,,14.277,,,,,,,,,
2026-09-30T17:32:35.128,114.656,0,1389.25,63,,102.906,25.49,14.0,3.125,1.007,1.015,-0.004,12880,27.843,16.863,19,,,,,97,,,,,,,,
2026-09-30T17:32:35.258,114.786,0,1406.25,60,,102.438,23.529,14.0,3.125,1.009,1.0,-0.02,12440,27.843,16.863,19,,,,,,23,,,,,,,
2026-09-30T17:32:35.388,114.917,0,1428.75,60,,102.094,22.745,14.0,2.344,0.999,0.991,-0.043,12010,27.843,17.255,19,,,,,,,36.078,,,,,,
2026-09-30T17:32:35.518,115.047,0,1453.0,61,,101.781,22.745,14.5,2.344,0.995,0.988,-0.051,12080,27.843,17.255,20,,,,,,,,424.3,,,,,
2026-09-30T17:32:35.648,115.176,0,1469.5,61,,101.469,21.961,14.5,2.344,0.993,0.983,-0.062,12210,27.843,17.647,20,,,,,,,,,0.815,,,,
2026-09-30T17:32:35.778,115.306,0,1482.25,62,,101.406,21.961,15.0,1.562,1.003,0.994,-0.035,12420,27.843,17.647,20,,,,,,,,,,,0.781,,
2026-09-30T17:32:35.908,115.436,0,1510.75,63,,101.312,21.569,15.0,1.562,1.008,0.999,-0.023,12630,27.843,17.647,20,,,,,,,,,,,,40.0,
2026-09-30T17:32:36.038,115.567,0,1524.5,63,,101.094,20.784,15.5,1.562,1.009,1.012,-0.008,12600,28.235,17.647,21,,,,,,,,,,,,,143
2026-09-30T17:32:36.168,115.696,0,1544.5,63,,101.062,20.392,15.5,2.344,0.998,0.997,-0.027,12590,28.627,18.431,21,105,,,,,,,,,,,,
2026-09-30T17:32:36.298,115.826,0,1572.5,65,,100.938,20.784,15.5,2.344,0.995,0.992,-0.039,13110,28.627,18.431,21,,48,,,,,,,,,,,
2026-09-30T17:32:36.428,115.957,0,1593.5,65,,101.062,20.392,16.0,1.562,0.998,0.992,-0.039,13200,28.627,18.431,22,,,0.0,,,,,,,,,,
2026-09-30T17:32:36.558,116.087,0,1601.25,66,,101.062,20.0,16.0,1.562,1.006,1.012,-0.008,13090,29.412,19.608,22,,,,14.218,,,,,,,,,
2026-09-30T17:32:36.688,116.216,0,1626.75,70,,100.875,21.176,16.0,3.125,1.01,1.015,-0.004,13800,30.588,21.569,22,,,,,97,,,,,,,,
2026-09-30T17:32:36.819,116.347,0,1662.25,77,,100.75,22.745,15.5,1.562,1.002,0.99,-0.047,14840,32.549,26.667,22,,,,,,23,,,,,,,
2026-09-30T17:32:36.948,116.477,0,1715.75,84,,100.531,29.02,13.0,3.125,0.993,1.01,-0.012,15850,32.941,28.235,23,,,,,,,36.078,,,,,,
2026-09-30T17:32:37.078,116.606,0,1766.0,94,,101.594,29.02,12.5,3.125,0.999,1.013,-0.008,16560,33.333,28.235,24,,,,,,,,427.0,,,,,
2026-09-30T17:32:37.208,116.737,0,1787.25,94,,102.781,29.02,11.0,3.125,1.002,1.011,-0.008,16580,33.725,29.02,24,,,,,,,,,0.8,,,,
2026-09-30T17:32:37.348,116.876,0,1821.75,96,,104.844,30.98,11.0,3.125,1.003,1.012,-0.008,16700,34.118,28.235,25,,,,,,,,,,,0.781,,
2026-09-30T17:32:37.479,117.007,0,1859.0,97,,106.188,30.588,11.0,3.906,1.002,1.019,0.0,16590,34.902,28.235,26,,,,,,,,,,,,70.98,
2026-09-30T17:32:37.608,117.136,0,1929.0,98,,107.375,31.765,11.5,4.688,1.001,1.019,0.0,16650,35.294,27.843,27,,,,,,,,,,,,,144
2026-09-30T17:32:37.738,117.267,0,1961.0,98,,108.719,33.725,11.0,4.688,1.001,1.02,0.0,16920,37.255,34.118,27,104,,,,,,,,,,,,
2026-09-30T17:32:37.869,117.397,0,2040.0,106,,110.375,38.431,8.0,5.469,1.001,0.995,-0.031,17990,37.255,35.294,28,,47,,,,,,,,,,,
2026-09-30T17:32:37.998,117.527,0,2061.0,109,,112.75,40.392,7.5,3.906,1.001,0.988,-0.051,18240,37.647,29.804,29,,,-0.781,,,,,,,,,,
2026-09-30T17:32:38.128,117.656,0,2128.0,107,,115.094,38.824,8.0,4.688,1.0,1.02,0.0,17710,38.431,33.725,29,,,,14.238,,,,,,,,,
2026-09-30T17:32:38.258,117.787,0,2095.5,107,,111.469,40.392,-20.0,5.469,1.0,1.008,-0.012,18020,38.824,38.824,30,,,,,97,,,,,,,,
2026-09-30T17:32:38.388,117.917,0,1720.5,110,,112.062,40.784,-5.5,5.469,1.0,1.016,-0.004,18450,38.824,38.431,31,,,,,,23,,,,,,,
2026-09-30T17:32:38.518,118.047,0,1660.25,110,,111.781,41.961,-1.0,5.469,1.001,0.993,-0.039,18370,39.216,39.216,31,,,,,,,36.078,,,,,,
2026-09-30T17:32:38.648,118.176,0,1603.5,109,,110.156,42.745,3.5,4.688,1.0,0.995,-0.031,18330,39.216,40.392,32,,,,,,,,442.9,,,,,
2026-09-30T17:32:38.778,118.307,0,1565.0,108,,109.406,44.706,4.0,4.688,1.001,0.992,-0.039,18340,40.392,45.49,33,,,,,,,,,0.775,,,,
2026-09-30T17:32:38.908,118.436,0,1502.75,108,,108.812,46.667,3.5,4.688,1.0,0.992,-0.039,18320,40.392,55.294,34,,,,,,,,,,,0.781,,
2026-09-30T17:32:39.038,118.567,0,1558.25,108,,108.219,46.275,0.0,4.688,1.004,0.998,-0.023,18220,41.176,56.471,34,,,,,,,,,,,,91.373,
2026-09-30T17:32:39.169,118.697,0,1584.25,109,,109.188,44.314,0.5,4.688,1.001,1.005,-0.016,18180,41.569,58.039,35,,,,,,,,,,,,,146
2026-09-30T17:32:39.298,118.827,0,1619.5,111,,110.812,44.314,0.5,5.469,0.995,0.992,-0.043,18320,41.569,59.216,35,104,,,,,,,,,,,,
2026-09-30T17:32:39.428,118.956,0,1653.75,113,,112.531,44.706,-1.0,4.688,0.997,0.987,-0.055,18470,41.569,60.392,36,,46,,,,,,,,,,,
2026-09-30T17:32:39.558,119.087,0,1685.25,117,,116.469,46.667,-0.5,3.906,1.003,0.989,-0.047,18570,41.961,61.961,37,,,-0.781,,,,,,,,,,
2026-09-30T17:32:39.688,119.217,0,1706.75,119,,118.812,46.667,-1.0,3.125,1.003,0.995,-0.035,18810,41.569,63.137,37,,,,14.218,,,,,,,,,
2026-09-30T17:32:39.819,119.347,0,1747.75,121,,121.0,46.667,-0.5,3.125,0.999,0.992,-0.039,19040,41.569,63.529,38,,,,,97,,,,,,,,
2026-09-30T17:32:39.948,119.477,0,1776.0,124,,124.75,47.843,0.5,3.125,0.995,0.994,-0.035,19260,41.569,65.098,39,,,,,,23,,,,,,,
2026-09-30T17:32:40.079,119.607,0,1811.0,125,,125.219,48.235,0.5,3.125,0.996,0.989,-0.047,19270,41.569,66.275,39,,,,,,,36.078,,,,,,
2026-09-30T17:32:40.208,119.737,0,1852.75,126,,125.781,48.627,0.5,2.344,0.999,0.987,-0.055,19210,41.176,65.098,40,,,,,,,,475.8,,,,,
2026-09-30T17:32:40.338,119.866,0,1879.75,127,,126.594,48.627,1.5,2.344,1.003,0.992,-0.039,19200,40.784,63.529,41,,,,,,,,,0.76,,,,
2026-09-30T17:32:40.468,119.996,0,1916.0,127,,126.562,48.235,2.0,2.344,1.003,0.999,-0.023,19150,40.0,37.647,41,,,,,,,,,,,0.781,,
2026-09-30T17:32:40.599,120.127,0,1928.75,123,,126.688,46.667,2.5,2.344,1.0,0.999,-0.023,18920,40.0,34.118,42,,,,,,,,,,,,101.176,
2026-09-30T17:32:40.728,120.257,0,1966.0,119,,125.469,45.49,3.5,2.344,0.995,0.998,-0.023,18570,40.0,32.941,43,,,,,,,,,,,,,147
2026-09-30T17:32:40.858,120.387,0,1988.75,115,,121.25,43.922,3.5,3.125,0.995,0.996,-0.031,18360,40.0,35.294,43,104,,,,,,,,,,,,
2026-09-30T17:32:40.988,120.517,0,2005.5,114,,119.625,43.529,3.5,2.344,0.998,0.996,-0.031,18400,40.0,40.0,44,,45,,,,,,,,,,,
2026-09-30T17:32:41.120,120.649,0,2009.25,116,,118.062,43.922,4.0,2.344,1.003,1.0,-0.02,18440,40.0,42.353,44,,,-0.781,,,,,,,,,,
2026-09-30T17:32:41.248,120.777,0,1842.75,115,,117.562,43.529,-11.0,3.125,1.002,0.999,-0.023,18750,40.0,40.784,45,,,,14.316,,,,,,,,,
2026-09-30T17:32:41.378,120.907,0,1664.25,116,,117.906,45.49,-3.5,3.125,0.995,0.991,-0.043,18900,40.0,40.392,45,,,,,97,,,,,,,,
2026-09-30T17:32:41.508,121.036,0,1606.25,116,,117.406,46.667,0.0,2.344,0.996,0.987,-0.055,18840,40.0,41.176,45,,,,,,23,,,,,,,
2026-09-30T17:32:41.638,121.167,0,1573.5,115,,116.25,47.843,0.0,2.344,1.0,0.993,-0.035,18640,40.0,41.961,46,,,,,,,36.078,,,,,,
2026-09-30T17:32:41.769,121.297,0,1512.0,114,,114.688,50.98,-0.5,2.344,1.003,1.0,-0.02,18620,40.0,41.961,46,,,,,,,,507.6,,,,,
2026-09-30T17:32:41.899,121.427,0,1468.75,113,,114.094,53.725,-1.0,2.344,0.998,0.989,-0.047,18640,40.0,42.353,47,,,,,,,,,0.75,,,,
2026-09-30T17:32:42.028,121.556,0,1491.25,112,,113.438,53.333,0.5,2.344,0.996,0.991,-0.043,18560,40.0,43.137,47,,,,,,,,,,,0.781,,
2026-09-30T17:32:42.158,121.687,0,1493.75,111,,112.219,51.765,1.5,2.344,1.001,1.0,-0.02,18500,40.0,44.706,47,,,,,,,,,,,,94.51,
2026-09-30T17:32:42.288,121.817,0,1505.5,111,,111.75,50.588,-1.0,2.344,1.002,1.006,-0.016,18430,40.0,46.275,48,,,,,,,,,,,,,149
2026-09-30T17:32:42.418,121.947,0,1523.5,110,,111.375,49.412,-1.0,2.344,0.995,0.996,-0.031,18390,40.0,48.627,48,104,,,,,,,,,,,,
2026-09-30T17:32:42.548,122.076,0,1541.5,110,,110.812,47.843,0.5,2.344,0.996,0.994,-0.035,18390,39.608,50.98,48,,45,,,,,,,,,,,
2026-09-30T17:32:42.678,122.207,0,1539.0,110,,110.719,47.843,0.5,2.344,1.002,1.005,-0.016,18360,39.608,52.941,49,,,-0.781,,,,,,,,,,
2026-09-30T17:32:42.808,122.336,0,1555.25,110,,110.656,47.843,1.0,3.125,0.994,0.995,-0.031,18350,39.608,53.333,49,,,,14.355,,,,,,,,,
2026-09-30T17:32:42.938,122.467,0,1568.0,110,,110.531,45.882,1.0,3.125,0.998,0.996,-0.031,18340,39.608,54.118,50,,,,,97,,,,,,,,
2026-09-30T17:32:43.068,122.597,0,1580.75,110,,110.062,45.49,-1.0,3.125,1.002,1.007,-0.012,18280,39.608,54.902,50,,,,,,23,,,,,,,
2026-09-30T17:32:43.198,122.726,0,1592.0,110,,109.812,44.706,0.0,3.125,0.995,0.997,-0.027,18220,39.216,54.902,50,,,,,,,36.078,,,,,,
2026-09-30T17:32:43.328,122.856,0,1600.25,109,,109.719,43.922,0.0,3.906,0.999,0.997,-0.027,18270,37.647,40.0,50,,,,,,,,531.4,,,,,
2026-09-30T17:32:43.458,122.987,0,1612.25,107,,110.031,42.353,1.5,3.125,1.002,0.996,-0.031,18220,36.863,26.275,51,,,,,,,,,0.745,,,,
2026-09-30T17:32:43.588,123.116,0,1601.25,98,,110.0,36.863,3.0,2.344,0.996,0.976,-0.082,17590,36.078,27.059,51,,,,,,,,,,,0.781,,
2026-09-30T17:32:43.718,123.247,0,1630.75,99,,108.562,37.647,3.5,0.781,1.003,0.979,-0.074,16980,35.686,27.451,51,,,,,,,,,,,,76.471,
2026-09-30T17:32:43.848,123.377,0,1643.0,98,,107.812,35.294,4.5,0.0,1.002,0.979,-0.078,16830,33.725,23.922,51,,,,,,,,,,,,,151
2026-09-30T17:32:43.978,123.506,0,1640.5,95,,109.25,31.765,6.5,0.0,0.996,0.994,-0.035,16450,33.725,23.922,52,102,,,,,,,,,,,,
2026-09-30T17:32:44.108,123.636,0,1655.75,95,,109.594,31.373,6.5,0.781,1.004,1.009,-0.012,16160,33.725,24.314,52,,44,,,,,,,,,,,
2026-09-30T17:32:44.238,123.766,0,1679.5,95,,109.938,30.98,6.5,0.781,1.003,0.99,-0.043,16270,32.549,22.745,52,,,0.0,,,,,,,,,,
2026-09-30T17:32:44.368,123.897,0,1686.5,92,,111.0,27.059,9.5,0.0,0.993,0.991,-0.043,15970,30.98,20.0,52,,,,14.238,,,,,,,,,
2026-09-30T17:32:44.498,124.027,0,1648.5,88,,111.469,24.314,11.0,0.781,0.992,1.011,-0.008,15320,30.98,20.0,52,,,,,97,,,,,,,,
2026-09-30T17:32:44.627,124.156,0,1661.75,87,,111.156,24.314,11.5,3.125,1.004,1.033,0.016,14860,30.98,20.784,52,,,,,,23,,,,,,,
2026-09-30T17:32:44.758,124.287,0,1651.75,87,,110.438,23.922,12.0,3.906,1.008,1.02,0.0,15040,30.588,19.608,52,,,,,,,36.078,,,,,,
2026-09-30T17:32:44.888,124.416,0,1651.0,83,,110.094,23.529,12.5,3.906,1.007,1.015,-0.004,15030,30.588,20.0,52,,,,,,,,533.3,,,,,
2026-09-30T17:32:45.019,124.548,0,1669.0,83,,109.656,23.922,12.5,3.906,0.996,0.991,-0.043,15080,30.196,19.608,52,,,,,,,,,0.74,,,,
2026-09-30T17:32:45.148,124.676,0,1694.0,84,,109.188,21.961,14.0,3.906,0.992,0.99,-0.043,14930,27.059,16.471,52,,,,,,,,,,,0.781,,
2026-09-30T17:32:45.278,124.807,0,1687.0,69,,109.125,17.647,14.5,3.125,0.991,0.986,-0.055,14380,26.667,16.078,52,,,,,,,,,,,,35.294,
2026-09-30T17:32:45.408,124.937,0,1644.0,59,,108.469,16.471,15.5,2.344,1.001,0.988,-0.051,13760,26.667,16.471,52,,,,,,,,,,,,,152
2026-09-30T17:32:45.538,125.067,0,1561.25,57,,107.469,18.039,-5.0,2.344,1.006,0.994,-0.035,13230,26.667,16.078,52,99,,,,,,,,,,,,
2026-09-30T17:32:45.668,125.197,0,1501.25,57,,106.406,18.824,-4.0,1.562,1.002,0.966,-0.105,12640,26.667,16.078,52,,44,,,,,,,,,,,
2026-09-30T17:32:45.797,125.326,0,1469.0,58,,105.812,20.392,-3.0,0.781,1.001,0.969,-0.098,12170,27.059,16.078,52,,,0.0,,,,,,,,,,
2026-09-30T17:32:45.928,125.456,0,1437.75,57,,105.25,21.176,-1.0,0.781,1.001,0.974,-0.09,11730,27.451,16.078,52,,,,14.257,,,,,,,,,
2026-09-30T17:32:46.057,125.586,0,1393.0,58,,104.281,23.137,1.0,0.0,1.0,0.971,-0.094,11500,27.843,16.078,52,,,,,97,,,,,,,,
2026-09-30T17:32:46.187,125.716,0,1331.5,59,,103.875,24.706,5.0,-0.781,0.999,0.971,-0.094,11750,28.235,16.078,52,,,,,,23,,,,,,,
2026-09-30T17:32:46.318,125.847,0,1274.25,60,,103.375,26.275,10.0,-0.781,0.994,0.979,-0.074,12150,28.235,16.078,51,,,,,,,36.078,,,,,,
2026-09-30T17:32:46.448,125.976,0,1233.75,60,,102.688,28.235,7.5,0.0,0.995,0.986,-0.055,12420,28.235,16.078,52,,,,,,,,532.8,,,,,
2026-09-30T17:32:46.578,126.107,0,1238.5,58,,102.375,28.235,8.0,-0.781,0.998,0.989,-0.051,12440,28.235,16.078,51,,,,,,,,,0.735,,,,
2026-09-30T17:32:46.707,126.236,0,1240.25,58,,102.125,27.451,12.5,-0.781,0.999,0.979,-0.074,12460,28.235,16.078,51,,,,,,,,,,,0.781,,
2026-09-30T17:32:46.838,126.366,0,1235.5,58,,101.719,27.451,12.5,-0.781,1.0,0.984,-0.062,11980,28.235,16.078,51,,,,,,,,,,,,38.824,
2026-09-30T17:32:46.968,126.497,0,1235.0,57,,101.406,27.059,12.5,-0.781,1.0,0.992,-0.039,11790,28.235,16.078,51,,,,,,,,,,,,,154
2026-09-30T17:32:47.098,126.626,0,1235.0,57,,101.062,27.451,12.5,-0.781,1.0,0.995,-0.035,11810,28.627,16.078,51,97,,,,,,,,,,,,
2026-09-30T17:32:47.227,126.756,0,1233.0,57,,100.906,27.451,12.0,-0.781,1.0,0.991,-0.043,11950,29.02,16.078,51,,45,,,,,,,,,,,
2026-09-30T17:32:47.358,126.887,0,1232.75,58,,100.594,27.843,12.0,-0.781,1.0,0.992,-0.039,12210,29.412,16.863,51,,,0.0,,,,,,,,,,
2026-09-30T17:32:47.488,127.016,0,1234.25,61,,100.438,29.412,11.5,-0.781,0.999,0.996,-0.031,12560,29.412,16.471,51,,,,14.238,,,,,,,,,
2026-09-30T17:32:47.620,127.149,0,1236.0,63,,100.438,30.196,11.5,-0.781,1.0,0.992,-0.039,13240,29.412,16.863,51,,,,,97,,,,,,,,
2026-09-30T17:32:47.748,127.277,0,1231.5,64,,100.156,30.98,11.5,-1.562,0.994,0.98,-0.07,13610,29.412,16.863,51,,,,,,23,,,,,,,
2026-09-30T17:32:47.878,127.406,0,1220.5,65,,100.125,30.98,11.5,-1.562,0.996,0.996,-0.031,13700,29.412,16.863,51,,,,,,,36.078,,,,,,
2026-09-30T17:32:48.008,127.536,0,1218.25,65,,100.125,31.373,11.5,-0.781,1.003,1.02,0.0,13770,29.412,16.471,50,,,,,,,,530.5,,,,,
2026-09-30T17:32:48.138,127.666,0,1217.75,65,,100.094,31.765,11.5,0.0,1.006,1.019,0.0,13880,29.804,16.863,51,,,,,,,,,0.735,,,,
2026-09-30T17:32:48.268,127.796,0,1219.0,65,,100.094,31.765,11.5,-0.781,1.006,0.995,-0.035,13900,29.804,17.255,50,,,,,,,,,,,0.781,,
2026-09-30T17:32:48.398,127.927,0,1218.75,66,,99.938,32.157,11.5,-1.562,1.008,1.0,-0.02,13890,29.804,17.255,50,,,,,,,,,,,,45.098,
2026-09-30T17:32:48.527,128.056,0,1217.25,66,,100.0,32.157,11.5,-0.781,0.999,0.999,-0.023,13900,29.804,16.863,50,,,,,,,,,,,,,155
2026-09-30T17:32:48.658,128.187,0,1215.0,66,,100.094,31.765,11.5,-0.781,0.994,0.998,-0.027,13850,29.804,16.471,50,97,,,,,,,,,,,,
2026-09-30T17:32:48.788,128.316,0,1215.0,65,,100.125,31.765,11.5,-0.781,0.994,0.99,-0.047,13750,29.804,16.863,50,,46,,,,,,,,,,,
2026-09-30T17:32:48.919,128.447,0,1215.75,66,,100.094,31.765,11.5,-1.562,0.998,0.992,-0.043,13710,29.804,17.255,50,,,0.0,,,,,,,,,,
2026-09-30T17:32:49.048,128.576,0,1219.5,67,,99.938,32.549,11.5,-0.781,1.0,1.009,-0.012,14040,29.804,17.647,50,,,,14.316,,,,,,,,,
2026-09-30T17:32:49.178,128.707,0,1213.5,69,,100.031,33.725,12.0,0.0,1.005,1.013,-0.008,14260,29.804,16.863,50,,,,,97,,,,,,,,
2026-09-30T17:32:49.308,128.836,0,1209.0,68,,100.062,32.941,11.0,-0.781,1.005,0.989,-0.047,14420,30.196,17.255,50,,,,,,23,,,,,,,
2026-09-30T17:32:49.438,128.966,0,1205.5,68,,100.062,34.118,11.5,-0.781,1.002,0.992,-0.039,14360,29.804,16.863,50,,,,,,,36.078,,,,,,
2026-09-30T17:32:49.567,129.096,0,1207.0,68,,100.125,32.941,11.0,-0.781,1.001,0.995,-0.031,14240,30.196,17.255,50,,,,,,,,526.9,,,,,
2026-09-30T17:32:49.698,129.227,0,1206.75,69,,100.125,33.725,11.5,-0.781,1.0,1.004,-0.016,14210,30.196,17.255,50,,,,,,,,,0.73,,,,
2026-09-30T17:32:49.827,129.356,0,1210.25,69,,100.125,34.118,11.5,-0.781,1.0,0.999,-0.023,14260,30.196,17.255,50,,,,,,,,,,,0.781,,
2026-09-30T17:32:49.958,129.487,0,1208.25,68,,100.125,32.941,11.0,-0.781,1.0,0.992,-0.039,14110,30.196,17.647,50,,,,,,,,,,,,46.667,
2026-09-30T17:32:50.088,129.616,0,1204.25,69,,100.094,33.725,11.5,-0.781,1.0,0.999,-0.023,14150,30.196,17.647,50,,,,,,,,,,,,,157
2026-09-30T17:32:50.219,129.748,0,1212.0,70,,100.125,34.118,11.5,-0.781,1.0,0.999,-0.023,14500,30.196,17.647,50,98,,,,,,,,,,,,
2026-09-30T17:32:50.347,129.876,0,1212.5,70,,100.125,34.118,11.5,-0.781,1.0,0.994,-0.035,14680,30.196,17.647,50,,46,,,,,,,,,,,
2026-09-30T17:32:50.478,130.007,0,1202.5,71,,100.125,34.51,11.5,-0.781,1.0,0.992,-0.039,14760,30.196,17.647,50,,,0.0,,,,,,,,,,
2026-09-30T17:32:50.608,130.136,0,1203.0,71,,100.125,34.51,11.5,-0.781,1.0,0.996,-0.031,14710,30.196,17.647,50,,,,14.296,,,,,,,,,
2026-09-30T17:32:50.737,130.266,0,1215.5,72,,100.312,34.902,10.5,-0.781,1.0,0.998,-0.023,14900,30.196,17.255,50,,,,,97,,,,,,,,
2026-09-30T17:32:50.868,130.396,0,1206.0,71,,100.438,34.118,10.0,-1.562,1.0,0.975,-0.086,14890,29.02,16.078,49,,,,,,23,,,,,,,
2026-09-30T17:32:50.997,130.526,0,1189.5,69,,100.438,32.549,9.5,-2.344,1.0,0.98,-0.07,14500,28.235,16.078,50,,,,,,,36.078,,,,,,
2026-09-30T17:32:51.128,130.656,0,1190.25,65,,100.469,32.157,9.5,-1.562,1.0,1.007,-0.012,13940,27.843,15.686,50,,,,,,,,523.3,,,,,
2026-09-30T17:32:51.258,130.787,0,1188.75,59,,100.438,29.804,10.5,-0.781,1.0,1.016,-0.004,13360,28.235,15.686,49,,,,,,,,,0.725,,,,
2026-09-30T17:32:51.387,130.916,0,1189.0,57,,100.438,29.02,10.5,-0.781,1.0,0.995,-0.031,12950,28.235,15.686,49,,,,,,,,,,,0.781,,
2026-09-30T17:32:51.519,131.047,0,1191.0,57,,100.312,29.412,10.5,-1.562,1.0,0.99,-0.043,12540,28.235,15.686,49,,,,,,,,,,,,39.608,
2026-09-30T17:32:51.648,131.177,0,1193.0,56,,100.125,29.02,10.5,-1.562,1.0,0.992,-0.039,12190,27.843,15.294,49,,,,,,,,,,,,,158
2026-09-30T17:32:51.777,131.306,0,1189.5,56,,100.094,28.627,10.5,-1.562,1.0,0.988,-0.051,12020,27.059,14.902,49,98,,,,,,,,,,,,
2026-09-30T17:32:51.907,131.436,0,1187.75,56,,99.875,28.627,11.0,-2.344,1.0,0.977,-0.082,11710,27.059,14.902,49,,46,,,,,,,,,,,
2026-09-30T17:32:52.038,131.567,0,1185.75,53,,99.906,26.275,11.0,-3.125,1.0,0.977,-0.082,11300,27.451,15.294,49,,,0.781,,,,,,,,,,
2026-09-30T17:32:52.168,131.696,0,1190.0,53,,99.719,27.059,11.0,-3.906,1.0,0.969,-0.098,10870,27.451,15.294,49,,,,14.277,,,,,,,,,
2026-09-30T17:32:52.297,131.826,0,1186.75,52,,99.5,26.275,11.5,-4.688,1.0,0.95,-0.141,10810,27.451,15.294,49,,,,,97,,,,,,,,
2026-09-30T17:32:52.427,131.956,0,1179.25,53,,99.469,27.059,11.0,-6.25,1.0,0.93,-0.188,10940,27.451,15.294,49,,,,,,23,,,,,,,
2026-09-30T17:32:52.559,132.087,0,1178.75,53,,99.281,27.451,11.0,-8.594,1.0,0.917,-0.219,11240,27.451,14.902,49,,,,,,,36.078,,,,,,
2026-09-30T17:32:52.688,132.217,0,1173.25,53,,99.312,27.843,11.0,-10.156,1.0,0.899,-0.266,11470,27.451,14.902,49,,,,,,,,521.2,,,,,
2026-09-30T17:32:52.819,132.348,0,1171.5,52,,99.156,27.451,11.5,-12.5,1.0,0.892,-0.285,11390,27.451,14.902,49,,,,,,,,,0.725,,,,
2026-09-30T17:32:52.948,132.476,0,1173.0,52,,99.156,27.451,11.5,-14.062,1.0,0.896,-0.273,11360,27.451,15.294,49,,,,,,,,,,,0.781,,
2026-09-30T17:32:53.077,132.606,0,1175.75,52,,99.094,27.843,11.5,-15.625,1.0,0.889,-0.293,11440,27.451,15.294,48,,,,,,,,,,,,37.647,
2026-09-30T17:32:53.208,132.736,0,1176.0,53,,98.875,27.843,11.5,-17.188,1.0,0.889,-0.293,11600,27.451,15.294,48,,,,,,,,,,,,,160
2026-09-30T17:32:53.338,132.867,0,1174.75,53,,98.875,27.451,11.5,-18.75,1.0,0.894,-0.281,11480,27.451,15.294,48,98,,,,,,,,,,,,
2026-09-30T17:32:53.468,132.996,0,1169.75,53,,98.812,27.451,11.5,-19.531,1.002,0.921,-0.211,11280,27.451,15.294,48,,46,,,,,,,,,,,
2026-09-30T17:32:53.598,133.126,0,1166.0,54,,98.812,28.235,11.5,-18.75,1.006,0.962,-0.113,11250,27.451,15.294,48,,,1.562,,,,,,,,,,
2026-09-30T17:32:53.728,133.256,0,1168.5,53,,98.812,27.451,11.0,-17.969,1.01,0.978,-0.078,11330,27.451,15.294,48,,,,14.257,,,,,,,,,
2026-09-30T17:32:53.858,133.386,0,1161.25,53,,98.812,27.843,11.0,-18.75,1.015,0.983,-0.062,11610,27.451,15.294,48,,,,,97,,,,,,,,
2026-09-30T17:32:53.987,133.516,0,1156.75,53,,98.75,28.235,11.0,-17.969,1.02,1.018,-0.004,11670,27.451,15.294,48,,,,,,23,,,,,,,
2026-09-30T17:32:54.120,133.649,0,1198.0,53,,98.562,28.627,12.0,-16.406,1.023,1.049,0.031,11700,27.451,16.078,48,,,,,,,36.078,,,,,,
2026-09-30T17:32:54.247,133.776,0,1274.5,53,,98.5,25.098,13.5,-15.625,1.024,1.07,0.059,11480,27.451,16.078,48,,,,,,,,519.1,,,,,
2026-09-30T17:32:54.377,133.906,0,1346.5,53,,98.5,23.137,13.5,-11.719,1.025,1.13,0.121,11300,27.451,16.078,48,,,,,,,,,0.9,,,,
2026-09-30T17:32:54.507,134.036,0,1418.75,56,,98.5,23.529,14.5,-7.031,1.026,1.117,0.105,11630,27.451,16.863,47,,,,,,,,,,,0.781,,
2026-09-30T17:32:54.637,134.166,0,1511.5,57,,98.5,19.608,15.0,-8.594,1.029,1.057,0.043,11840,27.451,17.255,48,,,,,,,,,,,,37.255,
2026-09-30T17:32:54.767,134.296,0,1506.25,61,,98.5,20.392,15.0,-7.812,1.025,1.076,0.062,12070,27.451,17.255,48,,,,,,,,,,,,,161
2026-09-30T17:32:54.897,134.426,0,1502.25,60,,98.5,19.608,15.0,-6.25,1.022,1.07,0.059,11970,27.451,16.863,48,98,,,,,,,,,,,,
2026-09-30T17:32:55.027,134.556,0,1503.25,59,,98.75,19.216,15.0,-5.469,1.019,1.082,0.07,12180,27.451,16.863,48,,46,,,,,,,,,,,
2026-09-30T17:32:55.157,134.686,0,1505.75,59,,98.812,20.0,15.0,-3.906,1.017,1.084,0.074,12210,27.059,16.471,48,,,0.0,,,,,,,,,,
2026-09-30T17:32:55.288,134.817,0,1512.25,60,,98.938,19.608,15.0,-3.125,1.015,1.063,0.051,11920,27.059,16.471,48,,,,14.238,,,,,,,,,
2026-09-30T17:32:55.419,134.948,0,1515.25,56,,99.156,18.431,15.0,-3.125,1.015,1.068,0.055,12150,27.451,16.863,48,,,,,97,,,,,,,,
2026-09-30T17:32:55.548,135.077,0,1523.25,57,,99.094,19.216,15.0,-2.344,1.014,1.05,0.035,11650,27.843,17.255,48,,,,,,23,,,,,,,
2026-09-30T17:32:55.678,135.206,0,1534.25,61,,99.156,20.0,15.5,-1.562,1.012,1.027,0.008,11910,28.627,18.039,48,,,,,,,36.078,,,,,,
2026-09-30T17:32:55.808,135.337,0,1536.5,63,,99.031,20.784,15.5,-0.781,0.997,1.023,0.004,13140,28.627,18.039,47,,,,,,,,516.0,,,,,
2026-09-30T17:32:55.938,135.466,0,1525.0,64,,99.156,21.961,15.5,0.0,1.002,1.021,0.0,13340,29.412,18.824,48,,,,,,,,,0.87,,,,
2026-09-30T17:32:56.067,135.596,0,1530.75,71,,99.281,23.137,15.5,-0.781,1.008,0.995,-0.031,13490,29.412,18.824,48,,,,,,,,,,,0.781,,
2026-09-30T17:32:56.197,135.726,0,1529.75,71,,99.5,23.137,15.5,0.0,1.01,1.021,0.0,13940,29.804,19.216,48,,,,,,,,,,,,43.922,
2026-09-30T17:32:56.328,135.857,0,1535.0,70,,99.781,22.745,15.5,0.0,0.999,1.012,-0.008,14440,29.804,19.608,48,,,,,,,,,,,,,163
2026-09-30T17:32:56.457,135.986,0,1538.25,77,,100.094,23.922,15.5,0.0,0.994,0.985,-0.059,13910,29.412,18.824,48,98,,,,,,,,,,,,
2026-09-30T17:32:56.587,136.116,0,1542.75,74,,100.438,22.745,15.5,0.0,0.995,1.011,-0.008,13880,29.804,18.824,48,,47,,,,,,,,,,,
2026-09-30T17:32:56.719,136.247,0,1539.75,72,,100.688,23.137,15.5,1.562,1.005,1.026,0.008,14190,29.804,19.608,48,,,0.0,,,,,,,,,,
2026-09-30T17:32:56.847,136.376,0,1545.25,72,,100.781,23.529,15.5,1.562,1.008,0.995,-0.035,13990,29.804,19.216,49,,,,14.238,,,,,,,,,
2026-09-30T17:32:56.978,136.507,0,1551.5,74,,101.062,22.353,15.5,0.0,1.005,0.995,-0.031,13730,29.804,19.216,49,,,,,97,,,,,,,,
2026-09-30T17:32:57.107,136.636,0,1555.0,73,,101.188,22.353,15.5,1.562,0.996,1.013,-0.008,14020,29.804,19.216,49,,,,,,23,,,,,,,
2026-09-30T17:32:57.238,136.767,0,1549.75,72,,101.406,22.745,15.5,1.562,0.992,0.985,-0.055,13910,29.804,19.216,49,,,,,,,36.078,,,,,,
2026-09-30T17:32:57.367,136.896,0,1563.0,76,,101.625,22.745,15.0,0.0,1.001,0.99,-0.047,13820,29.804,18.824,49,,,,,,,,511.9,,,,,
2026-09-30T17:32:57.498,137.027,0,1563.5,72,,101.719,22.745,15.5,0.781,1.007,1.019,0.0,14320,29.804,19.216,49,,,,,,,,,0.84,,,,
2026-09-30T17:32:57.638,137.166,0,1562.75,71,,101.844,23.137,15.5,0.781,1.01,0.988,-0.051,13950,29.804,19.608,49,,,,,,,,,,,0.781,,
2026-09-30T17:32:57.767,137.296,0,1575.0,75,,102.031,22.745,15.0,0.0,0.999,0.99,-0.043,14050,30.196,19.608,49,,,,,,,,,,,,47.843,
2026-09-30T17:32:57.898,137.427,0,1581.0,76,,102.062,23.137,15.5,0.781,0.994,1.004,-0.016,15090,30.588,20.392,49,,,,,,,,,,,,,165
2026-09-30T17:32:58.027,137.556,0,1577.75,80,,102.125,23.922,15.0,0.0,0.994,0.987,-0.051,14750,32.549,23.137,49,98,,,,,,,,,,,,
2026-09-30T17:32:58.157,137.686,0,1580.25,87,,101.812,28.627,12.5,1.562,1.004,1.026,0.008,15430,33.725,28.235,50,,46,,,,,,,,,,,
2026-09-30T17:32:58.287,137.816,0,1592.25,95,,101.844,34.51,8.0,2.344,1.008,1.014,-0.008,16270,33.725,27.843,50,,,-0.781,,,,,,,,,,
2026-09-30T17:32:58.419,137.948,0,1603.5,96,,102.812,33.333,8.0,1.562,1.002,0.997,-0.027,16710,33.725,26.667,50,,,,14.316,,,,,,,,,
2026-09-30T17:32:58.548,138.076,0,1607.75,96,,105.031,32.549,8.0,2.344,0.995,1.002,-0.02,16940,33.725,26.275,51,,,,,97,,,,,,,,
2026-09-30T17:32:58.678,138.206,0,1610.75,96,,105.625,32.549,8.5,2.344,0.996,0.996,-0.031,16770,33.725,25.882,51,,,,,,23,,,,,,,
2026-09-30T17:32:58.807,138.336,0,1620.0,96,,106.406,32.549,8.5,1.562,1.006,0.998,-0.027,16170,33.725,24.706,51,,,,,,,36.078,,,,,,
2026-09-30T17:32:58.937,138.466,0,1624.25,95,,107.156,31.765,9.0,1.562,1.006,0.997,-0.027,16470,33.725,24.706,51,,,,,,,,507.7,,,,,
2026-09-30T17:32:59.067,138.596,0,1634.25,95,,108.156,32.157,9.0,0.781,0.995,0.982,-0.066,16300,33.725,24.314,51,,,,,,,,,0.815,,,,
2026-09-30T17:32:59.198,138.727,0,1640.75,95,,108.594,30.98,9.0,0.781,0.995,0.996,-0.031,16110,33.333,24.314,52,,,,,,,,,,,0.781,,
2026-09-30T17:32:59.328,138.856,0,1648.0,94,,108.906,31.373,10.0,1.562,1.006,1.002,-0.02,16500,31.765,22.353,52,,,,,,,,,,,,65.882,
2026-09-30T17:32:59.457,138.986,0,1652.5,91,,109.969,26.275,12.5,0.781,1.008,1.011,-0.008,15720,25.882,16.078,52,,,,,,,,,,,,,166
2026-09-30T17:32:59.588,139.117,0,1640.75,75,,107.188,19.608,14.5,3.125,0.996,1.024,0.004,15110,26.275,16.078,52,99,,,,,,,,,,,,
2026-09-30T17:32:59.719,139.248,0,1651.0,62,,106.219,19.216,16.0,3.906,0.993,0.995,-0.035,15310,26.667,16.863,52,,45,,,,,,,,,,,
2026-09-30T17:32:59.847,139.376,0,1663.0,57,,104.125,16.078,15.5,1.562,0.991,0.97,-0.098,14080,27.451,17.647,52,,,0.0,,,,,,,,,,
2026-09-30T17:32:59.978,139.507,0,1650.5,59,,103.062,17.255,16.0,1.562,1.0,0.998,-0.023,13430,28.627,18.431,52,,,,14.316,,,,,,,,,
2026-09-30T17:33:00.107,139.636,0,1665.25,61,,102.281,18.824,16.5,2.344,1.007,1.01,-0.012,13380,29.02,19.216,52,,,,,97,,,,,,,,
2026-09-30T17:33:00.237,139.766,0,1714.25,66,,101.719,19.608,17.0,1.562,1.008,0.998,-0.027,12820,29.02,19.608,52,,,,,,23,,,,,,,
2026-09-30T17:33:00.368,139.896,0,1776.5,72,,101.062,18.824,17.5,0.781,1.003,0.99,-0.047,13050,29.02,19.608,52,,,,,,,36.078,,,,,,
2026-09-30T17:33:00.498,140.026,0,1677.25,73,,100.938,19.216,-8.5,1.562,0.995,0.993,-0.039,13360,29.02,18.431,52,,,,,,,,506.4,,,,,
2026-09-30T17:33:00.627,140.156,0,1545.25,71,,101.406,20.392,-4.0,2.344,0.992,1.005,-0.016,13400,29.02,18.039,52,,,,,,,,,0.805,,,,
2026-09-30T17:33:00.757,140.286,0,1473.75,69,,101.375,23.922,-3.0,2.344,0.998,1.003,-0.016,13450,29.412,17.647,52,,,,,,,,,,,0.781,,
2026-09-30T17:33:00.887,140.416,0,1433.25,67,,101.312,24.314,2.0,2.344,1.006,1.002,-0.02,13600,29.412,17.647,52,,,,,,,,,,,,43.922,
2026-09-30T17:33:01.019,140.548,0,1386.75,69,,102.781,26.275,4.0,1.562,1.008,0.993,-0.039,13600,29.412,17.255,52,,,,,,,,,,,,,168
2026-09-30T17:33:01.147,140.676,0,1345.5,69,,102.688,27.843,5.5,0.781,1.005,0.989,-0.047,13150,29.412,16.863,52,100,,,,,,,,,,,,
2026-09-30T17:33:01.277,140.806,0,1297.25,66,,102.656,28.627,11.5,0.781,0.997,0.995,-0.035,13410,29.412,16.863,52,,45,,,,,,,,,,,
2026-09-30T17:33:01.407,140.936,0,1258.5,66,,102.375,29.02,12.0,0.781,0.994,0.981,-0.066,13480,29.412,16.863,52,,,0.0,,,,,,,,,,
2026-09-30T17:33:01.537,141.066,0,1257.75,67,,102.156,29.804,12.0,0.0,0.992,0.976,-0.086,13110,29.412,16.863,52,,,,14.238,,,,,,,,,
2026-09-30T17:33:01.667,141.196,0,1258.0,66,,101.719,30.196,12.0,0.0,1.002,0.999,-0.023,13080,30.196,17.647,52,,,,,97,,,,,,,,
2026-09-30T17:33:01.797,141.326,0,1263.75,65,,101.562,30.196,12.0,0.781,1.006,1.011,-0.008,13950,30.588,18.431,52,,,,,,23,,,,,,,
2026-09-30T17:33:01.927,141.456,0,1279.25,72,,101.344,33.333,12.5,0.0,1.009,0.976,-0.082,14090,30.196,18.431,52,,,,,,,36.078,,,,,,
2026-09-30T17:33:02.057,141.586,0,1286.25,76,,101.312,31.765,12.5,-1.562,1.0,0.985,-0.059,14530,30.196,17.647,53,,,,,,,,505.5,,,,,
2026-09-30T17:33:02.187,141.716,0,1262.5,73,,101.406,32.157,12.5,-0.781,0.995,0.998,-0.027,14600,30.196,17.255,53,,,,,,,,,0.795,,,,
2026-09-30T17:33:02.319,141.848,0,1266.25,71,,101.406,32.157,12.5,0.0,0.993,0.997,-0.027,14920,29.02,16.863,52,,,,,,,,,,,0.781,,
2026-09-30T17:33:02.447,141.976,0,1267.0,70,,101.406,29.02,12.0,0.0,1.002,0.997,-0.027,14360,26.275,15.686,52,,,,,,,,,,,,40.784,
2026-09-30T17:33:02.577,142.106,0,1263.75,62,,101.406,27.843,5.5,-0.781,1.006,1.009,-0.012,13610,14.51,12.549,53,,,,,,,,,,,,,169
2026-09-30T17:33:02.707,142.236,0,1255.5,49,,100.438,0.0,14.0,0.0,1.009,1.002,-0.02,13320,14.51,11.765,53,101,,,,,,,,,,,,
2026-09-30T17:33:02.837,142.366,0,1254.25,35,,100.406,0.0,18.5,-0.781,1.003,0.993,-0.035,13210,15.686,11.765,52,,45,,,,,,,,,,,
2026-09-30T17:33:02.968,142.496,0,1243.5,24,,99.781,0.0,25.0,-0.781,0.998,0.982,-0.066,12830,20.392,12.157,52,,,4.688,,,,,,,,,,
2026-09-30T17:33:03.098,142.627,0,1240.25,22,,99.5,8.627,27.0,-0.781,0.999,0.995,-0.035,12430,24.706,14.902,52,,,,14.355,,,,,,,,,
2026-09-30T17:33:03.228,142.756,0,1270.25,25,,99.125,11.765,14.0,0.0,1.003,1.007,-0.012,11870,25.49,14.902,52,,,,,97,,,,,,,,
2026-09-30T17:33:03.357,142.886,0,1258.75,38,,98.5,18.824,14.0,-0.781,1.003,0.993,-0.035,11090,26.275,15.686,52,,,,,,23,,,,,,,
2026-09-30T17:33:03.487,143.016,0,1252.5,41,,98.438,20.392,13.5,-0.781,1.005,1.009,-0.012,10520,27.059,16.078,52,,,,,,,36.078,,,,,,
2026-09-30T17:33:03.621,143.149,0,1251.75,46,,98.219,21.961,13.5,-0.781,1.009,0.999,-0.023,9610,27.451,16.078,52,,,,,,,,505.7,,,,,
2026-09-30T17:33:03.747,143.276,0,1251.25,51,,98.062,24.706,13.0,-1.562,1.003,0.993,-0.039,9090,27.843,16.078,52,,,,,,,,,0.79,,,,
2026-09-30T17:33:03.878,143.407,0,1248.25,53,,97.906,25.49,13.0,-0.781,0.996,0.995,-0.031,10260,28.235,16.471,52,,,,,,,,,,,0.781,,
2026-09-30T17:33:04.008,143.537,0,1244.75,57,,97.938,26.275,12.5,-1.562,0.992,0.959,-0.121,10570,28.627,16.471,52,,,,,,,,,,,,37.255,
2026-09-30T17:33:04.138,143.666,0,1246.75,59,,98.5,27.059,12.5,-4.688,0.995,0.971,-0.094,10590,28.235,16.078,52,,,,,,,,,,,,,171
2026-09-30T17:33:04.267,143.796,0,1249.25,58,,98.5,27.451,12.5,-3.906,1.003,1.01,-0.012,11340,28.627,16.471,52,101,,,,,,,,,,,,
2026-09-30T17:33:04.397,143.926,0,1248.5,57,,98.5,26.667,12.5,-1.562,1.006,1.022,0.0,11770,29.412,16.863,52,,45,,,,,,,,,,,
2026-09-30T17:33:04.527,144.056,0,1251.75,60,,98.5,27.843,12.0,-1.562,1.007,1.016,-0.004,11910,29.804,17.255,52,,,0.0,,,,,,,,,,
2026-09-30T17:33:04.657,144.186,0,1260.25,65,,98.5,30.196,12.0,-0.781,0.998,1.01,-0.012,12410,30.196,17.647,52,,,,14.316,,,,,,,,,
2026-09-30T17:33:04.788,144.317,0,1258.5,66,,98.562,30.98,12.0,-0.781,0.994,0.996,-0.031,13720,30.196,17.647,52,,,,,97,,,,,,,,
2026-09-30T17:33:04.920,144.448,0,1247.5,69,,98.562,31.765,12.0,-1.562,0.994,0.985,-0.059,13870,30.196,17.255,52,,,,,,23,,,,,,,
2026-09-30T17:33:05.047,144.576,0,1243.5,69,,98.844,31.373,12.0,-1.562,1.003,1.007,-0.012,14270,30.196,17.255,51,,,,,,,36.078,,,,,,
2026-09-30T17:33:05.178,144.706,0,1238.25,70,,99.031,32.157,11.5,0.0,1.006,1.019,0.0,14200,30.196,17.647,51,,,,,,,,504.6,,,,,
2026-09-30T17:33:05.308,144.836,0,1239.75,71,,99.125,32.549,12.5,-0.781,1.005,0.997,-0.027,13860,30.196,17.255,52,,,,,,,,,0.785,,,,
2026-09-30T17:33:05.438,144.966,0,1244.75,68,,99.156,32.549,12.0,0.0,0.997,1.005,-0.016,14270,31.373,19.608,52,,,,,,,,,,,0.781,,
2026-09-30T17:33:05.568,145.097,0,1250.25,76,,99.0,35.686,12.0,0.0,0.992,0.993,-0.039,14320,31.373,20.0,52,,,,,,,,,,,,53.725,
2026-09-30T17:33:05.697,145.226,0,1267.25,80,,99.156,36.863,9.5,0.0,0.997,1.009,-0.012,14690,31.373,19.608,51,,,,,,,,,,,,,172
2026-09-30T17:33:05.827,145.356,0,1250.5,80,,99.5,37.255,10.5,1.562,1.005,1.025,0.004,15940,31.373,19.608,51,101,,,,,,,,,,,,
2026-09-30T17:33:05.957,145.486,0,1232.0,82,,99.938,38.039,10.0,0.0,1.008,0.997,-0.027,15730,31.373,19.608,51,,46,,,,,,,,,,,
2026-09-30T17:33:06.088,145.617,0,1236.25,82,,100.188,38.431,9.5,0.0,0.999,1.0,-0.02,15340,31.373,19.216,51,,,0.0,,,,,,,,,,
2026-09-30T17:33:06.220,145.748,0,1236.0,80,,100.438,38.431,10.5,2.344,0.995,1.018,-0.004,15890,31.373,20.0,51,,,,14.335,,,,,,,,,
2026-09-30T17:33:06.347,145.876,0,1229.5,80,,100.75,38.431,10.0,1.562,0.994,0.992,-0.039,15470,32.549,21.569,51,,,,,97,,,,,,,,
2026-09-30T17:33:06.478,146.006,0,1240.5,86,,100.75,41.569,7.5,1.562,1.002,1.005,-0.016,15350,32.549,21.176,51,,,,,,23,,,,,,,
2026-09-30T17:33:06.608,146.137,0,1251.5,87,,100.906,42.745,6.5,1.562,1.008,1.003,-0.016,16020,32.941,21.569,51,,,,,,,36.078,,,,,,
2026-09-30T17:33:06.738,146.266,0,1232.25,87,,101.188,43.922,5.5,1.562,1.005,0.991,-0.043,16420,32.941,21.961,51,,,,,,,,502.3,,,,,
2026-09-30T17:33:06.868,146.396,0,1230.0,89,,101.75,44.314,5.5,0.0,0.996,0.98,-0.07,15820,32.941,21.569,51,,,,,,,,,0.775,,,,
2026-09-30T17:33:06.997,146.526,0,1232.75,88,,102.031,43.529,5.5,0.781,0.991,0.994,-0.035,16080,32.941,21.569,51,,,,,,,,,,,0.781,,
2026-09-30T17:33:07.127,146.656,0,1227.75,88,,102.25,43.922,5.5,0.781,1.0,0.997,-0.027,16380,33.333,22.353,51,,,,,,,,,,,,63.529,
2026-09-30T17:33:07.258,146.786,0,1227.75,91,,102.656,45.882,6.0,0.0,1.005,0.992,-0.039,16150,33.333,21.961,51,,,,,,,,,,,,,174
2026-09-30T17:33:07.387,146.916,0,1233.0,90,,102.938,44.706,5.5,0.0,1.009,0.995,-0.031,15980,33.333,21.569,51,101,,,,,,,,,,,,
2026-09-30T17:33:07.519,147.048,0,1230.75,90,,103.062,45.098,4.0,0.0,1.002,0.996,-0.031,15890,33.333,21.569,50,,45,,,,,,,,,,,
2026-09-30T17:33:07.648,147.176,0,1221.5,90,,103.438,44.706,4.0,0.0,0.995,0.999,-0.023,15860,32.941,21.176,50,,,0.0,,,,,,,,,,
2026-09-30T17:33:07.787,147.316,0,1224.5,89,,103.594,44.314,4.0,0.781,0.991,0.997,-0.027,16010,33.333,21.176,51,,,,14.238,,,,,,,,,
2026-09-30T17:33:07.919,147.447,0,1222.25,89,,103.719,44.314,4.0,0.781,0.995,1.0,-0.02,16210,33.333,21.176,51,,,,,97,,,,,,,,
2026-09-30T17:33:08.047,147.576,0,1226.25,90,,103.969,44.706,5.0,0.781,1.004,0.992,-0.039,16240,33.333,21.569,50,,,,,,23,,,,,,,
2026-09-30T17:33:08.177,147.706,0,1223.25,90,,104.0,45.098,3.5,0.0,1.007,0.991,-0.043,16030,33.333,21.176,50,,,,,,,36.078,,,,,,
2026-09-30T17:33:08.307,147.836,0,1234.0,90,,104.125,45.098,3.5,0.0,1.009,0.998,-0.023,15880,33.333,21.961,50,,,,,,,,500.6,,,,,
2026-09-30T17:33:08.438,147.966,0,1329.5,90,,104.156,41.961,3.5,0.0,1.0,0.998,-0.023,15800,33.333,23.137,50,,,,,,,,,0.77,,,,
2026-09-30T17:33:08.568,148.097,0,1430.0,91,,104.344,38.431,4.0,0.0,0.993,1.006,-0.016,16060,33.333,24.314,50,,,,,,,,,,,0.781,,
2026-09-30T17:33:08.697,148.226,0,1502.75,92,,104.531,36.471,4.5,1.562,0.991,1.017,-0.004,16260,33.333,24.706,50,,,,,,,,,,,,65.882,
2026-09-30T17:33:08.827,148.356,0,1592.25,93,,104.938,33.725,4.5,2.344,1.001,1.021,0.0,16270,33.333,24.314,50,,,,,,,,,,,,,175
2026-09-30T17:33:08.957,148.486,0,1593.0,93,,106.156,31.373,5.0,2.344,1.001,1.021,0.0,16160,31.373,22.745,50,101,,,,,,,,,,,,
2026-09-30T17:33:09.088,148.616,0,1596.5,92,,106.812,29.804,9.5,3.125,1.001,1.018,-0.004,15960,14.51,14.902,50,,44,,,,,,,,,,,
2026-09-30T17:33:09.220,148.748,0,1573.25,77,,105.438,0.0,-10.0,3.906,1.001,1.021,0.0,15260,14.51,12.549,50,,,0.0,,,,,,,,,,
2026-09-30T17:33:09.347,148.876,0,1592.75,57,,105.0,0.0,11.0,1.562,1.001,0.968,-0.102,14710,14.51,12.941,50,,,,14.257,,,,,,,,,
2026-09-30T17:33:09.477,149.006,0,1558.75,30,,104.25,0.0,16.0,0.781,1.0,0.97,-0.098,15450,14.51,12.941,49,,,,,97,,,,,,,,
2026-09-30T17:33:09.607,149.136,0,1554.0,26,,103.25,0.0,20.0,1.562,1.0,0.994,-0.035,14890,14.51,12.941,49,,,,,,23,,,,,,,
2026-09-30T17:33:09.738,149.266,0,1554.75,24,,102.438,0.0,18.5,2.344,1.0,1.016,-0.004,14360,14.51,12.941,49,,,,,,,36.078,,,,,,
2026-09-30T17:33:09.868,149.397,0,1548.25,23,,101.156,0.0,15.5,2.344,1.001,1.008,-0.012,13850,14.51,12.941,49,,,,,,,,501.0,,,,,
2026-09-30T17:33:09.997,149.526,0,1531.75,23,,100.75,0.0,10.0,1.562,1.001,0.995,-0.031,13440,14.51,12.941,48,,,,,,,,,0.77,,,,
2026-09-30T17:33:10.127,149.656,0,1523.75,22,,100.438,0.0,6.0,1.562,1.002,1.0,-0.02,12960,14.51,12.941,48,,,,,,,,,,,0.781,,
2026-09-30T17:33:10.257,149.786,0,1510.0,22,,99.781,0.0,2.0,0.0,1.001,1.003,-0.016,12560,14.51,12.941,48,,,,,,,,,,,,12.549,
2026-09-30T17:33:10.387,149.916,0,1493.75,22,,99.469,0.0,-2.0,0.0,1.002,1.02,0.0,12190,14.51,12.941,47,,,,,,,,,,,,,177
2026-09-30T17:33:10.519,150.048,0,1492.0,22,,99.156,0.0,-2.0,0.0,1.001,1.143,0.133,12150,14.51,12.941,47,101,,,,,,,,,,,,
2026-09-30T17:33:10.648,150.177,0,1482.0,22,,99.781,0.0,-2.0,0.0,0.998,1.465,0.414,12090,14.51,12.941,46,,44,,,,,,,,,,,
2026-09-30T17:33:10.778,150.306,0,1467.25,23,,99.438,0.0,-2.5,0.0,1.001,2.0,0.691,12110,14.51,12.549,46,,,3.125,,,,,,,,,,
2026-09-30T17:33:10.907,150.436,0,1451.25,24,,99.406,0.0,-2.5,0.0,1.049,2.0,0.902,12110,14.51,12.549,46,,,,14.316,,,,,,,,,
2026-09-30T17:33:11.038,150.566,0,1438.0,25,,99.156,0.0,-2.5,0.0,1.116,2.0,1.012,12120,14.51,12.549,46,,,,,97,,,,,,,,
2026-09-30T17:33:11.168,150.697,0,1430.75,24,,99.156,0.0,-2.5,0.0,1.185,2.0,1.09,12120,14.51,12.549,45,,,,,,23,,,,,,,
2026-09-30T17:33:11.297,150.826,0,1418.25,24,,99.156,0.0,-2.5,0.0,1.243,2.0,1.16,12120,14.51,12.549,45,,,,,,,36.078,,,,,,
2026-09-30T17:33:11.427,150.956,0,1404.0,25,,99.062,0.0,-3.0,0.0,1.337,2.0,1.16,12120,14.51,12.549,44,,,,,,,,503.5,,,,,
2026-09-30T17:33:11.557,151.086,0,1393.5,25,,98.812,0.0,-3.0,0.0,1.436,2.0,1.156,12120,14.51,12.549,44,,,,,,,,,0.53,,,,
2026-09-30T17:33:11.687,151.216,0,1382.5,26,,98.812,0.0,-3.0,0.0,1.561,2.0,1.152,12120,14.51,12.549,44,,,,,,,,,,,0.781,,
2026-09-30T17:33:11.820,151.349,0,1368.25,25,,98.812,0.0,-4.0,0.0,1.663,2.0,1.172,12130,14.51,12.549,43,,,,,,,,,,,,13.725,
2026-09-30T17:33:11.947,151.476,0,1352.5,24,,98.812,0.0,-4.0,0.0,1.736,2.0,1.195,12140,14.51,12.549,43,,,,,,,,,,,,,179
2026-09-30T17:33:12.078,151.606,0,1338.5,24,,98.812,0.0,-4.0,0.0,1.768,2.0,1.219,12130,14.51,12.549,42,101,,,,,,,,,,,,
2026-09-30T17:33:12.207,151.736,0,1326.75,24,,98.625,0.0,-4.0,0.0,1.786,2.0,1.23,12130,14.51,12.549,42,,45,,,,,,,,,,,
2026-09-30T17:33:12.338,151.867,0,1314.25,24,,98.531,0.0,-4.5,0.0,1.793,2.0,1.238,12130,14.51,12.549,41,,,3.125,,,,,,,,,,
2026-09-30T17:33:12.467,151.996,0,1301.5,25,,98.5,0.0,-4.5,0.0,1.797,2.0,1.23,12130,14.51,12.157,41,,,,14.316,,,,,,,,,
2026-09-30T17:33:12.598,152.126,0,1294.25,25,,98.5,0.0,-4.5,0.0,1.799,2.0,1.215,12130,14.51,12.549,41,,,,,97,,,,,,,,
2026-09-30T17:33:12.727,152.256,0,1286.0,26,,98.5,0.0,-4.5,0.0,1.799,2.0,1.188,12130,14.51,12.157,40,,,,,,23,,,,,,,
2026-09-30T17:33:12.868,152.396,0,1272.25,24,,98.469,0.0,-5.0,0.0,1.8,2.0,1.176,12130,14.51,12.157,39,,,,,,,36.078,,,,,,
2026-09-30T17:33:12.998,152.527,0,1247.75,24,,98.438,0.0,-5.5,0.0,1.8,2.0,1.195,12130,14.51,12.157,39,,,,,,,,506.0,,,,,
2026-09-30T17:33:13.127,152.656,0,1221.75,25,,98.312,0.0,-5.5,0.0,1.8,2.0,1.215,12130,14.51,12.157,39,,,,,,,,,0.1,,,,
2026-09-30T17:33:13.258,152.786,0,1235.5,24,,98.281,0.0,-5.5,0.0,1.8,2.0,1.227,12130,14.51,12.157,39,,,,,,,,,,,0.781,,
2026-09-30T17:33:13.387,152.916,0,1215.0,24,,98.188,0.0,-6.0,0.0,1.8,2.0,1.238,12130,14.51,12.157,38,,,,,,,,,,,,13.725,
2026-09-30T17:33:13.518,153.047,0,1192.5,25,,98.219,0.0,-6.0,0.0,1.8,2.0,1.25,12130,14.51,12.157,37,,,,,,,,,,,,,180
2026-09-30T17:33:13.647,153.176,0,1175.5,25,,98.188,0.0,-6.5,0.0,1.8,2.0,1.25,12130,14.51,12.157,37,101,,,,,,,,,,,,
2026-09-30T17:33:13.777,153.306,0,1223.0,25,,98.188,0.0,-5.0,0.0,1.8,2.0,1.242,12140,14.51,12.549,36,,45,,,,,,,,,,,
2026-09-30T17:33:13.908,153.436,0,1322.75,25,,98.188,0.0,-4.0,0.0,1.8,2.0,1.211,12130,14.51,12.549,36,,,3.125,,,,,,,,,,
2026-09-30T17:33:14.038,153.567,0,1398.25,26,,98.188,0.0,-2.5,0.0,1.8,2.0,1.188,12130,14.51,12.549,35,,,,14.316,,,,,,,,,
2026-09-30T17:33:14.167,153.696,0,1462.5,24,,98.188,0.0,-2.0,0.0,1.8,2.0,1.18,12130,14.51,12.941,34,,,,,97,,,,,,,,
2026-09-30T17:33:14.298,153.827,0,1520.25,24,,98.188,0.0,-1.0,0.0,1.8,2.0,1.211,12130,14.51,12.941,34,,,,,,23,,,,,,,
2026-09-30T17:33:14.427,153.956,0,1556.25,24,,98.188,0.0,-1.0,0.0,1.8,2.0,1.227,12130,14.51,12.549,33,,,,,,,36.078,,,,,,
2026-09-30T17:33:14.557,154.086,0,1526.5,23,,98.188,0.0,-1.5,0.0,1.8,2.0,1.238,12130,14.51,12.549,33,,,,,,,,508.3,,,,,
2026-09-30T17:33:14.687,154.216,0,1502.0,23,,98.188,0.0,-2.0,0.0,1.8,2.0,1.25,12120,14.51,12.549,32,,,,,,,,,0.095,,,,
2026-09-30T17:33:14.820,154.348,0,1470.25,23,,98.188,0.0,-2.5,0.0,1.8,2.0,1.258,12130,14.51,12.549,32,,,,,,,,,,,0.781,,
2026-09-30T17:33:14.947,154.476,0,1443.0,23,,98.188,0.0,-2.5,0.0,1.8,2.0,1.258,12130,14.51,12.549,31,,,,,,,,,,,,12.549,
2026-09-30T17:33:15.078,154.606,0,1427.5,23,,98.188,0.0,-2.5,0.0,1.8,2.0,1.262,12120,14.51,12.549,30,,,,,,,,,,,,,182
2026-09-30T17:33:15.207,154.736,0,1400.0,24,,98.188,0.0,-3.0,0.0,1.8,2.0,1.262,12120,14.51,12.549,30,101,,,,,,,,,,,,
2026-09-30T17:33:15.337,154.866,0,1369.75,23,,98.188,0.0,-4.0,0.0,1.8,2.0,1.266,12120,14.51,12.549,29,,46,,,,,,,,,,,
2026-09-30T17:33:15.468,154.997,0,1342.5,23,,98.188,0.0,-4.0,0.0,1.8,2.0,1.266,12120,14.51,12.549,29,,,3.906,,,,,,,,,,
2026-09-30T17:33:15.598,155.126,0,1319.0,24,,98.188,0.0,-4.5,0.0,1.8,2.0,1.266,12120,14.51,12.157,28,,,,14.316,,,,,,,,,
2026-09-30T17:33:15.727,155.256,0,1293.75,23,,98.188,0.0,-4.5,0.0,1.8,2.0,1.262,12120,14.51,12.157,27,,,,,97,,,,,,,,
2026-09-30T17:33:15.858,155.386,0,1266.0,24,,98.188,0.0,-5.0,0.0,1.8,2.0,1.266,12120,14.51,12.157,27,,,,,,23,,,,,,,
2026-09-30T17:33:15.987,155.516,0,1239.75,24,,98.188,0.0,-5.5,0.0,1.8,2.0,1.266,12120,14.51,12.157,26,,,,,,,36.078,,,,,,
2026-09-30T17:33:16.121,155.65,0,1224.0,24,,98.188,0.0,-5.5,0.0,1.8,2.0,1.262,12120,14.51,12.157,26,,,,,,,,510.5,,,,,
2026-09-30T17:33:16.248,155.776,0,1212.0,24,,98.156,0.0,-6.0,0.0,1.8,2.0,1.262,12120,14.51,12.157,25,,,,,,,,,0.095,,,,
2026-09-30T17:33:16.378,155.906,0,1217.5,24,,98.156,0.0,-5.5,0.0,1.8,2.0,1.266,12110,14.51,12.157,25,,,,,,,,,,,0.781,,
2026-09-30T17:33:16.508,156.037,0,1217.75,24,,98.156,0.0,-5.5,0.0,1.8,2.0,1.266,12110,14.51,12.157,24,,,,,,,,,,,,13.333,
2026-09-30T17:33:16.638,156.166,0,1220.75,24,,98.188,0.0,-5.5,0.0,1.8,2.0,1.262,12110,14.51,12.157,24,,,,,,,,,,,,,183
2026-09-30T17:33:16.768,156.297,0,1215.75,24,,98.094,0.0,-6.0,0.0,1.8,2.0,1.266,12100,14.51,12.157,23,100,,,,,,,,,,,,
2026-09-30T17:33:16.897,156.426,0,1212.25,24,,98.0,0.0,-6.0,0.0,1.8,2.0,1.262,12100,14.51,12.157,22,,46,,,,,,,,,,,
2026-09-30T17:33:17.028,156.557,0,1212.0,24,,98.031,0.0,-6.0,0.0,1.8,2.0,1.262,12120,14.51,12.157,22,,,4.688,,,,,,,,,,
2026-09-30T17:33:17.157,156.686,0,1213.75,24,,97.906,0.0,-6.0,0.0,1.8,2.0,1.262,12110,14.51,12.157,21,,,,14.296,,,,,,,,,
2026-09-30T17:33:17.288,156.816,0,1213.5,24,,97.906,0.0,-6.0,0.0,1.8,2.0,1.262,12100,14.51,12.157,20,,,,,97,,,,,,,,
2026-09-30T17:33:17.419,156.948,0,1214.5,24,,97.938,0.0,-6.0,0.0,1.8,2.0,1.262,12100,14.51,12.157,20,,,,,,23,,,,,,,
2026-09-30T17:33:17.548,157.077,0,1210.75,24,,97.875,0.0,-6.0,0.0,1.8,2.0,1.262,12100,14.51,12.157,19,,,,,,,36.078,,,,,,
2026-09-30T17:33:17.678,157.206,0,1208.5,24,,97.875,0.0,-6.0,0.0,1.8,2.0,1.266,12100,14.51,12.157,18,,,,,,,,512.5,,,,,
2026-09-30T17:33:17.807,157.336,0,1199.5,24,,97.875,0.0,-6.0,0.0,1.8,2.0,1.262,12090,14.51,12.157,18,,,,,,,,,0.095,,,,
2026-09-30T17:33:17.948,157.476,0,1157.75,24,,97.875,0.0,-7.0,0.0,1.8,2.0,1.262,12090,14.51,11.765,17,,,,,,,,,,,0.781,,
2026-09-30T17:33:18.078,157.607,0,1067.25,24,,97.875,10.98,-4.0,0.0,1.817,2.0,1.266,12170,14.51,11.373,16,,,,,,,,,,,,14.51,
2026-09-30T17:33:18.207,157.736,0,984.25,24,,97.875,12.549,0.5,0.0,1.86,2.0,1.242,12190,14.51,11.373,16,,,,,,,,,,,,,185
2026-09-30T17:33:18.337,157.866,0,973.75,23,,97.875,11.373,2.5,0.0,1.691,2.0,0.914,11790,14.51,11.765,16,101,,,,,,,,,,,,
2026-09-30T17:33:18.467,157.996,0,953.25,23,,97.875,11.765,3.0,0.0,1.436,1.7,0.551,11470,14.51,11.765,15,,46,,,,,,,,,,,
2026-09-30T17:33:18.598,158.126,0,918.5,22,,97.844,11.765,4.0,0.0,1.256,1.298,0.285,11170,14.51,12.157,15,,,5.469,,,,,,,,,,
2026-09-30T17:33:18.728,158.257,0,873.75,24,,97.719,13.333,2.5,0.0,1.115,1.213,0.207,10930,14.51,12.157,14,,,,14.257,,,,,,,,,
2026-09-30T17:33:18.858,158.387,0,855.0,27,,97.562,15.294,2.5,0.0,1.038,1.113,0.102,10510,14.51,12.157,14,,,,,97,,,,,,,,
2026-09-30T17:33:18.987,158.516,0,842.5,28,,97.531,16.471,-0.5,0.0,0.983,1.026,0.008,10100,14.51,12.157,13,,,,,,23,,,,,,,
2026-09-30T17:33:19.121,158.649,0,837.5,28,,97.531,16.471,1.0,0.781,0.955,0.965,-0.109,9790,14.51,12.157,12,,,,,,,36.078,,,,,,
2026-09-30T17:33:19.248,158.776,0,832.25,28,,97.531,16.863,-1.0,0.0,0.935,0.938,-0.168,9380,14.51,12.157,12,,,,,,,,512.6,,,,,
2026-09-30T17:33:19.378,158.907,0,824.25,30,,97.531,17.647,-2.0,0.781,0.924,0.931,-0.188,9080,14.51,12.549,11,,,,,,,,,0.125,,,,
2026-09-30T17:33:19.508,159.036,0,811.0,30,,97.531,18.039,-2.5,0.781,0.916,0.931,-0.188,8670,14.51,12.157,10,,,,,,,,,,,0.781,,
2026-09-30T17:33:19.638,159.166,0,791.25,31,,97.531,19.216,5.0,1.562,0.912,0.938,-0.172,8360,14.51,12.549,10,,,,,,,,,,,,20.0,
2026-09-30T17:33:19.767,159.296,0,782.5,34,,97.5,20.784,-1.5,2.344,0.909,0.954,-0.133,7890,14.51,12.549,9,,,,,,,,,,,,,186
2026-09-30T17:33:19.897,159.426,0,787.25,34,,97.5,20.392,-1.5,3.125,0.907,0.957,-0.125,7530,14.51,12.549,8,102,,,,,,,,,,,,
2026-09-30T17:33:20.027,159.556,0,813.75,34,,97.406,20.392,-4.5,3.125,0.906,0.945,-0.152,7080,14.51,12.549,8,,47,,,,,,,,,,,
2026-09-30T17:33:20.158,159.687,0,830.25,33,,97.344,20.0,-7.0,3.125,0.905,0.934,-0.18,6720,14.51,12.157,7,,,3.125,,,,,,,,,,
2026-09-30T17:33:20.287,159.816,0,842.0,32,,97.344,18.431,-5.0,3.125,0.904,0.924,-0.203,6300,14.51,12.157,6,,,,14.316,,,,,,,,,
2026-09-30T17:33:20.419,159.948,0,844.5,31,,97.344,18.039,-3.0,2.344,0.903,0.911,-0.234,5890,14.51,12.549,6,,,,,97,,,,,,,,
2026-09-30T17:33:20.547,160.076,0,836.0,30,,97.219,18.431,-2.5,2.344,0.902,0.903,-0.254,5590,14.51,12.549,5,,,,,,23,,,,,,,
2026-09-30T17:33:20.678,160.206,0,826.5,31,,97.219,18.431,-8.5,2.344,0.901,0.899,-0.262,5190,14.51,12.157,4,,,,,,,36.078,,,,,,
2026-09-30T17:33:20.807,160.336,0,814.75,31,,97.25,18.039,-3.5,2.344,0.901,0.898,-0.266,4900,14.51,12.157,4,,,,,,,,511.6,,,,,
2026-09-30T17:33:20.938,160.466,0,800.0,30,,97.219,18.431,-2.5,2.344,0.9,0.901,-0.258,4500,14.51,12.157,3,,,,,,,,,0.175,,,,
2026-09-30T17:33:21.067,160.596,0,792.0,31,,97.219,18.431,-1.0,2.344,0.899,0.901,-0.258,4210,14.51,12.157,2,,,,,,,,,,,0.781,,
2026-09-30T17:33:21.197,160.726,0,790.5,31,,97.219,18.431,0.0,2.344,0.898,0.897,-0.27,3810,14.51,12.157,2,,,,,,,,,,,,19.216,
2026-09-30T17:33:21.327,160.856,0,800.0,31,,97.219,18.431,-2.5,2.344,0.897,0.893,-0.285,3530,14.51,12.157,1,,,,,,,,,,,,,188
2026-09-30T17:33:21.457,160.986,0,806.5,31,,97.219,18.431,-4.0,1.562,0.896,0.891,-0.289,3150,14.51,12.157,1,102,,,,,,,,,,,,
2026-09-30T17:33:21.587,161.116,0,801.5,31,,97.219,18.431,-4.0,2.344,0.894,0.895,-0.277,2880,14.51,12.157,1,,47,,,,,,,,,,,
2026-09-30T17:33:21.719,161.248,0,800.5,31,,97.219,18.431,-3.5,2.344,0.893,0.898,-0.266,2520,14.51,12.157,0,,,3.906,,,,,,,,,,
2026-09-30T17:33:21.847,161.376,0,797.0,31,,97.219,18.039,-1.5,3.125,0.892,0.905,-0.246,2330,14.51,12.157,0,,,,14.238,,,,,,,,,
2026-09-30T17:33:21.978,161.507,0,797.5,31,,97.219,18.431,-2.5,3.125,0.891,0.909,-0.238,2270,14.51,12.157,0,,,,,97,,,,,,,,
2026-09-30T17:33:22.107,161.636,0,796.0,31,,97.219,18.824,-3.0,3.906,0.89,0.91,-0.234,2270,14.51,12.157,0,,,,,,23,,,,,,,
2026-09-30T17:33:22.238,161.766,0,800.75,31,,97.219,18.824,-3.5,3.906,0.888,0.913,-0.23,2320,14.51,12.157,0,,,,,,,36.078,,,,,,
2026-09-30T17:33:22.367,161.896,0,800.75,31,,97.219,18.431,-3.5,0.0,0.894,0.912,-0.23,2450,14.51,9.804,0,,,,,,,,510.4,,,,,
2026-09-30T17:33:22.497,162.026,0,792.75,28,,97.25,13.333,-9.0,0.0,0.878,0.907,-0.246,2810,14.51,9.804,0,,,,,,,,,0.2,,,,
2026-09-30T17:33:22.627,162.156,0,664.25,22,,97.219,8.235,-11.5,0.0,0.891,0.988,-0.051,3170,14.51,10.196,0,,,,,,,,,,,0.781,,
2026-09-30T17:33:22.757,162.286,0,549.25,21,,97.219,8.235,-11.5,0.0,0.917,1.124,0.113,3310,14.51,10.196,0,,,,,,,,,,,,10.196,
2026-09-30T17:33:22.887,162.416,0,414.75,22,,97.219,10.98,-11.5,0.0,0.936,1.202,0.195,3440,14.51,11.373,0,,,,,,,,,,,,,190
2026-09-30T17:33:23.027,162.556,0,327.0,23,,97.219,12.941,-11.5,0.0,0.949,1.22,0.215,3440,14.51,13.333,0,103,,,,,,,,,,,,
2026-09-30T17:33:23.157,162.686,0,327.0,23,,97.219,12.941,-11.5,0.0,0.958,1.217,0.211,3570,14.51,13.333,0,,47,,,,,,,,,,,
2026-09-30T17:33:23.287,162.816,0,0.0,66,,97.156,0.0,-30.0,0.0,0.958,1.217,0.211,3590,14.51,13.333,0,,,7.812,,,,,,,,,,
2026-09-30T17:33:23.419,162.948,0,0.0,83,,97.188,0.0,0.0,0.0,0.958,1.218,0.211,3600,14.51,13.333,0,,,,12.949,,,,,,,,,
2026-09-30T17:33:23.547,163.076,0,0.0,92,,97.219,0.0,0.0,0.0,0.958,1.223,0.219,3620,14.51,13.333,0,,,,,97,,,,,,,,
2026-09-30T17:33:23.677,163.206,0,0.0,97,,97.219,0.0,0.0,0.0,0.958,1.229,0.223,3610,14.51,13.333,0,,,,,,23,,,,,,,
2026-09-30T17:33:23.807,163.336,0,0.0,97,,97.219,0.0,0.0,0.0,0.958,1.235,0.23,3630,14.51,13.333,0,,,,,,,36.078,,,,,,
2026-09-30T17:33:23.938,163.466,0,0.0,97,,97.219,0.0,0.0,0.0,0.958,1.241,0.234,3640,14.51,13.333,0,,,,,,,,510.8,,,,,
2026-09-30T17:33:24.067,163.596,0,0.0,97,,97.219,0.0,0.0,0.0,0.958,1.248,0.242,3650,14.51,13.333,0,,,,,,,,,0.2,,,,
2026-09-30T17:33:24.197,163.726,0,0.0,97,,97.219,0.0,0.0,0.0,0.958,1.252,0.246,3650,14.51,13.333,0,,,,,,,,,,,0.781,,
2026-09-30T17:33:24.327,163.856,0,0.0,97,,97.188,0.0,-0.5,0.0,0.958,1.256,0.25,3670,14.51,13.333,0,,,,,,,,,,,,0.0,
2026-09-30T17:33:24.457,163.986,0,0.0,97,,97.219,0.0,-0.5,0.0,0.958,1.262,0.254,3670,14.51,13.333,0,,,,,,,,,,,,,191
2026-09-30T17:33:24.587,164.116,0,0.0,97,,97.219,0.0,-0.5,0.0,0.958,1.267,0.258,3680,14.51,13.333,0,103,,,,,,,,,,,,
2026-09-30T17:33:24.719,164.248,0,0.0,97,,97.219,0.0,-0.5,0.0,0.958,1.27,0.262,3680,14.51,13.333,0,,49,,,,,,,,,,,
2026-09-30T17:33:24.847,164.376,0,0.0,97,,97.219,0.0,-0.5,0.0,0.958,1.266,0.258,3690,14.51,13.333,0,,,7.812,,,,,,,,,,
2026-09-30T17:33:24.977,164.506,0,0.0,97,,97.219,0.0,-0.5,0.0,0.958,1.262,0.254,3700,14.51,13.333,0,,,,12.89,,,,,,,,,
2026-09-30T17:33:25.107,164.636,0,0.0,97,,97.219,0.0,-0.5,0.0,0.958,1.264,0.254,3700,14.51,13.333,0,,,,,97,,,,,,,,
2026-09-30T17:33:25.238,164.766,0,0.0,97,,97.219,0.0,-1.0,0.0,0.958,1.264,0.254,3710,14.51,13.333,0,,,,,,23,,,,,,,
2026-09-30T17:33:25.367,164.896,0,0.0,97,,97.188,0.0,-1.0,0.0,0.958,1.265,0.258,3710,14.51,13.333,0,,,,,,,36.078,,,,,,
2026-09-30T17:33:25.497,165.026,0,0.0,97,,97.188,0.0,-1.0,0.0,0.958,1.263,0.254,3710,14.51,13.333,0,,,,,,,,510.6,,,,,
2026-09-30T17:33:25.627,165.156,0,0.0,97,,97.188,0.0,-1.0,0.0,0.958,1.261,0.254,3710,14.51,13.333,0,,,,,,,,,0.2,,,,
2026-09-30T17:33:25.757,165.286,0,0.0,97,,97.188,0.0,-1.0,0.0,0.958,1.258,0.25,3720,14.51,13.333,0,,,,,,,,,,,0.781,,
2026-09-30T17:33:25.888,165.416,0,0.0,97,,97.188,0.0,-1.0,0.0,0.958,1.256,0.246,3720,14.51,13.333,0,,,,,,,,,,,,0.0,
2026-09-30T17:33:26.019,165.548,0,0.0,97,,97.219,0.0,-1.0,0.0,0.958,1.252,0.246,3740,14.51,13.333,0,,,,,,,,,,,,,193
2026-09-30T17:33:26.147,165.676,0,0.0,97,,97.188,0.0,-1.0,0.0,0.958,1.248,0.242,3750,14.51,14.51,0,103,,,,,,,,,,,,
2026-09-30T17:33:26.277,165.806,0,0.0,97,,97.219,0.0,-1.5,0.0,0.958,1.243,0.238,3750,14.51,15.686,0,,48,,,,,,,,,,,
2026-09-30T17:33:26.407,165.936,0,0.0,97,,97.156,0.0,-1.5,0.0,0.958,1.24,0.234,3750,14.51,16.078,0,,,7.812,,,,,,,,,,
2026-09-30T17:33:26.538,166.066,0,0.0,97,,97.219,0.0,-1.5,0.0,0.958,1.236,0.23,3750,14.51,16.078,0,,,,12.773,,,,,,,,,
2026-09-30T17:33:26.667,166.196,0,0.0,97,,97.188,0.0,-1.5,0.0,0.958,1.232,0.227,3770,14.51,16.078,0,,,,,97,,,,,,,,
2026-09-30T17:33:26.797,166.326,0,0.0,97,,97.125,0.0,-1.5,0.0,0.958,1.229,0.223,3770,14.51,16.078,0,,,,,,23,,,,,,,
2026-09-30T17:33:26.927,166.456,0,0.0,97,,97.188,0.0,-1.5,0.0,0.958,1.226,0.219,3780,14.51,16.078,0,,,,,,,36.078,,,,,,
2026-09-30T17:33:27.057,166.586,0,0.0,97,,97.219,0.0,-1.5,0.0,0.958,1.222,0.215,3780,14.51,16.078,0,,,,,,,,510.1,,,,,
2026-09-30T17:33:27.187,166.716,0,0.0,97,,97.219,0.0,-1.5,0.0,0.958,1.22,0.215,3780,14.51,16.078,0,,,,,,,,,0.2,,,,
2026-09-30T17:33:27.319,166.848,0,0.0,97,,97.188,0.0,-2.0,0.0,0.958,1.218,0.211,3790,14.51,16.078,0,,,,,,,,,,,0.781,,
2026-09-30T17:33:27.447,166.976,0,0.0,97,,97.156,0.0,-2.0,0.0,0.958,1.216,0.211,3800,14.51,16.078,0,,,,,,,,,,,,0.0,
2026-09-30T17:33:27.577,167.106,0,0.0,97,,97.219,0.0,-2.0,0.0,0.958,1.213,0.207,3810,14.51,16.078,0,,,,,,,,,,,,,194
2026-09-30T17:33:27.707,167.236,0,0.0,97,,97.219,0.0,-2.0,0.0,0.958,1.21,0.203,3810,14.51,16.078,0,104,,,,,,,,,,,,
2026-09-30T17:33:27.838,167.366,0,0.0,97,,97.188,0.0,-2.0,0.0,0.958,1.208,0.203,3810,14.51,15.686,0,,48,,,,,,,,,,,
2026-09-30T17:33:27.967,167.496,0,0.0,97,,97.188,0.0,-2.0,0.0,0.958,1.207,0.203,3810,14.51,16.078,0,,,7.812,,,,,,,,,,
2026-09-30T17:33:28.107,167.636,0,0.0,97,,97.156,0.0,-2.0,0.0,0.958,1.205,0.199,3810,14.51,16.078,0,,,,12.714,,,,,,,,,
2026-09-30T17:33:28.238,167.766,0,0.0,97,,97.188,0.0,-2.5,0.0,0.958,1.202,0.195,3820,14.51,15.686,0,,,,,97,,,,,,,,
2026-09-30T17:33:28.367,167.896,0,0.0,97,,97.094,0.0,-2.5,0.0,0.958,1.202,0.195,3820,14.51,16.078,0,,,,,,23,,,,,,,
2026-09-30T17:33:28.497,168.026,0,0.0,97,,97.156,0.0,-2.5,0.0,0.958,1.201,0.195,3820,14.51,16.078,0,,,,,,,36.078,,,,,,
2026-09-30T17:33:28.627,168.156,0,0.0,97,,97.219,0.0,-2.5,0.0,0.958,1.2,0.195,3830,14.51,16.078,0,,,,,,,,510.0,,,,,
2026-09-30T17:33:28.758,168.286,0,0.0,97,,97.156,0.0,-2.5,0.0,0.958,1.2,0.195,3840,14.51,16.078,0,,,,,,,,,0.2,,,,
2026-09-30T17:33:28.887,168.416,0,0.0,97,,97.188,0.0,-2.5,0.0,0.958,1.2,0.195,3840,14.51,16.078,0,,,,,,,,,,,0.781,,
2026-09-30T17:33:29.019,168.548,0,0.0,97,,97.094,0.0,-2.5,0.0,0.958,1.199,0.195,3840,14.51,16.078,0,,,,,,,,,,,,0.0,
2026-09-30T17:33:29.147,168.676,0,0.0,97,,97.188,0.0,-2.5,0.0,0.958,1.198,0.191,3840,14.51,16.078,0,,,,,,,,,,,,,196
2026-09-30T17:33:29.277,168.806,0,0.0,97,,97.156,0.0,-3.5,0.0,0.958,1.197,0.191,3850,14.51,16.078,0,104,,,,,,,,,,,,
2026-09-30T17:33:29.407,168.936,0,0.0,97,,97.156,0.0,-3.5,0.0,0.958,1.196,0.191,3850,14.51,16.078,0,,48,,,,,,,,,,,
2026-09-30T17:33:29.537,169.066,0,0.0,97,,97.188,0.0,-3.5,0.0,0.958,1.195,0.191,3860,14.51,16.078,0,,,7.812,,,,,,,,,,
2026-09-30T17:33:29.667,169.196,0,0.0,97,,97.156,0.0,-3.5,0.0,0.958,1.195,0.191,3860,14.51,16.078,0,,,,12.656,,,,,,,,,
2026-09-30T17:33:29.797,169.326,0,0.0,97,,97.156,0.0,-3.5,0.0,0.958,1.195,0.191,3870,14.51,16.078,0,,,,,97,,,,,,,,
2026-09-30T17:33:29.927,169.456,0,0.0,97,,97.156,0.0,-3.5,0.0,0.958,1.193,0.188,3870,14.51,16.078,0,,,,,,23,,,,,,,
2026-09-30T17:33:30.058,169.586,0,0.0,97,,97.156,0.0,-3.5,0.0,0.958,1.191,0.188,3870,14.51,16.078,0,,,,,,,36.078,,,,,,
2026-09-30T17:33:30.187,169.716,0,0.0,97,,97.188,0.0,-3.5,0.0,0.958,1.189,0.184,3870,14.51,16.078,0,,,,,,,,509.5,,,,,
2026-09-30T17:33:30.319,169.847,0,0.0,97,,97.219,0.0,-4.0,0.0,0.958,1.188,0.184,3880,14.51,16.078,0,,,,,,,,,0.2,,,,
2026-09-30T17:33:30.447,169.976,0,0.0,97,,97.188,0.0,-4.0,0.0,0.958,1.186,0.18,3890,14.51,15.686,0,,,,,,,,,,,0.781,,
2026-09-30T17:33:30.577,170.106,0,0.0,97,,97.125,0.0,-4.0,0.0,0.958,1.186,0.18,3890,14.51,16.078,0,,,,,,,,,,,,0.0,
2026-09-30T17:33:30.707,170.236,0,0.0,97,,97.156,0.0,-4.0,0.0,0.958,1.185,0.18,3890,14.51,16.078,0,,,,,,,,,,,,,197
2026-09-30T17:33:30.837,170.366,0,0.0,97,,97.125,0.0,-4.0,0.0,0.958,1.183,0.176,3900,14.51,16.078,0,104,,,,,,,,,,,,
2026-09-30T17:33:30.967,170.496,0,0.0,97,,97.219,0.0,-4.0,0.0,0.958,1.182,0.176,3900,14.51,16.078,0,,48,,,,,,,,,,,
2026-09-30T17:33:31.097,170.626,0,0.0,97,,97.188,0.0,-4.0,0.0,0.958,1.181,0.176,3900,14.51,16.078,0,,,7.812,,,,,,,,,,
2026-09-30T17:33:31.227,170.756,0,0.0,97,,97.156,0.0,-5.0,0.0,0.958,1.179,0.172,3910,14.51,15.686,0,,,,12.597,,,,,,,,,
2026-09-30T17:33:31.357,170.886,0,0.0,97,,97.156,0.0,-5.0,0.0,0.958,1.178,0.172,3910,14.51,16.078,0,,,,,97,,,,,,,,
2026-09-30T17:33:31.487,171.016,0,0.0,97,,97.188,0.0,-5.0,0.0,0.958,1.176,0.172,3910,14.51,16.078,0,,,,,,23,,,,,,,
2026-09-30T17:33:31.622,171.15,0,0.0,97,,97.188,0.0,-5.0,0.0,0.958,1.174,0.168,3910,14.51,16.078,0,,,,,,,36.078,,,,,,
2026-09-30T17:33:31.747,171.276,0,0.0,97,,97.188,0.0,-5.0,0.0,0.958,1.173,0.168,3920,14.51,16.078,0,,,,,,,,509.3,,,,,
2026-09-30T17:33:31.877,171.406,0,0.0,97,,97.219,0.0,-5.0,0.0,0.958,1.171,0.164,3920,14.51,16.078,0,,,,,,,,,0.2,,,,
2026-09-30T17:33:32.007,171.536,0,0.0,97,,97.219,0.0,-5.0,0.0,0.958,1.169,0.164,3920,14.51,16.078,0,,,,,,,,,,,0.781,,
2026-09-30T17:33:32.137,171.666,0,0.0,97,,97.188,0.0,-5.0,0.0,0.958,1.169,0.164,3930,14.51,16.078,0,,,,,,,,,,,,0.0,
2026-09-30T17:33:32.267,171.796,0,0.0,97,,97.156,0.0,-5.5,0.0,0.958,1.167,0.16,3930,14.51,16.078,0,,,,,,,,,,,,,199
2026-09-30T17:33:32.397,171.926,0,0.0,97,,97.156,0.0,-5.5,0.0,0.958,1.166,0.16,3930,14.51,16.078,0,104,,,,,,,,,,,,
2026-09-30T17:33:32.527,172.056,0,0.0,97,,97.219,0.0,-5.5,0.0,0.958,1.166,0.16,3930,14.51,16.078,0,,48,,,,,,,,,,,
2026-09-30T17:33:32.657,172.186,0,0.0,97,,97.188,0.0,-5.5,0.0,0.958,1.165,0.16,3940,14.51,16.078,0,,,7.812,,,,,,,,,,
2026-09-30T17:33:32.787,172.316,0,0.0,97,,97.062,0.0,-5.5,0.0,0.958,1.166,0.16,3940,14.51,16.078,0,,,,12.578,,,,,,,,,
2026-09-30T17:33:32.919,172.447,0,0.0,97,,97.188,0.0,-5.5,0.0,0.958,1.166,0.16,3940,14.51,16.078,0,,,,,97,,,,,,,,
2026-09-30T17:33:33.047,172.576,0,0.0,97,,97.219,0.0,-5.5,0.0,0.958,1.164,0.156,3950,14.51,16.078,0,,,,,,23,,,,,,,
2026-09-30T17:33:33.187,172.716,0,0.0,97,,97.219,0.0,-5.5,0.0,0.958,1.162,0.156,3950,14.51,16.078,0,,,,,,,36.078,,,,,,
2026-09-30T17:33:33.319,172.848,0,0.0,97,,97.188,0.0,-6.0,0.0,0.958,1.162,0.156,3950,14.51,16.078,0,,,,,,,,508.9,,,,,
2026-09-30T17:33:33.447,172.976,0,0.0,97,,97.125,0.0,-6.0,0.0,0.958,1.161,0.152,3950,14.51,16.078,0,,,,,,,,,0.2,,,,
2026-09-30T17:33:33.577,173.106,0,0.0,97,,97.125,0.0,-6.0,0.0,0.958,1.159,0.152,3950,14.51,16.078,0,,,,,,,,,,,0.781,,
2026-09-30T17:33:33.707,173.236,0,0.0,97,,97.188,0.0,-6.0,0.0,0.958,1.159,0.152,3950,14.51,16.078,0,,,,,,,,,,,,0.0,
2026-09-30T17:33:33.837,173.366,0,0.0,97,,97.219,0.0,-6.0,0.0,0.958,1.158,0.152,3950,14.51,16.078,0,,,,,,,,,,,,,200
2026-09-30T17:33:33.967,173.496,0,0.0,97,,97.188,0.0,-6.0,0.0,0.958,1.156,0.148,3950,14.51,15.686,0,104,,,,,,,,,,,,
2026-09-30T17:33:34.097,173.626,0,0.0,97,,97.156,0.0,-6.0,0.0,0.958,1.155,0.148,3950,14.51,16.078,0,,48,,,,,,,,,,,
2026-09-30T17:33:34.227,173.756,0,0.0,97,,97.219,0.0,-6.0,0.0,0.958,1.155,0.148,3960,14.51,16.078,0,,,7.812,,,,,,,,,,
2026-09-30T17:33:34.357,173.886,0,0.0,97,,97.188,0.0,-7.0,0.0,0.958,1.154,0.148,3960,14.51,16.078,0,,,,12.519,,,,,,,,,
2026-09-30T17:33:34.487,174.016,0,0.0,97,,97.062,0.0,-7.0,0.0,0.958,1.154,0.148,3960,14.51,16.078,0,,,,,97,,,,,,,,
2026-09-30T17:33:34.622,174.15,0,0.0,97,,97.188,0.0,-7.0,0.0,0.958,1.155,0.148,3960,14.51,16.078,0,,,,,,23,,,,,,,
2026-09-30T17:33:34.747,174.276,0,0.0,97,,97.188,0.0,-7.0,0.0,0.958,1.155,0.148,3950,14.51,16.078,0,,,,,,,36.078,,,,,,
2026-09-30T17:33:34.877,174.406,0,0.0,97,,97.156,0.0,-7.0,0.0,0.958,1.155,0.148,3980,14.51,16.078,0,,,,,,,,508.5,,,,,
2026-09-30T17:33:35.007,174.536,0,0.0,97,,97.219,0.0,-7.0,0.0,0.958,1.154,0.148,3960,14.51,16.078,0,,,,,,,,,0.2,,,,
2026-09-30T17:33:35.137,174.666,0,0.0,97,,97.188,0.0,-7.0,0.0,0.958,1.154,0.148,3970,14.51,16.078,0,,,,,,,,,,,0.781,,
2026-09-30T17:33:35.267,174.796,0,0.0,97,,97.188,0.0,-7.0,0.0,0.958,1.155,0.148,3970,14.51,16.078,0,,,,,,,,,,,,0.0,
2026-09-30T17:33:35.397,174.926,0,0.0,97,,97.188,0.0,-7.0,0.0,0.958,1.155,0.148,3980,14.51,16.078,0,,,,,,,,,,,,,202
2026-09-30T17:33:35.527,175.056,0,0.0,97,,97.188,0.0,-7.0,0.0,0.958,1.156,0.148,3980,14.51,16.078,0,104,,,,,,,,,,,,
2026-09-30T17:33:35.657,175.186,0,0.0,97,,97.188,0.0,-7.0,0.0,0.958,1.156,0.148,3970,14.51,16.078,0,,48,,,,,,,,,,,
2026-09-30T17:33:35.787,175.316,0,0.0,97,,97.188,0.0,-7.0,0.0,0.958,1.157,0.148,3980,14.51,16.078,0,,,7.812,,,,,,,,,,
2026-09-30T17:33:35.919,175.447,0,0.0,97,,97.188,0.0,-7.0,0.0,0.958,1.158,0.152,3980,14.51,16.078,0,,,,12.519,,,,,,,,,
2026-09-30T17:33:36.047,175.576,0,0.0,97,,97.219,0.0,-7.0,0.0,0.958,1.159,0.152,3980,14.51,15.686,0,,,,,97,,,,,,,,
2026-09-30T17:33:36.177,175.706,0,0.0,97,,97.188,0.0,-7.0,0.0,0.958,1.159,0.152,3990,14.51,16.078,0,,,,,,23,,,,,,,
2026-09-30T17:33:36.307,175.836,0,0.0,97,,97.219,0.0,-7.0,0.0,0.958,1.161,0.152,3980,14.51,16.078,0,,,,,,,36.078,,,,,,
2026-09-30T17:33:36.437,175.966,0,0.0,97,,97.219,0.0,-7.0,0.0,0.958,1.161,0.156,3980,14.51,16.078,0,,,,,,,,508.2,,,,,
2026-09-30T17:33:36.567,176.096,0,0.0,97,,97.156,0.0,-7.0,0.0,0.958,1.162,0.156,3990,14.51,16.078,0,,,,,,,,,0.2,,,,
2026-09-30T17:33:36.697,176.226,0,0.0,97,,97.188,0.0,-7.0,0.0,0.958,1.163,0.156,3980,14.51,16.078,0,,,,,,,,,,,0.781,,
2026-09-30T17:33:36.827,176.356,0,0.0,97,,97.219,0.0,-7.0,0.0,0.958,1.164,0.156,3980,14.51,16.078,0,,,,,,,,,,,,0.0,
2026-09-30T17:33:36.957,176.486,0,0.0,97,,97.219,0.0,-7.0,0.0,0.958,1.165,0.16,3990,14.51,16.078,0,,,,,,,,,,,,,204
2026-09-30T17:33:37.088,176.616,0,0.0,97,,97.188,0.0,-7.0,0.0,0.958,1.166,0.16,3980,14.51,16.078,0,104,,,,,,,,,,,,
2026-09-30T17:33:37.219,176.748,0,0.0,97,,97.188,0.0,-7.0,0.0,0.958,1.166,0.16,3990,14.51,16.078,0,,48,,,,,,,,,,,
2026-09-30T17:33:37.347,176.876,0,0.0,97,,97.188,0.0,-7.0,0.0,0.958,1.166,0.16,3990,14.51,16.078,0,,,7.812,,,,,,,,,,
2026-09-30T17:33:37.477,177.006,0,0.0,97,,97.188,0.0,-7.0,0.0,0.958,1.167,0.16,3990,14.51,16.078,0,,,,12.5,,,,,,,,,
2026-09-30T17:33:37.607,177.136,0,0.0,97,,97.156,0.0,-7.0,0.0,0.958,1.168,0.16,3990,14.51,16.078,0,,,,,97,,,,,,,,
2026-09-30T17:33:37.737,177.266,0,0.0,97,,97.188,0.0,-7.0,0.0,0.958,1.169,0.164,3990,14.51,16.078,0,,,,,,23,,,,,,,
2026-09-30T17:33:37.867,177.396,0,0.0,97,,97.188,0.0,-7.0,0.0,0.958,1.169,0.164,3990,14.51,16.078,0,,,,,,,36.078,,,,,,
2026-09-30T17:33:37.997,177.526,0,0.0,97,,97.062,0.0,-7.0,0.0,0.958,1.17,0.164,3990,14.51,16.078,0,,,,,,,,507.8,,,,,
2026-09-30T17:33:38.127,177.656,0,0.0,97,,97.188,0.0,-7.0,0.0,0.958,1.17,0.164,3990,14.51,16.078,0,,,,,,,,,0.2,,,,
2026-09-30T17:33:38.267,177.796,0,0.0,97,,97.188,0.0,-7.0,0.0,0.958,1.17,0.164,4000,14.51,16.078,0,,,,,,,,,,,0.781,,
2026-09-30T17:33:38.397,177.926,0,0.0,97,,97.188,0.0,-7.0,0.0,0.958,1.171,0.164,3990,14.51,16.078,0,,,,,,,,,,,,0.0,
2026-09-30T17:33:38.527,178.056,0,0.0,97,,97.125,0.0,-7.0,0.0,0.958,1.171,0.164,4000,14.51,16.078,0,,,,,,,,,,,,,205
2026-09-30T17:33:38.657,178.186,0,0.0,97,,97.156,0.0,-7.0,0.0,0.958,1.173,0.168,3990,14.51,16.078,0,104,,,,,,,,,,,,
2026-09-30T17:33:38.787,178.316,0,0.0,97,,97.188,0.0,-7.0,0.0,0.958,1.173,0.168,4010,14.51,16.078,0,,48,,,,,,,,,,,
2026-09-30T17:33:38.919,178.447,0,0.0,97,,97.188,0.0,-7.0,0.0,0.958,1.174,0.168,4000,14.51,16.078,0,,,7.812,,,,,,,,,,
2026-09-30T17:33:39.047,178.576,0,0.0,97,,97.094,0.0,-7.0,0.0,0.958,1.175,0.168,4010,14.51,16.078,0,,,,12.46,,,,,,,,,
2026-09-30T17:33:39.177,178.706,0,0.0,97,,97.156,0.0,-7.0,0.0,0.958,1.176,0.172,4010,14.51,16.078,0,,,,,97,,,,,,,,
2026-09-30T17:33:39.307,178.836,0,0.0,97,,97.188,0.0,-7.0,0.0,0.958,1.177,0.172,4010,14.51,16.078,0,,,,,,23,,,,,,,
2026-09-30T17:33:39.437,178.966,0,0.0,97,,97.125,0.0,-7.0,0.0,0.958,1.178,0.172,4000,14.51,16.078,0,,,,,,,36.078,,,,,,
2026-09-30T17:33:39.567,179.096,0,0.0,97,,97.062,0.0,-7.0,0.0,0.958,1.178,0.172,4000,14.51,16.078,0,,,,,,,,507.6,,,,,
2026-09-30T17:33:39.697,179.226,0,0.0,97,,97.156,0.0,-7.0,0.0,0.958,1.178,0.172,4010,14.51,16.078,0,,,,,,,,,0.195,,,,
2026-09-30T17:33:39.827,179.356,0,0.0,97,,97.125,0.0,-7.0,0.0,0.958,1.178,0.172,4000,14.51,16.078,0,,,,,,,,,,,0.781,,
2026-09-30T17:33:39.957,179.486,0,0.0,97,,97.156,0.0,-7.0,0.0,0.958,1.178,0.172,4010,14.51,16.078,0,,,,,,,,,,,,0.0,
2026-09-30T17:33:40.088,179.616,0,0.0,97,,97.156,0.0,-7.0,0.0,0.958,1.179,0.172,4010,14.51,16.078,0,,,,,,,,,,,,,207
2026-09-30T17:33:40.218,179.747,0,0.0,97,,97.188,0.0,-7.0,0.0,0.958,1.179,0.172,4010,14.51,16.078,0,103,,,,,,,,,,,,
2026-09-30T17:33:40.347,179.876,0,0.0,97,,97.156,0.0,-7.5,0.0,0.958,1.18,0.172,4010,14.51,16.078,0,,48,,,,,,,,,,,
2026-09-30T17:33:40.477,180.006,0,0.0,97,,97.219,0.0,-7.5,0.0,0.958,1.181,0.176,4010,14.51,16.078,0,,,7.812,,,,,,,,,,
2026-09-30T17:33:40.607,180.136,0,0.0,97,,97.094,0.0,-7.5,0.0,0.958,1.181,0.176,4000,14.51,16.078,0,,,,12.48,,,,,,,,,
2026-09-30T17:33:40.737,180.266,0,0.0,97,,97.094,0.0,-7.5,0.0,0.958,1.181,0.176,4010,14.51,16.078,0,,,,,97,,,,,,,,
2026-09-30T17:33:40.867,180.396,0,0.0,97,,97.188,0.0,-7.5,0.0,0.958,1.181,0.176,4010,14.51,16.078,0,,,,,,23,,,,,,,
2026-09-30T17:33:40.997,180.526,0,0.0,97,,97.188,0.0,-7.5,0.0,0.958,1.182,0.176,4010,14.51,15.686,0,,,,,,,36.078,,,,,,
2026-09-30T17:33:41.127,180.656,0,114.0,97,,97.188,0.0,-30.0,0.0,0.958,1.184,0.18,4200,14.51,12.549,0,,,,,,,,507.3,,,,,
2026-09-30T17:33:41.258,180.786,0,256.0,94,,97.031,61.176,-28.0,0.0,0.958,1.21,0.203,6590,23.529,12.941,0,,,,,,,,,0.205,,,,
2026-09-30T17:33:41.387,180.916,0,451.5,90,,97.062,69.804,-16.0,0.0,0.956,1.375,0.348,7860,27.843,12.549,0,,,,,,,,,,,0.781,,
2026-09-30T17:33:41.518,181.047,0,801.0,84,,97.062,60.392,-18.0,0.0,0.98,1.054,0.039,9970,30.98,12.157,0,,,,,,,,,,,,43.529,
2026-09-30T17:33:41.647,181.176,0,1068.0,72,,97.156,28.235,-16.0,0.0,0.956,0.916,-0.219,11600,34.118,14.902,0,,,,,,,,,,,,,208
2026-09-30T17:33:41.777,181.306,0,1217.75,53,,96.906,25.49,12.5,0.0,0.927,0.85,-0.414,11820,34.902,18.431,0,103,,,,,,,,,,,,
2026-09-30T17:33:41.908,181.436,0,1380.0,55,,96.875,23.529,13.5,0.0,0.911,0.866,-0.359,11700,34.51,24.314,0,,47,,,,,,,,,,,
2026-09-30T17:33:42.038,181.566,0,1343.25,73,,96.031,43.529,10.0,0.0,0.902,0.933,-0.184,12090,34.51,34.51,2,,,0.0,,,,,,,,,,
2026-09-30T17:33:42.167,181.696,0,1426.5,95,,96.406,41.569,8.0,3.906,0.899,0.958,-0.121,12910,34.51,35.686,3,,,,12.167,,,,,,,,,
2026-09-30T17:33:42.297,181.826,0,1429.75,95,,97.0,40.784,6.5,3.906,0.902,0.944,-0.152,13810,34.51,30.98,5,,,,,97,,,,,,,,
2026-09-30T17:33:42.427,181.956,0,1441.5,95,,97.969,40.784,7.0,4.688,0.903,0.938,-0.168,14890,34.51,29.02,6,,,,,,23,,,,,,,
2026-09-30T17:33:42.557,182.086,0,1499.5,90,,99.906,36.863,8.0,5.469,0.903,0.943,-0.156,16350,34.51,26.667,7,,,,,,,36.078,,,,,,
2026-09-30T17:33:42.687,182.216,0,1543.0,91,,100.438,36.471,8.0,6.25,0.907,0.944,-0.152,15950,34.51,27.059,9,,,,,,,,497.2,,,,,
2026-09-30T17:33:42.819,182.348,0,1568.0,91,,101.469,34.118,8.5,6.25,0.909,0.934,-0.18,16630,34.51,27.843,10,,,,,,,,,0.31,,,,
2026-09-30T17:33:42.948,182.476,0,1584.75,94,,103.188,33.333,8.5,6.25,0.909,0.925,-0.199,16760,34.51,27.059,12,,,,,,,,,,,0.781,,
2026-09-30T17:33:43.078,182.607,0,1620.0,96,,104.125,32.941,8.0,6.25,0.911,0.924,-0.203,17250,34.51,26.667,13,,,,,,,,,,,,67.451,
2026-09-30T17:33:43.207,182.736,0,1660.75,95,,104.938,31.765,9.5,6.25,0.913,0.912,-0.23,16430,34.51,26.667,14,,,,,,,,,,,,,210
2026-09-30T17:33:43.348,182.876,0,1760.75,96,,106.469,29.804,9.5,6.25,0.915,0.918,-0.219,16120,34.51,26.275,16,103,,,,,,,,,,,,
2026-09-30T17:33:43.477,183.006,0,1919.25,94,,107.281,29.412,12.0,5.469,0.92,0.901,-0.258,16110,34.51,25.49,17,,46,,,,,,,,,,,
2026-09-30T17:33:43.607,183.136,0,2041.75,92,,108.219,29.02,13.0,4.688,0.926,0.908,-0.238,16380,34.51,27.059,18,,,-0.781,,,,,,,,,,
2026-09-30T17:33:43.737,183.266,0,2153.75,93,,108.875,30.588,13.0,3.125,0.951,0.934,-0.18,16330,34.902,27.059,18,,,,12.48,,,,,,,,,
2026-09-30T17:33:43.868,183.396,0,2247.5,96,,110.906,30.588,12.5,3.906,0.993,0.98,-0.07,16360,34.902,27.451,19,,,,,97,,,,,,,,
2026-09-30T17:33:43.997,183.526,0,2316.25,97,,112.094,31.373,-22.0,3.906,1.005,0.994,-0.035,16450,34.902,24.706,20,,,,,,23,,,,,,,
2026-09-30T17:33:44.128,183.657,0,1880.75,97,,114.531,31.765,-7.0,3.906,1.005,1.029,0.008,16260,34.902,24.314,21,,,,,,,36.078,,,,,,
2026-09-30T17:33:44.257,183.786,0,1751.0,98,,117.781,29.804,1.0,7.812,1.002,1.067,0.055,16150,34.902,24.314,22,,,,,,,,490.8,,,,,
2026-09-30T17:33:44.387,183.916,0,1773.25,98,,117.562,30.588,2.0,6.25,1.002,0.992,-0.039,16570,34.902,23.922,23,,,,,,,,,0.83,,,,
2026-09-30T17:33:44.518,184.047,0,1744.0,97,,117.406,30.588,8.5,5.469,1.001,0.991,-0.043,16650,34.902,23.922,23,,,,,,,,,,,0.781,,
2026-09-30T17:33:44.647,184.176,0,1730.5,98,,116.406,32.157,9.0,4.688,1.001,0.979,-0.074,16770,34.902,24.706,24,,,,,,,,,,,,71.765,
2026-09-30T17:33:44.777,184.306,0,1826.25,97,,115.906,31.373,9.5,3.906,1.001,0.977,-0.082,16980,34.902,25.098,25,,,,,,,,,,,,,211
2026-09-30T17:33:44.907,184.436,0,1875.5,97,,115.75,30.98,11.0,3.906,1.0,0.987,-0.051,16640,35.294,25.882,26,103,,,,,,,,,,,,
2026-09-30T17:33:45.038,184.567,0,1907.75,98,,115.688,32.157,10.5,3.906,1.0,0.992,-0.039,16600,35.686,26.275,27,,45,,,,,,,,,,,
2026-09-30T17:33:45.167,184.696,0,1959.5,99,,115.906,32.941,11.0,3.906,1.0,0.99,-0.047,16700,35.686,26.275,27,,,-0.781,,,,,,,,,,
2026-09-30T17:33:45.297,184.826,0,1980.25,100,,116.406,33.725,-23.0,3.906,1.0,0.984,-0.059,16810,36.078,26.275,28,,,,13.925,,,,,,,,,
2026-09-30T17:33:45.428,184.956,0,1671.25,100,,117.0,33.333,-8.5,3.906,1.0,1.015,-0.004,17240,38.431,26.275,28,,,,,97,,,,,,,,
2026-09-30T17:33:45.557,185.086,0,1532.25,106,,118.969,45.882,-1.0,6.25,1.001,1.023,0.004,17830,38.431,26.275,29,,,,,,23,,,,,,,
2026-09-30T17:33:45.688,185.216,0,1522.75,106,,119.031,45.882,1.0,3.125,1.0,0.969,-0.098,18320,38.431,25.882,30,,,,,,,36.078,,,,,,
2026-09-30T17:33:45.818,185.346,0,1461.5,107,,119.031,48.235,3.0,3.125,1.0,0.977,-0.078,18290,39.216,26.275,30,,,,,,,,496.1,,,,,
2026-09-30T17:33:45.947,185.476,0,1384.0,108,,118.531,55.686,3.0,3.125,0.999,0.968,-0.102,18430,39.216,26.275,31,,,,,,,,,0.84,,,,
2026-09-30T17:33:46.077,185.606,0,1426.0,107,,117.688,52.941,0.0,0.781,0.998,0.966,-0.105,18470,39.608,28.627,31,,,,,,,,,,,0.781,,
2026-09-30T17:33:46.208,185.736,0,1453.25,108,,117.25,52.941,-1.5,0.0,1.003,0.988,-0.051,18340,39.608,30.98,32,,,,,,,,,,,,94.118,
2026-09-30T17:33:46.338,185.866,0,1487.5,110,,116.75,50.98,-1.0,0.0,1.0,0.999,-0.023,18250,40.0,36.078,33,,,,,,,,,,,,,213
2026-09-30T17:33:46.467,185.996,0,1525.25,111,,113.094,49.804,0.0,0.781,0.997,1.0,-0.02,18230,40.0,40.392,33,104,,,,,,,,,,,,
2026-09-30T17:33:46.598,186.126,0,1551.5,111,,112.406,47.843,1.5,1.562,1.002,1.013,-0.008,18650,40.392,43.529,34,,43,,,,,,,,,,,
2026-09-30T17:33:46.727,186.256,0,1586.25,111,,111.719,47.451,0.5,2.344,1.004,1.025,0.004,18250,40.784,52.157,35,,,-0.781,,,,,,,,,,
2026-09-30T17:33:46.858,186.386,0,1618.75,111,,111.625,45.098,2.0,3.125,0.999,1.006,-0.016,18230,40.784,58.039,35,,,,14.453,,,,,,,,,
2026-09-30T17:33:46.987,186.516,0,1654.25,112,,112.25,44.314,2.0,3.906,0.995,0.999,-0.023,18360,40.784,58.824,36,,,,,97,,,,,,,,
2026-09-30T17:33:47.121,186.65,0,1668.0,113,,113.188,44.314,1.0,3.906,0.997,1.001,-0.02,18690,40.784,59.608,36,,,,,,23,,,,,,,
2026-09-30T17:33:47.247,186.776,0,1691.0,114,,115.062,46.275,1.0,3.906,1.0,0.997,-0.027,18650,40.392,60.392,37,,,,,,,36.078,,,,,,
2026-09-30T17:33:47.378,186.906,0,1735.25,115,,115.5,45.49,2.0,3.906,1.003,1.004,-0.016,18600,40.784,61.961,38,,,,,,,,517.5,,,,,
2026-09-30T17:33:47.508,187.036,0,1778.0,116,,115.875,44.314,3.0,3.906,1.002,0.999,-0.023,18500,40.392,63.529,39,,,,,,,,,0.84,,,,
2026-09-30T17:33:47.637,187.166,0,1809.0,116,,116.031,43.137,4.0,3.906,0.995,0.994,-0.035,18570,40.392,64.314,39,,,,,,,,,,,0.781,,
2026-09-30T17:33:47.767,187.296,0,1833.75,118,,117.5,43.922,3.5,3.906,0.995,0.993,-0.039,18770,38.824,50.196,40,,,,,,,,,,,,101.569,
2026-09-30T17:33:47.898,187.426,0,1868.0,118,,118.375,45.098,4.5,3.906,0.999,0.995,-0.035,18780,37.255,25.098,41,,,,,,,,,,,,,215
2026-09-30T17:33:48.027,187.556,0,1854.75,103,,119.812,37.647,8.5,3.125,1.003,1.007,-0.012,17880,37.255,29.02,41,105,,,,,,,,,,,,
2026-09-30T17:33:48.158,187.686,0,1907.75,103,,113.312,37.647,8.5,3.125,0.999,0.997,-0.027,17400,37.255,30.196,42,,41,,,,,,,,,,,
2026-09-30T17:33:48.287,187.816,0,1936.0,102,,111.156,36.863,9.0,3.906,1.004,1.004,-0.016,17680,37.255,31.373,42,,,-0.781,,,,,,,,,,
2026-09-30T17:33:48.418,187.947,0,1931.5,102,,109.812,37.255,8.5,3.906,1.004,1.011,-0.008,17660,37.255,32.157,43,,,,14.492,,,,,,,,,
2026-09-30T17:33:48.548,188.077,0,1753.0,102,,108.625,39.216,-8.5,3.906,1.004,1.007,-0.012,17830,36.863,30.588,43,,,,,97,,,,,,,,
2026-09-30T17:33:48.677,188.206,0,1569.5,103,,108.906,40.784,3.5,3.125,1.004,0.989,-0.051,18000,36.078,27.843,43,,,,,,23,,,,,,,
2026-09-30T17:33:48.807,188.336,0,1529.0,99,,108.5,39.608,3.5,2.344,1.005,0.981,-0.07,17880,34.902,25.098,44,,,,,,,36.078,,,,,,
2026-09-30T17:33:48.937,188.466,0,1490.75,100,,107.469,41.569,7.0,1.562,1.005,0.98,-0.07,17250,34.902,24.706,44,,,,,,,,532.0,,,,,
2026-09-30T17:33:49.067,188.596,0,1419.5,97,,107.438,43.137,7.5,1.562,1.005,0.971,-0.094,16820,33.725,22.745,44,,,,,,,,,0.82,,,,
2026-09-30T17:33:49.197,188.726,0,1412.25,94,,108.062,41.176,8.0,0.0,1.009,0.986,-0.055,16740,33.725,23.137,45,,,,,,,,,,,0.781,,
2026-09-30T17:33:49.327,188.855,0,1430.0,94,,108.219,40.0,8.0,0.0,0.998,0.993,-0.039,16260,33.725,23.137,45,,,,,,,,,,,,69.02,
2026-09-30T17:33:49.458,188.986,0,1448.0,94,,108.5,39.216,8.5,0.0,1.002,0.999,-0.023,16020,33.333,22.745,46,,,,,,,,,,,,,216
2026-09-30T17:33:49.587,189.116,0,1461.0,94,,108.625,38.039,8.5,0.0,1.003,0.997,-0.027,16570,33.725,23.529,46,106,,,,,,,,,,,,
2026-09-30T17:33:49.718,189.246,0,1473.75,95,,108.531,38.824,8.5,0.0,0.996,0.989,-0.047,16520,33.725,23.529,46,,41,,,,,,,,,,,
2026-09-30T17:33:49.847,189.376,0,1477.75,95,,108.719,38.039,8.5,0.0,0.997,0.999,-0.023,16330,33.725,22.745,46,,,0.0,,,,,,,,,,
2026-09-30T17:33:49.978,189.507,0,1482.25,94,,109.0,36.863,9.0,0.781,1.005,1.021,0.0,16800,33.725,23.922,47,,,,14.433,,,,,,,,,
2026-09-30T17:33:50.108,189.636,0,1492.75,95,,108.906,38.431,9.0,0.781,1.001,0.984,-0.059,16430,33.725,23.922,47,,,,,97,,,,,,,,
2026-09-30T17:33:50.237,189.766,0,1512.5,96,,108.938,36.078,8.5,0.0,0.993,0.99,-0.043,16240,33.725,23.137,47,,,,,,23,,,,,,,
2026-09-30T17:33:50.367,189.896,0,1514.0,94,,109.312,36.078,9.0,0.781,1.001,1.013,-0.008,16730,33.725,23.529,48,,,,,,,36.078,,,,,,
2026-09-30T17:33:50.497,190.026,0,1522.25,95,,109.375,36.078,9.0,1.562,1.007,1.011,-0.008,16260,33.725,23.137,48,,,,,,,,532.5,,,,,
2026-09-30T17:33:50.628,190.156,0,1535.5,95,,109.594,34.902,9.0,1.562,0.996,0.997,-0.027,16340,33.725,23.922,48,,,,,,,,,0.815,,,,
2026-09-30T17:33:50.757,190.286,0,1549.0,95,,109.656,34.902,9.0,0.781,0.998,0.989,-0.051,16850,33.725,23.922,49,,,,,,,,,,,0.781,,
2026-09-30T17:33:50.888,190.416,0,1557.5,96,,109.812,34.902,7.0,0.0,1.008,0.998,-0.023,16200,33.725,23.922,49,,,,,,,,,,,,68.627,
2026-09-30T17:33:51.018,190.546,0,1566.25,95,,110.0,34.51,7.5,1.562,1.0,1.009,-0.012,16520,33.725,23.529,49,,,,,,,,,,,,,218
2026-09-30T17:33:51.147,190.676,0,1575.0,95,,110.25,33.725,8.0,1.562,0.992,0.989,-0.051,16690,33.725,23.529,50,106,,,,,,,,,,,,
2026-09-30T17:33:51.277,190.806,0,1588.0,95,,110.406,33.725,7.5,0.781,1.0,0.998,-0.027,16160,33.725,23.529,50,,41,,,,,,,,,,,
2026-09-30T17:33:51.408,190.936,0,1596.25,94,,110.594,32.941,8.0,1.562,1.008,1.017,-0.004,16540,33.725,23.529,50,,,0.0,,,,,,,,,,
2026-09-30T17:33:51.538,191.066,0,1606.75,94,,110.594,32.157,8.5,0.781,1.0,0.983,-0.062,16630,33.725,23.922,50,,,,14.277,,,,,,,,,
2026-09-30T17:33:51.668,191.196,0,1617.5,95,,110.812,31.765,8.0,0.0,0.991,0.983,-0.062,16150,33.725,23.529,51,,,,,97,,,,,,,,
2026-09-30T17:33:51.797,191.326,0,1623.5,94,,110.969,32.157,8.5,0.781,1.001,1.007,-0.012,16940,33.725,23.529,51,,,,,,23,,,,,,,
2026-09-30T17:33:51.927,191.456,0,1635.25,94,,110.938,32.157,9.5,0.781,1.006,1.0,-0.02,16180,33.333,23.922,52,,,,,,,36.078,,,,,,
2026-09-30T17:33:52.057,191.586,0,1643.75,95,,111.156,31.765,8.5,0.781,1.004,0.998,-0.023,16090,33.333,23.137,52,,,,,,,,532.7,,,,,
2026-09-30T17:33:52.188,191.716,0,1650.75,94,,111.344,30.98,9.5,0.781,0.994,0.995,-0.031,16450,32.157,21.569,52,,,,,,,,,0.815,,,,
2026-09-30T17:33:52.317,191.846,0,1656.5,92,,111.688,29.02,12.0,0.781,0.99,0.981,-0.066,16040,31.765,21.569,52,,,,,,,,,,,0.781,,
2026-09-30T17:33:52.448,191.976,0,1666.75,90,,111.719,25.882,12.5,0.781,1.002,1.02,0.0,15300,29.412,18.039,53,,,,,,,,,,,,49.02,
2026-09-30T17:33:52.577,192.106,0,1665.0,82,,111.812,22.745,14.5,3.125,1.007,1.035,0.016,14970,29.412,18.431,53,,,,,,,,,,,,,219
2026-09-30T17:33:52.707,192.236,0,1674.25,77,,107.094,21.961,15.5,3.125,1.008,1.002,-0.02,14610,28.627,17.647,53,105,,,,,,,,,,,,
2026-09-30T17:33:52.838,192.366,0,1690.5,72,,106.281,19.216,16.5,0.781,1.006,0.979,-0.074,13930,29.02,18.431,53,,41,,,,,,,,,,,
2026-09-30T17:33:52.967,192.496,0,1711.5,68,,104.281,19.608,17.0,1.562,0.996,1.0,-0.02,13180,29.412,18.824,53,,,0.0,,,,,,,,,,
2026-09-30T17:33:53.097,192.626,0,1739.0,69,,103.5,19.608,-12.0,2.344,0.993,0.991,-0.043,13040,29.02,18.431,53,,,,14.257,,,,,,,,,
2026-09-30T17:33:53.228,192.756,0,1595.0,70,,103.0,20.392,-5.5,1.562,0.992,0.99,-0.043,13340,27.451,17.255,53,,,,,97,,,,,,,,
2026-09-30T17:33:53.358,192.886,0,1545.5,63,,103.031,19.608,-4.5,2.344,0.991,0.989,-0.047,13870,27.451,16.863,54,,,,,,23,,,,,,,
2026-09-30T17:33:53.487,193.016,0,1501.0,61,,102.688,20.0,-4.5,1.562,1.003,0.976,-0.082,13010,27.059,16.863,54,,,,,,,36.078,,,,,,
2026-09-30T17:33:53.620,193.149,0,1463.5,62,,102.25,21.569,-0.5,0.0,1.007,0.983,-0.062,12050,26.275,16.078,54,,,,,,,,532.0,,,,,
2026-09-30T17:33:53.747,193.276,0,1417.5,58,,101.688,21.569,0.5,0.0,1.009,0.994,-0.035,11500,26.275,16.078,54,,,,,,,,,0.81,,,,
2026-09-30T17:33:53.877,193.406,0,1367.0,52,,101.344,21.961,4.5,-0.781,1.009,0.998,-0.023,11500,26.275,16.078,54,,,,,,,,,,,0.781,,
2026-09-30T17:33:54.007,193.536,0,1330.0,51,,101.344,22.745,12.0,-1.562,1.009,0.984,-0.062,11040,25.882,15.294,54,,,,,,,,,,,,33.725,
2026-09-30T17:33:54.137,193.665,0,1291.5,51,,102.031,21.569,14.0,-3.125,1.0,0.968,-0.102,10210,22.745,14.51,54,,,,,,,,,,,,,221
2026-09-30T17:33:54.267,193.796,0,1294.5,45,,101.438,20.392,14.0,-3.906,0.994,0.982,-0.066,9870,20.784,12.549,54,103,,,,,,,,,,,,
2026-09-30T17:33:54.397,193.926,0,1289.0,34,,101.156,14.51,18.0,-3.125,0.993,0.991,-0.043,9660,20.784,12.941,54,,42,,,,,,,,,,,
2026-09-30T17:33:54.527,194.056,0,1286.0,28,,101.219,11.765,19.5,-3.125,0.991,0.988,-0.051,9240,21.176,12.941,54,,,3.125,,,,,,,,,,
2026-09-30T17:33:54.658,194.186,0,1292.5,26,,100.719,10.98,19.5,-4.688,0.996,0.961,-0.117,8800,21.176,13.333,54,,,,14.355,,,,,,,,,
2026-09-30T17:33:54.787,194.315,0,1295.75,27,,100.219,11.373,18.0,-4.688,1.001,0.964,-0.109,8310,20.784,12.549,54,,,,,97,,,,,,,,
2026-09-30T17:33:54.917,194.446,0,1288.25,26,,100.125,10.588,21.5,-5.469,1.003,0.956,-0.125,7940,21.176,13.333,54,,,,,,23,,,,,,,
2026-09-30T17:33:55.047,194.575,0,1286.5,25,,99.719,11.373,14.0,-6.25,1.005,0.968,-0.102,7480,14.51,12.157,54,,,,,,,36.078,,,,,,
2026-09-30T17:33:55.177,194.706,0,1292.25,24,,99.5,0.0,26.5,-5.469,1.005,0.973,-0.09,7160,14.51,12.157,54,,,,,,,,532.8,,,,,
2026-09-30T17:33:55.308,194.837,0,1265.25,23,,99.375,0.0,25.5,-5.469,1.005,0.996,-0.027,6830,14.51,12.549,54,,,,,,,,,0.815,,,,
2026-09-30T17:33:55.438,194.966,0,1284.25,22,,99.156,0.0,17.0,-3.906,1.006,1.028,0.008,6560,14.51,12.549,54,,,,,,,,,,,0.781,,
2026-09-30T17:33:55.567,195.096,0,1281.25,23,,99.125,0.0,9.5,-3.125,1.006,1.048,0.031,6230,14.51,12.549,53,,,,,,,,,,,,12.941,
2026-09-30T17:33:55.697,195.226,0,1275.75,22,,98.812,0.0,5.5,-2.344,1.007,1.062,0.047,5890,14.51,12.157,53,,,,,,,,,,,,,222
2026-09-30T17:33:55.827,195.356,0,1272.5,22,,98.812,0.0,1.5,-1.562,1.007,1.058,0.043,5610,14.51,12.157,53,103,,,,,,,,,,,,
2026-09-30T17:33:55.957,195.485,0,1277.75,22,,98.625,0.0,-1.0,0.0,1.007,1.051,0.035,5270,14.51,12.157,53,,42,,,,,,,,,,,
2026-09-30T17:33:56.087,195.616,0,1271.25,22,,98.531,0.0,-5.0,0.0,1.008,1.049,0.035,5050,14.51,12.549,53,,,4.688,,,,,,,,,,
2026-09-30T17:33:56.217,195.746,0,1269.5,21,,98.5,0.0,-5.0,0.0,1.006,1.096,0.086,5540,14.902,12.549,53,,,,14.335,,,,,,,,,
2026-09-30T17:33:56.347,195.876,0,1261.0,22,,98.281,0.0,-5.0,0.0,1.006,1.212,0.207,6560,14.902,12.549,53,,,,,97,,,,,,,,
2026-09-30T17:33:56.477,196.006,0,1252.75,23,,98.281,0.0,-5.0,0.0,0.998,1.571,0.48,7720,14.902,12.549,53,,,,,,23,,,,,,,
2026-09-30T17:33:56.608,196.137,0,1254.0,24,,98.188,0.0,-5.0,0.0,1.008,2.0,0.719,9000,15.294,12.549,53,,,,,,,36.078,,,,,,
2026-09-30T17:33:56.737,196.266,0,1259.5,24,,98.188,0.0,-5.0,0.0,1.051,2.0,0.883,9350,15.294,12.157,53,,,,,,,,534.5,,,,,
2026-09-30T17:33:56.867,196.395,0,1258.25,25,,98.188,0.0,-5.0,0.0,1.12,2.0,0.988,9430,14.902,12.157,53,,,,,,,,,0.815,,,,
2026-09-30T17:33:56.997,196.526,0,1254.25,25,,98.188,0.0,-5.0,0.0,1.174,2.0,1.078,9420,14.902,12.157,53,,,,,,,,,,,0.781,,
2026-09-30T17:33:57.127,196.656,0,1248.25,25,,98.188,0.0,-5.5,0.0,1.228,2.0,1.129,9420,14.902,12.157,52,,,,,,,,,,,,13.725,
2026-09-30T17:33:57.257,196.786,0,1245.0,25,,98.188,0.0,-5.5,0.0,1.293,2.0,1.16,9420,14.902,12.157,52,,,,,,,,,,,,,224
2026-09-30T17:33:57.387,196.916,0,1240.75,25,,98.188,0.0,-5.5,0.0,1.388,2.0,1.188,9420,14.902,12.157,52,102,,,,,,,,,,,,
2026-09-30T17:33:57.517,197.046,0,1234.0,25,,98.188,0.0,-5.5,0.0,1.479,2.0,1.207,9420,14.51,12.157,52,,43,,,,,,,,,,,
2026-09-30T17:33:57.647,197.176,0,1233.0,25,,98.188,0.0,-5.5,0.0,1.603,2.0,1.223,9420,14.51,12.157,52,,,4.688,,,,,,,,,,
2026-09-30T17:33:57.778,197.306,0,1237.25,24,,98.188,0.0,-5.5,0.0,1.689,2.0,1.23,9410,14.51,12.157,52,,,,14.414,,,,,,,,,
2026-09-30T17:33:57.907,197.435,0,1239.0,24,,98.094,0.0,-5.5,0.0,1.748,2.0,1.234,9410,14.51,12.157,52,,,,,97,,,,,,,,
2026-09-30T17:33:58.037,197.566,0,1234.25,24,,98.156,0.0,-5.5,0.0,1.774,2.0,1.238,9410,14.51,12.157,51,,,,,,23,,,,,,,
2026-09-30T17:33:58.168,197.696,0,1231.5,24,,98.062,0.0,-5.5,0.0,1.788,2.0,1.238,9520,14.51,12.157,51,,,,,,,36.078,,,,,,
2026-09-30T17:33:58.297,197.826,0,1225.5,24,,98.094,0.0,-5.5,0.0,1.794,2.0,1.246,9570,14.902,12.157,51,,,,,,,,537.0,,,,,
2026-09-30T17:33:58.427,197.955,0,1219.75,24,,98.031,0.0,-5.5,0.0,1.797,2.0,1.246,9570,14.51,12.157,51,,,,,,,,,0.12,,,,
2026-09-30T17:33:58.557,198.086,0,1219.75,24,,97.969,0.0,-5.5,0.0,1.799,2.0,1.246,9570,14.51,12.157,51,,,,,,,,,,,0.781,,
2026-09-30T17:33:58.687,198.215,0,1218.25,24,,97.906,0.0,-5.5,0.0,1.799,2.0,1.25,9560,14.51,12.157,51,,,,,,,,,,,,12.941,
2026-09-30T17:33:58.818,198.346,0,1218.75,23,,97.938,0.0,-5.5,0.0,1.8,2.0,1.25,9560,14.51,12.157,51,,,,,,,,,,,,,225
2026-09-30T17:33:58.947,198.476,0,1216.5,23,,97.906,0.0,-6.0,0.0,1.8,2.0,1.25,9560,14.51,12.157,51,102,,,,,,,,,,,,
2026-09-30T17:33:59.077,198.606,0,1210.75,23,,97.938,0.0,-6.0,0.0,1.8,2.0,1.254,9560,14.51,12.157,51,,44,,,,,,,,,,,
2026-09-30T17:33:59.207,198.735,0,1209.25,24,,97.875,0.0,-6.0,0.0,1.8,2.0,1.254,9550,14.51,12.157,51,,,4.688,,,,,,,,,,
2026-09-30T17:33:59.338,198.866,0,1207.0,24,,97.875,0.0,-6.0,0.0,1.8,2.0,1.254,9550,14.51,12.157,51,,,,14.277,,,,,,,,,
2026-09-30T17:33:59.467,198.995,0,1204.5,24,,97.875,0.0,-6.0,0.0,1.8,2.0,1.254,9540,14.51,12.157,50,,,,,97,,,,,,,,
2026-09-30T17:33:59.597,199.126,0,1204.5,24,,97.875,0.0,-6.0,0.0,1.8,2.0,1.254,9540,14.51,12.157,50,,,,,,23,,,,,,,
2026-09-30T17:33:59.727,199.256,0,1203.0,24,,97.875,0.0,-6.0,0.0,1.8,2.0,1.254,9540,14.51,12.157,50,,,,,,,36.078,,,,,,
2026-09-30T17:33:59.857,199.385,0,1200.75,24,,97.875,0.0,-6.0,0.0,1.8,2.0,1.254,9540,14.51,12.157,50,,,,,,,,539.3,,,,,
2026-09-30T17:33:59.988,199.516,0,1199.5,24,,97.875,0.0,-6.0,0.0,1.8,2.0,1.254,9540,14.51,12.157,50,,,,,,,,,0.095,,,,
2026-09-30T17:34:00.120,199.649,0,1196.0,24,,97.875,0.0,-6.0,0.0,1.8,2.0,1.254,9540,14.51,12.157,50,,,,,,,,,,,0.781,,
2026-09-30T17:34:00.247,199.775,0,1193.25,24,,97.875,0.0,-6.0,0.0,1.8,2.0,1.254,9520,14.51,12.157,50,,,,,,,,,,,,13.333,
2026-09-30T17:34:00.377,199.906,0,1185.0,24,,97.875,0.0,-6.5,0.0,1.8,2.0,1.254,9530,14.51,12.157,50,,,,,,,,,,,,,227
2026-09-30T17:34:00.507,200.036,0,1178.75,24,,97.875,0.0,-6.5,0.0,1.8,2.0,1.254,9520,14.51,12.157,49,102,,,,,,,,,,,,
2026-09-30T17:34:00.637,200.166,0,1171.75,24,,97.875,0.0,-6.5,0.0,1.8,2.0,1.258,9510,14.51,12.157,49,,44,,,,,,,,,,,
2026-09-30T17:34:00.767,200.296,0,1165.5,24,,97.875,0.0,-6.5,0.0,1.8,2.0,1.254,9510,14.51,12.157,49,,,4.688,,,,,,,,,,
2026-09-30T17:34:00.897,200.426,0,1163.25,24,,97.875,0.0,-6.5,0.0,1.8,2.0,1.258,9510,14.51,12.157,48,,,,14.316,,,,,,,,,
2026-09-30T17:34:01.027,200.556,0,1155.5,23,,97.875,0.0,-6.5,0.0,1.8,2.0,1.258,9500,14.51,12.157,48,,,,,97,,,,,,,,
2026-09-30T17:34:01.157,200.686,0,1151.25,24,,97.875,0.0,-7.0,0.0,1.8,2.0,1.258,9500,14.51,12.157,48,,,,,,23,,,,,,,
2026-09-30T17:34:01.287,200.816,0,1143.75,24,,97.875,0.0,-7.0,0.0,1.8,2.0,1.258,9490,14.51,12.157,47,,,,,,,36.078,,,,,,
2026-09-30T17:34:01.418,200.947,0,1199.25,24,,97.875,0.0,-5.5,0.0,1.8,2.0,1.258,9490,14.51,12.549,47,,,,,,,,541.6,,,,,
2026-09-30T17:34:01.547,201.075,0,1287.25,23,,97.875,0.0,-4.0,0.0,1.8,2.0,1.25,9490,14.51,12.549,47,,,,,,,,,0.095,,,,
2026-09-30T17:34:01.678,201.206,0,1373.0,24,,97.875,0.0,-3.0,0.0,1.8,2.0,1.258,9490,14.51,12.549,46,,,,,,,,,,,0.781,,
2026-09-30T17:34:01.807,201.335,0,1438.5,24,,97.875,0.0,-2.5,0.0,1.8,2.0,1.258,9490,14.51,12.549,46,,,,,,,,,,,,12.941,
2026-09-30T17:34:01.937,201.466,0,1444.5,23,,97.875,0.0,-2.5,0.0,1.8,2.0,1.258,9480,14.51,12.549,45,,,,,,,,,,,,,229
2026-09-30T17:34:02.067,201.596,0,1427.5,23,,97.875,0.0,-2.5,0.0,1.8,2.0,1.258,9480,14.51,12.549,45,102,,,,,,,,,,,,
2026-09-30T17:34:02.197,201.725,0,1410.0,24,,97.875,0.0,-3.0,0.0,1.8,2.0,1.266,9480,14.51,12.549,45,,45,,,,,,,,,,,
2026-09-30T17:34:02.327,201.855,0,1397.75,23,,97.906,0.0,-3.0,0.0,1.8,2.0,1.258,9470,14.51,12.549,44,,,3.906,,,,,,,,,,
2026-09-30T17:34:02.457,201.985,0,1390.0,23,,98.031,0.0,-3.0,0.0,1.8,2.0,1.266,9470,14.51,12.549,44,,,,14.316,,,,,,,,,
2026-09-30T17:34:02.587,202.116,0,1378.75,24,,98.031,0.0,-4.0,0.0,1.8,2.0,1.262,9460,14.51,12.549,43,,,,,97,,,,,,,,
2026-09-30T17:34:02.717,202.246,0,1367.0,23,,98.094,0.0,-4.0,0.0,1.8,2.0,1.262,9470,14.51,12.549,43,,,,,,23,,,,,,,
2026-09-30T17:34:02.847,202.376,0,1354.75,23,,98.094,0.0,-4.0,0.0,1.8,2.0,1.262,9460,14.51,12.157,42,,,,,,,36.078,,,,,,
2026-09-30T17:34:02.977,202.505,0,1342.0,23,,98.125,0.0,-4.0,0.0,1.8,2.0,1.266,9460,14.51,12.157,42,,,,,,,,543.4,,,,,
2026-09-30T17:34:03.108,202.636,0,1330.0,23,,98.094,0.0,-4.0,0.0,1.8,2.0,1.266,9450,14.51,12.157,42,,,,,,,,,0.095,,,,
2026-09-30T17:34:03.237,202.766,0,1319.25,23,,98.125,0.0,-4.0,0.0,1.8,2.0,1.266,9450,14.51,12.157,41,,,,,,,,,,,0.781,,
2026-09-30T17:34:03.367,202.895,0,1305.0,23,,98.156,0.0,-4.5,0.0,1.8,2.0,1.266,9450,14.51,12.157,41,,,,,,,,,,,,12.549,
2026-09-30T17:34:03.497,203.025,0,1291.0,23,,98.125,0.0,-4.5,0.0,1.8,2.0,1.266,9450,14.51,12.157,40,,,,,,,,,,,,,230
2026-09-30T17:34:03.627,203.155,0,1275.75,23,,98.156,0.0,-5.0,0.0,1.8,2.0,1.266,9450,14.51,12.157,40,101,,,,,,,,,,,,
2026-09-30T17:34:03.757,203.285,0,1265.0,23,,98.094,0.0,-5.0,0.0,1.8,2.0,1.266,9440,14.51,12.157,40,,45,,,,,,,,,,,
2026-09-30T17:34:03.887,203.415,0,1251.25,23,,98.062,0.0,-5.0,0.0,1.8,2.0,1.262,9440,14.51,12.157,39,,,4.688,,,,,,,,,,
2026-09-30T17:34:04.017,203.546,0,1238.0,24,,98.188,0.0,-5.5,0.0,1.8,2.0,1.266,9430,14.51,12.157,39,,,,14.296,,,,,,,,,
2026-09-30T17:34:04.147,203.675,0,1221.5,24,,97.969,0.0,-6.0,0.0,1.8,2.0,1.266,9420,14.51,12.157,38,,,,,97,,,,,,,,
2026-09-30T17:34:04.277,203.805,0,1205.25,24,,97.969,0.0,-6.0,0.0,1.8,2.0,1.266,9420,14.51,12.157,38,,,,,,22,,,,,,,
2026-09-30T17:34:04.408,203.936,0,1191.25,24,,97.969,0.0,-6.0,0.0,1.8,2.0,1.266,9420,14.51,12.157,37,,,,,,,36.078,,,,,,
2026-09-30T17:34:04.537,204.065,0,1174.5,24,,98.031,0.0,-6.5,0.0,1.8,2.0,1.266,9420,14.51,12.157,37,,,,,,,,545.0,,,,,
2026-09-30T17:34:04.667,204.195,0,1163.75,25,,97.938,0.0,-6.5,0.0,1.8,2.0,1.27,9420,14.51,11.765,36,,,,,,,,,0.095,,,,
2026-09-30T17:34:04.798,204.326,0,1148.0,24,,97.938,0.0,-7.0,0.0,1.8,2.0,1.266,9410,14.51,12.157,36,,,,,,,,,,,0.781,,
2026-09-30T17:34:04.927,204.455,0,1133.75,23,,97.938,0.0,-7.0,0.0,1.8,2.0,1.266,9510,14.51,12.157,35,,,,,,,,,,,,13.333,
2026-09-30T17:34:05.057,204.585,0,1118.75,24,,97.906,0.0,-7.5,0.0,1.8,2.0,1.266,9500,14.51,12.157,35,,,,,,,,,,,,,232
2026-09-30T17:34:05.188,204.716,0,1152.75,24,,97.875,0.0,-6.5,0.0,1.8,2.0,1.266,9490,14.51,12.157,34,102,,,,,,,,,,,,
2026-09-30T17:34:05.318,204.847,0,1243.5,24,,97.875,0.0,-5.0,0.0,1.8,2.0,1.262,9490,14.51,12.549,34,,46,,,,,,,,,,,
2026-09-30T17:34:05.448,204.976,0,1322.75,24,,97.875,0.0,-4.0,0.0,1.8,2.0,1.262,9490,14.51,12.549,33,,,3.906,,,,,,,,,,
2026-09-30T17:34:05.577,205.106,0,1384.5,24,,97.875,0.0,-3.0,0.0,1.8,2.0,1.266,9490,14.51,12.549,33,,,,14.335,,,,,,,,,
2026-09-30T17:34:05.708,205.236,0,1444.5,24,,97.938,0.0,-2.5,0.0,1.8,2.0,1.262,9480,14.51,12.549,32,,,,,97,,,,,,,,
2026-09-30T17:34:05.837,205.365,0,1479.5,24,,98.0,0.0,-2.5,0.0,1.8,2.0,1.266,9480,14.51,12.549,31,,,,,,22,,,,,,,
2026-09-30T17:34:05.967,205.496,0,1441.0,23,,98.094,0.0,-2.5,0.0,1.8,2.0,1.266,9480,14.51,12.549,31,,,,,,,36.078,,,,,,
2026-09-30T17:34:06.098,205.626,0,1412.75,24,,98.125,0.0,-2.5,0.0,1.8,2.0,1.27,9480,14.51,12.549,30,,,,,,,,546.6,,,,,
2026-09-30T17:34:06.227,205.756,0,1389.5,23,,98.125,0.0,-3.0,0.0,1.8,2.0,1.27,9470,14.51,12.549,30,,,,,,,,,0.095,,,,
2026-09-30T17:34:06.357,205.885,0,1365.0,23,,98.188,0.0,-4.0,0.0,1.8,2.0,1.27,9460,14.51,12.549,29,,,,,,,,,,,0.781,,
2026-09-30T17:34:06.487,206.015,0,1340.5,23,,98.125,0.0,-4.0,0.0,1.8,2.0,1.27,9460,14.51,12.549,29,,,,,,,,,,,,12.941,
2026-09-30T17:34:06.620,206.149,0,1313.5,24,,98.156,0.0,-4.5,0.0,1.8,2.0,1.27,9460,14.51,12.157,28,,,,,,,,,,,,,233
2026-09-30T17:34:06.747,206.275,0,1284.0,23,,98.156,0.0,-4.5,0.0,1.8,2.0,1.266,9460,14.51,12.157,27,103,,,,,,,,,,,,
2026-09-30T17:34:06.877,206.406,0,1261.0,23,,98.156,0.0,-5.0,0.0,1.8,2.0,1.266,9450,14.51,12.157,27,,46,,,,,,,,,,,
2026-09-30T17:34:07.007,206.535,0,1229.5,24,,98.156,0.0,-5.5,0.0,1.8,2.0,1.273,9440,14.51,12.157,26,,,4.688,,,,,,,,,,
2026-09-30T17:34:07.138,206.666,0,1203.25,24,,98.125,0.0,-6.0,0.0,1.8,2.0,1.266,9440,14.51,12.157,26,,,,14.277,,,,,,,,,
2026-09-30T17:34:07.268,206.796,0,1176.25,24,,98.094,0.0,-6.5,0.0,1.8,2.0,1.27,9450,14.51,12.157,25,,,,,97,,,,,,,,
2026-09-30T17:34:07.397,206.925,0,1145.0,24,,98.062,0.0,-7.0,0.0,1.8,2.0,1.27,9430,14.51,12.157,24,,,,,,22,,,,,,,
2026-09-30T17:34:07.527,207.056,0,1113.75,24,,98.125,0.0,-7.5,0.0,1.8,2.0,1.27,9430,14.51,12.157,24,,,,,,,36.078,,,,,,
2026-09-30T17:34:07.657,207.185,0,1076.25,24,,97.969,11.765,-8.5,0.0,1.816,2.0,1.27,9430,14.51,11.765,23,,,,,,,,547.9,,,,,
2026-09-30T17:34:07.787,207.315,0,1055.5,24,,97.875,12.157,-8.5,0.0,1.841,2.0,1.293,9700,14.51,11.765,22,,,,,,,,,0.095,,,,
2026-09-30T17:34:07.918,207.446,0,1034.5,23,,97.875,11.765,-8.5,0.0,1.643,2.0,1.168,9550,14.51,11.765,21,,,,,,,,,,,0.781,,
2026-09-30T17:34:08.047,207.575,0,1035.25,23,,97.875,11.373,-8.5,0.0,1.391,2.0,0.945,9170,14.51,11.765,20,,,,,,,,,,,,12.941,
2026-09-30T17:34:08.177,207.706,0,1064.75,22,,97.875,10.98,-8.5,0.0,1.248,2.0,0.805,8790,14.51,12.157,20,,,,,,,,,,,,,235
2026-09-30T17:34:08.308,207.836,0,1069.75,22,,97.875,10.196,-8.5,0.0,1.117,1.452,0.402,8510,14.51,11.765,19,103,,,,,,,,,,,,
2026-09-30T17:34:08.437,207.966,0,1069.0,23,,97.875,10.588,-8.5,0.0,1.037,1.349,0.328,8160,14.51,11.765,18,,46,,,,,,,,,,,
2026-09-30T17:34:08.567,208.095,0,1055.5,22,,97.781,10.196,-8.5,0.0,0.977,1.168,0.16,7890,14.51,12.157,17,,,5.469,,,,,,,,,,
2026-09-30T17:34:08.697,208.225,0,1014.25,22,,97.688,10.588,-10.0,0.0,0.948,1.115,0.105,7540,14.51,11.765,17,,,,14.179,,,,,,,,,
2026-09-30T17:34:08.827,208.355,0,898.75,22,,97.75,11.373,-8.0,0.0,0.93,1.133,0.125,7320,14.51,11.373,16,,,,,97,,,,,,,,
2026-09-30T17:34:08.957,208.485,0,814.75,23,,97.656,12.157,9.0,0.0,0.922,1.12,0.109,7020,14.51,12.157,15,,,,,,22,,,,,,,
2026-09-30T17:34:09.087,208.615,0,790.5,25,,97.531,14.51,20.0,0.0,0.916,1.021,0.0,6780,14.51,12.549,15,,,,,,,36.078,,,,,,
2026-09-30T17:34:09.217,208.746,0,784.25,28,,97.531,16.863,3.5,4.688,0.912,0.992,-0.039,6370,14.51,11.765,14,,,,,,,,547.2,,,,,
2026-09-30T17:34:09.347,208.876,0,787.25,29,,97.531,16.863,-2.5,4.688,0.91,0.98,-0.07,6060,14.51,11.765,13,,,,,,,,,0.135,,,,
2026-09-30T17:34:09.477,209.005,0,781.0,28,,97.531,15.686,3.5,3.906,0.908,0.948,-0.145,5770,14.51,11.765,12,,,,,,,,,,,0.781,,
2026-09-30T17:34:09.607,209.135,0,773.5,28,,97.531,16.078,4.0,2.344,0.907,0.914,-0.227,5380,14.51,12.157,12,,,,,,,,,,,,17.647,
2026-09-30T17:34:09.737,209.266,0,763.0,29,,97.531,18.431,7.0,1.562,0.906,0.896,-0.273,5100,14.51,12.157,11,,,,,,,,,,,,,236
2026-09-30T17:34:09.867,209.395,0,764.5,31,,97.531,18.039,1.5,0.781,0.906,0.894,-0.277,4800,14.51,12.157,10,104,,,,,,,,,,,,
2026-09-30T17:34:09.997,209.525,0,765.5,31,,97.531,18.039,5.0,0.781,0.906,0.897,-0.27,4400,14.51,12.549,10,,46,,,,,,,,,,,
2026-09-30T17:34:10.127,209.655,0,750.75,31,,97.5,18.824,14.0,1.562,0.905,0.904,-0.25,4100,14.51,12.941,9,,,2.344,,,,,,,,,,
2026-09-30T17:34:10.257,209.785,0,747.75,38,,97.406,23.529,-2.0,2.344,0.905,0.914,-0.227,3740,14.51,12.549,8,,,,14.335,,,,,,,,,
2026-09-30T17:34:10.387,209.915,0,795.5,36,,97.406,21.569,-7.5,2.344,0.904,0.918,-0.215,3430,14.51,12.157,8,,,,,97,,,,,,,,
2026-09-30T17:34:10.518,210.046,0,818.5,35,,97.438,20.784,-9.0,3.125,0.903,0.924,-0.203,3170,14.51,12.157,7,,,,,,22,,,,,,,
2026-09-30T17:34:10.647,210.175,0,818.0,33,,97.375,19.216,-4.5,3.125,0.901,0.924,-0.203,2870,14.51,12.549,6,,,,,,,36.078,,,,,,
2026-09-30T17:34:10.777,210.305,0,825.75,32,,97.25,19.216,-5.5,3.125,0.901,0.918,-0.219,2710,14.51,12.157,6,,,,,,,,545.3,,,,,
2026-09-30T17:34:10.907,210.435,0,818.5,31,,97.312,18.824,-4.0,3.125,0.9,0.911,-0.234,2670,14.51,12.549,5,,,,,,,,,0.18,,,,
2026-09-30T17:34:11.037,210.565,0,816.25,31,,97.25,19.216,-5.0,3.125,0.899,0.913,-0.227,2830,14.51,12.157,4,,,,,,,,,,,0.781,,
2026-09-30T17:34:11.167,210.696,0,803.0,31,,97.281,18.431,-4.0,3.906,0.898,0.915,-0.223,3020,14.51,12.157,4,,,,,,,,,,,,19.216,
2026-09-30T17:34:11.297,210.825,0,791.0,30,,97.219,18.431,-3.5,3.906,0.897,0.914,-0.227,3090,14.51,12.157,3,,,,,,,,,,,,,238
2026-09-30T17:34:11.427,210.955,0,783.5,31,,97.25,18.824,-0.5,3.906,0.896,0.907,-0.242,2890,14.51,12.157,3,104,,,,,,,,,,,,
2026-09-30T17:34:11.557,211.086,0,781.75,31,,97.219,18.039,1.0,3.125,0.895,0.898,-0.266,2860,14.51,12.157,2,,46,,,,,,,,,,,
2026-09-30T17:34:11.688,211.216,0,786.0,31,,97.219,18.824,-1.0,3.125,0.894,0.895,-0.277,3270,14.51,12.157,2,,,3.125,,,,,,,,,,
2026-09-30T17:34:11.818,211.346,0,791.25,31,,97.25,18.824,-3.0,3.125,0.893,0.891,-0.285,3560,14.51,12.157,1,,,,14.199,,,,,,,,,
2026-09-30T17:34:11.946,211.475,0,798.25,31,,97.219,18.824,-4.0,3.125,0.892,0.886,-0.305,3710,14.51,12.157,1,,,,,97,,,,,,,,
2026-09-30T17:34:12.077,211.606,0,798.25,31,,97.219,18.431,-3.0,2.344,0.892,0.884,-0.309,3390,14.51,12.157,1,,,,,,22,,,,,,,
2026-09-30T17:34:12.207,211.735,0,794.5,30,,97.219,18.039,-1.5,2.344,0.89,0.885,-0.305,3210,14.51,12.157,0,,,,,,,36.078,,,,,,
2026-09-30T17:34:12.337,211.865,0,792.75,30,,97.219,18.431,-2.5,3.125,0.889,0.89,-0.293,3470,14.51,12.157,0,,,,,,,,543.5,,,,,
2026-09-30T17:34:12.467,211.995,0,792.0,30,,97.219,17.647,0.5,3.125,0.888,0.892,-0.285,4140,14.51,12.157,0,,,,,,,,,0.195,,,,
2026-09-30T17:34:12.597,212.125,0,788.5,31,,97.219,18.824,-1.5,3.125,0.887,0.888,-0.297,4000,14.51,12.157,0,,,,,,,,,,,0.781,,
2026-09-30T17:34:12.727,212.256,0,784.0,31,,97.219,19.216,0.0,3.125,0.886,0.876,-0.328,3700,14.51,12.157,0,,,,,,,,,,,,19.216,
2026-09-30T17:34:12.856,212.385,0,788.25,30,,97.219,18.431,0.5,2.344,0.885,0.865,-0.363,3430,14.51,10.196,0,,,,,,,,,,,,,240
2026-09-30T17:34:12.987,212.515,0,794.75,28,,97.281,13.725,-9.0,0.0,0.877,0.867,-0.359,3580,14.51,10.196,0,104,,,,,,,,,,,,
2026-09-30T17:34:13.120,212.649,0,674.75,23,,97.25,8.627,-11.0,0.0,0.881,0.934,-0.18,3890,14.51,10.196,0,,46,,,,,,,,,,,
2026-09-30T17:34:13.247,212.775,0,565.25,21,,97.25,8.235,-11.5,0.0,0.911,1.07,0.059,4130,14.51,10.196,0,,,10.156,,,,,,,,,,
2026-09-30T17:34:13.377,212.905,0,442.0,22,,97.219,10.196,-11.5,0.0,0.93,1.173,0.168,4400,14.51,10.588,0,,,,13.183,,,,,,,,,
2026-09-30T17:34:13.507,213.035,0,365.25,23,,97.219,11.765,-11.5,0.0,0.945,1.226,0.219,4400,14.51,12.941,0,,,,,97,,,,,,,,
2026-09-30T17:34:13.637,213.165,0,365.0,23,,97.219,10.98,-11.5,0.0,0.956,1.238,0.23,4400,14.51,13.333,0,,,,,,22,,,,,,,
2026-09-30T17:34:13.776,213.305,0,365.0,23,,97.219,10.98,-11.5,0.0,0.968,1.224,0.219,4400,14.51,13.333,0,,,,,,,36.078,,,,,,
2026-09-30T17:34:13.907,213.435,0,0.0,23,,97.219,10.98,-30.0,0.0,0.973,1.226,0.219,4530,14.51,13.333,0,,,,,,,,543.3,,,,,
2026-09-30T17:34:14.037,213.565,0,0.0,89,,97.219,0.0,-30.0,0.0,0.973,1.226,0.219,4540,14.51,13.333,0,,,,,,,,,0.205,,,,
2026-09-30T17:34:14.167,213.695,0,0.0,97,,97.219,0.0,-30.0,0.0,0.973,1.227,0.219,4530,14.51,13.333,0,,,,,,,,,,,0.781,,
2026-09-30T17:34:14.297,213.825,0,0.0,97,,97.219,0.0,-30.0,0.0,0.973,1.229,0.223,4530,14.51,13.333,0,,,,,,,,,,,,0.0,
2026-09-30T17:34:14.427,213.955,0,0.0,97,,97.219,0.0,-30.0,0.0,0.973,1.229,0.223,4530,14.51,13.333,0,,,,,,,,,,,,,241
2026-09-30T17:34:14.557,214.085,0,0.0,97,,97.219,0.0,-30.0,0.0,0.973,1.23,0.223,4530,14.51,13.333,0,104,,,,,,,,,,,,
2026-09-30T17:34:14.687,214.215,0,0.0,97,,97.219,0.0,-30.0,0.0,0.973,1.23,0.223,4530,14.51,13.333,0,,48,,,,,,,,,,,
2026-09-30T17:34:14.817,214.346,0,0.0,97,,97.219,0.0,-30.0,0.0,0.973,1.23,0.223,4540,14.51,13.333,0,,,9.375,,,,,,,,,,
2026-09-30T17:34:14.947,214.475,0,0.0,97,,97.219,0.0,-30.0,0.0,0.973,1.23,0.223,4530,14.51,13.333,0,,,,13.066,,,,,,,,,
2026-09-30T17:34:15.077,214.605,0,0.0,97,,97.219,0.0,-30.0,0.0,0.973,1.23,0.223,4530,14.51,13.333,0,,,,,97,,,,,,,,
2026-09-30T17:34:15.207,214.735,0,0.0,97,,97.219,0.0,-30.0,0.0,0.973,1.229,0.223,4530,14.51,13.333,0,,,,,,22,,,,,,,
2026-09-30T17:34:15.337,214.865,0,0.0,97,,97.219,0.0,-30.0,0.0,0.973,1.226,0.219,4540,14.51,13.333,0,,,,,,,36.078,,,,,,
2026-09-30T17:34:15.467,214.995,0,0.0,97,,97.219,0.0,-30.0,0.0,0.973,1.224,0.219,4530,14.51,13.333,0,,,,,,,,543.0,,,,,
2026-09-30T17:34:15.597,215.125,0,0.0,97,,97.219,0.0,-30.0,0.0,0.973,1.216,0.211,4530,14.51,13.333,0,,,,,,,,,0.2,,,,
2026-09-30T17:34:15.727,215.255,0,0.0,97,,97.219,0.0,-30.0,0.0,0.973,1.211,0.207,4540,14.51,13.333,0,,,,,,,,,,,0.781,,
2026-09-30T17:34:15.857,215.385,0,0.0,97,,97.219,0.0,-30.0,0.0,0.973,1.209,0.203,4540,14.51,13.333,0,,,,,,,,,,,,0.0,
2026-09-30T17:34:15.987,215.515,0,0.0,97,,97.219,0.0,-30.0,0.0,0.973,1.205,0.199,4530,14.51,13.333,0,,,,,,,,,,,,,243
2026-09-30T17:34:16.120,215.649,0,0.0,97,,97.219,0.0,-30.0,0.0,0.973,1.202,0.195,4530,14.51,13.333,0,104,,,,,,,,,,,,
2026-09-30T17:34:16.247,215.775,0,0.0,97,,97.219,0.0,-30.0,0.0,0.973,1.198,0.191,4540,14.51,13.333,0,,48,,,,,,,,,,,
2026-09-30T17:34:16.377,215.905,0,0.0,97,,97.219,0.0,-30.0,0.0,0.973,1.193,0.188,4530,14.51,13.333,0,,,9.375,,,,,,,,,,
2026-09-30T17:34:16.507,216.035,0,0.0,97,,97.219,0.0,-30.0,0.0,0.973,1.188,0.184,4530,14.51,13.333,0,,,,12.988,,,,,,,,,
2026-09-30T17:34:16.637,216.165,0,0.0,97,,97.219,0.0,-30.0,0.0,0.973,1.183,0.176,4530,14.51,13.333,0,,,,,97,,,,,,,,
2026-09-30T17:34:16.767,216.295,0,0.0,97,,97.219,0.0,-30.0,0.0,0.973,1.178,0.172,4530,14.51,13.333,0,,,,,,22,,,,,,,
2026-09-30T17:34:16.897,216.425,0,0.0,97,,97.219,0.0,-30.0,0.0,0.973,1.173,0.168,4530,14.51,14.902,0,,,,,,,36.078,,,,,,
2026-09-30T17:34:17.027,216.555,0,0.0,97,,97.219,0.0,-30.0,0.0,0.973,1.167,0.16,4530,14.51,16.078,0,,,,,,,,542.6,,,,,
2026-09-30T17:34:17.157,216.685,0,0.0,97,,97.219,0.0,-30.0,0.0,0.973,1.162,0.156,4530,14.51,16.078,0,,,,,,,,,0.2,,,,
2026-09-30T17:34:17.286,216.815,0,0.0,97,,97.219,0.0,-30.0,0.0,0.973,1.156,0.148,4530,14.51,16.078,0,,,,,,,,,,,0.781,,
2026-09-30T17:34:17.418,216.946,0,0.0,97,,97.219,0.0,-30.0,0.0,0.973,1.152,0.145,4530,14.51,16.078,0,,,,,,,,,,,,0.0,
2026-09-30T17:34:17.547,217.075,0,0.0,97,,97.219,0.0,-30.0,0.0,0.973,1.148,0.141,4530,14.51,16.078,0,,,,,,,,,,,,,244
2026-09-30T17:34:17.677,217.205,0,0.0,97,,97.219,0.0,-30.0,0.0,0.973,1.145,0.137,4530,14.51,16.078,0,104,,,,,,,,,,,,
2026-09-30T17:34:17.806,217.335,0,0.0,97,,97.219,0.0,-30.0,0.0,0.973,1.141,0.133,4530,14.51,16.078,0,,48,,,,,,,,,,,
2026-09-30T17:34:17.937,217.465,0,0.0,97,,97.219,0.0,-30.0,0.0,0.973,1.137,0.129,4530,14.51,16.078,0,,,9.375,,,,,,,,,,
2026-09-30T17:34:18.067,217.595,0,0.0,97,,97.219,0.0,-30.0,0.0,0.973,1.135,0.125,4530,14.51,16.078,0,,,,12.89,,,,,,,,,
2026-09-30T17:34:18.196,217.725,0,0.0,97,,97.219,0.0,-30.0,0.0,0.973,1.132,0.121,4520,14.51,16.078,0,,,,,97,,,,,,,,
2026-09-30T17:34:18.327,217.855,0,0.0,97,,97.219,0.0,-30.0,0.0,0.973,1.129,0.117,4520,14.51,16.078,0,,,,,,22,,,,,,,
2026-09-30T17:34:18.457,217.985,0,0.0,97,,97.219,0.0,-30.0,0.0,0.973,1.127,0.117,4520,14.51,16.078,0,,,,,,,36.078,,,,,,
2026-09-30T17:34:18.587,218.115,0,0.0,97,,97.219,0.0,-30.0,0.0,0.973,1.127,0.117,4520,14.51,16.078,0,,,,,,,,542.3,,,,,
2026-09-30T17:34:18.717,218.246,0,0.0,97,,97.219,0.0,-30.0,0.0,0.973,1.126,0.117,4530,14.51,16.078,0,,,,,,,,,0.2,,,,
2026-09-30T17:34:18.847,218.375,0,0.0,97,,97.219,0.0,-30.0,0.0,0.973,1.125,0.113,4530,14.51,16.078,0,,,,,,,,,,,0.781,,
2026-09-30T17:34:18.977,218.505,0,0.0,97,,97.219,0.0,-30.0,0.0,0.973,1.124,0.113,4520,14.51,16.078,0,,,,,,,,,,,,0.0,
2026-09-30T17:34:19.107,218.635,0,0.0,97,,97.219,0.0,-30.0,0.0,0.973,1.122,0.113,4530,14.51,16.078,0,,,,,,,,,,,,,246
2026-09-30T17:34:19.237,218.765,0,0.0,97,,97.219,0.0,-30.0,0.0,0.973,1.122,0.109,4520,14.51,16.078,0,104,,,,,,,,,,,,
2026-09-30T17:34:19.367,218.895,0,0.0,97,,97.219,0.0,-30.0,0.0,0.973,1.121,0.109,4510,14.51,16.078,0,,47,,,,,,,,,,,
2026-09-30T17:34:19.497,219.025,0,0.0,97,,97.219,0.0,-30.0,0.0,0.973,1.12,0.109,4520,14.51,16.078,0,,,9.375,,,,,,,,,,
2026-09-30T17:34:19.627,219.155,0,0.0,97,,97.219,0.0,-30.0,0.0,0.973,1.119,0.109,4520,14.51,16.078,0,,,,12.773,,,,,,,,,
2026-09-30T17:34:19.757,219.285,0,0.0,97,,97.219,0.0,-30.0,0.0,0.973,1.118,0.109,4530,14.51,16.078,0,,,,,97,,,,,,,,
2026-09-30T17:34:19.887,219.415,0,0.0,97,,97.219,0.0,-30.0,0.0,0.973,1.117,0.105,4510,14.51,16.078,0,,,,,,22,,,,,,,
2026-09-30T17:34:20.017,219.546,0,0.0,97,,97.219,0.0,-30.0,0.0,0.973,1.115,0.105,4520,14.51,16.078,0,,,,,,,36.078,,,,,,
2026-09-30T17:34:20.147,219.675,0,0.0,97,,97.219,0.0,-30.0,0.0,0.973,1.114,0.102,4520,14.51,16.078,0,,,,,,,,541.9,,,,,
2026-09-30T17:34:20.277,219.805,0,0.0,97,,97.219,0.0,-30.0,0.0,0.973,1.112,0.102,4520,14.51,16.078,0,,,,,,,,,0.2,,,,
2026-09-30T17:34:20.407,219.935,0,0.0,97,,97.219,0.0,-30.0,0.0,0.973,1.11,0.102,4510,14.51,16.078,0,,,,,,,,,,,0.781,,
2026-09-30T17:34:20.537,220.065,0,0.0,97,,97.219,0.0,-30.0,0.0,0.973,1.109,0.098,4510,14.51,16.078,0,,,,,,,,,,,,0.0,
2026-09-30T17:34:20.667,220.195,0,0.0,97,,97.188,0.0,-30.0,0.0,0.973,1.107,0.098,4520,14.51,16.078,0,,,,,,,,,,,,,247
2026-09-30T17:34:20.797,220.325,0,0.0,97,,97.219,0.0,-30.0,0.0,0.973,1.106,0.098,4510,14.51,16.078,0,104,,,,,,,,,,,,
2026-09-30T17:34:20.926,220.455,0,0.0,97,,97.219,0.0,-30.0,0.0,0.973,1.105,0.094,4510,14.51,16.078,0,,47,,,,,,,,,,,
2026-09-30T17:34:21.057,220.585,0,0.0,97,,97.219,0.0,-30.0,0.0,0.973,1.104,0.094,4510,14.51,16.078,0,,,9.375,,,,,,,,,,
2026-09-30T17:34:21.187,220.715,0,0.0,97,,97.219,0.0,-30.0,0.0,0.973,1.103,0.094,4500,14.51,16.078,0,,,,12.714,,,,,,,,,
2026-09-30T17:34:21.318,220.846,0,0.0,97,,97.219,0.0,-30.0,0.0,0.973,1.101,0.09,4510,14.51,16.078,0,,,,,97,,,,,,,,
2026-09-30T17:34:21.446,220.975,0,0.0,97,,97.219,0.0,-30.0,0.0,0.973,1.1,0.09,4500,14.51,15.686,0,,,,,,23,,,,,,,
2026-09-30T17:34:21.577,221.105,0,0.0,97,,97.219,0.0,-30.0,0.0,0.973,1.099,0.086,4500,14.51,16.078,0,,,,,,,36.078,,,,,,
2026-09-30T17:34:21.707,221.235,0,0.0,97,,97.219,0.0,-30.0,0.0,0.973,1.097,0.086,4500,14.51,16.078,0,,,,,,,,541.6,,,,,
2026-09-30T17:34:21.837,221.365,0,0.0,97,,97.219,0.0,-30.0,0.0,0.973,1.095,0.082,4500,14.51,16.078,0,,,,,,,,,0.2,,,,
2026-09-30T17:34:21.967,221.495,0,0.0,97,,97.219,0.0,-30.0,0.0,0.973,1.093,0.082,4500,14.51,16.078,0,,,,,,,,,,,0.781,,
2026-09-30T17:34:22.097,221.625,0,0.0,97,,97.219,0.0,-30.0,0.0,0.973,1.09,0.078,4500,14.51,16.078,0,,,,,,,,,,,,0.0,
2026-09-30T17:34:22.227,221.755,0,0.0,97,,97.219,0.0,-30.0,0.0,0.973,1.088,0.078,4500,14.51,16.078,0,,,,,,,,,,,,,249
2026-09-30T17:34:22.357,221.885,0,0.0,97,,97.219,0.0,-30.0,0.0,0.973,1.085,0.074,4480,14.51,16.078,0,105,,,,,,,,,,,,
2026-09-30T17:34:22.487,222.015,0,0.0,97,,97.219,0.0,-30.0,0.0,0.973,1.082,0.07,4490,14.51,16.078,0,,47,,,,,,,,,,,
2026-09-30T17:34:22.620,222.148,0,0.0,97,,97.219,0.0,-30.0,0.0,0.973,1.081,0.07,4500,14.51,16.078,0,,,9.375,,,,,,,,,,
2026-09-30T17:34:22.747,222.275,0,0.0,97,,97.219,0.0,-30.0,0.0,0.973,1.08,0.066,4480,14.51,16.078,0,,,,12.617,,,,,,,,,
2026-09-30T17:34:22.877,222.405,0,0.0,97,,97.219,0.0,-30.0,0.0,0.973,1.079,0.066,4490,14.51,16.078,0,,,,,97,,,,,,,,
2026-09-30T17:34:23.006,222.535,0,0.0,97,,97.219,0.0,-30.0,0.0,0.973,1.08,0.066,4490,14.51,16.078,0,,,,,,23,,,,,,,
2026-09-30T17:34:23.137,222.665,0,0.0,97,,97.219,0.0,-30.0,0.0,0.973,1.079,0.066,4490,14.51,16.078,0,,,,,,,36.078,,,,,,
2026-09-30T17:34:23.267,222.796,0,0.0,97,,97.219,0.0,-30.0,0.0,0.973,1.077,0.066,4480,14.51,15.686,0,,,,,,,,541.2,,,,,
2026-09-30T17:34:23.397,222.925,0,0.0,97,,97.219,0.0,-30.0,0.0,0.973,1.077,0.066,4490,14.51,16.078,0,,,,,,,,,0.195,,,,
2026-09-30T17:34:23.527,223.055,0,0.0,97,,97.219,0.0,-30.0,0.0,0.973,1.076,0.062,4490,14.51,16.078,0,,,,,,,,,,,0.781,,
2026-09-30T17:34:23.657,223.185,0,0.0,97,,97.219,0.0,-30.0,0.0,0.973,1.075,0.062,4480,14.51,15.686,0,,,,,,,,,,,,0.0,
2026-09-30T17:34:23.787,223.315,0,0.0,97,,97.219,0.0,-30.0,0.0,0.973,1.073,0.062,4480,14.51,16.078,0,,,,,,,,,,,,,250
2026-09-30T17:34:23.918,223.446,0,0.0,97,,97.219,0.0,-30.0,0.0,0.973,1.073,0.059,4480,14.51,16.078,0,105,,,,,,,,,,,,
2026-09-30T17:34:24.046,223.575,0,0.0,97,,97.219,0.0,-30.0,0.0,0.973,1.072,0.059,4470,14.51,16.078,0,,47,,,,,,,,,,,
2026-09-30T17:34:24.177,223.705,0,0.0,97,,97.219,0.0,-30.0,0.0,0.973,1.072,0.059,4470,14.51,16.078,0,,,9.375,,,,,,,,,,
2026-09-30T17:34:24.307,223.835,0,0.0,97,,97.219,0.0,-30.0,0.0,0.973,1.07,0.059,4460,14.51,16.078,0,,,,12.597,,,,,,,,,
2026-09-30T17:34:24.437,223.965,0,0.0,97,,97.219,0.0,-30.0,0.0,0.973,1.068,0.055,4470,14.51,16.078,0,,,,,97,,,,,,,,
2026-09-30T17:34:24.567,224.095,0,0.0,97,,97.219,0.0,-30.0,0.0,0.973,1.068,0.055,4460,14.51,16.078,0,,,,,,23,,,,,,,
2026-09-30T17:34:24.697,224.225,0,0.0,97,,97.219,0.0,-30.0,0.0,0.973,1.068,0.055,4460,14.51,16.078,0,,,,,,,36.078,,,,,,
2026-09-30T17:34:24.827,224.355,0,0.0,97,,97.219,0.0,-30.0,0.0,0.973,1.068,0.055,4460,14.51,16.078,0,,,,,,,,541.0,,,,,
2026-09-30T17:34:24.957,224.485,0,0.0,97,,97.219,0.0,-30.0,0.0,0.973,1.067,0.055,4460,14.51,16.078,0,,,,,,,,,0.195,,,,
2026-09-30T17:34:25.086,224.615,0,0.0,97,,97.219,0.0,-30.0,0.0,0.973,1.068,0.055,4450,14.51,16.078,0,,,,,,,,,,,0.781,,
2026-09-30T17:34:25.218,224.746,0,0.0,97,,97.219,0.0,-30.0,0.0,0.973,1.068,0.055,4460,14.51,16.078,0,,,,,,,,,,,,0.0,
2026-09-30T17:34:25.347,224.875,0,0.0,97,,97.219,0.0,-30.0,0.0,0.973,1.068,0.055,4450,14.51,16.078,0,,,,,,,,,,,,,252
2026-09-30T17:34:25.477,225.005,0,0.0,97,,97.219,0.0,-30.0,0.0,0.973,1.069,0.055,4450,14.51,16.078,0,104,,,,,,,,,,,,
2026-09-30T17:34:25.606,225.135,0,0.0,97,,97.219,0.0,-30.0,0.0,0.973,1.07,0.059,4450,14.51,16.078,0,,47,,,,,,,,,,,
2026-09-30T17:34:25.737,225.265,0,0.0,97,,97.219,0.0,-30.0,0.0,0.973,1.07,0.059,4440,14.51,16.078,0,,,9.375,,,,,,,,,,
2026-09-30T17:34:25.867,225.395,0,0.0,97,,97.219,0.0,-30.0,0.0,0.973,1.071,0.059,4450,14.51,16.078,0,,,,12.539,,,,,,,,,
2026-09-30T17:34:25.996,225.525,0,0.0,97,,97.219,0.0,-30.0,0.0,0.973,1.072,0.059,4440,14.51,16.078,0,,,,,97,,,,,,,,
2026-09-30T17:34:26.127,225.655,0,0.0,97,,97.219,0.0,-30.0,0.0,0.973,1.073,0.062,4430,14.51,16.078,0,,,,,,23,,,,,,,
2026-09-30T17:34:26.257,225.785,0,0.0,97,,97.219,0.0,-30.0,0.0,0.973,1.073,0.062,4430,14.51,16.078,0,,,,,,,36.078,,,,,,
2026-09-30T17:34:26.387,225.915,0,0.0,97,,97.219,0.0,-30.0,0.0,0.973,1.074,0.062,4440,14.51,16.078,0,,,,,,,,540.7,,,,,
2026-09-30T17:34:26.517,226.046,0,0.0,97,,97.219,0.0,-30.0,0.0,0.973,1.075,0.062,4430,14.51,16.078,0,,,,,,,,,0.195,,,,
2026-09-30T17:34:26.647,226.175,0,0.0,97,,97.219,0.0,-30.0,0.0,0.973,1.076,0.062,4430,14.51,16.078,0,,,,,,,,,,,0.781,,
2026-09-30T17:34:26.777,226.305,0,0.0,97,,97.219,0.0,-30.0,0.0,0.973,1.077,0.066,4430,14.51,16.078,0,,,,,,,,,,,,0.0,
2026-09-30T17:34:26.907,226.435,0,0.0,97,,97.219,0.0,-30.0,0.0,0.973,1.079,0.066,4430,14.51,16.078,0,,,,,,,,,,,,,254
2026-09-30T17:34:27.037,226.565,0,0.0,97,,97.188,0.0,-30.0,0.0,0.973,1.081,0.07,4420,14.51,16.078,0,104,,,,,,,,,,,,
2026-09-30T17:34:27.167,226.695,0,0.0,97,,97.219,0.0,-30.0,0.0,0.973,1.082,0.07,4420,14.51,16.078,0,,47,,,,,,,,,,,
2026-09-30T17:34:27.297,226.825,0,0.0,97,,97.219,0.0,-30.0,0.0,0.973,1.083,0.07,4430,14.51,16.078,0,,,9.375,,,,,,,,,,
2026-09-30T17:34:27.427,226.955,0,0.0,97,,97.219,0.0,-30.0,0.0,0.973,1.084,0.074,4420,14.51,16.078,0,,,,12.48,,,,,,,,,
2026-09-30T17:34:27.556,227.085,0,0.0,97,,97.219,0.0,-30.0,0.0,0.973,1.085,0.074,4420,14.51,16.078,0,,,,,97,,,,,,,,
2026-09-30T17:34:27.687,227.215,0,0.0,97,,97.219,0.0,-30.0,0.0,0.973,1.086,0.074,4410,14.51,16.078,0,,,,,,23,,,,,,,
2026-09-30T17:34:27.817,227.346,0,0.0,97,,97.219,0.0,-30.0,0.0,0.973,1.088,0.078,4410,14.51,16.078,0,,,,,,,36.078,,,,,,
2026-09-30T17:34:27.947,227.475,0,0.0,97,,97.219,0.0,-30.0,0.0,0.973,1.089,0.078,4420,14.51,16.078,0,,,,,,,,540.3,,,,,
2026-09-30T17:34:28.076,227.605,0,0.0,97,,97.219,0.0,-30.0,0.0,0.973,1.09,0.078,4420,14.51,16.078,0,,,,,,,,,0.195,,,,
2026-09-30T17:34:28.206,227.735,0,0.0,97,,97.219,0.0,-30.0,0.0,0.973,1.091,0.078,4410,14.51,16.078,0,,,,,,,,,,,0.781,,
2026-09-30T17:34:28.337,227.865,0,0.0,97,,97.219,0.0,-30.0,0.0,0.973,1.093,0.082,4410,14.51,16.078,0,,,,,,,,,,,,0.0,
2026-09-30T17:34:28.467,227.995,0,0.0,97,,97.219,0.0,-30.0,0.0,0.973,1.093,0.082,4400,14.51,16.078,0,,,,,,,,,,,,,255
2026-09-30T17:34:28.596,228.125,0,0.0,97,,97.219,0.0,-30.0,0.0,0.973,1.092,0.082,4400,14.51,16.078,0,104,,,,,,,,,,,,
2026-09-30T17:34:28.726,228.255,0,0.0,97,,97.219,0.0,-30.0,0.0,0.973,1.094,0.082,4400,14.51,16.078,0,,47,,,,,,,,,,,
2026-09-30T17:34:28.857,228.385,0,0.0,97,,97.219,0.0,-30.0,0.0,0.973,1.096,0.086,4400,14.51,16.078,0,,,9.375,,,,,,,,,,
2026-09-30T17:34:28.987,228.515,0,0.0,97,,97.188,0.0,-30.0,0.0,0.973,1.097,0.086,4390,14.51,16.078,0,,,,12.48,,,,,,,,,
2026-09-30T17:34:29.120,228.649,0,0.0,97,,97.219,0.0,-30.0,0.0,0.973,1.098,0.086,4400,14.51,16.078,0,,,,,97,,,,,,,,
2026-09-30T17:34:29.246,228.775,0,0.0,97,,97.219,0.0,-30.0,0.0,0.973,1.099,0.09,4390,14.51,16.078,0,,,,,,23,,,,,,,
2026-09-30T17:34:29.377,228.905,0,0.0,97,,97.219,0.0,-30.0,0.0,0.973,1.101,0.09,4390,14.51,16.078,0,,,,,,,36.078,,,,,,
2026-09-30T17:34:29.506,229.035,0,0.0,97,,97.219,0.0,-30.0,0.0,0.973,1.101,0.09,4380,14.51,16.078,0,,,,,,,,540.0,,,,,
2026-09-30T17:34:29.637,229.165,0,0.0,97,,97.219,0.0,-30.0,0.0,0.973,1.102,0.09,4380,14.51,16.078,0,,,,,,,,,0.195,,,,
2026-09-30T17:34:29.767,229.295,0,0.0,97,,97.219,0.0,-30.0,0.0,0.973,1.103,0.094,4390,14.51,16.078,0,,,,,,,,,,,0.781,,
2026-09-30T17:34:29.897,229.425,0,0.0,97,,97.219,0.0,-30.0,0.0,0.973,1.104,0.094,4390,14.51,16.078,0,,,,,,,,,,,,0.0,
2026-09-30T17:34:30.027,229.555,0,0.0,97,,97.219,0.0,-30.0,0.0,0.973,1.105,0.094,4380,14.51,16.078,0,,,,,,,,,,,,,257
2026-09-30T17:34:30.156,229.685,0,0.0,97,,97.219,0.0,-30.0,0.0,0.973,1.104,0.094,4390,14.51,16.078,0,104,,,,,,,,,,,,
2026-09-30T17:34:30.286,229.815,0,0.0,97,,97.219,0.0,-30.0,0.0,0.973,1.105,0.094,4380,14.51,16.078,0,,47,,,,,,,,,,,
2026-09-30T17:34:30.417,229.946,0,0.0,97,,97.219,0.0,-30.0,0.0,0.973,1.105,0.094,4370,14.51,16.078,0,,,9.375,,,,,,,,,,
2026-09-30T17:34:30.547,230.075,0,0.0,97,,97.219,0.0,-30.0,0.0,0.973,1.106,0.098,4370,14.51,16.078,0,,,,12.421,,,,,,,,,
2026-09-30T17:34:30.677,230.205,0,0.0,97,,97.219,0.0,-30.0,0.0,0.973,1.106,0.098,4370,14.51,16.078,0,,,,,97,,,,,,,,
2026-09-30T17:34:30.806,230.335,0,0.0,97,,97.219,0.0,-30.0,0.0,0.973,1.109,0.098,4370,14.51,16.078,0,,,,,,23,,,,,,,
2026-09-30T17:34:30.937,230.465,0,0.0,97,,97.219,0.0,-30.0,0.0,0.973,1.11,0.102,4360,14.51,16.078,0,,,,,,,36.078,,,,,,
2026-09-30T17:34:31.067,230.595,0,0.0,97,,97.188,0.0,-30.0,0.0,0.973,1.111,0.102,4360,14.51,16.078,0,,,,,,,,539.6,,,,,
2026-09-30T17:34:31.197,230.725,0,0.0,97,,97.219,0.0,-30.0,0.0,0.973,1.111,0.102,4360,14.51,16.078,0,,,,,,,,,0.195,,,,
2026-09-30T17:34:31.326,230.855,0,0.0,97,,97.188,0.0,-30.0,0.0,0.973,1.111,0.102,4360,14.51,16.078,0,,,,,,,,,,,0.781,,
2026-09-30T17:34:31.457,230.985,0,0.0,97,,97.219,0.0,-30.0,0.0,0.973,1.111,0.102,4360,14.51,16.078,0,,,,,,,,,,,,0.0,
2026-09-30T17:34:31.587,231.115,0,0.0,97,,97.219,0.0,-30.0,0.0,0.973,1.111,0.102,4360,14.51,16.078,0,,,,,,,,,,,,,258
2026-09-30T17:34:31.717,231.246,0,0.0,97,,97.219,0.0,-30.0,0.0,0.973,1.112,0.102,4360,14.51,16.078,0,104,,,,,,,,,,,,
2026-09-30T17:34:31.846,231.375,0,0.0,97,,97.219,0.0,-30.0,0.0,0.973,1.114,0.105,4350,14.51,16.078,0,,47,,,,,,,,,,,
2026-09-30T17:34:31.977,231.505,0,0.0,97,,97.219,0.0,-30.0,0.0,0.973,1.114,0.105,4350,14.51,16.078,0,,,9.375,,,,,,,,,,
2026-09-30T17:34:32.107,231.635,0,0.0,97,,97.219,0.0,-30.0,0.0,0.973,1.116,0.105,4350,14.51,16.078,0,,,,12.441,,,,,,,,,
2026-09-30T17:34:32.237,231.765,0,0.0,97,,97.219,0.0,-30.0,0.0,0.973,1.116,0.105,4340,14.51,16.078,0,,,,,97,,,,,,,,
2026-09-30T17:34:32.367,231.895,0,0.0,97,,97.219,0.0,-30.0,0.0,0.973,1.116,0.105,4330,14.51,16.078,0,,,,,,23,,,,,,,
2026-09-30T17:34:32.497,232.025,0,0.0,97,,97.219,0.0,-30.0,0.0,0.973,1.116,0.105,4330,14.51,16.078,0,,,,,,,36.078,,,,,,
2026-09-30T17:34:32.626,232.155,0,0.0,97,,97.219,0.0,-30.0,0.0,0.973,1.116,0.105,4330,14.51,16.078,0,,,,,,,,539.3,,,,,
2026-09-30T17:34:32.757,232.285,0,0.0,97,,97.219,0.0,-30.0,0.0,0.973,1.118,0.109,4330,14.51,16.078,0,,,,,,,,,0.195,,,,
2026-09-30T17:34:32.887,232.415,0,0.0,97,,97.219,0.0,-30.0,0.0,0.973,1.118,0.109,4330,14.51,16.078,0,,,,,,,,,,,0.781,,
2026-09-30T17:34:33.018,232.546,0,0.0,97,,97.219,0.0,-30.0,0.0,0.973,1.118,0.109,4330,14.51,16.078,0,,,,,,,,,,,,0.0,
2026-09-30T17:34:33.147,232.675,0,0.0,97,,97.219,0.0,-30.0,0.0,0.973,1.118,0.109,4320,14.51,16.078,0,,,,,,,,,,,,,260
2026-09-30T17:34:33.277,232.805,0,0.0,97,,97.219,0.0,-30.0,0.0,0.973,1.12,0.109,4320,14.51,16.078,0,104,,,,,,,,,,,,
2026-09-30T17:34:33.407,232.935,0,0.0,97,,97.188,0.0,-30.0,0.0,0.973,1.12,0.109,4320,14.51,16.078,0,,47,,,,,,,,,,,
2026-09-30T17:34:33.536,233.065,0,0.0,97,,97.219,0.0,-30.0,0.0,0.973,1.119,0.109,4320,14.51,16.078,0,,,9.375,,,,,,,,,,
2026-09-30T17:34:33.667,233.195,0,0.0,97,,97.219,0.0,-30.0,0.0,0.973,1.12,0.109,4310,14.51,16.078,0,,,,12.421,,,,,,,,,
2026-09-30T17:34:33.797,233.325,0,0.0,97,,97.219,0.0,-30.0,0.0,0.973,1.123,0.113,4300,14.51,16.078,0,,,,,97,,,,,,,,
2026-09-30T17:34:33.927,233.456,0,0.0,97,,97.188,0.0,-30.0,0.0,0.973,1.124,0.113,4310,14.51,16.078,0,,,,,,23,,,,,,,
2026-09-30T17:34:34.066,233.595,0,0.0,97,,97.219,0.0,-30.0,0.0,0.973,1.122,0.113,4300,14.51,16.078,0,,,,,,,36.078,,,,,,
2026-09-30T17:34:34.197,233.725,0,0.0,97,,97.219,0.0,-30.0,0.0,0.973,1.122,0.113,4290,14.51,16.078,0,,,,,,,,538.9,,,,,
2026-09-30T17:34:34.327,233.856,0,0.0,97,,97.219,0.0,-30.0,0.0,0.973,1.123,0.113,4300,14.51,16.078,0,,,,,,,,,0.195,,,,
2026-09-30T17:34:34.457,233.985,0,0.0,97,,97.219,0.0,-30.0,0.0,0.973,1.123,0.113,4290,14.51,16.078,0,,,,,,,,,,,0.781,,
2026-09-30T17:34:34.586,234.115,0,0.0,97,,97.188,0.0,-30.0,0.0,0.973,1.124,0.113,4290,14.51,16.078,0,,,,,,,,,,,,0.0,
2026-09-30T17:34:34.717,234.246,0,0.0,97,,97.219,0.0,-30.0,0.0,0.973,1.124,0.113,4290,14.51,16.078,0,,,,,,,,,,,,,261
2026-09-30T17:34:34.847,234.375,0,0.0,97,,97.219,0.0,-30.0,0.0,0.973,1.125,0.113,4290,14.51,16.078,0,104,,,,,,,,,,,,
2026-09-30T17:34:34.977,234.505,0,0.0,97,,97.219,0.0,-30.0,0.0,0.973,1.125,0.113,4280,14.51,16.078,0,,47,,,,,,,,,,,
2026-09-30T17:34:35.107,234.635,0,0.0,97,,97.188,0.0,-30.0,0.0,0.973,1.125,0.113,4280,14.51,16.078,0,,,9.375,,,,,,,,,,
2026-09-30T17:34:35.237,234.765,0,0.0,97,,97.188,0.0,-30.0,0.0,0.973,1.125,0.113,4280,14.51,16.078,0,,,,12.382,,,,,,,,,
2026-09-30T17:34:35.367,234.895,0,0.0,97,,97.219,0.0,-30.0,0.0,0.973,1.127,0.117,4280,14.51,16.078,0,,,,,97,,,,,,,,
2026-09-30T17:34:35.497,235.025,0,0.0,97,,97.219,0.0,-30.0,0.0,0.973,1.127,0.117,4260,14.51,16.078,0,,,,,,23,,,,,,,
2026-09-30T17:34:35.627,235.155,0,0.0,97,,97.219,0.0,-30.0,0.0,0.973,1.127,0.117,4280,14.51,16.078,0,,,,,,,36.078,,,,,,
2026-09-30T17:34:35.757,235.285,0,0.0,97,,97.188,0.0,-30.0,0.0,0.973,1.127,0.117,4260,14.51,16.078,0,,,,,,,,538.6,,,,,
2026-09-30T17:34:35.887,235.415,0,0.0,97,,97.219,0.0,-30.0,0.0,0.973,1.127,0.117,4270,14.51,16.078,0,,,,,,,,,0.195,,,,
2026-09-30T17:34:36.018,235.546,0,0.0,97,,97.188,0.0,-30.0,0.0,0.973,1.128,0.117,4260,14.51,16.078,0,,,,,,,,,,,0.781,,
2026-09-30T17:34:36.147,235.675,0,0.0,97,,97.219,0.0,-30.0,0.0,0.973,1.128,0.117,4260,14.51,16.078,0,,,,,,,,,,,,0.0,
2026-09-30T17:34:36.277,235.806,0,0.0,97,,97.219,0.0,-30.0,0.0,0.973,1.128,0.117,4260,14.51,16.078,0,,,,,,,,,,,,,263
2026-09-30T17:34:36.407,235.935,0,0.0,97,,97.219,0.0,-30.0,0.0,0.973,1.129,0.121,4260,14.51,16.078,0,104,,,,,,,,,,,,
2026-09-30T17:34:36.537,236.065,0,0.0,97,,97.219,0.0,-30.0,0.0,0.973,1.129,0.117,4260,14.51,16.078,0,,47,,,,,,,,,,,
2026-09-30T17:34:36.667,236.195,0,0.0,97,,97.219,0.0,-30.0,0.0,0.973,1.129,0.117,4260,14.51,16.078,0,,,9.375,,,,,,,,,,
2026-09-30T17:34:36.797,236.325,0,0.0,97,,97.219,0.0,-30.0,0.0,0.973,1.13,0.121,4260,14.51,16.078,0,,,,12.402,,,,,,,,,
2026-09-30T17:34:36.927,236.455,0,0.0,97,,97.219,0.0,-30.0,0.0,0.973,1.13,0.121,4250,14.51,16.078,0,,,,,97,,,,,,,,
2026-09-30T17:34:37.057,236.585,0,0.0,97,,97.219,0.0,-30.0,0.0,0.973,1.131,0.121,4250,14.51,16.078,0,,,,,,23,,,,,,,
2026-09-30T17:34:37.187,236.715,0,0.0,97,,97.219,0.0,-30.0,0.0,0.973,1.13,0.121,4240,14.51,16.078,0,,,,,,,36.078,,,,,,
2026-09-30T17:34:37.318,236.846,0,0.0,97,,97.219,0.0,-30.0,0.0,0.973,1.13,0.121,4250,14.51,16.078,0,,,,,,,,538.2,,,,,
2026-09-30T17:34:37.446,236.975,0,0.0,97,,97.188,0.0,-30.0,0.0,0.973,1.13,0.121,4250,14.51,16.078,0,,,,,,,,,0.195,,,,
2026-09-30T17:34:37.578,237.106,0,0.0,97,,97.219,0.0,-30.0,0.0,0.973,1.131,0.121,4240,14.51,16.078,0,,,,,,,,,,,0.781,,
2026-09-30T17:34:37.707,237.235,0,0.0,97,,97.219,0.0,-30.0,0.0,0.973,1.132,0.121,4230,14.51,16.078,0,,,,,,,,,,,,0.0,
2026-09-30T17:34:37.837,237.365,0,0.0,97,,97.219,0.0,-30.0,0.0,0.973,1.132,0.121,4230,14.51,16.078,0,,,,,,,,,,,,,264
2026-09-30T17:34:37.966,237.495,0,0.0,97,,97.219,0.0,-30.0,0.0,0.973,1.131,0.121,4230,14.51,16.078,0,104,,,,,,,,,,,,
2026-09-30T17:34:38.097,237.625,0,0.0,97,,97.219,0.0,-30.0,0.0,0.973,1.132,0.121,4220,14.51,16.078,0,,47,,,,,,,,,,,
2026-09-30T17:34:38.227,237.755,0,0.0,97,,97.219,0.0,-30.0,0.0,0.973,1.132,0.121,4230,14.51,16.078,0,,,9.375,,,,,,,,,,
2026-09-30T17:34:38.357,237.885,0,0.0,97,,97.219,0.0,-30.0,0.0,0.973,1.132,0.121,4220,14.51,16.078,0,,,,12.363,,,,,,,,,
2026-09-30T17:34:38.487,238.015,0,0.0,97,,97.219,0.0,-30.0,0.0,0.973,1.132,0.121,4210,14.51,16.078,0,,,,,97,,,,,,,,
2026-09-30T17:34:38.620,238.149,0,0.0,97,,97.219,0.0,-30.0,0.0,0.973,1.132,0.121,4210,14.51,16.078,0,,,,,,23,,,,,,,
2026-09-30T17:34:38.747,238.275,0,0.0,97,,97.219,0.0,-30.0,0.0,0.973,1.133,0.121,4210,14.51,16.078,0,,,,,,,36.078,,,,,,
2026-09-30T17:34:38.877,238.406,0,0.0,97,,97.219,0.0,-30.0,0.0,0.973,1.133,0.121,4210,14.51,16.078,0,,,,,,,,537.7,,,,,
2026-09-30T17:34:39.006,238.535,0,0.0,97,,97.188,0.0,-30.0,0.0,0.973,1.132,0.121,4210,14.51,16.078,0,,,,,,,,,0.195,,,,
2026-09-30T17:34:39.147,238.675,0,0.0,97,,97.219,0.0,-30.0,0.0,0.973,1.132,0.121,4200,14.51,16.078,0,,,,,,,,,,,0.781,,
2026-09-30T17:34:39.277,238.806,0,0.0,97,,97.219,0.0,-30.0,0.0,0.973,1.132,0.121,4200,14.51,16.078,0,,,,,,,,,,,,0.0,
2026-09-30T17:34:39.406,238.935,0,0.0,97,,97.188,0.0,-30.0,0.0,0.973,1.133,0.125,4200,14.51,16.078,0,,,,,,,,,,,,,266
2026-09-30T17:34:39.536,239.065,0,0.0,97,,97.219,0.0,-30.0,0.0,0.973,1.134,0.125,4190,14.51,16.078,0,104,,,,,,,,,,,,
2026-09-30T17:34:39.667,239.195,0,0.0,97,,97.219,0.0,-30.0,0.0,0.973,1.135,0.125,4190,14.51,16.078,0,,47,,,,,,,,,,,
2026-09-30T17:34:39.796,239.325,0,0.0,97,,97.219,0.0,-30.0,0.0,0.973,1.135,0.125,4190,14.51,16.078,0,,,9.375,,,,,,,,,,
2026-09-30T17:34:39.926,239.455,0,0.0,97,,97.188,0.0,-30.0,0.0,0.973,1.134,0.125,4190,14.51,16.078,0,,,,12.343,,,,,,,,,
2026-09-30T17:34:40.056,239.585,0,0.0,97,,97.188,0.0,-30.0,0.0,0.973,1.134,0.125,4180,14.51,16.078,0,,,,,97,,,,,,,,
2026-09-30T17:34:40.186,239.715,0,0.0,97,,97.188,0.0,-30.0,0.0,0.973,1.135,0.125,4180,14.51,16.078,0,,,,,,23,,,,,,,
2026-09-30T17:34:40.318,239.846,0,0.0,97,,97.219,0.0,-30.0,0.0,0.973,1.135,0.125,4170,14.51,16.078,0,,,,,,,36.078,,,,,,
2026-09-30T17:34:40.446,239.975,0,0.0,97,,97.219,0.0,-30.0,0.0,0.973,1.134,0.125,4160,14.51,16.078,0,,,,,,,,537.5,,,,,
2026-09-30T17:34:40.578,240.106,0,0.0,97,,97.188,0.0,-30.0,0.0,0.973,1.135,0.125,4170,14.51,16.078,0,,,,,,,,,0.19,,,,
2026-09-30T17:34:40.706,240.235,0,0.0,97,,97.219,0.0,-30.0,0.0,0.973,1.135,0.125,4160,14.51,16.078,0,,,,,,,,,,,0.781,,
2026-09-30T17:34:40.836,240.365,0,0.0,97,,97.219,0.0,-30.0,0.0,0.973,1.136,0.125,4160,14.51,16.078,0,,,,,,,,,,,,0.0,
2026-09-30T17:34:40.967,240.495,0,0.0,97,,97.219,0.0,-30.0,0.0,0.973,1.136,0.125,4160,14.51,16.078,0,,,,,,,,,,,,,268
2026-09-30T17:34:41.097,240.625,0,0.0,97,,97.219,0.0,-30.0,0.0,0.973,1.135,0.125,4160,14.51,16.078,0,104,,,,,,,,,,,,
2026-09-30T17:34:41.226,240.755,0,0.0,97,,97.219,0.0,-30.0,0.0,0.973,1.136,0.125,4150,14.51,16.078,0,,47,,,,,,,,,,,
2026-09-30T17:34:41.356,240.885,0,0.0,97,,97.219,0.0,-30.0,0.0,0.973,1.136,0.125,4160,14.51,16.078,0,,,9.375,,,,,,,,,,
2026-09-30T17:34:41.487,241.015,0,0.0,97,,97.188,0.0,-30.0,0.0,0.973,1.136,0.125,4150,14.51,16.078,0,,,,12.382,,,,,,,,,
2026-09-30T17:34:41.620,241.149,0,0.0,97,,97.219,0.0,-30.0,0.0,0.973,1.135,0.125,4150,14.51,16.078,0,,,,,97,,,,,,,,
2026-09-30T17:34:41.746,241.275,0,0.0,97,,97.219,0.0,-30.0,0.0,0.973,1.135,0.125,4150,14.51,16.078,0,,,,,,23,,,,,,,
2026-09-30T17:34:41.878,241.406,0,0.0,97,,97.219,0.0,-30.0,0.0,0.973,1.135,0.125,4140,14.51,16.078,0,,,,,,,36.078,,,,,,
2026-09-30T17:34:42.006,241.535,0,0.0,97,,97.219,0.0,-30.0,0.0,0.973,1.135,0.125,4120,14.51,16.078,0,,,,,,,,537.0,,,,,
2026-09-30T17:34:42.136,241.665,0,0.0,97,,97.219,0.0,-30.0,0.0,0.973,1.136,0.125,4130,14.51,16.078,0,,,,,,,,,0.195,,,,
2026-09-30T17:34:42.267,241.795,0,0.0,97,,97.219,0.0,-30.0,0.0,0.973,1.136,0.125,4130,14.51,16.078,0,,,,,,,,,,,0.781,,
2026-09-30T17:34:42.396,241.925,0,0.0,97,,97.219,0.0,-30.0,0.0,0.973,1.136,0.125,4130,14.51,16.078,0,,,,,,,,,,,,0.0,
2026-09-30T17:34:42.526,242.055,0,0.0,97,,97.219,0.0,-30.0,0.0,0.973,1.136,0.125,4130,14.51,16.078,0,,,,,,,,,,,,,269
2026-09-30T17:34:42.656,242.185,0,0.0,97,,97.219,0.0,-30.0,0.0,0.973,1.136,0.125,4130,14.51,16.078,0,104,,,,,,,,,,,,
2026-09-30T17:34:42.787,242.315,0,0.0,97,,97.219,0.0,-30.0,0.0,0.973,1.135,0.125,4120,14.51,16.078,0,,47,,,,,,,,,,,
2026-09-30T17:34:42.918,242.447,0,0.0,97,,97.219,0.0,-30.0,0.0,0.973,1.137,0.129,4120,14.51,16.078,0,,,9.375,,,,,,,,,,
2026-09-30T17:34:43.046,242.575,0,0.0,97,,97.219,0.0,-30.0,0.0,0.973,1.139,0.129,4120,14.51,16.078,0,,,,12.343,,,,,,,,,
2026-09-30T17:34:43.177,242.706,0,0.0,97,,97.219,0.0,-30.0,0.0,0.973,1.138,0.129,4120,14.51,16.078,0,,,,,97,,,,,,,,
2026-09-30T17:34:43.306,242.835,0,0.0,97,,97.219,0.0,-30.0,0.0,0.973,1.136,0.125,4120,14.51,16.078,0,,,,,,23,,,,,,,
2026-09-30T17:34:43.436,242.965,0,0.0,97,,97.219,0.0,-30.0,0.0,0.973,1.137,0.129,4120,14.51,16.078,0,,,,,,,36.078,,,,,,
2026-09-30T17:34:43.567,243.095,0,0.0,97,,97.188,0.0,-30.0,0.0,0.973,1.138,0.129,4120,14.51,16.078,0,,,,,,,,536.8,,,,,
2026-09-30T17:34:43.696,243.225,0,0.0,97,,97.219,0.0,-30.0,0.0,0.973,1.137,0.129,4100,14.51,16.078,0,,,,,,,,,0.19,,,,
2026-09-30T17:34:43.827,243.355,0,0.0,97,,97.219,0.0,-30.0,0.0,0.973,1.137,0.129,4110,14.51,16.078,0,,,,,,,,,,,0.781,,
2026-09-30T17:34:43.956,243.485,0,0.0,97,,97.188,0.0,-30.0,0.0,0.973,1.137,0.129,4100,14.51,16.078,0,,,,,,,,,,,,0.0,
2026-09-30T17:34:44.086,243.615,0,0.0,97,,97.219,0.0,-30.0,0.0,0.973,1.137,0.129,4100,14.51,16.078,0,,,,,,,,,,,,,271
2026-09-30T17:34:44.226,243.755,0,0.0,97,,97.219,0.0,-30.0,0.0,0.973,1.138,0.129,4090,14.51,16.078,0,104,,,,,,,,,,,,
2026-09-30T17:34:44.356,243.885,0,0.0,97,,97.219,0.0,-30.0,0.0,0.973,1.138,0.129,4090,14.51,16.078,0,,47,,,,,,,,,,,
2026-09-30T17:34:44.486,244.015,0,0.0,97,,97.219,0.0,-30.0,0.0,0.973,1.138,0.129,4090,14.51,16.078,0,,,9.375,,,,,,,,,,
2026-09-30T17:34:44.620,244.149,0,0.0,97,,97.219,0.0,-30.0,0.0,0.973,1.138,0.129,4090,14.51,16.078,0,,,,12.343,,,,,,,,,
2026-09-30T17:34:44.746,244.275,0,0.0,97,,97.219,0.0,-30.0,0.0,0.973,1.138,0.129,4090,14.51,16.078,0,,,,,97,,,,,,,,
2026-09-30T17:34:44.878,244.406,0,0.0,97,,97.219,0.0,-30.0,0.0,0.973,1.137,0.129,4090,14.51,16.078,0,,,,,,23,,,,,,,
2026-09-30T17:34:45.006,244.535,0,0.0,97,,97.219,0.0,-30.0,0.0,0.973,1.137,0.129,4080,14.51,16.078,0,,,,,,,36.078,,,,,,
2026-09-30T17:34:45.136,244.665,0,0.0,97,,97.219,0.0,-30.0,0.0,0.973,1.138,0.129,4080,14.51,16.078,0,,,,,,,,536.3,,,,,
2026-09-30T17:34:45.267,244.795,0,0.0,97,,97.219,0.0,-30.0,0.0,0.973,1.137,0.129,4070,14.51,16.078,0,,,,,,,,,0.19,,,,
2026-09-30T17:34:45.396,244.925,0,0.0,97,,97.219,0.0,-30.0,0.0,0.973,1.136,0.125,4080,14.51,16.078,0,,,,,,,,,,,0.781,,
2026-09-30T17:34:45.526,245.055,0,0.0,97,,97.219,0.0,-30.0,0.0,0.973,1.136,0.125,4060,14.51,16.078,0,,,,,,,,,,,,0.0,
2026-09-30T17:34:45.656,245.185,0,0.0,97,,97.219,0.0,-30.0,0.0,0.973,1.138,0.129,4060,14.51,16.078,0,,,,,,,,,,,,,272
2026-09-30T17:34:45.786,245.315,0,0.0,97,,97.188,0.0,-30.0,0.0,0.973,1.139,0.129,4060,14.51,16.078,0,104,,,,,,,,,,,,
2026-09-30T17:34:45.918,245.447,0,0.0,97,,97.219,0.0,-30.0,0.0,0.973,1.138,0.129,4060,14.51,16.078,0,,47,,,,,,,,,,,
2026-09-30T17:34:46.046,245.575,0,0.0,97,,97.219,0.0,-30.0,0.0,0.973,1.138,0.129,4050,14.51,16.078,0,,,9.375,,,,,,,,,,
2026-09-30T17:34:46.176,245.705,0,0.0,97,,97.219,0.0,-30.0,0.0,0.973,1.139,0.129,4060,14.51,16.078,0,,,,12.343,,,,,,,,,
2026-09-30T17:34:46.306,245.835,0,0.0,97,,97.219,0.0,-30.0,0.0,0.973,1.138,0.129,4060,14.51,16.078,0,,,,,97,,,,,,,,
2026-09-30T17:34:46.436,245.965,0,0.0,97,,97.219,0.0,-30.0,0.0,0.973,1.137,0.129,4050,14.51,16.078,0,,,,,,23,,,,,,,
2026-09-30T17:34:46.567,246.095,0,0.0,97,,97.219,0.0,-30.0,0.0,0.973,1.137,0.129,4050,14.51,16.078,0,,,,,,,36.078,,,,,,
2026-09-30T17:34:46.696,246.225,0,0.0,97,,97.219,0.0,-30.0,0.0,0.973,1.138,0.129,4040,14.51,16.078,0,,,,,,,,536.1,,,,,
2026-09-30T17:34:46.827,246.355,0,0.0,97,,97.219,0.0,-30.0,0.0,0.973,1.138,0.129,4030,14.51,16.078,0,,,,,,,,,0.195,,,,
2026-09-30T17:34:46.956,246.485,0,0.0,97,,97.219,0.0,-30.0,0.0,0.973,1.139,0.129,4030,14.51,16.078,0,,,,,,,,,,,0.781,,
2026-09-30T17:34:47.086,246.615,0,0.0,97,,97.219,0.0,-30.0,0.0,0.973,1.139,0.129,4030,14.51,16.078,0,,,,,,,,,,,,0.0,
2026-09-30T17:34:47.218,246.747,0,0.0,97,,97.219,0.0,-30.0,0.0,0.973,1.139,0.129,4030,14.51,16.078,0,,,,,,,,,,,,,274
2026-09-30T17:34:47.346,246.875,0,0.0,97,,97.219,0.0,-30.0,0.0,0.973,1.139,0.129,4020,14.51,16.078,0,104,,,,,,,,,,,,
2026-09-30T17:34:47.477,247.006,0,0.0,97,,97.219,0.0,-30.0,0.0,0.973,1.139,0.129,4020,14.51,16.078,0,,47,,,,,,,,,,,
2026-09-30T17:34:47.606,247.135,0,0.0,97,,97.188,0.0,-30.0,0.0,0.973,1.138,0.129,4020,14.51,16.078,0,,,9.375,,,,,,,,,,
2026-09-30T17:34:47.736,247.265,0,0.0,97,,97.219,0.0,-30.0,0.0,0.973,1.138,0.129,4020,14.51,16.078,0,,,,12.324,,,,,,,,,
2026-09-30T17:34:47.867,247.395,0,0.0,97,,97.219,0.0,-30.0,0.0,0.973,1.139,0.129,4010,14.51,16.078,0,,,,,97,,,,,,,,
2026-09-30T17:34:47.996,247.525,0,0.0,97,,97.188,0.0,-30.0,0.0,0.973,1.139,0.129,4010,14.51,16.078,0,,,,,,23,,,,,,,
2026-09-30T17:34:48.126,247.655,0,0.0,97,,97.219,0.0,-30.0,0.0,0.973,1.138,0.129,4010,14.51,16.078,0,,,,,,,36.078,,,,,,
2026-09-30T17:34:48.256,247.785,0,0.0,97,,97.188,0.0,-30.0,0.0,0.973,1.139,0.129,4000,14.51,16.078,0,,,,,,,,535.6,,,,,
2026-09-30T17:34:48.386,247.915,0,0.0,97,,97.219,0.0,-30.0,0.0,0.973,1.14,0.129,3990,14.51,16.078,0,,,,,,,,,0.19,,,,
2026-09-30T17:34:48.519,248.047,0,0.0,97,,97.188,0.0,-30.0,0.0,0.973,1.139,0.129,4000,14.51,16.078,0,,,,,,,,,,,0.781,,
2026-09-30T17:34:48.646,248.175,0,0.0,97,,97.219,0.0,-30.0,0.0,0.973,1.139,0.129,4000,14.51,16.078,0,,,,,,,,,,,,0.0,
2026-09-30T17:34:48.777,248.305,0,0.0,97,,97.219,0.0,-30.0,0.0,0.973,1.138,0.129,3990,14.51,16.078,0,,,,,,,,,,,,,275
2026-09-30T17:34:48.906,248.435,0,0.0,97,,97.219,0.0,-30.0,0.0,0.973,1.138,0.129,3990,14.51,16.078,0,104,,,,,,,,,,,,
2026-09-30T17:34:49.036,248.565,0,0.0,97,,97.219,0.0,-30.0,0.0,0.973,1.139,0.129,3980,14.51,16.078,0,,47,,,,,,,,,,,
2026-09-30T17:34:49.167,248.695,0,0.0,97,,97.219,0.0,-30.0,0.0,0.973,1.138,0.129,3990,14.51,16.078,0,,,9.375,,,,,,,,,,
2026-09-30T17:34:49.306,248.835,0,0.0,97,,97.219,0.0,-30.0,0.0,0.973,1.138,0.129,3990,14.51,16.078,0,,,,12.324,,,,,,,,,
2026-09-30T17:34:49.436,248.965,0,0.0,97,,97.219,0.0,-30.0,0.0,0.973,1.138,0.129,3980,14.51,16.078,0,,,,,97,,,,,,,,
2026-09-30T17:34:49.566,249.095,0,0.0,97,,97.219,0.0,-30.0,0.0,0.973,1.138,0.129,3980,14.51,16.078,0,,,,,,23,,,,,,,
2026-09-30T17:34:49.696,249.225,0,0.0,97,,97.219,0.0,-30.0,0.0,0.973,1.139,0.129,3980,14.51,16.078,0,,,,,,,36.078,,,,,,
2026-09-30T17:34:49.826,249.355,0,0.0,97,,97.188,0.0,-30.0,0.0,0.973,1.138,0.129,3980,14.51,16.078,0,,,,,,,,535.4,,,,,
2026-09-30T17:34:49.956,249.485,0,0.0,97,,97.188,0.0,-30.0,0.0,0.973,1.139,0.129,3980,14.51,16.078,0,,,,,,,,,0.19,,,,
2026-09-30T17:34:50.086,249.615,0,0.0,97,,97.219,0.0,-30.0,0.0,0.973,1.14,0.129,3970,14.51,16.078,0,,,,,,,,,,,0.781,,
2026-09-30T17:34:50.218,249.747,0,0.0,97,,97.219,0.0,-30.0,0.0,0.973,1.14,0.129,3980,14.51,16.078,0,,,,,,,,,,,,0.0,
2026-09-30T17:34:50.346,249.875,0,0.0,97,,97.219,0.0,-30.0,0.0,0.973,1.14,0.129,3960,14.51,16.078,0,,,,,,,,,,,,,277
2026-09-30T17:34:50.477,250.005,0,0.0,97,,97.188,0.0,-30.0,0.0,0.973,1.14,0.129,3970,14.51,16.078,0,104,,,,,,,,,,,,
2026-09-30T17:34:50.606,250.135,0,0.0,97,,97.219,0.0,-30.0,0.0,0.973,1.139,0.129,3970,14.51,16.078,0,,47,,,,,,,,,,,
2026-09-30T17:34:50.736,250.265,0,0.0,97,,97.219,0.0,-30.0,0.0,0.973,1.139,0.129,3950,14.51,16.078,0,,,9.375,,,,,,,,,,
2026-09-30T17:34:50.866,250.395,0,0.0,97,,97.219,0.0,-30.0,0.0,0.973,1.139,0.129,3950,14.51,16.078,0,,,,12.304,,,,,,,,,
2026-09-30T17:34:50.996,250.525,0,0.0,97,,97.219,0.0,-30.0,0.0,0.973,1.139,0.129,3950,14.51,16.078,0,,,,,97,,,,,,,,
2026-09-30T17:34:51.126,250.655,0,0.0,97,,97.219,0.0,-30.0,0.0,0.973,1.14,0.129,3950,14.51,16.078,0,,,,,,23,,,,,,,
2026-09-30T17:34:51.257,250.785,0,0.0,97,,97.188,0.0,-30.0,0.0,0.973,1.138,0.129,3950,14.51,16.078,0,,,,,,,36.078,,,,,,
2026-09-30T17:34:51.386,250.915,0,0.0,97,,97.188,0.0,-30.0,0.0,0.973,1.138,0.129,3950,14.51,16.078,0,,,,,,,,535.0,,,,,
2026-09-30T17:34:51.518,251.047,0,0.0,97,,97.219,0.0,-30.0,0.0,0.973,1.138,0.129,3930,14.51,16.078,0,,,,,,,,,0.19,,,,
2026-09-30T17:34:51.646,251.175,0,0.0,97,,97.219,0.0,-30.0,0.0,0.973,1.139,0.129,3930,14.51,16.078,0,,,,,,,,,,,0.781,,
2026-09-30T17:34:51.777,251.305,0,0.0,97,,97.219,0.0,-30.0,0.0,0.973,1.139,0.129,3940,14.51,16.078,0,,,,,,,,,,,,0.0,
2026-09-30T17:34:51.906,251.435,0,0.0,97,,97.219,0.0,-30.0,0.0,0.973,1.138,0.129,3930,14.51,16.078,0,,,,,,,,,,,,,279
2026-09-30T17:34:52.037,251.565,0,0.0,97,,97.219,0.0,-30.0,0.0,0.973,1.138,0.129,3920,14.51,16.078,0,104,,,,,,,,,,,,
2026-09-30T17:34:52.166,251.695,0,0.0,97,,97.188,0.0,-30.0,0.0,0.973,1.139,0.129,3910,14.51,16.078,0,,47,,,,,,,,,,,
2026-09-30T17:34:52.296,251.825,0,0.0,97,,97.188,0.0,-30.0,0.0,0.973,1.139,0.129,3920,14.51,16.078,0,,,9.375,,,,,,,,,,
2026-09-30T17:34:52.426,251.955,0,0.0,97,,97.219,0.0,-30.0,0.0,0.973,1.139,0.129,3920,14.51,16.078,0,,,,12.285,,,,,,,,,
2026-09-30T17:34:52.556,252.085,0,0.0,97,,97.188,0.0,-30.0,0.0,0.973,1.14,0.129,3920,14.51,16.078,0,,,,,97,,,,,,,,
2026-09-30T17:34:52.686,252.215,0,0.0,97,,97.219,0.0,-30.0,0.0,0.973,1.14,0.129,3910,14.51,16.078,0,,,,,,23,,,,,,,
2026-09-30T17:34:52.819,252.347,0,0.0,97,,97.219,0.0,-30.0,0.0,0.973,1.14,0.129,3910,14.51,16.078,0,,,,,,,36.078,,,,,,
2026-09-30T17:34:52.946,252.475,0,0.0,97,,97.219,0.0,-30.0,0.0,0.973,1.138,0.129,3890,14.51,16.078,0,,,,,,,,534.5,,,,,
2026-09-30T17:34:53.077,252.605,0,0.0,97,,97.219,0.0,-30.0,0.0,0.973,1.137,0.129,3910,14.51,16.078,0,,,,,,,,,0.19,,,,
2026-09-30T17:34:53.206,252.735,0,0.0,97,,97.219,0.0,-30.0,0.0,0.973,1.139,0.129,3890,14.51,16.078,0,,,,,,,,,,,0.781,,
2026-09-30T17:34:53.336,252.865,0,0.0,97,,97.219,0.0,-30.0,0.0,0.973,1.139,0.129,3890,14.51,16.078,0,,,,,,,,,,,,0.0,
2026-09-30T17:34:53.466,252.995,0,0.0,97,,97.219,0.0,-30.0,0.0,0.973,1.138,0.129,3880,14.51,16.078,0,,,,,,,,,,,,,280
2026-09-30T17:34:53.596,253.125,0,0.0,97,,97.219,0.0,-30.0,0.0,0.973,1.138,0.129,3890,14.51,16.078,0,104,,,,,,,,,,,,
2026-09-30T17:34:53.726,253.255,0,0.0,97,,97.219,0.0,-30.0,0.0,0.973,1.138,0.129,3880,14.51,16.078,0,,47,,,,,,,,,,,
2026-09-30T17:34:53.856,253.385,0,0.0,97,,97.219,0.0,-30.0,0.0,0.973,1.138,0.129,3890,14.51,16.078,0,,,9.375,,,,,,,,,,
2026-09-30T17:34:53.986,253.515,0,0.0,97,,97.219,0.0,-30.0,0.0,0.973,1.138,0.129,3880,14.51,16.078,0,,,,12.304,,,,,,,,,
2026-09-30T17:34:54.121,253.649,0,0.0,97,,97.219,0.0,-30.0,0.0,0.973,1.138,0.129,3880,14.51,16.078,0,,,,,97,,,,,,,,
2026-09-30T17:34:54.246,253.775,0,0.0,97,,97.219,0.0,-30.0,0.0,0.973,1.138,0.129,3880,14.51,15.686,0,,,,,,23,,,,,,,
2026-09-30T17:34:54.386,253.915,0,0.0,97,,97.219,0.0,-30.0,0.0,0.973,1.138,0.129,3880,14.51,16.078,0,,,,,,,36.078,,,,,,
2026-09-30T17:34:54.518,254.047,0,0.0,97,,97.219,0.0,-30.0,0.0,0.973,1.139,0.129,3870,14.51,16.078,0,,,,,,,,534.3,,,,,
2026-09-30T17:34:54.646,254.175,0,0.0,97,,97.219,0.0,-30.0,0.0,0.973,1.138,0.129,3870,14.51,16.078,0,,,,,,,,,0.19,,,,
2026-09-30T17:34:54.777,254.305,0,0.0,97,,97.219,0.0,-30.0,0.0,0.973,1.138,0.129,3870,14.51,16.078,0,,,,,,,,,,,0.781,,
2026-09-30T17:34:54.906,254.435,0,0.0,97,,97.219,0.0,-30.0,0.0,0.973,1.138,0.129,3860,14.51,16.078,0,,,,,,,,,,,,0.0,
2026-09-30T17:34:55.037,254.565,0,0.0,97,,97.219,0.0,-30.0,0.0,0.973,1.138,0.129,3850,14.51,16.078,0,,,,,,,,,,,,,282
2026-09-30T17:34:55.166,254.695,0,0.0,97,,97.219,0.0,-30.0,0.0,0.973,1.137,0.129,3850,14.51,16.078,0,104,,,,,,,,,,,,
2026-09-30T17:34:55.296,254.825,0,0.0,97,,97.219,0.0,-30.0,0.0,0.973,1.137,0.129,3850,14.51,16.078,0,,47,,,,,,,,,,,
2026-09-30T17:34:55.426,254.955,0,0.0,97,,97.188,0.0,-30.0,0.0,0.973,1.138,0.129,3850,14.51,16.078,0,,,9.375,,,,,,,,,,
2026-09-30T17:34:55.556,255.085,0,0.0,97,,97.188,0.0,-30.0,0.0,0.973,1.138,0.129,3850,14.51,16.078,0,,,,12.265,,,,,,,,,
2026-09-30T17:34:55.686,255.215,0,0.0,97,,97.188,0.0,-30.0,0.0,0.973,1.138,0.129,3850,14.51,16.078,0,,,,,97,,,,,,,,
2026-09-30T17:34:55.818,255.347,0,0.0,97,,97.219,0.0,-30.0,0.0,0.973,1.138,0.129,3850,14.51,16.078,0,,,,,,23,,,,,,,
2026-09-30T17:34:55.946,255.475,0,0.0,97,,97.188,0.0,-30.0,0.0,0.973,1.139,0.129,3840,14.51,16.078,0,,,,,,,36.078,,,,,,
2026-09-30T17:34:56.077,255.606,0,0.0,97,,97.219,0.0,-30.0,0.0,0.973,1.138,0.129,3850,14.51,16.078,0,,,,,,,,533.8,,,,,
2026-09-30T17:34:56.206,255.735,0,0.0,97,,97.219,0.0,-30.0,0.0,0.973,1.137,0.129,3840,14.51,16.078,0,,,,,,,,,0.19,,,,
2026-09-30T17:34:56.336,255.865,0,0.0,97,,97.219,0.0,-30.0,0.0,0.973,1.137,0.129,3830,14.51,16.078,0,,,,,,,,,,,0.781,,
2026-09-30T17:34:56.466,255.995,0,0.0,97,,97.219,0.0,-30.0,0.0,0.973,1.137,0.129,3840,14.51,16.078,0,,,,,,,,,,,,0.0,
2026-09-30T17:34:56.596,256.125,0,0.0,97,,97.219,0.0,-30.0,0.0,0.973,1.138,0.129,3840,14.51,16.078,0,,,,,,,,,,,,,283
2026-09-30T17:34:56.726,256.255,0,0.0,97,,97.219,0.0,-30.0,0.0,0.973,1.138,0.129,3830,14.51,16.078,0,104,,,,,,,,,,,,
2026-09-30T17:34:56.856,256.385,0,0.0,97,,97.219,0.0,-30.0,0.0,0.973,1.138,0.129,3830,14.51,16.078,0,,47,,,,,,,,,,,
2026-09-30T17:34:56.986,256.515,0,0.0,97,,97.219,0.0,-30.0,0.0,0.973,1.138,0.129,3820,14.51,16.078,0,,,9.375,,,,,,,,,,
2026-09-30T17:34:57.121,256.649,0,0.0,97,,97.219,0.0,-30.0,0.0,0.973,1.137,0.129,3820,14.51,16.078,0,,,,12.285,,,,,,,,,
2026-09-30T17:34:57.246,256.775,0,0.0,97,,97.219,0.0,-30.0,0.0,0.973,1.137,0.129,3820,14.51,15.686,0,,,,,97,,,,,,,,
2026-09-30T17:34:57.378,256.906,0,0.0,97,,97.188,0.0,-30.0,0.0,0.973,1.137,0.129,3810,14.51,16.078,0,,,,,,23,,,,,,,
2026-09-30T17:34:57.506,257.035,0,0.0,97,,97.219,0.0,-30.0,0.0,0.973,1.137,0.129,3810,14.51,16.078,0,,,,,,,36.078,,,,,,
2026-09-30T17:34:57.636,257.165,0,0.0,97,,97.188,0.0,-30.0,0.0,0.973,1.137,0.129,3810,14.51,16.078,0,,,,,,,,533.6,,,,,
2026-09-30T17:34:57.766,257.295,0,0.0,97,,97.219,0.0,-30.0,0.0,0.973,1.138,0.129,3800,14.51,16.078,0,,,,,,,,,0.185,,,,
2026-09-30T17:34:57.896,257.425,0,0.0,97,,97.219,0.0,-30.0,0.0,0.973,1.137,0.129,3800,14.51,16.078,0,,,,,,,,,,,0.781,,
2026-09-30T17:34:58.026,257.555,0,0.0,97,,97.219,0.0,-30.0,0.0,0.973,1.137,0.129,3800,14.51,16.078,0,,,,,,,,,,,,0.0,
2026-09-30T17:34:58.156,257.685,0,0.0,97,,97.219,0.0,-30.0,0.0,0.973,1.137,0.129,3800,14.51,16.078,0,,,,,,,,,,,,,285
2026-09-30T17:34:58.286,257.815,0,0.0,97,,97.219,0.0,-30.0,0.0,0.973,1.138,0.129,3790,14.51,16.078,0,104,,,,,,,,,,,,
2026-09-30T17:34:58.418,257.947,0,0.0,97,,97.219,0.0,-30.0,0.0,0.973,1.138,0.129,3780,14.51,16.078,0,,47,,,,,,,,,,,
2026-09-30T17:34:58.546,258.075,0,0.0,97,,97.219,0.0,-30.0,0.0,0.973,1.136,0.125,3790,14.51,16.078,0,,,9.375,,,,,,,,,,
2026-09-30T17:34:58.677,258.205,0,0.0,97,,97.219,0.0,-30.0,0.0,0.973,1.136,0.125,3780,14.51,16.078,0,,,,12.285,,,,,,,,,
2026-09-30T17:34:58.806,258.335,0,0.0,97,,97.219,0.0,-30.0,0.0,0.973,1.136,0.125,3780,14.51,16.078,0,,,,,97,,,,,,,,
2026-09-30T17:34:58.936,258.465,0,0.0,97,,97.188,0.0,-30.0,0.0,0.973,1.137,0.129,3770,14.51,16.078,0,,,,,,23,,,,,,,
2026-09-30T17:34:59.066,258.595,0,0.0,97,,97.219,0.0,-30.0,0.0,0.973,1.138,0.129,3780,14.51,16.078,0,,,,,,,36.078,,,,,,
2026-09-30T17:34:59.196,258.725,0,0.0,97,,97.219,0.0,-30.0,0.0,0.973,1.136,0.125,3770,14.51,16.078,0,,,,,,,,533.0,,,,,
2026-09-30T17:34:59.326,258.855,0,97.0,97,,97.219,0.0,-30.0,0.0,0.973,1.137,0.129,3770,14.51,12.549,0,,,,,,,,,0.19,,,,
2026-09-30T17:34:59.466,258.995,0,161.0,94,,97.094,74.118,-30.0,0.0,0.973,1.167,0.16,5090,14.51,12.549,0,,,,,,,,,,,0.781,,
2026-09-30T17:34:59.596,259.125,0,325.0,92,,97.094,72.157,-28.0,0.0,0.973,1.308,0.293,7830,14.51,12.549,0,,,,,,,,,,,,57.647,
2026-09-30T17:34:59.726,259.255,0,478.5,88,,97.062,62.745,-20.5,0.0,0.973,1.246,0.238,10370,14.51,12.549,0,,,,,,,,,,,,,286
2026-09-30T17:34:59.856,259.385,0,886.75,73,,97.156,43.529,-22.5,0.0,0.988,1.0,-0.02,10690,14.51,11.765,0,104,,,,,,,,,,,,
2026-09-30T17:34:59.986,259.515,0,1041.25,59,,97.219,30.196,-22.0,0.0,0.983,0.896,-0.273,11740,15.686,12.157,0,,46,,,,,,,,,,,
2026-09-30T17:35:00.120,259.648,0,1084.0,45,,97.219,22.353,-9.5,0.0,0.953,0.863,-0.371,12000,17.647,13.333,0,,,1.562,,,,,,,,,,
2026-09-30T17:35:00.246,259.775,0,962.5,39,,97.219,21.569,3.0,0.0,0.929,0.861,-0.375,11790,21.569,14.118,0,,,,12.089,,,,,,,,,
2026-09-30T17:35:00.378,259.907,0,842.5,43,,97.219,27.451,9.5,0.0,0.918,0.871,-0.344,11420,27.059,15.294,1,,,,,97,,,,,,,,
2026-09-30T17:35:00.506,260.035,0,746.25,48,,97.219,34.118,7.5,0.0,0.909,0.888,-0.297,10750,28.235,18.039,2,,,,,,23,,,,,,,
2026-09-30T17:35:00.637,260.166,0,763.75,61,,97.0,61.176,2.0,0.0,0.904,0.903,-0.254,10500,28.627,19.608,3,,,,,,,36.078,,,,,,
2026-09-30T17:35:00.766,260.295,0,972.5,85,,97.0,51.373,-4.0,0.0,0.898,0.912,-0.23,11010,28.627,16.471,3,,,,,,,,526.5,,,,,
2026-09-30T17:35:00.896,260.425,0,1186.75,76,,97.281,41.176,-1.0,1.562,0.894,0.917,-0.219,12580,29.02,16.471,4,,,,,,,,,0.255,,,,
2026-09-30T17:35:01.026,260.555,0,1263.0,65,,97.531,32.157,8.5,0.781,0.888,0.885,-0.305,13750,29.412,16.863,5,,,,,,,,,,,0.781,,
2026-09-30T17:35:01.157,260.686,0,1237.5,60,,97.875,28.627,12.0,0.0,0.884,0.876,-0.332,13170,29.804,16.863,6,,,,,,,,,,,,41.961,
2026-09-30T17:35:01.286,260.815,0,1219.75,64,,97.844,29.804,11.5,0.0,0.882,0.886,-0.305,12790,30.196,17.255,6,,,,,,,,,,,,,288
2026-09-30T17:35:01.418,260.947,0,1240.25,63,,97.875,29.804,12.0,1.562,0.881,0.908,-0.242,13070,30.98,18.039,7,104,,,,,,,,,,,,
2026-09-30T17:35:01.547,261.075,0,1280.75,64,,97.875,31.765,12.5,3.125,0.88,0.904,-0.25,14480,31.765,20.392,8,,46,,,,,,,,,,,
2026-09-30T17:35:01.676,261.205,0,1314.75,79,,97.812,34.902,13.0,1.562,0.88,0.871,-0.348,14610,31.765,21.961,9,,,0.0,,,,,,,,,,
2026-09-30T17:35:01.807,261.335,0,1379.25,83,,97.938,33.333,13.0,1.562,0.88,0.897,-0.27,15050,31.765,22.353,10,,,,12.011,,,,,,,,,
2026-09-30T17:35:01.936,261.465,0,1445.5,85,,98.188,30.98,14.0,5.469,0.88,0.938,-0.168,15400,31.765,22.353,11,,,,,97,,,,,,,,
2026-09-30T17:35:02.066,261.595,0,1478.5,84,,99.125,30.588,14.0,7.031,0.884,0.943,-0.156,16060,31.765,22.745,12,,,,,,23,,,,,,,
2026-09-30T17:35:02.196,261.725,0,1511.0,86,,99.562,29.02,14.0,6.25,0.886,0.912,-0.23,15810,31.765,23.529,13,,,,,,,36.078,,,,,,
2026-09-30T17:35:02.326,261.855,0,1655.0,87,,99.906,27.451,15.0,7.031,0.888,0.929,-0.191,14870,31.765,23.137,14,,,,,,,,509.2,,,,,
2026-09-30T17:35:02.457,261.985,0,1786.75,84,,101.094,23.529,15.0,9.375,0.894,0.938,-0.172,15600,31.765,23.529,15,,,,,,,,,0.345,,,,
2026-09-30T17:35:02.586,262.115,0,1840.0,86,,101.531,22.745,15.5,7.812,0.899,0.898,-0.266,15300,31.765,23.922,16,,,,,,,,,,,0.781,,
2026-09-30T17:35:02.718,262.246,0,1935.25,87,,102.125,23.529,15.5,7.031,0.901,0.904,-0.25,14950,31.765,23.137,17,,,,,,,,,,,,52.157,
2026-09-30T17:35:02.847,262.375,0,1982.25,86,,103.594,23.922,-13.5,7.031,0.903,0.908,-0.242,14970,31.373,23.529,17,,,,,,,,,,,,,290
2026-09-30T17:35:02.977,262.505,0,1784.5,87,,104.438,23.922,-9.5,7.031,0.949,0.961,-0.117,15350,31.373,21.961,18,104,,,,,,,,,,,,
2026-09-30T17:35:03.106,262.635,0,1621.5,87,,105.875,24.314,-3.5,7.812,0.989,1.021,0.0,15700,31.373,21.961,18,,45,,,,,,,,,,,
2026-09-30T17:35:03.237,262.765,0,1572.0,88,,106.438,27.059,-0.5,7.812,1.001,1.001,-0.02,15650,31.373,21.569,19,,,0.0,,,,,,,,,,
2026-09-30T17:35:03.366,262.895,0,1538.5,88,,107.0,27.843,4.5,7.812,1.008,1.003,-0.016,15080,31.373,21.176,19,,,,12.949,,,,,,,,,
2026-09-30T17:35:03.496,263.025,0,1506.0,88,,107.0,29.02,9.0,7.812,1.008,1.006,-0.016,15360,31.373,21.176,20,,,,,97,,,,,,,,
2026-09-30T17:35:03.626,263.155,0,1497.75,86,,107.062,29.412,13.5,7.812,1.005,0.999,-0.023,15820,31.373,21.569,21,,,,,,23,,,,,,,
2026-09-30T17:35:03.756,263.285,0,1520.5,89,,106.656,29.412,13.0,6.25,1.003,0.979,-0.078,14800,31.373,21.176,21,,,,,,,36.078,,,,,,
2026-09-30T17:35:03.886,263.415,0,1568.75,86,,106.75,27.843,14.0,7.812,1.002,1.011,-0.008,15830,31.373,21.961,21,,,,,,,,495.0,,,,,
2026-09-30T17:35:04.017,263.546,0,1581.75,88,,106.656,27.843,14.0,6.25,1.002,0.979,-0.074,15000,31.373,21.961,22,,,,,,,,,0.845,,,,
2026-09-30T17:35:04.146,263.675,0,1642.0,89,,106.656,26.275,14.0,7.031,1.002,0.998,-0.023,15450,31.373,22.353,22,,,,,,,,,,,0.781,,
2026-09-30T17:35:04.276,263.805,0,1667.5,88,,106.656,25.882,14.0,6.25,1.002,0.984,-0.062,15230,31.373,22.745,23,,,,,,,,,,,,54.902,
2026-09-30T17:35:04.406,263.935,0,1718.25,88,,106.75,25.098,14.0,6.25,1.002,0.994,-0.035,15010,31.373,22.353,23,,,,,,,,,,,,,291
2026-09-30T17:35:04.547,264.076,0,1744.75,88,,107.156,24.314,14.0,6.25,1.002,1.002,-0.02,15610,31.373,22.353,24,105,,,,,,,,,,,,
2026-09-30T17:35:04.676,264.205,0,1787.5,87,,107.25,24.314,14.5,6.25,1.002,0.986,-0.055,15680,31.373,23.137,24,,44,,,,,,,,,,,
2026-09-30T17:35:04.806,264.335,0,1815.5,89,,107.344,24.314,14.5,5.469,1.002,0.994,-0.035,14880,31.373,22.353,25,,,0.0,,,,,,,,,,
2026-09-30T17:35:04.937,264.465,0,1835.5,88,,107.625,23.922,15.0,6.25,1.002,1.002,-0.02,15420,31.373,22.745,25,,,,14.531,,,,,,,,,
2026-09-30T17:35:05.066,264.595,0,1865.5,87,,108.062,24.706,14.5,5.469,1.002,0.986,-0.055,15490,31.765,23.137,25,,,,,97,,,,,,,,
2026-09-30T17:35:05.196,264.725,0,1893.0,88,,108.125,25.098,14.0,5.469,1.002,0.989,-0.051,15550,34.902,28.235,26,,,,,,23,,,,,,,
2026-09-30T17:35:05.326,264.855,0,1930.75,92,,107.625,29.02,11.0,5.469,1.001,0.991,-0.043,16710,36.078,30.588,26,,,,,,,36.078,,,,,,
2026-09-30T17:35:05.456,264.985,0,1733.0,104,,110.031,37.647,-12.5,5.469,1.0,1.006,-0.016,17970,36.471,29.412,27,,,,,,,,489.1,,,,,
2026-09-30T17:35:05.586,265.115,0,1537.75,106,,112.719,44.314,-5.5,6.25,1.001,0.991,-0.043,18470,36.863,26.667,27,,,,,,,,,0.85,,,,
2026-09-30T17:35:05.718,265.247,0,1477.0,105,,114.281,44.314,0.5,4.688,1.001,0.979,-0.074,18260,37.647,26.667,28,,,,,,,,,,,0.781,,
2026-09-30T17:35:05.847,265.376,0,1412.0,104,,115.062,51.765,5.0,4.688,1.0,0.976,-0.086,18280,38.824,26.275,28,,,,,,,,,,,,88.235,
2026-09-30T17:35:05.976,265.505,0,1358.5,105,,115.062,55.294,2.5,3.125,0.999,0.959,-0.121,18330,39.216,26.275,29,,,,,,,,,,,,,293
2026-09-30T17:35:06.106,265.635,0,1350.5,105,,114.906,56.471,1.0,1.562,1.001,0.962,-0.113,18200,40.784,32.941,30,105,,,,,,,,,,,,
2026-09-30T17:35:06.236,265.765,0,1377.0,109,,114.062,61.176,-2.5,0.781,1.002,0.974,-0.086,18610,41.176,42.745,30,,43,,,,,,,,,,,
2026-09-30T17:35:06.366,265.895,0,1399.75,112,,112.656,60.0,-2.0,0.0,1.001,0.989,-0.047,18690,42.353,55.686,31,,,-0.781,,,,,,,,,,
2026-09-30T17:35:06.496,266.025,0,1438.5,113,,113.188,59.608,-1.5,0.781,1.002,1.012,-0.008,18730,43.529,58.039,31,,,,14.414,,,,,,,,,
2026-09-30T17:35:06.626,266.155,0,1469.0,114,,114.344,56.863,-1.0,1.562,1.001,0.999,-0.02,18670,43.922,59.608,32,,,,,97,,,,,,,,
2026-09-30T17:35:06.756,266.285,0,1513.75,117,,117.0,53.333,-1.0,2.344,1.001,1.012,-0.008,18790,44.706,61.961,33,,,,,,23,,,,,,,
2026-09-30T17:35:06.887,266.416,0,1544.0,119,,118.688,53.333,-1.5,2.344,1.003,1.012,-0.008,18890,45.49,64.706,33,,,,,,,36.078,,,,,,
2026-09-30T17:35:07.017,266.546,0,1571.5,120,,120.094,51.765,-0.5,3.125,1.0,1.014,-0.008,19010,45.882,65.49,34,,,,,,,,505.5,,,,,
2026-09-30T17:35:07.147,266.676,0,1601.75,122,,123.344,52.157,2.0,3.906,0.998,1.012,-0.008,19380,45.882,66.667,35,,,,,,,,,0.86,,,,
2026-09-30T17:35:07.277,266.806,0,1637.25,125,,124.531,54.51,2.0,5.469,0.995,1.025,0.004,19520,45.882,68.235,36,,,,,,,,,,,0.781,,
2026-09-30T17:35:07.407,266.935,0,1674.75,127,,126.344,55.294,1.5,7.031,0.996,0.994,-0.035,19710,45.882,69.412,37,,,,,,,,,,,,120.784,
2026-09-30T17:35:07.537,267.066,0,1721.0,129,,128.531,55.294,1.0,4.688,1.001,0.98,-0.07,19850,45.882,70.588,38,,,,,,,,,,,,,294
2026-09-30T17:35:07.666,267.195,0,1750.25,133,,132.875,55.294,1.5,4.688,0.999,0.976,-0.086,19870,45.882,72.157,38,106,,,,,,,,,,,,
2026-09-30T17:35:07.797,267.326,0,1785.75,136,,135.125,54.902,1.5,3.906,1.003,0.983,-0.062,19850,45.882,73.725,39,,41,,,,,,,,,,,
2026-09-30T17:35:07.927,267.455,0,1834.25,138,,137.312,54.902,-1.5,3.125,1.005,0.98,-0.07,19960,45.882,75.294,40,,,-0.781,,,,,,,,,,
2026-09-30T17:35:08.056,267.585,0,1882.75,142,,141.969,57.255,-1.0,3.906,1.003,0.99,-0.043,19960,45.882,76.863,41,,,,14.335,,,,,,,,,
2026-09-30T17:35:08.186,267.715,0,1921.5,145,,144.156,59.216,-2.0,3.125,0.999,0.988,-0.051,19840,45.882,78.431,42,,,,,97,,,,,,,,
2026-09-30T17:35:08.317,267.846,0,1970.25,148,,147.219,60.784,-1.5,3.906,0.999,0.996,-0.031,19770,45.882,80.392,43,,,,,,23,,,,,,,
2026-09-30T17:35:08.446,267.975,0,2018.75,149,,148.781,60.784,-1.0,3.906,0.999,0.999,-0.023,19770,45.882,80.784,44,,,,,,,36.078,,,,,,
2026-09-30T17:35:08.576,268.105,0,2057.75,150,,149.719,61.176,-1.5,3.906,0.999,0.997,-0.027,19810,45.882,81.176,45,,,,,,,,546.3,,,,,
2026-09-30T17:35:08.707,268.236,0,2108.0,151,,150.594,61.569,-1.0,3.906,0.999,0.992,-0.039,19850,45.882,81.176,46,,,,,,,,,0.835,,,,
2026-09-30T17:35:08.837,268.365,0,2152.0,152,,151.438,62.745,-1.0,3.906,0.999,0.992,-0.039,19970,45.882,81.569,47,,,,,,,,,,,0.781,,
2026-09-30T17:35:08.967,268.495,0,2203.75,153,,152.562,63.922,-1.0,3.125,0.999,0.993,-0.039,19950,45.49,81.569,48,,,,,,,,,,,,138.431,
2026-09-30T17:35:09.097,268.626,0,2232.0,153,,153.219,64.706,-1.5,3.125,0.999,0.991,-0.043,19910,45.49,81.961,49,,,,,,,,,,,,,296
2026-09-30T17:35:09.227,268.756,0,2273.25,154,,153.5,65.49,-1.0,3.125,0.999,0.989,-0.047,19880,45.49,82.353,50,107,,,,,,,,,,,,
2026-09-30T17:35:09.357,268.886,0,2324.75,153,,152.531,68.235,-1.0,2.344,0.999,0.975,-0.086,19810,45.49,82.353,51,,39,,,,,,,,,,,
2026-09-30T17:35:09.486,269.015,0,2365.5,151,,151.062,67.059,0.5,2.344,0.999,0.982,-0.066,19900,45.49,81.961,52,,,-0.781,,,,,,,,,,
2026-09-30T17:35:09.627,269.156,0,2374.0,150,,149.844,66.667,-16.0,2.344,0.997,0.989,-0.047,19980,45.49,80.784,52,,,,14.257,,,,,,,,,
2026-09-30T17:35:09.756,269.285,0,2104.25,150,,149.969,64.706,-8.0,1.562,0.998,0.986,-0.055,20110,45.49,79.216,53,,,,,97,,,,,,,,
2026-09-30T17:35:09.886,269.415,0,1936.75,150,,149.375,64.706,-5.5,1.562,0.999,0.976,-0.082,20020,45.098,74.51,54,,,,,,23,,,,,,,
2026-09-30T17:35:10.018,269.547,0,1823.5,149,,148.656,59.608,-1.0,2.344,0.999,1.017,-0.004,19980,45.098,71.373,55,,,,,,,36.078,,,,,,
2026-09-30T17:35:10.146,269.675,0,1755.5,148,,146.688,60.784,-1.0,2.344,0.999,1.003,-0.016,20050,42.745,68.235,56,,,,,,,,576.2,,,,,
2026-09-30T17:35:10.276,269.805,0,1779.0,146,,145.875,60.392,-1.0,2.344,0.999,1.009,-0.012,19990,38.039,23.529,56,,,,,,,,,0.855,,,,
2026-09-30T17:35:10.406,269.935,0,1785.75,131,,143.281,51.373,7.5,2.344,1.001,0.995,-0.031,19510,37.647,24.706,57,,,,,,,,,,,0.781,,
2026-09-30T17:35:10.537,270.065,0,1829.5,99,,124.25,37.255,8.0,3.125,1.007,1.01,-0.012,18760,37.647,29.02,57,,,,,,,,,,,,84.314,
2026-09-30T17:35:10.666,270.195,0,1831.5,103,,111.75,37.255,8.0,2.344,1.006,0.994,-0.035,18400,37.647,31.765,58,,,,,,,,,,,,,297
2026-09-30T17:35:10.797,270.325,0,1846.75,102,,108.344,36.471,8.0,2.344,1.006,1.004,-0.016,17710,37.647,37.255,58,104,,,,,,,,,,,,
2026-09-30T17:35:10.926,270.455,0,1863.25,103,,106.094,36.863,8.0,2.344,1.005,1.005,-0.016,17630,37.647,39.608,59,,37,,,,,,,,,,,
2026-09-30T17:35:11.056,270.585,0,1871.25,102,,103.781,37.255,8.5,2.344,1.005,1.004,-0.016,17570,37.647,40.784,59,,,-0.781,,,,,,,,,,
2026-09-30T17:35:11.187,270.716,0,1885.5,102,,103.094,37.255,9.5,3.125,1.0,0.997,-0.027,17430,37.255,41.961,60,,,,14.335,,,,,,,,,
2026-09-30T17:35:11.318,270.846,0,1907.25,101,,102.438,36.863,9.5,2.344,1.001,0.993,-0.039,17280,36.863,43.137,60,,,,,97,,,,,,,,
2026-09-30T17:35:11.447,270.976,0,1960.5,101,,101.531,36.078,-17.5,2.344,1.003,0.993,-0.039,17570,34.902,36.078,60,,,,,,23,,,,,,,
2026-09-30T17:35:11.576,271.105,0,1755.5,99,,102.0,34.51,-12.5,2.344,0.998,1.0,-0.02,17710,33.725,25.098,60,,,,,,,36.078,,,,,,
2026-09-30T17:35:11.707,271.236,0,1660.25,95,,103.594,31.373,-1.5,2.344,1.004,1.0,-0.02,16860,32.941,24.706,61,,,,,,,,582.7,,,,,
2026-09-30T17:35:11.837,271.366,0,1645.75,93,,104.5,29.412,-1.0,2.344,1.006,0.999,-0.023,16440,32.549,23.137,61,,,,,,,,,0.825,,,,
2026-09-30T17:35:11.967,271.496,0,1609.0,91,,105.125,29.412,2.0,1.562,1.006,0.991,-0.043,16360,32.549,23.922,61,,,,,,,,,,,0.781,,
2026-09-30T17:35:12.096,271.625,0,1577.75,92,,104.938,30.196,4.5,0.781,1.006,0.988,-0.051,15740,32.549,23.529,61,,,,,,,,,,,,63.922,
2026-09-30T17:35:12.226,271.755,0,1540.75,92,,104.781,31.765,7.5,0.781,0.999,0.996,-0.031,15830,30.98,21.569,61,,,,,,,,,,,,,299
2026-09-30T17:35:12.356,271.885,0,1502.0,88,,104.969,29.804,13.0,1.562,0.992,0.998,-0.023,16240,30.196,19.216,62,98,,,,,,,,,,,,
2026-09-30T17:35:12.486,272.015,0,1487.75,86,,107.906,29.804,14.0,1.562,0.999,1.01,-0.012,15290,29.412,17.647,62,,37,,,,,,,,,,,
2026-09-30T17:35:12.619,272.148,0,1490.75,81,,107.781,28.235,14.5,2.344,1.003,1.012,-0.008,14810,28.235,16.471,62,,,0.0,,,,,,,,,,
2026-09-30T17:35:12.747,272.276,0,1487.5,76,,107.375,23.922,15.0,0.781,1.004,0.969,-0.098,14640,25.49,15.686,62,,,,14.296,,,,,,,,,
2026-09-30T17:35:12.878,272.406,0,1486.25,62,,106.938,21.961,15.0,0.0,1.005,0.972,-0.094,13540,24.706,15.294,62,,,,,97,,,,,,,,
2026-09-30T17:35:13.007,272.535,0,1496.0,52,,106.219,19.216,15.0,0.0,1.005,0.973,-0.09,13470,24.706,15.686,62,,,,,,23,,,,,,,
2026-09-30T17:35:13.136,272.665,0,1520.25,47,,105.562,16.863,15.0,-1.562,1.005,0.974,-0.09,12930,24.706,15.686,62,,,,,,,36.078,,,,,,
2026-09-30T17:35:13.268,272.796,0,1532.75,45,,104.375,15.686,15.0,-2.344,0.998,0.971,-0.094,12250,24.706,15.686,62,,,,,,,,579.8,,,,,
2026-09-30T17:35:13.396,272.925,0,1518.75,45,,103.656,15.686,15.0,-2.344,0.993,0.986,-0.055,11790,24.706,15.294,62,,,,,,,,,0.815,,,,
2026-09-30T17:35:13.526,273.055,0,1494.0,46,,103.188,16.471,15.0,-2.344,1.001,0.997,-0.027,11230,24.706,15.294,62,,,,,,,,,,,0.781,,
2026-09-30T17:35:13.656,273.185,0,1498.25,43,,102.375,16.078,15.0,-2.344,1.006,1.0,-0.02,10760,24.706,15.686,62,,,,,,,,,,,,30.196,
2026-09-30T17:35:13.786,273.315,0,1500.75,44,,102.031,16.078,15.0,-2.344,1.009,1.007,-0.012,10240,24.706,15.686,62,,,,,,,,,,,,,300
2026-09-30T17:35:13.918,273.446,0,1509.0,44,,101.719,16.078,15.0,-2.344,1.004,1.004,-0.016,9830,24.706,15.686,62,97,,,,,,,,,,,,
2026-09-30T17:35:14.046,273.575,0,1505.5,44,,101.062,15.686,15.0,-2.344,0.996,0.996,-0.031,9330,24.314,15.294,62,,39,,,,,,,,,,,
2026-09-30T17:35:14.176,273.705,0,1495.75,43,,101.031,15.686,14.5,-2.344,0.993,0.988,-0.051,8860,24.314,15.686,62,,,0.0,,,,,,,,,,
2026-09-30T17:35:14.306,273.835,0,1494.0,43,,100.625,16.078,15.0,-3.125,0.992,0.979,-0.074,8440,24.314,15.686,62,,,,14.316,,,,,,,,,
2026-09-30T17:35:14.436,273.965,0,1491.5,43,,100.438,16.078,14.5,-3.906,1.001,0.987,-0.051,8270,24.706,15.686,62,,,,,97,,,,,,,,
2026-09-30T17:35:14.567,274.096,0,1491.5,44,,100.125,16.078,15.0,-3.906,1.006,0.994,-0.035,8560,24.706,15.686,62,,,,,,23,,,,,,,
2026-09-30T17:35:14.706,274.235,0,1491.5,44,,99.812,16.078,15.0,-4.688,1.009,0.997,-0.027,8530,24.706,15.686,62,,,,,,,36.078,,,,,,
2026-09-30T17:35:14.836,274.365,0,1495.5,43,,99.781,15.686,15.0,-4.688,1.001,0.995,-0.035,8890,24.706,15.686,62,,,,,,,,578.1,,,,,
2026-09-30T17:35:14.967,274.496,0,1489.75,44,,99.469,15.686,14.5,-4.688,0.995,0.989,-0.047,8720,24.706,15.686,61,,,,,,,,,0.81,,,,
2026-09-30T17:35:15.097,274.625,0,1482.5,44,,99.469,16.078,15.0,-4.688,0.993,0.99,-0.047,8620,24.706,15.686,61,,,,,,,,,,,0.781,,
2026-09-30T17:35:15.227,274.756,0,1475.25,43,,99.344,16.471,15.0,-3.906,0.995,1.0,-0.02,9060,24.706,15.294,61,,,,,,,,,,,,29.412,
2026-09-30T17:35:15.356,274.885,0,1471.0,43,,99.156,15.686,14.5,-3.906,1.003,1.003,-0.016,8590,24.706,15.686,61,,,,,,,,,,,,,302
2026-09-30T17:35:15.486,275.015,0,1471.75,44,,99.156,16.078,15.0,-3.906,1.007,1.016,-0.004,8310,24.706,15.686,61,98,,,,,,,,,,,,
2026-09-30T17:35:15.619,275.148,0,1479.75,43,,98.906,16.471,15.0,-3.125,1.009,1.02,0.0,9080,24.706,15.686,61,,40,,,,,,,,,,,
2026-09-30T17:35:15.747,275.275,0,1482.25,44,,98.812,16.078,15.0,-3.906,0.999,0.987,-0.055,8950,24.706,15.686,61,,,0.781,,,,,,,,,,
2026-09-30T17:35:15.876,275.405,0,1466.25,44,,98.812,16.078,14.5,-3.906,0.994,0.985,-0.059,8780,24.706,15.294,61,,,,14.375,,,,,,,,,
2026-09-30T17:35:16.006,275.535,0,1455.75,43,,98.812,16.471,14.5,-3.906,0.991,0.992,-0.039,8640,24.706,15.294,60,,,,,97,,,,,,,,
2026-09-30T17:35:16.137,275.665,0,1451.75,43,,98.812,16.471,14.5,-3.906,0.997,0.997,-0.027,8540,24.706,15.294,60,,,,,,23,,,,,,,
2026-09-30T17:35:16.267,275.795,0,1450.0,43,,98.531,16.471,14.5,-3.906,1.004,1.003,-0.016,8540,24.706,15.686,60,,,,,,,36.078,,,,,,
2026-09-30T17:35:16.397,275.926,0,1454.75,43,,98.5,16.863,14.5,-3.906,1.007,1.001,-0.02,8570,24.706,15.294,60,,,,,,,,575.9,,,,,
2026-09-30T17:35:16.526,276.055,0,1454.75,43,,98.5,16.471,14.5,-4.688,1.008,1.003,-0.016,8560,24.706,15.686,60,,,,,,,,,0.805,,,,
2026-09-30T17:35:16.656,276.185,0,1455.25,44,,98.5,16.863,14.5,-3.906,0.999,0.995,-0.031,8630,24.706,15.294,60,,,,,,,,,,,0.781,,
2026-09-30T17:35:16.786,276.315,0,1449.75,43,,98.469,16.471,14.5,-3.906,0.994,0.991,-0.043,8670,24.706,15.294,60,,,,,,,,,,,,29.02,
2026-09-30T17:35:16.918,276.446,0,1439.75,43,,98.469,16.471,14.5,-3.906,0.991,0.991,-0.043,8650,24.706,15.294,60,,,,,,,,,,,,,304
2026-09-30T17:35:17.046,276.575,0,1434.0,43,,98.469,16.863,14.0,-3.906,0.998,0.995,-0.031,8500,24.706,15.294,59,99,,,,,,,,,,,,
2026-09-30T17:35:17.177,276.706,0,1432.5,43,,98.375,16.863,14.0,-3.906,1.004,1.008,-0.012,8510,24.706,15.686,59,,41,,,,,,,,,,,
2026-09-30T17:35:17.306,276.835,0,1428.75,43,,98.25,16.863,14.0,-3.125,1.006,1.017,-0.004,8420,24.706,15.686,59,,,0.0,,,,,,,,,,
2026-09-30T17:35:17.437,276.966,0,1433.0,44,,98.188,17.255,14.5,-3.125,1.008,1.016,-0.004,8440,24.706,15.686,59,,,,14.355,,,,,,,,,
2026-09-30T17:35:17.566,277.095,0,1437.75,44,,98.188,17.255,14.5,-3.125,0.998,0.989,-0.047,8580,24.706,15.686,59,,,,,97,,,,,,,,
2026-09-30T17:35:17.696,277.225,0,1438.0,44,,98.188,17.255,14.5,-3.906,0.994,0.985,-0.055,8690,24.706,15.294,59,,,,,,23,,,,,,,
2026-09-30T17:35:17.826,277.355,0,1427.25,44,,98.188,17.255,14.5,-3.906,0.991,0.984,-0.059,8740,24.706,15.294,59,,,,,,,36.078,,,,,,
2026-09-30T17:35:17.956,277.485,0,1409.5,43,,98.188,17.255,14.0,-3.906,0.998,0.996,-0.031,8730,24.706,15.294,59,,,,,,,,573.0,,,,,
2026-09-30T17:35:18.086,277.615,0,1407.5,42,,98.188,17.255,14.0,-3.125,1.005,1.014,-0.008,8360,24.706,15.294,59,,,,,,,,,0.805,,,,
2026-09-30T17:35:18.218,277.746,0,1407.0,42,,98.188,17.255,14.0,-2.344,1.006,1.019,0.0,8150,24.706,15.294,58,,,,,,,,,,,0.781,,
2026-09-30T17:35:18.347,277.875,0,1412.25,43,,98.188,17.647,14.5,-2.344,1.007,0.998,-0.023,8550,24.706,15.294,58,,,,,,,,,,,,28.627,
2026-09-30T17:35:18.476,278.005,0,1414.5,43,,98.188,17.255,14.0,-3.906,0.999,0.979,-0.074,8520,24.706,15.294,58,,,,,,,,,,,,,305
2026-09-30T17:35:18.606,278.135,0,1412.75,43,,98.188,17.647,14.0,-4.688,0.994,0.983,-0.062,8650,24.706,15.294,58,99,,,,,,,,,,,,
2026-09-30T17:35:18.736,278.265,0,1400.0,43,,98.156,17.647,14.0,-3.906,0.991,0.989,-0.047,8450,24.706,15.294,58,,42,,,,,,,,,,,
2026-09-30T17:35:18.866,278.395,0,1390.75,43,,98.188,17.647,14.0,-3.906,0.997,0.998,-0.023,8220,24.706,15.294,58,,,0.781,,,,,,,,,,
2026-09-30T17:35:18.996,278.525,0,1388.5,43,,98.156,17.647,14.0,-3.906,1.004,1.011,-0.008,8060,21.569,14.118,57,,,,14.316,,,,,,,,,
2026-09-30T17:35:19.126,278.655,0,1387.0,43,,98.188,17.255,15.0,-3.125,1.007,1.014,-0.008,7840,14.51,12.157,57,,,,,97,,,,,,,,
2026-09-30T17:35:19.256,278.785,0,1365.0,28,,97.875,0.0,19.5,-3.125,1.009,1.01,-0.012,7400,14.51,12.157,57,,,,,,23,,,,,,,
2026-09-30T17:35:19.387,278.916,0,1363.0,24,,97.875,0.0,29.0,-3.125,1.007,0.997,-0.027,7010,14.51,12.157,57,,,,,,,36.078,,,,,,
2026-09-30T17:35:19.518,279.046,0,1357.25,22,,97.875,0.0,30.0,-3.906,1.006,1.006,-0.016,6660,14.51,12.549,57,,,,,,,,570.8,,,,,
2026-09-30T17:35:19.646,279.175,0,1360.0,22,,97.781,0.0,29.5,-2.344,1.006,1.033,0.016,6320,14.51,12.549,57,,,,,,,,,0.81,,,,
2026-09-30T17:35:19.776,279.305,0,1359.5,22,,97.812,0.0,21.5,-1.562,1.006,1.041,0.023,5960,14.51,12.549,57,,,,,,,,,,,0.781,,
2026-09-30T17:35:19.906,279.435,0,1357.5,22,,97.812,0.0,14.5,-1.562,1.006,1.038,0.02,5680,14.51,12.549,56,,,,,,,,,,,,12.549,
2026-09-30T17:35:20.036,279.565,0,1351.0,22,,97.719,0.0,10.0,-1.562,1.006,1.03,0.012,5330,14.51,12.549,56,,,,,,,,,,,,,307
2026-09-30T17:35:20.166,279.695,0,1347.75,21,,97.531,0.0,5.0,-1.562,1.007,1.013,-0.008,4970,14.51,12.549,56,99,,,,,,,,,,,,
2026-09-30T17:35:20.296,279.825,0,1344.25,21,,97.562,0.0,0.5,-2.344,1.007,0.997,-0.027,4640,14.51,12.549,56,,42,,,,,,,,,,,
2026-09-30T17:35:20.427,279.955,0,1334.75,21,,97.531,0.0,-3.0,0.0,1.007,1.007,-0.012,4340,14.51,12.549,55,,,4.688,,,,,,,,,,
2026-09-30T17:35:20.556,280.085,0,1320.75,21,,97.812,0.0,-4.0,0.0,1.006,1.055,0.039,4300,14.51,12.549,55,,,,14.296,,,,,,,,,
2026-09-30T17:35:20.686,280.215,0,1312.0,21,,97.688,0.0,-4.5,0.0,1.006,1.126,0.117,5210,14.51,12.549,55,,,,,97,,,,,,,,
2026-09-30T17:35:20.818,280.346,0,1296.75,22,,97.656,0.0,-4.5,0.0,0.999,1.43,0.387,7030,14.51,12.549,55,,,,,,23,,,,,,,
2026-09-30T17:35:20.947,280.475,0,1301.75,23,,97.656,0.0,-4.5,0.0,1.004,2.0,0.688,7860,14.51,12.549,55,,,,,,,36.078,,,,,,
2026-09-30T17:35:21.078,280.607,0,1297.75,24,,97.812,0.0,-4.5,0.0,1.039,2.0,0.871,9080,14.51,12.549,54,,,,,,,,572.0,,,,,
2026-09-30T17:35:21.206,280.735,0,1292.25,24,,97.812,0.0,-4.5,0.0,1.109,2.0,0.988,9600,14.51,12.549,54,,,,,,,,,0.815,,,,
2026-09-30T17:35:21.336,280.865,0,1285.75,24,,97.812,0.0,-4.5,0.0,1.167,2.0,1.074,9580,14.51,12.549,53,,,,,,,,,,,0.781,,
2026-09-30T17:35:21.466,280.995,0,1270.25,24,,97.875,0.0,-5.0,0.0,1.222,2.0,1.121,9570,14.51,12.157,53,,,,,,,,,,,,13.333,
2026-09-30T17:35:21.597,281.125,0,1257.75,24,,97.875,0.0,-5.0,0.0,1.283,2.0,1.164,9560,14.51,12.157,53,,,,,,,,,,,,,308
2026-09-30T17:35:21.727,281.255,0,1251.0,25,,97.875,0.0,-5.0,0.0,1.377,2.0,1.188,9550,14.51,12.157,52,100,,,,,,,,,,,,
2026-09-30T17:35:21.856,281.385,0,1244.25,24,,97.875,0.0,-5.5,0.0,1.467,2.0,1.203,9540,14.51,12.157,52,,43,,,,,,,,,,,
2026-09-30T17:35:21.986,281.515,0,1238.0,24,,97.875,0.0,-5.5,0.0,1.59,2.0,1.215,9530,14.51,12.157,52,,,4.688,,,,,,,,,,
2026-09-30T17:35:22.119,281.648,0,1236.0,25,,97.875,0.0,-5.5,0.0,1.68,2.0,1.227,9520,14.51,12.157,51,,,,14.355,,,,,,,,,
2026-09-30T17:35:22.246,281.775,0,1227.0,24,,97.875,0.0,-5.5,0.0,1.744,2.0,1.23,9520,14.51,12.157,51,,,,,97,,,,,,,,
2026-09-30T17:35:22.377,281.905,0,1218.5,24,,97.875,0.0,-5.5,0.0,1.771,2.0,1.238,9520,14.51,12.157,50,,,,,,23,,,,,,,
2026-09-30T17:35:22.506,282.035,0,1212.25,24,,97.875,0.0,-6.0,0.0,1.787,2.0,1.242,9510,14.51,12.157,50,,,,,,,36.078,,,,,,
2026-09-30T17:35:22.636,282.165,0,1202.5,24,,97.875,0.0,-6.0,0.0,1.793,2.0,1.246,9510,14.51,12.157,50,,,,,,,,574.0,,,,,
2026-09-30T17:35:22.766,282.295,0,1194.25,23,,97.875,0.0,-6.0,0.0,1.797,2.0,1.246,9500,14.51,12.157,50,,,,,,,,,0.11,,,,
2026-09-30T17:35:22.896,282.425,0,1203.75,23,,97.875,0.0,-5.5,0.0,1.798,2.0,1.246,9490,14.51,12.549,49,,,,,,,,,,,0.781,,
2026-09-30T17:35:23.027,282.556,0,1288.0,24,,97.875,0.0,-4.0,0.0,1.799,2.0,1.25,9490,14.51,12.549,49,,,,,,,,,,,,12.941,
2026-09-30T17:35:23.156,282.685,0,1371.0,24,,97.875,0.0,-3.0,0.0,1.8,2.0,1.25,9490,14.51,12.549,48,,,,,,,,,,,,,310
2026-09-30T17:35:23.286,282.815,0,1448.75,23,,97.875,0.0,-2.0,0.0,1.8,2.0,1.25,9470,14.51,12.549,48,101,,,,,,,,,,,,
2026-09-30T17:35:23.418,282.947,0,1517.75,23,,97.875,0.0,-1.5,0.0,1.8,2.0,1.254,9470,14.51,12.941,48,,43,,,,,,,,,,,
2026-09-30T17:35:23.546,283.075,0,1499.25,24,,98.031,0.0,-2.0,0.0,1.8,2.0,1.254,9460,14.51,12.549,47,,,3.125,,,,,,,,,,
2026-09-30T17:35:23.677,283.206,0,1485.25,23,,97.938,0.0,-2.0,0.0,1.8,2.0,1.258,9450,14.51,12.549,47,,,,14.414,,,,,,,,,
2026-09-30T17:35:23.806,283.335,0,1471.75,23,,98.031,0.0,-2.5,0.0,1.8,2.0,1.258,9450,14.51,12.549,47,,,,,97,,,,,,,,
2026-09-30T17:35:23.936,283.465,0,1463.75,22,,98.031,0.0,-2.5,0.0,1.8,2.0,1.258,9440,14.51,12.549,46,,,,,,23,,,,,,,
2026-09-30T17:35:24.068,283.596,0,1454.5,23,,98.094,0.0,-2.5,0.0,1.8,2.0,1.258,9440,14.51,12.549,46,,,,,,,36.078,,,,,,
2026-09-30T17:35:24.196,283.725,0,1439.25,23,,98.188,0.0,-2.5,0.0,1.8,2.0,1.258,9430,14.51,12.549,45,,,,,,,,575.3,,,,,
2026-09-30T17:35:24.326,283.855,0,1424.0,23,,98.125,0.0,-2.5,0.0,1.8,2.0,1.258,9430,14.51,12.549,45,,,,,,,,,0.1,,,,
2026-09-30T17:35:24.456,283.985,0,1410.75,23,,98.188,0.0,-3.0,0.0,1.8,2.0,1.262,9420,14.51,12.549,44,,,,,,,,,,,0.781,,
2026-09-30T17:35:24.586,284.115,0,1398.5,23,,98.188,0.0,-3.0,0.0,1.8,2.0,1.258,9410,14.51,12.549,44,,,,,,,,,,,,12.941,
2026-09-30T17:35:24.718,284.247,0,1387.25,23,,98.156,0.0,-3.0,0.0,1.8,2.0,1.262,9410,14.51,12.549,43,,,,,,,,,,,,,311
2026-09-30T17:35:24.856,284.385,0,1367.25,24,,98.188,0.0,-4.0,0.0,1.8,2.0,1.266,9400,14.51,12.549,43,102,,,,,,,,,,,,
2026-09-30T17:35:24.987,284.515,0,1349.5,23,,98.188,0.0,-4.0,0.0,1.8,2.0,1.262,9810,14.51,12.549,42,,44,,,,,,,,,,,
2026-09-30T17:35:25.119,284.648,0,1334.25,23,,98.156,0.0,-4.0,0.0,1.8,2.0,1.262,9800,14.51,12.549,42,,,3.906,,,,,,,,,,
2026-09-30T17:35:25.246,284.775,0,1319.5,23,,98.188,0.0,-4.0,0.0,1.8,2.0,1.262,9800,14.51,12.157,41,,,,14.375,,,,,,,,,
2026-09-30T17:35:25.377,284.905,0,1303.0,24,,98.188,0.0,-4.5,0.0,1.8,2.0,1.266,9800,14.51,12.157,41,,,,,97,,,,,,,,
2026-09-30T17:35:25.507,285.035,0,1286.0,24,,98.188,0.0,-4.5,0.0,1.8,2.0,1.266,9790,14.51,12.157,40,,,,,,23,,,,,,,
2026-09-30T17:35:25.636,285.165,0,1269.75,24,,98.188,0.0,-5.0,0.0,1.8,2.0,1.262,9790,14.51,12.157,40,,,,,,,36.078,,,,,,
2026-09-30T17:35:25.766,285.295,0,1257.5,24,,98.156,0.0,-5.0,0.0,1.8,2.0,1.262,9770,14.51,12.157,39,,,,,,,,576.6,,,,,
2026-09-30T17:35:25.896,285.425,0,1238.5,24,,98.094,0.0,-5.5,0.0,1.8,2.0,1.266,9760,14.51,12.157,39,,,,,,,,,0.095,,,,
2026-09-30T17:35:26.026,285.555,0,1225.25,24,,98.156,0.0,-6.0,0.0,1.8,2.0,1.262,9760,14.51,12.157,38,,,,,,,,,,,0.781,,
2026-09-30T17:35:26.156,285.685,0,1210.0,24,,98.062,0.0,-6.0,0.0,1.8,2.0,1.262,9750,14.51,12.157,38,,,,,,,,,,,,12.941,
2026-09-30T17:35:26.286,285.815,0,1247.0,24,,98.062,0.0,-5.0,0.0,1.8,2.0,1.266,9740,14.51,12.549,37,,,,,,,,,,,,,313
2026-09-30T17:35:26.417,285.945,0,1335.5,23,,98.094,0.0,-4.0,0.0,1.8,2.0,1.266,9740,14.51,12.549,36,102,,,,,,,,,,,,
2026-09-30T17:35:26.546,286.074,0,1414.0,23,,98.094,0.0,-2.5,0.0,1.8,2.0,1.262,9720,14.51,12.549,36,,44,,,,,,,,,,,
2026-09-30T17:35:26.676,286.205,0,1488.75,23,,98.156,0.0,-1.5,0.0,1.8,2.0,1.262,9720,14.51,12.941,35,,,3.125,,,,,,,,,,
2026-09-30T17:35:26.806,286.335,0,1546.0,23,,98.188,0.0,-1.0,0.0,1.8,2.0,1.262,9720,14.51,12.941,34,,,,14.355,,,,,,,,,
2026-09-30T17:35:26.937,286.465,0,1590.25,24,,98.156,0.0,-1.0,0.0,1.8,2.0,1.266,9710,14.51,12.941,34,,,,,97,,,,,,,,
2026-09-30T17:35:27.067,286.596,0,1551.0,24,,98.188,0.0,-1.0,0.0,1.8,2.0,1.266,9700,14.51,12.549,33,,,,,,23,,,,,,,
2026-09-30T17:35:27.196,286.725,0,1527.25,23,,98.188,0.0,-1.5,0.0,1.8,2.0,1.27,9700,14.51,12.549,33,,,,,,,36.078,,,,,,
2026-09-30T17:35:27.326,286.855,0,1502.75,23,,98.188,0.0,-2.0,0.0,1.8,2.0,1.27,9690,14.51,12.549,32,,,,,,,,577.8,,,,,
2026-09-30T17:35:27.457,286.985,0,1476.5,23,,98.188,0.0,-2.5,0.0,1.8,2.0,1.27,9690,14.51,12.549,32,,,,,,,,,0.095,,,,
2026-09-30T17:35:27.586,287.115,0,1450.25,23,,98.188,0.0,-2.5,0.0,1.8,2.0,1.27,9680,14.51,12.549,31,,,,,,,,,,,0.781,,
2026-09-30T17:35:27.716,287.245,0,1422.0,22,,98.188,0.0,-2.5,0.0,1.8,2.0,1.27,9680,14.51,12.549,30,,,,,,,,,,,,12.157,
2026-09-30T17:35:27.846,287.375,0,1398.0,23,,98.188,0.0,-3.0,0.0,1.8,2.0,1.273,9680,14.51,12.549,30,,,,,,,,,,,,,315
2026-09-30T17:35:27.977,287.505,0,1366.0,23,,98.188,0.0,-4.0,0.0,1.8,2.0,1.266,9660,14.51,12.549,29,101,,,,,,,,,,,,
2026-09-30T17:35:28.106,287.635,0,1333.75,23,,98.188,0.0,-4.0,0.0,1.8,2.0,1.27,9660,14.51,12.549,28,,44,,,,,,,,,,,
2026-09-30T17:35:28.236,287.765,0,1302.25,23,,98.188,0.0,-4.5,0.0,1.8,2.0,1.27,9660,14.51,12.157,28,,,3.906,,,,,,,,,,
2026-09-30T17:35:28.366,287.894,0,1269.75,24,,98.188,0.0,-5.0,0.0,1.8,2.0,1.27,9660,14.51,12.157,27,,,,14.296,,,,,,,,,
2026-09-30T17:35:28.497,288.026,0,1233.75,23,,98.188,0.0,-5.5,0.0,1.8,2.0,1.27,9650,14.51,12.157,26,,,,,97,,,,,,,,
2026-09-30T17:35:28.626,288.155,0,1197.5,23,,98.188,0.0,-6.0,0.0,1.8,2.0,1.27,9650,14.51,12.157,26,,,,,,23,,,,,,,
2026-09-30T17:35:28.756,288.284,0,1175.75,24,,98.188,0.0,-6.5,0.0,1.8,2.0,1.266,9640,14.51,12.157,25,,,,,,,36.078,,,,,,
2026-09-30T17:35:28.886,288.414,0,1160.25,24,,98.188,0.0,-6.5,0.0,1.8,2.0,1.27,9630,14.51,12.157,24,,,,,,,,578.9,,,,,
2026-09-30T17:35:29.016,288.545,0,1159.75,24,,98.188,0.0,-6.5,0.0,1.8,2.0,1.27,9630,14.51,12.157,23,,,,,,,,,0.095,,,,
2026-09-30T17:35:29.146,288.675,0,1157.0,24,,98.031,0.0,-6.5,0.0,1.8,2.0,1.266,9620,14.51,12.157,22,,,,,,,,,,,0.781,,
2026-09-30T17:35:29.276,288.804,0,1156.75,24,,98.094,0.0,-6.5,0.0,1.8,2.0,1.266,9620,14.51,12.157,21,,,,,,,,,,,,12.941,
2026-09-30T17:35:29.406,288.934,0,1160.0,24,,98.0,0.0,-6.5,0.0,1.8,2.0,1.266,9610,14.51,12.157,20,,,,,,,,,,,,,316
2026-09-30T17:35:29.536,289.064,0,1158.25,24,,97.906,0.0,-6.5,0.0,1.8,2.0,1.266,9600,14.51,12.157,20,102,,,,,,,,,,,,
2026-09-30T17:35:29.666,289.195,0,1159.75,24,,97.969,0.0,-6.5,0.0,1.8,2.0,1.262,9590,14.51,12.157,19,,44,,,,,,,,,,,
2026-09-30T17:35:29.796,289.325,0,1153.25,24,,97.938,0.0,-7.0,0.0,1.8,2.0,1.266,9590,14.51,12.157,18,,,4.688,,,,,,,,,,
2026-09-30T17:35:29.927,289.456,0,1136.5,24,,97.875,0.0,-7.5,0.0,1.751,2.0,1.266,9590,14.51,11.765,17,,,,14.199,,,,,,,,,
2026-09-30T17:35:30.056,289.584,0,1056.5,25,,97.875,11.765,-4.0,0.0,1.866,2.0,1.266,9660,14.51,11.373,16,,,,,97,,,,,,,,
2026-09-30T17:35:30.186,289.714,0,947.75,24,,97.875,12.549,8.0,0.0,1.81,2.0,1.27,9550,14.51,12.157,16,,,,,,23,,,,,,,
2026-09-30T17:35:30.316,289.845,0,931.25,25,,97.875,13.725,2.5,0.0,1.613,2.0,1.023,9170,14.51,12.157,15,,,,,,,36.078,,,,,,
2026-09-30T17:35:30.446,289.974,0,928.75,25,,97.844,14.118,2.5,0.0,1.366,1.981,0.672,8790,14.51,12.157,14,,,,,,,,579.2,,,,,
2026-09-30T17:35:30.576,290.105,0,908.25,26,,97.844,13.725,3.5,0.0,1.206,1.388,0.359,8530,14.51,12.157,13,,,,,,,,,0.095,,,,
2026-09-30T17:35:30.706,290.235,0,875.25,27,,97.75,15.686,2.0,0.0,1.082,1.16,0.152,8330,14.51,12.157,12,,,,,,,,,,,0.781,,
2026-09-30T17:35:30.836,290.365,0,849.25,28,,97.625,16.863,1.5,0.0,1.016,1.047,0.031,7940,14.51,12.941,12,,,,,,,,,,,,18.039,
2026-09-30T17:35:30.966,290.495,0,841.0,31,,97.531,18.824,-0.5,0.0,0.969,1.007,-0.012,7490,14.51,12.941,11,,,,,,,,,,,,,318
2026-09-30T17:35:31.096,290.624,0,817.0,32,,97.531,19.216,-1.0,0.0,0.945,0.999,-0.023,7140,14.51,12.549,10,103,,,,,,,,,,,,
2026-09-30T17:35:31.227,290.756,0,799.25,34,,97.531,21.176,-2.5,0.0,0.928,0.991,-0.043,6810,14.51,12.549,9,,45,,,,,,,,,,,
2026-09-30T17:35:31.356,290.885,0,797.5,36,,97.531,22.353,-4.0,3.125,0.919,0.98,-0.07,6440,14.51,12.549,9,,,2.344,,,,,,,,,,
2026-09-30T17:35:31.486,291.014,0,810.25,36,,97.531,22.745,-5.0,3.906,0.913,0.979,-0.078,5910,14.51,12.549,8,,,,14.218,,,,,,,,,
2026-09-30T17:35:31.619,291.148,0,834.75,36,,97.531,22.353,-8.5,3.906,0.909,0.961,-0.117,5520,14.51,12.157,7,,,,,97,,,,,,,,
2026-09-30T17:35:31.746,291.275,0,854.5,34,,97.531,19.608,-6.5,3.125,0.907,0.937,-0.172,5040,14.51,12.157,7,,,,,,23,,,,,,,
2026-09-30T17:35:31.876,291.404,0,854.5,32,,97.531,18.824,-3.0,3.125,0.906,0.921,-0.211,4650,14.51,12.549,6,,,,,,,36.078,,,,,,
2026-09-30T17:35:32.006,291.535,0,844.75,31,,97.469,18.431,-2.5,2.344,0.905,0.912,-0.23,4470,14.51,12.549,5,,,,,,,,576.3,,,,,
2026-09-30T17:35:32.136,291.665,0,837.75,32,,97.469,19.608,-4.0,2.344,0.905,0.906,-0.246,4040,14.51,12.157,5,,,,,,,,,0.16,,,,
2026-09-30T17:35:32.267,291.795,0,831.0,32,,97.531,18.824,-4.0,2.344,0.905,0.906,-0.246,3730,14.51,12.549,4,,,,,,,,,,,0.781,,
2026-09-30T17:35:32.396,291.925,0,819.5,31,,97.406,19.216,-2.5,2.344,0.904,0.913,-0.227,3370,14.51,12.549,3,,,,,,,,,,,,20.784,
2026-09-30T17:35:32.527,292.055,0,808.5,32,,97.312,20.0,-3.0,3.125,0.903,0.922,-0.207,3410,14.51,12.549,3,,,,,,,,,,,,,319
2026-09-30T17:35:32.656,292.185,0,802.25,33,,97.25,20.784,13.5,3.906,0.902,0.927,-0.195,3650,14.51,14.118,3,103,,,,,,,,,,,,
2026-09-30T17:35:32.786,292.315,0,820.75,41,,97.219,28.627,-5.0,3.906,0.901,0.92,-0.211,3500,14.51,12.941,3,,45,,,,,,,,,,,
2026-09-30T17:35:32.916,292.445,0,881.5,40,,97.219,25.098,-11.0,3.906,0.9,0.913,-0.227,3680,14.51,12.549,3,,,2.344,,,,,,,,,,
2026-09-30T17:35:33.046,292.575,0,903.25,38,,97.25,20.784,-5.5,3.906,0.898,0.905,-0.246,3990,14.51,12.549,3,,,,14.218,,,,,,,,,
2026-09-30T17:35:33.177,292.706,0,902.0,33,,97.312,19.216,6.0,3.125,0.897,0.891,-0.289,4410,20.784,14.118,3,,,,,97,,,,,,,,
2026-09-30T17:35:33.307,292.836,0,905.0,33,,97.219,21.176,8.5,2.344,0.896,0.88,-0.32,4840,20.784,13.725,3,,,,,,23,,,,,,,
2026-09-30T17:35:33.436,292.965,0,936.75,39,,97.219,25.49,1.5,1.562,0.895,0.876,-0.332,4710,20.784,13.725,3,,,,,,,36.078,,,,,,
2026-09-30T17:35:33.566,293.095,0,986.25,40,,97.219,25.098,0.0,1.562,0.893,0.875,-0.332,4980,21.176,13.725,3,,,,,,,,572.8,,,,,
2026-09-30T17:35:33.696,293.225,0,1026.75,40,,97.219,24.314,0.5,1.562,0.891,0.868,-0.355,5390,21.176,13.725,4,,,,,,,,,0.19,,,,
2026-09-30T17:35:33.826,293.355,0,1041.25,40,,97.219,22.745,1.0,0.781,0.888,0.855,-0.395,6490,21.176,13.725,4,,,,,,,,,,,0.781,,
2026-09-30T17:35:33.956,293.485,0,1024.25,38,,97.219,22.353,0.5,0.0,0.886,0.854,-0.402,6380,21.176,13.333,4,,,,,,,,,,,,25.882,
2026-09-30T17:35:34.086,293.614,0,990.75,37,,97.219,23.137,-0.5,0.0,0.883,0.858,-0.387,6030,21.176,13.333,4,,,,,,,,,,,,,321
2026-09-30T17:35:34.216,293.745,0,972.25,37,,97.219,23.137,1.5,0.0,0.882,0.867,-0.359,5600,21.176,13.333,5,104,,,,,,,,,,,,
2026-09-30T17:35:34.346,293.875,0,984.25,37,,97.219,21.176,1.5,0.781,0.881,0.872,-0.344,5470,21.176,13.333,5,,45,,,,,,,,,,,
2026-09-30T17:35:34.477,294.005,0,1002.75,35,,97.219,21.176,2.0,0.781,0.881,0.881,-0.316,5290,21.569,13.333,5,,,1.562,,,,,,,,,,
2026-09-30T17:35:34.606,294.135,0,1016.75,34,,97.219,20.784,3.0,1.562,0.88,0.882,-0.312,4690,21.569,13.333,5,,,,14.179,,,,,,,,,
2026-09-30T17:35:34.737,294.266,0,1029.25,35,,97.219,20.392,2.5,0.781,0.88,0.875,-0.332,4510,21.569,13.333,5,,,,,97,,,,,,,,
2026-09-30T17:35:34.866,294.395,0,1038.75,34,,97.219,19.216,7.0,0.781,0.88,0.866,-0.363,4340,21.569,13.333,6,,,,,,23,,,,,,,
2026-09-30T17:35:34.996,294.524,0,1027.0,34,,97.219,19.216,8.0,0.0,0.88,0.862,-0.375,4420,21.569,13.333,6,,,,,,,36.078,,,,,,
2026-09-30T17:35:35.126,294.655,0,999.5,34,,97.219,20.0,6.0,0.0,0.88,0.872,-0.344,4500,21.961,13.725,6,,,,,,,,567.1,,,,,
2026-09-30T17:35:35.256,294.784,0,991.0,36,,97.219,22.745,5.0,0.781,0.88,0.881,-0.316,4790,21.961,13.725,6,,,,,,,,,0.21,,,,
2026-09-30T17:35:35.386,294.915,0,980.0,38,,97.219,23.922,-0.5,0.781,0.88,0.876,-0.328,5210,21.961,13.333,6,,,,,,,,,,,0.781,,
2026-09-30T17:35:35.516,295.045,0,974.0,39,,97.219,23.922,2.5,0.0,0.88,0.866,-0.363,5680,21.961,13.725,7,,,,,,,,,,,,26.275,
2026-09-30T17:35:35.646,295.175,0,972.0,38,,97.219,24.706,4.0,0.0,0.88,0.854,-0.398,6070,22.353,14.118,7,,,,,,,,,,,,,322
2026-09-30T17:35:35.776,295.304,0,970.5,41,,97.219,25.49,2.0,-0.781,0.88,0.854,-0.402,6670,22.745,14.118,7,104,,,,,,,,,,,,
2026-09-30T17:35:35.906,295.434,0,959.5,41,,97.219,25.882,3.5,-0.781,0.88,0.858,-0.387,7300,23.137,13.725,7,,45,,,,,,,,,,,
2026-09-30T17:35:36.036,295.565,0,932.25,43,,97.219,27.843,2.0,-0.781,0.879,0.863,-0.371,7940,23.922,14.51,8,,,1.562,,,,,,,,,,
2026-09-30T17:35:36.166,295.694,0,959.0,45,,97.219,29.02,8.5,-0.781,0.879,0.859,-0.383,8420,25.882,15.294,8,,,,14.296,,,,,,,,,
2026-09-30T17:35:36.296,295.824,0,984.25,48,,97.188,31.373,9.0,-0.781,0.879,0.863,-0.371,8910,26.667,15.686,8,,,,,97,,,,,,,,
2026-09-30T17:35:36.426,295.955,0,972.25,52,,97.219,33.725,5.5,-1.562,0.879,0.861,-0.379,9390,27.059,15.686,9,,,,,,23,,,,,,,
2026-09-30T17:35:36.556,296.085,0,991.25,56,,97.219,36.863,1.0,-1.562,0.88,0.863,-0.371,9880,27.059,15.686,9,,,,,,,36.078,,,,,,
2026-09-30T17:35:36.686,296.214,0,1020.75,56,,97.219,36.078,0.5,-1.562,0.88,0.856,-0.391,10280,27.059,15.294,9,,,,,,,,559.6,,,,,
2026-09-30T17:35:36.817,296.345,0,1052.0,55,,97.25,34.118,3.5,-2.344,0.881,0.856,-0.391,10890,27.451,15.686,10,,,,,,,,,0.23,,,,
2026-09-30T17:35:36.946,296.474,0,1064.0,54,,97.406,33.333,6.5,-2.344,0.88,0.867,-0.359,11490,28.235,16.078,10,,,,,,,,,,,0.781,,
2026-09-30T17:35:37.077,296.605,0,1070.75,56,,97.375,34.118,9.0,-1.562,0.88,0.88,-0.32,12290,28.627,16.078,11,,,,,,,,,,,,41.961,
2026-09-30T17:35:37.206,296.735,0,1064.75,57,,97.5,34.902,9.0,-0.781,0.88,0.887,-0.301,12990,29.02,16.471,11,,,,,,,,,,,,,324
2026-09-30T17:35:37.336,296.864,0,1068.75,58,,97.531,36.863,7.5,-0.781,0.88,0.89,-0.293,13420,29.412,16.863,11,104,,,,,,,,,,,,
2026-09-30T17:35:37.466,296.995,0,1093.5,62,,97.531,37.255,9.5,-0.781,0.88,0.888,-0.297,13930,30.196,17.255,12,,45,,,,,,,,,,,
2026-09-30T17:35:37.597,297.125,0,1117.25,64,,97.531,37.647,10.0,0.0,0.88,0.891,-0.289,14440,31.373,18.431,12,,,0.0,,,,,,,,,,
2026-09-30T17:35:37.727,297.255,0,1140.25,68,,97.531,39.216,10.5,0.0,0.88,0.895,-0.277,15000,32.157,20.0,13,,,,14.218,,,,,,,,,
2026-09-30T17:35:37.856,297.384,0,1168.5,81,,97.531,43.922,10.0,0.0,0.88,0.898,-0.266,15590,32.549,22.353,13,,,,,97,,,,,,,,
2026-09-30T17:35:37.986,297.515,0,1201.0,85,,97.781,44.314,9.5,0.781,0.871,0.897,-0.27,16010,32.549,22.353,14,,,,,,23,,,,,,,
2026-09-30T17:35:38.119,297.648,0,1234.5,88,,98.062,45.49,10.0,2.344,0.915,0.964,-0.109,16400,32.549,22.353,15,,,,,,,36.078,,,,,,
2026-09-30T17:35:38.246,297.774,0,1238.25,87,,98.875,43.922,10.0,3.125,0.976,1.005,-0.016,16680,32.157,21.961,16,,,,,,,,547.6,,,,,
2026-09-30T17:35:38.376,297.905,0,1245.0,87,,99.25,42.353,11.0,3.125,0.997,0.992,-0.039,16500,26.667,16.078,16,,,,,,,,,0.93,,,,
2026-09-30T17:35:38.507,298.035,0,1255.75,78,,99.25,32.157,12.0,1.562,1.008,0.996,-0.031,15680,26.667,15.686,17,,,,,,,,,,,0.781,,
2026-09-30T17:35:38.636,298.165,0,1242.75,66,,99.594,27.451,12.0,3.125,1.011,1.024,0.004,15170,27.059,16.078,17,,,,,,,,,,,,39.216,
2026-09-30T17:35:38.766,298.295,0,1299.75,54,,99.438,25.098,13.0,3.125,1.012,1.005,-0.016,14870,27.059,16.078,18,,,,,,,,,,,,,325
2026-09-30T17:35:38.897,298.425,0,1316.5,53,,99.188,24.314,13.5,0.781,1.014,0.982,-0.066,14240,27.451,16.078,18,104,,,,,,,,,,,,
2026-09-30T17:35:39.026,298.554,0,1350.5,53,,99.156,23.137,14.0,0.0,1.015,0.979,-0.074,13410,27.451,16.863,19,,44,,,,,,,,,,,
2026-09-30T17:35:39.157,298.685,0,1388.75,55,,98.688,23.137,14.0,-0.781,1.024,1.014,-0.008,12810,27.451,16.471,19,,,0.0,,,,,,,,,,
2026-09-30T17:35:39.286,298.815,0,1422.25,55,,98.781,22.353,14.0,0.0,1.028,1.026,0.008,12810,27.059,16.863,19,,,,14.238,,,,,,,,,
2026-09-30T17:35:39.417,298.945,0,1450.0,56,,98.5,21.961,14.5,-0.781,1.027,1.007,-0.012,12260,27.059,16.863,20,,,,,97,,,,,,,,
2026-09-30T17:35:39.546,299.074,0,1491.5,57,,98.5,19.608,15.0,-1.562,1.015,0.997,-0.027,11340,26.667,16.863,20,,,,,,23,,,,,,,
2026-09-30T17:35:39.676,299.204,0,1515.5,55,,98.5,18.824,15.0,0.0,1.007,1.021,0.0,11270,26.667,16.863,20,,,,,,,36.078,,,,,,
2026-09-30T17:35:39.806,299.335,0,1527.5,55,,98.5,18.431,15.0,0.0,1.004,1.011,-0.008,11000,23.922,16.078,21,,,,,,,,541.3,,,,,
2026-09-30T17:35:39.936,299.464,0,1547.25,55,,99.25,14.902,15.5,-0.781,1.003,0.991,-0.043,10460,23.137,14.51,21,,,,,,,,,0.875,,,,
2026-09-30T17:35:40.067,299.595,0,1555.75,40,,99.469,12.941,15.0,-0.781,1.003,0.995,-0.031,10060,23.529,15.294,21,,,,,,,,,,,0.781,,
2026-09-30T17:35:40.196,299.724,0,1584.5,39,,99.312,12.941,15.0,0.0,1.002,1.006,-0.016,9770,23.137,15.294,22,,,,,,,,,,,,24.706,
2026-09-30T17:35:40.326,299.854,0,1598.0,37,,99.312,11.765,15.5,0.0,1.002,0.996,-0.031,9180,22.353,14.51,22,,,,,,,,,,,,,327
2026-09-30T17:35:40.456,299.984,0,1598.75,33,,99.156,10.196,15.5,-0.781,1.002,0.999,-0.023,8450,23.137,14.902,22,104,,,,,,,,,,,,
2026-09-30T17:35:40.586,300.115,0,1613.0,32,,98.938,10.196,15.5,0.781,1.002,1.044,0.027,8210,25.098,16.078,22,,43,,,,,,,,,,,
2026-09-30T17:35:40.717,300.245,0,1636.75,37,,98.812,12.157,15.5,2.344,1.002,1.042,0.023,7560,25.49,16.863,22,,,0.0,,,,,,,,,,
2026-09-30T17:35:40.846,300.374,0,1657.5,41,,98.5,14.51,15.5,0.781,1.002,0.991,-0.043,7900,26.667,17.647,23,,,,14.257,,,,,,,,,
2026-09-30T17:35:40.976,300.505,0,1673.75,53,,98.438,15.686,16.0,0.0,1.002,0.979,-0.074,8770,26.667,17.255,23,,,,,97,,,,,,,,
2026-09-30T17:35:41.106,300.634,0,1688.75,53,,98.5,15.294,16.0,0.0,1.002,1.002,-0.02,9710,26.667,17.647,23,,,,,,23,,,,,,,
2026-09-30T17:35:41.236,300.765,0,1719.0,55,,98.5,15.686,16.5,0.0,1.002,0.998,-0.023,10790,26.667,17.647,23,,,,,,,36.078,,,,,,
2026-09-30T17:35:41.367,300.895,0,1743.75,56,,98.812,15.686,16.5,0.0,1.002,0.993,-0.039,11220,26.667,17.647,24,,,,,,,,538.8,,,,,
2026-09-30T17:35:41.496,301.025,0,1765.0,56,,98.812,15.686,16.5,0.0,1.002,0.989,-0.047,11160,25.882,17.255,24,,,,,,,,,0.855,,,,
2026-09-30T17:35:41.626,301.155,0,1789.75,57,,98.812,15.686,17.0,0.0,1.002,0.989,-0.047,10990,26.275,17.647,24,,,,,,,,,,,0.781,,
2026-09-30T17:35:41.756,301.285,0,1809.5,54,,99.156,14.51,17.0,0.0,1.002,0.998,-0.027,10340,25.098,16.863,25,,,,,,,,,,,,32.549,
2026-09-30T17:35:41.886,301.415,0,1833.0,54,,99.281,14.118,17.0,0.0,1.002,0.996,-0.031,10080,25.49,17.255,25,,,,,,,,,,,,,329
2026-09-30T17:35:42.016,301.545,0,1852.0,49,,99.469,13.333,17.5,0.0,1.002,1.006,-0.016,9470,25.098,17.255,25,104,,,,,,,,,,,,
2026-09-30T17:35:42.146,301.675,0,1876.0,50,,99.469,13.333,18.0,0.0,1.002,0.993,-0.039,9400,25.098,16.863,26,,43,,,,,,,,,,,
2026-09-30T17:35:42.276,301.804,0,1875.25,47,,99.469,12.941,18.0,-0.781,1.002,0.992,-0.039,8810,25.098,17.255,26,,,0.0,,,,,,,,,,
2026-09-30T17:35:42.407,301.935,0,1907.0,47,,99.438,13.333,18.5,0.0,1.002,0.996,-0.027,9130,25.098,17.255,26,,,,14.277,,,,,,,,,
2026-09-30T17:35:42.536,302.064,0,1900.25,47,,99.469,13.333,18.5,-1.562,1.002,0.983,-0.062,9340,23.922,16.471,26,,,,,97,,,,,,,,
2026-09-30T17:35:42.666,302.194,0,1870.75,45,,99.469,12.941,-7.5,-1.562,1.002,0.992,-0.039,8930,14.51,13.725,26,,,,,,23,,,,,,,
2026-09-30T17:35:42.796,302.325,0,1665.25,36,,99.812,0.0,-3.0,-0.781,1.002,1.012,-0.008,8390,14.51,12.549,26,,,,,,,36.078,,,,,,
2026-09-30T17:35:42.926,302.455,0,1533.5,28,,99.812,0.0,-1.5,0.0,1.002,1.032,0.012,7820,18.039,12.549,27,,,,,,,,536.5,,,,,
2026-09-30T17:35:43.057,302.585,0,1434.75,21,,99.469,7.059,-0.5,0.0,1.002,1.001,-0.02,8310,22.353,14.118,27,,,,,,,,,0.845,,,,
2026-09-30T17:35:43.186,302.715,0,1326.75,28,,99.438,11.765,16.5,0.0,1.008,1.061,0.047,8280,15.294,12.157,27,,,,,,,,,,,0.781,,
2026-09-30T17:35:43.316,302.845,0,1316.0,30,,99.219,12.549,20.5,0.0,0.983,1.029,0.012,7890,14.51,12.157,27,,,,,,,,,,,,14.51,
2026-09-30T17:35:43.446,302.975,0,1279.5,25,,98.906,0.0,26.0,0.0,0.956,0.952,-0.137,7390,14.51,12.157,27,,,,,,,,,,,,,330
2026-09-30T17:35:43.577,303.105,0,1221.5,23,,98.875,0.0,16.5,0.0,0.919,0.899,-0.262,7070,14.51,12.157,27,104,,,,,,,,,,,,
2026-09-30T17:35:43.706,303.234,0,1224.25,23,,98.812,0.0,11.5,0.0,0.931,0.928,-0.191,6760,14.51,12.157,27,,43,,,,,,,,,,,
2026-09-30T17:35:43.836,303.364,0,1251.75,23,,98.812,0.0,9.0,0.0,0.959,0.961,-0.117,6380,14.51,12.157,27,,,4.688,,,,,,,,,,
2026-09-30T17:35:43.966,303.494,0,1239.5,22,,98.5,0.0,4.0,0.0,0.982,0.98,-0.07,6070,14.51,12.549,27,,,,14.296,,,,,,,,,
2026-09-30T17:35:44.097,303.625,0,1246.5,22,,98.5,0.0,-0.5,0.0,0.992,0.987,-0.051,5770,14.902,12.549,27,,,,,97,,,,,,,,
2026-09-30T17:35:44.226,303.754,0,1254.0,22,,98.5,0.0,-4.0,0.0,0.997,0.989,-0.047,5370,14.902,12.549,27,,,,,,23,,,,,,,
2026-09-30T17:35:44.356,303.884,0,1238.0,22,,98.188,0.0,-5.5,0.0,1.0,0.98,-0.07,5550,15.294,12.549,27,,,,,,,36.078,,,,,,
2026-09-30T17:35:44.486,304.015,0,1238.75,22,,98.188,0.0,-5.5,0.0,1.001,1.061,0.047,6650,15.686,12.549,27,,,,,,,,536.5,,,,,
2026-09-30T17:35:44.620,304.148,0,1217.75,23,,98.188,0.0,-5.5,0.0,0.999,1.302,0.289,7810,15.686,12.549,27,,,,,,,,,0.845,,,,
2026-09-30T17:35:44.746,304.274,0,1213.75,24,,98.156,0.0,-6.0,0.0,0.998,1.748,0.574,8980,15.686,12.157,27,,,,,,,,,,,0.781,,
2026-09-30T17:35:44.876,304.405,0,1210.0,25,,98.156,0.0,-6.0,0.0,1.023,2.0,0.777,9410,18.039,12.157,27,,,,,,,,,,,,13.725,
2026-09-30T17:35:45.006,304.535,0,1213.75,25,,98.156,0.0,-6.0,0.0,1.085,2.0,0.93,9420,20.0,12.157,26,,,,,,,,,,,,,332
2026-09-30T17:35:45.146,304.675,0,1228.5,25,,98.156,10.196,12.0,0.0,1.18,2.0,1.02,9440,20.0,12.157,26,104,,,,,,,,,,,,
2026-09-30T17:35:45.276,304.804,0,1248.25,23,,98.094,9.412,15.5,0.0,1.196,1.788,0.59,9090,20.0,12.157,27,,43,,,,,,,,,,,
2026-09-30T17:35:45.406,304.935,0,1204.0,23,,97.938,9.412,17.0,0.0,1.095,1.175,0.168,8990,20.0,12.157,27,,,3.906,,,,,,,,,,
2026-09-30T17:35:45.536,305.065,0,1238.75,23,,97.875,9.02,16.5,0.0,1.012,1.025,0.004,8720,17.255,12.157,27,,,,14.218,,,,,,,,,
2026-09-30T17:35:45.666,305.194,0,1230.5,22,,97.875,0.0,10.5,0.0,0.959,0.974,-0.09,8280,14.51,12.157,27,,,,,97,,,,,,,,
2026-09-30T17:35:45.796,305.325,0,1227.5,22,,97.875,0.0,5.5,0.0,0.921,0.959,-0.121,7950,14.51,12.157,27,,,,,,23,,,,,,,
2026-09-30T17:35:45.926,305.454,0,1229.25,22,,97.875,0.0,1.0,0.0,0.937,0.979,-0.074,7630,17.647,12.157,27,,,,,,,36.078,,,,,,
2026-09-30T17:35:46.056,305.584,0,1232.75,22,,97.875,0.0,-1.5,0.0,0.963,1.005,-0.016,7250,17.255,12.549,27,,,,,,,,537.0,,,,,
2026-09-30T17:35:46.186,305.714,0,1216.75,22,,97.875,0.0,-6.0,0.0,0.984,1.046,0.027,7210,14.902,12.157,27,,,,,,,,,0.835,,,,
2026-09-30T17:35:46.316,305.845,0,1196.75,23,,97.812,0.0,-6.0,0.0,0.992,1.203,0.199,8350,15.686,12.157,27,,,,,,,,,,,0.781,,
2026-09-30T17:35:46.446,305.974,0,1201.0,23,,97.719,0.0,-6.0,0.0,0.997,1.417,0.379,8960,14.51,12.157,26,,,,,,,,,,,,12.549,
2026-09-30T17:35:46.576,306.105,0,1208.25,23,,97.844,0.0,-6.0,0.0,0.994,1.801,0.598,9170,14.51,12.157,26,,,,,,,,,,,,,333
2026-09-30T17:35:46.706,306.234,0,1213.25,24,,97.812,0.0,-6.0,0.0,1.015,2.0,0.793,9330,14.51,12.157,26,104,,,,,,,,,,,,
2026-09-30T17:35:46.837,306.365,0,1208.5,24,,97.812,0.0,-6.0,0.0,1.064,2.0,0.941,9420,14.51,12.157,26,,44,,,,,,,,,,,
2026-09-30T17:35:46.966,306.494,0,1201.25,25,,97.844,0.0,-6.0,0.0,1.133,2.0,1.031,9420,16.471,12.157,26,,,4.688,,,,,,,,,,
2026-09-30T17:35:47.096,306.625,0,1197.5,25,,97.844,0.0,-6.0,0.0,1.182,2.0,1.109,9400,18.824,12.157,26,,,,14.316,,,,,,,,,
2026-09-30T17:35:47.226,306.755,0,1189.0,25,,97.875,0.0,-1.5,0.0,1.211,2.0,1.152,9540,20.784,12.157,26,,,,,97,,,,,,,,
2026-09-30T17:35:47.356,306.884,0,1225.25,23,,97.844,9.804,27.0,0.0,1.354,2.0,1.035,9720,20.784,12.549,26,,,,,,23,,,,,,,
2026-09-30T17:35:47.487,307.015,0,1207.75,23,,97.812,10.196,25.5,0.0,1.286,1.729,0.562,9360,20.784,12.549,26,,,,,,,36.078,,,,,,
2026-09-30T17:35:47.619,307.148,0,1189.25,24,,97.812,10.196,17.5,0.0,1.146,1.188,0.184,8920,14.51,12.157,26,,,,,,,,538.0,,,,,
2026-09-30T17:35:47.746,307.275,0,1204.5,23,,97.625,0.0,15.5,0.0,1.025,0.979,-0.074,8650,14.51,12.157,26,,,,,,,,,0.165,,,,
2026-09-30T17:35:47.876,307.404,0,1208.25,22,,97.688,0.0,8.5,0.0,0.968,0.945,-0.152,8150,14.51,12.157,26,,,,,,,,,,,0.781,,
2026-09-30T17:35:48.007,307.535,0,1209.0,23,,97.656,0.0,5.5,0.0,0.934,0.924,-0.203,7740,14.51,12.157,26,,,,,,,,,,,,13.333,
2026-09-30T17:35:48.136,307.664,0,1209.75,23,,97.656,0.0,1.5,-0.781,0.92,0.887,-0.301,7340,14.51,12.157,26,,,,,,,,,,,,,335
2026-09-30T17:35:48.266,307.794,0,1197.75,23,,97.562,0.0,-4.0,0.0,0.904,0.891,-0.289,6990,14.51,12.157,25,104,,,,,,,,,,,,
2026-09-30T17:35:48.396,307.924,0,1164.0,23,,97.531,0.0,-7.0,0.0,0.898,0.888,-0.297,6800,14.51,12.157,25,,44,,,,,,,,,,,
2026-09-30T17:35:48.527,308.055,0,1127.0,22,,97.562,0.0,-7.5,0.0,0.949,0.941,-0.16,7470,14.51,12.157,24,,,6.25,,,,,,,,,,
2026-09-30T17:35:48.656,308.185,0,1077.25,23,,97.531,0.0,-8.5,0.0,0.977,1.212,0.207,8800,14.51,12.157,23,,,,14.238,,,,,,,,,
2026-09-30T17:35:48.786,308.314,0,1035.5,25,,97.531,0.0,-9.5,0.0,0.98,1.312,0.297,9580,14.51,11.765,22,,,,,97,,,,,,,,
2026-09-30T17:35:48.917,308.446,0,990.25,24,,97.531,0.0,-10.0,0.0,0.999,1.728,0.562,9640,14.51,12.157,21,,,,,,23,,,,,,,
2026-09-30T17:35:49.046,308.574,0,958.5,24,,97.531,0.0,-10.0,0.0,1.016,2.0,0.691,9550,14.51,12.157,20,,,,,,,36.078,,,,,,
2026-09-30T17:35:49.176,308.704,0,933.75,27,,97.531,15.294,2.0,0.0,1.017,2.0,0.723,9240,14.51,11.765,20,,,,,,,,538.5,,,,,
2026-09-30T17:35:49.306,308.834,0,925.75,27,,97.531,14.51,-2.0,0.0,1.01,1.873,0.629,8830,14.51,11.373,19,,,,,,,,,0.165,,,,
2026-09-30T17:35:49.436,308.965,0,976.75,27,,97.531,12.157,-10.0,0.0,1.017,1.599,0.496,8450,14.51,11.765,18,,,,,,,,,,,0.781,,
2026-09-30T17:35:49.566,309.094,0,976.0,22,,97.531,12.157,-10.0,0.0,0.998,1.233,0.227,8140,14.51,11.765,18,,,,,,,,,,,,13.725,
2026-09-30T17:35:49.696,309.225,0,933.0,23,,97.531,12.157,-5.5,0.0,0.973,1.059,0.043,7800,14.51,11.373,17,,,,,,,,,,,,,336
2026-09-30T17:35:49.826,309.355,0,880.25,23,,97.531,11.373,5.0,0.0,0.948,0.973,-0.09,7500,14.51,12.157,17,104,,,,,,,,,,,,
2026-09-30T17:35:49.957,309.485,0,851.5,25,,97.5,14.118,4.0,0.0,0.933,0.93,-0.188,7230,14.51,12.157,16,,44,,,,,,,,,,,
2026-09-30T17:35:50.086,309.615,0,823.5,27,,97.469,15.686,0.5,0.0,0.922,0.92,-0.211,6870,14.51,12.157,16,,,3.906,,,,,,,,,,
2026-09-30T17:35:50.217,309.746,0,810.5,28,,97.375,16.863,0.5,0.0,0.916,0.919,-0.215,6470,14.51,12.157,15,,,,14.277,,,,,,,,,
2026-09-30T17:35:50.346,309.875,0,811.5,29,,97.344,17.255,-2.0,0.0,0.912,0.922,-0.207,6150,14.51,12.157,14,,,,,97,,,,,,,,
2026-09-30T17:35:50.477,310.005,0,808.0,29,,97.375,17.647,-3.0,0.781,0.909,0.92,-0.211,5740,14.51,12.157,14,,,,,,23,,,,,,,
2026-09-30T17:35:50.606,310.135,0,801.5,29,,97.281,17.647,-1.0,0.0,0.907,0.905,-0.25,5440,14.51,12.157,13,,,,,,,36.078,,,,,,
2026-09-30T17:35:50.736,310.264,0,796.25,29,,97.281,17.255,0.5,0.0,0.905,0.896,-0.273,5140,14.51,12.157,13,,,,,,,,537.4,,,,,
2026-09-30T17:35:50.866,310.394,0,794.75,29,,97.219,17.255,1.5,0.0,0.903,0.893,-0.281,4760,14.51,12.157,12,,,,,,,,,0.18,,,,
2026-09-30T17:35:50.996,310.524,0,789.25,29,,97.25,17.255,2.5,0.0,0.902,0.893,-0.281,4470,14.51,12.157,12,,,,,,,,,,,0.781,,
2026-09-30T17:35:51.126,310.654,0,784.75,30,,97.219,18.039,-0.5,0.0,0.9,0.894,-0.281,4060,14.51,12.157,12,,,,,,,,,,,,18.824,
2026-09-30T17:35:51.256,310.784,0,783.25,30,,97.219,18.039,0.5,0.0,0.899,0.895,-0.277,3770,14.51,12.157,11,,,,,,,,,,,,,338
2026-09-30T17:35:51.387,310.915,0,784.5,30,,97.219,18.039,0.5,0.0,0.897,0.893,-0.281,3470,14.51,12.157,11,104,,,,,,,,,,,,
2026-09-30T17:35:51.516,311.045,0,784.25,30,,97.219,18.039,4.0,0.0,0.895,0.892,-0.285,3090,14.51,12.549,10,,44,,,,,,,,,,,
2026-09-30T17:35:51.646,311.175,0,772.75,30,,97.219,19.608,5.0,0.0,0.893,0.897,-0.27,2790,14.51,12.941,9,,,3.125,,,,,,,,,,
2026-09-30T17:35:51.777,311.305,0,758.5,34,,97.219,21.961,3.0,0.781,0.891,0.902,-0.254,2750,14.51,12.549,9,,,,14.296,,,,,,,,,
2026-09-30T17:35:51.906,311.434,0,781.25,36,,97.219,22.353,-4.5,0.781,0.889,0.909,-0.238,2770,14.51,12.157,8,,,,,97,,,,,,,,
2026-09-30T17:35:52.037,311.565,0,808.25,35,,97.219,20.784,-9.0,1.562,0.887,0.911,-0.234,2610,14.51,12.157,7,,,,,,23,,,,,,,
2026-09-30T17:35:52.166,311.695,0,827.75,32,,97.219,18.824,-4.5,1.562,0.885,0.905,-0.25,2440,14.51,12.157,6,,,,,,,36.078,,,,,,
2026-09-30T17:35:52.296,311.824,0,830.5,31,,97.219,18.431,-2.5,1.562,0.883,0.899,-0.262,2550,14.51,12.549,5,,,,,,,,535.5,,,,,
2026-09-30T17:35:52.426,311.954,0,828.5,31,,97.219,18.431,-4.0,1.562,0.882,0.896,-0.27,2590,14.51,12.549,4,,,,,,,,,0.225,,,,
2026-09-30T17:35:52.556,312.084,0,828.25,31,,97.219,19.216,-8.5,1.562,0.882,0.894,-0.277,2620,14.51,11.765,4,,,,,,,,,,,0.781,,
2026-09-30T17:35:52.686,312.214,0,808.25,30,,97.219,18.039,-2.5,1.562,0.881,0.895,-0.277,2600,14.51,12.157,3,,,,,,,,,,,,19.216,
2026-09-30T17:35:52.817,312.345,0,794.25,30,,97.219,18.431,-2.5,1.562,0.881,0.895,-0.277,2610,14.51,12.157,2,,,,,,,,,,,,,339
2026-09-30T17:35:52.946,312.475,0,783.75,31,,97.219,18.431,2.0,1.562,0.881,0.893,-0.281,2620,14.51,12.549,2,104,,,,,,,,,,,,
2026-09-30T17:35:53.076,312.605,0,786.0,31,,97.219,19.216,-2.0,1.562,0.881,0.892,-0.285,2650,14.51,12.157,1,,45,,,,,,,,,,,
2026-09-30T17:35:53.206,312.735,0,795.75,31,,97.219,18.431,-2.5,2.344,0.881,0.892,-0.285,2670,14.51,12.157,1,,,3.125,,,,,,,,,,
2026-09-30T17:35:53.336,312.864,0,797.0,30,,97.219,18.431,-1.0,2.344,0.881,0.89,-0.293,2690,14.51,12.157,0,,,,14.277,,,,,,,,,
2026-09-30T17:35:53.466,312.995,0,796.75,30,,97.219,18.039,-1.5,2.344,0.881,0.888,-0.297,2750,14.51,12.157,0,,,,,97,,,,,,,,
2026-09-30T17:35:53.596,313.124,0,794.5,30,,97.219,18.039,-0.5,1.562,0.881,0.883,-0.309,2810,14.51,12.157,0,,,,,,23,,,,,,,
2026-09-30T17:35:53.726,313.254,0,793.75,30,,97.219,18.039,-1.0,1.562,0.881,0.88,-0.32,2950,14.51,12.157,0,,,,,,,36.078,,,,,,
2026-09-30T17:35:53.856,313.384,0,794.0,30,,97.219,18.039,-1.0,1.562,0.881,0.877,-0.328,3090,14.51,12.157,0,,,,,,,,533.6,,,,,
2026-09-30T17:35:53.986,313.514,0,796.0,30,,97.219,18.039,-1.0,1.562,0.881,0.873,-0.34,3260,14.51,12.157,0,,,,,,,,,0.235,,,,
2026-09-30T17:35:54.120,313.649,0,793.25,30,,97.219,18.039,-1.0,1.562,0.881,0.873,-0.34,3380,14.51,10.588,0,,,,,,,,,,,0.781,,
2026-09-30T17:35:54.246,313.774,0,791.25,30,,97.219,11.765,-11.0,0.0,0.874,0.875,-0.336,3580,14.51,10.196,0,,,,,,,,,,,,8.627,
2026-09-30T17:35:54.376,313.904,0,708.25,22,,97.219,8.235,-10.5,0.0,0.879,0.945,-0.152,4020,14.51,10.196,0,,,,,,,,,,,,,341
2026-09-30T17:35:54.506,314.034,0,542.25,21,,97.219,8.235,-11.5,0.0,0.91,1.089,0.078,4100,14.51,10.196,0,104,,,,,,,,,,,,
2026-09-30T17:35:54.636,314.164,0,409.5,22,,97.219,11.373,-11.5,0.0,0.93,1.176,0.172,4420,14.51,15.294,0,,45,,,,,,,,,,,
2026-09-30T17:35:54.766,314.294,0,322.5,24,,97.219,13.725,9.0,0.0,0.932,1.208,0.203,4540,14.51,16.863,0,,,9.375,,,,,,,,,,
2026-09-30T17:35:54.896,314.424,0,184.0,29,,96.938,35.294,6.5,0.0,0.932,1.213,0.207,4820,14.51,16.078,0,,,,11.757,,,,,,,,,
2026-09-30T17:35:55.026,314.554,0,184.0,58,,96.812,74.118,6.5,0.0,0.932,1.246,0.238,6190,14.51,15.686,0,,,,,97,,,,,,,,
2026-09-30T17:35:55.156,314.685,0,346.75,90,,97.062,63.529,7.0,0.0,0.932,1.387,0.355,7490,14.51,14.118,0,,,,,,23,,,,,,,
2026-09-30T17:35:55.286,314.814,0,946.25,79,,97.0,50.588,-12.0,0.0,0.948,1.075,0.062,7750,14.51,11.765,0,,,,,,,36.078,,,,,,
2026-09-30T17:35:55.417,314.945,0,1206.5,57,,97.375,28.235,-11.5,0.0,0.968,0.917,-0.219,9470,14.51,11.373,0,,,,,,,,531.8,,,,,
2026-09-30T17:35:55.546,315.074,0,1278.0,40,,97.531,11.765,-4.5,0.0,0.934,0.862,-0.371,9160,14.51,12.157,0,,,,,,,,,0.25,,,,
2026-09-30T17:35:55.676,315.204,0,1276.75,26,,97.531,9.804,-5.0,0.0,0.911,0.853,-0.406,8580,14.51,12.157,0,,,,,,,,,,,0.781,,
2026-09-30T17:35:55.806,315.334,0,1219.5,24,,97.531,8.235,-6.0,0.0,0.896,0.85,-0.414,8210,14.51,11.765,0,,,,,,,,,,,,12.157,
2026-09-30T17:35:55.936,315.464,0,1125.75,24,,97.531,9.412,-4.0,0.0,0.89,0.865,-0.363,7880,14.51,11.765,0,,,,,,,,,,,,,343
2026-09-30T17:35:56.066,315.595,0,1040.5,23,,97.531,10.196,11.0,0.0,0.886,0.898,-0.266,7580,14.51,13.725,0,105,,,,,,,,,,,,
2026-09-30T17:35:56.196,315.724,0,945.75,28,,97.5,15.686,3.5,2.344,0.884,0.933,-0.184,7130,14.51,13.725,0,,45,,,,,,,,,,,
2026-09-30T17:35:56.326,315.854,0,866.5,36,,97.375,21.176,9.0,3.125,0.883,0.937,-0.172,6540,14.51,13.725,0,,,1.562,,,,,,,,,,
2026-09-30T17:35:56.456,315.984,0,844.5,44,,97.531,26.667,-2.5,3.906,0.882,0.928,-0.195,6050,14.51,12.941,1,,,,13.359,,,,,,,,,
2026-09-30T17:35:56.586,316.114,0,850.0,42,,97.469,24.706,-6.5,3.125,0.881,0.905,-0.246,5810,14.51,12.549,1,,,,,97,,,,,,,,
2026-09-30T17:35:56.717,316.245,0,843.25,40,,97.5,24.314,-5.0,2.344,0.881,0.89,-0.289,5740,14.51,12.549,1,,,,,,23,,,,,,,
2026-09-30T17:35:56.846,316.375,0,834.25,38,,97.531,23.137,-4.0,1.562,0.88,0.877,-0.328,5520,14.51,12.549,1,,,,,,,36.078,,,,,,
2026-09-30T17:35:56.976,316.504,0,826.25,36,,97.375,22.745,-0.5,0.781,0.88,0.871,-0.344,4980,14.51,12.549,1,,,,,,,,528.9,,,,,
2026-09-30T17:35:57.106,316.634,0,824.5,36,,97.375,22.745,-2.0,0.781,0.88,0.872,-0.344,4630,14.51,12.549,1,,,,,,,,,0.25,,,,
2026-09-30T17:35:57.236,316.765,0,826.5,36,,97.375,21.961,-0.5,1.562,0.88,0.876,-0.332,4350,14.51,12.549,1,,,,,,,,,,,0.781,,
2026-09-30T17:35:57.367,316.895,0,828.25,35,,97.281,21.569,-0.5,1.562,0.88,0.874,-0.336,4320,14.51,12.549,1,,,,,,,,,,,,22.745,
2026-09-30T17:35:57.496,317.024,0,828.0,35,,97.219,21.569,-1.0,0.781,0.88,0.872,-0.344,4280,14.51,12.549,1,,,,,,,,,,,,,344
2026-09-30T17:35:57.626,317.154,0,822.75,34,,97.281,21.569,0.5,0.781,0.88,0.872,-0.344,3940,14.51,12.941,1,105,,,,,,,,,,,,
2026-09-30T17:35:57.756,317.285,0,814.5,35,,97.219,22.745,3.5,0.781,0.88,0.87,-0.348,3770,14.51,12.941,1,,45,,,,,,,,,,,
2026-09-30T17:35:57.886,317.414,0,805.5,37,,97.219,23.922,5.5,0.781,0.881,0.877,-0.328,4030,14.51,13.333,1,,,2.344,,,,,,,,,,
2026-09-30T17:35:58.017,317.546,0,796.25,38,,97.219,24.314,4.0,1.562,0.881,0.885,-0.305,4800,14.51,13.333,1,,,,14.375,,,,,,,,,
2026-09-30T17:35:58.146,317.674,0,793.25,39,,97.219,25.882,3.5,1.562,0.88,0.887,-0.301,5560,14.51,13.333,1,,,,,97,,,,,,,,
2026-09-30T17:35:58.276,317.804,0,796.5,41,,97.219,26.667,9.5,1.562,0.88,0.879,-0.324,5770,14.51,14.118,1,,,,,,23,,,,,,,
2026-09-30T17:35:58.406,317.935,0,815.5,43,,97.188,30.196,-0.5,0.781,0.88,0.87,-0.348,6070,14.51,13.333,0,,,,,,,36.078,,,,,,
2026-09-30T17:35:58.536,318.064,0,843.75,46,,97.219,28.627,-4.0,0.781,0.88,0.867,-0.359,6570,14.51,13.333,0,,,,,,,,525.0,,,,,
2026-09-30T17:35:58.666,318.195,0,858.0,44,,97.219,28.235,-5.5,0.781,0.88,0.865,-0.367,7280,14.51,13.333,1,,,,,,,,,0.26,,,,
2026-09-30T17:35:58.796,318.324,0,858.5,43,,97.219,27.059,-4.0,0.0,0.879,0.861,-0.379,7900,14.51,13.333,1,,,,,,,,,,,0.781,,
2026-09-30T17:35:58.927,318.455,0,865.25,42,,97.219,27.059,-6.0,0.0,0.879,0.856,-0.391,7860,14.51,13.333,1,,,,,,,,,,,,29.02,
2026-09-30T17:35:59.056,318.584,0,872.75,42,,97.219,27.059,-7.0,0.0,0.879,0.865,-0.367,7740,14.51,13.333,1,,,,,,,,,,,,,346
2026-09-30T17:35:59.186,318.715,0,880.5,42,,97.219,26.275,-6.0,0.0,0.879,0.874,-0.34,7300,14.51,13.333,1,105,,,,,,,,,,,,
2026-09-30T17:35:59.317,318.846,0,883.25,40,,97.219,25.49,-5.5,0.0,0.879,0.877,-0.328,6820,14.51,12.941,1,,45,,,,,,,,,,,
2026-09-30T17:35:59.446,318.974,0,883.25,40,,97.219,23.922,-5.5,0.781,0.879,0.878,-0.324,6690,14.51,12.941,1,,,2.344,,,,,,,,,,
2026-09-30T17:35:59.576,319.105,0,879.25,39,,97.219,23.922,-5.0,0.781,0.879,0.88,-0.32,6580,14.51,12.941,2,,,,14.55,,,,,,,,,
2026-09-30T17:35:59.706,319.234,0,877.0,38,,97.219,23.922,-5.5,0.781,0.88,0.881,-0.316,6000,14.51,12.941,2,,,,,97,,,,,,,,
2026-09-30T17:35:59.836,319.365,0,877.0,38,,97.219,23.137,-4.0,0.781,0.88,0.882,-0.312,5440,14.51,13.333,2,,,,,,23,,,,,,,
2026-09-30T17:35:59.966,319.495,0,877.75,38,,97.219,23.529,-4.0,0.781,0.88,0.88,-0.32,5150,14.51,12.941,2,,,,,,,36.078,,,,,,
2026-09-30T17:36:00.096,319.624,0,878.25,38,,97.219,23.137,-5.0,0.781,0.88,0.883,-0.312,5110,14.51,12.941,2,,,,,,,,520.3,,,,,
2026-09-30T17:36:00.226,319.754,0,880.25,36,,97.219,21.961,-6.0,0.781,0.88,0.879,-0.32,5080,14.51,12.549,2,,,,,,,,,0.27,,,,
2026-09-30T17:36:00.356,319.884,0,875.75,35,,97.219,21.569,-3.5,0.781,0.881,0.876,-0.332,4830,14.51,12.941,2,,,,,,,,,,,0.781,,
2026-09-30T17:36:00.486,320.015,0,870.25,36,,97.219,22.745,-5.0,0.0,0.883,0.874,-0.336,4510,14.51,12.941,2,,,,,,,,,,,,23.529,
2026-09-30T17:36:00.620,320.149,0,870.5,36,,97.219,21.961,-4.0,0.0,0.884,0.874,-0.336,4360,14.51,12.549,2,,,,,,,,,,,,,347
2026-09-30T17:36:00.746,320.274,0,868.75,36,,97.219,20.784,-3.0,0.0,0.886,0.874,-0.336,4420,14.51,12.941,2,105,,,,,,,,,,,,
2026-09-30T17:36:00.876,320.404,0,862.25,36,,97.219,21.569,-4.0,0.0,0.888,0.879,-0.324,4460,14.51,12.941,2,,45,,,,,,,,,,,
2026-09-30T17:36:01.006,320.535,0,852.75,35,,97.219,21.569,-2.0,0.0,0.89,0.881,-0.316,4350,14.51,12.941,2,,,2.344,,,,,,,,,,
2026-09-30T17:36:01.136,320.664,0,842.75,36,,97.219,22.353,0.0,0.0,0.897,0.888,-0.297,4510,14.51,13.333,2,,,,14.433,,,,,,,,,
2026-09-30T17:36:01.266,320.794,0,831.75,37,,97.219,24.314,-0.5,0.781,0.887,0.896,-0.273,4770,14.51,12.941,3,,,,,97,,,,,,,,
2026-09-30T17:36:01.396,320.924,0,827.25,37,,97.219,23.529,1.0,0.781,0.909,0.917,-0.219,5130,14.51,12.941,3,,,,,,23,,,,,,,
2026-09-30T17:36:01.526,321.054,0,825.75,38,,97.219,24.706,-1.0,0.0,0.945,0.943,-0.156,5430,14.51,12.941,3,,,,,,,36.078,,,,,,
2026-09-30T17:36:01.656,321.185,0,823.75,38,,97.219,24.314,0.5,0.0,0.968,0.967,-0.105,5740,14.51,13.333,3,,,,,,,,517.4,,,,,
2026-09-30T17:36:01.787,321.315,0,821.5,40,,97.219,25.49,-1.0,0.0,0.984,0.975,-0.086,5970,14.51,13.333,3,,,,,,,,,0.89,,,,
2026-09-30T17:36:01.917,321.446,0,821.5,40,,97.219,25.49,-1.0,0.0,0.992,0.981,-0.066,6280,14.51,13.333,3,,,,,,,,,,,0.781,,
2026-09-30T17:36:02.046,321.574,0,823.75,40,,97.219,25.882,-1.5,0.0,0.997,0.983,-0.062,6480,14.51,12.941,3,,,,,,,,,,,,26.275,
2026-09-30T17:36:02.176,321.704,0,830.0,40,,97.219,24.706,-2.0,0.0,1.0,0.986,-0.055,6490,14.51,12.941,3,,,,,,,,,,,,,349
2026-09-30T17:36:02.306,321.835,0,843.0,39,,97.219,24.314,-2.5,0.0,1.001,0.985,-0.059,6280,14.51,12.941,3,105,,,,,,,,,,,,
2026-09-30T17:36:02.436,321.964,0,847.0,38,,97.219,23.529,-4.5,0.0,1.002,0.986,-0.055,5920,14.51,12.549,3,,45,,,,,,,,,,,
2026-09-30T17:36:02.566,322.094,0,848.5,37,,97.219,22.745,-2.5,0.0,1.003,0.991,-0.043,5610,14.51,12.941,3,,,3.125,,,,,,,,,,
2026-09-30T17:36:02.696,322.225,0,849.0,37,,97.219,23.137,-4.5,0.0,1.002,0.999,-0.023,5290,14.51,12.941,3,,,,14.375,,,,,,,,,
2026-09-30T17:36:02.826,322.354,0,851.0,37,,97.219,23.137,-2.5,0.0,1.003,1.009,-0.012,5070,14.51,12.941,3,,,,,97,,,,,,,,
2026-09-30T17:36:02.957,322.485,0,860.25,37,,97.219,22.745,-4.0,0.0,1.006,1.007,-0.012,4960,14.51,12.941,3,,,,,,23,,,,,,,
2026-09-30T17:36:03.086,322.614,0,863.5,37,,97.219,23.137,-4.0,0.0,1.009,1.003,-0.016,4960,14.51,12.941,3,,,,,,,36.078,,,,,,
2026-09-30T17:36:03.217,322.746,0,862.75,37,,97.219,22.353,-5.0,0.0,1.01,1.002,-0.02,4880,14.51,12.941,3,,,,,,,,515.3,,,,,
2026-09-30T17:36:03.346,322.874,0,864.25,36,,97.219,21.961,-3.5,0.0,1.011,0.998,-0.027,4760,14.51,12.941,3,,,,,,,,,0.895,,,,
2026-09-30T17:36:03.476,323.005,0,866.25,36,,97.219,21.961,-4.0,-0.781,1.011,0.992,-0.039,4690,14.51,12.941,3,,,,,,,,,,,0.781,,
2026-09-30T17:36:03.606,323.134,0,868.5,36,,97.219,22.745,-5.0,-0.781,1.01,0.991,-0.043,4790,14.51,12.941,3,,,,,,,,,,,,23.529,
2026-09-30T17:36:03.736,323.265,0,872.25,36,,97.219,21.961,-4.0,-0.781,1.01,0.995,-0.035,4780,14.51,12.941,3,,,,,,,,,,,,,350
2026-09-30T17:36:03.866,323.394,0,874.75,35,,97.219,21.961,-4.0,-0.781,1.009,0.995,-0.031,4720,14.51,12.941,3,105,,,,,,,,,,,,
2026-09-30T17:36:03.996,323.524,0,875.75,35,,97.219,21.961,-5.5,-0.781,1.008,0.994,-0.035,4650,14.51,12.941,3,,45,,,,,,,,,,,
2026-09-30T17:36:04.126,323.654,0,872.75,35,,97.219,21.961,-5.0,-0.781,1.008,0.993,-0.035,4600,14.51,12.941,3,,,3.125,,,,,,,,,,
2026-09-30T17:36:04.256,323.784,0,872.75,35,,97.219,21.961,-4.5,-0.781,1.007,0.993,-0.035,4520,14.51,12.941,3,,,,14.433,,,,,,,,,
2026-09-30T17:36:04.386,323.915,0,873.25,35,,97.219,21.569,-4.0,-0.781,1.006,0.993,-0.039,4420,14.51,12.941,3,,,,,97,,,,,,,,
2026-09-30T17:36:04.517,324.046,0,872.0,35,,97.219,21.569,-3.5,-0.781,1.005,0.993,-0.035,4340,14.51,12.941,3,,,,,,23,,,,,,,
2026-09-30T17:36:04.646,324.175,0,870.25,35,,97.219,21.569,-4.0,-0.781,1.004,0.995,-0.035,4350,14.51,12.941,3,,,,,,,36.078,,,,,,
2026-09-30T17:36:04.776,324.304,0,864.25,35,,97.219,21.569,-4.0,-0.781,1.004,0.999,-0.023,4410,14.51,12.941,3,,,,,,,,514.0,,,,,
2026-09-30T17:36:04.906,324.435,0,863.25,35,,97.219,21.569,-4.0,-0.781,1.004,1.003,-0.016,4410,14.51,12.941,3,,,,,,,,,0.89,,,,
2026-09-30T17:36:05.036,324.564,0,863.5,35,,97.219,21.569,-3.0,-0.781,1.004,1.002,-0.02,4420,14.51,12.941,3,,,,,,,,,,,0.781,,
2026-09-30T17:36:05.166,324.695,0,862.5,36,,97.219,22.353,-3.5,-0.781,1.003,1.0,-0.02,4510,14.51,12.941,3,,,,,,,,,,,,23.922,
2026-09-30T17:36:05.296,324.824,0,865.0,36,,97.219,22.745,-5.5,-0.781,1.003,1.001,-0.02,4780,14.51,12.941,3,,,,,,,,,,,,,352
2026-09-30T17:36:05.426,324.954,0,864.25,36,,97.219,22.353,-4.5,-0.781,1.003,1.0,-0.02,4860,14.51,12.941,3,105,,,,,,,,,,,,
2026-09-30T17:36:05.556,325.084,0,864.0,36,,97.219,21.961,-4.0,-0.781,1.003,0.999,-0.023,4820,14.51,12.941,3,,45,,,,,,,,,,,
2026-09-30T17:36:05.686,325.214,0,864.75,35,,97.219,21.961,-3.5,-0.781,1.003,0.995,-0.035,4740,14.51,12.941,3,,,3.125,,,,,,,,,,
2026-09-30T17:36:05.817,325.346,0,863.75,35,,97.219,21.961,-2.5,-0.781,1.003,0.992,-0.039,4650,14.51,12.941,3,,,,14.257,,,,,,,,,
2026-09-30T17:36:05.946,325.475,0,868.75,35,,97.219,22.353,-5.0,-0.781,1.003,0.993,-0.039,4750,14.51,12.549,3,,,,,97,,,,,,,,
2026-09-30T17:36:06.076,325.604,0,868.75,35,,97.219,21.569,-4.5,-0.781,1.003,0.997,-0.027,4660,14.51,12.941,3,,,,,,23,,,,,,,
2026-09-30T17:36:06.206,325.734,0,862.75,35,,97.219,21.961,-5.0,-0.781,1.003,0.997,-0.027,4630,14.51,12.941,3,,,,,,,36.078,,,,,,
2026-09-30T17:36:06.336,325.864,0,862.75,36,,97.219,21.961,-5.5,-0.781,1.003,0.996,-0.031,4640,14.51,12.549,2,,,,,,,,512.5,,,,,
2026-09-30T17:36:06.466,325.994,0,859.5,35,,97.219,21.569,-4.5,-0.781,1.003,0.996,-0.031,4580,14.51,12.549,2,,,,,,,,,0.875,,,,
2026-09-30T17:36:06.596,326.124,0,850.75,36,,97.219,22.353,-2.5,-1.562,1.003,0.997,-0.027,4660,14.51,12.941,2,,,,,,,,,,,0.781,,
2026-09-30T17:36:06.726,326.254,0,850.5,35,,97.219,21.569,-4.0,-0.781,1.003,0.999,-0.023,4680,14.51,12.549,2,,,,,,,,,,,,23.922,
2026-09-30T17:36:06.856,326.385,0,847.5,36,,97.219,21.961,-1.0,-0.781,1.003,1.001,-0.02,4660,14.51,12.941,2,,,,,,,,,,,,,354
2026-09-30T17:36:06.986,326.514,0,848.5,37,,97.219,22.745,-2.0,-0.781,1.003,1.002,-0.02,4730,14.51,12.941,2,104,,,,,,,,,,,,
2026-09-30T17:36:07.120,326.648,0,852.25,36,,97.219,21.961,-4.0,-0.781,1.003,1.007,-0.012,4790,14.51,12.941,2,,45,,,,,,,,,,,
2026-09-30T17:36:07.246,326.775,0,850.5,37,,97.219,21.961,-3.0,-0.781,1.003,1.009,-0.012,4910,14.51,12.941,2,,,3.125,,,,,,,,,,
2026-09-30T17:36:07.376,326.904,0,851.5,36,,97.219,21.961,-2.5,-0.781,1.003,1.004,-0.016,4840,14.51,12.941,2,,,,14.296,,,,,,,,,
2026-09-30T17:36:07.506,327.034,0,852.25,36,,97.219,22.353,-4.0,-0.781,1.003,1.005,-0.016,4840,14.51,12.941,2,,,,,97,,,,,,,,
2026-09-30T17:36:07.636,327.165,0,852.5,36,,97.219,22.353,-3.5,-0.781,1.003,1.007,-0.012,4900,14.51,12.941,2,,,,,,23,,,,,,,
2026-09-30T17:36:07.765,327.294,0,854.25,36,,97.219,22.353,-5.5,-0.781,1.003,1.004,-0.016,4860,14.51,12.549,1,,,,,,,36.078,,,,,,
2026-09-30T17:36:07.896,327.424,0,850.75,35,,97.219,21.961,-3.0,-0.781,1.003,1.003,-0.016,4760,14.51,12.941,1,,,,,,,,511.1,,,,,
2026-09-30T17:36:08.026,327.555,0,844.5,35,,97.219,21.961,-2.5,-0.781,1.003,1.0,-0.02,4660,14.51,12.941,1,,,,,,,,,0.87,,,,
2026-09-30T17:36:08.156,327.684,0,842.25,35,,97.219,21.961,-3.0,-0.781,1.003,1.003,-0.016,4680,14.51,12.549,1,,,,,,,,,,,0.781,,
2026-09-30T17:36:08.286,327.814,0,844.0,35,,97.219,21.961,-2.0,-0.781,1.003,1.0,-0.02,4630,14.51,12.549,1,,,,,,,,,,,,23.137,
2026-09-30T17:36:08.418,327.946,0,842.0,35,,97.219,21.961,0.0,-0.781,1.003,0.999,-0.02,4510,14.51,12.941,1,,,,,,,,,,,,,355
2026-09-30T17:36:08.545,328.074,0,843.25,35,,97.219,22.745,-1.5,-0.781,1.003,0.999,-0.023,4660,14.51,12.941,1,104,,,,,,,,,,,,
2026-09-30T17:36:08.676,328.204,0,844.25,36,,97.219,22.353,-1.0,-0.781,1.003,1.003,-0.016,4660,14.51,12.941,1,,45,,,,,,,,,,,
2026-09-30T17:36:08.806,328.335,0,845.75,36,,97.219,22.353,-2.0,-0.781,1.003,1.005,-0.016,4700,14.51,12.941,1,,,3.125,,,,,,,,,,
2026-09-30T17:36:08.936,328.464,0,848.25,36,,97.219,22.745,-2.5,-0.781,1.003,1.004,-0.016,4780,14.51,12.941,0,,,,14.238,,,,,,,,,
2026-09-30T17:36:09.066,328.594,0,849.25,37,,97.219,23.137,-4.0,-0.781,1.003,1.003,-0.016,4970,14.51,12.941,0,,,,,97,,,,,,,,
2026-09-30T17:36:09.196,328.724,0,847.5,37,,97.219,22.745,-2.5,-0.781,1.003,1.006,-0.016,5030,14.51,12.941,0,,,,,,23,,,,,,,
2026-09-30T17:36:09.325,328.854,0,850.0,36,,97.219,22.745,-4.0,-0.781,1.003,1.003,-0.016,5060,14.51,12.941,0,,,,,,,36.078,,,,,,
2026-09-30T17:36:09.456,328.985,0,853.0,37,,97.219,23.137,-7.5,-0.781,1.003,0.999,-0.023,5200,14.51,12.549,0,,,,,,,,509.7,,,,,
2026-09-30T17:36:09.586,329.115,0,849.25,36,,97.219,21.961,-2.5,-0.781,1.003,0.998,-0.027,5210,14.51,12.941,0,,,,,,,,,0.86,,,,
2026-09-30T17:36:09.726,329.255,0,843.5,35,,97.219,21.961,-2.0,-0.781,1.003,0.998,-0.023,5090,14.51,12.549,0,,,,,,,,,,,0.781,,
2026-09-30T17:36:09.856,329.384,0,837.0,36,,97.219,21.961,-0.5,-0.781,1.003,1.005,-0.016,4880,14.51,12.941,0,,,,,,,,,,,,23.137,
2026-09-30T17:36:09.986,329.514,0,839.0,36,,97.219,21.961,-0.5,0.0,1.003,1.013,-0.008,4750,14.51,12.941,0,,,,,,,,,,,,,357
2026-09-30T17:36:10.120,329.649,0,840.25,35,,97.219,21.961,-3.0,0.0,1.003,1.018,-0.004,4600,14.51,12.549,0,104,,,,,,,,,,,,
2026-09-30T17:36:10.246,329.775,0,836.25,35,,97.219,20.0,-15.0,0.0,1.003,1.017,-0.004,4480,14.51,10.196,0,,45,,,,,,,,,,,
2026-09-30T17:36:10.376,329.905,0,806.0,28,,97.219,14.118,-8.5,0.0,1.003,1.008,-0.012,4520,14.51,10.196,0,,,10.156,,,,,,,,,,
2026-09-30T17:36:10.505,330.034,0,645.25,23,,97.219,9.412,-11.5,0.0,1.003,1.226,0.219,4520,14.51,10.196,0,,,,13.417,,,,,,,,,
2026-09-30T17:36:10.636,330.165,0,525.75,22,,97.281,9.412,-11.5,0.0,1.003,1.37,0.344,4520,14.51,10.196,0,,,,,97,,,,,,,,
2026-09-30T17:36:10.765,330.294,0,398.75,23,,97.219,10.98,-11.5,0.0,1.003,1.465,0.414,4520,14.51,11.373,0,,,,,,23,,,,,,,
2026-09-30T17:36:10.896,330.424,0,314.0,24,,97.219,13.725,-11.5,0.0,1.003,1.509,0.441,4520,14.51,13.333,0,,,,,,,36.078,,,,,,
2026-09-30T17:36:11.025,330.554,0,314.0,24,,97.219,13.725,-11.5,0.0,1.002,1.508,0.441,4520,14.51,13.333,0,,,,,,,,509.6,,,,,
2026-09-30T17:36:11.156,330.684,0,0.0,66,,97.219,0.0,-30.0,0.0,1.002,1.492,0.43,4520,14.51,13.333,0,,,,,,,,,0.865,,,,
2026-09-30T17:36:11.286,330.814,0,0.0,83,,97.219,0.0,-30.0,0.0,1.002,1.491,0.43,4520,14.51,13.333,0,,,,,,,,,,,0.781,,
2026-09-30T17:36:11.418,330.946,0,0.0,92,,97.219,0.0,-30.0,0.0,1.002,1.493,0.43,4510,14.51,13.333,0,,,,,,,,,,,,0.0,
2026-09-30T17:36:11.546,331.074,0,0.0,97,,97.219,0.0,-30.0,0.0,1.002,1.5,0.438,4510,14.51,13.333,0,,,,,,,,,,,,,358
2026-09-30T17:36:11.676,331.204,0,0.0,97,,97.219,0.0,-30.0,0.0,1.002,1.509,0.441,4510,14.51,13.333,0,104,,,,,,,,,,,,
2026-09-30T17:36:11.806,331.334,0,0.0,97,,97.219,0.0,-30.0,0.0,1.002,1.517,0.445,4510,14.51,13.333,0,,46,,,,,,,,,,,
2026-09-30T17:36:11.936,331.464,0,0.0,97,,97.219,0.0,-30.0,0.0,1.002,1.527,0.453,4500,14.51,13.333,0,,,7.812,,,,,,,,,,
2026-09-30T17:36:12.066,331.594,0,0.0,97,,97.219,0.0,-30.0,0.0,1.002,1.538,0.461,4500,14.51,13.333,0,,,,13.144,,,,,,,,,
2026-09-30T17:36:12.196,331.724,0,0.0,97,,97.219,0.0,-30.0,0.0,1.002,1.549,0.465,4500,14.51,13.333,0,,,,,97,,,,,,,,
2026-09-30T17:36:12.326,331.854,0,0.0,97,,97.219,0.0,-30.0,0.0,1.002,1.557,0.469,4500,14.51,13.333,0,,,,,,23,,,,,,,
2026-09-30T17:36:12.456,331.984,0,0.0,97,,97.219,0.0,-30.0,0.0,1.002,1.562,0.473,4500,14.51,13.333,0,,,,,,,36.078,,,,,,
2026-09-30T17:36:12.586,332.115,0,0.0,97,,97.219,0.0,-30.0,0.0,1.002,1.57,0.48,4500,14.51,13.333,0,,,,,,,,509.6,,,,,
2026-09-30T17:36:12.717,332.246,0,0.0,97,,97.219,0.0,-30.0,0.0,1.002,1.573,0.48,4500,14.51,13.333,0,,,,,,,,,0.865,,,,
2026-09-30T17:36:12.846,332.374,0,0.0,97,,97.219,0.0,-30.0,0.0,1.002,1.562,0.473,4500,14.51,13.333,0,,,,,,,,,,,0.781,,
2026-09-30T17:36:12.976,332.504,0,0.0,97,,97.219,0.0,-30.0,0.0,1.002,1.558,0.473,4490,14.51,13.333,0,,,,,,,,,,,,0.0,
2026-09-30T17:36:13.105,332.634,0,0.0,97,,97.219,0.0,-30.0,0.0,1.002,1.562,0.473,4490,14.51,13.333,0,,,,,,,,,,,,,360
2026-09-30T17:36:13.236,332.764,0,0.0,97,,97.219,0.0,-30.0,0.0,1.002,1.564,0.477,4480,14.51,13.333,0,104,,,,,,,,,,,,
2026-09-30T17:36:13.366,332.894,0,0.0,97,,97.219,0.0,-30.0,0.0,1.002,1.564,0.477,4470,14.51,13.333,0,,47,,,,,,,,,,,
2026-09-30T17:36:13.496,333.024,0,0.0,97,,97.219,0.0,-30.0,0.0,1.002,1.564,0.477,4470,14.51,13.333,0,,,7.812,,,,,,,,,,
2026-09-30T17:36:13.626,333.154,0,0.0,97,,97.219,0.0,-30.0,0.0,1.002,1.562,0.473,4490,14.51,13.333,0,,,,13.007,,,,,,,,,
2026-09-30T17:36:13.756,333.284,0,0.0,97,,97.219,0.0,-30.0,0.0,1.002,1.557,0.473,4470,14.51,13.333,0,,,,,97,,,,,,,,
2026-09-30T17:36:13.886,333.414,0,0.0,97,,97.219,0.0,-30.0,0.0,1.002,1.552,0.469,4470,14.51,13.333,0,,,,,,23,,,,,,,
2026-09-30T17:36:14.017,333.546,0,0.0,97,,97.219,0.0,-30.0,0.0,1.002,1.542,0.461,4460,14.51,13.333,0,,,,,,,36.078,,,,,,
2026-09-30T17:36:14.146,333.674,0,0.0,97,,97.219,0.0,-30.0,0.0,1.002,1.532,0.457,4470,14.51,16.471,0,,,,,,,,509.1,,,,,
2026-09-30T17:36:14.276,333.804,0,0.0,97,,97.219,0.0,-30.0,0.0,1.002,1.524,0.453,4460,14.51,16.078,0,,,,,,,,,0.86,,,,
2026-09-30T17:36:14.405,333.934,0,0.0,97,,97.219,0.0,-30.0,0.0,1.002,1.516,0.445,4460,14.51,15.686,0,,,,,,,,,,,0.781,,
2026-09-30T17:36:14.536,334.064,0,0.0,97,,97.219,0.0,-30.0,0.0,1.002,1.509,0.441,4460,14.51,16.078,0,,,,,,,,,,,,0.0,
2026-09-30T17:36:14.666,334.194,0,0.0,97,,97.219,0.0,-30.0,0.0,1.002,1.505,0.438,4460,14.51,15.686,0,,,,,,,,,,,,,361
2026-09-30T17:36:14.796,334.324,0,0.0,97,,97.219,0.0,-30.0,0.0,1.002,1.498,0.434,4460,14.51,15.686,0,104,,,,,,,,,,,,
2026-09-30T17:36:14.925,334.454,0,0.0,97,,97.219,0.0,-30.0,0.0,1.002,1.491,0.43,4460,14.51,16.078,0,,47,,,,,,,,,,,
2026-09-30T17:36:15.056,334.584,0,0.0,97,,97.219,0.0,-30.0,0.0,1.002,1.485,0.426,4460,14.51,15.686,0,,,7.812,,,,,,,,,,
2026-09-30T17:36:15.186,334.714,0,0.0,97,,97.219,0.0,-30.0,0.0,1.002,1.481,0.422,4450,14.51,16.078,0,,,,12.929,,,,,,,,,
2026-09-30T17:36:15.317,334.846,0,0.0,97,,97.188,0.0,-30.0,0.0,1.002,1.478,0.422,4440,14.51,16.078,0,,,,,97,,,,,,,,
2026-09-30T17:36:15.445,334.974,0,0.0,97,,97.219,0.0,-30.0,0.0,1.002,1.471,0.418,4460,14.51,16.078,0,,,,,,23,,,,,,,
2026-09-30T17:36:15.586,335.114,0,0.0,97,,97.219,0.0,-30.0,0.0,1.002,1.468,0.414,4440,14.51,16.078,0,,,,,,,36.078,,,,,,
2026-09-30T17:36:15.717,335.246,0,0.0,97,,97.219,0.0,-30.0,0.0,1.002,1.464,0.414,4440,14.51,16.078,0,,,,,,,,509.0,,,,,
2026-09-30T17:36:15.845,335.374,0,0.0,97,,97.219,0.0,-30.0,0.0,1.002,1.463,0.41,4440,14.51,15.686,0,,,,,,,,,0.86,,,,
2026-09-30T17:36:15.976,335.504,0,0.0,97,,97.219,0.0,-30.0,0.0,1.002,1.461,0.41,4440,14.51,15.686,0,,,,,,,,,,,0.781,,
2026-09-30T17:36:16.106,335.634,0,0.0,97,,97.219,0.0,-30.0,0.0,1.002,1.459,0.41,4440,14.51,15.686,0,,,,,,,,,,,,0.0,
2026-09-30T17:36:16.236,335.764,0,0.0,97,,97.219,0.0,-30.0,0.0,1.002,1.457,0.406,4430,14.51,16.078,0,,,,,,,,,,,,,363
2026-09-30T17:36:16.365,335.894,0,0.0,97,,97.219,0.0,-30.0,0.0,1.002,1.456,0.406,4430,14.51,16.078,0,104,,,,,,,,,,,,
2026-09-30T17:36:16.496,336.024,0,0.0,97,,97.219,0.0,-30.0,0.0,1.002,1.452,0.402,4430,14.51,16.078,0,,47,,,,,,,,,,,
2026-09-30T17:36:16.625,336.154,0,0.0,97,,97.219,0.0,-30.0,0.0,1.002,1.448,0.402,4430,14.51,16.078,0,,,7.812,,,,,,,,,,
2026-09-30T17:36:16.756,336.284,0,0.0,97,,97.125,0.0,-30.0,0.0,1.002,1.444,0.398,4420,14.51,16.078,0,,,,12.792,,,,,,,,,
2026-09-30T17:36:16.885,336.414,0,0.0,97,,97.188,0.0,-30.0,0.0,1.002,1.441,0.395,4420,14.51,16.078,0,,,,,97,,,,,,,,
2026-09-30T17:36:17.017,336.546,0,0.0,97,,97.219,0.0,-30.0,0.0,1.002,1.438,0.395,4430,14.51,16.078,0,,,,,,23,,,,,,,
2026-09-30T17:36:17.145,336.674,0,0.0,97,,97.188,0.0,-30.0,0.0,1.002,1.437,0.395,4420,14.51,16.078,0,,,,,,,36.078,,,,,,
2026-09-30T17:36:17.276,336.804,0,0.0,97,,97.219,0.0,-30.0,0.0,1.002,1.433,0.391,4410,14.51,16.078,0,,,,,,,,508.5,,,,,
2026-09-30T17:36:17.405,336.934,0,0.0,97,,97.219,0.0,-30.0,0.0,1.002,1.429,0.387,4410,14.51,16.078,0,,,,,,,,,0.86,,,,
2026-09-30T17:36:17.536,337.064,0,0.0,97,,97.219,0.0,-30.0,0.0,1.002,1.427,0.387,4420,14.51,16.078,0,,,,,,,,,,,0.781,,
2026-09-30T17:36:17.666,337.194,0,0.0,97,,97.219,0.0,-30.0,0.0,1.002,1.424,0.383,4400,14.51,16.078,0,,,,,,,,,,,,0.0,
2026-09-30T17:36:17.796,337.324,0,0.0,97,,97.219,0.0,-30.0,0.0,1.002,1.421,0.383,4400,14.51,16.078,0,,,,,,,,,,,,,364
2026-09-30T17:36:17.925,337.454,0,0.0,97,,97.188,0.0,-30.0,0.0,1.002,1.414,0.379,4400,14.51,15.686,0,104,,,,,,,,,,,,
2026-09-30T17:36:18.056,337.584,0,0.0,97,,97.219,0.0,-30.0,0.0,1.002,1.41,0.375,4400,14.51,16.078,0,,47,,,,,,,,,,,
2026-09-30T17:36:18.186,337.714,0,0.0,97,,97.188,0.0,-30.0,0.0,1.002,1.407,0.371,4390,14.51,16.078,0,,,7.812,,,,,,,,,,
2026-09-30T17:36:18.317,337.846,0,0.0,97,,97.219,0.0,-30.0,0.0,1.002,1.403,0.371,4390,14.51,15.686,0,,,,12.734,,,,,,,,,
2026-09-30T17:36:18.445,337.974,0,0.0,97,,97.219,0.0,-30.0,0.0,1.002,1.4,0.367,4390,14.51,16.078,0,,,,,97,,,,,,,,
2026-09-30T17:36:18.576,338.104,0,0.0,97,,97.219,0.0,-30.0,0.0,1.002,1.396,0.363,4390,14.51,16.078,0,,,,,,23,,,,,,,
2026-09-30T17:36:18.705,338.234,0,0.0,97,,97.188,0.0,-30.0,0.0,1.002,1.393,0.363,4390,14.51,16.078,0,,,,,,,36.078,,,,,,
2026-09-30T17:36:18.836,338.364,0,0.0,97,,97.219,0.0,-30.0,0.0,1.002,1.39,0.359,4390,14.51,16.078,0,,,,,,,,508.3,,,,,
2026-09-30T17:36:18.965,338.494,0,0.0,97,,97.188,0.0,-30.0,0.0,1.002,1.388,0.359,4380,14.51,16.078,0,,,,,,,,,0.855,,,,
2026-09-30T17:36:19.096,338.624,0,0.0,97,,97.219,0.0,-30.0,0.0,1.002,1.385,0.355,4360,14.51,16.078,0,,,,,,,,,,,0.781,,
2026-09-30T17:36:19.225,338.754,0,0.0,97,,97.219,0.0,-30.0,0.0,1.002,1.382,0.352,4360,14.51,16.078,0,,,,,,,,,,,,0.0,
2026-09-30T17:36:19.356,338.884,0,0.0,97,,97.219,0.0,-30.0,0.0,1.002,1.381,0.352,4360,14.51,16.078,0,,,,,,,,,,,,,366
2026-09-30T17:36:19.496,339.024,0,0.0,97,,97.219,0.0,-30.0,0.0,1.002,1.377,0.348,4360,14.51,16.078,0,104,,,,,,,,,,,,
2026-09-30T17:36:19.626,339.154,0,0.0,97,,97.219,0.0,-30.0,0.0,1.002,1.373,0.348,4360,14.51,12.941,0,,46,,,,,,,,,,,
2026-09-30T17:36:19.755,339.284,0,89.0,96,,97.094,58.039,-30.0,0.0,1.002,1.369,0.344,5670,14.51,12.549,0,,,7.812,,,,,,,,,,
2026-09-30T17:36:19.886,339.414,0,256.0,92,,97.094,85.098,-28.0,0.0,1.002,1.459,0.41,7140,14.51,12.549,0,,,,11.621,,,,,,,,,
2026-09-30T17:36:20.017,339.546,0,439.5,90,,97.094,68.235,-16.5,0.0,1.002,1.369,0.344,9680,14.51,12.549,0,,,,,97,,,,,,,,
2026-09-30T17:36:20.146,339.674,0,927.5,85,,97.219,40.784,-21.5,0.0,1.003,1.038,0.02,10590,14.51,11.765,0,,,,,,23,,,,,,,
2026-09-30T17:36:20.275,339.804,0,1049.5,58,,97.25,28.235,-23.5,0.0,0.995,0.915,-0.223,11730,14.51,12.157,0,,,,,,,36.078,,,,,,
2026-09-30T17:36:20.405,339.934,0,1032.25,43,,97.25,21.176,-10.5,0.0,0.996,0.867,-0.359,11890,14.51,13.333,0,,,,,,,,506.6,,,,,
2026-09-30T17:36:20.536,340.064,0,955.0,40,,97.25,22.745,-5.5,0.0,0.998,0.885,-0.305,11590,14.51,13.333,1,,,,,,,,,0.845,,,,
2026-09-30T17:36:20.665,340.194,0,872.0,42,,97.219,25.098,-2.0,0.0,0.999,0.935,-0.176,11230,14.51,13.333,1,,,,,,,,,,,0.781,,
2026-09-30T17:36:20.796,340.324,0,835.0,44,,97.219,27.451,0.0,0.0,0.999,0.976,-0.082,10680,14.51,13.725,2,,,,,,,,,,,,29.02,
2026-09-30T17:36:20.925,340.454,0,835.25,45,,97.25,27.451,-3.0,0.0,0.999,0.986,-0.055,10150,14.51,12.549,2,,,,,,,,,,,,,368
2026-09-30T17:36:21.056,340.584,0,830.5,42,,97.469,23.922,-10.5,0.0,0.999,0.989,-0.047,9780,14.51,12.549,2,104,,,,,,,,,,,,
2026-09-30T17:36:21.185,340.714,0,810.75,39,,97.25,23.529,-9.0,0.0,0.999,0.988,-0.051,9270,14.51,11.765,2,,46,,,,,,,,,,,
2026-09-30T17:36:21.317,340.846,0,820.25,38,,97.438,22.353,-7.0,0.0,0.999,0.989,-0.047,8970,14.51,12.549,2,,,3.906,,,,,,,,,,
2026-09-30T17:36:21.445,340.974,0,813.0,35,,97.25,20.392,-2.5,0.0,1.0,0.992,-0.039,8740,14.51,12.549,2,,,,12.343,,,,,,,,,
2026-09-30T17:36:21.575,341.104,0,815.5,33,,97.281,20.0,-2.5,0.0,1.0,0.999,-0.023,8480,14.51,12.549,2,,,,,97,,,,,,,,
2026-09-30T17:36:21.705,341.234,0,815.25,33,,97.375,20.0,-1.0,0.0,1.0,1.012,-0.008,8050,14.51,12.549,2,,,,,,23,,,,,,,
2026-09-30T17:36:21.835,341.364,0,820.25,32,,97.344,19.608,-1.0,0.0,1.0,1.023,0.004,7750,14.51,12.549,2,,,,,,,36.078,,,,,,
2026-09-30T17:36:21.966,341.494,0,824.25,32,,97.281,19.608,-1.0,0.781,1.001,1.026,0.008,7350,14.51,12.549,2,,,,,,,,504.7,,,,,
2026-09-30T17:36:22.096,341.624,0,823.0,32,,97.281,19.216,-0.5,0.781,1.001,1.027,0.008,6910,14.51,12.549,2,,,,,,,,,0.84,,,,
2026-09-30T17:36:22.225,341.754,0,837.25,33,,97.219,20.0,-2.0,0.781,1.001,1.022,0.004,6570,14.51,12.549,2,,,,,,,,,,,0.781,,
2026-09-30T17:36:22.356,341.884,0,854.75,34,,97.219,20.392,-1.5,0.781,1.001,1.01,-0.012,6100,14.51,12.941,2,,,,,,,,,,,,22.745,
2026-09-30T17:36:22.485,342.014,0,858.75,36,,97.219,21.176,-3.5,0.0,1.001,0.988,-0.051,5630,17.647,12.941,2,,,,,,,,,,,,,369
2026-09-30T17:36:22.621,342.15,0,865.75,37,,97.219,21.176,7.5,0.0,1.001,0.978,-0.078,5270,22.353,14.118,2,104,,,,,,,,,,,,
2026-09-30T17:36:22.746,342.274,0,889.75,38,,97.188,26.275,9.5,-0.781,1.001,0.972,-0.094,4800,24.314,14.902,2,,46,,,,,,,,,,,
2026-09-30T17:36:22.876,342.405,0,954.75,48,,97.094,29.412,9.5,-0.781,1.001,0.975,-0.086,4840,25.098,14.51,3,,,3.906,,,,,,,,,,
2026-09-30T17:36:23.005,342.534,0,1044.25,50,,97.156,29.412,10.5,-0.781,1.0,0.975,-0.086,5320,26.275,15.294,3,,,,12.656,,,,,,,,,
2026-09-30T17:36:23.136,342.664,0,1099.25,51,,97.0,27.451,11.0,-1.562,1.0,0.96,-0.117,6040,26.275,15.294,3,,,,,97,,,,,,,,
2026-09-30T17:36:23.265,342.794,0,1064.5,53,,97.188,28.627,10.5,-3.125,1.0,0.949,-0.145,6720,26.667,15.294,4,,,,,,23,,,,,,,
2026-09-30T17:36:23.396,342.925,0,1044.0,53,,97.219,30.196,9.5,-3.125,1.0,0.955,-0.129,7220,27.059,14.902,4,,,,,,,36.078,,,,,,
2026-09-30T17:36:23.526,343.054,0,1057.75,55,,97.219,31.373,10.0,-3.125,1.0,0.964,-0.109,7920,26.667,14.902,5,,,,,,,,502.2,,,,,
2026-09-30T17:36:23.655,343.184,0,1075.25,54,,97.25,29.02,10.0,-3.906,1.0,0.967,-0.102,8470,26.667,15.294,5,,,,,,,,,0.84,,,,
2026-09-30T17:36:23.785,343.314,0,1091.5,53,,97.25,28.627,10.5,-3.906,1.0,0.966,-0.105,9190,26.667,15.686,6,,,,,,,,,,,0.781,,
2026-09-30T17:36:23.917,343.446,0,1114.25,54,,97.281,28.627,11.0,-4.688,1.0,0.968,-0.102,9800,26.667,15.294,6,,,,,,,,,,,,36.471,
2026-09-30T17:36:24.045,343.574,0,1126.5,55,,97.531,27.843,11.0,-4.688,1.0,0.98,-0.07,10240,26.667,15.294,7,,,,,,,,,,,,,371
2026-09-30T17:36:24.176,343.704,0,1119.0,53,,97.531,27.843,11.0,-3.906,1.0,0.988,-0.051,10220,26.667,15.686,7,105,,,,,,,,,,,,
2026-09-30T17:36:24.306,343.834,0,1111.0,53,,97.531,28.235,11.0,-3.906,1.0,0.993,-0.039,10340,26.667,15.294,8,,46,,,,,,,,,,,
2026-09-30T17:36:24.436,343.964,0,1111.75,54,,97.531,28.627,11.0,-3.906,1.0,0.997,-0.027,10650,27.059,15.294,8,,,3.125,,,,,,,,,,
2026-09-30T17:36:24.565,344.094,0,1122.0,54,,97.531,28.235,11.0,-3.906,1.0,0.998,-0.023,10780,27.059,15.686,9,,,,14.472,,,,,,,,,
2026-09-30T17:36:24.696,344.224,0,1133.75,55,,97.531,29.02,11.0,-3.906,1.0,0.996,-0.031,11040,27.451,16.078,9,,,,,97,,,,,,,,
2026-09-30T17:36:24.825,344.354,0,1170.25,56,,97.562,28.627,11.5,-3.906,1.0,0.998,-0.023,11470,28.235,16.078,9,,,,,,23,,,,,,,
2026-09-30T17:36:24.955,344.484,0,1203.0,57,,97.594,28.235,12.0,-3.906,1.0,0.999,-0.023,11820,28.627,16.471,10,,,,,,,36.078,,,,,,
2026-09-30T17:36:25.085,344.614,0,1242.75,59,,97.656,28.235,12.5,-3.125,1.0,1.013,-0.008,12300,28.627,16.863,10,,,,,,,,498.1,,,,,
2026-09-30T17:36:25.217,344.746,0,1277.5,59,,97.875,27.451,12.5,-2.344,1.0,1.019,0.0,12630,29.02,17.255,11,,,,,,,,,0.855,,,,
2026-09-30T17:36:25.345,344.874,0,1327.5,60,,97.875,26.667,13.0,-2.344,1.0,1.021,0.0,12910,28.627,17.647,11,,,,,,,,,,,0.781,,
2026-09-30T17:36:25.476,345.005,0,1399.5,61,,97.906,25.882,14.0,-1.562,1.0,1.017,-0.004,13120,29.412,18.039,12,,,,,,,,,,,,42.353,
2026-09-30T17:36:25.605,345.134,0,1447.0,62,,98.031,25.098,14.0,-1.562,1.0,1.013,-0.008,13500,30.588,20.0,12,,,,,,,,,,,,,372
2026-09-30T17:36:25.746,345.274,0,1506.75,65,,98.125,26.667,14.5,-1.562,1.001,1.015,-0.004,14410,30.98,21.176,12,105,,,,,,,,,,,,
2026-09-30T17:36:25.875,345.404,0,1568.0,76,,98.156,27.059,14.5,-0.781,1.0,1.03,0.012,15370,32.157,23.922,13,,45,,,,,,,,,,,
2026-09-30T17:36:26.006,345.534,0,1552.25,82,,98.281,28.235,-11.5,0.0,1.0,1.04,0.023,16190,32.157,22.745,14,,,0.0,,,,,,,,,,
2026-09-30T17:36:26.136,345.664,0,1387.5,86,,99.25,38.431,-8.5,0.781,1.0,1.038,0.02,16470,32.157,21.961,14,,,,14.394,,,,,,,,,
2026-09-30T17:36:26.266,345.795,0,1329.5,87,,101.062,40.0,-5.5,0.781,1.0,1.023,0.004,16360,32.157,21.569,15,,,,,97,,,,,,,,
2026-09-30T17:36:26.396,345.925,0,1277.25,87,,101.719,41.569,-1.0,0.0,1.0,1.014,-0.008,16210,32.157,20.784,15,,,,,,23,,,,,,,
2026-09-30T17:36:26.525,346.054,0,1243.5,86,,102.188,41.961,4.0,0.0,1.0,1.002,-0.02,16040,32.157,20.784,16,,,,,,,36.078,,,,,,
2026-09-30T17:36:26.655,346.184,0,1211.0,87,,102.719,44.314,6.0,0.0,1.0,1.003,-0.016,15990,32.549,20.392,17,,,,,,,,492.2,,,,,
2026-09-30T17:36:26.786,346.314,0,1250.0,86,,103.0,43.137,8.0,0.0,1.0,0.999,-0.023,15920,32.549,21.569,17,,,,,,,,,0.85,,,,
2026-09-30T17:36:26.917,346.446,0,1296.5,87,,103.0,42.353,5.5,0.0,1.0,0.999,-0.023,15970,32.549,21.176,18,,,,,,,,,,,0.781,,
2026-09-30T17:36:27.046,346.574,0,1344.5,87,,103.562,39.608,7.0,0.0,1.0,1.005,-0.016,15950,32.549,21.961,19,,,,,,,,,,,,62.745,
2026-09-30T17:36:27.176,346.705,0,1392.75,87,,103.688,38.824,6.5,0.781,1.0,1.013,-0.008,16030,32.549,21.961,19,,,,,,,,,,,,,374
2026-09-30T17:36:27.305,346.834,0,1445.5,87,,104.156,37.255,8.0,0.781,1.0,1.017,-0.004,15960,32.157,21.961,20,106,,,,,,,,,,,,
2026-09-30T17:36:27.436,346.965,0,1490.75,87,,104.344,33.725,9.5,1.562,1.0,1.02,0.0,15870,32.157,22.353,20,,44,,,,,,,,,,,
2026-09-30T17:36:27.565,347.094,0,1529.0,87,,104.969,32.549,9.5,2.344,1.0,1.013,-0.008,15830,32.157,21.569,21,,,0.0,,,,,,,,,,
2026-09-30T17:36:27.696,347.225,0,1561.5,85,,105.375,30.588,10.5,1.562,1.003,1.012,-0.008,15720,32.157,21.569,21,,,,14.453,,,,,,,,,
2026-09-30T17:36:27.826,347.355,0,1590.0,85,,105.688,29.412,11.0,1.562,1.007,1.01,-0.012,15640,32.157,21.569,22,,,,,97,,,,,,,,
2026-09-30T17:36:27.956,347.484,0,1631.25,84,,106.219,27.451,12.5,2.344,1.007,1.009,-0.012,15530,32.157,21.961,22,,,,,,23,,,,,,,
2026-09-30T17:36:28.086,347.615,0,1667.0,85,,106.406,27.843,12.5,1.562,1.007,1.011,-0.008,15560,32.157,22.353,23,,,,,,,36.078,,,,,,
2026-09-30T17:36:28.217,347.746,0,1694.25,85,,106.594,27.059,13.0,2.344,1.007,1.017,-0.004,15620,32.157,21.961,23,,,,,,,,488.0,,,,,
2026-09-30T17:36:28.346,347.875,0,1723.0,85,,107.156,26.275,13.5,2.344,1.007,1.011,-0.008,15510,32.157,22.353,24,,,,,,,,,0.83,,,,
2026-09-30T17:36:28.476,348.004,0,1781.5,84,,107.375,25.882,13.5,2.344,1.006,1.007,-0.012,15500,32.549,23.137,24,,,,,,,,,,,0.781,,
2026-09-30T17:36:28.606,348.135,0,1807.75,85,,107.562,26.275,13.0,2.344,1.006,1.01,-0.012,15650,32.549,22.353,25,,,,,,,,,,,,58.824,
2026-09-30T17:36:28.736,348.265,0,1799.25,85,,108.125,25.882,13.5,2.344,1.006,1.002,-0.02,15640,32.549,23.137,25,,,,,,,,,,,,,375
2026-09-30T17:36:28.866,348.395,0,1833.5,86,,108.469,26.667,13.0,2.344,1.005,1.006,-0.016,15790,33.333,23.529,25,106,,,,,,,,,,,,
2026-09-30T17:36:28.996,348.525,0,1853.5,88,,108.562,27.843,13.0,2.344,1.005,1.009,-0.012,15950,33.333,23.137,25,,43,,,,,,,,,,,
2026-09-30T17:36:29.126,348.654,0,1833.25,87,,109.062,27.451,-17.5,2.344,1.004,1.003,-0.016,16140,33.333,22.745,26,,,0.0,,,,,,,,,,
2026-09-30T17:36:29.256,348.785,0,1606.25,91,,110.625,31.373,-8.0,2.344,1.004,0.999,-0.023,16550,33.725,23.922,26,,,,14.492,,,,,,,,,
2026-09-30T17:36:29.385,348.914,0,1500.5,94,,110.844,36.863,-7.5,3.125,1.005,1.023,0.004,16830,34.118,23.922,26,,,,,97,,,,,,,,
2026-09-30T17:36:29.517,349.046,0,1451.75,96,,110.906,39.608,-4.0,3.906,1.005,1.021,0.0,16990,34.902,24.706,26,,,,,,23,,,,,,,
2026-09-30T17:36:29.645,349.174,0,1386.5,97,,111.312,45.098,-2.0,3.125,1.005,1.005,-0.016,17100,35.686,23.922,27,,,,,,,36.078,,,,,,
2026-09-30T17:36:29.776,349.304,0,1331.0,99,,111.312,47.843,2.0,2.344,1.005,0.989,-0.047,17150,36.471,24.706,27,,,,,,,,487.0,,,,,
2026-09-30T17:36:29.905,349.434,0,1246.5,101,,111.062,52.157,6.5,1.562,1.005,0.98,-0.07,17220,37.647,26.275,27,,,,,,,,,0.815,,,,
2026-09-30T17:36:30.036,349.564,0,1268.25,103,,110.531,55.294,3.5,0.781,1.004,0.966,-0.105,17410,38.431,29.02,27,,,,,,,,,,,0.781,,
2026-09-30T17:36:30.165,349.694,0,1277.5,106,,110.188,56.078,2.0,0.0,1.003,0.963,-0.113,17650,39.216,32.549,28,,,,,,,,,,,,83.137,
2026-09-30T17:36:30.296,349.825,0,1292.25,107,,110.125,56.078,1.5,0.0,1.003,0.969,-0.098,17760,39.608,36.471,28,,,,,,,,,,,,,377
2026-09-30T17:36:30.426,349.954,0,1308.0,109,,110.125,56.078,1.5,0.0,1.003,0.966,-0.105,17870,39.608,40.392,29,106,,,,,,,,,,,,
2026-09-30T17:36:30.556,350.084,0,1336.0,109,,110.406,55.686,1.5,-0.781,1.002,0.969,-0.098,17900,39.608,45.49,29,,42,,,,,,,,,,,
2026-09-30T17:36:30.686,350.215,0,1350.75,110,,110.594,55.294,2.0,-1.562,1.003,0.969,-0.098,18020,39.608,50.588,29,,,0.0,,,,,,,,,,
2026-09-30T17:36:30.817,350.345,0,1374.75,111,,110.812,54.902,2.0,-1.562,1.003,0.973,-0.09,18050,39.608,50.98,30,,,,14.296,,,,,,,,,
2026-09-30T17:36:30.946,350.474,0,1392.75,111,,111.219,53.725,2.0,-1.562,1.003,0.973,-0.09,18040,39.608,51.373,31,,,,,97,,,,,,,,
2026-09-30T17:36:31.076,350.604,0,1420.0,111,,111.5,52.549,2.5,-2.344,1.003,0.987,-0.051,18000,39.608,51.373,31,,,,,,23,,,,,,,
2026-09-30T17:36:31.205,350.734,0,1449.0,112,,111.812,50.588,3.5,-2.344,1.003,0.99,-0.047,17950,39.216,51.373,31,,,,,,,36.078,,,,,,
2026-09-30T17:36:31.336,350.864,0,1481.75,112,,112.219,47.451,3.5,-1.562,1.003,1.01,-0.012,17920,38.824,51.765,32,,,,,,,,491.0,,,,,
2026-09-30T17:36:31.465,350.994,0,1506.25,113,,113.094,46.667,3.5,-0.781,1.003,1.02,0.0,17900,38.824,52.549,32,,,,,,,,,0.81,,,,
2026-09-30T17:36:31.595,351.124,0,1521.0,114,,113.594,45.882,3.5,0.0,1.003,1.024,0.004,17900,38.824,52.549,33,,,,,,,,,,,0.781,,
2026-09-30T17:36:31.726,351.255,0,1537.5,114,,114.0,45.49,3.5,-0.781,1.003,1.007,-0.012,17910,36.863,40.392,33,,,,,,,,,,,,87.843,
2026-09-30T17:36:31.855,351.384,0,1550.25,113,,115.438,44.314,5.0,0.0,1.003,1.011,-0.008,17940,35.686,23.529,34,,,,,,,,,,,,,379
2026-09-30T17:36:31.986,351.514,0,1548.0,99,,116.656,37.647,6.0,-1.562,1.003,0.99,-0.043,17450,35.294,24.706,34,105,,,,,,,,,,,,
2026-09-30T17:36:32.119,351.648,0,1587.0,101,,116.125,37.647,6.5,0.0,1.003,1.021,0.0,16970,34.51,22.353,35,,41,,,,,,,,,,,
2026-09-30T17:36:32.246,351.775,0,1601.25,100,,115.75,34.118,7.5,0.0,1.003,1.01,-0.012,16590,34.118,23.137,35,,,0.0,,,,,,,,,,
2026-09-30T17:36:32.376,351.904,0,1628.5,96,,115.188,33.725,9.0,-0.781,1.003,0.993,-0.035,16470,34.118,22.745,35,,,,14.316,,,,,,,,,
2026-09-30T17:36:32.505,352.034,0,1649.25,96,,114.75,33.725,9.5,-0.781,1.003,0.985,-0.059,16500,33.333,21.961,36,,,,,97,,,,,,,,
2026-09-30T17:36:32.636,352.165,0,1663.0,94,,114.5,30.588,10.0,-1.562,1.003,0.982,-0.066,16290,31.765,20.0,36,,,,,,23,,,,,,,
2026-09-30T17:36:32.765,352.294,0,1671.25,87,,114.469,27.843,12.5,-1.562,1.003,0.989,-0.047,15800,30.588,18.824,36,,,,,,,36.078,,,,,,
2026-09-30T17:36:32.896,352.424,0,1675.75,82,,114.188,25.49,14.0,-2.344,1.003,0.994,-0.035,15230,30.196,18.431,36,,,,,,,,497.5,,,,,
2026-09-30T17:36:33.026,352.555,0,1697.5,78,,113.531,23.922,15.0,-1.562,1.003,1.005,-0.016,14840,27.059,16.471,37,,,,,,,,,0.805,,,,
2026-09-30T17:36:33.155,352.684,0,1704.5,63,,108.062,18.039,17.0,-1.562,1.003,0.992,-0.039,14510,17.255,13.333,37,,,,,,,,,,,0.781,,
2026-09-30T17:36:33.285,352.814,0,1693.75,47,,107.5,0.0,15.5,-2.344,1.003,0.979,-0.074,13860,14.51,12.549,37,,,,,,,,,,,,18.431,
2026-09-30T17:36:33.417,352.945,0,1687.0,33,,106.25,0.0,21.5,-3.125,1.003,0.969,-0.098,13380,14.51,12.941,37,,,,,,,,,,,,,380
2026-09-30T17:36:33.545,353.074,0,1675.25,27,,103.812,0.0,21.5,-3.125,1.003,0.983,-0.062,12860,14.51,12.941,37,103,,,,,,,,,,,,
2026-09-30T17:36:33.676,353.205,0,1677.75,25,,103.0,0.0,20.0,-2.344,1.003,1.013,-0.008,12310,14.51,12.941,37,,40,,,,,,,,,,,
2026-09-30T17:36:33.806,353.335,0,1652.25,25,,102.281,0.0,15.0,-1.562,1.004,1.016,-0.004,11820,14.51,12.941,36,,,7.031,,,,,,,,,,
2026-09-30T17:36:33.935,353.464,0,1598.75,24,,101.688,0.0,10.0,-1.562,1.005,1.016,-0.004,11370,14.51,12.549,36,,,,14.335,,,,,,,,,
2026-09-30T17:36:34.065,353.594,0,1579.75,24,,100.75,0.0,6.0,-1.562,1.005,1.018,-0.004,10920,14.51,13.333,36,,,,,97,,,,,,,,
2026-09-30T17:36:34.195,353.724,0,1601.5,23,,100.375,0.0,1.5,0.0,1.005,1.035,0.016,10490,14.51,13.333,36,,,,,,23,,,,,,,
2026-09-30T17:36:34.325,353.854,0,1652.75,24,,99.938,0.0,-0.5,0.0,1.005,1.068,0.055,10180,14.51,12.941,35,,,,,,,36.078,,,,,,
2026-09-30T17:36:34.455,353.984,0,1630.75,25,,99.469,0.0,-0.5,0.0,1.005,1.2,0.195,9990,14.51,12.941,35,,,,,,,,500.8,,,,,
2026-09-30T17:36:34.585,354.114,0,1609.25,26,,99.156,0.0,-1.0,0.0,0.998,1.62,0.508,10000,14.51,12.941,35,,,,,,,,,0.8,,,,
2026-09-30T17:36:34.716,354.245,0,1602.75,27,,99.281,0.0,-1.0,0.0,1.013,2.0,0.785,10000,14.51,12.941,35,,,,,,,,,,,0.781,,
2026-09-30T17:36:34.846,354.374,0,1594.25,27,,99.469,0.0,-1.0,0.0,1.088,2.0,0.949,10000,14.51,12.549,35,,,,,,,,,,,,14.118,
2026-09-30T17:36:34.976,354.504,0,1571.25,28,,99.469,0.0,-1.0,0.0,1.16,2.0,1.047,10010,14.51,12.549,34,,,,,,,,,,,,,382
2026-09-30T17:36:35.105,354.634,0,1561.0,27,,99.438,0.0,-1.0,0.0,1.226,2.0,1.125,10010,14.51,12.549,34,102,,,,,,,,,,,,
2026-09-30T17:36:35.235,354.764,0,1544.75,27,,99.25,0.0,-1.0,0.0,1.307,2.0,1.156,10020,14.51,12.549,33,,41,,,,,,,,,,,
2026-09-30T17:36:35.365,354.894,0,1525.0,27,,99.156,0.0,-1.5,0.0,1.424,2.0,1.199,10030,14.51,12.549,33,,,7.031,,,,,,,,,,
2026-09-30T17:36:35.496,355.024,0,1511.0,26,,99.156,0.0,-1.5,0.0,1.539,2.0,1.219,10030,14.51,12.549,33,,,,14.316,,,,,,,,,
2026-09-30T17:36:35.625,355.154,0,1493.75,26,,99.156,0.0,-2.0,0.0,1.671,2.0,1.227,10030,14.51,12.549,32,,,,,97,,,,,,,,
2026-09-30T17:36:35.756,355.284,0,1478.25,26,,99.094,0.0,-2.5,0.0,1.738,2.0,1.234,10030,14.51,12.549,32,,,,,,23,,,,,,,
2026-09-30T17:36:35.885,355.414,0,1455.25,26,,98.906,0.0,-2.5,0.0,1.775,2.0,1.242,10030,14.51,12.549,31,,,,,,,36.078,,,,,,
2026-09-30T17:36:36.018,355.547,0,1434.25,26,,98.844,0.0,-2.5,0.0,1.788,2.0,1.25,10030,14.51,12.549,31,,,,,,,,503.8,,,,,
2026-09-30T17:36:36.146,355.675,0,1406.75,26,,98.812,0.0,-3.0,0.0,1.795,2.0,1.254,10030,14.51,12.157,30,,,,,,,,,0.125,,,,
2026-09-30T17:36:36.276,355.805,0,1374.25,26,,98.812,0.0,-4.0,0.0,1.797,2.0,1.258,10030,14.51,12.157,29,,,,,,,,,,,0.781,,
2026-09-30T17:36:36.406,355.934,0,1339.25,26,,98.75,0.0,-4.0,0.0,1.799,2.0,1.258,10020,14.51,12.157,29,,,,,,,,,,,,12.941,
2026-09-30T17:36:36.535,356.064,0,1307.5,26,,98.625,0.0,-4.5,0.0,1.799,2.0,1.258,10030,14.51,12.157,28,,,,,,,,,,,,,383
2026-09-30T17:36:36.665,356.194,0,1284.0,26,,98.5,0.0,-5.0,0.0,1.8,2.0,1.262,10030,14.51,12.157,27,101,,,,,,,,,,,,
2026-09-30T17:36:36.796,356.325,0,1248.25,25,,98.5,0.0,-5.5,0.0,1.8,2.0,1.262,10030,14.51,12.157,27,,41,,,,,,,,,,,
2026-09-30T17:36:36.926,356.454,0,1219.5,25,,98.5,0.0,-5.5,0.0,1.8,2.0,1.262,10030,14.51,12.157,26,,,10.156,,,,,,,,,,
2026-09-30T17:36:37.055,356.584,0,1240.0,26,,98.5,0.0,-5.5,0.0,1.8,2.0,1.262,10030,14.51,12.157,25,,,,14.316,,,,,,,,,
2026-09-30T17:36:37.185,356.714,0,1236.0,26,,98.438,0.0,-5.5,0.0,1.8,2.0,1.262,10020,14.51,12.157,24,,,,,97,,,,,,,,
2026-09-30T17:36:37.317,356.845,0,1237.75,26,,98.312,0.0,-5.5,0.0,1.8,2.0,1.262,10020,14.51,12.157,23,,,,,,23,,,,,,,
2026-09-30T17:36:37.445,356.974,0,1235.5,26,,98.188,0.0,-5.5,0.0,1.8,2.0,1.262,10010,14.51,12.157,22,,,,,,,36.078,,,,,,
2026-09-30T17:36:37.575,357.104,0,1231.75,26,,98.219,0.0,-5.5,0.0,1.8,2.0,1.262,10010,14.51,12.157,21,,,,,,,,506.6,,,,,
2026-09-30T17:36:37.705,357.234,0,1224.5,26,,98.188,0.0,-5.5,0.0,1.8,2.0,1.258,10020,14.51,12.157,21,,,,,,,,,0.1,,,,
2026-09-30T17:36:37.835,357.364,0,1218.0,26,,98.188,0.0,-5.5,0.0,1.8,2.0,1.262,10010,14.51,12.157,20,,,,,,,,,,,0.781,,
2026-09-30T17:36:37.966,357.495,0,1218.5,26,,98.188,0.0,-5.5,0.0,1.8,2.0,1.262,10010,14.51,12.157,19,,,,,,,,,,,,12.941,
2026-09-30T17:36:38.095,357.624,0,1212.5,26,,98.188,0.0,-6.0,0.0,1.8,2.0,1.262,10010,14.51,12.157,18,,,,,,,,,,,,,385
2026-09-30T17:36:38.225,357.754,0,1189.75,26,,98.188,0.0,-6.5,0.0,1.8,2.0,1.262,10010,14.51,11.765,17,100,,,,,,,,,,,,
2026-09-30T17:36:38.356,357.884,0,1102.25,26,,98.156,10.98,-0.5,0.0,1.761,2.0,1.266,9920,14.51,11.373,16,,42,,,,,,,,,,,
2026-09-30T17:36:38.486,358.015,0,1013.75,26,,98.125,11.765,1.5,0.0,1.886,2.0,1.242,9970,14.51,11.373,15,,,11.719,,,,,,,,,,
2026-09-30T17:36:38.619,358.148,0,999.75,24,,97.938,10.588,2.5,0.0,1.76,2.0,0.91,9760,14.51,11.765,14,,,,14.199,,,,,,,,,
2026-09-30T17:36:38.745,358.274,0,955.75,23,,97.906,11.373,8.0,0.0,1.496,1.483,0.426,9370,14.51,12.157,14,,,,,97,,,,,,,,
2026-09-30T17:36:38.876,358.405,0,906.0,27,,97.875,14.118,5.5,0.0,1.293,1.219,0.215,9070,14.51,12.549,13,,,,,,23,,,,,,,
2026-09-30T17:36:39.006,358.534,0,868.75,28,,97.875,14.902,2.0,0.0,1.13,1.098,0.086,8660,14.51,12.157,12,,,,,,,36.078,,,,,,
2026-09-30T17:36:39.135,358.664,0,848.0,30,,97.844,17.255,1.0,0.0,1.045,1.015,-0.004,8230,14.51,12.549,11,,,,,,,,507.6,,,,,
2026-09-30T17:36:39.265,358.794,0,832.5,33,,97.719,19.216,-2.5,0.0,0.984,0.983,-0.062,7880,14.51,12.549,10,,,,,,,,,0.11,,,,
2026-09-30T17:36:39.395,358.924,0,809.25,34,,97.625,19.216,-1.0,0.0,0.954,0.966,-0.105,7390,14.51,12.549,9,,,,,,,,,,,0.781,,
2026-09-30T17:36:39.525,359.054,0,805.0,36,,97.531,21.961,-3.5,0.781,0.933,0.946,-0.148,6980,14.51,12.549,8,,,,,,,,,,,,22.745,
2026-09-30T17:36:39.656,359.184,0,834.5,37,,97.531,21.961,-8.0,0.781,0.922,0.935,-0.176,6440,14.51,12.157,7,,,,,,,,,,,,,386
2026-09-30T17:36:39.785,359.314,0,852.0,35,,97.531,20.0,-6.0,0.781,0.914,0.918,-0.215,5940,14.51,12.157,7,101,,,,,,,,,,,,
2026-09-30T17:36:39.918,359.447,0,856.0,34,,97.531,19.216,-4.5,0.0,0.91,0.897,-0.27,5600,14.51,12.157,6,,43,,,,,,,,,,,
2026-09-30T17:36:40.045,359.574,0,858.5,33,,97.531,18.431,-4.0,0.0,0.908,0.887,-0.297,5230,14.51,12.157,5,,,7.812,,,,,,,,,,
2026-09-30T17:36:40.175,359.704,0,857.0,32,,97.531,18.039,-3.0,-0.781,0.906,0.879,-0.324,4940,14.51,12.157,4,,,,14.218,,,,,,,,,
2026-09-30T17:36:40.306,359.835,0,852.0,32,,97.531,18.039,-2.5,-0.781,0.904,0.872,-0.34,4680,14.51,12.549,3,,,,,97,,,,,,,,
2026-09-30T17:36:40.435,359.964,0,844.25,32,,97.531,18.431,-1.0,-2.344,0.903,0.859,-0.383,4470,14.51,12.549,3,,,,,,23,,,,,,,
2026-09-30T17:36:40.565,360.094,0,845.25,33,,97.469,18.431,-7.0,-2.344,0.901,0.855,-0.395,4190,14.51,12.157,2,,,,,,,36.078,,,,,,
2026-09-30T17:36:40.695,360.224,0,827.5,32,,97.5,18.039,-1.0,-3.125,0.9,0.854,-0.398,3970,14.51,12.549,2,,,,,,,,507.5,,,,,
2026-09-30T17:36:40.825,360.354,0,814.0,33,,97.406,19.216,-4.0,-3.125,0.898,0.86,-0.379,3640,14.51,12.549,2,,,,,,,,,0.185,,,,
2026-09-30T17:36:40.955,360.484,0,800.0,34,,97.438,20.0,14.0,-3.125,0.897,0.869,-0.352,3480,14.51,14.902,1,,,,,,,,,,,0.781,,
2026-09-30T17:36:41.085,360.614,0,808.75,38,,97.125,28.627,-2.5,-2.344,0.894,0.883,-0.309,3520,14.51,12.941,1,,,,,,,,,,,,27.059,
2026-09-30T17:36:41.217,360.745,0,859.5,44,,97.281,25.882,-10.5,-1.562,0.892,0.896,-0.273,3760,14.51,12.549,1,,,,,,,,,,,,,388
2026-09-30T17:36:41.345,360.874,0,902.0,41,,97.281,21.176,-7.5,-0.781,0.889,0.895,-0.277,4280,14.51,12.549,0,102,,,,,,,,,,,,
2026-09-30T17:36:41.475,361.004,0,900.0,36,,97.281,20.0,-5.0,-1.562,0.887,0.88,-0.32,4430,14.51,12.157,0,,44,,,,,,,,,,,
2026-09-30T17:36:41.606,361.135,0,884.25,36,,97.281,20.392,-3.0,-2.344,0.884,0.858,-0.383,4340,14.51,12.941,0,,,7.031,,,,,,,,,,
2026-09-30T17:36:41.735,361.264,0,866.25,34,,97.281,21.176,-1.0,-3.906,0.883,0.846,-0.426,4150,14.51,12.549,0,,,,14.277,,,,,,,,,
2026-09-30T17:36:41.865,361.394,0,862.5,36,,97.281,20.784,-4.0,-3.906,0.882,0.842,-0.438,4130,14.51,12.549,0,,,,,97,,,,,,,,
2026-09-30T17:36:41.995,361.524,0,856.5,36,,97.219,20.784,-5.5,-3.906,0.882,0.849,-0.418,3980,14.51,12.157,0,,,,,,23,,,,,,,
2026-09-30T17:36:42.125,361.654,0,842.75,35,,97.25,20.392,-3.0,-3.906,0.881,0.851,-0.41,3870,14.51,12.157,0,,,,,,,36.078,,,,,,
2026-09-30T17:36:42.256,361.784,0,835.25,33,,97.219,18.824,0.0,-4.688,0.881,0.852,-0.406,3730,14.51,12.549,0,,,,,,,,506.8,,,,,
2026-09-30T17:36:42.386,361.915,0,837.75,34,,97.219,19.608,-4.0,-4.688,0.881,0.855,-0.398,3710,14.51,12.157,0,,,,,,,,,0.205,,,,
2026-09-30T17:36:42.516,362.045,0,833.5,34,,97.219,19.216,-4.5,-4.688,0.881,0.857,-0.391,3670,14.51,12.157,0,,,,,,,,,,,0.781,,
2026-09-30T17:36:42.645,362.174,0,825.75,33,,97.219,18.824,-4.5,-4.688,0.881,0.86,-0.379,3610,14.51,12.157,0,,,,,,,,,,,,19.608,
2026-09-30T17:36:42.776,362.304,0,816.5,33,,97.219,18.824,-5.0,-4.688,0.881,0.861,-0.375,3580,14.51,12.157,0,,,,,,,,,,,,,389
2026-09-30T17:36:42.905,362.434,0,807.25,33,,97.219,18.824,-4.0,-4.688,0.881,0.862,-0.375,3590,14.51,12.157,0,103,,,,,,,,,,,,
2026-09-30T17:36:43.036,362.564,0,795.5,33,,97.219,18.824,-2.0,-4.688,0.881,0.862,-0.371,3570,14.51,12.157,0,,44,,,,,,,,,,,
2026-09-30T17:36:43.165,362.694,0,789.5,33,,97.219,19.216,-1.0,-4.688,0.881,0.867,-0.359,3570,14.51,12.157,0,,,7.812,,,,,,,,,,
2026-09-30T17:36:43.295,362.824,0,789.75,34,,97.219,19.216,-2.0,-4.688,0.881,0.869,-0.352,3590,14.51,12.157,0,,,,14.218,,,,,,,,,
2026-09-30T17:36:43.425,362.954,0,793.0,34,,97.219,19.216,-2.5,-4.688,0.881,0.869,-0.352,3610,14.51,12.157,0,,,,,97,,,,,,,,
2026-09-30T17:36:43.555,363.084,0,795.25,34,,97.219,19.216,-3.5,-4.688,0.881,0.865,-0.363,3630,14.51,12.157,0,,,,,,23,,,,,,,
2026-09-30T17:36:43.685,363.214,0,792.0,34,,97.219,19.216,-4.0,-5.469,0.881,0.864,-0.367,3650,14.51,12.157,0,,,,,,,36.078,,,,,,
2026-09-30T17:36:43.816,363.345,0,791.75,34,,97.219,19.216,-1.0,-5.469,0.881,0.86,-0.379,3640,14.51,12.157,0,,,,,,,,506.1,,,,,
2026-09-30T17:36:43.945,363.474,0,791.5,33,,97.219,18.824,0.5,-5.469,0.881,0.86,-0.379,3620,14.51,12.157,0,,,,,,,,,0.22,,,,
2026-09-30T17:36:44.076,363.605,0,793.0,33,,97.219,18.824,-1.0,-5.469,0.881,0.865,-0.363,3620,14.51,12.157,0,,,,,,,,,,,0.781,,
2026-09-30T17:36:44.205,363.734,0,788.5,33,,97.219,19.216,-2.0,-5.469,0.881,0.865,-0.363,3650,14.51,12.157,0,,,,,,,,,,,,20.0,
2026-09-30T17:36:44.335,363.864,0,793.25,33,,97.219,19.216,-3.0,-5.469,0.881,0.867,-0.355,3670,14.51,12.157,0,,,,,,,,,,,,,391
2026-09-30T17:36:44.465,363.994,0,793.5,33,,97.219,19.216,-3.0,-5.469,0.881,0.868,-0.355,3660,14.51,12.157,0,103,,,,,,,,,,,,
2026-09-30T17:36:44.595,364.124,0,790.25,33,,97.219,19.216,-2.5,-6.25,0.881,0.869,-0.352,3670,14.51,12.157,0,,44,,,,,,,,,,,
2026-09-30T17:36:44.725,364.254,0,788.25,33,,97.219,19.216,-1.5,-6.25,0.881,0.868,-0.355,3670,14.51,12.157,0,,,8.594,,,,,,,,,,
2026-09-30T17:36:44.856,364.384,0,789.75,33,,97.219,18.824,-1.0,-6.25,0.881,0.868,-0.355,3650,14.51,12.157,0,,,,14.296,,,,,,,,,
2026-09-30T17:36:44.985,364.514,0,787.25,33,,97.219,18.824,0.0,-6.25,0.881,0.871,-0.344,3630,14.51,12.157,0,,,,,97,,,,,,,,
2026-09-30T17:36:45.119,364.647,0,789.75,33,,97.219,18.431,-1.0,-6.25,0.881,0.87,-0.348,3630,14.51,12.157,0,,,,,,23,,,,,,,
2026-09-30T17:36:45.245,364.774,0,793.75,33,,97.219,19.216,-1.0,-6.25,0.881,0.87,-0.348,3640,14.51,12.157,0,,,,,,,36.078,,,,,,
2026-09-30T17:36:45.375,364.904,0,793.0,33,,97.219,18.824,-1.5,-6.25,0.881,0.868,-0.355,3640,14.51,12.157,0,,,,,,,,505.4,,,,,
2026-09-30T17:36:45.505,365.034,0,791.25,33,,97.219,18.824,-1.0,-6.25,0.881,0.871,-0.348,3640,14.51,12.157,0,,,,,,,,,0.23,,,,
2026-09-30T17:36:45.635,365.164,0,792.0,33,,97.219,19.216,-1.5,-6.25,0.881,0.872,-0.344,3660,14.51,12.157,0,,,,,,,,,,,0.781,,
2026-09-30T17:36:45.766,365.294,0,790.75,33,,97.219,19.216,-1.0,-6.25,0.881,0.874,-0.34,3650,14.51,12.157,0,,,,,,,,,,,,19.608,
2026-09-30T17:36:45.896,365.425,0,793.25,33,,97.219,19.216,-2.0,-6.25,0.881,0.873,-0.34,3660,14.51,12.157,0,,,,,,,,,,,,,393
2026-09-30T17:36:46.035,365.564,0,795.25,33,,97.219,18.824,-2.5,-6.25,0.881,0.878,-0.324,3640,14.51,12.157,0,103,,,,,,,,,,,,
2026-09-30T17:36:46.165,365.694,0,791.5,33,,97.219,18.824,-1.0,-6.25,0.881,0.88,-0.32,3640,14.51,12.157,0,,44,,,,,,,,,,,
2026-09-30T17:36:46.296,365.824,0,789.5,33,,97.219,18.824,0.0,-6.25,0.881,0.88,-0.32,3650,14.51,12.157,0,,,8.594,,,,,,,,,,
2026-09-30T17:36:46.426,365.955,0,790.0,33,,97.219,18.824,-1.0,-6.25,0.881,0.88,-0.32,3670,14.51,12.157,0,,,,14.257,,,,,,,,,
2026-09-30T17:36:46.555,366.084,0,794.75,33,,97.219,19.216,-1.5,-6.25,0.881,0.88,-0.32,3660,14.51,12.157,0,,,,,97,,,,,,,,
2026-09-30T17:36:46.685,366.214,0,796.0,33,,97.219,19.216,-2.5,-6.25,0.881,0.879,-0.324,3660,14.51,12.157,0,,,,,,23,,,,,,,
2026-09-30T17:36:46.817,366.345,0,794.5,33,,97.219,19.216,-2.0,-6.25,0.881,0.878,-0.324,3660,14.51,12.157,0,,,,,,,36.078,,,,,,
2026-09-30T17:36:46.945,366.474,0,792.25,33,,97.219,19.216,-2.0,-6.25,0.881,0.879,-0.324,3660,14.51,12.157,0,,,,,,,,504.6,,,,,
2026-09-30T17:36:47.075,366.604,0,787.75,33,,97.219,19.216,-1.0,-6.25,0.881,0.878,-0.324,3670,14.51,12.157,0,,,,,,,,,0.24,,,,
2026-09-30T17:36:47.206,366.734,0,792.0,33,,97.219,19.216,-0.5,-6.25,0.881,0.877,-0.328,3680,14.51,12.157,0,,,,,,,,,,,0.781,,
2026-09-30T17:36:47.336,366.865,0,792.75,33,,97.219,19.216,-1.5,-6.25,0.881,0.877,-0.328,3680,14.51,12.157,0,,,,,,,,,,,,20.0,
2026-09-30T17:36:47.466,366.994,0,794.25,33,,97.219,19.216,-1.5,-6.25,0.881,0.878,-0.324,3680,14.51,12.157,0,,,,,,,,,,,,,394
2026-09-30T17:36:47.595,367.124,0,796.25,33,,97.219,19.216,-2.5,-6.25,0.881,0.878,-0.324,3670,14.51,12.157,0,103,,,,,,,,,,,,
2026-09-30T17:36:47.725,367.254,0,797.75,33,,97.219,19.216,-2.0,-6.25,0.881,0.879,-0.324,3670,14.51,12.157,0,,44,,,,,,,,,,,
2026-09-30T17:36:47.855,367.384,0,796.0,33,,97.219,19.216,-2.5,-6.25,0.881,0.878,-0.324,3670,14.51,12.157,0,,,8.594,,,,,,,,,,
2026-09-30T17:36:47.985,367.514,0,794.25,33,,97.219,19.216,-2.0,-6.25,0.881,0.876,-0.332,3670,14.51,12.157,0,,,,14.257,,,,,,,,,
2026-09-30T17:36:48.119,367.647,0,791.5,33,,97.219,19.216,-1.0,-6.25,0.881,0.875,-0.332,3680,14.51,12.157,0,,,,,97,,,,,,,,
2026-09-30T17:36:48.245,367.774,0,796.5,33,,97.219,19.216,-2.0,-6.25,0.881,0.877,-0.328,3680,14.51,12.157,0,,,,,,23,,,,,,,
2026-09-30T17:36:48.376,367.904,0,795.25,33,,97.219,18.824,-2.5,-6.25,0.881,0.879,-0.324,3670,14.51,12.157,0,,,,,,,36.078,,,,,,
2026-09-30T17:36:48.506,368.034,0,798.0,33,,97.219,18.824,-2.0,-6.25,0.881,0.879,-0.32,3670,14.51,12.157,0,,,,,,,,503.6,,,,,
2026-09-30T17:36:48.636,368.164,0,797.0,33,,97.188,18.824,-2.0,-6.25,0.881,0.88,-0.316,3670,14.51,12.157,0,,,,,,,,,0.255,,,,
2026-09-30T17:36:48.765,368.294,0,792.0,33,,97.219,19.216,-1.5,-6.25,0.881,0.88,-0.32,3680,14.51,12.157,0,,,,,,,,,,,0.781,,
2026-09-30T17:36:48.895,368.424,0,791.5,33,,97.188,19.216,-1.5,-6.25,0.881,0.878,-0.324,3680,14.51,12.157,0,,,,,,,,,,,,19.608,
2026-09-30T17:36:49.025,368.554,0,795.25,33,,97.219,19.216,-1.0,-6.25,0.881,0.877,-0.328,3680,14.51,12.157,0,,,,,,,,,,,,,396
2026-09-30T17:36:49.155,368.684,0,798.0,33,,97.188,19.216,-2.5,-6.25,0.881,0.876,-0.332,3680,14.51,12.157,0,103,,,,,,,,,,,,
2026-09-30T17:36:49.285,368.814,0,797.5,33,,97.219,18.824,-2.0,-6.25,0.881,0.875,-0.336,3680,14.51,12.157,0,,45,,,,,,,,,,,
2026-09-30T17:36:49.416,368.944,0,791.75,33,,97.219,19.216,-1.0,-6.25,0.881,0.876,-0.332,3690,14.51,12.157,0,,,8.594,,,,,,,,,,
2026-09-30T17:36:49.546,369.074,0,791.75,33,,97.219,19.216,-1.0,-6.25,0.881,0.876,-0.332,3680,14.51,12.157,0,,,,14.277,,,,,,,,,
2026-09-30T17:36:49.675,369.204,0,792.75,33,,97.188,19.216,-1.0,-6.25,0.881,0.876,-0.328,3690,14.51,12.157,0,,,,,97,,,,,,,,
2026-09-30T17:36:49.806,369.334,0,796.0,33,,97.188,19.216,-2.5,-6.25,0.881,0.875,-0.332,3680,14.51,12.157,0,,,,,,23,,,,,,,
2026-09-30T17:36:49.936,369.465,0,798.0,33,,97.188,19.216,-2.5,-6.25,0.881,0.875,-0.332,3690,14.51,12.157,0,,,,,,,36.078,,,,,,
2026-09-30T17:36:50.065,369.594,0,796.5,33,,97.188,19.216,-2.0,-6.25,0.881,0.875,-0.332,3680,14.51,12.157,0,,,,,,,,502.5,,,,,
2026-09-30T17:36:50.196,369.724,0,795.0,33,,97.125,18.824,-1.5,-6.25,0.881,0.88,-0.32,3680,14.51,12.157,0,,,,,,,,,0.265,,,,
2026-09-30T17:36:50.325,369.854,0,791.0,33,,97.188,19.216,-1.0,-6.25,0.881,0.882,-0.312,3690,14.51,12.157,0,,,,,,,,,,,0.781,,
2026-09-30T17:36:50.455,369.984,0,794.5,33,,97.188,19.216,-1.0,-6.25,0.881,0.88,-0.32,3680,14.51,12.157,0,,,,,,,,,,,,19.608,
2026-09-30T17:36:50.585,370.114,0,797.5,33,,97.188,18.824,-2.5,-6.25,0.881,0.879,-0.32,3670,14.51,12.157,0,,,,,,,,,,,,,397
2026-09-30T17:36:50.716,370.245,0,797.75,33,,97.188,19.216,-3.0,-6.25,0.881,0.878,-0.328,3680,14.51,12.157,0,104,,,,,,,,,,,,
2026-09-30T17:36:50.845,370.374,0,798.75,33,,97.188,19.216,-3.0,-6.25,0.881,0.877,-0.328,3690,14.51,12.157,0,,45,,,,,,,,,,,
2026-09-30T17:36:50.976,370.504,0,803.0,33,,97.188,18.824,-4.0,-6.25,0.881,0.879,-0.324,3710,14.51,12.157,0,,,8.594,,,,,,,,,,
2026-09-30T17:36:51.106,370.634,0,799.75,33,,97.188,18.824,-4.0,-6.25,0.881,0.882,-0.312,3690,14.51,12.157,0,,,,14.257,,,,,,,,,
2026-09-30T17:36:51.236,370.765,0,793.75,33,,97.219,19.216,-3.0,-6.25,0.881,0.882,-0.312,3690,14.51,12.157,0,,,,,97,,,,,,,,
2026-09-30T17:36:51.366,370.895,0,799.0,33,,97.188,18.824,-3.5,-6.25,0.881,0.879,-0.324,3690,14.51,12.157,0,,,,,,23,,,,,,,
2026-09-30T17:36:51.495,371.024,0,799.75,33,,97.188,18.824,-4.0,-6.25,0.881,0.878,-0.324,3690,14.51,12.157,0,,,,,,,36.078,,,,,,
2026-09-30T17:36:51.625,371.154,0,801.25,33,,97.156,18.824,-5.0,-6.25,0.881,0.879,-0.324,3690,14.51,12.157,0,,,,,,,,501.4,,,,,
2026-09-30T17:36:51.755,371.284,0,800.0,33,,97.156,18.824,-5.0,-6.25,0.881,0.88,-0.32,3680,14.51,12.157,0,,,,,,,,,0.81,,,,
2026-09-30T17:36:51.885,371.414,0,799.25,33,,97.188,18.824,-2.5,-6.25,0.879,0.88,-0.32,3670,14.51,12.157,0,,,,,,,,,,,0.781,,
2026-09-30T17:36:52.015,371.544,0,795.5,33,,97.188,18.824,-2.0,-5.469,0.872,0.883,-0.312,3680,14.51,12.157,0,,,,,,,,,,,,19.608,
2026-09-30T17:36:52.145,371.674,0,796.75,33,,97.188,18.824,-2.5,-6.25,0.897,0.895,-0.277,3670,14.51,12.157,0,,,,,,,,,,,,,399
2026-09-30T17:36:52.275,371.804,0,798.75,33,,97.188,18.824,-3.5,-7.031,0.927,0.913,-0.23,3670,14.51,12.157,0,104,,,,,,,,,,,,
2026-09-30T17:36:52.405,371.934,0,796.75,33,,97.188,19.216,-3.5,-7.812,0.956,0.929,-0.191,3680,14.51,12.157,0,,45,,,,,,,,,,,
2026-09-30T17:36:52.536,372.064,0,795.0,34,,97.188,19.216,-1.5,-7.812,0.974,0.941,-0.16,3700,14.51,12.157,0,,,9.375,,,,,,,,,,
2026-09-30T17:36:52.665,372.194,0,793.0,34,,97.156,19.608,-2.0,-8.594,0.987,0.95,-0.141,3710,14.51,12.157,0,,,,14.257,,,,,,,,,
2026-09-30T17:36:52.795,372.324,0,791.0,34,,97.156,19.608,-3.5,-8.594,0.993,0.958,-0.125,3720,14.51,12.157,0,,,,,97,,,,,,,,
2026-09-30T17:36:52.925,372.454,0,794.5,34,,97.156,19.608,-2.5,-8.594,0.998,0.965,-0.109,3740,14.51,12.157,0,,,,,,23,,,,,,,
2026-09-30T17:36:53.055,372.584,0,793.5,34,,97.188,19.608,-2.5,-8.594,1.0,0.971,-0.094,3750,14.51,12.157,0,,,,,,,36.078,,,,,,
2026-09-30T17:36:53.185,372.714,0,794.0,34,,97.188,19.608,-2.5,-8.594,1.002,0.975,-0.086,3730,14.51,12.157,0,,,,,,,,501.1,,,,,
2026-09-30T17:36:53.315,372.844,0,793.5,34,,97.188,19.608,-3.5,-8.594,1.003,0.979,-0.074,3730,14.51,12.157,0,,,,,,,,,0.935,,,,
2026-09-30T17:36:53.445,372.974,0,791.75,34,,97.219,19.608,-2.0,-8.594,1.004,0.981,-0.066,3730,14.51,12.157,0,,,,,,,,,,,0.781,,
2026-09-30T17:36:53.575,373.104,0,791.5,34,,97.188,19.608,-2.0,-9.375,1.004,0.983,-0.062,3730,14.51,12.157,0,,,,,,,,,,,,20.0,
2026-09-30T17:36:53.706,373.235,0,793.75,34,,97.219,19.216,-3.0,-9.375,1.004,0.983,-0.062,3730,14.51,12.157,0,,,,,,,,,,,,,400
2026-09-30T17:36:53.835,373.364,0,792.0,34,,97.219,19.216,-3.0,-9.375,1.004,0.981,-0.07,3720,14.51,12.157,0,104,,,,,,,,,,,,
2026-09-30T17:36:53.965,373.494,0,792.5,34,,97.219,19.216,-2.0,-9.375,1.004,0.98,-0.07,3710,14.51,12.157,0,,45,,,,,,,,,,,
2026-09-30T17:36:54.095,373.624,0,793.5,34,,97.219,19.216,-2.5,-9.375,1.005,0.982,-0.066,3720,14.51,12.157,0,,,10.156,,,,,,,,,,
2026-09-30T17:36:54.225,373.754,0,789.0,34,,97.219,19.216,-1.5,-9.375,1.004,0.985,-0.059,3730,14.51,12.157,0,,,,14.277,,,,,,,,,
2026-09-30T17:36:54.355,373.884,0,783.75,34,,97.219,19.608,0.5,-9.375,1.005,0.991,-0.043,3730,14.51,12.157,0,,,,,97,,,,,,,,
2026-09-30T17:36:54.486,374.014,0,788.5,34,,97.188,19.608,0.5,-9.375,1.007,0.995,-0.031,3720,14.51,12.157,0,,,,,,23,,,,,,,
2026-09-30T17:36:54.619,374.147,0,791.75,34,,97.219,19.608,-3.5,-9.375,1.008,0.998,-0.027,3740,14.51,12.157,0,,,,,,,36.078,,,,,,
2026-09-30T17:36:54.745,374.274,0,792.5,34,,97.219,19.608,-3.5,-9.375,1.009,0.998,-0.023,3750,14.51,12.157,0,,,,,,,,500.8,,,,,
2026-09-30T17:36:54.875,374.404,0,794.0,34,,97.219,20.0,-2.5,-9.375,1.009,0.997,-0.027,3750,14.51,12.157,0,,,,,,,,,0.92,,,,
2026-09-30T17:36:55.005,374.534,0,797.0,34,,97.188,19.608,-3.5,-9.375,1.008,0.996,-0.031,3750,14.51,12.157,0,,,,,,,,,,,0.781,,
2026-09-30T17:36:55.135,374.664,0,789.25,34,,97.219,19.608,-2.5,-10.156,1.007,0.993,-0.035,3750,14.51,12.157,0,,,,,,,,,,,,20.392,
2026-09-30T17:36:55.265,374.794,0,793.5,34,,97.219,19.608,-3.0,-10.156,1.006,0.992,-0.039,3760,14.51,12.157,0,,,,,,,,,,,,,402
2026-09-30T17:36:55.395,374.924,0,795.0,34,,97.188,19.608,-4.0,-10.156,1.005,0.993,-0.039,3770,14.51,12.157,0,104,,,,,,,,,,,,
2026-09-30T17:36:55.525,375.054,0,798.5,34,,97.219,19.608,-4.0,-10.156,1.005,0.996,-0.031,3770,14.51,12.157,0,,45,,,,,,,,,,,
2026-09-30T17:36:55.655,375.184,0,792.75,34,,97.219,19.608,-4.0,-9.375,1.005,0.999,-0.023,3770,14.51,12.157,0,,,10.156,,,,,,,,,,
2026-09-30T17:36:55.785,375.314,0,792.75,34,,97.188,19.608,-2.5,-9.375,1.005,1.004,-0.016,3760,14.51,12.157,0,,,,14.296,,,,,,,,,
2026-09-30T17:36:55.916,375.444,0,795.0,34,,97.219,19.608,-2.5,-9.375,1.005,1.003,-0.016,3750,14.51,12.157,0,,,,,97,,,,,,,,
2026-09-30T17:36:56.045,375.574,0,791.5,34,,97.219,19.216,-3.5,-9.375,1.005,1.0,-0.02,3740,14.51,12.157,0,,,,,,23,,,,,,,
2026-09-30T17:36:56.175,375.704,0,790.0,34,,97.219,19.216,-1.5,-9.375,1.005,0.999,-0.02,3730,14.51,12.157,0,,,,,,,36.078,,,,,,
2026-09-30T17:36:56.305,375.834,0,790.25,33,,97.219,19.216,-2.5,-10.156,1.005,0.997,-0.027,3720,14.51,12.157,0,,,,,,,,500.5,,,,,
2026-09-30T17:36:56.435,375.964,0,795.25,33,,97.219,18.824,-2.5,-10.156,1.005,0.996,-0.027,3710,14.51,12.157,0,,,,,,,,,0.905,,,,
2026-09-30T17:36:56.565,376.094,0,793.25,33,,97.188,19.216,-2.5,-10.156,1.005,0.998,-0.023,3710,14.51,12.157,0,,,,,,,,,,,0.781,,
2026-09-30T17:36:56.696,376.225,0,795.25,34,,97.219,19.216,-2.0,-9.375,1.005,1.005,-0.016,3710,14.51,12.157,0,,,,,,,,,,,,20.0,
2026-09-30T17:36:56.825,376.354,0,787.0,34,,97.188,19.216,-1.0,-9.375,1.005,1.005,-0.016,3720,14.51,12.157,0,,,,,,,,,,,,,403
2026-09-30T17:36:56.955,376.484,0,789.0,34,,97.188,19.216,-3.0,-9.375,1.005,1.005,-0.016,3720,14.51,12.157,0,105,,,,,,,,,,,,
2026-09-30T17:36:57.085,376.614,0,799.25,34,,97.188,19.216,-4.5,-9.375,1.005,1.002,-0.02,3700,14.51,12.157,0,,45,,,,,,,,,,,
2026-09-30T17:36:57.215,376.744,0,791.5,34,,97.188,19.216,-2.5,-10.156,1.005,0.999,-0.023,3710,14.51,12.157,0,,,10.156,,,,,,,,,,
2026-09-30T17:36:57.345,376.874,0,791.0,34,,97.156,19.216,-2.5,-10.156,1.005,0.997,-0.027,3710,14.51,12.157,0,,,,14.257,,,,,,,,,
2026-09-30T17:36:57.475,377.004,0,791.75,34,,97.156,19.216,-2.5,-10.156,1.005,0.997,-0.027,3710,14.51,12.157,0,,,,,97,,,,,,,,
2026-09-30T17:36:57.606,377.135,0,790.75,33,,97.156,19.216,-2.5,-10.156,1.005,0.998,-0.023,3710,14.51,12.157,0,,,,,,23,,,,,,,
2026-09-30T17:36:57.735,377.264,0,790.75,34,,97.188,19.216,-2.0,-10.156,1.005,1.0,-0.02,3710,14.51,12.157,0,,,,,,,36.078,,,,,,
2026-09-30T17:36:57.865,377.394,0,789.75,34,,97.219,19.216,-2.5,-9.375,1.005,1.003,-0.016,3700,14.51,12.157,0,,,,,,,,500.1,,,,,
2026-09-30T17:36:57.995,377.524,0,789.75,34,,97.219,19.216,-2.5,-9.375,1.005,1.002,-0.02,3710,14.51,12.157,0,,,,,,,,,0.89,,,,
2026-09-30T17:36:58.125,377.654,0,792.0,34,,97.188,19.216,-2.5,-9.375,1.005,1.002,-0.02,3720,14.51,12.157,0,,,,,,,,,,,0.781,,
2026-09-30T17:36:58.255,377.784,0,790.75,34,,97.188,19.216,-1.5,-10.156,1.005,1.0,-0.02,3710,14.51,12.157,0,,,,,,,,,,,,20.0,
2026-09-30T17:36:58.385,377.914,0,790.25,34,,97.219,19.216,-1.5,-10.156,1.005,1.001,-0.02,3710,14.51,12.157,0,,,,,,,,,,,,,405
2026-09-30T17:36:58.516,378.045,0,792.0,34,,97.188,19.216,-2.5,-9.375,1.005,1.002,-0.02,3710,14.51,12.157,0,105,,,,,,,,,,,,
2026-09-30T17:36:58.645,378.174,0,792.75,34,,97.188,19.216,-2.5,-9.375,1.005,1.003,-0.016,3720,14.51,12.157,0,,45,,,,,,,,,,,
2026-09-30T17:36:58.775,378.304,0,792.5,34,,97.219,19.216,-3.0,-10.156,1.005,0.999,-0.023,3710,14.51,12.157,0,,,10.156,,,,,,,,,,
2026-09-30T17:36:58.905,378.434,0,793.5,34,,97.219,19.216,-2.5,-10.156,1.005,1.003,-0.016,3710,14.51,12.157,0,,,,14.238,,,,,,,,,
2026-09-30T17:36:59.035,378.564,0,790.75,33,,97.219,19.216,-2.5,-10.156,1.005,1.004,-0.016,3710,14.51,12.157,0,,,,,97,,,,,,,,
2026-09-30T17:36:59.165,378.694,0,790.5,33,,97.188,19.216,-1.5,-9.375,1.005,1.005,-0.016,3720,14.51,12.157,0,,,,,,23,,,,,,,
2026-09-30T17:36:59.295,378.824,0,788.75,33,,97.156,19.216,-1.0,-9.375,1.005,1.01,-0.012,3720,14.51,12.157,0,,,,,,,36.078,,,,,,
2026-09-30T17:36:59.426,378.955,0,792.5,34,,97.188,19.216,-2.5,-9.375,1.005,1.012,-0.008,3710,14.51,12.157,0,,,,,,,,499.8,,,,,
2026-09-30T17:36:59.555,379.084,0,794.75,34,,97.125,19.216,-2.0,-9.375,1.005,1.005,-0.016,3700,14.51,12.157,0,,,,,,,,,0.88,,,,
2026-09-30T17:36:59.685,379.214,0,791.75,33,,97.188,19.216,-2.5,-9.375,1.005,1.004,-0.016,3710,14.51,12.157,0,,,,,,,,,,,0.781,,
2026-09-30T17:36:59.815,379.344,0,794.0,33,,97.219,19.216,-2.5,-9.375,1.005,1.0,-0.02,3710,14.51,12.157,0,,,,,,,,,,,,20.0,
2026-09-30T17:36:59.945,379.474,0,792.75,33,,97.219,19.216,-2.0,-10.156,1.005,1.0,-0.02,3710,14.51,12.157,0,,,,,,,,,,,,,407
2026-09-30T17:37:00.075,379.604,0,788.25,33,,97.219,19.216,-1.0,-9.375,1.005,1.004,-0.016,3710,14.51,12.157,0,105,,,,,,,,,,,,
2026-09-30T17:37:00.205,379.734,0,790.5,33,,97.219,19.216,-2.0,-9.375,1.005,1.006,-0.016,3710,14.51,12.157,0,,45,,,,,,,,,,,
2026-09-30T17:37:00.335,379.864,0,794.75,33,,97.188,19.216,-2.5,-9.375,1.005,1.004,-0.016,3720,14.51,12.157,0,,,10.156,,,,,,,,,,
2026-09-30T17:37:00.465,379.994,0,793.75,33,,97.219,19.216,-1.5,-9.375,1.005,1.004,-0.016,3710,14.51,12.157,0,,,,14.316,,,,,,,,,
2026-09-30T17:37:00.596,380.125,0,797.5,33,,97.188,19.216,-3.0,-9.375,1.005,1.006,-0.016,3710,14.51,12.157,0,,,,,97,,,,,,,,
2026-09-30T17:37:00.725,380.254,0,793.75,33,,97.219,19.216,-2.5,-9.375,1.005,1.005,-0.016,3700,14.51,12.157,0,,,,,,23,,,,,,,
2026-09-30T17:37:00.855,380.384,0,795.5,33,,97.188,19.216,-0.5,-9.375,1.005,1.006,-0.016,3700,14.51,12.157,0,,,,,,,36.078,,,,,,
2026-09-30T17:37:00.985,380.514,0,794.0,34,,97.156,19.216,-1.5,-9.375,1.005,1.005,-0.016,3710,14.51,12.549,0,,,,,,,,499.4,,,,,
2026-09-30T17:37:01.118,380.646,0,797.5,34,,97.188,19.216,-3.0,-9.375,1.005,1.005,-0.016,3730,14.51,12.549,0,,,,,,,,,0.875,,,,
2026-09-30T17:37:01.255,380.784,0,797.0,34,,97.188,20.0,-5.0,-9.375,1.005,1.005,-0.016,3760,14.51,12.157,0,,,,,,,,,,,0.781,,
2026-09-30T17:37:01.385,380.914,0,793.75,34,,97.188,19.608,-5.0,-9.375,1.005,1.005,-0.016,3760,14.51,12.157,0,,,,,,,,,,,,20.0,
2026-09-30T17:37:01.515,381.044,0,791.75,34,,97.219,19.216,-2.5,-9.375,1.005,1.005,-0.016,3750,14.51,12.157,0,,,,,,,,,,,,,408
2026-09-30T17:37:01.645,381.174,0,790.5,34,,97.219,19.216,-1.5,-9.375,1.004,1.005,-0.016,3730,14.51,12.157,0,105,,,,,,,,,,,,
2026-09-30T17:37:01.775,381.304,0,793.0,33,,97.188,19.216,-1.5,-9.375,1.004,1.002,-0.02,3710,14.51,12.157,0,,45,,,,,,,,,,,
2026-09-30T17:37:01.905,381.434,0,794.75,33,,97.219,19.216,-2.5,-9.375,1.005,1.0,-0.02,3720,14.51,12.157,0,,,10.156,,,,,,,,,,
2026-09-30T17:37:02.035,381.564,0,797.0,33,,97.219,19.216,-2.0,-9.375,1.005,0.999,-0.023,3720,14.51,12.157,0,,,,14.257,,,,,,,,,
2026-09-30T17:37:02.165,381.694,0,796.0,33,,97.219,19.216,-2.0,-9.375,1.005,1.001,-0.02,3720,14.51,12.157,0,,,,,97,,,,,,,,
2026-09-30T17:37:02.296,381.824,0,791.75,33,,97.219,19.216,-1.0,-9.375,1.005,1.003,-0.016,3720,14.51,12.157,0,,,,,,23,,,,,,,
2026-09-30T17:37:02.425,381.954,0,794.0,33,,97.188,19.216,-1.5,-9.375,1.005,1.01,-0.012,3710,14.51,12.157,0,,,,,,,36.078,,,,,,
2026-09-30T17:37:02.555,382.084,0,789.0,33,,97.219,19.216,-2.0,-9.375,1.005,1.009,-0.012,3710,14.51,12.157,0,,,,,,,,499.1,,,,,
2026-09-30T17:37:02.685,382.214,0,794.75,33,,97.219,19.216,-2.5,-9.375,1.005,1.005,-0.016,3710,14.51,12.157,0,,,,,,,,,0.865,,,,
2026-09-30T17:37:02.815,382.344,0,798.5,33,,97.188,19.216,-3.0,-9.375,1.005,1.003,-0.016,3710,14.51,12.157,0,,,,,,,,,,,0.781,,
2026-09-30T17:37:02.945,382.474,0,797.5,33,,97.219,19.216,-3.0,-9.375,1.005,1.003,-0.016,3700,14.51,12.157,0,,,,,,,,,,,,19.608,
2026-09-30T17:37:03.075,382.604,0,790.0,33,,97.219,19.216,-1.5,-9.375,1.005,1.003,-0.016,3710,14.51,12.157,0,,,,,,,,,,,,,410
2026-09-30T17:37:03.205,382.734,0,791.25,33,,97.219,19.216,0.0,-9.375,1.005,1.001,-0.02,3710,14.51,12.157,0,105,,,,,,,,,,,,
2026-09-30T17:37:03.335,382.864,0,790.75,34,,97.188,19.216,-1.0,-9.375,1.005,1.005,-0.016,3700,14.51,12.157,0,,45,,,,,,,,,,,
2026-09-30T17:37:03.465,382.993,0,797.5,33,,97.156,19.216,-2.5,-9.375,1.005,1.007,-0.012,3700,14.51,12.549,0,,,9.375,,,,,,,,,,
2026-09-30T17:37:03.595,383.124,0,796.0,34,,97.188,20.392,-4.5,-9.375,1.005,1.006,-0.016,3750,14.51,12.157,0,,,,14.179,,,,,,,,,
2026-09-30T17:37:03.725,383.254,0,794.75,35,,97.188,20.0,-3.0,-9.375,1.005,1.002,-0.02,3770,14.51,12.157,0,,,,,97,,,,,,,,
2026-09-30T17:37:03.855,383.384,0,795.75,34,,97.219,19.608,-2.5,-9.375,1.005,0.999,-0.023,3750,14.51,12.157,0,,,,,,23,,,,,,,
2026-09-30T17:37:03.985,383.514,0,797.0,34,,97.219,19.216,-2.5,-9.375,1.004,0.998,-0.023,3750,14.51,12.157,0,,,,,,,36.078,,,,,,
2026-09-30T17:37:04.118,383.646,0,796.0,34,,97.188,19.216,-2.5,-9.375,1.004,0.999,-0.023,3760,14.51,12.549,0,,,,,,,,498.7,,,,,
2026-09-30T17:37:04.245,383.774,0,797.25,34,,97.188,20.0,-4.0,-9.375,1.004,0.999,-0.023,3770,14.51,12.549,0,,,,,,,,,0.86,,,,
2026-09-30T17:37:04.375,383.904,0,798.0,34,,97.219,20.0,-4.0,-9.375,1.004,0.999,-0.023,3780,14.51,12.157,0,,,,,,,,,,,0.781,,
2026-09-30T17:37:04.505,384.034,0,790.75,35,,97.188,20.0,-2.0,-9.375,1.004,1.001,-0.02,3780,14.51,12.157,0,,,,,,,,,,,,20.784,
2026-09-30T17:37:04.636,384.164,0,791.75,34,,97.219,20.0,-2.5,-9.375,1.004,1.003,-0.016,3790,14.51,12.157,0,,,,,,,,,,,,,411
2026-09-30T17:37:04.765,384.294,0,796.5,34,,97.219,20.0,-4.0,-9.375,1.004,1.004,-0.016,3790,14.51,12.157,0,105,,,,,,,,,,,,
2026-09-30T17:37:04.895,384.424,0,794.75,34,,97.188,20.0,-3.5,-9.375,1.004,1.001,-0.02,3790,14.51,12.157,0,,45,,,,,,,,,,,
2026-09-30T17:37:05.025,384.554,0,793.5,34,,97.219,20.0,-2.5,-9.375,1.004,1.0,-0.02,3780,14.51,12.157,0,,,10.156,,,,,,,,,,
2026-09-30T17:37:05.155,384.684,0,799.0,34,,97.219,19.608,-3.5,-9.375,1.004,1.001,-0.02,3770,14.51,12.157,0,,,,14.277,,,,,,,,,
2026-09-30T17:37:05.285,384.814,0,799.75,34,,97.219,20.0,-4.0,-9.375,1.004,1.004,-0.016,3780,14.51,12.157,0,,,,,97,,,,,,,,
2026-09-30T17:37:05.415,384.944,0,791.75,34,,97.219,19.608,-2.0,-9.375,1.004,1.005,-0.016,3770,14.51,12.157,0,,,,,,23,,,,,,,
2026-09-30T17:37:05.545,385.074,0,788.0,34,,97.219,20.0,-2.0,-9.375,1.004,1.007,-0.012,3770,14.51,12.157,0,,,,,,,36.078,,,,,,
2026-09-30T17:37:05.675,385.204,0,795.5,34,,97.219,20.0,-2.5,-9.375,1.004,1.004,-0.016,3760,14.51,12.157,0,,,,,,,,498.3,,,,,
2026-09-30T17:37:05.806,385.334,0,800.5,34,,97.188,20.0,-3.0,-9.375,1.004,1.003,-0.016,3790,14.51,12.157,0,,,,,,,,,0.855,,,,
2026-09-30T17:37:05.935,385.464,0,798.75,34,,97.219,19.608,-2.5,-9.375,1.004,1.001,-0.02,3800,14.51,12.157,0,,,,,,,,,,,0.781,,
2026-09-30T17:37:06.065,385.594,0,794.75,34,,97.219,19.608,-2.5,-9.375,1.004,1.0,-0.02,3790,14.51,12.157,0,,,,,,,,,,,,20.392,
2026-09-30T17:37:06.195,385.724,0,797.0,34,,97.188,19.608,-3.0,-9.375,1.004,1.001,-0.02,3780,14.51,12.157,0,,,,,,,,,,,,,413
2026-09-30T17:37:06.325,385.854,0,795.25,34,,97.156,19.608,-2.5,-9.375,1.004,1.005,-0.016,3770,14.51,12.157,0,105,,,,,,,,,,,,
2026-09-30T17:37:06.455,385.984,0,793.0,34,,97.188,20.0,-2.5,-9.375,1.004,1.009,-0.012,3770,14.51,12.157,0,,46,,,,,,,,,,,
2026-09-30T17:37:06.585,386.114,0,794.0,34,,97.188,20.0,-3.0,-9.375,1.004,1.006,-0.016,3780,14.51,12.157,0,,,9.375,,,,,,,,,,
2026-09-30T17:37:06.715,386.244,0,797.75,34,,97.156,20.0,-4.0,-9.375,1.004,1.002,-0.02,3770,14.51,12.157,0,,,,14.218,,,,,,,,,
2026-09-30T17:37:06.845,386.374,0,796.0,34,,97.219,19.608,-3.5,-9.375,1.004,1.002,-0.02,3770,14.51,12.157,0,,,,,97,,,,,,,,
2026-09-30T17:37:06.976,386.505,0,789.25,34,,97.219,19.608,-1.0,-9.375,1.004,0.999,-0.02,3780,14.51,12.157,0,,,,,,23,,,,,,,
2026-09-30T17:37:07.105,386.634,0,792.0,34,,97.219,19.608,-1.5,-9.375,1.004,1.001,-0.02,3780,14.51,12.157,0,,,,,,,36.078,,,,,,
2026-09-30T17:37:07.235,386.764,0,795.0,34,,97.219,19.608,-2.5,-9.375,1.004,1.001,-0.02,3770,14.51,12.157,0,,,,,,,,498.0,,,,,
2026-09-30T17:37:07.365,386.894,0,798.75,34,,97.219,19.608,-3.0,-9.375,1.004,1.002,-0.02,3770,14.51,12.157,0,,,,,,,,,0.85,,,,
2026-09-30T17:37:07.495,387.024,0,795.25,34,,97.188,19.608,-2.5,-9.375,1.004,0.998,-0.023,3770,14.51,12.157,0,,,,,,,,,,,0.781,,
2026-09-30T17:37:07.625,387.154,0,794.75,34,,97.219,19.608,-2.5,-9.375,1.004,0.999,-0.023,3760,14.51,12.157,0,,,,,,,,,,,,20.392,
2026-09-30T17:37:07.755,387.284,0,797.0,34,,97.219,19.608,-2.5,-9.375,1.004,0.998,-0.023,3760,14.51,12.157,0,,,,,,,,,,,,,414
2026-09-30T17:37:07.885,387.414,0,797.0,34,,97.219,19.608,-3.0,-9.375,1.004,0.998,-0.023,3760,14.51,12.157,0,105,,,,,,,,,,,,
2026-09-30T17:37:08.015,387.544,0,792.5,34,,97.188,19.608,-2.5,-9.375,1.004,0.997,-0.027,3760,14.51,12.157,0,,46,,,,,,,,,,,
2026-09-30T17:37:08.146,387.675,0,792.5,34,,97.219,19.608,-1.5,-9.375,1.004,0.998,-0.023,3770,14.51,12.157,0,,,10.156,,,,,,,,,,
2026-09-30T17:37:08.275,387.804,0,796.25,34,,97.219,19.608,-2.5,-9.375,1.004,1.0,-0.02,3770,14.51,12.157,0,,,,14.257,,,,,,,,,
2026-09-30T17:37:08.405,387.934,0,796.0,34,,97.219,19.608,-2.5,-9.375,1.004,1.003,-0.016,3770,14.51,12.157,0,,,,,97,,,,,,,,
2026-09-30T17:37:08.535,388.064,0,794.5,34,,97.188,19.608,-2.5,-9.375,1.004,1.002,-0.02,3760,14.51,12.157,0,,,,,,23,,,,,,,
2026-09-30T17:37:08.665,388.194,0,794.75,34,,97.219,19.608,-2.5,-9.375,1.004,0.999,-0.023,3780,14.51,12.157,0,,,,,,,36.078,,,,,,
2026-09-30T17:37:08.795,388.324,0,790.0,34,,97.188,19.608,-1.5,-9.375,1.004,0.997,-0.027,3780,14.51,12.157,0,,,,,,,,497.7,,,,,
2026-09-30T17:37:08.925,388.454,0,791.25,34,,97.219,19.608,-1.0,-9.375,1.004,0.999,-0.023,3780,14.51,12.157,0,,,,,,,,,0.845,,,,
2026-09-30T17:37:09.055,388.584,0,792.5,34,,97.188,19.608,-2.0,-9.375,1.004,0.999,-0.023,3770,14.51,12.157,0,,,,,,,,,,,0.781,,
2026-09-30T17:37:09.185,388.714,0,798.0,34,,97.188,19.608,-3.0,-9.375,1.004,0.999,-0.023,3770,14.51,12.157,0,,,,,,,,,,,,20.392,
2026-09-30T17:37:09.316,388.845,0,794.75,34,,97.188,19.608,-2.0,-9.375,1.004,0.998,-0.023,3770,14.51,12.157,0,,,,,,,,,,,,,416
2026-09-30T17:37:09.445,388.974,0,790.75,34,,97.219,19.608,-1.0,-9.375,1.004,0.998,-0.023,3770,14.51,12.157,0,105,,,,,,,,,,,,
2026-09-30T17:37:09.575,389.104,0,793.25,34,,97.156,19.608,-2.0,-10.156,1.004,0.996,-0.031,3770,14.51,12.157,0,,46,,,,,,,,,,,
2026-09-30T17:37:09.705,389.234,0,795.75,34,,97.188,19.608,-3.0,-10.156,1.004,0.997,-0.027,3770,14.51,12.157,0,,,10.156,,,,,,,,,,
2026-09-30T17:37:09.835,389.364,0,798.0,34,,97.188,19.608,-3.0,-10.156,1.004,0.997,-0.027,3770,14.51,12.157,0,,,,14.257,,,,,,,,,
2026-09-30T17:37:09.965,389.494,0,791.0,34,,97.125,19.608,-1.5,-10.156,1.004,0.998,-0.027,3770,14.51,12.157,0,,,,,97,,,,,,,,
2026-09-30T17:37:10.095,389.624,0,795.25,34,,97.156,19.608,-2.5,-10.156,1.004,0.999,-0.023,3770,14.51,12.157,0,,,,,,23,,,,,,,
2026-09-30T17:37:10.225,389.754,0,795.25,34,,97.156,19.608,-2.5,-10.156,1.004,1.001,-0.02,3770,14.51,12.157,0,,,,,,,36.078,,,,,,
2026-09-30T17:37:10.355,389.884,0,795.25,34,,97.188,19.608,-1.0,-10.156,1.004,1.002,-0.02,3770,14.51,12.157,0,,,,,,,,497.4,,,,,
2026-09-30T17:37:10.485,390.014,0,788.25,34,,97.188,19.608,-1.0,-10.156,1.004,0.999,-0.02,3780,14.51,12.157,0,,,,,,,,,0.84,,,,
2026-09-30T17:37:10.618,390.147,0,795.0,34,,97.188,19.608,-2.5,-9.375,1.003,1.004,-0.016,3780,14.51,12.157,0,,,,,,,,,,,0.781,,
2026-09-30T17:37:10.745,390.274,0,793.5,34,,97.188,19.608,-2.5,-9.375,1.003,1.003,-0.016,3780,14.51,12.157,0,,,,,,,,,,,,20.392,
2026-09-30T17:37:10.875,390.404,0,795.25,34,,97.219,19.608,-2.5,-9.375,1.003,1.004,-0.016,3780,14.51,12.157,0,,,,,,,,,,,,,418
2026-09-30T17:37:11.005,390.534,0,794.75,34,,97.188,19.608,-2.0,-9.375,1.003,1.008,-0.012,3770,14.51,12.157,0,105,,,,,,,,,,,,
2026-09-30T17:37:11.135,390.664,0,795.5,34,,97.219,19.608,-2.5,-9.375,1.003,1.008,-0.012,3770,14.51,12.157,0,,46,,,,,,,,,,,
2026-09-30T17:37:11.265,390.794,0,794.5,34,,97.219,19.608,-2.5,-9.375,1.003,1.005,-0.016,3770,14.51,12.157,0,,,10.156,,,,,,,,,,
2026-09-30T17:37:11.405,390.934,0,793.0,34,,97.188,19.608,-2.0,-9.375,1.003,1.0,-0.02,3780,14.51,12.157,0,,,,14.199,,,,,,,,,
2026-09-30T17:37:11.535,391.064,0,798.5,34,,97.188,19.608,-3.0,-9.375,1.003,0.999,-0.023,3790,14.51,12.157,0,,,,,97,,,,,,,,
2026-09-30T17:37:11.665,391.194,0,793.0,34,,97.188,19.608,-1.0,-9.375,1.003,0.998,-0.023,3780,14.51,12.157,0,,,,,,23,,,,,,,
2026-09-30T17:37:11.795,391.324,0,794.25,34,,97.219,19.608,-2.0,-9.375,1.003,0.998,-0.027,3770,14.51,12.157,0,,,,,,,36.078,,,,,,
2026-09-30T17:37:11.925,391.454,0,797.75,34,,97.156,19.608,-2.5,-10.156,1.003,0.997,-0.027,3780,14.51,12.157,0,,,,,,,,497.1,,,,,
2026-09-30T17:37:12.055,391.584,0,791.25,34,,97.188,20.0,-1.0,-10.156,1.003,0.998,-0.023,3780,14.51,12.157,0,,,,,,,,,0.835,,,,
2026-09-30T17:37:12.186,391.714,0,791.75,34,,97.219,19.608,-2.0,-10.156,1.003,1.0,-0.02,3790,14.51,12.157,0,,,,,,,,,,,0.781,,
2026-09-30T17:37:12.315,391.844,0,793.0,34,,97.219,19.608,-2.0,-9.375,1.003,1.004,-0.016,3780,14.51,12.157,0,,,,,,,,,,,,20.392,
2026-09-30T17:37:12.445,391.974,0,795.75,34,,97.188,19.608,-2.5,-9.375,1.003,1.002,-0.02,3780,14.51,12.157,0,,,,,,,,,,,,,419
2026-09-30T17:37:12.575,392.104,0,793.25,34,,97.188,19.608,-2.0,-9.375,1.003,1.004,-0.016,3780,14.51,12.157,0,105,,,,,,,,,,,,
2026-09-30T17:37:12.705,392.234,0,792.75,34,,97.188,19.608,-2.0,-9.375,1.003,1.007,-0.012,3790,14.51,12.157,0,,46,,,,,,,,,,,
2026-09-30T17:37:12.835,392.364,0,797.5,34,,97.188,19.608,-2.5,-9.375,1.003,1.007,-0.012,3780,14.51,12.157,0,,,10.156,,,,,,,,,,
2026-09-30T17:37:12.965,392.494,0,793.25,34,,97.219,19.608,-2.0,-9.375,1.003,1.007,-0.012,3780,14.51,12.157,0,,,,14.335,,,,,,,,,
2026-09-30T17:37:13.095,392.624,0,793.75,34,,97.188,19.608,-2.5,-9.375,1.003,1.006,-0.016,3780,14.51,12.157,0,,,,,97,,,,,,,,
2026-09-30T17:37:13.225,392.754,0,797.5,34,,97.188,19.608,-2.5,-9.375,1.003,1.003,-0.016,3780,14.51,12.157,0,,,,,,23,,,,,,,
2026-09-30T17:37:13.356,392.884,0,797.25,34,,97.219,19.608,-3.5,-9.375,1.003,1.0,-0.02,3780,14.51,12.157,0,,,,,,,36.078,,,,,,
2026-09-30T17:37:13.485,393.014,0,794.25,34,,97.219,19.608,-2.0,-9.375,1.003,0.999,-0.023,3780,14.51,12.157,0,,,,,,,,496.8,,,,,
2026-09-30T17:37:13.618,393.146,0,793.0,34,,97.219,19.608,-1.0,-9.375,1.003,1.0,-0.02,3780,14.51,12.157,0,,,,,,,,,0.835,,,,
2026-09-30T17:37:13.745,393.273,0,795.25,34,,97.219,19.608,-2.0,-9.375,1.003,1.001,-0.02,3790,14.51,12.157,0,,,,,,,,,,,0.781,,
2026-09-30T17:37:13.875,393.403,0,797.75,34,,97.219,19.608,-3.0,-9.375,1.003,0.999,-0.023,3780,14.51,12.157,0,,,,,,,,,,,,20.392,
2026-09-30T17:37:14.005,393.533,0,797.5,34,,97.219,19.608,-3.0,-9.375,1.003,1.0,-0.02,3770,14.51,12.157,0,,,,,,,,,,,,,421
2026-09-30T17:37:14.135,393.664,0,796.5,34,,97.219,19.608,-3.5,-9.375,1.003,1.005,-0.016,3770,14.51,12.157,0,105,,,,,,,,,,,,
2026-09-30T17:37:14.265,393.793,0,796.25,34,,97.188,19.608,-1.5,-9.375,1.003,1.001,-0.02,3780,14.51,12.157,0,,46,,,,,,,,,,,
2026-09-30T17:37:14.395,393.924,0,792.75,34,,97.188,19.608,-2.0,-9.375,1.003,1.004,-0.016,3780,14.51,12.157,0,,,10.156,,,,,,,,,,
2026-09-30T17:37:14.526,394.054,0,796.0,34,,97.188,19.608,-2.0,-9.375,1.003,1.007,-0.012,3780,14.51,12.157,0,,,,14.238,,,,,,,,,
2026-09-30T17:37:14.655,394.184,0,797.75,34,,97.156,19.608,-3.0,-9.375,1.003,0.999,-0.023,3780,14.51,12.157,0,,,,,97,,,,,,,,
2026-09-30T17:37:14.785,394.314,0,801.25,34,,97.219,19.608,-2.5,-9.375,1.003,0.999,-0.023,3780,14.51,12.157,0,,,,,,23,,,,,,,
2026-09-30T17:37:14.915,394.444,0,794.75,34,,97.219,19.608,-2.5,-9.375,1.003,1.0,-0.02,3770,14.51,12.157,0,,,,,,,36.078,,,,,,
2026-09-30T17:37:15.045,394.574,0,796.75,34,,97.188,19.608,-2.5,-9.375,1.003,0.999,-0.023,3780,14.51,12.157,0,,,,,,,,496.5,,,,,
2026-09-30T17:37:15.175,394.703,0,791.25,34,,97.219,20.0,-1.0,-9.375,1.003,0.999,-0.023,3770,14.51,12.157,0,,,,,,,,,0.83,,,,
2026-09-30T17:37:15.305,394.834,0,793.25,34,,97.188,20.0,-2.0,-9.375,1.003,0.999,-0.023,3780,14.51,12.157,0,,,,,,,,,,,0.781,,
2026-09-30T17:37:15.435,394.964,0,798.5,34,,97.188,19.608,-3.0,-9.375,1.003,0.999,-0.023,3780,14.51,12.157,0,,,,,,,,,,,,20.392,
2026-09-30T17:37:15.565,395.094,0,795.25,34,,97.219,19.608,-2.5,-9.375,1.003,0.998,-0.027,3780,14.51,12.157,0,,,,,,,,,,,,,422
2026-09-30T17:37:15.696,395.224,0,792.75,34,,97.188,19.608,-1.5,-9.375,1.003,0.999,-0.023,3770,14.51,12.157,0,105,,,,,,,,,,,,
2026-09-30T17:37:15.825,395.354,0,795.0,34,,97.219,19.608,-2.0,-9.375,1.003,0.999,-0.023,3760,14.51,12.157,0,,46,,,,,,,,,,,
2026-09-30T17:37:15.955,395.484,0,788.75,34,,97.188,19.608,-1.5,-9.375,1.003,0.999,-0.023,3780,14.51,12.157,0,,,9.375,,,,,,,,,,
2026-09-30T17:37:16.085,395.614,0,790.5,34,,97.219,20.0,-0.5,-9.375,1.003,1.0,-0.02,3780,14.51,12.157,0,,,,14.238,,,,,,,,,
2026-09-30T17:37:16.216,395.745,0,794.25,34,,97.219,20.0,-2.0,-9.375,1.003,0.999,-0.023,3780,14.51,12.157,0,,,,,97,,,,,,,,
2026-09-30T17:37:16.345,395.873,0,800.0,34,,97.219,19.608,-2.5,-9.375,1.003,0.999,-0.02,3780,14.51,12.549,0,,,,,,23,,,,,,,
2026-09-30T17:37:16.485,396.013,0,795.5,34,,97.219,20.0,-2.0,-9.375,1.003,0.999,-0.02,3780,14.51,12.549,0,,,,,,,36.078,,,,,,
2026-09-30T17:37:16.618,396.147,0,792.25,34,,97.188,20.0,-0.5,-9.375,1.003,0.999,-0.023,3780,14.51,12.549,0,,,,,,,,496.1,,,,,
2026-09-30T17:37:16.745,396.274,0,795.25,34,,97.219,20.0,-3.0,-9.375,1.003,0.998,-0.023,3770,14.51,12.549,0,,,,,,,,,0.83,,,,
2026-09-30T17:37:16.875,396.403,0,796.0,35,,97.219,20.0,-2.5,-9.375,1.003,1.001,-0.02,3790,14.51,12.549,0,,,,,,,,,,,0.781,,
2026-09-30T17:37:17.005,396.533,0,796.75,35,,97.188,20.0,-3.0,-9.375,1.003,1.001,-0.02,3790,14.51,12.549,0,,,,,,,,,,,,20.784,
2026-09-30T17:37:17.135,396.664,0,798.5,35,,97.219,20.0,-4.0,-9.375,1.003,0.997,-0.027,3800,14.51,12.549,0,,,,,,,,,,,,,424
2026-09-30T17:37:17.265,396.794,0,792.5,35,,97.188,20.0,-1.5,-10.156,1.003,0.997,-0.027,3800,14.51,12.549,0,105,,,,,,,,,,,,
2026-09-30T17:37:17.395,396.924,0,795.0,35,,97.188,20.0,-3.0,-9.375,1.003,0.998,-0.023,3790,14.51,12.549,0,,46,,,,,,,,,,,
2026-09-30T17:37:17.525,397.054,0,795.0,35,,97.219,20.0,-2.5,-9.375,1.003,0.999,-0.023,3800,14.51,12.549,0,,,9.375,,,,,,,,,,
2026-09-30T17:37:17.656,397.184,0,793.5,35,,97.219,20.0,-1.0,-9.375,1.003,1.002,-0.02,3800,14.51,12.549,0,,,,14.277,,,,,,,,,
2026-09-30T17:37:17.785,397.314,0,795.5,35,,97.219,20.0,-2.0,-9.375,1.003,1.002,-0.02,3780,14.51,12.549,0,,,,,97,,,,,,,,
2026-09-30T17:37:17.916,397.444,0,804.0,35,,97.219,20.0,-3.5,-9.375,1.003,1.005,-0.016,3800,14.51,12.549,0,,,,,,23,,,,,,,
2026-09-30T17:37:18.045,397.574,0,807.5,35,,97.219,20.392,-4.5,-9.375,1.003,1.008,-0.012,3840,14.51,12.549,0,,,,,,,36.078,,,,,,
2026-09-30T17:37:18.175,397.704,0,802.5,35,,97.188,20.392,-5.5,-9.375,1.003,1.004,-0.016,3850,14.51,12.157,0,,,,,,,,495.8,,,,,
2026-09-30T17:37:18.305,397.833,0,796.5,34,,97.188,20.0,-3.0,-9.375,1.003,1.0,-0.02,3840,14.51,12.549,0,,,,,,,,,0.825,,,,
2026-09-30T17:37:18.435,397.963,0,797.0,34,,97.219,20.0,-1.5,-9.375,1.003,1.0,-0.02,3810,14.51,12.549,0,,,,,,,,,,,0.781,,
2026-09-30T17:37:18.565,398.093,0,793.5,35,,97.188,20.0,-3.0,-9.375,1.003,0.999,-0.023,3810,14.51,12.549,0,,,,,,,,,,,,21.176,
2026-09-30T17:37:18.695,398.223,0,800.25,35,,97.188,20.392,-5.5,-9.375,1.003,0.999,-0.023,3820,14.51,12.549,0,,,,,,,,,,,,,425
2026-09-30T17:37:18.825,398.353,0,801.0,35,,97.188,20.0,-5.0,-9.375,1.002,0.999,-0.023,3830,14.51,12.549,0,106,,,,,,,,,,,,
2026-09-30T17:37:18.955,398.484,0,800.75,35,,97.219,20.392,-5.5,-9.375,1.003,0.999,-0.023,3840,14.51,12.157,0,,46,,,,,,,,,,,
2026-09-30T17:37:19.086,398.614,0,793.5,35,,97.219,20.0,-2.5,-9.375,1.004,1.001,-0.02,3820,14.51,12.157,0,,,9.375,,,,,,,,,,
2026-09-30T17:37:19.216,398.745,0,791.75,34,,97.219,19.608,-1.5,-9.375,1.005,1.005,-0.016,3810,14.51,12.157,0,,,,14.277,,,,,,,,,
2026-09-30T17:37:19.345,398.873,0,797.0,34,,97.188,19.608,-2.5,-9.375,1.005,1.009,-0.012,3790,14.51,12.157,0,,,,,97,,,,,,,,
2026-09-30T17:37:19.475,399.004,0,798.25,34,,97.219,19.608,-1.5,-9.375,1.006,1.007,-0.012,3760,14.51,12.549,0,,,,,,23,,,,,,,
2026-09-30T17:37:19.605,399.133,0,797.5,34,,97.188,20.0,-4.0,-9.375,1.006,1.002,-0.02,3760,14.51,12.549,0,,,,,,,36.078,,,,,,
2026-09-30T17:37:19.735,399.263,0,793.5,34,,97.188,20.0,-2.5,-9.375,1.006,0.998,-0.023,3760,14.51,12.549,0,,,,,,,,495.6,,,,,
2026-09-30T17:37:19.865,399.393,0,787.5,35,,97.125,20.0,-2.0,-9.375,1.006,1.001,-0.02,3780,14.51,12.549,0,,,,,,,,,0.82,,,,
2026-09-30T17:37:19.995,399.523,0,794.75,35,,97.219,20.0,-3.5,-9.375,1.006,1.007,-0.012,3790,14.51,12.549,0,,,,,,,,,,,0.781,,
2026-09-30T17:37:20.125,399.654,0,797.25,35,,97.156,20.0,-4.0,-9.375,1.006,1.003,-0.016,3800,14.51,12.549,0,,,,,,,,,,,,20.784,
2026-09-30T17:37:20.255,399.784,0,796.75,35,,97.188,20.0,-2.5,-9.375,1.006,1.002,-0.02,3790,14.51,12.549,0,,,,,,,,,,,,,427
2026-09-30T17:37:20.385,399.914,0,790.5,35,,97.188,20.0,-1.5,-9.375,1.006,1.0,-0.02,3800,14.51,12.549,0,106,,,,,,,,,,,,
2026-09-30T17:37:20.515,400.044,0,795.5,35,,97.188,20.0,-2.5,-9.375,1.006,1.003,-0.016,3790,14.51,12.549,0,,46,,,,,,,,,,,
2026-09-30T17:37:20.645,400.174,0,797.5,35,,97.188,20.0,-4.0,-9.375,1.006,1.002,-0.02,3790,14.51,12.157,0,,,9.375,,,,,,,,,,
2026-09-30T17:37:20.775,400.304,0,795.25,34,,97.188,20.0,-2.5,-9.375,1.006,1.003,-0.016,3770,14.51,12.549,0,,,,14.355,,,,,,,,,
2026-09-30T17:37:20.905,400.433,0,793.75,34,,97.188,20.0,-2.5,-9.375,1.006,1.004,-0.016,3780,14.51,12.549,0,,,,,97,,,,,,,,
2026-09-30T17:37:21.035,400.563,0,797.5,34,,97.156,20.0,-4.0,-9.375,1.006,1.004,-0.016,3800,14.51,12.549,0,,,,,,23,,,,,,,
2026-09-30T17:37:21.165,400.693,0,794.0,34,,97.188,20.0,-2.5,-10.156,1.006,1.0,-0.02,3790,14.51,12.157,0,,,,,,,36.078,,,,,,
2026-09-30T17:37:21.295,400.824,0,795.0,34,,97.219,20.0,-3.5,-9.375,1.006,1.005,-0.016,3780,14.51,12.549,0,,,,,,,,495.3,,,,,
2026-09-30T17:37:21.425,400.954,0,799.75,34,,97.156,20.0,-3.0,-9.375,1.006,1.007,-0.012,3780,14.51,12.157,0,,,,,,,,,0.82,,,,
2026-09-30T17:37:21.555,401.084,0,794.25,34,,97.188,20.0,-2.5,-9.375,1.006,1.008,-0.012,3790,14.51,12.549,0,,,,,,,,,,,0.781,,
2026-09-30T17:37:21.686,401.214,0,794.25,34,,97.156,20.0,-2.5,-9.375,1.006,1.006,-0.016,3780,14.51,12.549,0,,,,,,,,,,,,20.784,
2026-09-30T17:37:21.816,401.345,0,798.25,34,,97.188,20.0,-4.0,-9.375,1.006,1.008,-0.012,3770,14.51,12.157,0,,,,,,,,,,,,,428
2026-09-30T17:37:21.945,401.474,0,798.75,34,,97.188,20.0,-2.5,-9.375,1.006,1.01,-0.012,3780,14.51,12.157,0,106,,,,,,,,,,,,
2026-09-30T17:37:22.075,401.604,0,800.5,34,,97.188,19.608,-3.5,-9.375,1.006,1.008,-0.012,3800,14.51,12.549,0,,46,,,,,,,,,,,
2026-09-30T17:37:22.205,401.733,0,794.5,34,,97.219,20.0,-2.5,-9.375,1.006,1.005,-0.016,3800,14.51,12.549,0,,,9.375,,,,,,,,,,
2026-09-30T17:37:22.335,401.863,0,789.25,34,,97.219,20.0,-0.5,-9.375,1.006,1.005,-0.016,3800,14.51,12.157,0,,,,14.277,,,,,,,,,
2026-09-30T17:37:22.465,401.994,0,797.0,34,,97.219,20.0,-4.0,-9.375,1.006,1.009,-0.012,3780,14.51,12.549,0,,,,,97,,,,,,,,
2026-09-30T17:37:22.595,402.123,0,800.75,34,,97.188,20.0,-4.0,-9.375,1.006,1.013,-0.008,3810,14.51,12.549,0,,,,,,23,,,,,,,
2026-09-30T17:37:22.725,402.254,0,798.75,34,,97.219,20.0,-3.0,-9.375,1.006,1.01,-0.012,3800,14.51,12.549,0,,,,,,,36.078,,,,,,
2026-09-30T17:37:22.855,402.383,0,797.0,34,,97.219,20.0,-4.0,-9.375,1.006,1.005,-0.016,3810,14.51,12.549,0,,,,,,,,495.0,,,,,
2026-09-30T17:37:22.985,402.514,0,797.25,34,,97.219,20.0,-3.5,-9.375,1.006,1.004,-0.016,3810,14.51,12.549,0,,,,,,,,,0.82,,,,
2026-09-30T17:37:23.118,402.646,0,796.5,34,,97.219,19.608,-2.5,-9.375,1.005,1.002,-0.02,3800,14.51,12.549,0,,,,,,,,,,,0.781,,
2026-09-30T17:37:23.245,402.774,0,792.75,34,,97.219,20.0,-2.5,-9.375,1.005,1.008,-0.012,3800,14.51,12.549,0,,,,,,,,,,,,20.784,
2026-09-30T17:37:23.375,402.904,0,793.25,34,,97.219,20.0,-2.0,-8.594,1.005,1.011,-0.008,3780,14.51,12.549,0,,,,,,,,,,,,,430
2026-09-30T17:37:23.505,403.033,0,800.25,34,,97.219,20.0,-3.5,-8.594,1.005,1.011,-0.008,3780,14.51,12.549,0,106,,,,,,,,,,,,
2026-09-30T17:37:23.635,403.163,0,801.25,34,,97.188,19.608,-4.0,-9.375,1.005,1.007,-0.012,3810,14.51,12.157,0,,46,,,,,,,,,,,
2026-09-30T17:37:23.765,403.293,0,801.25,34,,97.188,19.608,-4.0,-9.375,1.005,1.003,-0.016,3800,14.51,12.549,0,,,10.156,,,,,,,,,,
2026-09-30T17:37:23.895,403.423,0,796.0,34,,97.219,19.608,-2.0,-9.375,1.005,1.003,-0.016,3800,14.51,12.549,0,,,,14.355,,,,,,,,,
2026-09-30T17:37:24.025,403.554,0,797.25,34,,97.219,20.0,-2.5,-9.375,1.005,1.005,-0.016,3790,14.51,12.157,0,,,,,97,,,,,,,,
2026-09-30T17:37:24.155,403.684,0,794.5,34,,97.156,20.0,-2.0,-8.594,1.005,1.011,-0.008,3780,14.51,12.157,0,,,,,,23,,,,,,,
2026-09-30T17:37:24.285,403.814,0,794.5,34,,97.219,20.0,-3.0,-8.594,1.005,1.011,-0.008,3780,14.51,12.549,0,,,,,,,36.078,,,,,,
2026-09-30T17:37:24.416,403.945,0,798.75,34,,97.188,20.0,-3.5,-8.594,1.005,1.009,-0.012,3770,14.51,12.157,0,,,,,,,,494.8,,,,,
2026-09-30T17:37:24.546,404.074,0,802.0,34,,97.188,20.0,-4.0,-8.594,1.005,1.008,-0.012,3780,14.51,12.157,0,,,,,,,,,0.815,,,,
2026-09-30T17:37:24.675,404.204,0,790.75,34,,97.219,20.0,-1.5,-8.594,1.005,1.006,-0.016,3760,14.51,12.157,0,,,,,,,,,,,0.781,,
2026-09-30T17:37:24.805,404.334,0,798.75,34,,97.219,20.0,-3.5,-8.594,1.005,1.003,-0.016,3790,14.51,12.549,0,,,,,,,,,,,,20.784,
2026-09-30T17:37:24.935,404.463,0,800.5,34,,97.188,20.0,-4.0,-9.375,1.005,1.001,-0.02,3810,14.51,12.549,0,,,,,,,,,,,,,432
2026-09-30T17:37:25.065,404.593,0,798.0,34,,97.188,20.0,-3.5,-9.375,1.005,1.001,-0.02,3810,14.51,12.549,0,106,,,,,,,,,,,,
2026-09-30T17:37:25.195,404.723,0,794.75,34,,97.219,20.0,-3.5,-9.375,1.005,0.997,-0.027,3800,14.51,12.157,0,,46,,,,,,,,,,,
2026-09-30T17:37:25.325,404.854,0,797.5,34,,97.188,20.0,-3.0,-9.375,1.005,0.999,-0.023,3790,14.51,12.549,0,,,9.375,,,,,,,,,,
2026-09-30T17:37:25.455,404.983,0,795.25,34,,97.219,20.0,-2.5,-9.375,1.005,1.002,-0.02,3790,14.51,12.549,0,,,,14.277,,,,,,,,,
2026-09-30T17:37:25.585,405.114,0,795.75,34,,97.188,20.0,-3.0,-8.594,1.005,1.008,-0.012,3780,14.51,12.157,0,,,,,97,,,,,,,,
2026-09-30T17:37:25.715,405.244,0,799.25,34,,97.156,20.0,-2.5,-8.594,1.005,1.008,-0.012,3780,14.51,12.549,0,,,,,,23,,,,,,,
2026-09-30T17:37:25.845,405.373,0,800.75,34,,97.188,20.0,-4.0,-8.594,1.005,1.01,-0.012,3790,14.51,12.549,0,,,,,,,36.078,,,,,,
2026-09-30T17:37:25.976,405.504,0,802.25,34,,97.156,19.608,-4.0,-8.594,1.005,1.007,-0.012,3810,14.51,12.549,0,,,,,,,,494.5,,,,,
2026-09-30T17:37:26.105,405.634,0,795.5,34,,97.188,19.608,6.5,-8.594,1.005,1.003,-0.016,3800,14.51,14.51,0,,,,,,,,,0.815,,,,
2026-09-30T17:37:26.235,405.764,0,806.75,34,,97.125,30.588,9.5,-8.594,1.005,1.006,-0.016,3890,14.51,13.725,0,,,,,,,,,,,0.781,,
2026-09-30T17:37:26.365,405.893,0,851.75,49,,97.0,29.412,0.5,-8.594,1.005,1.017,-0.004,4100,14.51,14.118,0,,,,,,,,,,,,33.333,
2026-09-30T17:37:26.495,406.024,0,873.5,50,,97.0,31.373,0.5,-7.031,1.004,1.036,0.02,4650,14.51,14.902,0,,,,,,,,,,,,,433
2026-09-30T17:37:26.625,406.154,0,850.5,52,,96.906,33.333,2.0,-7.031,1.004,1.032,0.016,5250,15.686,14.902,0,106,,,,,,,,,,,,
2026-09-30T17:37:26.755,406.284,0,813.5,60,,96.906,40.784,3.0,-7.031,1.004,1.021,0.0,5710,19.216,14.902,0,,46,,,,,,,,,,,
2026-09-30T17:37:26.885,406.414,0,804.5,64,,96.969,41.176,5.0,-7.031,1.004,1.02,0.0,6390,21.961,15.294,1,,,3.906,,,,,,,,,,
2026-09-30T17:37:27.016,406.545,0,847.75,66,,97.125,42.353,5.0,-7.031,1.005,1.022,0.004,6890,24.314,16.078,2,,,,14.238,,,,,,,,,
2026-09-30T17:37:27.145,406.673,0,913.0,67,,97.062,43.137,6.0,-7.031,1.006,1.024,0.004,7780,26.667,18.824,2,,,,,97,,,,,,,,
2026-09-30T17:37:27.275,406.803,0,1006.75,77,,96.781,48.235,0.5,-7.031,1.007,1.024,0.004,8490,27.451,17.255,2,,,,,,23,,,,,,,
2026-09-30T17:37:27.405,406.933,0,1126.0,76,,97.219,41.961,7.0,-5.469,1.007,1.038,0.02,9280,27.843,16.863,3,,,,,,,36.078,,,,,,
2026-09-30T17:37:27.535,407.063,0,1183.0,69,,97.438,32.941,11.0,-5.469,1.005,1.02,0.0,10010,27.843,16.471,3,,,,,,,,492.8,,,,,
2026-09-30T17:37:27.665,407.193,0,1161.25,65,,97.656,32.549,10.5,-6.25,1.004,1.018,-0.004,10620,27.843,16.078,4,,,,,,,,,0.81,,,,
2026-09-30T17:37:27.795,407.323,0,1147.5,62,,97.875,31.765,10.5,-5.469,1.004,1.015,-0.004,11160,27.843,16.471,5,,,,,,,,,,,0.781,,
2026-09-30T17:37:27.925,407.453,0,1161.75,61,,97.875,31.373,11.0,-5.469,1.004,1.008,-0.012,11720,29.412,17.255,5,,,,,,,,,,,,41.961,
2026-09-30T17:37:28.055,407.584,0,1174.0,65,,97.875,33.725,11.0,-5.469,1.004,1.021,0.0,12240,30.588,18.431,6,,,,,,,,,,,,,435
2026-09-30T17:37:28.185,407.714,0,1193.25,72,,97.875,36.471,11.5,-4.688,1.003,1.034,0.016,12950,30.588,18.039,6,106,,,,,,,,,,,,
2026-09-30T17:37:28.316,407.845,0,1203.5,72,,98.188,35.686,11.5,-3.125,1.003,1.038,0.02,13560,30.588,18.039,7,,46,,,,,,,,,,,
2026-09-30T17:37:28.445,407.973,0,1215.0,71,,98.5,35.294,12.0,-3.906,1.003,1.027,0.008,14140,30.588,18.824,8,,,1.562,,,,,,,,,,
2026-09-30T17:37:28.575,408.104,0,1238.25,73,,98.5,36.078,12.5,-3.125,1.003,1.026,0.008,14900,30.98,19.216,8,,,,14.296,,,,,,,,,
2026-09-30T17:37:28.705,408.233,0,1264.25,75,,98.75,36.078,12.5,-2.344,1.003,1.032,0.012,15510,30.98,19.216,9,,,,,97,,,,,,,,
2026-09-30T17:37:28.835,408.363,0,1282.75,76,,98.875,35.294,12.5,-2.344,1.003,1.029,0.012,15840,30.98,19.216,10,,,,,,23,,,,,,,
2026-09-30T17:37:28.965,408.494,0,1306.75,76,,99.469,34.51,12.5,-2.344,1.003,1.023,0.004,15740,30.98,19.216,11,,,,,,,36.078,,,,,,
2026-09-30T17:37:29.095,408.624,0,1342.0,75,,99.719,33.725,12.5,-1.562,1.003,1.025,0.004,15500,30.98,19.608,11,,,,,,,,490.3,,,,,
2026-09-30T17:37:29.225,408.754,0,1376.75,75,,99.875,33.333,13.0,-1.562,1.003,1.02,0.0,15290,30.98,19.608,12,,,,,,,,,0.805,,,,
2026-09-30T17:37:29.356,408.884,0,1450.75,75,,100.406,30.196,14.0,-0.781,1.003,1.021,0.0,15170,30.98,20.0,12,,,,,,,,,,,0.781,,
2026-09-30T17:37:29.485,409.014,0,1511.75,75,,100.656,28.627,14.0,-0.781,1.003,1.021,0.0,15110,30.98,20.392,13,,,,,,,,,,,,52.157,
2026-09-30T17:37:29.618,409.146,0,1565.25,75,,100.906,26.667,14.5,0.0,1.003,1.025,0.004,15080,30.98,20.0,13,,,,,,,,,,,,,436
2026-09-30T17:37:29.745,409.274,0,1605.75,75,,101.562,24.314,15.0,0.0,1.003,1.027,0.008,15020,30.98,20.392,14,106,,,,,,,,,,,,
2026-09-30T17:37:29.875,409.404,0,1636.75,74,,101.844,23.922,15.0,0.0,1.003,1.022,0.0,14920,30.98,20.392,14,,45,,,,,,,,,,,
2026-09-30T17:37:30.005,409.533,0,1573.75,76,,102.031,24.706,-10.5,0.0,1.003,1.022,0.0,15190,30.98,19.608,14,,,0.781,,,,,,,,,,
2026-09-30T17:37:30.135,409.664,0,1478.25,75,,103.0,29.412,-8.0,0.781,1.003,1.017,-0.004,15320,30.98,18.824,15,,,,14.218,,,,,,,,,
2026-09-30T17:37:30.265,409.794,0,1411.75,75,,103.719,30.98,-4.0,0.0,1.003,1.007,-0.012,15320,30.98,18.824,15,,,,,97,,,,,,,,
2026-09-30T17:37:30.395,409.923,0,1363.75,75,,103.969,32.157,-2.0,0.0,1.003,1.008,-0.012,15300,30.98,18.824,15,,,,,,23,,,,,,,
2026-09-30T17:37:30.525,410.053,0,1313.25,75,,104.0,33.333,1.5,0.0,1.003,1.001,-0.02,15270,30.98,18.431,16,,,,,,,36.078,,,,,,
2026-09-30T17:37:30.655,410.183,0,1273.5,76,,104.0,35.294,10.0,0.0,1.003,1.0,-0.02,15270,30.98,18.431,17,,,,,,,,488.6,,,,,
2026-09-30T17:37:30.785,410.314,0,1243.0,75,,103.969,36.471,10.5,0.0,1.003,0.996,-0.031,15320,30.98,18.039,17,,,,,,,,,0.8,,,,
2026-09-30T17:37:30.915,410.444,0,1255.5,75,,103.719,36.471,12.0,0.0,1.003,0.996,-0.027,15250,31.373,19.216,17,,,,,,,,,,,0.781,,
2026-09-30T17:37:31.045,410.573,0,1292.75,75,,103.344,36.471,11.5,0.0,1.003,0.998,-0.023,15250,31.373,19.608,18,,,,,,,,,,,,55.294,
2026-09-30T17:37:31.175,410.704,0,1332.5,79,,103.344,36.078,12.0,0.0,1.003,1.0,-0.02,15360,31.373,19.608,18,,,,,,,,,,,,,438
2026-09-30T17:37:31.305,410.834,0,1360.25,80,,103.344,35.686,12.5,0.0,1.002,0.994,-0.035,15400,31.373,20.0,19,105,,,,,,,,,,,,
2026-09-30T17:37:31.435,410.963,0,1398.75,79,,103.344,34.51,12.5,0.0,1.002,0.997,-0.027,15460,31.373,20.0,19,,44,,,,,,,,,,,
2026-09-30T17:37:31.565,411.093,0,1437.0,79,,103.625,32.549,13.0,0.0,1.002,0.998,-0.023,15430,31.373,20.0,20,,,0.781,,,,,,,,,,
2026-09-30T17:37:31.705,411.233,0,1477.25,79,,103.656,31.373,13.5,0.0,1.002,1.003,-0.016,15380,31.373,20.392,20,,,,14.277,,,,,,,,,
2026-09-30T17:37:31.835,411.363,0,1508.75,80,,103.719,29.804,13.5,0.0,1.002,1.007,-0.012,15390,31.373,20.392,21,,,,,97,,,,,,,,
2026-09-30T17:37:31.965,411.494,0,1540.75,79,,104.062,28.235,13.5,0.0,1.002,1.005,-0.016,15340,31.373,20.784,21,,,,,,23,,,,,,,
2026-09-30T17:37:32.095,411.624,0,1582.5,79,,104.281,27.451,14.0,0.0,1.002,1.007,-0.012,15300,31.373,20.392,21,,,,,,,36.078,,,,,,
2026-09-30T17:37:32.225,411.754,0,1614.5,79,,104.406,26.667,13.0,0.781,1.002,1.005,-0.016,15270,32.941,24.314,22,,,,,,,,488.8,,,,,
2026-09-30T17:37:32.355,411.883,0,1664.0,88,,104.406,29.02,12.5,0.781,1.002,1.022,0.0,15850,32.941,23.137,22,,,,,,,,,0.79,,,,
2026-09-30T17:37:32.485,412.013,0,1697.0,87,,105.125,28.235,12.5,1.562,1.002,1.011,-0.008,15960,32.941,23.137,23,,,,,,,,,,,0.781,,
2026-09-30T17:37:32.618,412.146,0,1731.5,87,,105.656,27.843,12.5,0.781,1.002,1.002,-0.02,15940,32.941,23.529,24,,,,,,,,,,,,61.569,
2026-09-30T17:37:32.745,412.274,0,1749.5,87,,106.75,27.843,12.5,0.781,1.002,1.005,-0.016,15970,32.941,23.137,24,,,,,,,,,,,,,439
2026-09-30T17:37:32.875,412.403,0,1784.75,87,,107.281,27.451,12.5,0.781,1.002,0.999,-0.023,15910,32.941,23.529,25,105,,,,,,,,,,,,
2026-09-30T17:37:33.005,412.533,0,1835.25,87,,107.656,27.451,13.0,0.781,1.002,1.006,-0.016,15880,32.941,23.137,25,,43,,,,,,,,,,,
2026-09-30T17:37:33.135,412.664,0,1866.25,87,,108.188,27.451,13.0,0.781,1.001,0.998,-0.027,15820,33.333,23.137,26,,,0.0,,,,,,,,,,
2026-09-30T17:37:33.265,412.793,0,1907.25,87,,109.094,27.451,13.0,1.562,1.001,1.007,-0.012,15920,32.941,23.137,26,,,,14.316,,,,,,,,,
2026-09-30T17:37:33.395,412.923,0,1924.75,86,,109.594,27.451,13.5,1.562,1.001,1.0,-0.02,15830,33.333,23.922,26,,,,,97,,,,,,,,
2026-09-30T17:37:33.525,413.054,0,1958.0,87,,109.812,27.843,14.0,1.562,1.001,1.007,-0.012,15950,33.725,23.529,27,,,,,,23,,,,,,,
2026-09-30T17:37:33.655,413.184,0,1971.75,87,,110.75,28.235,-20.5,2.344,1.0,1.007,-0.012,16110,33.725,23.137,27,,,,,,,36.078,,,,,,
2026-09-30T17:37:33.786,413.314,0,1714.0,89,,112.094,28.627,-9.5,1.562,1.001,1.001,-0.02,16430,34.118,23.529,28,,,,,,,,492.8,,,,,
2026-09-30T17:37:33.916,413.445,0,1635.75,91,,112.531,30.98,-7.5,1.562,1.001,0.998,-0.023,16730,34.51,23.922,28,,,,,,,,,0.78,,,,
2026-09-30T17:37:34.045,413.574,0,1593.25,94,,113.031,34.902,-6.0,1.562,1.002,1.0,-0.02,16970,34.902,24.706,28,,,,,,,,,,,0.781,,
2026-09-30T17:37:34.175,413.703,0,1545.5,98,,113.156,37.255,-5.5,1.562,1.002,0.996,-0.031,17200,36.078,27.059,29,,,,,,,,,,,,78.039,
2026-09-30T17:37:34.305,413.834,0,1501.75,104,,113.281,40.784,0.0,1.562,1.002,0.998,-0.023,17480,36.078,25.49,30,,,,,,,,,,,,,441
2026-09-30T17:37:34.435,413.964,0,1438.0,105,,113.531,45.49,5.5,1.562,1.001,0.999,-0.023,17560,36.078,24.314,30,104,,,,,,,,,,,,
2026-09-30T17:37:34.565,414.093,0,1370.25,102,,113.719,47.843,7.5,1.562,1.001,0.991,-0.043,17380,36.078,24.706,30,,42,,,,,,,,,,,
2026-09-30T17:37:34.695,414.223,0,1399.75,101,,113.156,46.275,6.5,0.781,1.001,0.989,-0.047,17100,36.078,25.882,31,,,0.0,,,,,,,,,,
2026-09-30T17:37:34.825,414.353,0,1434.0,102,,112.906,45.882,6.5,0.781,1.001,0.992,-0.039,17110,36.078,26.275,31,,,,14.238,,,,,,,,,
2026-09-30T17:37:34.955,414.484,0,1456.0,104,,112.469,44.314,6.5,0.781,1.001,0.991,-0.043,17120,36.078,27.451,32,,,,,97,,,,,,,,
2026-09-30T17:37:35.086,414.614,0,1482.0,104,,112.25,43.529,7.0,0.781,1.001,0.998,-0.023,17190,36.078,27.059,33,,,,,,23,,,,,,,
2026-09-30T17:37:35.216,414.745,0,1513.25,104,,112.375,41.961,6.5,0.781,1.0,0.998,-0.023,17170,36.078,27.059,33,,,,,,,36.078,,,,,,
2026-09-30T17:37:35.345,414.874,0,1535.5,105,,112.719,40.392,6.5,0.781,1.001,0.999,-0.023,17220,36.078,26.275,33,,,,,,,,498.6,,,,,
2026-09-30T17:37:35.475,415.003,0,1555.25,103,,113.0,39.216,7.0,0.781,1.001,0.995,-0.035,17150,36.078,26.275,34,,,,,,,,,0.765,,,,
2026-09-30T17:37:35.606,415.134,0,1577.25,103,,113.125,38.824,7.0,0.781,1.001,0.993,-0.035,17140,35.686,25.882,34,,,,,,,,,,,0.781,,
2026-09-30T17:37:35.736,415.264,0,1597.25,101,,113.469,36.471,7.5,0.0,1.001,0.988,-0.051,17040,35.686,25.49,35,,,,,,,,,,,,76.078,
2026-09-30T17:37:35.865,415.394,0,1628.25,101,,113.625,36.471,8.0,0.0,1.001,0.989,-0.047,16980,35.686,25.49,35,,,,,,,,,,,,,443
2026-09-30T17:37:35.995,415.523,0,1638.25,100,,113.656,36.078,8.0,0.0,1.001,0.979,-0.074,16990,35.686,25.098,36,104,,,,,,,,,,,,
2026-09-30T17:37:36.125,415.654,0,1667.25,100,,113.594,35.686,8.0,0.0,1.001,0.979,-0.074,16950,35.686,25.49,37,,41,,,,,,,,,,,
2026-09-30T17:37:36.256,415.784,0,1702.0,99,,113.812,35.294,9.0,0.0,1.001,0.981,-0.066,16960,35.294,24.706,37,,,0.0,,,,,,,,,,
2026-09-30T17:37:36.385,415.914,0,1717.5,98,,113.969,34.118,9.5,-0.781,1.001,0.979,-0.074,16890,34.902,23.922,37,,,,14.238,,,,,,,,,
2026-09-30T17:37:36.515,416.044,0,1746.75,98,,114.094,33.725,9.5,-0.781,1.001,0.979,-0.074,16770,34.902,24.314,38,,,,,97,,,,,,,,
2026-09-30T17:37:36.645,416.173,0,1764.75,96,,114.375,32.549,9.5,-1.562,1.0,0.982,-0.066,16820,34.51,23.529,38,,,,,,23,,,,,,,
2026-09-30T17:37:36.775,416.304,0,1785.5,95,,114.438,31.373,10.0,-1.562,1.0,0.982,-0.066,16590,34.51,23.922,38,,,,,,,36.078,,,,,,
2026-09-30T17:37:36.905,416.434,0,1788.0,95,,114.406,31.373,10.0,-2.344,1.0,0.983,-0.062,16560,34.51,23.529,39,,,,,,,,507.8,,,,,
2026-09-30T17:37:37.035,416.563,0,1810.5,94,,114.375,30.98,10.5,-2.344,1.0,0.984,-0.062,16540,34.51,23.529,39,,,,,,,,,0.755,,,,
2026-09-30T17:37:37.166,416.694,0,1816.75,94,,114.438,30.588,10.5,-2.344,1.0,0.986,-0.055,16470,34.51,23.529,40,,,,,,,,,,,0.781,,
2026-09-30T17:37:37.296,416.824,0,1830.0,94,,114.438,30.588,11.0,-2.344,1.0,0.989,-0.051,16460,34.51,23.922,40,,,,,,,,,,,,69.02,
2026-09-30T17:37:37.426,416.954,0,1849.0,93,,114.438,30.588,11.0,-2.344,0.999,0.99,-0.043,16440,34.118,23.137,40,,,,,,,,,,,,,444
2026-09-30T17:37:37.555,417.083,0,1810.5,93,,114.688,30.196,-13.5,-2.344,0.999,0.992,-0.039,16640,34.118,22.353,40,103,,,,,,,,,,,,
2026-09-30T17:37:37.685,417.213,0,1618.75,94,,115.719,32.157,-6.5,-3.125,1.0,0.993,-0.039,16760,33.333,21.569,40,,41,,,,,,,,,,,
2026-09-30T17:37:37.816,417.344,0,1556.75,93,,115.781,32.941,-4.5,-2.344,1.0,1.006,-0.016,16560,33.333,21.176,41,,,0.0,,,,,,,,,,
2026-09-30T17:37:37.945,417.473,0,1509.5,92,,115.219,35.294,-1.5,-1.562,1.0,1.013,-0.008,16390,33.333,21.176,41,,,,14.218,,,,,,,,,
2026-09-30T17:37:38.075,417.604,0,1478.0,91,,114.531,36.078,-0.5,-1.562,1.0,1.016,-0.004,16330,32.941,20.0,41,,,,,97,,,,,,,,
2026-09-30T17:37:38.205,417.734,0,1405.75,90,,114.094,38.039,3.0,-1.562,1.0,1.009,-0.012,16310,32.941,19.608,41,,,,,,23,,,,,,,
2026-09-30T17:37:38.335,417.863,0,1355.0,89,,113.344,40.392,5.0,-1.562,1.0,0.99,-0.047,16180,32.941,19.216,42,,,,,,,36.078,,,,,,
2026-09-30T17:37:38.466,417.994,0,1327.0,88,,112.062,40.784,6.5,-2.344,1.0,0.979,-0.074,16100,32.941,20.0,42,,,,,,,,515.4,,,,,
2026-09-30T17:37:38.595,418.123,0,1336.75,87,,111.25,40.392,6.5,-3.125,1.0,0.98,-0.07,15990,32.941,20.0,42,,,,,,,,,0.75,,,,
2026-09-30T17:37:38.725,418.254,0,1347.25,88,,110.656,40.784,6.5,-3.125,1.0,0.982,-0.066,16040,32.941,20.392,42,,,,,,,,,,,0.781,,
2026-09-30T17:37:38.855,418.384,0,1355.75,88,,109.625,40.392,6.5,-3.125,1.0,0.99,-0.043,16080,32.549,19.608,42,,,,,,,,,,,,61.961,
2026-09-30T17:37:38.985,418.514,0,1359.5,87,,109.406,39.216,11.0,-3.125,1.0,0.991,-0.043,16000,31.765,18.824,43,,,,,,,,,,,,,446
2026-09-30T17:37:39.117,418.646,0,1356.75,84,,109.25,37.255,11.5,-3.125,1.0,0.984,-0.059,15690,31.765,19.216,43,103,,,,,,,,,,,,
2026-09-30T17:37:39.245,418.773,0,1370.75,83,,108.156,36.078,12.0,-3.906,1.0,0.989,-0.051,15530,31.765,19.216,43,,40,,,,,,,,,,,
2026-09-30T17:37:39.375,418.904,0,1373.0,81,,107.844,35.686,12.0,-3.125,1.0,1.009,-0.012,15470,31.765,19.608,43,,,0.781,,,,,,,,,,
2026-09-30T17:37:39.505,419.034,0,1375.0,82,,107.5,36.078,12.0,-2.344,1.0,1.01,-0.012,15530,30.588,18.039,43,,,,14.257,,,,,,,,,
2026-09-30T17:37:39.635,419.163,0,1374.75,80,,107.281,31.373,13.5,-3.125,1.0,0.998,-0.023,15290,29.804,16.863,43,,,,,97,,,,,,,,
2026-09-30T17:37:39.765,419.293,0,1377.25,67,,106.781,28.627,13.5,-3.125,1.0,0.982,-0.062,14850,29.02,16.471,44,,,,,,23,,,,,,,
2026-09-30T17:37:39.895,419.423,0,1388.25,66,,106.281,27.059,13.5,-3.906,1.0,0.987,-0.055,14250,29.02,16.863,44,,,,,,,36.078,,,,,,
2026-09-30T17:37:40.025,419.553,0,1385.25,62,,105.656,26.275,13.5,-3.125,1.0,0.996,-0.027,13710,29.02,16.863,44,,,,,,,,520.2,,,,,
2026-09-30T17:37:40.155,419.683,0,1393.0,62,,104.781,26.275,14.0,-3.125,1.0,0.997,-0.027,13220,29.02,16.863,44,,,,,,,,,0.745,,,,
2026-09-30T17:37:40.285,419.814,0,1397.25,62,,104.281,26.275,14.0,-3.125,1.0,0.996,-0.031,12770,29.02,17.255,44,,,,,,,,,,,0.781,,
2026-09-30T17:37:40.416,419.945,0,1403.0,62,,103.969,25.882,14.0,-3.125,1.0,0.992,-0.039,12770,28.627,17.255,44,,,,,,,,,,,,42.745,
2026-09-30T17:37:40.545,420.074,0,1402.25,62,,103.375,25.49,9.5,-3.906,1.0,0.991,-0.043,13030,14.51,14.118,44,,,,,,,,,,,,,447
2026-09-30T17:37:40.675,420.204,0,1386.75,51,,101.719,0.0,14.0,-3.906,1.0,0.975,-0.086,12860,14.51,12.549,44,103,,,,,,,,,,,,
2026-09-30T17:37:40.805,420.334,0,1384.75,41,,101.5,0.0,16.5,-5.469,1.0,0.959,-0.121,12400,14.51,12.157,44,,40,,,,,,,,,,,
2026-09-30T17:37:40.935,420.463,0,1363.0,32,,101.062,0.0,26.0,-6.25,1.0,0.947,-0.148,11860,14.51,12.157,43,,,8.594,,,,,,,,,,
2026-09-30T17:37:41.065,420.593,0,1359.25,25,,100.281,0.0,27.0,-7.031,1.0,0.955,-0.129,11430,14.51,12.157,43,,,,14.296,,,,,,,,,
2026-09-30T17:37:41.195,420.724,0,1359.0,24,,100.062,0.0,28.0,-6.25,1.0,0.975,-0.086,11070,14.51,12.157,43,,,,,97,,,,,,,,
2026-09-30T17:37:41.325,420.853,0,1344.75,23,,99.781,0.0,18.0,-5.469,1.001,0.986,-0.055,10680,14.51,12.157,42,,,,,,23,,,,,,,
2026-09-30T17:37:41.455,420.983,0,1339.25,23,,99.188,0.0,12.5,-5.469,1.002,0.989,-0.047,10390,14.51,12.549,42,,,,,,,36.078,,,,,,
2026-09-30T17:37:41.586,421.114,0,1330.0,23,,99.125,0.0,7.0,-5.469,1.002,0.996,-0.031,10030,14.51,12.549,42,,,,,,,,523.2,,,,,
2026-09-30T17:37:41.715,421.244,0,1314.25,23,,98.812,0.0,2.5,-4.688,1.002,1.02,0.0,9660,14.51,12.549,41,,,,,,,,,0.745,,,,
2026-09-30T17:37:41.855,421.383,0,1294.5,23,,98.5,0.0,-2.0,0.0,1.002,1.046,0.031,9290,14.51,12.549,41,,,,,,,,,,,0.781,,
2026-09-30T17:37:41.985,421.513,0,1295.0,23,,98.688,0.0,-5.0,0.0,1.002,1.048,0.031,9040,14.51,12.549,40,,,,,,,,,,,,12.157,
2026-09-30T17:37:42.117,421.646,0,1275.25,24,,98.812,0.0,-5.0,0.0,1.002,1.127,0.117,8920,14.51,12.549,40,,,,,,,,,,,,,449
2026-09-30T17:37:42.245,421.774,0,1253.0,24,,98.5,0.0,-5.0,0.0,1.0,1.37,0.344,8870,14.51,12.157,39,102,,,,,,,,,,,,
2026-09-30T17:37:42.375,421.903,0,1224.5,26,,98.5,0.0,-5.5,0.0,0.997,1.714,0.555,8890,14.51,12.157,38,,41,,,,,,,,,,,
2026-09-30T17:37:42.505,422.034,0,1199.25,26,,98.5,0.0,-6.0,0.0,1.022,2.0,0.75,8950,14.51,12.157,37,,,9.375,,,,,,,,,,
2026-09-30T17:37:42.636,422.164,0,1174.5,26,,98.5,0.0,-6.5,0.0,1.072,2.0,0.891,9000,14.51,12.157,37,,,,14.277,,,,,,,,,
2026-09-30T17:37:42.765,422.293,0,1149.25,27,,98.281,0.0,-7.0,0.0,1.138,2.0,0.98,9160,14.51,12.157,36,,,,,97,,,,,,,,
2026-09-30T17:37:42.895,422.423,0,1163.5,27,,98.281,0.0,-6.0,0.0,1.185,2.0,1.051,9240,14.51,12.157,35,,,,,,23,,,,,,,
2026-09-30T17:37:43.025,422.553,0,1259.5,26,,98.219,0.0,-4.5,0.0,1.241,2.0,1.113,9380,14.51,12.549,34,,,,,,,36.078,,,,,,
2026-09-30T17:37:43.155,422.683,0,1335.25,27,,98.188,0.0,-4.0,0.0,1.312,2.0,1.152,9450,14.51,12.549,33,,,,,,,,526.1,,,,,
2026-09-30T17:37:43.285,422.814,0,1403.25,27,,98.188,0.0,-2.5,0.0,1.422,2.0,1.176,9440,14.51,12.549,32,,,,,,,,,0.755,,,,
2026-09-30T17:37:43.416,422.944,0,1454.25,27,,98.188,0.0,-2.5,0.0,1.531,2.0,1.203,9450,14.51,12.157,31,,,,,,,,,,,0.781,,
2026-09-30T17:37:43.545,423.073,0,1390.5,27,,98.188,0.0,-3.0,0.0,1.658,2.0,1.211,9440,14.51,12.157,30,,,,,,,,,,,,12.941,
2026-09-30T17:37:43.675,423.203,0,1359.25,26,,98.188,0.0,-4.0,0.0,1.727,2.0,1.227,9450,14.51,12.157,29,,,,,,,,,,,,,450
2026-09-30T17:37:43.805,423.334,0,1314.25,26,,98.188,0.0,-4.5,0.0,1.768,2.0,1.23,9450,14.51,11.765,28,102,,,,,,,,,,,,
2026-09-30T17:37:43.935,423.463,0,1267.75,26,,98.188,0.0,-5.0,0.0,1.784,2.0,1.238,9450,14.51,12.157,27,,41,,,,,,,,,,,
2026-09-30T17:37:44.065,423.593,0,1219.75,26,,98.188,0.0,-5.5,0.0,1.792,2.0,1.242,9450,14.51,12.157,25,,,10.156,,,,,,,,,,
2026-09-30T17:37:44.195,423.724,0,1224.0,26,,98.188,0.0,-5.5,0.0,1.796,2.0,1.242,9450,14.51,12.157,24,,,,14.296,,,,,,,,,
2026-09-30T17:37:44.325,423.853,0,1225.0,26,,98.188,0.0,-5.5,0.0,1.798,2.0,1.246,9450,14.51,12.157,23,,,,,97,,,,,,,,
2026-09-30T17:37:44.455,423.984,0,1226.5,26,,98.156,0.0,-5.5,0.0,1.799,2.0,1.246,9450,14.51,12.157,22,,,,,,23,,,,,,,
2026-09-30T17:37:44.585,424.114,0,1224.0,26,,98.188,0.0,-5.5,0.0,1.8,2.0,1.246,9450,14.51,12.157,20,,,,,,,36.078,,,,,,
2026-09-30T17:37:44.715,424.244,0,1219.0,26,,98.156,0.0,-6.0,0.0,1.8,2.0,1.25,9450,14.51,12.157,19,,,,,,,,529.1,,,,,
2026-09-30T17:37:44.845,424.373,0,1209.0,26,,98.094,0.0,-6.0,0.0,1.8,2.0,1.25,9450,14.51,11.765,18,,,,,,,,,0.1,,,,
2026-09-30T17:37:44.975,424.504,0,1162.25,26,,98.094,0.0,-7.0,0.0,1.8,2.0,1.246,9440,14.51,11.765,17,,,,,,,,,,,0.781,,
2026-09-30T17:37:45.106,424.634,0,1058.75,26,,98.062,10.98,-4.0,0.0,1.86,2.0,1.273,9650,14.51,11.373,15,,,,,,,,,,,,13.725,
2026-09-30T17:37:45.235,424.763,0,1027.0,26,,97.938,10.588,-3.0,0.0,1.84,2.0,1.062,9770,14.51,11.765,14,,,,,,,,,,,,,452
2026-09-30T17:37:45.365,424.894,0,994.5,23,,97.875,10.98,0.5,0.0,1.595,2.0,0.695,9500,14.51,11.765,13,102,,,,,,,,,,,,
2026-09-30T17:37:45.495,425.023,0,935.5,24,,97.875,11.373,7.5,0.0,1.373,1.354,0.332,9170,14.51,12.549,12,,42,,,,,,,,,,,
2026-09-30T17:37:45.626,425.154,0,874.5,25,,97.781,12.549,5.0,0.0,1.185,1.114,0.105,8870,14.51,12.549,11,,,8.594,,,,,,,,,,
2026-09-30T17:37:45.755,425.284,0,819.25,31,,97.781,18.039,0.5,0.0,1.082,1.029,0.012,8440,14.51,12.549,10,,,,14.257,,,,,,,,,
2026-09-30T17:37:45.886,425.414,0,803.75,33,,97.625,19.216,0.5,0.0,1.007,0.999,-0.023,8060,14.51,12.549,8,,,,,97,,,,,,,,
2026-09-30T17:37:46.016,425.544,0,822.5,36,,97.562,21.569,-7.0,0.0,0.968,0.967,-0.102,7540,14.51,12.157,7,,,,,,23,,,,,,,
2026-09-30T17:37:46.145,425.673,0,835.0,36,,97.531,19.608,-5.5,0.0,0.94,0.947,-0.148,7050,14.51,12.157,6,,,,,,,36.078,,,,,,
2026-09-30T17:37:46.275,425.803,0,849.25,34,,97.531,18.824,-5.5,0.0,0.927,0.934,-0.18,6690,14.51,12.157,5,,,,,,,,529.6,,,,,
2026-09-30T17:37:46.405,425.934,0,849.5,33,,97.531,18.039,-3.5,0.0,0.917,0.911,-0.234,6240,14.51,12.549,4,,,,,,,,,0.145,,,,
2026-09-30T17:37:46.535,426.063,0,847.0,32,,97.531,18.039,-2.5,0.0,0.913,0.902,-0.254,5820,14.51,12.549,3,,,,,,,,,,,0.781,,
2026-09-30T17:37:46.665,426.193,0,839.25,33,,97.531,18.431,-2.5,0.0,0.909,0.89,-0.289,5480,14.51,12.549,3,,,,,,,,,,,,19.216,
2026-09-30T17:37:46.795,426.324,0,838.5,33,,97.531,18.431,-3.5,-0.781,0.907,0.888,-0.297,5040,14.51,12.157,2,,,,,,,,,,,,,453
2026-09-30T17:37:46.925,426.453,0,837.25,33,,97.5,18.431,-5.5,-0.781,0.905,0.886,-0.305,4640,14.51,12.549,2,101,,,,,,,,,,,,
2026-09-30T17:37:47.055,426.584,0,813.25,32,,97.375,18.431,-0.5,-0.781,0.904,0.878,-0.324,4390,14.51,14.51,1,,43,,,,,,,,,,,
2026-09-30T17:37:47.185,426.713,0,806.5,34,,97.219,25.882,11.0,-1.562,0.902,0.869,-0.352,4160,14.51,13.333,1,,,5.469,,,,,,,,,,
2026-09-30T17:37:47.315,426.844,0,829.25,45,,97.219,28.235,-5.5,-2.344,0.9,0.865,-0.363,4200,14.51,12.941,1,,,,14.296,,,,,,,,,
2026-09-30T17:37:47.445,426.974,0,877.25,45,,97.25,25.49,-5.5,-2.344,0.897,0.879,-0.324,4590,14.51,13.333,0,,,,,97,,,,,,,,
2026-09-30T17:37:47.575,427.103,0,869.25,43,,97.25,26.275,-3.5,-1.562,0.894,0.879,-0.324,5190,14.51,13.333,0,,,,,,23,,,,,,,
2026-09-30T17:37:47.705,427.233,0,837.0,44,,97.219,27.059,5.5,-2.344,0.891,0.865,-0.367,5680,14.51,14.118,0,,,,,,,36.078,,,,,,
2026-09-30T17:37:47.835,427.363,0,801.25,46,,97.219,31.765,5.5,-3.125,0.889,0.854,-0.398,6290,14.51,13.725,0,,,,,,,,529.1,,,,,
2026-09-30T17:37:47.965,427.493,0,806.75,51,,97.219,31.765,-1.0,-3.906,0.885,0.852,-0.406,6770,14.51,13.333,0,,,,,,,,,0.22,,,,
2026-09-30T17:37:48.095,427.624,0,839.0,50,,97.219,30.588,-6.5,-3.906,0.883,0.853,-0.402,7450,14.51,13.333,0,,,,,,,,,,,0.781,,
2026-09-30T17:37:48.225,427.753,0,843.25,48,,97.219,28.627,-4.0,-3.906,0.881,0.849,-0.418,7750,14.51,13.333,0,,,,,,,,,,,,30.196,
2026-09-30T17:37:48.355,427.883,0,844.0,46,,97.219,27.843,-1.0,-4.688,0.88,0.847,-0.422,7750,27.843,14.118,0,,,,,,,,,,,,,455
2026-09-30T17:37:48.486,428.014,0,845.75,46,,97.219,29.412,8.5,-4.688,0.88,0.849,-0.418,7580,30.588,16.078,0,102,,,,,,,,,,,,
2026-09-30T17:37:48.617,428.146,0,839.25,52,,97.219,36.471,7.5,-4.688,0.879,0.855,-0.395,7780,34.902,29.412,0,,44,,,,,,,,,,,
2026-09-30T17:37:48.745,428.274,0,864.5,63,,96.156,65.098,2.0,-4.688,0.88,0.86,-0.379,8040,37.255,47.843,1,,,0.781,,,,,,,,,,
2026-09-30T17:37:48.875,428.404,0,1191.0,96,,96.438,60.392,7.5,-2.344,0.881,0.92,-0.211,8830,38.824,49.804,1,,,,14.238,,,,,,,,,
2026-09-30T17:37:49.005,428.533,0,1482.0,96,,96.375,44.706,8.5,0.0,0.885,0.943,-0.156,9980,40.392,55.686,2,,,,,97,,,,,,,,
2026-09-30T17:37:49.135,428.664,0,1606.0,96,,96.5,34.902,8.5,0.0,0.9,0.948,-0.145,11160,40.784,57.255,3,,,,,,23,,,,,,,
2026-09-30T17:37:49.265,428.793,0,1660.25,99,,98.5,35.294,8.0,0.0,0.915,0.953,-0.133,12190,40.784,58.824,4,,,,,,,36.078,,,,,,
2026-09-30T17:37:49.396,428.924,0,1673.75,100,,99.875,35.686,8.0,1.562,0.922,0.954,-0.133,13080,40.784,58.824,6,,,,,,,,528.0,,,,,
2026-09-30T17:37:49.525,429.054,0,1696.0,101,,101.344,36.078,8.0,1.562,0.928,0.955,-0.129,14050,40.784,60.0,7,,,,,,,,,0.285,,,,
2026-09-30T17:37:49.656,429.184,0,1727.5,105,,104.562,36.863,8.0,1.562,0.932,0.952,-0.137,14880,40.392,60.392,8,,,,,,,,,,,0.781,,
2026-09-30T17:37:49.785,429.314,0,1755.0,106,,106.188,37.255,8.0,1.562,0.938,0.953,-0.133,15780,40.392,61.176,10,,,,,,,,,,,,84.314,
2026-09-30T17:37:49.916,429.444,0,1772.75,108,,107.938,37.647,7.5,2.344,0.94,0.955,-0.129,16720,39.608,58.039,11,,,,,,,,,,,,,457
2026-09-30T17:37:50.046,429.574,0,1776.5,110,,111.094,38.431,7.0,2.344,0.939,0.943,-0.156,17480,38.824,59.608,13,103,,,,,,,,,,,,
2026-09-30T17:37:50.176,429.704,0,1798.0,113,,112.656,38.431,7.0,0.781,0.939,0.927,-0.195,18270,38.039,58.824,14,,43,,,,,,,,,,,
2026-09-30T17:37:50.305,429.834,0,1847.5,114,,114.094,38.824,7.0,0.781,0.939,0.932,-0.184,18310,36.078,23.529,16,,,0.0,,,,,,,,,,
2026-09-30T17:37:50.435,429.964,0,1894.25,108,,116.969,32.941,10.0,0.0,0.937,0.918,-0.215,17510,36.471,27.059,17,,,,14.199,,,,,,,,,
2026-09-30T17:37:50.566,430.094,0,2071.25,102,,117.406,34.51,11.0,0.781,0.988,0.996,-0.027,16760,36.471,27.059,18,,,,,97,,,,,,,,
2026-09-30T17:37:50.695,430.224,0,2171.5,102,,118.25,34.51,11.0,2.344,1.004,1.02,0.0,16820,37.255,28.235,18,,,,,,23,,,,,,,
2026-09-30T17:37:50.825,430.354,0,2253.25,102,,119.094,35.686,9.5,1.562,1.005,1.018,-0.004,17390,37.255,31.373,19,,,,,,,36.078,,,,,,
2026-09-30T17:37:50.956,430.484,0,2376.0,107,,116.062,38.824,11.0,2.344,1.001,1.021,0.0,17650,37.647,33.333,20,,,,,,,,537.5,,,,,
2026-09-30T17:37:51.086,430.614,0,2423.25,107,,113.938,38.824,11.0,3.125,1.0,1.025,0.004,17530,37.255,36.863,21,,,,,,,,,0.83,,,,
2026-09-30T17:37:51.216,430.745,0,2262.75,107,,112.375,39.608,-19.5,3.906,1.0,1.025,0.004,17640,37.255,38.431,21,,,,,,,,,,,0.781,,
2026-09-30T17:37:51.345,430.874,0,1932.75,110,,113.156,37.647,-11.5,3.906,1.0,1.001,-0.02,17720,37.647,38.039,22,,,,,,,,,,,,84.314,
2026-09-30T17:37:51.475,431.004,0,1880.5,110,,112.531,37.647,-5.5,2.344,1.0,0.979,-0.074,17860,37.647,38.039,23,,,,,,,,,,,,,458
2026-09-30T17:37:51.605,431.133,0,1807.0,110,,111.625,37.255,3.0,2.344,1.0,0.987,-0.051,17940,37.647,37.647,24,102,,,,,,,,,,,,
2026-09-30T17:37:51.736,431.264,0,1748.25,109,,110.719,38.039,7.5,2.344,1.0,0.976,-0.082,17950,37.647,38.039,24,,41,,,,,,,,,,,
2026-09-30T17:37:51.866,431.394,0,1843.5,107,,108.531,36.078,8.0,1.562,1.001,0.974,-0.086,17630,38.039,41.569,25,,,0.0,,,,,,,,,,
2026-09-30T17:37:51.995,431.523,0,1854.75,106,,107.781,36.471,8.0,1.562,1.0,0.991,-0.043,17510,38.431,58.431,25,,,,14.199,,,,,,,,,
2026-09-30T17:37:52.125,431.654,0,1914.25,107,,107.094,36.471,9.5,1.562,1.0,0.987,-0.051,17410,38.039,65.098,26,,,,,97,,,,,,,,
2026-09-30T17:37:52.255,431.783,0,1986.0,108,,107.312,36.471,9.5,1.562,1.0,0.995,-0.035,17280,38.039,65.49,27,,,,,,23,,,,,,,
2026-09-30T17:37:52.385,431.914,0,2008.75,108,,108.125,36.863,9.5,1.562,1.001,1.002,-0.02,17360,38.039,66.667,28,,,,,,,36.078,,,,,,
2026-09-30T17:37:52.517,432.045,0,2058.5,109,,108.656,37.255,9.5,1.562,1.002,1.002,-0.02,17570,37.647,66.275,29,,,,,,,,556.0,,,,,
2026-09-30T17:37:52.645,432.173,0,2096.0,109,,109.594,37.647,9.5,1.562,1.002,1.002,-0.02,17580,37.255,66.667,29,,,,,,,,,0.815,,,,
2026-09-30T17:37:52.775,432.303,0,2153.25,110,,109.531,38.039,9.5,2.344,1.002,1.012,-0.008,17620,36.863,43.529,29,,,,,,,,,,,0.781,,
2026-09-30T17:37:52.905,432.434,0,2174.25,109,,108.969,38.039,-23.5,2.344,1.003,0.998,-0.023,17430,36.078,38.431,30,,,,,,,,,,,,75.294,
2026-09-30T17:37:53.035,432.563,0,1813.75,102,,104.5,35.686,-9.0,2.344,1.003,1.014,-0.008,17510,35.294,33.725,31,,,,,,,,,,,,,460
2026-09-30T17:37:53.166,432.694,0,1728.5,101,,104.562,35.294,0.0,0.781,1.004,0.959,-0.121,17450,37.255,26.667,32,102,,,,,,,,,,,,
2026-09-30T17:37:53.295,432.824,0,1674.0,94,,105.0,32.157,-1.5,0.0,1.005,0.977,-0.082,17030,36.078,31.765,30,,39,,,,,,,,,,,
2026-09-30T17:37:53.425,432.954,0,1616.75,100,,104.312,36.471,6.5,0.0,1.004,0.981,-0.066,17290,36.078,33.333,32,,,0.0,,,,,,,,,,
2026-09-30T17:37:53.555,433.084,0,1558.0,103,,104.938,38.824,8.0,0.0,1.004,0.993,-0.039,17400,36.078,35.686,32,,,,14.179,,,,,,,,,
2026-09-30T17:37:53.685,433.214,0,1479.5,103,,105.094,40.784,7.5,0.0,1.005,1.008,-0.012,17380,36.078,35.686,33,,,,,97,,,,,,,,
2026-09-30T17:37:53.816,433.345,0,1509.0,103,,105.062,41.961,8.0,0.781,1.004,1.007,-0.012,17300,36.078,37.647,33,,,,,,23,,,,,,,
2026-09-30T17:37:53.945,433.473,0,1526.5,103,,104.938,40.784,8.0,0.781,1.004,0.999,-0.02,17270,36.078,37.255,33,,,,,,,36.078,,,,,,
2026-09-30T17:37:54.075,433.604,0,1539.0,103,,104.906,40.392,7.5,0.0,1.004,1.003,-0.016,17270,36.078,37.647,33,,,,,,,,568.5,,,,,
2026-09-30T17:37:54.205,433.733,0,1555.5,103,,105.031,39.608,7.5,0.0,1.004,1.005,-0.016,17290,36.078,37.647,34,,,,,,,,,0.815,,,,
2026-09-30T17:37:54.335,433.863,0,1570.5,103,,105.0,38.824,8.0,0.0,1.004,0.998,-0.027,17250,36.078,32.941,34,,,,,,,,,,,0.781,,
2026-09-30T17:37:54.466,433.994,0,1596.5,107,,109.969,39.608,7.5,0.781,1.004,0.995,-0.031,17450,36.078,27.059,35,,,,,,,,,,,,77.255,
2026-09-30T17:37:54.595,434.124,0,1602.0,101,,111.156,37.255,8.0,0.0,1.004,0.987,-0.055,17250,36.078,26.275,35,,,,,,,,,,,,,461
2026-09-30T17:37:54.725,434.253,0,1621.25,101,,111.719,36.863,8.0,0.0,1.004,0.989,-0.047,17210,36.078,25.882,35,102,,,,,,,,,,,,
2026-09-30T17:37:54.855,434.384,0,1634.25,101,,112.281,36.471,8.5,0.0,1.004,0.987,-0.051,17100,36.078,25.49,37,,39,,,,,,,,,,,
2026-09-30T17:37:54.985,434.514,0,1688.5,98,,112.656,35.294,9.0,-0.781,1.004,0.984,-0.062,16960,34.902,23.137,36,,,0.0,,,,,,,,,,
2026-09-30T17:37:55.118,434.646,0,1669.75,98,,113.25,34.118,9.5,-1.562,1.004,0.983,-0.062,16790,34.51,23.137,36,,,,14.296,,,,,,,,,
2026-09-30T17:37:55.245,434.773,0,1679.5,95,,113.5,32.941,9.5,-1.562,1.005,0.985,-0.059,16620,33.725,22.353,36,,,,,97,,,,,,,,
2026-09-30T17:37:55.375,434.904,0,1689.5,93,,113.594,31.765,10.0,-1.562,1.005,0.982,-0.066,16400,32.941,21.569,37,,,,,,23,,,,,,,
2026-09-30T17:37:55.506,435.034,0,1695.75,90,,113.781,29.804,11.0,-2.344,1.005,0.988,-0.051,16060,32.941,21.569,37,,,,,,,36.078,,,,,,
2026-09-30T17:37:55.635,435.163,0,1708.5,89,,113.625,28.627,11.5,-2.344,1.005,0.992,-0.039,15930,32.941,21.961,37,,,,,,,,575.3,,,,,
2026-09-30T17:37:55.765,435.294,0,1728.0,89,,112.844,28.627,11.5,-2.344,1.005,0.991,-0.043,15940,32.941,21.961,37,,,,,,,,,0.825,,,,
2026-09-30T17:37:55.895,435.424,0,1748.5,89,,112.656,28.627,11.5,-3.125,1.005,0.991,-0.043,15960,32.941,21.961,38,,,,,,,,,,,0.781,,
2026-09-30T17:37:56.025,435.553,0,1772.25,89,,112.469,28.627,12.0,-3.125,1.005,0.995,-0.031,15990,32.941,21.961,38,,,,,,,,,,,,63.137,
2026-09-30T17:37:56.156,435.684,0,1776.25,88,,112.25,27.843,12.5,-3.125,1.006,0.994,-0.035,15960,32.941,21.961,38,,,,,,,,,,,,,463
2026-09-30T17:37:56.285,435.814,0,1768.75,87,,112.188,27.451,12.5,-3.125,1.006,0.995,-0.031,15940,32.941,21.961,38,102,,,,,,,,,,,,
2026-09-30T17:37:56.416,435.945,0,1782.5,87,,112.062,27.451,12.5,-3.125,1.007,0.998,-0.023,15960,31.765,20.784,39,,39,,,,,,,,,,,
2026-09-30T17:37:56.545,436.074,0,1780.0,88,,112.5,24.706,14.5,-2.344,1.007,1.021,0.0,15750,30.196,18.039,39,,,0.781,,,,,,,,,,
2026-09-30T17:37:56.676,436.204,0,1780.0,72,,112.281,21.176,15.5,-2.344,1.008,1.003,-0.016,15000,30.196,19.216,39,,,,14.257,,,,,,,,,
2026-09-30T17:37:56.805,436.334,0,1783.25,71,,111.406,20.784,15.5,-2.344,1.008,1.021,0.0,14410,30.196,19.216,39,,,,,97,,,,,,,,
2026-09-30T17:37:56.934,436.463,0,1794.25,71,,110.438,21.176,15.5,-1.562,1.008,1.025,0.004,14380,30.588,19.608,39,,,,,,23,,,,,,,
2026-09-30T17:37:57.065,436.594,0,1801.0,72,,109.062,21.569,15.5,-1.562,1.008,1.016,-0.004,14820,31.373,21.176,38,,,,,,,36.078,,,,,,
2026-09-30T17:37:57.195,436.723,0,1792.0,74,,108.125,22.745,-14.5,-1.562,1.008,1.021,0.0,15470,31.765,21.176,39,,,,,,,,577.4,,,,,
2026-09-30T17:37:57.324,436.853,0,1617.5,83,,108.312,26.667,-8.5,-0.781,1.008,1.021,0.0,16010,32.941,22.745,39,,,,,,,,,0.85,,,,
2026-09-30T17:37:57.455,436.983,0,1543.75,89,,108.938,32.941,-5.5,-0.781,1.008,1.024,0.004,16310,32.941,21.961,39,,,,,,,,,,,0.781,,
2026-09-30T17:37:57.585,437.114,0,1485.25,90,,109.25,35.294,-4.0,0.0,1.008,1.036,0.02,16620,32.941,21.176,39,,,,,,,,,,,,65.882,
