time,elapsed_s,clock_ok,rpm,map_kpa,boost_cmd_kpa,boost_act_kpa,load_pct,timing_deg,stft_pct,lambda_cmd,lambda,o2s1_ma,rail_kpa,pedal_pct,throttle_pct,speed_kph,coolant_c,iat_c,ltft_pct,volts,baro_kpa,ambient_c,fuel_pct,cat_temp_c,o2s2_v,o2s2_trim_pct,lt_o2s2_trim_pct,abs_load_pct,run_time_s
2026-09-25T23:08:39.046,0.127,0,757.75,33,,97.531,21.176,2.0,0.0,1.001,0.0,-128.0,2790,14.51,12.941,0,85,,,,,,,,,,,,
2026-09-25T23:08:39.176,0.257,0,765.75,35,,97.531,22.353,0.0,0.0,1.001,0.0,-128.0,2920,14.51,12.549,0,,44,,,,,,,,,,,
2026-09-25T23:08:39.307,0.388,0,776.75,35,,97.531,21.961,-2.0,0.0,1.001,0.0,-128.0,3110,14.51,12.549,0,,,1.562,,,,,,,,,,
2026-09-25T23:08:39.440,0.521,0,779.0,35,,97.531,21.961,-4.0,0.0,1.001,0.0,-128.0,3220,14.51,12.549,0,,,,14.628,,,,,,,,,
2026-09-25T23:08:39.567,0.647,0,787.25,35,,97.531,21.961,-3.5,0.0,1.001,0.0,-128.0,3200,14.51,12.549,0,,,,,98,,,,,,,,
2026-09-25T23:08:39.696,0.777,0,796.0,34,,97.531,21.569,-2.5,0.0,1.001,0.0,-128.0,3210,14.51,12.549,0,,,,,,21,,,,,,,
2026-09-25T23:08:39.826,0.907,0,793.5,34,,97.531,21.569,-3.5,0.0,1.001,0.0,-128.0,3250,14.51,12.549,0,,,,,,,20.0,,,,,,
2026-09-25T23:08:39.956,1.037,0,790.0,35,,97.531,21.961,-2.5,0.0,1.001,0.0,-128.0,3450,14.51,12.549,0,,,,,,,,421.8,,,,,
2026-09-25T23:08:40.086,1.167,0,804.5,35,,97.531,21.961,-5.5,0.0,1.001,0.0,-128.0,3670,14.51,12.549,0,,,,,,,,,1.275,,,,
2026-09-25T23:08:40.216,1.297,0,814.0,35,,97.531,21.961,-5.5,0.0,1.001,0.0,-128.0,3800,14.51,12.549,0,,,,,,,,,,,0.0,,
2026-09-25T23:08:40.346,1.427,0,827.0,35,,97.531,21.569,-6.5,0.0,1.0,0.0,-128.0,3910,14.51,12.549,0,,,,,,,,,,,,22.353,
2026-09-25T23:08:40.476,1.557,0,816.5,34,,97.531,21.176,-4.0,0.0,1.0,0.0,-128.0,3900,14.51,12.549,0,,,,,,,,,,,,,4
2026-09-25T23:08:40.606,1.687,0,807.75,34,,97.531,20.784,-4.0,0.0,1.0,0.0,-128.0,3840,14.51,12.549,0,86,,,,,,,,,,,,
2026-09-25T23:08:40.739,1.819,0,818.0,34,,97.531,21.961,-4.0,0.0,1.001,0.0,-128.0,3990,14.51,12.549,0,,45,,,,,,,,,,,
2026-09-25T23:08:40.867,1.948,0,814.0,34,,97.531,21.569,-2.5,0.0,1.001,0.0,-128.0,4010,14.51,12.941,0,,,1.562,,,,,,,,,,
2026-09-25T23:08:40.997,2.078,0,809.25,35,,97.531,22.353,-4.0,0.0,1.001,0.0,-128.0,4090,14.51,12.549,0,,,,14.531,,,,,,,,,
2026-09-25T23:08:41.127,2.208,0,804.5,35,,97.531,21.961,-1.0,0.0,1.001,0.0,-128.0,4250,14.51,12.941,0,,,,,98,,,,,,,,
2026-09-25T23:08:41.257,2.338,0,802.75,35,,97.531,22.745,-2.5,0.0,1.001,0.0,-128.0,4400,14.51,12.549,0,,,,,,21,,,,,,,
2026-09-25T23:08:41.386,2.467,0,796.0,35,,97.531,22.353,0.5,0.0,1.0,0.0,-128.0,4620,14.51,12.549,0,,,,,,,20.0,,,,,,
2026-09-25T23:08:41.516,2.597,0,788.5,35,,97.531,22.353,1.5,0.0,1.0,0.0,-128.0,4670,14.51,12.549,0,,,,,,,,418.1,,,,,
2026-09-25T23:08:41.646,2.727,0,783.75,35,,97.531,21.961,3.0,0.0,1.0,0.0,-128.0,4660,14.51,12.941,0,,,,,,,,,1.275,,,,
2026-09-25T23:08:41.777,2.858,0,779.25,36,,97.531,23.137,4.0,0.0,1.0,0.0,-128.0,4740,14.51,12.549,0,,,,,,,,,,,0.0,,
2026-09-25T23:08:41.906,2.987,0,768.0,37,,97.531,24.314,3.0,0.0,1.0,0.0,-128.0,4990,14.51,13.333,0,,,,,,,,,,,,24.706,
2026-09-25T23:08:42.039,3.12,0,768.5,37,,97.531,23.922,2.0,0.0,1.0,0.0,-128.0,5310,14.51,12.941,0,,,,,,,,,,,,,5
2026-09-25T23:08:42.167,3.248,0,767.5,38,,97.531,24.706,3.0,0.0,1.0,0.0,-128.0,5470,14.51,12.941,0,86,,,,,,,,,,,,
2026-09-25T23:08:42.296,3.377,0,766.25,38,,97.531,24.706,2.0,0.0,1.0,0.0,-128.0,5610,14.51,12.549,0,,45,,,,,,,,,,,
2026-09-25T23:08:42.427,3.507,0,765.5,39,,97.531,25.098,2.0,0.0,1.0,0.0,-128.0,5670,14.51,12.941,0,,,1.562,,,,,,,,,,
2026-09-25T23:08:42.556,3.637,0,761.0,38,,97.531,25.882,5.0,0.0,1.0,0.0,-128.0,5690,14.51,13.333,0,,,,14.335,,,,,,,,,
2026-09-25T23:08:42.686,3.767,0,747.25,41,,97.531,27.059,8.0,0.0,1.0,0.0,-128.0,5960,14.51,13.333,0,,,,,98,,,,,,,,
2026-09-25T23:08:42.816,3.897,0,744.0,42,,97.531,27.843,3.5,0.0,1.0,0.0,-128.0,6360,14.51,12.941,0,,,,,,21,,,,,,,
2026-09-25T23:08:42.946,4.027,0,756.0,42,,97.531,27.451,3.0,0.0,1.0,0.0,-128.0,6860,14.51,12.941,0,,,,,,,20.0,,,,,,
2026-09-25T23:08:43.077,4.157,0,766.5,43,,97.531,28.235,-1.5,0.0,1.0,0.0,-128.0,7230,14.51,12.941,0,,,,,,,,414.2,,,,,
2026-09-25T23:08:43.206,4.287,0,783.5,42,,97.531,27.451,-5.0,0.0,1.0,0.0,-128.0,7390,14.51,12.941,0,,,,,,,,,1.275,,,,
2026-09-25T23:08:43.338,4.418,0,781.5,42,,97.531,27.059,-1.5,0.0,0.999,0.0,-128.0,7310,14.51,13.333,0,,,,,,,,,,,0.0,,
2026-09-25T23:08:43.466,4.547,0,781.75,42,,97.531,27.843,0.0,0.0,0.999,0.0,-128.0,7230,14.51,13.725,0,,,,,,,,,,,,29.804,
2026-09-25T23:08:43.596,4.677,0,789.5,43,,97.531,28.627,-3.0,0.0,0.999,0.0,-128.0,7440,14.51,13.333,0,,,,,,,,,,,,,7
2026-09-25T23:08:43.726,4.807,0,810.5,43,,97.531,27.843,-4.5,0.0,0.999,0.0,-128.0,7510,14.51,13.333,0,87,,,,,,,,,,,,
2026-09-25T23:08:43.856,4.937,0,811.75,42,,97.531,27.451,-4.0,0.0,0.999,0.0,-128.0,7350,14.51,13.333,0,,45,,,,,,,,,,,
2026-09-25T23:08:43.987,5.068,0,806.0,42,,97.531,27.451,-4.5,0.0,0.999,0.0,-128.0,7200,14.51,13.333,0,,,1.562,,,,,,,,,,
2026-09-25T23:08:44.126,5.207,0,800.25,42,,97.531,27.451,-3.5,0.0,0.999,0.0,-128.0,7120,14.51,13.333,0,,,,14.335,,,,,,,,,
2026-09-25T23:08:44.256,5.337,0,795.75,42,,97.562,27.843,-4.0,0.0,0.999,0.0,-128.0,7150,14.51,13.333,0,,,,,98,,,,,,,,
2026-09-25T23:08:44.386,5.467,0,794.75,42,,97.531,27.843,-4.0,0.0,0.999,0.0,-128.0,7170,14.51,13.333,0,,,,,,21,,,,,,,
2026-09-25T23:08:44.516,5.597,0,792.75,42,,97.531,27.843,-3.5,0.0,0.999,0.0,-128.0,7120,14.51,13.333,0,,,,,,,20.0,,,,,,
2026-09-25T23:08:44.646,5.727,0,792.75,42,,97.531,27.451,-2.5,0.0,0.999,0.0,-128.0,6980,14.51,13.333,0,,,,,,,,409.1,,,,,
2026-09-25T23:08:44.777,5.858,0,793.5,42,,97.562,27.059,-1.0,0.0,0.999,0.0,-128.0,6880,14.51,13.333,0,,,,,,,,,1.275,,,,
2026-09-25T23:08:44.906,5.987,0,796.0,42,,97.562,27.451,-2.0,0.0,0.999,0.0,-128.0,6860,14.51,13.333,0,,,,,,,,,,,0.0,,
2026-09-25T23:08:45.039,6.12,0,797.75,42,,97.562,27.451,-3.0,0.0,0.999,0.0,-128.0,6860,14.51,13.333,0,,,,,,,,,,,,28.235,
2026-09-25T23:08:45.167,6.248,0,799.75,42,,97.531,27.451,-3.5,0.0,0.999,0.0,-128.0,6890,14.51,13.333,0,,,,,,,,,,,,,9
2026-09-25T23:08:45.297,6.378,0,794.75,42,,97.562,27.451,-3.5,0.0,0.999,0.0,-128.0,6960,14.51,13.333,0,87,,,,,,,,,,,,
2026-09-25T23:08:45.427,6.508,0,803.5,42,,97.562,27.451,-4.0,0.0,0.999,0.0,-128.0,7010,14.51,13.333,0,,45,,,,,,,,,,,
2026-09-25T23:08:45.557,6.638,0,805.0,42,,97.562,27.451,-4.0,0.0,0.999,0.0,-128.0,7020,14.51,13.333,0,,,1.562,,,,,,,,,,
2026-09-25T23:08:45.687,6.768,0,809.75,42,,97.531,27.451,-4.0,0.0,0.999,0.0,-128.0,6980,14.51,13.333,0,,,,14.453,,,,,,,,,
2026-09-25T23:08:45.816,6.897,0,813.0,42,,97.562,27.059,-4.0,0.0,0.999,0.0,-128.0,6970,14.51,13.333,0,,,,,98,,,,,,,,
2026-09-25T23:08:45.946,7.027,0,814.5,42,,97.531,27.451,-4.0,0.0,0.999,0.0,-128.0,6990,14.51,13.333,0,,,,,,21,,,,,,,
2026-09-25T23:08:46.076,7.157,0,824.75,42,,97.562,27.059,-5.0,0.0,0.999,0.0,-128.0,6970,14.51,13.333,0,,,,,,,20.0,,,,,,
2026-09-25T23:08:46.206,7.287,0,833.25,42,,97.562,27.059,-5.5,0.0,0.999,0.0,-128.0,6930,14.51,13.333,0,,,,,,,,404.7,,,,,
2026-09-25T23:08:46.338,7.418,0,838.5,41,,97.562,26.667,-7.0,0.0,0.999,0.0,-128.0,6840,14.51,12.941,0,,,,,,,,,1.275,,,,
2026-09-25T23:08:46.467,7.548,0,846.0,40,,97.562,24.706,-5.0,0.0,0.999,0.0,-128.0,6550,14.51,13.333,0,,,,,,,,,,,0.0,,
2026-09-25T23:08:46.596,7.677,0,838.25,39,,97.625,24.314,-4.5,0.0,0.999,0.0,-128.0,6190,14.51,13.333,0,,,,,,,,,,,,27.451,
2026-09-25T23:08:46.726,7.807,0,829.25,40,,97.594,25.882,-5.5,0.0,1.0,0.0,-128.0,6120,14.51,13.333,0,,,,,,,,,,,,,10
2026-09-25T23:08:46.857,7.938,0,833.25,40,,97.594,25.098,-4.5,0.0,1.0,0.0,-128.0,6010,14.51,13.333,0,88,,,,,,,,,,,,
2026-09-25T23:08:46.986,8.067,0,841.75,40,,97.594,25.49,-5.5,0.0,1.0,0.0,-128.0,5990,14.51,13.333,0,,45,,,,,,,,,,,
2026-09-25T23:08:47.116,8.197,0,843.0,40,,97.562,25.49,-6.0,0.0,1.0,0.0,-128.0,6060,14.51,12.941,0,,,1.562,,,,,,,,,,
2026-09-25T23:08:47.246,8.327,0,844.0,39,,97.625,24.706,-4.5,0.0,1.0,0.0,-128.0,5930,14.51,12.941,0,,,,14.355,,,,,,,,,
2026-09-25T23:08:47.376,8.457,0,845.0,38,,97.656,24.314,-4.0,0.0,1.0,0.0,-128.0,5720,14.51,13.333,0,,,,,98,,,,,,,,
2026-09-25T23:08:47.506,8.587,0,834.25,38,,97.625,24.706,-4.5,0.0,1.0,0.0,-128.0,5680,14.51,13.333,0,,,,,,21,,,,,,,
2026-09-25T23:08:47.640,8.721,0,827.25,40,,97.531,25.49,-4.0,0.0,1.0,0.0,-128.0,5870,14.51,13.333,0,,,,,,,20.0,,,,,,
2026-09-25T23:08:47.766,8.847,0,833.0,39,,97.562,25.882,-5.0,0.0,1.0,0.0,-128.0,6080,14.51,13.333,0,,,,,,,,401.0,,,,,
2026-09-25T23:08:47.897,8.978,0,834.5,40,,97.625,25.49,-5.5,0.0,1.0,0.0,-128.0,6250,14.51,13.333,0,,,,,,,,,1.275,,,,
2026-09-25T23:08:48.026,9.107,0,836.0,39,,97.625,25.098,-5.0,0.0,1.0,0.0,-128.0,6230,14.51,13.333,0,,,,,,,,,,,0.0,,
2026-09-25T23:08:48.156,9.237,0,837.0,39,,97.656,25.098,-5.0,0.0,1.0,0.0,-128.0,6180,14.51,12.941,0,,,,,,,,,,,,26.275,
2026-09-25T23:08:48.286,9.367,0,840.75,39,,97.656,24.706,-5.5,0.0,1.0,0.0,-128.0,6100,14.51,12.941,0,,,,,,,,,,,,,12
2026-09-25T23:08:48.417,9.498,0,835.5,38,,97.688,24.706,-4.0,0.0,1.0,0.0,-128.0,5950,14.51,13.333,0,88,,,,,,,,,,,,
2026-09-25T23:08:48.547,9.627,0,830.25,38,,97.625,24.314,-4.5,0.0,1.0,0.0,-128.0,5810,14.51,13.333,0,,45,,,,,,,,,,,
2026-09-25T23:08:48.676,9.757,0,826.5,39,,97.594,25.49,-4.5,0.0,1.0,0.0,-128.0,5880,14.51,13.333,0,,,1.562,,,,,,,,,,
2026-09-25T23:08:48.806,9.887,0,828.5,40,,97.656,25.882,-5.5,0.0,1.0,0.0,-128.0,6080,14.51,12.941,0,,,,14.492,,,,,,,,,
2026-09-25T23:08:48.937,10.018,0,824.75,39,,97.562,25.098,-5.5,0.0,1.0,0.0,-128.0,6130,14.51,12.941,0,,,,,98,,,,,,,,
2026-09-25T23:08:49.067,10.148,0,832.5,40,,97.688,24.706,-6.0,0.0,1.0,0.0,-128.0,6270,14.51,13.333,0,,,,,,21,,,,,,,
2026-09-25T23:08:49.197,10.278,0,836.75,39,,97.594,24.706,-5.0,0.0,1.0,0.0,-128.0,6260,14.51,13.333,0,,,,,,,20.0,,,,,,
2026-09-25T23:08:49.326,10.407,0,832.0,39,,97.656,25.098,-6.0,0.0,1.0,0.0,-128.0,6160,14.51,12.941,0,,,,,,,,397.8,,,,,
2026-09-25T23:08:49.456,10.537,0,833.0,39,,97.688,24.706,-4.5,0.0,1.0,0.0,-128.0,6000,14.51,13.333,0,,,,,,,,,1.275,,,,
2026-09-25T23:08:49.586,10.667,0,827.0,39,,97.688,25.49,-5.5,0.0,1.0,0.0,-128.0,5950,14.51,13.333,0,,,,,,,,,,,0.0,,
2026-09-25T23:08:49.717,10.798,0,822.75,39,,97.625,25.098,-5.0,0.0,1.0,0.0,-128.0,5960,14.51,13.333,0,,,,,,,,,,,,26.275,
2026-09-25T23:08:49.846,10.927,0,828.0,39,,97.625,25.098,-5.5,0.0,1.0,0.0,-128.0,5980,14.51,13.333,0,,,,,,,,,,,,,13
2026-09-25T23:08:49.976,11.057,0,826.75,39,,97.625,25.098,-5.5,0.0,1.0,0.0,-128.0,5950,14.51,12.941,0,89,,,,,,,,,,,,
2026-09-25T23:08:50.106,11.187,0,832.5,39,,97.688,24.706,-5.5,0.0,1.0,0.0,-128.0,5890,14.51,12.941,0,,45,,,,,,,,,,,
2026-09-25T23:08:50.238,11.318,0,835.25,38,,97.656,24.314,-5.5,0.0,1.0,0.0,-128.0,5720,14.51,12.941,0,,,1.562,,,,,,,,,,
2026-09-25T23:08:50.367,11.448,0,834.25,38,,97.562,23.922,-4.5,0.0,1.0,0.0,-128.0,5600,14.51,12.941,0,,,,14.394,,,,,,,,,
2026-09-25T23:08:50.497,11.578,0,832.75,38,,97.625,23.922,-4.5,0.0,1.0,0.0,-128.0,5470,14.51,13.333,0,,,,,98,,,,,,,,
2026-09-25T23:08:50.626,11.707,0,825.75,39,,97.562,24.706,-5.5,0.0,1.0,0.0,-128.0,5660,14.51,13.333,0,,,,,,21,,,,,,,
2026-09-25T23:08:50.756,11.837,0,826.25,39,,97.594,25.098,-5.5,0.0,1.0,0.0,-128.0,5800,14.51,12.941,0,,,,,,,20.0,,,,,,
2026-09-25T23:08:50.887,11.967,0,830.25,39,,97.625,25.098,-6.5,0.0,1.0,0.0,-128.0,5900,14.51,12.941,0,,,,,,,,395.5,,,,,
2026-09-25T23:08:51.016,12.097,0,827.5,38,,97.656,24.314,-5.0,0.0,1.0,0.0,-128.0,5850,14.51,13.333,0,,,,,,,,,1.275,,,,
2026-09-25T23:08:51.147,12.228,0,826.25,38,,97.562,23.922,-6.0,0.0,1.0,0.0,-128.0,5700,14.51,12.941,0,,,,,,,,,,,0.0,,
2026-09-25T23:08:51.276,12.357,0,828.25,38,,97.594,23.922,-4.5,0.0,1.0,0.0,-128.0,5670,14.51,13.333,0,,,,,,,,,,,,25.882,
2026-09-25T23:08:51.406,12.487,0,826.75,38,,97.594,24.314,-5.5,0.0,1.0,0.0,-128.0,5640,14.51,12.941,0,,,,,,,,,,,,,15
2026-09-25T23:08:51.537,12.618,0,823.0,38,,97.562,24.706,-5.5,0.0,1.0,0.0,-128.0,5670,14.51,13.333,0,89,,,,,,,,,,,,
2026-09-25T23:08:51.666,12.747,0,827.25,38,,97.531,24.706,-5.5,0.0,1.0,0.0,-128.0,5640,14.51,12.941,0,,45,,,,,,,,,,,
2026-09-25T23:08:51.796,12.877,0,814.75,39,,97.594,25.098,-5.0,0.0,1.0,0.0,-128.0,5820,14.51,13.333,0,,,1.562,,,,,,,,,,
2026-09-25T23:08:51.926,13.007,0,818.0,38,,97.625,23.922,-6.5,0.0,1.0,1.14,0.133,5860,14.51,12.941,0,,,,14.453,,,,,,,,,
2026-09-25T23:08:52.057,13.138,0,822.75,39,,97.625,24.706,-7.0,5.469,1.0,1.119,0.109,5870,14.51,12.941,0,,,,,98,,,,,,,,
2026-09-25T23:08:52.186,13.267,0,833.5,38,,97.625,24.314,-6.0,4.688,1.0,1.095,0.086,5770,14.51,12.941,0,,,,,,21,,,,,,,
2026-09-25T23:08:52.316,13.397,0,836.25,37,,97.562,23.137,-5.0,4.688,1.0,1.074,0.062,5550,14.51,12.941,0,,,,,,,20.0,,,,,,
2026-09-25T23:08:52.447,13.528,0,836.0,37,,97.562,23.137,-4.5,4.688,1.0,1.056,0.043,5280,14.51,12.941,0,,,,,,,,393.0,,,,,
2026-09-25T23:08:52.576,13.657,0,833.0,37,,97.562,23.137,-4.0,4.688,1.0,1.044,0.027,5140,14.51,13.333,0,,,,,,,,,1.275,,,,
2026-09-25T23:08:52.707,13.787,0,822.5,38,,97.531,23.922,-5.5,4.688,1.0,1.035,0.016,5220,14.51,12.941,0,,,,,,,,,,,0.0,,
2026-09-25T23:08:52.838,13.919,0,810.0,38,,97.562,25.098,-5.0,4.688,1.0,1.036,0.02,5480,14.51,12.941,0,,,,,,,,,,,,25.098,
2026-09-25T23:08:52.967,14.047,0,812.75,38,,97.531,24.314,-5.5,5.469,1.0,1.038,0.02,5590,14.51,12.941,0,,,,,,,,,,,,,16
2026-09-25T23:08:53.097,14.178,0,809.75,38,,97.531,24.706,-5.5,5.469,1.0,1.037,0.02,5630,14.51,12.941,0,90,,,,,,,,,,,,
2026-09-25T23:08:53.227,14.308,0,805.0,38,,97.531,24.314,-5.5,5.469,1.0,1.038,0.02,5660,14.51,12.941,0,,45,,,,,,,,,,,
2026-09-25T23:08:53.356,14.437,0,803.75,38,,97.594,24.314,-4.0,6.25,1.0,1.039,0.023,5610,14.51,12.941,0,,,1.562,,,,,,,,,,
2026-09-25T23:08:53.486,14.567,0,803.5,38,,97.562,23.922,-4.0,6.25,1.0,1.036,0.02,5540,14.51,12.941,0,,,,14.355,,,,,,,,,
2026-09-25T23:08:53.616,14.697,0,800.25,38,,97.562,24.314,-4.0,6.25,1.0,1.03,0.012,5550,14.51,12.941,0,,,,,98,,,,,,,,
2026-09-25T23:08:53.746,14.827,0,793.5,38,,97.562,24.706,-3.5,6.25,1.0,1.03,0.012,5570,14.51,12.941,0,,,,,,21,,,,,,,
2026-09-25T23:08:53.876,14.957,0,794.0,38,,97.531,24.706,-3.5,6.25,1.0,1.029,0.012,5590,14.51,12.941,0,,,,,,,20.0,,,,,,
2026-09-25T23:08:54.006,15.087,0,795.0,38,,97.531,24.314,-2.5,6.25,1.0,1.03,0.012,5560,14.51,12.941,0,,,,,,,,390.8,,,,,
2026-09-25T23:08:54.140,15.221,0,793.5,38,,97.531,24.314,-3.0,7.031,1.0,1.029,0.008,5540,14.51,12.941,0,,,,,,,,,1.275,,,,
2026-09-25T23:08:54.276,15.357,0,791.75,38,,97.562,24.314,-3.0,7.031,1.0,1.027,0.008,5510,14.51,12.941,0,,,,,,,,,,,0.0,,
2026-09-25T23:08:54.406,15.487,0,786.75,38,,97.562,24.314,0.0,7.031,1.0,1.028,0.008,5450,14.51,12.941,0,,,,,,,,,,,,25.882,
2026-09-25T23:08:54.537,15.618,0,784.75,39,,97.531,25.098,-1.0,7.031,1.0,1.027,0.008,5570,14.51,12.941,0,,,,,,,,,,,,,18
2026-09-25T23:08:54.667,15.748,0,785.0,39,,97.531,24.706,-1.0,7.812,1.0,1.026,0.008,5600,14.51,12.941,0,90,,,,,,,,,,,,
2026-09-25T23:08:54.796,15.877,0,788.0,39,,97.531,25.098,-2.5,7.812,1.0,1.027,0.008,5710,14.51,12.941,0,,45,,,,,,,,,,,
2026-09-25T23:08:54.926,16.007,0,786.25,39,,97.531,25.49,-3.5,7.812,1.0,1.022,0.004,5880,14.51,12.941,0,,,1.562,,,,,,,,,,
2026-09-25T23:08:55.056,16.137,0,782.0,39,,97.531,25.098,-0.5,7.812,1.0,1.022,0.0,5860,14.51,12.941,0,,,,14.472,,,,,,,,,
2026-09-25T23:08:55.186,16.267,0,784.25,40,,97.531,25.882,-2.5,7.812,1.0,1.021,0.0,5980,14.51,12.941,0,,,,,98,,,,,,,,
2026-09-25T23:08:55.316,16.397,0,788.25,40,,97.562,25.098,-2.0,7.812,1.0,1.022,0.004,6000,14.51,12.941,0,,,,,,21,,,,,,,
2026-09-25T23:08:55.447,16.528,0,788.5,39,,97.562,25.098,-1.0,8.594,1.0,1.021,0.0,5920,14.51,12.941,0,,,,,,,20.0,,,,,,
2026-09-25T23:08:55.576,16.657,0,790.25,39,,97.562,25.49,-1.5,8.594,1.0,1.017,-0.004,5920,14.51,12.941,0,,,,,,,,388.8,,,,,
2026-09-25T23:08:55.706,16.787,0,784.75,39,,97.531,25.49,-2.0,8.594,1.0,1.018,-0.004,5970,14.51,12.941,0,,,,,,,,,1.275,,,,
2026-09-25T23:08:55.837,16.918,0,786.25,40,,97.562,25.49,-1.5,8.594,1.0,1.021,0.0,6030,14.51,12.941,0,,,,,,,,,,,0.0,,
2026-09-25T23:08:55.967,17.048,0,790.5,40,,97.531,25.49,-2.5,8.594,1.0,1.021,0.0,6050,14.51,12.941,0,,,,,,,,,,,,26.275,
2026-09-25T23:08:56.096,17.177,0,793.0,40,,97.562,25.49,-3.0,8.594,1.0,1.02,0.0,6100,14.51,12.941,0,,,,,,,,,,,,,20
2026-09-25T23:08:56.227,17.307,0,792.5,40,,97.562,25.49,-3.0,8.594,1.0,1.013,-0.008,6090,14.51,12.941,0,91,,,,,,,,,,,,
2026-09-25T23:08:56.356,17.437,0,789.75,40,,97.562,25.098,-3.0,8.594,1.0,1.009,-0.012,6050,14.51,12.941,0,,45,,,,,,,,,,,
2026-09-25T23:08:56.486,17.567,0,789.5,39,,97.562,24.706,-2.0,8.594,1.0,1.009,-0.012,5840,14.51,12.941,0,,,1.562,,,,,,,,,,
2026-09-25T23:08:56.616,17.697,0,790.25,39,,97.531,25.49,-2.5,8.594,1.0,1.005,-0.016,5870,14.51,12.941,0,,,,14.492,,,,,,,,,
2026-09-25T23:08:56.746,17.827,0,786.5,40,,97.562,25.49,-1.0,8.594,1.0,1.009,-0.012,5990,14.51,13.725,0,,,,,98,,,,,,,,
2026-09-25T23:08:56.876,17.957,0,792.0,42,,97.531,30.196,9.0,9.375,1.0,1.012,-0.008,6120,14.51,15.686,0,,,,,,21,,,,,,,
2026-09-25T23:08:57.007,18.088,0,836.25,52,,97.406,38.431,-1.0,9.375,1.0,1.012,-0.008,6530,14.51,14.902,0,,,,,,,20.0,,,,,,
2026-09-25T23:08:57.140,18.221,0,908.5,53,,97.531,34.118,-7.5,8.594,1.0,0.993,-0.039,7140,14.51,14.51,0,,,,,,,,386.4,,,,,
2026-09-25T23:08:57.266,18.347,0,934.0,52,,97.531,34.51,-2.5,7.812,1.0,0.972,-0.094,7810,14.51,15.294,0,,,,,,,,,1.275,,,,
2026-09-25T23:08:57.396,18.477,0,865.75,53,,97.531,37.255,5.0,6.25,1.0,0.949,-0.145,8310,14.51,16.078,0,,,,,,,,,,,0.0,,
2026-09-25T23:08:57.526,18.607,0,788.0,62,,97.531,44.314,6.5,5.469,1.0,0.953,-0.133,8880,14.51,17.255,0,,,,,,,,,,,,52.549,
2026-09-25T23:08:57.656,18.737,0,765.25,69,,97.344,51.765,-1.5,6.25,1.0,0.986,-0.055,9280,14.51,14.902,1,,,,,,,,,,,,,21
2026-09-25T23:08:57.787,18.867,0,820.75,72,,97.812,48.235,-10.0,7.812,1.001,1.009,-0.012,9930,14.51,12.941,1,91,,,,,,,,,,,,
2026-09-25T23:08:57.916,18.997,0,881.75,60,,97.875,38.824,-12.5,7.031,1.001,0.995,-0.035,10720,14.51,13.725,1,,46,,,,,,,,,,,
2026-09-25T23:08:58.048,19.128,0,879.0,50,,98.094,31.765,-7.5,6.25,1.001,0.966,-0.105,10910,14.51,13.725,1,,,1.562,,,,,,,,,,
2026-09-25T23:08:58.176,19.257,0,864.25,48,,97.969,30.98,-4.0,4.688,1.001,0.955,-0.129,10750,14.51,13.725,1,,,,14.472,,,,,,,,,
2026-09-25T23:08:58.306,19.387,0,863.0,48,,98.0,31.373,-3.5,4.688,1.0,0.964,-0.109,10660,14.51,14.118,1,,,,,98,,,,,,,,
2026-09-25T23:08:58.437,19.518,0,871.75,47,,98.0,30.196,-4.5,4.688,1.0,0.976,-0.086,10460,14.51,13.725,1,,,,,,21,,,,,,,
2026-09-25T23:08:58.566,19.647,0,874.5,48,,98.094,30.196,-4.0,4.688,1.0,0.979,-0.074,9900,14.51,14.118,1,,,,,,,20.0,,,,,,
2026-09-25T23:08:58.696,19.777,0,871.0,47,,97.938,30.196,-2.0,4.688,1.0,0.98,-0.07,9540,14.51,14.118,1,,,,,,,,383.4,,,,,
2026-09-25T23:08:58.826,19.907,0,876.0,47,,97.969,30.98,-5.0,4.688,0.999,0.985,-0.059,9780,14.51,13.725,1,,,,,,,,,1.275,,,,
2026-09-25T23:08:58.957,20.038,0,885.75,48,,98.0,30.196,-4.0,4.688,0.999,0.988,-0.051,9700,14.51,13.725,1,,,,,,,,,,,0.0,,
2026-09-25T23:08:59.086,20.167,0,887.75,46,,97.938,29.412,-3.0,4.688,0.999,0.983,-0.062,9040,14.51,14.118,1,,,,,,,,,,,,31.765,
2026-09-25T23:08:59.216,20.297,0,888.5,45,,97.938,29.804,-3.5,4.688,0.999,0.98,-0.07,8600,14.51,14.118,1,,,,,,,,,,,,,23
2026-09-25T23:08:59.346,20.427,0,886.25,45,,98.031,29.02,-1.5,3.906,0.999,0.983,-0.062,8560,14.51,14.118,1,92,,,,,,,,,,,,
2026-09-25T23:08:59.477,20.558,0,890.75,47,,97.875,30.98,-0.5,4.688,0.999,0.989,-0.047,8830,14.51,14.51,1,,45,,,,,,,,,,,
2026-09-25T23:08:59.607,20.688,0,906.25,49,,97.875,32.157,-1.0,4.688,0.999,0.991,-0.043,9340,14.51,14.902,1,,,0.781,,,,,,,,,,
2026-09-25T23:08:59.738,20.819,0,907.25,50,,97.875,32.941,0.5,3.906,0.999,0.988,-0.051,10000,14.51,14.902,1,,,,14.492,,,,,,,,,
2026-09-25T23:08:59.867,20.948,0,865.75,52,,97.875,37.647,2.0,3.906,1.0,0.979,-0.074,10550,14.51,15.294,1,,,,,98,,,,,,,,
2026-09-25T23:08:59.997,21.078,0,835.75,59,,97.875,41.569,4.0,3.125,1.0,0.979,-0.074,10830,14.51,15.686,1,,,,,,21,,,,,,,
2026-09-25T23:09:00.127,21.208,0,823.5,62,,97.844,45.098,0.0,3.906,1.0,0.992,-0.043,11290,14.51,14.902,1,,,,,,,20.0,,,,,,
2026-09-25T23:09:00.256,21.337,0,831.75,63,,97.875,41.961,-1.5,3.906,1.001,0.994,-0.035,12130,14.51,14.902,2,,,,,,,,380.4,,,,,
2026-09-25T23:09:00.386,21.467,0,839.5,60,,98.094,41.176,-1.0,3.906,1.001,0.993,-0.035,12910,14.51,14.902,2,,,,,,,,,1.275,,,,
2026-09-25T23:09:00.517,21.597,0,835.25,59,,98.156,40.784,1.0,3.125,1.001,0.986,-0.055,13650,14.51,14.902,2,,,,,,,,,,,0.0,,
2026-09-25T23:09:00.647,21.728,0,822.5,59,,98.156,40.392,2.5,3.125,1.001,0.984,-0.059,13770,14.51,15.686,2,,,,,,,,,,,,43.922,
2026-09-25T23:09:00.777,21.857,0,806.75,63,,98.031,44.706,1.5,3.125,1.001,0.99,-0.047,14000,14.51,15.294,3,,,,,,,,,,,,,24
2026-09-25T23:09:00.906,21.987,0,817.25,62,,98.188,43.922,-1.0,3.125,1.001,0.998,-0.023,14140,14.51,14.902,3,92,,,,,,,,,,,,
2026-09-25T23:09:01.038,22.118,0,821.25,62,,98.188,42.745,-1.0,3.125,1.001,0.999,-0.023,14080,14.51,14.51,3,,45,,,,,,,,,,,
2026-09-25T23:09:01.166,22.247,0,827.75,61,,98.188,40.0,-1.0,3.125,1.001,0.996,-0.027,13720,14.51,14.51,3,,,0.781,,,,,,,,,,
2026-09-25T23:09:01.296,22.377,0,829.75,59,,98.188,40.392,-1.0,3.125,1.001,0.995,-0.031,13390,14.51,14.51,3,,,,14.472,,,,,,,,,
2026-09-25T23:09:01.426,22.507,0,831.25,58,,98.281,39.608,-1.0,3.125,1.001,0.998,-0.027,12950,14.51,14.51,4,,,,,98,,,,,,,,
2026-09-25T23:09:01.556,22.637,0,834.25,57,,98.219,38.824,-0.5,3.125,1.001,0.999,-0.023,12560,14.51,14.51,4,,,,,,21,,,,,,,
2026-09-25T23:09:01.686,22.767,0,842.25,56,,98.344,38.039,-1.0,3.125,1.001,0.998,-0.023,12280,14.51,14.51,4,,,,,,,20.0,,,,,,
2026-09-25T23:09:01.816,22.897,0,851.25,55,,98.312,37.255,-3.0,3.125,1.001,0.997,-0.027,11850,14.51,14.118,4,,,,,,,,377.4,,,,,
2026-09-25T23:09:01.946,23.027,0,851.5,54,,98.344,36.471,-2.5,3.125,1.001,0.996,-0.027,11450,14.51,14.51,4,,,,,,,,,1.275,,,,
2026-09-25T23:09:02.076,23.157,0,850.75,53,,98.344,36.078,-2.0,3.125,1.001,0.996,-0.031,11200,14.51,14.51,4,,,,,,,,,,,0.0,,
2026-09-25T23:09:02.206,23.287,0,854.25,53,,98.281,36.078,-4.0,3.125,1.0,0.998,-0.023,11070,14.51,14.118,4,,,,,,,,,,,,37.647,
2026-09-25T23:09:02.337,23.418,0,853.0,53,,98.375,35.294,-2.5,3.125,1.0,0.995,-0.035,10990,14.51,14.118,4,,,,,,,,,,,,,26
2026-09-25T23:09:02.466,23.547,0,850.0,53,,98.375,34.902,-3.0,3.125,1.0,0.992,-0.039,10850,14.51,14.118,4,93,,,,,,,,,,,,
2026-09-25T23:09:02.597,23.677,0,851.25,51,,98.281,34.51,-2.5,3.125,1.0,0.996,-0.031,10670,14.51,14.118,5,,45,,,,,,,,,,,
2026-09-25T23:09:02.726,23.807,0,854.75,51,,98.219,34.51,-2.5,3.125,1.0,0.994,-0.035,10490,14.51,14.118,5,,,1.562,,,,,,,,,,
2026-09-25T23:09:02.857,23.938,0,853.75,51,,98.219,33.725,-2.5,3.125,1.0,0.996,-0.031,10330,14.51,14.118,5,,,,14.433,,,,,,,,,
2026-09-25T23:09:02.986,24.067,0,859.5,51,,98.188,33.725,-3.5,3.125,1.0,0.996,-0.031,10200,14.51,14.118,5,,,,,98,,,,,,,,
2026-09-25T23:09:03.117,24.198,0,858.25,51,,98.188,33.725,-3.5,3.125,1.0,0.996,-0.031,10140,14.51,14.118,5,,,,,,21,,,,,,,
2026-09-25T23:09:03.246,24.327,0,858.5,50,,98.188,33.725,-3.5,2.344,1.0,0.996,-0.031,10030,14.51,14.118,5,,,,,,,20.0,,,,,,
2026-09-25T23:09:03.377,24.458,0,863.25,50,,98.188,33.333,-4.0,2.344,1.0,0.994,-0.035,9900,14.51,14.118,5,,,,,,,,375.2,,,,,
2026-09-25T23:09:03.506,24.587,0,859.75,50,,98.188,32.941,-2.5,2.344,1.0,0.999,-0.023,9920,14.51,14.118,5,,,,,,,,,1.275,,,,
2026-09-25T23:09:03.640,24.721,0,860.25,49,,98.188,32.157,-3.0,2.344,1.0,0.996,-0.031,9790,14.51,14.118,5,,,,,,,,,,,0.0,,
2026-09-25T23:09:03.766,24.847,0,854.5,49,,98.188,32.549,-4.0,2.344,1.0,0.996,-0.031,9640,14.51,14.118,5,,,,,,,,,,,,33.725,
2026-09-25T23:09:03.896,24.977,0,852.5,49,,98.188,31.765,-2.0,2.344,1.0,0.995,-0.031,9540,14.51,13.725,5,,,,,,,,,,,,,27
2026-09-25T23:09:04.026,25.107,0,850.5,49,,98.188,32.157,-2.0,2.344,1.0,0.996,-0.031,9430,14.51,14.118,5,93,,,,,,,,,,,,
2026-09-25T23:09:04.156,25.237,0,846.5,49,,98.188,32.157,-1.0,2.344,1.0,0.995,-0.031,9430,14.51,14.118,5,,44,,,,,,,,,,,
2026-09-25T23:09:04.286,25.367,0,849.75,49,,98.188,32.941,-2.5,2.344,1.0,0.998,-0.027,9540,14.51,13.725,5,,,1.562,,,,,,,,,,
2026-09-25T23:09:04.426,25.507,0,852.5,49,,98.188,31.765,-2.5,2.344,1.0,0.998,-0.023,9660,14.51,13.725,5,,,,14.472,,,,,,,,,
2026-09-25T23:09:04.556,25.637,0,856.75,48,,98.188,31.373,-2.5,2.344,1.0,0.995,-0.035,9520,14.51,14.118,5,,,,,98,,,,,,,,
2026-09-25T23:09:04.686,25.767,0,853.5,49,,98.156,32.549,-3.5,2.344,1.0,0.995,-0.031,9510,14.51,13.725,5,,,,,,21,,,,,,,
2026-09-25T23:09:04.816,25.897,0,852.0,49,,98.188,32.157,-2.5,2.344,1.0,0.999,-0.023,9550,14.51,13.725,5,,,,,,,20.0,,,,,,
2026-09-25T23:09:04.947,26.027,0,858.75,48,,98.188,31.765,-2.0,2.344,1.0,0.995,-0.031,9510,14.51,14.118,5,,,,,,,,373.6,,,,,
2026-09-25T23:09:05.076,26.157,0,862.5,49,,98.188,32.157,-3.0,2.344,1.0,0.995,-0.031,9660,14.51,13.725,5,,,,,,,,,1.275,,,,
2026-09-25T23:09:05.206,26.287,0,870.75,49,,98.156,31.765,-9.0,2.344,1.0,0.993,-0.039,9670,14.51,12.941,5,,,,,,,,,,,0.0,,
2026-09-25T23:09:05.337,26.418,0,853.75,47,,98.188,30.196,-8.5,2.344,1.0,0.992,-0.039,9500,14.51,12.941,5,,,,,,,,,,,,28.627,
2026-09-25T23:09:05.466,26.547,0,837.5,43,,98.188,27.059,-3.5,1.562,1.0,0.981,-0.066,9130,14.51,12.941,4,,,,,,,,,,,,,29
2026-09-25T23:09:05.597,26.678,0,830.5,41,,98.188,26.667,-2.0,1.562,1.0,0.984,-0.059,8770,14.51,12.941,4,94,,,,,,,,,,,,
2026-09-25T23:09:05.726,26.807,0,827.25,41,,98.156,26.275,-1.0,1.562,0.999,0.996,-0.031,8320,14.51,13.333,4,,44,,,,,,,,,,,
2026-09-25T23:09:05.856,26.937,0,826.75,41,,98.094,26.667,-1.0,2.344,0.999,1.007,-0.012,7880,14.51,13.333,4,,,1.562,,,,,,,,,,
2026-09-25T23:09:05.986,27.067,0,829.25,41,,98.0,26.667,-1.5,3.125,1.0,1.017,-0.004,7560,14.51,13.333,4,,,,14.394,,,,,,,,,
2026-09-25T23:09:06.117,27.197,0,840.0,42,,97.938,26.667,-1.0,3.125,1.0,1.016,-0.004,7180,14.51,13.333,3,,,,,98,,,,,,,,
2026-09-25T23:09:06.246,27.327,0,847.75,41,,97.875,26.275,-2.5,3.125,0.999,1.005,-0.016,6830,14.51,13.333,3,,,,,,21,,,,,,,
2026-09-25T23:09:06.376,27.457,0,852.0,41,,97.875,26.275,-3.5,2.344,0.999,0.995,-0.031,6580,14.51,13.333,3,,,,,,,20.0,,,,,,
2026-09-25T23:09:06.506,27.587,0,849.25,41,,97.875,26.667,-4.0,2.344,0.999,0.993,-0.039,6510,14.51,13.333,3,,,,,,,,372.9,,,,,
2026-09-25T23:09:06.640,27.721,0,844.75,42,,97.875,26.667,-6.0,2.344,0.999,0.995,-0.031,6580,14.51,12.941,2,,,,,,,,,1.275,,,,
2026-09-25T23:09:06.766,27.847,0,828.5,41,,97.875,25.49,-2.0,2.344,0.999,0.997,-0.027,6510,14.51,12.941,2,,,,,,,,,,,0.0,,
2026-09-25T23:09:06.896,27.977,0,822.75,40,,97.875,25.49,-4.0,2.344,0.999,0.994,-0.035,6270,14.51,12.941,1,,,,,,,,,,,,26.667,
2026-09-25T23:09:07.026,28.107,0,813.75,40,,97.875,25.49,-5.0,2.344,0.999,0.991,-0.043,6130,14.51,12.941,1,,,,,,,,,,,,,30
2026-09-25T23:09:07.156,28.237,0,799.25,40,,97.875,25.098,-4.0,1.562,1.0,0.991,-0.043,6030,14.51,12.941,0,94,,,,,,,,,,,,
2026-09-25T23:09:07.286,28.367,0,794.25,39,,97.875,25.882,-3.0,1.562,1.0,0.995,-0.035,5910,14.51,12.941,0,,45,,,,,,,,,,,
2026-09-25T23:09:07.417,28.498,0,783.5,40,,97.875,25.882,-1.0,2.344,1.0,0.996,-0.031,5940,14.51,13.333,0,,,1.562,,,,,,,,,,
2026-09-25T23:09:07.546,28.627,0,781.5,40,,97.875,25.882,-5.0,2.344,1.0,0.998,-0.027,5970,14.51,12.549,0,,,,14.296,,,,,,,,,
2026-09-25T23:09:07.676,28.757,0,787.0,38,,97.875,24.314,-3.5,2.344,1.0,1.003,-0.016,6040,14.51,12.549,0,,,,,98,,,,,,,,
2026-09-25T23:09:07.806,28.887,0,797.25,37,,97.875,23.529,-4.0,2.344,1.0,0.999,-0.023,5840,14.51,12.549,0,,,,,,21,,,,,,,
2026-09-25T23:09:07.937,29.018,0,784.75,36,,97.875,22.745,-0.5,2.344,1.0,0.996,-0.031,5620,14.51,12.941,0,,,,,,,20.0,,,,,,
2026-09-25T23:09:08.067,29.148,0,784.75,39,,97.844,26.275,1.0,2.344,1.0,0.996,-0.027,5660,14.51,12.941,0,,,,,,,,372.4,,,,,
2026-09-25T23:09:08.197,29.277,0,788.0,42,,97.812,27.451,2.5,2.344,1.0,1.008,-0.012,5950,14.51,13.725,0,,,,,,,,,1.275,,,,
2026-09-25T23:09:08.327,29.408,0,792.0,42,,97.594,28.235,9.0,3.125,1.0,1.017,-0.004,6380,14.51,16.078,0,,,,,,,,,,,0.0,,
2026-09-25T23:09:08.456,29.537,0,833.5,48,,97.531,36.863,-7.5,3.125,0.999,1.024,0.004,7040,14.51,13.725,0,,,,,,,,,,,,38.824,
2026-09-25T23:09:08.586,29.667,0,908.5,53,,97.812,32.549,-8.0,3.125,1.0,0.999,-0.023,7680,14.51,14.118,0,,,,,,,,,,,,,32
2026-09-25T23:09:08.716,29.797,0,864.25,50,,97.656,33.333,1.0,1.562,1.0,0.978,-0.078,8400,14.51,14.902,0,94,,,,,,,,,,,,
2026-09-25T23:09:08.846,29.927,0,791.5,51,,97.688,35.294,7.0,0.781,1.0,0.961,-0.117,8900,15.294,16.078,0,,45,,,,,,,,,,,
2026-09-25T23:09:08.976,30.057,0,742.0,67,,97.531,49.412,6.0,0.0,1.0,0.968,-0.102,9380,17.647,16.078,1,,,0.781,,,,,,,,,,
2026-09-25T23:09:09.107,30.188,0,791.0,74,,97.531,53.333,-4.5,0.781,1.0,0.979,-0.074,10110,19.608,14.902,1,,,,14.394,,,,,,,,,
2026-09-25T23:09:09.236,30.317,0,872.5,70,,97.875,46.275,-5.5,0.781,1.001,0.983,-0.062,10910,21.961,15.686,1,,,,,98,,,,,,,,
2026-09-25T23:09:09.366,30.447,0,910.25,65,,97.875,44.314,5.5,0.0,1.001,0.971,-0.094,11680,23.137,16.078,2,,,,,,21,,,,,,,
2026-09-25T23:09:09.496,30.577,0,930.25,65,,97.875,44.314,1.0,0.0,1.001,0.963,-0.113,12330,23.137,16.078,2,,,,,,,20.0,,,,,,
2026-09-25T23:09:09.626,30.707,0,963.5,66,,98.0,43.529,-2.5,-0.781,1.001,0.96,-0.117,12820,23.137,15.686,3,,,,,,,,370.8,,,,,
2026-09-25T23:09:09.756,30.837,0,1009.75,65,,98.188,38.824,-4.5,-1.562,1.001,0.955,-0.129,13360,23.529,14.902,3,,,,,,,,,1.275,,,,
2026-09-25T23:09:09.887,30.968,0,1047.0,57,,98.5,35.294,-5.5,-3.125,1.001,0.935,-0.176,13710,23.529,14.902,4,,,,,,,,,,,0.0,,
2026-09-25T23:09:10.016,31.097,0,1072.75,53,,98.5,31.373,-2.5,-4.688,1.001,0.919,-0.215,13560,23.922,14.51,4,,,,,,,,,,,,36.863,
2026-09-25T23:09:10.147,31.227,0,1090.5,51,,98.5,30.196,-0.5,-6.25,1.0,0.909,-0.238,13120,23.922,14.51,4,,,,,,,,,,,,,34
2026-09-25T23:09:10.276,31.357,0,1107.0,46,,98.5,25.882,6.0,-7.812,1.0,0.907,-0.242,12770,24.314,14.902,5,95,,,,,,,,,,,,
2026-09-25T23:09:10.406,31.487,0,1117.5,45,,98.5,25.882,11.0,-8.594,1.0,0.91,-0.234,12350,24.706,14.902,5,,45,,,,,,,,,,,
2026-09-25T23:09:10.536,31.617,0,1098.0,46,,98.5,26.667,11.0,-9.375,1.0,0.92,-0.211,11940,24.706,14.902,5,,,0.781,,,,,,,,,,
2026-09-25T23:09:10.666,31.747,0,1049.5,47,,98.5,29.412,6.5,-10.156,1.0,0.933,-0.18,11510,24.706,14.902,6,,,,14.394,,,,,,,,,
2026-09-25T23:09:10.796,31.877,0,1031.5,50,,98.5,31.373,3.5,-10.156,1.0,0.943,-0.156,11130,24.706,14.902,6,,,,,98,,,,,,,,
2026-09-25T23:09:10.926,32.007,0,1041.5,50,,98.5,30.588,-0.5,-10.938,1.0,0.941,-0.16,10940,24.706,14.51,6,,,,,,21,,,,,,,
2026-09-25T23:09:11.056,32.137,0,1057.5,49,,98.5,28.235,1.5,-11.719,1.0,0.939,-0.164,10590,24.706,14.51,7,,,,,,,20.0,,,,,,
2026-09-25T23:09:11.186,32.267,0,1085.5,47,,98.5,27.451,3.0,-11.719,1.0,0.948,-0.145,10080,24.706,14.51,7,,,,,,,,369.5,,,,,
2026-09-25T23:09:11.316,32.397,0,1095.25,47,,98.5,27.059,6.0,-11.719,1.0,0.975,-0.086,9630,24.706,14.51,7,,,,,,,,,1.275,,,,
2026-09-25T23:09:11.446,32.527,0,1098.0,45,,98.5,25.882,9.0,-10.938,1.0,0.994,-0.035,9310,25.098,14.51,7,,,,,,,,,,,0.0,,
2026-09-25T23:09:11.576,32.657,0,1081.25,45,,98.344,26.667,9.5,-9.375,1.0,1.021,0.0,8910,25.098,14.902,8,,,,,,,,,,,,32.941,
2026-09-25T23:09:11.706,32.787,0,1059.75,46,,98.375,27.451,8.0,-8.594,1.0,1.046,0.027,8910,25.098,14.902,8,,,,,,,,,,,,,35
2026-09-25T23:09:11.837,32.918,0,1064.25,47,,98.312,27.843,6.5,-7.031,1.0,1.05,0.035,9220,25.098,14.902,8,95,,,,,,,,,,,,
2026-09-25T23:09:11.966,33.047,0,1074.5,47,,98.219,28.235,4.5,-7.031,1.0,1.046,0.031,9680,25.49,15.294,9,,44,,,,,,,,,,,
2026-09-25T23:09:12.097,33.178,0,1095.5,48,,98.188,28.235,5.5,-6.25,1.0,1.043,0.027,10040,25.49,14.902,9,,,0.781,,,,,,,,,,
2026-09-25T23:09:12.226,33.307,0,1119.25,47,,98.219,26.667,11.5,-6.25,1.0,1.041,0.023,10010,25.49,14.902,9,,,,14.316,,,,,,,,,
2026-09-25T23:09:12.356,33.437,0,1133.5,46,,98.219,25.098,11.5,-5.469,1.0,1.047,0.031,9550,25.49,14.902,9,,,,,98,,,,,,,,
2026-09-25T23:09:12.486,33.567,0,1137.75,45,,98.188,24.706,12.0,-3.906,1.0,1.063,0.051,9040,25.49,14.902,10,,,,,,21,,,,,,,
2026-09-25T23:09:12.617,33.698,0,1166.25,46,,98.188,25.098,12.5,-3.125,1.0,1.061,0.047,9010,25.49,14.902,10,,,,,,,20.0,,,,,,
2026-09-25T23:09:12.746,33.827,0,1198.0,45,,98.188,23.529,12.5,-3.125,1.0,1.047,0.031,8880,25.49,15.294,10,,,,,,,,368.6,,,,,
2026-09-25T23:09:12.876,33.957,0,1228.5,45,,98.188,22.353,13.0,-3.125,1.0,1.03,0.012,8720,25.49,15.294,10,,,,,,,,,1.275,,,,
2026-09-25T23:09:13.006,34.087,0,1256.25,45,,98.188,22.353,13.5,-3.125,1.0,1.023,0.004,9110,25.49,15.294,11,,,,,,,,,,,0.0,,
2026-09-25T23:09:13.139,34.22,0,1296.25,45,,98.188,21.569,14.0,-3.125,1.0,1.02,0.0,9250,25.098,15.686,11,,,,,,,,,,,,31.373,
2026-09-25T23:09:13.267,34.348,0,1306.25,45,,98.188,20.784,14.0,-3.125,1.0,1.015,-0.004,9230,25.098,15.294,11,,,,,,,,,,,,,37
2026-09-25T23:09:13.396,34.477,0,1299.5,46,,98.188,21.176,14.0,-3.125,1.0,1.013,-0.008,9320,25.098,15.686,11,96,,,,,,,,,,,,
2026-09-25T23:09:13.527,34.608,0,1335.25,45,,98.188,20.392,14.0,-3.125,1.0,1.009,-0.012,9200,25.098,15.294,11,,44,,,,,,,,,,,
2026-09-25T23:09:13.656,34.737,0,1311.5,46,,98.188,20.0,-12.5,-3.125,1.0,1.007,-0.012,9140,24.706,14.902,11,,,0.781,,,,,,,,,,
2026-09-25T23:09:13.786,34.867,0,1125.0,45,,98.375,23.137,-11.5,-3.125,1.0,1.005,-0.016,8880,24.706,14.902,12,,,,14.101,,,,,,,,,
2026-09-25T23:09:13.916,34.997,0,992.5,47,,98.25,29.02,-2.5,-2.344,1.0,1.015,-0.004,8840,24.706,14.902,12,,,,,98,,,,,,,,
2026-09-25T23:09:14.046,35.127,0,943.5,49,,98.438,32.549,3.5,-1.562,1.0,1.022,0.004,9200,24.314,14.902,12,,,,,,21,,,,,,,
2026-09-25T23:09:14.176,35.257,0,912.0,52,,98.312,34.902,-2.5,-1.562,1.0,1.018,-0.004,9730,23.529,14.51,12,,,,,,,20.0,,,,,,
2026-09-25T23:09:14.306,35.387,0,910.5,52,,98.344,34.118,-7.0,-2.344,1.0,0.999,-0.023,10380,19.608,13.333,13,,,,,,,,368.0,,,,,
2026-09-25T23:09:14.436,35.517,0,911.75,51,,98.469,32.549,-14.0,-3.125,1.0,0.992,-0.039,10730,14.51,12.157,13,,,,,,,,,1.275,,,,
2026-09-25T23:09:14.566,35.647,0,911.75,45,,98.5,23.137,-8.5,-3.906,1.0,0.976,-0.086,10610,14.51,12.941,13,,,,,,,,,,,0.0,,
2026-09-25T23:09:14.696,35.777,0,924.25,36,,98.469,22.745,-6.5,-3.906,1.0,0.972,-0.094,10280,14.51,12.549,13,,,,,,,,,,,,22.745,
2026-09-25T23:09:14.826,35.907,0,930.5,35,,98.469,20.784,-3.0,-3.906,1.0,0.984,-0.059,9790,14.51,12.549,13,,,,,,,,,,,,,38
2026-09-25T23:09:14.956,36.037,0,934.0,34,,98.312,20.0,-2.5,-3.125,1.0,0.996,-0.031,9480,14.51,12.549,13,96,,,,,,,,,,,,
2026-09-25T23:09:15.086,36.167,0,931.5,34,,98.188,20.0,-2.5,-3.125,1.0,0.998,-0.023,9130,14.51,12.941,13,,44,,,,,,,,,,,
2026-09-25T23:09:15.216,36.297,0,918.75,32,,98.188,19.608,-2.5,-3.125,1.0,0.994,-0.035,8710,14.51,12.549,13,,,1.562,,,,,,,,,,
2026-09-25T23:09:15.346,36.427,0,930.5,33,,98.188,19.608,-2.5,-3.906,1.001,0.99,-0.043,8290,14.51,12.549,13,,,,14.375,,,,,,,,,
2026-09-25T23:09:15.476,36.557,0,920.0,32,,98.188,18.824,-0.5,-3.906,1.001,0.989,-0.047,7900,14.51,12.941,12,,,,,98,,,,,,,,
2026-09-25T23:09:15.606,36.687,0,920.75,32,,98.156,19.216,-3.0,-3.906,1.001,0.981,-0.07,7500,14.51,12.549,13,,,,,,21,,,,,,,
2026-09-25T23:09:15.736,36.817,0,918.75,32,,98.094,19.216,-3.0,-4.688,1.001,0.978,-0.078,7130,14.51,12.549,12,,,,,,,20.0,,,,,,
2026-09-25T23:09:15.866,36.947,0,913.25,32,,98.062,18.824,-0.5,-4.688,1.001,0.981,-0.066,6850,14.51,12.549,12,,,,,,,,368.0,,,,,
2026-09-25T23:09:15.996,37.077,0,904.25,32,,97.938,19.608,-2.5,-4.688,1.001,0.982,-0.066,6470,14.51,12.549,12,,,,,,,,,1.275,,,,
2026-09-25T23:09:16.127,37.208,0,911.75,32,,97.875,19.216,-2.5,-4.688,1.001,0.983,-0.062,6100,14.51,12.549,12,,,,,,,,,,,0.0,,
2026-09-25T23:09:16.256,37.337,0,903.0,32,,97.875,18.431,-1.0,-4.688,1.001,0.985,-0.059,5760,14.51,12.549,12,,,,,,,,,,,,20.0,
2026-09-25T23:09:16.386,37.467,0,896.0,32,,97.875,19.608,-2.5,-4.688,1.001,0.987,-0.055,5500,14.51,12.549,12,,,,,,,,,,,,,40
2026-09-25T23:09:16.516,37.597,0,904.5,33,,97.875,20.0,-4.5,-4.688,1.001,0.989,-0.047,5110,14.51,12.549,12,97,,,,,,,,,,,,
2026-09-25T23:09:16.646,37.727,0,901.5,32,,97.875,18.824,-1.5,-4.688,1.001,0.981,-0.07,4740,14.51,12.549,12,,44,,,,,,,,,,,
2026-09-25T23:09:16.776,37.857,0,894.5,32,,97.875,19.216,-2.0,-5.469,1.001,0.972,-0.094,4380,14.51,12.549,12,,,2.344,,,,,,,,,,
2026-09-25T23:09:16.906,37.987,0,886.5,33,,97.875,20.0,-4.5,-6.25,1.001,0.962,-0.113,4030,14.51,12.549,12,,,,14.394,,,,,,,,,
2026-09-25T23:09:17.037,38.117,0,885.0,33,,97.875,20.0,-3.0,-6.25,1.001,0.971,-0.094,3680,14.51,12.549,12,,,,,98,,,,,,,,
2026-09-25T23:09:17.166,38.247,0,887.5,33,,97.875,20.0,-2.5,-6.25,1.001,0.98,-0.07,3420,14.51,12.941,12,,,,,,21,,,,,,,
2026-09-25T23:09:17.296,38.377,0,876.0,34,,97.875,20.784,-3.0,-6.25,1.001,0.986,-0.055,3190,14.51,12.941,12,,,,,,,20.0,,,,,,
2026-09-25T23:09:17.426,38.507,0,867.75,34,,97.844,20.784,-2.5,-6.25,1.001,0.988,-0.051,3470,14.51,12.941,12,,,,,,,,368.3,,,,,
2026-09-25T23:09:17.556,38.637,0,868.5,34,,97.781,21.961,-5.5,-6.25,1.001,0.989,-0.051,3980,14.51,12.549,12,,,,,,,,,1.275,,,,
2026-09-25T23:09:17.687,38.768,0,868.0,35,,97.812,21.176,-4.0,-6.25,1.001,0.987,-0.055,3880,14.51,12.549,12,,,,,,,,,,,0.0,,
2026-09-25T23:09:17.816,38.897,0,854.75,34,,97.844,20.784,-1.5,-6.25,1.0,0.985,-0.059,3740,14.51,12.941,12,,,,,,,,,,,,23.137,
2026-09-25T23:09:17.946,39.027,0,842.0,35,,97.75,21.961,-4.0,-6.25,1.0,0.984,-0.059,4000,14.51,12.549,11,,,,,,,,,,,,,41
2026-09-25T23:09:18.077,39.158,0,846.0,35,,97.75,21.176,-3.5,-6.25,1.0,0.989,-0.047,4320,14.51,12.549,11,97,,,,,,,,,,,,
2026-09-25T23:09:18.207,39.287,0,839.5,35,,97.719,21.176,-1.0,-6.25,1.0,0.991,-0.043,4520,14.51,12.549,11,,45,,,,,,,,,,,
2026-09-25T23:09:18.336,39.417,0,837.75,35,,97.656,21.961,-1.0,-6.25,1.0,0.992,-0.039,4280,14.51,12.549,11,,,2.344,,,,,,,,,,
2026-09-25T23:09:18.466,39.547,0,831.75,35,,97.656,21.961,2.0,-6.25,1.0,0.997,-0.027,4280,14.51,12.941,11,,,,14.355,,,,,,,,,
2026-09-25T23:09:18.596,39.677,0,821.25,36,,97.594,22.745,-0.5,-6.25,1.0,1.0,-0.02,4790,14.51,12.549,11,,,,,98,,,,,,,,
2026-09-25T23:09:18.726,39.807,0,821.25,38,,97.781,23.529,0.0,-5.469,1.0,1.012,-0.008,5490,14.51,12.941,11,,,,,,21,,,,,,,
2026-09-25T23:09:18.856,39.937,0,817.75,37,,97.656,23.922,1.0,-5.469,1.0,1.011,-0.008,5240,14.51,12.941,11,,,,,,,20.0,,,,,,
2026-09-25T23:09:18.986,40.067,0,815.0,38,,97.562,24.314,3.0,-5.469,1.0,1.012,-0.008,5260,14.51,12.941,11,,,,,,,,368.4,,,,,
2026-09-25T23:09:19.117,40.197,0,814.5,39,,97.562,24.706,1.0,-5.469,1.0,1.021,0.0,5900,14.51,12.941,10,,,,,,,,,1.275,,,,
2026-09-25T23:09:19.247,40.328,0,814.75,39,,97.656,24.706,-0.5,-4.688,1.0,1.032,0.016,6320,14.51,12.941,10,,,,,,,,,,,0.0,,
2026-09-25T23:09:19.376,40.457,0,819.5,40,,97.625,25.098,0.5,-3.906,1.0,1.032,0.012,6650,14.51,12.941,10,,,,,,,,,,,,26.275,
2026-09-25T23:09:19.506,40.587,0,821.25,39,,97.625,25.098,-2.5,-3.906,1.0,1.035,0.016,6230,14.51,12.549,9,,,,,,,,,,,,,43
2026-09-25T23:09:19.640,40.72,0,817.0,39,,97.562,25.098,-2.0,-3.125,1.0,1.041,0.023,6100,14.51,12.549,9,97,,,,,,,,,,,,
2026-09-25T23:09:19.766,40.847,0,817.25,38,,97.562,23.922,-3.5,-3.125,1.0,1.043,0.027,6130,14.51,12.549,9,,45,,,,,,,,,,,
2026-09-25T23:09:19.896,40.977,0,811.25,38,,97.562,23.922,-3.5,-3.125,1.0,1.037,0.02,6120,14.51,12.941,8,,,1.562,,,,,,,,,,
2026-09-25T23:09:20.026,41.107,0,806.25,38,,97.594,24.706,-5.0,-2.344,1.0,1.037,0.02,5820,14.51,12.941,8,,,,14.355,,,,,,,,,
2026-09-25T23:09:20.157,41.237,0,801.0,39,,97.531,24.706,0.0,-2.344,1.0,1.045,0.027,5650,14.51,14.118,8,,,,,98,,,,,,,,
2026-09-25T23:09:20.286,41.367,0,808.5,41,,97.531,29.412,-2.5,-1.562,1.0,1.042,0.023,5730,14.51,12.941,8,,,,,,21,,,,,,,
2026-09-25T23:09:20.416,41.497,0,852.25,44,,97.531,27.451,-8.0,-1.562,1.0,1.04,0.023,6280,14.51,12.549,8,,,,,,,20.0,,,,,,
2026-09-25T23:09:20.546,41.627,0,880.0,41,,97.562,25.098,-8.0,-1.562,1.0,1.02,0.0,6900,14.51,12.549,8,,,,,,,,368.3,,,,,
2026-09-25T23:09:20.676,41.757,0,881.0,36,,97.625,22.353,-3.5,-2.344,1.0,1.003,-0.016,6700,14.51,13.333,8,,,,,,,,,1.275,,,,
2026-09-25T23:09:20.806,41.887,0,868.5,37,,97.625,23.529,-4.5,-3.125,1.0,0.995,-0.031,6220,14.51,13.333,8,,,,,,,,,,,0.0,,
2026-09-25T23:09:20.936,42.017,0,862.5,38,,97.594,23.922,-3.0,-2.344,1.0,1.0,-0.02,5870,14.51,12.941,8,,,,,,,,,,,,25.882,
2026-09-25T23:09:21.066,42.147,0,846.75,39,,97.562,25.098,-4.0,-2.344,1.0,1.015,-0.004,6090,14.51,12.941,8,,,,,,,,,,,,,45
2026-09-25T23:09:21.197,42.277,0,848.25,39,,97.594,25.098,-4.0,-1.562,1.0,1.025,0.004,6190,14.51,12.941,8,97,,,,,,,,,,,,
2026-09-25T23:09:21.326,42.407,0,845.25,39,,97.594,25.098,-3.0,-1.562,1.0,1.025,0.004,5820,14.51,12.941,8,,45,,,,,,,,,,,
2026-09-25T23:09:21.456,42.537,0,842.0,39,,97.594,25.098,-3.5,-1.562,1.0,1.02,0.0,5780,14.51,12.941,8,,,1.562,,,,,,,,,,
2026-09-25T23:09:21.587,42.668,0,847.25,39,,97.688,24.314,-3.0,-0.781,1.0,1.02,0.0,6130,14.51,12.941,8,,,,14.277,,,,,,,,,
2026-09-25T23:09:21.716,42.797,0,847.0,40,,97.656,25.49,-3.0,-1.562,1.0,1.01,-0.012,6640,14.51,12.941,9,,,,,98,,,,,,,,
2026-09-25T23:09:21.846,42.927,0,852.5,40,,97.562,25.098,-4.0,-1.562,1.0,1.006,-0.016,6340,14.51,12.941,9,,,,,,21,,,,,,,
2026-09-25T23:09:21.977,43.058,0,856.75,40,,97.625,25.882,-4.5,-1.562,1.0,1.001,-0.02,6170,14.51,12.941,9,,,,,,,20.0,,,,,,
2026-09-25T23:09:22.106,43.187,0,857.25,40,,97.594,25.49,-5.0,-1.562,1.0,0.998,-0.023,6590,14.51,12.941,9,,,,,,,,368.3,,,,,
2026-09-25T23:09:22.236,43.317,0,864.25,40,,97.562,25.098,-6.0,-1.562,1.0,0.997,-0.027,6990,14.51,12.941,9,,,,,,,,,1.275,,,,
2026-09-25T23:09:22.366,43.447,0,875.5,40,,97.594,25.098,-7.0,-1.562,1.0,0.993,-0.039,6810,14.51,12.549,9,,,,,,,,,,,0.0,,
2026-09-25T23:09:22.496,43.577,0,883.75,38,,97.688,23.922,-6.5,-2.344,1.0,0.99,-0.043,6360,14.51,12.549,8,,,,,,,,,,,,24.706,
2026-09-25T23:09:22.627,43.707,0,888.25,37,,97.656,23.137,-3.5,-2.344,1.0,0.984,-0.059,6010,14.51,12.941,8,,,,,,,,,,,,,46
2026-09-25T23:09:22.756,43.837,0,890.0,36,,97.656,23.137,-5.5,-3.125,1.0,0.977,-0.082,5840,14.51,12.549,8,98,,,,,,,,,,,,
2026-09-25T23:09:22.886,43.967,0,879.75,36,,97.625,23.137,-4.5,-3.125,1.0,0.971,-0.094,5610,14.51,12.941,8,,45,,,,,,,,,,,
2026-09-25T23:09:23.016,44.097,0,875.25,37,,97.812,23.529,-4.5,-3.906,1.0,0.963,-0.113,5330,14.51,12.941,8,,,2.344,,,,,,,,,,
2026-09-25T23:09:23.146,44.227,0,866.0,37,,97.75,23.529,-4.0,-4.688,1.0,0.967,-0.102,5090,14.51,12.941,8,,,,14.394,,,,,,,,,
2026-09-25T23:09:23.276,44.357,0,864.0,38,,97.625,23.137,-4.0,-4.688,1.0,0.968,-0.102,5240,14.51,12.941,8,,,,,98,,,,,,,,
2026-09-25T23:09:23.406,44.487,0,861.75,38,,97.625,23.529,-5.0,-4.688,1.0,0.972,-0.094,5510,14.51,12.549,7,,,,,,21,,,,,,,
2026-09-25T23:09:23.536,44.617,0,861.25,38,,97.719,23.922,-5.0,-4.688,1.0,0.969,-0.098,5670,14.51,12.941,7,,,,,,,20.0,,,,,,
2026-09-25T23:09:23.666,44.747,0,861.25,37,,97.656,23.529,-3.5,-5.469,1.0,0.964,-0.109,5510,14.51,12.941,7,,,,,,,,368.2,,,,,
2026-09-25T23:09:23.796,44.877,0,854.75,38,,97.656,24.706,-4.0,-5.469,1.0,0.962,-0.113,5480,14.51,12.941,7,,,,,,,,,1.275,,,,
2026-09-25T23:09:23.926,45.007,0,845.25,38,,97.656,23.922,-2.0,-6.25,1.0,0.966,-0.105,5560,14.51,12.941,6,,,,,,,,,,,0.0,,
2026-09-25T23:09:24.056,45.137,0,835.5,39,,97.75,24.314,-1.5,-6.25,1.0,0.968,-0.102,5890,14.51,12.941,6,,,,,,,,,,,,25.882,
2026-09-25T23:09:24.186,45.267,0,836.0,39,,97.594,24.706,-2.5,-6.25,1.0,0.972,-0.094,6190,14.51,12.941,6,,,,,,,,,,,,,48
2026-09-25T23:09:24.316,45.397,0,833.0,39,,97.594,24.706,-0.5,-6.25,1.0,0.979,-0.078,6210,14.51,12.941,6,98,,,,,,,,,,,,
2026-09-25T23:09:24.446,45.527,0,833.75,38,,97.562,24.314,-2.5,-6.25,1.0,0.975,-0.086,6130,15.686,12.941,6,,45,,,,,,,,,,,
2026-09-25T23:09:24.577,45.658,0,836.75,39,,97.594,24.706,-2.0,-7.031,1.0,0.969,-0.102,6100,16.863,12.941,5,,,2.344,,,,,,,,,,
2026-09-25T23:09:24.706,45.787,0,842.5,39,,97.562,25.098,-1.0,-7.031,1.0,0.974,-0.086,6000,20.0,13.333,5,,,,14.433,,,,,,,,,
2026-09-25T23:09:24.837,45.917,0,851.0,39,,97.562,24.706,8.0,-7.031,1.0,0.975,-0.086,6050,21.176,13.725,5,,,,,98,,,,,,,,
2026-09-25T23:09:24.966,46.047,0,868.75,41,,97.531,28.235,3.5,-7.031,1.0,0.979,-0.074,6430,21.961,14.118,5,,,,,,21,,,,,,,
2026-09-25T23:09:25.096,46.177,0,907.0,45,,97.531,30.196,9.0,-7.031,1.0,0.99,-0.043,7050,24.314,14.902,5,,,,,,,20.0,,,,,,
2026-09-25T23:09:25.226,46.307,0,959.0,48,,97.531,31.765,8.0,-6.25,0.999,0.994,-0.035,7780,26.275,15.686,5,,,,,,,,368.1,,,,,
2026-09-25T23:09:25.356,46.437,0,1034.75,52,,97.5,33.725,2.0,-7.031,1.0,0.991,-0.043,8410,26.667,15.686,5,,,,,,,,,1.275,,,,
2026-09-25T23:09:25.486,46.567,0,1027.75,55,,97.531,35.686,6.5,-7.031,1.0,0.991,-0.043,9120,27.059,16.078,5,,,,,,,,,,,0.0,,
2026-09-25T23:09:25.617,46.698,0,1009.0,58,,97.531,38.039,3.5,-7.031,1.0,0.989,-0.047,9400,27.843,16.078,5,,,,,,,,,,,,43.922,
2026-09-25T23:09:25.747,46.828,0,1003.25,60,,97.531,38.824,8.0,-7.031,1.001,1.001,-0.02,9980,29.02,17.255,5,,,,,,,,,,,,,49
2026-09-25T23:09:25.877,46.958,0,1028.25,65,,97.531,42.745,9.5,-5.469,1.001,1.023,0.004,10840,30.196,18.431,6,98,,,,,,,,,,,,
2026-09-25T23:09:26.006,47.087,0,1064.0,71,,97.531,45.098,9.5,-5.469,1.001,1.024,0.004,11680,30.98,18.824,6,,46,,,,,,,,,,,
2026-09-25T23:09:26.139,47.22,0,1126.75,77,,97.562,44.706,10.0,-5.469,1.0,1.017,-0.004,11690,30.588,18.039,7,,,0.781,,,,,,,,,,
2026-09-25T23:09:26.266,47.347,0,1111.0,77,,98.156,42.745,10.0,-3.906,1.0,1.048,0.031,12270,30.588,18.039,7,,,,14.316,,,,,,,,,
2026-09-25T23:09:26.396,47.477,0,1152.75,73,,98.219,39.608,11.0,-3.125,1.0,1.046,0.031,13420,30.196,18.039,8,,,,,98,,,,,,,,
2026-09-25T23:09:26.526,47.607,0,1222.0,72,,98.5,36.863,12.0,-3.125,1.0,1.027,0.008,13780,30.196,18.824,8,,,,,,21,,,,,,,
2026-09-25T23:09:26.657,47.738,0,1252.0,73,,98.5,33.333,12.5,-3.906,1.0,1.021,0.0,14100,30.196,17.647,9,,,,,,,20.0,,,,,,
2026-09-25T23:09:26.786,47.867,0,1272.75,70,,99.094,31.765,12.5,-2.344,1.0,1.034,0.016,14980,29.412,17.647,10,,,,,,,,365.8,,,,,
2026-09-25T23:09:26.916,47.997,0,1285.5,71,,99.156,32.549,12.5,-1.562,1.0,1.041,0.023,15350,27.843,16.078,10,,,,,,,,,1.275,,,,
2026-09-25T23:09:27.047,48.127,0,1304.75,67,,99.469,27.843,13.0,-1.562,1.0,1.034,0.016,14520,26.667,16.078,11,,,,,,,,,,,0.0,,
2026-09-25T23:09:27.176,48.257,0,1333.5,55,,99.781,24.314,13.0,0.0,1.0,1.044,0.027,14170,23.922,14.51,11,,,,,,,,,,,,32.941,
2026-09-25T23:09:27.307,48.388,0,1339.25,50,,99.875,21.176,14.0,0.0,1.0,1.026,0.008,13800,20.784,13.333,11,,,,,,,,,,,,,51
2026-09-25T23:09:27.436,48.517,0,1322.25,45,,100.0,17.647,14.0,-0.781,1.0,1.0,-0.02,13100,14.51,14.118,11,99,,,,,,,,,,,,
2026-09-25T23:09:27.567,48.647,0,1299.0,37,,99.781,0.0,11.0,-0.781,1.0,0.999,-0.02,12480,14.51,13.333,11,,44,,,,,,,,,,,
2026-09-25T23:09:27.696,48.777,0,1328.0,31,,99.5,0.0,17.5,-0.781,1.0,1.021,0.0,12080,14.51,12.549,11,,,1.562,,,,,,,,,,
2026-09-25T23:09:27.826,48.907,0,1299.5,27,,99.469,0.0,20.5,0.0,1.0,1.017,-0.004,11640,14.51,12.157,11,,,,14.296,,,,,,,,,
2026-09-25T23:09:27.956,49.037,0,1235.75,24,,99.438,0.0,27.5,0.0,1.0,1.037,0.02,11290,14.51,12.157,11,,,,,98,,,,,,,,
2026-09-25T23:09:28.086,49.167,0,1141.25,23,,99.156,0.0,9.0,0.781,1.0,1.052,0.035,10950,14.51,14.118,11,,,,,,21,,,,,,,
2026-09-25T23:09:28.216,49.297,0,1024.75,26,,98.844,15.294,2.0,2.344,1.001,1.082,0.07,10520,15.294,13.725,11,,,,,,,20.0,,,,,,
2026-09-25T23:09:28.346,49.427,0,955.25,34,,98.844,20.392,-2.5,3.906,1.001,1.091,0.078,9980,16.078,13.333,10,,,,,,,,365.9,,,,,
2026-09-25T23:09:28.476,49.557,0,932.25,37,,98.812,22.745,-4.0,3.906,1.001,1.071,0.059,9440,20.0,13.725,10,,,,,,,,,1.275,,,,
2026-09-25T23:09:28.606,49.687,0,942.0,38,,98.75,23.529,6.0,3.125,1.0,1.042,0.023,9050,21.176,14.118,10,,,,,,,,,,,0.0,,
2026-09-25T23:09:28.736,49.817,0,969.25,41,,98.5,26.275,6.5,2.344,1.0,1.018,-0.004,8570,22.353,14.51,10,,,,,,,,,,,,30.588,
2026-09-25T23:09:28.866,49.947,0,1011.75,44,,98.469,28.235,-1.0,2.344,1.0,1.002,-0.02,7760,22.353,14.51,10,,,,,,,,,,,,,52
2026-09-25T23:09:28.996,50.077,0,1026.25,45,,98.406,27.843,1.0,1.562,0.999,0.992,-0.039,7540,22.353,14.51,10,99,,,,,,,,,,,,
2026-09-25T23:09:29.126,50.207,0,1002.5,46,,98.375,27.843,-1.5,1.562,1.0,0.995,-0.031,7850,22.353,14.118,10,,45,,,,,,,,,,,
2026-09-25T23:09:29.257,50.337,0,992.0,46,,98.344,29.02,-1.0,1.562,0.999,0.991,-0.043,8130,22.353,14.51,11,,,0.781,,,,,,,,,,
2026-09-25T23:09:29.386,50.467,0,983.0,46,,98.281,29.02,0.5,0.781,0.999,0.98,-0.07,7960,22.353,14.51,11,,,,14.355,,,,,,,,,
2026-09-25T23:09:29.516,50.597,0,986.75,47,,98.188,29.412,-3.0,0.0,0.999,0.98,-0.07,8080,22.745,14.118,11,,,,,98,,,,,,,,
2026-09-25T23:09:29.646,50.727,0,994.5,46,,98.219,29.412,-2.0,0.0,0.999,0.975,-0.086,8330,22.745,14.118,11,,,,,,21,,,,,,,
2026-09-25T23:09:29.776,50.857,0,1001.25,47,,98.219,29.412,-3.0,0.0,0.999,0.959,-0.121,8650,22.745,14.118,11,,,,,,,20.0,,,,,,
2026-09-25T23:09:29.906,50.987,0,1006.5,45,,98.188,28.235,-1.0,-0.781,0.999,0.956,-0.129,8750,23.137,14.118,11,,,,,,,,366.0,,,,,
2026-09-25T23:09:30.037,51.117,0,1003.5,46,,98.219,29.02,-1.5,-1.562,0.999,0.95,-0.141,8810,23.137,14.118,11,,,,,,,,,1.275,,,,
2026-09-25T23:09:30.166,51.247,0,1002.75,46,,98.219,29.02,2.0,-2.344,0.999,0.953,-0.133,8590,23.529,14.51,11,,,,,,,,,,,0.0,,
2026-09-25T23:09:30.296,51.377,0,997.5,46,,98.188,29.804,1.0,-2.344,0.999,0.961,-0.117,8500,23.922,14.51,11,,,,,,,,,,,,32.941,
2026-09-25T23:09:30.426,51.507,0,994.5,47,,98.188,29.412,6.5,-2.344,0.999,0.968,-0.102,8760,24.706,14.51,11,,,,,,,,,,,,,54
2026-09-25T23:09:30.556,51.637,0,996.25,48,,98.188,31.765,4.0,-2.344,0.999,0.971,-0.094,9260,24.706,14.902,11,99,,,,,,,,,,,,
2026-09-25T23:09:30.687,51.768,0,995.0,51,,98.188,32.941,0.5,-2.344,1.0,0.979,-0.078,9980,25.098,14.51,11,,45,,,,,,,,,,,
2026-09-25T23:09:30.816,51.897,0,997.5,51,,98.188,32.941,3.5,-2.344,1.0,0.98,-0.07,10740,25.098,14.51,11,,,0.781,,,,,,,,,,
2026-09-25T23:09:30.946,52.027,0,998.75,51,,98.188,32.941,2.0,-3.125,1.0,0.973,-0.09,11170,25.49,14.902,12,,,,14.433,,,,,,,,,
2026-09-25T23:09:31.076,52.157,0,1011.75,52,,98.188,34.902,3.0,-3.906,1.0,0.973,-0.09,11190,26.275,14.902,12,,,,,98,,,,,,,,
2026-09-25T23:09:31.206,52.287,0,1013.75,53,,98.188,33.725,5.0,-3.906,1.0,0.985,-0.059,11740,26.275,14.902,12,,,,,,21,,,,,,,
2026-09-25T23:09:31.337,52.418,0,1016.5,55,,98.188,35.686,3.5,-3.125,1.0,0.99,-0.043,12280,26.275,14.902,12,,,,,,,20.0,,,,,,
2026-09-25T23:09:31.466,52.547,0,1023.25,56,,98.312,34.902,3.0,-3.125,1.001,0.988,-0.051,12660,26.275,14.902,12,,,,,,,,365.7,,,,,
2026-09-25T23:09:31.596,52.677,0,1025.75,55,,98.312,34.902,3.5,-3.906,1.001,0.979,-0.078,12590,26.275,14.902,12,,,,,,,,,1.275,,,,
2026-09-25T23:09:31.726,52.807,0,1032.25,55,,98.438,34.902,2.5,-4.688,1.0,0.978,-0.078,12120,25.882,14.902,13,,,,,,,,,,,0.0,,
2026-09-25T23:09:31.856,52.937,0,1037.25,55,,98.469,32.941,-3.0,-4.688,1.0,0.979,-0.074,12100,20.392,13.333,13,,,,,,,,,,,,38.431,
2026-09-25T23:09:31.986,53.067,0,1029.5,48,,98.188,27.843,-4.0,-4.688,1.0,0.971,-0.094,11980,14.51,11.373,13,,,,,,,,,,,,,55
2026-09-25T23:09:32.116,53.197,0,1025.75,42,,98.469,22.745,-1.5,-6.25,1.0,0.948,-0.145,11590,14.51,11.765,13,100,,,,,,,,,,,,
2026-09-25T23:09:32.246,53.327,0,1004.0,33,,98.469,18.039,3.0,-7.812,1.0,0.924,-0.203,11330,14.51,12.549,13,,45,,,,,,,,,,,
2026-09-25T23:09:32.376,53.457,0,952.75,29,,98.188,17.647,1.0,-10.156,1.0,0.904,-0.25,11070,14.51,12.549,13,,,2.344,,,,,,,,,,
2026-09-25T23:09:32.506,53.587,0,910.0,31,,98.188,18.824,-3.0,-10.156,1.0,0.923,-0.203,10700,14.51,12.549,13,,,,14.355,,,,,,,,,
2026-09-25T23:09:32.638,53.719,0,941.5,33,,98.188,19.216,-2.0,-8.594,1.001,0.97,-0.098,10280,14.51,12.549,13,,,,,98,,,,,,,,
2026-09-25T23:09:32.766,53.847,0,959.0,32,,98.125,17.647,-1.0,-7.812,1.001,0.982,-0.066,9860,14.902,12.549,13,,,,,,21,,,,,,,
2026-09-25T23:09:32.896,53.977,0,948.25,30,,97.969,17.647,0.0,-8.594,1.001,0.967,-0.105,9380,15.294,12.549,13,,,,,,,20.0,,,,,,
2026-09-25T23:09:33.026,54.107,0,932.75,30,,97.875,17.255,-0.5,-9.375,1.001,0.951,-0.137,9000,15.294,12.549,13,,,,,,,,365.8,,,,,
2026-09-25T23:09:33.156,54.237,0,942.75,31,,97.875,17.255,-2.5,-10.156,1.001,0.95,-0.141,8630,15.686,12.157,13,,,,,,,,,1.275,,,,
2026-09-25T23:09:33.286,54.367,0,943.5,29,,97.875,16.863,-0.5,-10.156,1.001,0.95,-0.141,8270,17.647,12.549,13,,,,,,,,,,,0.0,,
2026-09-25T23:09:33.416,54.497,0,937.75,29,,98.125,17.255,-1.0,-10.938,1.001,0.955,-0.129,7920,19.216,12.157,13,,,,,,,,,,,,18.431,
2026-09-25T23:09:33.546,54.627,0,935.75,29,,97.938,16.863,8.5,-10.938,1.001,0.96,-0.117,7580,20.0,13.333,13,,,,,,,,,,,,,57
2026-09-25T23:09:33.676,54.757,0,938.25,34,,97.875,21.961,7.5,-10.938,1.001,0.968,-0.102,7210,20.392,13.333,13,100,,,,,,,,,,,,
2026-09-25T23:09:33.806,54.887,0,951.25,37,,97.875,22.745,3.0,-10.156,1.001,0.987,-0.055,6780,20.784,13.333,13,,45,,,,,,,,,,,
2026-09-25T23:09:33.936,55.017,0,940.0,37,,97.875,23.137,1.5,-8.594,1.001,1.035,0.016,6340,20.784,13.333,13,,,1.562,,,,,,,,,,
2026-09-25T23:09:34.066,55.147,0,930.75,38,,97.875,23.529,-1.0,-6.25,1.0,1.067,0.055,5890,20.784,13.333,13,,,,14.375,,,,,,,,,
2026-09-25T23:09:34.196,55.277,0,938.5,38,,97.875,23.529,-4.0,-5.469,1.0,1.079,0.066,5450,18.824,12.549,13,,,,,98,,,,,,,,
2026-09-25T23:09:34.326,55.407,0,919.5,37,,97.875,22.353,-6.0,-3.906,1.0,1.095,0.086,5040,14.51,12.941,13,,,,,,21,,,,,,,
2026-09-25T23:09:34.456,55.537,0,913.75,34,,97.875,21.176,-4.0,-3.125,1.0,1.089,0.078,4640,14.51,12.549,12,,,,,,,20.0,,,,,,
2026-09-25T23:09:34.586,55.667,0,919.0,34,,97.875,20.0,-2.5,-3.125,1.0,1.07,0.059,4260,14.51,12.941,12,,,,,,,,366.2,,,,,
2026-09-25T23:09:34.716,55.797,0,904.0,33,,97.875,19.608,-1.0,-3.125,1.0,1.057,0.043,3900,14.51,13.333,12,,,,,,,,,1.275,,,,
2026-09-25T23:09:34.856,55.937,0,882.5,34,,97.875,21.569,-2.5,-3.125,1.0,1.053,0.039,3770,14.51,12.941,12,,,,,,,,,,,0.0,,
2026-09-25T23:09:34.986,56.067,0,883.75,36,,97.875,21.961,-5.5,-3.125,1.0,1.055,0.039,3920,14.51,12.549,12,,,,,,,,,,,,23.529,
2026-09-25T23:09:35.116,56.197,0,882.75,36,,97.844,21.961,-2.5,-2.344,1.0,1.054,0.039,4140,14.51,12.941,12,,,,,,,,,,,,,59
2026-09-25T23:09:35.246,56.327,0,867.5,36,,97.844,22.353,-4.0,-2.344,1.0,1.046,0.031,4300,14.51,12.549,12,100,,,,,,,,,,,,
2026-09-25T23:09:35.376,56.457,0,855.25,36,,97.812,22.745,-2.5,-2.344,1.0,1.035,0.016,4350,14.51,12.941,11,,45,,,,,,,,,,,
2026-09-25T23:09:35.506,56.587,0,850.25,38,,97.781,23.922,-3.5,-2.344,1.0,1.033,0.016,4500,14.51,12.941,11,,,2.344,,,,,,,,,,
2026-09-25T23:09:35.638,56.719,0,845.0,37,,97.781,23.137,-2.5,-2.344,1.0,1.033,0.016,4650,14.51,12.549,11,,,,14.375,,,,,,,,,
2026-09-25T23:09:35.766,56.847,0,837.5,38,,97.812,23.529,-1.0,-1.562,1.0,1.031,0.012,4920,14.51,12.941,11,,,,,98,,,,,,,,
2026-09-25T23:09:35.896,56.977,0,839.75,38,,97.781,23.922,-2.5,-1.562,1.0,1.033,0.016,5240,14.51,12.549,11,,,,,,21,,,,,,,
2026-09-25T23:09:36.027,57.108,0,838.5,39,,97.75,24.706,-2.0,-1.562,1.0,1.034,0.016,5510,14.51,12.549,11,,,,,,,20.0,,,,,,
2026-09-25T23:09:36.156,57.237,0,837.25,38,,97.75,23.922,-1.0,-0.781,1.0,1.036,0.02,5690,14.51,12.941,11,,,,,,,,366.6,,,,,
2026-09-25T23:09:36.286,57.367,0,831.0,38,,97.781,24.314,-2.5,-0.781,1.0,1.034,0.016,5650,14.51,12.549,11,,,,,,,,,1.275,,,,
2026-09-25T23:09:36.416,57.497,0,830.75,38,,97.75,23.922,-1.5,-0.781,1.0,1.032,0.012,5640,14.51,12.549,11,,,,,,,,,,,0.0,,
2026-09-25T23:09:36.546,57.627,0,827.25,38,,97.812,23.922,0.5,-0.781,1.0,1.032,0.016,5480,14.51,12.549,11,,,,,,,,,,,,25.098,
2026-09-25T23:09:36.677,57.758,0,829.75,39,,97.844,24.314,-0.5,0.0,1.0,1.03,0.012,5470,14.51,12.549,11,,,,,,,,,,,,,60
2026-09-25T23:09:36.806,57.887,0,828.25,39,,97.781,24.314,-1.0,0.0,1.0,1.031,0.012,5530,14.51,12.941,11,100,,,,,,,,,,,,
2026-09-25T23:09:36.936,58.017,0,827.75,40,,97.719,25.098,-1.0,0.0,1.0,1.029,0.008,5760,14.51,12.941,11,,45,,,,,,,,,,,
2026-09-25T23:09:37.066,58.147,0,831.75,40,,97.594,25.098,-1.0,0.0,1.0,1.028,0.008,5960,14.51,12.941,10,,,1.562,,,,,,,,,,
2026-09-25T23:09:37.196,58.277,0,830.75,40,,97.688,25.49,-1.5,0.0,1.0,1.034,0.016,6210,14.51,12.941,10,,,,14.277,,,,,,,,,
2026-09-25T23:09:37.326,58.407,0,834.5,41,,97.594,26.667,-2.0,0.781,1.0,1.04,0.023,6430,14.51,12.549,9,,,,,98,,,,,,,,
2026-09-25T23:09:37.456,58.537,0,842.0,41,,97.719,25.098,-5.0,0.781,1.0,1.04,0.023,6670,14.51,12.549,9,,,,,,21,,,,,,,
2026-09-25T23:09:37.586,58.667,0,850.5,40,,97.719,25.098,-6.0,0.781,1.0,1.033,0.016,6500,14.51,12.549,9,,,,,,,20.0,,,,,,
2026-09-25T23:09:37.716,58.797,0,849.0,39,,97.781,24.314,-7.0,0.781,1.0,1.022,0.0,6250,14.51,12.549,8,,,,,,,,367.0,,,,,
2026-09-25T23:09:37.846,58.927,0,839.0,38,,97.688,23.529,-5.5,0.0,1.0,1.001,-0.02,5850,14.51,12.549,8,,,,,,,,,1.275,,,,
2026-09-25T23:09:37.976,59.057,0,830.0,37,,97.656,23.922,-4.5,0.0,1.0,0.997,-0.027,5480,14.51,12.549,7,,,,,,,,,,,0.0,,
2026-09-25T23:09:38.106,59.187,0,828.25,38,,97.719,23.922,-5.5,0.0,1.0,1.0,-0.02,5290,14.51,12.549,7,,,,,,,,,,,,25.882,
2026-09-25T23:09:38.236,59.317,0,825.5,39,,97.75,24.314,-4.0,0.0,1.0,1.01,-0.012,5330,14.51,12.549,6,,,,,,,,,,,,,62
2026-09-25T23:09:38.367,59.448,0,817.25,40,,97.781,25.098,-5.0,0.781,1.0,1.021,0.0,5540,14.51,13.333,6,101,,,,,,,,,,,,
2026-09-25T23:09:38.496,59.577,0,826.75,41,,97.562,26.667,9.0,1.562,1.0,1.024,0.004,5860,14.51,12.941,6,,46,,,,,,,,,,,
2026-09-25T23:09:38.626,59.707,0,850.25,45,,97.844,28.627,-5.5,1.562,1.0,1.02,0.0,6380,14.51,12.941,5,,,1.562,,,,,,,,,,
2026-09-25T23:09:38.756,59.837,0,885.25,42,,97.594,25.882,-8.5,0.781,1.0,1.002,-0.02,6800,14.51,12.549,5,,,,14.355,,,,,,,,,
2026-09-25T23:09:38.887,59.967,0,881.25,40,,97.75,24.706,-2.5,0.0,0.999,0.992,-0.039,6820,14.51,13.333,5,,,,,98,,,,,,,,
2026-09-25T23:09:39.016,60.097,0,872.0,40,,97.656,26.275,-5.0,0.0,0.999,0.99,-0.047,6710,14.51,12.941,5,,,,,,21,,,,,,,
2026-09-25T23:09:39.146,60.227,0,868.75,41,,97.719,25.098,-4.5,0.0,1.0,0.998,-0.023,6610,14.902,12.941,5,,,,,,,20.0,,,,,,
2026-09-25T23:09:39.276,60.357,0,861.25,40,,97.719,25.098,-3.5,0.781,1.0,1.004,-0.016,6500,21.176,13.725,5,,,,,,,,367.3,,,,,
2026-09-25T23:09:39.406,60.487,0,868.25,42,,97.625,26.667,9.5,0.0,1.0,0.998,-0.023,6550,25.882,15.294,5,,,,,,,,,0.7,,,,
2026-09-25T23:09:39.536,60.617,0,907.75,47,,97.531,31.765,8.0,0.0,1.0,1.001,-0.02,6870,26.667,16.078,5,,,,,,,,,,,0.0,,
2026-09-25T23:09:39.666,60.747,0,993.75,55,,97.531,39.608,2.5,0.781,1.0,1.0,-0.02,7350,26.667,15.686,5,,,,,,,,,,,,43.922,
2026-09-25T23:09:39.796,60.877,0,1053.25,60,,97.531,36.863,0.5,0.0,1.0,0.973,-0.09,8220,27.451,15.686,5,,,,,,,,,,,,,63
2026-09-25T23:09:39.936,61.017,0,1034.25,61,,97.625,37.255,8.5,-1.562,1.0,0.956,-0.125,8880,27.843,16.078,6,101,,,,,,,,,,,,
2026-09-25T23:09:40.067,61.148,0,1051.25,62,,97.812,38.431,4.0,-0.781,1.0,0.979,-0.074,9350,27.843,16.078,6,,46,,,,,,,,,,,
2026-09-25T23:09:40.196,61.277,0,1092.0,62,,97.875,36.863,3.0,-0.781,1.0,0.99,-0.043,9920,27.843,15.686,6,,,0.781,,,,,,,,,,
2026-09-25T23:09:40.326,61.407,0,1135.75,61,,97.875,34.51,7.5,-0.781,1.0,0.988,-0.051,10750,27.843,15.686,6,,,,14.414,,,,,,,,,
2026-09-25T23:09:40.456,61.537,0,1135.75,58,,98.094,32.549,10.0,-0.781,1.0,0.993,-0.035,11870,27.843,15.686,7,,,,,98,,,,,,,,
2026-09-25T23:09:40.586,61.667,0,1100.5,59,,98.188,33.725,9.5,-0.781,1.0,0.991,-0.043,12010,28.235,15.686,7,,,,,,21,,,,,,,
2026-09-25T23:09:40.716,61.797,0,1116.25,59,,98.219,33.725,10.0,-0.781,1.0,0.988,-0.051,12340,28.235,16.078,8,,,,,,,20.0,,,,,,
2026-09-25T23:09:40.846,61.927,0,1139.75,59,,98.188,33.333,10.5,-1.562,1.0,0.983,-0.062,13430,28.627,16.078,8,,,,,,,,366.5,,,,,
2026-09-25T23:09:40.976,62.057,0,1154.75,60,,98.5,31.765,10.5,-1.562,1.0,0.978,-0.078,13470,28.627,16.078,8,,,,,,,,,0.72,,,,
2026-09-25T23:09:41.107,62.187,0,1174.5,60,,98.5,31.765,11.0,-1.562,1.0,0.985,-0.055,13280,28.627,16.078,9,,,,,,,,,,,0.0,,
2026-09-25T23:09:41.236,62.317,0,1179.5,59,,98.5,31.373,11.0,-2.344,1.0,0.983,-0.062,13740,28.627,16.078,9,,,,,,,,,,,,41.961,
2026-09-25T23:09:41.366,62.447,0,1195.0,60,,98.688,30.196,11.0,-2.344,1.0,0.971,-0.094,13100,28.627,16.078,10,,,,,,,,,,,,,65
2026-09-25T23:09:41.496,62.577,0,1220.0,60,,98.781,29.804,11.5,-3.125,1.0,0.977,-0.082,12680,28.235,16.078,10,101,,,,,,,,,,,,
2026-09-25T23:09:41.626,62.707,0,1243.0,59,,98.812,29.412,12.5,-3.906,1.002,0.983,-0.062,13030,28.235,16.471,10,,45,,,,,,,,,,,
2026-09-25T23:09:41.756,62.837,0,1275.75,59,,98.812,28.235,12.5,-5.469,1.006,0.978,-0.078,12750,28.235,16.471,11,,,0.781,,,,,,,,,,
2026-09-25T23:09:41.886,62.967,0,1313.25,61,,98.812,26.667,13.0,-7.031,1.003,0.978,-0.078,12150,28.235,16.471,11,,,,14.335,,,,,,,,,
2026-09-25T23:09:42.016,63.097,0,1364.0,60,,98.844,25.882,13.5,-6.25,0.996,0.986,-0.055,12480,28.235,17.255,11,,,,,98,,,,,,,,
2026-09-25T23:09:42.146,63.227,0,1394.75,59,,99.0,24.706,14.0,-6.25,0.996,0.999,-0.023,12590,28.235,16.863,12,,,,,,21,,,,,,,
2026-09-25T23:09:42.276,63.357,0,1421.75,61,,99.156,23.529,14.0,-4.688,1.0,1.007,-0.012,12230,28.235,17.255,12,,,,,,,20.0,,,,,,
2026-09-25T23:09:42.406,63.487,0,1428.75,61,,99.156,23.529,14.0,-6.25,1.003,0.999,-0.023,12550,28.235,17.255,12,,,,,,,,366.0,,,,,
2026-09-25T23:09:42.536,63.617,0,1410.5,62,,99.312,24.314,14.0,-4.688,1.002,1.033,0.016,12940,28.627,17.255,12,,,,,,,,,0.745,,,,
2026-09-25T23:09:42.667,63.748,0,1444.0,64,,99.469,23.529,14.0,-3.125,1.001,1.055,0.039,12260,28.627,17.647,12,,,,,,,,,,,0.0,,
2026-09-25T23:09:42.796,63.877,0,1410.75,64,,99.469,23.529,-11.0,-0.781,1.001,1.069,0.055,13480,28.627,16.471,12,,,,,,,,,,,,41.176,
2026-09-25T23:09:42.926,64.007,0,1215.0,68,,99.812,26.667,-7.0,-1.562,1.001,1.026,0.008,13330,29.412,16.863,12,,,,,,,,,,,,,66
2026-09-25T23:09:43.056,64.137,0,1037.0,69,,100.125,42.745,0.0,-1.562,1.0,1.046,0.031,13100,29.804,17.255,13,101,,,,,,,,,,,,
2026-09-25T23:09:43.186,64.267,0,1033.0,73,,100.0,45.882,3.5,0.0,1.0,1.07,0.059,13310,30.196,18.039,13,,45,,,,,,,,,,,
2026-09-25T23:09:43.316,64.397,0,1031.75,76,,100.062,48.235,5.0,0.0,1.0,1.057,0.043,14210,30.196,18.824,13,,,0.781,,,,,,,,,,
2026-09-25T23:09:43.446,64.527,0,1032.0,77,,100.062,48.627,2.5,0.0,1.0,1.04,0.023,15150,30.196,18.824,14,,,,14.355,,,,,,,,,
2026-09-25T23:09:43.576,64.657,0,1058.25,82,,100.188,48.627,2.0,0.781,1.0,1.039,0.023,15640,30.588,18.039,14,,,,,98,,,,,,,,
2026-09-25T23:09:43.706,64.787,0,1096.25,80,,100.5,45.49,3.0,0.781,1.0,1.044,0.027,15710,30.98,17.647,14,,,,,,21,,,,,,,
2026-09-25T23:09:43.836,64.917,0,1107.75,76,,100.75,43.922,9.5,1.562,1.0,1.043,0.027,15870,31.765,20.0,15,,,,,,,20.0,,,,,,
2026-09-25T23:09:43.966,65.047,0,1114.75,80,,100.75,49.02,9.0,2.344,1.0,1.036,0.02,16470,31.765,20.392,15,,,,,,,,365.3,,,,,
2026-09-25T23:09:44.096,65.177,0,1150.5,87,,100.938,47.451,9.0,2.344,1.0,1.027,0.008,16010,31.373,20.392,16,,,,,,,,,0.73,,,,
2026-09-25T23:09:44.226,65.307,0,1177.25,86,,101.156,45.49,9.5,3.125,1.0,1.038,0.02,15640,30.588,18.431,16,,,,,,,,,,,0.0,,
2026-09-25T23:09:44.357,65.438,0,1219.5,84,,101.469,37.255,11.0,3.906,1.0,1.032,0.012,15900,29.804,16.863,17,,,,,,,,,,,,52.157,
2026-09-25T23:09:44.486,65.567,0,1236.25,73,,102.031,33.725,12.0,3.906,1.002,1.0,-0.02,15460,29.804,17.647,17,,,,,,,,,,,,,68
2026-09-25T23:09:44.616,65.697,0,1251.5,73,,102.031,33.333,12.5,3.906,1.007,1.019,0.0,14530,29.804,17.647,17,102,,,,,,,,,,,,
2026-09-25T23:09:44.746,65.827,0,1286.25,71,,102.031,32.941,12.5,4.688,1.001,1.012,-0.008,14180,30.196,18.039,17,,45,,,,,,,,,,,
2026-09-25T23:09:44.876,65.957,0,1316.0,70,,101.875,31.765,13.0,4.688,0.995,0.996,-0.031,14680,30.196,18.824,18,,,0.781,,,,,,,,,,
2026-09-25T23:09:45.006,66.087,0,1344.0,74,,101.719,30.98,13.0,3.906,0.991,0.978,-0.078,14480,29.804,18.039,18,,,,14.355,,,,,,,,,
2026-09-25T23:09:45.138,66.218,0,1383.0,75,,101.812,30.196,13.5,3.125,0.998,0.996,-0.031,14290,29.412,17.647,19,,,,,98,,,,,,,,
2026-09-25T23:09:45.266,66.347,0,1405.0,71,,102.156,27.059,14.0,3.906,1.006,1.004,-0.016,14360,29.412,18.039,19,,,,,,21,,,,,,,
2026-09-25T23:09:45.396,66.477,0,1416.5,69,,102.031,26.667,14.0,2.344,1.009,0.991,-0.043,13610,29.412,18.431,19,,,,,,,20.0,,,,,,
2026-09-25T23:09:45.526,66.607,0,1444.5,70,,102.0,26.275,14.0,2.344,1.001,0.992,-0.039,13150,29.412,18.431,20,,,,,,,,366.0,,,,,
2026-09-25T23:09:45.656,66.737,0,1473.5,69,,102.031,23.922,14.5,3.125,0.995,1.012,-0.008,13600,27.843,17.255,20,,,,,,,,,0.72,,,,
2026-09-25T23:09:45.786,66.867,0,1488.75,64,,102.094,21.569,15.0,3.125,0.992,0.988,-0.051,13250,26.667,16.471,20,,,,,,,,,,,0.0,,
2026-09-25T23:09:45.916,66.997,0,1507.75,59,,102.188,20.0,15.0,2.344,1.001,0.995,-0.031,12450,26.667,16.863,20,,,,,,,,,,,,36.471,
2026-09-25T23:09:46.047,67.128,0,1522.0,55,,102.031,19.216,15.0,3.125,1.007,1.013,-0.008,12270,26.667,16.863,21,,,,,,,,,,,,,69
2026-09-25T23:09:46.176,67.257,0,1533.25,58,,101.719,18.824,15.5,0.781,1.01,0.977,-0.082,11280,26.667,16.863,21,102,,,,,,,,,,,,
2026-09-25T23:09:46.307,67.387,0,1564.75,57,,101.438,18.039,15.5,0.0,1.002,0.993,-0.035,10800,26.667,17.255,21,,44,,,,,,,,,,,
2026-09-25T23:09:46.436,67.517,0,1579.5,56,,101.406,17.647,15.5,2.344,0.995,1.019,0.0,11320,26.667,17.255,21,,,0.781,,,,,,,,,,
2026-09-25T23:09:46.566,67.647,0,1591.25,55,,101.156,17.255,15.5,3.125,0.991,0.999,-0.02,11340,26.275,16.863,21,,,,14.335,,,,,,,,,
2026-09-25T23:09:46.696,67.777,0,1599.0,56,,101.125,16.471,15.5,1.562,0.998,0.987,-0.051,10770,25.49,16.078,22,,,,,98,,,,,,,,
2026-09-25T23:09:46.826,67.907,0,1599.0,52,,101.062,15.686,15.5,1.562,1.006,0.996,-0.031,10520,24.706,16.078,22,,,,,,21,,,,,,,
2026-09-25T23:09:46.956,68.037,0,1608.5,48,,101.062,14.118,15.5,0.781,1.008,0.992,-0.039,9920,23.922,15.686,22,,,,,,,20.0,,,,,,
2026-09-25T23:09:47.086,68.167,0,1615.25,42,,100.75,13.333,15.0,0.0,1.007,0.999,-0.023,9180,23.922,15.686,22,,,,,,,,368.1,,,,,
2026-09-25T23:09:47.216,68.297,0,1621.5,40,,100.594,12.549,15.0,1.562,0.998,1.011,-0.008,8880,23.529,15.294,22,,,,,,,,,0.71,,,,
2026-09-25T23:09:47.346,68.427,0,1629.75,40,,100.438,12.549,15.5,2.344,0.994,0.999,-0.023,8140,22.745,14.902,22,,,,,,,,,,,0.0,,
2026-09-25T23:09:47.477,68.557,0,1636.75,36,,100.312,10.98,15.0,1.562,0.992,0.993,-0.039,7640,21.961,14.51,22,,,,,,,,,,,,21.176,
2026-09-25T23:09:47.606,68.687,0,1626.5,32,,100.125,9.804,15.5,2.344,0.99,0.993,-0.039,7610,21.961,14.51,22,,,,,,,,,,,,,71
2026-09-25T23:09:47.737,68.818,0,1623.25,31,,100.094,9.412,17.0,1.562,0.997,1.0,-0.02,6890,22.353,14.51,22,103,,,,,,,,,,,,
2026-09-25T23:09:47.867,68.948,0,1616.0,31,,99.781,9.412,17.0,3.125,1.004,1.037,0.02,6150,22.353,14.51,22,,44,,,,,,,,,,,
2026-09-25T23:09:47.996,69.077,0,1608.25,32,,99.5,9.804,16.5,5.469,1.006,1.028,0.008,5570,22.353,14.902,22,,,0.781,,,,,,,,,,
2026-09-25T23:09:48.127,69.207,0,1617.75,32,,99.469,9.804,15.5,5.469,1.007,1.017,-0.004,5340,21.569,14.118,22,,,,14.355,,,,,,,,,
2026-09-25T23:09:48.256,69.337,0,1619.75,32,,99.406,9.02,16.0,5.469,1.009,1.011,-0.008,5230,21.569,14.118,22,,,,,98,,,,,,,,
2026-09-25T23:09:48.386,69.467,0,1599.75,29,,99.219,9.02,18.0,4.688,1.002,0.995,-0.031,5310,21.961,14.51,22,,,,,,21,,,,,,,
2026-09-25T23:09:48.516,69.597,0,1593.0,29,,99.156,9.02,18.0,4.688,0.996,0.99,-0.043,5680,22.353,14.51,22,,,,,,,20.0,,,,,,
2026-09-25T23:09:48.646,69.727,0,1576.25,30,,99.125,9.412,17.0,4.688,0.992,0.987,-0.051,5450,21.961,14.51,22,,,,,,,,370.7,,,,,
2026-09-25T23:09:48.777,69.858,0,1586.75,31,,98.812,9.804,14.0,4.688,0.991,0.994,-0.035,5730,14.51,12.941,22,,,,,,,,,0.705,,,,
2026-09-25T23:09:48.906,69.987,0,1583.5,26,,98.75,0.0,27.5,4.688,0.989,0.983,-0.062,5410,14.51,12.941,22,,,,,,,,,,,0.0,,
2026-09-25T23:09:49.036,70.117,0,1547.75,24,,98.5,0.0,30.0,3.906,0.992,0.984,-0.062,4900,14.51,12.941,21,,,,,,,,,,,,13.333,
2026-09-25T23:09:49.166,70.247,0,1557.75,23,,98.5,0.0,29.0,3.906,0.996,0.98,-0.07,4460,14.51,12.941,21,,,,,,,,,,,,,73
2026-09-25T23:09:49.296,70.377,0,1551.25,23,,98.469,0.0,20.5,3.906,0.999,0.985,-0.059,4090,14.51,12.941,21,103,,,,,,,,,,,,
2026-09-25T23:09:49.426,70.507,0,1506.0,23,,98.312,0.0,14.0,3.906,0.998,0.996,-0.031,3910,14.51,12.941,21,,44,,,,,,,,,,,
2026-09-25T23:09:49.557,70.638,0,1530.75,23,,98.281,0.0,9.0,4.688,0.994,1.012,-0.008,4180,14.51,12.941,21,,,1.562,,,,,,,,,,
2026-09-25T23:09:49.686,70.767,0,1497.5,22,,98.188,0.0,4.5,4.688,0.994,1.013,-0.008,4250,14.51,12.941,20,,,,14.296,,,,,,,,,
2026-09-25T23:09:49.816,70.897,0,1474.0,22,,98.188,0.0,0.0,0.0,0.994,1.016,-0.004,4330,14.51,12.549,20,,,,,98,,,,,,,,
2026-09-25T23:09:49.946,71.027,0,1424.0,22,,98.188,0.0,-2.5,0.0,0.995,1.029,0.012,5440,14.51,12.549,19,,,,,,21,,,,,,,
2026-09-25T23:09:50.087,71.168,0,1378.0,22,,98.156,0.0,-4.0,0.0,1.0,1.215,0.211,7150,14.51,12.549,18,,,,,,,20.0,,,,,,
2026-09-25T23:09:50.216,71.297,0,1292.25,23,,98.188,0.0,-5.0,0.0,0.995,1.59,0.488,8320,14.51,12.549,17,,,,,,,,372.6,,,,,
2026-09-25T23:09:50.346,71.427,0,1258.25,24,,98.406,0.0,-5.5,0.0,1.003,2.0,0.723,9470,14.51,12.549,17,,,,,,,,,0.665,,,,
2026-09-25T23:09:50.476,71.557,0,1190.75,25,,98.344,0.0,-6.5,0.0,1.039,2.0,0.883,9760,14.51,12.157,16,,,,,,,,,,,0.0,,
2026-09-25T23:09:50.606,71.687,0,1118.5,25,,98.469,0.0,-7.5,0.0,1.09,2.0,0.988,9730,14.51,12.157,15,,,,,,,,,,,,14.902,
2026-09-25T23:09:50.736,71.817,0,1066.25,25,,98.344,11.765,-8.5,0.0,1.184,2.0,1.055,9880,14.51,11.765,14,,,,,,,,,,,,,74
2026-09-25T23:09:50.867,71.948,0,994.25,25,,98.281,12.157,-5.5,0.0,1.179,2.0,1.012,9810,14.51,12.549,13,103,,,,,,,,,,,,
2026-09-25T23:09:50.997,72.077,0,943.5,26,,98.188,14.902,10.0,0.0,1.128,2.0,0.969,9950,14.51,12.549,13,,44,,,,,,,,,,,
2026-09-25T23:09:51.126,72.207,0,934.5,30,,98.188,18.039,-4.0,0.0,1.08,2.0,0.887,9590,14.51,12.157,12,,,1.562,,,,,,,,,,
2026-09-25T23:09:51.256,72.337,0,918.5,29,,98.188,18.824,5.5,0.0,1.046,1.872,0.629,9140,14.51,12.941,12,,,,14.355,,,,,,,,,
2026-09-25T23:09:51.386,72.467,0,866.0,33,,98.188,20.784,1.0,0.0,0.996,1.342,0.32,8630,14.51,13.333,11,,,,,98,,,,,,,,
2026-09-25T23:09:51.516,72.597,0,848.5,35,,98.031,21.961,-1.0,0.0,0.962,1.186,0.18,8260,14.51,12.941,11,,,,,,21,,,,,,,
2026-09-25T23:09:51.647,72.728,0,845.0,38,,98.031,23.922,-3.0,0.0,0.936,1.084,0.074,8240,14.51,12.941,11,,,,,,,20.0,,,,,,
2026-09-25T23:09:51.776,72.857,0,843.5,39,,97.875,25.098,-4.0,0.0,0.923,1.039,0.02,7680,14.51,12.941,10,,,,,,,,373.2,,,,,
2026-09-25T23:09:51.906,72.987,0,839.0,39,,97.875,24.706,-3.5,0.0,0.914,1.012,-0.008,7090,14.51,12.941,10,,,,,,,,,0.13,,,,
2026-09-25T23:09:52.036,73.117,0,843.0,39,,97.875,24.706,-2.5,0.0,0.91,0.99,-0.043,6640,14.51,13.333,10,,,,,,,,,,,0.0,,
2026-09-25T23:09:52.166,73.247,0,843.0,39,,97.875,24.706,-1.0,3.906,0.907,0.979,-0.078,6080,14.51,13.333,9,,,,,,,,,,,,26.667,
2026-09-25T23:09:52.296,73.377,0,845.0,40,,97.875,25.49,-7.0,3.906,0.906,0.973,-0.09,5890,14.51,12.941,9,,,,,,,,,,,,,76
2026-09-25T23:09:52.426,73.507,0,849.75,39,,97.906,23.922,-4.5,4.688,0.905,0.967,-0.102,5720,14.51,12.941,9,103,,,,,,,,,,,,
2026-09-25T23:09:52.556,73.637,0,861.0,39,,97.875,24.314,-7.0,4.688,0.905,0.952,-0.137,5330,14.51,12.549,8,,45,,,,,,,,,,,
2026-09-25T23:09:52.686,73.767,0,873.5,37,,97.875,22.745,-7.0,3.906,0.904,0.938,-0.168,5130,14.51,12.549,8,,,1.562,,,,,,,,,,
2026-09-25T23:09:52.816,73.897,0,872.5,35,,97.875,21.176,-5.5,3.125,0.903,0.918,-0.215,5040,14.51,12.549,7,,,,14.355,,,,,,,,,
2026-09-25T23:09:52.946,74.027,0,862.0,34,,97.875,20.0,-3.0,3.125,0.901,0.914,-0.227,4920,14.51,12.941,7,,,,,98,,,,,,,,
2026-09-25T23:09:53.076,74.157,0,838.5,34,,97.844,21.176,-2.5,3.125,0.9,0.907,-0.246,4720,14.51,13.725,6,,,,,,21,,,,,,,
2026-09-25T23:09:53.206,74.287,0,824.25,35,,97.781,23.922,10.0,3.125,0.897,0.903,-0.254,4530,14.51,13.333,6,,,,,,,20.0,,,,,,
2026-09-25T23:09:53.336,74.417,0,841.0,43,,97.75,27.843,-5.5,3.906,0.894,0.907,-0.242,4600,14.51,12.941,6,,,,,,,,372.8,,,,,
2026-09-25T23:09:53.466,74.547,0,875.0,42,,97.875,24.314,-7.5,3.906,0.889,0.908,-0.242,4880,14.51,12.549,5,,,,,,,,,0.225,,,,
2026-09-25T23:09:53.596,74.677,0,878.75,37,,97.875,23.137,-5.5,3.906,0.885,0.89,-0.293,5070,14.51,12.941,5,,,,,,,,,,,0.0,,
2026-09-25T23:09:53.726,74.807,0,871.0,37,,97.812,22.745,-8.5,3.125,0.883,0.873,-0.34,5060,14.51,12.549,5,,,,,,,,,,,,23.922,
2026-09-25T23:09:53.856,74.937,0,854.75,37,,97.844,21.176,-3.5,2.344,0.882,0.863,-0.371,5030,14.51,12.941,4,,,,,,,,,,,,,77
2026-09-25T23:09:53.986,75.067,0,833.25,36,,97.656,22.353,2.0,1.562,0.881,0.862,-0.375,4890,14.51,13.725,4,103,,,,,,,,,,,,
2026-09-25T23:09:54.116,75.197,0,825.25,37,,97.656,23.529,0.0,2.344,0.881,0.87,-0.348,4870,14.51,12.941,4,,45,,,,,,,,,,,
2026-09-25T23:09:54.246,75.327,0,823.25,39,,97.844,24.314,-1.0,2.344,0.88,0.884,-0.309,5150,14.51,12.549,3,,,1.562,,,,,,,,,,
2026-09-25T23:09:54.376,75.457,0,837.0,38,,97.844,23.529,-3.5,3.125,0.88,0.888,-0.297,5330,14.51,12.941,3,,,,14.355,,,,,,,,,
2026-09-25T23:09:54.507,75.588,0,858.0,37,,97.812,22.745,-1.5,3.125,0.88,0.879,-0.32,5250,14.51,13.333,3,,,,,98,,,,,,,,
2026-09-25T23:09:54.637,75.718,0,868.0,37,,97.656,23.137,-3.5,2.344,0.88,0.878,-0.324,5240,14.51,12.941,3,,,,,,21,,,,,,,
2026-09-25T23:09:54.766,75.847,0,880.5,39,,97.812,23.922,-3.5,3.125,0.88,0.885,-0.305,5490,14.51,12.941,2,,,,,,,20.0,,,,,,
2026-09-25T23:09:54.896,75.977,0,883.0,38,,97.719,23.529,-2.5,3.125,0.88,0.878,-0.324,5590,14.51,13.333,2,,,,,,,,372.4,,,,,
2026-09-25T23:09:55.026,76.106,0,881.75,39,,97.688,24.314,-5.0,2.344,0.88,0.873,-0.34,5810,14.51,12.941,2,,,,,,,,,0.44,,,,
2026-09-25T23:09:55.157,76.238,0,876.5,40,,97.656,24.706,-4.0,2.344,0.88,0.874,-0.336,6020,14.51,13.333,2,,,,,,,,,,,0.0,,
2026-09-25T23:09:55.286,76.367,0,874.0,41,,97.594,25.49,-3.5,2.344,0.88,0.875,-0.332,6150,14.51,12.941,2,,,,,,,,,,,,27.843,
2026-09-25T23:09:55.416,76.497,0,871.0,42,,97.562,26.275,-4.0,3.125,0.88,0.887,-0.301,6450,14.51,13.333,2,,,,,,,,,,,,,79
2026-09-25T23:09:55.546,76.627,0,874.25,41,,97.656,25.49,-4.5,3.125,0.88,0.886,-0.301,6610,14.51,13.333,2,103,,,,,,,,,,,,
2026-09-25T23:09:55.676,76.757,0,875.5,42,,97.719,26.275,-5.0,3.125,0.88,0.881,-0.316,6760,14.51,12.941,2,,45,,,,,,,,,,,
2026-09-25T23:09:55.806,76.887,0,872.5,42,,97.656,26.275,-6.0,3.125,0.88,0.879,-0.324,6840,14.51,12.549,2,,,1.562,,,,,,,,,,
2026-09-25T23:09:55.936,77.017,0,858.5,41,,97.812,25.098,-5.5,2.344,0.88,0.872,-0.344,6690,14.51,12.549,1,,,,14.375,,,,,,,,,
2026-09-25T23:09:56.066,77.147,0,836.5,39,,97.844,24.314,2.5,2.344,0.88,0.867,-0.359,6350,14.51,13.333,1,,,,,98,,,,,,,,
2026-09-25T23:09:56.196,77.277,0,824.75,42,,97.625,27.059,-1.5,1.562,0.88,0.865,-0.363,6200,14.51,12.549,1,,,,,,21,,,,,,,
2026-09-25T23:09:56.326,77.407,0,824.25,41,,97.719,25.882,-2.0,2.344,0.881,0.876,-0.332,6160,14.51,12.549,1,,,,,,,20.0,,,,,,
2026-09-25T23:09:56.456,77.537,0,820.75,40,,97.75,26.275,-0.5,2.344,0.883,0.886,-0.305,6080,14.51,13.333,1,,,,,,,,371.7,,,,,
2026-09-25T23:09:56.586,77.667,0,819.5,40,,97.625,26.667,0.0,2.344,0.888,0.888,-0.297,6150,14.51,12.941,1,,,,,,,,,0.795,,,,
2026-09-25T23:09:56.717,77.798,0,825.75,42,,97.688,27.059,2.0,2.344,0.892,0.896,-0.27,6360,14.51,13.333,0,,,,,,,,,,,0.0,,
2026-09-25T23:09:56.846,77.927,0,838.75,41,,97.656,25.882,3.0,2.344,0.901,0.905,-0.25,6640,14.51,13.333,0,,,,,,,,,,,,31.373,
2026-09-25T23:09:56.976,78.057,0,852.75,46,,97.562,29.02,-2.5,3.125,0.9,0.911,-0.234,7090,14.51,13.333,0,,,,,,,,,,,,,80
2026-09-25T23:09:57.106,78.187,0,860.75,45,,97.562,29.02,-4.0,2.344,0.931,0.929,-0.191,7720,14.51,13.333,0,103,,,,,,,,,,,,
2026-09-25T23:09:57.236,78.317,0,865.75,45,,97.562,29.412,-4.0,1.562,0.959,0.942,-0.16,8170,14.51,13.333,0,,46,,,,,,,,,,,
2026-09-25T23:09:57.366,78.447,0,859.5,45,,97.719,29.412,-3.5,0.781,0.98,0.953,-0.133,8450,14.51,13.333,0,,,1.562,,,,,,,,,,
2026-09-25T23:09:57.496,78.577,0,853.0,45,,97.656,28.627,-2.5,0.781,0.989,0.97,-0.098,8510,14.51,13.333,0,,,,14.335,,,,,,,,,
2026-09-25T23:09:57.626,78.707,0,843.0,46,,97.75,29.412,-1.5,1.562,0.994,0.982,-0.066,8540,14.51,13.333,0,,,,,98,,,,,,,,
2026-09-25T23:09:57.756,78.837,0,839.0,46,,97.719,30.196,-2.0,1.562,0.997,0.991,-0.043,8580,14.51,12.941,0,,,,,,21,,,,,,,
2026-09-25T23:09:57.886,78.967,0,839.5,46,,97.812,29.804,-1.5,1.562,0.998,0.991,-0.043,8620,14.51,13.333,0,,,,,,,20.0,,,,,,
2026-09-25T23:09:58.016,79.097,0,839.75,45,,97.75,28.235,-2.5,1.562,0.998,0.99,-0.047,8440,14.51,12.941,0,,,,,,,,372.0,,,,,
2026-09-25T23:09:58.146,79.227,0,838.25,45,,97.812,28.627,-1.0,1.562,0.999,0.986,-0.055,8140,14.51,12.941,0,,,,,,,,,0.745,,,,
2026-09-25T23:09:58.276,79.357,0,835.75,44,,97.844,28.627,-0.5,0.781,0.999,0.984,-0.059,7820,14.51,12.941,0,,,,,,,,,,,0.0,,
2026-09-25T23:09:58.406,79.487,0,834.0,45,,97.844,29.412,-0.5,0.781,0.999,0.981,-0.07,7800,14.51,12.941,0,,,,,,,,,,,,29.02,
2026-09-25T23:09:58.536,79.617,0,834.25,44,,97.875,27.843,-1.5,0.781,0.999,0.98,-0.07,7770,14.51,12.941,0,,,,,,,,,,,,,82
2026-09-25T23:09:58.666,79.747,0,834.25,45,,97.844,28.235,0.0,0.0,0.999,0.976,-0.082,7770,14.51,12.941,0,103,,,,,,,,,,,,
2026-09-25T23:09:58.796,79.877,0,835.25,44,,97.844,28.235,0.0,0.0,0.999,0.973,-0.09,7630,14.51,12.941,0,,46,,,,,,,,,,,
2026-09-25T23:09:58.926,80.007,0,838.25,45,,97.812,28.627,-0.5,0.0,0.999,0.966,-0.105,7530,14.51,12.941,0,,,1.562,,,,,,,,,,
2026-09-25T23:09:59.056,80.137,0,837.5,44,,97.844,28.627,-1.0,-0.781,0.999,0.965,-0.109,7580,14.51,12.941,0,,,,14.414,,,,,,,,,
2026-09-25T23:09:59.186,80.267,0,840.25,44,,97.844,28.627,-2.0,-0.781,0.999,0.964,-0.109,7730,14.51,12.941,0,,,,,98,,,,,,,,
2026-09-25T23:09:59.316,80.397,0,839.25,44,,97.844,28.627,-1.0,-0.781,0.999,0.963,-0.113,7720,14.51,12.941,0,,,,,,21,,,,,,,
2026-09-25T23:09:59.446,80.527,0,836.0,44,,97.812,28.627,-1.0,-1.562,0.999,0.963,-0.113,7700,14.51,12.941,0,,,,,,,20.0,,,,,,
2026-09-25T23:09:59.576,80.657,0,833.75,45,,97.875,28.627,-0.5,-1.562,1.0,0.968,-0.102,7770,14.51,12.941,0,,,,,,,,372.6,,,,,
2026-09-25T23:09:59.707,80.788,0,838.75,44,,97.844,28.627,1.5,-1.562,1.002,0.972,-0.094,7790,14.51,13.333,0,,,,,,,,,0.79,,,,
2026-09-25T23:09:59.836,80.917,0,841.75,45,,97.781,29.412,-1.5,-1.562,1.003,0.977,-0.078,7890,14.51,12.941,0,,,,,,,,,,,0.0,,
2026-09-25T23:09:59.966,81.047,0,846.0,46,,97.844,29.02,-0.5,-2.344,1.003,0.978,-0.078,8100,14.51,13.725,0,,,,,,,,,,,,32.157,
2026-09-25T23:10:00.097,81.177,0,854.5,47,,97.812,30.588,-3.0,-2.344,1.003,0.979,-0.074,8300,14.51,13.333,0,,,,,,,,,,,,,84
2026-09-25T23:10:00.226,81.307,0,858.0,48,,97.844,30.196,-3.5,-2.344,1.004,0.978,-0.078,8670,14.51,13.333,0,103,,,,,,,,,,,,
2026-09-25T23:10:00.356,81.437,0,866.25,46,,97.844,30.588,-3.5,-2.344,1.003,0.979,-0.074,8820,14.51,13.333,0,,46,,,,,,,,,,,
2026-09-25T23:10:00.486,81.567,0,864.75,47,,97.875,30.588,-3.0,-3.125,1.002,0.98,-0.07,8950,14.51,13.333,0,,,1.562,,,,,,,,,,
2026-09-25T23:10:00.616,81.697,0,868.0,47,,97.844,30.196,-1.0,-3.125,1.002,0.981,-0.066,8930,14.51,14.118,0,,,,14.375,,,,,,,,,
2026-09-25T23:10:00.746,81.827,0,868.25,47,,97.812,30.98,-2.5,-3.125,1.001,0.988,-0.051,8990,15.294,13.725,1,,,,,98,,,,,,,,
2026-09-25T23:10:00.876,81.957,0,869.25,50,,97.875,32.157,-3.0,-3.125,1.001,0.991,-0.043,9350,16.471,13.333,1,,,,,,21,,,,,,,
2026-09-25T23:10:01.006,82.087,0,864.25,50,,97.875,32.157,1.0,-3.125,1.001,0.989,-0.047,9760,20.0,14.118,1,,,,,,,20.0,,,,,,
2026-09-25T23:10:01.138,82.219,0,864.0,50,,97.75,33.725,8.0,-3.125,1.002,0.985,-0.059,10010,23.137,15.294,1,,,,,,,,373.0,,,,,
2026-09-25T23:10:01.267,82.348,0,873.0,53,,97.531,41.961,7.0,-3.125,1.001,0.983,-0.062,10390,25.098,16.471,2,,,,,,,,,0.805,,,,
2026-09-25T23:10:01.396,82.477,0,910.25,66,,97.531,46.667,0.0,-3.125,1.002,0.994,-0.035,10930,24.314,16.078,2,,,,,,,,,,,0.0,,
2026-09-25T23:10:01.526,82.607,0,992.0,69,,97.75,45.882,-10.0,-3.125,1.004,0.99,-0.047,11850,14.51,12.941,2,,,,,,,,,,,,43.529,
2026-09-25T23:10:01.656,82.737,0,1027.5,65,,98.0,30.196,-6.0,-3.906,1.005,0.979,-0.074,12520,14.51,13.333,3,,,,,,,,,,,,,85
2026-09-25T23:10:01.786,82.867,0,961.5,49,,97.938,30.98,-5.0,-5.469,1.004,0.975,-0.086,12500,14.51,14.118,3,103,,,,,,,,,,,,
2026-09-25T23:10:01.916,82.997,0,858.5,49,,97.906,31.765,4.5,-4.688,1.003,0.99,-0.047,12080,14.51,14.51,4,,46,,,,,,,,,,,
2026-09-25T23:10:02.046,83.127,0,810.75,52,,97.875,36.078,7.0,-3.125,1.002,1.021,0.0,11890,14.51,14.118,4,,,1.562,,,,,,,,,,
2026-09-25T23:10:02.176,83.257,0,812.75,61,,97.875,39.216,-9.0,-2.344,1.001,1.031,0.012,11970,14.51,12.549,4,,,,14.296,,,,,,,,,
2026-09-25T23:10:02.306,83.387,0,864.0,54,,98.031,32.549,-15.5,-2.344,1.002,1.003,-0.016,12250,14.51,11.765,4,,,,,98,,,,,,,,
2026-09-25T23:10:02.436,83.517,0,877.25,46,,98.156,27.451,-8.5,-3.125,1.002,0.992,-0.039,12070,14.51,12.549,3,,,,,,21,,,,,,,
2026-09-25T23:10:02.566,83.647,0,864.0,41,,98.094,24.706,-7.0,-3.906,1.001,0.992,-0.043,11700,14.51,12.549,3,,,,,,,20.0,,,,,,
2026-09-25T23:10:02.696,83.777,0,846.0,39,,97.969,24.314,-4.5,-3.125,1.001,1.004,-0.016,11240,14.51,12.549,3,,,,,,,,373.3,,,,,
2026-09-25T23:10:02.826,83.907,0,840.5,38,,97.938,23.529,-1.0,-3.125,1.0,1.008,-0.012,10900,14.51,12.549,2,,,,,,,,,0.8,,,,
2026-09-25T23:10:02.956,84.037,0,842.75,38,,97.875,24.314,-2.5,-3.125,1.0,0.992,-0.039,10450,14.51,12.549,2,,,,,,,,,,,0.0,,
2026-09-25T23:10:03.086,84.167,0,839.5,38,,98.125,23.922,-3.5,-3.906,1.0,0.987,-0.055,10020,14.51,12.549,2,,,,,,,,,,,,25.098,
2026-09-25T23:10:03.216,84.296,0,835.0,38,,98.094,23.922,-3.5,-3.906,1.0,0.991,-0.043,9700,14.51,12.549,1,,,,,,,,,,,,,87
2026-09-25T23:10:03.346,84.427,0,814.75,38,,98.0,23.137,-3.0,-3.906,1.0,0.999,-0.023,9300,14.51,12.549,1,102,,,,,,,,,,,,
2026-09-25T23:10:03.476,84.557,0,796.75,39,,97.906,26.275,9.5,-3.125,1.0,1.013,-0.008,8990,14.51,14.118,1,,46,,,,,,,,,,,
2026-09-25T23:10:03.606,84.687,0,794.5,46,,97.875,32.157,7.0,-2.344,1.0,1.034,0.016,8470,14.51,13.333,1,,,1.562,,,,,,,,,,
2026-09-25T23:10:03.736,84.817,0,839.5,53,,97.844,34.118,-8.5,0.0,1.0,1.079,0.066,8440,14.51,12.549,0,,,,14.335,,,,,,,,,
2026-09-25T23:10:03.867,84.947,0,889.75,50,,97.875,27.451,-12.5,0.0,1.0,1.07,0.059,8440,14.51,12.157,0,,,,,98,,,,,,,,
2026-09-25T23:10:03.996,85.077,0,874.75,40,,98.0,24.706,-4.5,0.0,1.0,1.043,0.027,8380,14.51,12.549,0,,,,,,21,,,,,,,
2026-09-25T23:10:04.126,85.206,0,831.25,40,,97.875,25.49,3.0,0.0,1.0,1.044,0.027,8220,14.51,13.333,0,,,,,,,20.0,,,,,,
2026-09-25T23:10:04.256,85.337,0,812.5,40,,97.875,27.843,1.5,0.781,1.0,1.061,0.047,8020,14.51,12.941,0,,,,,,,,374.0,,,,,
2026-09-25T23:10:04.386,85.466,0,816.5,43,,97.875,27.451,-1.0,1.562,1.0,1.089,0.078,7670,14.51,12.549,0,,,,,,,,,0.8,,,,
2026-09-25T23:10:04.517,85.597,0,826.75,43,,97.875,27.059,-3.0,3.125,1.0,1.104,0.094,7390,14.51,12.549,0,,,,,,,,,,,0.0,,
2026-09-25T23:10:04.646,85.727,0,839.25,41,,97.875,25.49,-4.0,3.906,0.999,1.089,0.078,7060,14.51,12.549,0,,,,,,,,,,,,26.275,
2026-09-25T23:10:04.776,85.857,0,834.0,40,,97.875,24.706,-1.0,3.906,0.999,1.068,0.055,6710,14.51,12.941,0,,,,,,,,,,,,,88
2026-09-25T23:10:04.906,85.987,0,829.0,40,,97.844,25.882,-2.5,3.906,1.0,1.062,0.047,6420,14.51,12.549,0,102,,,,,,,,,,,,
2026-09-25T23:10:05.036,86.117,0,824.25,40,,97.875,25.098,-2.5,3.906,1.0,1.056,0.039,6030,14.51,12.549,0,,46,,,,,,,,,,,
2026-09-25T23:10:05.166,86.247,0,821.5,39,,97.875,25.098,-4.0,3.906,1.0,1.052,0.035,5750,14.51,12.549,0,,,2.344,,,,,,,,,,
2026-09-25T23:10:05.296,86.376,0,798.75,40,,97.875,25.098,-3.0,4.688,1.0,1.05,0.035,5570,14.51,12.549,0,,,,14.335,,,,,,,,,
2026-09-25T23:10:05.426,86.507,0,780.25,40,,97.875,24.706,-1.0,4.688,1.0,1.054,0.039,5460,14.51,12.941,0,,,,,98,,,,,,,,
2026-09-25T23:10:05.557,86.637,0,780.75,39,,97.844,26.667,-1.0,5.469,1.0,1.059,0.043,5530,14.51,12.549,0,,,,,,21,,,,,,,
2026-09-25T23:10:05.686,86.767,0,787.5,42,,97.875,26.275,-2.5,6.25,1.0,1.059,0.043,5790,14.51,12.549,0,,,,,,,20.0,,,,,,
2026-09-25T23:10:05.816,86.897,0,791.0,41,,97.875,25.882,-3.5,6.25,1.0,1.055,0.039,5940,14.51,12.549,0,,,,,,,,374.6,,,,,
2026-09-25T23:10:05.946,87.027,0,792.0,40,,97.875,25.098,-3.0,6.25,1.0,1.048,0.031,6010,14.51,12.549,0,,,,,,,,,0.785,,,,
2026-09-25T23:10:06.076,87.156,0,792.0,40,,97.875,25.49,-2.0,6.25,1.0,1.046,0.027,6010,14.51,12.549,0,,,,,,,,,,,0.0,,
2026-09-25T23:10:06.206,87.287,0,788.0,40,,97.875,25.098,-1.0,7.031,1.0,1.047,0.031,5970,14.51,12.549,0,,,,,,,,,,,,26.275,
2026-09-25T23:10:06.336,87.417,0,785.75,40,,97.844,25.49,-1.0,7.031,1.0,1.044,0.027,5980,14.51,12.549,0,,,,,,,,,,,,,90
2026-09-25T23:10:06.466,87.547,0,788.75,41,,97.812,26.275,-2.5,7.031,1.0,1.048,0.031,6010,14.51,12.549,0,101,,,,,,,,,,,,
2026-09-25T23:10:06.596,87.677,0,793.75,41,,97.781,26.275,-2.5,7.812,1.0,1.052,0.035,6150,14.51,12.549,0,,46,,,,,,,,,,,
2026-09-25T23:10:06.726,87.807,0,790.0,40,,97.812,25.098,-2.5,7.812,1.0,1.048,0.031,6140,14.51,12.549,0,,,1.562,,,,,,,,,,
2026-09-25T23:10:06.856,87.936,0,792.5,40,,97.812,25.882,-4.0,8.594,1.0,1.045,0.027,6130,14.51,13.333,0,,,,14.394,,,,,,,,,
2026-09-25T23:10:06.986,88.066,0,798.75,41,,97.656,27.451,9.0,8.594,1.0,1.046,0.027,6210,14.51,14.118,0,,,,,98,,,,,,,,
2026-09-25T23:10:07.116,88.197,0,832.25,52,,97.562,36.078,-5.5,9.375,1.0,1.041,0.023,6510,14.51,13.333,0,,,,,,21,,,,,,,
2026-09-25T23:10:07.246,88.327,0,896.75,50,,97.625,31.373,-12.0,8.594,1.0,1.013,-0.008,7070,14.51,12.549,0,,,,,,,20.0,,,,,,
2026-09-25T23:10:07.376,88.457,0,928.0,41,,97.75,25.49,-7.0,6.25,1.0,0.971,-0.094,7490,14.51,13.333,0,,,,,,,,375.3,,,,,
2026-09-25T23:10:07.506,88.587,0,925.5,41,,97.875,25.098,-0.5,5.469,1.0,0.957,-0.125,7470,14.51,13.333,0,,,,,,,,,0.775,,,,
2026-09-25T23:10:07.638,88.718,0,921.0,43,,97.656,27.451,-1.0,5.469,1.0,0.97,-0.098,7420,14.51,13.725,0,,,,,,,,,,,0.0,,
2026-09-25T23:10:07.766,88.847,0,920.75,43,,97.562,29.804,0.0,5.469,0.999,0.985,-0.059,7590,18.039,14.51,0,,,,,,,,,,,,34.51,
2026-09-25T23:10:07.896,88.977,0,919.5,48,,97.562,31.765,2.0,5.469,0.999,0.983,-0.062,8020,17.255,14.902,0,,,,,,,,,,,,,91
2026-09-25T23:10:08.026,89.106,0,876.25,51,,97.562,34.51,2.0,5.469,0.999,0.98,-0.07,8600,20.784,14.51,0,101,,,,,,,,,,,,
2026-09-25T23:10:08.156,89.237,0,831.0,55,,97.562,43.137,7.0,5.469,0.999,0.979,-0.074,9010,25.882,16.078,1,,46,,,,,,,,,,,
2026-09-25T23:10:08.286,89.367,0,819.75,65,,97.531,47.451,6.5,4.688,1.0,0.979,-0.074,9560,28.627,20.0,1,,,0.781,,,,,,,,,,
2026-09-25T23:10:08.416,89.497,0,867.5,76,,97.25,57.255,6.0,4.688,1.0,0.98,-0.07,10200,30.98,25.49,2,,,,14.433,,,,,,,,,
2026-09-25T23:10:08.546,89.627,0,1106.25,96,,96.344,69.804,8.0,4.688,1.001,0.996,-0.031,11210,30.98,21.569,2,,,,,98,,,,,,,,
2026-09-25T23:10:08.676,89.757,0,1259.25,85,,97.906,40.392,11.0,5.469,1.001,1.0,-0.02,11920,30.98,21.569,3,,,,,,21,,,,,,,
2026-09-25T23:10:08.806,89.887,0,1271.5,86,,98.375,38.431,11.0,4.688,1.001,0.99,-0.043,12450,30.98,20.784,4,,,,,,,20.0,,,,,,
2026-09-25T23:10:08.936,90.017,0,1267.0,84,,98.812,38.039,11.0,4.688,1.0,0.996,-0.027,13170,30.98,20.0,5,,,,,,,,375.1,,,,,
2026-09-25T23:10:09.067,90.147,0,1275.75,82,,99.531,36.078,12.5,4.688,1.0,0.99,-0.043,14150,30.98,20.392,6,,,,,,,,,0.785,,,,
2026-09-25T23:10:09.196,90.277,0,1289.25,83,,99.812,36.078,11.0,3.906,1.001,0.985,-0.059,14240,30.98,20.0,7,,,,,,,,,,,0.0,,
2026-09-25T23:10:09.326,90.407,0,1317.75,81,,100.156,34.902,10.5,4.688,1.001,0.998,-0.027,14960,30.98,19.608,8,,,,,,,,,,,,52.549,
2026-09-25T23:10:09.456,90.536,0,1330.5,80,,100.562,33.725,11.0,4.688,1.002,0.992,-0.039,16000,30.98,20.392,9,,,,,,,,,,,,,93
2026-09-25T23:10:09.587,90.668,0,1342.0,82,,101.062,34.51,10.5,4.688,1.002,0.999,-0.023,15720,31.373,20.784,10,100,,,,,,,,,,,,
2026-09-25T23:10:09.717,90.797,0,1362.5,83,,101.125,35.294,11.0,5.469,1.002,1.021,0.0,15590,31.373,20.392,11,,46,,,,,,,,,,,
2026-09-25T23:10:09.846,90.927,0,1397.25,81,,101.594,33.725,11.5,5.469,1.002,1.017,-0.004,15820,30.98,20.784,11,,,0.781,,,,,,,,,,
2026-09-25T23:10:09.976,91.057,0,1436.0,83,,102.031,31.765,12.0,5.469,1.002,1.011,-0.008,15580,30.98,21.569,12,,,,14.257,,,,,,,,,
2026-09-25T23:10:10.106,91.187,0,1517.5,85,,102.406,30.196,12.5,6.25,1.002,1.025,0.004,15010,30.98,21.961,13,,,,,98,,,,,,,,
2026-09-25T23:10:10.236,91.317,0,1564.5,85,,102.688,28.235,13.0,7.031,1.002,1.03,0.012,15440,30.98,21.569,13,,,,,,21,,,,,,,
2026-09-25T23:10:10.377,91.457,0,1623.75,85,,103.562,25.49,13.5,7.031,1.002,1.014,-0.008,15210,30.98,22.745,14,,,,,,,20.0,,,,,,
2026-09-25T23:10:10.506,91.587,0,1708.0,86,,104.0,24.706,13.5,7.812,1.002,1.02,0.0,14960,30.98,21.569,14,,,,,,,,374.8,,,,,
2026-09-25T23:10:10.638,91.719,0,1738.0,86,,104.438,23.922,14.5,7.812,1.002,1.017,-0.004,15260,30.98,21.569,15,,,,,,,,,0.79,,,,
2026-09-25T23:10:10.766,91.847,0,1692.75,83,,105.344,24.314,-11.0,7.812,1.002,1.002,-0.02,15400,30.98,20.784,15,,,,,,,,,,,0.0,,
2026-09-25T23:10:10.896,91.977,0,1463.0,86,,106.438,27.843,-6.5,7.812,1.002,1.013,-0.008,15360,30.98,20.0,15,,,,,,,,,,,,53.333,
2026-09-25T23:10:11.026,92.107,0,1391.25,86,,106.719,31.765,-4.0,8.594,1.002,1.03,0.012,15550,30.98,18.824,16,,,,,,,,,,,,,94
2026-09-25T23:10:11.156,92.237,0,1371.0,83,,107.094,33.333,0.5,8.594,1.002,1.009,-0.012,15810,30.98,19.216,16,99,,,,,,,,,,,,
2026-09-25T23:10:11.286,92.366,0,1319.75,83,,106.875,34.902,3.0,7.031,1.002,0.984,-0.059,15220,30.98,18.431,17,,45,,,,,,,,,,,
2026-09-25T23:10:11.416,92.497,0,1297.5,82,,106.844,36.078,7.0,7.812,1.001,0.995,-0.031,15360,30.98,18.431,17,,,0.781,,,,,,,,,,
2026-09-25T23:10:11.546,92.627,0,1289.5,79,,106.562,36.078,8.5,7.031,1.0,0.978,-0.078,15740,30.98,19.216,18,,,,14.296,,,,,,,,,
2026-09-25T23:10:11.676,92.756,0,1302.75,81,,105.906,36.078,11.0,5.469,0.994,0.969,-0.098,15190,30.98,19.608,18,,,,,98,,,,,,,,
2026-09-25T23:10:11.806,92.887,0,1337.75,81,,105.656,34.902,9.5,4.688,0.999,0.986,-0.055,15040,30.98,19.608,18,,,,,,21,,,,,,,
2026-09-25T23:10:11.936,93.017,0,1360.75,81,,105.594,34.902,9.5,5.469,1.005,1.011,-0.008,15440,30.98,20.0,19,,,,,,,20.0,,,,,,
2026-09-25T23:10:12.066,93.146,0,1394.0,80,,105.281,33.725,11.5,4.688,1.009,0.996,-0.031,15630,30.98,20.784,19,,,,,,,,376.0,,,,,
2026-09-25T23:10:12.196,93.277,0,1427.25,84,,105.219,32.941,8.5,3.906,0.999,0.989,-0.047,15370,30.98,20.392,19,,,,,,,,,0.78,,,,
2026-09-25T23:10:12.326,93.406,0,1464.5,85,,105.281,32.549,9.0,4.688,0.995,1.001,-0.02,15070,30.98,20.392,20,,,,,,,,,,,0.0,,
2026-09-25T23:10:12.456,93.537,0,1486.0,83,,105.594,29.804,14.0,6.25,0.995,1.013,-0.008,15470,31.373,21.176,20,,,,,,,,,,,,54.51,
2026-09-25T23:10:12.587,93.667,0,1508.5,86,,105.594,29.02,13.5,5.469,1.005,0.998,-0.023,15470,30.98,21.569,21,,,,,,,,,,,,,96
2026-09-25T23:10:12.716,93.797,0,1540.5,86,,105.625,29.02,13.5,5.469,1.008,1.012,-0.008,15220,30.98,21.176,21,98,,,,,,,,,,,,
2026-09-25T23:10:12.846,93.927,0,1580.75,85,,105.875,27.059,14.0,6.25,1.001,1.013,-0.008,15120,31.373,20.784,22,,45,,,,,,,,,,,
2026-09-25T23:10:12.976,94.056,0,1608.0,84,,106.188,25.49,14.5,7.031,0.994,0.998,-0.027,15660,31.373,22.353,22,,,0.781,,,,,,,,,,
2026-09-25T23:10:13.107,94.187,0,1642.5,87,,106.062,25.882,14.0,6.25,0.991,0.988,-0.051,15050,31.765,23.137,23,,,,14.414,,,,,,,,,
2026-09-25T23:10:13.237,94.317,0,1689.25,87,,106.25,26.275,13.5,7.031,1.001,1.012,-0.008,15660,31.765,22.745,23,,,,,98,,,,,,,,
2026-09-25T23:10:13.366,94.447,0,1728.75,88,,106.844,25.49,14.0,6.25,1.001,0.999,-0.023,15660,31.765,23.137,24,,,,,,21,,,,,,,
2026-09-25T23:10:13.496,94.577,0,1768.75,88,,107.125,25.49,14.0,6.25,1.001,0.996,-0.031,15630,31.765,23.137,24,,,,,,,20.0,,,,,,
2026-09-25T23:10:13.626,94.707,0,1797.25,88,,107.656,25.098,14.0,6.25,1.001,0.996,-0.031,15340,31.765,22.745,25,,,,,,,,378.5,,,,,
2026-09-25T23:10:13.756,94.837,0,1844.75,88,,108.031,25.098,14.0,6.25,1.001,0.997,-0.027,15270,31.765,22.353,25,,,,,,,,,0.77,,,,
2026-09-25T23:10:13.886,94.967,0,1877.0,86,,108.75,24.706,14.5,5.469,1.001,0.99,-0.047,15480,31.765,22.353,26,,,,,,,,,,,0.0,,
2026-09-25T23:10:14.015,95.096,0,1900.5,86,,109.094,24.706,15.0,5.469,1.001,0.989,-0.047,15520,31.765,22.745,26,,,,,,,,,,,,54.902,
2026-09-25T23:10:14.146,95.227,0,1934.25,86,,109.281,24.706,14.5,4.688,1.001,0.985,-0.059,15470,31.765,22.745,27,,,,,,,,,,,,,98
2026-09-25T23:10:14.276,95.356,0,1975.25,88,,109.875,25.098,15.0,4.688,1.0,0.987,-0.051,15270,31.765,22.353,27,97,,,,,,,,,,,,
2026-09-25T23:10:14.406,95.487,0,1974.5,87,,110.219,25.098,15.0,4.688,1.001,0.994,-0.035,15290,31.765,22.353,27,,44,,,,,,,,,,,
2026-09-25T23:10:14.536,95.617,0,1817.5,86,,110.594,24.706,-10.0,4.688,1.0,0.998,-0.023,15560,31.373,21.176,28,,,0.781,,,,,,,,,,
2026-09-25T23:10:14.666,95.746,0,1618.5,88,,112.125,25.49,-2.5,7.031,1.0,1.043,0.027,15790,30.98,20.0,28,,,,14.355,,,,,,,,,
2026-09-25T23:10:14.796,95.877,0,1568.5,86,,112.219,25.882,1.5,7.031,1.001,1.024,0.004,15570,30.196,18.824,28,,,,,98,,,,,,,,
2026-09-25T23:10:14.926,96.007,0,1528.0,84,,111.781,25.882,0.5,7.031,1.001,1.005,-0.016,14950,28.627,16.863,29,,,,,,21,,,,,,,
2026-09-25T23:10:15.056,96.136,0,1467.0,78,,110.438,25.098,4.0,6.25,1.001,0.99,-0.047,14450,28.235,16.471,29,,,,,,,20.0,,,,,,
2026-09-25T23:10:15.186,96.266,0,1409.0,65,,106.312,25.098,9.0,5.469,1.0,0.985,-0.059,14130,28.235,16.863,29,,,,,,,,382.4,,,,,
2026-09-25T23:10:15.317,96.397,0,1360.0,64,,105.125,25.882,9.0,4.688,0.996,0.978,-0.078,13670,28.627,16.863,29,,,,,,,,,0.76,,,,
2026-09-25T23:10:15.447,96.528,0,1360.75,64,,104.25,26.667,8.5,3.906,0.997,0.988,-0.051,13000,28.235,16.863,30,,,,,,,,,,,0.0,,
2026-09-25T23:10:15.576,96.656,0,1368.75,63,,102.719,26.275,11.0,3.125,1.004,0.989,-0.047,12640,28.235,16.863,30,,,,,,,,,,,,41.569,
2026-09-25T23:10:15.706,96.786,0,1374.0,63,,102.375,25.882,12.5,2.344,1.007,0.987,-0.051,12530,28.235,17.255,30,,,,,,,,,,,,,99
2026-09-25T23:10:15.837,96.917,0,1376.75,62,,101.875,25.882,11.5,0.781,1.005,0.977,-0.082,12630,27.843,16.863,30,98,,,,,,,,,,,,
2026-09-25T23:10:15.966,97.046,0,1389.5,62,,101.219,24.706,14.0,0.0,0.996,0.978,-0.078,12620,25.882,16.078,30,,44,,,,,,,,,,,
2026-09-25T23:10:16.096,97.177,0,1392.25,57,,101.062,22.745,14.0,0.0,0.994,0.982,-0.062,12210,24.314,14.902,30,,,0.781,,,,,,,,,,
2026-09-25T23:10:16.226,97.307,0,1400.5,51,,101.062,20.784,14.0,0.0,0.994,0.98,-0.07,11730,23.529,14.902,30,,,,14.394,,,,,,,,,
2026-09-25T23:10:16.356,97.437,0,1405.75,45,,100.781,16.471,14.0,-0.781,1.002,0.987,-0.055,11390,21.569,13.725,30,,,,,98,,,,,,,,
2026-09-25T23:10:16.486,97.566,0,1410.0,35,,101.688,13.725,16.0,-0.781,1.006,0.994,-0.035,10940,20.392,12.549,30,,,,,,21,,,,,,,
2026-09-25T23:10:16.616,97.696,0,1383.75,27,,101.188,10.196,21.0,-0.781,1.008,0.998,-0.027,10400,20.392,12.549,30,,,,,,,20.0,,,,,,
2026-09-25T23:10:16.746,97.826,0,1365.25,25,,101.031,9.412,24.5,-1.562,1.007,0.998,-0.023,9960,20.392,12.549,30,,,,,,,,385.9,,,,,
2026-09-25T23:10:16.876,97.957,0,1393.75,22,,100.5,7.843,28.5,0.0,1.004,1.017,-0.004,9590,20.392,12.549,30,,,,,,,,,0.76,,,,
2026-09-25T23:10:17.006,98.087,0,1382.75,22,,100.438,7.843,30.5,0.0,1.003,1.044,0.027,9250,20.784,12.549,30,,,,,,,,,,,0.0,,
2026-09-25T23:10:17.139,98.22,0,1375.25,22,,100.125,7.451,30.0,1.562,1.002,1.063,0.051,8910,20.784,12.549,30,,,,,,,,,,,,12.157,
2026-09-25T23:10:17.266,98.347,0,1370.75,22,,99.938,7.843,30.5,2.344,1.002,1.068,0.055,8540,20.784,12.549,30,,,,,,,,,,,,,101
2026-09-25T23:10:17.396,98.477,0,1369.75,22,,99.781,8.235,28.5,2.344,1.002,1.06,0.047,8160,20.392,12.549,29,99,,,,,,,,,,,,
2026-09-25T23:10:17.526,98.607,0,1356.5,23,,99.781,8.235,25.5,2.344,1.002,1.042,0.023,7760,20.392,12.549,29,,44,,,,,,,,,,,
2026-09-25T23:10:17.656,98.737,0,1344.0,23,,99.469,8.627,26.0,2.344,1.002,1.036,0.02,7440,20.392,12.549,29,,,1.562,,,,,,,,,,
2026-09-25T23:10:17.786,98.867,0,1345.5,23,,99.438,8.627,26.0,2.344,1.002,1.033,0.016,7040,20.784,12.549,29,,,,14.394,,,,,,,,,
2026-09-25T23:10:17.915,98.996,0,1349.5,24,,99.188,8.627,23.0,2.344,1.002,1.015,-0.004,6600,20.784,12.549,29,,,,,98,,,,,,,,
2026-09-25T23:10:18.046,99.127,0,1347.25,23,,99.156,9.02,24.5,1.562,1.001,0.982,-0.066,6160,20.784,12.549,29,,,,,,21,,,,,,,
2026-09-25T23:10:18.175,99.256,0,1334.25,24,,99.156,9.02,25.5,0.0,1.001,0.957,-0.125,5730,20.784,12.941,29,,,,,,,20.0,,,,,,
2026-09-25T23:10:18.306,99.387,0,1328.5,24,,99.156,9.02,23.0,-0.781,1.001,0.947,-0.148,5380,20.784,12.941,29,,,,,,,,387.6,,,,,
2026-09-25T23:10:18.436,99.517,0,1321.75,25,,98.844,9.804,20.0,-0.781,1.001,0.962,-0.113,4930,21.176,13.333,29,,,,,,,,,0.75,,,,
2026-09-25T23:10:18.566,99.647,0,1328.5,26,,98.812,10.98,18.5,0.0,1.001,0.986,-0.055,4470,21.176,13.333,29,,,,,,,,,,,0.0,,
2026-09-25T23:10:18.696,99.776,0,1329.0,28,,98.812,11.373,17.0,0.0,1.001,1.007,-0.012,4020,21.176,13.333,29,,,,,,,,,,,,17.255,
2026-09-25T23:10:18.826,99.907,0,1319.5,28,,98.688,11.373,17.0,0.0,1.001,0.999,-0.023,3620,21.569,12.941,28,,,,,,,,,,,,,102
2026-09-25T23:10:18.955,100.036,0,1304.5,28,,98.625,11.765,18.5,0.0,1.001,1.0,-0.02,3340,21.961,13.725,28,100,,,,,,,,,,,,
2026-09-25T23:10:19.086,100.166,0,1313.75,29,,98.5,12.549,17.5,0.781,1.001,1.021,0.0,3620,22.353,13.725,28,,44,,,,,,,,,,,
2026-09-25T23:10:19.216,100.297,0,1316.75,31,,98.5,12.941,15.0,1.562,1.001,1.023,0.004,3950,22.353,13.725,29,,,0.781,,,,,,,,,,
2026-09-25T23:10:19.345,100.426,0,1308.0,32,,98.5,13.725,16.0,1.562,1.0,1.0,-0.02,3760,22.353,14.118,28,,,,14.355,,,,,,,,,
2026-09-25T23:10:19.476,100.556,0,1304.25,34,,98.438,14.902,15.5,0.781,1.002,0.998,-0.023,4110,22.745,14.51,28,,,,,98,,,,,,,,
2026-09-25T23:10:19.606,100.687,0,1299.0,33,,98.312,15.294,15.5,0.781,1.005,1.014,-0.008,4480,22.745,14.118,28,,,,,,21,,,,,,,
2026-09-25T23:10:19.736,100.817,0,1303.5,34,,98.188,14.902,15.5,1.562,1.008,1.017,-0.004,4450,22.745,14.118,28,,,,,,,20.0,,,,,,
2026-09-25T23:10:19.866,100.946,0,1304.25,34,,98.188,14.902,15.5,1.562,1.005,1.001,-0.02,4610,22.745,14.118,28,,,,,,,,389.6,,,,,
2026-09-25T23:10:19.996,101.077,0,1299.0,34,,98.188,15.294,15.5,1.562,0.999,0.998,-0.027,5080,22.745,14.118,28,,,,,,,,,0.745,,,,
2026-09-25T23:10:20.126,101.207,0,1294.75,35,,98.188,14.902,15.5,0.781,0.994,0.982,-0.066,4910,22.745,14.118,28,,,,,,,,,,,0.0,,
2026-09-25T23:10:20.256,101.337,0,1299.25,35,,98.188,15.294,15.5,0.0,0.993,0.975,-0.086,5130,22.745,14.118,28,,,,,,,,,,,,23.137,
2026-09-25T23:10:20.386,101.466,0,1289.75,34,,98.188,15.294,15.5,0.0,0.99,0.977,-0.078,5660,22.745,14.118,28,,,,,,,,,,,,,104
2026-09-25T23:10:20.525,101.606,0,1289.25,35,,98.188,14.902,15.5,-0.781,0.997,0.978,-0.078,5160,22.745,14.118,28,100,,,,,,,,,,,,
2026-09-25T23:10:20.656,101.736,0,1287.75,35,,98.188,15.294,15.5,-1.562,1.003,0.998,-0.023,5490,22.745,14.118,28,,45,,,,,,,,,,,
2026-09-25T23:10:20.786,101.866,0,1289.25,35,,98.156,14.902,17.0,0.0,1.006,1.017,-0.004,5670,22.745,13.725,28,,,0.781,,,,,,,,,,
2026-09-25T23:10:20.916,101.997,0,1281.75,36,,98.188,14.51,15.5,-0.781,1.008,1.009,-0.012,5070,22.745,14.118,28,,,,14.414,,,,,,,,,
2026-09-25T23:10:21.046,102.127,0,1283.75,36,,98.125,15.294,14.5,0.0,1.007,1.027,0.008,4950,22.745,14.118,28,,,,,98,,,,,,,,
2026-09-25T23:10:21.176,102.257,0,1284.5,35,,98.125,16.078,13.0,0.781,1.007,1.026,0.008,5490,22.745,14.118,28,,,,,,21,,,,,,,
2026-09-25T23:10:21.306,102.387,0,1275.5,34,,98.094,15.686,14.0,0.781,1.009,0.998,-0.023,5660,22.353,13.725,28,,,,,,,20.0,,,,,,
2026-09-25T23:10:21.436,102.517,0,1278.0,35,,98.094,15.294,15.5,0.0,1.003,0.981,-0.07,5130,22.353,13.725,28,,,,,,,,391.7,,,,,
2026-09-25T23:10:21.566,102.647,0,1270.25,33,,98.094,14.902,14.0,0.0,0.996,0.99,-0.047,5140,22.353,14.118,28,,,,,,,,,0.745,,,,
2026-09-25T23:10:21.695,102.776,0,1272.75,33,,97.969,14.902,15.5,0.0,0.998,0.997,-0.027,4980,22.353,13.725,28,,,,,,,,,,,0.0,,
2026-09-25T23:10:21.826,102.907,0,1272.5,33,,98.031,14.118,16.0,0.0,1.002,0.999,-0.023,4490,22.353,13.725,27,,,,,,,,,,,,21.176,
2026-09-25T23:10:21.955,103.036,0,1266.75,33,,97.938,14.51,12.5,0.0,1.001,1.008,-0.012,4470,21.569,12.941,27,,,,,,,,,,,,,105
2026-09-25T23:10:22.086,103.167,0,1261.75,30,,98.188,12.941,11.0,0.0,1.001,1.01,-0.012,4610,16.471,12.157,27,101,,,,,,,,,,,,
2026-09-25T23:10:22.216,103.297,0,1252.5,25,,98.156,0.0,24.5,0.0,1.0,0.99,-0.047,4430,14.51,12.157,27,,45,,,,,,,,,,,
2026-09-25T23:10:22.346,103.427,0,1246.5,24,,98.188,0.0,20.5,0.0,1.0,0.999,-0.023,4120,14.51,12.157,27,,,1.562,,,,,,,,,,
2026-09-25T23:10:22.475,103.556,0,1249.75,22,,98.156,0.0,16.5,0.781,1.001,1.021,0.0,3760,14.51,12.157,27,,,,14.375,,,,,,,,,
2026-09-25T23:10:22.605,103.686,0,1240.5,22,,98.094,0.0,11.5,0.781,1.001,1.023,0.004,3480,14.51,12.157,27,,,,,98,,,,,,,,
2026-09-25T23:10:22.736,103.817,0,1236.5,22,,98.125,0.0,6.5,0.781,1.001,1.027,0.008,3200,14.51,12.157,27,,,,,,21,,,,,,,
2026-09-25T23:10:22.866,103.947,0,1211.75,22,,98.062,0.0,0.5,1.562,1.002,1.034,0.016,3150,14.51,12.157,26,,,,,,,20.0,,,,,,
2026-09-25T23:10:22.996,104.077,0,1194.25,22,,97.969,0.0,-0.5,2.344,1.002,1.058,0.043,3220,14.51,12.157,26,,,,,,,,393.3,,,,,
2026-09-25T23:10:23.126,104.207,0,1193.0,22,,97.969,0.0,-1.0,4.688,1.002,1.097,0.086,3240,14.51,12.157,26,,,,,,,,,0.75,,,,
2026-09-25T23:10:23.256,104.336,0,1194.5,22,,97.938,0.0,-1.0,4.688,1.002,1.085,0.074,3210,14.51,12.157,26,,,,,,,,,,,0.0,,
2026-09-25T23:10:23.385,104.466,0,1184.75,22,,97.875,0.0,-1.5,4.688,1.002,1.079,0.066,3180,14.51,12.157,26,,,,,,,,,,,,12.549,
2026-09-25T23:10:23.515,104.596,0,1160.25,22,,97.875,0.0,-1.0,5.469,1.002,1.076,0.062,3220,14.51,12.157,25,,,,,,,,,,,,,107
2026-09-25T23:10:23.645,104.726,0,1148.75,22,,97.875,0.0,2.0,6.25,1.002,1.082,0.07,3410,14.902,12.157,25,101,,,,,,,,,,,,
2026-09-25T23:10:23.775,104.856,0,1157.0,22,,97.875,0.0,2.5,7.031,1.002,1.082,0.07,3230,16.078,12.157,25,,45,,,,,,,,,,,
2026-09-25T23:10:23.905,104.986,0,1147.5,22,,97.875,0.0,3.0,7.031,1.002,1.071,0.059,3140,17.647,12.157,25,,,2.344,,,,,,,,,,
2026-09-25T23:10:24.036,105.117,0,1124.0,23,,97.875,0.0,3.5,7.031,1.002,1.07,0.059,3420,19.608,12.157,25,,,,14.375,,,,,,,,,
2026-09-25T23:10:24.165,105.246,0,1131.0,23,,97.875,10.588,26.5,7.812,1.002,1.082,0.07,3280,20.392,12.549,24,,,,,98,,,,,,,,
2026-09-25T23:10:24.296,105.376,0,1120.25,24,,97.875,10.98,24.5,8.594,1.002,1.072,0.059,3130,20.392,12.941,24,,,,,,21,,,,,,,
2026-09-25T23:10:24.426,105.507,0,1116.0,25,,97.875,12.157,22.0,7.812,1.002,1.034,0.016,3370,20.392,12.941,24,,,,,,,20.0,,,,,,
2026-09-25T23:10:24.556,105.636,0,1117.25,26,,97.875,13.333,18.5,7.031,1.002,1.008,-0.012,3830,20.784,12.941,24,,,,,,,,394.5,,,,,
2026-09-25T23:10:24.686,105.766,0,1118.5,28,,97.875,14.118,18.5,6.25,1.001,0.985,-0.059,3770,21.176,13.333,24,,,,,,,,,0.745,,,,
2026-09-25T23:10:24.815,105.896,0,1172.75,29,,97.875,14.51,18.5,4.688,1.001,0.97,-0.098,4000,21.569,13.725,24,,,,,,,,,,,0.0,,
2026-09-25T23:10:24.946,106.027,0,1294.25,29,,97.844,13.333,18.5,3.906,1.001,0.963,-0.113,4720,21.961,14.118,24,,,,,,,,,,,,18.824,
2026-09-25T23:10:25.076,106.156,0,1368.75,31,,97.75,12.549,17.5,3.906,1.0,0.976,-0.086,5340,21.961,13.725,23,,,,,,,,,,,,,109
2026-09-25T23:10:25.205,106.286,0,1337.25,32,,97.875,13.333,16.5,4.688,1.0,0.982,-0.066,5030,21.961,13.725,23,102,,,,,,,,,,,,
2026-09-25T23:10:25.337,106.417,0,1350.25,31,,97.875,12.941,17.5,4.688,1.0,0.994,-0.035,5050,22.353,14.118,23,,46,,,,,,,,,,,
2026-09-25T23:10:25.466,106.547,0,1349.75,31,,97.875,13.333,16.5,4.688,1.0,0.993,-0.035,5230,22.353,14.118,23,,,0.781,,,,,,,,,,
2026-09-25T23:10:25.615,106.696,0,1362.0,33,,97.875,13.333,16.0,3.906,1.001,0.987,-0.051,5120,22.353,14.118,23,,,,14.414,,,,,,,,,
2026-09-25T23:10:25.745,106.826,0,1375.0,33,,97.875,13.333,16.0,3.125,1.005,0.989,-0.047,4960,21.961,14.118,22,,,,,98,,,,,,,,
2026-09-25T23:10:25.875,106.956,0,1382.25,33,,97.875,12.941,16.0,3.125,1.009,0.993,-0.035,5370,14.51,12.157,22,,,,,,21,,,,,,,
2026-09-25T23:10:26.006,107.087,0,1368.5,26,,97.875,0.0,25.0,2.344,1.005,0.975,-0.086,5060,14.51,12.157,22,,,,,,,20.0,,,,,,
2026-09-25T23:10:26.138,107.219,0,1309.5,23,,97.875,0.0,29.0,2.344,1.002,0.981,-0.07,4650,14.51,12.549,22,,,,,,,,395.8,,,,,
2026-09-25T23:10:26.266,107.347,0,1313.0,23,,97.875,0.0,29.0,2.344,1.001,0.979,-0.074,4270,14.51,12.549,22,,,,,,,,,0.755,,,,
2026-09-25T23:10:26.396,107.477,0,1317.25,22,,97.875,0.0,21.0,1.562,1.001,0.978,-0.078,3970,14.51,12.549,22,,,,,,,,,,,0.0,,
2026-09-25T23:10:26.526,107.606,0,1315.5,22,,97.875,0.0,14.0,1.562,1.002,0.982,-0.066,3600,14.51,12.549,21,,,,,,,,,,,,12.549,
2026-09-25T23:10:26.656,107.737,0,1311.5,22,,97.875,0.0,8.5,1.562,1.002,0.991,-0.043,3530,14.51,12.549,21,,,,,,,,,,,,,110
2026-09-25T23:10:26.785,107.866,0,1309.75,22,,97.906,0.0,5.0,2.344,1.002,1.018,-0.004,3310,14.51,12.549,21,102,,,,,,,,,,,,
2026-09-25T23:10:26.916,107.996,0,1315.25,22,,97.875,0.0,0.0,3.906,1.002,1.037,0.02,3360,14.51,12.549,20,,45,,,,,,,,,,,
2026-09-25T23:10:27.046,108.127,0,1309.75,22,,97.875,0.0,-3.5,0.0,1.002,1.063,0.051,4030,14.51,12.549,20,,,1.562,,,,,,,,,,
2026-09-25T23:10:27.175,108.256,0,1310.0,22,,97.875,0.0,-4.0,0.0,1.002,1.135,0.125,5270,14.51,12.549,20,,,,14.355,,,,,,,,,
2026-09-25T23:10:27.306,108.387,0,1318.25,22,,97.875,0.0,-4.0,0.0,1.004,1.191,0.188,6140,14.51,12.549,20,,,,,98,,,,,,,,
2026-09-25T23:10:27.437,108.517,0,1309.0,22,,97.875,0.0,-4.5,0.0,0.997,1.611,0.504,7670,14.51,12.549,19,,,,,,21,,,,,,,
2026-09-25T23:10:27.565,108.646,0,1304.0,24,,97.969,0.0,-4.5,0.0,1.005,2.0,0.727,9400,14.51,12.549,19,,,,,,,20.0,,,,,,
2026-09-25T23:10:27.696,108.777,0,1297.5,24,,98.156,0.0,-4.5,0.0,1.025,2.0,0.895,9450,19.608,12.549,18,,,,,,,,397.4,,,,,
2026-09-25T23:10:27.825,108.906,0,1308.5,24,,98.094,9.412,12.5,0.0,1.139,2.0,0.977,10090,20.392,12.549,18,,,,,,,,,0.755,,,,
2026-09-25T23:10:27.956,109.037,0,1373.5,23,,98.156,7.843,30.5,0.0,1.137,1.66,0.527,10620,21.176,13.333,18,,,,,,,,,,,0.0,,
2026-09-25T23:10:28.085,109.166,0,1311.0,24,,98.094,10.196,22.0,0.0,1.038,1.208,0.203,10010,21.961,13.725,18,,,,,,,,,,,,16.471,
2026-09-25T23:10:28.216,109.297,0,1333.75,26,,97.938,10.588,18.0,0.0,0.968,1.021,0.0,9450,22.353,14.118,18,,,,,,,,,,,,,112
2026-09-25T23:10:28.345,109.426,0,1348.25,30,,97.906,12.941,17.0,0.0,0.928,0.977,-0.082,8760,22.745,14.118,18,103,,,,,,,,,,,,
2026-09-25T23:10:28.476,109.557,0,1329.25,32,,97.906,13.725,16.5,0.0,0.915,0.995,-0.031,8190,22.745,14.118,18,,46,,,,,,,,,,,
2026-09-25T23:10:28.605,109.686,0,1308.25,33,,97.875,14.51,16.0,0.0,0.909,0.986,-0.055,7570,22.745,14.118,18,,,0.781,,,,,,,,,,
2026-09-25T23:10:28.737,109.818,0,1323.0,34,,97.875,14.51,15.5,0.0,0.906,0.966,-0.105,6920,22.745,14.118,18,,,,14.375,,,,,,,,,
2026-09-25T23:10:28.865,109.946,0,1310.75,34,,97.875,14.902,15.5,3.125,0.904,0.965,-0.109,6250,22.745,14.118,18,,,,,98,,,,,,,,
2026-09-25T23:10:28.996,110.076,0,1316.25,34,,97.875,14.902,15.5,3.906,0.903,0.954,-0.133,5820,22.745,14.118,18,,,,,,21,,,,,,,
2026-09-25T23:10:29.126,110.207,0,1317.75,34,,97.875,14.902,15.5,3.125,0.901,0.927,-0.195,5240,22.745,14.118,18,,,,,,,20.0,,,,,,
2026-09-25T23:10:29.255,110.336,0,1321.0,35,,97.875,14.902,15.5,2.344,0.898,0.915,-0.223,4860,22.745,14.118,18,,,,,,,,396.8,,,,,
2026-09-25T23:10:29.386,110.467,0,1320.75,34,,97.875,14.902,15.5,3.125,0.894,0.916,-0.223,5090,22.745,14.118,18,,,,,,,,,0.68,,,,
2026-09-25T23:10:29.516,110.596,0,1327.25,34,,97.906,14.902,16.0,2.344,0.889,0.894,-0.277,5140,22.353,14.118,18,,,,,,,,,,,0.0,,
2026-09-25T23:10:29.646,110.727,0,1323.0,33,,97.875,14.51,16.5,1.562,0.884,0.879,-0.32,5000,22.353,14.118,18,,,,,,,,,,,,21.961,
2026-09-25T23:10:29.775,110.856,0,1330.0,34,,97.875,14.51,16.0,2.344,0.882,0.888,-0.297,4890,22.353,14.118,18,,,,,,,,,,,,,113
2026-09-25T23:10:29.906,110.987,0,1331.5,34,,97.875,14.51,15.5,3.125,0.881,0.896,-0.273,5100,22.353,14.118,18,103,,,,,,,,,,,,
2026-09-25T23:10:30.036,111.117,0,1320.0,33,,97.875,14.118,16.5,3.125,0.88,0.885,-0.305,5060,22.353,14.118,18,,46,,,,,,,,,,,
2026-09-25T23:10:30.166,111.247,0,1325.75,33,,97.875,14.118,14.5,2.344,0.88,0.881,-0.316,5110,22.353,13.725,18,,,0.781,,,,,,,,,,
2026-09-25T23:10:30.296,111.377,0,1332.5,33,,97.906,13.725,16.5,3.125,0.88,0.883,-0.309,5060,21.961,13.725,18,,,,14.316,,,,,,,,,
2026-09-25T23:10:30.426,111.507,0,1330.25,31,,97.875,12.941,17.0,2.344,0.88,0.878,-0.324,4830,21.961,14.118,18,,,,,98,,,,,,,,
2026-09-25T23:10:30.555,111.636,0,1321.25,31,,97.875,13.333,17.0,2.344,0.88,0.88,-0.316,4750,21.961,13.725,18,,,,,,21,,,,,,,
2026-09-25T23:10:30.686,111.766,0,1332.5,31,,97.875,13.333,17.0,3.125,0.88,0.888,-0.297,4810,21.961,13.725,18,,,,,,,20.0,,,,,,
2026-09-25T23:10:30.815,111.896,0,1334.75,31,,97.875,13.333,17.0,3.125,0.88,0.891,-0.289,4960,21.961,13.725,18,,,,,,,,395.8,,,,,
2026-09-25T23:10:30.946,112.027,0,1323.5,31,,97.875,12.941,17.0,3.125,0.88,0.882,-0.316,4720,21.961,13.725,18,,,,,,,,,0.745,,,,
2026-09-25T23:10:31.075,112.156,0,1314.0,30,,97.875,12.941,17.0,3.125,0.88,0.883,-0.312,4840,21.961,13.725,18,,,,,,,,,,,0.0,,
2026-09-25T23:10:31.206,112.287,0,1310.75,30,,97.875,12.941,17.0,3.125,0.88,0.883,-0.312,4820,21.961,13.725,18,,,,,,,,,,,,19.608,
2026-09-25T23:10:31.337,112.417,0,1324.0,30,,97.875,12.941,17.0,3.125,0.88,0.873,-0.34,4840,21.961,13.725,18,,,,,,,,,,,,,115
2026-09-25T23:10:31.465,112.546,0,1323.75,30,,97.875,12.941,17.0,2.344,0.88,0.867,-0.359,4850,21.961,13.333,18,103,,,,,,,,,,,,
2026-09-25T23:10:31.596,112.677,0,1317.5,31,,97.875,13.333,17.0,2.344,0.88,0.87,-0.348,4830,21.961,13.333,18,,46,,,,,,,,,,,
2026-09-25T23:10:31.725,112.806,0,1316.0,30,,97.875,12.549,17.5,2.344,0.884,0.874,-0.336,4790,21.961,13.333,18,,,0.781,,,,,,,,,,
2026-09-25T23:10:31.856,112.937,0,1323.25,30,,97.906,12.549,17.5,1.562,0.889,0.88,-0.32,4780,21.961,13.725,18,,,,14.414,,,,,,,,,
2026-09-25T23:10:31.985,113.066,0,1316.25,30,,97.875,12.941,17.0,1.562,0.896,0.886,-0.301,4840,21.961,13.725,18,,,,,98,,,,,,,,
2026-09-25T23:10:32.116,113.197,0,1322.5,30,,97.875,12.941,17.0,1.562,0.907,0.906,-0.246,4890,21.961,13.333,18,,,,,,21,,,,,,,
2026-09-25T23:10:32.245,113.326,0,1320.75,30,,97.875,12.549,17.5,2.344,0.925,0.931,-0.188,4900,21.961,13.333,18,,,,,,,20.0,,,,,,
2026-09-25T23:10:32.375,113.456,0,1312.75,30,,97.875,12.941,17.0,2.344,0.943,0.947,-0.148,4860,21.569,13.333,18,,,,,,,,395.5,,,,,
2026-09-25T23:10:32.506,113.587,0,1310.0,30,,97.875,12.941,17.0,1.562,0.971,0.964,-0.109,4780,21.569,13.333,18,,,,,,,,,0.795,,,,
2026-09-25T23:10:32.638,113.719,0,1304.25,29,,97.875,12.549,18.0,1.562,0.986,0.969,-0.098,4710,21.569,13.333,18,,,,,,,,,,,0.0,,
2026-09-25T23:10:32.765,113.846,0,1307.75,29,,97.875,12.941,11.5,0.781,0.994,0.969,-0.098,4660,17.647,12.157,18,,,,,,,,,,,,16.078,
2026-09-25T23:10:32.896,113.977,0,1304.75,27,,98.0,0.0,23.0,0.781,0.997,0.972,-0.094,4540,14.51,12.549,18,,,,,,,,,,,,,116
2026-09-25T23:10:33.026,114.107,0,1275.75,24,,97.875,0.0,26.5,0.781,0.999,0.983,-0.062,4190,14.51,12.157,18,104,,,,,,,,,,,,
2026-09-25T23:10:33.156,114.236,0,1290.75,23,,97.875,0.0,29.0,1.562,0.999,1.014,-0.008,3890,14.51,12.157,17,,46,,,,,,,,,,,
2026-09-25T23:10:33.285,114.366,0,1277.75,22,,97.875,0.0,18.5,2.344,1.001,1.021,0.0,3610,16.078,12.549,17,,,1.562,,,,,,,,,,
2026-09-25T23:10:33.416,114.497,0,1270.0,22,,97.875,0.0,12.5,2.344,1.001,1.023,0.004,3510,16.471,12.549,17,,,,14.375,,,,,,,,,
2026-09-25T23:10:33.546,114.627,0,1263.5,22,,97.875,0.0,7.5,2.344,1.002,1.026,0.008,3330,16.471,12.549,17,,,,,98,,,,,,,,
2026-09-25T23:10:33.676,114.757,0,1253.5,22,,97.875,0.0,3.5,3.125,1.002,1.032,0.012,3280,18.039,12.549,17,,,,,,21,,,,,,,
2026-09-25T23:10:33.805,114.886,0,1240.25,22,,97.875,0.0,5.5,3.906,1.002,1.044,0.027,3740,20.392,12.549,17,,,,,,,20.0,,,,,,
2026-09-25T23:10:33.937,115.017,0,1246.25,22,,97.844,9.412,27.5,4.688,1.002,1.059,0.043,3450,21.569,13.725,17,,,,,,,,396.7,,,,,
2026-09-25T23:10:34.066,115.147,0,1218.75,23,,97.781,13.333,18.5,5.469,1.002,1.055,0.039,3540,23.137,14.51,17,,,,,,,,,0.77,,,,
2026-09-25T23:10:34.196,115.277,0,1243.5,33,,97.562,16.078,15.5,5.469,1.001,1.028,0.008,4740,23.137,14.51,17,,,,,,,,,,,0.0,,
2026-09-25T23:10:34.325,115.406,0,1280.5,35,,97.844,16.471,15.0,3.906,1.001,0.984,-0.059,5290,23.137,14.118,17,,,,,,,,,,,,23.922,
2026-09-25T23:10:34.455,115.536,0,1234.5,37,,97.844,17.647,14.0,1.562,0.997,0.957,-0.125,5540,23.137,14.118,17,,,,,,,,,,,,,118
2026-09-25T23:10:34.585,115.666,0,1256.5,36,,97.875,16.863,14.5,0.0,0.992,0.969,-0.098,6290,22.745,14.118,17,104,,,,,,,,,,,,
2026-09-25T23:10:34.715,115.796,0,1244.5,36,,97.875,16.863,14.5,0.0,0.995,0.975,-0.086,6610,21.176,13.333,17,,46,,,,,,,,,,,
2026-09-25T23:10:34.846,115.927,0,1247.25,35,,97.875,15.686,17.0,0.0,1.003,0.981,-0.066,6090,14.51,12.157,17,,,1.562,,,,,,,,,,
2026-09-25T23:10:34.976,116.057,0,1251.25,25,,97.875,0.0,24.5,0.0,1.004,0.997,-0.027,5690,14.51,12.157,17,,,,14.296,,,,,,,,,
2026-09-25T23:10:35.105,116.186,0,1230.0,24,,97.844,0.0,27.5,0.781,1.003,1.021,0.0,5410,14.51,12.549,17,,,,,98,,,,,,,,
2026-09-25T23:10:35.237,116.317,0,1267.5,23,,97.875,0.0,28.0,0.0,1.002,0.991,-0.043,5080,14.51,12.549,17,,,,,,21,,,,,,,
2026-09-25T23:10:35.366,116.446,0,1244.75,23,,97.875,0.0,18.0,0.0,1.002,0.972,-0.094,4670,14.51,12.157,17,,,,,,,20.0,,,,,,
2026-09-25T23:10:35.496,116.577,0,1236.75,23,,97.875,0.0,12.5,-0.781,1.002,0.969,-0.098,4350,14.51,12.157,17,,,,,,,,397.6,,,,,
2026-09-25T23:10:35.625,116.706,0,1213.5,23,,97.875,0.0,6.0,-0.781,1.002,0.972,-0.094,4040,14.51,12.157,17,,,,,,,,,0.78,,,,
2026-09-25T23:10:35.765,116.846,0,1223.25,22,,97.875,0.0,3.5,-0.781,1.002,0.986,-0.055,3700,14.51,12.157,17,,,,,,,,,,,0.0,,
2026-09-25T23:10:35.896,116.977,0,1207.75,22,,97.875,0.0,-0.5,0.0,1.002,0.997,-0.027,3430,14.51,12.157,16,,,,,,,,,,,,12.549,
2026-09-25T23:10:36.026,117.107,0,1165.0,23,,97.875,0.0,-0.5,1.562,1.002,1.08,0.066,3240,14.51,12.157,16,,,,,,,,,,,,,119
2026-09-25T23:10:36.155,117.236,0,1172.0,23,,97.844,0.0,-1.0,3.125,1.002,1.086,0.074,3030,14.51,12.157,16,104,,,,,,,,,,,,
2026-09-25T23:10:36.286,117.367,0,1162.25,22,,97.875,0.0,-1.0,3.906,1.002,1.08,0.066,2810,14.51,12.157,16,,46,,,,,,,,,,,
2026-09-25T23:10:36.415,117.496,0,1131.75,23,,97.875,0.0,0.5,5.469,1.002,1.13,0.121,2980,14.51,12.157,15,,,2.344,,,,,,,,,,
2026-09-25T23:10:36.545,117.626,0,1123.5,22,,97.875,0.0,-0.5,7.812,1.002,1.154,0.148,3180,14.51,12.157,15,,,,14.433,,,,,,,,,
2026-09-25T23:10:36.676,117.756,0,1115.75,22,,97.875,10.196,-1.5,7.812,1.002,1.116,0.105,2900,14.51,12.157,15,,,,,98,,,,,,,,
2026-09-25T23:10:36.805,117.886,0,1098.25,22,,97.875,10.588,-2.5,7.031,1.002,1.096,0.086,2880,14.51,12.157,15,,,,,,21,,,,,,,
2026-09-25T23:10:36.936,118.017,0,1065.5,22,,97.875,10.196,-4.0,7.812,1.002,1.116,0.105,3350,14.902,12.157,15,,,,,,,20.0,,,,,,
2026-09-25T23:10:37.065,118.146,0,1064.0,23,,97.875,11.373,-3.0,10.938,1.002,1.156,0.148,3130,15.686,12.157,14,,,,,,,,398.6,,,,,
2026-09-25T23:10:37.196,118.276,0,1059.5,22,,97.875,10.98,-4.0,10.156,1.002,1.108,0.098,2900,16.863,12.157,14,,,,,,,,,0.775,,,,
2026-09-25T23:10:37.325,118.406,0,1042.0,22,,97.844,10.98,-2.5,9.375,1.002,1.067,0.055,2790,17.647,12.157,14,,,,,,,,,,,0.0,,
2026-09-25T23:10:37.455,118.536,0,1012.75,23,,97.875,11.765,-1.0,8.594,1.002,1.05,0.035,3010,18.824,12.157,14,,,,,,,,,,,,13.333,
2026-09-25T23:10:37.585,118.666,0,1031.75,23,,97.812,11.765,4.0,9.375,1.002,1.06,0.047,2960,19.216,12.157,14,,,,,,,,,,,,,121
2026-09-25T23:10:37.715,118.796,0,1007.25,23,,97.844,11.765,6.5,9.375,1.002,1.047,0.031,2760,19.216,12.157,14,104,,,,,,,,,,,,
2026-09-25T23:10:37.845,118.926,0,1010.25,23,,97.812,11.765,11.5,9.375,1.002,1.026,0.008,2700,19.608,12.157,14,,46,,,,,,,,,,,
2026-09-25T23:10:37.975,119.056,0,992.75,24,,97.75,13.725,24.5,8.594,1.002,1.007,-0.012,2900,20.0,13.725,14,,,1.562,,,,,,,,,,
2026-09-25T23:10:38.106,119.187,0,1000.25,29,,97.625,17.647,15.5,7.812,1.002,1.002,-0.02,3410,20.392,13.725,13,,,,14.355,,,,,,,,,
2026-09-25T23:10:38.238,119.318,0,1023.25,35,,97.656,21.176,5.0,7.812,1.002,0.984,-0.062,3550,20.392,13.725,14,,,,,98,,,,,,,,
2026-09-25T23:10:38.365,119.446,0,1005.25,36,,97.562,21.961,5.0,6.25,1.001,0.969,-0.098,4200,20.784,14.118,14,,,,,,21,,,,,,,
2026-09-25T23:10:38.496,119.577,0,991.0,38,,97.531,23.529,0.0,5.469,1.001,0.962,-0.113,4980,20.784,13.725,14,,,,,,,20.0,,,,,,
2026-09-25T23:10:38.626,119.707,0,1010.75,39,,97.656,23.529,2.0,5.469,1.001,0.96,-0.121,5570,20.784,14.118,14,,,,,,,,399.1,,,,,
2026-09-25T23:10:38.756,119.836,0,1010.0,39,,97.531,24.314,-1.0,3.906,1.001,0.938,-0.168,5880,20.784,13.725,14,,,,,,,,,0.79,,,,
2026-09-25T23:10:38.885,119.966,0,1015.75,40,,97.688,23.137,1.0,2.344,1.0,0.931,-0.188,6650,20.784,13.725,14,,,,,,,,,,,0.0,,
2026-09-25T23:10:39.015,120.096,0,1024.75,39,,97.625,22.745,0.0,2.344,1.0,0.938,-0.172,7240,20.784,13.333,14,,,,,,,,,,,,26.275,
2026-09-25T23:10:39.145,120.226,0,1031.25,39,,97.75,22.745,0.0,1.562,1.0,0.941,-0.16,6730,20.0,12.941,14,,,,,,,,,,,,,123
2026-09-25T23:10:39.275,120.356,0,1027.0,35,,97.875,20.0,-7.5,1.562,1.0,0.95,-0.141,6320,14.51,12.157,14,104,,,,,,,,,,,,
2026-09-25T23:10:39.406,120.486,0,1011.5,31,,97.844,17.255,1.0,1.562,1.001,0.96,-0.117,5960,14.51,12.157,14,,46,,,,,,,,,,,
2026-09-25T23:10:39.537,120.618,0,1004.5,29,,97.875,15.686,3.5,1.562,1.001,0.961,-0.117,5760,14.51,12.157,14,,,1.562,,,,,,,,,,
2026-09-25T23:10:39.665,120.746,0,1009.75,28,,97.812,14.51,4.0,1.562,1.002,0.97,-0.098,5380,14.51,12.157,14,,,,14.355,,,,,,,,,
2026-09-25T23:10:39.796,120.876,0,1009.5,26,,97.844,14.118,6.5,1.562,1.002,0.979,-0.074,5080,14.51,12.157,14,,,,,98,,,,,,,,
2026-09-25T23:10:39.925,121.006,0,989.5,26,,97.844,13.725,8.0,1.562,1.003,0.977,-0.082,4800,14.51,12.549,14,,,,,,21,,,,,,,
2026-09-25T23:10:40.056,121.137,0,972.5,26,,97.844,15.294,5.0,1.562,1.003,0.979,-0.074,4520,14.51,12.157,13,,,,,,,20.0,,,,,,
2026-09-25T23:10:40.185,121.266,0,961.25,27,,97.75,15.686,4.5,1.562,1.003,0.984,-0.059,4120,14.51,12.157,13,,,,,,,,399.4,,,,,
2026-09-25T23:10:40.316,121.396,0,958.5,28,,97.812,16.471,4.5,1.562,1.003,0.989,-0.047,3790,14.51,12.157,13,,,,,,,,,0.82,,,,
2026-09-25T23:10:40.446,121.526,0,958.5,28,,97.844,15.294,4.0,1.562,1.003,0.985,-0.059,3490,14.51,12.157,13,,,,,,,,,,,0.0,,
2026-09-25T23:10:40.576,121.656,0,949.0,29,,97.781,16.078,0.5,0.781,1.003,0.982,-0.062,3420,14.51,12.157,13,,,,,,,,,,,,18.039,
2026-09-25T23:10:40.705,121.786,0,947.75,28,,97.656,16.471,3.5,0.781,1.002,0.986,-0.055,3180,14.51,12.157,13,,,,,,,,,,,,,124
2026-09-25T23:10:40.838,121.919,0,936.5,28,,97.781,16.078,3.5,1.562,1.002,0.991,-0.043,3050,14.51,12.157,13,104,,,,,,,,,,,,
2026-09-25T23:10:40.965,122.046,0,920.0,29,,97.656,16.863,2.5,1.562,1.003,0.995,-0.031,3210,14.51,12.157,13,,46,,,,,,,,,,,
2026-09-25T23:10:41.096,122.177,0,911.5,30,,97.781,17.647,-1.0,1.562,1.003,0.998,-0.027,3590,14.51,12.157,12,,,1.562,,,,,,,,,,
2026-09-25T23:10:41.226,122.307,0,904.25,30,,97.625,18.039,0.5,1.562,1.003,0.996,-0.027,3680,14.51,12.941,12,,,,14.316,,,,,,,,,
2026-09-25T23:10:41.355,122.436,0,886.0,31,,97.688,19.608,-0.5,0.781,1.003,0.989,-0.047,3510,14.51,12.549,12,,,,,98,,,,,,,,
2026-09-25T23:10:41.485,122.566,0,846.25,34,,97.594,21.176,-2.0,0.781,1.003,0.982,-0.066,3540,14.51,12.549,11,,,,,,21,,,,,,,
2026-09-25T23:10:41.615,122.696,0,825.75,35,,97.562,21.569,-4.0,0.781,1.003,0.981,-0.07,4200,14.51,12.549,11,,,,,,,20.0,,,,,,
2026-09-25T23:10:41.745,122.826,0,806.5,36,,97.656,21.961,-4.5,0.0,1.003,0.981,-0.066,4610,14.51,12.157,11,,,,,,,,399.6,,,,,
2026-09-25T23:10:41.875,122.956,0,787.25,36,,97.562,22.745,-2.0,0.0,1.002,0.976,-0.082,4450,14.51,12.549,10,,,,,,,,,0.83,,,,
2026-09-25T23:10:42.006,123.086,0,778.5,36,,97.562,22.353,11.5,0.0,1.002,0.968,-0.102,4430,14.51,14.118,10,,,,,,,,,,,0.0,,
2026-09-25T23:10:42.139,123.22,0,781.25,42,,97.5,31.373,2.0,0.0,1.002,0.971,-0.094,4870,14.51,12.941,10,,,,,,,,,,,,30.98,
2026-09-25T23:10:42.265,123.346,0,837.75,46,,97.531,27.843,-10.0,0.0,1.002,0.979,-0.074,5850,14.51,12.549,10,,,,,,,,,,,,,126
2026-09-25T23:10:42.397,123.478,0,868.0,42,,97.625,25.49,-9.5,0.0,1.001,0.97,-0.098,6000,14.51,12.549,10,105,,,,,,,,,,,,
2026-09-25T23:10:42.525,123.606,0,861.25,38,,97.625,23.529,-4.5,-1.562,1.001,0.959,-0.121,6030,14.51,12.941,10,,46,,,,,,,,,,,
2026-09-25T23:10:42.655,123.736,0,844.25,40,,97.562,24.706,-5.0,-1.562,1.001,0.965,-0.105,6380,14.51,12.549,10,,,1.562,,,,,,,,,,
2026-09-25T23:10:42.786,123.866,0,836.0,38,,97.656,24.314,-2.5,-1.562,1.002,0.976,-0.082,6720,14.51,12.549,10,,,,14.296,,,,,,,,,
2026-09-25T23:10:42.915,123.996,0,840.75,39,,97.625,24.706,-3.5,-0.781,1.002,0.979,-0.074,6270,14.51,12.549,10,,,,,98,,,,,,,,
2026-09-25T23:10:43.045,124.126,0,846.75,39,,97.688,24.314,-2.5,-1.562,1.002,0.98,-0.07,6000,14.51,12.549,10,,,,,,21,,,,,,,
2026-09-25T23:10:43.175,124.256,0,837.0,39,,97.625,24.706,-1.0,-1.562,1.002,0.977,-0.082,6110,14.51,12.941,10,,,,,,,20.0,,,,,,
2026-09-25T23:10:43.306,124.387,0,833.25,39,,97.625,25.098,-2.5,-2.344,1.003,0.971,-0.094,6350,14.51,12.549,9,,,,,,,,399.6,,,,,
2026-09-25T23:10:43.437,124.518,0,832.25,40,,97.625,25.098,-1.0,-2.344,1.003,0.969,-0.098,6180,14.51,12.549,10,,,,,,,,,0.85,,,,
2026-09-25T23:10:43.565,124.646,0,834.0,40,,97.656,25.49,-2.0,-3.125,1.003,0.967,-0.102,5990,14.51,12.549,9,,,,,,,,,,,0.0,,
2026-09-25T23:10:43.696,124.776,0,835.25,40,,97.656,25.49,-2.5,-3.125,1.003,0.971,-0.094,5880,14.51,12.549,10,,,,,,,,,,,,26.667,
2026-09-25T23:10:43.826,124.906,0,837.75,40,,97.594,25.098,-1.0,-3.125,1.003,0.967,-0.105,5840,14.51,12.941,9,,,,,,,,,,,,,127
2026-09-25T23:10:43.955,125.036,0,836.75,40,,97.594,25.49,-2.5,-3.906,1.003,0.971,-0.094,6020,14.51,12.549,9,105,,,,,,,,,,,,
2026-09-25T23:10:44.085,125.166,0,835.0,40,,97.656,25.098,-2.0,-3.906,1.003,0.969,-0.098,6130,14.51,12.549,10,,47,,,,,,,,,,,
2026-09-25T23:10:44.215,125.296,0,832.75,40,,97.625,25.098,-1.0,-3.906,1.003,0.964,-0.109,6230,14.51,12.941,9,,,2.344,,,,,,,,,,
2026-09-25T23:10:44.346,125.427,0,837.75,41,,97.562,25.49,-2.0,-4.688,1.003,0.957,-0.125,6330,14.51,12.549,9,,,,14.355,,,,,,,,,
2026-09-25T23:10:44.476,125.556,0,838.0,41,,97.625,25.49,-2.0,-5.469,1.003,0.951,-0.141,6300,14.51,12.549,9,,,,,98,,,,,,,,
2026-09-25T23:10:44.605,125.686,0,836.25,40,,97.656,25.49,-2.5,-6.25,1.003,0.947,-0.148,6070,14.51,12.549,9,,,,,,21,,,,,,,
2026-09-25T23:10:44.737,125.818,0,843.25,41,,97.75,25.882,-2.5,-7.031,1.003,0.938,-0.168,6030,14.51,12.941,9,,,,,,,20.0,,,,,,
2026-09-25T23:10:44.866,125.946,0,843.5,41,,97.719,25.882,-4.0,-7.812,1.003,0.935,-0.176,6180,14.51,12.549,9,,,,,,,,399.6,,,,,
2026-09-25T23:10:44.996,126.077,0,845.5,41,,97.625,25.49,-4.0,-8.594,1.003,0.938,-0.168,6520,14.51,12.549,9,,,,,,,,,0.885,,,,
2026-09-25T23:10:45.125,126.206,0,849.25,40,,97.656,25.49,-3.5,-8.594,1.003,0.939,-0.168,6430,14.51,12.549,9,,,,,,,,,,,0.0,,
2026-09-25T23:10:45.256,126.336,0,847.5,40,,97.625,25.49,-2.5,-9.375,1.004,0.939,-0.164,6080,14.51,12.941,9,,,,,,,,,,,,27.059,
2026-09-25T23:10:45.385,126.466,0,843.0,41,,97.562,25.49,-3.5,-9.375,1.005,0.951,-0.141,6010,14.51,12.549,9,,,,,,,,,,,,,129
2026-09-25T23:10:45.515,126.596,0,843.75,41,,97.594,25.49,-3.5,-9.375,1.006,0.961,-0.117,6310,14.51,12.549,9,105,,,,,,,,,,,,
2026-09-25T23:10:45.646,126.726,0,846.5,41,,97.688,25.882,-4.0,-9.375,1.007,0.96,-0.117,6700,14.51,12.549,9,,47,,,,,,,,,,,
2026-09-25T23:10:45.775,126.856,0,852.75,40,,97.688,25.098,-4.0,-10.156,1.008,0.961,-0.117,6370,14.51,12.549,8,,,2.344,,,,,,,,,,
2026-09-25T23:10:45.905,126.986,0,847.5,40,,97.656,25.49,-2.5,-10.156,1.008,0.973,-0.09,6090,14.51,12.549,8,,,,14.355,,,,,,,,,
2026-09-25T23:10:46.037,127.118,0,845.0,41,,97.656,25.098,-2.5,-10.156,1.008,0.981,-0.07,6150,14.51,12.549,8,,,,,98,,,,,,,,
2026-09-25T23:10:46.165,127.246,0,840.25,41,,97.688,25.098,-3.0,-10.156,1.008,0.983,-0.062,6420,14.51,12.549,7,,,,,,21,,,,,,,
2026-09-25T23:10:46.295,127.376,0,837.5,40,,97.656,25.098,-1.5,-10.156,1.008,0.983,-0.062,6220,14.51,12.549,7,,,,,,,20.0,,,,,,
2026-09-25T23:10:46.425,127.506,0,835.75,40,,97.625,25.098,-1.0,-10.156,1.008,0.986,-0.055,5840,14.51,12.941,7,,,,,,,,399.8,,,,,
2026-09-25T23:10:46.555,127.636,0,836.0,41,,97.656,26.667,-0.5,-10.156,1.007,0.99,-0.043,6030,14.51,12.941,6,,,,,,,,,0.915,,,,
2026-09-25T23:10:46.685,127.766,0,828.25,42,,97.688,26.275,0.5,-10.156,1.006,0.995,-0.031,6410,14.51,12.941,6,,,,,,,,,,,0.0,,
2026-09-25T23:10:46.815,127.896,0,825.5,42,,97.562,26.667,0.0,-10.156,1.006,0.994,-0.035,6510,14.51,12.941,6,,,,,,,,,,,,27.843,
2026-09-25T23:10:46.945,128.026,0,823.75,42,,97.594,26.667,0.5,-10.156,1.005,0.986,-0.055,6520,14.51,12.549,5,,,,,,,,,,,,,130
2026-09-25T23:10:47.075,128.156,0,824.25,42,,97.781,26.275,-1.0,-10.156,1.004,0.99,-0.047,6570,14.51,12.549,5,105,,,,,,,,,,,,
2026-09-25T23:10:47.205,128.286,0,827.25,41,,97.719,25.882,-5.5,-10.156,1.003,0.992,-0.039,6480,14.51,12.157,5,,47,,,,,,,,,,,
2026-09-25T23:10:47.337,128.418,0,813.25,41,,97.812,25.49,-2.5,-10.156,1.003,1.0,-0.02,6440,14.51,12.549,4,,,2.344,,,,,,,,,,
2026-09-25T23:10:47.465,128.546,0,792.5,40,,97.75,25.098,-2.0,-9.375,1.003,1.014,-0.008,6360,14.51,12.549,4,,,,14.375,,,,,,,,,
2026-09-25T23:10:47.596,128.677,0,778.0,40,,97.75,25.098,-3.0,-9.375,1.003,1.022,0.004,6100,14.51,12.549,4,,,,,98,,,,,,,,
2026-09-25T23:10:47.725,128.806,0,782.0,40,,97.75,25.49,-1.5,-8.594,1.003,1.03,0.012,5920,14.51,12.549,3,,,,,,21,,,,,,,
2026-09-25T23:10:47.856,128.937,0,785.75,40,,97.781,24.706,-6.0,-8.594,1.003,1.034,0.016,5640,14.51,12.157,3,,,,,,,20.0,,,,,,
2026-09-25T23:10:47.985,129.066,0,789.75,38,,97.719,24.314,-4.0,-7.812,1.003,1.045,0.027,5450,14.51,12.157,2,,,,,,,,400.0,,,,,
2026-09-25T23:10:48.115,129.196,0,798.25,38,,97.75,23.922,-2.5,-7.031,1.003,1.047,0.031,5220,14.51,12.157,2,,,,,,,,,0.9,,,,
2026-09-25T23:10:48.245,129.326,0,791.25,39,,97.656,24.706,-2.0,-7.031,1.003,1.04,0.023,5230,14.51,12.549,2,,,,,,,,,,,0.0,,
2026-09-25T23:10:48.375,129.456,0,793.5,38,,97.656,24.314,-5.5,-7.031,1.003,1.035,0.016,5300,14.51,12.157,1,,,,,,,,,,,,25.49,
2026-09-25T23:10:48.505,129.586,0,799.75,39,,97.688,24.314,-5.5,-7.031,1.003,1.028,0.008,5320,14.51,12.157,1,,,,,,,,,,,,,132
2026-09-25T23:10:48.640,129.721,0,797.25,38,,97.719,23.922,-2.0,-7.031,1.003,1.022,0.004,5130,14.51,12.157,1,105,,,,,,,,,,,,
2026-09-25T23:10:48.765,129.846,0,789.75,38,,97.75,23.922,9.5,-7.031,1.003,1.013,-0.008,4960,14.51,14.902,1,,47,,,,,,,,,,,
2026-09-25T23:10:48.896,129.977,0,798.0,47,,97.531,34.51,1.0,-7.812,1.003,1.013,-0.008,5140,14.51,13.333,0,,,1.562,,,,,,,,,,
2026-09-25T23:10:49.026,130.106,0,846.5,49,,97.625,31.373,-6.5,-7.031,1.003,1.033,0.016,5670,14.51,12.549,0,,,,14.316,,,,,,,,,
2026-09-25T23:10:49.155,130.236,0,878.0,47,,97.719,26.275,-13.0,-5.469,1.003,1.058,0.043,6380,14.51,12.157,0,,,,,98,,,,,,,,
2026-09-25T23:10:49.285,130.366,0,866.0,40,,97.844,23.922,-6.5,-5.469,1.003,1.048,0.031,6720,14.51,12.549,0,,,,,,21,,,,,,,
2026-09-25T23:10:49.415,130.496,0,847.75,39,,97.812,24.706,-4.0,-4.688,1.001,1.041,0.023,6690,14.51,12.549,0,,,,,,,20.0,,,,,,
2026-09-25T23:10:49.545,130.626,0,823.25,39,,97.781,24.314,1.0,-4.688,1.003,1.04,0.023,6370,14.51,12.941,0,,,,,,,,400.1,,,,,
2026-09-25T23:10:49.675,130.756,0,814.5,41,,97.812,25.098,-2.5,-4.688,1.008,1.052,0.035,6230,14.51,12.157,0,,,,,,,,,0.885,,,,
2026-09-25T23:10:49.805,130.886,0,841.75,39,,97.844,23.922,-5.5,-3.906,1.013,1.072,0.059,6020,14.51,11.765,0,,,,,,,,,,,0.0,,
2026-09-25T23:10:49.937,131.018,0,836.25,36,,97.844,21.961,0.0,-3.125,1.015,1.071,0.059,5830,14.51,12.157,0,,,,,,,,,,,,22.745,
2026-09-25T23:10:50.066,131.146,0,828.0,36,,97.812,21.569,4.5,-3.125,1.016,1.072,0.059,5520,14.51,12.157,0,,,,,,,,,,,,,134
2026-09-25T23:10:50.196,131.277,0,815.75,36,,97.781,21.961,0.0,-2.344,1.017,1.078,0.066,5280,14.51,12.157,0,105,,,,,,,,,,,,
2026-09-25T23:10:50.325,131.406,0,806.5,34,,97.781,21.176,0.5,-1.562,1.017,1.089,0.078,4940,14.51,12.157,0,,47,,,,,,,,,,,
2026-09-25T23:10:50.455,131.536,0,797.75,35,,97.812,21.569,0.5,-0.781,1.018,1.094,0.082,4700,14.51,12.157,0,,,2.344,,,,,,,,,,
2026-09-25T23:10:50.585,131.666,0,788.0,34,,97.781,21.569,-0.5,-0.781,1.018,1.092,0.082,4350,14.51,12.157,0,,,,14.375,,,,,,,,,
2026-09-25T23:10:50.716,131.796,0,783.25,35,,97.719,21.176,1.0,-0.781,1.018,1.077,0.066,4100,14.51,12.157,0,,,,,98,,,,,,,,
2026-09-25T23:10:50.846,131.927,0,780.0,34,,97.75,21.176,6.5,-0.781,1.018,1.068,0.055,3840,14.51,12.157,0,,,,,,21,,,,,,,
2026-09-25T23:10:50.985,132.066,0,776.25,36,,97.656,22.353,3.5,0.0,1.018,1.063,0.051,3560,14.51,12.157,0,,,,,,,20.0,,,,,,
2026-09-25T23:10:51.116,132.197,0,767.0,37,,97.656,22.353,1.0,0.0,1.018,1.065,0.051,3530,14.51,12.157,0,,,,,,,,400.4,,,,,
2026-09-25T23:10:51.245,132.326,0,780.25,36,,97.656,22.353,-0.5,0.0,1.018,1.075,0.062,3670,14.51,12.157,0,,,,,,,,,0.875,,,,
2026-09-25T23:10:51.375,132.456,0,783.0,36,,97.656,21.961,1.5,0.0,1.018,1.073,0.062,3790,14.51,12.157,0,,,,,,,,,,,0.0,,
2026-09-25T23:10:51.505,132.586,0,777.0,36,,97.562,22.353,5.5,0.0,1.018,1.063,0.051,3900,14.51,12.549,0,,,,,,,,,,,,26.275,
2026-09-25T23:10:51.639,132.72,0,769.5,39,,97.531,25.49,0.5,0.781,1.017,1.063,0.051,4140,14.51,12.549,0,,,,,,,,,,,,,135
2026-09-25T23:10:51.765,132.846,0,785.75,40,,97.656,25.098,-4.5,0.781,1.017,1.062,0.047,4510,14.51,12.549,0,105,,,,,,,,,,,,
2026-09-25T23:10:51.897,132.978,0,810.5,40,,97.656,24.706,-7.0,0.781,1.017,1.064,0.051,5040,14.51,12.549,0,,47,,,,,,,,,,,
2026-09-25T23:10:52.026,133.107,0,821.5,38,,97.594,23.922,-4.0,0.781,1.017,1.051,0.035,5250,14.51,12.941,0,,,2.344,,,,,,,,,,
2026-09-25T23:10:52.155,133.236,0,818.75,38,,97.625,24.314,-5.0,0.781,1.017,1.042,0.023,5320,14.51,12.549,0,,,,14.335,,,,,,,,,
2026-09-25T23:10:52.286,133.367,0,814.25,39,,97.562,23.922,-4.5,0.781,1.016,1.043,0.027,5470,14.51,12.549,0,,,,,98,,,,,,,,
2026-09-25T23:10:52.415,133.496,0,805.75,40,,97.594,25.49,-8.0,1.562,1.016,1.054,0.039,5580,14.51,12.157,0,,,,,,21,,,,,,,
2026-09-25T23:10:52.546,133.627,0,800.0,39,,97.688,23.922,-5.5,2.344,1.016,1.061,0.047,5720,14.51,12.157,0,,,,,,,20.0,,,,,,
2026-09-25T23:10:52.675,133.756,0,800.75,38,,97.688,23.922,-7.0,2.344,1.016,1.061,0.047,5650,14.51,12.157,0,,,,,,,,400.6,,,,,
2026-09-25T23:10:52.805,133.886,0,798.0,36,,97.719,22.353,-2.5,3.125,1.016,1.055,0.039,5430,14.51,12.157,0,,,,,,,,,0.865,,,,
2026-09-25T23:10:52.937,134.018,0,788.0,36,,97.656,21.961,1.0,2.344,1.016,1.043,0.027,5050,14.51,12.157,0,,,,,,,,,,,0.0,,
2026-09-25T23:10:53.065,134.146,0,786.0,36,,97.688,21.961,-1.5,2.344,1.016,1.035,0.016,4760,14.51,12.157,0,,,,,,,,,,,,22.353,
2026-09-25T23:10:53.195,134.276,0,790.5,35,,97.656,21.569,-2.0,2.344,1.016,1.032,0.012,4390,14.51,12.157,0,,,,,,,,,,,,,137
2026-09-25T23:10:53.325,134.406,0,790.0,35,,97.688,21.961,0.5,2.344,1.016,1.032,0.012,4110,14.51,12.157,0,105,,,,,,,,,,,,
2026-09-25T23:10:53.455,134.536,0,783.25,35,,97.688,21.569,2.5,2.344,1.016,1.036,0.02,3870,14.51,12.157,0,,47,,,,,,,,,,,
2026-09-25T23:10:53.585,134.666,0,782.0,34,,97.656,21.569,1.5,3.125,1.016,1.04,0.023,3700,14.51,12.157,0,,,2.344,,,,,,,,,,
2026-09-25T23:10:53.715,134.796,0,787.5,35,,97.656,21.176,2.0,3.125,1.016,1.047,0.031,3760,14.51,12.157,0,,,,14.355,,,,,,,,,
2026-09-25T23:10:53.845,134.926,0,789.0,36,,97.656,21.961,0.5,3.906,1.016,1.05,0.035,3980,14.51,11.765,0,,,,,98,,,,,,,,
2026-09-25T23:10:53.975,135.056,0,790.75,35,,97.656,21.176,-0.5,3.906,1.016,1.05,0.035,4140,14.51,12.157,0,,,,,,21,,,,,,,
2026-09-25T23:10:54.105,135.186,0,796.5,34,,97.656,21.176,0.0,3.906,1.015,1.042,0.023,4120,14.51,12.157,0,,,,,,,20.0,,,,,,
2026-09-25T23:10:54.237,135.317,0,794.75,35,,97.562,21.176,0.5,3.906,1.015,1.039,0.02,4090,14.51,12.157,0,,,,,,,,400.8,,,,,
2026-09-25T23:10:54.365,135.446,0,788.25,34,,97.656,21.176,1.0,3.906,1.015,1.037,0.02,4080,14.51,12.157,0,,,,,,,,,0.86,,,,
2026-09-25T23:10:54.495,135.576,0,790.0,34,,97.625,21.176,2.0,3.906,1.015,1.035,0.016,3960,14.51,12.157,0,,,,,,,,,,,0.0,,
2026-09-25T23:10:54.625,135.706,0,789.75,35,,97.594,21.961,0.5,3.906,1.015,1.034,0.016,3940,14.51,12.157,0,,,,,,,,,,,,21.961,
2026-09-25T23:10:54.755,135.836,0,790.75,34,,97.594,20.784,2.5,4.688,1.015,1.038,0.02,3930,14.51,12.157,0,,,,,,,,,,,,,138
2026-09-25T23:10:54.885,135.966,0,781.75,35,,97.562,21.569,2.5,4.688,1.015,1.042,0.023,3900,14.51,12.157,0,104,,,,,,,,,,,,
2026-09-25T23:10:55.016,136.097,0,784.25,35,,97.562,21.569,-0.5,4.688,1.014,1.043,0.027,3950,14.51,12.157,0,,47,,,,,,,,,,,
2026-09-25T23:10:55.145,136.226,0,788.5,34,,97.531,20.784,3.0,5.469,1.014,1.04,0.023,3960,14.51,12.157,0,,,2.344,,,,,,,,,,
2026-09-25T23:10:55.275,136.356,0,788.5,35,,97.625,21.176,0.0,5.469,1.014,1.039,0.023,4000,14.51,12.157,0,,,,14.355,,,,,,,,,
2026-09-25T23:10:55.405,136.486,0,789.25,35,,97.562,21.176,0.0,5.469,1.014,1.04,0.023,4050,14.51,12.157,0,,,,,98,,,,,,,,
2026-09-25T23:10:55.537,136.618,0,792.5,34,,97.656,21.176,2.0,5.469,1.014,1.038,0.02,4090,14.51,12.157,0,,,,,,21,,,,,,,
2026-09-25T23:10:55.665,136.746,0,787.25,34,,97.625,21.569,0.5,5.469,1.014,1.035,0.016,4040,14.51,12.157,0,,,,,,,20.0,,,,,,
2026-09-25T23:10:55.796,136.876,0,784.0,35,,97.625,21.176,2.0,5.469,1.014,1.029,0.012,3950,14.51,12.157,0,,,,,,,,401.0,,,,,
2026-09-25T23:10:55.925,137.006,0,790.25,35,,97.562,21.569,1.0,5.469,1.014,1.027,0.008,3890,14.51,12.157,0,,,,,,,,,0.85,,,,
