time,elapsed_s,clock_ok,rpm,map_kpa,boost_cmd_kpa,boost_act_kpa,load_pct,timing_deg,stft_pct,lambda_cmd,lambda,o2s1_ma,rail_kpa,pedal_pct,throttle_pct,speed_kph,coolant_c,iat_c,ltft_pct,volts,baro_kpa,ambient_c,fuel_pct,cat_temp_c,o2s2_v,o2s2_trim_pct,lt_o2s2_trim_pct,abs_load_pct,run_time_s
2026-09-25T23:08:42.134,0.128,0,784.25,36,,97.531,22.745,0.5,10.156,1.0,1.002,-0.02,4650,14.51,12.549,0,88,,,,,,,,,,,,
2026-09-25T23:08:42.265,0.258,0,791.0,36,,97.531,22.745,2.0,10.156,1.0,1.004,-0.016,4630,14.51,12.941,0,,46,,,,,,,,,,,
2026-09-25T23:08:42.394,0.388,0,790.0,36,,97.531,22.745,1.0,10.156,1.0,1.003,-0.016,4670,14.51,12.941,0,,,1.562,,,,,,,,,,
2026-09-25T23:08:42.524,0.517,0,786.5,36,,97.531,23.137,-1.0,10.156,1.0,1.006,-0.016,4710,14.51,12.549,0,,,,14.492,,,,,,,,,
2026-09-25T23:08:42.654,0.647,0,789.5,36,,97.531,22.745,-1.0,10.156,1.0,1.003,-0.016,4730,14.51,12.549,0,,,,,98,,,,,,,,
2026-09-25T23:08:42.784,0.777,0,794.5,36,,97.531,22.745,0.5,10.156,1.0,1.002,-0.02,4710,14.51,12.549,0,,,,,,21,,,,,,,
2026-09-25T23:08:42.914,0.907,0,794.5,36,,97.531,22.353,0.5,10.156,1.0,0.999,-0.023,4660,14.51,12.941,0,,,,,,,20.0,,,,,,
2026-09-25T23:08:43.044,1.037,0,787.5,36,,97.531,22.745,0.5,10.156,1.0,0.998,-0.023,4610,14.51,12.941,0,,,,,,,,280.2,,,,,
2026-09-25T23:08:43.175,1.169,0,791.25,36,,97.531,23.137,-1.0,10.156,1.0,0.998,-0.023,4670,14.51,12.549,0,,,,,,,,,1.275,,,,
2026-09-25T23:08:43.304,1.297,0,793.75,36,,97.531,22.745,0.5,10.156,1.0,1.0,-0.02,4700,14.51,12.941,0,,,,,,,,,,,0.0,,
2026-09-25T23:08:43.434,1.428,0,792.0,36,,97.531,22.353,-0.5,10.156,1.0,1.005,-0.016,4690,14.51,12.941,0,,,,,,,,,,,,23.529,
2026-09-25T23:08:43.564,1.557,0,793.0,36,,97.531,23.137,-1.0,10.156,1.0,1.005,-0.016,4730,14.51,12.941,0,,,,,,,,,,,,,21
2026-09-25T23:08:43.694,1.687,0,799.25,36,,97.531,23.137,-1.0,10.156,1.0,1.005,-0.016,4780,14.51,12.549,0,88,,,,,,,,,,,,
2026-09-25T23:08:43.824,1.817,0,802.0,36,,97.531,22.745,-2.5,10.156,1.0,1.005,-0.016,4800,14.51,12.549,0,,46,,,,,,,,,,,
2026-09-25T23:08:43.954,1.947,0,795.5,36,,97.531,22.353,-2.0,10.156,1.0,0.998,-0.023,4750,14.51,12.549,0,,,1.562,,,,,,,,,,
2026-09-25T23:08:44.084,2.077,0,798.5,36,,97.531,22.353,-1.0,10.156,1.0,0.995,-0.035,4650,14.51,12.549,0,,,,14.511,,,,,,,,,
2026-09-25T23:08:44.214,2.207,0,796.5,35,,97.531,21.961,0.5,10.156,1.0,0.994,-0.035,4570,14.51,12.941,0,,,,,98,,,,,,,,
2026-09-25T23:08:44.345,2.338,0,789.75,35,,97.531,22.353,-1.0,10.156,1.0,0.995,-0.035,4530,14.51,12.549,0,,,,,,21,,,,,,,
2026-09-25T23:08:44.474,2.467,0,792.75,36,,97.531,22.353,-1.0,10.156,1.0,0.993,-0.039,4550,14.51,12.549,0,,,,,,,20.0,,,,,,
2026-09-25T23:08:44.604,2.597,0,795.25,36,,97.531,22.353,0.5,10.156,1.0,0.995,-0.035,4560,14.51,12.549,0,,,,,,,,280.1,,,,,
2026-09-25T23:08:44.734,2.727,0,794.25,36,,97.531,22.353,0.5,10.156,1.0,0.996,-0.031,4560,14.51,12.549,0,,,,,,,,,1.275,,,,
2026-09-25T23:08:44.864,2.857,0,788.75,35,,97.531,22.353,0.5,10.156,1.0,0.997,-0.027,4530,14.51,12.941,0,,,,,,,,,,,0.0,,
2026-09-25T23:08:44.994,2.987,0,791.0,36,,97.531,22.745,-2.0,10.156,1.0,0.996,-0.031,4590,14.51,12.549,0,,,,,,,,,,,,23.529,
2026-09-25T23:08:45.124,3.118,0,797.0,36,,97.531,22.745,0.5,9.375,1.0,0.993,-0.039,4660,14.51,12.549,0,,,,,,,,,,,,,23
2026-09-25T23:08:45.255,3.249,0,787.0,35,,97.531,23.137,0.5,9.375,1.0,0.995,-0.035,4630,14.51,12.549,0,88,,,,,,,,,,,,
2026-09-25T23:08:45.384,3.378,0,791.0,36,,97.531,22.353,0.5,9.375,1.0,0.994,-0.035,4650,14.51,12.941,0,,46,,,,,,,,,,,
2026-09-25T23:08:45.514,3.507,0,798.0,36,,97.531,22.745,0.0,9.375,1.0,0.993,-0.035,4720,14.51,12.549,0,,,1.562,,,,,,,,,,
2026-09-25T23:08:45.644,3.638,0,800.0,36,,97.531,23.137,-1.0,9.375,1.0,0.992,-0.039,4820,14.51,12.549,0,,,,14.355,,,,,,,,,
2026-09-25T23:08:45.774,3.768,0,795.0,36,,97.531,23.137,-2.5,9.375,1.0,0.993,-0.035,4850,14.51,12.549,0,,,,,98,,,,,,,,
2026-09-25T23:08:45.904,3.897,0,795.5,36,,97.531,22.745,-1.5,9.375,1.0,0.993,-0.039,4840,14.51,12.549,0,,,,,,21,,,,,,,
2026-09-25T23:08:46.034,4.027,0,799.5,36,,97.531,22.745,-1.0,9.375,1.0,0.992,-0.039,4840,14.51,12.549,0,,,,,,,20.0,,,,,,
2026-09-25T23:08:46.164,4.157,0,801.0,36,,97.531,22.745,-2.0,9.375,1.0,0.992,-0.039,4830,14.51,12.549,0,,,,,,,,280.0,,,,,
2026-09-25T23:08:46.294,4.288,0,792.5,36,,97.531,22.745,-1.0,9.375,1.0,0.995,-0.035,4780,14.51,12.941,0,,,,,,,,,1.275,,,,
2026-09-25T23:08:46.424,4.417,0,793.75,36,,97.531,22.745,1.0,9.375,1.0,0.994,-0.035,4690,14.51,12.941,0,,,,,,,,,,,0.0,,
2026-09-25T23:08:46.554,4.548,0,796.75,36,,97.531,23.137,-1.5,9.375,1.0,0.994,-0.035,4790,14.51,12.941,0,,,,,,,,,,,,24.314,
2026-09-25T23:08:46.685,4.679,0,795.5,37,,97.531,23.137,-3.0,9.375,1.0,0.996,-0.031,4880,14.51,12.941,0,,,,,,,,,,,,,25
2026-09-25T23:08:46.814,4.808,0,790.25,37,,97.531,23.137,-2.0,9.375,1.0,0.997,-0.027,4970,14.51,12.549,0,89,,,,,,,,,,,,
2026-09-25T23:08:46.944,4.937,0,792.75,36,,97.531,22.745,0.0,9.375,1.0,0.997,-0.027,4890,14.51,12.941,0,,46,,,,,,,,,,,
2026-09-25T23:08:47.074,5.068,0,801.75,36,,97.531,22.745,-1.5,9.375,1.0,0.995,-0.035,4860,14.51,12.941,0,,,1.562,,,,,,,,,,
2026-09-25T23:08:47.214,5.208,0,797.75,36,,97.531,22.745,-3.0,9.375,1.0,0.993,-0.039,4880,14.51,12.549,0,,,,14.433,,,,,,,,,
2026-09-25T23:08:47.344,5.338,0,796.5,36,,97.531,22.745,-1.5,9.375,1.0,0.995,-0.031,4850,14.51,12.549,0,,,,,98,,,,,,,,
2026-09-25T23:08:47.475,5.468,0,794.25,36,,97.531,22.745,0.0,9.375,1.0,0.996,-0.031,4780,14.51,12.941,0,,,,,,21,,,,,,,
2026-09-25T23:08:47.604,5.598,0,797.5,36,,97.531,22.745,0.5,9.375,1.0,0.995,-0.031,4740,14.51,12.549,0,,,,,,,20.0,,,,,,
2026-09-25T23:08:47.734,5.727,0,793.0,36,,97.531,23.137,-2.0,9.375,1.0,0.997,-0.027,4810,14.51,12.549,0,,,,,,,,280.0,,,,,
2026-09-25T23:08:47.864,5.857,0,794.75,36,,97.531,22.745,-1.5,9.375,1.0,0.998,-0.023,4800,14.51,12.549,0,,,,,,,,,1.275,,,,
2026-09-25T23:08:47.994,5.987,0,798.5,36,,97.531,22.745,0.0,9.375,1.0,0.998,-0.023,4800,14.51,12.941,0,,,,,,,,,,,0.0,,
2026-09-25T23:08:48.124,6.117,0,799.75,36,,97.531,22.745,-1.0,9.375,1.0,0.998,-0.027,4780,14.51,12.549,0,,,,,,,,,,,,23.529,
2026-09-25T23:08:48.254,6.247,0,794.0,36,,97.531,22.745,-2.0,9.375,1.0,0.999,-0.023,4810,14.51,12.941,0,,,,,,,,,,,,,26
2026-09-25T23:08:48.384,6.377,0,798.25,36,,97.531,22.745,-1.5,9.375,1.0,0.999,-0.023,4810,14.51,12.941,0,89,,,,,,,,,,,,
2026-09-25T23:08:48.514,6.508,0,802.5,36,,97.531,22.745,-1.0,9.375,1.0,0.999,-0.023,4820,14.51,12.941,0,,46,,,,,,,,,,,
2026-09-25T23:08:48.644,6.637,0,795.0,36,,97.531,23.137,-2.5,9.375,1.0,0.999,-0.023,4840,14.51,12.549,0,,,1.562,,,,,,,,,,
2026-09-25T23:08:48.774,6.767,0,795.75,36,,97.531,22.745,-2.0,9.375,1.0,0.998,-0.023,4850,14.51,12.941,0,,,,14.414,,,,,,,,,
2026-09-25T23:08:48.905,6.898,0,801.25,36,,97.531,22.745,-1.5,9.375,1.0,0.996,-0.027,4850,14.51,12.941,0,,,,,98,,,,,,,,
2026-09-25T23:08:49.034,7.028,0,802.0,36,,97.531,22.745,-1.0,9.375,1.0,0.996,-0.027,4890,14.51,12.549,0,,,,,,21,,,,,,,
2026-09-25T23:08:49.164,7.157,0,795.5,36,,97.531,22.745,-2.0,9.375,1.0,0.996,-0.027,4910,14.51,12.941,0,,,,,,,20.0,,,,,,
2026-09-25T23:08:49.294,7.288,0,798.25,36,,97.531,23.137,-2.5,9.375,1.0,0.997,-0.027,4910,14.51,12.941,0,,,,,,,,280.0,,,,,
2026-09-25T23:08:49.424,7.417,0,804.25,36,,97.531,22.745,-2.5,9.375,1.0,0.996,-0.031,4900,14.51,12.941,0,,,,,,,,,1.275,,,,
2026-09-25T23:08:49.554,7.547,0,804.5,36,,97.531,22.745,-2.5,9.375,1.0,0.998,-0.023,4920,14.51,12.941,0,,,,,,,,,,,0.0,,
2026-09-25T23:08:49.684,7.677,0,801.25,36,,97.531,22.745,-2.5,9.375,1.0,0.998,-0.027,4910,14.51,12.549,0,,,,,,,,,,,,23.922,
2026-09-25T23:08:49.814,7.807,0,800.5,36,,97.531,23.137,-2.5,9.375,1.0,0.997,-0.027,4900,14.51,12.941,0,,,,,,,,,,,,,28
2026-09-25T23:08:49.944,7.937,0,805.75,36,,97.531,22.745,-2.0,8.594,1.0,0.995,-0.031,4900,14.51,12.549,0,89,,,,,,,,,,,,
2026-09-25T23:08:50.074,8.067,0,800.75,36,,97.531,22.745,-2.5,8.594,1.0,0.995,-0.035,4870,14.51,12.941,0,,46,,,,,,,,,,,
2026-09-25T23:08:50.204,8.197,0,797.5,36,,97.531,22.745,-2.5,8.594,1.0,0.995,-0.035,4870,14.51,12.941,0,,,1.562,,,,,,,,,,
2026-09-25T23:08:50.334,8.327,0,797.25,36,,97.531,23.137,-1.5,8.594,1.0,0.995,-0.031,4860,14.51,12.941,0,,,,14.472,,,,,,,,,
2026-09-25T23:08:50.464,8.457,0,799.5,36,,97.531,23.137,-2.5,8.594,1.0,0.995,-0.035,4860,14.51,12.941,0,,,,,98,,,,,,,,
2026-09-25T23:08:50.594,8.587,0,799.75,36,,97.531,23.137,-2.5,8.594,1.0,0.996,-0.031,4890,14.51,12.549,0,,,,,,21,,,,,,,
2026-09-25T23:08:50.724,8.718,0,800.0,36,,97.531,23.137,-3.5,8.594,1.0,0.996,-0.027,4900,14.51,12.549,0,,,,,,,20.0,,,,,,
2026-09-25T23:08:50.854,8.847,0,804.0,36,,97.531,22.353,-1.0,8.594,1.0,0.994,-0.035,4780,14.51,12.941,0,,,,,,,,280.0,,,,,
2026-09-25T23:08:50.984,8.978,0,800.5,36,,97.531,22.745,-2.0,8.594,1.0,0.994,-0.035,4740,14.51,12.941,0,,,,,,,,,1.275,,,,
2026-09-25T23:08:51.115,9.108,0,791.0,36,,97.531,23.137,-2.5,8.594,1.0,0.994,-0.035,4760,14.51,12.549,0,,,,,,,,,,,0.0,,
2026-09-25T23:08:51.244,9.238,0,795.5,36,,97.531,23.137,-2.5,8.594,1.0,0.996,-0.031,4790,14.51,12.941,0,,,,,,,,,,,,23.922,
2026-09-25T23:08:51.374,9.367,0,801.25,36,,97.531,22.745,-1.5,8.594,1.0,0.998,-0.023,4800,14.51,12.549,0,,,,,,,,,,,,,29
2026-09-25T23:08:51.504,9.497,0,802.25,36,,97.531,22.745,-2.5,8.594,1.0,1.0,-0.02,4790,14.51,12.549,0,90,,,,,,,,,,,,
2026-09-25T23:08:51.634,9.628,0,797.5,36,,97.531,22.745,-2.5,8.594,1.0,0.999,-0.023,4770,14.51,12.549,0,,46,,,,,,,,,,,
2026-09-25T23:08:51.764,9.757,0,800.0,36,,97.531,22.745,-2.5,8.594,1.0,0.998,-0.027,4760,14.51,12.549,0,,,1.562,,,,,,,,,,
2026-09-25T23:08:51.894,9.887,0,798.5,36,,97.531,22.745,-1.5,8.594,1.0,0.998,-0.023,4720,14.51,12.549,0,,,,14.394,,,,,,,,,
2026-09-25T23:08:52.024,10.017,0,794.5,36,,97.531,22.353,0.0,8.594,1.0,0.999,-0.023,4670,14.51,12.941,0,,,,,98,,,,,,,,
2026-09-25T23:08:52.154,10.147,0,798.75,36,,97.531,22.745,-2.5,8.594,1.0,0.999,-0.023,4680,14.51,12.941,0,,,,,,21,,,,,,,
2026-09-25T23:08:52.284,10.277,0,801.0,36,,97.531,22.745,-2.5,8.594,1.0,0.999,-0.023,4750,14.51,12.549,0,,,,,,,20.0,,,,,,
2026-09-25T23:08:52.414,10.408,0,803.75,36,,97.531,22.745,-2.5,8.594,1.0,1.002,-0.02,4770,14.51,12.549,0,,,,,,,,280.0,,,,,
2026-09-25T23:08:52.544,10.537,0,796.75,36,,97.531,22.353,-2.5,8.594,1.0,0.999,-0.023,4750,14.51,12.549,0,,,,,,,,,1.275,,,,
2026-09-25T23:08:52.674,10.668,0,800.75,36,,97.531,22.745,-1.0,8.594,1.0,0.997,-0.027,4700,14.51,12.941,0,,,,,,,,,,,0.0,,
2026-09-25T23:08:52.804,10.797,0,804.0,36,,97.531,22.745,-2.5,8.594,1.0,0.997,-0.027,4740,14.51,12.941,0,,,,,,,,,,,,23.529,
2026-09-25T23:08:52.934,10.928,0,804.0,36,,97.531,22.745,-2.5,8.594,1.0,0.998,-0.027,4770,14.51,12.549,0,,,,,,,,,,,,,31
2026-09-25T23:08:53.065,11.058,0,798.25,36,,97.531,22.745,-3.0,8.594,1.0,0.999,-0.023,4780,14.51,12.549,0,90,,,,,,,,,,,,
2026-09-25T23:08:53.194,11.188,0,800.5,36,,97.531,22.745,-2.5,8.594,1.0,1.0,-0.02,4770,14.51,12.549,0,,46,,,,,,,,,,,
2026-09-25T23:08:53.325,11.318,0,810.25,36,,97.531,22.745,-2.0,8.594,1.0,1.002,-0.02,4730,14.51,12.549,0,,,1.562,,,,,,,,,,
2026-09-25T23:08:53.454,11.448,0,803.25,36,,97.531,22.745,-2.5,8.594,1.0,1.001,-0.02,4750,14.51,12.549,0,,,,14.316,,,,,,,,,
2026-09-25T23:08:53.584,11.577,0,804.25,36,,97.531,22.745,-3.0,8.594,1.0,0.999,-0.023,4760,14.51,12.549,0,,,,,98,,,,,,,,
2026-09-25T23:08:53.714,11.708,0,801.5,36,,97.531,22.745,-2.5,8.594,1.0,0.998,-0.023,4780,14.51,12.549,0,,,,,,21,,,,,,,
2026-09-25T23:08:53.844,11.837,0,795.75,36,,97.531,23.137,-2.5,8.594,1.0,0.996,-0.031,4770,14.51,12.549,0,,,,,,,20.0,,,,,,
2026-09-25T23:08:53.974,11.968,0,800.25,36,,97.531,22.353,-2.5,8.594,1.0,0.995,-0.035,4750,14.51,12.549,0,,,,,,,,280.1,,,,,
2026-09-25T23:08:54.104,12.097,0,807.0,36,,97.531,22.353,-2.5,8.594,1.0,0.994,-0.035,4750,14.51,12.549,0,,,,,,,,,1.275,,,,
2026-09-25T23:08:54.234,12.227,0,803.0,36,,97.531,22.745,-3.0,8.594,1.0,0.994,-0.035,4800,14.51,12.549,0,,,,,,,,,,,0.0,,
2026-09-25T23:08:54.364,12.357,0,802.5,36,,97.531,22.745,-3.5,8.594,1.0,0.992,-0.039,4840,14.51,12.549,0,,,,,,,,,,,,23.922,
2026-09-25T23:08:54.494,12.487,0,805.0,36,,97.531,23.137,-3.5,8.594,1.0,0.99,-0.047,4880,14.51,12.549,0,,,,,,,,,,,,,32
2026-09-25T23:08:54.624,12.618,0,805.5,36,,97.531,22.745,-3.5,7.812,1.0,0.987,-0.055,4900,14.51,12.549,0,90,,,,,,,,,,,,
2026-09-25T23:08:54.754,12.747,0,805.5,36,,97.531,23.137,-4.0,7.812,1.0,0.982,-0.066,4930,14.51,12.549,0,,46,,,,,,,,,,,
2026-09-25T23:08:54.884,12.877,0,810.5,36,,97.531,23.137,-4.0,7.812,1.0,0.979,-0.074,4960,14.51,12.549,0,,,1.562,,,,,,,,,,
2026-09-25T23:08:55.014,13.007,0,814.25,36,,97.531,22.353,-3.0,7.031,1.0,0.975,-0.086,4910,14.51,12.549,0,,,,14.316,,,,,,,,,
2026-09-25T23:08:55.144,13.137,0,806.25,35,,97.531,22.745,-2.5,7.031,1.0,0.969,-0.098,4820,14.51,12.549,0,,,,,98,,,,,,,,
2026-09-25T23:08:55.274,13.267,0,813.5,36,,97.531,22.353,-3.5,6.25,1.0,0.956,-0.125,4770,14.51,12.549,0,,,,,,21,,,,,,,
2026-09-25T23:08:55.404,13.397,0,813.75,36,,97.531,22.353,-3.5,5.469,1.0,0.945,-0.152,4740,14.51,12.549,0,,,,,,,20.0,,,,,,
2026-09-25T23:08:55.534,13.528,0,815.5,36,,97.531,22.745,-3.5,3.906,1.0,0.931,-0.184,4750,14.51,12.549,0,,,,,,,,280.3,,,,,
2026-09-25T23:08:55.665,13.658,0,818.75,36,,97.531,22.353,-4.0,3.125,1.0,0.918,-0.215,4740,14.51,12.549,0,,,,,,,,,1.275,,,,
2026-09-25T23:08:55.794,13.787,0,818.0,36,,97.531,22.353,-5.5,1.562,1.0,0.904,-0.25,4740,14.51,12.549,0,,,,,,,,,,,0.0,,
2026-09-25T23:08:55.924,13.917,0,824.25,36,,97.531,22.745,-4.0,0.0,1.0,0.895,-0.277,4760,14.51,12.549,0,,,,,,,,,,,,23.529,
2026-09-25T23:08:56.054,14.047,0,822.75,36,,97.531,21.961,-4.0,-0.781,1.0,0.885,-0.305,4740,14.51,12.549,0,,,,,,,,,,,,,34
2026-09-25T23:08:56.184,14.177,0,824.0,35,,97.531,21.569,-2.5,-2.344,1.0,0.872,-0.344,4630,14.51,12.549,0,91,,,,,,,,,,,,
2026-09-25T23:08:56.314,14.307,0,820.75,36,,97.531,22.745,-4.5,-3.125,1.0,0.866,-0.359,4620,14.51,12.549,0,,46,,,,,,,,,,,
2026-09-25T23:08:56.444,14.437,0,819.0,36,,97.531,22.353,-4.5,-4.688,1.0,0.861,-0.375,4680,14.51,12.549,0,,,1.562,,,,,,,,,,
2026-09-25T23:08:56.574,14.567,0,818.75,36,,97.531,22.353,-3.0,-5.469,1.0,0.862,-0.375,4700,14.51,12.549,0,,,,14.375,,,,,,,,,
2026-09-25T23:08:56.704,14.697,0,813.25,36,,97.531,22.745,-3.5,-7.031,1.0,0.866,-0.363,4720,14.51,12.549,0,,,,,98,,,,,,,,
2026-09-25T23:08:56.834,14.828,0,804.5,36,,97.531,22.745,-4.0,-7.812,1.0,0.869,-0.352,4730,14.51,12.549,0,,,,,,21,,,,,,,
2026-09-25T23:08:56.964,14.957,0,801.75,36,,97.531,22.745,-3.5,-8.594,1.0,0.871,-0.344,4740,14.51,12.549,0,,,,,,,20.0,,,,,,
2026-09-25T23:08:57.094,15.087,0,809.25,36,,97.531,22.745,-4.0,-9.375,1.0,0.876,-0.328,4760,14.51,12.549,0,,,,,,,,280.4,,,,,
2026-09-25T23:08:57.224,15.217,0,804.75,36,,97.531,22.353,-3.5,-10.156,1.0,0.883,-0.312,4740,14.51,12.549,0,,,,,,,,,1.275,,,,
2026-09-25T23:08:57.354,15.347,0,794.75,36,,97.531,22.745,-3.0,-10.938,1.0,0.887,-0.301,4780,14.51,12.549,0,,,,,,,,,,,0.0,,
2026-09-25T23:08:57.484,15.477,0,799.5,35,,97.531,22.353,-2.5,-10.938,1.0,0.896,-0.27,4710,14.51,12.549,0,,,,,,,,,,,,23.137,
2026-09-25T23:08:57.614,15.608,0,796.75,35,,97.531,22.353,0.5,-11.719,1.0,0.907,-0.242,4650,14.51,12.549,0,,,,,,,,,,,,,35
2026-09-25T23:08:57.744,15.737,0,791.0,36,,97.531,21.961,-1.5,-11.719,1.0,0.917,-0.219,4590,14.51,12.549,0,91,,,,,,,,,,,,
2026-09-25T23:08:57.874,15.868,0,790.0,35,,97.531,22.745,-1.5,-11.719,1.0,0.922,-0.207,4590,14.51,12.549,0,,46,,,,,,,,,,,
2026-09-25T23:08:58.005,15.998,0,796.0,36,,97.531,22.353,-0.5,-12.5,1.0,0.931,-0.188,4600,14.51,12.549,0,,,2.344,,,,,,,,,,
2026-09-25T23:08:58.134,16.127,0,796.75,35,,97.531,22.353,1.5,-12.5,1.0,0.939,-0.164,4600,14.51,12.549,0,,,,14.238,,,,,,,,,
2026-09-25T23:08:58.264,16.257,0,789.75,36,,97.531,22.745,-1.5,-11.719,1.0,0.954,-0.133,4610,14.51,12.549,0,,,,,98,,,,,,,,
2026-09-25T23:08:58.394,16.387,0,784.25,36,,97.531,23.137,-1.0,-11.719,1.0,0.961,-0.117,4730,14.51,12.549,0,,,,,,21,,,,,,,
2026-09-25T23:08:58.524,16.518,0,787.75,36,,97.531,22.745,3.5,-11.719,1.0,0.977,-0.078,4760,14.51,12.549,0,,,,,,,20.0,,,,,,
2026-09-25T23:08:58.655,16.648,0,785.0,36,,97.531,23.137,2.0,-10.938,1.0,0.987,-0.055,4770,14.51,12.549,0,,,,,,,,280.6,,,,,
2026-09-25T23:08:58.784,16.777,0,784.5,36,,97.531,22.745,0.5,-10.938,1.0,0.994,-0.035,4770,14.51,12.549,0,,,,,,,,,1.275,,,,
2026-09-25T23:08:58.914,16.907,0,785.75,36,,97.531,23.137,3.5,-10.156,1.0,1.002,-0.02,4800,14.51,12.549,0,,,,,,,,,,,0.0,,
2026-09-25T23:08:59.044,17.037,0,785.25,36,,97.531,22.745,1.5,-9.375,1.0,1.021,0.0,4830,14.51,12.549,0,,,,,,,,,,,,23.529,
2026-09-25T23:08:59.174,17.168,0,780.25,36,,97.531,23.529,0.5,-9.375,1.0,1.031,0.012,4880,14.51,12.549,0,,,,,,,,,,,,,37
2026-09-25T23:08:59.305,17.298,0,787.75,37,,97.531,23.137,1.0,-8.594,1.0,1.043,0.027,4920,14.51,12.549,0,91,,,,,,,,,,,,
2026-09-25T23:08:59.434,17.427,0,785.75,36,,97.531,23.137,1.5,-7.812,1.0,1.048,0.031,4950,14.51,12.549,0,,46,,,,,,,,,,,
2026-09-25T23:08:59.564,17.557,0,778.5,37,,97.531,23.137,1.5,-7.031,1.0,1.053,0.039,4970,14.51,12.549,0,,,1.562,,,,,,,,,,
2026-09-25T23:08:59.694,17.687,0,775.25,37,,97.531,23.922,1.0,-7.031,1.0,1.056,0.043,5030,14.51,12.549,0,,,,14.375,,,,,,,,,
2026-09-25T23:08:59.824,17.818,0,784.75,37,,97.531,23.137,2.0,-6.25,1.0,1.059,0.043,5050,14.51,12.549,0,,,,,98,,,,,,,,
2026-09-25T23:08:59.954,17.947,0,781.5,37,,97.531,24.314,0.0,-5.469,1.0,1.058,0.043,5120,14.51,12.549,0,,,,,,21,,,,,,,
2026-09-25T23:09:00.084,18.077,0,781.25,37,,97.531,23.529,-1.0,-5.469,1.0,1.062,0.047,5260,14.51,12.549,0,,,,,,,20.0,,,,,,
2026-09-25T23:09:00.214,18.207,0,788.5,37,,97.531,23.922,0.5,-4.688,1.0,1.062,0.047,5270,14.51,12.549,0,,,,,,,,280.8,,,,,
2026-09-25T23:09:00.344,18.337,0,784.0,37,,97.531,23.137,1.0,-4.688,1.0,1.064,0.051,5210,14.51,12.941,0,,,,,,,,,1.275,,,,
2026-09-25T23:09:00.474,18.468,0,783.0,37,,97.531,24.314,-1.5,-3.906,1.0,1.065,0.051,5200,14.51,12.549,0,,,,,,,,,,,0.0,,
2026-09-25T23:09:00.604,18.597,0,786.25,37,,97.531,23.529,2.0,-3.125,1.0,1.07,0.059,5270,14.51,12.941,0,,,,,,,,,,,,23.922,
2026-09-25T23:09:00.734,18.727,0,786.25,36,,97.531,23.137,-0.5,-3.125,1.0,1.069,0.055,5220,14.51,12.549,0,,,,,,,,,,,,,39
2026-09-25T23:09:00.864,18.857,0,781.5,36,,97.531,22.745,0.5,-2.344,1.0,1.066,0.055,5120,14.51,12.549,0,91,,,,,,,,,,,,
2026-09-25T23:09:00.994,18.987,0,785.25,36,,97.531,23.137,1.0,-2.344,1.0,1.063,0.051,4950,14.51,12.549,0,,46,,,,,,,,,,,
2026-09-25T23:09:01.124,19.117,0,792.75,36,,97.531,23.137,0.0,-1.562,1.0,1.063,0.051,4890,14.51,12.549,0,,,1.562,,,,,,,,,,
2026-09-25T23:09:01.255,19.248,0,785.75,37,,97.531,23.529,-2.0,-1.562,1.0,1.062,0.047,4930,14.51,12.549,0,,,,14.355,,,,,,,,,
2026-09-25T23:09:01.384,19.377,0,787.5,36,,97.531,22.745,0.5,-1.562,1.0,1.052,0.035,4900,14.51,12.549,0,,,,,98,,,,,,,,
2026-09-25T23:09:01.514,19.507,0,794.25,37,,97.531,23.529,0.0,-1.562,1.0,1.048,0.031,4900,14.51,12.549,0,,,,,,21,,,,,,,
2026-09-25T23:09:01.644,19.637,0,799.0,36,,97.531,23.137,-2.0,-0.781,1.0,1.042,0.023,4900,14.51,12.549,0,,,,,,,20.0,,,,,,
2026-09-25T23:09:01.774,19.767,0,796.0,36,,97.531,23.137,-2.5,-0.781,1.0,1.039,0.023,4950,14.51,12.549,0,,,,,,,,281.0,,,,,
2026-09-25T23:09:01.904,19.897,0,797.0,36,,97.531,23.137,-2.5,-0.781,1.0,1.04,0.023,4950,14.51,12.549,0,,,,,,,,,1.275,,,,
2026-09-25T23:09:02.034,20.027,0,802.0,36,,97.531,23.137,-2.5,-0.781,1.0,1.037,0.02,4960,14.51,12.549,0,,,,,,,,,,,0.0,,
2026-09-25T23:09:02.164,20.157,0,797.5,36,,97.531,23.137,-3.5,0.0,1.0,1.034,0.016,4990,14.51,12.549,0,,,,,,,,,,,,23.922,
2026-09-25T23:09:02.294,20.288,0,798.25,36,,97.531,23.137,-3.0,0.0,1.0,1.029,0.012,4970,14.51,12.549,0,,,,,,,,,,,,,40
2026-09-25T23:09:02.424,20.417,0,800.0,36,,97.531,23.529,-1.0,0.0,1.0,1.026,0.008,4970,14.51,12.549,0,92,,,,,,,,,,,,
2026-09-25T23:09:02.554,20.548,0,797.5,36,,97.531,22.745,-1.5,0.0,1.0,1.021,0.0,4910,14.51,12.549,0,,46,,,,,,,,,,,
2026-09-25T23:09:02.684,20.677,0,791.0,36,,97.531,23.137,-2.5,0.0,1.0,1.021,0.0,4900,14.51,12.549,0,,,1.562,,,,,,,,,,
2026-09-25T23:09:02.814,20.807,0,795.75,36,,97.531,23.137,-1.0,0.0,1.0,1.015,-0.004,4910,14.51,12.549,0,,,,14.296,,,,,,,,,
2026-09-25T23:09:02.944,20.937,0,796.5,36,,97.531,23.137,-2.0,0.0,1.0,1.01,-0.012,4910,14.51,12.549,0,,,,,98,,,,,,,,
2026-09-25T23:09:03.074,21.067,0,799.25,36,,97.531,23.137,-2.5,0.0,1.0,1.008,-0.012,4930,14.51,12.549,0,,,,,,21,,,,,,,
2026-09-25T23:09:03.204,21.197,0,800.75,36,,97.531,22.745,-3.0,-0.781,1.0,1.002,-0.02,4940,14.51,12.549,0,,,,,,,20.0,,,,,,
2026-09-25T23:09:03.334,21.327,0,794.0,36,,97.531,23.137,-1.5,-0.781,1.0,1.004,-0.016,4950,14.51,12.549,0,,,,,,,,281.2,,,,,
2026-09-25T23:09:03.464,21.457,0,797.0,36,,97.531,22.745,-3.5,0.0,1.0,1.005,-0.016,4970,14.51,12.549,0,,,,,,,,,1.275,,,,
2026-09-25T23:09:03.594,21.587,0,803.25,36,,97.531,23.529,-3.0,-0.781,1.0,1.001,-0.02,4960,14.51,12.549,0,,,,,,,,,,,0.0,,
2026-09-25T23:09:03.724,21.717,0,799.0,36,,97.531,23.137,-2.5,-0.781,1.0,0.998,-0.023,4950,14.51,12.549,0,,,,,,,,,,,,23.529,
2026-09-25T23:09:03.854,21.847,0,803.0,36,,97.531,23.137,-2.5,-0.781,1.0,0.996,-0.027,4930,14.51,12.549,0,,,,,,,,,,,,,42
2026-09-25T23:09:03.984,21.978,0,801.0,36,,97.531,23.137,-2.5,-0.781,1.0,0.997,-0.027,4920,14.51,12.549,0,92,,,,,,,,,,,,
2026-09-25T23:09:04.114,22.107,0,796.25,36,,97.531,22.745,-2.5,-0.781,1.0,0.996,-0.027,4920,14.51,12.549,0,,46,,,,,,,,,,,
2026-09-25T23:09:04.244,22.238,0,801.25,37,,97.531,23.137,-2.5,-0.781,1.0,0.993,-0.039,4980,14.51,12.549,0,,,1.562,,,,,,,,,,
2026-09-25T23:09:04.374,22.367,0,811.0,36,,97.531,23.137,-3.5,-0.781,1.0,0.991,-0.043,4990,14.51,12.549,0,,,,14.335,,,,,,,,,
2026-09-25T23:09:04.504,22.498,0,814.5,37,,97.531,23.529,-5.0,-0.781,1.0,0.99,-0.047,5020,14.51,12.549,0,,,,,98,,,,,,,,
2026-09-25T23:09:04.634,22.627,0,812.25,36,,97.531,23.137,-3.5,-1.562,1.0,0.984,-0.062,5000,14.51,12.549,0,,,,,,21,,,,,,,
2026-09-25T23:09:04.764,22.758,0,806.25,36,,97.531,22.745,-3.5,-1.562,1.0,0.98,-0.07,4920,14.51,12.549,0,,,,,,,20.0,,,,,,
2026-09-25T23:09:04.894,22.887,0,813.5,36,,97.531,22.745,-4.0,-1.562,1.0,0.979,-0.074,4890,14.51,12.549,0,,,,,,,,281.5,,,,,
2026-09-25T23:09:05.024,23.018,0,815.75,36,,97.531,22.745,-2.5,-2.344,1.0,0.979,-0.074,4840,14.51,12.549,0,,,,,,,,,1.275,,,,
2026-09-25T23:09:05.154,23.147,0,811.75,36,,97.531,23.137,-3.5,-2.344,1.0,0.981,-0.07,4830,14.51,12.549,0,,,,,,,,,,,0.0,,
2026-09-25T23:09:05.284,23.278,0,802.75,36,,97.531,22.745,-3.5,-2.344,1.0,0.977,-0.082,4830,14.51,12.549,0,,,,,,,,,,,,23.529,
2026-09-25T23:09:05.414,23.407,0,806.0,36,,97.531,22.353,-2.5,-3.125,1.0,0.978,-0.078,4810,14.51,12.549,0,,,,,,,,,,,,,43
2026-09-25T23:09:05.544,23.538,0,806.25,36,,97.531,23.137,-4.0,-3.125,1.0,0.977,-0.082,4860,14.51,12.549,0,92,,,,,,,,,,,,
2026-09-25T23:09:05.674,23.667,0,799.5,36,,97.531,22.745,-3.5,-3.125,1.0,0.975,-0.086,4870,14.51,12.549,0,,46,,,,,,,,,,,
2026-09-25T23:09:05.804,23.797,0,794.75,36,,97.531,22.745,-2.0,-3.125,1.0,0.978,-0.078,4820,14.51,12.549,0,,,2.344,,,,,,,,,,
2026-09-25T23:09:05.935,23.928,0,802.5,36,,97.531,22.745,-1.0,-3.125,1.0,0.977,-0.082,4810,14.51,12.549,0,,,,14.355,,,,,,,,,
2026-09-25T23:09:06.064,24.058,0,801.25,37,,97.531,23.137,-2.5,-3.125,1.0,0.978,-0.078,4870,14.51,12.549,0,,,,,98,,,,,,,,
2026-09-25T23:09:06.194,24.187,0,792.75,36,,97.531,22.745,-2.0,-3.906,1.0,0.979,-0.074,4870,14.51,12.549,0,,,,,,21,,,,,,,
2026-09-25T23:09:06.324,24.317,0,796.5,36,,97.531,22.745,-2.5,-3.906,1.0,0.979,-0.074,4830,14.51,12.549,0,,,,,,,20.0,,,,,,
2026-09-25T23:09:06.454,24.447,0,804.5,37,,97.531,23.137,-2.5,-3.906,1.0,0.978,-0.078,4850,14.51,12.549,0,,,,,,,,281.8,,,,,
2026-09-25T23:09:06.584,24.578,0,799.0,37,,97.531,23.137,-2.5,-3.906,1.0,0.98,-0.07,4910,14.51,12.549,0,,,,,,,,,1.275,,,,
2026-09-25T23:09:06.714,24.707,0,799.25,37,,97.531,23.137,-2.0,-3.906,1.0,0.978,-0.078,4880,14.51,12.549,0,,,,,,,,,,,0.0,,
2026-09-25T23:09:06.844,24.837,0,796.25,36,,97.531,22.745,-2.0,-3.906,1.0,0.981,-0.066,4850,14.51,12.549,0,,,,,,,,,,,,23.529,
2026-09-25T23:09:06.974,24.967,0,802.75,37,,97.531,23.137,-2.5,-4.688,1.0,0.981,-0.066,4830,14.51,12.549,0,,,,,,,,,,,,,45
2026-09-25T23:09:07.104,25.097,0,804.0,36,,97.531,23.137,-3.5,-4.688,1.0,0.983,-0.062,4870,14.51,12.549,0,92,,,,,,,,,,,,
2026-09-25T23:09:07.234,25.228,0,798.75,36,,97.531,22.745,-3.0,-4.688,1.0,0.984,-0.062,4870,14.51,12.549,0,,46,,,,,,,,,,,
2026-09-25T23:09:07.364,25.357,0,806.75,36,,97.531,23.137,-4.0,-4.688,1.0,0.984,-0.062,4870,14.51,12.549,0,,,2.344,,,,,,,,,,
2026-09-25T23:09:07.494,25.488,0,800.25,36,,97.531,22.745,-2.5,-4.688,1.0,0.986,-0.055,4890,14.51,12.549,0,,,,14.355,,,,,,,,,
2026-09-25T23:09:07.625,25.618,0,794.75,36,,97.531,23.137,-3.0,-4.688,1.0,0.988,-0.051,4880,14.51,12.549,0,,,,,98,,,,,,,,
2026-09-25T23:09:07.754,25.748,0,790.0,36,,97.531,23.137,-1.5,-4.688,1.0,0.987,-0.055,4890,14.51,12.549,0,,,,,,21,,,,,,,
2026-09-25T23:09:07.884,25.877,0,792.25,37,,97.531,23.137,-2.5,-4.688,1.0,0.988,-0.051,4870,14.51,12.549,0,,,,,,,20.0,,,,,,
2026-09-25T23:09:08.014,26.007,0,802.25,36,,97.531,23.137,-3.0,-4.688,1.0,0.989,-0.047,4890,14.51,12.549,0,,,,,,,,282.0,,,,,
2026-09-25T23:09:08.144,26.137,0,801.5,36,,97.531,23.137,-2.5,-4.688,1.0,0.992,-0.043,4880,14.51,12.549,0,,,,,,,,,1.275,,,,
2026-09-25T23:09:08.274,26.267,0,802.0,36,,97.531,23.137,-3.5,-4.688,1.0,0.992,-0.039,4880,14.51,12.549,0,,,,,,,,,,,0.0,,
2026-09-25T23:09:08.404,26.397,0,798.0,36,,97.531,22.745,-0.5,-4.688,1.0,0.994,-0.035,4870,14.51,12.549,0,,,,,,,,,,,,23.922,
2026-09-25T23:09:08.534,26.527,0,798.75,36,,97.531,23.137,-1.0,-4.688,1.0,0.997,-0.027,4880,14.51,12.549,0,,,,,,,,,,,,,46
2026-09-25T23:09:08.664,26.657,0,790.0,36,,97.531,22.745,-2.5,-4.688,1.0,0.999,-0.023,4880,14.51,12.549,0,93,,,,,,,,,,,,
2026-09-25T23:09:08.794,26.787,0,797.75,37,,97.531,23.529,-2.5,-4.688,1.0,0.999,-0.02,4890,14.51,12.549,0,,46,,,,,,,,,,,
2026-09-25T23:09:08.924,26.917,0,799.0,37,,97.531,23.137,-0.5,-4.688,1.0,0.998,-0.023,4860,14.51,12.549,0,,,2.344,,,,,,,,,,
2026-09-25T23:09:09.055,27.048,0,795.0,36,,97.531,23.137,-1.0,-4.688,1.0,0.999,-0.023,4860,14.51,12.549,0,,,,14.355,,,,,,,,,
2026-09-25T23:09:09.184,27.177,0,795.0,36,,97.531,22.745,-2.5,-4.688,1.0,0.997,-0.027,4830,14.51,12.549,0,,,,,98,,,,,,,,
2026-09-25T23:09:09.314,27.307,0,796.75,36,,97.531,22.353,0.5,-4.688,1.0,0.998,-0.023,4800,14.51,12.549,0,,,,,,21,,,,,,,
2026-09-25T23:09:09.444,27.437,0,797.0,36,,97.531,22.745,-1.0,-4.688,1.0,0.999,-0.023,4790,14.51,12.549,0,,,,,,,20.0,,,,,,
2026-09-25T23:09:09.574,27.567,0,786.75,37,,97.531,23.137,-1.0,-4.688,1.0,0.999,-0.02,4790,14.51,12.549,0,,,,,,,,282.3,,,,,
2026-09-25T23:09:09.704,27.697,0,793.5,36,,97.531,22.745,-0.5,-4.688,1.0,1.004,-0.016,4780,14.51,12.549,0,,,,,,,,,1.275,,,,
2026-09-25T23:09:09.834,27.828,0,798.0,36,,97.531,22.745,0.0,-3.906,1.0,1.009,-0.012,4770,14.51,12.549,0,,,,,,,,,,,0.0,,
2026-09-25T23:09:09.964,27.957,0,794.5,36,,97.531,23.137,-1.5,-3.906,1.0,1.009,-0.012,4790,14.51,12.549,0,,,,,,,,,,,,23.529,
2026-09-25T23:09:10.094,28.087,0,792.75,36,,97.531,22.745,-1.5,-3.906,1.0,1.007,-0.012,4800,14.51,12.549,0,,,,,,,,,,,,,48
2026-09-25T23:09:10.225,28.218,0,798.0,36,,97.531,23.137,-1.0,-3.906,1.0,1.012,-0.008,4810,14.51,12.549,0,93,,,,,,,,,,,,
2026-09-25T23:09:10.354,28.347,0,792.75,36,,97.531,22.745,0.0,-3.125,1.0,1.017,-0.004,4850,14.51,12.549,0,,46,,,,,,,,,,,
2026-09-25T23:09:10.484,28.477,0,786.0,37,,97.531,23.137,-0.5,-3.125,1.0,1.018,-0.004,4860,14.51,12.549,0,,,2.344,,,,,,,,,,
2026-09-25T23:09:10.614,28.607,0,799.25,37,,97.531,23.137,-2.0,-3.125,1.0,1.019,0.0,4910,14.51,12.549,0,,,,14.335,,,,,,,,,
2026-09-25T23:09:10.744,28.737,0,800.5,36,,97.531,23.137,-1.5,-3.125,1.0,1.015,-0.004,4910,14.51,12.549,0,,,,,98,,,,,,,,
2026-09-25T23:09:10.874,28.867,0,800.0,37,,97.531,23.137,-2.5,-3.125,1.0,1.019,0.0,4910,14.51,12.549,0,,,,,,21,,,,,,,
2026-09-25T23:09:11.004,28.997,0,798.75,36,,97.531,22.745,-2.5,-3.125,1.0,1.013,-0.008,4900,14.51,12.549,0,,,,,,,20.0,,,,,,
2026-09-25T23:09:11.134,29.127,0,797.25,36,,97.531,23.137,-2.0,-2.344,1.0,1.017,-0.004,4890,14.51,12.549,0,,,,,,,,282.6,,,,,
2026-09-25T23:09:11.264,29.258,0,801.0,36,,97.531,22.745,-1.5,-2.344,1.0,1.019,0.0,4880,14.51,12.549,0,,,,,,,,,1.275,,,,
2026-09-25T23:09:11.394,29.388,0,794.25,36,,97.531,23.137,-3.0,-2.344,1.0,1.015,-0.004,4920,14.51,12.549,0,,,,,,,,,,,0.0,,
2026-09-25T23:09:11.524,29.518,0,791.0,37,,97.531,23.137,-1.5,-2.344,1.0,1.012,-0.008,4910,14.51,12.549,0,,,,,,,,,,,,23.529,
2026-09-25T23:09:11.654,29.647,0,797.25,36,,97.531,23.137,0.5,-2.344,1.0,1.011,-0.008,4900,14.51,12.549,0,,,,,,,,,,,,,50
2026-09-25T23:09:11.784,29.777,0,794.25,37,,97.531,23.137,-1.5,-2.344,1.0,1.014,-0.008,4900,14.51,12.549,0,93,,,,,,,,,,,,
2026-09-25T23:09:11.914,29.907,0,788.75,37,,97.531,23.529,-2.5,-2.344,1.0,1.011,-0.008,4980,14.51,12.549,0,,46,,,,,,,,,,,
2026-09-25T23:09:12.044,30.037,0,793.25,37,,97.531,23.137,-2.5,-2.344,1.0,1.012,-0.008,5060,14.51,12.549,0,,,2.344,,,,,,,,,,
2026-09-25T23:09:12.174,30.167,0,802.75,37,,97.531,23.137,-3.0,-2.344,1.0,1.01,-0.012,5050,14.51,12.549,0,,,,14.335,,,,,,,,,
2026-09-25T23:09:12.304,30.297,0,799.25,36,,97.531,23.137,-2.5,-2.344,1.0,1.009,-0.012,5000,14.51,12.157,0,,,,,98,,,,,,,,
2026-09-25T23:09:12.434,30.428,0,795.0,36,,97.531,23.137,-2.0,-2.344,1.0,1.006,-0.016,4970,14.51,12.157,0,,,,,,21,,,,,,,
2026-09-25T23:09:12.564,30.557,0,800.0,36,,97.531,22.745,-1.0,-2.344,1.0,1.0,-0.02,4910,14.51,12.549,0,,,,,,,20.0,,,,,,
2026-09-25T23:09:12.694,30.687,0,802.75,36,,97.531,22.745,-2.5,-2.344,1.0,1.002,-0.02,4860,14.51,12.549,0,,,,,,,,282.8,,,,,
2026-09-25T23:09:12.825,30.818,0,799.5,37,,97.531,23.137,-3.5,-2.344,1.0,0.999,-0.023,4840,14.51,12.157,0,,,,,,,,,1.275,,,,
2026-09-25T23:09:12.954,30.948,0,796.0,36,,97.531,22.745,-1.0,-2.344,1.0,0.997,-0.027,4830,14.51,12.157,0,,,,,,,,,,,0.0,,
2026-09-25T23:09:13.084,31.077,0,793.5,36,,97.531,23.137,-2.0,-2.344,1.0,0.996,-0.027,4820,14.51,12.157,0,,,,,,,,,,,,23.922,
2026-09-25T23:09:13.214,31.207,0,796.25,37,,97.531,23.137,-1.5,-2.344,1.0,0.996,-0.027,4820,14.51,12.157,0,,,,,,,,,,,,,51
2026-09-25T23:09:13.344,31.337,0,789.75,36,,97.531,23.137,-1.5,-2.344,1.0,0.998,-0.023,4790,14.51,12.157,0,94,,,,,,,,,,,,
2026-09-25T23:09:13.474,31.467,0,799.75,37,,97.531,23.137,-2.5,-2.344,1.0,0.996,-0.031,4830,14.51,12.157,0,,46,,,,,,,,,,,
2026-09-25T23:09:13.604,31.597,0,802.5,36,,97.531,22.745,-2.5,-2.344,1.0,0.998,-0.023,4820,14.51,12.157,0,,,2.344,,,,,,,,,,
2026-09-25T23:09:13.734,31.727,0,800.5,36,,97.531,23.137,-2.0,-2.344,1.0,0.996,-0.031,4830,14.51,12.549,0,,,,14.355,,,,,,,,,
2026-09-25T23:09:13.864,31.857,0,793.5,36,,97.531,22.745,-2.5,-2.344,1.0,0.998,-0.027,4820,14.51,12.157,0,,,,,98,,,,,,,,
2026-09-25T23:09:13.994,31.987,0,801.5,37,,97.531,23.137,-4.0,-2.344,1.0,0.996,-0.031,4850,14.51,12.157,0,,,,,,21,,,,,,,
2026-09-25T23:09:14.124,32.117,0,799.5,37,,97.531,23.137,-2.5,-3.125,1.0,0.993,-0.039,4850,14.51,12.549,0,,,,,,,20.0,,,,,,
2026-09-25T23:09:14.255,32.248,0,798.5,36,,97.531,23.137,-1.0,-3.125,1.0,0.994,-0.035,4770,14.51,12.549,0,,,,,,,,283.1,,,,,
2026-09-25T23:09:14.384,32.377,0,793.5,37,,97.531,23.137,-1.0,-3.125,1.0,0.992,-0.039,4790,14.51,12.549,0,,,,,,,,,1.275,,,,
2026-09-25T23:09:14.514,32.508,0,799.0,36,,97.531,22.745,-2.5,-3.125,1.0,0.994,-0.035,4840,14.51,12.549,0,,,,,,,,,,,0.0,,
2026-09-25T23:09:14.644,32.637,0,804.0,37,,97.531,23.137,-2.0,-3.125,1.0,0.993,-0.035,4930,14.51,12.549,0,,,,,,,,,,,,24.314,
2026-09-25T23:09:14.774,32.767,0,795.25,36,,97.531,23.137,-3.5,-3.125,1.0,0.996,-0.031,4950,14.51,12.549,0,,,,,,,,,,,,,53
2026-09-25T23:09:14.904,32.897,0,799.5,37,,97.531,23.137,-3.5,-3.125,1.0,0.992,-0.039,4950,14.51,12.157,0,94,,,,,,,,,,,,
2026-09-25T23:09:15.034,33.027,0,805.0,37,,97.531,23.137,-3.0,-3.125,1.0,0.993,-0.039,4950,14.51,12.157,0,,46,,,,,,,,,,,
2026-09-25T23:09:15.164,33.157,0,802.5,37,,97.531,23.137,-2.5,-3.125,1.0,0.994,-0.035,4940,14.51,12.157,0,,,2.344,,,,,,,,,,
2026-09-25T23:09:15.294,33.287,0,796.25,37,,97.531,23.137,-3.0,-3.125,1.0,0.993,-0.039,4940,14.51,12.157,0,,,,14.394,,,,,,,,,
2026-09-25T23:09:15.424,33.417,0,796.0,36,,97.531,22.745,-2.5,-3.125,1.0,0.994,-0.035,4910,14.51,12.157,0,,,,,98,,,,,,,,
2026-09-25T23:09:15.554,33.547,0,800.5,36,,97.531,22.745,-2.5,-3.125,1.0,0.989,-0.047,4840,14.51,12.157,0,,,,,,21,,,,,,,
2026-09-25T23:09:15.684,33.677,0,799.75,36,,97.531,22.745,-2.0,-3.125,1.0,0.991,-0.043,4780,14.51,12.157,0,,,,,,,20.0,,,,,,
2026-09-25T23:09:15.814,33.808,0,798.25,36,,97.531,22.745,-1.0,-3.906,1.0,0.986,-0.055,4750,14.51,12.549,0,,,,,,,,283.5,,,,,
2026-09-25T23:09:15.945,33.938,0,797.75,36,,97.531,23.137,0.5,-3.906,1.0,0.989,-0.047,4710,14.51,12.549,0,,,,,,,,,1.275,,,,
2026-09-25T23:09:16.074,34.067,0,795.5,37,,97.531,23.529,-4.0,-3.906,1.0,0.983,-0.062,4840,14.51,12.157,0,,,,,,,,,,,0.0,,
2026-09-25T23:09:16.204,34.197,0,798.0,37,,97.531,23.137,-2.0,-3.906,1.0,0.985,-0.059,4900,14.51,12.157,0,,,,,,,,,,,,23.922,
2026-09-25T23:09:16.334,34.327,0,794.75,37,,97.531,23.137,-1.5,-3.906,1.0,0.987,-0.055,4880,14.51,12.157,0,,,,,,,,,,,,,54
2026-09-25T23:09:16.464,34.457,0,802.75,37,,97.531,23.137,-2.5,-3.906,1.0,0.988,-0.051,4900,14.51,12.549,0,94,,,,,,,,,,,,
2026-09-25T23:09:16.594,34.587,0,807.25,36,,97.531,23.137,-4.0,-3.906,1.0,0.989,-0.047,4950,14.51,12.157,0,,46,,,,,,,,,,,
2026-09-25T23:09:16.724,34.717,0,806.25,37,,97.531,23.529,-3.0,-3.906,1.0,0.989,-0.047,5040,14.51,12.157,0,,,2.344,,,,,,,,,,
2026-09-25T23:09:16.854,34.847,0,799.75,37,,97.531,22.745,-2.5,-4.688,1.0,0.986,-0.055,4970,14.51,12.157,0,,,,14.316,,,,,,,,,
2026-09-25T23:09:16.984,34.977,0,803.5,36,,97.531,22.745,-2.5,-4.688,1.0,0.986,-0.055,4910,14.51,12.157,0,,,,,98,,,,,,,,
2026-09-25T23:09:17.114,35.107,0,808.75,36,,97.531,22.745,-3.0,-4.688,1.0,0.984,-0.059,4800,14.51,12.157,0,,,,,,21,,,,,,,
2026-09-25T23:09:17.244,35.237,0,806.5,37,,97.531,23.137,-3.5,-4.688,1.0,0.98,-0.07,4810,14.51,12.157,0,,,,,,,20.0,,,,,,
2026-09-25T23:09:17.374,35.367,0,803.25,36,,97.531,22.745,-2.5,-4.688,1.0,0.987,-0.055,4780,14.51,12.549,0,,,,,,,,283.8,,,,,
2026-09-25T23:09:17.504,35.497,0,802.0,36,,97.531,22.745,-1.5,-4.688,1.0,0.99,-0.047,4730,14.51,12.157,0,,,,,,,,,1.275,,,,
2026-09-25T23:09:17.634,35.627,0,800.25,37,,97.531,23.529,-2.5,-4.688,1.0,0.987,-0.051,4810,14.51,12.157,0,,,,,,,,,,,0.0,,
2026-09-25T23:09:17.764,35.757,0,791.5,37,,97.531,23.137,-3.0,-4.688,1.0,0.99,-0.043,4850,14.51,12.157,0,,,,,,,,,,,,24.314,
2026-09-25T23:09:17.894,35.887,0,800.5,37,,97.531,23.529,-3.5,-4.688,1.0,0.99,-0.047,4890,14.51,12.157,0,,,,,,,,,,,,,56
2026-09-25T23:09:18.024,36.017,0,801.0,37,,97.531,23.137,-2.5,-4.688,1.0,0.992,-0.039,4880,14.51,12.157,0,94,,,,,,,,,,,,
2026-09-25T23:09:18.155,36.148,0,791.25,36,,97.531,22.745,-2.0,-4.688,1.0,0.991,-0.043,4830,14.51,12.549,0,,46,,,,,,,,,,,
2026-09-25T23:09:18.284,36.278,0,794.0,36,,97.531,22.745,-2.5,-5.469,1.0,0.988,-0.051,4790,14.51,12.157,0,,,2.344,,,,,,,,,,
2026-09-25T23:09:18.414,36.407,0,801.0,36,,97.531,23.137,-1.5,-5.469,1.0,0.99,-0.047,4810,14.51,12.157,0,,,,14.355,,,,,,,,,
2026-09-25T23:09:18.544,36.537,0,803.0,36,,97.531,22.745,-0.5,-5.469,1.0,0.99,-0.047,4770,14.51,12.549,0,,,,,98,,,,,,,,
2026-09-25T23:09:18.674,36.667,0,792.75,36,,97.531,23.137,-4.0,-5.469,1.0,0.993,-0.039,4790,14.51,12.157,0,,,,,,21,,,,,,,
2026-09-25T23:09:18.804,36.797,0,799.25,36,,97.531,23.137,-3.0,-5.469,1.0,0.992,-0.039,4810,14.51,12.157,0,,,,,,,20.0,,,,,,
2026-09-25T23:09:18.934,36.927,0,794.5,37,,97.531,23.137,0.5,-5.469,1.0,0.994,-0.035,4790,14.51,12.157,0,,,,,,,,284.1,,,,,
2026-09-25T23:09:19.064,37.057,0,796.5,36,,97.531,22.745,-0.5,-4.688,1.0,0.998,-0.023,4730,14.51,12.157,0,,,,,,,,,1.275,,,,
2026-09-25T23:09:19.194,37.187,0,793.25,36,,97.531,22.745,-1.0,-5.469,1.0,0.998,-0.023,4700,14.51,12.157,0,,,,,,,,,,,0.0,,
2026-09-25T23:09:19.324,37.317,0,797.75,36,,97.531,22.745,0.0,-4.688,1.0,0.999,-0.023,4680,14.51,12.157,0,,,,,,,,,,,,23.922,
2026-09-25T23:09:19.454,37.447,0,800.25,36,,97.531,23.137,-0.5,-5.469,1.0,0.997,-0.027,4750,14.51,12.157,0,,,,,,,,,,,,,57
2026-09-25T23:09:19.584,37.578,0,797.75,37,,97.531,23.529,-1.0,-4.688,1.0,1.006,-0.016,4810,14.51,12.157,0,95,,,,,,,,,,,,
2026-09-25T23:09:19.714,37.707,0,793.75,37,,97.531,23.529,-3.0,-4.688,1.0,1.012,-0.008,4920,14.51,12.157,0,,46,,,,,,,,,,,
2026-09-25T23:09:19.844,37.837,0,797.0,37,,97.531,23.137,-2.0,-3.906,1.0,1.019,0.0,4980,14.51,12.157,0,,,2.344,,,,,,,,,,
2026-09-25T23:09:19.974,37.967,0,793.25,37,,97.531,23.137,-2.5,-3.906,1.0,1.025,0.004,4960,14.51,12.157,0,,,,14.316,,,,,,,,,
2026-09-25T23:09:20.104,38.097,0,796.5,37,,97.531,22.745,-1.5,-3.906,1.0,1.021,0.0,4940,14.51,12.157,0,,,,,98,,,,,,,,
2026-09-25T23:09:20.234,38.227,0,793.0,37,,97.531,23.137,-1.0,-3.906,1.0,1.021,0.0,4890,14.51,12.157,0,,,,,,21,,,,,,,
2026-09-25T23:09:20.364,38.357,0,799.0,36,,97.531,22.745,-1.0,-3.125,1.0,1.02,0.0,4830,14.51,12.157,0,,,,,,,20.0,,,,,,
2026-09-25T23:09:20.494,38.488,0,790.0,36,,97.531,23.137,-1.0,-3.125,1.0,1.021,0.0,4790,14.51,12.157,0,,,,,,,,284.5,,,,,
2026-09-25T23:09:20.624,38.618,0,789.75,37,,97.531,23.137,0.0,-3.125,1.0,1.023,0.004,4780,14.51,12.157,0,,,,,,,,,1.275,,,,
2026-09-25T23:09:20.754,38.747,0,793.25,37,,97.531,23.529,-0.5,-3.125,1.0,1.025,0.004,4860,14.51,12.157,0,,,,,,,,,,,0.0,,
2026-09-25T23:09:20.884,38.877,0,792.75,37,,97.531,23.137,-0.5,-2.344,1.0,1.027,0.008,4940,14.51,12.157,0,,,,,,,,,,,,23.922,
2026-09-25T23:09:21.014,39.007,0,791.5,37,,97.531,23.137,-2.5,-2.344,1.0,1.031,0.012,4940,14.51,12.157,0,,,,,,,,,,,,,59
2026-09-25T23:09:21.144,39.137,0,795.5,37,,97.531,23.137,-1.0,-1.562,1.0,1.034,0.016,4940,14.51,12.157,0,95,,,,,,,,,,,,
2026-09-25T23:09:21.274,39.267,0,792.0,37,,97.531,23.137,-1.0,-1.562,1.0,1.033,0.016,4920,14.51,12.157,0,,46,,,,,,,,,,,
2026-09-25T23:09:21.404,39.397,0,791.5,37,,97.531,23.137,-2.5,-1.562,1.0,1.03,0.012,4940,14.51,12.157,0,,,2.344,,,,,,,,,,
2026-09-25T23:09:21.534,39.527,0,794.75,37,,97.531,22.745,-2.0,-1.562,1.0,1.03,0.012,4920,14.51,12.157,0,,,,14.375,,,,,,,,,
2026-09-25T23:09:21.665,39.658,0,795.75,37,,97.531,23.137,0.5,-1.562,1.0,1.027,0.008,4910,14.51,12.157,0,,,,,98,,,,,,,,
2026-09-25T23:09:21.794,39.787,0,798.75,37,,97.531,22.745,-2.0,-0.781,1.0,1.027,0.008,4850,14.51,12.157,0,,,,,,21,,,,,,,
2026-09-25T23:09:21.924,39.917,0,797.25,37,,97.531,23.529,-2.0,-0.781,1.0,1.023,0.004,4850,14.51,12.157,0,,,,,,,20.0,,,,,,
2026-09-25T23:09:22.054,40.047,0,791.0,37,,97.531,22.745,-1.5,-0.781,1.0,1.025,0.004,4890,14.51,12.157,0,,,,,,,,284.8,,,,,
2026-09-25T23:09:22.184,40.177,0,795.5,37,,97.531,23.529,-2.5,-0.781,1.0,1.024,0.004,4900,14.51,12.157,0,,,,,,,,,1.275,,,,
2026-09-25T23:09:22.314,40.307,0,801.5,37,,97.531,23.137,-2.5,-0.781,1.0,1.024,0.004,4910,14.51,12.157,0,,,,,,,,,,,0.0,,
2026-09-25T23:09:22.444,40.437,0,799.25,37,,97.531,23.529,-1.5,0.0,1.0,1.024,0.004,4900,14.51,12.157,0,,,,,,,,,,,,24.314,
2026-09-25T23:09:22.574,40.567,0,796.5,37,,97.531,23.137,-2.5,0.0,1.0,1.021,0.0,4880,14.51,12.157,0,,,,,,,,,,,,,60
2026-09-25T23:09:22.704,40.698,0,795.0,36,,97.531,22.353,-0.5,0.0,1.0,1.02,0.0,4830,14.51,12.157,0,95,,,,,,,,,,,,
2026-09-25T23:09:22.834,40.827,0,795.5,36,,97.531,22.745,0.5,0.0,1.0,1.015,-0.004,4760,14.51,12.549,0,,46,,,,,,,,,,,
2026-09-25T23:09:22.964,40.958,0,794.25,37,,97.531,23.529,-1.0,0.0,1.0,1.016,-0.004,4790,14.51,12.157,0,,,2.344,,,,,,,,,,
2026-09-25T23:09:23.094,41.087,0,797.0,37,,97.531,23.529,-2.0,0.0,1.0,1.021,0.0,4890,14.51,12.157,0,,,,14.335,,,,,,,,,
2026-09-25T23:09:23.224,41.218,0,796.5,37,,97.531,22.745,-0.5,0.0,1.0,1.026,0.008,4890,14.51,12.157,0,,,,,98,,,,,,,,
2026-09-25T23:09:23.354,41.347,0,791.75,37,,97.531,23.137,-2.0,0.0,1.0,1.03,0.012,4880,14.51,12.157,0,,,,,,21,,,,,,,
2026-09-25T23:09:23.484,41.477,0,799.0,37,,97.531,22.745,-2.0,0.0,1.0,1.029,0.008,4880,14.51,12.157,0,,,,,,,20.0,,,,,,
2026-09-25T23:09:23.614,41.607,0,797.0,37,,97.531,23.137,-1.0,0.781,1.0,1.026,0.008,4830,14.51,12.157,0,,,,,,,,285.2,,,,,
2026-09-25T23:09:23.744,41.737,0,798.0,37,,97.531,23.137,-1.5,0.781,1.0,1.027,0.008,4880,14.51,12.157,0,,,,,,,,,1.275,,,,
2026-09-25T23:09:23.874,41.868,0,789.5,37,,97.531,23.529,-1.5,0.781,1.0,1.028,0.008,4910,14.51,12.157,0,,,,,,,,,,,0.0,,
2026-09-25T23:09:24.004,41.997,0,794.75,37,,97.531,23.529,-2.5,1.562,1.0,1.029,0.012,4970,14.51,12.157,0,,,,,,,,,,,,23.922,
2026-09-25T23:09:24.134,42.127,0,802.25,37,,97.531,23.137,-1.5,1.562,1.0,1.026,0.008,4970,14.51,12.157,0,,,,,,,,,,,,,62
2026-09-25T23:09:24.265,42.258,0,800.25,37,,97.531,23.137,-0.5,1.562,1.0,1.031,0.012,4960,14.51,12.157,0,95,,,,,,,,,,,,
2026-09-25T23:09:24.394,42.387,0,794.25,36,,97.531,22.745,-2.5,1.562,1.0,1.032,0.016,4900,14.51,12.157,0,,46,,,,,,,,,,,
2026-09-25T23:09:24.524,42.517,0,795.75,37,,97.531,23.529,-2.5,2.344,1.0,1.033,0.016,4900,14.51,12.157,0,,,2.344,,,,,,,,,,
2026-09-25T23:09:24.654,42.647,0,790.0,37,,97.531,22.353,1.5,2.344,1.0,1.033,0.016,4880,14.51,12.549,0,,,,14.335,,,,,,,,,
2026-09-25T23:09:24.784,42.777,0,790.5,37,,97.531,23.922,-3.0,2.344,1.0,1.033,0.016,4830,14.51,12.157,0,,,,,98,,,,,,,,
2026-09-25T23:09:24.914,42.907,0,794.5,37,,97.531,23.137,-1.0,3.125,1.0,1.032,0.016,4870,14.51,12.549,0,,,,,,21,,,,,,,
2026-09-25T23:09:25.044,43.038,0,798.0,37,,97.531,23.529,-1.0,3.125,1.0,1.024,0.004,4770,14.51,12.157,0,,,,,,,20.0,,,,,,
2026-09-25T23:09:25.174,43.167,0,793.0,36,,97.531,22.745,-2.0,3.125,1.0,1.025,0.004,4760,14.51,12.157,0,,,,,,,,285.5,,,,,
2026-09-25T23:09:25.304,43.297,0,795.75,37,,97.531,23.137,-1.5,3.125,1.0,1.025,0.004,4730,14.51,12.157,0,,,,,,,,,1.275,,,,
2026-09-25T23:09:25.435,43.428,0,797.75,36,,97.531,23.137,-1.0,3.125,1.0,1.027,0.008,4750,14.51,12.157,0,,,,,,,,,,,0.0,,
2026-09-25T23:09:25.564,43.557,0,800.0,37,,97.531,22.745,-0.5,3.125,1.0,1.022,0.004,4760,14.51,12.157,0,,,,,,,,,,,,24.314,
2026-09-25T23:09:25.694,43.687,0,791.0,37,,97.531,23.529,-2.0,3.906,1.0,1.024,0.004,4770,14.51,12.157,0,,,,,,,,,,,,,64
2026-09-25T23:09:25.824,43.817,0,796.0,36,,97.531,22.353,0.0,3.906,1.0,1.026,0.008,4700,14.51,12.157,0,95,,,,,,,,,,,,
2026-09-25T23:09:25.954,43.947,0,792.25,37,,97.531,22.745,-1.0,3.906,1.0,1.029,0.012,4720,14.51,12.157,0,,46,,,,,,,,,,,
2026-09-25T23:09:26.084,44.077,0,795.75,36,,97.531,22.745,0.0,4.688,1.0,1.032,0.012,4740,14.51,12.157,0,,,2.344,,,,,,,,,,
2026-09-25T23:09:26.214,44.208,0,795.5,37,,97.531,23.137,-0.5,4.688,1.0,1.035,0.016,4720,14.51,12.157,0,,,,14.394,,,,,,,,,
2026-09-25T23:09:26.344,44.337,0,797.5,37,,97.531,22.745,0.5,5.469,1.0,1.037,0.02,4730,14.51,12.157,0,,,,,98,,,,,,,,
2026-09-25T23:09:26.474,44.468,0,792.25,37,,97.531,23.137,-1.5,5.469,1.0,1.035,0.016,4760,14.51,12.157,0,,,,,,21,,,,,,,
2026-09-25T23:09:26.605,44.598,0,796.0,37,,97.531,23.137,-0.5,5.469,1.0,1.03,0.012,4820,14.51,12.157,0,,,,,,,20.0,,,,,,
2026-09-25T23:09:26.734,44.727,0,792.75,37,,97.531,23.137,-1.5,5.469,1.0,1.034,0.016,4850,14.51,12.157,0,,,,,,,,285.8,,,,,
2026-09-25T23:09:26.864,44.857,0,800.5,37,,97.531,23.529,-1.5,6.25,1.0,1.033,0.016,4940,14.51,12.157,0,,,,,,,,,1.275,,,,
2026-09-25T23:09:26.994,44.987,0,800.5,37,,97.531,23.137,-4.0,6.25,1.0,1.034,0.016,5000,14.51,12.157,0,,,,,,,,,,,0.0,,
2026-09-25T23:09:27.124,45.117,0,796.5,37,,97.531,23.137,-2.5,6.25,1.0,1.031,0.012,4990,14.51,12.157,0,,,,,,,,,,,,24.314,
2026-09-25T23:09:27.254,45.247,0,789.0,37,,97.531,23.137,0.0,6.25,1.0,1.027,0.008,4990,14.51,12.157,0,,,,,,,,,,,,,65
2026-09-25T23:09:27.384,45.377,0,799.75,37,,97.531,23.137,-1.0,6.25,1.0,1.03,0.012,4950,14.51,12.157,0,96,,,,,,,,,,,,
2026-09-25T23:09:27.514,45.507,0,799.0,37,,97.531,23.529,-2.5,7.031,1.0,1.034,0.016,5000,14.51,12.157,0,,46,,,,,,,,,,,
2026-09-25T23:09:27.644,45.638,0,799.0,37,,97.531,23.529,-2.5,7.031,1.0,1.035,0.016,5020,14.51,12.157,0,,,2.344,,,,,,,,,,
2026-09-25T23:09:27.784,45.777,0,794.0,37,,97.531,22.745,-2.0,7.031,1.0,1.028,0.008,5010,14.51,12.157,0,,,,14.316,,,,,,,,,
2026-09-25T23:09:27.914,45.907,0,800.0,37,,97.531,23.137,-1.0,7.031,1.0,1.025,0.004,4950,14.51,12.157,0,,,,,98,,,,,,,,
2026-09-25T23:09:28.044,46.037,0,799.5,37,,97.531,22.745,-2.5,7.031,1.0,1.019,0.0,4930,14.51,12.157,0,,,,,,21,,,,,,,
2026-09-25T23:09:28.174,46.167,0,795.25,37,,97.531,23.137,-2.5,7.031,1.0,1.02,0.0,4860,14.51,12.157,0,,,,,,,20.0,,,,,,
2026-09-25T23:09:28.304,46.297,0,800.75,36,,97.531,23.137,-2.5,7.031,1.0,1.015,-0.004,4810,14.51,12.157,0,,,,,,,,286.2,,,,,
2026-09-25T23:09:28.434,46.427,0,804.0,37,,97.531,22.745,-2.5,7.031,1.0,1.014,-0.008,4800,14.51,12.157,0,,,,,,,,,1.275,,,,
2026-09-25T23:09:28.564,46.557,0,804.75,37,,97.531,23.529,-3.0,7.031,1.0,1.005,-0.016,4880,14.51,12.157,0,,,,,,,,,,,0.0,,
2026-09-25T23:09:28.694,46.687,0,807.0,37,,97.531,23.137,-3.0,7.031,1.0,1.007,-0.012,4960,14.51,12.157,0,,,,,,,,,,,,24.314,
2026-09-25T23:09:28.824,46.817,0,811.0,37,,97.531,23.529,-3.5,7.812,1.0,1.009,-0.012,4990,14.51,12.157,0,,,,,,,,,,,,,67
2026-09-25T23:09:28.954,46.947,0,814.0,37,,97.531,23.137,-4.0,7.031,1.0,1.003,-0.016,4990,14.51,12.157,0,96,,,,,,,,,,,,
2026-09-25T23:09:29.084,47.077,0,813.25,36,,97.531,22.353,-2.5,7.031,1.0,0.999,-0.02,4860,14.51,12.157,0,,46,,,,,,,,,,,
2026-09-25T23:09:29.214,47.207,0,810.25,36,,97.531,22.745,-2.5,7.031,1.0,1.002,-0.02,4750,14.51,12.157,0,,,2.344,,,,,,,,,,
2026-09-25T23:09:29.344,47.337,0,807.25,37,,97.531,22.745,-4.0,7.031,1.0,0.999,-0.023,4760,14.51,12.157,0,,,,14.355,,,,,,,,,
2026-09-25T23:09:29.474,47.467,0,805.0,37,,97.531,23.137,-4.0,7.031,1.0,0.998,-0.027,4790,14.51,12.157,0,,,,,98,,,,,,,,
2026-09-25T23:09:29.604,47.597,0,805.5,36,,97.531,22.745,-2.5,7.031,1.0,0.994,-0.035,4740,14.51,12.549,0,,,,,,21,,,,,,,
2026-09-25T23:09:29.734,47.727,0,807.25,36,,97.531,22.353,-4.0,7.031,1.0,0.99,-0.047,4630,14.51,12.157,0,,,,,,,20.0,,,,,,
2026-09-25T23:09:29.864,47.857,0,799.5,36,,97.531,22.745,-2.5,6.25,1.0,0.988,-0.051,4690,14.51,12.157,0,,,,,,,,286.6,,,,,
2026-09-25T23:09:30.004,47.997,0,806.5,37,,97.531,23.137,-2.5,6.25,1.0,0.991,-0.043,4720,14.51,12.157,0,,,,,,,,,1.275,,,,
2026-09-25T23:09:30.134,48.127,0,811.75,37,,97.531,23.137,-2.5,6.25,1.0,0.987,-0.051,4780,14.51,12.157,0,,,,,,,,,,,0.0,,
2026-09-25T23:09:30.264,48.257,0,806.0,37,,97.531,23.137,-5.0,6.25,1.0,0.986,-0.055,4840,14.51,12.157,0,,,,,,,,,,,,23.529,
2026-09-25T23:09:30.394,48.387,0,803.75,36,,97.531,22.353,-3.5,6.25,1.0,0.987,-0.055,4820,14.51,12.157,0,,,,,,,,,,,,,68
2026-09-25T23:09:30.524,48.517,0,805.75,36,,97.531,22.353,-3.0,6.25,1.0,0.989,-0.047,4720,14.51,12.157,0,96,,,,,,,,,,,,
2026-09-25T23:09:30.654,48.647,0,801.25,37,,97.531,22.353,-3.0,6.25,1.0,0.989,-0.047,4730,14.51,12.157,0,,46,,,,,,,,,,,
2026-09-25T23:09:30.784,48.777,0,797.5,36,,97.531,22.745,-0.5,6.25,1.0,0.99,-0.047,4670,14.51,12.157,0,,,2.344,,,,,,,,,,
2026-09-25T23:09:30.914,48.907,0,797.0,36,,97.531,22.745,-2.0,6.25,1.0,0.993,-0.035,4660,14.51,12.157,0,,,,14.355,,,,,,,,,
2026-09-25T23:09:31.044,49.037,0,799.75,36,,97.531,22.353,0.5,6.25,1.0,0.992,-0.039,4640,14.51,12.157,0,,,,,98,,,,,,,,
2026-09-25T23:09:31.174,49.167,0,790.5,36,,97.531,22.353,-0.5,6.25,1.0,0.996,-0.031,4560,14.51,12.157,0,,,,,,21,,,,,,,
2026-09-25T23:09:31.304,49.298,0,792.0,36,,97.531,22.353,-1.5,6.25,1.0,0.999,-0.023,4560,14.51,12.157,0,,,,,,,20.0,,,,,,
2026-09-25T23:09:31.434,49.427,0,798.25,36,,97.531,22.745,-1.5,6.25,1.0,1.002,-0.02,4620,14.51,12.157,0,,,,,,,,287.0,,,,,
2026-09-25T23:09:31.564,49.557,0,796.5,36,,97.531,22.745,-1.5,6.25,1.0,1.003,-0.016,4660,14.51,12.157,0,,,,,,,,,1.275,,,,
2026-09-25T23:09:31.695,49.688,0,797.0,36,,97.531,22.745,-2.0,6.25,1.0,1.007,-0.012,4650,14.51,12.157,0,,,,,,,,,,,0.0,,
2026-09-25T23:09:31.824,49.818,0,796.0,36,,97.531,22.745,-1.5,7.031,1.0,1.008,-0.012,4640,14.51,12.157,0,,,,,,,,,,,,23.529,
2026-09-25T23:09:31.954,49.947,0,797.75,36,,97.531,23.137,0.0,7.031,1.0,1.01,-0.012,4610,14.51,12.157,0,,,,,,,,,,,,,70
2026-09-25T23:09:32.084,50.077,0,796.5,37,,97.531,22.745,0.0,7.031,1.0,1.009,-0.012,4640,14.51,12.157,0,96,,,,,,,,,,,,
2026-09-25T23:09:32.214,50.207,0,794.5,37,,97.531,23.137,-3.0,7.031,1.0,1.011,-0.008,4700,14.51,12.157,0,,46,,,,,,,,,,,
2026-09-25T23:09:32.344,50.337,0,794.75,36,,97.531,22.353,-0.5,7.031,1.0,1.013,-0.008,4780,14.51,12.549,0,,,2.344,,,,,,,,,,
2026-09-25T23:09:32.474,50.467,0,801.75,37,,97.531,23.529,-2.5,7.031,1.0,1.01,-0.012,4720,14.51,12.157,0,,,,14.335,,,,,,,,,
2026-09-25T23:09:32.604,50.597,0,795.75,36,,97.531,23.137,-2.0,7.031,1.0,1.01,-0.012,4790,14.51,12.157,0,,,,,98,,,,,,,,
2026-09-25T23:09:32.734,50.727,0,790.75,36,,97.531,22.353,0.5,7.031,1.0,1.012,-0.008,4730,14.51,12.549,0,,,,,,21,,,,,,,
2026-09-25T23:09:32.865,50.858,0,800.5,37,,97.531,23.529,-2.5,7.812,1.0,1.013,-0.008,4720,14.51,12.157,0,,,,,,,20.0,,,,,,
2026-09-25T23:09:32.994,50.988,0,796.0,36,,97.531,22.353,0.5,7.812,1.0,1.017,-0.004,4730,14.51,12.549,0,,,,,,,,287.3,,,,,
2026-09-25T23:09:33.124,51.117,0,793.5,37,,97.531,23.529,-4.0,7.812,1.0,1.014,-0.008,4770,14.51,12.157,0,,,,,,,,,1.275,,,,
2026-09-25T23:09:33.254,51.247,0,793.5,37,,97.531,22.353,-2.0,7.812,1.0,1.015,-0.004,4810,14.51,12.157,0,,,,,,,,,,,0.0,,
2026-09-25T23:09:33.384,51.377,0,800.0,36,,97.531,22.745,-1.0,7.812,1.0,1.011,-0.008,4760,14.51,12.157,0,,,,,,,,,,,,23.137,
2026-09-25T23:09:33.514,51.507,0,798.0,36,,97.531,22.353,-1.5,7.812,1.0,1.01,-0.012,4690,14.51,12.157,0,,,,,,,,,,,,,71
2026-09-25T23:09:33.644,51.637,0,792.75,36,,97.531,22.745,-2.0,7.812,1.0,1.008,-0.012,4700,14.51,12.157,0,97,,,,,,,,,,,,
2026-09-25T23:09:33.774,51.767,0,791.5,36,,97.531,22.745,-1.0,7.812,1.0,1.012,-0.008,4670,14.51,12.157,0,,46,,,,,,,,,,,
2026-09-25T23:09:33.904,51.898,0,797.25,37,,97.531,22.745,-1.0,8.594,1.0,1.015,-0.004,4630,14.51,12.157,0,,,2.344,,,,,,,,,,
2026-09-25T23:09:34.034,52.027,0,795.0,36,,97.531,22.745,-2.5,8.594,1.0,1.018,-0.004,4690,14.51,12.157,0,,,,14.355,,,,,,,,,
2026-09-25T23:09:34.164,52.157,0,791.75,36,,97.531,23.137,-1.5,8.594,1.0,1.024,0.004,4710,14.51,12.157,0,,,,,98,,,,,,,,
2026-09-25T23:09:34.295,52.288,0,802.25,36,,97.531,22.745,-2.5,8.594,1.0,1.02,0.0,4720,14.51,12.157,0,,,,,,21,,,,,,,
2026-09-25T23:09:34.424,52.418,0,804.75,36,,97.531,22.745,-2.0,8.594,1.0,1.01,-0.012,4730,14.51,12.157,0,,,,,,,20.0,,,,,,
2026-09-25T23:09:34.554,52.547,0,799.25,36,,97.531,22.745,-2.5,8.594,1.0,1.005,-0.016,4710,14.51,12.157,0,,,,,,,,287.6,,,,,
2026-09-25T23:09:34.684,52.677,0,796.0,36,,97.531,22.745,-2.0,8.594,1.0,1.003,-0.016,4710,14.51,12.157,0,,,,,,,,,1.275,,,,
2026-09-25T23:09:34.814,52.807,0,794.25,37,,97.531,23.137,-2.0,8.594,1.0,1.003,-0.016,4690,14.51,12.157,0,,,,,,,,,,,0.0,,
2026-09-25T23:09:34.944,52.937,0,795.25,36,,97.531,23.137,-2.0,8.594,1.0,1.004,-0.016,4720,14.51,12.157,0,,,,,,,,,,,,23.922,
2026-09-25T23:09:35.074,53.067,0,794.25,37,,97.531,23.137,-3.0,8.594,1.0,1.017,-0.004,4740,14.51,12.157,0,,,,,,,,,,,,,73
2026-09-25T23:09:35.204,53.197,0,798.75,36,,97.531,22.745,-2.0,9.375,1.0,1.012,-0.008,4730,14.51,12.157,0,97,,,,,,,,,,,,
2026-09-25T23:09:35.334,53.327,0,803.5,36,,97.531,22.353,-2.5,8.594,1.0,1.006,-0.016,4690,14.51,12.157,0,,46,,,,,,,,,,,
2026-09-25T23:09:35.464,53.457,0,802.75,36,,97.531,22.745,-3.5,8.594,1.0,0.999,-0.023,4720,14.51,12.157,0,,,2.344,,,,,,,,,,
2026-09-25T23:09:35.594,53.587,0,794.0,36,,97.531,22.353,-1.0,8.594,1.0,0.997,-0.027,4680,14.51,12.157,0,,,,14.414,,,,,,,,,
2026-09-25T23:09:35.724,53.717,0,800.0,36,,97.531,22.745,-1.0,8.594,1.0,0.995,-0.035,4610,14.51,12.157,0,,,,,98,,,,,,,,
2026-09-25T23:09:35.854,53.847,0,804.75,36,,97.531,22.745,-2.5,8.594,1.0,0.991,-0.043,4620,14.51,12.157,0,,,,,,21,,,,,,,
2026-09-25T23:09:35.985,53.978,0,795.0,36,,97.531,22.745,-2.5,7.812,1.0,0.991,-0.043,4620,14.51,12.157,0,,,,,,,20.0,,,,,,
2026-09-25T23:09:36.114,54.107,0,799.0,36,,97.531,22.353,-2.0,7.812,1.0,0.987,-0.055,4580,14.51,12.157,0,,,,,,,,288.0,,,,,
2026-09-25T23:09:36.245,54.238,0,804.0,36,,97.531,23.137,-1.0,7.812,1.0,0.983,-0.062,4580,14.51,12.157,0,,,,,,,,,1.275,,,,
2026-09-25T23:09:36.374,54.367,0,803.25,36,,97.531,22.353,-2.0,7.812,1.0,0.98,-0.07,4600,14.51,12.157,0,,,,,,,,,,,0.0,,
2026-09-25T23:09:36.504,54.497,0,796.5,36,,97.531,22.353,-2.0,7.031,1.0,0.978,-0.078,4580,14.51,12.157,0,,,,,,,,,,,,24.706,
2026-09-25T23:09:36.634,54.627,0,797.5,37,,97.531,23.529,-4.0,7.031,1.0,0.979,-0.074,4650,14.51,12.157,0,,,,,,,,,,,,,74
2026-09-25T23:09:36.764,54.757,0,803.25,36,,97.531,22.353,-2.0,7.031,1.0,0.978,-0.078,4650,14.51,12.157,0,97,,,,,,,,,,,,
2026-09-25T23:09:36.894,54.887,0,805.75,36,,97.531,22.353,-2.5,7.031,1.0,0.977,-0.082,4630,14.51,12.157,0,,46,,,,,,,,,,,
2026-09-25T23:09:37.024,55.017,0,799.5,36,,97.531,22.745,-2.5,6.25,1.0,0.975,-0.086,4620,14.51,12.157,0,,,2.344,,,,,,,,,,
2026-09-25T23:09:37.154,55.147,0,802.0,36,,97.531,22.745,-2.5,6.25,1.0,0.976,-0.086,4650,14.51,12.157,0,,,,14.335,,,,,,,,,
2026-09-25T23:09:37.284,55.277,0,801.25,36,,97.531,22.745,-3.5,5.469,1.0,0.973,-0.09,4690,14.51,12.157,0,,,,,98,,,,,,,,
2026-09-25T23:09:37.414,55.407,0,804.75,36,,97.531,22.745,-3.0,6.25,1.0,0.979,-0.074,4730,14.51,12.157,0,,,,,,21,,,,,,,
2026-09-25T23:09:37.544,55.537,0,797.0,36,,97.531,22.353,-2.0,6.25,1.0,0.981,-0.066,4730,14.51,12.157,0,,,,,,,20.0,,,,,,
2026-09-25T23:09:37.674,55.668,0,797.75,36,,97.531,22.353,-1.5,6.25,1.0,0.984,-0.062,4640,14.51,12.157,0,,,,,,,,288.3,,,,,
2026-09-25T23:09:37.804,55.798,0,798.5,36,,97.531,23.137,-3.0,6.25,1.0,0.984,-0.062,4640,14.51,12.157,0,,,,,,,,,1.275,,,,
2026-09-25T23:09:37.934,55.927,0,794.75,36,,97.531,22.745,-2.0,5.469,1.0,0.986,-0.055,4720,14.51,12.157,0,,,,,,,,,,,0.0,,
2026-09-25T23:09:38.064,56.057,0,800.75,37,,97.531,23.137,-2.5,5.469,1.0,0.986,-0.055,4750,14.51,12.157,0,,,,,,,,,,,,24.314,
2026-09-25T23:09:38.194,56.188,0,800.5,37,,97.531,23.137,-4.0,5.469,1.0,0.987,-0.051,4790,14.51,12.157,0,,,,,,,,,,,,,76
2026-09-25T23:09:38.324,56.318,0,802.25,37,,97.531,23.137,-3.0,5.469,1.0,0.989,-0.047,4840,14.51,12.157,0,97,,,,,,,,,,,,
2026-09-25T23:09:38.454,56.447,0,798.25,37,,97.531,23.137,-2.5,6.25,1.0,0.992,-0.043,4850,14.51,12.157,0,,46,,,,,,,,,,,
2026-09-25T23:09:38.584,56.577,0,794.75,37,,97.531,23.137,-2.5,6.25,1.0,0.994,-0.035,4860,14.51,12.157,0,,,2.344,,,,,,,,,,
2026-09-25T23:09:38.714,56.707,0,798.0,37,,97.531,23.137,-1.0,6.25,1.0,0.998,-0.023,4850,14.51,12.157,0,,,,14.355,,,,,,,,,
2026-09-25T23:09:38.844,56.837,0,800.75,37,,97.531,23.137,-2.0,6.25,1.0,0.999,-0.023,4840,14.51,12.157,0,,,,,98,,,,,,,,
2026-09-25T23:09:38.974,56.967,0,795.75,37,,97.531,23.137,-2.0,6.25,1.0,1.003,-0.016,4810,14.51,12.157,0,,,,,,21,,,,,,,
2026-09-25T23:09:39.104,57.097,0,794.75,36,,97.531,22.745,0.0,6.25,1.0,1.0,-0.02,4740,14.51,12.157,0,,,,,,,20.0,,,,,,
2026-09-25T23:09:39.234,57.227,0,802.5,36,,97.531,22.745,-3.0,6.25,1.0,1.002,-0.02,4730,14.51,12.157,0,,,,,,,,288.7,,,,,
2026-09-25T23:09:39.364,57.357,0,799.75,37,,97.531,22.745,-2.5,6.25,1.0,1.006,-0.016,4790,14.51,12.157,0,,,,,,,,,1.275,,,,
2026-09-25T23:09:39.494,57.488,0,800.0,37,,97.531,22.745,-2.5,6.25,1.0,1.007,-0.012,4780,14.51,12.157,0,,,,,,,,,,,0.0,,
2026-09-25T23:09:39.624,57.617,0,795.5,36,,97.531,22.745,-1.0,6.25,1.0,1.007,-0.012,4730,14.51,12.157,0,,,,,,,,,,,,23.529,
2026-09-25T23:09:39.754,57.747,0,797.5,36,,97.531,22.745,-0.5,6.25,1.0,1.003,-0.016,4710,14.51,12.157,0,,,,,,,,,,,,,78
2026-09-25T23:09:39.884,57.877,0,789.75,36,,97.531,22.745,-1.0,6.25,1.0,1.004,-0.016,4640,14.51,12.157,0,97,,,,,,,,,,,,
2026-09-25T23:09:40.014,58.007,0,797.5,36,,97.531,23.137,-2.0,6.25,1.0,1.004,-0.016,4720,14.51,12.157,0,,46,,,,,,,,,,,
2026-09-25T23:09:40.144,58.137,0,799.75,37,,97.531,23.529,-1.5,6.25,1.0,1.001,-0.02,4790,14.51,12.157,0,,,2.344,,,,,,,,,,
2026-09-25T23:09:40.274,58.267,0,804.75,37,,97.531,23.137,-3.5,6.25,1.0,1.003,-0.016,4830,14.51,12.157,0,,,,14.238,,,,,,,,,
2026-09-25T23:09:40.404,58.397,0,797.25,37,,97.531,22.745,-3.0,6.25,1.0,1.003,-0.016,4850,14.51,12.157,0,,,,,98,,,,,,,,
2026-09-25T23:09:40.534,58.527,0,796.75,37,,97.531,23.137,-2.0,6.25,1.0,1.003,-0.016,4810,14.51,12.157,0,,,,,,21,,,,,,,
2026-09-25T23:09:40.664,58.657,0,800.5,36,,97.531,22.353,-1.0,7.031,1.0,1.007,-0.012,4740,14.51,12.157,0,,,,,,,20.0,,,,,,
2026-09-25T23:09:40.794,58.787,0,801.25,37,,97.531,23.922,-4.0,7.031,1.0,1.012,-0.008,4730,14.51,12.157,0,,,,,,,,289.1,,,,,
2026-09-25T23:09:40.924,58.917,0,804.25,36,,97.531,22.745,-2.5,7.031,1.0,1.007,-0.012,4760,14.51,12.157,0,,,,,,,,,1.275,,,,
2026-09-25T23:09:41.054,59.047,0,805.5,36,,97.531,22.745,-2.5,7.031,1.0,1.011,-0.008,4650,14.51,12.157,0,,,,,,,,,,,0.0,,
2026-09-25T23:09:41.184,59.178,0,805.0,36,,97.531,22.745,-2.0,7.031,1.0,1.008,-0.012,4610,14.51,12.157,0,,,,,,,,,,,,23.529,
2026-09-25T23:09:41.314,59.307,0,795.5,36,,97.531,22.353,-2.5,7.031,1.0,1.005,-0.016,4610,14.51,12.157,0,,,,,,,,,,,,,79
2026-09-25T23:09:41.444,59.437,0,796.0,37,,97.531,23.137,-1.5,7.031,1.0,1.005,-0.016,4630,14.51,12.157,0,97,,,,,,,,,,,,
2026-09-25T23:09:41.575,59.568,0,797.25,37,,97.531,22.745,-1.5,7.031,1.0,1.003,-0.016,4740,14.51,12.157,0,,46,,,,,,,,,,,
2026-09-25T23:09:41.704,59.697,0,800.0,37,,97.531,22.745,-1.0,7.031,1.0,1.006,-0.016,4770,14.51,12.157,0,,,2.344,,,,,,,,,,
2026-09-25T23:09:41.834,59.827,0,797.25,37,,97.531,22.745,-2.0,7.031,1.0,1.001,-0.02,4750,14.51,12.157,0,,,,14.375,,,,,,,,,
2026-09-25T23:09:41.964,59.957,0,797.25,37,,97.531,23.529,-4.0,7.031,1.0,1.003,-0.016,4800,14.51,12.157,0,,,,,98,,,,,,,,
2026-09-25T23:09:42.094,60.087,0,795.0,37,,97.531,22.745,-2.5,7.031,1.0,1.005,-0.016,4830,14.51,12.157,0,,,,,,21,,,,,,,
2026-09-25T23:09:42.224,60.217,0,796.0,36,,97.531,22.745,-1.0,7.031,1.0,1.001,-0.02,4780,14.51,12.157,0,,,,,,,20.0,,,,,,
2026-09-25T23:09:42.354,60.347,0,795.0,37,,97.531,23.137,-2.5,7.031,1.0,1.006,-0.016,4770,14.51,12.157,0,,,,,,,,289.5,,,,,
2026-09-25T23:09:42.484,60.477,0,794.75,36,,97.531,22.745,-2.0,7.031,1.0,1.006,-0.016,4790,14.51,12.157,0,,,,,,,,,1.275,,,,
2026-09-25T23:09:42.614,60.607,0,801.75,37,,97.531,23.137,-2.0,7.031,1.0,1.01,-0.012,4760,14.51,12.157,0,,,,,,,,,,,0.0,,
2026-09-25T23:09:42.744,60.737,0,798.25,37,,97.531,22.745,-2.0,7.812,1.0,1.008,-0.012,4760,14.51,12.157,0,,,,,,,,,,,,23.529,
2026-09-25T23:09:42.874,60.868,0,794.5,37,,97.531,23.137,-2.5,7.812,1.0,1.009,-0.012,4770,14.51,12.157,0,,,,,,,,,,,,,81
2026-09-25T23:09:43.014,61.007,0,801.5,37,,97.531,22.745,-3.0,7.812,1.0,1.003,-0.016,4790,14.51,12.157,0,98,,,,,,,,,,,,
2026-09-25T23:09:43.144,61.137,0,798.75,36,,97.531,23.137,-2.5,7.812,1.0,1.005,-0.016,4770,14.51,12.157,0,,46,,,,,,,,,,,
2026-09-25T23:09:43.274,61.267,0,799.0,37,,97.531,22.745,-2.5,7.812,1.0,1.002,-0.02,4760,14.51,12.157,0,,,2.344,,,,,,,,,,
2026-09-25T23:09:43.404,61.397,0,791.0,36,,97.531,22.745,-2.5,7.812,1.0,1.003,-0.016,4780,14.51,12.157,0,,,,14.375,,,,,,,,,
2026-09-25T23:09:43.534,61.527,0,800.75,37,,97.531,23.137,-1.5,7.812,1.0,1.006,-0.016,4780,14.51,12.157,0,,,,,98,,,,,,,,
2026-09-25T23:09:43.664,61.658,0,801.0,36,,97.531,22.745,-1.5,7.812,1.0,1.005,-0.016,4770,14.51,12.157,0,,,,,,21,,,,,,,
2026-09-25T23:09:43.794,61.787,0,794.75,36,,97.531,23.137,-3.0,7.812,1.0,1.002,-0.02,4750,14.51,12.157,0,,,,,,,20.0,,,,,,
2026-09-25T23:09:43.924,61.917,0,805.25,37,,97.531,22.745,-3.0,7.812,1.0,1.001,-0.02,4760,14.51,12.157,0,,,,,,,,289.9,,,,,
2026-09-25T23:09:44.054,62.047,0,803.25,36,,97.531,22.745,-2.0,7.812,1.0,1.002,-0.02,4770,14.51,12.157,0,,,,,,,,,1.275,,,,
2026-09-25T23:09:44.184,62.178,0,804.0,36,,97.531,22.745,-2.5,7.812,1.0,0.999,-0.023,4750,14.51,12.157,0,,,,,,,,,,,0.0,,
2026-09-25T23:09:44.315,62.308,0,802.25,36,,97.531,22.353,-3.0,7.812,1.0,1.001,-0.02,4730,14.51,12.157,0,,,,,,,,,,,,23.922,
2026-09-25T23:09:44.444,62.438,0,798.5,37,,97.531,23.137,-2.5,7.812,1.0,1.005,-0.016,4740,14.51,12.157,0,,,,,,,,,,,,,82
2026-09-25T23:09:44.575,62.568,0,805.5,37,,97.531,22.745,-3.5,7.812,1.0,1.005,-0.016,4850,14.51,12.157,0,98,,,,,,,,,,,,
2026-09-25T23:09:44.704,62.697,0,804.0,37,,97.531,23.529,-3.5,7.812,1.0,1.004,-0.016,4870,14.51,12.157,0,,46,,,,,,,,,,,
2026-09-25T23:09:44.834,62.827,0,800.25,37,,97.531,23.137,-3.0,7.812,1.0,0.998,-0.027,4870,14.51,12.157,0,,,1.562,,,,,,,,,,
2026-09-25T23:09:44.964,62.957,0,797.0,37,,97.531,23.137,-3.0,7.812,1.0,0.998,-0.023,4800,14.51,12.157,0,,,,14.296,,,,,,,,,
2026-09-25T23:09:45.094,63.087,0,800.25,37,,97.531,22.745,-3.0,7.812,1.0,0.997,-0.027,4770,14.51,12.157,0,,,,,98,,,,,,,,
2026-09-25T23:09:45.224,63.217,0,794.75,36,,97.531,22.745,-1.0,7.812,1.0,0.997,-0.027,4710,14.51,12.157,0,,,,,,21,,,,,,,
2026-09-25T23:09:45.354,63.347,0,793.75,36,,97.531,22.353,-1.0,7.812,1.0,0.999,-0.02,4690,14.51,12.157,0,,,,,,,20.0,,,,,,
2026-09-25T23:09:45.484,63.477,0,798.25,36,,97.531,22.353,-2.0,7.812,1.0,1.0,-0.02,4620,14.51,12.157,0,,,,,,,,290.3,,,,,
2026-09-25T23:09:45.614,63.607,0,804.75,36,,97.531,23.137,-2.5,7.812,1.0,0.999,-0.023,4620,14.51,12.157,0,,,,,,,,,1.275,,,,
2026-09-25T23:09:45.744,63.737,0,799.75,37,,97.531,22.353,-2.5,7.812,1.0,0.997,-0.027,4720,14.51,12.157,0,,,,,,,,,,,0.0,,
2026-09-25T23:09:45.874,63.868,0,798.0,36,,97.531,22.745,-2.5,7.812,1.0,0.998,-0.023,4690,14.51,12.157,0,,,,,,,,,,,,23.529,
2026-09-25T23:09:46.004,63.997,0,803.75,36,,97.531,22.745,-2.5,7.031,1.0,0.993,-0.035,4640,14.51,12.157,0,,,,,,,,,,,,,84
2026-09-25T23:09:46.134,64.127,0,806.75,36,,97.531,22.745,-2.0,7.031,1.0,0.994,-0.035,4640,14.51,12.157,0,98,,,,,,,,,,,,
2026-09-25T23:09:46.264,64.257,0,803.5,37,,97.531,22.745,-2.5,7.031,1.0,0.997,-0.027,4690,14.51,12.157,0,,46,,,,,,,,,,,
2026-09-25T23:09:46.394,64.387,0,805.75,36,,97.531,22.745,-3.5,7.031,1.0,0.996,-0.031,4720,14.51,12.157,0,,,2.344,,,,,,,,,,
2026-09-25T23:09:46.524,64.518,0,808.25,36,,97.531,22.745,-4.0,7.031,1.0,0.995,-0.031,4710,14.51,12.157,0,,,,14.335,,,,,,,,,
2026-09-25T23:09:46.654,64.648,0,805.75,36,,97.531,21.961,-2.0,7.031,1.0,0.993,-0.039,4660,14.51,12.157,0,,,,,98,,,,,,,,
2026-09-25T23:09:46.784,64.778,0,797.0,36,,97.531,22.353,-1.0,7.031,1.0,0.994,-0.035,4550,14.51,12.157,0,,,,,,21,,,,,,,
2026-09-25T23:09:46.914,64.907,0,802.5,36,,97.531,23.137,-3.5,7.031,1.0,0.996,-0.031,4570,14.51,12.157,0,,,,,,,20.0,,,,,,
2026-09-25T23:09:47.044,65.037,0,799.5,36,,97.531,22.745,-2.0,7.031,1.0,0.996,-0.027,4530,14.51,12.157,0,,,,,,,,290.7,,,,,
2026-09-25T23:09:47.174,65.167,0,799.75,36,,97.531,22.353,-2.0,7.031,1.0,0.997,-0.027,4520,14.51,12.157,0,,,,,,,,,1.275,,,,
2026-09-25T23:09:47.304,65.297,0,796.75,36,,97.531,22.353,-2.0,7.031,1.0,0.996,-0.027,4550,14.51,12.157,0,,,,,,,,,,,0.0,,
2026-09-25T23:09:47.434,65.427,0,795.5,36,,97.531,22.745,-1.5,7.031,1.0,0.996,-0.031,4510,14.51,12.157,0,,,,,,,,,,,,23.529,
2026-09-25T23:09:47.564,65.557,0,798.0,36,,97.531,22.353,-1.5,7.031,1.0,0.995,-0.031,4530,14.51,12.157,0,,,,,,,,,,,,,85
2026-09-25T23:09:47.694,65.687,0,796.25,36,,97.531,22.745,-1.5,7.031,1.0,0.996,-0.031,4540,14.51,12.157,0,98,,,,,,,,,,,,
2026-09-25T23:09:47.824,65.817,0,796.0,36,,97.531,22.745,-2.0,7.031,1.0,0.995,-0.035,4560,14.51,12.157,0,,46,,,,,,,,,,,
2026-09-25T23:09:47.954,65.947,0,797.5,36,,97.531,22.745,0.5,7.031,1.0,0.995,-0.031,4570,14.51,12.157,0,,,1.562,,,,,,,,,,
2026-09-25T23:09:48.084,66.077,0,800.0,36,,97.531,22.353,-2.0,7.031,1.0,0.996,-0.031,4580,14.51,12.157,0,,,,14.316,,,,,,,,,
2026-09-25T23:09:48.215,66.208,0,797.25,36,,97.531,21.961,-1.0,7.031,1.0,0.993,-0.035,4570,14.51,12.157,0,,,,,98,,,,,,,,
2026-09-25T23:09:48.344,66.337,0,798.75,36,,97.531,22.745,-1.5,7.031,1.0,0.996,-0.031,4530,14.51,12.157,0,,,,,,21,,,,,,,
2026-09-25T23:09:48.474,66.467,0,797.5,36,,97.531,22.745,-2.5,7.031,1.0,0.997,-0.027,4610,14.51,12.157,0,,,,,,,20.0,,,,,,
2026-09-25T23:09:48.604,66.597,0,802.25,37,,97.531,23.137,-3.5,7.031,1.0,0.998,-0.023,4690,14.51,12.157,0,,,,,,,,291.1,,,,,
2026-09-25T23:09:48.734,66.727,0,797.5,37,,97.531,23.137,-3.0,7.031,1.0,0.996,-0.027,4740,14.51,12.157,0,,,,,,,,,0.39,,,,
2026-09-25T23:09:48.864,66.857,0,792.25,36,,97.531,22.745,-1.0,7.031,1.0,0.997,-0.027,4730,14.51,12.157,0,,,,,,,,,,,0.0,,
2026-09-25T23:09:48.994,66.987,0,796.75,36,,97.531,22.745,-1.0,7.031,1.0,0.998,-0.023,4690,14.51,12.157,0,,,,,,,,,,,,23.137,
2026-09-25T23:09:49.124,67.117,0,799.25,36,,97.531,22.353,-1.0,7.031,1.0,0.999,-0.023,4620,14.51,12.157,0,,,,,,,,,,,,,87
2026-09-25T23:09:49.254,67.247,0,797.25,36,,97.531,22.745,-2.0,7.031,1.0,1.0,-0.02,4610,14.51,12.157,0,98,,,,,,,,,,,,
2026-09-25T23:09:49.384,67.377,0,802.75,36,,97.531,22.353,-2.5,7.031,1.0,0.999,-0.023,4610,14.51,12.157,0,,46,,,,,,,,,,,
2026-09-25T23:09:49.514,67.507,0,805.5,36,,97.531,22.745,-3.0,7.031,1.0,0.999,-0.023,4620,14.51,12.157,0,,,2.344,,,,,,,,,,
2026-09-25T23:09:49.644,67.637,0,803.75,36,,97.531,22.353,-2.5,7.031,1.0,0.997,-0.027,4640,14.51,12.157,0,,,,14.375,,,,,,,,,
2026-09-25T23:09:49.774,67.768,0,800.25,36,,97.531,22.745,-2.5,7.031,1.0,0.998,-0.023,4630,14.51,12.157,0,,,,,98,,,,,,,,
2026-09-25T23:09:49.904,67.897,0,806.75,36,,97.531,22.745,-3.0,7.031,1.0,0.997,-0.027,4660,14.51,12.157,0,,,,,,21,,,,,,,
2026-09-25T23:09:50.034,68.027,0,802.0,36,,97.531,22.353,-1.5,7.031,1.0,0.997,-0.027,4630,14.51,12.157,0,,,,,,,20.0,,,,,,
2026-09-25T23:09:50.165,68.158,0,796.5,36,,97.531,22.745,-2.5,7.031,1.0,0.998,-0.023,4640,14.51,12.157,0,,,,,,,,291.5,,,,,
2026-09-25T23:09:50.294,68.287,0,796.5,36,,97.531,22.353,-2.5,7.031,1.0,0.998,-0.023,4620,14.51,12.157,0,,,,,,,,,0.455,,,,
2026-09-25T23:09:50.424,68.417,0,799.75,36,,97.531,22.745,-2.0,7.031,1.0,0.999,-0.023,4570,14.51,12.157,0,,,,,,,,,,,0.0,,
2026-09-25T23:09:50.554,68.547,0,802.25,36,,97.531,21.961,-2.0,7.031,1.0,0.997,-0.027,4530,14.51,12.157,0,,,,,,,,,,,,23.137,
2026-09-25T23:09:50.684,68.677,0,792.5,36,,97.531,22.353,0.5,7.031,1.0,0.997,-0.027,4470,14.51,12.157,0,,,,,,,,,,,,,89
2026-09-25T23:09:50.813,68.807,0,798.25,36,,97.531,22.745,-2.5,7.031,1.0,0.997,-0.027,4500,14.51,12.157,0,99,,,,,,,,,,,,
2026-09-25T23:09:50.944,68.937,0,795.5,36,,97.531,22.745,-1.0,7.031,1.0,0.996,-0.031,4520,14.51,12.157,0,,46,,,,,,,,,,,
2026-09-25T23:09:51.074,69.067,0,802.5,36,,97.531,22.745,-2.5,7.031,1.0,0.996,-0.031,4580,14.51,12.157,0,,,1.562,,,,,,,,,,
2026-09-25T23:09:51.204,69.198,0,798.75,36,,97.531,22.353,-3.5,6.25,1.0,0.992,-0.039,4610,14.51,12.157,0,,,,14.375,,,,,,,,,
2026-09-25T23:09:51.334,69.327,0,803.0,37,,97.531,23.137,-2.5,6.25,1.0,0.994,-0.035,4660,14.51,12.157,0,,,,,98,,,,,,,,
2026-09-25T23:09:51.464,69.457,0,809.5,36,,97.531,21.961,-2.0,6.25,1.0,0.994,-0.035,4640,14.51,12.157,0,,,,,,21,,,,,,,
2026-09-25T23:09:51.594,69.587,0,801.75,36,,97.531,22.745,-2.5,6.25,1.0,0.995,-0.031,4590,14.51,12.157,0,,,,,,,20.0,,,,,,
2026-09-25T23:09:51.724,69.718,0,807.0,36,,97.531,22.353,-3.0,6.25,1.0,0.995,-0.035,4620,14.51,12.157,0,,,,,,,,291.8,,,,,
2026-09-25T23:09:51.854,69.847,0,806.25,36,,97.531,22.745,-3.5,6.25,1.0,0.995,-0.031,4660,14.51,12.157,0,,,,,,,,,0.415,,,,
2026-09-25T23:09:51.984,69.977,0,804.5,36,,97.531,22.745,-4.0,6.25,1.0,0.994,-0.035,4710,14.51,12.157,0,,,,,,,,,,,0.0,,
2026-09-25T23:09:52.114,70.107,0,801.75,36,,97.531,22.353,-3.5,6.25,1.0,0.995,-0.031,4700,14.51,12.157,0,,,,,,,,,,,,23.529,
2026-09-25T23:09:52.244,70.238,0,805.25,36,,97.531,22.353,-3.5,6.25,1.0,0.995,-0.031,4640,14.51,12.157,0,,,,,,,,,,,,,90
2026-09-25T23:09:52.374,70.367,0,800.75,36,,97.531,21.961,-1.0,6.25,1.0,0.994,-0.035,4500,14.51,12.157,0,99,,,,,,,,,,,,
2026-09-25T23:09:52.504,70.497,0,798.25,36,,97.531,22.745,-2.5,6.25,1.0,0.996,-0.031,4450,14.51,12.157,0,,46,,,,,,,,,,,
2026-09-25T23:09:52.635,70.628,0,797.5,36,,97.531,22.745,-2.5,6.25,1.0,0.997,-0.027,4510,14.51,12.157,0,,,1.562,,,,,,,,,,
2026-09-25T23:09:52.764,70.757,0,799.0,37,,97.531,22.745,-3.0,6.25,1.0,0.999,-0.023,4600,14.51,12.157,0,,,,14.277,,,,,,,,,
2026-09-25T23:09:52.893,70.887,0,798.25,36,,97.531,22.745,-3.0,6.25,1.0,0.998,-0.027,4640,14.51,12.157,0,,,,,98,,,,,,,,
2026-09-25T23:09:53.024,71.017,0,797.5,36,,97.531,21.961,-2.5,6.25,1.0,0.996,-0.031,4600,14.51,12.157,0,,,,,,21,,,,,,,
2026-09-25T23:09:53.164,71.157,0,798.75,36,,97.531,22.745,-2.5,6.25,1.0,0.996,-0.031,4590,14.51,12.157,0,,,,,,,20.0,,,,,,
2026-09-25T23:09:53.294,71.287,0,796.0,36,,97.531,22.353,-3.0,6.25,1.0,0.995,-0.031,4590,14.51,12.157,0,,,,,,,,292.3,,,,,
2026-09-25T23:09:53.425,71.418,0,799.5,36,,97.531,22.353,-1.0,6.25,1.0,0.996,-0.027,4540,14.51,12.157,0,,,,,,,,,0.56,,,,
2026-09-25T23:09:53.554,71.547,0,799.0,35,,97.531,21.961,1.0,6.25,1.0,0.995,-0.035,4490,14.51,12.157,0,,,,,,,,,,,0.0,,
2026-09-25T23:09:53.684,71.677,0,787.5,37,,97.531,23.137,-1.5,6.25,1.0,0.995,-0.031,4480,14.51,12.157,0,,,,,,,,,,,,23.137,
2026-09-25T23:09:53.813,71.807,0,793.75,36,,97.531,22.353,-1.0,6.25,1.0,0.995,-0.031,4460,14.51,12.157,0,,,,,,,,,,,,,92
2026-09-25T23:09:53.944,71.937,0,800.0,36,,97.531,22.353,-0.5,6.25,1.0,0.995,-0.035,4460,14.51,12.157,0,99,,,,,,,,,,,,
2026-09-25T23:09:54.073,72.067,0,797.0,36,,97.531,22.353,-2.5,6.25,1.0,0.993,-0.039,4490,14.51,12.157,0,,46,,,,,,,,,,,
2026-09-25T23:09:54.204,72.197,0,798.0,36,,97.531,21.961,-1.0,6.25,1.0,0.993,-0.039,4520,14.51,12.157,0,,,2.344,,,,,,,,,,
2026-09-25T23:09:54.334,72.327,0,797.25,36,,97.531,22.353,-1.5,6.25,1.0,0.996,-0.031,4520,14.51,12.157,0,,,,14.375,,,,,,,,,
2026-09-25T23:09:54.464,72.457,0,795.75,36,,97.531,21.961,-2.0,6.25,1.0,0.995,-0.031,4500,14.51,12.157,0,,,,,98,,,,,,,,
2026-09-25T23:09:54.595,72.588,0,798.25,36,,97.531,22.745,-1.5,6.25,1.0,0.996,-0.031,4490,14.51,12.157,0,,,,,,21,,,,,,,
2026-09-25T23:09:54.724,72.717,0,801.25,36,,97.531,22.353,-2.0,5.469,1.0,0.994,-0.035,4480,14.51,12.157,0,,,,,,,20.0,,,,,,
2026-09-25T23:09:54.854,72.847,0,796.25,36,,97.531,22.353,-1.0,5.469,1.0,0.996,-0.031,4470,14.51,12.157,0,,,,,,,,292.6,,,,,
2026-09-25T23:09:54.984,72.977,0,799.25,36,,97.531,22.353,-1.5,5.469,1.0,0.995,-0.031,4480,14.51,12.157,0,,,,,,,,,0.66,,,,
2026-09-25T23:09:55.113,73.107,0,794.0,36,,97.531,22.353,-2.0,5.469,1.0,0.995,-0.035,4470,14.51,12.157,0,,,,,,,,,,,0.0,,
2026-09-25T23:09:55.244,73.237,0,792.0,36,,97.531,22.353,-1.0,5.469,1.0,0.994,-0.035,4450,14.51,12.157,0,,,,,,,,,,,,23.137,
2026-09-25T23:09:55.374,73.367,0,799.75,36,,97.531,22.353,-1.0,5.469,1.0,0.995,-0.031,4440,14.51,12.157,0,,,,,,,,,,,,,93
2026-09-25T23:09:55.503,73.497,0,799.5,36,,97.531,22.353,-1.0,5.469,1.0,0.996,-0.031,4450,14.51,12.157,0,99,,,,,,,,,,,,
2026-09-25T23:09:55.634,73.627,0,797.25,36,,97.531,22.353,-1.0,5.469,1.0,0.996,-0.031,4430,14.51,12.157,0,,46,,,,,,,,,,,
2026-09-25T23:09:55.764,73.757,0,804.0,36,,97.531,22.745,-2.0,5.469,1.0,0.997,-0.027,4460,14.51,12.157,0,,,1.562,,,,,,,,,,
2026-09-25T23:09:55.894,73.888,0,803.0,36,,97.531,22.353,-3.0,5.469,1.0,0.997,-0.027,4530,14.51,12.157,0,,,,14.335,,,,,,,,,
2026-09-25T23:09:56.024,74.017,0,798.0,36,,97.531,22.353,-2.5,5.469,1.0,0.996,-0.027,4530,14.51,12.157,0,,,,,98,,,,,,,,
2026-09-25T23:09:56.154,74.147,0,800.0,36,,97.531,21.961,-2.5,5.469,1.0,0.995,-0.035,4540,14.51,12.157,0,,,,,,21,,,,,,,
2026-09-25T23:09:56.284,74.278,0,800.0,36,,97.531,21.961,-2.5,5.469,1.0,0.99,-0.047,4500,14.51,12.157,0,,,,,,,20.0,,,,,,
2026-09-25T23:09:56.414,74.407,0,794.5,35,,97.531,21.961,0.0,5.469,1.0,0.991,-0.043,4390,14.51,12.157,0,,,,,,,,293.0,,,,,
2026-09-25T23:09:56.544,74.537,0,791.0,35,,97.531,21.961,0.5,5.469,1.0,0.992,-0.039,4290,14.51,12.157,0,,,,,,,,,0.67,,,,
2026-09-25T23:09:56.674,74.667,0,786.75,36,,97.531,22.745,0.0,5.469,1.0,0.996,-0.031,4290,14.51,12.157,0,,,,,,,,,,,0.0,,
2026-09-25T23:09:56.804,74.797,0,796.0,36,,97.531,21.961,1.0,5.469,1.0,0.998,-0.027,4310,14.51,12.157,0,,,,,,,,,,,,23.529,
2026-09-25T23:09:56.934,74.927,0,799.5,36,,97.531,22.745,-2.0,5.469,1.0,1.0,-0.02,4400,14.51,12.157,0,,,,,,,,,,,,,95
2026-09-25T23:09:57.064,75.057,0,793.75,36,,97.531,21.961,-1.5,5.469,1.0,1.002,-0.02,4510,14.51,12.157,0,99,,,,,,,,,,,,
2026-09-25T23:09:57.194,75.187,0,801.25,36,,97.531,22.353,-1.5,5.469,1.0,0.999,-0.023,4520,14.51,12.157,0,,46,,,,,,,,,,,
2026-09-25T23:09:57.324,75.318,0,801.25,36,,97.531,22.745,-1.5,5.469,1.0,0.995,-0.031,4560,14.51,12.157,0,,,1.562,,,,,,,,,,
2026-09-25T23:09:57.454,75.448,0,797.25,36,,97.531,22.353,-2.5,5.469,1.0,0.993,-0.035,4540,14.51,12.157,0,,,,14.335,,,,,,,,,
2026-09-25T23:09:57.584,75.578,0,792.0,36,,97.531,22.353,-1.5,5.469,1.0,0.995,-0.031,4540,14.51,12.157,0,,,,,98,,,,,,,,
2026-09-25T23:09:57.714,75.708,0,801.0,36,,97.531,21.961,-1.5,5.469,1.0,0.997,-0.027,4560,14.51,12.157,0,,,,,,21,,,,,,,
2026-09-25T23:09:57.844,75.837,0,804.75,36,,97.531,21.961,-1.0,5.469,1.0,0.997,-0.027,4540,14.51,12.157,0,,,,,,,20.0,,,,,,
2026-09-25T23:09:57.973,75.967,0,799.5,35,,97.531,21.961,-1.5,5.469,1.0,0.999,-0.023,4490,14.51,12.157,0,,,,,,,,293.4,,,,,
2026-09-25T23:09:58.104,76.097,0,799.5,36,,97.531,22.353,-2.5,5.469,1.0,0.998,-0.023,4450,14.51,12.157,0,,,,,,,,,0.67,,,,
2026-09-25T23:09:58.234,76.227,0,801.5,36,,97.531,22.353,-1.5,5.469,1.0,0.998,-0.023,4450,14.51,12.157,0,,,,,,,,,,,0.0,,
2026-09-25T23:09:58.363,76.357,0,802.25,36,,97.531,22.745,-2.5,5.469,1.0,0.996,-0.027,4470,14.51,12.157,0,,,,,,,,,,,,23.137,
2026-09-25T23:09:58.494,76.487,0,795.0,36,,97.531,22.353,-3.0,5.469,1.0,0.998,-0.027,4530,14.51,12.157,0,,,,,,,,,,,,,96
2026-09-25T23:09:58.624,76.617,0,802.25,35,,97.531,21.961,-2.0,5.469,1.0,0.997,-0.027,4460,14.51,12.157,0,99,,,,,,,,,,,,
2026-09-25T23:09:58.753,76.747,0,797.5,36,,97.531,22.353,-1.5,5.469,1.0,0.996,-0.031,4410,14.51,12.157,0,,46,,,,,,,,,,,
2026-09-25T23:09:58.884,76.877,0,798.25,36,,97.531,21.961,-2.5,5.469,1.0,0.996,-0.031,4390,14.51,12.157,0,,,2.344,,,,,,,,,,
2026-09-25T23:09:59.014,77.007,0,802.75,36,,97.531,22.353,-2.5,5.469,1.0,0.994,-0.035,4410,14.51,12.157,0,,,,14.375,,,,,,,,,
2026-09-25T23:09:59.144,77.137,0,802.75,36,,97.531,21.961,-1.0,5.469,1.0,0.996,-0.027,4460,14.51,12.157,0,,,,,98,,,,,,,,
2026-09-25T23:09:59.274,77.267,0,797.25,36,,97.531,22.353,-2.5,4.688,1.0,0.997,-0.027,4490,14.51,12.157,0,,,,,,21,,,,,,,
2026-09-25T23:09:59.405,77.398,0,800.0,36,,97.531,22.353,-3.0,4.688,1.0,0.995,-0.031,4500,14.51,12.157,0,,,,,,,20.0,,,,,,
2026-09-25T23:09:59.534,77.527,0,795.25,35,,97.531,21.961,-1.5,4.688,1.0,0.995,-0.031,4490,14.51,12.157,0,,,,,,,,293.8,,,,,
2026-09-25T23:09:59.663,77.657,0,798.0,36,,97.531,21.961,0.0,4.688,1.0,0.995,-0.031,4460,14.51,12.157,0,,,,,,,,,0.67,,,,
2026-09-25T23:09:59.794,77.787,0,792.0,36,,97.531,22.353,0.5,4.688,1.0,0.996,-0.027,4390,14.51,12.157,0,,,,,,,,,,,0.0,,
2026-09-25T23:09:59.924,77.917,0,794.5,36,,97.531,23.137,-1.5,4.688,1.0,0.997,-0.027,4410,14.51,12.157,0,,,,,,,,,,,,23.137,
2026-09-25T23:10:00.053,78.047,0,796.0,36,,97.531,22.353,-1.0,4.688,1.0,0.997,-0.027,4460,14.51,12.157,0,,,,,,,,,,,,,98
2026-09-25T23:10:00.184,78.177,0,796.5,35,,97.531,22.353,-1.5,4.688,1.0,0.996,-0.031,4420,14.51,12.157,0,100,,,,,,,,,,,,
2026-09-25T23:10:00.313,78.307,0,797.0,36,,97.531,21.961,-1.0,4.688,1.0,0.997,-0.027,4400,14.51,12.157,0,,46,,,,,,,,,,,
2026-09-25T23:10:00.444,78.438,0,798.5,36,,97.531,22.745,-1.5,4.688,1.0,0.995,-0.031,4410,14.51,12.157,0,,,1.562,,,,,,,,,,
2026-09-25T23:10:00.574,78.568,0,797.75,36,,97.531,22.353,-3.5,4.688,1.0,0.994,-0.035,4510,14.51,12.157,0,,,,14.296,,,,,,,,,
2026-09-25T23:10:00.704,78.697,0,795.5,36,,97.531,22.745,-3.0,4.688,1.0,0.996,-0.031,4540,14.51,12.157,0,,,,,98,,,,,,,,
2026-09-25T23:10:00.834,78.828,0,803.25,36,,97.531,22.353,-2.0,4.688,1.0,0.994,-0.035,4580,14.51,12.157,0,,,,,,21,,,,,,,
2026-09-25T23:10:00.964,78.957,0,792.75,35,,97.531,21.961,-1.0,4.688,1.0,0.994,-0.035,4400,14.51,12.157,0,,,,,,,20.0,,,,,,
2026-09-25T23:10:01.093,79.087,0,794.0,35,,97.531,22.353,-1.5,4.688,1.0,0.995,-0.031,4380,14.51,12.157,0,,,,,,,,294.1,,,,,
2026-09-25T23:10:01.223,79.217,0,796.5,36,,97.531,22.353,-2.5,4.688,1.0,0.995,-0.031,4450,14.51,12.157,0,,,,,,,,,0.675,,,,
2026-09-25T23:10:01.353,79.347,0,796.5,36,,97.531,22.353,-2.5,4.688,1.0,0.997,-0.027,4480,14.51,12.157,0,,,,,,,,,,,0.0,,
2026-09-25T23:10:01.483,79.477,0,795.25,35,,97.531,21.961,-1.5,4.688,1.0,0.993,-0.035,4450,14.51,12.157,0,,,,,,,,,,,,23.137,
2026-09-25T23:10:01.613,79.607,0,798.75,36,,97.531,22.353,0.5,4.688,1.0,0.994,-0.035,4380,14.51,12.157,0,,,,,,,,,,,,,99
2026-09-25T23:10:01.744,79.737,0,797.75,36,,97.531,21.961,-0.5,4.688,1.0,0.994,-0.035,4360,14.51,12.157,0,100,,,,,,,,,,,,
2026-09-25T23:10:01.874,79.867,0,790.25,36,,97.531,22.353,-1.0,4.688,1.0,0.996,-0.027,4350,14.51,12.157,0,,46,,,,,,,,,,,
2026-09-25T23:10:02.004,79.997,0,799.5,36,,97.531,22.353,-1.5,4.688,1.0,0.998,-0.027,4410,14.51,12.157,0,,,1.562,,,,,,,,,,
2026-09-25T23:10:02.134,80.127,0,804.5,36,,97.531,21.961,-1.5,4.688,1.0,0.997,-0.027,4460,14.51,12.157,0,,,,14.335,,,,,,,,,
2026-09-25T23:10:02.265,80.258,0,801.0,36,,97.531,22.353,-2.5,4.688,1.0,0.995,-0.031,4500,14.51,12.157,0,,,,,98,,,,,,,,
2026-09-25T23:10:02.394,80.387,0,798.5,36,,97.531,21.961,-2.0,4.688,1.0,0.995,-0.031,4490,14.51,12.157,0,,,,,,21,,,,,,,
2026-09-25T23:10:02.523,80.517,0,797.25,36,,97.531,22.353,0.0,4.688,1.0,0.995,-0.031,4470,14.51,12.157,0,,,,,,,20.0,,,,,,
2026-09-25T23:10:02.654,80.647,0,798.75,36,,97.531,21.961,-2.0,4.688,1.0,0.995,-0.035,4460,14.51,12.157,0,,,,,,,,294.5,,,,,
2026-09-25T23:10:02.783,80.777,0,791.75,36,,97.531,22.353,-1.0,4.688,1.0,0.996,-0.031,4460,14.51,12.157,0,,,,,,,,,0.675,,,,
2026-09-25T23:10:02.913,80.907,0,794.25,36,,97.531,21.961,-0.5,4.688,1.0,0.997,-0.027,4420,14.51,12.157,0,,,,,,,,,,,0.0,,
2026-09-25T23:10:03.045,81.038,0,795.0,36,,97.531,22.353,-1.0,4.688,1.0,0.997,-0.027,4390,14.51,12.157,0,,,,,,,,,,,,23.137,
2026-09-25T23:10:03.173,81.167,0,795.5,36,,97.531,21.961,-1.0,4.688,1.0,0.996,-0.031,4390,14.51,12.157,0,,,,,,,,,,,,,101
2026-09-25T23:10:03.303,81.297,0,797.0,36,,97.531,22.353,-1.5,3.906,1.0,0.995,-0.031,4380,14.51,12.157,0,100,,,,,,,,,,,,
2026-09-25T23:10:03.434,81.428,0,796.5,35,,97.531,22.353,-2.0,3.906,1.0,0.996,-0.027,4400,14.51,12.157,0,,46,,,,,,,,,,,
2026-09-25T23:10:03.564,81.557,0,798.25,36,,97.531,22.353,-2.0,3.906,1.0,0.995,-0.031,4410,14.51,12.157,0,,,1.562,,,,,,,,,,
2026-09-25T23:10:03.693,81.687,0,799.25,35,,97.531,21.961,-1.5,3.906,1.0,0.996,-0.031,4400,14.51,12.157,0,,,,14.335,,,,,,,,,
2026-09-25T23:10:03.824,81.817,0,799.5,35,,97.531,21.961,-1.0,3.906,1.0,0.997,-0.027,4370,14.51,12.157,0,,,,,98,,,,,,,,
2026-09-25T23:10:03.953,81.947,0,795.5,36,,97.531,22.353,-1.0,3.906,1.0,0.996,-0.027,4370,14.51,12.157,0,,,,,,21,,,,,,,
2026-09-25T23:10:04.083,82.077,0,798.0,36,,97.531,22.353,-1.5,3.906,1.001,0.999,-0.023,4440,14.51,12.157,0,,,,,,,20.0,,,,,,
2026-09-25T23:10:04.213,82.207,0,794.75,36,,97.531,22.353,-1.0,4.688,1.0,1.001,-0.02,4430,14.51,12.157,0,,,,,,,,294.9,,,,,
2026-09-25T23:10:04.343,82.337,0,796.0,35,,97.531,21.961,-1.0,3.906,1.0,0.997,-0.027,4410,14.51,12.157,0,,,,,,,,,0.675,,,,
2026-09-25T23:10:04.474,82.467,0,802.0,36,,97.531,22.353,-1.5,3.906,1.0,0.995,-0.031,4390,14.51,12.157,0,,,,,,,,,,,0.0,,
2026-09-25T23:10:04.603,82.597,0,792.75,35,,97.531,21.961,-1.5,3.906,1.0,0.996,-0.031,4390,14.51,12.157,0,,,,,,,,,,,,23.137,
2026-09-25T23:10:04.733,82.727,0,793.0,36,,97.531,22.353,-1.5,3.906,1.0,0.996,-0.027,4400,14.51,12.157,0,,,,,,,,,,,,,103
2026-09-25T23:10:04.864,82.858,0,796.75,36,,97.531,22.353,-1.5,3.906,1.001,0.997,-0.027,4460,14.51,12.157,0,100,,,,,,,,,,,,
2026-09-25T23:10:04.994,82.988,0,800.25,36,,97.531,22.353,-2.5,3.906,1.0,0.999,-0.023,4480,14.51,12.157,0,,46,,,,,,,,,,,
2026-09-25T23:10:05.124,83.118,0,800.5,36,,97.531,22.353,-3.0,3.906,1.0,0.996,-0.031,4490,14.51,12.157,0,,,1.562,,,,,,,,,,
2026-09-25T23:10:05.254,83.247,0,801.75,36,,97.531,21.961,-2.5,3.906,1.0,0.996,-0.027,4520,14.51,12.157,0,,,,14.316,,,,,,,,,
2026-09-25T23:10:05.383,83.377,0,797.5,36,,97.531,22.353,-3.0,3.906,1.0,0.996,-0.031,4500,14.51,12.157,0,,,,,98,,,,,,,,
2026-09-25T23:10:05.513,83.507,0,792.25,36,,97.531,22.353,0.5,3.906,1.0,0.997,-0.027,4440,14.51,12.157,0,,,,,,21,,,,,,,
2026-09-25T23:10:05.644,83.637,0,791.0,35,,97.531,22.353,0.0,3.906,1.0,0.998,-0.027,4380,14.51,12.157,0,,,,,,,20.0,,,,,,
2026-09-25T23:10:05.773,83.767,0,788.0,36,,97.531,22.353,-0.5,3.906,1.0,0.999,-0.023,4380,14.51,12.157,0,,,,,,,,295.2,,,,,
2026-09-25T23:10:05.904,83.897,0,794.0,36,,97.531,21.961,-1.0,3.906,1.001,1.0,-0.02,4420,14.51,12.157,0,,,,,,,,,0.67,,,,
2026-09-25T23:10:06.033,84.027,0,796.0,36,,97.531,21.961,-1.0,3.906,1.0,0.998,-0.023,4400,14.51,12.157,0,,,,,,,,,,,0.0,,
2026-09-25T23:10:06.164,84.157,0,791.0,36,,97.531,22.745,-2.5,3.906,1.0,0.997,-0.027,4410,14.51,12.157,0,,,,,,,,,,,,23.529,
2026-09-25T23:10:06.294,84.288,0,793.0,36,,97.531,22.745,-3.5,3.906,1.0,0.997,-0.027,4440,14.51,12.157,0,,,,,,,,,,,,,104
2026-09-25T23:10:06.424,84.417,0,794.75,36,,97.531,22.353,-0.5,3.906,1.0,0.997,-0.027,4480,14.51,12.157,0,100,,,,,,,,,,,,
2026-09-25T23:10:06.553,84.547,0,791.5,36,,97.531,22.353,-1.0,3.906,1.0,0.996,-0.027,4440,14.51,12.157,0,,46,,,,,,,,,,,
2026-09-25T23:10:06.683,84.677,0,793.5,35,,97.531,21.961,-1.0,3.906,1.0,0.998,-0.027,4400,14.51,12.157,0,,,1.562,,,,,,,,,,
2026-09-25T23:10:06.813,84.807,0,799.5,36,,97.531,22.745,-1.5,3.906,1.0,0.999,-0.023,4400,14.51,12.157,0,,,,14.394,,,,,,,,,
2026-09-25T23:10:06.943,84.937,0,798.0,36,,97.531,21.961,-1.0,3.906,1.0,0.997,-0.027,4430,14.51,12.157,0,,,,,98,,,,,,,,
2026-09-25T23:10:07.074,85.067,0,794.0,36,,97.531,22.353,-2.5,3.906,1.0,0.998,-0.027,4350,14.51,12.157,0,,,,,,21,,,,,,,
2026-09-25T23:10:07.203,85.197,0,797.75,36,,97.531,22.745,-2.0,3.906,1.0,0.996,-0.031,4460,14.51,12.157,0,,,,,,,20.0,,,,,,
2026-09-25T23:10:07.334,85.327,0,799.75,36,,97.531,21.961,-1.0,3.906,1.0,0.997,-0.027,4460,14.51,12.157,0,,,,,,,,295.6,,,,,
2026-09-25T23:10:07.464,85.458,0,796.25,36,,97.531,22.353,-2.5,3.906,1.0,0.998,-0.023,4470,14.51,12.157,0,,,,,,,,,0.67,,,,
2026-09-25T23:10:07.594,85.587,0,797.25,35,,97.531,21.961,-2.5,3.906,1.0,0.998,-0.023,4470,14.51,12.157,0,,,,,,,,,,,0.0,,
2026-09-25T23:10:07.724,85.718,0,801.0,36,,97.531,22.353,-2.0,3.906,1.0,0.999,-0.023,4450,14.51,12.157,0,,,,,,,,,,,,23.137,
2026-09-25T23:10:07.853,85.847,0,800.75,36,,97.531,21.961,-1.5,3.906,1.0,0.997,-0.027,4460,14.51,12.157,0,,,,,,,,,,,,,106
2026-09-25T23:10:07.983,85.977,0,792.25,36,,97.531,22.353,-2.5,3.906,1.0,0.999,-0.023,4470,14.51,12.157,0,100,,,,,,,,,,,,
2026-09-25T23:10:08.113,86.107,0,799.25,36,,97.531,22.353,-2.5,3.906,1.0,0.998,-0.023,4460,14.51,12.157,0,,46,,,,,,,,,,,
2026-09-25T23:10:08.243,86.237,0,799.5,35,,97.531,22.353,-2.0,3.906,1.0,0.998,-0.023,4470,14.51,12.157,0,,,1.562,,,,,,,,,,
2026-09-25T23:10:08.373,86.367,0,799.0,36,,97.531,22.353,-2.5,3.906,1.0,0.997,-0.027,4480,14.51,12.157,0,,,,14.335,,,,,,,,,
2026-09-25T23:10:08.503,86.497,0,797.5,35,,97.531,21.961,-1.5,3.906,1.0,0.997,-0.027,4480,14.51,12.157,0,,,,,98,,,,,,,,
2026-09-25T23:10:08.633,86.627,0,790.5,36,,97.531,22.353,-0.5,3.906,1.0,0.998,-0.027,4450,14.51,12.157,0,,,,,,21,,,,,,,
2026-09-25T23:10:08.764,86.757,0,793.75,35,,97.531,21.569,0.5,3.906,1.0,0.998,-0.023,4410,14.51,12.157,0,,,,,,,20.0,,,,,,
2026-09-25T23:10:08.894,86.888,0,792.0,35,,97.531,21.961,0.0,3.906,1.0,0.996,-0.031,4340,14.51,12.157,0,,,,,,,,296.0,,,,,
2026-09-25T23:10:09.024,87.017,0,794.75,35,,97.531,21.961,0.0,3.906,1.0,0.995,-0.031,4280,14.51,12.157,0,,,,,,,,,0.665,,,,
2026-09-25T23:10:09.153,87.147,0,793.25,36,,97.531,22.353,0.5,3.906,1.001,0.997,-0.027,4250,14.51,12.157,0,,,,,,,,,,,0.0,,
2026-09-25T23:10:09.284,87.277,0,795.0,36,,97.531,21.961,0.5,3.906,1.001,0.998,-0.023,4270,14.51,12.157,0,,,,,,,,,,,,23.137,
2026-09-25T23:10:09.413,87.407,0,792.5,36,,97.531,22.353,-1.0,3.906,1.0,0.999,-0.023,4290,14.51,12.157,0,,,,,,,,,,,,,107
2026-09-25T23:10:09.544,87.537,0,791.5,35,,97.531,22.353,-0.5,3.906,1.001,0.999,-0.02,4380,14.51,12.157,0,101,,,,,,,,,,,,
2026-09-25T23:10:09.673,87.667,0,796.0,36,,97.531,22.353,-2.5,3.906,1.0,0.998,-0.027,4420,14.51,12.157,0,,46,,,,,,,,,,,
2026-09-25T23:10:09.804,87.797,0,797.0,35,,97.531,22.353,-2.0,3.906,1.0,0.998,-0.023,4440,14.51,12.157,0,,,2.344,,,,,,,,,,
2026-09-25T23:10:09.934,87.927,0,798.75,36,,97.531,21.961,-1.0,3.906,1.0,0.998,-0.027,4430,14.51,12.157,0,,,,14.394,,,,,,,,,
2026-09-25T23:10:10.063,88.057,0,794.75,35,,97.531,22.353,-2.0,3.906,1.0,0.997,-0.027,4410,14.51,12.157,0,,,,,98,,,,,,,,
2026-09-25T23:10:10.194,88.187,0,798.5,35,,97.531,21.961,-2.5,3.906,1.0,0.997,-0.027,4430,14.51,12.157,0,,,,,,21,,,,,,,
2026-09-25T23:10:10.325,88.318,0,801.0,36,,97.531,22.353,-1.0,3.125,1.0,0.997,-0.027,4420,14.51,12.157,0,,,,,,,20.0,,,,,,
2026-09-25T23:10:10.454,88.447,0,797.5,35,,97.531,21.961,-1.0,3.125,1.0,0.996,-0.031,4430,14.51,12.157,0,,,,,,,,296.4,,,,,
2026-09-25T23:10:10.583,88.577,0,795.0,36,,97.531,22.353,-2.0,3.125,1.0,0.996,-0.031,4410,14.51,12.157,0,,,,,,,,,0.67,,,,
2026-09-25T23:10:10.714,88.707,0,794.5,36,,97.531,22.353,-1.5,3.125,1.0,0.998,-0.023,4460,14.51,12.157,0,,,,,,,,,,,0.0,,
2026-09-25T23:10:10.844,88.837,0,801.5,35,,97.531,22.353,-2.0,3.125,1.0,0.998,-0.023,4450,14.51,12.157,0,,,,,,,,,,,,23.137,
2026-09-25T23:10:10.974,88.967,0,800.25,36,,97.531,22.353,-2.5,3.125,1.0,0.997,-0.027,4480,14.51,12.157,0,,,,,,,,,,,,,109
2026-09-25T23:10:11.103,89.097,0,801.75,35,,97.531,21.961,-1.5,3.125,1.0,0.997,-0.027,4490,14.51,12.157,0,101,,,,,,,,,,,,
2026-09-25T23:10:11.234,89.227,0,800.0,36,,97.531,22.353,-1.0,3.125,1.0,0.996,-0.027,4480,14.51,12.157,0,,46,,,,,,,,,,,
2026-09-25T23:10:11.364,89.357,0,795.0,35,,97.531,21.961,-2.0,3.125,1.0,0.998,-0.027,4470,14.51,12.157,0,,,1.562,,,,,,,,,,
2026-09-25T23:10:11.493,89.487,0,797.75,36,,97.531,22.353,-1.5,3.125,1.0,0.996,-0.027,4440,14.51,12.157,0,,,,14.335,,,,,,,,,
2026-09-25T23:10:11.624,89.617,0,796.75,36,,97.531,22.353,0.0,3.125,1.0,0.997,-0.027,4400,14.51,12.157,0,,,,,98,,,,,,,,
2026-09-25T23:10:11.754,89.748,0,792.75,35,,97.531,22.353,-1.0,3.125,1.0,0.997,-0.027,4400,14.51,12.157,0,,,,,,21,,,,,,,
2026-09-25T23:10:11.884,89.877,0,794.75,36,,97.531,21.961,-1.5,3.125,1.0,0.998,-0.027,4370,14.51,12.157,0,,,,,,,20.0,,,,,,
2026-09-25T23:10:12.013,90.007,0,798.75,35,,97.531,21.961,-1.0,3.125,1.0,0.998,-0.027,4350,14.51,12.157,0,,,,,,,,296.8,,,,,
2026-09-25T23:10:12.144,90.137,0,797.5,36,,97.531,22.353,-1.0,3.125,1.0,0.998,-0.023,4390,14.51,12.157,0,,,,,,,,,0.665,,,,
2026-09-25T23:10:12.274,90.267,0,792.75,36,,97.531,22.353,-2.5,3.125,1.0,0.998,-0.023,4430,14.51,12.157,0,,,,,,,,,,,0.0,,
2026-09-25T23:10:12.404,90.397,0,797.0,36,,97.531,22.353,-2.0,3.125,1.0,0.997,-0.027,4460,14.51,12.157,0,,,,,,,,,,,,23.137,
2026-09-25T23:10:12.534,90.527,0,802.0,36,,97.531,22.353,-1.5,3.125,1.0,0.995,-0.031,4460,14.51,12.157,0,,,,,,,,,,,,,110
2026-09-25T23:10:12.663,90.657,0,801.0,35,,97.531,22.353,-2.5,3.125,1.0,0.992,-0.039,4460,14.51,12.157,0,101,,,,,,,,,,,,
2026-09-25T23:10:12.794,90.787,0,796.75,36,,97.531,21.961,-2.5,3.125,1.0,0.991,-0.043,4440,14.51,12.157,0,,46,,,,,,,,,,,
2026-09-25T23:10:12.924,90.917,0,799.75,36,,97.531,22.353,-1.0,3.125,1.0,0.994,-0.035,4400,14.51,12.157,0,,,1.562,,,,,,,,,,
2026-09-25T23:10:13.054,91.047,0,802.0,35,,97.531,21.961,-1.5,3.125,1.0,0.996,-0.027,4400,14.51,12.157,0,,,,14.375,,,,,,,,,
2026-09-25T23:10:13.184,91.178,0,797.25,36,,97.531,22.353,-2.5,3.125,1.0,0.997,-0.027,4390,14.51,12.157,0,,,,,98,,,,,,,,
2026-09-25T23:10:13.314,91.307,0,794.25,35,,97.531,22.353,-1.0,3.125,1.0,0.995,-0.031,4400,14.51,12.157,0,,,,,,21,,,,,,,
2026-09-25T23:10:13.454,91.447,0,795.5,36,,97.531,22.353,-1.5,3.125,1.0,0.995,-0.035,4440,14.51,12.157,0,,,,,,,20.0,,,,,,
2026-09-25T23:10:13.583,91.577,0,800.25,35,,97.531,22.353,-2.5,3.125,1.0,0.996,-0.031,4430,14.51,12.157,0,,,,,,,,297.1,,,,,
2026-09-25T23:10:13.714,91.707,0,798.5,36,,97.531,21.961,-2.0,3.125,1.0,0.996,-0.031,4410,14.51,12.157,0,,,,,,,,,0.665,,,,
2026-09-25T23:10:13.844,91.837,0,796.0,36,,97.531,22.353,-2.0,3.125,1.0,0.996,-0.031,4410,14.51,12.157,0,,,,,,,,,,,0.0,,
2026-09-25T23:10:13.974,91.967,0,802.25,36,,97.531,22.353,-2.5,2.344,1.0,0.994,-0.035,4450,14.51,12.157,0,,,,,,,,,,,,23.137,
2026-09-25T23:10:14.104,92.097,0,804.5,36,,97.531,22.353,-2.5,2.344,1.0,0.994,-0.035,4450,14.51,12.157,0,,,,,,,,,,,,,112
2026-09-25T23:10:14.233,92.227,0,803.0,35,,97.531,22.353,-3.5,2.344,1.0,0.992,-0.039,4470,14.51,12.157,0,101,,,,,,,,,,,,
2026-09-25T23:10:14.363,92.357,0,801.75,36,,97.531,22.353,-3.5,2.344,1.0,0.994,-0.035,4460,14.51,12.157,0,,46,,,,,,,,,,,
2026-09-25T23:10:14.494,92.488,0,806.0,35,,97.531,21.961,-2.5,2.344,1.0,0.993,-0.039,4420,14.51,12.157,0,,,2.344,,,,,,,,,,
2026-09-25T23:10:14.624,92.617,0,797.75,35,,97.531,21.961,-1.0,2.344,1.0,0.993,-0.039,4340,14.51,12.157,0,,,,14.296,,,,,,,,,
2026-09-25T23:10:14.753,92.747,0,789.0,35,,97.531,21.961,2.0,2.344,1.0,0.994,-0.035,4270,14.51,12.157,0,,,,,98,,,,,,,,
2026-09-25T23:10:14.884,92.877,0,788.25,36,,97.531,22.353,0.5,2.344,1.001,0.995,-0.031,4260,14.51,12.157,0,,,,,,21,,,,,,,
2026-09-25T23:10:15.014,93.007,0,797.75,36,,97.531,23.137,-2.5,2.344,1.001,0.997,-0.027,4340,14.51,12.157,0,,,,,,,20.0,,,,,,
2026-09-25T23:10:15.143,93.137,0,800.25,35,,97.531,21.961,-1.0,2.344,1.001,0.995,-0.031,4390,14.51,12.157,0,,,,,,,,297.5,,,,,
2026-09-25T23:10:15.273,93.267,0,798.5,36,,97.531,22.745,-2.5,2.344,1.0,0.996,-0.031,4340,14.51,12.157,0,,,,,,,,,0.675,,,,
2026-09-25T23:10:15.403,93.397,0,800.5,36,,97.531,22.353,-3.5,2.344,1.0,0.996,-0.031,4490,14.51,12.157,0,,,,,,,,,,,0.0,,
2026-09-25T23:10:15.534,93.527,0,798.5,36,,97.531,22.353,-3.0,2.344,1.0,0.995,-0.035,4540,14.51,12.157,0,,,,,,,,,,,,23.529,
2026-09-25T23:10:15.663,93.657,0,799.25,35,,97.531,22.353,-2.0,2.344,1.0,0.994,-0.035,4560,14.51,12.157,0,,,,,,,,,,,,,114
2026-09-25T23:10:15.794,93.787,0,800.0,36,,97.531,21.961,-2.0,2.344,1.0,0.994,-0.035,4500,14.51,12.157,0,101,,,,,,,,,,,,
2026-09-25T23:10:15.924,93.918,0,795.5,36,,97.531,22.353,-2.0,2.344,1.0,0.996,-0.031,4440,14.51,12.157,0,,46,,,,,,,,,,,
2026-09-25T23:10:16.054,94.047,0,797.0,35,,97.531,22.353,-2.0,2.344,1.0,0.997,-0.027,4480,14.51,12.157,0,,,1.562,,,,,,,,,,
2026-09-25T23:10:16.183,94.177,0,795.75,36,,97.531,22.745,-2.5,2.344,1.0,0.999,-0.023,4490,14.51,12.157,0,,,,14.296,,,,,,,,,
2026-09-25T23:10:16.314,94.307,0,800.0,36,,97.531,22.353,-3.0,2.344,1.0,0.999,-0.02,4540,14.51,12.157,0,,,,,98,,,,,,,,
2026-09-25T23:10:16.444,94.437,0,806.5,36,,97.531,22.353,-1.5,2.344,1.0,0.998,-0.023,4520,14.51,12.157,0,,,,,,21,,,,,,,
2026-09-25T23:10:16.573,94.567,0,801.75,36,,97.531,22.353,-3.0,2.344,1.0,0.998,-0.023,4530,14.51,12.157,0,,,,,,,20.0,,,,,,
2026-09-25T23:10:16.703,94.697,0,806.75,36,,97.531,21.961,-2.5,2.344,1.0,0.995,-0.031,4500,14.51,12.157,0,,,,,,,,297.9,,,,,
2026-09-25T23:10:16.834,94.827,0,804.0,36,,97.531,22.353,-3.5,2.344,1.0,0.995,-0.035,4480,14.51,12.157,0,,,,,,,,,0.665,,,,
2026-09-25T23:10:16.964,94.957,0,805.25,36,,97.531,21.961,-2.5,2.344,1.0,0.996,-0.031,4470,14.51,12.157,0,,,,,,,,,,,0.0,,
2026-09-25T23:10:17.094,95.087,0,796.0,36,,97.531,21.961,-2.0,2.344,1.0,0.996,-0.031,4430,14.51,12.157,0,,,,,,,,,,,,22.745,
2026-09-25T23:10:17.224,95.217,0,800.5,35,,97.531,21.961,-2.5,2.344,1.0,0.995,-0.031,4390,14.51,12.157,0,,,,,,,,,,,,,115
2026-09-25T23:10:17.353,95.347,0,797.0,35,,97.531,21.961,-1.5,2.344,1.0,0.997,-0.027,4350,14.51,12.157,0,101,,,,,,,,,,,,
2026-09-25T23:10:17.484,95.477,0,798.5,35,,97.531,22.353,-1.0,2.344,1.0,0.997,-0.027,4330,14.51,12.157,0,,46,,,,,,,,,,,
2026-09-25T23:10:17.613,95.607,0,795.0,36,,97.531,21.961,-1.0,2.344,1.0,0.999,-0.023,4340,14.51,12.157,0,,,1.562,,,,,,,,,,
2026-09-25T23:10:17.744,95.737,0,795.5,36,,97.531,22.353,-1.0,2.344,1.0,0.999,-0.023,4350,14.51,12.157,0,,,,14.375,,,,,,,,,
2026-09-25T23:10:17.874,95.868,0,796.75,36,,97.531,21.961,-2.5,2.344,1.001,0.999,-0.023,4410,14.51,12.157,0,,,,,98,,,,,,,,
2026-09-25T23:10:18.004,95.997,0,796.5,36,,97.531,22.353,-2.5,2.344,1.0,0.999,-0.023,4410,14.51,12.157,0,,,,,,21,,,,,,,
2026-09-25T23:10:18.133,96.127,0,800.25,35,,97.531,22.353,-2.5,2.344,1.0,0.999,-0.023,4450,14.51,12.157,0,,,,,,,20.0,,,,,,
2026-09-25T23:10:18.263,96.257,0,797.25,36,,97.531,22.353,-2.0,2.344,1.0,0.999,-0.023,4460,14.51,12.157,0,,,,,,,,298.3,,,,,
2026-09-25T23:10:18.394,96.387,0,798.0,36,,97.531,22.353,-3.0,2.344,1.0,0.997,-0.027,4480,14.51,12.157,0,,,,,,,,,0.665,,,,
2026-09-25T23:10:18.523,96.517,0,797.75,35,,97.531,21.961,-2.5,2.344,1.0,0.997,-0.027,4470,14.51,12.157,0,,,,,,,,,,,0.0,,
2026-09-25T23:10:18.653,96.647,0,796.0,36,,97.531,22.353,-2.5,2.344,1.0,0.999,-0.023,4470,14.51,12.157,0,,,,,,,,,,,,22.745,
2026-09-25T23:10:18.783,96.777,0,796.25,35,,97.531,21.961,-2.5,2.344,1.0,0.996,-0.027,4450,14.51,12.157,0,,,,,,,,,,,,,117
2026-09-25T23:10:18.914,96.907,0,801.25,36,,97.531,22.353,-2.0,2.344,1.0,0.996,-0.031,4430,14.51,12.157,0,101,,,,,,,,,,,,
2026-09-25T23:10:19.043,97.037,0,796.75,36,,97.531,21.961,-2.0,2.344,1.0,0.998,-0.023,4430,14.51,12.157,0,,46,,,,,,,,,,,
2026-09-25T23:10:19.174,97.167,0,796.0,36,,97.531,22.353,-2.5,2.344,1.0,1.0,-0.02,4410,14.51,12.157,0,,,1.562,,,,,,,,,,
2026-09-25T23:10:19.303,97.297,0,804.25,36,,97.531,21.961,-2.5,2.344,1.0,1.001,-0.02,4400,14.51,12.157,0,,,,14.355,,,,,,,,,
2026-09-25T23:10:19.434,97.427,0,803.75,35,,97.531,21.569,-2.0,2.344,1.0,1.0,-0.02,4380,14.51,12.157,0,,,,,98,,,,,,,,
2026-09-25T23:10:19.564,97.558,0,797.75,36,,97.531,21.961,-2.5,2.344,1.0,0.999,-0.023,4360,14.51,12.157,0,,,,,,21,,,,,,,
2026-09-25T23:10:19.694,97.687,0,796.0,35,,97.531,21.569,-3.0,2.344,1.0,0.998,-0.023,4340,14.51,12.157,0,,,,,,,20.0,,,,,,
2026-09-25T23:10:19.823,97.817,0,799.5,36,,97.531,21.961,-2.0,2.344,1.0,0.999,-0.023,4300,14.51,12.157,0,,,,,,,,298.6,,,,,
2026-09-25T23:10:19.954,97.947,0,797.0,36,,97.531,21.961,-2.5,2.344,1.001,0.999,-0.023,4280,14.51,12.157,0,,,,,,,,,0.665,,,,
2026-09-25T23:10:20.083,98.077,0,799.0,36,,97.531,22.353,-1.5,2.344,1.001,1.005,-0.016,4270,14.51,12.157,0,,,,,,,,,,,0.0,,
2026-09-25T23:10:20.213,98.207,0,802.75,36,,97.531,22.353,-3.0,2.344,1.001,1.007,-0.012,4350,14.51,12.157,0,,,,,,,,,,,,22.745,
2026-09-25T23:10:20.343,98.337,0,796.25,35,,97.531,22.353,-3.0,2.344,1.001,1.006,-0.016,4360,14.51,12.157,0,,,,,,,,,,,,,118
2026-09-25T23:10:20.473,98.467,0,792.0,36,,97.531,21.961,-2.0,2.344,1.001,1.006,-0.016,4370,14.51,12.157,0,102,,,,,,,,,,,,
2026-09-25T23:10:20.604,98.597,0,796.5,35,,97.531,21.569,-1.0,2.344,1.0,1.0,-0.02,4340,14.51,12.157,0,,46,,,,,,,,,,,
2026-09-25T23:10:20.733,98.727,0,790.5,35,,97.531,21.569,1.0,2.344,1.0,1.001,-0.02,4250,14.51,12.157,0,,,1.562,,,,,,,,,,
2026-09-25T23:10:20.864,98.857,0,792.5,35,,97.531,21.569,0.0,2.344,1.0,1.001,-0.02,4190,14.51,12.157,0,,,,14.335,,,,,,,,,
2026-09-25T23:10:21.003,98.997,0,793.5,35,,97.531,21.961,0.5,2.344,1.001,1.003,-0.016,4170,14.51,12.157,0,,,,,98,,,,,,,,
2026-09-25T23:10:21.134,99.127,0,797.0,36,,97.531,21.961,-1.5,2.344,1.001,1.007,-0.012,4230,14.51,12.157,0,,,,,,21,,,,,,,
2026-09-25T23:10:21.263,99.257,0,793.5,36,,97.531,22.353,-2.0,2.344,1.001,1.008,-0.012,4350,14.51,12.157,0,,,,,,,20.0,,,,,,
2026-09-25T23:10:21.393,99.387,0,794.5,35,,97.531,21.961,-2.0,2.344,1.001,1.005,-0.016,4370,14.51,12.157,0,,,,,,,,299.1,,,,,
2026-09-25T23:10:21.524,99.518,0,800.75,36,,97.531,21.961,-1.0,2.344,1.0,1.004,-0.016,4330,14.51,12.157,0,,,,,,,,,0.66,,,,
2026-09-25T23:10:21.654,99.647,0,800.0,35,,97.531,21.961,-1.0,2.344,1.0,1.003,-0.016,4360,14.51,12.157,0,,,,,,,,,,,0.0,,
2026-09-25T23:10:21.784,99.778,0,796.75,36,,97.531,22.353,-2.5,2.344,1.0,1.0,-0.02,4380,14.51,12.157,0,,,,,,,,,,,,22.745,
2026-09-25T23:10:21.914,99.907,0,801.5,35,,97.531,21.961,-3.0,2.344,1.0,1.001,-0.02,4400,14.51,12.157,0,,,,,,,,,,,,,120
2026-09-25T23:10:22.043,100.037,0,805.0,35,,97.531,22.353,-2.5,2.344,1.0,0.999,-0.023,4420,14.51,12.157,0,102,,,,,,,,,,,,
2026-09-25T23:10:22.173,100.167,0,798.5,35,,97.531,22.353,-2.5,2.344,1.0,1.002,-0.02,4410,14.51,12.157,0,,46,,,,,,,,,,,
2026-09-25T23:10:22.303,100.297,0,798.75,36,,97.531,21.961,-1.0,2.344,1.0,1.005,-0.016,4420,14.51,12.157,0,,,2.344,,,,,,,,,,
2026-09-25T23:10:22.433,100.427,0,799.5,36,,97.531,21.961,-1.5,3.125,1.0,1.003,-0.016,4400,14.51,12.157,0,,,,14.375,,,,,,,,,
2026-09-25T23:10:22.563,100.557,0,795.75,35,,97.531,21.961,-2.5,2.344,1.001,1.003,-0.016,4380,14.51,12.157,0,,,,,98,,,,,,,,
2026-09-25T23:10:22.693,100.687,0,797.0,35,,97.531,21.961,-2.5,2.344,1.0,0.998,-0.027,4340,14.51,12.157,0,,,,,,21,,,,,,,
2026-09-25T23:10:22.824,100.817,0,800.5,35,,97.531,21.961,-1.0,2.344,1.0,0.998,-0.023,4330,14.51,12.157,0,,,,,,,20.0,,,,,,
2026-09-25T23:10:22.953,100.947,0,798.75,35,,97.531,21.961,-1.0,2.344,1.001,1.0,-0.02,4290,14.51,12.157,0,,,,,,,,299.5,,,,,
2026-09-25T23:10:23.083,101.077,0,800.0,36,,97.531,21.961,-1.5,2.344,1.001,1.003,-0.016,4300,14.51,12.157,0,,,,,,,,,0.66,,,,
2026-09-25T23:10:23.214,101.207,0,799.0,35,,97.531,21.569,-2.0,3.125,1.0,1.003,-0.016,4280,14.51,12.157,0,,,,,,,,,,,0.0,,
2026-09-25T23:10:23.344,101.337,0,799.5,36,,97.531,22.353,-2.5,2.344,1.0,1.001,-0.02,4310,14.51,12.157,0,,,,,,,,,,,,23.137,
2026-09-25T23:10:23.474,101.468,0,799.75,36,,97.531,22.353,-2.5,2.344,1.001,1.0,-0.02,4340,14.51,12.941,0,,,,,,,,,,,,,121
2026-09-25T23:10:23.604,101.597,0,807.25,37,,97.531,24.706,-8.5,2.344,1.001,1.0,-0.02,4580,14.51,12.157,0,102,,,,,,,,,,,,
2026-09-25T23:10:23.733,101.727,0,804.0,38,,97.562,24.314,-5.0,3.125,1.0,1.011,-0.008,4910,14.51,12.157,0,,46,,,,,,,,,,,
2026-09-25T23:10:23.864,101.857,0,807.25,38,,97.531,24.314,-3.5,3.125,1.0,1.017,-0.004,5250,14.51,12.157,0,,,1.562,,,,,,,,,,
2026-09-25T23:10:24.003,101.997,0,806.0,38,,97.531,23.922,-6.5,3.125,1.0,1.015,-0.004,5470,14.51,12.157,0,,,,14.355,,,,,,,,,
2026-09-25T23:10:24.133,102.127,0,806.75,37,,97.531,22.745,-4.5,3.125,1.0,1.006,-0.016,5410,14.51,13.333,0,,,,,98,,,,,,,,
2026-09-25T23:10:24.263,102.257,0,809.25,38,,97.344,27.843,-6.5,3.125,1.0,1.0,-0.02,5200,14.51,12.549,0,,,,,,21,,,,,,,
2026-09-25T23:10:24.393,102.387,0,806.25,40,,97.531,25.098,-4.5,3.125,1.0,1.013,-0.008,5300,14.51,12.549,0,,,,,,,20.0,,,,,,
2026-09-25T23:10:24.523,102.517,0,827.0,40,,97.531,25.098,-6.5,3.906,1.0,1.017,-0.004,5630,14.51,12.549,0,,,,,,,,299.8,,,,,
2026-09-25T23:10:24.654,102.648,0,834.25,40,,97.531,23.922,-8.0,3.906,1.0,1.019,0.0,5860,14.51,12.157,0,,,,,,,,,0.65,,,,
2026-09-25T23:10:24.784,102.777,0,829.25,38,,97.531,23.137,-5.5,3.906,1.0,1.003,-0.016,5800,14.51,12.549,0,,,,,,,,,,,0.0,,
2026-09-25T23:10:24.913,102.907,0,812.25,37,,97.531,22.745,-2.5,3.125,1.0,0.996,-0.031,5590,14.51,12.549,0,,,,,,,,,,,,25.882,
2026-09-25T23:10:25.044,103.037,0,782.75,38,,97.531,26.275,0.5,3.125,1.0,0.994,-0.035,5540,14.51,12.549,0,,,,,,,,,,,,,123
2026-09-25T23:10:25.173,103.167,0,783.5,41,,97.531,25.882,-4.0,3.125,1.0,1.002,-0.02,5760,14.51,12.157,0,102,,,,,,,,,,,,
2026-09-25T23:10:25.303,103.297,0,801.5,39,,97.531,24.706,-4.5,3.906,1.0,1.009,-0.012,5880,14.51,12.157,0,,46,,,,,,,,,,,
2026-09-25T23:10:25.433,103.427,0,803.5,39,,97.531,24.706,-5.0,3.125,1.0,0.999,-0.023,5820,14.51,12.549,0,,,1.562,,,,,,,,,,
2026-09-25T23:10:25.563,103.557,0,802.25,39,,97.531,24.706,-5.0,3.125,1.0,0.994,-0.035,5690,14.51,12.549,0,,,,14.394,,,,,,,,,
2026-09-25T23:10:25.693,103.687,0,799.75,39,,97.531,24.706,-5.5,3.125,1.0,0.991,-0.043,5660,14.51,12.549,0,,,,,98,,,,,,,,
2026-09-25T23:10:25.823,103.817,0,803.5,39,,97.531,24.706,-5.5,3.125,1.0,0.988,-0.051,5620,14.51,12.157,0,,,,,,21,,,,,,,
2026-09-25T23:10:25.954,103.947,0,802.75,39,,97.531,24.314,-5.0,2.344,1.0,0.98,-0.07,5580,14.51,12.157,0,,,,,,,20.0,,,,,,
2026-09-25T23:10:26.083,104.077,0,801.75,38,,97.531,23.922,-5.5,1.562,1.0,0.971,-0.094,5450,14.51,12.157,0,,,,,,,,300.3,,,,,
2026-09-25T23:10:26.213,104.207,0,797.5,38,,97.531,24.314,-5.5,1.562,1.0,0.963,-0.113,5430,14.51,12.157,0,,,,,,,,,0.665,,,,
2026-09-25T23:10:26.344,104.338,0,796.75,38,,97.531,24.314,-3.0,0.781,1.0,0.956,-0.125,5390,14.51,12.157,0,,,,,,,,,,,0.0,,
2026-09-25T23:10:26.473,104.467,0,795.75,38,,97.531,24.314,-4.0,0.0,1.0,0.95,-0.141,5350,14.51,12.157,0,,,,,,,,,,,,25.098,
2026-09-25T23:10:26.603,104.597,0,791.5,38,,97.531,24.314,-3.0,0.0,1.0,0.948,-0.145,5330,14.51,12.157,0,,,,,,,,,,,,,124
2026-09-25T23:10:26.733,104.727,0,791.25,38,,97.531,24.314,-3.0,0.0,1.0,0.946,-0.148,5310,14.51,12.157,0,102,,,,,,,,,,,,
2026-09-25T23:10:26.863,104.857,0,796.5,38,,97.531,23.922,-3.0,-0.781,1.0,0.946,-0.152,5300,14.51,12.157,0,,46,,,,,,,,,,,
2026-09-25T23:10:27.003,104.997,0,796.25,38,,97.531,23.922,-2.5,-0.781,1.0,0.945,-0.152,5240,14.51,12.157,0,,,1.562,,,,,,,,,,
2026-09-25T23:10:27.133,105.127,0,789.0,38,,97.531,24.314,-2.5,-1.562,1.0,0.948,-0.145,5240,14.51,12.157,0,,,,14.394,,,,,,,,,
2026-09-25T23:10:27.263,105.257,0,788.75,38,,97.531,24.314,-2.0,-1.562,1.0,0.954,-0.133,5250,14.51,12.157,0,,,,,98,,,,,,,,
2026-09-25T23:10:27.393,105.387,0,792.0,38,,97.531,24.314,-2.5,-1.562,1.0,0.954,-0.133,5270,14.51,12.157,0,,,,,,21,,,,,,,
2026-09-25T23:10:27.523,105.517,0,790.5,38,,97.531,23.922,-2.0,-2.344,1.0,0.953,-0.133,5320,14.51,12.157,0,,,,,,,20.0,,,,,,
2026-09-25T23:10:27.653,105.647,0,787.25,38,,97.531,24.314,-2.0,-2.344,1.0,0.956,-0.129,5350,14.51,12.157,0,,,,,,,,300.8,,,,,
2026-09-25T23:10:27.784,105.778,0,793.25,39,,97.531,24.314,-2.5,-3.125,1.0,0.956,-0.125,5360,14.51,12.157,0,,,,,,,,,0.74,,,,
2026-09-25T23:10:27.913,105.907,0,794.25,38,,97.531,24.314,-2.5,-3.125,1.0,0.961,-0.117,5390,14.51,12.157,0,,,,,,,,,,,0.0,,
2026-09-25T23:10:28.043,106.037,0,789.5,39,,97.531,24.706,-3.0,-3.125,1.0,0.967,-0.105,5380,14.51,12.157,0,,,,,,,,,,,,25.49,
2026-09-25T23:10:28.173,106.167,0,782.5,39,,97.531,24.706,-1.0,-3.125,1.0,0.97,-0.098,5360,14.51,12.157,0,,,,,,,,,,,,,126
2026-09-25T23:10:28.303,106.297,0,787.5,39,,97.531,24.314,-1.5,-3.125,1.0,0.974,-0.09,5390,14.51,12.549,0,102,,,,,,,,,,,,
2026-09-25T23:10:28.433,106.427,0,784.75,39,,97.531,25.098,0.5,-3.125,1.0,0.976,-0.086,5490,14.51,12.941,0,,46,,,,,,,,,,,
2026-09-25T23:10:28.564,106.557,0,792.25,41,,97.531,27.451,9.5,-3.125,1.0,0.98,-0.07,5640,14.51,14.51,0,,,1.562,,,,,,,,,,
2026-09-25T23:10:28.693,106.687,0,819.0,46,,97.312,34.118,0.5,-3.125,1.0,0.983,-0.062,6050,14.51,13.725,0,,,,14.296,,,,,,,,,
2026-09-25T23:10:28.823,106.817,0,885.75,50,,97.531,32.157,-4.5,-3.125,1.0,0.988,-0.051,6640,14.51,13.725,0,,,,,98,,,,,,,,
2026-09-25T23:10:28.953,106.947,0,923.75,50,,97.531,31.765,-2.0,-3.125,1.0,0.99,-0.043,7300,14.51,14.118,0,,,,,,21,,,,,,,
2026-09-25T23:10:29.083,107.077,0,884.75,52,,97.531,35.294,3.5,-3.125,1.0,0.981,-0.066,7850,14.51,14.902,0,,,,,,,20.0,,,,,,
2026-09-25T23:10:29.213,107.207,0,814.5,57,,97.469,39.216,7.0,-3.906,1.0,0.981,-0.07,8490,14.51,15.294,1,,,,,,,,301.1,,,,,
2026-09-25T23:10:29.343,107.337,0,787.25,63,,97.406,46.275,2.0,-3.125,1.0,0.992,-0.039,8980,14.51,14.51,2,,,,,,,,,0.7,,,,
2026-09-25T23:10:29.473,107.467,0,813.25,67,,97.531,45.49,-4.0,-3.125,1.001,1.005,-0.016,9660,14.51,13.725,2,,,,,,,,,,,0.0,,
2026-09-25T23:10:29.603,107.597,0,840.5,63,,97.688,41.961,-5.5,-2.344,1.001,1.002,-0.02,10340,14.51,13.725,3,,,,,,,,,,,,41.176,
2026-09-25T23:10:29.733,107.727,0,851.75,59,,97.844,38.824,-5.0,-3.125,1.001,0.987,-0.055,10760,14.51,13.725,3,,,,,,,,,,,,,128
2026-09-25T23:10:29.863,107.857,0,844.75,56,,97.875,37.255,-4.0,-3.906,1.001,0.985,-0.059,11270,14.51,13.333,3,102,,,,,,,,,,,,
2026-09-25T23:10:30.003,107.997,0,844.25,53,,97.875,35.294,-2.5,-3.906,1.001,0.979,-0.074,11730,14.51,13.333,4,,46,,,,,,,,,,,
2026-09-25T23:10:30.134,108.127,0,844.0,52,,97.875,34.51,-2.0,-4.688,1.001,0.964,-0.109,11720,14.51,13.333,4,,,1.562,,,,,,,,,,
2026-09-25T23:10:30.264,108.257,0,841.5,50,,97.875,32.549,-2.5,-6.25,1.0,0.957,-0.125,11570,14.51,12.941,4,,,,14.394,,,,,,,,,
2026-09-25T23:10:30.393,108.387,0,838.25,49,,97.938,31.765,-2.5,-6.25,1.0,0.958,-0.125,11220,14.51,12.941,4,,,,,98,,,,,,,,
2026-09-25T23:10:30.523,108.517,0,843.25,48,,97.906,30.588,-2.5,-7.031,1.0,0.953,-0.133,10940,14.51,12.941,5,,,,,,21,,,,,,,
2026-09-25T23:10:30.653,108.647,0,845.25,47,,97.875,29.804,-2.5,-7.812,1.0,0.94,-0.164,10450,14.51,12.549,5,,,,,,,20.0,,,,,,
2026-09-25T23:10:30.783,108.777,0,839.75,45,,97.906,28.627,-2.5,-9.375,1.0,0.915,-0.223,9960,14.51,12.549,5,,,,,,,,301.1,,,,,
2026-09-25T23:10:30.913,108.907,0,837.75,44,,97.875,28.235,-3.5,-10.938,0.999,0.9,-0.262,9640,14.51,12.549,5,,,,,,,,,0.74,,,,
2026-09-25T23:10:31.044,109.037,0,834.0,43,,97.875,26.667,-7.0,-11.719,0.999,0.905,-0.25,9200,14.51,12.157,5,,,,,,,,,,,0.0,,
2026-09-25T23:10:31.174,109.167,0,832.25,41,,97.875,25.49,-2.5,-11.719,0.999,0.927,-0.195,8880,14.51,13.333,5,,,,,,,,,,,,28.235,
2026-09-25T23:10:31.303,109.297,0,837.25,40,,97.875,26.667,-2.5,-11.719,0.999,0.946,-0.148,8470,14.51,12.549,5,,,,,,,,,,,,,129
2026-09-25T23:10:31.433,109.427,0,847.0,42,,97.875,26.667,-3.0,-10.938,0.999,0.96,-0.121,8050,14.51,12.549,6,103,,,,,,,,,,,,
2026-09-25T23:10:31.563,109.557,0,847.5,41,,97.875,25.882,-3.0,-10.938,0.999,0.977,-0.082,7720,14.51,12.549,6,,46,,,,,,,,,,,
2026-09-25T23:10:31.693,109.687,0,848.75,41,,97.875,25.882,-3.5,-10.156,1.0,0.986,-0.055,7260,14.51,12.549,6,,,1.562,,,,,,,,,,
2026-09-25T23:10:31.823,109.817,0,863.0,41,,97.875,26.667,-5.0,-10.156,1.0,0.993,-0.039,6780,14.51,12.549,5,,,,14.355,,,,,,,,,
2026-09-25T23:10:31.953,109.947,0,880.25,41,,97.875,25.098,-5.5,-10.156,1.0,0.995,-0.031,6330,14.51,12.549,5,,,,,98,,,,,,,,
2026-09-25T23:10:32.083,110.077,0,879.0,40,,97.875,25.098,-4.0,-9.375,1.0,1.01,-0.012,5960,14.51,12.941,5,,,,,,21,,,,,,,
2026-09-25T23:10:32.213,110.207,0,873.25,40,,97.875,25.098,-5.0,-8.594,1.0,1.021,0.0,5780,14.51,12.549,5,,,,,,,20.0,,,,,,
2026-09-25T23:10:32.344,110.337,0,865.25,41,,97.875,25.098,-4.0,-7.812,1.0,1.04,0.023,5820,14.51,12.941,5,,,,,,,,301.8,,,,,
2026-09-25T23:10:32.473,110.467,0,856.0,40,,97.875,25.49,-3.5,-7.031,1.0,1.049,0.031,5900,14.51,12.941,5,,,,,,,,,0.735,,,,
2026-09-25T23:10:32.604,110.598,0,849.0,41,,97.844,26.275,-4.0,-6.25,1.0,1.055,0.039,6100,14.51,12.549,5,,,,,,,,,,,0.0,,
2026-09-25T23:10:32.734,110.727,0,842.75,41,,97.844,25.882,-4.5,-6.25,1.0,1.058,0.043,6240,14.51,12.549,5,,,,,,,,,,,,25.882,
2026-09-25T23:10:32.863,110.857,0,830.5,39,,97.844,25.098,1.5,-5.469,1.0,1.051,0.035,6090,14.51,12.549,4,,,,,,,,,,,,,131
2026-09-25T23:10:33.004,110.998,0,818.0,41,,97.656,26.275,1.5,-5.469,1.0,1.05,0.035,6070,14.51,12.549,4,103,,,,,,,,,,,,
2026-09-25T23:10:33.133,111.127,0,817.25,41,,97.781,26.275,0.0,-5.469,1.0,1.054,0.039,6330,14.51,12.549,4,,46,,,,,,,,,,,
2026-09-25T23:10:33.263,111.257,0,831.25,41,,97.719,25.882,-5.5,-4.688,1.0,1.058,0.043,6500,14.51,12.549,4,,,1.562,,,,,,,,,,
2026-09-25T23:10:33.394,111.388,0,857.5,40,,97.75,25.098,-5.0,-3.906,1.0,1.06,0.047,6460,14.51,12.549,4,,,,14.316,,,,,,,,,
2026-09-25T23:10:33.523,111.517,0,863.0,39,,97.781,24.314,-4.5,-3.906,1.0,1.055,0.039,6200,14.51,12.941,4,,,,,98,,,,,,,,
2026-09-25T23:10:33.654,111.647,0,863.0,38,,97.562,25.098,-5.5,-3.906,1.0,1.049,0.031,5870,14.51,12.549,4,,,,,,21,,,,,,,
2026-09-25T23:10:33.783,111.777,0,860.5,39,,97.688,24.314,-6.0,-3.125,1.0,1.046,0.031,5680,14.51,12.157,4,,,,,,,20.0,,,,,,
2026-09-25T23:10:33.913,111.907,0,850.5,38,,97.719,23.922,-1.5,-3.125,1.0,1.047,0.031,5490,14.51,12.549,4,,,,,,,,302.5,,,,,
2026-09-25T23:10:34.044,112.037,0,847.25,39,,97.656,24.314,-3.5,-2.344,1.0,1.05,0.035,5440,16.078,12.549,4,,,,,,,,,0.675,,,,
2026-09-25T23:10:34.173,112.167,0,848.25,39,,97.594,24.706,1.0,-2.344,1.0,1.049,0.035,5560,21.176,13.333,4,,,,,,,,,,,0.0,,
2026-09-25T23:10:34.303,112.297,0,870.25,41,,97.531,27.059,4.5,-1.562,1.0,1.043,0.027,5800,25.882,14.902,4,,,,,,,,,,,,32.549,
2026-09-25T23:10:34.434,112.427,0,922.0,45,,97.531,30.196,9.0,-1.562,1.0,1.037,0.02,6370,26.667,16.078,4,,,,,,,,,,,,,132
2026-09-25T23:10:34.563,112.556,0,1022.25,58,,97.469,36.863,-1.0,-1.562,1.0,1.024,0.004,6980,26.667,14.902,5,103,,,,,,,,,,,,
2026-09-25T23:10:34.693,112.687,0,1103.75,57,,97.531,32.549,8.5,-2.344,1.0,0.992,-0.039,7920,26.667,14.902,5,,46,,,,,,,,,,,
2026-09-25T23:10:34.823,112.817,0,1071.25,54,,97.656,30.588,5.5,-3.125,1.0,0.99,-0.043,8650,26.667,14.902,5,,,0.781,,,,,,,,,,
2026-09-25T23:10:34.954,112.948,0,1039.5,54,,97.844,34.118,2.5,-3.125,1.0,0.997,-0.027,9020,26.275,14.902,6,,,,14.355,,,,,,,,,
2026-09-25T23:10:35.084,113.077,0,1044.0,55,,97.875,34.118,0.5,-2.344,1.0,1.004,-0.016,9670,26.275,14.902,6,,,,,98,,,,,,,,
2026-09-25T23:10:35.213,113.207,0,1072.5,55,,97.875,32.941,2.0,-2.344,1.0,1.0,-0.02,10360,26.667,14.902,7,,,,,,21,,,,,,,
2026-09-25T23:10:35.343,113.337,0,1109.25,53,,97.875,29.804,6.5,-2.344,1.0,1.011,-0.008,11150,26.667,14.902,7,,,,,,,20.0,,,,,,
2026-09-25T23:10:35.473,113.467,0,1135.25,52,,98.156,29.02,11.0,-1.562,1.0,1.019,0.0,11790,26.667,14.902,7,,,,,,,,303.1,,,,,
2026-09-25T23:10:35.604,113.598,0,1130.0,51,,98.188,27.843,11.0,-1.562,1.0,1.007,-0.012,11910,26.667,14.902,8,,,,,,,,,0.665,,,,
2026-09-25T23:10:35.733,113.727,0,1109.5,51,,98.188,28.235,11.0,-2.344,1.0,0.999,-0.023,11610,26.275,14.902,8,,,,,,,,,,,0.0,,
2026-09-25T23:10:35.864,113.857,0,1107.25,51,,98.188,28.627,11.0,-2.344,1.0,1.0,-0.02,11370,26.275,14.902,9,,,,,,,,,,,,36.078,
2026-09-25T23:10:36.003,113.997,0,1115.5,51,,98.188,28.627,11.0,-2.344,1.0,0.999,-0.023,11100,26.275,14.902,9,,,,,,,,,,,,,134
2026-09-25T23:10:36.133,114.127,0,1139.75,50,,98.188,28.235,11.0,-2.344,1.0,0.994,-0.035,10830,26.667,14.902,9,103,,,,,,,,,,,,
2026-09-25T23:10:36.264,114.257,0,1168.75,50,,98.188,27.059,11.5,-3.125,1.0,0.986,-0.055,10770,26.667,15.294,10,,46,,,,,,,,,,,
2026-09-25T23:10:36.393,114.387,0,1196.75,51,,98.188,27.059,12.5,-3.125,1.0,0.98,-0.07,10890,26.667,14.902,10,,,0.781,,,,,,,,,,
2026-09-25T23:10:36.523,114.517,0,1225.5,50,,98.188,25.098,12.5,-3.906,1.0,0.971,-0.094,10680,26.667,15.294,10,,,,14.355,,,,,,,,,
2026-09-25T23:10:36.653,114.647,0,1253.5,50,,98.188,25.098,13.0,-4.688,1.0,0.966,-0.105,10750,26.667,15.686,10,,,,,98,,,,,,,,
2026-09-25T23:10:36.783,114.777,0,1284.5,51,,98.219,24.314,13.5,-5.469,1.0,0.971,-0.094,11030,27.451,16.078,11,,,,,,21,,,,,,,
2026-09-25T23:10:36.913,114.907,0,1325.25,52,,98.188,24.314,14.0,-5.469,1.0,0.972,-0.094,11250,28.627,17.255,11,,,,,,,20.0,,,,,,
2026-09-25T23:10:37.044,115.037,0,1365.75,55,,98.188,25.49,14.0,-5.469,1.0,0.981,-0.07,11510,28.627,17.255,11,,,,,,,,303.7,,,,,
2026-09-25T23:10:37.173,115.167,0,1418.0,61,,98.188,23.922,14.0,-4.688,1.0,1.029,0.008,12420,29.02,17.647,12,,,,,,,,,0.74,,,,
2026-09-25T23:10:37.303,115.296,0,1448.25,62,,98.375,23.922,14.0,-1.562,1.0,1.047,0.031,13370,29.02,17.647,12,,,,,,,,,,,0.0,,
2026-09-25T23:10:37.434,115.427,0,1456.25,63,,98.5,22.745,14.0,-1.562,1.001,1.032,0.012,13650,29.02,17.255,12,,,,,,,,,,,,41.961,
2026-09-25T23:10:37.564,115.558,0,1459.25,65,,98.812,23.137,14.5,-1.562,1.001,1.025,0.004,13250,29.02,18.039,12,,,,,,,,,,,,,135
2026-09-25T23:10:37.694,115.687,0,1517.5,66,,98.906,22.745,15.5,-0.781,1.001,1.034,0.016,13110,29.02,18.039,13,103,,,,,,,,,,,,
2026-09-25T23:10:37.823,115.817,0,1509.75,67,,99.156,21.961,-8.5,0.0,1.001,1.04,0.023,13250,29.02,17.255,13,,45,,,,,,,,,,,
2026-09-25T23:10:37.953,115.947,0,1343.75,67,,99.75,27.843,-10.5,0.0,1.001,1.044,0.027,13490,29.02,16.078,13,,,0.781,,,,,,,,,,
2026-09-25T23:10:38.084,116.078,0,1176.0,66,,100.125,30.98,-4.0,0.0,1.001,1.035,0.016,13750,29.02,16.078,13,,,,14.375,,,,,,,,,
2026-09-25T23:10:38.213,116.207,0,1112.25,65,,100.125,34.902,1.0,0.0,1.0,1.021,0.0,13920,29.02,16.078,14,,,,,98,,,,,,,,
2026-09-25T23:10:38.344,116.337,0,1097.0,64,,100.125,36.863,3.5,0.0,1.0,0.999,-0.023,14200,29.02,16.078,14,,,,,,21,,,,,,,
2026-09-25T23:10:38.473,116.467,0,1083.25,64,,100.125,37.647,9.0,0.0,1.0,0.996,-0.031,14170,29.02,16.471,14,,,,,,,20.0,,,,,,
2026-09-25T23:10:38.603,116.597,0,1069.0,67,,100.125,40.0,4.5,0.0,1.0,0.999,-0.02,14460,29.02,16.078,15,,,,,,,,304.1,,,,,
2026-09-25T23:10:38.733,116.727,0,1085.25,66,,100.125,39.608,5.0,0.0,1.0,1.0,-0.02,14720,29.02,16.078,15,,,,,,,,,0.675,,,,
2026-09-25T23:10:38.864,116.857,0,1108.25,64,,100.188,36.863,8.5,0.0,1.0,0.999,-0.023,14740,29.02,16.078,15,,,,,,,,,,,0.0,,
2026-09-25T23:10:39.003,116.997,0,1118.75,64,,100.281,36.471,10.0,0.0,1.0,0.997,-0.027,14500,29.02,16.078,15,,,,,,,,,,,,45.49,
2026-09-25T23:10:39.133,117.127,0,1142.5,63,,100.25,35.686,10.5,0.0,1.0,1.0,-0.02,13980,28.235,15.686,16,,,,,,,,,,,,,137
2026-09-25T23:10:39.263,117.257,0,1168.0,61,,100.281,31.765,11.0,0.0,1.0,1.014,-0.008,13380,27.059,14.902,16,103,,,,,,,,,,,,
2026-09-25T23:10:39.394,117.388,0,1181.0,58,,100.438,29.02,11.5,0.0,1.0,1.013,-0.008,12670,27.059,15.294,16,,45,,,,,,,,,,,
2026-09-25T23:10:39.523,117.517,0,1194.25,55,,100.281,27.843,12.0,0.0,1.0,1.0,-0.02,12210,27.059,15.294,16,,,0.781,,,,,,,,,,
2026-09-25T23:10:39.654,117.647,0,1212.5,53,,100.125,26.667,12.5,0.0,1.0,0.996,-0.031,11980,27.059,14.902,17,,,,14.316,,,,,,,,,
2026-09-25T23:10:39.783,117.777,0,1226.75,52,,100.125,25.882,12.5,0.0,1.0,0.985,-0.059,11720,26.667,15.294,17,,,,,98,,,,,,,,
2026-09-25T23:10:39.913,117.907,0,1246.0,53,,99.812,25.882,13.0,-0.781,1.0,0.985,-0.059,11210,26.275,15.294,17,,,,,,21,,,,,,,
2026-09-25T23:10:40.043,118.037,0,1262.75,52,,99.781,23.922,13.0,-0.781,1.0,0.992,-0.039,10600,25.882,14.902,17,,,,,,,20.0,,,,,,
2026-09-25T23:10:40.173,118.167,0,1273.0,49,,99.781,22.353,13.5,-0.781,1.0,0.984,-0.062,10440,25.882,15.294,17,,,,,,,,305.4,,,,,
2026-09-25T23:10:40.304,118.297,0,1288.0,49,,99.594,22.745,14.0,-1.562,1.0,0.981,-0.07,10390,26.275,15.686,18,,,,,,,,,0.675,,,,
2026-09-25T23:10:40.433,118.427,0,1301.75,48,,99.469,21.961,14.0,-1.562,1.0,0.989,-0.047,9900,26.275,15.686,18,,,,,,,,,,,0.0,,
2026-09-25T23:10:40.563,118.557,0,1318.5,49,,99.469,21.569,14.0,-0.781,1.0,1.002,-0.02,9300,26.275,16.078,18,,,,,,,,,,,,33.725,
2026-09-25T23:10:40.693,118.687,0,1326.5,49,,99.25,21.961,14.0,0.0,1.0,1.017,-0.004,10210,26.275,15.686,18,,,,,,,,,,,,,139
2026-09-25T23:10:40.824,118.818,0,1333.75,51,,99.156,21.569,14.0,0.0,1.0,0.995,-0.035,9760,26.275,15.686,18,103,,,,,,,,,,,,
2026-09-25T23:10:40.953,118.947,0,1348.25,51,,99.156,21.569,14.0,-0.781,1.0,0.995,-0.031,9750,26.275,16.078,18,,44,,,,,,,,,,,
2026-09-25T23:10:41.083,119.076,0,1357.0,50,,99.156,21.176,14.0,0.0,1.0,1.008,-0.012,10480,26.275,16.078,19,,,0.781,,,,,,,,,,
2026-09-25T23:10:41.213,119.206,0,1364.25,51,,99.125,21.176,14.0,-0.781,1.0,0.994,-0.035,10150,26.275,16.078,19,,,,14.394,,,,,,,,,
2026-09-25T23:10:41.343,119.337,0,1374.75,52,,99.156,20.784,14.0,-1.562,1.0,0.992,-0.039,9830,26.275,16.078,19,,,,,98,,,,,,,,
2026-09-25T23:10:41.473,119.467,0,1379.25,50,,99.094,21.176,14.0,-0.781,1.0,1.007,-0.012,10690,26.275,16.078,19,,,,,,21,,,,,,,
2026-09-25T23:10:41.603,119.596,0,1385.75,52,,99.031,20.784,14.0,-0.781,1.0,0.99,-0.047,10030,26.275,16.078,19,,,,,,,20.0,,,,,,
2026-09-25T23:10:41.733,119.727,0,1410.5,51,,99.062,20.392,14.5,-1.562,1.0,0.994,-0.035,10250,25.49,16.078,19,,,,,,,,307.5,,,,,
2026-09-25T23:10:41.864,119.857,0,1421.25,51,,99.0,19.608,14.5,-0.781,1.0,0.999,-0.023,10260,21.961,14.118,19,,,,,,,,,0.655,,,,
2026-09-25T23:10:42.003,119.997,0,1425.5,46,,99.156,16.471,14.0,-1.562,1.0,0.986,-0.055,9580,19.608,13.725,19,,,,,,,,,,,0.0,,
2026-09-25T23:10:42.133,120.127,0,1412.5,38,,99.156,14.51,16.5,-0.781,1.0,1.012,-0.008,9150,20.0,13.333,19,,,,,,,,,,,,21.569,
2026-09-25T23:10:42.263,120.256,0,1395.5,29,,99.156,10.98,18.5,0.0,1.0,1.037,0.02,8900,20.0,12.157,19,,,,,,,,,,,,,140
2026-09-25T23:10:42.393,120.387,0,1386.5,25,,99.125,9.02,25.5,0.0,1.0,1.021,0.0,8460,20.0,12.157,19,103,,,,,,,,,,,,
2026-09-25T23:10:42.523,120.517,0,1377.0,23,,98.906,8.235,30.0,-1.562,1.0,0.977,-0.082,8090,20.0,12.549,19,,44,,,,,,,,,,,
2026-09-25T23:10:42.653,120.646,0,1391.5,22,,98.812,7.843,30.0,-0.781,1.001,0.999,-0.02,7720,20.0,12.549,19,,,1.562,,,,,,,,,,
2026-09-25T23:10:42.783,120.777,0,1364.25,22,,98.812,8.235,29.5,0.0,1.001,1.033,0.016,7350,20.392,12.549,19,,,,14.296,,,,,,,,,
2026-09-25T23:10:42.914,120.907,0,1357.75,22,,98.781,7.843,23.0,0.781,1.002,1.042,0.023,6990,20.784,12.549,18,,,,,98,,,,,,,,
2026-09-25T23:10:43.043,121.036,0,1332.25,22,,98.75,8.627,29.0,1.562,1.002,1.054,0.039,6600,20.784,12.549,18,,,,,,21,,,,,,,
2026-09-25T23:10:43.174,121.167,0,1341.5,23,,98.562,8.627,27.5,1.562,1.002,1.05,0.035,6190,18.824,12.549,18,,,,,,,20.0,,,,,,
2026-09-25T23:10:43.303,121.296,0,1314.0,23,,98.5,8.235,19.0,1.562,1.002,1.026,0.008,5830,14.51,12.549,18,,,,,,,,309.2,,,,,
2026-09-25T23:10:43.433,121.427,0,1309.75,22,,98.5,0.0,14.0,1.562,1.002,1.028,0.008,5510,14.51,12.549,18,,,,,,,,,0.625,,,,
2026-09-25T23:10:43.563,121.556,0,1286.75,22,,98.5,0.0,8.0,1.562,1.002,1.017,-0.004,5130,14.51,12.549,17,,,,,,,,,,,0.0,,
2026-09-25T23:10:43.693,121.686,0,1254.75,22,,98.5,0.0,2.5,0.781,1.002,1.005,-0.016,4800,14.51,12.549,17,,,,,,,,,,,,12.941,
2026-09-25T23:10:43.824,121.817,0,1242.5,22,,98.5,0.0,-2.5,0.0,1.002,0.997,-0.027,4430,17.255,12.549,17,,,,,,,,,,,,,142
2026-09-25T23:10:43.963,121.956,0,1236.5,23,,98.406,0.0,-5.5,0.0,1.002,0.997,-0.027,4190,17.255,12.157,17,102,,,,,,,,,,,,
2026-09-25T23:10:44.094,122.087,0,1207.5,24,,98.188,0.0,-2.5,0.0,1.002,1.066,0.055,4230,21.569,12.941,16,,44,,,,,,,,,,,
2026-09-25T23:10:44.223,122.217,0,1198.5,24,,98.188,10.196,23.5,0.0,1.001,1.2,0.195,4630,24.706,14.51,16,,,0.781,,,,,,,,,,
2026-09-25T23:10:44.354,122.348,0,1217.25,28,,98.094,16.078,15.5,0.0,0.99,1.175,0.168,4230,26.667,14.902,16,,,,14.355,,,,,,,,,
2026-09-25T23:10:44.483,122.476,0,1208.25,38,,97.938,18.824,13.0,0.0,0.952,1.029,0.008,4370,26.667,15.294,16,,,,,98,,,,,,,,
2026-09-25T23:10:44.613,122.607,0,1167.75,41,,97.875,21.961,12.0,0.0,0.924,0.964,-0.109,5260,26.667,15.686,16,,,,,,21,,,,,,,
2026-09-25T23:10:44.744,122.737,0,1198.0,44,,97.875,23.922,12.5,0.0,0.913,0.925,-0.199,5900,25.882,15.294,16,,,,,,,20.0,,,,,,
2026-09-25T23:10:44.873,122.867,0,1194.25,48,,97.875,23.137,12.5,0.0,0.901,0.898,-0.266,6320,25.49,14.902,16,,,,,,,,309.9,,,,,
2026-09-25T23:10:45.003,122.996,0,1202.5,47,,97.906,23.529,12.5,0.0,0.891,0.896,-0.273,7200,24.706,14.51,16,,,,,,,,,0.7,,,,
2026-09-25T23:10:45.133,123.126,0,1205.25,44,,98.094,22.353,13.0,0.0,0.878,0.883,-0.309,7980,24.706,14.902,16,,,,,,,,,,,0.0,,
2026-09-25T23:10:45.263,123.257,0,1208.0,44,,98.094,21.176,13.0,-0.781,0.908,0.898,-0.266,7680,24.706,14.902,16,,,,,,,,,,,,29.412,
2026-09-25T23:10:45.393,123.387,0,1218.75,43,,98.062,21.176,13.0,-0.781,0.959,0.951,-0.137,7530,24.706,14.902,17,,,,,,,,,,,,,143
2026-09-25T23:10:45.524,123.517,0,1224.0,43,,98.156,21.176,13.5,0.0,0.982,0.984,-0.059,8230,24.314,14.902,17,102,,,,,,,,,,,,
2026-09-25T23:10:45.653,123.647,0,1230.75,42,,98.031,20.0,13.5,0.0,0.993,0.985,-0.059,7980,24.314,14.902,17,,45,,,,,,,,,,,
2026-09-25T23:10:45.783,123.776,0,1241.0,43,,98.031,19.608,14.0,-0.781,0.997,0.987,-0.051,7250,24.314,14.902,17,,,0.781,,,,,,,,,,
2026-09-25T23:10:45.913,123.906,0,1241.0,42,,98.094,20.0,14.0,0.0,0.999,1.011,-0.008,7510,24.314,14.902,17,,,,14.355,,,,,,,,,
2026-09-25T23:10:46.044,124.037,0,1238.5,42,,98.094,19.216,14.0,0.0,0.999,1.004,-0.016,7990,24.706,14.902,17,,,,,98,,,,,,,,
2026-09-25T23:10:46.173,124.166,0,1242.75,43,,98.031,19.216,14.0,0.0,1.0,0.989,-0.047,7140,24.706,14.902,17,,,,,,21,,,,,,,
2026-09-25T23:10:46.303,124.296,0,1252.25,43,,97.969,20.392,14.0,0.0,1.0,1.006,-0.016,7290,24.706,14.902,17,,,,,,,20.0,,,,,,
2026-09-25T23:10:46.433,124.427,0,1261.0,43,,98.031,20.392,14.0,0.0,1.0,1.019,0.0,8330,24.706,14.902,17,,,,,,,,311.6,,,,,
2026-09-25T23:10:46.563,124.556,0,1263.5,45,,98.031,19.216,14.0,0.0,1.0,0.983,-0.062,7860,24.706,14.902,17,,,,,,,,,0.705,,,,
2026-09-25T23:10:46.693,124.687,0,1267.25,44,,98.031,20.0,14.0,0.0,1.0,0.996,-0.031,7690,24.706,14.902,17,,,,,,,,,,,0.0,,
2026-09-25T23:10:46.823,124.817,0,1270.5,43,,98.0,20.0,14.0,0.0,1.0,1.005,-0.016,8120,24.706,14.902,17,,,,,,,,,,,,29.02,
2026-09-25T23:10:46.953,124.947,0,1270.0,42,,98.094,19.608,14.0,0.0,1.0,0.995,-0.035,8190,24.706,15.294,17,,,,,,,,,,,,,145
2026-09-25T23:10:47.084,125.077,0,1284.0,44,,97.938,19.608,14.0,-0.781,1.0,0.988,-0.051,7820,25.098,15.294,17,102,,,,,,,,,,,,
2026-09-25T23:10:47.214,125.207,0,1295.0,44,,98.0,20.0,14.0,0.0,1.0,0.998,-0.023,8810,25.882,15.686,17,,44,,,,,,,,,,,
2026-09-25T23:10:47.343,125.337,0,1302.75,45,,97.906,20.392,14.0,0.0,1.0,0.995,-0.031,9240,27.843,16.078,18,,,0.781,,,,,,,,,,
2026-09-25T23:10:47.474,125.467,0,1311.75,53,,97.875,21.961,13.5,-0.781,1.0,0.979,-0.074,9260,29.412,17.255,18,,,,14.257,,,,,,,,,
2026-09-25T23:10:47.603,125.596,0,1317.25,57,,97.875,25.882,13.0,-0.781,1.0,0.996,-0.027,9940,29.804,18.039,18,,,,,98,,,,,,,,
2026-09-25T23:10:47.734,125.727,0,1328.75,63,,97.875,28.235,13.0,0.0,1.0,1.01,-0.012,11200,30.588,19.216,18,,,,,,21,,,,,,,
2026-09-25T23:10:47.864,125.857,0,1353.5,75,,97.875,31.373,13.5,0.0,1.0,1.017,-0.004,11980,30.588,20.0,18,,,,,,,20.0,,,,,,
2026-09-25T23:10:48.004,125.997,0,1387.25,77,,98.188,31.373,13.5,0.0,1.0,1.021,0.0,12610,30.588,19.608,19,,,,,,,,313.5,,,,,
2026-09-25T23:10:48.133,126.127,0,1405.75,77,,98.5,30.588,14.0,1.562,1.0,1.034,0.016,13530,30.588,20.0,19,,,,,,,,,0.665,,,,
2026-09-25T23:10:48.263,126.256,0,1436.75,78,,98.938,30.196,14.0,1.562,1.0,1.027,0.008,14470,30.98,21.176,19,,,,,,,,,,,0.0,,
2026-09-25T23:10:48.393,126.387,0,1464.5,81,,99.25,30.196,14.0,2.344,1.0,1.032,0.012,15090,30.588,21.569,20,,,,,,,,,,,,52.157,
2026-09-25T23:10:48.523,126.516,0,1488.25,82,,99.656,29.02,14.0,3.125,1.0,1.039,0.023,15630,30.588,21.569,20,,,,,,,,,,,,,146
2026-09-25T23:10:48.654,126.647,0,1524.5,83,,100.562,27.059,14.0,3.906,1.0,1.048,0.031,15460,30.588,21.176,21,101,,,,,,,,,,,,
2026-09-25T23:10:48.783,126.777,0,1553.75,82,,101.062,26.667,14.5,4.688,1.0,1.041,0.023,15290,30.588,21.176,21,,44,,,,,,,,,,,
2026-09-25T23:10:48.913,126.906,0,1580.0,81,,101.375,25.49,15.0,5.469,1.0,1.03,0.012,15200,30.588,21.176,22,,,0.781,,,,,,,,,,
2026-09-25T23:10:49.043,127.037,0,1614.0,82,,101.781,24.314,15.0,5.469,1.0,1.026,0.008,15110,30.588,21.569,22,,,,14.335,,,,,,,,,
2026-09-25T23:10:49.174,127.167,0,1651.75,83,,102.5,23.529,15.0,6.25,1.0,1.021,0.0,14990,30.588,21.961,23,,,,,98,,,,,,,,
2026-09-25T23:10:49.304,127.297,0,1692.75,83,,102.875,23.529,15.5,6.25,1.0,1.02,0.0,14910,30.588,21.961,23,,,,,,21,,,,,,,
2026-09-25T23:10:49.434,127.427,0,1719.75,84,,103.281,23.137,15.5,6.25,1.0,1.021,0.0,14880,30.588,21.569,23,,,,,,,20.0,,,,,,
2026-09-25T23:10:49.563,127.556,0,1752.75,83,,104.094,22.353,15.5,7.031,1.0,1.014,-0.008,14800,30.588,21.569,24,,,,,,,,315.3,,,,,
2026-09-25T23:10:49.694,127.687,0,1777.25,83,,104.438,21.961,15.5,6.25,1.0,1.003,-0.016,14860,30.588,21.961,25,,,,,,,,,0.54,,,,
2026-09-25T23:10:49.823,127.816,0,1821.75,83,,104.781,22.353,15.5,6.25,1.0,1.0,-0.02,14960,30.588,21.176,25,,,,,,,,,,,0.0,,
2026-09-25T23:10:49.953,127.947,0,1821.75,84,,105.656,21.961,16.0,6.25,1.0,0.999,-0.023,14920,30.196,20.784,25,,,,,,,,,,,,48.235,
2026-09-25T23:10:50.084,128.077,0,1868.25,81,,106.0,21.176,16.0,7.031,1.0,0.999,-0.023,14760,29.804,20.392,25,,,,,,,,,,,,,148
2026-09-25T23:10:50.213,128.206,0,1879.75,81,,106.312,21.569,17.0,6.25,1.0,0.992,-0.043,14590,29.804,20.784,26,101,,,,,,,,,,,,
2026-09-25T23:10:50.344,128.337,0,1897.0,79,,106.312,21.176,16.5,5.469,1.001,0.992,-0.039,14450,29.804,20.392,26,,44,,,,,,,,,,,
2026-09-25T23:10:50.473,128.467,0,1901.0,78,,106.594,20.392,-17.5,5.469,1.001,0.993,-0.035,14190,29.02,18.824,26,,,0.781,,,,,,,,,,
2026-09-25T23:10:50.603,128.597,0,1690.25,76,,106.938,20.0,-7.0,5.469,1.001,0.994,-0.035,14160,28.235,16.863,27,,,,14.414,,,,,,,,,
2026-09-25T23:10:50.734,128.727,0,1525.0,70,,107.844,19.608,-7.0,5.469,1.001,0.998,-0.023,13670,26.275,16.078,27,,,,,98,,,,,,,,
2026-09-25T23:10:50.863,128.856,0,1462.25,60,,107.188,21.176,-7.0,5.469,1.001,0.99,-0.043,12930,24.314,14.51,27,,,,,,21,,,,,,,
2026-09-25T23:10:50.993,128.987,0,1415.5,52,,106.562,20.0,-1.0,3.906,1.001,0.958,-0.125,12320,23.529,14.118,27,,,,,,,20.0,,,,,,
2026-09-25T23:10:51.123,129.117,0,1374.75,46,,106.188,18.431,4.5,1.562,1.0,0.937,-0.172,11940,23.529,14.51,27,,,,,,,,318.8,,,,,
2026-09-25T23:10:51.253,129.246,0,1331.25,43,,103.062,18.431,7.5,0.781,1.0,0.944,-0.152,11490,23.137,14.118,27,,,,,,,,,0.69,,,,
2026-09-25T23:10:51.383,129.376,0,1298.0,42,,104.0,18.431,14.0,0.781,1.0,0.951,-0.141,11080,16.471,11.765,27,,,,,,,,,,,0.0,,
2026-09-25T23:10:51.513,129.506,0,1237.5,35,,104.531,0.0,18.5,0.0,1.0,0.944,-0.152,10720,14.51,12.157,27,,,,,,,,,,,,16.863,
2026-09-25T23:10:51.644,129.637,0,1228.75,28,,101.812,0.0,23.5,0.0,1.0,0.934,-0.18,10340,14.51,12.157,27,,,,,,,,,,,,,149
2026-09-25T23:10:51.773,129.766,0,1231.25,23,,101.062,0.0,27.5,0.0,1.0,0.964,-0.109,10040,14.51,12.157,27,102,,,,,,,,,,,,
2026-09-25T23:10:51.903,129.896,0,1230.5,23,,100.625,0.0,15.5,0.781,1.001,0.996,-0.031,9710,14.51,12.157,27,,43,,,,,,,,,,,
2026-09-25T23:10:52.034,130.027,0,1232.75,22,,100.375,0.0,14.0,2.344,1.001,1.025,0.004,9400,14.51,12.157,26,,,1.562,,,,,,,,,,
2026-09-25T23:10:52.163,130.156,0,1223.0,22,,99.781,0.0,8.0,2.344,1.002,1.028,0.008,9030,14.51,12.157,26,,,,14.355,,,,,,,,,
2026-09-25T23:10:52.294,130.287,0,1216.25,22,,99.5,0.0,3.5,3.125,1.002,1.039,0.02,8710,14.51,12.157,26,,,,,98,,,,,,,,
2026-09-25T23:10:52.423,130.416,0,1202.75,22,,99.469,0.0,-1.0,3.125,1.002,1.035,0.016,8390,14.51,12.157,26,,,,,,21,,,,,,,
2026-09-25T23:10:52.553,130.546,0,1195.75,22,,99.156,0.0,-1.0,3.125,1.002,1.03,0.012,8080,14.51,12.157,26,,,,,,,20.0,,,,,,
2026-09-25T23:10:52.683,130.677,0,1177.5,22,,98.812,0.0,-1.5,3.906,1.002,1.041,0.023,7780,14.51,12.157,26,,,,,,,,320.8,,,,,
2026-09-25T23:10:52.813,130.807,0,1168.5,22,,98.812,0.0,-1.0,4.688,1.002,1.053,0.039,7460,14.51,12.157,26,,,,,,,,,0.635,,,,
2026-09-25T23:10:52.944,130.937,0,1164.0,22,,98.875,0.0,-1.5,5.469,1.002,1.056,0.039,7140,14.51,12.157,25,,,,,,,,,,,0.0,,
2026-09-25T23:10:53.073,131.067,0,1156.0,22,,98.812,0.0,-2.5,0.0,1.002,1.058,0.043,6830,14.51,12.157,25,,,,,,,,,,,,12.941,
2026-09-25T23:10:53.203,131.196,0,1148.0,22,,98.812,0.0,-6.5,0.0,1.002,1.048,0.031,6590,14.51,12.157,25,,,,,,,,,,,,,151
2026-09-25T23:10:53.333,131.326,0,1114.25,24,,98.812,0.0,-7.0,0.0,1.002,1.099,0.086,6450,14.51,12.157,24,103,,,,,,,,,,,,
2026-09-25T23:10:53.463,131.456,0,1113.0,25,,98.5,0.0,-7.5,0.0,1.003,1.146,0.137,7510,14.51,12.157,24,,43,,,,,,,,,,,
2026-09-25T23:10:53.593,131.587,0,1086.25,25,,98.5,0.0,-7.5,0.0,0.998,1.386,0.355,8560,14.51,12.157,24,,,2.344,,,,,,,,,,
2026-09-25T23:10:53.723,131.716,0,1064.25,25,,98.5,0.0,-8.5,0.0,0.998,1.742,0.57,8590,14.51,11.765,23,,,,14.433,,,,,,,,,
2026-09-25T23:10:53.853,131.847,0,1041.5,25,,98.5,0.0,-8.5,0.0,1.023,2.0,0.75,8870,14.51,11.765,22,,,,,98,,,,,,,,
2026-09-25T23:10:53.984,131.977,0,1027.0,26,,98.469,0.0,-8.5,0.0,1.066,2.0,0.879,9570,14.51,11.765,22,,,,,,21,,,,,,,
2026-09-25T23:10:54.113,132.106,0,1009.25,25,,98.469,0.0,-9.5,0.0,1.141,2.0,0.977,9620,14.51,12.157,21,,,,,,,20.0,,,,,,
2026-09-25T23:10:54.243,132.237,0,985.25,25,,98.469,14.902,-10.0,0.0,1.177,2.0,1.043,9530,14.51,12.157,21,,,,,,,,322.7,,,,,
2026-09-25T23:10:54.373,132.366,0,956.25,27,,98.219,15.294,-7.0,0.0,1.137,2.0,1.016,9320,14.51,11.765,20,,,,,,,,,0.135,,,,
2026-09-25T23:10:54.503,132.496,0,994.5,28,,98.25,15.294,-4.0,0.0,1.086,2.0,0.863,8910,14.51,12.157,20,,,,,,,,,,,0.0,,
2026-09-25T23:10:54.633,132.626,0,1040.5,25,,98.219,12.549,-8.5,0.0,1.061,2.0,0.691,8450,14.51,12.157,19,,,,,,,,,,,,14.51,
2026-09-25T23:10:54.763,132.756,0,1058.25,23,,98.188,11.373,-8.5,0.0,1.024,1.345,0.324,8040,14.51,12.157,19,,,,,,,,,,,,,153
2026-09-25T23:10:54.894,132.887,0,1076.5,23,,98.188,10.588,-8.5,0.0,0.978,1.075,0.062,7770,14.51,12.157,18,103,,,,,,,,,,,,
2026-09-25T23:10:55.023,133.017,0,1060.0,23,,98.188,10.588,-8.5,0.0,0.95,1.032,0.012,7420,14.51,11.765,18,,44,,,,,,,,,,,
2026-09-25T23:10:55.153,133.146,0,1028.5,22,,98.125,11.373,-9.5,0.0,0.93,1.038,0.02,7140,14.51,11.765,17,,,2.344,,,,,,,,,,
2026-09-25T23:10:55.283,133.276,0,921.0,22,,98.062,11.373,0.5,0.0,0.921,1.053,0.039,6880,14.51,12.549,17,,,,14.355,,,,,,,,,
2026-09-25T23:10:55.413,133.406,0,872.5,22,,97.938,12.549,7.0,0.0,0.914,1.026,0.008,6560,14.51,12.549,16,,,,,98,,,,,,,,
2026-09-25T23:10:55.543,133.536,0,832.0,26,,97.875,16.471,3.5,5.469,0.911,1.036,0.02,6300,14.51,12.549,16,,,,,,21,,,,,,,
2026-09-25T23:10:55.673,133.666,0,807.75,30,,97.875,17.647,2.5,5.469,0.909,1.026,0.008,5880,14.51,12.157,15,,,,,,,20.0,,,,,,
2026-09-25T23:10:55.803,133.796,0,805.0,32,,97.875,19.608,-2.0,6.25,0.908,1.0,-0.02,5540,14.51,12.157,15,,,,,,,,323.2,,,,,
2026-09-25T23:10:55.933,133.926,0,798.0,32,,97.875,18.824,-2.5,5.469,0.907,0.979,-0.074,5090,14.51,12.157,14,,,,,,,,,0.15,,,,
2026-09-25T23:10:56.063,134.057,0,794.25,32,,97.875,18.824,-1.0,5.469,0.906,0.961,-0.117,4760,14.51,12.157,13,,,,,,,,,,,0.0,,
2026-09-25T23:10:56.194,134.187,0,785.75,31,,97.875,18.039,3.0,4.688,0.906,0.947,-0.148,4440,14.51,12.549,13,,,,,,,,,,,,19.216,
2026-09-25T23:10:56.323,134.316,0,776.5,31,,97.875,18.824,5.5,4.688,0.906,0.934,-0.18,4000,14.51,12.549,12,,,,,,,,,,,,,154
2026-09-25T23:10:56.453,134.447,0,770.75,32,,97.844,20.0,4.0,4.688,0.905,0.928,-0.195,3680,14.51,12.549,11,103,,,,,,,,,,,,
2026-09-25T23:10:56.584,134.577,0,766.0,34,,97.844,20.784,2.0,4.688,0.903,0.924,-0.199,3320,14.51,12.549,11,,44,,,,,,,,,,,
2026-09-25T23:10:56.713,134.706,0,766.5,34,,97.75,21.176,0.0,5.469,0.9,0.927,-0.195,2920,14.51,12.549,11,,,1.562,,,,,,,,,,
2026-09-25T23:10:56.843,134.836,0,763.75,35,,97.812,21.176,3.0,5.469,0.896,0.928,-0.191,2810,16.078,12.549,11,,,,14.355,,,,,,,,,
2026-09-25T23:10:56.973,134.966,0,761.75,36,,97.688,22.353,0.5,6.25,0.891,0.93,-0.188,2560,19.608,12.549,10,,,,,98,,,,,,,,
2026-09-25T23:10:57.103,135.096,0,767.5,36,,97.656,21.961,11.0,7.031,0.887,0.93,-0.188,2590,22.353,13.333,10,,,,,,21,,,,,,,
2026-09-25T23:10:57.233,135.227,0,773.25,38,,97.562,24.314,9.0,7.812,0.884,0.928,-0.191,3060,23.922,14.902,10,,,,,,,20.0,,,,,,
2026-09-25T23:10:57.363,135.356,0,786.25,50,,97.469,37.647,8.0,7.812,0.883,0.919,-0.215,4070,26.275,16.078,10,,,,,,,,323.3,,,,,
2026-09-25T23:10:57.493,135.486,0,865.0,57,,97.344,40.392,4.0,7.031,0.881,0.886,-0.305,4340,27.451,16.078,11,,,,,,,,,0.225,,,,
2026-09-25T23:10:57.624,135.617,0,986.75,61,,97.5,41.176,8.0,4.688,0.881,0.861,-0.379,4610,28.235,16.078,11,,,,,,,,,,,0.0,,
2026-09-25T23:10:57.753,135.746,0,1100.0,62,,97.531,35.686,9.0,4.688,0.881,0.861,-0.375,5230,28.235,16.078,11,,,,,,,,,,,,43.137,
2026-09-25T23:10:57.883,135.877,0,1111.25,60,,97.531,33.725,9.5,3.906,0.881,0.854,-0.402,6260,27.843,16.078,11,,,,,,,,,,,,,156
2026-09-25T23:10:58.013,136.007,0,1100.25,59,,97.562,34.51,9.5,3.125,0.882,0.859,-0.383,6940,27.059,16.078,11,103,,,,,,,,,,,,
2026-09-25T23:10:58.143,136.136,0,1119.25,61,,97.75,32.549,10.0,2.344,0.923,0.902,-0.254,7220,23.137,14.118,12,,45,,,,,,,,,,,
2026-09-25T23:10:58.273,136.266,0,1122.75,51,,98.188,27.059,11.0,2.344,0.969,0.933,-0.184,8140,16.078,12.157,12,,,1.562,,,,,,,,,,
2026-09-25T23:10:58.403,136.396,0,1114.75,43,,98.375,21.176,-7.0,0.781,0.984,0.927,-0.195,8870,14.51,12.157,12,,,,14.375,,,,,,,,,
2026-09-25T23:10:58.534,136.527,0,1080.5,32,,98.156,16.471,-2.0,0.0,0.992,0.92,-0.211,8780,14.51,12.549,12,,,,,98,,,,,,,,
2026-09-25T23:10:58.663,136.656,0,1028.75,29,,97.938,16.078,-1.0,0.0,0.995,0.934,-0.18,8430,14.51,12.549,12,,,,,,21,,,,,,,
2026-09-25T23:10:58.793,136.786,0,971.5,30,,97.906,17.647,1.5,0.0,0.997,0.947,-0.148,8090,14.51,12.941,12,,,,,,,20.0,,,,,,
2026-09-25T23:10:58.923,136.916,0,932.75,31,,97.875,18.431,-1.5,0.0,0.998,0.958,-0.125,7790,14.51,12.941,12,,,,,,,,324.0,,,,,
2026-09-25T23:10:59.053,137.047,0,896.25,33,,97.875,20.392,-1.5,0.0,1.0,0.973,-0.09,7800,14.51,12.549,12,,,,,,,,,0.815,,,,
2026-09-25T23:10:59.183,137.176,0,875.5,36,,97.875,21.961,-2.5,0.0,1.0,0.989,-0.047,7410,14.51,12.549,12,,,,,,,,,,,0.0,,
2026-09-25T23:10:59.313,137.306,0,874.25,35,,97.875,21.961,-4.5,0.781,1.0,0.998,-0.023,6940,14.51,12.549,12,,,,,,,,,,,,23.922,
2026-09-25T23:10:59.444,137.438,0,869.5,36,,97.875,22.353,-1.5,0.781,1.0,0.997,-0.027,6620,14.51,12.549,12,,,,,,,,,,,,,157
2026-09-25T23:10:59.573,137.566,0,859.0,37,,97.844,22.353,-4.0,0.0,1.0,0.992,-0.039,6430,14.51,12.549,12,103,,,,,,,,,,,,
2026-09-25T23:10:59.703,137.697,0,866.5,37,,97.719,23.137,-4.5,0.0,1.0,0.994,-0.035,6170,14.51,12.941,12,,44,,,,,,,,,,,
2026-09-25T23:10:59.833,137.826,0,876.25,38,,97.875,23.529,-5.5,0.0,1.0,0.997,-0.027,5690,14.51,12.549,12,,,1.562,,,,,,,,,,
2026-09-25T23:10:59.964,137.957,0,867.75,37,,97.875,23.137,-4.5,0.0,1.0,0.996,-0.031,5330,14.51,12.941,12,,,,14.414,,,,,,,,,
2026-09-25T23:11:00.093,138.086,0,875.5,37,,97.875,23.137,-6.0,0.0,1.0,0.992,-0.043,4880,14.51,12.549,11,,,,,98,,,,,,,,
2026-09-25T23:11:00.223,138.217,0,882.75,37,,97.875,22.353,-5.0,0.0,1.0,0.988,-0.051,4850,14.51,12.549,11,,,,,,21,,,,,,,
2026-09-25T23:11:00.353,138.347,0,883.75,37,,97.875,22.353,-4.5,0.0,1.0,0.981,-0.07,4710,14.51,12.549,11,,,,,,,20.0,,,,,,
2026-09-25T23:11:00.483,138.476,0,881.5,36,,97.875,21.961,-3.0,0.0,1.0,0.971,-0.094,4310,14.51,12.549,11,,,,,,,,325.2,,,,,
2026-09-25T23:11:00.613,138.606,0,876.0,36,,97.844,22.353,-3.0,-0.781,1.0,0.964,-0.109,4130,14.51,12.941,11,,,,,,,,,0.675,,,,
2026-09-25T23:11:00.743,138.736,0,872.25,36,,97.844,22.745,-3.0,-1.562,1.0,0.967,-0.105,4320,14.51,12.549,10,,,,,,,,,,,0.0,,
2026-09-25T23:11:00.873,138.867,0,871.5,37,,97.844,23.137,-5.5,-1.562,1.0,0.97,-0.098,4810,14.51,12.549,10,,,,,,,,,,,,24.706,
2026-09-25T23:11:01.003,138.996,0,875.75,37,,97.844,23.137,-4.0,-0.781,1.0,0.975,-0.086,4920,14.51,12.549,10,,,,,,,,,,,,,159
2026-09-25T23:11:01.133,139.126,0,875.0,38,,97.75,23.529,-5.0,-1.562,1.0,0.962,-0.113,4980,14.51,12.549,10,103,,,,,,,,,,,,
2026-09-25T23:11:01.263,139.256,0,879.0,37,,97.812,23.137,-4.0,-3.125,1.0,0.946,-0.148,5010,14.51,12.549,10,,45,,,,,,,,,,,
2026-09-25T23:11:01.393,139.386,0,882.5,37,,97.812,23.137,-3.5,-3.906,1.0,0.942,-0.156,5070,14.51,12.941,9,,,1.562,,,,,,,,,,
2026-09-25T23:11:01.523,139.516,0,883.25,37,,97.812,22.353,-4.5,-4.688,1.0,0.942,-0.16,5270,14.51,12.549,9,,,,14.433,,,,,,,,,
2026-09-25T23:11:01.653,139.646,0,885.25,37,,97.75,23.137,-4.5,-4.688,1.0,0.945,-0.152,5490,14.51,12.549,9,,,,,98,,,,,,,,
2026-09-25T23:11:01.783,139.776,0,883.5,37,,97.781,23.137,-4.5,-4.688,1.0,0.946,-0.148,5500,14.51,12.549,9,,,,,,21,,,,,,,
2026-09-25T23:11:01.913,139.906,0,884.0,38,,97.719,23.922,-5.0,-5.469,1.0,0.947,-0.148,5460,14.51,12.941,8,,,,,,,20.0,,,,,,
2026-09-25T23:11:02.044,140.037,0,875.25,38,,97.719,23.922,-4.5,-5.469,1.0,0.951,-0.137,5380,14.51,12.549,8,,,,,,,,326.5,,,,,
2026-09-25T23:11:02.173,140.166,0,874.75,38,,97.688,23.529,-4.0,-6.25,1.0,0.951,-0.137,5310,14.51,12.549,7,,,,,,,,,0.815,,,,
2026-09-25T23:11:02.303,140.297,0,868.75,38,,97.625,24.314,-7.0,-6.25,1.0,0.948,-0.145,5320,14.51,12.549,7,,,,,,,,,,,0.0,,
2026-09-25T23:11:02.433,140.426,0,863.75,38,,97.594,23.529,-5.0,-7.031,1.0,0.949,-0.141,5350,14.51,12.549,6,,,,,,,,,,,,24.706,
2026-09-25T23:11:02.563,140.556,0,851.5,37,,97.594,23.137,-5.5,-7.812,1.0,0.946,-0.152,5390,14.51,12.549,6,,,,,,,,,,,,,160
2026-09-25T23:11:02.693,140.687,0,840.75,38,,97.656,23.529,-6.0,-7.812,1.0,0.944,-0.152,5370,14.51,12.549,5,103,,,,,,,,,,,,
2026-09-25T23:11:02.824,140.817,0,829.5,38,,97.656,23.922,-6.5,-8.594,1.0,0.942,-0.16,5340,14.51,12.157,4,,45,,,,,,,,,,,
2026-09-25T23:11:02.953,140.947,0,811.25,38,,97.656,23.137,-7.5,-8.594,1.0,0.942,-0.156,5310,14.51,12.157,4,,,2.344,,,,,,,,,,
2026-09-25T23:11:03.083,141.076,0,798.0,37,,97.656,23.137,-2.0,-9.375,1.0,0.939,-0.168,5130,14.51,12.549,3,,,,14.414,,,,,,,,,
2026-09-25T23:11:03.213,141.206,0,781.0,37,,97.656,23.922,9.5,-10.156,1.0,0.938,-0.168,4980,14.51,13.725,3,,,,,98,,,,,,,,
2026-09-25T23:11:03.343,141.336,0,788.5,43,,97.531,31.373,0.0,-10.938,1.0,0.937,-0.172,5140,14.51,12.941,2,,,,,,21,,,,,,,
2026-09-25T23:11:03.473,141.466,0,866.25,46,,97.594,28.235,-10.5,-10.938,1.0,0.95,-0.141,5640,14.51,12.157,2,,,,,,,20.0,,,,,,
2026-09-25T23:11:03.603,141.597,0,894.5,43,,97.75,25.882,-8.0,-10.938,1.0,0.96,-0.121,6270,14.51,12.549,2,,,,,,,,327.6,,,,,
2026-09-25T23:11:03.733,141.727,0,886.25,39,,97.562,24.314,-3.5,-10.938,0.999,0.96,-0.121,6460,14.51,13.333,1,,,,,,,,,0.835,,,,
2026-09-25T23:11:03.863,141.856,0,882.5,40,,97.531,25.49,-4.0,-10.938,0.999,0.961,-0.117,6440,14.51,12.941,1,,,,,,,,,,,0.0,,
2026-09-25T23:11:03.993,141.987,0,873.5,42,,97.562,26.275,-4.0,-11.719,1.0,0.965,-0.109,6550,14.51,12.941,1,,,,,,,,,,,,28.627,
2026-09-25T23:11:04.123,142.116,0,873.75,42,,97.531,26.667,-8.5,-11.719,1.0,0.976,-0.086,6810,14.51,12.549,1,,,,,,,,,,,,,162
2026-09-25T23:11:04.263,142.257,0,850.5,39,,97.688,23.922,-5.5,-10.938,1.0,0.987,-0.055,6780,14.51,12.549,0,103,,,,,,,,,,,,
2026-09-25T23:11:04.393,142.386,0,827.0,38,,97.562,24.706,-2.0,-10.938,1.0,0.982,-0.066,6520,14.51,12.157,0,,45,,,,,,,,,,,
2026-09-25T23:11:04.523,142.516,0,828.75,40,,97.781,25.098,-4.0,-11.719,1.0,0.979,-0.074,6340,14.51,12.157,0,,,2.344,,,,,,,,,,
2026-09-25T23:11:04.653,142.646,0,822.25,39,,97.656,23.137,-2.5,-11.719,1.0,0.98,-0.07,5980,14.51,12.157,0,,,,14.335,,,,,,,,,
2026-09-25T23:11:04.783,142.776,0,818.5,37,,97.719,23.137,-2.5,-11.719,1.0,0.971,-0.094,5680,14.51,12.157,0,,,,,98,,,,,,,,
2026-09-25T23:11:04.913,142.906,0,803.0,37,,97.625,22.745,-2.0,-12.5,1.0,0.968,-0.102,5310,14.51,12.157,0,,,,,,21,,,,,,,
2026-09-25T23:11:05.043,143.036,0,788.0,36,,97.625,23.137,-1.0,-12.5,1.0,0.971,-0.094,5020,14.51,12.549,0,,,,,,,20.0,,,,,,
2026-09-25T23:11:05.174,143.167,0,772.0,37,,97.531,23.529,4.0,-12.5,1.0,0.978,-0.078,4680,14.51,12.549,0,,,,,,,,328.5,,,,,
2026-09-25T23:11:05.303,143.296,0,766.75,39,,97.531,25.882,0.5,-12.5,1.0,0.979,-0.074,4670,14.51,12.549,0,,,,,,,,,0.8,,,,
2026-09-25T23:11:05.433,143.426,0,767.5,41,,97.531,25.882,-2.5,-12.5,1.0,0.986,-0.055,4910,14.51,12.157,0,,,,,,,,,,,0.0,,
2026-09-25T23:11:05.563,143.556,0,772.25,40,,97.531,25.49,-3.5,-11.719,1.0,1.0,-0.02,5240,14.51,12.157,0,,,,,,,,,,,,25.882,
2026-09-25T23:11:05.693,143.687,0,782.0,40,,97.562,25.098,-3.5,-10.938,1.0,1.026,0.008,5370,14.51,12.157,0,,,,,,,,,,,,,164
2026-09-25T23:11:05.823,143.816,0,780.25,40,,97.531,25.098,-2.0,-10.156,1.0,1.03,0.012,5440,14.51,12.549,0,103,,,,,,,,,,,,
2026-09-25T23:11:05.953,143.946,0,773.5,39,,97.562,25.098,-1.0,-10.156,1.0,1.034,0.016,5440,14.51,12.549,0,,45,,,,,,,,,,,
2026-09-25T23:11:06.083,144.076,0,776.0,39,,97.531,25.098,-1.0,-9.375,1.0,1.035,0.016,5460,14.51,12.549,0,,,2.344,,,,,,,,,,
2026-09-25T23:11:06.213,144.206,0,775.5,39,,97.562,25.098,-1.0,-9.375,1.0,1.038,0.02,5520,14.51,12.549,0,,,,14.394,,,,,,,,,
2026-09-25T23:11:06.343,144.336,0,773.5,40,,97.531,25.49,-1.0,-8.594,1.0,1.042,0.023,5600,14.51,12.157,0,,,,,98,,,,,,,,
2026-09-25T23:11:06.473,144.466,0,779.0,41,,97.562,25.49,-3.5,-8.594,1.0,1.051,0.035,5760,14.51,12.157,0,,,,,,21,,,,,,,
2026-09-25T23:11:06.603,144.596,0,784.25,39,,97.531,25.098,-2.5,-7.812,1.0,1.056,0.039,5810,14.51,12.157,0,,,,,,,20.0,,,,,,
2026-09-25T23:11:06.733,144.727,0,781.25,39,,97.562,24.706,-2.5,-7.031,1.0,1.054,0.039,5750,14.51,12.157,0,,,,,,,,329.5,,,,,
2026-09-25T23:11:06.863,144.856,0,776.75,39,,97.562,24.706,-0.5,-7.031,1.0,1.052,0.035,5690,14.51,12.549,0,,,,,,,,,0.745,,,,
2026-09-25T23:11:07.003,144.996,0,774.75,40,,97.531,25.49,-1.0,-7.031,1.0,1.049,0.035,5660,14.51,12.549,0,,,,,,,,,,,0.0,,
2026-09-25T23:11:07.133,145.126,0,773.75,40,,97.531,25.882,-2.0,-6.25,1.0,1.053,0.039,5840,14.51,12.549,0,,,,,,,,,,,,25.882,
2026-09-25T23:11:07.263,145.256,0,776.0,40,,97.531,25.098,-2.5,-5.469,1.0,1.059,0.043,5890,14.51,12.549,0,,,,,,,,,,,,,165
2026-09-25T23:11:07.393,145.386,0,782.0,40,,97.531,25.098,-2.5,-5.469,1.0,1.06,0.047,5890,14.51,12.549,0,103,,,,,,,,,,,,
2026-09-25T23:11:07.524,145.517,0,782.25,40,,97.531,25.49,-1.5,-4.688,1.0,1.059,0.043,5860,14.51,12.549,0,,45,,,,,,,,,,,
2026-09-25T23:11:07.653,145.646,0,778.0,39,,97.531,24.706,-1.0,-4.688,1.0,1.058,0.043,5870,14.51,12.549,0,,,1.562,,,,,,,,,,
2026-09-25T23:11:07.783,145.776,0,779.25,40,,97.531,25.49,-1.5,-3.906,1.0,1.056,0.039,5840,14.51,12.549,0,,,,14.375,,,,,,,,,
2026-09-25T23:11:07.913,145.906,0,779.0,40,,97.531,25.49,-1.5,-3.906,1.0,1.055,0.039,5920,14.51,12.549,0,,,,,98,,,,,,,,
2026-09-25T23:11:08.043,146.037,0,781.75,41,,97.531,25.882,-3.0,-3.125,1.0,1.059,0.043,6040,14.51,12.157,0,,,,,,21,,,,,,,
2026-09-25T23:11:08.173,146.166,0,787.0,40,,97.562,25.49,-4.0,-3.125,1.0,1.058,0.043,6140,14.51,12.157,0,,,,,,,20.0,,,,,,
2026-09-25T23:11:08.303,146.296,0,788.75,40,,97.562,25.49,-2.5,-2.344,1.0,1.053,0.039,6050,14.51,12.157,0,,,,,,,,330.5,,,,,
2026-09-25T23:11:08.433,146.426,0,779.5,40,,97.562,25.098,-1.0,-2.344,1.0,1.053,0.035,5940,14.51,12.941,0,,,,,,,,,0.72,,,,
2026-09-25T23:11:08.563,146.556,0,781.75,41,,97.531,26.275,-1.0,-2.344,1.0,1.049,0.031,5890,14.51,12.549,0,,,,,,,,,,,0.0,,
2026-09-25T23:11:08.693,146.687,0,784.0,41,,97.531,25.882,-1.0,-1.562,1.0,1.054,0.039,5950,14.51,12.549,0,,,,,,,,,,,,26.667,
2026-09-25T23:11:08.823,146.816,0,787.75,41,,97.531,25.882,-3.5,-1.562,1.0,1.047,0.031,5980,14.51,12.549,0,,,,,,,,,,,,,167
2026-09-25T23:11:08.953,146.946,0,791.5,41,,97.531,25.49,-4.0,-1.562,1.0,1.044,0.027,6090,14.51,12.157,0,103,,,,,,,,,,,,
2026-09-25T23:11:09.083,147.077,0,797.5,40,,97.531,25.098,-4.0,-0.781,1.0,1.038,0.02,6050,14.51,12.549,0,,45,,,,,,,,,,,
2026-09-25T23:11:09.213,147.206,0,797.0,40,,97.531,25.098,-3.0,-1.562,1.0,1.031,0.012,5940,14.51,12.549,0,,,1.562,,,,,,,,,,
2026-09-25T23:11:09.343,147.336,0,793.25,40,,97.531,25.49,-2.5,-1.562,1.0,1.019,0.0,5890,14.51,12.549,0,,,,14.433,,,,,,,,,
2026-09-25T23:11:09.473,147.466,0,793.75,40,,97.531,25.49,-2.5,-1.562,1.0,1.016,-0.004,5920,14.51,12.549,0,,,,,98,,,,,,,,
2026-09-25T23:11:09.603,147.596,0,795.0,40,,97.531,25.49,-3.0,-1.562,1.0,1.011,-0.008,5930,14.51,12.549,0,,,,,,21,,,,,,,
2026-09-25T23:11:09.734,147.727,0,798.0,40,,97.531,25.49,-4.0,-1.562,1.0,1.001,-0.02,5920,14.51,12.549,0,,,,,,,20.0,,,,,,
2026-09-25T23:11:09.863,147.857,0,798.25,40,,97.531,25.882,-5.0,-2.344,1.0,0.998,-0.023,5980,14.51,12.549,0,,,,,,,,331.3,,,,,
2026-09-25T23:11:09.994,147.987,0,801.75,40,,97.531,25.882,-5.5,-2.344,1.0,0.993,-0.039,6010,14.51,12.549,0,,,,,,,,,0.71,,,,
2026-09-25T23:11:10.123,148.116,0,801.25,40,,97.531,25.49,-5.0,-2.344,1.0,0.988,-0.051,6050,14.51,12.549,0,,,,,,,,,,,0.0,,
2026-09-25T23:11:10.253,148.246,0,795.5,40,,97.562,25.882,-4.0,-3.125,1.0,0.984,-0.059,6010,14.51,12.549,0,,,,,,,,,,,,26.275,
2026-09-25T23:11:10.383,148.377,0,801.5,40,,97.531,25.49,-4.0,-3.125,1.0,0.977,-0.078,6040,14.51,12.549,0,,,,,,,,,,,,,168
2026-09-25T23:11:10.513,148.506,0,804.5,41,,97.531,25.882,-4.5,-3.906,1.0,0.97,-0.098,6070,14.51,12.549,0,103,,,,,,,,,,,,
2026-09-25T23:11:10.643,148.636,0,809.0,40,,97.531,25.49,-5.0,-4.688,1.0,0.964,-0.109,6120,14.51,12.549,0,,46,,,,,,,,,,,
2026-09-25T23:11:10.773,148.766,0,809.25,40,,97.562,25.49,-5.5,-4.688,1.0,0.963,-0.113,6130,14.51,12.549,0,,,1.562,,,,,,,,,,
2026-09-25T23:11:10.903,148.896,0,811.25,40,,97.562,25.882,-6.0,-4.688,1.0,0.962,-0.113,6130,14.51,12.549,0,,,,14.238,,,,,,,,,
2026-09-25T23:11:11.033,149.026,0,809.25,40,,97.562,25.49,-5.5,-5.469,1.0,0.966,-0.105,6110,14.51,12.549,0,,,,,98,,,,,,,,
2026-09-25T23:11:11.163,149.157,0,808.0,40,,97.531,25.098,-4.5,-5.469,1.0,0.964,-0.109,6010,14.51,12.549,0,,,,,,21,,,,,,,
2026-09-25T23:11:11.293,149.286,0,806.5,39,,97.562,25.098,-4.5,-5.469,1.0,0.959,-0.121,5930,14.51,12.549,0,,,,,,,20.0,,,,,,
2026-09-25T23:11:11.423,149.416,0,802.0,40,,97.531,25.49,-5.5,-6.25,1.0,0.96,-0.117,5920,14.51,12.549,0,,,,,,,,332.1,,,,,
2026-09-25T23:11:11.553,149.546,0,800.5,40,,97.531,25.49,-4.0,-6.25,1.0,0.961,-0.117,5880,14.51,12.549,0,,,,,,,,,0.71,,,,
2026-09-25T23:11:11.683,149.676,0,799.0,40,,97.562,25.49,-4.0,-6.25,1.0,0.966,-0.105,5880,14.51,12.549,0,,,,,,,,,,,0.0,,
2026-09-25T23:11:11.813,149.806,0,796.25,40,,97.562,25.49,-4.0,-6.25,1.0,0.972,-0.094,5880,14.51,12.549,0,,,,,,,,,,,,26.667,
2026-09-25T23:11:11.943,149.936,0,797.0,40,,97.562,25.882,-4.5,-6.25,1.0,0.975,-0.086,6010,14.51,12.549,0,,,,,,,,,,,,,170
2026-09-25T23:11:12.073,150.066,0,803.75,40,,97.562,25.882,-5.5,-7.031,1.0,0.974,-0.09,6080,14.51,12.549,0,103,,,,,,,,,,,,
2026-09-25T23:11:12.203,150.196,0,804.5,40,,97.531,25.49,-5.5,-6.25,1.0,0.981,-0.07,6120,14.51,12.549,0,,46,,,,,,,,,,,
2026-09-25T23:11:12.333,150.327,0,800.25,40,,97.562,25.49,-5.0,-6.25,1.0,0.982,-0.066,6110,14.51,12.549,0,,,1.562,,,,,,,,,,
2026-09-25T23:11:12.463,150.456,0,795.5,40,,97.562,25.49,-3.0,-7.031,1.0,0.985,-0.059,6070,14.51,12.549,0,,,,14.355,,,,,,,,,
2026-09-25T23:11:12.593,150.587,0,793.0,40,,97.531,25.49,-2.5,-6.25,1.0,0.991,-0.043,6050,14.51,12.549,0,,,,,98,,,,,,,,
2026-09-25T23:11:12.723,150.716,0,791.5,40,,97.531,25.49,-3.0,-6.25,1.0,0.996,-0.031,6020,14.51,12.549,0,,,,,,21,,,,,,,
2026-09-25T23:11:12.853,150.846,0,791.25,40,,97.531,25.49,-3.0,-6.25,1.0,1.007,-0.012,6060,14.51,12.549,0,,,,,,,20.0,,,,,,
2026-09-25T23:11:12.983,150.976,0,792.5,40,,97.531,25.49,-3.0,-5.469,1.0,1.017,-0.004,6050,14.51,12.549,0,,,,,,,,332.7,,,,,
2026-09-25T23:11:13.113,151.106,0,794.0,40,,97.531,25.49,-2.5,-4.688,1.0,1.021,0.0,6000,14.51,12.549,0,,,,,,,,,0.705,,,,
2026-09-25T23:11:13.243,151.237,0,788.25,40,,97.562,25.882,-2.0,-4.688,1.0,1.026,0.008,6000,14.51,12.549,0,,,,,,,,,,,0.0,,
2026-09-25T23:11:13.373,151.366,0,789.75,40,,97.562,25.882,-2.0,-4.688,1.0,1.026,0.008,6050,14.51,12.549,0,,,,,,,,,,,,27.059,
2026-09-25T23:11:13.503,151.497,0,789.0,41,,97.562,26.275,-2.5,-3.906,1.0,1.031,0.012,6110,14.51,12.157,0,,,,,,,,,,,,,171
2026-09-25T23:11:13.633,151.626,0,788.25,40,,97.562,25.882,-1.5,-3.906,1.0,1.034,0.016,6110,14.51,12.549,0,103,,,,,,,,,,,,
2026-09-25T23:11:13.763,151.756,0,788.5,41,,97.531,26.275,-2.0,-3.125,1.0,1.036,0.02,6080,14.51,13.333,0,,46,,,,,,,,,,,
2026-09-25T23:11:13.893,151.886,0,800.5,41,,97.531,27.059,9.0,-3.125,1.0,1.035,0.016,6270,14.51,14.118,0,,,1.562,,,,,,,,,,
2026-09-25T23:11:14.023,152.016,0,835.5,51,,97.312,36.078,-2.5,-3.125,1.0,1.036,0.02,6720,14.51,13.725,0,,,,14.414,,,,,,,,,
2026-09-25T23:11:14.153,152.146,0,911.25,53,,97.531,32.157,-10.5,-3.125,1.0,1.014,-0.008,7370,14.51,12.941,0,,,,,98,,,,,,,,
2026-09-25T23:11:14.283,152.277,0,919.0,47,,97.531,29.412,-6.5,-3.906,1.0,0.995,-0.035,8060,14.51,13.333,0,,,,,,21,,,,,,,
2026-09-25T23:11:14.423,152.416,0,910.75,46,,97.594,29.412,-3.5,-4.688,1.0,0.98,-0.07,8590,14.51,13.333,0,,,,,,,20.0,,,,,,
2026-09-25T23:11:14.553,152.546,0,896.75,46,,97.688,29.412,-2.5,-5.469,0.999,0.981,-0.066,8780,14.51,13.725,0,,,,,,,,333.4,,,,,
2026-09-25T23:11:14.683,152.677,0,883.75,47,,97.594,30.196,-2.5,-4.688,0.999,0.992,-0.039,8880,14.51,13.333,0,,,,,,,,,0.695,,,,
2026-09-25T23:11:14.813,152.806,0,876.5,48,,97.688,30.98,-2.5,-4.688,0.999,0.997,-0.027,9160,14.51,13.333,0,,,,,,,,,,,0.0,,
2026-09-25T23:11:14.943,152.936,0,878.25,48,,97.688,30.98,-2.5,-4.688,0.999,0.993,-0.039,9430,14.51,13.333,0,,,,,,,,,,,,33.333,
2026-09-25T23:11:15.074,153.067,0,879.25,48,,97.781,30.98,-3.0,-4.688,0.999,0.979,-0.074,9470,14.51,13.333,0,,,,,,,,,,,,,173
2026-09-25T23:11:15.203,153.196,0,882.75,48,,97.781,31.373,-3.5,-5.469,0.999,0.975,-0.086,9500,14.51,13.333,0,103,,,,,,,,,,,,
2026-09-25T23:11:15.333,153.327,0,881.25,49,,97.844,31.373,-4.0,-6.25,0.999,0.974,-0.09,9480,14.51,13.333,0,,46,,,,,,,,,,,
2026-09-25T23:11:15.463,153.456,0,882.75,48,,97.844,30.588,-3.5,-6.25,1.0,0.967,-0.102,9270,14.51,13.333,0,,,1.562,,,,,,,,,,
2026-09-25T23:11:15.593,153.586,0,878.75,47,,97.844,30.588,-3.0,-7.031,0.999,0.964,-0.109,9120,14.51,13.333,0,,,,14.296,,,,,,,,,
2026-09-25T23:11:15.724,153.717,0,872.25,48,,97.875,30.588,-3.0,-7.812,0.999,0.957,-0.125,9040,14.51,13.333,0,,,,,98,,,,,,,,
2026-09-25T23:11:15.853,153.846,0,875.25,48,,97.875,30.98,-3.5,-8.594,0.999,0.95,-0.141,9130,14.51,13.333,0,,,,,,21,,,,,,,
2026-09-25T23:11:15.983,153.977,0,877.75,48,,97.844,30.98,-4.0,-9.375,0.999,0.939,-0.164,9140,14.51,13.333,0,,,,,,,20.0,,,,,,
2026-09-25T23:11:16.113,154.106,0,877.75,48,,97.875,30.98,-3.5,-10.156,1.0,0.936,-0.176,9100,14.51,13.333,0,,,,,,,,333.8,,,,,
2026-09-25T23:11:16.243,154.236,0,877.25,48,,97.875,30.98,-4.0,-11.719,0.999,0.932,-0.184,9000,14.51,13.333,0,,,,,,,,,0.825,,,,
2026-09-25T23:11:16.374,154.367,0,875.25,48,,97.875,30.588,-3.5,-11.719,0.999,0.934,-0.18,8960,14.51,13.333,0,,,,,,,,,,,0.0,,
2026-09-25T23:11:16.503,154.496,0,871.5,48,,97.875,30.98,-2.5,-12.5,0.999,0.934,-0.18,8920,14.51,13.333,0,,,,,,,,,,,,33.333,
2026-09-25T23:11:16.633,154.627,0,869.5,48,,97.875,31.373,-3.0,-13.281,0.999,0.932,-0.184,9000,14.51,13.333,0,,,,,,,,,,,,,174
2026-09-25T23:11:16.763,154.757,0,873.25,49,,97.875,31.373,-4.0,-13.281,0.999,0.944,-0.152,9150,14.51,13.333,0,103,,,,,,,,,,,,
2026-09-25T23:11:16.893,154.886,0,878.75,49,,97.875,31.373,-5.0,-14.062,0.999,0.95,-0.141,9250,14.51,13.333,0,,46,,,,,,,,,,,
2026-09-25T23:11:17.024,155.017,0,881.75,48,,97.875,30.98,-4.0,-14.062,1.0,0.956,-0.125,9170,14.51,13.333,0,,,1.562,,,,,,,,,,
2026-09-25T23:11:17.153,155.146,0,879.5,48,,97.875,30.196,-4.0,-14.062,1.0,0.964,-0.109,8990,14.51,13.333,0,,,,14.375,,,,,,,,,
2026-09-25T23:11:17.283,155.277,0,870.0,47,,97.875,30.196,-2.0,-14.062,0.999,0.967,-0.102,8840,14.51,13.333,0,,,,,98,,,,,,,,
2026-09-25T23:11:17.413,155.406,0,863.75,48,,97.875,31.765,-3.5,-14.062,0.999,0.974,-0.09,8880,14.51,13.333,0,,,,,,21,,,,,,,
2026-09-25T23:11:17.543,155.536,0,856.5,48,,97.875,30.98,-1.5,-14.062,0.999,0.986,-0.055,8920,14.51,13.333,0,,,,,,,20.0,,,,,,
2026-09-25T23:11:17.673,155.667,0,853.0,48,,97.875,31.373,-2.0,-13.281,0.999,1.001,-0.02,8930,14.51,13.333,0,,,,,,,,334.4,,,,,
2026-09-25T23:11:17.803,155.796,0,849.0,48,,97.875,31.373,-1.5,-12.5,0.999,1.026,0.008,9050,14.51,13.333,0,,,,,,,,,0.8,,,,
2026-09-25T23:11:17.933,155.926,0,838.5,49,,97.875,31.765,-0.5,-10.938,0.999,1.047,0.031,9240,14.51,13.333,0,,,,,,,,,,,0.0,,
2026-09-25T23:11:18.063,156.056,0,831.5,49,,97.875,32.157,1.5,-10.156,0.999,1.061,0.047,9310,14.51,13.333,0,,,,,,,,,,,,34.118,
2026-09-25T23:11:18.194,156.187,0,826.0,49,,97.875,32.549,1.0,-9.375,1.0,1.069,0.055,9330,14.51,13.333,0,,,,,,,,,,,,,176
2026-09-25T23:11:18.323,156.317,0,826.0,50,,97.875,32.549,-1.0,-7.812,1.0,1.074,0.062,9510,14.51,13.333,0,102,,,,,,,,,,,,
2026-09-25T23:11:18.453,156.446,0,832.5,50,,97.875,32.157,0.0,-7.812,1.0,1.078,0.066,9690,14.51,13.333,0,,46,,,,,,,,,,,
2026-09-25T23:11:18.583,156.576,0,836.25,49,,97.875,32.157,-0.5,-7.031,1.0,1.074,0.062,9630,14.51,13.333,0,,,1.562,,,,,,,,,,
2026-09-25T23:11:18.713,156.706,0,832.5,49,,97.875,31.765,1.0,-6.25,1.0,1.075,0.062,9370,14.51,13.333,0,,,,14.218,,,,,,,,,
2026-09-25T23:11:18.844,156.837,0,829.0,49,,97.875,32.549,1.0,-5.469,1.0,1.079,0.066,9250,14.51,13.333,0,,,,,98,,,,,,,,
2026-09-25T23:11:18.973,156.967,0,826.0,50,,97.875,32.941,0.0,-4.688,1.0,1.078,0.066,9390,14.51,13.333,0,,,,,,21,,,,,,,
2026-09-25T23:11:19.103,157.096,0,834.5,50,,97.875,32.549,-1.0,-3.906,1.0,1.073,0.059,9490,14.51,12.941,0,,,,,,,20.0,,,,,,
2026-09-25T23:11:19.233,157.226,0,841.0,49,,97.875,31.765,-2.5,-3.906,1.0,1.063,0.051,9390,14.51,12.549,0,,,,,,,,335.0,,,,,
2026-09-25T23:11:19.363,157.357,0,830.5,47,,97.875,29.412,-3.5,-3.125,1.0,1.062,0.047,9040,14.51,12.549,0,,,,,,,,,0.745,,,,
2026-09-25T23:11:19.494,157.487,0,817.25,44,,97.875,28.627,-6.5,-3.125,1.0,1.057,0.043,8700,14.51,12.157,0,,,,,,,,,,,0.0,,
2026-09-25T23:11:19.623,157.616,0,810.75,42,,97.875,27.059,-5.5,-3.125,0.999,1.054,0.039,8280,14.51,12.157,0,,,,,,,,,,,,27.059,
2026-09-25T23:11:19.753,157.746,0,794.5,41,,97.875,25.49,3.5,-2.344,0.999,1.062,0.047,7960,14.51,12.549,0,,,,,,,,,,,,,178
2026-09-25T23:11:19.883,157.876,0,771.0,41,,97.875,26.275,0.5,-1.562,0.999,1.076,0.062,7530,14.51,12.157,0,101,,,,,,,,,,,,
2026-09-25T23:11:20.013,158.006,0,774.75,41,,97.875,26.275,-2.5,0.0,1.0,1.089,0.078,7180,14.51,12.157,0,,46,,,,,,,,,,,
2026-09-25T23:11:20.143,158.136,0,780.75,41,,97.875,25.49,-2.5,0.0,1.0,1.083,0.07,6850,14.51,12.157,0,,,1.562,,,,,,,,,,
2026-09-25T23:11:20.273,158.266,0,780.75,40,,97.875,25.098,-0.5,0.0,1.0,1.071,0.059,6420,14.51,12.549,0,,,,14.277,,,,,,,,,
2026-09-25T23:11:20.403,158.397,0,774.5,40,,97.844,25.49,-1.5,0.0,1.0,1.058,0.043,6110,14.51,12.157,0,,,,,98,,,,,,,,
2026-09-25T23:11:20.534,158.527,0,772.0,41,,97.844,26.275,0.5,0.0,1.0,1.055,0.039,5890,14.51,12.549,0,,,,,,21,,,,,,,
2026-09-25T23:11:20.663,158.656,0,773.25,41,,97.844,26.275,0.5,0.0,1.0,1.056,0.039,5680,14.51,12.549,0,,,,,,,20.0,,,,,,
2026-09-25T23:11:20.793,158.786,0,769.5,42,,97.812,26.667,-2.5,0.781,1.0,1.064,0.051,5710,14.51,12.157,0,,,,,,,,335.8,,,,,
2026-09-25T23:11:20.923,158.916,0,781.0,41,,97.844,25.882,-3.0,1.562,1.0,1.074,0.062,5830,14.51,12.157,0,,,,,,,,,0.735,,,,
2026-09-25T23:11:21.053,159.046,0,788.25,41,,97.812,25.49,-2.5,1.562,1.0,1.062,0.047,5850,14.51,12.157,0,,,,,,,,,,,0.0,,
2026-09-25T23:11:21.183,159.176,0,782.25,40,,97.844,25.49,-2.0,2.344,1.0,1.057,0.043,5820,14.51,12.157,0,,,,,,,,,,,,26.275,
2026-09-25T23:11:21.313,159.306,0,782.0,40,,97.812,25.49,-1.0,2.344,1.0,1.051,0.035,5770,14.51,12.549,0,,,,,,,,,,,,,179
2026-09-25T23:11:21.443,159.436,0,783.25,40,,97.719,26.275,-2.5,2.344,1.0,1.049,0.035,5770,14.51,12.157,0,101,,,,,,,,,,,,
2026-09-25T23:11:21.573,159.566,0,778.5,40,,97.719,25.49,-1.5,3.125,1.0,1.049,0.035,5830,14.51,12.157,0,,46,,,,,,,,,,,
2026-09-25T23:11:21.703,159.697,0,784.0,40,,97.656,25.49,-2.0,3.125,1.0,1.045,0.027,5830,14.51,12.157,0,,,1.562,,,,,,,,,,
2026-09-25T23:11:21.833,159.826,0,789.0,40,,97.688,25.49,-2.0,3.125,1.0,1.041,0.023,5840,14.51,12.157,0,,,,14.335,,,,,,,,,
2026-09-25T23:11:21.963,159.957,0,785.5,40,,97.688,25.49,-1.5,3.125,1.0,1.041,0.023,5810,14.51,12.549,0,,,,,98,,,,,,,,
2026-09-25T23:11:22.093,160.086,0,777.25,40,,97.625,25.49,-1.5,3.906,1.0,1.042,0.023,5790,14.51,12.549,0,,,,,,21,,,,,,,
2026-09-25T23:11:22.223,160.216,0,783.0,41,,97.594,26.275,-2.5,3.906,1.0,1.039,0.02,5880,14.51,12.157,0,,,,,,,20.0,,,,,,
2026-09-25T23:11:22.353,160.346,0,791.75,40,,97.656,25.098,-2.5,3.906,1.0,1.037,0.02,5900,14.51,12.157,0,,,,,,,,336.7,,,,,
2026-09-25T23:11:22.483,160.476,0,791.0,40,,97.594,25.098,-2.5,3.906,1.0,1.032,0.012,5850,14.51,12.157,0,,,,,,,,,0.73,,,,
2026-09-25T23:11:22.613,160.606,0,788.25,39,,97.656,25.098,-1.0,3.906,1.0,1.029,0.012,5740,14.51,12.549,0,,,,,,,,,,,0.0,,
2026-09-25T23:11:22.743,160.736,0,787.75,39,,97.562,25.882,-1.0,4.688,1.0,1.03,0.012,5730,14.51,12.549,0,,,,,,,,,,,,26.667,
2026-09-25T23:11:22.873,160.866,0,788.25,40,,97.562,25.882,-3.0,4.688,1.0,1.032,0.012,5840,14.51,12.157,0,,,,,,,,,,,,,181
2026-09-25T23:11:23.003,160.997,0,789.25,40,,97.562,25.098,-2.5,4.688,1.0,1.027,0.008,5900,14.51,12.157,0,100,,,,,,,,,,,,
2026-09-25T23:11:23.134,161.127,0,793.25,40,,97.531,25.098,-2.5,4.688,1.0,1.021,0.0,5840,14.51,12.157,0,,46,,,,,,,,,,,
2026-09-25T23:11:23.263,161.256,0,787.5,40,,97.625,25.882,-2.5,4.688,1.0,1.022,0.004,5930,14.51,12.157,0,,,1.562,,,,,,,,,,
2026-09-25T23:11:23.393,161.386,0,785.75,40,,97.594,25.098,-1.0,5.469,1.0,1.025,0.004,5940,14.51,12.549,0,,,,14.335,,,,,,,,,
2026-09-25T23:11:23.523,161.516,0,792.5,40,,97.531,25.098,-2.0,5.469,1.0,1.023,0.004,5870,14.51,12.549,0,,,,,98,,,,,,,,
2026-09-25T23:11:23.653,161.646,0,791.5,40,,97.562,25.49,-3.0,5.469,1.0,1.021,0.0,5880,14.51,12.157,0,,,,,,21,,,,,,,
2026-09-25T23:11:23.783,161.776,0,791.5,40,,97.562,25.098,-2.5,5.469,1.0,1.021,0.0,5880,14.51,12.157,0,,,,,,,20.0,,,,,,
2026-09-25T23:11:23.913,161.906,0,790.5,40,,97.562,25.098,-1.5,5.469,1.0,1.019,0.0,5830,14.51,12.549,0,,,,,,,,337.6,,,,,
2026-09-25T23:11:24.044,162.037,0,790.75,40,,97.531,25.882,-2.0,5.469,1.0,1.021,0.0,5820,14.51,12.157,0,,,,,,,,,0.73,,,,
2026-09-25T23:11:24.173,162.166,0,790.25,40,,97.594,25.098,-2.0,6.25,1.0,1.021,0.0,5850,14.51,12.157,0,,,,,,,,,,,0.0,,
2026-09-25T23:11:24.303,162.296,0,792.75,40,,97.531,25.098,-2.5,6.25,1.0,1.019,0.0,5800,14.51,12.549,0,,,,,,,,,,,,26.275,
2026-09-25T23:11:24.433,162.426,0,792.0,40,,97.562,25.098,-2.5,5.469,1.0,1.009,-0.012,5740,14.51,12.549,0,,,,,,,,,,,,,182
2026-09-25T23:11:24.563,162.556,0,791.25,40,,97.531,25.49,-2.5,5.469,1.0,1.009,-0.012,5810,14.51,12.157,0,100,,,,,,,,,,,,
2026-09-25T23:11:24.693,162.686,0,791.5,40,,97.531,25.49,-3.0,6.25,1.0,1.009,-0.012,5890,14.51,12.549,0,,46,,,,,,,,,,,
2026-09-25T23:11:24.823,162.817,0,798.25,40,,97.562,25.49,-4.0,5.469,1.0,1.003,-0.016,5890,14.51,12.549,0,,,1.562,,,,,,,,,,
2026-09-25T23:11:24.953,162.946,0,796.5,40,,97.562,25.49,-3.5,5.469,1.0,1.0,-0.02,5880,14.51,12.549,0,,,,14.316,,,,,,,,,
2026-09-25T23:11:25.083,163.077,0,796.25,40,,97.531,25.49,-4.0,5.469,1.0,1.003,-0.016,5880,14.51,12.157,0,,,,,98,,,,,,,,
2026-09-25T23:11:25.213,163.206,0,790.0,39,,97.531,25.098,-2.5,5.469,1.0,1.004,-0.016,5900,14.51,12.157,0,,,,,,21,,,,,,,
2026-09-25T23:11:25.343,163.336,0,786.25,40,,97.562,25.098,-0.5,6.25,1.0,1.01,-0.012,5860,14.51,12.549,0,,,,,,,20.0,,,,,,
2026-09-25T23:11:25.473,163.466,0,789.5,40,,97.531,25.49,-1.5,6.25,1.0,1.005,-0.016,5820,14.51,12.549,0,,,,,,,,338.4,,,,,
2026-09-25T23:11:25.603,163.596,0,794.5,40,,97.531,25.882,-4.0,6.25,1.0,1.005,-0.016,5810,14.51,12.157,0,,,,,,,,,0.73,,,,
2026-09-25T23:11:25.733,163.727,0,799.0,40,,97.531,25.49,-4.0,6.25,1.0,1.005,-0.016,5920,14.51,12.157,0,,,,,,,,,,,0.0,,
2026-09-25T23:11:25.863,163.856,0,798.0,39,,97.531,25.098,-3.5,5.469,1.0,0.997,-0.027,5880,14.51,12.157,0,,,,,,,,,,,,25.882,
2026-09-25T23:11:26.003,163.996,0,794.0,39,,97.531,25.098,-1.5,5.469,1.0,0.995,-0.035,5830,14.51,12.549,0,,,,,,,,,,,,,184
2026-09-25T23:11:26.133,164.126,0,790.5,39,,97.531,25.098,-2.5,5.469,1.0,0.995,-0.035,5780,14.51,12.549,0,99,,,,,,,,,,,,
2026-09-25T23:11:26.263,164.256,0,789.5,40,,97.531,25.882,-4.0,5.469,1.0,0.999,-0.023,5920,14.51,12.157,0,,46,,,,,,,,,,,
2026-09-25T23:11:26.393,164.386,0,795.0,40,,97.531,25.49,-4.5,6.25,1.0,1.003,-0.016,6040,14.51,12.157,0,,,1.562,,,,,,,,,,
2026-09-25T23:11:26.523,164.516,0,800.25,40,,97.531,25.49,-4.5,5.469,1.0,0.998,-0.023,6030,14.51,12.549,0,,,,14.394,,,,,,,,,
2026-09-25T23:11:26.653,164.647,0,799.75,39,,97.531,25.49,-4.0,5.469,1.0,0.996,-0.031,5980,14.51,12.549,0,,,,,98,,,,,,,,
2026-09-25T23:11:26.783,164.776,0,793.0,40,,97.531,25.49,-3.5,5.469,1.0,0.996,-0.031,5960,14.51,12.157,0,,,,,,21,,,,,,,
2026-09-25T23:11:26.913,164.906,0,789.75,39,,97.531,25.098,-1.0,5.469,1.0,0.998,-0.027,5920,14.51,12.157,0,,,,,,,20.0,,,,,,
2026-09-25T23:11:27.043,165.036,0,794.25,40,,97.531,25.098,-1.5,5.469,1.0,0.997,-0.027,5840,14.51,12.549,0,,,,,,,,339.1,,,,,
2026-09-25T23:11:27.173,165.166,0,793.75,40,,97.531,25.49,-4.0,5.469,1.0,0.997,-0.027,5840,14.51,12.549,0,,,,,,,,,0.725,,,,
2026-09-25T23:11:27.303,165.296,0,797.0,40,,97.531,25.882,-4.0,5.469,1.0,0.998,-0.027,5940,14.51,12.549,0,,,,,,,,,,,0.0,,
2026-09-25T23:11:27.433,165.426,0,801.75,40,,97.531,25.49,-4.5,5.469,1.0,0.996,-0.027,6020,14.51,12.549,0,,,,,,,,,,,,26.275,
2026-09-25T23:11:27.563,165.557,0,804.5,40,,97.531,25.49,-5.0,5.469,1.0,0.994,-0.035,5970,14.51,12.549,0,,,,,,,,,,,,,185
2026-09-25T23:11:27.693,165.686,0,799.5,40,,97.531,25.098,-4.5,5.469,1.0,0.993,-0.039,5930,14.51,12.549,0,99,,,,,,,,,,,,
2026-09-25T23:11:27.823,165.816,0,798.75,40,,97.531,25.49,-4.5,5.469,1.0,0.995,-0.031,5880,14.51,12.549,0,,46,,,,,,,,,,,
2026-09-25T23:11:27.953,165.946,0,796.0,40,,97.531,25.49,-3.5,5.469,1.0,0.998,-0.023,5920,14.51,12.549,0,,,1.562,,,,,,,,,,
2026-09-25T23:11:28.084,166.077,0,798.5,40,,97.531,25.098,-5.0,5.469,1.0,0.999,-0.023,5930,14.51,12.549,0,,,,14.355,,,,,,,,,
2026-09-25T23:11:28.213,166.206,0,799.75,40,,97.531,25.49,-5.0,5.469,1.0,0.995,-0.031,5890,14.51,12.549,0,,,,,98,,,,,,,,
2026-09-25T23:11:28.343,166.337,0,800.25,40,,97.531,25.49,-4.5,5.469,1.0,0.996,-0.027,5890,14.51,12.549,0,,,,,,21,,,,,,,
2026-09-25T23:11:28.473,166.466,0,798.0,40,,97.531,25.49,-4.0,5.469,1.0,0.996,-0.031,5860,14.51,12.549,0,,,,,,,20.0,,,,,,
2026-09-25T23:11:28.603,166.596,0,797.75,40,,97.531,25.098,-4.5,5.469,1.0,0.995,-0.031,5850,14.51,12.549,0,,,,,,,,339.8,,,,,
2026-09-25T23:11:28.733,166.726,0,800.5,40,,97.531,25.49,-4.0,5.469,1.0,0.993,-0.039,5860,14.51,12.549,0,,,,,,,,,0.71,,,,
2026-09-25T23:11:28.863,166.856,0,802.0,40,,97.531,25.098,-5.0,4.688,1.0,0.992,-0.039,5890,14.51,12.549,0,,,,,,,,,,,0.0,,
2026-09-25T23:11:29.003,166.996,0,799.25,40,,97.531,25.49,-4.0,5.469,1.0,0.994,-0.035,5910,14.51,12.549,0,,,,,,,,,,,,26.667,
2026-09-25T23:11:29.134,167.127,0,799.5,40,,97.531,25.882,-4.0,4.688,1.0,0.992,-0.039,5930,14.51,12.549,0,,,,,,,,,,,,,187
2026-09-25T23:11:29.263,167.256,0,794.25,40,,97.531,25.49,-4.0,4.688,1.0,0.991,-0.043,5950,14.51,12.157,0,98,,,,,,,,,,,,
2026-09-25T23:11:29.393,167.386,0,794.75,39,,97.531,25.098,-2.5,4.688,1.0,0.99,-0.047,5900,14.51,12.157,0,,46,,,,,,,,,,,
2026-09-25T23:11:29.523,167.516,0,790.5,39,,97.531,24.706,-1.5,4.688,1.0,0.988,-0.051,5750,14.51,12.549,0,,,1.562,,,,,,,,,,
2026-09-25T23:11:29.653,167.646,0,793.25,40,,97.531,25.49,-2.5,4.688,1.0,0.989,-0.047,5760,14.51,12.549,0,,,,14.433,,,,,,,,,
2026-09-25T23:11:29.782,167.776,0,800.25,40,,97.531,25.49,-5.0,4.688,1.0,0.99,-0.043,5880,14.51,12.549,0,,,,,98,,,,,,,,
2026-09-25T23:11:29.913,167.907,0,801.75,40,,97.531,25.49,-4.5,4.688,1.0,0.993,-0.039,5970,14.51,12.549,0,,,,,,21,,,,,,,
2026-09-25T23:11:30.043,168.036,0,798.0,40,,97.531,25.49,-4.5,4.688,1.0,0.989,-0.047,6000,14.51,12.549,0,,,,,,,20.0,,,,,,
2026-09-25T23:11:30.173,168.166,0,794.75,40,,97.531,25.49,-4.0,3.906,1.0,0.986,-0.055,5990,14.51,12.549,0,,,,,,,,340.3,,,,,
2026-09-25T23:11:30.303,168.297,0,794.0,40,,97.531,25.49,-3.5,3.906,1.0,0.987,-0.055,5970,14.51,12.549,0,,,,,,,,,0.71,,,,
2026-09-25T23:11:30.433,168.427,0,795.5,40,,97.531,25.098,-2.5,3.906,1.0,0.992,-0.039,5960,14.51,12.549,0,,,,,,,,,,,0.0,,
2026-09-25T23:11:30.563,168.556,0,793.5,40,,97.531,25.882,-5.0,4.688,1.0,0.997,-0.027,5980,14.51,12.549,0,,,,,,,,,,,,26.667,
2026-09-25T23:11:30.693,168.686,0,797.5,41,,97.531,25.882,-4.5,4.688,1.0,0.998,-0.027,6070,14.51,12.549,0,,,,,,,,,,,,,189
2026-09-25T23:11:30.823,168.816,0,798.5,40,,97.531,25.49,-5.0,4.688,1.0,0.995,-0.031,6060,14.51,12.549,0,98,,,,,,,,,,,,
2026-09-25T23:11:30.953,168.946,0,798.5,40,,97.531,25.098,-4.5,3.906,1.0,0.99,-0.043,6040,14.51,12.549,0,,46,,,,,,,,,,,
2026-09-25T23:11:31.083,169.076,0,796.75,40,,97.531,25.49,-4.5,3.906,1.0,0.988,-0.051,6040,14.51,12.549,0,,,1.562,,,,,,,,,,
2026-09-25T23:11:31.213,169.206,0,798.5,40,,97.531,25.49,-4.5,3.906,1.0,0.99,-0.043,6030,14.51,12.549,0,,,,14.355,,,,,,,,,
2026-09-25T23:11:31.343,169.336,0,796.75,40,,97.531,25.49,-4.0,3.906,1.0,0.99,-0.043,6030,14.51,12.549,0,,,,,98,,,,,,,,
2026-09-25T23:11:31.473,169.466,0,797.75,40,,97.531,25.49,-4.0,3.906,1.0,0.992,-0.043,6010,14.51,12.549,0,,,,,,21,,,,,,,
2026-09-25T23:11:31.603,169.596,0,796.25,40,,97.531,25.49,-4.0,3.906,1.0,0.991,-0.043,5980,14.51,12.549,0,,,,,,,20.0,,,,,,
2026-09-25T23:11:31.733,169.727,0,794.5,40,,97.531,25.49,-3.0,3.906,1.0,0.993,-0.039,5970,14.51,12.549,0,,,,,,,,341.0,,,,,
2026-09-25T23:11:31.863,169.857,0,795.0,40,,97.531,25.882,-4.0,3.906,1.0,0.992,-0.039,6000,14.51,12.549,0,,,,,,,,,0.705,,,,
2026-09-25T23:11:31.993,169.986,0,794.25,40,,97.531,25.49,-4.5,3.906,1.0,0.991,-0.043,6000,14.51,12.549,0,,,,,,,,,,,0.0,,
2026-09-25T23:11:32.123,170.116,0,799.75,40,,97.531,25.49,-5.0,3.906,1.0,0.991,-0.043,6020,14.51,12.549,0,,,,,,,,,,,,26.667,
2026-09-25T23:11:32.253,170.246,0,799.5,40,,97.531,25.49,-4.0,3.125,1.0,0.988,-0.051,5990,14.51,12.549,0,,,,,,,,,,,,,190
2026-09-25T23:11:32.382,170.376,0,796.0,40,,97.531,25.49,-4.0,3.125,1.0,0.99,-0.047,5970,14.51,12.549,0,98,,,,,,,,,,,,
2026-09-25T23:11:32.512,170.506,0,792.25,40,,97.531,25.49,-3.0,3.125,1.0,0.988,-0.051,5920,14.51,12.549,0,,46,,,,,,,,,,,
2026-09-25T23:11:32.643,170.636,0,791.75,40,,97.531,25.49,-3.0,3.125,1.0,0.992,-0.039,5920,14.51,12.549,0,,,1.562,,,,,,,,,,
2026-09-25T23:11:32.773,170.767,0,798.25,40,,97.531,25.49,-4.5,3.125,1.0,0.99,-0.043,5950,14.51,12.549,0,,,,14.394,,,,,,,,,
2026-09-25T23:11:32.902,170.896,0,795.25,40,,97.531,25.49,-4.0,3.125,1.0,0.992,-0.039,5960,14.51,12.549,0,,,,,98,,,,,,,,
2026-09-25T23:11:33.033,171.027,0,795.25,40,,97.531,25.49,-4.0,3.125,1.0,0.991,-0.043,5960,14.51,12.549,0,,,,,,21,,,,,,,
2026-09-25T23:11:33.164,171.157,0,795.25,40,,97.531,25.49,-3.5,3.125,1.0,0.989,-0.047,5930,14.51,12.549,0,,,,,,,20.0,,,,,,
2026-09-25T23:11:33.293,171.286,0,796.0,40,,97.531,25.49,-4.0,3.125,1.0,0.992,-0.039,5950,14.51,12.549,0,,,,,,,,341.5,,,,,
2026-09-25T23:11:33.423,171.416,0,796.0,40,,97.531,25.49,-4.0,3.125,1.0,0.991,-0.043,5950,14.51,12.549,0,,,,,,,,,0.705,,,,
2026-09-25T23:11:33.553,171.546,0,796.5,40,,97.531,25.098,-4.0,3.125,1.0,0.991,-0.043,5960,14.51,12.549,0,,,,,,,,,,,0.0,,
2026-09-25T23:11:33.682,171.676,0,798.0,40,,97.531,25.49,-5.0,3.125,1.0,0.991,-0.043,5980,14.51,12.549,0,,,,,,,,,,,,26.275,
2026-09-25T23:11:33.813,171.806,0,794.75,40,,97.531,25.49,-4.0,3.125,1.0,0.992,-0.039,5960,14.51,12.549,0,,,,,,,,,,,,,192
2026-09-25T23:11:33.943,171.936,0,796.5,40,,97.531,25.49,-3.5,3.125,1.0,0.992,-0.039,5980,14.51,12.549,0,98,,,,,,,,,,,,
2026-09-25T23:11:34.073,172.066,0,795.75,40,,97.531,25.49,-4.0,2.344,1.0,0.991,-0.043,5980,14.51,12.549,0,,46,,,,,,,,,,,
2026-09-25T23:11:34.203,172.196,0,798.0,40,,97.531,25.49,-4.0,2.344,1.0,0.992,-0.039,5940,14.51,12.157,0,,,1.562,,,,,,,,,,
2026-09-25T23:11:34.333,172.327,0,795.0,40,,97.531,25.49,-4.0,2.344,1.0,0.993,-0.039,5870,14.51,12.549,0,,,,14.375,,,,,,,,,
2026-09-25T23:11:34.463,172.457,0,795.25,40,,97.531,25.098,-4.0,2.344,1.0,0.994,-0.035,5860,14.51,12.549,0,,,,,98,,,,,,,,
2026-09-25T23:11:34.593,172.586,0,797.25,40,,97.531,25.49,-4.0,2.344,1.0,0.994,-0.035,5840,14.51,12.549,0,,,,,,21,,,,,,,
2026-09-25T23:11:34.723,172.716,0,795.0,40,,97.531,25.098,-3.5,2.344,1.0,0.993,-0.035,5830,14.51,12.549,0,,,,,,,20.0,,,,,,
2026-09-25T23:11:34.853,172.846,0,796.25,40,,97.531,25.49,-2.5,2.344,1.0,0.991,-0.043,5830,14.51,12.549,0,,,,,,,,342.1,,,,,
2026-09-25T23:11:34.982,172.976,0,796.25,40,,97.531,25.49,-4.0,2.344,1.0,0.991,-0.043,5920,14.51,12.549,0,,,,,,,,,0.705,,,,
2026-09-25T23:11:35.113,173.106,0,795.25,40,,97.531,25.49,-4.0,2.344,1.0,0.994,-0.035,5920,14.51,12.549,0,,,,,,,,,,,0.0,,
2026-09-25T23:11:35.242,173.236,0,796.75,40,,97.531,25.49,-4.0,2.344,1.0,0.993,-0.039,5980,14.51,12.549,0,,,,,,,,,,,,26.275,
2026-09-25T23:11:35.373,173.367,0,793.5,40,,97.531,25.49,-4.0,2.344,1.0,0.995,-0.035,5990,14.51,12.549,0,,,,,,,,,,,,,193
2026-09-25T23:11:35.502,173.496,0,796.25,40,,97.531,25.49,-4.5,2.344,1.0,0.994,-0.035,5980,14.51,12.549,0,98,,,,,,,,,,,,
2026-09-25T23:11:35.633,173.627,0,792.25,40,,97.531,25.098,-2.5,2.344,1.0,0.994,-0.035,5950,14.51,12.549,0,,46,,,,,,,,,,,
2026-09-25T23:11:35.762,173.756,0,791.0,40,,97.531,25.49,-2.5,2.344,1.0,0.995,-0.031,5950,14.51,12.549,0,,,1.562,,,,,,,,,,
2026-09-25T23:11:35.893,173.886,0,793.25,40,,97.531,25.098,-3.5,2.344,1.0,0.995,-0.035,5960,14.51,12.549,0,,,,14.257,,,,,,,,,
2026-09-25T23:11:36.023,174.016,0,797.0,40,,97.531,25.49,-4.0,2.344,1.0,0.996,-0.031,5950,14.51,12.549,0,,,,,98,,,,,,,,
2026-09-25T23:11:36.152,174.146,0,797.25,40,,97.531,25.098,-4.0,2.344,1.0,0.994,-0.035,5930,14.51,12.549,0,,,,,,21,,,,,,,
2026-09-25T23:11:36.282,174.276,0,795.25,40,,97.531,25.49,-4.0,2.344,1.0,0.992,-0.039,5920,14.51,12.549,0,,,,,,,20.0,,,,,,
2026-09-25T23:11:36.413,174.406,0,795.0,40,,97.531,25.49,-3.5,2.344,1.0,0.995,-0.031,5930,14.51,12.549,0,,,,,,,,342.6,,,,,
2026-09-25T23:11:36.543,174.537,0,795.0,40,,97.531,25.882,-3.5,2.344,1.0,0.996,-0.031,5950,14.51,12.549,0,,,,,,,,,0.7,,,,
2026-09-25T23:11:36.673,174.666,0,793.0,40,,97.531,25.49,-3.5,2.344,1.0,0.997,-0.027,5970,14.51,12.549,0,,,,,,,,,,,0.0,,
2026-09-25T23:11:36.803,174.797,0,795.25,40,,97.531,25.098,-3.5,2.344,1.0,0.996,-0.031,5940,14.51,12.549,0,,,,,,,,,,,,26.667,
2026-09-25T23:11:36.933,174.927,0,800.5,40,,97.531,25.49,-4.0,2.344,1.0,0.998,-0.023,5940,14.51,12.549,0,,,,,,,,,,,,,195
2026-09-25T23:11:37.063,175.056,0,801.25,40,,97.531,25.49,-5.5,2.344,1.0,0.997,-0.027,5940,14.51,12.549,0,98,,,,,,,,,,,,
2026-09-25T23:11:37.193,175.186,0,798.0,40,,97.531,25.49,-5.5,2.344,1.0,0.997,-0.027,5920,14.51,12.549,0,,46,,,,,,,,,,,
2026-09-25T23:11:37.323,175.316,0,797.5,40,,97.531,25.49,-4.5,2.344,1.0,0.998,-0.023,5910,14.51,12.549,0,,,1.562,,,,,,,,,,
2026-09-25T23:11:37.452,175.446,0,794.0,40,,97.531,25.49,-4.0,2.344,1.0,0.998,-0.023,5870,14.51,12.157,0,,,,14.433,,,,,,,,,
2026-09-25T23:11:37.582,175.576,0,797.75,39,,97.531,25.098,-4.5,2.344,1.0,0.997,-0.027,5850,14.51,12.157,0,,,,,98,,,,,,,,
2026-09-25T23:11:37.713,175.706,0,797.25,39,,97.531,25.098,-4.0,2.344,1.0,0.997,-0.027,5800,14.51,12.157,0,,,,,,21,,,,,,,
2026-09-25T23:11:37.842,175.836,0,791.75,39,,97.531,24.706,-2.5,2.344,1.0,0.997,-0.027,5720,14.51,12.157,0,,,,,,,20.0,,,,,,
2026-09-25T23:11:37.973,175.966,0,792.75,39,,97.562,24.706,-2.0,2.344,1.0,0.999,-0.023,5670,14.51,12.549,0,,,,,,,,343.1,,,,,
2026-09-25T23:11:38.103,176.097,0,789.25,39,,97.531,25.098,-2.0,2.344,1.0,0.998,-0.023,5650,14.51,12.549,0,,,,,,,,,0.7,,,,
2026-09-25T23:11:38.233,176.227,0,794.25,39,,97.531,25.098,-4.0,2.344,1.0,0.998,-0.027,5700,14.51,12.549,0,,,,,,,,,,,0.0,,
2026-09-25T23:11:38.362,176.356,0,798.5,40,,97.562,25.49,-4.5,2.344,1.0,0.998,-0.027,5790,14.51,12.549,0,,,,,,,,,,,,25.882,
2026-09-25T23:11:38.493,176.486,0,801.0,39,,97.531,25.098,-5.5,2.344,1.0,0.995,-0.031,5940,14.51,12.549,0,,,,,,,,,,,,,196
2026-09-25T23:11:38.623,176.616,0,802.0,40,,97.531,25.49,-6.0,1.562,1.0,0.993,-0.039,6000,14.51,12.157,0,98,,,,,,,,,,,,
2026-09-25T23:11:38.752,176.746,0,797.75,40,,97.531,25.098,-5.5,1.562,1.0,0.994,-0.035,6000,14.51,12.157,0,,46,,,,,,,,,,,
2026-09-25T23:11:38.882,176.876,0,790.25,39,,97.531,24.706,-1.5,1.562,1.0,0.995,-0.031,5870,14.51,12.549,0,,,1.562,,,,,,,,,,
2026-09-25T23:11:39.012,177.006,0,786.75,39,,97.531,25.49,-2.5,1.562,1.0,0.997,-0.027,5710,14.51,12.157,0,,,,14.375,,,,,,,,,
2026-09-25T23:11:39.143,177.136,0,788.75,40,,97.531,24.706,-1.5,2.344,1.0,1.005,-0.016,5700,14.51,12.549,0,,,,,98,,,,,,,,
2026-09-25T23:11:39.274,177.267,0,795.25,39,,97.531,24.706,-2.5,2.344,1.0,1.003,-0.016,5630,14.51,12.549,0,,,,,,21,,,,,,,
2026-09-25T23:11:39.403,177.396,0,796.75,40,,97.531,25.49,-5.0,2.344,1.0,1.001,-0.02,5670,14.51,12.549,0,,,,,,,20.0,,,,,,
2026-09-25T23:11:39.533,177.526,0,793.5,40,,97.531,25.882,-4.0,2.344,1.0,1.004,-0.016,5840,14.51,12.157,0,,,,,,,,343.7,,,,,
2026-09-25T23:11:39.663,177.656,0,793.75,39,,97.531,24.706,-2.5,2.344,1.0,0.997,-0.027,5820,14.51,12.157,0,,,,,,,,,0.695,,,,
2026-09-25T23:11:39.792,177.786,0,793.0,39,,97.531,24.706,-2.0,1.562,1.0,0.997,-0.027,5720,14.51,12.549,0,,,,,,,,,,,0.0,,
2026-09-25T23:11:39.922,177.916,0,792.25,39,,97.531,24.706,-2.5,1.562,1.0,0.998,-0.023,5680,14.51,12.549,0,,,,,,,,,,,,26.275,
2026-09-25T23:11:40.053,178.046,0,795.0,39,,97.531,25.098,-4.0,2.344,1.0,1.002,-0.02,5710,14.51,12.549,0,,,,,,,,,,,,,198
2026-09-25T23:11:40.182,178.176,0,797.5,39,,97.531,24.706,-5.0,2.344,1.0,1.005,-0.016,5760,14.51,12.549,0,98,,,,,,,,,,,,
2026-09-25T23:11:40.312,178.306,0,795.5,39,,97.531,25.098,-4.0,2.344,1.0,1.003,-0.016,5770,14.51,12.157,0,,46,,,,,,,,,,,
2026-09-25T23:11:40.444,178.437,0,794.5,39,,97.531,24.706,-4.0,2.344,1.0,0.999,-0.02,5780,14.51,12.157,0,,,1.562,,,,,,,,,,
2026-09-25T23:11:40.573,178.566,0,792.0,39,,97.531,24.706,-3.0,2.344,1.0,0.997,-0.027,5710,14.51,12.157,0,,,,14.335,,,,,,,,,
2026-09-25T23:11:40.703,178.696,0,790.75,39,,97.531,24.706,-2.5,2.344,1.0,0.999,-0.023,5660,14.51,12.157,0,,,,,98,,,,,,,,
2026-09-25T23:11:40.833,178.826,0,790.25,39,,97.531,24.706,-1.5,2.344,1.0,0.999,-0.023,5580,14.51,12.157,0,,,,,,21,,,,,,,
2026-09-25T23:11:40.962,178.956,0,790.25,39,,97.531,24.706,-2.5,2.344,1.0,1.002,-0.02,5580,14.51,12.157,0,,,,,,,20.0,,,,,,
2026-09-25T23:11:41.093,179.086,0,795.75,39,,97.531,25.098,-4.0,2.344,1.0,1.003,-0.016,5580,14.51,12.549,0,,,,,,,,344.3,,,,,
2026-09-25T23:11:41.223,179.216,0,792.0,39,,97.531,24.706,-2.5,2.344,1.0,1.0,-0.02,5570,14.51,12.549,0,,,,,,,,,0.695,,,,
2026-09-25T23:11:41.354,179.347,0,791.5,39,,97.562,24.706,-2.5,2.344,1.0,0.998,-0.023,5580,14.51,12.549,0,,,,,,,,,,,0.0,,
2026-09-25T23:11:41.483,179.476,0,790.75,40,,97.531,25.098,-3.0,2.344,1.0,0.999,-0.023,5630,14.51,12.549,0,,,,,,,,,,,,25.882,
2026-09-25T23:11:41.612,179.606,0,796.25,39,,97.531,25.098,-4.5,2.344,1.0,0.999,-0.02,5700,14.51,12.157,0,,,,,,,,,,,,,199
2026-09-25T23:11:41.742,179.736,0,799.0,39,,97.531,24.706,-4.0,2.344,1.0,0.999,-0.023,5700,14.51,12.549,0,99,,,,,,,,,,,,
2026-09-25T23:11:41.873,179.866,0,794.75,39,,97.531,25.098,-3.5,2.344,1.0,0.999,-0.02,5690,14.51,12.549,0,,46,,,,,,,,,,,
2026-09-25T23:11:42.002,179.996,0,793.5,40,,97.531,25.49,-4.0,2.344,1.0,0.999,-0.023,5790,14.51,12.549,0,,,1.562,,,,,,,,,,
2026-09-25T23:11:42.132,180.126,0,799.0,40,,97.531,25.49,-4.5,2.344,1.0,0.999,-0.02,5880,14.51,12.549,0,,,,14.433,,,,,,,,,
2026-09-25T23:11:42.262,180.256,0,797.25,40,,97.531,25.49,-4.5,2.344,1.0,0.999,-0.023,5880,14.51,12.157,0,,,,,98,,,,,,,,
2026-09-25T23:11:42.393,180.386,0,795.25,40,,97.531,25.098,-4.0,2.344,1.0,0.999,-0.023,5880,14.51,12.157,0,,,,,,21,,,,,,,
2026-09-25T23:11:42.522,180.516,0,794.75,39,,97.531,25.098,-3.0,2.344,1.0,1.001,-0.02,5820,14.51,12.549,0,,,,,,,20.0,,,,,,
2026-09-25T23:11:42.653,180.646,0,794.75,39,,97.531,25.098,-2.5,2.344,1.0,1.003,-0.016,5700,14.51,12.549,0,,,,,,,,344.8,,,,,
2026-09-25T23:11:42.782,180.776,0,789.25,40,,97.531,25.882,-4.0,2.344,1.0,1.012,-0.008,5750,14.51,12.157,0,,,,,,,,,0.695,,,,
2026-09-25T23:11:42.913,180.906,0,793.25,39,,97.531,25.098,-3.0,3.125,1.0,1.012,-0.008,5740,14.51,12.157,0,,,,,,,,,,,0.0,,
2026-09-25T23:11:43.043,181.036,0,797.75,39,,97.531,25.098,-3.0,2.344,1.0,1.005,-0.016,5700,14.51,12.549,0,,,,,,,,,,,,25.882,
2026-09-25T23:11:43.173,181.166,0,797.0,40,,97.531,25.098,-4.5,2.344,1.0,0.999,-0.023,5730,14.51,12.549,0,,,,,,,,,,,,,201
2026-09-25T23:11:43.302,181.296,0,797.0,40,,97.531,25.098,-5.0,2.344,1.0,1.0,-0.02,5800,14.51,12.549,0,99,,,,,,,,,,,,
2026-09-25T23:11:43.433,181.426,0,797.0,40,,97.531,25.49,-4.5,2.344,1.0,0.999,-0.023,5800,14.51,12.157,0,,46,,,,,,,,,,,
2026-09-25T23:11:43.563,181.556,0,797.0,39,,97.531,25.098,-4.0,2.344,1.0,0.998,-0.023,5820,14.51,12.549,0,,,1.562,,,,,,,,,,
2026-09-25T23:11:43.693,181.686,0,792.25,39,,97.531,25.098,-4.0,2.344,1.0,0.998,-0.027,5780,14.51,12.157,0,,,,14.355,,,,,,,,,
2026-09-25T23:11:43.823,181.816,0,795.5,39,,97.531,25.098,-3.5,2.344,1.0,0.998,-0.023,5750,14.51,12.549,0,,,,,98,,,,,,,,
2026-09-25T23:11:43.954,181.947,0,794.5,39,,97.531,25.098,-2.5,2.344,1.0,0.998,-0.023,5760,14.51,12.549,0,,,,,,21,,,,,,,
2026-09-25T23:11:44.083,182.076,0,795.0,39,,97.531,25.098,-4.0,2.344,1.0,0.999,-0.023,5760,14.51,12.549,0,,,,,,,20.0,,,,,,
2026-09-25T23:11:44.212,182.206,0,796.75,39,,97.531,24.706,-3.5,2.344,1.0,0.998,-0.023,5780,14.51,12.157,0,,,,,,,,345.3,,,,,
2026-09-25T23:11:44.342,182.336,0,795.75,39,,97.531,24.706,-3.0,2.344,1.0,0.999,-0.023,5780,14.51,12.549,0,,,,,,,,,0.695,,,,
2026-09-25T23:11:44.472,182.466,0,796.75,39,,97.531,25.098,-3.5,2.344,1.0,0.998,-0.023,5730,14.51,12.157,0,,,,,,,,,,,0.0,,
2026-09-25T23:11:44.602,182.596,0,796.25,39,,97.531,25.098,-4.0,2.344,1.0,0.998,-0.023,5740,14.51,12.549,0,,,,,,,,,,,,25.882,
2026-09-25T23:11:44.732,182.726,0,800.5,39,,97.531,25.098,-4.0,2.344,1.0,0.996,-0.031,5750,14.51,12.549,0,,,,,,,,,,,,,203
2026-09-25T23:11:44.862,182.856,0,797.0,39,,97.531,25.098,-4.0,2.344,1.0,0.995,-0.031,5720,14.51,12.549,0,98,,,,,,,,,,,,
2026-09-25T23:11:44.993,182.986,0,798.5,39,,97.531,24.706,-4.5,2.344,1.0,0.994,-0.035,5710,14.51,12.549,0,,46,,,,,,,,,,,
2026-09-25T23:11:45.122,183.116,0,798.75,40,,97.531,25.882,-5.5,2.344,1.0,0.996,-0.031,5890,14.51,12.549,0,,,1.562,,,,,,,,,,
2026-09-25T23:11:45.252,183.246,0,797.25,40,,97.531,25.098,-5.5,2.344,1.0,1.0,-0.02,6060,14.51,12.941,0,,,,14.394,,,,,,,,,
2026-09-25T23:11:45.383,183.377,0,802.75,39,,97.531,25.098,-5.5,2.344,1.0,0.998,-0.027,6030,14.51,12.941,0,,,,,98,,,,,,,,
2026-09-25T23:11:45.513,183.506,0,798.75,39,,97.531,24.706,-4.5,2.344,1.0,0.998,-0.027,5900,14.51,12.941,0,,,,,,21,,,,,,,
2026-09-25T23:11:45.642,183.636,0,794.5,38,,97.531,24.314,-3.5,2.344,1.0,1.0,-0.02,5690,14.51,12.941,0,,,,,,,20.0,,,,,,
2026-09-25T23:11:45.773,183.766,0,793.75,38,,97.531,23.922,-1.5,2.344,1.0,1.006,-0.016,5440,14.51,12.941,0,,,,,,,,345.7,,,,,
2026-09-25T23:11:45.902,183.896,0,789.5,38,,97.531,24.706,-2.5,2.344,1.0,1.011,-0.008,5390,14.51,12.941,0,,,,,,,,,0.69,,,,
2026-09-25T23:11:46.032,184.026,0,791.5,39,,97.531,24.706,-2.5,3.125,1.0,1.015,-0.004,5440,14.51,12.941,0,,,,,,,,,,,0.0,,
2026-09-25T23:11:46.162,184.156,0,797.0,38,,97.531,23.922,-2.5,3.125,1.0,1.015,-0.004,5380,14.51,12.941,0,,,,,,,,,,,,25.49,
2026-09-25T23:11:46.293,184.286,0,796.25,38,,97.531,24.314,-2.5,3.125,1.0,1.014,-0.008,5410,14.51,12.941,0,,,,,,,,,,,,,204
2026-09-25T23:11:46.422,184.416,0,795.5,38,,97.531,24.314,-3.0,3.125,1.0,1.013,-0.008,5460,14.51,12.941,0,98,,,,,,,,,,,,
2026-09-25T23:11:46.553,184.547,0,795.0,39,,97.531,24.314,-3.5,3.125,1.0,1.011,-0.008,5510,14.51,12.941,0,,46,,,,,,,,,,,
2026-09-25T23:11:46.683,184.676,0,796.25,38,,97.531,24.314,-4.0,3.125,1.0,1.01,-0.012,5520,14.51,12.941,0,,,1.562,,,,,,,,,,
2026-09-25T23:11:46.812,184.806,0,795.5,38,,97.531,24.314,-2.5,3.125,1.0,1.007,-0.012,5530,14.51,12.941,0,,,,14.375,,,,,,,,,
2026-09-25T23:11:46.942,184.936,0,793.75,38,,97.531,24.314,-2.5,3.125,1.0,1.008,-0.012,5520,14.51,12.941,0,,,,,98,,,,,,,,
2026-09-25T23:11:47.072,185.066,0,793.25,38,,97.531,24.314,-2.5,3.125,1.0,1.01,-0.012,5530,14.51,12.941,0,,,,,,21,,,,,,,
2026-09-25T23:11:47.202,185.196,0,795.5,38,,97.531,24.706,-3.5,3.125,1.0,1.011,-0.008,5560,14.51,12.941,0,,,,,,,20.0,,,,,,
2026-09-25T23:11:47.333,185.326,0,797.0,38,,97.531,24.706,-3.0,3.125,1.0,1.011,-0.008,5530,14.51,12.941,0,,,,,,,,346.2,,,,,
2026-09-25T23:11:47.462,185.456,0,798.25,38,,97.531,24.314,-3.5,3.125,1.0,1.009,-0.012,5550,14.51,12.941,0,,,,,,,,,0.69,,,,
2026-09-25T23:11:47.593,185.586,0,795.0,38,,97.531,24.706,-3.5,3.125,1.0,1.008,-0.012,5540,14.51,12.941,0,,,,,,,,,,,0.0,,
2026-09-25T23:11:47.723,185.717,0,796.75,38,,97.531,24.314,-2.5,3.125,1.0,1.006,-0.016,5540,14.51,12.941,0,,,,,,,,,,,,25.49,
2026-09-25T23:11:47.853,185.846,0,795.75,39,,97.531,24.706,-3.0,3.125,1.0,1.005,-0.016,5560,14.51,12.941,0,,,,,,,,,,,,,206
2026-09-25T23:11:47.984,185.977,0,798.5,38,,97.531,24.314,-4.0,3.125,1.0,1.005,-0.016,5570,14.51,12.941,0,98,,,,,,,,,,,,
2026-09-25T23:11:48.113,186.106,0,798.25,38,,97.531,24.314,-4.0,3.906,1.0,1.006,-0.016,5550,14.51,12.941,0,,46,,,,,,,,,,,
2026-09-25T23:11:48.242,186.236,0,800.0,38,,97.531,24.314,-4.0,3.906,1.0,1.007,-0.012,5570,14.51,12.941,0,,,1.562,,,,,,,,,,
2026-09-25T23:11:48.372,186.366,0,797.75,38,,97.531,24.314,-4.5,3.125,1.0,1.003,-0.016,5570,14.51,12.941,0,,,,14.335,,,,,,,,,
2026-09-25T23:11:48.502,186.496,0,794.75,39,,97.531,24.314,-2.5,3.125,1.0,1.0,-0.02,5540,14.51,12.941,0,,,,,98,,,,,,,,
2026-09-25T23:11:48.632,186.626,0,792.25,39,,97.531,24.314,-2.5,3.125,1.0,1.001,-0.02,5550,14.51,12.941,0,,,,,,21,,,,,,,
2026-09-25T23:11:48.763,186.756,0,796.75,39,,97.531,24.706,-3.5,3.125,1.0,1.004,-0.016,5570,14.51,12.941,0,,,,,,,20.0,,,,,,
2026-09-25T23:11:48.893,186.886,0,799.5,39,,97.531,24.706,-4.0,3.906,1.0,1.009,-0.012,5580,14.51,12.941,0,,,,,,,,346.7,,,,,
2026-09-25T23:11:49.023,187.016,0,800.25,39,,97.531,24.706,-4.0,3.906,1.0,1.011,-0.008,5600,14.51,12.941,0,,,,,,,,,0.69,,,,
2026-09-25T23:11:49.153,187.146,0,799.5,38,,97.531,24.314,-4.0,3.906,1.0,1.008,-0.012,5600,14.51,12.941,0,,,,,,,,,,,0.0,,
2026-09-25T23:11:49.283,187.276,0,797.75,38,,97.531,24.314,-3.5,3.906,1.0,1.005,-0.016,5580,14.51,12.941,0,,,,,,,,,,,,25.49,
2026-09-25T23:11:49.413,187.407,0,799.5,38,,97.531,24.314,-4.0,3.125,1.0,1.001,-0.02,5570,14.51,12.941,0,,,,,,,,,,,,,207
2026-09-25T23:11:49.543,187.536,0,800.5,39,,97.531,24.706,-4.0,3.125,1.0,1.004,-0.016,5600,14.51,12.941,0,99,,,,,,,,,,,,
2026-09-25T23:11:49.672,187.666,0,801.0,39,,97.531,24.314,-4.0,3.906,1.0,1.006,-0.016,5640,14.51,12.941,0,,46,,,,,,,,,,,
2026-09-25T23:11:49.803,187.796,0,800.5,39,,97.531,24.706,-4.5,3.906,1.0,1.005,-0.016,5710,14.51,12.941,0,,,2.344,,,,,,,,,,
2026-09-25T23:11:49.932,187.926,0,799.0,39,,97.531,25.098,-5.0,3.906,1.0,1.005,-0.016,5740,14.51,12.941,0,,,,14.414,,,,,,,,,
2026-09-25T23:11:50.062,188.056,0,799.0,39,,97.531,25.098,-5.0,3.906,1.0,1.009,-0.012,5800,14.51,12.941,0,,,,,98,,,,,,,,
2026-09-25T23:11:50.192,188.186,0,798.5,39,,97.531,25.098,-5.0,3.125,1.0,1.005,-0.016,5810,14.51,12.941,0,,,,,,21,,,,,,,
2026-09-25T23:11:50.322,188.316,0,795.0,39,,97.531,24.706,-3.5,3.125,1.0,1.001,-0.02,5720,14.51,12.941,0,,,,,,,20.0,,,,,,
2026-09-25T23:11:50.453,188.446,0,794.75,39,,97.531,24.314,-2.5,3.125,1.0,0.999,-0.023,5590,14.51,13.333,0,,,,,,,,347.2,,,,,
2026-09-25T23:11:50.582,188.576,0,796.0,39,,97.531,25.49,-4.5,3.125,1.0,0.997,-0.027,5590,14.51,12.941,0,,,,,,,,,0.69,,,,
2026-09-25T23:11:50.712,188.706,0,798.75,39,,97.531,24.314,-2.5,3.125,1.0,1.001,-0.02,5620,14.51,12.941,0,,,,,,,,,,,0.0,,
2026-09-25T23:11:50.843,188.837,0,793.5,39,,97.531,25.49,-3.5,3.906,1.0,1.005,-0.016,5760,14.51,12.941,0,,,,,,,,,,,,26.275,
2026-09-25T23:11:50.973,188.966,0,796.25,39,,97.531,24.314,-3.0,3.906,1.0,1.01,-0.012,5870,14.51,12.941,0,,,,,,,,,,,,,209
2026-09-25T23:11:51.102,189.096,0,798.5,39,,97.531,25.49,-5.5,3.906,1.0,1.006,-0.016,5940,14.51,12.941,0,100,,,,,,,,,,,,
2026-09-25T23:11:51.233,189.226,0,798.75,40,,97.531,25.098,-3.5,3.906,1.0,1.003,-0.016,5950,14.51,12.941,0,,46,,,,,,,,,,,
2026-09-25T23:11:51.362,189.356,0,800.5,40,,97.531,25.098,-4.5,3.906,1.0,1.0,-0.02,5960,14.51,12.941,0,,,2.344,,,,,,,,,,
2026-09-25T23:11:51.492,189.486,0,799.5,39,,97.531,24.314,-4.0,3.125,1.0,0.999,-0.023,5870,14.51,12.941,0,,,,14.277,,,,,,,,,
2026-09-25T23:11:51.622,189.616,0,799.5,39,,97.531,25.098,-4.0,3.125,1.0,0.998,-0.023,5870,14.51,12.941,0,,,,,98,,,,,,,,
2026-09-25T23:11:51.752,189.746,0,797.75,39,,97.531,25.49,-5.0,3.125,1.0,0.999,-0.023,5960,14.51,12.941,0,,,,,,21,,,,,,,
2026-09-25T23:11:51.882,189.876,0,798.0,39,,97.531,24.706,-4.0,3.125,1.0,0.999,-0.023,5950,14.51,12.941,0,,,,,,,20.0,,,,,,
2026-09-25T23:11:52.012,190.006,0,798.0,39,,97.531,24.706,-3.5,3.125,1.0,1.0,-0.02,5780,14.51,12.941,0,,,,,,,,347.6,,,,,
2026-09-25T23:11:52.143,190.136,0,801.5,39,,97.531,25.098,-4.0,3.125,1.0,1.001,-0.02,5790,14.51,12.941,0,,,,,,,,,0.685,,,,
2026-09-25T23:11:52.272,190.266,0,802.0,39,,97.531,25.098,-5.0,3.125,1.0,1.003,-0.016,5830,14.51,12.941,0,,,,,,,,,,,0.0,,
2026-09-25T23:11:52.402,190.396,0,801.0,39,,97.531,25.098,-5.0,3.125,1.0,1.003,-0.016,5840,14.51,12.941,0,,,,,,,,,,,,26.275,
2026-09-25T23:11:52.533,190.527,0,795.75,39,,97.531,25.098,-3.5,3.125,1.0,1.005,-0.016,5860,14.51,12.941,0,,,,,,,,,,,,,210
2026-09-25T23:11:52.663,190.656,0,797.25,40,,97.531,25.098,-4.0,3.125,1.0,1.0,-0.02,5880,14.51,12.941,0,100,,,,,,,,,,,,
2026-09-25T23:11:52.794,190.787,0,796.75,39,,97.531,25.098,-4.0,3.125,1.0,1.004,-0.016,5900,14.51,12.941,0,,46,,,,,,,,,,,
2026-09-25T23:11:52.922,190.916,0,803.25,39,,97.531,25.098,-4.0,3.125,1.0,1.001,-0.02,5860,14.51,12.941,0,,,2.344,,,,,,,,,,
2026-09-25T23:11:53.052,191.046,0,807.25,39,,97.531,25.098,-5.5,3.125,1.0,1.003,-0.016,5850,14.51,12.941,0,,,,14.355,,,,,,,,,
2026-09-25T23:11:53.182,191.176,0,800.75,39,,97.531,25.098,-5.5,3.125,1.0,1.001,-0.02,5850,14.51,12.549,0,,,,,98,,,,,,,,
2026-09-25T23:11:53.312,191.306,0,794.75,39,,97.531,25.098,-2.0,3.125,1.0,1.002,-0.02,5790,14.51,12.941,0,,,,,,21,,,,,,,
2026-09-25T23:11:53.442,191.436,0,795.0,39,,97.531,25.098,-4.0,3.125,1.0,1.002,-0.02,5770,14.51,12.941,0,,,,,,,20.0,,,,,,
2026-09-25T23:11:53.572,191.566,0,797.0,39,,97.531,24.314,-3.0,3.125,1.0,1.001,-0.02,5710,14.51,12.941,0,,,,,,,,348.1,,,,,
2026-09-25T23:11:53.702,191.696,0,799.75,38,,97.531,24.706,-4.0,3.125,1.0,0.999,-0.023,5640,14.51,12.941,0,,,,,,,,,0.685,,,,
2026-09-25T23:11:53.833,191.826,0,796.0,39,,97.531,25.49,-4.0,3.125,1.0,1.0,-0.02,5790,14.51,12.941,0,,,,,,,,,,,0.0,,
2026-09-25T23:11:53.962,191.956,0,796.25,39,,97.531,24.706,-3.0,3.125,1.0,1.003,-0.016,5770,14.51,12.941,0,,,,,,,,,,,,26.275,
2026-09-25T23:11:54.093,192.086,0,797.5,39,,97.531,25.098,-4.5,3.125,1.0,1.002,-0.02,5820,14.51,12.941,0,,,,,,,,,,,,,212
2026-09-25T23:11:54.223,192.217,0,793.5,39,,97.531,25.098,-2.5,3.125,1.0,0.999,-0.023,5850,14.51,12.941,0,100,,,,,,,,,,,,
2026-09-25T23:11:54.353,192.346,0,799.0,39,,97.531,25.098,-4.0,3.125,1.0,0.998,-0.023,5750,14.51,12.941,0,,46,,,,,,,,,,,
2026-09-25T23:11:54.482,192.476,0,799.0,39,,97.531,25.098,-5.5,3.125,1.0,0.997,-0.027,5840,14.51,12.941,0,,,2.344,,,,,,,,,,
2026-09-25T23:11:54.613,192.606,0,798.25,39,,97.531,25.098,-4.0,3.125,1.0,1.001,-0.02,5880,14.51,12.941,0,,,,14.316,,,,,,,,,
2026-09-25T23:11:54.742,192.736,0,795.75,38,,97.531,25.49,-4.0,3.125,1.0,1.005,-0.016,5800,14.51,12.941,0,,,,,98,,,,,,,,
2026-09-25T23:11:54.872,192.866,0,793.0,39,,97.531,25.098,-2.0,3.125,1.0,1.002,-0.02,5800,14.51,13.333,0,,,,,,21,,,,,,,
2026-09-25T23:11:55.002,192.996,0,792.25,39,,97.531,24.706,-3.5,3.125,1.0,1.0,-0.02,5720,14.51,12.941,0,,,,,,,20.0,,,,,,
2026-09-25T23:11:55.132,193.126,0,796.25,39,,97.531,25.098,-3.5,3.125,1.0,0.999,-0.02,5770,14.51,12.941,0,,,,,,,,348.5,,,,,
2026-09-25T23:11:55.263,193.256,0,798.5,39,,97.531,24.706,-4.0,3.125,1.0,1.0,-0.02,5750,14.51,12.941,0,,,,,,,,,0.69,,,,
2026-09-25T23:11:55.392,193.386,0,800.5,39,,97.531,24.706,-4.0,3.125,1.0,1.0,-0.02,5750,14.51,12.941,0,,,,,,,,,,,0.0,,
2026-09-25T23:11:55.523,193.516,0,801.0,39,,97.531,24.706,-4.0,3.125,1.0,1.0,-0.02,5750,14.51,12.941,0,,,,,,,,,,,,25.882,
2026-09-25T23:11:55.654,193.647,0,796.0,39,,97.531,25.098,-3.0,3.125,1.0,1.001,-0.02,5750,14.51,12.941,0,,,,,,,,,,,,,214
2026-09-25T23:11:55.782,193.776,0,793.75,39,,97.531,25.098,-3.0,3.125,1.0,0.999,-0.023,5800,14.51,12.941,0,100,,,,,,,,,,,,
2026-09-25T23:11:55.912,193.906,0,796.0,39,,97.531,25.098,-4.0,3.125,1.0,1.001,-0.02,5830,14.51,12.941,0,,46,,,,,,,,,,,
2026-09-25T23:11:56.042,194.036,0,800.5,39,,97.531,25.098,-4.5,3.125,1.0,1.0,-0.02,5830,14.51,12.941,0,,,3.125,,,,,,,,,,
2026-09-25T23:11:56.172,194.166,0,799.5,39,,97.531,25.098,-4.0,3.125,1.0,1.0,-0.02,5830,14.51,12.941,0,,,,14.355,,,,,,,,,
2026-09-25T23:11:56.302,194.296,0,799.25,39,,97.531,25.098,-4.5,3.125,1.0,0.999,-0.02,5810,14.51,12.941,0,,,,,98,,,,,,,,
2026-09-25T23:11:56.432,194.426,0,796.25,39,,97.531,25.098,-2.5,3.125,1.0,1.0,-0.02,5820,14.51,12.941,0,,,,,,21,,,,,,,
2026-09-25T23:11:56.562,194.556,0,795.75,39,,97.531,25.098,-2.5,2.344,1.0,1.0,-0.02,5810,14.51,12.941,0,,,,,,,20.0,,,,,,
2026-09-25T23:11:56.693,194.686,0,799.5,39,,97.531,25.098,-4.0,2.344,1.0,1.001,-0.02,5830,14.51,12.941,0,,,,,,,,349.0,,,,,
2026-09-25T23:11:56.822,194.816,0,799.25,39,,97.531,25.098,-5.0,2.344,1.0,1.001,-0.02,5880,14.51,12.941,0,,,,,,,,,0.685,,,,
2026-09-25T23:11:56.953,194.946,0,802.25,39,,97.531,25.098,-5.5,2.344,1.0,1.003,-0.016,5930,14.51,12.941,0,,,,,,,,,,,0.0,,
2026-09-25T23:11:57.082,195.076,0,801.75,39,,97.531,25.098,-5.5,3.125,1.0,1.005,-0.016,5950,14.51,12.941,0,,,,,,,,,,,,26.275,
2026-09-25T23:11:57.213,195.206,0,799.25,39,,97.531,25.098,-4.5,3.125,1.0,1.004,-0.016,5940,14.51,12.941,0,,,,,,,,,,,,,215
2026-09-25T23:11:57.343,195.337,0,797.5,39,,97.531,25.098,-4.5,2.344,1.0,0.999,-0.023,5940,14.51,12.941,0,100,,,,,,,,,,,,
2026-09-25T23:11:57.473,195.466,0,801.0,39,,97.531,25.098,-4.5,2.344,1.0,0.999,-0.023,5890,14.51,12.941,0,,46,,,,,,,,,,,
2026-09-25T23:11:57.603,195.597,0,800.5,39,,97.531,25.098,-5.0,2.344,1.0,0.999,-0.023,5870,14.51,12.941,0,,,3.125,,,,,,,,,,
2026-09-25T23:11:57.733,195.726,0,804.0,39,,97.531,24.706,-4.0,2.344,1.0,0.999,-0.023,5830,14.51,12.941,0,,,,14.316,,,,,,,,,
2026-09-25T23:11:57.862,195.856,0,803.25,39,,97.531,24.706,-4.5,2.344,1.0,0.999,-0.023,5800,14.51,12.941,0,,,,,98,,,,,,,,
2026-09-25T23:11:57.993,195.986,0,805.75,39,,97.531,24.706,-5.0,2.344,1.0,1.0,-0.02,5780,14.51,12.941,0,,,,,,21,,,,,,,
2026-09-25T23:11:58.122,196.116,0,805.0,39,,97.531,24.706,-5.0,2.344,1.0,1.002,-0.02,5770,14.51,12.941,0,,,,,,,20.0,,,,,,
2026-09-25T23:11:58.252,196.246,0,797.5,39,,97.531,24.706,-5.0,2.344,1.0,1.0,-0.02,5750,14.51,12.941,0,,,,,,,,349.5,,,,,
2026-09-25T23:11:58.382,196.376,0,798.75,39,,97.562,24.314,-3.5,2.344,1.0,0.999,-0.023,5750,14.51,12.941,0,,,,,,,,,0.685,,,,
2026-09-25T23:11:58.512,196.506,0,801.0,38,,97.531,24.314,-4.0,2.344,1.0,0.998,-0.023,5700,14.51,12.941,0,,,,,,,,,,,0.0,,
2026-09-25T23:11:58.642,196.636,0,801.0,39,,97.531,24.706,-5.0,2.344,1.0,0.998,-0.027,5720,14.51,12.941,0,,,,,,,,,,,,25.882,
2026-09-25T23:11:58.772,196.766,0,799.75,39,,97.531,25.098,-5.5,2.344,1.0,0.999,-0.023,5750,14.51,12.941,0,,,,,,,,,,,,,217
2026-09-25T23:11:58.903,196.896,0,797.75,39,,97.531,25.098,-4.5,2.344,1.0,1.0,-0.02,5790,14.51,12.941,0,100,,,,,,,,,,,,
2026-09-25T23:11:59.032,197.026,0,795.5,39,,97.531,25.098,-4.0,2.344,1.0,1.005,-0.016,5780,14.51,12.941,0,,46,,,,,,,,,,,
2026-09-25T23:11:59.163,197.156,0,799.0,39,,97.531,24.706,-4.5,2.344,1.0,0.999,-0.023,5740,14.51,12.941,0,,,3.125,,,,,,,,,,
2026-09-25T23:11:59.292,197.286,0,802.5,39,,97.531,24.706,-5.5,2.344,1.0,0.999,-0.023,5710,14.51,12.941,0,,,,14.355,,,,,,,,,
2026-09-25T23:11:59.423,197.416,0,801.75,39,,97.531,24.706,-5.0,2.344,1.0,0.998,-0.023,5690,14.51,12.941,0,,,,,98,,,,,,,,
2026-09-25T23:11:59.553,197.547,0,801.25,38,,97.531,24.706,-4.5,2.344,1.0,0.999,-0.023,5640,14.51,12.941,0,,,,,,21,,,,,,,
2026-09-25T23:11:59.682,197.676,0,795.0,39,,97.531,24.706,-4.0,2.344,1.0,0.999,-0.023,5630,14.51,12.941,0,,,,,,,20.0,,,,,,
2026-09-25T23:11:59.812,197.806,0,796.5,39,,97.531,24.706,-4.0,2.344,1.0,1.0,-0.02,5640,14.51,12.941,0,,,,,,,,350.0,,,,,
2026-09-25T23:11:59.942,197.936,0,796.75,39,,97.531,24.706,-4.0,2.344,1.0,1.0,-0.02,5630,14.51,12.941,0,,,,,,,,,0.685,,,,
2026-09-25T23:12:00.072,198.066,0,799.75,39,,97.531,24.706,-4.5,2.344,1.0,0.999,-0.023,5650,14.51,12.941,0,,,,,,,,,,,0.0,,
2026-09-25T23:12:00.202,198.196,0,799.75,39,,97.531,24.706,-4.0,2.344,1.0,0.999,-0.023,5650,14.51,12.941,0,,,,,,,,,,,,25.49,
2026-09-25T23:12:00.332,198.326,0,801.5,39,,97.531,24.706,-4.5,2.344,1.0,1.001,-0.02,5650,14.51,12.941,0,,,,,,,,,,,,,218
2026-09-25T23:12:00.462,198.456,0,795.0,39,,97.531,24.706,-3.0,2.344,1.0,0.999,-0.023,5590,14.51,12.941,0,100,,,,,,,,,,,,
2026-09-25T23:12:00.593,198.586,0,792.5,39,,97.531,24.706,-3.0,2.344,1.0,0.999,-0.023,5630,14.51,12.941,0,,46,,,,,,,,,,,
2026-09-25T23:12:00.722,198.716,0,793.25,39,,97.531,24.706,-3.0,2.344,1.0,1.0,-0.02,5630,14.51,12.941,0,,,3.125,,,,,,,,,,
2026-09-25T23:12:00.852,198.846,0,797.5,39,,97.531,24.706,-4.0,2.344,1.0,1.002,-0.02,5640,14.51,12.941,0,,,,14.414,,,,,,,,,
2026-09-25T23:12:00.983,198.977,0,797.75,39,,97.531,24.706,-4.5,2.344,1.0,1.0,-0.02,5660,14.51,12.941,0,,,,,98,,,,,,,,
2026-09-25T23:12:01.113,199.106,0,804.25,39,,97.531,24.706,-4.5,2.344,1.0,1.003,-0.016,5650,14.51,12.941,0,,,,,,21,,,,,,,
2026-09-25T23:12:01.243,199.237,0,799.75,39,,97.531,24.706,-4.5,2.344,1.0,0.999,-0.023,5630,14.51,12.941,0,,,,,,,20.0,,,,,,
2026-09-25T23:12:01.373,199.366,0,795.25,39,,97.531,25.098,-4.0,1.562,1.0,0.998,-0.023,5720,14.51,12.941,0,,,,,,,,350.5,,,,,
2026-09-25T23:12:01.502,199.496,0,796.0,38,,97.531,24.314,-3.5,2.344,1.0,0.999,-0.023,5680,14.51,12.941,0,,,,,,,,,0.685,,,,
2026-09-25T23:12:01.632,199.626,0,801.25,39,,97.531,25.098,-5.5,2.344,1.0,1.001,-0.02,5740,14.51,12.941,0,,,,,,,,,,,0.0,,
2026-09-25T23:12:01.762,199.756,0,801.5,39,,97.531,25.098,-5.5,2.344,1.0,1.004,-0.016,5810,14.51,12.941,0,,,,,,,,,,,,25.882,
2026-09-25T23:12:01.892,199.886,0,802.25,39,,97.531,25.098,-5.5,2.344,1.0,1.002,-0.02,5880,14.51,12.941,0,,,,,,,,,,,,,220
2026-09-25T23:12:02.022,200.016,0,803.0,39,,97.531,25.098,-5.5,2.344,1.0,1.002,-0.02,5910,14.51,12.941,0,100,,,,,,,,,,,,
2026-09-25T23:12:02.152,200.146,0,800.5,39,,97.531,24.706,-5.5,2.344,1.0,1.002,-0.02,5840,14.51,12.941,0,,46,,,,,,,,,,,
2026-09-25T23:12:02.282,200.276,0,795.5,39,,97.531,24.314,-2.5,2.344,1.0,1.0,-0.02,5760,14.51,12.941,0,,,3.906,,,,,,,,,,
2026-09-25T23:12:02.412,200.406,0,793.75,38,,97.531,24.314,-4.0,2.344,1.0,1.0,-0.02,5540,14.51,12.941,0,,,,14.394,,,,,,,,,
2026-09-25T23:12:02.543,200.536,0,796.75,39,,97.531,23.922,-4.0,2.344,1.0,0.998,-0.023,5540,14.51,13.333,0,,,,,98,,,,,,,,
2026-09-25T23:12:02.673,200.666,0,800.25,39,,97.531,25.098,-5.0,2.344,1.0,0.999,-0.023,5520,14.51,12.941,0,,,,,,21,,,,,,,
2026-09-25T23:12:02.803,200.796,0,796.75,39,,97.531,25.098,-3.5,2.344,1.0,1.001,-0.02,5640,14.51,12.941,0,,,,,,,20.0,,,,,,
2026-09-25T23:12:02.933,200.927,0,799.75,38,,97.531,24.314,-5.5,2.344,1.0,1.005,-0.016,5670,14.51,12.549,0,,,,,,,,351.0,,,,,
2026-09-25T23:12:03.062,201.056,0,796.75,39,,97.562,23.922,-3.5,2.344,1.0,1.003,-0.016,5770,14.51,12.941,0,,,,,,,,,0.69,,,,
2026-09-25T23:12:03.192,201.186,0,800.0,39,,97.531,25.098,-5.5,2.344,1.0,1.0,-0.02,5800,14.51,12.941,0,,,,,,,,,,,0.0,,
2026-09-25T23:12:03.322,201.316,0,800.0,39,,97.531,24.706,-5.0,1.562,1.0,0.999,-0.023,5790,14.51,12.941,0,,,,,,,,,,,,25.098,
2026-09-25T23:12:03.452,201.446,0,801.0,38,,97.531,24.314,-4.0,1.562,1.0,0.999,-0.023,5670,14.51,12.941,0,,,,,,,,,,,,,221
2026-09-25T23:12:03.582,201.576,0,797.0,39,,97.531,25.098,-4.5,1.562,1.0,1.0,-0.02,5660,14.51,12.941,0,100,,,,,,,,,,,,
2026-09-25T23:12:03.712,201.706,0,794.75,39,,97.531,25.098,-4.0,1.562,1.0,1.001,-0.02,5720,14.51,12.941,0,,46,,,,,,,,,,,
2026-09-25T23:12:03.842,201.836,0,796.25,39,,97.531,25.098,-4.0,2.344,1.0,1.004,-0.016,5790,14.51,12.941,0,,,3.906,,,,,,,,,,
2026-09-25T23:12:03.973,201.966,0,799.25,39,,97.531,24.706,-4.5,2.344,1.0,1.005,-0.016,5760,14.51,12.941,0,,,,14.414,,,,,,,,,
2026-09-25T23:12:04.102,202.096,0,802.75,39,,97.531,24.706,-5.0,2.344,1.0,1.001,-0.02,5780,14.51,12.941,0,,,,,98,,,,,,,,
2026-09-25T23:12:04.233,202.226,0,804.0,39,,97.531,24.706,-4.5,2.344,1.0,1.0,-0.02,5730,14.51,12.941,0,,,,,,21,,,,,,,
2026-09-25T23:12:04.362,202.356,0,802.0,39,,97.531,24.706,-4.5,2.344,1.0,0.998,-0.023,5680,14.51,12.941,0,,,,,,,20.0,,,,,,
2026-09-25T23:12:04.493,202.486,0,796.5,39,,97.531,24.706,-4.0,1.562,1.0,0.998,-0.023,5660,14.51,12.941,0,,,,,,,,351.5,,,,,
2026-09-25T23:12:04.623,202.617,0,797.25,39,,97.531,24.706,-4.0,1.562,1.0,0.997,-0.027,5640,14.51,12.941,0,,,,,,,,,0.685,,,,
2026-09-25T23:12:04.752,202.746,0,799.75,39,,97.531,24.706,-4.0,1.562,1.0,0.998,-0.027,5650,14.51,12.941,0,,,,,,,,,,,0.0,,
2026-09-25T23:12:04.882,202.876,0,798.0,39,,97.531,24.706,-4.5,1.562,1.0,0.999,-0.023,5660,14.51,12.941,0,,,,,,,,,,,,25.49,
2026-09-25T23:12:05.012,203.006,0,799.5,39,,97.531,24.706,-4.5,1.562,1.0,0.999,-0.023,5670,14.51,12.941,0,,,,,,,,,,,,,223
2026-09-25T23:12:05.152,203.146,0,802.0,39,,97.531,24.706,-4.5,1.562,1.0,0.998,-0.023,5670,14.51,12.941,0,100,,,,,,,,,,,,
2026-09-25T23:12:05.282,203.276,0,796.75,39,,97.531,24.706,-4.0,1.562,1.0,0.999,-0.023,5680,14.51,12.941,0,,46,,,,,,,,,,,
2026-09-25T23:12:05.413,203.407,0,797.75,39,,97.531,24.706,-4.0,1.562,1.0,1.0,-0.02,5680,14.51,12.941,0,,,3.906,,,,,,,,,,
2026-09-25T23:12:05.543,203.536,0,799.0,39,,97.531,24.706,-4.0,1.562,1.0,1.002,-0.02,5700,14.51,12.941,0,,,,14.335,,,,,,,,,
2026-09-25T23:12:05.673,203.667,0,800.5,39,,97.531,24.706,-5.0,1.562,1.0,1.005,-0.016,5720,14.51,12.941,0,,,,,98,,,,,,,,
2026-09-25T23:12:05.802,203.796,0,803.0,39,,97.531,24.706,-5.0,1.562,1.0,1.004,-0.016,5730,14.51,12.941,0,,,,,,21,,,,,,,
2026-09-25T23:12:05.932,203.926,0,802.25,39,,97.531,24.706,-5.5,1.562,1.0,0.998,-0.023,5710,14.51,12.941,0,,,,,,,20.0,,,,,,
2026-09-25T23:12:06.062,204.056,0,797.75,39,,97.531,24.706,-4.5,1.562,1.0,0.998,-0.023,5680,14.51,12.941,0,,,,,,,,352.0,,,,,
2026-09-25T23:12:06.192,204.186,0,795.25,39,,97.531,24.706,-3.0,1.562,1.0,0.999,-0.023,5650,14.51,12.941,0,,,,,,,,,0.69,,,,
2026-09-25T23:12:06.322,204.316,0,795.5,39,,97.531,24.706,-3.0,1.562,1.0,0.999,-0.023,5630,14.51,12.941,0,,,,,,,,,,,0.0,,
2026-09-25T23:12:06.452,204.446,0,800.25,39,,97.531,24.314,-4.0,1.562,1.0,0.999,-0.023,5630,14.51,12.941,0,,,,,,,,,,,,25.49,
2026-09-25T23:12:06.582,204.576,0,801.75,39,,97.531,24.706,-4.5,1.562,1.0,1.0,-0.02,5630,14.51,12.941,0,,,,,,,,,,,,,224
2026-09-25T23:12:06.713,204.706,0,797.25,39,,97.531,24.706,-4.0,1.562,1.0,1.001,-0.02,5610,14.51,12.941,0,100,,,,,,,,,,,,
2026-09-25T23:12:06.842,204.836,0,794.25,39,,97.531,24.706,-3.0,1.562,1.0,0.999,-0.023,5620,14.51,12.941,0,,46,,,,,,,,,,,
2026-09-25T23:12:06.972,204.966,0,796.25,39,,97.531,24.706,-4.0,1.562,1.0,0.999,-0.023,5610,14.51,12.941,0,,,3.906,,,,,,,,,,
2026-09-25T23:12:07.103,205.097,0,798.75,39,,97.531,24.706,-4.0,1.562,1.0,0.999,-0.023,5640,14.51,12.941,0,,,,14.316,,,,,,,,,
2026-09-25T23:12:07.233,205.226,0,804.25,39,,97.531,24.314,-4.5,1.562,1.0,0.999,-0.023,5630,14.51,12.941,0,,,,,98,,,,,,,,
2026-09-25T23:12:07.363,205.357,0,803.0,39,,97.531,24.314,-5.0,1.562,1.0,0.998,-0.023,5610,14.51,12.941,0,,,,,,21,,,,,,,
2026-09-25T23:12:07.493,205.486,0,805.0,39,,97.531,24.706,-5.0,1.562,1.0,0.999,-0.023,5680,14.51,12.941,0,,,,,,,20.0,,,,,,
2026-09-25T23:12:07.622,205.616,0,799.5,39,,97.531,24.706,-5.5,1.562,1.0,0.999,-0.023,5710,14.51,12.941,0,,,,,,,,352.5,,,,,
2026-09-25T23:12:07.752,205.746,0,795.5,39,,97.531,25.098,-4.0,1.562,1.0,1.0,-0.02,5760,14.51,12.941,0,,,,,,,,,0.685,,,,
2026-09-25T23:12:07.882,205.876,0,794.75,39,,97.531,24.706,-4.0,1.562,1.0,1.002,-0.02,5770,14.51,12.941,0,,,,,,,,,,,0.0,,
2026-09-25T23:12:08.012,206.006,0,798.75,39,,97.531,24.314,-4.0,1.562,1.0,1.003,-0.016,5670,14.51,12.941,0,,,,,,,,,,,,25.098,
2026-09-25T23:12:08.142,206.136,0,800.25,38,,97.531,24.314,-4.0,1.562,1.0,0.998,-0.023,5570,14.51,12.941,0,,,,,,,,,,,,,226
2026-09-25T23:12:08.272,206.266,0,797.75,38,,97.531,24.706,-4.0,1.562,1.0,0.996,-0.031,5530,14.51,12.941,0,100,,,,,,,,,,,,
2026-09-25T23:12:08.403,206.396,0,795.5,39,,97.531,24.706,-3.0,1.562,1.0,0.998,-0.023,5550,14.51,12.941,0,,46,,,,,,,,,,,
2026-09-25T23:12:08.532,206.526,0,791.75,39,,97.531,24.706,-3.0,1.562,1.0,0.999,-0.02,5590,14.51,12.941,0,,,4.688,,,,,,,,,,
2026-09-25T23:12:08.663,206.656,0,795.75,39,,97.531,24.706,-3.5,1.562,1.0,1.001,-0.02,5620,14.51,12.941,0,,,,14.375,,,,,,,,,
2026-09-25T23:12:08.793,206.787,0,796.5,39,,97.531,24.706,3.0,1.562,1.0,1.004,-0.016,5620,14.51,14.51,0,,,,,98,,,,,,,,
2026-09-25T23:12:08.923,206.916,0,810.75,39,,97.469,26.275,9.0,1.562,1.0,1.003,-0.016,5770,14.51,13.725,0,,,,,,21,,,,,,,
2026-09-25T23:12:09.053,207.046,0,865.0,46,,97.531,29.804,-7.0,1.562,1.0,1.001,-0.02,6210,14.51,13.333,0,,,,,,,20.0,,,,,,
2026-09-25T23:12:09.183,207.176,0,906.25,46,,97.531,28.235,-10.0,1.562,1.0,0.993,-0.035,6810,14.51,13.333,0,,,,,,,,352.8,,,,,
2026-09-25T23:12:09.313,207.306,0,916.5,42,,97.531,26.275,-6.0,0.781,1.0,0.979,-0.074,7270,14.51,13.333,0,,,,,,,,,0.69,,,,
2026-09-25T23:12:09.442,207.436,0,908.75,41,,97.562,25.098,-3.0,0.0,0.999,0.968,-0.102,7230,14.51,13.725,0,,,,,,,,,,,0.0,,
2026-09-25T23:12:09.572,207.566,0,900.5,41,,97.531,25.882,-3.0,0.0,0.999,0.967,-0.105,7060,14.51,13.725,0,,,,,,,,,,,,28.627,
2026-09-25T23:12:09.702,207.696,0,900.75,42,,97.531,26.275,-4.5,0.0,1.0,0.973,-0.09,7180,14.51,13.725,0,,,,,,,,,,,,,228
2026-09-25T23:12:09.833,207.826,0,898.75,42,,97.531,26.667,-2.5,0.0,0.999,0.981,-0.07,7250,14.51,13.725,0,100,,,,,,,,,,,,
2026-09-25T23:12:09.962,207.956,0,895.75,43,,97.531,27.451,-4.5,0.0,0.999,0.983,-0.062,7260,14.51,13.333,0,,46,,,,,,,,,,,
2026-09-25T23:12:10.092,208.086,0,888.75,44,,97.531,27.451,-3.5,0.0,0.999,0.985,-0.059,7420,14.51,13.333,0,,,3.906,,,,,,,,,,
2026-09-25T23:12:10.223,208.216,0,889.0,44,,97.562,27.843,-4.0,0.0,0.999,0.982,-0.066,7510,14.51,13.333,0,,,,14.375,,,,,,,,,
2026-09-25T23:12:10.353,208.346,0,890.25,44,,97.531,28.235,-4.0,0.0,0.999,0.979,-0.074,7640,14.51,13.333,0,,,,,98,,,,,,,,
2026-09-25T23:12:10.482,208.476,0,891.75,44,,97.531,28.235,-5.0,-0.781,0.999,0.981,-0.07,7720,14.51,13.333,0,,,,,,21,,,,,,,
2026-09-25T23:12:10.612,208.606,0,889.75,44,,97.594,27.843,-4.5,-0.781,0.999,0.978,-0.078,7720,14.51,13.333,0,,,,,,,20.0,,,,,,
2026-09-25T23:12:10.743,208.737,0,886.75,44,,97.562,27.843,-3.5,-0.781,0.999,0.974,-0.086,7700,14.51,13.333,0,,,,,,,,353.3,,,,,
2026-09-25T23:12:10.872,208.866,0,882.0,44,,97.656,27.843,-3.5,-1.562,0.999,0.973,-0.09,7640,14.51,13.333,0,,,,,,,,,0.69,,,,
2026-09-25T23:12:11.003,208.996,0,879.5,44,,97.562,27.843,-4.0,-1.562,0.999,0.973,-0.09,7520,14.51,13.333,0,,,,,,,,,,,0.0,,
2026-09-25T23:12:11.133,209.126,0,878.25,44,,97.625,28.627,-5.5,-1.562,0.999,0.979,-0.074,7600,14.51,13.333,0,,,,,,,,,,,,30.588,
2026-09-25T23:12:11.262,209.256,0,878.75,45,,97.688,28.235,-5.5,-1.562,0.999,0.982,-0.066,7710,14.51,13.333,0,,,,,,,,,,,,,229
2026-09-25T23:12:11.393,209.386,0,878.75,44,,97.812,27.843,-3.0,-1.562,0.999,0.98,-0.07,7680,14.51,13.333,0,100,,,,,,,,,,,,
2026-09-25T23:12:11.522,209.516,0,873.75,44,,97.688,27.451,-4.0,-2.344,0.999,0.979,-0.074,7490,14.51,13.333,0,,46,,,,,,,,,,,
2026-09-25T23:12:11.653,209.646,0,864.5,44,,97.75,27.451,-3.5,-2.344,0.999,0.982,-0.066,7430,14.51,13.333,0,,,3.906,,,,,,,,,,
2026-09-25T23:12:11.782,209.776,0,860.25,44,,97.719,27.843,-3.5,-2.344,0.999,0.982,-0.066,7400,14.51,13.333,0,,,,14.296,,,,,,,,,
2026-09-25T23:12:11.913,209.907,0,861.5,45,,97.75,28.235,-4.0,-2.344,0.999,0.98,-0.07,7480,14.51,13.333,0,,,,,98,,,,,,,,
2026-09-25T23:12:12.042,210.036,0,862.75,45,,97.812,28.627,-4.0,-2.344,0.999,0.978,-0.078,7540,14.51,13.333,0,,,,,,21,,,,,,,
2026-09-25T23:12:12.172,210.166,0,872.25,45,,97.781,28.235,-5.5,-3.125,0.999,0.97,-0.098,7590,14.51,12.941,0,,,,,,,20.0,,,,,,
2026-09-25T23:12:12.302,210.296,0,871.5,45,,97.812,28.235,-5.0,-3.906,0.999,0.96,-0.117,7590,14.51,12.941,0,,,,,,,,353.6,,,,,
2026-09-25T23:12:12.432,210.426,0,869.5,44,,97.875,27.843,-4.5,-4.688,0.999,0.95,-0.141,7550,14.51,12.941,0,,,,,,,,,0.725,,,,
2026-09-25T23:12:12.562,210.556,0,861.5,43,,97.844,27.451,-2.5,-5.469,0.999,0.943,-0.156,7350,14.51,13.333,0,,,,,,,,,,,0.0,,
2026-09-25T23:12:12.693,210.686,0,858.25,44,,97.719,28.235,-4.0,-6.25,0.999,0.947,-0.148,7290,14.51,12.941,0,,,,,,,,,,,,29.412,
2026-09-25T23:12:12.822,210.816,0,858.0,44,,97.844,27.843,-3.5,-6.25,0.999,0.944,-0.156,7340,14.51,13.333,0,,,,,,,,,,,,,231
2026-09-25T23:12:12.953,210.947,0,859.25,44,,97.844,28.235,-4.0,-7.031,0.999,0.937,-0.172,7420,14.51,13.333,0,100,,,,,,,,,,,,
2026-09-25T23:12:13.082,211.076,0,860.75,44,,97.844,28.235,-4.5,-8.594,0.999,0.931,-0.188,7520,14.51,12.941,0,,46,,,,,,,,,,,
2026-09-25T23:12:13.212,211.206,0,858.0,45,,97.812,28.235,-4.5,-9.375,0.999,0.923,-0.203,7620,14.51,12.941,0,,,4.688,,,,,,,,,,
2026-09-25T23:12:13.342,211.336,0,856.75,44,,97.844,27.843,-3.5,-10.156,0.999,0.924,-0.203,7600,14.51,12.941,0,,,,14.375,,,,,,,,,
2026-09-25T23:12:13.472,211.466,0,846.5,44,,97.812,27.843,-2.5,-10.938,0.999,0.927,-0.195,7600,14.51,13.725,0,,,,,98,,,,,,,,
2026-09-25T23:12:13.602,211.596,0,852.5,44,,97.75,28.627,-2.5,-10.938,0.999,0.934,-0.18,7630,14.51,13.333,0,,,,,,21,,,,,,,
2026-09-25T23:12:13.732,211.726,0,860.0,48,,97.562,30.98,-4.0,-11.719,0.999,0.936,-0.176,7940,14.51,13.333,0,,,,,,,20.0,,,,,,
2026-09-25T23:12:13.862,211.856,0,878.25,47,,97.781,29.804,-5.0,-12.5,0.999,0.936,-0.176,8260,14.51,13.333,0,,,,,,,,354.0,,,,,
2026-09-25T23:12:14.002,211.996,0,880.5,46,,97.844,29.412,-4.5,-13.281,0.999,0.934,-0.18,8580,14.51,13.333,0,,,,,,,,,0.86,,,,
2026-09-25T23:12:14.133,212.127,0,875.0,46,,97.844,29.412,-3.5,-13.281,0.999,0.941,-0.16,8630,14.51,13.725,0,,,,,,,,,,,0.0,,
2026-09-25T23:12:14.262,212.256,0,869.0,46,,97.688,30.588,5.5,-13.281,0.999,0.951,-0.141,8610,28.235,14.51,0,,,,,,,,,,,,36.471,
2026-09-25T23:12:14.393,212.386,0,875.25,50,,97.562,34.118,8.0,-13.281,0.999,0.96,-0.121,8780,39.216,26.667,0,,,,,,,,,,,,,232
2026-09-25T23:12:14.522,212.516,0,879.75,58,,97.469,49.412,2.5,-13.281,0.999,0.97,-0.098,8910,38.039,51.373,0,100,,,,,,,,,,,,
2026-09-25T23:12:14.653,212.647,0,1082.0,99,,96.781,67.451,1.5,-13.281,1.0,1.02,0.0,9810,35.686,45.098,0,,47,,,,,,,,,,,
2026-09-25T23:12:14.783,212.777,0,1311.0,96,,96.844,50.98,5.0,-7.812,1.0,1.098,0.086,10650,32.549,32.157,1,,,1.562,,,,,,,,,,
2026-09-25T23:12:14.912,212.906,0,1370.75,96,,97.719,45.49,6.5,-5.469,0.999,1.125,0.113,11530,32.157,25.098,2,,,,14.433,,,,,,,,,
2026-09-25T23:12:15.043,213.037,0,1375.5,95,,98.656,38.039,8.5,-3.125,0.999,1.121,0.109,12320,27.843,17.647,3,,,,,98,,,,,,,,
2026-09-25T23:12:15.172,213.166,0,1413.5,79,,100.094,29.412,13.0,-1.562,1.0,1.097,0.086,13600,28.235,17.255,3,,,,,,21,,,,,,,
2026-09-25T23:12:15.313,213.306,0,1481.75,69,,100.125,24.314,14.0,-2.344,1.0,1.045,0.027,13920,29.02,18.431,4,,,,,,,20.0,,,,,,
2026-09-25T23:12:15.442,213.436,0,1438.5,66,,100.125,25.49,13.5,-2.344,1.001,1.045,0.027,14000,33.333,21.176,4,,,,,,,,354.0,,,,,
2026-09-25T23:12:15.572,213.566,0,1379.0,78,,99.25,34.51,11.5,-1.562,1.001,1.057,0.043,14590,35.686,34.118,5,,,,,,,,,0.805,,,,
2026-09-25T23:12:15.702,213.696,0,1396.75,98,,98.531,48.235,8.5,0.0,1.0,1.035,0.016,15310,35.294,36.471,6,,,,,,,,,,,0.0,,
2026-09-25T23:12:15.833,213.826,0,1406.75,97,,99.062,43.922,8.0,-0.781,1.0,1.049,0.031,15610,34.902,36.471,7,,,,,,,,,,,,76.078,
2026-09-25T23:12:15.963,213.956,0,1398.25,99,,100.281,47.059,7.5,0.781,0.999,1.063,0.051,16770,33.725,30.98,8,,,,,,,,,,,,,234
2026-09-25T23:12:16.092,214.086,0,1430.25,98,,101.031,43.922,8.5,0.781,0.999,1.037,0.02,17380,32.157,25.882,9,100,,,,,,,,,,,,
2026-09-25T23:12:16.222,214.216,0,1475.0,97,,101.719,40.0,11.0,1.562,1.0,1.034,0.016,16710,30.588,21.176,10,,46,,,,,,,,,,,
2026-09-25T23:12:16.353,214.346,0,1476.0,91,,103.062,29.412,13.0,2.344,1.0,1.045,0.027,16310,29.804,18.824,11,,,1.562,,,,,,,,,,
2026-09-25T23:12:16.482,214.476,0,1487.5,80,,103.156,27.059,14.5,2.344,1.0,1.021,0.0,15770,29.804,18.824,12,,,,14.375,,,,,,,,,
2026-09-25T23:12:16.612,214.606,0,1523.75,78,,104.938,25.882,14.5,1.562,1.0,0.999,-0.023,14750,28.627,17.255,12,,,,,98,,,,,,,,
2026-09-25T23:12:16.743,214.736,0,1546.5,73,,105.344,20.784,15.5,1.562,1.0,1.008,-0.012,14560,28.627,18.039,13,,,,,,21,,,,,,,
2026-09-25T23:12:16.872,214.866,0,1543.0,67,,104.844,21.176,15.5,2.344,1.001,1.007,-0.012,13660,29.02,18.039,13,,,,,,,20.0,,,,,,
2026-09-25T23:12:17.002,214.996,0,1577.0,66,,104.562,21.176,15.5,1.562,1.001,0.995,-0.031,12880,29.02,18.431,13,,,,,,,,355.3,,,,,
2026-09-25T23:12:17.132,215.126,0,1598.0,67,,104.281,20.784,15.5,0.781,1.001,0.983,-0.062,13080,29.412,18.824,14,,,,,,,,,0.345,,,,
2026-09-25T23:12:17.263,215.256,0,1661.0,70,,103.688,20.392,16.5,0.0,1.001,0.981,-0.066,13450,30.196,20.392,14,,,,,,,,,,,0.0,,
2026-09-25T23:12:17.392,215.386,0,1681.0,75,,103.469,21.176,15.0,0.0,1.001,0.989,-0.047,13990,31.373,23.922,14,,,,,,,,,,,,55.294,
2026-09-25T23:12:17.523,215.517,0,1731.25,86,,102.906,25.49,-10.5,1.562,1.0,1.021,0.0,15110,31.373,22.745,15,,,,,,,,,,,,,235
2026-09-25T23:12:17.653,215.646,0,1524.75,88,,105.031,29.02,-8.0,2.344,1.0,1.036,0.02,16020,31.373,21.569,15,100,,,,,,,,,,,,
2026-09-25T23:12:17.782,215.776,0,1367.0,89,,105.781,36.863,-5.5,3.125,1.0,1.032,0.012,16220,31.765,20.784,15,,46,,,,,,,,,,,
2026-09-25T23:12:17.913,215.906,0,1323.5,87,,106.188,38.431,0.0,3.125,1.0,1.021,0.0,16220,31.765,20.392,16,,,1.562,,,,,,,,,,
2026-09-25T23:12:18.043,216.037,0,1288.75,88,,106.219,41.176,0.5,2.344,1.0,0.993,-0.039,16240,34.51,25.49,15,,,,14.375,,,,,,,,,
2026-09-25T23:12:18.173,216.166,0,1225.75,98,,106.0,52.941,8.0,2.344,1.0,0.986,-0.055,16380,34.51,23.922,17,,,,,98,,,,,,,,
2026-09-25T23:12:18.302,216.296,0,1267.25,95,,106.375,51.373,9.0,0.0,0.997,0.965,-0.109,17020,34.51,24.314,17,,,,,,21,,,,,,,
2026-09-25T23:12:18.433,216.427,0,1326.25,95,,106.594,48.235,8.0,0.0,1.004,0.988,-0.051,16880,34.51,24.706,18,,,,,,,20.0,,,,,,
2026-09-25T23:12:18.563,216.557,0,1363.75,96,,106.969,46.275,8.0,0.0,0.997,0.99,-0.043,16910,34.902,24.706,18,,,,,,,,357.4,,,,,
2026-09-25T23:12:18.693,216.687,0,1401.5,96,,107.281,44.706,8.0,0.0,1.0,0.997,-0.027,17140,34.902,25.49,19,,,,,,,,,0.7,,,,
2026-09-25T23:12:18.822,216.816,0,1406.0,98,,107.562,44.706,8.0,0.0,0.998,0.996,-0.031,17200,34.51,25.49,19,,,,,,,,,,,0.0,,
2026-09-25T23:12:18.953,216.946,0,1435.0,98,,108.25,43.137,8.0,0.0,0.998,1.0,-0.02,16750,34.902,26.275,20,,,,,,,,,,,,75.294,
2026-09-25T23:12:19.082,217.076,0,1506.25,99,,108.688,41.569,8.0,0.0,1.002,1.023,0.004,16740,34.51,26.275,21,,,,,,,,,,,,,237
2026-09-25T23:12:19.213,217.206,0,1555.5,99,,109.031,38.824,8.0,1.562,0.997,1.014,-0.008,17260,34.51,25.882,21,100,,,,,,,,,,,,
2026-09-25T23:12:19.343,217.336,0,1589.5,99,,109.562,34.902,8.5,2.344,1.004,1.034,0.016,16580,34.51,25.882,22,,45,,,,,,,,,,,
2026-09-25T23:12:19.472,217.466,0,1638.5,98,,110.812,33.725,9.0,3.906,0.997,1.016,-0.004,16660,34.118,25.098,22,,,0.781,,,,,,,,,,
2026-09-25T23:12:19.602,217.596,0,1677.75,97,,111.25,32.549,9.5,3.906,1.003,1.005,-0.016,16520,34.118,24.706,23,,,,14.375,,,,,,,,,
2026-09-25T23:12:19.732,217.726,0,1725.75,96,,111.969,31.373,10.0,3.906,0.998,1.008,-0.012,16290,34.118,24.706,24,,,,,98,,,,,,,,
2026-09-25T23:12:19.863,217.856,0,1777.75,96,,112.5,30.196,10.0,3.125,1.0,0.994,-0.035,16280,34.118,24.706,25,,,,,,21,,,,,,,
2026-09-25T23:12:19.993,217.987,0,1813.5,96,,112.906,29.412,11.0,3.125,1.0,0.993,-0.035,16290,34.51,25.49,25,,,,,,,20.0,,,,,,
2026-09-25T23:12:20.122,218.116,0,1876.25,97,,113.094,30.588,11.0,3.125,0.999,0.993,-0.039,16430,34.51,25.098,26,,,,,,,,363.1,,,,,
2026-09-25T23:12:20.253,218.246,0,1875.25,96,,114.312,30.588,11.5,3.125,0.999,0.996,-0.027,16320,34.902,25.098,26,,,,,,,,,0.615,,,,
2026-09-25T23:12:20.383,218.376,0,1951.0,96,,114.844,30.98,11.5,3.125,0.999,0.994,-0.035,16480,34.902,25.098,27,,,,,,,,,,,0.0,,
2026-09-25T23:12:20.512,218.506,0,1965.0,96,,115.406,30.98,12.0,3.125,0.999,0.993,-0.039,16330,34.902,25.098,27,,,,,,,,,,,,68.627,
2026-09-25T23:12:20.643,218.636,0,1990.75,96,,115.906,30.98,12.5,2.344,0.999,0.99,-0.047,16430,34.902,25.098,28,,,,,,,,,,,,,238
2026-09-25T23:12:20.772,218.766,0,1850.25,98,,116.688,31.373,-10.5,2.344,0.999,0.994,-0.035,16910,35.294,24.706,28,99,,,,,,,,,,,,
2026-09-25T23:12:20.902,218.896,0,1613.25,100,,118.094,34.118,-9.5,4.688,1.0,1.046,0.027,17310,35.686,24.314,28,,45,,,,,,,,,,,
2026-09-25T23:12:21.032,219.026,0,1560.75,102,,118.219,38.431,-1.0,4.688,1.0,1.0,-0.02,17520,35.686,24.314,29,,,0.781,,,,,,,,,,
2026-09-25T23:12:21.163,219.156,0,1529.25,101,,118.062,40.0,4.5,3.906,1.0,0.999,-0.02,17500,35.294,23.529,30,,,,14.335,,,,,,,,,
2026-09-25T23:12:21.292,219.286,0,1481.5,101,,117.625,41.569,6.5,3.906,1.0,1.004,-0.016,17230,35.294,22.745,30,,,,,98,,,,,,,,
2026-09-25T23:12:21.422,219.416,0,1431.25,99,,117.156,43.137,7.0,3.125,1.0,0.984,-0.059,17120,34.902,22.745,31,,,,,,21,,,,,,,
2026-09-25T23:12:21.553,219.547,0,1413.5,99,,115.625,44.706,8.0,1.562,1.001,0.974,-0.086,17220,34.118,21.961,31,,,,,,,20.0,,,,,,
2026-09-25T23:12:21.682,219.676,0,1449.0,97,,115.25,41.176,8.0,0.0,0.998,0.977,-0.082,16930,32.941,21.961,32,,,,,,,,372.1,,,,,
2026-09-25T23:12:21.812,219.806,0,1461.75,96,,114.719,39.216,9.5,0.781,1.001,0.999,-0.023,16180,31.765,20.0,32,,,,,,,,,0.7,,,,
2026-09-25T23:12:21.942,219.936,0,1480.25,93,,114.281,31.765,11.0,1.562,1.004,1.017,-0.004,15640,29.804,18.039,32,,,,,,,,,,,0.0,,
2026-09-25T23:12:22.072,220.066,0,1491.5,84,,108.688,27.059,14.0,3.125,0.996,1.02,0.0,15350,29.02,17.255,33,,,,,,,,,,,,48.235,
2026-09-25T23:12:22.202,220.196,0,1517.75,79,,108.125,25.882,14.5,3.906,0.995,1.005,-0.016,14810,27.843,17.255,33,,,,,,,,,,,,,240
2026-09-25T23:12:22.333,220.327,0,1536.0,74,,107.094,24.314,15.5,2.344,1.005,0.985,-0.059,14280,27.059,16.471,33,99,,,,,,,,,,,,
2026-09-25T23:12:22.462,220.456,0,1528.75,62,,105.375,20.0,15.5,0.0,1.009,0.984,-0.059,13690,28.235,17.647,33,,44,,,,,,,,,,,
2026-09-25T23:12:22.593,220.586,0,1549.25,61,,104.312,20.0,15.5,0.0,1.001,0.99,-0.047,13160,30.98,19.216,34,,,1.562,,,,,,,,,,
2026-09-25T23:12:22.722,220.716,0,1578.5,66,,103.156,21.569,15.5,0.781,0.995,0.993,-0.035,13030,30.98,23.137,34,,,,14.375,,,,,,,,,
2026-09-25T23:12:22.853,220.846,0,1631.5,76,,101.656,25.882,14.5,0.781,0.991,0.993,-0.039,13850,30.98,23.137,34,,,,,98,,,,,,,,
2026-09-25T23:12:22.982,220.976,0,1647.5,86,,101.844,25.098,14.5,1.562,1.0,1.021,0.0,14830,30.98,22.745,34,,,,,,21,,,,,,,
2026-09-25T23:12:23.112,221.106,0,1628.75,87,,101.938,25.49,14.5,3.125,1.007,1.035,0.016,15250,30.98,22.745,34,,,,,,,20.0,,,,,,
2026-09-25T23:12:23.242,221.236,0,1611.5,87,,102.062,25.49,14.5,3.906,1.01,1.033,0.016,15340,30.98,22.745,35,,,,,,,,378.3,,,,,
2026-09-25T23:12:23.372,221.366,0,1627.25,87,,102.156,25.49,14.5,5.469,0.999,1.021,0.0,15310,30.98,21.961,35,,,,,,,,,0.675,,,,
2026-09-25T23:12:23.502,221.495,0,1641.75,87,,105.0,25.49,14.5,6.25,0.993,0.998,-0.023,15300,25.098,16.471,36,,,,,,,,,,,0.0,,
2026-09-25T23:12:23.633,221.627,0,1644.75,84,,105.469,23.529,16.0,5.469,0.992,0.985,-0.059,14890,18.039,14.118,36,,,,,,,,,,,,36.078,
2026-09-25T23:12:23.763,221.756,0,1639.75,45,,103.781,0.0,12.5,3.906,0.992,0.971,-0.094,14170,14.51,12.549,36,,,,,,,,,,,,,242
2026-09-25T23:12:23.893,221.886,0,1629.0,31,,103.344,0.0,18.5,3.125,1.0,0.975,-0.086,13610,14.51,12.941,36,99,,,,,,,,,,,,
2026-09-25T23:12:24.023,222.016,0,1621.75,25,,102.688,0.0,27.5,1.562,1.005,0.967,-0.105,13460,14.51,12.941,36,,44,,,,,,,,,,,
2026-09-25T23:12:24.152,222.146,0,1637.5,23,,101.406,0.0,23.0,2.344,1.004,0.995,-0.031,12950,14.51,12.941,35,,,3.906,,,,,,,,,,
2026-09-25T23:12:24.282,222.276,0,1630.5,23,,101.062,0.0,18.5,3.906,1.002,1.007,-0.012,12430,14.51,12.941,35,,,,14.355,,,,,,,,,
2026-09-25T23:12:24.412,222.406,0,1627.25,23,,100.75,0.0,12.5,3.125,1.002,0.995,-0.031,11940,14.902,12.941,35,,,,,98,,,,,,,,
2026-09-25T23:12:24.542,222.536,0,1619.25,22,,100.406,0.0,8.0,3.125,1.001,0.996,-0.031,11440,14.902,12.941,35,,,,,,21,,,,,,,
2026-09-25T23:12:24.672,222.666,0,1611.75,22,,99.781,0.0,3.5,3.125,1.001,0.998,-0.023,10980,14.902,12.941,35,,,,,,,20.0,,,,,,
2026-09-25T23:12:24.802,222.796,0,1604.75,22,,99.562,0.0,-1.0,0.0,1.001,1.019,0.0,10590,14.902,13.333,35,,,,,,,,381.9,,,,,
2026-09-25T23:12:24.933,222.927,0,1584.0,22,,99.469,0.0,-1.0,0.0,1.001,1.128,0.117,10420,14.902,12.941,34,,,,,,,,,0.69,,,,
2026-09-25T23:12:25.062,223.056,0,1561.75,23,,99.469,0.0,-1.0,0.0,0.999,1.503,0.438,10370,14.902,12.941,34,,,,,,,,,,,0.0,,
2026-09-25T23:12:25.193,223.186,0,1552.0,23,,99.594,0.0,-1.0,0.0,1.003,2.0,0.715,10380,14.51,12.941,34,,,,,,,,,,,,12.941,
2026-09-25T23:12:25.322,223.316,0,1548.75,24,,99.469,0.0,-1.0,0.0,1.05,2.0,0.922,10390,14.51,12.941,34,,,,,,,,,,,,,243
2026-09-25T23:12:25.452,223.446,0,1540.0,24,,99.406,0.0,-1.0,0.0,1.134,2.0,1.043,10390,14.51,12.549,33,99,,,,,,,,,,,,
2026-09-25T23:12:25.582,223.576,0,1525.75,24,,99.469,0.0,-1.5,0.0,1.192,2.0,1.125,10400,14.51,12.549,33,,44,,,,,,,,,,,
2026-09-25T23:12:25.713,223.707,0,1518.0,24,,99.156,0.0,-1.5,0.0,1.268,2.0,1.172,10410,14.51,12.549,33,,,4.688,,,,,,,,,,
2026-09-25T23:12:25.842,223.836,0,1503.75,23,,99.156,0.0,-2.0,0.0,1.357,2.0,1.195,10410,14.51,12.549,32,,,,14.492,,,,,,,,,
2026-09-25T23:12:25.972,223.966,0,1487.75,24,,99.156,0.0,-2.0,0.0,1.478,2.0,1.223,10410,14.51,12.549,32,,,,,98,,,,,,,,
2026-09-25T23:12:26.102,224.096,0,1470.75,24,,99.156,0.0,-2.5,0.0,1.598,2.0,1.234,10420,14.51,12.549,32,,,,,,21,,,,,,,
2026-09-25T23:12:26.233,224.226,0,1459.0,24,,99.125,0.0,-2.5,0.0,1.706,2.0,1.242,10420,14.51,12.549,32,,,,,,,20.0,,,,,,
2026-09-25T23:12:26.362,224.356,0,1455.0,24,,99.094,0.0,-2.5,0.0,1.756,2.0,1.242,10420,14.51,12.549,31,,,,,,,,383.9,,,,,
2026-09-25T23:12:26.492,224.486,0,1429.75,24,,99.156,0.0,-2.5,0.0,1.782,2.0,1.25,10430,14.51,12.549,31,,,,,,,,,0.095,,,,
2026-09-25T23:12:26.622,224.616,0,1400.25,24,,99.0,0.0,-3.0,0.0,1.791,2.0,1.254,10440,14.51,12.549,30,,,,,,,,,,,0.0,,
2026-09-25T23:12:26.753,224.746,0,1365.0,24,,99.094,0.0,-4.0,0.0,1.796,2.0,1.258,10430,14.51,12.549,29,,,,,,,,,,,,13.333,
2026-09-25T23:12:26.882,224.876,0,1333.5,24,,98.875,0.0,-4.0,0.0,1.798,2.0,1.258,10440,14.51,12.549,29,,,,,,,,,,,,,245
2026-09-25T23:12:27.012,225.006,0,1287.25,24,,98.875,0.0,-4.5,0.0,1.799,2.0,1.262,10440,14.51,12.549,28,99,,,,,,,,,,,,
2026-09-25T23:12:27.142,225.136,0,1264.0,24,,98.844,0.0,-5.0,0.0,1.8,2.0,1.266,10440,14.51,12.549,27,,45,,,,,,,,,,,
2026-09-25T23:12:27.273,225.266,0,1230.0,24,,98.812,0.0,-6.0,0.0,1.8,2.0,1.262,10440,14.51,12.157,26,,,6.25,,,,,,,,,,
2026-09-25T23:12:27.402,225.396,0,1194.5,24,,98.812,0.0,-6.5,0.0,1.8,2.0,1.262,10450,14.51,12.157,25,,,,14.414,,,,,,,,,
2026-09-25T23:12:27.533,225.526,0,1151.25,24,,98.812,0.0,-7.0,0.0,1.8,2.0,1.262,10440,14.51,12.157,25,,,,,98,,,,,,,,
2026-09-25T23:12:27.662,225.656,0,1111.25,24,,98.812,0.0,-7.5,0.0,1.8,2.0,1.262,10440,14.51,12.157,24,,,,,,21,,,,,,,
2026-09-25T23:12:27.792,225.786,0,1074.5,24,,98.719,0.0,-8.5,0.0,1.8,2.0,1.262,10450,14.51,12.157,23,,,,,,,20.0,,,,,,
2026-09-25T23:12:27.922,225.916,0,1051.5,24,,98.594,0.0,-8.5,0.0,1.754,2.0,1.262,10440,14.51,11.765,22,,,,,,,,386.3,,,,,
2026-09-25T23:12:28.053,226.046,0,1014.75,24,,98.531,12.549,-9.5,0.0,1.869,2.0,1.262,10370,14.51,11.765,22,,,,,,,,,0.095,,,,
2026-09-25T23:12:28.182,226.176,0,1003.0,24,,98.5,12.549,-9.5,0.0,1.807,2.0,1.199,10310,14.51,11.765,21,,,,,,,,,,,0.0,,
2026-09-25T23:12:28.312,226.306,0,1001.25,23,,98.5,11.765,-4.0,0.0,1.57,2.0,1.121,10150,14.51,11.765,20,,,,,,,,,,,,13.333,
2026-09-25T23:12:28.442,226.436,0,998.75,23,,98.469,11.765,-8.5,0.0,1.375,2.0,1.012,9760,14.51,11.765,19,,,,,,,,,,,,,246
2026-09-25T23:12:28.572,226.566,0,1004.0,22,,98.406,11.373,-9.5,0.0,1.222,2.0,0.781,9460,14.51,11.765,19,99,,,,,,,,,,,,
2026-09-25T23:12:28.702,226.696,0,981.25,22,,98.25,11.765,-8.5,0.0,1.12,1.593,0.492,9160,14.51,11.765,18,,45,,,,,,,,,,,
2026-09-25T23:12:28.832,226.826,0,987.0,22,,98.188,11.373,-9.0,0.0,1.033,1.271,0.262,8800,14.51,11.765,17,,,7.031,,,,,,,,,,
2026-09-25T23:12:28.962,226.956,0,948.25,22,,98.188,11.765,-1.5,0.0,0.986,1.16,0.152,8520,14.51,11.765,17,,,,14.394,,,,,,,,,
2026-09-25T23:12:29.093,227.086,0,890.75,23,,98.188,12.157,6.5,0.0,0.953,1.065,0.051,8280,14.51,12.549,17,,,,,98,,,,,,,,
2026-09-25T23:12:29.223,227.216,0,845.75,25,,98.188,14.118,4.0,0.0,0.936,1.046,0.031,7910,14.51,12.549,16,,,,,,21,,,,,,,
2026-09-25T23:12:29.352,227.346,0,823.75,27,,98.062,17.255,1.5,0.0,0.924,0.991,-0.043,7520,14.51,12.549,16,,,,,,,20.0,,,,,,
2026-09-25T23:12:29.482,227.476,0,807.5,30,,97.969,18.039,0.5,2.344,0.918,0.977,-0.082,7190,14.51,12.157,15,,,,,,,,386.9,,,,,
2026-09-25T23:12:29.613,227.606,0,806.25,30,,97.906,18.039,-2.0,3.125,0.913,0.974,-0.09,6740,14.51,12.157,15,,,,,,,,,0.12,,,,
2026-09-25T23:12:29.743,227.736,0,800.75,30,,97.906,18.039,-1.0,3.906,0.91,0.969,-0.098,6410,14.51,12.157,15,,,,,,,,,,,0.0,,
2026-09-25T23:12:29.872,227.866,0,791.0,30,,97.875,18.039,1.0,3.125,0.908,0.952,-0.137,6080,14.51,12.157,14,,,,,,,,,,,,18.824,
2026-09-25T23:12:30.002,227.996,0,786.75,31,,97.875,18.431,2.0,3.125,0.907,0.935,-0.176,5650,14.51,12.157,14,,,,,,,,,,,,,248
2026-09-25T23:12:30.132,228.125,0,786.0,31,,97.875,18.431,3.5,3.125,0.906,0.932,-0.184,5340,14.51,12.157,14,100,,,,,,,,,,,,
2026-09-25T23:12:30.262,228.256,0,778.0,31,,97.875,18.824,2.5,3.125,0.905,0.932,-0.184,4900,14.51,12.157,14,,46,,,,,,,,,,,
2026-09-25T23:12:30.392,228.386,0,778.5,32,,97.844,18.824,3.0,3.125,0.904,0.931,-0.188,4560,14.51,12.157,13,,,4.688,,,,,,,,,,
2026-09-25T23:12:30.522,228.515,0,778.0,32,,97.875,19.216,1.0,3.125,0.904,0.924,-0.203,4240,14.51,12.157,13,,,,14.433,,,,,,,,,
2026-09-25T23:12:30.652,228.645,0,776.25,32,,97.844,19.216,2.0,3.125,0.902,0.914,-0.227,3810,14.51,12.157,13,,,,,98,,,,,,,,
2026-09-25T23:12:30.782,228.776,0,780.0,32,,97.781,19.216,4.0,3.125,0.901,0.908,-0.242,3490,14.51,12.157,12,,,,,,21,,,,,,,
2026-09-25T23:12:30.912,228.906,0,776.0,32,,97.812,19.216,3.5,3.125,0.899,0.91,-0.238,3170,14.51,12.549,12,,,,,,,20.0,,,,,,
2026-09-25T23:12:31.042,229.035,0,772.0,32,,97.688,20.0,5.0,3.906,0.898,0.914,-0.227,2770,14.51,12.549,12,,,,,,,,387.0,,,,,
2026-09-25T23:12:31.172,229.166,0,770.25,34,,97.656,20.784,2.0,3.906,0.896,0.915,-0.223,2660,14.51,12.549,11,,,,,,,,,0.18,,,,
2026-09-25T23:12:31.302,229.296,0,767.75,34,,97.656,20.784,2.0,3.906,0.894,0.915,-0.223,2620,14.51,12.549,10,,,,,,,,,,,0.0,,
2026-09-25T23:12:31.432,229.426,0,765.0,35,,97.625,21.569,4.5,4.688,0.892,0.915,-0.223,2750,14.51,12.941,10,,,,,,,,,,,,22.353,
2026-09-25T23:12:31.562,229.556,0,747.5,37,,97.531,23.922,11.0,4.688,0.89,0.908,-0.242,2990,14.51,13.333,9,,,,,,,,,,,,,249
2026-09-25T23:12:31.692,229.686,0,747.0,41,,97.531,26.667,0.0,4.688,0.887,0.903,-0.254,3380,14.51,12.549,9,101,,,,,,,,,,,,
2026-09-25T23:12:31.822,229.816,0,788.5,40,,97.531,25.098,-6.0,4.688,0.885,0.896,-0.27,4000,14.51,12.549,8,,46,,,,,,,,,,,
2026-09-25T23:12:31.952,229.946,0,809.75,39,,97.562,23.137,-8.0,3.906,0.883,0.883,-0.309,4220,14.51,12.549,7,,,3.906,,,,,,,,,,
2026-09-25T23:12:32.082,230.076,0,814.0,36,,97.531,22.353,-5.5,3.125,0.882,0.872,-0.344,4170,14.51,12.549,6,,,,14.335,,,,,,,,,
2026-09-25T23:12:32.212,230.206,0,814.75,36,,97.594,21.961,-4.0,3.125,0.881,0.864,-0.367,4040,14.51,12.549,6,,,,,98,,,,,,,,
2026-09-25T23:12:32.342,230.336,0,819.0,36,,97.562,21.961,-4.0,2.344,0.881,0.863,-0.371,3900,14.51,12.549,5,,,,,,21,,,,,,,
2026-09-25T23:12:32.472,230.466,0,817.75,36,,97.562,21.961,-5.5,2.344,0.88,0.863,-0.371,3890,14.51,12.549,5,,,,,,,20.0,,,,,,
2026-09-25T23:12:32.602,230.596,0,811.25,36,,97.531,22.353,-5.0,2.344,0.88,0.865,-0.363,3980,14.51,12.549,4,,,,,,,,386.8,,,,,
2026-09-25T23:12:32.732,230.726,0,806.0,36,,97.531,22.353,-4.0,2.344,0.88,0.868,-0.355,4080,14.51,12.549,4,,,,,,,,,0.2,,,,
2026-09-25T23:12:32.862,230.856,0,800.75,36,,97.531,22.353,-4.5,2.344,0.88,0.869,-0.352,4230,14.51,12.157,3,,,,,,,,,,,0.0,,
2026-09-25T23:12:32.992,230.986,0,794.5,36,,97.531,22.353,-2.5,2.344,0.88,0.866,-0.359,4330,14.51,12.157,3,,,,,,,,,,,,21.961,
2026-09-25T23:12:33.122,231.116,0,780.0,35,,97.531,21.176,1.0,1.562,0.88,0.861,-0.379,4280,14.51,12.549,2,,,,,,,,,,,,,251
2026-09-25T23:12:33.252,231.246,0,773.75,35,,97.531,22.353,5.5,1.562,0.88,0.856,-0.395,4270,14.51,13.725,2,101,,,,,,,,,,,,
2026-09-25T23:12:33.382,231.375,0,770.0,39,,97.531,27.843,4.0,0.781,0.88,0.855,-0.395,4500,14.51,12.941,2,,46,,,,,,,,,,,
2026-09-25T23:12:33.512,231.506,0,808.75,45,,97.531,28.627,-6.0,0.781,0.88,0.861,-0.375,4960,14.51,12.549,1,,,3.906,,,,,,,,,,
2026-09-25T23:12:33.642,231.636,0,860.0,43,,97.531,23.137,-12.0,0.781,0.88,0.862,-0.375,5570,14.51,12.157,1,,,,14.375,,,,,,,,,
2026-09-25T23:12:33.773,231.766,0,870.5,36,,97.531,21.176,-6.0,0.781,0.88,0.854,-0.402,5800,14.51,12.549,1,,,,,98,,,,,,,,
2026-09-25T23:12:33.902,231.895,0,856.25,34,,97.531,21.961,-4.5,0.0,0.88,0.843,-0.438,5720,14.51,12.549,0,,,,,,21,,,,,,,
2026-09-25T23:12:34.032,232.026,0,843.5,35,,97.531,21.569,-2.5,-0.781,0.88,0.836,-0.461,5410,14.51,12.549,0,,,,,,,20.0,,,,,,
2026-09-25T23:12:34.163,232.156,0,836.25,34,,97.531,21.176,-0.5,-0.781,0.88,0.835,-0.465,5130,14.51,12.549,0,,,,,,,,386.4,,,,,
2026-09-25T23:12:34.292,232.286,0,834.75,35,,97.531,21.176,-0.5,-1.562,0.88,0.839,-0.449,4700,14.51,12.549,0,,,,,,,,,0.25,,,,
2026-09-25T23:12:34.422,232.416,0,835.0,36,,97.531,21.961,-1.0,-0.781,0.88,0.851,-0.414,4510,14.51,12.549,0,,,,,,,,,,,0.0,,
2026-09-25T23:12:34.552,232.546,0,836.5,35,,97.531,21.961,-1.5,-0.781,0.88,0.862,-0.375,4450,14.51,12.157,0,,,,,,,,,,,,21.569,
2026-09-25T23:12:34.682,232.675,0,835.75,35,,97.531,20.392,-11.5,0.0,0.877,0.869,-0.352,4470,14.51,9.804,0,,,,,,,,,,,,,253
2026-09-25T23:12:34.812,232.805,0,739.0,28,,97.719,11.765,-10.0,0.0,0.872,0.898,-0.266,4490,14.51,10.196,0,102,,,,,,,,,,,,
2026-09-25T23:12:34.942,232.935,0,538.25,23,,97.562,9.804,-11.5,0.0,0.901,1.057,0.043,4490,14.51,10.196,0,,46,,,,,,,,,,,
2026-09-25T23:12:35.072,233.065,0,454.25,23,,97.594,9.804,-11.5,0.0,0.928,1.181,0.176,4500,14.51,11.765,0,,,9.375,,,,,,,,,,
2026-09-25T23:12:35.202,233.195,0,352.0,23,,97.594,12.549,-11.5,0.0,0.941,1.213,0.207,4500,14.51,13.333,0,,,,13.222,,,,,,,,,
2026-09-25T23:12:35.332,233.325,0,352.0,23,,97.594,12.549,-11.5,0.0,0.953,1.195,0.191,4500,14.51,13.333,0,,,,,98,,,,,,,,
2026-09-25T23:12:35.462,233.456,0,352.0,23,,97.594,12.549,0.0,0.0,0.96,1.195,0.191,4530,14.51,13.333,0,,,,,,21,,,,,,,
2026-09-25T23:12:35.592,233.586,0,0.0,90,,97.531,0.0,0.0,0.0,0.96,1.198,0.195,4530,14.51,13.333,0,,,,,,,20.0,,,,,,
2026-09-25T23:12:35.723,233.716,0,0.0,96,,97.562,0.0,0.0,0.0,0.96,1.203,0.199,4530,14.51,13.333,0,,,,,,,,386.7,,,,,
2026-09-25T23:12:35.852,233.846,0,0.0,98,,97.531,0.0,0.0,0.0,0.96,1.208,0.203,4530,14.51,13.333,0,,,,,,,,,0.625,,,,
2026-09-25T23:12:35.982,233.976,0,0.0,98,,97.531,0.0,0.0,0.0,0.96,1.212,0.207,4530,14.51,13.333,0,,,,,,,,,,,0.0,,
2026-09-25T23:12:36.112,234.106,0,0.0,98,,97.531,0.0,0.0,0.0,0.96,1.216,0.211,4560,14.51,13.333,0,,,,,,,,,,,,0.0,
2026-09-25T23:12:36.242,234.236,0,0.0,98,,97.531,0.0,0.0,0.0,0.96,1.219,0.215,4550,14.51,13.333,0,,,,,,,,,,,,,254
2026-09-25T23:12:36.372,234.366,0,0.0,98,,97.531,0.0,0.0,0.0,0.96,1.221,0.215,4560,14.51,13.333,0,102,,,,,,,,,,,,
2026-09-25T23:12:36.502,234.496,0,0.0,98,,97.531,0.0,-0.5,0.0,0.96,1.224,0.219,4570,14.51,13.333,0,,48,,,,,,,,,,,
2026-09-25T23:12:36.632,234.626,0,0.0,98,,97.531,0.0,-0.5,0.0,0.96,1.225,0.219,4570,14.51,13.333,0,,,9.375,,,,,,,,,,
2026-09-25T23:12:36.762,234.756,0,0.0,98,,97.531,0.0,-0.5,0.0,0.96,1.227,0.219,4570,14.51,13.333,0,,,,13.125,,,,,,,,,
2026-09-25T23:12:36.892,234.886,0,0.0,98,,97.531,0.0,-0.5,0.0,0.96,1.229,0.223,4570,14.51,13.333,0,,,,,98,,,,,,,,
2026-09-25T23:12:37.023,235.016,0,0.0,98,,97.531,0.0,-0.5,0.0,0.96,1.229,0.223,4570,14.51,13.333,0,,,,,,21,,,,,,,
2026-09-25T23:12:37.152,235.146,0,0.0,98,,97.531,0.0,-0.5,0.0,0.96,1.223,0.219,4570,14.51,13.333,0,,,,,,,20.0,,,,,,
2026-09-25T23:12:37.282,235.276,0,0.0,98,,97.531,0.0,-0.5,0.0,0.96,1.219,0.215,4490,14.51,12.549,0,,,,,,,,386.6,,,,,
2026-09-25T23:12:37.412,235.406,0,121.25,96,,97.531,56.078,-0.5,0.0,0.96,1.229,0.223,5880,14.51,12.549,0,,,,,,,,,0.49,,,,
2026-09-25T23:12:37.542,235.536,0,347.0,91,,97.469,66.667,-16.0,0.0,0.96,1.314,0.301,9000,14.51,12.549,0,,,,,,,,,,,0.0,,
2026-09-25T23:12:37.673,235.666,0,815.25,76,,97.5,44.314,-18.5,0.0,0.961,1.08,0.066,10300,14.51,12.157,0,,,,,,,,,,,,35.686,
2026-09-25T23:12:37.802,235.796,0,922.5,62,,97.562,32.941,-23.5,0.0,0.992,0.895,-0.277,10910,14.51,11.373,0,,,,,,,,,,,,,256
2026-09-25T23:12:37.932,235.925,0,937.0,50,,97.75,24.314,-14.5,0.0,0.977,0.858,-0.387,10960,14.51,12.549,0,103,,,,,,,,,,,,
2026-09-25T23:12:38.062,236.055,0,904.0,39,,97.719,21.569,-8.5,0.0,0.953,0.838,-0.453,10350,14.51,12.941,0,,47,,,,,,,,,,,
2026-09-25T23:12:38.192,236.186,0,876.75,39,,97.781,21.569,-4.5,0.0,0.93,0.851,-0.41,9740,14.51,12.941,0,,,3.906,,,,,,,,,,
2026-09-25T23:12:38.322,236.315,0,858.25,39,,97.781,22.353,-3.5,0.0,0.913,0.861,-0.375,9140,14.51,12.941,0,,,,12.656,,,,,,,,,
2026-09-25T23:12:38.453,236.446,0,845.75,40,,97.75,23.529,-1.5,0.0,0.907,0.871,-0.348,8680,14.51,12.941,0,,,,,98,,,,,,,,
2026-09-25T23:12:38.582,236.575,0,834.75,41,,97.75,23.922,-2.5,0.0,0.881,0.878,-0.324,8120,14.51,12.941,1,,,,,,21,,,,,,,
2026-09-25T23:12:38.712,236.706,0,828.25,40,,97.688,23.922,-4.0,0.0,0.895,0.892,-0.285,7600,14.51,12.941,1,,,,,,,20.0,,,,,,
2026-09-25T23:12:38.842,236.836,0,819.75,40,,97.656,23.529,-2.5,0.0,0.927,0.924,-0.203,7220,14.51,12.941,1,,,,,,,,386.0,,,,,
2026-09-25T23:12:38.972,236.966,0,816.75,39,,97.625,24.314,0.0,0.0,0.958,0.951,-0.137,6710,14.51,13.333,1,,,,,,,,,0.815,,,,
2026-09-25T23:12:39.102,237.096,0,825.0,41,,97.625,25.882,-1.0,0.0,0.975,0.978,-0.078,6300,14.902,13.725,1,,,,,,,,,,,0.0,,
2026-09-25T23:12:39.233,237.226,0,845.75,41,,97.562,25.49,-1.5,0.0,0.988,0.987,-0.051,5840,14.902,13.725,2,,,,,,,,,,,,29.412,
2026-09-25T23:12:39.362,237.356,0,844.75,43,,97.531,28.235,-1.0,0.0,0.993,0.99,-0.043,5920,14.902,13.725,2,,,,,,,,,,,,,257
2026-09-25T23:12:39.492,237.485,0,840.25,44,,97.531,28.627,-0.5,0.0,0.996,0.992,-0.039,6300,15.294,13.725,2,102,,,,,,,,,,,,
2026-09-25T23:12:39.622,237.616,0,836.75,45,,97.531,29.02,-1.5,0.0,0.997,0.989,-0.047,7320,16.078,13.725,3,,47,,,,,,,,,,,
2026-09-25T23:12:39.753,237.746,0,834.5,45,,97.531,29.804,-2.5,-0.781,0.998,0.984,-0.062,7870,16.471,13.333,3,,,3.906,,,,,,,,,,
2026-09-25T23:12:39.882,237.876,0,835.25,45,,97.531,29.412,-4.0,-0.781,0.999,0.982,-0.066,8020,16.863,13.333,3,,,,12.558,,,,,,,,,
2026-09-25T23:12:40.012,238.005,0,834.5,44,,97.531,28.627,-2.5,-0.781,0.999,0.981,-0.066,7800,20.0,13.725,3,,,,,98,,,,,,,,
2026-09-25T23:12:40.143,238.137,0,838.5,44,,97.562,29.02,8.0,-0.781,0.999,0.982,-0.066,7560,23.137,14.51,4,,,,,,22,,,,,,,
2026-09-25T23:12:40.273,238.266,0,870.0,48,,97.531,32.157,8.0,-1.562,0.999,0.985,-0.059,7660,23.922,14.118,4,,,,,,,20.0,,,,,,
2026-09-25T23:12:40.402,238.396,0,939.0,49,,97.531,31.373,9.0,-0.781,0.999,0.989,-0.047,8070,22.745,13.725,4,,,,,,,,385.8,,,,,
2026-09-25T23:12:40.532,238.526,0,1005.0,48,,97.531,29.804,9.5,-1.562,1.0,0.979,-0.074,8660,22.353,13.333,4,,,,,,,,,0.575,,,,
2026-09-25T23:12:40.662,238.655,0,1043.25,40,,97.719,22.745,11.0,-2.344,0.999,0.969,-0.098,8760,22.353,13.333,5,,,,,,,,,,,0.0,,
2026-09-25T23:12:40.792,238.786,0,1047.25,37,,97.719,21.176,12.5,-3.125,1.0,0.955,-0.129,8440,20.0,12.941,5,,,,,,,,,,,,23.922,
2026-09-25T23:12:40.922,238.916,0,1049.25,36,,97.75,20.0,-4.0,-3.906,1.0,0.955,-0.129,8170,14.51,11.765,5,,,,,,,,,,,,,259
2026-09-25T23:12:41.052,239.046,0,1006.25,31,,97.562,15.686,-1.0,-3.906,1.0,0.961,-0.117,7800,14.51,12.549,5,103,,,,,,,,,,,,
2026-09-25T23:12:41.182,239.176,0,946.5,29,,97.594,16.863,0.5,-3.906,1.0,0.969,-0.098,7420,14.51,12.941,5,,47,,,,,,,,,,,
2026-09-25T23:12:41.313,239.307,0,887.5,30,,97.531,18.431,-1.0,-3.906,1.0,0.974,-0.086,7130,14.51,13.333,5,,,4.688,,,,,,,,,,
2026-09-25T23:12:41.442,239.436,0,845.25,33,,97.562,22.353,5.0,-3.906,1.0,0.98,-0.07,6690,14.51,13.333,5,,,,13.32,,,,,,,,,
2026-09-25T23:12:41.572,239.566,0,838.75,38,,97.562,24.314,-1.0,-3.906,1.001,0.99,-0.047,6190,14.51,12.941,5,,,,,98,,,,,,,,
2026-09-25T23:12:41.703,239.697,0,849.25,41,,97.531,26.275,-5.5,-3.125,1.001,1.004,-0.016,5890,14.51,12.941,6,,,,,,22,,,,,,,
2026-09-25T23:12:41.832,239.826,0,850.5,40,,97.531,24.706,-5.5,-2.344,1.0,1.018,-0.004,5720,14.51,12.941,6,,,,,,,20.0,,,,,,
2026-09-25T23:12:41.962,239.955,0,841.0,39,,97.531,24.706,-2.5,-2.344,1.0,1.012,-0.008,5660,14.51,12.941,6,,,,,,,,385.9,,,,,
2026-09-25T23:12:42.092,240.086,0,831.75,40,,97.531,25.882,-1.0,-2.344,1.0,1.005,-0.016,5780,14.51,13.333,6,,,,,,,,,0.745,,,,
2026-09-25T23:12:42.222,240.216,0,829.5,40,,97.531,25.098,-2.5,-3.125,1.0,0.999,-0.023,6030,14.51,12.941,6,,,,,,,,,,,0.0,,
2026-09-25T23:12:42.352,240.346,0,843.0,42,,97.562,25.49,-4.5,-3.125,1.0,0.998,-0.027,6230,14.51,12.941,6,,,,,,,,,,,,27.843,
2026-09-25T23:12:42.483,240.476,0,859.75,41,,97.656,26.275,-7.0,-3.125,1.0,0.991,-0.043,6320,17.255,12.941,6,,,,,,,,,,,,,260
2026-09-25T23:12:42.612,240.606,0,867.25,40,,97.719,25.098,-2.0,-3.906,1.0,0.98,-0.07,6400,19.608,13.333,6,103,,,,,,,,,,,,
2026-09-25T23:12:42.742,240.735,0,884.5,40,,97.594,26.667,3.5,-4.688,1.0,0.971,-0.094,6630,22.353,14.118,6,,47,,,,,,,,,,,
2026-09-25T23:12:42.872,240.866,0,933.5,44,,97.531,28.627,5.5,-4.688,1.0,0.965,-0.105,7010,22.745,14.118,6,,,3.125,,,,,,,,,,
2026-09-25T23:12:43.002,240.995,0,994.5,46,,97.531,29.412,-1.0,-5.469,0.999,0.963,-0.109,7830,22.353,13.725,6,,,,14.589,,,,,,,,,
2026-09-25T23:12:43.132,241.126,0,1037.25,46,,97.562,27.843,-2.5,-6.25,0.999,0.954,-0.129,8510,22.353,13.725,6,,,,,98,,,,,,,,
2026-09-25T23:12:43.263,241.256,0,1010.0,42,,97.656,26.275,0.5,-7.031,1.0,0.943,-0.156,8730,22.353,13.725,6,,,,,,22,,,,,,,
2026-09-25T23:12:43.392,241.386,0,967.5,43,,97.781,27.451,3.5,-7.812,1.002,0.942,-0.156,8650,22.353,14.118,6,,,,,,,20.0,,,,,,
2026-09-25T23:12:43.522,241.515,0,938.5,44,,97.625,28.235,0.5,-8.594,1.003,0.945,-0.152,8710,21.961,13.725,6,,,,,,,,386.0,,,,,
2026-09-25T23:12:43.652,241.646,0,941.75,45,,97.812,27.451,-2.5,-9.375,1.004,0.946,-0.148,8690,21.961,13.725,6,,,,,,,,,0.825,,,,
2026-09-25T23:12:43.782,241.776,0,963.75,43,,97.75,27.451,2.0,-10.156,1.004,0.949,-0.141,8440,22.353,13.725,6,,,,,,,,,,,0.0,,
2026-09-25T23:12:43.912,241.905,0,989.25,44,,97.656,28.627,-0.5,-10.156,1.005,0.954,-0.133,8300,22.353,13.725,6,,,,,,,,,,,,30.588,
2026-09-25T23:12:44.043,242.036,0,974.75,44,,97.812,27.843,2.0,-10.938,1.005,0.948,-0.145,8160,22.353,13.725,6,,,,,,,,,,,,,262
2026-09-25T23:12:44.172,242.165,0,952.25,44,,97.812,28.235,1.0,-11.719,1.005,0.945,-0.152,8180,21.961,13.725,6,103,,,,,,,,,,,,
2026-09-25T23:12:44.302,242.295,0,942.25,45,,97.875,28.627,0.5,-11.719,1.004,0.955,-0.129,8290,21.569,13.333,6,,47,,,,,,,,,,,
2026-09-25T23:12:44.432,242.426,0,939.25,45,,97.875,28.235,-1.0,-11.719,1.004,0.964,-0.109,8310,21.569,13.333,6,,,3.906,,,,,,,,,,
2026-09-25T23:12:44.562,242.556,0,945.0,43,,97.875,26.667,0.5,-12.5,1.004,0.965,-0.109,8120,21.569,13.725,6,,,,14.472,,,,,,,,,
2026-09-25T23:12:44.693,242.686,0,954.25,43,,97.844,27.059,0.5,-12.5,1.004,0.969,-0.098,7830,21.961,13.725,7,,,,,98,,,,,,,,
2026-09-25T23:12:44.822,242.815,0,960.0,43,,97.875,27.059,-1.0,-12.5,1.004,0.974,-0.086,7680,21.961,13.725,7,,,,,,22,,,,,,,
2026-09-25T23:12:44.952,242.945,0,960.5,43,,97.875,26.275,0.5,-12.5,1.003,0.979,-0.078,7580,21.961,13.725,7,,,,,,,20.0,,,,,,
2026-09-25T23:12:45.082,243.075,0,959.5,42,,97.875,26.667,2.0,-12.5,1.002,0.983,-0.062,7550,22.353,13.725,7,,,,,,,,386.2,,,,,
2026-09-25T23:12:45.212,243.205,0,957.25,44,,97.844,28.235,1.0,-12.5,1.001,0.986,-0.055,7870,23.137,14.118,7,,,,,,,,,0.83,,,,
2026-09-25T23:12:45.342,243.336,0,965.0,45,,97.844,30.588,9.5,-12.5,1.001,0.983,-0.062,8380,24.706,14.902,7,,,,,,,,,,,0.0,,
2026-09-25T23:12:45.473,243.466,0,968.75,50,,97.812,32.549,7.5,-13.281,1.001,0.982,-0.062,8950,25.49,15.294,7,,,,,,,,,,,,38.431,
2026-09-25T23:12:45.602,243.596,0,927.25,52,,97.719,35.294,4.5,-12.5,1.001,0.991,-0.043,9580,25.49,14.902,7,,,,,,,,,,,,,263
2026-09-25T23:12:45.742,243.735,0,900.75,56,,97.75,38.824,1.0,-12.5,1.001,1.009,-0.012,10220,26.275,15.686,7,103,,,,,,,,,,,,
2026-09-25T23:12:45.872,243.865,0,933.25,59,,97.656,40.0,7.5,-10.938,1.003,1.035,0.016,10850,27.843,16.471,7,,47,,,,,,,,,,,
2026-09-25T23:12:46.003,243.996,0,955.5,63,,97.688,42.745,3.5,-10.156,1.003,1.049,0.031,11430,27.843,16.078,7,,,2.344,,,,,,,,,,
2026-09-25T23:12:46.132,244.126,0,985.0,67,,97.781,44.314,2.5,-9.375,1.003,1.041,0.023,12120,27.843,16.078,8,,,,14.394,,,,,,,,,
2026-09-25T23:12:46.262,244.255,0,1020.75,66,,97.875,41.569,2.0,-9.375,1.004,1.034,0.016,12640,27.843,16.078,8,,,,,98,,,,,,,,
2026-09-25T23:12:46.393,244.386,0,1042.75,65,,98.094,39.216,2.5,-9.375,1.003,1.034,0.016,13370,27.843,16.078,8,,,,,,22,,,,,,,
2026-09-25T23:12:46.523,244.517,0,1049.5,63,,98.188,38.824,3.5,-8.594,1.002,1.043,0.027,13870,27.843,16.078,8,,,,,,,20.0,,,,,,
2026-09-25T23:12:46.652,244.646,0,1056.75,63,,98.344,38.039,2.5,-7.812,1.001,1.042,0.023,14450,27.843,16.078,8,,,,,,,,385.9,,,,,
2026-09-25T23:12:46.782,244.775,0,1064.75,61,,98.5,37.255,3.5,-7.031,1.0,1.046,0.031,14620,27.843,16.078,9,,,,,,,,,0.85,,,,
2026-09-25T23:12:46.912,244.905,0,1071.75,61,,98.5,36.863,2.0,-7.031,1.0,1.044,0.027,14470,27.451,16.078,9,,,,,,,,,,,0.0,,
2026-09-25T23:12:47.043,245.036,0,1069.25,60,,98.5,35.686,-1.5,-6.25,1.0,1.043,0.027,14300,26.275,15.294,9,,,,,,,,,,,,43.137,
2026-09-25T23:12:47.172,245.165,0,1075.75,57,,98.812,33.725,-5.5,-6.25,1.0,1.035,0.016,13970,24.706,14.51,9,,,,,,,,,,,,,265
2026-09-25T23:12:47.302,245.295,0,1074.75,53,,98.844,30.588,-4.0,-6.25,1.0,1.026,0.008,13530,24.314,14.118,9,104,,,,,,,,,,,,
2026-09-25T23:12:47.432,245.425,0,1096.75,49,,99.094,28.627,3.5,-6.25,1.0,1.024,0.004,13000,21.961,13.725,10,,47,,,,,,,,,,,
2026-09-25T23:12:47.562,245.556,0,1117.75,42,,99.156,21.569,-5.0,-5.469,1.0,1.027,0.008,12490,14.51,10.98,10,,,4.688,,,,,,,,,,
2026-09-25T23:12:47.693,245.686,0,1085.0,33,,99.094,16.078,-4.0,-5.469,1.0,1.022,0.004,12070,14.51,12.549,10,,,,14.16,,,,,,,,,
2026-09-25T23:12:47.822,245.815,0,995.75,28,,99.0,15.686,4.0,-5.469,1.0,1.011,-0.008,11670,14.51,13.333,10,,,,,98,,,,,,,,
2026-09-25T23:12:47.953,245.947,0,931.25,31,,98.781,20.784,-1.0,-6.25,1.0,0.987,-0.055,11210,14.51,13.333,10,,,,,,22,,,,,,,
2026-09-25T23:12:48.082,246.075,0,890.25,37,,98.781,22.353,-1.5,-7.031,1.0,0.984,-0.059,10740,14.51,12.941,10,,,,,,,20.0,,,,,,
2026-09-25T23:12:48.212,246.206,0,848.75,39,,98.562,24.314,2.0,-7.031,1.0,0.999,-0.023,10290,14.51,13.333,10,,,,,,,,386.3,,,,,
2026-09-25T23:12:48.342,246.336,0,840.25,39,,98.5,27.059,1.0,-4.688,1.0,1.045,0.027,10000,14.51,13.333,10,,,,,,,,,0.83,,,,
2026-09-25T23:12:48.472,246.465,0,840.25,42,,98.5,26.667,-4.0,-3.125,1.0,1.07,0.059,9570,14.51,12.941,10,,,,,,,,,,,0.0,,
2026-09-25T23:12:48.602,246.595,0,837.75,40,,98.469,25.098,-2.0,-2.344,1.0,1.066,0.055,9190,14.51,12.941,10,,,,,,,,,,,,27.059,
2026-09-25T23:12:48.733,246.726,0,845.25,40,,98.344,25.882,-3.0,-2.344,1.0,1.047,0.031,8870,14.51,12.941,9,,,,,,,,,,,,,267
2026-09-25T23:12:48.862,246.855,0,851.75,40,,98.219,25.098,-4.0,-3.125,1.0,1.029,0.012,8430,14.51,12.941,9,104,,,,,,,,,,,,
2026-09-25T23:12:48.992,246.986,0,851.5,40,,98.188,25.49,-3.5,-3.125,1.0,1.015,-0.004,8060,14.51,12.941,9,,46,,,,,,,,,,,
2026-09-25T23:12:49.122,247.115,0,854.0,40,,98.188,25.49,-4.5,-3.125,1.0,1.02,0.0,7770,14.51,12.941,9,,,4.688,,,,,,,,,,
2026-09-25T23:12:49.252,247.245,0,852.5,40,,98.188,25.098,-3.5,-3.125,1.0,1.025,0.004,7570,14.51,12.941,9,,,,14.511,,,,,,,,,
2026-09-25T23:12:49.382,247.376,0,851.25,40,,98.188,25.098,-4.0,-2.344,1.0,1.032,0.012,7300,14.51,13.333,9,,,,,98,,,,,,,,
2026-09-25T23:12:49.512,247.505,0,851.75,40,,98.188,24.706,-3.0,-2.344,1.0,1.033,0.016,7020,14.51,12.941,9,,,,,,22,,,,,,,
2026-09-25T23:12:49.642,247.635,0,853.25,41,,98.188,25.098,-3.0,-1.562,1.0,1.032,0.016,6790,14.51,13.333,9,,,,,,,20.0,,,,,,
2026-09-25T23:12:49.772,247.765,0,862.0,41,,98.0,26.667,-5.5,-1.562,1.0,1.023,0.004,6550,14.51,12.941,9,,,,,,,,386.8,,,,,
2026-09-25T23:12:49.902,247.896,0,876.75,40,,98.031,25.098,-5.5,-2.344,1.0,1.013,-0.008,6410,14.51,12.549,9,,,,,,,,,0.815,,,,
2026-09-25T23:12:50.032,248.025,0,879.75,40,,97.906,25.49,-5.5,-2.344,1.0,0.998,-0.027,6250,14.51,12.941,9,,,,,,,,,,,0.0,,
2026-09-25T23:12:50.162,248.155,0,882.0,38,,97.906,23.922,-5.0,-3.125,1.0,0.996,-0.031,5980,14.51,12.941,9,,,,,,,,,,,,25.49,
2026-09-25T23:12:50.293,248.286,0,881.5,38,,97.906,23.529,-4.0,-3.125,1.0,0.999,-0.023,5760,14.51,12.941,9,,,,,,,,,,,,,268
2026-09-25T23:12:50.422,248.415,0,878.5,38,,97.875,23.922,-4.5,-2.344,1.0,1.005,-0.016,5670,14.51,12.549,9,104,,,,,,,,,,,,
2026-09-25T23:12:50.552,248.546,0,875.5,39,,97.875,23.922,-4.0,-2.344,1.0,1.011,-0.008,5740,14.51,12.941,9,,47,,,,,,,,,,,
2026-09-25T23:12:50.682,248.676,0,876.5,40,,97.875,25.098,-4.0,-2.344,1.0,1.003,-0.016,5840,14.51,12.941,9,,,4.688,,,,,,,,,,
2026-09-25T23:12:50.812,248.805,0,880.5,38,,97.875,23.529,-4.5,-2.344,1.0,0.998,-0.023,5820,14.51,12.941,9,,,,14.453,,,,,,,,,
2026-09-25T23:12:50.943,248.936,0,874.75,39,,97.875,24.314,-5.0,-2.344,1.0,0.997,-0.027,5820,14.51,12.941,8,,,,,98,,,,,,,,
2026-09-25T23:12:51.072,249.065,0,871.0,39,,97.875,24.314,-4.5,-2.344,1.0,0.999,-0.023,5880,14.51,12.941,8,,,,,,22,,,,,,,
2026-09-25T23:12:51.202,249.196,0,871.75,40,,97.875,25.098,-5.5,-2.344,1.0,0.999,-0.023,6050,14.51,12.941,8,,,,,,,20.0,,,,,,
2026-09-25T23:12:51.332,249.325,0,877.5,39,,97.875,24.314,-5.0,-2.344,1.0,0.998,-0.023,6100,14.51,12.941,8,,,,,,,,387.6,,,,,
2026-09-25T23:12:51.462,249.455,0,876.0,39,,97.875,24.314,-5.0,-2.344,1.0,0.997,-0.027,6140,14.51,12.549,7,,,,,,,,,0.81,,,,
2026-09-25T23:12:51.592,249.585,0,876.5,39,,97.875,24.314,-6.5,-3.125,1.0,0.993,-0.039,6160,14.51,12.549,7,,,,,,,,,,,0.0,,
2026-09-25T23:12:51.722,249.715,0,878.0,38,,97.875,23.529,-6.5,-3.125,1.0,0.989,-0.047,5970,14.51,12.157,7,,,,,,,,,,,,23.529,
2026-09-25T23:12:51.852,249.845,0,870.75,36,,97.875,21.961,-4.0,-3.125,1.0,0.982,-0.066,5590,14.51,12.157,6,,,,,,,,,,,,,270
2026-09-25T23:12:51.982,249.975,0,860.0,35,,97.875,21.569,-4.0,-3.906,1.0,0.974,-0.086,5210,14.51,12.157,5,103,,,,,,,,,,,,
2026-09-25T23:12:52.112,250.105,0,840.5,35,,97.844,21.569,-4.0,-4.688,1.0,0.967,-0.102,4910,14.51,12.549,5,,47,,,,,,,,,,,
2026-09-25T23:12:52.242,250.235,0,821.25,36,,97.812,22.745,-5.0,-5.469,1.0,0.955,-0.129,4600,14.51,12.157,4,,,5.469,,,,,,,,,,
2026-09-25T23:12:52.372,250.365,0,816.75,37,,97.844,23.137,-5.5,-6.25,1.0,0.949,-0.141,4670,14.51,12.157,4,,,,14.472,,,,,,,,,
2026-09-25T23:12:52.502,250.495,0,803.0,36,,97.844,22.353,-4.0,-6.25,1.0,0.953,-0.133,4680,14.51,12.157,4,,,,,98,,,,,,,,
2026-09-25T23:12:52.632,250.626,0,793.0,37,,97.812,23.137,-2.5,-6.25,1.0,0.95,-0.141,4760,14.51,12.549,3,,,,,,22,,,,,,,
2026-09-25T23:12:52.762,250.755,0,790.25,37,,97.688,23.529,-2.5,-7.031,1.0,0.943,-0.156,4900,14.51,12.157,3,,,,,,,20.0,,,,,,
2026-09-25T23:12:52.892,250.885,0,800.25,37,,97.75,23.137,-7.0,-7.812,1.0,0.945,-0.152,5020,14.51,12.157,2,,,,,,,,388.3,,,,,
2026-09-25T23:12:53.022,251.016,0,801.75,37,,97.75,22.745,-4.0,-7.812,1.0,0.945,-0.152,5000,14.51,12.549,2,,,,,,,,,0.805,,,,
2026-09-25T23:12:53.152,251.146,0,803.25,35,,97.625,23.137,-5.0,-8.594,1.0,0.938,-0.168,4920,14.51,12.549,2,,,,,,,,,,,0.0,,
2026-09-25T23:12:53.282,251.275,0,808.25,38,,97.656,24.314,9.5,-10.156,1.0,0.927,-0.195,5100,14.51,13.333,1,,,,,,,,,,,,31.765,
2026-09-25T23:12:53.412,251.405,0,838.5,43,,97.531,30.196,-4.5,-10.938,1.0,0.927,-0.195,5400,14.51,12.549,1,,,,,,,,,,,,,271
2026-09-25T23:12:53.542,251.535,0,890.0,44,,97.562,25.882,-9.0,-10.156,1.0,0.946,-0.148,5960,14.51,12.549,1,103,,,,,,,,,,,,
2026-09-25T23:12:53.672,251.665,0,900.25,39,,97.625,23.922,-4.0,-10.156,1.001,0.954,-0.133,6320,14.51,12.941,1,,47,,,,,,,,,,,
2026-09-25T23:12:53.802,251.795,0,898.5,38,,97.562,23.529,-3.0,-10.938,1.001,0.957,-0.125,6250,14.51,13.333,1,,,5.469,,,,,,,,,,
2026-09-25T23:12:53.932,251.926,0,891.0,38,,97.594,23.529,-2.5,-11.719,1.002,0.95,-0.141,6120,14.51,13.333,0,,,,14.316,,,,,,,,,
2026-09-25T23:12:54.062,252.055,0,878.25,41,,97.688,25.49,-2.5,-11.719,1.003,0.957,-0.125,6230,14.51,12.941,0,,,,,98,,,,,,,,
2026-09-25T23:12:54.193,252.186,0,873.25,41,,97.531,25.882,-5.5,-11.719,1.003,0.976,-0.082,6530,14.51,12.941,0,,,,,,22,,,,,,,
2026-09-25T23:12:54.322,252.315,0,867.0,41,,97.594,25.882,-4.0,-10.938,1.003,0.992,-0.043,6960,14.51,12.941,0,,,,,,,20.0,,,,,,
2026-09-25T23:12:54.452,252.446,0,866.25,42,,97.594,25.882,-4.5,-10.156,1.003,0.999,-0.023,7210,14.51,12.941,0,,,,,,,,389.0,,,,,
2026-09-25T23:12:54.582,252.575,0,867.75,41,,97.625,26.275,-4.0,-10.156,1.002,1.001,-0.02,7130,14.51,12.941,0,,,,,,,,,0.805,,,,
2026-09-25T23:12:54.716,252.71,0,865.75,42,,97.562,26.667,0.5,-10.156,1.002,1.005,-0.016,7100,14.51,14.118,0,,,,,,,,,,,0.0,,
2026-09-25T23:12:54.842,252.835,0,869.0,42,,97.562,29.804,-3.0,-10.156,1.002,1.008,-0.012,7320,14.51,13.333,0,,,,,,,,,,,,31.765,
2026-09-25T23:12:54.972,252.966,0,875.75,46,,97.531,29.412,-4.0,-9.375,1.002,1.021,0.0,7750,14.51,13.333,0,,,,,,,,,,,,,273
2026-09-25T23:12:55.102,253.095,0,877.25,46,,97.562,29.412,-4.0,-9.375,1.002,1.02,0.0,8310,14.51,13.333,0,102,,,,,,,,,,,,
2026-09-25T23:12:55.232,253.225,0,875.75,45,,97.562,29.02,-4.0,-9.375,1.002,1.02,0.0,8710,14.51,13.725,0,,47,,,,,,,,,,,
2026-09-25T23:12:55.362,253.355,0,869.75,46,,97.562,29.804,-1.0,-9.375,1.002,1.015,-0.004,8830,14.51,13.725,0,,,3.906,,,,,,,,,,
2026-09-25T23:12:55.492,253.486,0,861.5,50,,97.562,33.333,0.5,-8.594,1.002,1.025,0.004,9110,14.51,14.51,0,,,,14.316,,,,,,,,,
2026-09-25T23:12:55.622,253.615,0,842.75,52,,97.594,35.294,6.0,-7.812,1.002,1.031,0.012,9560,14.51,14.51,1,,,,,98,,,,,,,,
2026-09-25T23:12:55.752,253.745,0,808.5,55,,97.531,40.0,4.5,-7.812,1.003,1.029,0.012,10010,14.902,14.51,1,,,,,,22,,,,,,,
2026-09-25T23:12:55.882,253.875,0,801.25,60,,97.594,42.353,0.5,-7.812,1.003,1.035,0.016,10640,15.686,14.118,2,,,,,,,20.0,,,,,,
2026-09-25T23:12:56.012,254.006,0,817.0,60,,97.75,40.0,-1.0,-7.031,1.004,1.038,0.02,11130,22.353,14.51,2,,,,,,,,389.4,,,,,
2026-09-25T23:12:56.142,254.135,0,826.25,59,,97.781,41.569,7.0,-6.25,1.004,1.039,0.02,11770,27.451,15.686,2,,,,,,,,,0.805,,,,
2026-09-25T23:12:56.272,254.265,0,832.5,65,,97.531,47.451,7.0,-6.25,1.005,1.039,0.023,12230,30.196,19.608,2,,,,,,,,,,,0.0,,
2026-09-25T23:12:56.403,254.396,0,868.75,73,,97.438,57.647,4.5,-5.469,1.004,1.046,0.031,12820,31.765,35.294,3,,,,,,,,,,,,75.294,
2026-09-25T23:12:56.532,254.525,0,1029.75,96,,96.438,70.196,-2.5,-4.688,1.006,1.068,0.055,13640,33.725,26.275,3,,,,,,,,,,,,,274
2026-09-25T23:12:56.662,254.655,0,1241.0,91,,97.625,49.02,7.5,-3.125,1.005,1.075,0.062,14530,34.118,29.412,4,102,,,,,,,,,,,,
2026-09-25T23:12:56.792,254.786,0,1321.25,95,,97.969,46.275,6.5,-2.344,1.004,1.061,0.047,15050,34.51,31.373,5,,47,,,,,,,,,,,
2026-09-25T23:12:56.922,254.915,0,1328.25,96,,98.469,46.275,5.5,-1.562,1.004,1.069,0.055,15630,34.51,29.804,6,,,0.781,,,,,,,,,,
2026-09-25T23:12:57.052,255.045,0,1336.0,96,,99.875,47.059,6.5,-0.781,1.003,1.067,0.055,16250,34.902,29.02,7,,,,14.375,,,,,,,,,
2026-09-25T23:12:57.182,255.175,0,1373.75,96,,100.594,45.882,7.0,0.0,1.003,1.054,0.039,16920,34.902,29.412,8,,,,,98,,,,,,,,
2026-09-25T23:12:57.312,255.306,0,1434.25,97,,101.438,44.314,7.0,0.0,1.003,1.043,0.027,17300,34.902,29.804,9,,,,,,22,,,,,,,
2026-09-25T23:12:57.442,255.435,0,1485.75,97,,102.125,41.176,7.5,0.0,1.003,1.041,0.023,17140,34.902,29.804,11,,,,,,,20.0,,,,,,
2026-09-25T23:12:57.573,255.566,0,1524.5,99,,104.031,39.216,8.0,0.781,1.003,1.044,0.027,17060,34.902,29.02,12,,,,,,,,390.1,,,,,
2026-09-25T23:12:57.703,255.697,0,1587.75,99,,105.031,37.255,8.0,1.562,1.002,1.04,0.023,16990,34.902,28.235,13,,,,,,,,,0.76,,,,
2026-09-25T23:12:57.832,255.826,0,1668.5,99,,106.031,34.51,8.5,1.562,1.002,1.033,0.016,16760,34.902,27.059,14,,,,,,,,,,,0.0,,
2026-09-25T23:12:57.962,255.955,0,1768.0,97,,108.094,31.373,9.5,2.344,1.001,1.034,0.016,16590,34.902,26.667,15,,,,,,,,,,,,70.196,
2026-09-25T23:12:58.093,256.086,0,1828.5,97,,109.188,30.98,10.5,2.344,1.0,1.02,0.0,16380,34.902,26.275,16,,,,,,,,,,,,,276
2026-09-25T23:12:58.222,256.215,0,1968.75,96,,110.219,30.588,12.5,2.344,0.994,0.997,-0.027,16190,34.51,26.275,17,101,,,,,,,,,,,,
2026-09-25T23:12:58.353,256.346,0,2016.75,95,,112.219,30.98,12.5,1.562,0.996,0.986,-0.055,16260,34.51,25.882,17,,47,,,,,,,,,,,
2026-09-25T23:12:58.482,256.476,0,2064.25,96,,113.219,30.588,-19.0,1.562,1.001,0.993,-0.035,16310,34.51,25.098,18,,,0.781,,,,,,,,,,
2026-09-25T23:12:58.612,256.606,0,1751.5,97,,114.531,30.588,-10.5,1.562,1.002,1.015,-0.004,16730,34.51,23.529,19,,,,14.355,,,,,,,,,
2026-09-25T23:12:58.742,256.736,0,1591.75,99,,116.438,33.725,0.5,5.469,1.001,1.066,0.055,16700,34.118,22.745,19,,,,,98,,,,,,,,
2026-09-25T23:12:58.872,256.866,0,1572.5,96,,116.625,33.725,3.0,4.688,1.002,1.014,-0.008,16690,33.333,21.961,20,,,,,,22,,,,,,,
2026-09-25T23:12:59.003,256.996,0,1566.0,94,,116.219,32.549,5.5,3.906,0.981,0.977,-0.082,16640,31.373,20.392,21,,,,,,,20.0,,,,,,
2026-09-25T23:12:59.132,257.125,0,1561.0,94,,115.719,31.765,12.5,3.125,0.97,0.969,-0.098,15880,29.02,17.255,21,,,,,,,,395.7,,,,,
2026-09-25T23:12:59.262,257.255,0,1552.75,80,,109.812,24.314,14.0,4.688,0.97,0.995,-0.031,15090,28.235,17.255,22,,,,,,,,,0.735,,,,
2026-09-25T23:12:59.392,257.385,0,1619.75,72,,108.594,21.569,15.5,4.688,0.987,0.978,-0.078,14830,26.667,16.471,22,,,,,,,,,,,0.0,,
2026-09-25T23:12:59.522,257.515,0,1625.25,68,,107.469,20.0,16.0,0.781,0.996,0.959,-0.121,14220,25.098,16.078,23,,,,,,,,,,,,36.078,
2026-09-25T23:12:59.653,257.646,0,1650.75,59,,105.375,15.294,15.5,0.0,1.008,0.986,-0.055,13520,22.353,14.118,23,,,,,,,,,,,,,278
2026-09-25T23:12:59.782,257.775,0,1664.5,43,,104.812,12.549,15.5,0.0,1.012,0.999,-0.023,12950,18.431,13.725,23,100,,,,,,,,,,,,
2026-09-25T23:12:59.912,257.905,0,1642.75,36,,103.938,10.196,17.0,0.0,1.01,1.007,-0.012,12460,17.255,13.333,23,,45,,,,,,,,,,,
2026-09-25T23:13:00.042,258.035,0,1641.5,30,,103.188,0.0,21.0,0.0,1.012,0.98,-0.07,11990,17.255,12.941,22,,,3.906,,,,,,,,,,
2026-09-25T23:13:00.173,258.166,0,1621.5,23,,101.969,0.0,30.5,-0.781,1.004,0.972,-0.094,11490,17.255,12.941,22,,,,14.296,,,,,,,,,
2026-09-25T23:13:00.302,258.296,0,1632.25,23,,101.406,0.0,31.0,0.0,1.001,0.997,-0.027,10940,14.51,13.333,22,,,,,98,,,,,,,,
2026-09-25T23:13:00.433,258.426,0,1617.25,23,,101.062,0.0,30.0,0.0,1.001,1.015,-0.004,10410,14.51,12.941,22,,,,,,22,,,,,,,
2026-09-25T23:13:00.562,258.555,0,1607.25,23,,100.438,0.0,21.5,0.0,1.001,1.003,-0.016,9890,15.294,12.941,22,,,,,,,20.0,,,,,,
2026-09-25T23:13:00.692,258.685,0,1596.5,23,,100.469,0.0,17.0,0.0,1.001,0.998,-0.027,9380,16.078,12.941,22,,,,,,,,398.7,,,,,
2026-09-25T23:13:00.822,258.816,0,1580.5,22,,100.156,0.0,11.5,0.0,1.001,1.015,-0.004,8870,16.863,12.941,21,,,,,,,,,0.745,,,,
2026-09-25T23:13:00.952,258.945,0,1567.75,22,,100.25,0.0,7.0,0.781,1.001,1.021,0.0,8480,18.039,12.941,21,,,,,,,,,,,0.0,,
2026-09-25T23:13:01.082,259.076,0,1550.25,22,,100.125,0.0,3.5,1.562,1.001,1.026,0.008,8010,19.216,12.941,21,,,,,,,,,,,,12.549,
2026-09-25T23:13:01.213,259.206,0,1522.75,22,,99.812,0.0,10.0,0.0,1.001,1.034,0.016,8040,21.176,13.333,21,,,,,,,,,,,,,279
2026-09-25T23:13:01.342,259.336,0,1527.5,22,,99.781,7.059,30.0,0.0,1.001,1.045,0.027,7840,21.176,13.333,21,99,,,,,,,,,,,,
2026-09-25T23:13:01.472,259.465,0,1505.0,24,,99.469,7.843,24.5,0.0,1.001,1.048,0.031,7360,21.569,14.51,20,,45,,,,,,,,,,,
2026-09-25T23:13:01.602,259.595,0,1512.0,26,,99.469,8.627,17.5,0.0,1.001,0.997,-0.027,6880,24.706,16.078,20,,,2.344,,,,,,,,,,
2026-09-25T23:13:01.733,259.726,0,1532.75,31,,99.156,11.373,14.5,0.0,1.0,0.995,-0.031,6390,25.882,16.471,20,,,,14.335,,,,,,,,,
2026-09-25T23:13:01.862,259.855,0,1506.5,43,,98.875,15.294,14.5,0.0,1.0,0.99,-0.043,6970,25.882,16.078,20,,,,,98,,,,,,,,
2026-09-25T23:13:02.003,259.996,0,1492.75,45,,98.812,16.863,15.0,-0.781,1.0,0.975,-0.086,7870,25.49,16.078,20,,,,,,22,,,,,,,
2026-09-25T23:13:02.133,260.126,0,1510.0,49,,98.812,18.039,15.0,-2.344,1.0,0.963,-0.113,8950,25.098,16.078,21,,,,,,,20.0,,,,,,
2026-09-25T23:13:02.263,260.256,0,1509.0,48,,98.844,16.863,15.0,-3.125,1.002,0.978,-0.078,9680,25.098,16.078,21,,,,,,,,401.0,,,,,
2026-09-25T23:13:02.392,260.385,0,1529.5,47,,98.812,16.078,15.0,-3.906,1.008,0.99,-0.043,9730,25.098,16.078,21,,,,,,,,,0.72,,,,
2026-09-25T23:13:02.522,260.515,0,1540.0,48,,98.812,16.471,15.0,-3.906,1.002,0.997,-0.027,9800,23.529,16.078,21,,,,,,,,,,,0.0,,
2026-09-25T23:13:02.653,260.646,0,1546.75,47,,99.094,14.902,15.0,-3.125,0.995,0.996,-0.027,9280,18.431,14.51,21,,,,,,,,,,,,24.706,
2026-09-25T23:13:02.782,260.775,0,1543.25,38,,98.594,12.549,16.0,-3.125,0.994,0.999,-0.023,8790,18.824,13.725,21,,,,,,,,,,,,,281
2026-09-25T23:13:02.912,260.905,0,1525.75,32,,98.5,10.588,18.0,-2.344,0.991,1.003,-0.016,8230,20.392,12.941,21,99,,,,,,,,,,,,
2026-09-25T23:13:03.043,261.036,0,1532.75,28,,98.5,7.451,23.0,-1.562,0.998,1.023,0.004,7860,20.784,12.549,21,,46,,,,,,,,,,,
2026-09-25T23:13:03.172,261.166,0,1504.0,22,,98.5,6.667,31.0,-3.125,1.001,0.997,-0.027,7480,20.392,12.549,21,,,4.688,,,,,,,,,,
2026-09-25T23:13:03.303,261.296,0,1493.75,22,,98.5,6.667,32.0,-2.344,1.001,1.017,-0.004,7080,20.392,12.941,20,,,,14.375,,,,,,,,,
2026-09-25T23:13:03.432,261.425,0,1500.75,22,,98.375,6.275,31.5,-1.562,1.001,1.036,0.02,6720,20.392,12.549,20,,,,,98,,,,,,,,
2026-09-25T23:13:03.562,261.555,0,1478.75,22,,98.219,6.667,31.5,-0.781,1.001,1.048,0.031,6360,20.0,12.549,20,,,,,,22,,,,,,,
2026-09-25T23:13:03.693,261.686,0,1464.25,22,,98.188,7.059,20.0,0.0,1.001,1.042,0.023,5930,20.0,12.549,20,,,,,,,20.0,,,,,,
2026-09-25T23:13:03.822,261.815,0,1454.0,22,,98.188,7.059,14.0,0.0,1.001,1.027,0.008,5560,20.0,12.549,20,,,,,,,,403.0,,,,,
2026-09-25T23:13:03.953,261.946,0,1441.5,22,,98.188,7.059,11.5,0.0,1.001,1.015,-0.004,5180,19.608,12.549,20,,,,,,,,,0.74,,,,
2026-09-25T23:13:04.082,262.075,0,1421.0,22,,98.188,7.059,12.5,-1.562,1.001,0.992,-0.039,4800,20.0,12.549,19,,,,,,,,,,,0.0,,
2026-09-25T23:13:04.212,262.205,0,1412.25,22,,98.406,7.451,15.0,-1.562,1.001,0.983,-0.062,4420,20.784,12.549,19,,,,,,,,,,,,12.941,
2026-09-25T23:13:04.342,262.335,0,1397.75,22,,98.469,7.843,30.0,-1.562,1.001,0.99,-0.047,3990,21.176,13.333,19,,,,,,,,,,,,,282
2026-09-25T23:13:04.472,262.465,0,1383.0,25,,98.188,9.412,21.0,-1.562,1.001,0.999,-0.023,3720,22.353,14.902,19,100,,,,,,,,,,,,
2026-09-25T23:13:04.602,262.595,0,1387.0,29,,98.188,12.157,16.0,0.0,1.001,1.027,0.008,3770,23.529,15.294,19,,46,,,,,,,,,,,
2026-09-25T23:13:04.732,262.725,0,1405.25,33,,98.188,13.333,14.0,0.781,1.0,1.023,0.004,4420,24.706,15.686,18,,,2.344,,,,,,,,,,
2026-09-25T23:13:04.862,262.855,0,1371.25,42,,97.906,18.039,14.0,1.562,0.996,1.004,-0.016,5290,25.49,16.078,19,,,,14.394,,,,,,,,,
2026-09-25T23:13:05.002,262.995,0,1365.5,45,,97.875,19.608,14.0,-0.781,0.993,0.958,-0.125,5940,25.098,16.078,19,,,,,98,,,,,,,,
2026-09-25T23:13:05.132,263.125,0,1377.75,47,,97.875,19.608,14.0,-3.125,1.002,0.965,-0.105,6610,25.49,16.078,19,,,,,,22,,,,,,,
2026-09-25T23:13:05.262,263.256,0,1372.25,48,,98.156,20.392,14.0,-3.906,1.006,0.985,-0.059,8050,26.667,16.078,19,,,,,,,20.0,,,,,,
2026-09-25T23:13:05.392,263.386,0,1379.25,50,,98.125,20.784,14.0,-3.906,1.009,0.987,-0.055,8390,27.059,16.863,19,,,,,,,,404.5,,,,,
2026-09-25T23:13:05.522,263.515,0,1397.5,53,,98.031,21.961,14.0,-4.688,1.001,0.992,-0.039,9020,28.235,17.647,19,,,,,,,,,0.71,,,,
2026-09-25T23:13:05.652,263.645,0,1407.25,56,,98.031,25.098,14.0,-3.906,0.994,0.999,-0.02,10210,28.627,17.255,19,,,,,,,,,,,0.0,,
2026-09-25T23:13:05.782,263.776,0,1418.5,61,,98.188,23.137,14.0,-3.906,0.991,0.995,-0.031,11110,29.412,18.039,19,,,,,,,,,,,,40.0,
2026-09-25T23:13:05.912,263.905,0,1421.75,63,,98.188,23.922,14.0,-3.125,1.002,1.023,0.004,11810,30.588,21.176,19,,,,,,,,,,,,,284
2026-09-25T23:13:06.043,264.036,0,1445.5,70,,98.0,29.804,14.0,0.0,1.006,1.051,0.035,13040,30.98,21.176,20,101,,,,,,,,,,,,
2026-09-25T23:13:06.172,264.166,0,1474.75,80,,98.312,29.804,14.0,0.0,1.004,1.025,0.004,14300,31.765,24.706,20,,47,,,,,,,,,,,
2026-09-25T23:13:06.303,264.296,0,1516.0,88,,98.594,31.373,13.0,0.781,0.996,1.021,0.0,14700,31.373,23.922,20,,,1.562,,,,,,,,,,
2026-09-25T23:13:06.432,264.425,0,1516.0,89,,99.219,30.98,13.0,3.125,0.996,1.046,0.027,15310,31.373,23.529,21,,,,14.375,,,,,,,,,
2026-09-25T23:13:06.562,264.556,0,1551.0,88,,100.5,29.02,13.5,5.469,1.005,1.037,0.02,16450,31.373,24.314,21,,,,,98,,,,,,,,
2026-09-25T23:13:06.693,264.686,0,1580.25,89,,101.094,28.235,13.5,4.688,1.008,1.016,-0.004,15950,31.373,23.529,22,,,,,,22,,,,,,,
2026-09-25T23:13:06.822,264.816,0,1613.5,89,,101.781,27.059,14.0,5.469,1.002,1.019,0.0,15490,31.373,23.137,22,,,,,,,20.0,,,,,,
2026-09-25T23:13:06.952,264.945,0,1656.5,88,,103.094,25.882,14.0,7.031,0.989,1.0,-0.02,15820,31.373,23.529,23,,,,,,,,404.3,,,,,
2026-09-25T23:13:07.082,265.075,0,1684.5,88,,103.406,25.49,14.0,7.031,0.979,0.981,-0.07,15260,31.373,23.137,23,,,,,,,,,0.69,,,,
2026-09-25T23:13:07.212,265.205,0,1726.5,88,,104.156,24.706,14.0,7.031,0.986,0.994,-0.035,15020,31.765,22.745,23,,,,,,,,,,,0.0,,
2026-09-25T23:13:07.342,265.336,0,1761.5,88,,104.75,25.098,14.0,7.031,1.003,0.998,-0.023,15770,32.157,24.314,24,,,,,,,,,,,,56.471,
2026-09-25T23:13:07.472,265.465,0,1797.25,90,,105.5,25.49,13.5,5.469,1.008,0.988,-0.051,15650,32.549,24.706,25,,,,,,,,,,,,,285
2026-09-25T23:13:07.602,265.595,0,1835.0,91,,106.188,26.275,13.5,5.469,1.005,0.992,-0.039,15540,32.549,23.922,25,101,,,,,,,,,,,,
2026-09-25T23:13:07.732,265.726,0,1864.0,90,,106.844,26.275,13.5,5.469,1.001,0.99,-0.043,16020,34.51,27.451,26,,46,,,,,,,,,,,
2026-09-25T23:13:07.862,265.855,0,1909.75,97,,107.219,31.765,11.0,5.469,1.0,0.984,-0.059,16710,34.902,28.627,26,,,0.781,,,,,,,,,,
2026-09-25T23:13:08.002,265.995,0,1922.5,99,,108.406,33.333,11.0,4.688,0.999,0.989,-0.047,17000,36.471,31.765,26,,,,14.355,,,,,,,,,
2026-09-25T23:13:08.133,266.126,0,1954.25,99,,110.031,33.333,8.0,4.688,0.999,0.971,-0.094,17500,38.039,38.431,27,,,,,98,,,,,,,,
2026-09-25T23:13:08.262,266.255,0,1760.25,111,,113.281,40.784,-13.5,3.906,0.999,0.983,-0.062,18700,38.039,32.549,28,,,,,,22,,,,,,,
2026-09-25T23:13:08.392,266.385,0,1496.0,112,,116.625,49.804,-2.5,3.906,0.999,0.98,-0.07,18960,38.039,26.667,28,,,,,,,20.0,,,,,,
2026-09-25T23:13:08.522,266.515,0,1451.0,104,,115.438,47.451,1.5,3.125,0.998,0.966,-0.105,18410,38.039,26.275,29,,,,,,,,408.4,,,,,
2026-09-25T23:13:08.652,266.645,0,1394.25,105,,111.812,52.549,5.0,1.562,0.998,0.949,-0.141,18560,37.647,25.49,29,,,,,,,,,0.725,,,,
2026-09-25T23:13:08.782,266.775,0,1349.0,100,,110.312,53.725,5.0,0.0,0.999,0.942,-0.16,18070,37.647,26.275,30,,,,,,,,,,,0.0,,
2026-09-25T23:13:08.912,266.905,0,1380.5,100,,108.875,53.333,3.5,-2.344,1.001,0.944,-0.152,17690,37.647,27.451,30,,,,,,,,,,,,83.529,
2026-09-25T23:13:09.042,267.035,0,1398.25,101,,107.625,51.373,3.5,-4.688,0.995,0.961,-0.117,17760,37.647,28.627,31,,,,,,,,,,,,,287
2026-09-25T23:13:09.172,267.166,0,1420.75,102,,108.062,49.804,3.5,-3.906,0.999,0.99,-0.047,17870,37.647,29.804,31,101,,,,,,,,,,,,
2026-09-25T23:13:09.303,267.296,0,1448.5,103,,108.625,49.412,3.5,-2.344,1.002,1.026,0.008,17710,37.647,29.804,32,,46,,,,,,,,,,,
2026-09-25T23:13:09.432,267.426,0,1485.75,104,,109.469,48.627,4.0,-0.781,0.995,1.028,0.008,17560,37.647,30.588,32,,,0.781,,,,,,,,,,
2026-09-25T23:13:09.562,267.556,0,1519.0,106,,111.125,45.49,4.0,0.0,0.999,1.024,0.004,18010,37.647,31.373,33,,,,14.375,,,,,,,,,
2026-09-25T23:13:09.692,267.685,0,1540.5,107,,111.906,44.706,3.5,0.781,1.002,1.029,0.012,18110,37.647,29.412,33,,,,,98,,,,,,,,
2026-09-25T23:13:09.822,267.816,0,1544.0,107,,113.0,44.706,4.0,2.344,0.996,1.015,-0.004,17850,37.647,28.235,34,,,,,,22,,,,,,,
2026-09-25T23:13:09.952,267.945,0,1568.25,107,,114.969,42.353,5.0,2.344,1.0,1.004,-0.016,17770,37.647,28.235,34,,,,,,,20.0,,,,,,
2026-09-25T23:13:10.082,268.075,0,1592.0,106,,115.5,41.176,5.0,1.562,1.001,1.001,-0.02,17990,37.647,27.451,35,,,,,,,,417.7,,,,,
2026-09-25T23:13:10.212,268.206,0,1611.75,104,,116.25,40.0,5.0,3.125,0.996,1.02,0.0,17470,37.647,27.843,35,,,,,,,,,0.705,,,,
2026-09-25T23:13:10.343,268.336,0,1638.0,106,,116.75,40.0,6.0,3.906,1.003,1.0,-0.02,17640,37.647,27.843,36,,,,,,,,,,,0.0,,
2026-09-25T23:13:10.472,268.465,0,1671.0,107,,117.656,39.216,6.5,3.125,1.002,0.999,-0.023,17950,37.647,27.451,36,,,,,,,,,,,,84.706,
2026-09-25T23:13:10.602,268.595,0,1691.25,107,,118.094,39.216,6.5,4.688,0.995,1.013,-0.008,17800,37.647,27.451,37,,,,,,,,,,,,,288
2026-09-25T23:13:10.732,268.725,0,1717.75,107,,118.75,39.216,6.5,5.469,1.003,1.011,-0.008,17610,38.039,28.235,37,102,,,,,,,,,,,,
2026-09-25T23:13:10.862,268.855,0,1754.25,108,,119.906,38.039,7.0,4.688,1.0,0.992,-0.039,17850,38.039,27.843,38,,45,,,,,,,,,,,
2026-09-25T23:13:11.002,268.995,0,1779.5,108,,120.375,38.039,6.5,4.688,0.995,0.998,-0.023,18130,37.647,27.843,39,,,0.781,,,,,,,,,,
2026-09-25T23:13:11.132,269.125,0,1806.5,107,,121.031,37.647,6.5,4.688,0.996,0.998,-0.023,17790,37.647,27.059,39,,,,14.355,,,,,,,,,
2026-09-25T23:13:11.262,269.256,0,1818.75,107,,122.688,37.647,7.0,4.688,0.999,0.999,-0.023,17620,37.647,27.059,40,,,,,98,,,,,,,,
2026-09-25T23:13:11.392,269.386,0,1843.0,107,,123.125,38.039,6.5,3.906,1.003,0.994,-0.035,17750,37.647,27.059,40,,,,,,22,,,,,,,
2026-09-25T23:13:11.522,269.515,0,1862.5,108,,123.719,38.039,7.0,3.906,1.002,0.994,-0.035,17790,38.039,27.059,41,,,,,,,20.0,,,,,,
2026-09-25T23:13:11.653,269.646,0,1874.75,109,,124.625,38.039,7.0,3.125,0.999,0.984,-0.062,18090,38.039,26.667,41,,,,,,,,432.5,,,,,
2026-09-25T23:13:11.783,269.776,0,1895.0,108,,125.062,38.431,8.0,3.125,0.995,0.985,-0.059,17920,38.039,26.275,41,,,,,,,,,0.695,,,,
2026-09-25T23:13:11.912,269.906,0,1873.0,107,,125.531,38.039,-17.5,2.344,0.996,0.991,-0.043,17920,38.039,25.098,42,,,,,,,,,,,0.0,,
2026-09-25T23:13:12.042,270.035,0,1565.25,109,,125.812,41.176,-1.5,3.125,1.002,1.0,-0.02,18280,38.039,23.922,42,,,,,,,,,,,,85.49,
2026-09-25T23:13:12.172,270.166,0,1492.5,105,,122.719,46.667,2.0,2.344,0.998,0.989,-0.047,18040,38.039,24.314,43,,,,,,,,,,,,,290
2026-09-25T23:13:12.303,270.296,0,1440.75,104,,119.344,48.235,4.0,0.0,0.997,0.951,-0.137,18000,38.039,25.098,43,102,,,,,,,,,,,,
2026-09-25T23:13:12.432,270.426,0,1402.0,103,,116.125,51.373,5.0,-1.562,1.001,0.96,-0.117,18440,38.039,25.49,43,,45,,,,,,,,,,,
2026-09-25T23:13:12.562,270.555,0,1383.25,101,,111.812,54.118,5.0,-3.125,0.995,0.962,-0.113,17930,38.039,26.275,44,,,0.781,,,,,,,,,,
2026-09-25T23:13:12.692,270.685,0,1393.0,101,,110.031,53.725,5.0,-4.688,1.003,0.968,-0.102,17770,38.039,27.451,44,,,,14.355,,,,,,,,,
2026-09-25T23:13:12.822,270.815,0,1395.25,101,,108.688,50.98,5.0,-6.25,1.012,0.994,-0.035,17860,38.431,28.627,44,,,,,98,,,,,,,,
2026-09-25T23:13:12.952,270.945,0,1409.25,101,,106.875,51.765,5.0,-5.469,1.004,1.003,-0.016,17980,38.431,29.804,44,,,,,,22,,,,,,,
2026-09-25T23:13:13.083,271.076,0,1421.75,102,,106.875,51.373,5.0,-4.688,1.004,1.003,-0.016,17920,38.431,31.765,45,,,,,,,20.0,,,,,,
2026-09-25T23:13:13.212,271.205,0,1435.75,104,,107.656,51.373,4.5,-4.688,1.002,1.023,0.004,17750,39.216,34.51,45,,,,,,,,446.0,,,,,
2026-09-25T23:13:13.342,271.335,0,1450.0,106,,108.562,50.196,4.5,-1.562,0.995,1.03,0.012,17970,39.608,37.647,45,,,,,,,,,0.735,,,,
2026-09-25T23:13:13.473,271.466,0,1456.75,109,,110.312,52.157,2.0,0.0,0.999,1.036,0.02,18290,40.0,39.216,46,,,,,,,,,,,0.0,,
2026-09-25T23:13:13.602,271.595,0,1474.0,110,,111.406,52.941,2.0,0.0,1.0,1.026,0.008,18190,40.0,41.176,46,,,,,,,,,,,,92.549,
2026-09-25T23:13:13.732,271.725,0,1486.75,110,,110.969,51.373,3.0,0.781,0.995,1.006,-0.016,18130,40.0,45.098,47,,,,,,,,,,,,,292
2026-09-25T23:13:13.862,271.855,0,1495.25,109,,110.125,49.804,0.5,0.781,1.002,1.012,-0.008,18310,40.392,49.804,47,102,,,,,,,,,,,,
2026-09-25T23:13:14.003,271.996,0,1506.75,110,,110.031,49.804,0.5,1.562,1.0,1.021,0.0,18370,40.392,54.118,47,,44,,,,,,,,,,,
2026-09-25T23:13:14.133,272.126,0,1523.0,110,,110.125,49.804,0.5,3.125,0.995,1.008,-0.012,18220,40.0,54.118,48,,,0.781,,,,,,,,,,
2026-09-25T23:13:14.262,272.255,0,1535.0,111,,110.625,48.235,2.0,2.344,1.002,1.0,-0.02,18190,40.0,54.118,48,,,,14.375,,,,,,,,,
2026-09-25T23:13:14.393,272.386,0,1548.25,111,,110.719,47.451,2.0,2.344,1.0,0.999,-0.023,18450,40.0,54.51,48,,,,,98,,,,,,,,
2026-09-25T23:13:14.522,272.515,0,1553.0,111,,111.062,47.843,1.0,3.125,0.994,0.996,-0.031,18310,40.0,54.51,49,,,,,,22,,,,,,,
2026-09-25T23:13:14.653,272.646,0,1563.25,111,,111.562,47.059,1.5,2.344,1.0,0.995,-0.031,18220,40.0,55.294,49,,,,,,,20.0,,,,,,
2026-09-25T23:13:14.782,272.775,0,1575.25,111,,111.562,45.882,2.0,2.344,1.002,1.001,-0.02,18390,40.0,55.294,50,,,,,,,,466.6,,,,,
2026-09-25T23:13:14.912,272.905,0,1590.0,112,,111.75,46.275,2.0,3.125,0.994,0.994,-0.035,18480,39.608,55.686,50,,,,,,,,,0.735,,,,
2026-09-25T23:13:15.042,273.035,0,1604.5,112,,112.094,45.49,2.0,2.344,0.997,0.995,-0.031,18380,39.216,55.294,51,,,,,,,,,,,0.0,,
2026-09-25T23:13:15.172,273.165,0,1613.75,112,,112.312,45.098,2.5,2.344,1.0,0.997,-0.027,18300,38.824,54.902,51,,,,,,,,,,,,93.333,
2026-09-25T23:13:15.303,273.296,0,1626.5,112,,112.125,44.314,3.5,2.344,1.002,1.007,-0.012,18370,38.824,54.902,51,,,,,,,,,,,,,293
2026-09-25T23:13:15.433,273.426,0,1636.25,112,,111.812,44.314,3.0,3.125,1.001,1.01,-0.012,18430,38.824,54.902,52,101,,,,,,,,,,,,
2026-09-25T23:13:15.562,273.555,0,1654.25,111,,111.281,44.314,3.0,3.906,0.995,1.002,-0.02,18190,38.824,55.294,52,,44,,,,,,,,,,,
2026-09-25T23:13:15.693,273.686,0,1666.25,111,,111.188,43.529,5.0,3.125,0.996,0.993,-0.039,18170,38.824,55.294,52,,,0.781,,,,,,,,,,
2026-09-25T23:13:15.822,273.815,0,1676.75,111,,110.812,42.745,5.5,3.125,1.0,0.995,-0.035,18240,38.824,55.686,53,,,,14.394,,,,,,,,,
2026-09-25T23:13:15.952,273.945,0,1695.0,110,,110.125,42.353,5.0,3.125,1.003,1.011,-0.008,18230,38.039,41.176,53,,,,,98,,,,,,,,
2026-09-25T23:13:16.082,274.075,0,1707.25,109,,110.25,41.569,5.5,4.688,1.001,1.0,-0.02,18170,36.863,30.588,54,,,,,,22,,,,,,,
2026-09-25T23:13:16.222,274.215,0,1712.5,105,,110.312,39.608,7.5,3.125,0.996,0.989,-0.047,17690,35.686,26.667,54,,,,,,,20.0,,,,,,
2026-09-25T23:13:16.352,274.345,0,1722.75,100,,108.938,32.941,8.5,3.125,0.997,0.993,-0.039,17050,34.51,25.49,55,,,,,,,,491.8,,,,,
2026-09-25T23:13:16.482,274.475,0,1737.25,95,,108.031,31.373,10.0,3.125,1.004,0.995,-0.035,16420,30.588,20.784,55,,,,,,,,,0.735,,,,
2026-09-25T23:13:16.612,274.605,0,1735.25,90,,108.219,25.49,14.0,2.344,0.995,0.98,-0.07,15910,28.627,17.647,55,,,,,,,,,,,0.0,,
2026-09-25T23:13:16.742,274.735,0,1745.75,81,,109.031,19.608,15.5,1.562,1.005,0.992,-0.039,15510,28.235,17.255,55,,,,,,,,,,,,43.529,
2026-09-25T23:13:16.872,274.865,0,1741.75,71,,108.812,18.431,17.0,0.781,1.009,0.994,-0.035,14820,28.235,18.039,55,,,,,,,,,,,,,295
2026-09-25T23:13:17.002,274.995,0,1742.5,70,,108.219,18.039,17.0,0.0,1.003,0.989,-0.047,13840,28.235,18.039,55,100,,,,,,,,,,,,
2026-09-25T23:13:17.132,275.126,0,1746.5,68,,107.75,18.431,17.5,0.781,0.995,1.0,-0.02,13670,28.235,18.039,55,,43,,,,,,,,,,,
2026-09-25T23:13:17.262,275.255,0,1752.0,67,,106.594,17.255,17.0,0.781,0.993,0.984,-0.059,13030,28.235,18.431,55,,,1.562,,,,,,,,,,
2026-09-25T23:13:17.393,275.386,0,1801.25,68,,106.219,17.647,17.5,0.0,0.992,0.99,-0.043,12100,28.235,18.824,55,,,,14.335,,,,,,,,,
2026-09-25T23:13:17.522,275.516,0,1815.25,68,,105.781,17.647,-13.0,0.0,0.994,0.989,-0.047,12470,27.843,17.647,55,,,,,98,,,,,,,,
2026-09-25T23:13:17.652,275.645,0,1625.25,68,,105.938,18.431,-5.5,0.0,1.005,1.015,-0.004,12480,28.235,17.255,55,,,,,,22,,,,,,,
2026-09-25T23:13:17.782,275.776,0,1572.25,62,,105.906,18.824,0.0,1.562,1.008,1.025,0.004,12420,28.235,17.647,55,,,,,,,20.0,,,,,,
2026-09-25T23:13:17.912,275.906,0,1519.5,64,,105.438,20.0,0.0,1.562,1.009,0.999,-0.023,12640,28.235,17.255,55,,,,,,,,496.6,,,,,
2026-09-25T23:13:18.042,276.035,0,1488.25,65,,105.25,21.961,1.5,0.0,1.01,0.992,-0.039,12380,28.627,17.255,55,,,,,,,,,0.72,,,,
2026-09-25T23:13:18.173,276.166,0,1451.75,65,,104.625,23.137,5.5,0.0,1.005,0.997,-0.027,13120,29.02,17.647,55,,,,,,,,,,,0.0,,
2026-09-25T23:13:18.302,276.296,0,1409.0,67,,104.25,24.706,7.5,0.0,0.997,0.989,-0.047,13250,29.02,17.255,55,,,,,,,,,,,,42.353,
2026-09-25T23:13:18.433,276.426,0,1374.75,68,,103.969,26.275,12.5,0.0,0.993,0.984,-0.059,13130,29.412,17.255,55,,,,,,,,,,,,,296
2026-09-25T23:13:18.562,276.555,0,1329.0,67,,103.406,28.627,12.5,0.0,0.992,0.996,-0.031,13580,29.412,17.255,55,99,,,,,,,,,,,,
2026-09-25T23:13:18.692,276.686,0,1328.5,68,,103.25,28.627,12.5,0.0,0.99,0.981,-0.066,13920,29.412,17.255,55,,44,,,,,,,,,,,
2026-09-25T23:13:18.822,276.815,0,1333.25,70,,103.0,29.412,13.0,-0.781,0.999,0.992,-0.039,13590,29.804,17.255,55,,,1.562,,,,,,,,,,
2026-09-25T23:13:18.953,276.946,0,1334.5,68,,102.688,29.02,13.0,-0.781,1.006,1.005,-0.016,14060,29.804,18.039,55,,,,14.394,,,,,,,,,
2026-09-25T23:13:19.082,277.075,0,1339.75,72,,102.469,29.412,13.0,-0.781,1.008,0.999,-0.023,13850,29.804,18.039,55,,,,,98,,,,,,,,
2026-09-25T23:13:19.212,277.205,0,1347.25,72,,102.375,29.412,13.0,-1.562,1.009,1.01,-0.012,13990,29.804,17.647,55,,,,,,21,,,,,,,
2026-09-25T23:13:19.342,277.336,0,1355.25,71,,102.375,29.02,13.0,-0.781,0.999,0.996,-0.031,14410,29.804,18.431,56,,,,,,,20.0,,,,,,
2026-09-25T23:13:19.472,277.466,0,1340.75,71,,102.062,29.804,13.0,-0.781,0.995,0.994,-0.035,14270,29.804,18.039,55,,,,,,,,496.7,,,,,
2026-09-25T23:13:19.602,277.595,0,1336.75,73,,102.156,30.196,13.0,-0.781,0.993,0.996,-0.031,14440,29.804,18.039,56,,,,,,,,,0.715,,,,
2026-09-25T23:13:19.733,277.726,0,1339.0,73,,102.094,29.804,13.0,-1.562,1.003,0.996,-0.031,14090,29.804,18.039,56,,,,,,,,,,,0.0,,
2026-09-25T23:13:19.862,277.855,0,1346.25,72,,102.031,30.196,13.0,-0.781,1.006,1.011,-0.008,14290,29.804,18.039,56,,,,,,,,,,,,45.882,
2026-09-25T23:13:20.002,277.996,0,1349.0,71,,102.062,29.412,13.0,-1.562,1.004,0.996,-0.031,14170,29.804,18.039,56,,,,,,,,,,,,,298
2026-09-25T23:13:20.133,278.126,0,1349.25,71,,102.031,29.02,13.0,-1.562,0.995,0.998,-0.023,14180,29.804,18.039,56,98,,,,,,,,,,,,
2026-09-25T23:13:20.262,278.255,0,1350.75,72,,102.031,29.412,13.0,-0.781,0.991,0.994,-0.035,14370,29.804,18.431,56,,44,,,,,,,,,,,
2026-09-25T23:13:20.392,278.386,0,1354.25,73,,101.969,29.804,13.5,-1.562,0.999,0.994,-0.035,14400,29.804,18.039,56,,,1.562,,,,,,,,,,
2026-09-25T23:13:20.522,278.516,0,1358.5,73,,102.031,29.804,13.0,-1.562,1.005,1.0,-0.02,14110,29.804,18.039,56,,,,14.414,,,,,,,,,
2026-09-25T23:13:20.652,278.646,0,1352.0,71,,102.031,29.02,13.0,-0.781,1.008,1.019,0.0,14150,30.196,18.431,56,,,,,98,,,,,,,,
2026-09-25T23:13:20.782,278.775,0,1356.5,73,,101.969,30.196,13.0,0.0,0.999,0.997,-0.027,14590,30.196,18.824,56,,,,,,21,,,,,,,
2026-09-25T23:13:20.912,278.905,0,1360.25,74,,101.812,30.196,13.5,-1.562,0.995,0.986,-0.055,14200,30.196,18.039,56,,,,,,,20.0,,,,,,
2026-09-25T23:13:21.042,279.035,0,1364.0,73,,102.031,29.412,13.5,-0.781,0.993,0.998,-0.023,14450,30.196,18.431,56,,,,,,,,495.6,,,,,
2026-09-25T23:13:21.173,279.166,0,1360.0,73,,102.031,30.196,13.5,-0.781,1.003,1.004,-0.016,14660,30.196,18.431,56,,,,,,,,,0.715,,,,
2026-09-25T23:13:21.302,279.295,0,1362.25,74,,102.031,29.804,13.5,-1.562,1.007,0.997,-0.027,14660,30.196,18.431,56,,,,,,,,,,,0.0,,
2026-09-25T23:13:21.432,279.425,0,1365.75,76,,102.031,30.196,13.5,-1.562,1.004,1.005,-0.016,14520,30.196,18.039,57,,,,,,,,,,,,47.451,
2026-09-25T23:13:21.562,279.555,0,1363.75,72,,102.094,29.804,13.5,-0.781,0.996,1.001,-0.02,14460,30.196,18.431,57,,,,,,,,,,,,,299
2026-09-25T23:13:21.692,279.685,0,1365.5,73,,102.031,29.804,13.5,-0.781,0.991,0.994,-0.035,14680,30.196,18.824,57,98,,,,,,,,,,,,
2026-09-25T23:13:21.822,279.816,0,1368.5,75,,102.031,30.196,13.5,-0.781,1.0,0.996,-0.031,14410,30.196,18.039,57,,44,,,,,,,,,,,
2026-09-25T23:13:21.952,279.946,0,1371.0,75,,102.156,29.412,13.5,-0.781,1.006,1.016,-0.004,14470,30.196,18.431,57,,,1.562,,,,,,,,,,
2026-09-25T23:13:22.082,280.076,0,1366.75,73,,102.031,29.804,13.5,0.0,1.008,1.009,-0.012,14530,30.196,18.431,57,,,,14.355,,,,,,,,,
2026-09-25T23:13:22.213,280.206,0,1372.25,75,,102.062,29.804,13.5,-0.781,0.998,0.994,-0.035,14520,30.196,18.824,57,,,,,98,,,,,,,,
2026-09-25T23:13:22.342,280.335,0,1374.0,75,,102.094,29.804,13.5,-0.781,0.995,0.993,-0.035,14420,30.196,18.039,57,,,,,,21,,,,,,,
2026-09-25T23:13:22.472,280.465,0,1374.5,73,,102.344,29.02,13.5,0.0,0.995,1.0,-0.02,15020,30.196,18.824,57,,,,,,,20.0,,,,,,
2026-09-25T23:13:22.602,280.595,0,1372.5,77,,102.188,30.196,13.5,-0.781,1.003,0.992,-0.039,14400,30.196,18.431,57,,,,,,,,494.3,,,,,
2026-09-25T23:13:22.732,280.725,0,1379.25,75,,102.375,29.804,13.5,-0.781,1.008,1.01,-0.012,14560,30.196,18.431,57,,,,,,,,,0.71,,,,
2026-09-25T23:13:22.862,280.855,0,1376.5,73,,102.375,29.02,13.5,0.0,1.003,0.998,-0.023,14700,30.196,18.824,57,,,,,,,,,,,0.0,,
2026-09-25T23:13:22.992,280.985,0,1375.75,76,,102.344,29.804,13.5,-0.781,0.995,0.989,-0.047,14510,30.196,18.431,57,,,,,,,,,,,,47.059,
2026-09-25T23:13:23.122,281.115,0,1381.5,75,,102.375,29.412,13.5,-0.781,0.991,0.998,-0.023,14340,30.196,18.431,57,,,,,,,,,,,,,301
2026-09-25T23:13:23.252,281.245,0,1376.5,73,,102.375,29.412,13.5,0.0,1.0,1.002,-0.02,14710,30.196,18.824,57,99,,,,,,,,,,,,
2026-09-25T23:13:23.382,281.375,0,1381.5,76,,102.344,29.804,13.5,-0.781,1.006,0.995,-0.031,14300,30.196,18.431,57,,44,,,,,,,,,,,
2026-09-25T23:13:23.512,281.505,0,1382.5,74,,102.375,29.412,13.5,-0.781,1.009,1.014,-0.008,14540,30.196,18.431,57,,,1.562,,,,,,,,,,
2026-09-25T23:13:23.642,281.635,0,1380.5,73,,102.375,29.412,13.5,-0.781,1.0,0.998,-0.027,14630,30.196,18.431,57,,,,14.394,,,,,,,,,
2026-09-25T23:13:23.772,281.765,0,1385.25,75,,102.375,29.412,13.5,-0.781,0.994,0.99,-0.047,14570,30.196,18.824,57,,,,,98,,,,,,,,
2026-09-25T23:13:23.902,281.895,0,1389.5,76,,102.375,29.804,13.5,-0.781,0.992,0.992,-0.039,14380,30.196,18.039,57,,,,,,21,,,,,,,
2026-09-25T23:13:24.032,282.025,0,1388.0,74,,102.406,29.02,13.5,-0.781,1.002,1.01,-0.012,14630,30.196,18.824,57,,,,,,,20.0,,,,,,
2026-09-25T23:13:24.162,282.155,0,1384.75,77,,102.375,29.804,13.5,-0.781,1.007,0.997,-0.027,14510,30.196,18.431,57,,,,,,,,492.9,,,,,
2026-09-25T23:13:24.292,282.285,0,1392.5,76,,102.531,29.412,13.5,-0.781,1.003,0.999,-0.023,14390,30.196,18.039,57,,,,,,,,,0.71,,,,
2026-09-25T23:13:24.422,282.415,0,1390.0,74,,102.656,29.02,13.5,0.0,1.001,1.013,-0.008,14520,30.196,18.039,57,,,,,,,,,,,0.0,,
2026-09-25T23:13:24.552,282.545,0,1386.75,73,,102.656,29.02,13.5,0.0,1.0,0.996,-0.031,14510,30.196,18.431,58,,,,,,,,,,,,48.627,
2026-09-25T23:13:24.682,282.675,0,1390.5,75,,102.5,30.196,13.5,-0.781,1.0,0.993,-0.039,14640,30.196,18.039,58,,,,,,,,,,,,,303
2026-09-25T23:13:24.812,282.805,0,1395.75,74,,102.688,29.412,14.0,-0.781,1.0,0.994,-0.035,14580,30.196,18.431,58,98,,,,,,,,,,,,
2026-09-25T23:13:24.942,282.936,0,1390.5,74,,102.625,29.412,13.5,-1.562,1.0,0.992,-0.043,14390,30.196,18.039,58,,44,,,,,,,,,,,
2026-09-25T23:13:25.072,283.066,0,1396.5,75,,102.688,29.02,14.0,-0.781,1.0,0.995,-0.031,14510,30.196,18.039,58,,,1.562,,,,,,,,,,
2026-09-25T23:13:25.202,283.196,0,1395.75,74,,102.688,28.627,13.5,-1.562,1.0,0.995,-0.031,14420,30.196,18.039,58,,,,14.375,,,,,,,,,
2026-09-25T23:13:25.332,283.325,0,1401.0,74,,102.688,29.02,14.0,-0.781,1.0,1.0,-0.02,14470,30.196,18.039,58,,,,,98,,,,,,,,
2026-09-25T23:13:25.462,283.455,0,1399.75,74,,102.656,29.02,14.0,-0.781,1.0,0.995,-0.031,14430,30.196,18.039,58,,,,,,21,,,,,,,
2026-09-25T23:13:25.592,283.585,0,1404.5,74,,102.688,29.412,14.0,-1.562,1.0,0.998,-0.023,14650,30.196,18.431,58,,,,,,,20.0,,,,,,
2026-09-25T23:13:25.722,283.715,0,1403.75,74,,102.688,28.627,14.0,-0.781,1.0,0.997,-0.027,14680,30.196,18.431,58,,,,,,,,491.3,,,,,
2026-09-25T23:13:25.853,283.846,0,1408.25,76,,102.688,29.412,14.0,-1.562,1.0,0.992,-0.039,14790,30.196,18.431,58,,,,,,,,,0.715,,,,
2026-09-25T23:13:25.982,283.976,0,1412.5,77,,102.688,29.02,14.0,-1.562,1.0,0.989,-0.047,14780,30.196,18.431,58,,,,,,,,,,,0.0,,
2026-09-25T23:13:26.112,284.105,0,1413.25,78,,102.688,29.412,14.0,-2.344,1.0,0.984,-0.062,14820,30.196,18.039,58,,,,,,,,,,,,47.843,
2026-09-25T23:13:26.241,284.235,0,1410.0,76,,102.938,28.627,14.0,-2.344,1.0,0.977,-0.078,14610,30.196,18.431,58,,,,,,,,,,,,,304
2026-09-25T23:13:26.372,284.365,0,1409.25,76,,103.0,29.412,14.0,-3.125,1.0,0.976,-0.086,14770,30.196,18.431,58,99,,,,,,,,,,,,
2026-09-25T23:13:26.502,284.496,0,1411.25,76,,102.906,29.412,14.0,-3.906,1.0,0.975,-0.086,14830,30.588,18.431,58,,44,,,,,,,,,,,
2026-09-25T23:13:26.632,284.625,0,1411.75,76,,102.938,29.804,14.0,-3.906,1.0,0.97,-0.098,14950,30.588,18.824,59,,,1.562,,,,,,,,,,
2026-09-25T23:13:26.762,284.755,0,1411.25,77,,102.812,29.804,14.0,-4.688,1.0,0.973,-0.09,15010,30.588,19.216,59,,,,14.414,,,,,,,,,
2026-09-25T23:13:26.893,284.886,0,1414.75,78,,102.781,29.804,14.0,-5.469,1.0,0.973,-0.09,15050,30.588,19.216,59,,,,,98,,,,,,,,
2026-09-25T23:13:27.021,285.015,0,1438.25,79,,103.0,29.804,14.0,-5.469,1.0,0.979,-0.074,15080,30.588,19.608,59,,,,,,21,,,,,,,
2026-09-25T23:13:27.152,285.145,0,1433.25,80,,103.031,30.196,14.0,-5.469,1.0,0.981,-0.07,15190,30.98,20.392,59,,,,,,,20.0,,,,,,
2026-09-25T23:13:27.282,285.276,0,1415.75,84,,103.094,31.373,13.5,-5.469,1.0,0.991,-0.043,15250,31.373,20.784,59,,,,,,,,489.6,,,,,
2026-09-25T23:13:27.412,285.405,0,1422.5,85,,103.25,32.157,12.5,-5.469,1.0,1.003,-0.016,15380,31.373,20.784,59,,,,,,,,,0.755,,,,
2026-09-25T23:13:27.542,285.535,0,1424.25,86,,103.375,33.333,12.5,-3.906,1.0,1.028,0.008,15480,31.765,21.176,59,,,,,,,,,,,0.0,,
2026-09-25T23:13:27.673,285.666,0,1425.75,87,,103.781,34.118,12.5,-3.125,1.0,1.027,0.008,15570,31.765,21.176,59,,,,,,,,,,,,56.471,
2026-09-25T23:13:27.801,285.795,0,1429.75,86,,104.0,33.333,11.0,-3.125,1.0,1.026,0.008,15600,31.765,21.176,59,,,,,,,,,,,,,306
2026-09-25T23:13:27.932,285.925,0,1429.75,87,,104.25,34.118,10.5,-2.344,1.0,1.03,0.012,15610,32.157,21.569,59,99,,,,,,,,,,,,
2026-09-25T23:13:28.062,286.055,0,1434.0,88,,104.656,34.902,10.0,-1.562,1.002,1.033,0.016,15690,32.549,22.353,59,,44,,,,,,,,,,,
2026-09-25T23:13:28.193,286.186,0,1446.0,90,,104.688,35.294,9.5,-1.562,1.004,1.026,0.008,15970,32.941,23.137,60,,,0.781,,,,,,,,,,
2026-09-25T23:13:28.322,286.315,0,1446.0,91,,104.938,36.471,9.5,-1.562,1.005,1.026,0.008,16170,32.549,22.745,60,,,,14.433,,,,,,,,,
2026-09-25T23:13:28.452,286.445,0,1438.0,92,,105.594,36.471,9.5,-0.781,1.006,1.036,0.02,16220,32.549,22.745,60,,,,,98,,,,,,,,
2026-09-25T23:13:28.582,286.575,0,1440.25,92,,105.75,36.471,9.5,0.0,1.007,1.029,0.012,16120,32.549,22.745,60,,,,,,21,,,,,,,
2026-09-25T23:13:28.713,286.706,0,1448.0,92,,106.0,36.471,10.0,0.0,1.007,1.023,0.004,16060,32.549,22.745,60,,,,,,,20.0,,,,,,
2026-09-25T23:13:28.842,286.835,0,1451.0,92,,106.25,35.686,10.0,0.0,1.007,1.025,0.004,15950,32.549,22.353,60,,,,,,,,488.1,,,,,
2026-09-25T23:13:28.972,286.966,0,1454.5,92,,106.594,35.686,10.0,0.0,1.008,1.026,0.008,15880,32.549,22.353,60,,,,,,,,,0.835,,,,
2026-09-25T23:13:29.102,287.095,0,1456.75,91,,106.656,35.686,10.0,0.0,1.008,1.027,0.008,15890,32.549,22.353,60,,,,,,,,,,,0.0,,
2026-09-25T23:13:29.232,287.225,0,1459.0,91,,106.875,35.294,10.5,0.0,1.008,1.02,0.0,16000,32.549,22.353,60,,,,,,,,,,,,62.353,
2026-09-25T23:13:29.362,287.355,0,1459.5,92,,106.969,35.294,11.0,0.0,1.008,1.014,-0.008,16010,32.549,22.353,60,,,,,,,,,,,,,307
2026-09-25T23:13:29.502,287.495,0,1462.25,92,,107.219,35.294,11.0,0.0,1.008,1.007,-0.012,16030,32.549,22.353,60,99,,,,,,,,,,,,
2026-09-25T23:13:29.632,287.625,0,1463.5,92,,107.281,35.686,11.0,0.0,1.008,1.013,-0.008,16040,32.549,21.961,61,,43,,,,,,,,,,,
2026-09-25T23:13:29.762,287.756,0,1462.5,92,,107.5,35.686,11.0,0.0,1.007,1.004,-0.016,16040,32.549,22.353,61,,,0.781,,,,,,,,,,
2026-09-25T23:13:29.892,287.885,0,1463.75,92,,107.531,35.294,11.0,0.0,1.007,1.01,-0.012,16050,32.549,22.353,61,,,,14.335,,,,,,,,,
2026-09-25T23:13:30.022,288.015,0,1468.75,93,,107.625,35.686,11.0,0.0,1.007,1.013,-0.008,16000,32.549,21.961,61,,,,,98,,,,,,,,
2026-09-25T23:13:30.152,288.145,0,1470.0,92,,107.875,34.902,11.0,0.781,1.007,1.013,-0.008,15960,32.549,22.353,61,,,,,,21,,,,,,,
2026-09-25T23:13:30.282,288.276,0,1473.5,92,,107.875,35.294,11.0,0.781,1.006,1.01,-0.012,16000,32.549,21.961,61,,,,,,,20.0,,,,,,
2026-09-25T23:13:30.412,288.405,0,1472.0,92,,108.031,34.51,11.0,0.781,1.006,1.019,0.0,15970,32.549,21.961,61,,,,,,,,487.6,,,,,
2026-09-25T23:13:30.542,288.535,0,1473.0,92,,108.031,35.294,11.5,0.781,1.006,1.011,-0.008,15990,32.549,21.961,61,,,,,,,,,0.82,,,,
2026-09-25T23:13:30.672,288.665,0,1475.0,92,,108.094,34.51,11.5,0.781,1.006,1.01,-0.012,16050,32.549,21.961,61,,,,,,,,,,,0.0,,
2026-09-25T23:13:30.802,288.795,0,1479.75,91,,108.156,34.51,11.5,0.781,1.005,1.007,-0.012,16040,32.941,21.961,61,,,,,,,,,,,,62.353,
2026-09-25T23:13:30.932,288.926,0,1480.0,92,,108.188,34.51,11.0,0.781,1.005,1.008,-0.012,16090,32.941,21.961,61,,,,,,,,,,,,,309
2026-09-25T23:13:31.062,289.056,0,1482.5,92,,108.188,34.51,11.5,0.781,1.005,1.01,-0.012,16040,32.941,21.961,61,99,,,,,,,,,,,,
2026-09-25T23:13:31.192,289.185,0,1478.25,92,,108.219,34.51,11.5,0.781,1.005,1.007,-0.012,15980,32.941,21.961,61,,43,,,,,,,,,,,
2026-09-25T23:13:31.322,289.315,0,1482.0,92,,108.25,34.51,11.5,0.781,1.004,1.004,-0.016,15980,32.941,21.961,61,,,0.781,,,,,,,,,,
2026-09-25T23:13:31.452,289.445,0,1489.0,92,,108.25,34.118,11.5,0.781,1.004,1.005,-0.016,15960,32.549,21.961,61,,,,14.414,,,,,,,,,
2026-09-25T23:13:31.582,289.575,0,1488.0,92,,108.25,34.118,11.5,0.781,1.004,1.0,-0.02,15910,32.549,21.961,61,,,,,98,,,,,,,,
2026-09-25T23:13:31.712,289.705,0,1486.5,92,,108.281,34.118,11.5,0.781,1.004,1.005,-0.016,15930,32.941,21.569,61,,,,,,21,,,,,,,
2026-09-25T23:13:31.842,289.835,0,1486.0,92,,108.406,33.725,11.5,0.781,1.004,1.005,-0.016,15880,32.941,21.961,62,,,,,,,20.0,,,,,,
2026-09-25T23:13:31.973,289.966,0,1490.25,92,,108.344,34.118,11.5,0.781,1.004,1.004,-0.016,15990,32.941,21.961,62,,,,,,,,487.7,,,,,
2026-09-25T23:13:32.102,290.096,0,1495.5,92,,108.312,34.118,11.5,0.781,1.003,0.998,-0.027,16020,32.941,21.961,62,,,,,,,,,0.805,,,,
2026-09-25T23:13:32.233,290.226,0,1493.5,92,,108.25,34.118,11.5,0.781,1.003,1.008,-0.012,16040,32.941,21.961,62,,,,,,,,,,,0.0,,
2026-09-25T23:13:32.362,290.356,0,1494.0,92,,108.469,33.725,11.5,1.562,1.003,1.003,-0.016,16020,32.549,21.961,62,,,,,,,,,,,,61.961,
2026-09-25T23:13:32.502,290.496,0,1495.0,92,,108.406,33.725,11.5,0.781,1.003,0.998,-0.023,16030,32.941,21.961,62,,,,,,,,,,,,,310
2026-09-25T23:13:32.633,290.626,0,1492.25,93,,108.344,34.51,10.0,0.781,1.003,1.0,-0.02,15990,32.941,22.353,62,99,,,,,,,,,,,,
2026-09-25T23:13:32.762,290.755,0,1494.5,93,,108.5,34.51,10.0,0.781,1.003,1.006,-0.016,15950,32.941,22.353,62,,42,,,,,,,,,,,
2026-09-25T23:13:32.893,290.886,0,1498.0,93,,108.531,34.118,10.0,0.781,1.003,1.005,-0.016,15980,32.941,21.961,62,,,0.781,,,,,,,,,,
2026-09-25T23:13:33.022,291.016,0,1498.75,92,,108.562,33.725,10.5,0.781,1.003,1.003,-0.016,15950,32.941,22.353,62,,,,14.296,,,,,,,,,
2026-09-25T23:13:33.153,291.146,0,1501.75,92,,108.562,34.118,9.5,1.562,1.003,1.001,-0.02,16050,32.941,22.353,62,,,,,98,,,,,,,,
2026-09-25T23:13:33.282,291.275,0,1504.25,92,,108.625,34.118,9.5,1.562,1.002,1.008,-0.012,16080,32.941,22.353,62,,,,,,21,,,,,,,
2026-09-25T23:13:33.412,291.406,0,1500.5,92,,108.562,34.118,10.0,1.562,1.002,1.01,-0.012,16140,32.941,21.961,62,,,,,,,20.0,,,,,,
2026-09-25T23:13:33.542,291.536,0,1502.25,92,,108.656,33.725,11.0,1.562,1.002,1.002,-0.02,16040,32.941,22.353,62,,,,,,,,488.4,,,,,
2026-09-25T23:13:33.673,291.666,0,1502.5,92,,108.688,34.118,11.0,1.562,1.002,1.001,-0.02,16110,32.941,21.961,62,,,,,,,,,0.795,,,,
2026-09-25T23:13:33.802,291.795,0,1502.5,92,,108.75,33.725,11.0,1.562,1.002,1.001,-0.02,16020,32.941,22.353,62,,,,,,,,,,,0.0,,
2026-09-25T23:13:33.932,291.926,0,1508.5,92,,108.688,33.725,11.0,1.562,1.002,1.002,-0.02,16000,32.941,22.353,62,,,,,,,,,,,,63.137,
2026-09-25T23:13:34.062,292.055,0,1511.25,92,,108.781,33.725,11.5,1.562,1.002,1.002,-0.02,16020,32.941,21.961,62,,,,,,,,,,,,,312
2026-09-25T23:13:34.192,292.185,0,1511.0,92,,108.781,33.725,10.0,1.562,1.002,0.999,-0.023,16030,32.941,21.961,62,99,,,,,,,,,,,,
2026-09-25T23:13:34.322,292.315,0,1512.75,92,,108.844,32.941,9.0,1.562,1.002,0.999,-0.023,16070,33.333,23.137,62,,42,,,,,,,,,,,
2026-09-25T23:13:34.452,292.445,0,1520.0,93,,108.594,34.118,9.0,1.562,1.002,1.006,-0.016,16380,33.333,23.529,62,,,0.781,,,,,,,,,,
2026-09-25T23:13:34.582,292.575,0,1517.5,94,,108.812,35.686,9.0,1.562,1.002,1.012,-0.008,16450,33.725,23.529,63,,,,14.375,,,,,,,,,
2026-09-25T23:13:34.712,292.706,0,1516.25,94,,108.969,35.686,9.5,1.562,1.002,1.005,-0.016,16450,33.725,23.137,63,,,,,98,,,,,,,,
2026-09-25T23:13:34.842,292.836,0,1518.0,95,,109.031,34.902,9.5,1.562,1.002,1.008,-0.012,16330,33.333,23.529,63,,,,,,21,,,,,,,
2026-09-25T23:13:34.972,292.965,0,1517.0,95,,109.219,35.294,8.5,2.344,1.002,1.012,-0.008,16320,33.333,23.137,63,,,,,,,20.0,,,,,,
2026-09-25T23:13:35.102,293.095,0,1522.5,95,,109.438,34.902,9.0,1.562,1.002,1.0,-0.02,16310,33.725,23.137,63,,,,,,,,489.7,,,,,
2026-09-25T23:13:35.232,293.225,0,1516.75,94,,109.531,34.118,9.0,2.344,1.002,1.013,-0.008,16320,33.725,23.137,63,,,,,,,,,0.78,,,,
2026-09-25T23:13:35.362,293.356,0,1525.75,95,,109.562,35.294,8.5,2.344,1.002,1.005,-0.016,16320,33.725,23.137,63,,,,,,,,,,,0.0,,
2026-09-25T23:13:35.502,293.496,0,1525.25,95,,109.75,34.902,9.0,1.562,1.002,1.0,-0.02,16440,33.725,23.137,63,,,,,,,,,,,,65.882,
2026-09-25T23:13:35.632,293.625,0,1522.5,94,,109.844,34.51,9.5,2.344,1.002,1.009,-0.012,16410,33.725,23.137,63,,,,,,,,,,,,,313
2026-09-25T23:13:35.762,293.755,0,1530.0,95,,109.969,34.51,9.5,2.344,1.002,0.997,-0.027,16460,33.333,23.137,63,99,,,,,,,,,,,,
2026-09-25T23:13:35.892,293.885,0,1528.5,95,,109.969,34.902,9.5,2.344,1.002,1.001,-0.02,16380,33.333,22.745,63,,41,,,,,,,,,,,
2026-09-25T23:13:36.022,294.016,0,1529.25,95,,110.188,34.118,10.5,2.344,1.002,1.0,-0.02,16130,30.98,20.0,63,,,1.562,,,,,,,,,,
2026-09-25T23:13:36.152,294.145,0,1528.0,93,,110.875,25.49,13.0,2.344,1.002,1.007,-0.012,15680,29.412,17.647,63,,,,14.335,,,,,,,,,
2026-09-25T23:13:36.282,294.275,0,1523.5,79,,107.0,24.706,14.5,3.125,1.002,1.01,-0.012,15090,29.804,18.039,63,,,,,98,,,,,,,,
2026-09-25T23:13:36.412,294.405,0,1527.25,78,,106.156,24.706,14.5,1.562,1.002,0.983,-0.062,14680,30.196,19.216,63,,,,,,21,,,,,,,
2026-09-25T23:13:36.542,294.536,0,1530.0,76,,105.25,25.098,14.5,0.781,1.002,0.981,-0.066,14440,30.588,19.608,63,,,,,,,20.0,,,,,,
2026-09-25T23:13:36.672,294.665,0,1539.25,79,,103.656,25.49,14.5,0.781,1.002,0.989,-0.047,14940,30.98,20.784,63,,,,,,,,491.4,,,,,
2026-09-25T23:13:36.803,294.796,0,1545.0,82,,103.188,25.882,14.0,0.781,1.001,0.995,-0.031,15140,30.98,21.569,63,,,,,,,,,0.775,,,,
2026-09-25T23:13:36.932,294.925,0,1546.75,84,,102.688,27.059,14.0,1.562,1.001,1.0,-0.02,15230,31.373,22.353,64,,,,,,,,,,,0.0,,
2026-09-25T23:13:37.062,295.055,0,1544.25,87,,102.469,28.235,14.0,1.562,1.001,1.005,-0.016,15390,31.373,22.353,64,,,,,,,,,,,,55.686,
2026-09-25T23:13:37.193,295.186,0,1540.25,87,,102.438,28.627,13.5,1.562,1.001,0.999,-0.023,15500,31.373,21.961,64,,,,,,,,,,,,,315
2026-09-25T23:13:37.322,295.315,0,1538.75,86,,102.469,28.235,14.0,1.562,1.001,1.006,-0.016,15480,30.196,19.216,64,99,,,,,,,,,,,,
2026-09-25T23:13:37.452,295.445,0,1530.75,85,,102.875,25.098,14.5,1.562,1.001,1.002,-0.02,15040,27.451,16.471,64,,41,,,,,,,,,,,
2026-09-25T23:13:37.582,295.575,0,1529.0,69,,105.75,21.176,15.5,0.781,1.001,0.991,-0.043,14420,27.451,16.078,64,,,1.562,,,,,,,,,,
2026-09-25T23:13:37.712,295.705,0,1530.25,60,,104.938,19.608,15.5,0.781,1.001,0.984,-0.062,13800,27.843,16.471,64,,,,14.296,,,,,,,,,
2026-09-25T23:13:37.842,295.835,0,1531.75,59,,104.625,19.608,15.5,0.0,1.001,0.978,-0.078,13280,28.235,16.863,64,,,,,97,,,,,,,,
2026-09-25T23:13:37.972,295.965,0,1536.75,60,,103.969,20.392,15.5,0.0,1.001,0.977,-0.082,12820,29.02,18.039,63,,,,,,21,,,,,,,
2026-09-25T23:13:38.102,296.095,0,1551.0,62,,103.344,20.392,15.5,0.0,1.001,0.988,-0.051,12540,30.196,19.216,63,,,,,,,20.0,,,,,,
2026-09-25T23:13:38.232,296.225,0,1563.5,68,,103.0,22.353,15.5,0.0,1.001,0.996,-0.031,13290,30.196,19.608,64,,,,,,,,493.1,,,,,
2026-09-25T23:13:38.362,296.355,0,1561.75,78,,102.812,24.706,15.0,0.0,1.001,0.983,-0.062,14360,30.196,19.216,64,,,,,,,,,0.77,,,,
2026-09-25T23:13:38.502,296.495,0,1543.5,79,,103.062,24.706,15.0,0.0,1.001,0.989,-0.047,15000,30.196,19.608,64,,,,,,,,,,,0.0,,
2026-09-25T23:13:38.633,296.626,0,1533.5,80,,103.062,25.098,14.5,0.0,1.001,0.987,-0.051,15060,30.196,19.216,64,,,,,,,,,,,,49.02,
2026-09-25T23:13:38.762,296.755,0,1537.5,79,,103.5,25.098,14.5,-0.781,1.001,0.995,-0.031,15040,29.804,18.824,64,,,,,,,,,,,,,317
2026-09-25T23:13:38.892,296.885,0,1537.5,78,,103.625,24.706,15.0,0.0,1.0,0.993,-0.035,14680,28.627,16.863,64,99,,,,,,,,,,,,
2026-09-25T23:13:39.022,297.015,0,1536.5,74,,103.969,22.745,15.5,-0.781,1.001,0.998,-0.023,14080,28.627,16.471,64,,41,,,,,,,,,,,
2026-09-25T23:13:39.152,297.146,0,1537.0,66,,103.969,20.392,15.5,0.0,1.001,1.007,-0.012,13450,28.627,17.255,64,,,1.562,,,,,,,,,,
2026-09-25T23:13:39.282,297.275,0,1542.5,64,,103.594,21.176,15.5,-0.781,1.001,0.988,-0.051,13040,29.02,17.647,64,,,,14.375,,,,,,,,,
2026-09-25T23:13:39.412,297.406,0,1548.5,66,,103.344,21.569,15.5,-0.781,1.001,0.987,-0.055,13170,29.412,18.039,64,,,,,97,,,,,,,,
2026-09-25T23:13:39.542,297.535,0,1556.25,68,,103.156,22.353,15.5,-1.562,1.001,0.979,-0.074,13400,29.412,18.039,64,,,,,,21,,,,,,,
2026-09-25T23:13:39.672,297.665,0,1556.5,70,,103.0,22.745,15.5,-2.344,1.001,0.977,-0.082,13900,29.804,18.039,64,,,,,,,20.0,,,,,,
2026-09-25T23:13:39.802,297.795,0,1551.75,70,,103.0,22.745,15.5,-3.125,1.001,0.976,-0.086,14130,29.804,18.039,64,,,,,,,,494.0,,,,,
2026-09-25T23:13:39.932,297.925,0,1546.75,70,,103.0,22.745,15.5,-3.125,1.001,0.978,-0.078,13910,29.804,18.431,64,,,,,,,,,0.76,,,,
2026-09-25T23:13:40.062,298.055,0,1549.75,73,,102.688,23.137,15.5,-3.906,1.001,0.977,-0.082,14090,29.412,18.039,64,,,,,,,,,,,0.0,,
2026-09-25T23:13:40.192,298.185,0,1560.25,72,,103.0,22.353,15.5,-3.906,1.001,0.976,-0.086,13850,17.255,14.51,64,,,,,,,,,,,,38.431,
2026-09-25T23:13:40.322,298.316,0,1546.75,65,,103.062,19.216,7.0,-5.469,1.001,0.956,-0.125,13270,14.51,12.941,64,,,,,,,,,,,,,318
2026-09-25T23:13:40.452,298.445,0,1542.75,49,,101.719,0.0,16.0,-6.25,1.001,0.972,-0.094,12950,14.51,12.549,64,100,,,,,,,,,,,,
2026-09-25T23:13:40.581,298.575,0,1524.75,27,,101.281,0.0,18.5,-4.688,1.0,0.987,-0.051,12810,14.51,12.157,64,,41,,,,,,,,,,,
2026-09-25T23:13:40.712,298.705,0,1524.0,23,,100.938,0.0,32.0,-4.688,1.0,0.996,-0.031,12430,14.51,12.549,64,,,5.469,,,,,,,,,,
2026-09-25T23:13:40.842,298.835,0,1538.25,22,,100.469,0.0,31.5,-3.906,1.0,1.021,0.0,12000,14.51,12.941,64,,,,14.375,,,,,,,,,
2026-09-25T23:13:40.972,298.965,0,1534.75,22,,99.938,0.0,29.0,-3.125,1.001,1.035,0.016,11560,14.51,12.549,63,,,,,97,,,,,,,,
2026-09-25T23:13:41.102,299.095,0,1531.75,22,,99.781,0.0,20.0,-2.344,1.001,1.036,0.02,11200,14.51,12.549,63,,,,,,21,,,,,,,
2026-09-25T23:13:41.231,299.225,0,1517.5,22,,99.469,0.0,13.5,-2.344,1.001,1.038,0.02,10780,14.51,12.549,63,,,,,,,20.0,,,,,,
2026-09-25T23:13:41.361,299.355,0,1517.25,21,,99.156,0.0,8.0,-1.562,1.001,1.037,0.02,10410,14.51,12.549,63,,,,,,,,495.6,,,,,
2026-09-25T23:13:41.502,299.495,0,1513.0,21,,99.156,0.0,3.5,-1.562,1.001,1.043,0.027,10010,14.51,12.549,63,,,,,,,,,0.765,,,,
2026-09-25T23:13:41.632,299.625,0,1503.75,21,,98.844,0.0,-0.5,0.0,1.002,1.055,0.039,9690,14.51,12.941,63,,,,,,,,,,,0.0,,
2026-09-25T23:13:41.761,299.755,0,1489.5,22,,99.156,0.0,-2.0,0.0,1.001,1.17,0.164,9460,14.51,12.941,62,,,,,,,,,,,,12.157,
2026-09-25T23:13:41.892,299.885,0,1484.0,22,,99.156,0.0,-2.0,0.0,1.002,1.438,0.395,9440,14.51,12.941,62,,,,,,,,,,,,,320
2026-09-25T23:13:42.022,300.015,0,1485.5,23,,99.094,0.0,-2.0,0.0,0.997,1.881,0.633,9450,14.51,12.941,62,101,,,,,,,,,,,,
2026-09-25T23:13:42.152,300.145,0,1483.5,24,,98.875,0.0,-2.0,0.0,1.027,2.0,0.855,9460,14.51,12.549,62,,42,,,,,,,,,,,
2026-09-25T23:13:42.282,300.275,0,1479.5,26,,98.812,0.0,-2.0,0.0,1.094,2.0,0.977,9460,14.51,12.549,62,,,3.906,,,,,,,,,,
2026-09-25T23:13:42.411,300.405,0,1473.75,26,,98.812,0.0,-2.5,0.0,1.173,2.0,1.012,9470,14.51,12.549,62,,,,14.453,,,,,,,,,
2026-09-25T23:13:42.541,300.535,0,1468.25,26,,98.875,0.0,-2.5,0.0,1.228,2.0,1.02,9480,14.51,12.549,61,,,,,98,,,,,,,,
2026-09-25T23:13:42.672,300.666,0,1463.0,25,,98.812,0.0,-2.5,0.0,1.313,2.0,1.059,9480,14.51,12.549,61,,,,,,21,,,,,,,
2026-09-25T23:13:42.801,300.795,0,1454.25,25,,98.812,0.0,-2.5,0.0,1.406,2.0,1.113,9490,14.51,12.549,61,,,,,,,20.0,,,,,,
2026-09-25T23:13:42.932,300.925,0,1448.0,24,,98.812,0.0,-2.5,0.0,1.529,2.0,1.16,9500,14.51,12.549,61,,,,,,,,498.1,,,,,
2026-09-25T23:13:43.061,301.055,0,1443.75,25,,98.812,0.0,-2.5,0.0,1.644,2.0,1.188,9500,14.51,12.549,60,,,,,,,,,0.175,,,,
2026-09-25T23:13:43.192,301.185,0,1434.25,25,,98.812,0.0,-2.5,0.0,1.731,2.0,1.207,9510,14.51,12.549,60,,,,,,,,,,,0.0,,
2026-09-25T23:13:43.321,301.315,0,1428.25,25,,98.812,0.0,-2.5,0.0,1.767,2.0,1.223,9510,14.51,12.549,60,,,,,,,,,,,,14.51,
2026-09-25T23:13:43.452,301.445,0,1426.75,26,,98.812,0.0,-2.5,0.0,1.787,2.0,1.211,9520,14.51,12.549,60,,,,,,,,,,,,,321
2026-09-25T23:13:43.582,301.576,0,1429.25,26,,98.812,0.0,-2.5,0.0,1.794,2.0,1.191,9530,14.51,12.549,60,101,,,,,,,,,,,,
2026-09-25T23:13:43.711,301.705,0,1425.5,26,,98.812,0.0,-2.5,0.0,1.797,2.0,1.176,9530,14.51,12.549,59,,43,,,,,,,,,,,
2026-09-25T23:13:43.842,301.835,0,1419.25,24,,98.812,0.0,-2.5,0.0,1.799,2.0,1.184,9530,14.51,12.549,59,,,4.688,,,,,,,,,,
2026-09-25T23:13:43.972,301.965,0,1415.0,24,,98.812,0.0,-2.5,0.0,1.799,2.0,1.199,9540,14.51,12.549,59,,,,14.414,,,,,,,,,
2026-09-25T23:13:44.102,302.095,0,1407.75,24,,98.75,0.0,-2.5,0.0,1.8,2.0,1.211,9540,14.51,12.549,59,,,,,97,,,,,,,,
2026-09-25T23:13:44.232,302.225,0,1399.0,24,,98.781,0.0,-3.0,0.0,1.8,2.0,1.223,9540,14.51,12.549,59,,,,,,21,,,,,,,
2026-09-25T23:13:44.362,302.355,0,1390.75,24,,98.719,0.0,-3.0,0.0,1.8,2.0,1.23,9550,14.51,12.549,58,,,,,,,20.0,,,,,,
2026-09-25T23:13:44.501,302.495,0,1388.75,24,,98.594,0.0,-3.0,0.0,1.8,2.0,1.234,9550,14.51,12.549,58,,,,,,,,500.5,,,,,
2026-09-25T23:13:44.631,302.625,0,1389.25,24,,98.656,0.0,-3.0,0.0,1.8,2.0,1.242,9560,14.51,12.549,58,,,,,,,,,0.095,,,,
2026-09-25T23:13:44.761,302.755,0,1381.5,26,,98.688,0.0,-3.0,0.0,1.8,2.0,1.227,9560,14.51,12.549,58,,,,,,,,,,,0.0,,
2026-09-25T23:13:44.892,302.885,0,1384.25,27,,98.719,0.0,-3.0,0.0,1.8,2.0,1.207,9560,14.51,12.549,57,,,,,,,,,,,,14.902,
2026-09-25T23:13:45.022,303.016,0,1377.25,26,,98.594,0.0,-4.0,0.0,1.8,2.0,1.191,9560,14.51,12.549,57,,,,,,,,,,,,,323
2026-09-25T23:13:45.152,303.146,0,1369.75,26,,98.562,0.0,-4.0,0.0,1.8,2.0,1.184,9570,14.51,12.549,57,101,,,,,,,,,,,,
2026-09-25T23:13:45.281,303.275,0,1360.5,24,,98.656,0.0,-4.0,0.0,1.8,2.0,1.195,9570,14.51,12.549,57,,43,,,,,,,,,,,
2026-09-25T23:13:45.412,303.405,0,1352.0,25,,98.562,0.0,-4.0,0.0,1.8,2.0,1.211,9580,14.51,12.549,57,,,5.469,,,,,,,,,,
2026-09-25T23:13:45.542,303.536,0,1347.5,25,,98.5,0.0,-4.0,0.0,1.8,2.0,1.223,9580,14.51,12.549,56,,,,14.433,,,,,,,,,
2026-09-25T23:13:45.672,303.665,0,1345.25,24,,98.5,0.0,-4.0,0.0,1.8,2.0,1.23,9580,14.51,12.549,57,,,,,97,,,,,,,,
2026-09-25T23:13:45.801,303.795,0,1346.25,24,,98.5,0.0,-4.0,0.0,1.8,2.0,1.238,9580,14.51,12.549,56,,,,,,21,,,,,,,
2026-09-25T23:13:45.932,303.926,0,1340.25,24,,98.5,0.0,-4.0,0.0,1.8,2.0,1.242,9580,14.51,12.549,56,,,,,,,20.0,,,,,,
2026-09-25T23:13:46.061,304.055,0,1332.0,24,,98.5,0.0,-4.0,0.0,1.8,2.0,1.242,9590,14.51,12.549,56,,,,,,,,502.8,,,,,
2026-09-25T23:13:46.192,304.185,0,1326.75,24,,98.5,0.0,-4.0,0.0,1.8,2.0,1.246,9590,14.51,12.549,56,,,,,,,,,0.095,,,,
2026-09-25T23:13:46.321,304.315,0,1320.25,24,,98.5,0.0,-4.0,0.0,1.8,2.0,1.246,9590,14.51,12.549,55,,,,,,,,,,,0.0,,
2026-09-25T23:13:46.451,304.445,0,1314.0,24,,98.5,0.0,-4.5,0.0,1.8,2.0,1.242,9590,14.51,12.549,55,,,,,,,,,,,,12.941,
2026-09-25T23:13:46.582,304.575,0,1306.25,24,,98.5,0.0,-4.5,0.0,1.8,2.0,1.246,9590,14.51,12.549,55,,,,,,,,,,,,,324
2026-09-25T23:13:46.722,304.715,0,1302.0,24,,98.5,0.0,-4.5,0.0,1.8,2.0,1.246,9600,14.51,12.549,55,102,,,,,,,,,,,,
2026-09-25T23:13:46.851,304.845,0,1299.25,24,,98.5,0.0,-4.5,0.0,1.8,2.0,1.246,9590,14.51,12.549,54,,44,,,,,,,,,,,
2026-09-25T23:13:46.981,304.975,0,1297.25,24,,98.5,0.0,-4.5,0.0,1.8,2.0,1.246,9600,14.51,12.157,54,,,5.469,,,,,,,,,,
2026-09-25T23:13:47.112,305.105,0,1287.25,24,,98.5,0.0,-4.5,0.0,1.8,2.0,1.246,9590,14.51,12.157,54,,,,14.453,,,,,,,,,
2026-09-25T23:13:47.241,305.235,0,1277.0,24,,98.5,0.0,-5.0,0.0,1.8,2.0,1.246,9600,14.51,12.157,53,,,,,97,,,,,,,,
2026-09-25T23:13:47.371,305.365,0,1269.75,24,,98.469,0.0,-5.0,0.0,1.8,2.0,1.246,9600,14.51,12.157,53,,,,,,21,,,,,,,
2026-09-25T23:13:47.501,305.495,0,1265.0,23,,98.5,0.0,-5.0,0.0,1.8,2.0,1.246,9600,14.51,12.157,53,,,,,,,20.0,,,,,,
2026-09-25T23:13:47.631,305.625,0,1258.5,23,,98.5,0.0,-5.0,0.0,1.8,2.0,1.25,9600,14.51,12.157,53,,,,,,,,504.9,,,,,
2026-09-25T23:13:47.762,305.755,0,1251.0,23,,98.5,0.0,-5.0,0.0,1.8,2.0,1.246,9610,14.51,12.157,52,,,,,,,,,0.095,,,,
2026-09-25T23:13:47.892,305.886,0,1245.0,23,,98.5,0.0,-5.5,0.0,1.8,2.0,1.246,9600,14.51,12.157,52,,,,,,,,,,,0.0,,
2026-09-25T23:13:48.022,306.015,0,1239.25,24,,98.5,0.0,-5.5,0.0,1.8,2.0,1.246,9600,14.51,12.157,52,,,,,,,,,,,,12.941,
2026-09-25T23:13:48.152,306.145,0,1228.75,24,,98.375,0.0,-5.5,0.0,1.8,2.0,1.246,9600,14.51,12.157,51,,,,,,,,,,,,,326
2026-09-25T23:13:48.281,306.275,0,1217.5,24,,98.438,0.0,-5.5,0.0,1.8,2.0,1.246,9610,14.51,12.157,51,102,,,,,,,,,,,,
2026-09-25T23:13:48.411,306.405,0,1209.75,24,,98.469,0.0,-6.0,0.0,1.8,2.0,1.246,9600,14.51,12.157,51,,44,,,,,,,,,,,
2026-09-25T23:13:48.542,306.535,0,1200.5,24,,98.469,0.0,-6.0,0.0,1.8,2.0,1.246,9600,14.51,12.157,50,,,6.25,,,,,,,,,,
2026-09-25T23:13:48.672,306.665,0,1197.5,24,,98.344,0.0,-6.0,0.0,1.8,2.0,1.246,9610,14.51,12.157,50,,,,14.375,,,,,,,,,
2026-09-25T23:13:48.802,306.795,0,1191.0,24,,98.406,0.0,-6.0,0.0,1.8,2.0,1.25,9610,14.51,12.157,49,,,,,97,,,,,,,,
2026-09-25T23:13:48.932,306.925,0,1182.0,24,,98.312,0.0,-6.0,0.0,1.8,2.0,1.246,9610,14.51,12.157,49,,,,,,21,,,,,,,
2026-09-25T23:13:49.061,307.055,0,1201.25,24,,98.375,0.0,-5.5,0.0,1.8,2.0,1.246,9600,14.51,12.549,49,,,,,,,20.0,,,,,,
2026-09-25T23:13:49.192,307.185,0,1297.0,24,,98.219,0.0,-4.0,0.0,1.8,2.0,1.25,9610,14.51,12.549,48,,,,,,,,507.0,,,,,
2026-09-25T23:13:49.321,307.315,0,1382.75,24,,98.281,0.0,-3.0,0.0,1.8,2.0,1.246,9610,14.51,12.549,47,,,,,,,,,0.095,,,,
2026-09-25T23:13:49.452,307.445,0,1444.75,24,,98.438,0.0,-2.5,0.0,1.8,2.0,1.25,9610,14.51,12.549,47,,,,,,,,,,,0.0,,
2026-09-25T23:13:49.582,307.576,0,1482.5,24,,98.344,0.0,-2.0,0.0,1.8,2.0,1.25,9600,14.51,12.549,46,,,,,,,,,,,,13.333,
2026-09-25T23:13:49.712,307.705,0,1462.5,24,,98.469,0.0,-2.5,0.0,1.8,2.0,1.25,9610,14.51,12.549,46,,,,,,,,,,,,,328
2026-09-25T23:13:49.842,307.835,0,1442.5,24,,98.5,0.0,-2.5,0.0,1.8,2.0,1.25,9610,14.51,12.549,45,102,,,,,,,,,,,,
2026-09-25T23:13:49.972,307.965,0,1412.75,23,,98.469,0.0,-2.5,0.0,1.8,2.0,1.254,9610,14.51,12.549,44,,44,,,,,,,,,,,
2026-09-25T23:13:50.102,308.096,0,1387.5,24,,98.5,0.0,-3.0,0.0,1.8,2.0,1.254,9610,14.51,12.549,44,,,5.469,,,,,,,,,,
2026-09-25T23:13:50.232,308.225,0,1371.25,24,,98.5,0.0,-4.0,0.0,1.8,2.0,1.25,9610,14.51,12.549,43,,,,14.394,,,,,,,,,
2026-09-25T23:13:50.361,308.355,0,1356.5,24,,98.5,0.0,-4.0,0.0,1.8,2.0,1.254,9610,14.51,12.157,42,,,,,97,,,,,,,,
2026-09-25T23:13:50.492,308.486,0,1334.75,23,,98.5,0.0,-4.0,0.0,1.8,2.0,1.254,9610,14.51,12.157,42,,,,,,21,,,,,,,
2026-09-25T23:13:50.622,308.615,0,1309.75,23,,98.469,0.0,-4.5,0.0,1.8,2.0,1.254,9610,14.51,12.157,41,,,,,,,20.0,,,,,,
2026-09-25T23:13:50.751,308.745,0,1285.5,23,,98.5,0.0,-4.5,0.0,1.8,2.0,1.254,9610,14.51,12.157,40,,,,,,,,508.5,,,,,
2026-09-25T23:13:50.882,308.875,0,1268.0,23,,98.5,0.0,-5.0,0.0,1.8,2.0,1.254,9610,14.51,12.157,40,,,,,,,,,0.095,,,,
2026-09-25T23:13:51.012,309.006,0,1246.5,23,,98.469,0.0,-5.5,0.0,1.8,2.0,1.25,9610,14.51,12.157,39,,,,,,,,,,,0.0,,
2026-09-25T23:13:51.142,309.135,0,1267.25,24,,98.5,0.0,-4.5,0.0,1.8,2.0,1.25,9610,14.51,12.549,38,,,,,,,,,,,,12.941,
2026-09-25T23:13:51.271,309.265,0,1367.5,24,,98.5,0.0,-3.0,0.0,1.8,2.0,1.25,9600,14.51,12.549,37,,,,,,,,,,,,,329
2026-09-25T23:13:51.401,309.395,0,1429.75,24,,98.5,0.0,-2.5,0.0,1.8,2.0,1.25,9610,14.51,12.549,36,103,,,,,,,,,,,,
2026-09-25T23:13:51.532,309.525,0,1480.25,24,,98.5,0.0,-2.0,0.0,1.8,2.0,1.254,9600,14.51,12.941,35,,44,,,,,,,,,,,
2026-09-25T23:13:51.662,309.655,0,1540.75,24,,98.5,0.0,-1.0,0.0,1.8,2.0,1.25,9610,14.51,12.941,34,,,3.906,,,,,,,,,,
2026-09-25T23:13:51.791,309.785,0,1585.5,24,,98.5,0.0,-1.0,0.0,1.8,2.0,1.254,9600,14.51,12.549,34,,,,14.414,,,,,,,,,
2026-09-25T23:13:51.922,309.915,0,1542.5,24,,98.5,0.0,-1.0,0.0,1.8,2.0,1.254,9600,14.51,12.549,33,,,,,97,,,,,,,,
2026-09-25T23:13:52.052,310.045,0,1507.0,23,,98.5,0.0,-2.0,0.0,1.8,2.0,1.254,9610,14.51,12.549,32,,,,,,21,,,,,,,
2026-09-25T23:13:52.182,310.175,0,1472.75,23,,98.5,0.0,-2.5,0.0,1.8,2.0,1.262,9610,14.51,12.549,31,,,,,,,20.0,,,,,,
2026-09-25T23:13:52.312,310.305,0,1431.0,23,,98.5,0.0,-2.5,0.0,1.8,2.0,1.262,9620,14.51,12.549,31,,,,,,,,510.0,,,,,
2026-09-25T23:13:52.442,310.435,0,1395.25,24,,98.5,0.0,-3.0,0.0,1.8,2.0,1.258,9590,14.51,12.549,30,,,,,,,,,0.095,,,,
2026-09-25T23:13:52.572,310.565,0,1359.5,23,,98.5,0.0,-4.0,0.0,1.8,2.0,1.258,9620,14.51,12.157,29,,,,,,,,,,,0.0,,
2026-09-25T23:13:52.702,310.695,0,1324.5,23,,98.5,0.0,-4.5,0.0,1.8,2.0,1.258,9620,14.51,12.157,28,,,,,,,,,,,,12.549,
2026-09-25T23:13:52.832,310.825,0,1290.75,23,,98.5,0.0,-4.5,0.0,1.8,2.0,1.258,9590,14.51,12.157,27,,,,,,,,,,,,,331
2026-09-25T23:13:52.961,310.955,0,1292.25,23,,98.5,0.0,-4.5,0.0,1.8,2.0,1.258,9590,14.51,12.157,26,103,,,,,,,,,,,,
2026-09-25T23:13:53.091,311.085,0,1297.25,24,,98.5,0.0,-4.5,0.0,1.8,2.0,1.254,9590,14.51,12.157,25,,45,,,,,,,,,,,
2026-09-25T23:13:53.222,311.215,0,1287.0,24,,98.5,0.0,-4.5,0.0,1.8,2.0,1.254,9620,14.51,12.157,24,,,5.469,,,,,,,,,,
2026-09-25T23:13:53.352,311.346,0,1276.75,24,,98.5,0.0,-5.0,0.0,1.8,2.0,1.254,9590,14.51,12.157,23,,,,14.433,,,,,,,,,
2026-09-25T23:13:53.481,311.475,0,1279.75,23,,98.5,0.0,-4.5,0.0,1.8,2.0,1.25,9600,14.51,12.157,22,,,,,97,,,,,,,,
2026-09-25T23:13:53.612,311.605,0,1281.0,24,,98.5,0.0,-4.5,0.0,1.8,2.0,1.254,9590,14.51,12.157,21,,,,,,21,,,,,,,
2026-09-25T23:13:53.742,311.735,0,1281.25,24,,98.5,0.0,-4.5,0.0,1.8,2.0,1.254,9590,14.51,12.157,20,,,,,,,20.0,,,,,,
2026-09-25T23:13:53.872,311.865,0,1271.0,23,,98.5,0.0,-5.0,0.0,1.8,2.0,1.254,9590,14.51,12.157,19,,,,,,,,511.5,,,,,
2026-09-25T23:13:54.002,311.995,0,1261.25,23,,98.5,0.0,-5.0,0.0,1.8,2.0,1.254,9600,14.51,12.157,18,,,,,,,,,0.095,,,,
2026-09-25T23:13:54.132,312.125,0,1233.0,24,,98.469,0.0,-6.0,0.0,1.8,2.0,1.254,9590,14.51,12.157,17,,,,,,,,,,,0.0,,
2026-09-25T23:13:54.262,312.256,0,1135.25,24,,98.469,10.588,-2.5,0.0,1.761,2.0,1.254,9620,14.51,11.765,16,,,,,,,,,,,,14.118,
2026-09-25T23:13:54.391,312.385,0,1001.0,24,,98.438,12.549,5.5,0.0,1.887,2.0,1.23,9730,14.51,11.765,15,,,,,,,,,,,,,332
2026-09-25T23:13:54.522,312.515,0,978.25,23,,98.406,12.157,7.0,0.0,1.763,2.0,0.891,9450,14.51,12.157,14,103,,,,,,,,,,,,
2026-09-25T23:13:54.652,312.645,0,952.75,23,,98.188,13.333,6.5,0.0,1.494,1.577,0.484,9060,14.51,12.157,14,,45,,,,,,,,,,,
2026-09-25T23:13:54.781,312.775,0,918.25,25,,98.188,14.118,6.5,0.0,1.289,1.205,0.199,8660,14.51,12.549,13,,,5.469,,,,,,,,,,
2026-09-25T23:13:54.911,312.905,0,885.5,27,,98.188,16.078,1.0,0.0,1.126,1.082,0.07,8250,14.51,12.157,12,,,,14.355,,,,,,,,,
2026-09-25T23:13:55.041,313.035,0,857.25,28,,98.188,18.431,2.0,0.0,1.042,1.028,0.008,7950,14.51,12.549,11,,,,,97,,,,,,,,
2026-09-25T23:13:55.171,313.165,0,824.75,32,,98.094,19.216,-1.5,0.0,0.983,0.99,-0.043,7490,14.51,12.941,10,,,,,,21,,,,,,,
2026-09-25T23:13:55.302,313.295,0,805.75,33,,97.906,20.0,-0.5,1.562,0.953,0.985,-0.059,7130,14.51,12.941,9,,,,,,,20.0,,,,,,
2026-09-25T23:13:55.431,313.425,0,801.25,36,,97.969,22.353,-5.5,2.344,0.933,0.976,-0.082,6670,14.51,12.549,9,,,,,,,,510.9,,,,,
2026-09-25T23:13:55.561,313.555,0,823.25,36,,97.875,21.961,-5.5,3.125,0.922,0.97,-0.098,6350,14.51,12.549,8,,,,,,,,,0.13,,,,
2026-09-25T23:13:55.692,313.685,0,848.5,36,,97.875,21.569,-7.5,3.125,0.914,0.961,-0.117,5990,14.51,12.157,7,,,,,,,,,,,0.0,,
2026-09-25T23:13:55.821,313.815,0,855.75,34,,97.875,20.0,-5.0,3.125,0.91,0.938,-0.168,5670,14.51,12.157,6,,,,,,,,,,,,20.392,
2026-09-25T23:13:55.952,313.946,0,860.0,33,,97.875,18.431,-2.5,2.344,0.908,0.929,-0.191,5430,14.51,12.549,5,,,,,,,,,,,,,334
2026-09-25T23:13:56.081,314.075,0,856.25,31,,97.875,18.431,-2.5,2.344,0.906,0.923,-0.207,5130,14.51,12.549,5,103,,,,,,,,,,,,
2026-09-25T23:13:56.211,314.205,0,848.5,31,,97.812,18.824,-2.5,2.344,0.906,0.919,-0.215,4780,14.51,12.549,4,,45,,,,,,,,,,,
2026-09-25T23:13:56.342,314.336,0,839.75,31,,97.844,19.608,-2.5,2.344,0.905,0.911,-0.234,4540,14.51,12.549,3,,,4.688,,,,,,,,,,
2026-09-25T23:13:56.472,314.465,0,831.5,32,,97.781,19.216,-2.5,2.344,0.904,0.901,-0.258,4200,14.51,12.549,3,,,,14.316,,,,,,,,,
2026-09-25T23:13:56.602,314.595,0,832.75,33,,97.719,20.392,-8.0,1.562,0.903,0.9,-0.262,3840,14.51,12.157,2,,,,,97,,,,,,,,
2026-09-25T23:13:56.731,314.725,0,815.75,33,,97.812,19.608,-2.5,1.562,0.902,0.904,-0.25,3570,14.51,12.549,1,,,,,,21,,,,,,,
2026-09-25T23:13:56.861,314.855,0,806.75,33,,97.656,20.784,-4.0,2.344,0.901,0.911,-0.234,3420,14.51,12.549,1,,,,,,,20.0,,,,,,
2026-09-25T23:13:57.001,314.995,0,789.75,33,,97.688,20.392,13.0,3.125,0.9,0.916,-0.219,3440,14.51,13.725,1,,,,,,,,509.3,,,,,
2026-09-25T23:13:57.131,315.125,0,804.75,37,,97.531,27.451,-3.5,3.125,0.899,0.917,-0.219,3670,14.51,12.549,1,,,,,,,,,0.175,,,,
2026-09-25T23:13:57.261,315.255,0,854.25,39,,97.562,23.529,-11.5,3.125,0.897,0.915,-0.227,4130,14.51,12.549,0,,,,,,,,,,,0.0,,
2026-09-25T23:13:57.391,315.385,0,882.0,35,,97.656,21.176,-5.5,3.125,0.896,0.902,-0.254,4360,14.51,12.941,0,,,,,,,,,,,,21.961,
2026-09-25T23:13:57.521,315.515,0,886.25,34,,97.562,20.392,-4.5,2.344,0.894,0.884,-0.309,4400,14.51,12.549,0,,,,,,,,,,,,,335
2026-09-25T23:13:57.652,315.645,0,886.5,35,,97.562,20.392,-2.5,1.562,0.893,0.868,-0.355,4240,14.51,12.941,0,104,,,,,,,,,,,,
2026-09-25T23:13:57.782,315.775,0,882.5,34,,97.531,21.176,-3.5,0.0,0.892,0.858,-0.387,4130,14.51,12.549,0,,45,,,,,,,,,,,
2026-09-25T23:13:57.911,315.905,0,882.5,34,,97.531,20.784,-5.5,0.0,0.891,0.864,-0.367,4100,14.51,12.549,0,,,4.688,,,,,,,,,,
2026-09-25T23:13:58.041,316.035,0,874.75,34,,97.531,20.0,-3.5,0.0,0.89,0.868,-0.355,4010,14.51,12.549,0,,,,14.375,,,,,,,,,
2026-09-25T23:13:58.171,316.165,0,860.5,33,,97.531,20.0,-3.5,0.781,0.888,0.874,-0.34,3940,14.51,12.549,0,,,,,97,,,,,,,,
2026-09-25T23:13:58.301,316.295,0,837.5,33,,97.531,19.608,0.5,0.781,0.887,0.881,-0.316,3820,14.51,12.549,0,,,,,,21,,,,,,,
2026-09-25T23:13:58.432,316.426,0,829.75,34,,97.531,21.176,-3.0,1.562,0.885,0.886,-0.301,3830,14.51,12.157,0,,,,,,,20.0,,,,,,
2026-09-25T23:13:58.561,316.555,0,821.75,32,,97.531,19.608,-1.5,1.562,0.883,0.889,-0.293,3780,14.51,12.157,0,,,,,,,,507.3,,,,,
2026-09-25T23:13:58.692,316.686,0,810.75,32,,97.531,19.608,-2.0,1.562,0.882,0.889,-0.293,3760,14.51,12.157,0,,,,,,,,,0.195,,,,
2026-09-25T23:13:58.821,316.815,0,793.75,32,,97.531,19.608,-0.5,1.562,0.882,0.887,-0.301,3740,14.51,12.549,0,,,,,,,,,,,0.0,,
2026-09-25T23:13:58.951,316.945,0,784.0,32,,97.531,20.0,1.5,1.562,0.881,0.884,-0.309,3740,14.51,12.549,0,,,,,,,,,,,,21.176,
2026-09-25T23:13:59.081,317.075,0,779.5,33,,97.531,20.784,0.0,1.562,0.881,0.886,-0.305,3780,14.51,12.157,0,,,,,,,,,,,,,337
2026-09-25T23:13:59.212,317.205,0,780.0,34,,97.531,20.0,1.0,1.562,0.881,0.889,-0.293,3780,14.51,12.549,0,104,,,,,,,,,,,,
2026-09-25T23:13:59.341,317.335,0,784.25,34,,97.531,21.176,-1.0,2.344,0.881,0.888,-0.297,3790,14.51,12.549,0,,45,,,,,,,,,,,
2026-09-25T23:13:59.471,317.465,0,788.25,34,,97.531,20.784,-2.5,2.344,0.881,0.886,-0.305,3810,14.51,12.157,0,,,4.688,,,,,,,,,,
2026-09-25T23:13:59.601,317.595,0,791.25,33,,97.531,20.392,0.0,1.562,0.881,0.884,-0.309,3820,14.51,12.157,0,,,,14.433,,,,,,,,,
2026-09-25T23:13:59.731,317.725,0,789.0,33,,97.531,20.0,-0.5,1.562,0.881,0.88,-0.32,3800,14.51,12.157,0,,,,,97,,,,,,,,
2026-09-25T23:13:59.862,317.855,0,787.25,33,,97.531,20.0,-1.0,1.562,0.881,0.878,-0.324,3800,14.51,12.157,0,,,,,,21,,,,,,,
2026-09-25T23:13:59.992,317.986,0,786.75,33,,97.531,19.608,2.0,1.562,0.881,0.879,-0.32,3780,14.51,12.549,0,,,,,,,20.0,,,,,,
2026-09-25T23:14:00.121,318.115,0,784.25,33,,97.531,20.392,-0.5,1.562,0.881,0.879,-0.32,3780,14.51,12.549,0,,,,,,,,505.3,,,,,
2026-09-25T23:14:00.252,318.245,0,784.25,34,,97.531,20.784,-1.0,1.562,0.881,0.879,-0.32,3790,14.51,12.157,0,,,,,,,,,0.205,,,,
2026-09-25T23:14:00.381,318.375,0,784.0,34,,97.531,20.784,0.0,1.562,0.881,0.874,-0.336,3790,14.51,12.549,0,,,,,,,,,,,0.0,,
2026-09-25T23:14:00.512,318.505,0,787.75,33,,97.531,20.0,0.0,0.781,0.881,0.871,-0.348,3780,14.51,12.549,0,,,,,,,,,,,,21.176,
2026-09-25T23:14:00.641,318.635,0,789.0,34,,97.531,20.784,-1.5,0.781,0.881,0.872,-0.344,3800,14.51,12.549,0,,,,,,,,,,,,,338
2026-09-25T23:14:00.772,318.765,0,788.75,34,,97.531,20.392,-1.0,1.562,0.881,0.877,-0.328,3790,14.51,12.549,0,104,,,,,,,,,,,,
2026-09-25T23:14:00.902,318.895,0,790.0,33,,97.531,20.0,1.0,1.562,0.881,0.878,-0.324,3780,14.51,12.549,0,,45,,,,,,,,,,,
2026-09-25T23:14:01.031,319.025,0,790.75,33,,97.531,20.392,-1.0,1.562,0.881,0.88,-0.32,3780,14.51,12.549,0,,,4.688,,,,,,,,,,
2026-09-25T23:14:01.161,319.155,0,790.0,33,,97.531,20.392,0.0,1.562,0.881,0.883,-0.312,3770,14.51,12.549,0,,,,14.433,,,,,,,,,
2026-09-25T23:14:01.292,319.285,0,791.5,34,,97.531,20.392,-0.5,1.562,0.881,0.883,-0.309,3770,14.51,12.549,0,,,,,97,,,,,,,,
2026-09-25T23:14:01.422,319.415,0,791.0,34,,97.531,20.392,-0.5,1.562,0.881,0.884,-0.309,3790,14.51,12.549,0,,,,,,21,,,,,,,
2026-09-25T23:14:01.551,319.545,0,792.5,34,,97.531,20.392,-1.0,1.562,0.881,0.883,-0.312,3790,14.51,12.549,0,,,,,,,20.0,,,,,,
2026-09-25T23:14:01.681,319.675,0,792.5,34,,97.531,20.392,-2.0,1.562,0.881,0.88,-0.32,3790,14.51,12.549,0,,,,,,,,503.1,,,,,
2026-09-25T23:14:01.811,319.805,0,795.75,34,,97.531,20.392,-1.0,1.562,0.881,0.878,-0.328,3780,14.51,12.549,0,,,,,,,,,0.215,,,,
2026-09-25T23:14:01.941,319.935,0,793.25,34,,97.531,20.392,-1.0,1.562,0.881,0.878,-0.324,3790,14.51,12.549,0,,,,,,,,,,,0.0,,
2026-09-25T23:14:02.071,320.065,0,791.5,34,,97.531,20.392,-0.5,1.562,0.881,0.879,-0.324,3790,14.51,12.549,0,,,,,,,,,,,,21.176,
2026-09-25T23:14:02.201,320.195,0,789.5,34,,97.531,20.392,0.5,1.562,0.881,0.881,-0.316,3800,14.51,12.549,0,,,,,,,,,,,,,340
2026-09-25T23:14:02.331,320.325,0,789.75,34,,97.531,20.392,0.5,1.562,0.881,0.883,-0.309,3820,14.51,12.549,0,104,,,,,,,,,,,,
2026-09-25T23:14:02.461,320.455,0,789.75,34,,97.531,20.784,-0.5,1.562,0.881,0.883,-0.312,3830,14.51,12.549,0,,45,,,,,,,,,,,
2026-09-25T23:14:02.592,320.585,0,792.0,34,,97.531,20.784,-1.0,1.562,0.881,0.882,-0.312,3830,14.51,12.549,0,,,4.688,,,,,,,,,,
2026-09-25T23:14:02.722,320.715,0,794.5,34,,97.531,20.392,-1.0,1.562,0.881,0.881,-0.316,3840,14.51,12.549,0,,,,14.394,,,,,,,,,
2026-09-25T23:14:02.852,320.845,0,794.25,34,,97.531,20.784,-1.0,1.562,0.881,0.88,-0.32,3850,14.51,12.549,0,,,,,97,,,,,,,,
2026-09-25T23:14:02.981,320.975,0,792.25,34,,97.531,20.784,-1.5,1.562,0.881,0.88,-0.316,3850,14.51,12.549,0,,,,,,21,,,,,,,
2026-09-25T23:14:03.111,321.105,0,790.75,34,,97.531,20.784,-1.0,1.562,0.881,0.884,-0.309,3840,14.51,12.549,0,,,,,,,20.0,,,,,,
2026-09-25T23:14:03.242,321.235,0,789.0,34,,97.531,20.784,0.0,1.562,0.881,0.884,-0.309,3850,14.51,12.549,0,,,,,,,,500.8,,,,,
2026-09-25T23:14:03.371,321.365,0,786.0,34,,97.531,20.784,0.0,1.562,0.881,0.883,-0.312,3850,14.51,12.549,0,,,,,,,,,0.235,,,,
2026-09-25T23:14:03.501,321.495,0,786.75,34,,97.531,20.784,-1.0,1.562,0.881,0.881,-0.316,3860,14.51,12.549,0,,,,,,,,,,,0.0,,
2026-09-25T23:14:03.631,321.625,0,790.75,34,,97.531,20.392,0.5,1.562,0.881,0.879,-0.32,3850,14.51,12.549,0,,,,,,,,,,,,21.569,
2026-09-25T23:14:03.761,321.755,0,792.25,34,,97.531,21.176,-2.5,1.562,0.881,0.878,-0.324,3880,14.51,12.549,0,,,,,,,,,,,,,342
2026-09-25T23:14:03.891,321.885,0,788.5,34,,97.531,21.176,-2.0,1.562,0.881,0.878,-0.324,3890,14.51,12.549,0,104,,,,,,,,,,,,
2026-09-25T23:14:04.021,322.015,0,789.75,34,,97.531,21.176,-0.5,1.562,0.881,0.876,-0.332,3890,14.51,12.549,0,,45,,,,,,,,,,,
2026-09-25T23:14:04.152,322.145,0,791.25,34,,97.531,21.176,-2.0,0.781,0.881,0.876,-0.332,3910,14.51,12.549,0,,,4.688,,,,,,,,,,
2026-09-25T23:14:04.281,322.275,0,790.75,34,,97.531,21.176,-2.0,1.562,0.881,0.876,-0.332,3910,14.51,12.549,0,,,,14.335,,,,,,,,,
2026-09-25T23:14:04.412,322.405,0,787.75,34,,97.531,21.176,-1.0,0.781,0.881,0.876,-0.332,3910,14.51,12.549,0,,,,,97,,,,,,,,
2026-09-25T23:14:04.541,322.535,0,792.0,34,,97.531,21.176,-0.5,0.781,0.881,0.878,-0.324,3900,14.51,12.549,0,,,,,,21,,,,,,,
2026-09-25T23:14:04.671,322.665,0,791.0,34,,97.531,21.176,-1.0,1.562,0.881,0.879,-0.32,3890,14.51,12.549,0,,,,,,,20.0,,,,,,
2026-09-25T23:14:04.801,322.795,0,790.5,34,,97.531,21.176,-1.0,1.562,0.881,0.88,-0.32,3880,14.51,12.549,0,,,,,,,,498.4,,,,,
2026-09-25T23:14:04.931,322.925,0,789.0,34,,97.531,21.176,-0.5,1.562,0.881,0.88,-0.32,3870,14.51,12.549,0,,,,,,,,,0.25,,,,
2026-09-25T23:14:05.062,323.055,0,790.5,34,,97.531,21.176,-0.5,1.562,0.881,0.879,-0.32,3880,14.51,12.549,0,,,,,,,,,,,0.0,,
2026-09-25T23:14:05.192,323.186,0,788.25,34,,97.531,21.176,0.0,1.562,0.881,0.879,-0.32,3880,14.51,12.549,0,,,,,,,,,,,,21.961,
2026-09-25T23:14:05.321,323.315,0,789.0,34,,97.531,21.176,-0.5,1.562,0.881,0.878,-0.324,3900,14.51,12.549,0,,,,,,,,,,,,,343
2026-09-25T23:14:05.451,323.445,0,789.25,34,,97.531,21.176,0.5,0.781,0.881,0.877,-0.328,3900,14.51,12.549,0,105,,,,,,,,,,,,
2026-09-25T23:14:05.581,323.575,0,789.75,34,,97.531,21.176,0.0,0.781,0.881,0.875,-0.332,3910,14.51,12.549,0,,45,,,,,,,,,,,
2026-09-25T23:14:05.711,323.705,0,790.25,34,,97.531,21.176,0.0,0.781,0.881,0.873,-0.34,3930,14.51,12.549,0,,,4.688,,,,,,,,,,
2026-09-25T23:14:05.841,323.835,0,790.5,34,,97.531,21.176,-1.0,0.781,0.881,0.876,-0.332,3960,14.51,12.549,0,,,,14.394,,,,,,,,,
2026-09-25T23:14:05.972,323.965,0,794.75,34,,97.531,21.176,-0.5,0.781,0.881,0.878,-0.328,3970,14.51,12.549,0,,,,,97,,,,,,,,
2026-09-25T23:14:06.102,324.096,0,790.25,34,,97.531,21.176,-1.0,0.781,0.881,0.88,-0.32,3980,14.51,12.549,0,,,,,,21,,,,,,,
2026-09-25T23:14:06.231,324.225,0,791.5,34,,97.531,21.176,-1.0,0.781,0.881,0.882,-0.316,3990,14.51,12.549,0,,,,,,,20.0,,,,,,
2026-09-25T23:14:06.361,324.355,0,791.5,34,,97.531,21.176,-0.5,1.562,0.881,0.884,-0.309,3980,14.51,12.549,0,,,,,,,,496.3,,,,,
2026-09-25T23:14:06.491,324.485,0,792.25,34,,97.531,21.176,-1.0,0.781,0.881,0.882,-0.312,3980,14.51,12.549,0,,,,,,,,,0.44,,,,
2026-09-25T23:14:06.621,324.615,0,791.75,34,,97.531,21.176,-1.0,0.781,0.881,0.88,-0.32,3990,14.51,12.549,0,,,,,,,,,,,0.0,,
2026-09-25T23:14:06.751,324.745,0,793.75,34,,97.531,21.569,-2.5,0.781,0.881,0.877,-0.328,4020,14.51,12.549,0,,,,,,,,,,,,22.353,
2026-09-25T23:14:06.882,324.875,0,792.5,35,,97.531,21.569,-2.5,0.781,0.881,0.878,-0.324,4070,14.51,12.549,0,,,,,,,,,,,,,345
2026-09-25T23:14:07.011,325.005,0,793.5,35,,97.531,21.569,-2.5,0.781,0.881,0.879,-0.32,4080,14.51,12.549,0,105,,,,,,,,,,,,
2026-09-25T23:14:07.141,325.135,0,790.5,35,,97.531,21.176,0.5,0.781,0.887,0.879,-0.324,4080,14.51,12.549,0,,45,,,,,,,,,,,
2026-09-25T23:14:07.271,325.265,0,791.25,35,,97.531,21.176,0.5,1.562,0.872,0.881,-0.316,4080,14.51,12.549,0,,,4.688,,,,,,,,,,
2026-09-25T23:14:07.401,325.395,0,791.75,36,,97.531,22.353,-2.5,1.562,0.88,0.894,-0.281,4270,14.51,12.549,0,,,,14.316,,,,,,,,,
2026-09-25T23:14:07.531,325.525,0,791.25,36,,97.531,21.961,-1.0,0.781,0.915,0.915,-0.223,4360,14.51,12.549,0,,,,,97,,,,,,,,
2026-09-25T23:14:07.661,325.655,0,793.25,35,,97.531,22.353,-2.5,0.781,0.944,0.943,-0.156,4400,14.51,12.549,0,,,,,,21,,,,,,,
2026-09-25T23:14:07.792,325.785,0,793.75,36,,97.531,22.353,-4.0,0.781,0.969,0.963,-0.113,4510,14.51,12.549,0,,,,,,,20.0,,,,,,
2026-09-25T23:14:07.921,325.915,0,792.25,36,,97.531,22.353,-2.5,0.781,0.982,0.975,-0.086,4540,14.51,12.549,0,,,,,,,,494.3,,,,,
2026-09-25T23:14:08.051,326.045,0,792.25,36,,97.531,21.961,-2.0,0.781,0.991,0.979,-0.074,4500,14.51,12.549,0,,,,,,,,,0.865,,,,
2026-09-25T23:14:08.182,326.175,0,794.75,35,,97.531,21.961,-1.5,0.0,0.995,0.981,-0.066,4460,14.51,12.549,0,,,,,,,,,,,0.0,,
2026-09-25T23:14:08.311,326.305,0,793.25,36,,97.531,22.353,-2.5,0.0,0.999,0.983,-0.062,4500,14.51,12.549,0,,,,,,,,,,,,23.137,
2026-09-25T23:14:08.441,326.435,0,792.75,36,,97.531,22.353,-3.0,0.0,1.001,0.985,-0.059,4530,14.51,12.549,0,,,,,,,,,,,,,346
2026-09-25T23:14:08.571,326.565,0,792.75,36,,97.531,22.353,-3.0,0.0,1.002,0.988,-0.051,4540,14.51,12.549,0,105,,,,,,,,,,,,
2026-09-25T23:14:08.701,326.695,0,795.5,36,,97.531,22.353,-3.0,0.0,1.002,0.99,-0.047,4550,14.51,12.549,0,,46,,,,,,,,,,,
2026-09-25T23:14:08.831,326.825,0,798.0,36,,97.531,22.353,-3.5,0.0,1.002,0.991,-0.043,4560,14.51,12.549,0,,,4.688,,,,,,,,,,
2026-09-25T23:14:08.961,326.955,0,794.5,36,,97.531,22.353,-3.5,0.0,1.004,0.991,-0.043,4540,14.51,12.549,0,,,,14.433,,,,,,,,,
2026-09-25T23:14:09.091,327.085,0,796.25,36,,97.531,22.353,-2.5,0.0,1.006,0.991,-0.043,4550,14.51,12.549,0,,,,,97,,,,,,,,
2026-09-25T23:14:09.221,327.215,0,792.75,36,,97.531,22.353,-2.5,0.0,1.007,0.992,-0.043,4530,14.51,12.549,0,,,,,,21,,,,,,,
2026-09-25T23:14:09.352,327.345,0,792.75,36,,97.531,22.353,-2.5,0.0,1.008,0.993,-0.039,4520,14.51,12.549,0,,,,,,,20.0,,,,,,
2026-09-25T23:14:09.481,327.475,0,791.5,36,,97.531,22.353,-2.5,0.0,1.008,0.994,-0.035,4510,14.51,12.549,0,,,,,,,,492.9,,,,,
2026-09-25T23:14:09.611,327.605,0,795.5,36,,97.531,22.353,-2.5,0.0,1.007,0.995,-0.031,4520,14.51,12.549,0,,,,,,,,,0.87,,,,
2026-09-25T23:14:09.741,327.734,0,794.75,36,,97.531,22.353,-2.5,0.0,1.007,0.995,-0.031,4530,14.51,12.549,0,,,,,,,,,,,0.0,,
2026-09-25T23:14:09.871,327.865,0,792.5,36,,97.531,22.353,-3.0,0.0,1.007,0.995,-0.031,4530,14.51,12.549,0,,,,,,,,,,,,23.529,
2026-09-25T23:14:10.001,327.995,0,789.5,36,,97.531,22.745,-3.0,0.0,1.007,0.996,-0.031,4590,14.51,12.549,0,,,,,,,,,,,,,348
2026-09-25T23:14:10.132,328.125,0,792.5,36,,97.531,22.353,-1.0,0.0,1.006,0.995,-0.031,4560,14.51,12.549,0,105,,,,,,,,,,,,
2026-09-25T23:14:10.262,328.255,0,791.75,36,,97.531,22.353,-3.0,-0.781,1.006,0.992,-0.039,4570,14.51,12.549,0,,46,,,,,,,,,,,
2026-09-25T23:14:10.392,328.385,0,795.5,36,,97.531,22.353,-3.5,-0.781,1.006,0.989,-0.047,4550,14.51,12.549,0,,,4.688,,,,,,,,,,
2026-09-25T23:14:10.521,328.514,0,796.5,36,,97.531,22.353,-2.5,-0.781,1.006,0.988,-0.051,4590,14.51,12.549,0,,,,14.414,,,,,,,,,
2026-09-25T23:14:10.651,328.645,0,796.75,36,,97.531,22.745,-4.0,-0.781,1.005,0.987,-0.051,4640,14.51,12.549,0,,,,,97,,,,,,,,
2026-09-25T23:14:10.781,328.775,0,797.0,36,,97.531,22.745,-4.5,-1.562,1.005,0.985,-0.059,4670,14.51,12.549,0,,,,,,21,,,,,,,
2026-09-25T23:14:10.911,328.905,0,796.0,37,,97.531,22.745,-4.0,-1.562,1.005,0.984,-0.062,4740,14.51,12.549,0,,,,,,,20.0,,,,,,
2026-09-25T23:14:11.041,329.034,0,797.5,36,,97.531,23.137,-4.0,-1.562,1.004,0.985,-0.059,4740,14.51,12.549,0,,,,,,,,491.5,,,,,
2026-09-25T23:14:11.171,329.165,0,797.0,37,,97.531,23.137,-4.5,-1.562,1.004,0.984,-0.059,4800,14.51,12.549,0,,,,,,,,,0.885,,,,
2026-09-25T23:14:11.301,329.295,0,792.75,37,,97.531,22.745,-4.0,-1.562,1.004,0.984,-0.059,4840,14.51,12.549,0,,,,,,,,,,,0.0,,
2026-09-25T23:14:11.432,329.425,0,793.0,37,,97.531,23.137,-2.5,-1.562,1.004,0.985,-0.059,4840,14.51,12.549,0,,,,,,,,,,,,23.922,
2026-09-25T23:14:11.561,329.555,0,796.5,37,,97.531,22.745,-2.5,-2.344,1.004,0.983,-0.062,4810,14.51,12.549,0,,,,,,,,,,,,,349
2026-09-25T23:14:11.691,329.685,0,788.75,37,,97.531,23.137,-3.0,-2.344,1.003,0.984,-0.062,4810,14.51,12.549,0,106,,,,,,,,,,,,
2026-09-25T23:14:11.821,329.815,0,793.25,37,,97.531,23.529,-4.0,-2.344,1.003,0.985,-0.059,4900,14.51,12.549,0,,46,,,,,,,,,,,
2026-09-25T23:14:11.951,329.945,0,801.0,38,,97.531,23.529,-4.5,-2.344,1.003,0.987,-0.055,4960,14.51,12.549,0,,,4.688,,,,,,,,,,
2026-09-25T23:14:12.081,330.074,0,801.0,38,,97.531,23.529,-5.5,-2.344,1.003,0.988,-0.051,5060,14.51,12.549,0,,,,14.277,,,,,,,,,
2026-09-25T23:14:12.211,330.205,0,798.0,38,,97.531,23.922,-5.5,-2.344,1.003,0.986,-0.055,5130,14.51,12.549,0,,,,,97,,,,,,,,
2026-09-25T23:14:12.341,330.334,0,790.0,38,,97.531,23.529,-3.0,-2.344,1.003,0.987,-0.051,5180,14.51,12.549,0,,,,,,21,,,,,,,
2026-09-25T23:14:12.471,330.465,0,797.25,38,,97.531,23.529,-4.0,-2.344,1.003,0.987,-0.055,5180,14.51,12.549,0,,,,,,,20.0,,,,,,
2026-09-25T23:14:12.601,330.595,0,795.5,38,,97.531,23.529,-1.0,-3.125,1.003,0.988,-0.051,5130,14.51,13.725,0,,,,,,,,490.1,,,,,
2026-09-25T23:14:12.731,330.725,0,803.0,38,,97.531,23.529,9.5,-3.125,1.003,0.988,-0.051,5230,14.51,14.118,0,,,,,,,,,0.875,,,,
2026-09-25T23:14:12.861,330.855,0,842.75,51,,97.531,32.157,-4.0,-3.125,1.003,0.992,-0.039,5620,14.51,13.725,0,,,,,,,,,,,0.0,,
2026-09-25T23:14:13.001,330.995,0,903.25,49,,97.5,31.373,-7.5,-3.125,1.003,0.989,-0.047,6210,17.647,13.725,0,,,,,,,,,,,,33.333,
2026-09-25T23:14:13.131,331.125,0,915.75,48,,97.531,30.588,-1.0,-3.125,1.003,0.981,-0.066,6890,23.922,14.902,0,,,,,,,,,,,,,351
2026-09-25T23:14:13.261,331.255,0,869.5,54,,97.375,37.647,6.5,-3.906,1.003,0.969,-0.098,7580,25.49,16.078,0,106,,,,,,,,,,,,
2026-09-25T23:14:13.391,331.385,0,847.0,61,,97.25,43.137,7.0,-4.688,1.003,0.969,-0.098,8120,26.275,19.216,1,,46,,,,,,,,,,,
2026-09-25T23:14:13.522,331.515,0,888.75,72,,97.125,53.725,0.5,-4.688,1.003,0.989,-0.047,8620,27.059,18.431,2,,,1.562,,,,,,,,,,
2026-09-25T23:14:13.652,331.645,0,1045.75,82,,97.438,46.667,-3.5,-3.906,1.004,1.013,-0.008,9180,27.451,16.078,2,,,,14.316,,,,,,,,,
2026-09-25T23:14:13.781,331.775,0,1185.0,70,,97.844,35.294,11.0,-3.906,1.004,1.0,-0.02,10120,27.843,16.471,3,,,,,97,,,,,,,,
2026-09-25T23:14:13.911,331.905,0,1163.25,66,,97.906,32.549,11.0,-3.906,1.003,0.99,-0.043,10750,30.196,18.431,3,,,,,,21,,,,,,,
2026-09-25T23:14:14.042,332.035,0,1132.0,67,,97.875,42.745,10.0,-3.906,1.002,0.991,-0.043,11270,30.98,19.608,4,,,,,,,20.0,,,,,,
2026-09-25T23:14:14.171,332.165,0,1158.25,80,,98.031,43.529,9.5,-3.906,1.002,0.998,-0.023,12050,31.373,21.176,5,,,,,,,,487.0,,,,,
2026-09-25T23:14:14.302,332.295,0,1203.25,85,,98.188,44.706,10.0,-3.906,1.002,1.013,-0.008,12820,31.373,20.784,6,,,,,,,,,0.88,,,,
2026-09-25T23:14:14.432,332.425,0,1237.0,85,,98.5,41.569,11.0,-3.125,1.002,1.013,-0.008,12980,31.373,20.784,7,,,,,,,,,,,0.0,,
2026-09-25T23:14:14.562,332.555,0,1275.75,83,,99.312,39.216,11.0,-3.125,1.002,1.022,0.0,13660,31.373,20.784,8,,,,,,,,,,,,56.471,
2026-09-25T23:14:14.691,332.685,0,1302.5,83,,99.594,37.647,11.0,-2.344,1.002,1.007,-0.012,14770,31.373,21.176,8,,,,,,,,,,,,,353
2026-09-25T23:14:14.822,332.815,0,1331.25,85,,99.906,37.255,11.5,-3.125,1.002,1.003,-0.016,15110,31.373,21.176,9,106,,,,,,,,,,,,
2026-09-25T23:14:14.952,332.945,0,1351.25,86,,100.75,36.078,11.5,-2.344,1.002,1.025,0.004,15560,30.98,20.0,10,,45,,,,,,,,,,,
2026-09-25T23:14:15.082,333.075,0,1376.5,84,,101.375,33.725,12.5,-1.562,1.002,1.027,0.008,15600,30.588,19.216,11,,,1.562,,,,,,,,,,
2026-09-25T23:14:15.211,333.205,0,1435.5,81,,101.719,31.765,14.0,-1.562,1.002,1.009,-0.012,15760,30.588,20.784,12,,,,14.375,,,,,,,,,
2026-09-25T23:14:15.342,333.335,0,1476.25,81,,101.844,29.02,14.0,-3.125,1.002,0.99,-0.047,15100,30.588,20.392,13,,,,,97,,,,,,,,
2026-09-25T23:14:15.471,333.465,0,1531.0,82,,102.469,27.451,14.0,-2.344,1.002,1.011,-0.008,15080,30.588,20.784,13,,,,,,21,,,,,,,
2026-09-25T23:14:15.601,333.595,0,1576.5,81,,102.781,25.882,15.0,-2.344,1.002,1.001,-0.02,15170,30.588,21.569,14,,,,,,,20.0,,,,,,
2026-09-25T23:14:15.732,333.725,0,1679.0,83,,103.0,24.314,15.5,-2.344,1.002,0.997,-0.027,14970,30.588,21.961,14,,,,,,,,482.6,,,,,
2026-09-25T23:14:15.862,333.856,0,1704.75,85,,103.719,23.529,15.5,-2.344,1.002,1.012,-0.008,14930,30.588,21.569,15,,,,,,,,,0.855,,,,
2026-09-25T23:14:15.991,333.985,0,1735.25,84,,104.125,22.745,-11.0,-1.562,1.002,1.014,-0.008,14920,30.588,20.784,15,,,,,,,,,,,0.0,,
2026-09-25T23:14:16.122,334.115,0,1472.5,86,,105.0,24.314,-5.5,-1.562,1.002,1.018,-0.004,15280,30.588,19.216,15,,,,,,,,,,,,53.333,
2026-09-25T23:14:16.251,334.245,0,1365.0,85,,106.25,33.333,-2.0,0.0,1.002,1.031,0.012,15410,30.588,18.039,16,,,,,,,,,,,,,354
2026-09-25T23:14:16.381,334.375,0,1345.75,79,,106.312,32.941,2.0,-0.781,1.006,0.999,-0.023,15380,30.588,18.431,17,105,,,,,,,,,,,,
2026-09-25T23:14:16.511,334.505,0,1315.5,79,,106.219,33.333,6.0,-2.344,1.008,0.979,-0.074,15300,30.196,17.647,17,,44,,,,,,,,,,,
2026-09-25T23:14:16.641,334.635,0,1295.5,80,,105.906,32.941,12.5,-3.125,1.009,0.98,-0.07,15170,27.451,16.078,18,,,2.344,,,,,,,,,,
2026-09-25T23:14:16.772,334.765,0,1289.5,69,,105.594,29.804,12.5,-3.125,1.009,0.98,-0.07,14830,23.922,14.118,17,,,,14.316,,,,,,,,,
2026-09-25T23:14:16.901,334.895,0,1304.5,60,,105.312,25.49,13.5,-4.688,1.009,0.952,-0.137,14150,23.922,13.725,18,,,,,97,,,,,,,,
2026-09-25T23:14:17.032,335.025,0,1324.75,51,,104.875,22.745,14.0,-7.031,1.009,0.925,-0.199,13630,23.529,14.118,18,,,,,,21,,,,,,,
2026-09-25T23:14:17.171,335.165,0,1349.0,43,,103.594,18.431,14.0,-9.375,1.009,0.924,-0.203,13140,23.529,14.118,18,,,,,,,20.0,,,,,,
2026-09-25T23:14:17.301,335.295,0,1363.25,41,,102.875,17.255,14.0,-10.938,1.009,0.915,-0.227,12640,23.922,14.118,18,,,,,,,,481.0,,,,,
2026-09-25T23:14:17.431,335.425,0,1367.75,39,,103.062,16.863,14.0,-13.281,1.009,0.886,-0.305,12130,22.353,13.333,19,,,,,,,,,0.835,,,,
2026-09-25T23:14:17.562,335.555,0,1364.5,37,,102.188,15.294,15.5,-17.188,1.009,0.864,-0.367,11710,16.471,12.549,18,,,,,,,,,,,0.0,,
2026-09-25T23:14:17.692,335.685,0,1339.0,29,,102.094,0.0,20.0,-19.531,1.009,0.842,-0.441,11370,14.51,12.157,18,,,,,,,,,,,,15.294,
2026-09-25T23:14:17.822,335.815,0,1327.5,25,,100.656,0.0,27.5,-18.75,1.009,0.912,-0.23,11110,14.51,12.157,18,,,,,,,,,,,,,356
2026-09-25T23:14:17.951,335.945,0,1322.5,23,,100.5,0.0,29.0,-14.062,1.01,1.018,-0.004,10790,14.51,12.549,18,104,,,,,,,,,,,,
2026-09-25T23:14:18.082,336.075,0,1348.0,22,,100.312,0.0,29.5,-10.156,1.012,1.095,0.082,10440,14.51,12.157,18,,43,,,,,,,,,,,
2026-09-25T23:14:18.211,336.205,0,1302.25,22,,100.75,0.0,21.5,-9.375,1.014,1.106,0.098,10120,14.51,12.157,18,,,6.25,,,,,,,,,,
2026-09-25T23:14:18.341,336.335,0,1312.5,22,,99.438,0.0,14.5,-8.594,1.015,1.112,0.102,9820,14.51,12.549,18,,,,14.414,,,,,,,,,
2026-09-25T23:14:18.471,336.465,0,1274.25,22,,99.344,0.0,8.5,-7.812,1.015,1.113,0.102,9480,14.51,12.157,17,,,,,97,,,,,,,,
2026-09-25T23:14:18.602,336.595,0,1286.5,22,,99.969,0.0,5.0,-7.031,1.016,1.12,0.109,9220,14.51,12.157,17,,,,,,21,,,,,,,
2026-09-25T23:14:18.732,336.725,0,1241.0,22,,99.469,0.0,-1.5,-5.469,1.016,1.172,0.164,8890,14.51,12.157,17,,,,,,,20.0,,,,,,
2026-09-25T23:14:18.862,336.855,0,1239.25,21,,99.469,0.0,-4.0,0.0,1.018,1.168,0.16,8640,14.51,12.157,17,,,,,,,,482.2,,,,,
2026-09-25T23:14:18.992,336.985,0,1212.0,21,,99.156,0.0,-6.0,0.0,1.017,1.182,0.176,8540,14.51,12.157,17,,,,,,,,,0.87,,,,
2026-09-25T23:14:19.121,337.115,0,1196.5,22,,99.156,0.0,-6.0,0.0,1.013,1.222,0.215,8730,14.51,12.157,16,,,,,,,,,,,0.0,,
2026-09-25T23:14:19.251,337.245,0,1171.25,22,,98.906,0.0,-6.5,0.0,1.004,1.461,0.41,8750,14.51,12.157,16,,,,,,,,,,,,13.333,
2026-09-25T23:14:19.382,337.375,0,1148.5,24,,98.812,0.0,-7.0,0.0,1.001,1.947,0.656,8870,14.51,12.157,15,,,,,,,,,,,,,357
2026-09-25T23:14:19.512,337.505,0,1121.5,24,,98.812,0.0,-7.5,0.0,1.015,2.0,0.816,8950,14.51,12.157,15,104,,,,,,,,,,,,
2026-09-25T23:14:19.641,337.635,0,1097.5,24,,98.781,11.765,-7.5,0.0,1.097,2.0,0.93,8880,14.51,12.157,15,,43,,,,,,,,,,,
2026-09-25T23:14:19.771,337.765,0,1085.25,25,,98.656,12.157,-6.0,0.0,1.105,2.0,0.934,8710,14.51,11.765,15,,,6.25,,,,,,,,,,
2026-09-25T23:14:19.902,337.895,0,1077.25,24,,98.594,12.157,-6.5,0.0,1.07,2.0,0.809,8470,14.51,11.765,14,,,,14.375,,,,,,,,,
2026-09-25T23:14:20.032,338.025,0,1076.75,23,,98.5,11.373,-6.0,0.0,1.052,2.0,0.699,8100,14.51,11.765,14,,,,,97,,,,,,,,
2026-09-25T23:14:20.161,338.155,0,1036.5,22,,98.5,11.373,-5.0,0.0,1.026,1.33,0.312,7870,14.51,11.765,14,,,,,,21,,,,,,,
2026-09-25T23:14:20.292,338.285,0,1042.0,22,,98.469,11.373,-4.0,0.0,0.984,1.055,0.039,7550,14.51,11.765,14,,,,,,,20.0,,,,,,
2026-09-25T23:14:20.421,338.415,0,1021.75,22,,98.469,11.765,-3.5,0.0,0.961,0.943,-0.156,7240,14.51,11.765,14,,,,,,,,483.3,,,,,
2026-09-25T23:14:20.552,338.545,0,1004.75,23,,98.188,12.157,2.0,0.0,0.926,0.917,-0.219,6980,14.51,11.765,14,,,,,,,,,0.895,,,,
2026-09-25T23:14:20.682,338.675,0,1005.75,22,,98.219,11.373,9.5,0.0,0.921,0.913,-0.23,6660,14.51,12.549,13,,,,,,,,,,,0.0,,
2026-09-25T23:14:20.811,338.805,0,978.25,23,,98.188,12.941,9.0,0.0,0.942,0.942,-0.16,6340,14.51,12.549,13,,,,,,,,,,,,16.078,
2026-09-25T23:14:20.942,338.936,0,981.0,26,,98.188,14.51,7.0,0.0,0.963,0.95,-0.141,6010,14.51,12.157,13,,,,,,,,,,,,,359
2026-09-25T23:14:21.071,339.065,0,968.25,27,,98.125,14.902,7.5,-0.781,0.981,0.956,-0.129,5710,14.51,12.549,13,104,,,,,,,,,,,,
2026-09-25T23:14:21.201,339.195,0,953.0,28,,98.062,16.078,3.5,-0.781,0.989,0.971,-0.094,5260,14.51,12.549,12,,44,,,,,,,,,,,
2026-09-25T23:14:21.332,339.325,0,942.5,29,,98.031,16.863,4.0,-0.781,0.995,0.983,-0.062,4920,14.51,12.549,12,,,5.469,,,,,,,,,,
2026-09-25T23:14:21.461,339.455,0,916.5,30,,97.875,18.039,3.0,-0.781,0.997,0.979,-0.074,4580,14.51,12.549,12,,,,14.394,,,,,,,,,
2026-09-25T23:14:21.592,339.586,0,889.25,31,,97.875,18.824,0.5,-1.562,0.999,0.979,-0.074,4330,14.51,12.941,12,,,,,97,,,,,,,,
2026-09-25T23:14:21.721,339.715,0,876.25,33,,97.875,20.392,-1.0,-1.562,1.0,0.985,-0.059,4000,14.51,13.333,12,,,,,,21,,,,,,,
2026-09-25T23:14:21.852,339.845,0,863.5,34,,97.875,22.353,-2.5,-0.781,1.0,0.991,-0.043,3800,14.51,13.333,11,,,,,,,20.0,,,,,,
2026-09-25T23:14:21.982,339.975,0,852.25,35,,97.844,22.353,-2.0,-0.781,1.001,0.998,-0.023,3930,14.51,12.941,11,,,,,,,,483.5,,,,,
2026-09-25T23:14:22.111,340.105,0,841.5,36,,97.875,22.745,-3.5,-0.781,1.0,1.013,-0.008,4190,14.51,12.941,10,,,,,,,,,0.885,,,,
2026-09-25T23:14:22.241,340.235,0,836.5,37,,97.812,23.137,-4.0,0.0,1.0,1.017,-0.004,4490,14.51,12.941,10,,,,,,,,,,,0.0,,
2026-09-25T23:14:22.372,340.365,0,841.0,37,,97.75,22.745,-6.0,0.0,1.0,1.016,-0.004,4610,14.51,12.549,10,,,,,,,,,,,,23.137,
2026-09-25T23:14:22.501,340.495,0,846.75,36,,97.75,21.961,-7.0,0.0,1.0,1.011,-0.008,4650,14.51,12.549,9,,,,,,,,,,,,,360
2026-09-25T23:14:22.631,340.625,0,843.25,35,,97.75,21.176,-3.0,0.0,1.0,1.0,-0.02,4500,14.51,12.941,9,103,,,,,,,,,,,,
2026-09-25T23:14:22.762,340.755,0,841.0,35,,97.656,21.961,-4.0,-0.781,1.0,0.992,-0.043,4350,14.51,12.549,8,,44,,,,,,,,,,,
2026-09-25T23:14:22.892,340.885,0,837.0,35,,97.719,21.176,-4.5,-0.781,1.0,0.987,-0.055,4320,14.51,12.549,8,,,4.688,,,,,,,,,,
2026-09-25T23:14:23.021,341.015,0,842.25,35,,97.781,21.961,-1.0,-0.781,1.0,0.986,-0.055,4370,14.51,13.333,7,,,,14.375,,,,,,,,,
2026-09-25T23:14:23.151,341.145,0,853.75,35,,97.531,24.706,-4.0,-1.562,1.0,0.973,-0.09,4490,14.51,12.941,7,,,,,97,,,,,,,,
2026-09-25T23:14:23.282,341.275,0,875.0,38,,97.562,23.529,-5.5,-2.344,1.0,0.958,-0.121,4890,14.51,12.941,7,,,,,,21,,,,,,,
2026-09-25T23:14:23.411,341.405,0,892.25,37,,97.531,23.137,-6.5,-3.125,1.0,0.949,-0.145,5270,14.51,12.549,7,,,,,,,20.0,,,,,,
2026-09-25T23:14:23.542,341.535,0,892.25,37,,97.562,21.961,-3.5,-4.688,1.0,0.936,-0.176,5390,14.51,12.941,7,,,,,,,,483.3,,,,,
2026-09-25T23:14:23.672,341.665,0,889.25,36,,97.625,21.961,-3.5,-6.25,1.0,0.914,-0.227,5230,14.51,12.941,7,,,,,,,,,0.87,,,,
2026-09-25T23:14:23.801,341.795,0,876.75,37,,97.562,23.137,-4.0,-7.031,1.0,0.915,-0.223,5280,14.51,12.941,7,,,,,,,,,,,0.0,,
2026-09-25T23:14:23.932,341.925,0,866.5,37,,97.531,23.137,-3.5,-7.031,1.0,0.94,-0.164,5370,14.51,12.941,6,,,,,,,,,,,,24.706,
2026-09-25T23:14:24.061,342.055,0,859.0,38,,97.531,24.314,-4.5,-6.25,1.0,0.962,-0.113,5450,14.51,12.549,7,,,,,,,,,,,,,362
2026-09-25T23:14:24.191,342.185,0,856.0,38,,97.531,23.922,-4.0,-5.469,1.0,0.978,-0.078,5610,14.51,12.941,6,103,,,,,,,,,,,,
2026-09-25T23:14:24.321,342.315,0,857.75,37,,97.562,23.529,-4.0,-5.469,1.0,0.982,-0.066,5580,14.51,12.941,6,,45,,,,,,,,,,,
2026-09-25T23:14:24.451,342.445,0,848.25,38,,97.531,23.529,-3.0,-5.469,1.0,0.989,-0.047,5560,14.51,12.941,6,,,4.688,,,,,,,,,,
2026-09-25T23:14:24.582,342.575,0,844.25,38,,97.531,23.922,-2.5,-5.469,1.0,0.989,-0.047,5570,14.51,12.941,6,,,,14.296,,,,,,,,,
2026-09-25T23:14:24.712,342.705,0,842.5,38,,97.531,24.314,-3.0,-5.469,1.0,0.992,-0.039,5620,14.51,12.941,6,,,,,97,,,,,,,,
2026-09-25T23:14:24.841,342.835,0,845.0,38,,97.531,24.314,-2.5,-5.469,1.0,0.993,-0.039,5710,14.51,12.549,5,,,,,,21,,,,,,,
2026-09-25T23:14:24.971,342.965,0,844.75,38,,97.531,23.922,-5.5,-5.469,1.0,0.991,-0.043,5760,14.51,12.549,5,,,,,,,20.0,,,,,,
2026-09-25T23:14:25.102,343.095,0,848.0,37,,97.531,22.745,-4.5,-5.469,1.0,0.992,-0.039,5690,14.51,12.157,5,,,,,,,,483.1,,,,,
2026-09-25T23:14:25.232,343.225,0,846.25,37,,97.531,23.137,-7.5,-5.469,1.0,0.992,-0.039,5440,14.51,12.157,4,,,,,,,,,0.85,,,,
2026-09-25T23:14:25.361,343.355,0,818.75,34,,97.531,21.569,-4.5,-5.469,1.0,0.994,-0.035,5060,14.51,12.549,4,,,,,,,,,,,0.0,,
2026-09-25T23:14:25.492,343.485,0,795.75,35,,97.531,21.961,-3.5,-5.469,1.0,0.988,-0.051,4760,14.51,12.157,3,,,,,,,,,,,,23.137,
2026-09-25T23:14:25.621,343.615,0,779.0,35,,97.531,22.353,0.0,-5.469,1.0,0.986,-0.055,4490,14.51,12.157,3,,,,,,,,,,,,,363
2026-09-25T23:14:25.751,343.745,0,783.75,37,,97.531,21.961,-2.5,-6.25,1.0,0.982,-0.066,4370,14.51,12.157,3,103,,,,,,,,,,,,
2026-09-25T23:14:25.881,343.875,0,792.0,36,,97.531,22.353,-4.0,-6.25,1.0,0.984,-0.059,4310,14.51,12.157,2,,45,,,,,,,,,,,
2026-09-25T23:14:26.011,344.005,0,795.25,35,,97.531,21.961,-2.0,-6.25,1.0,0.986,-0.055,4230,14.51,12.549,2,,,5.469,,,,,,,,,,
2026-09-25T23:14:26.141,344.135,0,795.0,36,,97.531,23.529,-3.5,-6.25,1.0,0.987,-0.051,4230,14.51,12.157,1,,,,14.414,,,,,,,,,
2026-09-25T23:14:26.271,344.265,0,787.75,36,,97.531,21.961,11.0,-6.25,1.0,0.989,-0.047,4390,14.51,14.118,1,,,,,97,,,,,,,,
2026-09-25T23:14:26.401,344.395,0,807.25,40,,97.344,29.804,-1.0,-6.25,1.0,0.99,-0.047,4590,14.51,12.549,1,,,,,,21,,,,,,,
2026-09-25T23:14:26.531,344.525,0,862.25,43,,97.531,27.451,-8.5,-6.25,1.0,0.995,-0.031,5090,14.51,12.549,1,,,,,,,20.0,,,,,,
2026-09-25T23:14:26.661,344.655,0,878.75,39,,97.531,23.922,-7.0,-6.25,1.0,0.998,-0.027,5640,14.51,12.549,0,,,,,,,,482.8,,,,,
2026-09-25T23:14:26.791,344.785,0,882.75,37,,97.531,23.137,-4.0,-6.25,1.0,0.992,-0.039,5780,14.51,12.941,0,,,,,,,,,0.84,,,,
2026-09-25T23:14:26.921,344.915,0,880.5,37,,97.531,23.137,-4.0,-6.25,1.0,0.985,-0.059,5770,14.51,12.941,0,,,,,,,,,,,0.0,,
2026-09-25T23:14:27.051,345.044,0,870.75,38,,97.531,24.314,-5.0,-6.25,1.0,0.991,-0.043,5810,14.51,12.549,0,,,,,,,,,,,,25.49,
2026-09-25T23:14:27.181,345.175,0,862.75,38,,97.531,23.922,-4.5,-6.25,1.0,0.998,-0.023,5970,14.51,12.941,0,,,,,,,,,,,,,365
2026-09-25T23:14:27.311,345.304,0,853.25,39,,97.531,25.49,-4.0,-6.25,1.0,1.008,-0.012,6080,14.51,12.941,0,103,,,,,,,,,,,,
2026-09-25T23:14:27.441,345.434,0,850.0,39,,97.531,24.706,-8.0,-5.469,1.0,1.016,-0.004,6110,14.51,12.157,0,,45,,,,,,,,,,,
2026-09-25T23:14:27.572,345.565,0,833.5,38,,97.531,23.137,-2.0,-4.688,1.0,1.021,0.0,6030,14.51,12.549,0,,,5.469,,,,,,,,,,
2026-09-25T23:14:27.701,345.694,0,825.25,37,,97.531,23.137,-2.5,-4.688,1.0,1.016,-0.004,5810,14.51,12.157,0,,,,14.375,,,,,,,,,
2026-09-25T23:14:27.832,345.825,0,818.25,37,,97.531,23.529,-2.5,-5.469,1.0,1.007,-0.012,5400,14.51,12.157,0,,,,,97,,,,,,,,
2026-09-25T23:14:27.961,345.955,0,806.0,36,,97.531,22.353,-2.0,-5.469,1.0,0.999,-0.023,5100,14.51,12.157,0,,,,,,21,,,,,,,
2026-09-25T23:14:28.091,346.085,0,794.75,36,,97.531,22.745,-2.0,-5.469,1.0,0.999,-0.023,4730,14.51,12.157,0,,,,,,,20.0,,,,,,
2026-09-25T23:14:28.221,346.215,0,783.75,36,,97.531,22.745,1.5,-5.469,1.0,0.996,-0.027,4510,14.51,12.549,0,,,,,,,,482.5,,,,,
2026-09-25T23:14:28.352,346.345,0,777.25,36,,97.531,23.922,-2.0,-5.469,1.0,0.997,-0.027,4460,14.51,12.157,0,,,,,,,,,0.83,,,,
2026-09-25T23:14:28.481,346.475,0,773.25,38,,97.531,23.529,-0.5,-5.469,1.0,0.999,-0.023,4540,14.51,12.157,0,,,,,,,,,,,0.0,,
2026-09-25T23:14:28.611,346.604,0,778.25,38,,97.531,24.706,-3.0,-5.469,1.0,1.0,-0.02,4720,14.51,12.157,0,,,,,,,,,,,,24.314,
2026-09-25T23:14:28.742,346.735,0,782.0,38,,97.531,23.137,-2.0,-5.469,1.0,0.999,-0.023,4910,14.51,12.157,0,,,,,,,,,,,,,367
2026-09-25T23:14:28.871,346.865,0,777.75,37,,97.531,23.529,-2.0,-5.469,1.0,0.997,-0.027,4940,14.51,12.157,0,103,,,,,,,,,,,,
2026-09-25T23:14:29.001,346.994,0,783.0,37,,97.531,23.137,-0.5,-6.25,1.0,0.992,-0.039,4910,14.51,12.157,0,,45,,,,,,,,,,,
2026-09-25T23:14:29.132,347.125,0,782.0,38,,97.531,23.529,-1.5,-6.25,1.0,0.989,-0.047,4890,14.51,12.157,0,,,5.469,,,,,,,,,,
2026-09-25T23:14:29.261,347.255,0,775.0,37,,97.531,23.137,-1.0,-6.25,1.0,0.991,-0.043,4960,14.51,12.549,0,,,,14.394,,,,,,,,,
2026-09-25T23:14:29.392,347.385,0,779.25,38,,97.531,24.706,-3.0,-6.25,1.0,0.992,-0.039,5060,14.51,12.157,0,,,,,97,,,,,,,,
2026-09-25T23:14:29.522,347.515,0,782.0,38,,97.531,23.922,-1.0,-6.25,1.0,0.994,-0.035,5130,14.51,12.157,0,,,,,,21,,,,,,,
2026-09-25T23:14:29.651,347.645,0,775.75,38,,97.531,23.922,-1.0,-6.25,1.0,0.995,-0.031,5080,14.51,12.549,0,,,,,,,20.0,,,,,,
2026-09-25T23:14:29.781,347.774,0,782.25,38,,97.531,23.529,-2.5,-6.25,1.0,0.996,-0.031,5140,14.51,12.157,0,,,,,,,,482.2,,,,,
2026-09-25T23:14:29.912,347.905,0,785.25,38,,97.531,23.922,-2.0,-6.25,1.0,0.994,-0.035,5180,14.51,12.157,0,,,,,,,,,0.82,,,,
2026-09-25T23:14:30.042,348.035,0,781.5,38,,97.531,23.922,-2.5,-6.25,1.0,0.994,-0.035,5180,14.51,12.157,0,,,,,,,,,,,0.0,,
2026-09-25T23:14:30.171,348.164,0,779.25,37,,97.531,23.529,-1.5,-6.25,1.0,0.993,-0.035,5140,14.51,12.157,0,,,,,,,,,,,,23.922,
2026-09-25T23:14:30.301,348.295,0,781.5,37,,97.531,23.137,0.0,-6.25,1.0,0.991,-0.043,5100,14.51,12.549,0,,,,,,,,,,,,,368
2026-09-25T23:14:30.431,348.424,0,781.75,38,,97.531,23.922,-2.5,-6.25,1.0,0.99,-0.047,5120,14.51,12.157,0,103,,,,,,,,,,,,
2026-09-25T23:14:30.561,348.555,0,776.0,38,,97.531,23.922,-2.5,-6.25,1.0,0.994,-0.035,5210,14.51,12.157,0,,45,,,,,,,,,,,
2026-09-25T23:14:30.691,348.685,0,784.75,38,,97.531,23.922,-2.0,-6.25,1.0,0.997,-0.027,5210,14.51,12.157,0,,,5.469,,,,,,,,,,
2026-09-25T23:14:30.821,348.815,0,788.25,38,,97.531,23.529,-2.0,-6.25,1.0,0.996,-0.031,5200,14.51,12.157,0,,,,14.355,,,,,,,,,
2026-09-25T23:14:30.951,348.944,0,784.75,38,,97.531,23.922,-2.5,-6.25,1.0,0.994,-0.035,5180,14.51,12.157,0,,,,,97,,,,,,,,
2026-09-25T23:14:31.081,349.075,0,784.75,38,,97.531,23.529,-2.5,-6.25,1.0,0.994,-0.035,5200,14.51,12.157,0,,,,,,21,,,,,,,
2026-09-25T23:14:31.211,349.205,0,784.5,38,,97.531,23.922,0.0,-6.25,1.0,0.995,-0.035,5190,14.51,12.549,0,,,,,,,20.0,,,,,,
2026-09-25T23:14:31.341,349.335,0,782.5,38,,97.531,24.314,-1.0,-6.25,1.0,0.995,-0.031,5160,14.51,12.157,0,,,,,,,,481.8,,,,,
2026-09-25T23:14:31.472,349.465,0,782.5,38,,97.531,24.314,-2.5,-7.031,1.0,0.989,-0.047,5280,14.51,12.157,0,,,,,,,,,0.815,,,,
2026-09-25T23:14:31.601,349.595,0,786.0,38,,97.531,23.922,-2.0,-7.031,1.0,0.993,-0.039,5350,14.51,12.157,0,,,,,,,,,,,0.0,,
2026-09-25T23:14:31.731,349.724,0,787.0,38,,97.531,23.922,-1.0,-7.031,1.0,0.993,-0.035,5330,14.51,12.549,0,,,,,,,,,,,,24.706,
2026-09-25T23:14:31.862,349.855,0,784.75,38,,97.531,23.922,-2.0,-7.031,1.0,0.994,-0.035,5290,14.51,12.157,0,,,,,,,,,,,,,370
2026-09-25T23:14:31.991,349.985,0,787.5,38,,97.531,23.922,-2.0,-7.031,1.0,0.993,-0.039,5280,14.51,12.157,0,103,,,,,,,,,,,,
2026-09-25T23:14:32.121,350.115,0,789.5,38,,97.531,23.529,-1.5,-7.031,1.0,0.995,-0.035,5210,14.51,12.157,0,,46,,,,,,,,,,,
2026-09-25T23:14:32.252,350.245,0,782.0,38,,97.531,23.922,-1.5,-7.031,1.0,0.993,-0.035,5200,14.51,12.157,0,,,5.469,,,,,,,,,,
2026-09-25T23:14:32.381,350.374,0,784.25,38,,97.531,23.529,-1.5,-7.031,1.0,0.992,-0.039,5170,14.51,12.157,0,,,,14.355,,,,,,,,,
2026-09-25T23:14:32.511,350.505,0,787.75,38,,97.531,24.314,-1.0,-7.031,1.0,0.993,-0.039,5160,14.51,12.549,0,,,,,97,,,,,,,,
2026-09-25T23:14:32.642,350.635,0,785.75,38,,97.531,24.314,-1.5,-7.031,1.0,0.992,-0.039,5200,14.51,12.157,0,,,,,,21,,,,,,,
2026-09-25T23:14:32.771,350.765,0,784.5,38,,97.531,24.314,-3.0,-7.031,1.0,0.996,-0.031,5260,14.51,12.157,0,,,,,,,20.0,,,,,,
2026-09-25T23:14:32.901,350.894,0,788.5,39,,97.531,24.314,-2.0,-7.031,1.0,0.996,-0.031,5330,14.51,12.157,0,,,,,,,,481.5,,,,,
2026-09-25T23:14:33.031,351.024,0,788.75,39,,97.531,24.314,-1.5,-7.031,1.0,0.997,-0.027,5320,14.51,12.157,0,,,,,,,,,0.81,,,,
2026-09-25T23:14:33.161,351.155,0,784.0,38,,97.531,23.922,-1.5,-7.031,1.0,0.994,-0.035,5280,14.51,12.157,0,,,,,,,,,,,0.0,,
2026-09-25T23:14:33.292,351.285,0,789.5,38,,97.531,23.922,-2.0,-7.031,1.0,0.992,-0.039,5240,14.51,12.157,0,,,,,,,,,,,,24.706,
2026-09-25T23:14:33.422,351.415,0,788.0,38,,97.531,23.922,-1.0,-7.812,1.0,0.988,-0.051,5210,14.51,12.157,0,,,,,,,,,,,,,371
2026-09-25T23:14:33.551,351.544,0,784.0,39,,97.531,23.922,-2.5,-7.812,1.0,0.986,-0.055,5260,14.51,12.157,0,103,,,,,,,,,,,,
2026-09-25T23:14:33.681,351.674,0,787.75,38,,97.531,23.922,-2.5,-7.812,1.0,0.987,-0.055,5290,14.51,12.157,0,,46,,,,,,,,,,,
2026-09-25T23:14:33.811,351.804,0,792.0,38,,97.531,24.314,-2.0,-7.812,1.0,0.988,-0.051,5280,14.51,12.157,0,,,5.469,,,,,,,,,,
2026-09-25T23:14:33.941,351.934,0,792.5,38,,97.531,23.922,-2.5,-7.812,1.0,0.987,-0.051,5350,14.51,12.157,0,,,,14.375,,,,,,,,,
2026-09-25T23:14:34.071,352.064,0,788.25,38,,97.531,24.314,-2.5,-7.812,1.0,0.989,-0.047,5360,14.51,12.157,0,,,,,97,,,,,,,,
2026-09-25T23:14:34.202,352.195,0,791.0,39,,97.531,24.314,-2.5,-7.812,1.0,0.989,-0.047,5370,14.51,12.157,0,,,,,,21,,,,,,,
2026-09-25T23:14:34.331,352.324,0,792.5,38,,97.531,23.922,-2.0,-8.594,1.0,0.987,-0.051,5350,14.51,12.157,0,,,,,,,20.0,,,,,,
2026-09-25T23:14:34.462,352.455,0,784.75,38,,97.531,23.922,-1.5,-8.594,1.0,0.987,-0.051,5280,14.51,12.157,0,,,,,,,,481.0,,,,,
2026-09-25T23:14:34.592,352.585,0,788.0,38,,97.531,24.314,-3.0,-8.594,1.0,0.986,-0.055,5250,14.51,12.157,0,,,,,,,,,0.805,,,,
2026-09-25T23:14:34.721,352.715,0,789.25,38,,97.531,24.314,-2.0,-8.594,1.0,0.983,-0.062,5350,14.51,12.157,0,,,,,,,,,,,0.0,,
2026-09-25T23:14:34.851,352.844,0,787.5,38,,97.531,23.922,-1.5,-8.594,1.0,0.983,-0.062,5290,14.51,12.549,0,,,,,,,,,,,,25.098,
2026-09-25T23:14:34.982,352.975,0,790.75,38,,97.531,24.314,-3.0,-8.594,1.0,0.986,-0.055,5280,14.51,12.157,0,,,,,,,,,,,,,373
2026-09-25T23:14:35.111,353.104,0,791.5,38,,97.531,23.922,-2.0,-8.594,1.0,0.991,-0.043,5330,14.51,12.157,0,103,,,,,,,,,,,,
2026-09-25T23:14:35.241,353.234,0,793.0,38,,97.531,23.922,-1.0,-8.594,1.0,0.993,-0.039,5290,14.51,12.549,0,,46,,,,,,,,,,,
2026-09-25T23:14:35.371,353.364,0,788.75,38,,97.531,24.706,-3.5,-8.594,1.0,0.992,-0.039,5310,14.51,12.157,0,,,6.25,,,,,,,,,,
2026-09-25T23:14:35.501,353.494,0,787.75,38,,97.531,24.314,-2.5,-8.594,1.0,0.994,-0.035,5400,14.51,12.157,0,,,,14.394,,,,,,,,,
2026-09-25T23:14:35.631,353.625,0,793.5,38,,97.531,24.314,-2.0,-8.594,1.0,0.999,-0.023,5380,14.51,12.157,0,,,,,97,,,,,,,,
2026-09-25T23:14:35.761,353.754,0,788.75,38,,97.531,24.314,-2.5,-8.594,1.0,0.996,-0.031,5360,14.51,12.157,0,,,,,,21,,,,,,,
2026-09-25T23:14:35.891,353.885,0,788.25,38,,97.531,23.922,-2.5,-8.594,1.0,0.998,-0.023,5350,14.51,12.157,0,,,,,,,20.0,,,,,,
2026-09-25T23:14:36.021,354.014,0,791.25,38,,97.531,24.314,-1.5,-8.594,1.0,0.999,-0.02,5320,14.51,12.157,0,,,,,,,,480.6,,,,,
2026-09-25T23:14:36.151,354.144,0,790.25,38,,97.531,23.922,-2.5,-8.594,1.0,1.0,-0.02,5370,14.51,12.157,0,,,,,,,,,0.8,,,,
2026-09-25T23:14:36.281,354.274,0,787.25,38,,97.531,24.314,-2.5,-8.594,1.0,1.003,-0.016,5360,14.51,12.157,0,,,,,,,,,,,0.0,,
2026-09-25T23:14:36.411,354.404,0,784.75,38,,97.531,23.922,-1.5,-8.594,1.0,0.999,-0.023,5300,14.51,12.157,0,,,,,,,,,,,,25.098,
2026-09-25T23:14:36.541,354.534,0,788.25,39,,97.531,24.314,-1.0,-8.594,1.0,1.0,-0.02,5290,14.51,12.157,0,,,,,,,,,,,,,374
2026-09-25T23:14:36.672,354.665,0,785.75,39,,97.531,24.314,-2.0,-7.812,1.0,1.007,-0.012,5360,14.51,12.157,0,103,,,,,,,,,,,,
2026-09-25T23:14:36.801,354.794,0,789.25,38,,97.531,24.314,-2.5,-7.812,1.0,1.014,-0.008,5360,14.51,12.157,0,,46,,,,,,,,,,,
2026-09-25T23:14:36.931,354.924,0,791.25,38,,97.531,24.314,-1.5,-7.812,1.0,1.019,0.0,5350,14.51,12.157,0,,,5.469,,,,,,,,,,
2026-09-25T23:14:37.061,355.054,0,787.75,38,,97.531,24.314,-1.5,-7.031,1.0,1.018,-0.004,5330,14.51,12.549,0,,,,14.394,,,,,,,,,
2026-09-25T23:14:37.191,355.185,0,784.75,38,,97.531,23.922,-2.0,-7.031,1.0,1.017,-0.004,5310,14.51,12.549,0,,,,,97,,,,,,,,
2026-09-25T23:14:37.322,355.315,0,786.5,39,,97.531,24.706,-2.0,-7.031,1.0,1.02,0.0,5360,14.51,12.549,0,,,,,,21,,,,,,,
2026-09-25T23:14:37.451,355.444,0,783.5,39,,97.531,24.706,-2.5,-7.031,1.0,1.021,0.0,5550,14.51,12.157,0,,,,,,,20.0,,,,,,
2026-09-25T23:14:37.581,355.574,0,781.5,39,,97.531,25.098,-2.5,-6.25,1.0,1.033,0.016,5640,14.51,12.157,0,,,,,,,,480.1,,,,,
2026-09-25T23:14:37.711,355.704,0,787.25,39,,97.531,24.706,-2.5,-6.25,1.0,1.031,0.012,5630,14.51,12.157,0,,,,,,,,,0.795,,,,
2026-09-25T23:14:37.841,355.835,0,790.75,39,,97.531,24.314,-2.0,-5.469,1.0,1.033,0.016,5590,14.51,12.157,0,,,,,,,,,,,0.0,,
2026-09-25T23:14:37.971,355.964,0,787.75,39,,97.531,24.314,-2.5,-5.469,1.0,1.03,0.012,5460,14.51,12.157,0,,,,,,,,,,,,25.098,
2026-09-25T23:14:38.102,356.095,0,792.75,39,,97.531,24.314,-2.5,-5.469,1.0,1.026,0.008,5400,14.51,12.549,0,,,,,,,,,,,,,376
2026-09-25T23:14:38.231,356.224,0,792.75,38,,97.531,24.314,-2.0,-5.469,1.0,1.025,0.004,5410,14.51,12.157,0,103,,,,,,,,,,,,
2026-09-25T23:14:38.361,356.354,0,793.0,39,,97.531,24.706,-2.5,-4.688,1.0,1.029,0.008,5480,14.51,12.157,0,,46,,,,,,,,,,,
2026-09-25T23:14:38.491,356.484,0,787.0,39,,97.531,24.706,-3.0,-4.688,1.0,1.027,0.008,5470,14.51,12.157,0,,,5.469,,,,,,,,,,
2026-09-25T23:14:38.621,356.614,0,788.0,39,,97.531,24.314,-2.5,-4.688,1.0,1.033,0.016,5480,14.51,12.157,0,,,,14.414,,,,,,,,,
2026-09-25T23:14:38.751,356.745,0,791.0,39,,97.531,23.922,-1.0,-4.688,1.0,1.031,0.012,5450,14.51,12.549,0,,,,,98,,,,,,,,
2026-09-25T23:14:38.881,356.874,0,788.5,38,,97.531,24.314,-3.0,-3.906,1.0,1.026,0.008,5400,14.51,12.157,0,,,,,,21,,,,,,,
2026-09-25T23:14:39.011,357.005,0,795.25,39,,97.531,24.706,-4.5,-4.688,1.0,1.021,0.0,5430,14.51,12.157,0,,,,,,,20.0,,,,,,
2026-09-25T23:14:39.141,357.134,0,795.75,39,,97.531,23.922,-1.5,-3.906,1.001,1.02,0.0,5410,14.51,12.549,0,,,,,,,,479.6,,,,,
2026-09-25T23:14:39.271,357.264,0,791.25,38,,97.531,24.314,-1.5,-3.906,1.001,1.017,-0.004,5300,14.51,12.549,0,,,,,,,,,0.795,,,,
2026-09-25T23:14:39.401,357.394,0,789.75,39,,97.531,24.706,-4.0,-3.906,1.002,1.016,-0.004,5360,14.51,12.157,0,,,,,,,,,,,0.0,,
2026-09-25T23:14:39.531,357.524,0,786.0,39,,97.531,25.098,-2.5,-3.906,1.002,1.022,0.0,5460,14.51,12.157,0,,,,,,,,,,,,25.098,
2026-09-25T23:14:39.661,357.654,0,797.0,38,,97.531,23.922,-3.0,-3.906,1.002,1.024,0.004,5440,14.51,12.157,0,,,,,,,,,,,,,378
2026-09-25T23:14:39.791,357.784,0,792.0,38,,97.531,24.314,-3.5,-3.125,1.002,1.027,0.008,5400,14.51,12.549,0,103,,,,,,,,,,,,
2026-09-25T23:14:39.921,357.914,0,792.75,39,,97.531,24.314,-3.5,-3.125,1.002,1.025,0.004,5440,14.51,12.157,0,,46,,,,,,,,,,,
2026-09-25T23:14:40.052,358.045,0,794.0,38,,97.531,24.314,-2.5,-3.125,1.002,1.027,0.008,5490,14.51,12.157,0,,,5.469,,,,,,,,,,
2026-09-25T23:14:40.181,358.174,0,792.0,39,,97.531,24.314,-2.5,-2.344,1.002,1.033,0.016,5480,14.51,12.157,0,,,,14.257,,,,,,,,,
2026-09-25T23:14:40.311,358.304,0,789.25,38,,97.531,24.314,-2.0,-2.344,1.002,1.034,0.016,5470,14.51,12.157,0,,,,,97,,,,,,,,
2026-09-25T23:14:40.441,358.434,0,789.25,39,,97.531,24.314,-2.0,-2.344,1.002,1.035,0.016,5470,14.51,12.549,0,,,,,,21,,,,,,,
2026-09-25T23:14:40.571,358.564,0,795.5,39,,97.531,24.706,-3.5,-1.562,1.002,1.034,0.016,5460,14.51,12.549,0,,,,,,,20.0,,,,,,
2026-09-25T23:14:40.701,358.694,0,798.0,39,,97.531,24.706,-4.0,-1.562,1.002,1.036,0.02,5520,14.51,12.157,0,,,,,,,,479.1,,,,,
2026-09-25T23:14:40.831,358.825,0,793.75,39,,97.531,24.706,-4.0,-1.562,1.002,1.034,0.016,5550,14.51,12.157,0,,,,,,,,,0.79,,,,
2026-09-25T23:14:40.961,358.955,0,796.0,38,,97.531,24.706,-3.0,-0.781,1.002,1.035,0.016,5550,14.51,12.157,0,,,,,,,,,,,0.0,,
2026-09-25T23:14:41.091,359.085,0,794.25,38,,97.531,23.922,-3.0,-0.781,1.002,1.037,0.02,5490,14.51,12.157,0,,,,,,,,,,,,25.098,
2026-09-25T23:14:41.221,359.214,0,790.75,38,,97.531,24.314,-3.0,-0.781,1.002,1.036,0.02,5410,14.51,12.157,0,,,,,,,,,,,,,379
2026-09-25T23:14:41.351,359.345,0,788.25,38,,97.531,24.314,-1.0,0.0,1.002,1.034,0.016,5360,14.51,12.549,0,103,,,,,,,,,,,,
2026-09-25T23:14:41.481,359.474,0,789.75,39,,97.531,24.706,-2.5,0.0,1.001,1.03,0.012,5370,14.51,12.549,0,,46,,,,,,,,,,,
2026-09-25T23:14:41.611,359.604,0,797.0,39,,97.531,24.706,-5.0,0.0,1.001,1.031,0.012,5520,14.51,12.157,0,,,5.469,,,,,,,,,,
2026-09-25T23:14:41.741,359.735,0,791.0,39,,97.531,24.314,-3.5,0.0,1.001,1.037,0.02,5580,14.51,12.157,0,,,,14.433,,,,,,,,,
2026-09-25T23:14:41.871,359.864,0,794.75,39,,97.531,24.314,-1.0,0.0,1.001,1.036,0.02,5520,14.51,12.549,0,,,,,97,,,,,,,,
2026-09-25T23:14:42.001,359.995,0,792.25,39,,97.531,25.098,-3.5,0.0,1.001,1.029,0.012,5540,14.51,12.157,0,,,,,,21,,,,,,,
2026-09-25T23:14:42.131,360.124,0,791.75,39,,97.531,24.706,-2.5,0.0,1.001,1.027,0.008,5560,14.51,12.549,0,,,,,,,20.0,,,,,,
2026-09-25T23:14:42.261,360.254,0,793.75,39,,97.531,25.098,-4.0,0.0,1.001,1.032,0.012,5490,14.51,12.157,0,,,,,,,,478.5,,,,,
2026-09-25T23:14:42.391,360.384,0,795.25,39,,97.531,24.314,-3.0,0.0,1.001,1.031,0.012,5580,14.51,12.157,0,,,,,,,,,0.785,,,,
2026-09-25T23:14:42.521,360.514,0,797.25,38,,97.531,24.314,-3.5,0.781,1.001,1.034,0.016,5560,14.51,12.549,0,,,,,,,,,,,0.0,,
2026-09-25T23:14:42.651,360.644,0,796.25,39,,97.531,25.098,-4.5,0.781,1.001,1.032,0.012,5660,14.51,12.157,0,,,,,,,,,,,,25.098,
2026-09-25T23:14:42.781,360.774,0,797.75,39,,97.531,24.314,-4.0,1.562,1.001,1.036,0.02,5680,14.51,12.549,0,,,,,,,,,,,,,381
2026-09-25T23:14:42.911,360.904,0,800.5,40,,97.531,25.882,-5.0,1.562,1.001,1.034,0.016,5730,14.51,12.157,0,103,,,,,,,,,,,,
2026-09-25T23:14:43.041,361.034,0,798.0,40,,97.531,24.314,-2.5,1.562,1.001,1.035,0.016,5720,14.51,12.549,0,,46,,,,,,,,,,,
2026-09-25T23:14:43.171,361.164,0,794.25,40,,97.531,25.882,-5.0,1.562,1.001,1.031,0.012,5650,14.51,12.157,0,,,5.469,,,,,,,,,,
2026-09-25T23:14:43.302,361.295,0,795.5,40,,97.531,24.706,-2.5,2.344,1.001,1.036,0.02,5670,14.51,12.549,0,,,,14.355,,,,,,,,,
2026-09-25T23:14:43.431,361.424,0,795.75,39,,97.531,24.314,-2.5,2.344,1.001,1.035,0.016,5630,14.51,12.549,0,,,,,97,,,,,,,,
2026-09-25T23:14:43.561,361.554,0,792.75,40,,97.531,25.49,-4.0,2.344,1.001,1.036,0.02,5700,14.51,12.157,0,,,,,,21,,,,,,,
2026-09-25T23:14:43.691,361.684,0,800.25,39,,97.531,24.314,-4.5,3.125,1.001,1.036,0.02,5810,14.51,12.157,0,,,,,,,20.0,,,,,,
2026-09-25T23:14:43.821,361.814,0,800.5,39,,97.531,24.314,-4.5,3.125,1.001,1.032,0.016,5750,14.51,12.549,0,,,,,,,,477.9,,,,,
2026-09-25T23:14:43.951,361.944,0,797.5,39,,97.531,24.314,-4.0,3.125,1.001,1.03,0.012,5740,14.51,12.549,0,,,,,,,,,0.785,,,,
2026-09-25T23:14:44.081,362.074,0,792.75,39,,97.531,25.49,-4.5,3.125,1.001,1.033,0.016,5710,14.51,12.157,0,,,,,,,,,,,0.0,,
2026-09-25T23:14:44.211,362.204,0,795.0,39,,97.531,24.706,-2.5,3.906,1.001,1.034,0.016,5660,14.51,12.549,0,,,,,,,,,,,,25.882,
2026-09-25T23:14:44.341,362.335,0,796.0,39,,97.531,25.49,-4.0,3.906,1.001,1.032,0.012,5690,14.51,12.157,0,,,,,,,,,,,,,382
2026-09-25T23:14:44.471,362.464,0,793.75,39,,97.531,24.706,-3.5,3.906,1.001,1.034,0.016,5770,14.51,12.549,0,103,,,,,,,,,,,,
2026-09-25T23:14:44.601,362.594,0,799.5,40,,97.531,25.49,-6.5,3.906,1.001,1.031,0.012,5780,14.51,12.157,0,,46,,,,,,,,,,,
2026-09-25T23:14:44.732,362.725,0,802.5,39,,97.531,25.098,-4.5,4.688,1.001,1.029,0.008,5810,14.51,12.157,0,,,4.688,,,,,,,,,,
2026-09-25T23:14:44.861,362.855,0,799.0,39,,97.531,24.706,-4.0,4.688,1.001,1.025,0.004,5730,14.51,12.157,0,,,,14.355,,,,,,,,,
2026-09-25T23:14:44.991,362.984,0,797.25,39,,97.531,24.706,-4.0,4.688,1.001,1.021,0.0,5610,14.51,12.549,0,,,,,97,,,,,,,,
2026-09-25T23:14:45.121,363.114,0,799.75,39,,97.531,24.706,-4.0,4.688,1.001,1.018,-0.004,5560,14.51,12.549,0,,,,,,21,,,,,,,
2026-09-25T23:14:45.251,363.244,0,804.25,39,,97.531,24.706,-5.0,4.688,1.001,1.018,-0.004,5550,14.51,12.549,0,,,,,,,20.0,,,,,,
2026-09-25T23:14:45.381,363.374,0,803.0,39,,97.531,24.706,-5.5,4.688,1.001,1.021,0.0,5580,14.51,12.157,0,,,,,,,,477.4,,,,,
2026-09-25T23:14:45.511,363.504,0,802.25,39,,97.531,25.098,-5.5,4.688,1.001,1.021,0.0,5590,14.51,12.157,0,,,,,,,,,0.78,,,,
2026-09-25T23:14:45.641,363.634,0,805.25,39,,97.531,24.314,-5.5,4.688,1.001,1.015,-0.004,5560,14.51,12.157,0,,,,,,,,,,,0.0,,
2026-09-25T23:14:45.771,363.764,0,806.0,38,,97.531,23.922,-5.5,4.688,1.001,1.011,-0.008,5500,14.51,12.157,0,,,,,,,,,,,,25.098,
2026-09-25T23:14:45.901,363.894,0,805.0,38,,97.531,23.922,-4.5,4.688,1.001,1.007,-0.012,5420,14.51,12.157,0,,,,,,,,,,,,,384
2026-09-25T23:14:46.031,364.024,0,806.5,39,,97.531,24.314,-5.5,4.688,1.001,1.004,-0.016,5430,14.51,12.157,0,103,,,,,,,,,,,,
2026-09-25T23:14:46.161,364.154,0,806.0,38,,97.531,24.314,-6.0,4.688,1.0,0.999,-0.023,5390,14.51,12.157,0,,46,,,,,,,,,,,
2026-09-25T23:14:46.291,364.284,0,806.0,38,,97.531,23.922,-6.0,4.688,1.0,0.997,-0.027,5340,14.51,12.157,0,,,5.469,,,,,,,,,,
2026-09-25T23:14:46.421,364.414,0,802.75,38,,97.531,23.922,-4.5,3.906,1.0,0.992,-0.039,5280,14.51,12.157,0,,,,14.394,,,,,,,,,
2026-09-25T23:14:46.551,364.544,0,799.5,38,,97.531,23.922,-5.5,3.906,1.0,0.99,-0.047,5260,14.51,12.157,0,,,,,97,,,,,,,,
2026-09-25T23:14:46.681,364.674,0,798.5,38,,97.531,23.922,-4.5,3.906,1.0,0.988,-0.051,5230,14.51,12.157,0,,,,,,21,,,,,,,
2026-09-25T23:14:46.811,364.804,0,800.5,38,,97.531,24.314,-5.0,3.906,1.0,0.986,-0.055,5240,14.51,12.157,0,,,,,,,20.0,,,,,,
2026-09-25T23:14:46.941,364.934,0,801.0,38,,97.531,23.922,-5.5,3.906,1.0,0.986,-0.055,5320,14.51,12.157,0,,,,,,,,477.0,,,,,
2026-09-25T23:14:47.071,365.065,0,799.0,38,,97.531,24.314,-5.5,3.906,1.0,0.988,-0.051,5310,14.51,12.157,0,,,,,,,,,0.78,,,,
2026-09-25T23:14:47.201,365.194,0,797.25,38,,97.531,24.314,-4.5,3.906,1.0,0.99,-0.043,5330,14.51,12.157,0,,,,,,,,,,,0.0,,
2026-09-25T23:14:47.331,365.325,0,794.75,38,,97.531,23.922,-3.0,3.125,1.0,0.991,-0.043,5270,14.51,12.157,0,,,,,,,,,,,,25.098,
2026-09-25T23:14:47.461,365.454,0,794.75,38,,97.531,23.922,-3.5,3.906,1.0,0.992,-0.039,5200,14.51,12.157,0,,,,,,,,,,,,,385
2026-09-25T23:14:47.601,365.595,0,794.0,38,,97.531,23.922,-4.0,3.906,1.0,0.997,-0.027,5200,14.51,12.157,0,102,,,,,,,,,,,,
2026-09-25T23:14:47.731,365.724,0,793.0,38,,97.531,23.922,-2.5,3.906,1.0,1.003,-0.016,5180,14.51,12.549,0,,47,,,,,,,,,,,
2026-09-25T23:14:47.861,365.855,0,793.75,39,,97.531,23.922,-2.5,3.906,1.0,1.005,-0.016,5210,14.51,12.549,0,,,4.688,,,,,,,,,,
2026-09-25T23:14:47.992,365.985,0,794.5,39,,97.531,24.706,-5.5,3.906,1.0,1.006,-0.016,5240,14.51,12.157,0,,,,14.296,,,,,,,,,
2026-09-25T23:14:48.121,366.114,0,796.5,39,,97.531,24.314,-5.0,4.688,1.0,1.013,-0.008,5410,14.51,12.157,0,,,,,98,,,,,,,,
2026-09-25T23:14:48.251,366.244,0,797.5,39,,97.531,24.314,-4.0,4.688,1.0,1.007,-0.012,5430,14.51,12.157,0,,,,,,21,,,,,,,
2026-09-25T23:14:48.381,366.374,0,800.0,39,,97.531,24.314,-5.0,4.688,1.0,1.011,-0.008,5450,14.51,12.157,0,,,,,,,20.0,,,,,,
2026-09-25T23:14:48.511,366.504,0,794.5,38,,97.531,24.314,-4.0,4.688,1.0,1.006,-0.016,5430,14.51,12.157,0,,,,,,,,476.5,,,,,
2026-09-25T23:14:48.641,366.634,0,793.5,38,,97.531,23.922,-3.5,4.688,1.0,1.011,-0.008,5390,14.51,12.157,0,,,,,,,,,0.775,,,,
2026-09-25T23:14:48.771,366.764,0,797.25,38,,97.531,24.314,-4.0,4.688,1.0,1.013,-0.008,5350,14.51,12.157,0,,,,,,,,,,,0.0,,
2026-09-25T23:14:48.901,366.894,0,795.75,38,,97.531,24.314,-4.0,4.688,1.0,1.013,-0.008,5340,14.51,12.157,0,,,,,,,,,,,,25.098,
2026-09-25T23:14:49.031,367.024,0,795.0,38,,97.531,23.922,-4.0,5.469,1.0,1.016,-0.004,5330,14.51,12.157,0,,,,,,,,,,,,,387
2026-09-25T23:14:49.162,367.155,0,795.0,38,,97.531,23.922,-3.0,5.469,1.0,1.013,-0.008,5320,14.51,12.157,0,102,,,,,,,,,,,,
2026-09-25T23:14:49.291,367.285,0,793.75,38,,97.531,23.922,-4.0,5.469,1.0,1.013,-0.008,5320,14.51,12.157,0,,47,,,,,,,,,,,
2026-09-25T23:14:49.421,367.414,0,797.5,39,,97.531,24.314,-4.0,5.469,1.0,1.009,-0.012,5320,14.51,12.157,0,,,4.688,,,,,,,,,,
2026-09-25T23:14:49.551,367.544,0,796.75,38,,97.531,23.922,-4.0,5.469,1.0,1.011,-0.008,5340,14.51,12.157,0,,,,14.296,,,,,,,,,
2026-09-25T23:14:49.681,367.674,0,797.0,38,,97.531,24.314,-4.0,5.469,1.0,1.01,-0.012,5360,14.51,12.157,0,,,,,97,,,,,,,,
2026-09-25T23:14:49.811,367.804,0,798.25,38,,97.531,23.922,-4.5,5.469,1.0,1.012,-0.008,5360,14.51,12.157,0,,,,,,21,,,,,,,
2026-09-25T23:14:49.941,367.934,0,798.25,38,,97.531,24.314,-4.5,5.469,1.0,1.013,-0.008,5370,14.51,12.157,0,,,,,,,20.0,,,,,,
2026-09-25T23:14:50.071,368.064,0,796.75,38,,97.531,23.922,-5.0,5.469,1.0,1.014,-0.008,5390,14.51,12.157,0,,,,,,,,476.1,,,,,
2026-09-25T23:14:50.201,368.194,0,799.0,38,,97.531,23.922,-4.0,6.25,1.0,1.016,-0.004,5410,14.51,12.157,0,,,,,,,,,0.77,,,,
2026-09-25T23:14:50.331,368.324,0,798.25,39,,97.531,24.706,-4.5,6.25,1.0,1.012,-0.008,5400,14.51,12.157,0,,,,,,,,,,,0.0,,
2026-09-25T23:14:50.461,368.455,0,798.0,38,,97.531,23.922,-4.5,6.25,1.0,1.009,-0.012,5360,14.51,12.157,0,,,,,,,,,,,,25.098,
2026-09-25T23:14:50.591,368.584,0,799.5,38,,97.531,24.314,-5.5,5.469,1.0,1.006,-0.016,5330,14.51,12.157,0,,,,,,,,,,,,,388
2026-09-25T23:14:50.721,368.715,0,801.5,38,,97.531,23.922,-4.5,5.469,1.0,1.003,-0.016,5300,14.51,12.157,0,102,,,,,,,,,,,,
2026-09-25T23:14:50.852,368.845,0,798.25,38,,97.531,24.314,-4.5,5.469,1.0,1.002,-0.02,5300,14.51,12.157,0,,47,,,,,,,,,,,
2026-09-25T23:14:50.981,368.974,0,794.75,38,,97.531,23.922,-4.0,6.25,1.0,1.007,-0.012,5310,14.51,12.157,0,,,4.688,,,,,,,,,,
2026-09-25T23:14:51.111,369.104,0,796.5,38,,97.531,23.922,-4.0,5.469,1.0,1.0,-0.02,5290,14.51,12.157,0,,,,14.375,,,,,,,,,
2026-09-25T23:14:51.241,369.234,0,800.0,38,,97.531,23.922,-5.0,5.469,1.0,1.0,-0.02,5320,14.51,12.157,0,,,,,97,,,,,,,,
2026-09-25T23:14:51.371,369.364,0,799.75,39,,97.531,24.314,-5.5,5.469,1.0,0.999,-0.023,5320,14.51,12.157,0,,,,,,21,,,,,,,
2026-09-25T23:14:51.501,369.494,0,798.0,38,,97.531,24.314,-5.0,5.469,1.0,0.999,-0.023,5320,14.51,12.157,0,,,,,,,20.0,,,,,,
2026-09-25T23:14:51.631,369.624,0,802.5,38,,97.531,23.922,-5.0,5.469,1.0,0.999,-0.023,5330,14.51,12.157,0,,,,,,,,475.6,,,,,
2026-09-25T23:14:51.761,369.754,0,801.5,38,,97.531,24.314,-5.5,5.469,1.0,0.997,-0.027,5330,14.51,12.157,0,,,,,,,,,0.77,,,,
2026-09-25T23:14:51.891,369.884,0,802.25,38,,97.531,23.922,-5.5,5.469,1.0,0.998,-0.023,5320,14.51,12.157,0,,,,,,,,,,,0.0,,
2026-09-25T23:14:52.021,370.014,0,800.0,38,,97.531,23.922,-5.0,5.469,1.0,1.003,-0.016,5350,14.51,12.157,0,,,,,,,,,,,,25.098,
2026-09-25T23:14:52.151,370.145,0,799.75,38,,97.531,23.922,-5.0,5.469,1.0,0.999,-0.02,5330,14.51,12.157,0,,,,,,,,,,,,,390
2026-09-25T23:14:52.281,370.274,0,795.25,38,,97.531,23.922,-5.0,5.469,1.0,1.002,-0.02,5280,14.51,12.157,0,102,,,,,,,,,,,,
2026-09-25T23:14:52.411,370.404,0,797.75,38,,97.531,23.922,-5.0,5.469,1.0,0.998,-0.023,5280,14.51,12.157,0,,47,,,,,,,,,,,
2026-09-25T23:14:52.542,370.535,0,798.5,38,,97.531,23.922,-3.5,5.469,1.0,0.996,-0.027,5260,14.51,12.157,0,,,4.688,,,,,,,,,,
2026-09-25T23:14:52.671,370.665,0,800.5,38,,97.531,23.922,-5.0,5.469,1.0,0.995,-0.035,5240,14.51,12.157,0,,,,14.277,,,,,,,,,
2026-09-25T23:14:52.802,370.795,0,799.5,38,,97.531,23.922,-5.0,5.469,1.0,0.995,-0.035,5250,14.51,12.157,0,,,,,97,,,,,,,,
2026-09-25T23:14:52.931,370.924,0,801.0,38,,97.531,23.922,-5.5,5.469,1.0,0.993,-0.039,5260,14.51,12.157,0,,,,,,21,,,,,,,
2026-09-25T23:14:53.061,371.054,0,801.5,38,,97.531,24.314,-5.5,5.469,1.0,0.992,-0.039,5320,14.51,12.157,0,,,,,,,20.0,,,,,,
2026-09-25T23:14:53.191,371.184,0,806.25,38,,97.531,23.922,-5.5,5.469,1.0,0.993,-0.039,5380,14.51,12.157,0,,,,,,,,475.3,,,,,
2026-09-25T23:14:53.321,371.314,0,804.5,38,,97.531,24.314,-5.5,5.469,1.0,0.99,-0.043,5390,14.51,12.157,0,,,,,,,,,0.765,,,,
2026-09-25T23:14:53.451,371.444,0,803.75,38,,97.531,23.922,-5.5,4.688,1.0,0.991,-0.043,5420,14.51,12.157,0,,,,,,,,,,,0.0,,
2026-09-25T23:14:53.581,371.574,0,800.0,38,,97.531,24.314,-5.5,4.688,1.0,0.992,-0.043,5420,14.51,12.157,0,,,,,,,,,,,,24.706,
2026-09-25T23:14:53.711,371.704,0,797.5,38,,97.531,23.922,-5.0,4.688,1.0,0.994,-0.035,5360,14.51,12.157,0,,,,,,,,,,,,,392
2026-09-25T23:14:53.841,371.834,0,797.0,38,,97.531,23.922,-4.0,4.688,1.0,0.995,-0.031,5300,14.51,12.157,0,102,,,,,,,,,,,,
2026-09-25T23:14:53.971,371.964,0,798.0,38,,97.531,23.922,-4.0,4.688,1.0,0.995,-0.031,5220,14.51,12.157,0,,47,,,,,,,,,,,
2026-09-25T23:14:54.101,372.094,0,801.75,38,,97.531,23.529,-5.5,4.688,1.0,0.994,-0.035,5230,14.51,12.157,0,,,4.688,,,,,,,,,,
2026-09-25T23:14:54.231,372.224,0,804.0,38,,97.531,23.922,-5.0,4.688,1.0,0.992,-0.039,5240,14.51,12.157,0,,,,14.335,,,,,,,,,
2026-09-25T23:14:54.361,372.355,0,798.75,38,,97.531,23.529,-4.5,4.688,1.0,0.991,-0.043,5240,14.51,12.157,0,,,,,98,,,,,,,,
2026-09-25T23:14:54.491,372.484,0,799.5,38,,97.531,23.922,-5.5,4.688,1.0,0.987,-0.055,5230,14.51,12.157,0,,,,,,21,,,,,,,
2026-09-25T23:14:54.621,372.614,0,802.75,38,,97.531,23.922,-5.5,4.688,1.0,0.985,-0.055,5280,14.51,12.157,0,,,,,,,20.0,,,,,,
2026-09-25T23:14:54.751,372.745,0,803.0,38,,97.531,23.922,-5.0,3.906,1.0,0.982,-0.062,5290,14.51,12.157,0,,,,,,,,475.0,,,,,
2026-09-25T23:14:54.881,372.874,0,800.25,38,,97.531,23.922,-5.5,3.906,1.0,0.984,-0.062,5300,14.51,12.157,0,,,,,,,,,0.765,,,,
2026-09-25T23:14:55.012,373.005,0,803.75,38,,97.531,23.922,-5.5,3.906,1.0,0.988,-0.051,5290,14.51,12.157,0,,,,,,,,,,,0.0,,
2026-09-25T23:14:55.141,373.134,0,796.0,38,,97.531,23.922,-4.0,3.906,1.0,0.987,-0.055,5240,14.51,12.157,0,,,,,,,,,,,,24.706,
2026-09-25T23:14:55.271,373.264,0,795.0,38,,97.531,23.529,-4.5,3.906,1.0,0.99,-0.047,5260,14.51,12.157,0,,,,,,,,,,,,,393
2026-09-25T23:14:55.401,373.394,0,798.5,38,,97.531,23.922,-5.0,3.906,1.0,0.989,-0.047,5220,14.51,12.157,0,102,,,,,,,,,,,,
2026-09-25T23:14:55.531,373.524,0,797.5,38,,97.531,23.922,-3.5,3.906,1.0,0.991,-0.043,5250,14.51,12.157,0,,47,,,,,,,,,,,
2026-09-25T23:14:55.661,373.654,0,800.5,38,,97.531,23.922,-4.5,3.906,1.0,0.991,-0.043,5240,14.51,12.157,0,,,4.688,,,,,,,,,,
2026-09-25T23:14:55.791,373.784,0,799.0,38,,97.531,23.922,-5.0,3.906,1.0,0.989,-0.047,5240,14.51,12.157,0,,,,14.375,,,,,,,,,
2026-09-25T23:14:55.921,373.914,0,798.75,38,,97.531,23.529,-4.0,3.906,1.0,0.991,-0.043,5220,14.51,12.157,0,,,,,97,,,,,,,,
2026-09-25T23:14:56.051,374.045,0,797.75,38,,97.531,23.922,-4.0,3.906,1.0,0.99,-0.043,5190,14.51,12.157,0,,,,,,21,,,,,,,
2026-09-25T23:14:56.181,374.174,0,794.75,38,,97.531,23.529,-4.0,3.906,1.0,0.993,-0.035,5190,14.51,12.157,0,,,,,,,20.0,,,,,,
2026-09-25T23:14:56.311,374.305,0,797.5,38,,97.531,23.922,-4.5,3.906,1.0,0.992,-0.039,5190,14.51,12.157,0,,,,,,,,474.6,,,,,
2026-09-25T23:14:56.442,374.435,0,795.5,38,,97.531,23.922,-4.0,3.906,1.0,0.992,-0.039,5180,14.51,12.157,0,,,,,,,,,0.765,,,,
2026-09-25T23:14:56.571,374.565,0,797.75,38,,97.531,23.922,-4.5,3.906,1.0,0.992,-0.039,5170,14.51,12.157,0,,,,,,,,,,,0.0,,
2026-09-25T23:14:56.701,374.694,0,800.25,38,,97.531,23.922,-4.0,3.125,1.0,0.992,-0.039,5180,14.51,12.157,0,,,,,,,,,,,,25.098,
2026-09-25T23:14:56.831,374.825,0,798.75,38,,97.531,23.922,-4.5,3.906,1.0,0.994,-0.035,5160,14.51,12.157,0,,,,,,,,,,,,,395
2026-09-25T23:14:56.961,374.954,0,801.0,38,,97.531,23.922,-4.5,3.125,1.0,0.993,-0.035,5180,14.51,12.157,0,102,,,,,,,,,,,,
2026-09-25T23:14:57.091,375.084,0,800.5,38,,97.531,23.922,-5.5,3.125,1.0,0.994,-0.035,5180,14.51,12.157,0,,47,,,,,,,,,,,
2026-09-25T23:14:57.221,375.214,0,801.5,38,,97.531,23.922,-5.0,3.125,1.0,0.994,-0.035,5190,14.51,12.157,0,,,4.688,,,,,,,,,,
2026-09-25T23:14:57.351,375.344,0,794.75,38,,97.531,24.314,-4.0,3.125,1.0,0.994,-0.035,5170,14.51,12.157,0,,,,14.355,,,,,,,,,
2026-09-25T23:14:57.481,375.474,0,798.0,38,,97.531,23.922,-4.5,3.125,1.0,0.996,-0.031,5160,14.51,12.157,0,,,,,97,,,,,,,,
2026-09-25T23:14:57.611,375.604,0,797.0,38,,97.531,23.922,-4.5,3.125,1.0,0.997,-0.027,5190,14.51,12.157,0,,,,,,21,,,,,,,
2026-09-25T23:14:57.741,375.735,0,799.0,38,,97.531,23.922,-4.0,3.125,1.0,0.996,-0.027,5190,14.51,12.157,0,,,,,,,20.0,,,,,,
2026-09-25T23:14:57.871,375.864,0,799.5,38,,97.531,23.922,-4.5,3.125,1.0,0.996,-0.031,5200,14.51,12.157,0,,,,,,,,474.3,,,,,
2026-09-25T23:14:58.001,375.994,0,800.5,38,,97.531,23.922,-5.5,3.125,1.0,0.998,-0.027,5190,14.51,12.157,0,,,,,,,,,0.76,,,,
2026-09-25T23:14:58.132,376.125,0,799.25,38,,97.531,23.922,-5.0,3.125,1.0,0.996,-0.031,5170,14.51,12.157,0,,,,,,,,,,,0.0,,
2026-09-25T23:14:58.261,376.254,0,792.0,38,,97.531,23.922,-3.5,3.125,1.0,0.995,-0.031,5190,14.51,12.157,0,,,,,,,,,,,,24.706,
2026-09-25T23:14:58.391,376.384,0,799.25,38,,97.531,23.922,-4.5,3.125,1.0,0.993,-0.035,5180,14.51,12.157,0,,,,,,,,,,,,,396
2026-09-25T23:14:58.521,376.514,0,799.75,38,,97.531,23.922,-4.5,3.125,1.0,0.995,-0.035,5190,14.51,12.157,0,102,,,,,,,,,,,,
2026-09-25T23:14:58.651,376.644,0,796.5,38,,97.531,23.922,-4.0,3.125,1.0,0.996,-0.031,5180,14.51,12.157,0,,47,,,,,,,,,,,
2026-09-25T23:14:58.781,376.774,0,794.75,38,,97.531,23.922,-4.0,3.125,1.0,0.996,-0.031,5200,14.51,12.157,0,,,4.688,,,,,,,,,,
2026-09-25T23:14:58.911,376.904,0,794.75,38,,97.531,23.922,-4.0,3.125,1.0,0.995,-0.031,5170,14.51,12.157,0,,,,14.394,,,,,,,,,
2026-09-25T23:14:59.041,377.034,0,796.75,38,,97.531,23.922,-4.0,3.125,1.0,0.994,-0.035,5190,14.51,12.157,0,,,,,98,,,,,,,,
2026-09-25T23:14:59.171,377.165,0,793.25,38,,97.531,23.922,-4.0,3.125,1.0,0.995,-0.035,5220,14.51,12.157,0,,,,,,21,,,,,,,
2026-09-25T23:14:59.301,377.294,0,797.0,38,,97.531,24.314,-5.0,3.125,1.0,0.994,-0.035,5250,14.51,12.157,0,,,,,,,20.0,,,,,,
2026-09-25T23:14:59.431,377.425,0,796.75,38,,97.531,23.529,-4.0,3.125,1.0,0.992,-0.039,5220,14.51,12.157,0,,,,,,,,474.0,,,,,
2026-09-25T23:14:59.562,377.555,0,797.5,38,,97.531,23.922,-4.0,3.125,1.0,0.992,-0.039,5200,14.51,12.157,0,,,,,,,,,0.76,,,,
2026-09-25T23:14:59.691,377.684,0,796.75,38,,97.531,23.529,-4.5,3.125,1.0,0.992,-0.039,5240,14.51,12.157,0,,,,,,,,,,,0.0,,
2026-09-25T23:14:59.821,377.814,0,796.5,38,,97.531,23.922,-4.0,3.125,1.0,0.996,-0.031,5210,14.51,12.157,0,,,,,,,,,,,,24.706,
2026-09-25T23:14:59.951,377.944,0,798.5,38,,97.531,23.529,-4.0,3.125,1.0,0.997,-0.027,5240,14.51,12.157,0,,,,,,,,,,,,,398
2026-09-25T23:15:00.081,378.074,0,793.25,38,,97.531,23.922,-4.0,3.125,1.0,1.0,-0.02,5220,14.51,12.157,0,102,,,,,,,,,,,,
2026-09-25T23:15:00.211,378.204,0,793.75,38,,97.531,23.922,-4.0,3.125,1.0,0.999,-0.02,5250,14.51,12.157,0,,47,,,,,,,,,,,
2026-09-25T23:15:00.341,378.334,0,797.0,38,,97.531,23.922,-3.5,3.125,1.0,1.001,-0.02,5250,14.51,12.157,0,,,4.688,,,,,,,,,,
2026-09-25T23:15:00.471,378.464,0,797.75,38,,97.531,23.922,-4.5,3.125,1.0,1.002,-0.02,5220,14.51,12.157,0,,,,14.296,,,,,,,,,
2026-09-25T23:15:00.601,378.595,0,797.0,38,,97.531,23.922,-4.0,3.125,1.0,0.998,-0.023,5200,14.51,12.157,0,,,,,97,,,,,,,,
2026-09-25T23:15:00.731,378.724,0,796.0,38,,97.531,23.922,-4.0,3.125,1.0,0.998,-0.023,5190,14.51,12.157,0,,,,,,21,,,,,,,
2026-09-25T23:15:00.861,378.854,0,798.5,38,,97.531,23.922,-4.5,3.125,1.0,0.999,-0.023,5190,14.51,12.157,0,,,,,,,20.0,,,,,,
2026-09-25T23:15:01.001,378.994,0,798.25,38,,97.531,23.922,-4.5,3.125,1.0,0.999,-0.02,5180,14.51,12.157,0,,,,,,,,473.7,,,,,
2026-09-25T23:15:01.131,379.124,0,799.75,38,,97.531,23.922,-4.0,3.125,1.0,0.998,-0.027,5180,14.51,12.157,0,,,,,,,,,0.755,,,,
2026-09-25T23:15:01.261,379.254,0,791.25,38,,97.531,23.922,-3.5,3.125,1.0,0.999,-0.023,5170,14.51,12.157,0,,,,,,,,,,,0.0,,
2026-09-25T23:15:01.391,379.385,0,795.25,38,,97.531,23.922,-4.0,3.125,1.0,0.997,-0.027,5190,14.51,12.157,0,,,,,,,,,,,,24.706,
2026-09-25T23:15:01.521,379.514,0,797.0,38,,97.531,23.922,-4.0,3.125,1.0,0.996,-0.027,5190,14.51,12.157,0,,,,,,,,,,,,,399
2026-09-25T23:15:01.651,379.645,0,799.5,38,,97.531,23.922,-4.0,3.125,1.0,0.998,-0.023,5200,14.51,12.157,0,102,,,,,,,,,,,,
2026-09-25T23:15:01.782,379.775,0,801.25,38,,97.531,23.922,-5.5,3.125,1.0,0.998,-0.023,5240,14.51,12.157,0,,47,,,,,,,,,,,
2026-09-25T23:15:01.911,379.904,0,798.75,38,,97.531,23.922,-4.5,3.125,1.0,1.0,-0.02,5260,14.51,12.157,0,,,4.688,,,,,,,,,,
2026-09-25T23:15:02.041,380.034,0,796.0,38,,97.531,23.922,-4.5,3.125,1.0,0.998,-0.027,5240,14.51,12.157,0,,,,14.394,,,,,,,,,
2026-09-25T23:15:02.171,380.164,0,796.25,38,,97.531,23.922,-4.5,3.125,1.0,0.997,-0.027,5220,14.51,12.157,0,,,,,97,,,,,,,,
2026-09-25T23:15:02.301,380.294,0,796.0,38,,97.531,23.922,-4.0,3.125,1.0,0.997,-0.027,5230,14.51,12.157,0,,,,,,21,,,,,,,
2026-09-25T23:15:02.431,380.425,0,795.5,38,,97.531,23.922,-3.0,3.125,1.0,0.996,-0.027,5180,14.51,12.157,0,,,,,,,20.0,,,,,,
2026-09-25T23:15:02.561,380.554,0,796.75,38,,97.531,23.922,-5.0,2.344,1.0,0.996,-0.031,5200,14.51,12.157,0,,,,,,,,473.5,,,,,
2026-09-25T23:15:02.691,380.684,0,800.25,38,,97.531,23.922,-5.0,3.125,1.0,0.999,-0.023,5210,14.51,12.157,0,,,,,,,,,0.755,,,,
2026-09-25T23:15:02.821,380.815,0,797.75,38,,97.531,23.922,-4.5,3.125,1.0,1.0,-0.02,5220,14.51,12.157,0,,,,,,,,,,,0.0,,
2026-09-25T23:15:02.951,380.944,0,799.25,38,,97.531,23.922,-4.0,3.125,1.0,0.999,-0.023,5170,14.51,12.157,0,,,,,,,,,,,,24.706,
2026-09-25T23:15:03.081,381.074,0,796.25,38,,97.531,23.922,-4.0,3.125,1.0,0.999,-0.023,5170,14.51,12.157,0,,,,,,,,,,,,,401
2026-09-25T23:15:03.211,381.205,0,796.0,38,,97.531,23.922,-4.0,3.125,1.0,0.998,-0.023,5170,14.51,12.157,0,102,,,,,,,,,,,,
2026-09-25T23:15:03.341,381.334,0,793.5,38,,97.531,23.922,-2.5,2.344,1.0,0.998,-0.023,5160,14.51,12.157,0,,47,,,,,,,,,,,
2026-09-25T23:15:03.471,381.464,0,794.25,38,,97.531,23.529,-4.0,3.125,1.0,0.999,-0.023,5210,14.51,12.157,0,,,4.688,,,,,,,,,,
2026-09-25T23:15:03.601,381.594,0,799.5,38,,97.531,23.922,-5.0,2.344,1.0,0.998,-0.023,5210,14.51,12.157,0,,,,14.296,,,,,,,,,
2026-09-25T23:15:03.731,381.724,0,798.75,38,,97.531,23.922,-5.5,2.344,1.0,0.998,-0.027,5220,14.51,12.157,0,,,,,97,,,,,,,,
2026-09-25T23:15:03.861,381.854,0,800.0,38,,97.531,23.922,-5.5,2.344,1.0,0.998,-0.027,5230,14.51,12.157,0,,,,,,21,,,,,,,
2026-09-25T23:15:04.002,381.995,0,792.25,38,,97.531,23.922,-4.0,2.344,1.0,0.998,-0.027,5200,14.51,12.157,0,,,,,,,20.0,,,,,,
2026-09-25T23:15:04.131,382.124,0,792.5,37,,97.531,23.137,-3.0,2.344,1.0,0.996,-0.031,5150,14.51,12.157,0,,,,,,,,473.1,,,,,
2026-09-25T23:15:04.261,382.254,0,796.75,38,,97.531,23.529,-2.5,2.344,1.0,0.997,-0.027,5100,14.51,12.549,0,,,,,,,,,0.755,,,,
2026-09-25T23:15:04.391,382.384,0,798.25,38,,97.531,23.922,-4.5,2.344,1.0,0.998,-0.023,5110,14.51,12.157,0,,,,,,,,,,,0.0,,
2026-09-25T23:15:04.521,382.514,0,800.75,38,,97.531,24.314,-5.5,2.344,1.0,0.997,-0.027,5190,14.51,12.157,0,,,,,,,,,,,,24.706,
2026-09-25T23:15:04.651,382.644,0,795.0,38,,97.531,24.314,-4.0,2.344,1.0,0.999,-0.023,5250,14.51,12.157,0,,,,,,,,,,,,,403
2026-09-25T23:15:04.781,382.775,0,799.75,38,,97.531,24.314,10.0,2.344,1.0,0.998,-0.023,5270,14.51,15.294,0,102,,,,,,,,,,,,
2026-09-25T23:15:04.911,382.904,0,832.75,46,,97.219,33.725,-4.0,2.344,1.0,0.996,-0.027,5630,14.51,13.725,0,,47,,,,,,,,,,,
2026-09-25T23:15:05.041,383.035,0,892.75,51,,97.531,30.98,-11.5,2.344,1.0,0.985,-0.059,6170,14.51,12.549,0,,,3.125,,,,,,,,,,
2026-09-25T23:15:05.171,383.164,0,928.5,44,,97.531,27.451,-8.0,1.562,1.0,0.974,-0.09,6860,14.51,12.941,0,,,,14.316,,,,,,,,,
2026-09-25T23:15:05.301,383.295,0,918.75,43,,97.531,27.059,-5.5,0.0,1.0,0.957,-0.125,7460,14.51,12.941,0,,,,,97,,,,,,,,
2026-09-25T23:15:05.431,383.424,0,904.75,43,,97.531,27.451,-5.0,0.0,0.999,0.954,-0.133,7820,14.51,12.941,1,,,,,,21,,,,,,,
2026-09-25T23:15:05.561,383.554,0,883.75,42,,97.531,26.667,-2.5,0.0,0.999,0.959,-0.121,7740,14.51,12.941,1,,,,,,,20.0,,,,,,
2026-09-25T23:15:05.691,383.684,0,867.75,43,,97.531,27.451,-3.0,0.0,0.999,0.973,-0.09,7710,14.51,12.941,1,,,,,,,,472.5,,,,,
2026-09-25T23:15:05.821,383.815,0,862.0,43,,97.531,27.451,-2.5,0.0,0.999,0.984,-0.062,7610,14.51,12.941,1,,,,,,,,,0.755,,,,
2026-09-25T23:15:05.951,383.944,0,859.75,44,,97.531,28.627,-2.0,0.0,0.999,0.991,-0.043,7670,14.51,13.333,1,,,,,,,,,,,0.0,,
2026-09-25T23:15:06.081,384.074,0,868.25,45,,97.531,29.412,-4.0,0.0,0.999,0.976,-0.082,7860,14.51,12.941,1,,,,,,,,,,,,30.196,
2026-09-25T23:15:06.212,384.205,0,878.5,45,,97.562,28.235,-4.0,-0.781,0.999,0.954,-0.133,7950,14.51,12.941,1,,,,,,,,,,,,,404
2026-09-25T23:15:06.341,384.334,0,881.75,44,,97.531,27.059,-3.5,-2.344,0.999,0.939,-0.164,7780,14.51,13.333,1,102,,,,,,,,,,,,
2026-09-25T23:15:06.471,384.465,0,877.5,43,,97.531,27.451,-4.5,-2.344,0.999,0.946,-0.148,7520,14.51,12.941,1,,47,,,,,,,,,,,
2026-09-25T23:15:06.601,384.594,0,870.0,43,,97.531,27.451,-3.0,-2.344,0.999,0.954,-0.133,7360,14.51,12.941,1,,,4.688,,,,,,,,,,
2026-09-25T23:15:06.731,384.724,0,869.75,43,,97.562,27.451,-4.0,-2.344,0.999,0.955,-0.129,7290,14.51,12.941,1,,,,14.414,,,,,,,,,
2026-09-25T23:15:06.861,384.854,0,870.75,44,,97.562,27.843,-5.0,-3.906,0.999,0.945,-0.152,7420,14.51,12.941,1,,,,,97,,,,,,,,
2026-09-25T23:15:07.002,384.995,0,872.5,43,,97.562,27.059,-4.0,-5.469,0.999,0.928,-0.195,7440,14.51,12.941,1,,,,,,21,,,,,,,
2026-09-25T23:15:07.131,385.124,0,871.25,43,,97.688,27.059,-4.0,-6.25,0.999,0.926,-0.195,7270,14.51,12.941,1,,,,,,,20.0,,,,,,
2026-09-25T23:15:07.261,385.254,0,870.5,43,,97.656,27.451,-4.5,-6.25,0.999,0.931,-0.188,7200,14.51,12.941,1,,,,,,,,471.8,,,,,
2026-09-25T23:15:07.391,385.384,0,872.25,43,,97.625,27.843,-5.0,-7.031,0.999,0.935,-0.176,7250,14.51,12.941,1,,,,,,,,,0.75,,,,
2026-09-25T23:15:07.521,385.514,0,870.0,43,,97.562,27.843,-4.5,-7.031,0.999,0.938,-0.168,7310,14.51,12.941,1,,,,,,,,,,,0.0,,
2026-09-25T23:15:07.651,385.644,0,869.75,43,,97.625,27.059,-4.0,-7.812,0.999,0.939,-0.164,7260,14.51,12.941,1,,,,,,,,,,,,28.627,
2026-09-25T23:15:07.781,385.775,0,865.75,42,,97.656,27.059,-4.5,-7.812,0.999,0.944,-0.152,7130,14.51,12.941,1,,,,,,,,,,,,,406
2026-09-25T23:15:07.911,385.904,0,856.75,42,,97.625,27.059,-4.0,-8.594,0.999,0.953,-0.133,7030,14.51,12.549,1,102,,,,,,,,,,,,
2026-09-25T23:15:08.041,386.034,0,848.5,42,,97.594,26.667,-4.0,-8.594,0.999,0.958,-0.125,6960,14.51,12.549,1,,47,,,,,,,,,,,
2026-09-25T23:15:08.171,386.164,0,837.25,41,,97.656,26.275,-2.5,-8.594,0.999,0.962,-0.113,6750,14.51,12.549,1,,,4.688,,,,,,,,,,
2026-09-25T23:15:08.301,386.294,0,837.0,41,,97.625,25.882,-2.5,-8.594,0.999,0.967,-0.102,6550,14.51,12.941,1,,,,14.375,,,,,,,,,
2026-09-25T23:15:08.431,386.424,0,834.0,41,,97.812,26.275,0.0,-8.594,0.999,0.973,-0.09,6460,14.51,12.549,1,,,,,97,,,,,,,,
2026-09-25T23:15:08.561,386.554,0,831.25,42,,97.562,27.059,-1.5,-8.594,1.0,0.98,-0.07,6510,14.51,12.549,1,,,,,,21,,,,,,,
2026-09-25T23:15:08.691,386.684,0,826.25,42,,97.594,26.667,0.0,-7.812,1.0,0.991,-0.043,6610,14.51,12.941,1,,,,,,,20.0,,,,,,
2026-09-25T23:15:08.821,386.815,0,825.5,43,,97.531,27.451,0.0,-7.812,0.999,1.012,-0.008,6760,14.51,12.941,0,,,,,,,,471.4,,,,,
2026-09-25T23:15:08.951,386.944,0,831.25,43,,97.562,27.843,0.0,-6.25,0.999,1.031,0.012,6980,14.51,12.549,0,,,,,,,,,0.75,,,,
2026-09-25T23:15:09.081,387.074,0,835.0,43,,97.562,27.451,0.5,-5.469,0.999,1.04,0.023,7110,14.51,12.941,0,,,,,,,,,,,0.0,,
2026-09-25T23:15:09.211,387.204,0,838.75,43,,97.531,27.059,2.5,-5.469,0.999,1.042,0.023,7200,14.51,13.333,0,,,,,,,,,,,,30.588,
2026-09-25T23:15:09.341,387.334,0,841.5,44,,97.562,30.588,-0.5,-4.688,0.999,1.046,0.031,7370,14.51,13.333,0,,,,,,,,,,,,,407
2026-09-25T23:15:09.471,387.464,0,860.25,47,,97.531,30.196,-4.0,-3.906,0.999,1.045,0.027,7820,14.51,13.333,0,102,,,,,,,,,,,,
2026-09-25T23:15:09.601,387.594,0,878.5,46,,97.531,29.804,-6.0,-4.688,0.999,1.024,0.004,8370,14.51,12.941,0,,47,,,,,,,,,,,
2026-09-25T23:15:09.731,387.725,0,881.75,45,,97.625,28.235,-2.5,-4.688,0.999,1.01,-0.012,8490,14.51,13.725,0,,,3.906,,,,,,,,,,
2026-09-25T23:15:09.861,387.854,0,876.75,45,,97.531,29.412,-3.0,-4.688,0.999,1.017,-0.004,8400,14.51,13.333,0,,,,14.355,,,,,,,,,
2026-09-25T23:15:10.001,387.994,0,862.5,46,,97.562,29.804,-2.5,-3.906,0.999,1.034,0.016,8510,14.51,13.333,0,,,,,98,,,,,,,,
2026-09-25T23:15:10.132,388.125,0,859.75,46,,97.594,29.804,-3.5,-3.125,0.999,1.043,0.027,8600,14.51,12.941,0,,,,,,21,,,,,,,
2026-09-25T23:15:10.261,388.254,0,860.75,46,,97.688,29.804,-3.5,-3.125,0.999,1.039,0.02,8640,14.51,12.941,0,,,,,,,20.0,,,,,,
2026-09-25T23:15:10.391,388.384,0,863.0,46,,97.688,29.412,-3.5,-2.344,0.999,1.032,0.016,8530,14.51,12.941,0,,,,,,,,470.8,,,,,
2026-09-25T23:15:10.521,388.514,0,856.25,46,,97.719,29.412,-2.5,-2.344,0.999,1.03,0.012,8410,14.51,12.941,0,,,,,,,,,0.745,,,,
2026-09-25T23:15:10.651,388.644,0,849.5,46,,97.688,29.804,-2.5,-2.344,0.999,1.032,0.016,8360,14.51,12.941,0,,,,,,,,,,,0.0,,
2026-09-25T23:15:10.781,388.775,0,851.25,46,,97.719,29.804,-2.5,-1.562,0.999,1.034,0.016,8330,14.51,12.941,0,,,,,,,,,,,,31.373,
2026-09-25T23:15:10.911,388.904,0,851.5,46,,97.688,29.804,-2.5,-1.562,0.999,1.033,0.016,8330,14.51,12.941,0,,,,,,,,,,,,,409
2026-09-25T23:15:11.041,389.035,0,854.0,46,,97.688,29.804,-2.5,-1.562,0.999,1.029,0.012,8320,14.51,12.941,0,102,,,,,,,,,,,,
2026-09-25T23:15:11.171,389.164,0,853.5,46,,97.719,29.804,-2.5,-0.781,0.999,1.029,0.012,8330,14.51,12.941,0,,47,,,,,,,,,,,
2026-09-25T23:15:11.301,389.294,0,848.5,46,,97.75,29.804,-2.5,-0.781,0.999,1.027,0.008,8320,14.51,12.941,0,,,3.906,,,,,,,,,,
2026-09-25T23:15:11.432,389.425,0,854.25,46,,97.719,29.804,-3.0,-0.781,0.999,1.025,0.004,8310,14.51,12.941,0,,,,14.335,,,,,,,,,
2026-09-25T23:15:11.561,389.554,0,857.0,46,,97.812,29.804,-3.0,-0.781,0.999,1.021,0.0,8280,14.51,12.941,0,,,,,97,,,,,,,,
2026-09-25T23:15:11.691,389.684,0,860.75,46,,97.781,29.804,-5.5,-0.781,0.999,1.017,-0.004,8270,14.51,12.549,1,,,,,,21,,,,,,,
2026-09-25T23:15:11.821,389.814,0,858.25,46,,97.844,29.02,-4.0,-0.781,0.999,1.014,-0.008,8130,14.51,12.941,1,,,,,,,20.0,,,,,,
2026-09-25T23:15:11.951,389.944,0,848.25,44,,97.875,28.235,-2.5,-0.781,0.999,1.01,-0.012,7930,14.51,12.941,1,,,,,,,,470.4,,,,,
2026-09-25T23:15:12.081,390.074,0,839.0,44,,97.812,28.627,2.5,-0.781,0.999,1.015,-0.004,7710,16.863,13.333,1,,,,,,,,,0.745,,,,
2026-09-25T23:15:12.211,390.204,0,841.5,46,,97.625,30.588,2.5,0.0,0.999,1.025,0.004,7840,17.255,14.118,1,,,,,,,,,,,0.0,,
2026-09-25T23:15:12.341,390.334,0,857.0,48,,97.594,34.902,-1.0,0.0,0.999,1.019,0.0,8120,17.255,14.118,1,,,,,,,,,,,,37.255,
2026-09-25T23:15:12.471,390.465,0,851.25,52,,97.531,34.51,0.0,0.0,0.999,1.001,-0.02,8670,17.647,13.725,2,,,,,,,,,,,,,410
2026-09-25T23:15:12.602,390.595,0,837.0,53,,97.594,35.686,6.5,-0.781,1.0,0.998,-0.023,9160,20.392,14.902,2,101,,,,,,,,,,,,
2026-09-25T23:15:12.731,390.725,0,820.75,55,,97.531,37.647,7.0,0.0,1.0,1.002,-0.02,9780,22.353,14.902,2,,47,,,,,,,,,,,
2026-09-25T23:15:12.861,390.854,0,828.5,61,,97.562,43.137,6.5,-0.781,1.0,0.998,-0.023,10460,24.314,16.078,3,,,2.344,,,,,,,,,,
2026-09-25T23:15:12.991,390.985,0,883.75,64,,97.531,45.098,2.0,-0.781,1.001,0.998,-0.023,11260,25.882,16.078,3,,,,14.277,,,,,,,,,
2026-09-25T23:15:13.121,391.114,0,985.0,67,,97.594,44.314,-0.5,-0.781,1.001,0.996,-0.031,12070,26.667,16.078,4,,,,,97,,,,,,,,
2026-09-25T23:15:13.251,391.244,0,1089.5,66,,97.875,37.255,2.5,-0.781,1.001,0.982,-0.066,12940,27.451,15.686,4,,,,,,21,,,,,,,
2026-09-25T23:15:13.381,391.374,0,1103.5,61,,97.969,34.902,9.5,-1.562,1.0,0.982,-0.066,13590,28.627,16.078,5,,,,,,,20.0,,,,,,
2026-09-25T23:15:13.511,391.504,0,1063.25,62,,98.156,36.078,9.5,-1.562,1.0,0.997,-0.027,14010,29.804,17.647,5,,,,,,,,469.3,,,,,
2026-09-25T23:15:13.642,391.635,0,1070.0,65,,98.062,43.137,9.5,-0.781,1.0,0.999,-0.023,14400,30.588,17.647,6,,,,,,,,,0.74,,,,
2026-09-25T23:15:13.772,391.765,0,1123.25,73,,98.188,40.784,10.0,-0.781,1.0,1.0,-0.02,14960,30.98,18.431,7,,,,,,,,,,,0.0,,
2026-09-25T23:15:13.901,391.894,0,1172.75,76,,98.188,41.176,11.0,-0.781,1.0,1.009,-0.012,15530,31.373,19.608,7,,,,,,,,,,,,54.118,
2026-09-25T23:15:14.031,392.025,0,1216.5,78,,98.438,39.608,11.0,-0.781,1.0,1.008,-0.012,15900,31.373,20.784,8,,,,,,,,,,,,,412
2026-09-25T23:15:14.162,392.155,0,1256.25,83,,98.812,39.608,11.0,0.0,1.0,1.021,0.0,15900,31.373,21.176,9,101,,,,,,,,,,,,
2026-09-25T23:15:14.291,392.284,0,1285.5,84,,99.031,39.216,11.0,0.0,1.0,1.03,0.012,15740,31.373,20.784,10,,47,,,,,,,,,,,
2026-09-25T23:15:14.421,392.415,0,1325.25,84,,99.469,37.647,11.5,0.781,1.0,1.031,0.012,15580,31.373,20.784,11,,,1.562,,,,,,,,,,
2026-09-25T23:15:14.551,392.545,0,1374.0,84,,100.188,34.902,12.5,1.562,1.0,1.033,0.016,15510,31.373,21.569,11,,,,14.375,,,,,,,,,
2026-09-25T23:15:14.682,392.675,0,1434.5,85,,100.562,34.51,13.0,1.562,1.0,1.031,0.012,15500,30.588,20.784,12,,,,,98,,,,,,,,
2026-09-25T23:15:14.811,392.805,0,1484.25,85,,100.938,31.373,14.5,2.344,1.0,1.034,0.016,15330,25.882,16.078,13,,,,,,21,,,,,,,
2026-09-25T23:15:14.941,392.934,0,1527.0,76,,100.781,19.608,15.5,2.344,1.0,1.018,-0.004,14820,25.49,16.078,13,,,,,,,20.0,,,,,,
2026-09-25T23:15:15.071,393.065,0,1564.25,54,,100.812,18.039,15.5,1.562,1.001,0.995,-0.035,14130,25.882,16.078,14,,,,,,,,467.5,,,,,
2026-09-25T23:15:15.201,393.194,0,1541.5,49,,100.719,16.471,-9.0,1.562,1.0,0.996,-0.031,13680,26.667,16.078,14,,,,,,,,,0.735,,,,
2026-09-25T23:15:15.332,393.325,0,1402.75,51,,100.438,18.039,-12.5,1.562,1.0,0.995,-0.035,13280,27.059,15.686,14,,,,,,,,,,,0.0,,
2026-09-25T23:15:15.461,393.454,0,1246.5,55,,100.25,24.706,-7.0,1.562,1.0,0.998,-0.023,12850,27.059,15.294,14,,,,,,,,,,,,36.471,
2026-09-25T23:15:15.591,393.584,0,1189.75,53,,100.125,26.275,-2.5,1.562,1.0,0.999,-0.023,12450,27.843,15.686,14,,,,,,,,,,,,,413
2026-09-25T23:15:15.721,393.714,0,1149.5,55,,99.781,28.627,2.5,1.562,1.0,0.994,-0.035,12010,28.235,15.686,14,100,,,,,,,,,,,,
2026-09-25T23:15:15.851,393.844,0,1115.25,55,,99.469,33.333,9.5,1.562,1.0,0.998,-0.023,11840,29.804,16.078,15,,46,,,,,,,,,,,
2026-09-25T23:15:15.981,393.974,0,1097.0,61,,99.438,36.078,9.5,1.562,1.0,0.994,-0.035,12360,30.98,18.039,15,,,1.562,,,,,,,,,,
2026-09-25T23:15:16.111,394.104,0,1118.0,67,,99.125,41.176,10.0,0.781,1.0,0.985,-0.059,13030,31.765,20.784,15,,,,14.375,,,,,,,,,
2026-09-25T23:15:16.241,394.234,0,1162.25,77,,98.812,46.667,9.5,0.0,1.0,0.985,-0.059,13810,32.549,21.961,16,,,,,97,,,,,,,,
2026-09-25T23:15:16.371,394.365,0,1201.5,87,,99.781,46.275,9.5,0.781,1.0,1.002,-0.02,14620,32.549,22.353,16,,,,,,21,,,,,,,
2026-09-25T23:15:16.501,394.495,0,1234.5,89,,100.156,45.49,8.5,0.781,1.0,0.995,-0.031,15410,32.941,22.745,17,,,,,,,20.0,,,,,,
2026-09-25T23:15:16.631,394.624,0,1264.5,89,,100.656,43.922,8.0,0.781,1.0,0.996,-0.031,16040,32.941,22.745,18,,,,,,,,467.0,,,,,
2026-09-25T23:15:16.761,394.754,0,1306.25,89,,101.438,41.569,8.5,0.781,1.0,1.002,-0.02,16360,32.941,23.137,18,,,,,,,,,0.735,,,,
2026-09-25T23:15:16.891,394.884,0,1349.75,90,,101.875,41.569,9.5,1.562,1.0,1.015,-0.004,16340,32.941,23.529,19,,,,,,,,,,,0.0,,
2026-09-25T23:15:17.022,395.015,0,1392.25,90,,102.281,39.608,9.5,2.344,1.0,1.023,0.004,16310,32.941,23.922,19,,,,,,,,,,,,62.353,
2026-09-25T23:15:17.151,395.144,0,1435.25,90,,103.219,37.255,9.5,2.344,1.0,1.023,0.004,16130,32.941,24.314,20,,,,,,,,,,,,,415
2026-09-25T23:15:17.281,395.274,0,1478.5,92,,103.688,36.471,9.5,3.125,1.0,1.028,0.008,16140,33.333,25.49,20,99,,,,,,,,,,,,
2026-09-25T23:15:17.411,395.405,0,1532.0,93,,104.094,35.294,9.5,3.906,1.0,1.025,0.004,16230,33.333,25.098,21,,46,,,,,,,,,,,
2026-09-25T23:15:17.541,395.535,0,1582.0,94,,104.688,32.549,9.5,3.906,1.0,1.02,0.0,16120,33.333,25.098,22,,,0.781,,,,,,,,,,
2026-09-25T23:15:17.671,395.664,0,1631.5,94,,106.031,30.588,10.0,3.906,1.0,1.015,-0.004,16030,33.333,24.706,22,,,,14.335,,,,,,,,,
2026-09-25T23:15:17.801,395.795,0,1668.0,93,,106.75,29.804,10.0,4.688,1.0,1.014,-0.008,15930,33.333,24.314,23,,,,,98,,,,,,,,
2026-09-25T23:15:17.931,395.925,0,1716.0,93,,107.312,29.412,10.5,3.906,1.0,1.004,-0.016,15950,33.333,24.706,24,,,,,,21,,,,,,,
2026-09-25T23:15:18.071,396.065,0,1756.75,93,,108.469,28.627,11.0,3.906,1.0,0.995,-0.035,16020,33.333,24.314,24,,,,,,,20.0,,,,,,
2026-09-25T23:15:18.201,396.194,0,1809.75,92,,109.031,27.843,12.0,3.906,1.0,0.992,-0.039,15930,33.333,23.922,25,,,,,,,,466.8,,,,,
2026-09-25T23:15:18.331,396.324,0,1833.25,93,,109.656,27.843,12.0,3.906,1.0,0.997,-0.027,15890,33.333,24.314,25,,,,,,,,,0.725,,,,
2026-09-25T23:15:18.462,396.455,0,1884.5,92,,110.594,27.843,12.5,3.906,0.999,1.002,-0.02,15830,33.333,23.922,26,,,,,,,,,,,0.0,,
2026-09-25T23:15:18.591,396.585,0,1898.25,92,,111.25,27.451,13.0,3.906,0.999,1.0,-0.02,15820,32.941,23.529,26,,,,,,,,,,,,62.353,
2026-09-25T23:15:18.721,396.714,0,1941.25,92,,111.562,27.843,13.5,3.906,0.999,0.998,-0.023,15810,32.157,22.353,27,,,,,,,,,,,,,417
2026-09-25T23:15:18.851,396.844,0,1796.0,90,,112.969,24.706,-12.5,3.906,0.999,0.998,-0.027,15820,26.275,16.078,27,98,,,,,,,,,,,,
2026-09-25T23:15:18.981,396.975,0,1511.75,79,,109.469,21.961,-11.5,4.688,1.0,1.021,0.0,15390,14.51,12.549,27,,46,,,,,,,,,,,
2026-09-25T23:15:19.111,397.104,0,1423.0,60,,109.969,0.0,-8.5,3.906,1.0,0.969,-0.098,14730,14.51,12.549,27,,,3.125,,,,,,,,,,
2026-09-25T23:15:19.241,397.234,0,1434.25,39,,108.688,0.0,-1.5,1.562,1.0,0.962,-0.113,14140,14.51,12.549,27,,,,14.355,,,,,,,,,
2026-09-25T23:15:19.371,397.364,0,1396.25,26,,105.656,0.0,9.5,1.562,1.0,0.96,-0.117,14610,14.51,12.549,27,,,,,97,,,,,,,,
2026-09-25T23:15:19.501,397.494,0,1337.5,24,,104.562,0.0,10.5,1.562,1.0,0.976,-0.082,14110,14.51,12.157,27,,,,,,21,,,,,,,
2026-09-25T23:15:19.631,397.624,0,1268.5,23,,103.5,0.0,8.0,1.562,1.0,0.974,-0.086,13750,14.51,12.157,27,,,,,,,20.0,,,,,,
2026-09-25T23:15:19.761,397.754,0,1213.25,22,,102.156,0.0,3.5,1.562,1.001,0.978,-0.078,13400,14.51,12.157,27,,,,,,,,468.3,,,,,
2026-09-25T23:15:19.891,397.885,0,1195.25,22,,101.594,0.0,-2.0,1.562,1.001,0.976,-0.082,13040,14.51,12.157,27,,,,,,,,,0.73,,,,
2026-09-25T23:15:20.021,398.014,0,1151.75,22,,101.094,0.0,-1.5,0.781,1.002,0.976,-0.082,12700,14.51,12.157,27,,,,,,,,,,,0.0,,
2026-09-25T23:15:20.151,398.144,0,1165.25,22,,100.438,0.0,-1.5,0.0,1.002,0.979,-0.074,12290,14.51,12.157,26,,,,,,,,,,,,12.549,
2026-09-25T23:15:20.281,398.274,0,1223.75,22,,100.125,0.0,-3.0,0.0,1.002,0.987,-0.051,12040,14.51,12.157,26,,,,,,,,,,,,,418
2026-09-25T23:15:20.412,398.405,0,1202.25,22,,99.781,0.0,-6.0,0.0,1.001,1.118,0.109,11980,14.51,12.157,26,98,,,,,,,,,,,,
2026-09-25T23:15:20.541,398.534,0,1187.0,23,,99.531,0.0,-6.5,0.0,1.002,1.355,0.332,12010,14.51,12.157,26,,45,,,,,,,,,,,
2026-09-25T23:15:20.671,398.664,0,1172.75,23,,100.0,0.0,-6.5,0.0,0.996,1.675,0.535,12020,14.51,12.157,25,,,6.25,,,,,,,,,,
2026-09-25T23:15:20.801,398.794,0,1158.0,24,,99.219,0.0,-7.0,0.0,1.01,2.0,0.738,12020,14.51,12.157,25,,,,14.375,,,,,,,,,
2026-09-25T23:15:20.931,398.924,0,1144.25,25,,99.625,0.0,-7.0,0.0,1.058,2.0,0.879,12020,14.51,12.157,25,,,,,97,,,,,,,,
2026-09-25T23:15:21.061,399.055,0,1138.25,24,,99.312,0.0,-7.0,0.0,1.112,2.0,0.977,12020,14.51,12.157,25,,,,,,21,,,,,,,
2026-09-25T23:15:21.191,399.184,0,1129.25,24,,99.156,0.0,-7.0,0.0,1.17,2.0,1.043,12020,14.51,12.157,24,,,,,,,20.0,,,,,,
2026-09-25T23:15:21.321,399.314,0,1115.25,25,,99.156,0.0,-7.5,0.0,1.209,2.0,1.086,12030,14.51,11.765,24,,,,,,,,471.0,,,,,
2026-09-25T23:15:21.451,399.444,0,1099.25,25,,98.938,0.0,-7.5,0.0,1.269,2.0,1.129,12020,14.51,11.765,24,,,,,,,,,0.445,,,,
2026-09-25T23:15:21.582,399.575,0,1084.5,24,,98.906,0.0,-8.5,0.0,1.331,2.0,1.168,12030,14.51,11.765,23,,,,,,,,,,,0.0,,
2026-09-25T23:15:21.711,399.704,0,1072.5,24,,98.844,0.0,-8.5,0.0,1.416,2.0,1.18,12030,14.51,11.765,23,,,,,,,,,,,,12.941,
2026-09-25T23:15:21.841,399.834,0,1052.0,25,,98.812,12.157,-8.5,0.0,1.53,2.0,1.195,12030,14.51,11.765,23,,,,,,,,,,,,,420
2026-09-25T23:15:21.971,399.964,0,1035.25,23,,98.719,11.765,-8.5,0.0,1.622,2.0,1.234,11930,14.51,12.157,22,98,,,,,,,,,,,,
2026-09-25T23:15:22.100,400.094,0,1015.0,23,,98.594,11.373,-5.0,0.0,1.491,2.0,1.121,11780,14.51,11.765,21,,45,,,,,,,,,,,
2026-09-25T23:15:22.231,400.225,0,1036.25,23,,98.562,11.765,-8.0,0.0,1.301,2.0,0.992,11390,14.51,11.765,21,,,6.25,,,,,,,,,,
2026-09-25T23:15:22.361,400.355,0,1029.0,23,,98.5,11.373,-8.5,0.0,1.195,2.0,0.742,11420,14.51,11.765,20,,,,14.375,,,,,,,,,
2026-09-25T23:15:22.491,400.485,0,1038.5,22,,98.5,10.588,-8.5,0.0,1.092,1.535,0.457,11050,14.51,11.765,20,,,,,98,,,,,,,,
2026-09-25T23:15:22.622,400.615,0,1033.25,22,,98.469,11.373,-8.5,0.0,1.024,1.233,0.227,10740,14.51,12.157,20,,,,,,21,,,,,,,
2026-09-25T23:15:22.751,400.744,0,1044.5,22,,98.219,10.98,-8.5,0.0,0.972,1.081,0.07,10380,14.51,11.765,19,,,,,,,20.0,,,,,,
2026-09-25T23:15:22.881,400.874,0,1049.0,22,,98.219,10.98,-8.5,0.0,0.946,1.037,0.02,10090,14.51,11.765,19,,,,,,,,472.3,,,,,
2026-09-25T23:15:23.011,401.004,0,1060.0,22,,98.188,10.588,-8.5,0.0,0.927,1.003,-0.016,9720,14.51,12.157,18,,,,,,,,,0.12,,,,
2026-09-25T23:15:23.141,401.135,0,1077.25,22,,98.188,10.588,-8.5,0.0,0.919,0.998,-0.027,9370,14.51,12.157,18,,,,,,,,,,,0.0,,
2026-09-25T23:15:23.272,401.265,0,1070.5,22,,98.188,10.196,-8.5,3.125,0.913,0.984,-0.059,9080,14.51,11.765,18,,,,,,,,,,,,12.941,
2026-09-25T23:15:23.401,401.394,0,1029.5,22,,98.156,10.98,-9.5,3.906,0.91,0.99,-0.047,8690,14.51,11.765,17,,,,,,,,,,,,,421
2026-09-25T23:15:23.530,401.524,0,957.25,22,,98.062,11.373,-10.0,3.906,0.908,0.963,-0.113,8380,14.51,11.765,17,99,,,,,,,,,,,,
2026-09-25T23:15:23.661,401.654,0,859.0,23,,97.938,11.765,-3.0,3.125,0.907,0.942,-0.16,8140,14.51,11.765,16,,46,,,,,,,,,,,
2026-09-25T23:15:23.790,401.784,0,797.5,24,,97.875,12.549,23.0,2.344,0.907,0.91,-0.238,7920,14.51,14.118,16,,,4.688,,,,,,,,,,
2026-09-25T23:15:23.921,401.914,0,744.25,27,,97.844,18.431,12.0,0.781,0.906,0.896,-0.273,7420,14.51,12.941,16,,,,14.394,,,,,,,,,
2026-09-25T23:15:24.050,402.044,0,764.25,37,,97.875,24.706,-6.0,0.781,0.906,0.897,-0.27,6980,14.51,12.157,15,,,,,97,,,,,,,,
2026-09-25T23:15:24.181,402.174,0,825.0,37,,97.875,21.961,-10.0,0.781,0.905,0.896,-0.273,6440,14.51,12.157,14,,,,,,21,,,,,,,
2026-09-25T23:15:24.311,402.304,0,833.5,34,,97.875,20.0,-5.5,0.781,0.903,0.894,-0.281,6100,14.51,12.157,14,,,,,,,20.0,,,,,,
2026-09-25T23:15:24.441,402.434,0,831.0,32,,97.875,18.431,-3.0,0.781,0.902,0.892,-0.285,5660,14.51,12.157,13,,,,,,,,472.4,,,,,
2026-09-25T23:15:24.571,402.565,0,817.25,31,,97.875,18.431,-1.5,0.781,0.899,0.892,-0.285,5350,14.51,12.157,12,,,,,,,,,0.205,,,,
2026-09-25T23:15:24.701,402.694,0,803.25,31,,97.844,19.216,-0.5,0.781,0.897,0.893,-0.285,4920,14.51,12.549,12,,,,,,,,,,,0.0,,
2026-09-25T23:15:24.831,402.824,0,791.5,32,,97.812,19.216,-1.5,0.781,0.895,0.888,-0.297,4580,14.51,12.157,11,,,,,,,,,,,,20.784,
2026-09-25T23:15:24.960,402.954,0,779.75,33,,97.75,19.608,1.5,0.0,0.892,0.88,-0.316,4130,14.51,12.549,11,,,,,,,,,,,,,423
2026-09-25T23:15:25.091,403.084,0,773.25,34,,97.656,20.784,5.5,0.0,0.89,0.877,-0.328,3810,14.51,13.333,10,100,,,,,,,,,,,,
2026-09-25T23:15:25.221,403.214,0,756.75,34,,97.625,22.353,6.5,0.0,0.887,0.882,-0.312,3440,14.51,12.941,9,,46,,,,,,,,,,,
2026-09-25T23:15:25.350,403.344,0,769.5,38,,97.562,23.529,-2.0,0.781,0.885,0.893,-0.285,3320,14.51,12.549,9,,,3.906,,,,,,,,,,
2026-09-25T23:15:25.481,403.474,0,798.75,37,,97.562,22.745,-6.0,1.562,0.883,0.904,-0.25,3510,14.51,12.549,8,,,,14.375,,,,,,,,,
2026-09-25T23:15:25.610,403.604,0,815.0,36,,97.531,22.353,-5.5,2.344,0.882,0.901,-0.258,3430,14.51,12.549,7,,,,,98,,,,,,,,
2026-09-25T23:15:25.740,403.734,0,818.5,35,,97.562,21.176,-3.5,1.562,0.881,0.888,-0.297,3170,14.51,12.941,7,,,,,,21,,,,,,,
2026-09-25T23:15:25.871,403.864,0,821.5,35,,97.531,21.569,-5.5,1.562,0.881,0.882,-0.312,2970,14.51,12.549,6,,,,,,,20.0,,,,,,
2026-09-25T23:15:26.000,403.994,0,819.0,35,,97.562,21.176,-4.0,1.562,0.881,0.884,-0.309,2960,14.51,12.549,6,,,,,,,,472.0,,,,,
2026-09-25T23:15:26.131,404.124,0,819.0,34,,97.531,20.784,-4.5,1.562,0.881,0.888,-0.297,2940,14.51,12.549,5,,,,,,,,,0.24,,,,
2026-09-25T23:15:26.261,404.255,0,822.5,34,,97.531,20.784,-4.0,1.562,0.881,0.894,-0.277,2990,14.51,12.549,5,,,,,,,,,,,0.0,,
2026-09-25T23:15:26.391,404.384,0,820.5,35,,97.531,21.176,-4.5,2.344,0.881,0.896,-0.273,3120,14.51,12.549,5,,,,,,,,,,,,22.353,
2026-09-25T23:15:26.521,404.514,0,813.0,35,,97.531,21.569,-2.0,2.344,0.881,0.895,-0.277,3300,14.51,13.725,4,,,,,,,,,,,,,424
2026-09-25T23:15:26.651,404.644,0,825.5,36,,97.469,25.882,-2.5,2.344,0.881,0.891,-0.289,3500,14.51,12.549,4,101,,,,,,,,,,,,
2026-09-25T23:15:26.781,404.774,0,845.75,39,,97.562,23.922,-7.0,2.344,0.881,0.886,-0.301,3920,14.51,12.549,4,,47,,,,,,,,,,,
2026-09-25T23:15:26.911,404.904,0,849.0,37,,97.531,22.745,-4.5,1.562,0.88,0.88,-0.32,4040,14.51,12.549,4,,,4.688,,,,,,,,,,
2026-09-25T23:15:27.041,405.034,0,837.5,36,,97.531,21.569,-1.0,1.562,0.88,0.869,-0.352,4010,14.51,12.549,4,,,,14.433,,,,,,,,,
2026-09-25T23:15:27.170,405.164,0,827.75,35,,97.531,21.569,3.5,0.781,0.88,0.864,-0.367,3900,14.51,12.549,4,,,,,97,,,,,,,,
2026-09-25T23:15:27.300,405.294,0,833.25,37,,97.531,22.745,-1.5,0.781,0.88,0.861,-0.375,3990,14.51,12.549,4,,,,,,21,,,,,,,
2026-09-25T23:15:27.431,405.424,0,852.75,36,,97.531,21.569,-3.0,0.0,0.88,0.864,-0.367,4110,14.51,12.549,4,,,,,,,20.0,,,,,,
2026-09-25T23:15:27.561,405.554,0,861.0,35,,97.531,21.176,-3.5,0.0,0.88,0.865,-0.367,4210,14.51,12.549,4,,,,,,,,471.5,,,,,
2026-09-25T23:15:27.690,405.684,0,858.5,35,,97.531,21.176,-3.0,0.0,0.88,0.864,-0.367,4200,14.51,12.549,3,,,,,,,,,0.26,,,,
2026-09-25T23:15:27.821,405.814,0,853.5,35,,97.531,21.569,-3.0,0.0,0.88,0.865,-0.367,4200,14.51,12.549,3,,,,,,,,,,,0.0,,
2026-09-25T23:15:27.951,405.944,0,855.0,36,,97.531,21.961,-4.0,0.0,0.881,0.866,-0.359,4340,14.51,12.549,3,,,,,,,,,,,,23.137,
2026-09-25T23:15:28.080,406.074,0,854.75,36,,97.531,21.961,-3.5,0.0,0.881,0.868,-0.355,4440,14.51,12.549,3,,,,,,,,,,,,,426
2026-09-25T23:15:28.210,406.204,0,856.25,36,,97.531,21.961,-3.0,0.0,0.88,0.865,-0.363,4450,14.51,12.549,3,101,,,,,,,,,,,,
2026-09-25T23:15:28.341,406.335,0,851.75,35,,97.531,22.353,-3.0,0.0,0.88,0.866,-0.359,4430,14.51,12.549,3,,47,,,,,,,,,,,
2026-09-25T23:15:28.470,406.464,0,850.0,36,,97.531,22.353,-2.5,0.0,0.881,0.867,-0.359,4510,14.51,12.549,3,,,4.688,,,,,,,,,,
2026-09-25T23:15:28.600,406.594,0,845.25,36,,97.531,21.961,-1.5,0.0,0.88,0.867,-0.359,4580,14.51,12.549,3,,,,14.355,,,,,,,,,
2026-09-25T23:15:28.731,406.724,0,844.25,37,,97.531,22.745,-2.0,0.0,0.88,0.869,-0.352,4700,14.51,12.941,3,,,,,98,,,,,,,,
2026-09-25T23:15:28.860,406.854,0,848.0,37,,97.531,23.137,-3.5,0.0,0.88,0.869,-0.352,4830,14.51,12.549,3,,,,,,21,,,,,,,
2026-09-25T23:15:28.991,406.985,0,853.0,37,,97.531,23.137,-4.0,0.0,0.88,0.869,-0.352,4880,14.51,12.549,3,,,,,,,20.0,,,,,,
2026-09-25T23:15:29.120,407.114,0,857.75,37,,97.531,22.745,-4.0,0.0,0.88,0.869,-0.352,4940,14.51,12.549,3,,,,,,,,470.6,,,,,
2026-09-25T23:15:29.251,407.244,0,858.0,37,,97.531,22.745,-4.0,0.0,0.88,0.868,-0.355,4970,14.51,12.549,3,,,,,,,,,0.275,,,,
2026-09-25T23:15:29.381,407.374,0,855.75,37,,97.531,22.745,-2.5,0.0,0.88,0.873,-0.34,4960,14.51,12.549,3,,,,,,,,,,,0.0,,
2026-09-25T23:15:29.510,407.504,0,856.5,37,,97.531,23.137,-3.0,0.0,0.88,0.877,-0.328,4960,14.51,12.549,3,,,,,,,,,,,,25.098,
2026-09-25T23:15:29.641,407.634,0,856.25,38,,97.531,23.137,-5.5,0.0,0.88,0.877,-0.328,5070,14.51,12.549,3,,,,,,,,,,,,,427
2026-09-25T23:15:29.770,407.764,0,854.0,37,,97.531,22.745,-4.0,0.0,0.88,0.877,-0.328,5080,14.51,12.549,2,101,,,,,,,,,,,,
2026-09-25T23:15:29.901,407.894,0,845.25,37,,97.531,22.353,-2.0,0.0,0.88,0.874,-0.336,4960,14.51,12.157,2,,47,,,,,,,,,,,
2026-09-25T23:15:30.031,408.024,0,846.0,37,,97.531,23.529,-1.0,0.0,0.88,0.875,-0.332,4910,14.51,12.941,2,,,3.906,,,,,,,,,,
2026-09-25T23:15:30.160,408.154,0,842.25,37,,97.531,23.529,-3.0,0.0,0.88,0.873,-0.34,4890,14.51,12.157,2,,,,14.375,,,,,,,,,
2026-09-25T23:15:30.290,408.284,0,840.5,37,,97.531,22.745,0.0,-0.781,0.88,0.872,-0.344,4930,14.51,12.549,2,,,,,97,,,,,,,,
2026-09-25T23:15:30.421,408.414,0,837.0,37,,97.531,23.529,-2.5,-0.781,0.88,0.872,-0.344,4920,14.51,12.549,1,,,,,,21,,,,,,,
2026-09-25T23:15:30.551,408.544,0,834.0,37,,97.531,23.137,0.5,-0.781,0.88,0.87,-0.348,4990,14.51,12.549,1,,,,,,,20.0,,,,,,
2026-09-25T23:15:30.681,408.674,0,831.5,37,,97.531,23.922,-2.5,-0.781,0.881,0.871,-0.344,4990,14.51,12.549,1,,,,,,,,469.6,,,,,
2026-09-25T23:15:30.811,408.804,0,829.75,37,,97.531,22.745,1.0,-0.781,0.883,0.87,-0.352,4900,14.51,12.549,1,,,,,,,,,0.305,,,,
2026-09-25T23:15:30.941,408.934,0,825.25,38,,97.531,23.529,0.0,-1.562,0.885,0.869,-0.352,4980,14.51,12.549,1,,,,,,,,,,,0.0,,
2026-09-25T23:15:31.071,409.064,0,829.75,38,,97.531,23.922,-1.5,-1.562,0.887,0.869,-0.352,5170,14.51,12.549,0,,,,,,,,,,,,25.098,
2026-09-25T23:15:31.201,409.195,0,833.25,38,,97.531,23.922,-2.5,-1.562,0.889,0.871,-0.344,5320,14.51,12.157,0,,,,,,,,,,,,,429
2026-09-25T23:15:31.331,409.324,0,834.25,38,,97.531,23.529,0.5,-2.344,0.892,0.868,-0.355,5380,14.51,12.157,0,101,,,,,,,,,,,,
2026-09-25T23:15:31.461,409.454,0,834.5,38,,97.531,23.529,-0.5,-3.125,0.895,0.862,-0.371,5400,14.51,12.157,0,,47,,,,,,,,,,,
2026-09-25T23:15:31.591,409.584,0,832.0,37,,97.531,23.137,-4.0,-3.125,0.897,0.858,-0.387,5320,14.51,12.157,0,,,5.469,,,,,,,,,,
2026-09-25T23:15:31.720,409.714,0,818.75,37,,97.531,22.353,-0.5,-3.906,0.899,0.858,-0.387,5070,14.51,12.157,0,,,,14.335,,,,,,,,,
2026-09-25T23:15:31.850,409.844,0,812.25,36,,97.531,22.745,-3.5,-4.688,0.904,0.861,-0.375,4840,14.51,11.765,0,,,,,98,,,,,,,,
2026-09-25T23:15:31.980,409.974,0,805.0,36,,97.531,21.961,-2.5,-4.688,0.91,0.873,-0.34,4620,14.51,12.157,0,,,,,,21,,,,,,,
2026-09-25T23:15:32.110,410.104,0,799.75,35,,97.531,21.176,-2.5,-4.688,0.918,0.88,-0.316,4390,14.51,12.157,0,,,,,,,20.0,,,,,,
2026-09-25T23:15:32.240,410.234,0,790.25,36,,97.531,22.353,-2.5,-5.469,0.922,0.887,-0.297,4230,14.51,12.157,0,,,,,,,,469.0,,,,,
2026-09-25T23:15:32.370,410.364,0,780.0,36,,97.531,21.961,1.0,-6.25,0.943,0.896,-0.27,4160,14.51,12.157,0,,,,,,,,,0.83,,,,
2026-09-25T23:15:32.500,410.494,0,780.5,36,,97.531,23.137,-1.0,-6.25,0.962,0.915,-0.223,4170,14.51,12.157,0,,,,,,,,,,,0.0,,
2026-09-25T23:15:32.630,410.624,0,777.0,37,,97.531,23.137,0.0,-7.031,0.978,0.929,-0.191,4350,14.51,12.157,0,,,,,,,,,,,,23.529,
2026-09-25T23:15:32.761,410.754,0,778.0,37,,97.531,23.137,-1.5,-7.031,0.987,0.938,-0.168,4490,14.51,12.157,0,,,,,,,,,,,,,431
2026-09-25T23:15:32.890,410.884,0,783.5,37,,97.531,22.353,-1.0,-7.031,0.994,0.949,-0.145,4610,14.51,12.157,0,101,,,,,,,,,,,,
2026-09-25T23:15:33.021,411.014,0,786.0,37,,97.531,22.745,-1.5,-7.031,0.997,0.959,-0.121,4620,14.51,12.157,0,,47,,,,,,,,,,,
2026-09-25T23:15:33.151,411.144,0,780.75,37,,97.531,22.745,-0.5,-7.812,0.999,0.96,-0.117,4680,14.51,12.549,0,,,5.469,,,,,,,,,,
2026-09-25T23:15:33.291,411.284,0,775.75,38,,97.531,23.922,-1.5,-7.812,1.001,0.966,-0.105,4690,14.51,12.157,0,,,,14.335,,,,,,,,,
2026-09-25T23:15:33.420,411.414,0,779.5,37,,97.531,22.745,1.0,-7.812,1.002,0.973,-0.09,4750,14.51,12.157,0,,,,,98,,,,,,,,
2026-09-25T23:15:33.550,411.544,0,780.75,37,,97.531,23.922,-1.0,-7.812,1.002,0.975,-0.086,4840,14.51,12.157,0,,,,,,21,,,,,,,
2026-09-25T23:15:33.681,411.674,0,777.5,38,,97.531,23.137,-2.5,-7.812,1.002,0.979,-0.074,4960,14.51,12.157,0,,,,,,,20.0,,,,,,
2026-09-25T23:15:33.811,411.804,0,789.0,38,,97.531,23.529,-3.0,-7.812,1.003,0.98,-0.07,4970,14.51,12.157,0,,,,,,,,469.4,,,,,
2026-09-25T23:15:33.941,411.934,0,787.5,38,,97.531,23.137,-2.5,-7.812,1.004,0.979,-0.074,4980,14.51,12.157,0,,,,,,,,,0.84,,,,
2026-09-25T23:15:34.070,412.064,0,785.25,38,,97.531,23.529,-2.0,-8.594,1.005,0.98,-0.07,4960,14.51,12.157,0,,,,,,,,,,,0.0,,
2026-09-25T23:15:34.200,412.194,0,785.0,38,,97.531,23.137,-2.0,-8.594,1.005,0.982,-0.066,4950,14.51,12.157,0,,,,,,,,,,,,24.314,
2026-09-25T23:15:34.331,412.324,0,787.0,38,,97.531,23.529,-2.0,-8.594,1.005,0.985,-0.059,4970,14.51,12.157,0,,,,,,,,,,,,,432
2026-09-25T23:15:34.461,412.454,0,783.25,38,,97.531,23.529,-2.0,-7.812,1.004,0.989,-0.047,5060,14.51,12.157,0,102,,,,,,,,,,,,
2026-09-25T23:15:34.591,412.584,0,785.75,38,,97.531,23.922,-2.5,-8.594,1.003,0.987,-0.051,5080,14.51,12.157,0,,48,,,,,,,,,,,
2026-09-25T23:15:34.720,412.714,0,791.0,38,,97.531,23.529,-3.5,-8.594,1.003,0.99,-0.047,5080,14.51,12.157,0,,,6.25,,,,,,,,,,
2026-09-25T23:15:34.850,412.844,0,791.0,37,,97.531,23.137,-1.5,-8.594,1.003,0.987,-0.051,5000,14.51,12.157,0,,,,14.375,,,,,,,,,
2026-09-25T23:15:34.980,412.974,0,784.75,37,,97.531,22.745,-1.0,-8.594,1.002,0.989,-0.047,4870,14.51,12.157,0,,,,,98,,,,,,,,
2026-09-25T23:15:35.111,413.104,0,784.5,37,,97.531,23.137,-2.0,-8.594,1.002,0.992,-0.039,4790,14.51,12.157,0,,,,,,21,,,,,,,
2026-09-25T23:15:35.241,413.234,0,783.75,37,,97.531,23.922,-1.0,-8.594,1.002,0.994,-0.035,4880,14.51,12.157,0,,,,,,,20.0,,,,,,
2026-09-25T23:15:35.370,413.364,0,781.75,38,,97.531,23.922,-2.5,-8.594,1.002,0.995,-0.031,4970,14.51,12.157,0,,,,,,,,469.7,,,,,
2026-09-25T23:15:35.500,413.494,0,780.0,38,,97.531,23.529,-2.0,-8.594,1.002,0.999,-0.023,5030,14.51,12.157,0,,,,,,,,,0.835,,,,
2026-09-25T23:15:35.630,413.624,0,787.0,38,,97.531,23.922,-2.5,-8.594,1.002,1.005,-0.016,5040,14.51,12.157,0,,,,,,,,,,,0.0,,
2026-09-25T23:15:35.760,413.754,0,784.5,38,,97.531,23.529,-0.5,-7.812,1.002,1.007,-0.012,5020,14.51,12.549,0,,,,,,,,,,,,24.706,
2026-09-25T23:15:35.891,413.884,0,781.5,38,,97.531,23.922,-2.5,-7.812,1.002,1.016,-0.004,4980,14.51,12.157,0,,,,,,,,,,,,,434
2026-09-25T23:15:36.020,414.014,0,787.0,38,,97.531,23.922,-1.5,-7.031,1.002,1.02,0.0,5070,14.51,12.157,0,102,,,,,,,,,,,,
2026-09-25T23:15:36.150,414.144,0,789.5,38,,97.531,23.529,-1.5,-7.031,1.002,1.017,-0.004,5010,14.51,12.157,0,,48,,,,,,,,,,,
2026-09-25T23:15:36.280,414.274,0,787.0,37,,97.531,23.137,-2.5,-7.031,1.002,1.015,-0.004,4950,14.51,12.157,0,,,5.469,,,,,,,,,,
2026-09-25T23:15:36.410,414.404,0,782.75,37,,97.531,23.137,-1.0,-7.031,1.002,1.015,-0.004,4860,14.51,12.157,0,,,,14.414,,,,,,,,,
2026-09-25T23:15:36.541,414.534,0,783.5,37,,97.531,23.529,-1.5,-7.031,1.002,1.018,-0.004,4870,14.51,12.549,0,,,,,98,,,,,,,,
2026-09-25T23:15:36.670,414.664,0,777.0,38,,97.531,23.922,-2.0,-7.031,1.002,1.019,0.0,4930,14.51,12.157,0,,,,,,21,,,,,,,
2026-09-25T23:15:36.800,414.794,0,776.5,39,,97.531,23.922,-1.0,-6.25,1.002,1.026,0.008,5090,14.51,12.157,0,,,,,,,20.0,,,,,,
2026-09-25T23:15:36.930,414.924,0,785.25,38,,97.531,24.314,-2.5,-6.25,1.003,1.028,0.008,5170,14.51,12.157,0,,,,,,,,469.9,,,,,
2026-09-25T23:15:37.061,415.054,0,791.5,38,,97.531,23.529,-2.5,-6.25,1.002,1.028,0.008,5220,14.51,12.157,0,,,,,,,,,0.85,,,,
2026-09-25T23:15:37.191,415.184,0,788.75,38,,97.531,23.922,-2.5,-5.469,1.003,1.027,0.008,5170,14.51,12.157,0,,,,,,,,,,,0.0,,
2026-09-25T23:15:37.322,415.316,0,788.25,38,,97.531,23.137,-1.5,-5.469,1.003,1.023,0.004,5110,14.51,12.157,0,,,,,,,,,,,,24.314,
2026-09-25T23:15:37.450,415.444,0,787.0,38,,97.531,23.529,-1.0,-5.469,1.003,1.021,0.0,5110,14.51,12.549,0,,,,,,,,,,,,,435
2026-09-25T23:15:37.580,415.574,0,783.0,38,,97.531,23.922,-2.5,-5.469,1.003,1.02,0.0,5120,14.51,12.157,0,102,,,,,,,,,,,,
2026-09-25T23:15:37.710,415.704,0,786.5,38,,97.531,24.314,-1.5,-5.469,1.003,1.021,0.0,5170,14.51,12.157,0,,48,,,,,,,,,,,
2026-09-25T23:15:37.841,415.834,0,791.75,38,,97.531,23.529,-1.5,-5.469,1.003,1.025,0.004,5190,14.51,12.549,0,,,5.469,,,,,,,,,,
2026-09-25T23:15:37.971,415.964,0,790.75,38,,97.531,23.922,-3.0,-5.469,1.003,1.021,0.0,5150,14.51,12.549,0,,,,14.394,,,,,,,,,
2026-09-25T23:15:38.101,416.094,0,794.5,38,,97.531,23.922,10.0,-4.688,1.003,1.025,0.004,5270,14.51,15.294,0,,,,,98,,,,,,,,
2026-09-25T23:15:38.230,416.224,0,809.5,45,,97.219,35.294,-1.5,-4.688,1.003,1.024,0.004,5670,14.51,13.725,0,,,,,,21,,,,,,,
2026-09-25T23:15:38.361,416.354,0,891.25,51,,97.531,32.157,-11.5,-4.688,1.003,1.026,0.008,6240,14.51,12.549,0,,,,,,,20.0,,,,,,
2026-09-25T23:15:38.490,416.484,0,925.5,46,,97.531,28.627,-8.5,-4.688,1.003,1.013,-0.008,6910,14.51,13.333,0,,,,,,,,469.9,,,,,
2026-09-25T23:15:38.620,416.614,0,906.75,44,,97.531,27.451,0.0,-5.469,1.003,0.993,-0.039,7480,14.51,14.118,0,,,,,,,,,0.86,,,,
2026-09-25T23:15:38.750,416.744,0,894.0,44,,97.469,30.588,1.0,-6.25,1.003,0.985,-0.059,8160,14.51,14.51,0,,,,,,,,,,,0.0,,
2026-09-25T23:15:38.881,416.874,0,865.75,51,,97.438,33.725,3.0,-6.25,1.002,0.99,-0.047,8790,14.51,14.51,0,,,,,,,,,,,,39.608,
2026-09-25T23:15:39.010,417.004,0,836.5,55,,97.469,37.647,3.0,-6.25,1.002,0.997,-0.027,9370,14.51,14.118,1,,,,,,,,,,,,,437
2026-09-25T23:15:39.141,417.134,0,827.5,57,,97.5,38.824,-2.0,-5.469,1.003,1.009,-0.012,9740,14.51,13.725,1,102,,,,,,,,,,,,
2026-09-25T23:15:39.270,417.264,0,838.0,57,,97.531,37.647,-1.0,-5.469,1.003,1.013,-0.008,10350,14.51,14.118,2,,48,,,,,,,,,,,
2026-09-25T23:15:39.400,417.394,0,846.75,56,,97.531,37.647,-1.0,-5.469,1.004,1.005,-0.016,10940,14.51,14.118,2,,,3.125,,,,,,,,,,
2026-09-25T23:15:39.531,417.524,0,844.5,56,,97.562,37.647,0.0,-5.469,1.004,0.998,-0.023,11420,14.51,13.725,2,,,,14.414,,,,,,,,,
2026-09-25T23:15:39.661,417.654,0,842.5,56,,97.75,37.647,-1.0,-6.25,1.004,0.992,-0.039,12000,14.51,13.725,3,,,,,97,,,,,,,,
2026-09-25T23:15:39.791,417.785,0,834.5,55,,97.781,36.471,-0.5,-6.25,1.004,0.989,-0.051,12160,14.51,13.725,3,,,,,,21,,,,,,,
2026-09-25T23:15:39.921,417.914,0,830.0,55,,97.844,36.471,-1.5,-6.25,1.003,0.987,-0.055,12080,14.51,13.333,3,,,,,,,20.0,,,,,,
2026-09-25T23:15:40.050,418.044,0,831.75,54,,97.875,33.333,-7.0,-6.25,1.003,0.987,-0.051,11800,14.51,12.549,4,,,,,,,,469.4,,,,,
2026-09-25T23:15:40.180,418.174,0,840.5,48,,97.875,30.196,-11.5,-6.25,1.003,0.99,-0.047,11540,14.51,11.765,4,,,,,,,,,0.86,,,,
2026-09-25T23:15:40.310,418.304,0,849.25,44,,97.875,27.059,-8.5,-7.031,1.003,0.984,-0.062,11190,14.51,12.549,4,,,,,,,,,,,0.0,,
2026-09-25T23:15:40.440,418.434,0,846.75,41,,97.875,24.706,-6.5,-7.031,1.003,0.981,-0.066,10780,14.51,12.157,4,,,,,,,,,,,,26.275,
2026-09-25T23:15:40.570,418.564,0,844.5,39,,97.875,23.529,-4.0,-7.812,1.003,0.976,-0.082,10480,14.51,12.549,4,,,,,,,,,,,,,438
2026-09-25T23:15:40.701,418.694,0,842.25,38,,97.875,23.529,-2.5,-8.594,1.003,0.959,-0.121,10070,14.51,12.549,3,102,,,,,,,,,,,,
2026-09-25T23:15:40.830,418.824,0,839.0,38,,97.875,23.922,-2.0,-9.375,1.003,0.938,-0.168,9700,14.51,12.549,3,,48,,,,,,,,,,,
2026-09-25T23:15:40.960,418.954,0,840.75,38,,97.875,23.922,-2.5,-10.938,1.003,0.934,-0.18,9390,14.51,12.549,3,,,5.469,,,,,,,,,,
2026-09-25T23:15:41.090,419.084,0,841.75,39,,97.875,23.922,-1.0,-10.938,1.003,0.939,-0.164,8980,14.51,12.549,3,,,,14.257,,,,,,,,,
2026-09-25T23:15:41.220,419.214,0,840.0,39,,97.844,24.706,-3.5,-10.938,1.003,0.951,-0.137,8560,14.51,12.549,3,,,,,97,,,,,,,,
2026-09-25T23:15:41.351,419.344,0,831.0,39,,97.781,25.098,-2.0,-10.156,1.003,0.975,-0.086,8270,14.51,12.549,2,,,,,,21,,,,,,,
2026-09-25T23:15:41.480,419.474,0,827.5,40,,97.812,25.49,1.0,-10.156,1.003,0.992,-0.039,7870,14.51,12.549,2,,,,,,,20.0,,,,,,
2026-09-25T23:15:41.610,419.604,0,819.25,41,,97.656,26.667,-0.5,-9.375,1.003,1.021,0.0,7550,14.51,12.549,2,,,,,,,,469.6,,,,,
2026-09-25T23:15:41.740,419.734,0,817.5,41,,97.812,26.275,0.0,-7.812,1.003,1.044,0.027,7120,14.51,12.549,2,,,,,,,,,0.845,,,,
2026-09-25T23:15:41.870,419.864,0,822.75,41,,97.719,25.49,-5.0,-6.25,1.003,1.063,0.051,6780,14.51,12.157,1,,,,,,,,,,,0.0,,
2026-09-25T23:15:42.001,419.994,0,825.75,40,,97.812,24.706,-4.0,-6.25,1.003,1.058,0.043,6350,14.51,12.157,1,,,,,,,,,,,,25.49,
2026-09-25T23:15:42.131,420.125,0,825.75,39,,97.75,24.314,-3.0,-6.25,1.003,1.046,0.031,6040,14.51,12.157,1,,,,,,,,,,,,,440
2026-09-25T23:15:42.261,420.254,0,812.75,38,,97.781,23.529,-2.5,-6.25,1.003,1.033,0.016,5640,14.51,12.157,1,102,,,,,,,,,,,,
2026-09-25T23:15:42.390,420.384,0,794.75,38,,97.75,23.529,-2.0,-6.25,1.003,1.031,0.012,5350,14.51,12.157,0,,48,,,,,,,,,,,
2026-09-25T23:15:42.520,420.514,0,774.75,38,,97.688,23.922,2.0,-6.25,1.003,1.032,0.012,4970,14.51,12.549,0,,,5.469,,,,,,,,,,
2026-09-25T23:15:42.651,420.644,0,768.5,39,,97.625,25.49,2.0,-5.469,1.003,1.04,0.023,4660,14.51,12.549,0,,,,14.375,,,,,,,,,
2026-09-25T23:15:42.780,420.774,0,768.25,42,,97.562,26.275,-3.0,-4.688,1.003,1.052,0.035,4610,14.51,12.157,0,,,,,98,,,,,,,,
2026-09-25T23:15:42.910,420.904,0,780.25,41,,97.656,25.882,-3.5,-3.906,1.003,1.065,0.051,4720,14.51,12.157,0,,,,,,21,,,,,,,
2026-09-25T23:15:43.040,421.034,0,785.5,40,,97.562,24.706,-2.5,-3.125,1.003,1.062,0.051,4630,14.51,12.157,0,,,,,,,20.0,,,,,,
2026-09-25T23:15:43.170,421.164,0,788.5,39,,97.562,24.706,-2.5,-3.125,1.003,1.054,0.039,4460,14.51,12.157,0,,,,,,,,469.8,,,,,
2026-09-25T23:15:43.301,421.294,0,782.0,39,,97.562,24.314,-2.0,-3.125,1.003,1.05,0.035,4450,14.51,12.157,0,,,,,,,,,0.84,,,,
2026-09-25T23:15:43.440,421.434,0,786.75,39,,97.562,24.706,-2.5,-3.125,1.003,1.054,0.039,4450,14.51,12.157,0,,,,,,,,,,,0.0,,
2026-09-25T23:15:43.571,421.564,0,792.5,39,,97.562,24.314,-3.5,-2.344,1.003,1.049,0.031,4480,14.51,12.157,0,,,,,,,,,,,,25.49,
2026-09-25T23:15:43.701,421.695,0,788.0,39,,97.562,24.706,-3.5,-2.344,1.003,1.049,0.031,4530,14.51,12.157,0,,,,,,,,,,,,,442
2026-09-25T23:15:43.830,421.824,0,788.25,39,,97.531,24.706,-2.0,-2.344,1.003,1.045,0.027,4550,14.51,12.157,0,102,,,,,,,,,,,,
2026-09-25T23:15:43.960,421.954,0,789.0,38,,97.531,23.922,-2.0,-1.562,1.002,1.047,0.031,4520,14.51,12.157,0,,48,,,,,,,,,,,
2026-09-25T23:15:44.090,422.084,0,790.75,38,,97.562,23.922,-2.5,-1.562,1.002,1.044,0.027,4560,14.51,12.157,0,,,5.469,,,,,,,,,,
2026-09-25T23:15:44.220,422.214,0,790.0,39,,97.562,24.314,-2.5,-1.562,1.002,1.04,0.023,4650,14.51,12.157,0,,,,14.453,,,,,,,,,
2026-09-25T23:15:44.350,422.344,0,792.0,38,,97.531,23.529,-2.5,-0.781,1.002,1.041,0.023,4740,14.51,12.157,0,,,,,97,,,,,,,,
2026-09-25T23:15:44.480,422.474,0,792.5,39,,97.531,24.314,-1.5,-0.781,1.002,1.041,0.023,4810,14.51,12.157,0,,,,,,21,,,,,,,
2026-09-25T23:15:44.611,422.605,0,784.0,39,,97.531,24.314,-2.5,-0.781,1.002,1.043,0.027,4900,14.51,12.549,0,,,,,,,20.0,,,,,,
2026-09-25T23:15:44.741,422.734,0,787.25,39,,97.531,24.706,-3.5,0.0,1.002,1.04,0.023,5110,14.51,12.157,0,,,,,,,,470.0,,,,,
2026-09-25T23:15:44.870,422.864,0,790.5,39,,97.531,24.314,-2.5,0.0,1.002,1.036,0.02,5280,14.51,12.157,0,,,,,,,,,0.84,,,,
2026-09-25T23:15:45.000,422.994,0,791.0,39,,97.531,24.314,-2.5,0.0,1.002,1.038,0.02,5370,14.51,12.157,0,,,,,,,,,,,0.0,,
2026-09-25T23:15:45.130,423.124,0,794.25,38,,97.531,24.314,-3.5,0.0,1.002,1.035,0.016,5360,14.51,12.157,0,,,,,,,,,,,,24.706,
2026-09-25T23:15:45.260,423.254,0,789.5,39,,97.531,24.314,-2.5,0.0,1.002,1.043,0.027,5390,14.51,12.157,0,,,,,,,,,,,,,443
2026-09-25T23:15:45.391,423.384,0,787.25,39,,97.531,24.314,-1.0,0.0,1.002,1.046,0.031,5380,14.51,12.549,0,102,,,,,,,,,,,,
2026-09-25T23:15:45.520,423.514,0,784.25,39,,97.531,24.314,-3.0,0.781,1.002,1.048,0.031,5400,14.51,12.157,0,,48,,,,,,,,,,,
2026-09-25T23:15:45.650,423.644,0,790.5,39,,97.531,24.314,-3.0,0.781,1.002,1.047,0.031,5470,14.51,12.157,0,,,4.688,,,,,,,,,,
2026-09-25T23:15:45.780,423.774,0,795.0,39,,97.531,23.922,-2.5,1.562,1.002,1.043,0.027,5450,14.51,12.157,0,,,,14.394,,,,,,,,,
2026-09-25T23:15:45.910,423.904,0,792.0,38,,97.531,23.922,-2.5,1.562,1.002,1.042,0.023,5400,14.51,12.157,0,,,,,98,,,,,,,,
2026-09-25T23:15:46.041,424.034,0,791.0,39,,97.531,24.314,-2.0,1.562,1.002,1.038,0.02,5410,14.51,12.157,0,,,,,,21,,,,,,,
2026-09-25T23:15:46.170,424.164,0,794.0,39,,97.531,24.314,-2.5,1.562,1.002,1.043,0.027,5400,14.51,12.157,0,,,,,,,20.0,,,,,,
2026-09-25T23:15:46.300,424.294,0,795.25,39,,97.531,23.922,-3.5,2.344,1.002,1.04,0.023,5420,14.51,12.157,0,,,,,,,,470.2,,,,,
2026-09-25T23:15:46.431,424.425,0,795.25,39,,97.531,24.314,-3.5,2.344,1.002,1.038,0.02,5460,14.51,12.157,0,,,,,,,,,0.835,,,,
2026-09-25T23:15:46.560,424.554,0,794.5,39,,97.531,23.922,-4.0,2.344,1.002,1.04,0.023,5480,14.51,12.157,0,,,,,,,,,,,0.0,,
2026-09-25T23:15:46.691,424.684,0,798.0,39,,97.531,24.314,-4.0,2.344,1.002,1.037,0.02,5530,14.51,12.157,0,,,,,,,,,,,,25.49,
2026-09-25T23:15:46.820,424.814,0,796.75,39,,97.531,24.706,-4.5,3.125,1.002,1.033,0.016,5540,14.51,12.157,0,,,,,,,,,,,,,445
2026-09-25T23:15:46.950,424.944,0,794.0,39,,97.531,24.314,-4.0,3.125,1.002,1.035,0.016,5560,14.51,12.157,0,102,,,,,,,,,,,,
2026-09-25T23:15:47.080,425.074,0,793.75,39,,97.531,24.314,-3.5,3.125,1.002,1.029,0.012,5540,14.51,12.157,0,,48,,,,,,,,,,,
2026-09-25T23:15:47.210,425.204,0,797.0,39,,97.531,23.922,-3.5,3.125,1.002,1.027,0.008,5480,14.51,12.157,0,,,4.688,,,,,,,,,,
2026-09-25T23:15:47.340,425.334,0,798.75,38,,97.531,24.706,-4.5,3.125,1.002,1.024,0.004,5440,14.51,12.157,0,,,,14.414,,,,,,,,,
2026-09-25T23:15:47.471,425.464,0,796.5,39,,97.531,23.922,-4.0,3.125,1.002,1.025,0.004,5440,14.51,12.157,0,,,,,97,,,,,,,,
2026-09-25T23:15:47.601,425.595,0,796.25,38,,97.531,24.314,-4.0,3.906,1.002,1.024,0.004,5430,14.51,12.157,0,,,,,,21,,,,,,,
2026-09-25T23:15:47.731,425.724,0,792.75,38,,97.531,24.314,-3.0,3.906,1.002,1.021,0.0,5400,14.51,12.157,0,,,,,,,20.0,,,,,,
2026-09-25T23:15:47.860,425.854,0,794.0,38,,97.531,24.314,-3.0,3.906,1.002,1.018,-0.004,5380,14.51,12.157,0,,,,,,,,470.3,,,,,
2026-09-25T23:15:47.990,425.984,0,792.0,39,,97.531,24.314,-2.5,3.906,1.002,1.014,-0.008,5390,14.51,12.157,0,,,,,,,,,0.83,,,,
2026-09-25T23:15:48.120,426.114,0,797.0,39,,97.531,24.314,-4.0,3.906,1.002,1.019,0.0,5390,14.51,12.157,0,,,,,,,,,,,0.0,,
2026-09-25T23:15:48.250,426.244,0,799.0,39,,97.531,23.922,-4.5,3.906,1.002,1.013,-0.008,5340,14.51,12.157,0,,,,,,,,,,,,25.49,
2026-09-25T23:15:48.380,426.374,0,797.5,39,,97.531,24.314,-4.5,3.906,1.002,1.014,-0.008,5380,14.51,12.157,0,,,,,,,,,,,,,446
2026-09-25T23:15:48.510,426.504,0,796.0,38,,97.531,24.314,-4.0,3.906,1.002,1.014,-0.008,5360,14.51,12.157,0,102,,,,,,,,,,,,
2026-09-25T23:15:48.641,426.634,0,795.75,38,,97.531,24.314,-3.5,3.906,1.002,1.009,-0.012,5390,14.51,12.157,0,,48,,,,,,,,,,,
2026-09-25T23:15:48.770,426.764,0,798.0,39,,97.531,24.314,-4.5,3.906,1.002,1.009,-0.012,5400,14.51,12.157,0,,,4.688,,,,,,,,,,
2026-09-25T23:15:48.901,426.894,0,790.25,39,,97.531,24.314,-3.5,3.906,1.002,1.013,-0.008,5430,14.51,12.157,0,,,,14.375,,,,,,,,,
2026-09-25T23:15:49.031,427.025,0,798.5,39,,97.531,24.706,-4.0,3.906,1.003,1.015,-0.004,5470,14.51,12.157,0,,,,,98,,,,,,,,
2026-09-25T23:15:49.160,427.154,0,798.75,39,,97.531,24.314,-4.0,3.906,1.004,1.008,-0.012,5480,14.51,12.549,0,,,,,,21,,,,,,,
2026-09-25T23:15:49.290,427.284,0,797.5,39,,97.531,24.314,-4.5,3.906,1.005,1.008,-0.012,5480,14.51,12.157,0,,,,,,,20.0,,,,,,
2026-09-25T23:15:49.420,427.414,0,797.5,39,,97.531,24.706,-4.0,3.906,1.005,1.008,-0.012,5480,14.51,12.157,0,,,,,,,,470.5,,,,,
2026-09-25T23:15:49.550,427.544,0,795.5,39,,97.531,24.706,-3.5,3.906,1.005,1.009,-0.012,5490,14.51,12.157,0,,,,,,,,,0.83,,,,
2026-09-25T23:15:49.680,427.674,0,798.75,39,,97.531,24.706,-4.0,3.906,1.005,1.012,-0.008,5510,14.51,12.549,0,,,,,,,,,,,0.0,,
2026-09-25T23:15:49.810,427.804,0,797.0,39,,97.531,24.314,-5.0,3.906,1.006,1.012,-0.008,5530,14.51,12.157,0,,,,,,,,,,,,25.49,
2026-09-25T23:15:49.940,427.934,0,802.0,39,,97.531,23.922,-4.5,3.906,1.006,1.013,-0.008,5550,14.51,12.157,0,,,,,,,,,,,,,448
2026-09-25T23:15:50.071,428.064,0,796.25,39,,97.531,23.922,-2.5,3.906,1.006,1.007,-0.012,5500,14.51,12.549,0,102,,,,,,,,,,,,
2026-09-25T23:15:50.200,428.194,0,790.25,38,,97.531,24.314,-1.5,3.906,1.006,1.013,-0.008,5440,14.51,12.549,0,,48,,,,,,,,,,,
2026-09-25T23:15:50.331,428.324,0,792.25,39,,97.531,24.706,-3.5,4.688,1.006,1.013,-0.008,5440,14.51,12.549,0,,,4.688,,,,,,,,,,
2026-09-25T23:15:50.461,428.455,0,795.75,39,,97.531,24.706,-3.5,4.688,1.006,1.019,0.0,5550,14.51,12.157,0,,,,14.375,,,,,,,,,
2026-09-25T23:15:50.590,428.584,0,799.5,39,,97.531,24.706,-4.0,4.688,1.006,1.013,-0.008,5560,14.51,12.157,0,,,,,98,,,,,,,,
2026-09-25T23:15:50.720,428.714,0,798.0,39,,97.531,23.922,-4.0,3.906,1.006,1.003,-0.016,5510,14.51,12.549,0,,,,,,21,,,,,,,
2026-09-25T23:15:50.850,428.844,0,798.5,39,,97.531,24.706,-4.5,3.906,1.006,1.004,-0.016,5570,14.51,12.549,0,,,,,,,20.0,,,,,,
2026-09-25T23:15:50.980,428.974,0,796.75,39,,97.531,24.706,-3.5,3.906,1.006,1.001,-0.02,5580,14.51,12.549,0,,,,,,,,470.5,,,,,
2026-09-25T23:15:51.110,429.104,0,797.0,40,,97.531,25.098,-4.0,3.906,1.006,1.003,-0.016,5730,14.51,12.549,0,,,,,,,,,0.83,,,,
2026-09-25T23:15:51.240,429.234,0,798.75,40,,97.531,24.706,-4.0,3.906,1.006,0.999,-0.023,5780,14.51,12.549,0,,,,,,,,,,,0.0,,
2026-09-25T23:15:51.370,429.364,0,801.5,40,,97.531,25.098,-5.0,3.906,1.006,1.0,-0.02,5790,14.51,12.549,0,,,,,,,,,,,,26.275,
2026-09-25T23:15:51.500,429.494,0,805.5,40,,97.531,25.098,-5.5,3.906,1.006,1.005,-0.016,5820,14.51,12.549,0,,,,,,,,,,,,,449
2026-09-25T23:15:51.630,429.624,0,810.5,40,,97.531,25.098,-5.5,3.906,1.006,1.005,-0.016,5910,14.51,12.549,0,102,,,,,,,,,,,,
2026-09-25T23:15:51.760,429.754,0,810.25,40,,97.531,25.098,-5.5,3.906,1.006,1.007,-0.012,5930,14.51,12.549,0,,48,,,,,,,,,,,
2026-09-25T23:15:51.890,429.884,0,809.75,40,,97.531,24.706,-5.5,3.906,1.006,1.0,-0.02,5940,14.51,12.549,0,,,4.688,,,,,,,,,,
2026-09-25T23:15:52.020,430.014,0,810.5,40,,97.531,25.098,-5.5,3.906,1.007,1.005,-0.016,5930,14.51,12.549,0,,,,14.433,,,,,,,,,
2026-09-25T23:15:52.150,430.144,0,808.75,40,,97.531,24.706,-5.5,3.906,1.007,1.005,-0.016,5910,14.51,12.549,0,,,,,98,,,,,,,,
2026-09-25T23:15:52.280,430.274,0,808.5,40,,97.531,25.098,-5.5,3.906,1.007,1.007,-0.012,5890,14.51,12.549,0,,,,,,21,,,,,,,
2026-09-25T23:15:52.410,430.404,0,811.75,39,,97.531,24.706,-5.5,3.906,1.007,0.998,-0.023,5850,14.51,12.549,0,,,,,,,20.0,,,,,,
2026-09-25T23:15:52.540,430.534,0,809.5,40,,97.531,24.706,-5.5,3.906,1.007,0.999,-0.023,5790,14.51,12.549,0,,,,,,,,470.4,,,,,
2026-09-25T23:15:52.670,430.664,0,809.75,39,,97.531,24.706,-5.5,3.906,1.006,0.997,-0.027,5750,14.51,12.549,0,,,,,,,,,0.83,,,,
2026-09-25T23:15:52.800,430.794,0,804.25,40,,97.531,25.098,-5.5,3.125,1.006,0.997,-0.027,5730,14.51,12.549,0,,,,,,,,,,,0.0,,
2026-09-25T23:15:52.930,430.924,0,809.25,39,,97.531,24.706,-5.5,3.125,1.006,0.995,-0.035,5740,14.51,12.549,0,,,,,,,,,,,,25.882,
2026-09-25T23:15:53.060,431.054,0,815.25,39,,97.531,24.706,-6.0,3.125,1.006,0.99,-0.043,5730,14.51,12.549,0,,,,,,,,,,,,,451
2026-09-25T23:15:53.190,431.184,0,818.25,39,,97.531,24.314,-5.5,3.125,1.006,0.99,-0.047,5670,14.51,12.549,0,102,,,,,,,,,,,,
2026-09-25T23:15:53.320,431.314,0,816.0,39,,97.531,24.314,-5.5,3.125,1.006,0.989,-0.047,5610,14.51,12.549,0,,48,,,,,,,,,,,
2026-09-25T23:15:53.450,431.444,0,813.25,39,,97.531,24.706,-5.5,2.344,1.006,0.99,-0.047,5550,14.51,12.157,0,,,4.688,,,,,,,,,,
2026-09-25T23:15:53.580,431.574,0,811.25,39,,97.531,24.314,-5.5,2.344,1.006,0.988,-0.051,5570,14.51,12.157,0,,,,14.355,,,,,,,,,
2026-09-25T23:15:53.710,431.704,0,809.5,39,,97.531,24.314,-5.5,2.344,1.005,0.989,-0.047,5490,14.51,12.157,0,,,,,98,,,,,,,,
2026-09-25T23:15:53.840,431.834,0,804.75,38,,97.531,23.922,-5.0,2.344,1.005,0.99,-0.043,5440,14.51,12.157,0,,,,,,21,,,,,,,
2026-09-25T23:15:53.970,431.964,0,801.75,39,,97.531,24.314,10.0,2.344,1.005,0.99,-0.047,5440,14.51,15.294,0,,,,,,,18.824,,,,,,
2026-09-25T23:15:54.100,432.094,0,822.5,44,,97.281,32.549,-0.5,2.344,1.005,0.988,-0.051,5730,14.51,13.725,0,,,,,,,,470.4,,,,,
2026-09-25T23:15:54.230,432.224,0,892.5,50,,97.531,31.765,-10.0,1.562,1.005,0.982,-0.066,6260,14.51,12.941,0,,,,,,,,,0.825,,,,
2026-09-25T23:15:54.360,432.354,0,936.0,45,,97.531,27.451,-8.5,1.562,1.005,0.974,-0.09,6930,14.51,12.941,0,,,,,,,,,,,0.0,,
2026-09-25T23:15:54.490,432.484,0,932.5,43,,97.562,26.667,-5.5,0.0,1.005,0.955,-0.129,7370,14.51,12.941,0,,,,,,,,,,,,29.02,
2026-09-25T23:15:54.620,432.614,0,918.25,43,,97.531,26.275,-3.0,-0.781,1.005,0.944,-0.152,7520,14.51,13.333,0,,,,,,,,,,,,,452
2026-09-25T23:15:54.750,432.744,0,907.75,43,,97.531,27.451,-3.0,-0.781,1.005,0.953,-0.133,7540,14.51,12.941,0,102,,,,,,,,,,,,
2026-09-25T23:15:54.881,432.875,0,895.5,44,,97.562,27.451,-1.5,0.0,1.005,0.971,-0.094,7670,14.51,13.333,0,,49,,,,,,,,,,,
2026-09-25T23:15:55.010,433.004,0,887.5,44,,97.531,28.235,-3.0,0.0,1.004,0.976,-0.082,7750,14.51,12.941,0,,,3.906,,,,,,,,,,
2026-09-25T23:15:55.141,433.134,0,887.5,45,,97.531,28.235,-2.5,-0.781,1.004,0.971,-0.094,7910,14.51,13.333,0,,,,14.433,,,,,,,,,
2026-09-25T23:15:55.271,433.264,0,885.75,45,,97.531,28.627,-4.0,-1.562,1.004,0.966,-0.105,8040,14.51,12.941,1,,,,,98,,,,,,,,
2026-09-25T23:15:55.400,433.394,0,880.5,45,,97.562,28.235,-3.0,-2.344,1.004,0.961,-0.117,8010,14.51,12.941,1,,,,,,22,,,,,,,
2026-09-25T23:15:55.531,433.524,0,875.25,44,,97.531,27.451,-5.0,-2.344,1.004,0.961,-0.117,7860,14.51,12.941,1,,,,,,,18.824,,,,,,
2026-09-25T23:15:55.660,433.654,0,864.75,43,,97.562,27.843,-3.0,-2.344,1.004,0.974,-0.09,7740,14.51,12.941,1,,,,,,,,470.3,,,,,
2026-09-25T23:15:55.791,433.784,0,856.25,45,,97.562,28.235,-2.0,-2.344,1.004,0.979,-0.078,7690,14.51,12.941,1,,,,,,,,,0.82,,,,
2026-09-25T23:15:55.920,433.914,0,858.75,44,,97.531,28.235,-3.5,-2.344,1.004,0.97,-0.098,7690,14.51,12.941,1,,,,,,,,,,,0.0,,
2026-09-25T23:15:56.051,434.045,0,860.75,45,,97.656,28.235,-4.0,-3.125,1.004,0.96,-0.117,7770,14.51,13.333,1,,,,,,,,,,,,30.196,
2026-09-25T23:15:56.180,434.174,0,869.0,44,,97.562,28.235,-4.5,-4.688,1.004,0.946,-0.148,7710,14.51,12.941,1,,,,,,,,,,,,,454
2026-09-25T23:15:56.311,434.304,0,872.5,45,,97.781,27.843,-4.5,-5.469,1.004,0.945,-0.152,7680,14.51,12.941,1,102,,,,,,,,,,,,
2026-09-25T23:15:56.440,434.434,0,873.0,44,,97.531,27.843,-4.5,-6.25,1.004,0.943,-0.156,7570,14.51,12.941,1,,49,,,,,,,,,,,
2026-09-25T23:15:56.571,434.565,0,863.5,43,,97.656,27.059,-3.5,-6.25,1.004,0.951,-0.137,7500,14.51,13.333,1,,,4.688,,,,,,,,,,
2026-09-25T23:15:56.700,434.694,0,858.75,43,,97.594,27.451,-4.5,-6.25,1.004,0.96,-0.121,7370,14.51,12.549,1,,,,14.453,,,,,,,,,
2026-09-25T23:15:56.830,434.824,0,851.75,44,,97.844,27.059,-2.5,-6.25,1.004,0.968,-0.102,7280,14.51,12.549,2,,,,,98,,,,,,,,
2026-09-25T23:15:56.960,434.954,0,849.75,44,,97.781,27.451,-3.0,-6.25,1.004,0.974,-0.086,7250,14.51,12.941,2,,,,,,22,,,,,,,
2026-09-25T23:15:57.090,435.084,0,849.0,43,,97.656,27.451,-3.5,-6.25,1.003,0.976,-0.086,7200,14.51,12.549,2,,,,,,,18.824,,,,,,
2026-09-25T23:15:57.221,435.214,0,845.5,44,,97.656,27.843,-2.5,-6.25,1.003,0.98,-0.07,7320,14.51,12.941,2,,,,,,,,470.1,,,,,
2026-09-25T23:15:57.351,435.344,0,841.75,43,,97.562,27.451,-2.5,-6.25,1.003,0.983,-0.062,7230,14.51,12.549,2,,,,,,,,,0.815,,,,
2026-09-25T23:15:57.481,435.474,0,836.25,43,,97.781,27.451,-2.0,-6.25,1.003,0.991,-0.043,7200,14.51,12.941,2,,,,,,,,,,,0.0,,
2026-09-25T23:15:57.610,435.604,0,834.5,43,,97.688,27.059,-1.5,-6.25,1.003,0.998,-0.027,7100,14.51,12.549,2,,,,,,,,,,,,28.627,
2026-09-25T23:15:57.740,435.734,0,830.5,43,,97.75,27.059,1.0,-5.469,1.003,1.021,0.0,7060,14.51,12.941,2,,,,,,,,,,,,,456
2026-09-25T23:15:57.871,435.864,0,833.75,44,,97.531,28.235,-1.5,-4.688,1.003,1.029,0.012,7050,14.51,12.549,2,102,,,,,,,,,,,,
2026-09-25T23:15:58.000,435.994,0,834.25,44,,97.719,27.843,-2.5,-3.906,1.003,1.034,0.016,7210,14.51,12.549,2,,49,,,,,,,,,,,
2026-09-25T23:15:58.130,436.124,0,838.5,43,,97.688,26.667,-1.0,-3.906,1.003,1.035,0.016,7130,14.51,12.549,2,,,4.688,,,,,,,,,,
2026-09-25T23:15:58.260,436.254,0,835.25,43,,97.719,26.667,-1.0,-3.125,1.003,1.036,0.02,7080,14.51,12.941,2,,,,14.316,,,,,,,,,
2026-09-25T23:15:58.391,436.385,0,835.5,42,,97.625,26.667,0.5,-3.125,1.003,1.039,0.023,6940,14.51,12.941,2,,,,,98,,,,,,,,
2026-09-25T23:15:58.521,436.514,0,839.25,43,,97.656,27.059,-1.0,-2.344,1.003,1.046,0.031,6920,14.51,12.549,2,,,,,,22,,,,,,,
2026-09-25T23:15:58.650,436.644,0,842.5,43,,97.781,25.882,-1.5,-2.344,1.003,1.047,0.031,6930,14.51,12.549,2,,,,,,,18.824,,,,,,
2026-09-25T23:15:58.780,436.774,0,837.25,41,,97.656,25.882,0.0,-1.562,1.003,1.047,0.031,6810,14.51,12.549,2,,,,,,,,470.1,,,,,
2026-09-25T23:15:58.910,436.904,0,836.25,42,,97.562,26.667,-1.0,-1.562,1.003,1.042,0.023,6760,14.51,12.549,2,,,,,,,,,0.81,,,,
2026-09-25T23:15:59.040,437.034,0,834.25,42,,97.562,26.667,0.5,-0.781,1.003,1.045,0.027,6670,14.51,12.941,2,,,,,,,,,,,0.0,,
2026-09-25T23:15:59.170,437.164,0,834.75,42,,97.531,26.667,-0.5,-0.781,1.003,1.045,0.027,6670,14.51,12.549,2,,,,,,,,,,,,28.235,
2026-09-25T23:15:59.300,437.294,0,834.75,42,,97.531,26.667,-0.5,-0.781,1.003,1.046,0.031,6770,14.51,12.549,2,,,,,,,,,,,,,457
2026-09-25T23:15:59.431,437.424,0,837.25,42,,97.531,26.667,-1.5,0.0,1.003,1.041,0.023,6760,14.51,12.549,2,101,,,,,,,,,,,,
2026-09-25T23:15:59.560,437.554,0,840.0,42,,97.562,26.275,-1.0,0.0,1.003,1.037,0.02,6760,14.51,12.549,2,,49,,,,,,,,,,,
2026-09-25T23:15:59.690,437.684,0,838.0,42,,97.531,26.275,-1.0,0.0,1.003,1.036,0.02,6700,14.51,12.549,2,,,4.688,,,,,,,,,,
2026-09-25T23:15:59.820,437.814,0,835.5,42,,97.562,26.275,0.5,0.0,1.003,1.038,0.02,6690,14.51,12.941,2,,,,14.355,,,,,,,,,
2026-09-25T23:15:59.951,437.944,0,835.75,42,,97.531,27.059,-1.5,0.0,1.003,1.035,0.016,6740,14.51,12.549,2,,,,,97,,,,,,,,
2026-09-25T23:16:00.080,438.074,0,838.25,42,,97.562,26.275,-1.0,0.0,1.003,1.036,0.02,6800,14.51,12.941,2,,,,,,22,,,,,,,
2026-09-25T23:16:00.210,438.204,0,842.25,42,,97.531,26.667,-2.0,0.0,1.003,1.036,0.02,6820,14.51,12.941,2,,,,,,,18.824,,,,,,
2026-09-25T23:16:00.340,438.334,0,846.0,43,,97.531,27.059,-2.5,0.781,1.003,1.034,0.016,6990,14.51,13.333,1,,,,,,,,470.2,,,,,
2026-09-25T23:16:00.470,438.464,0,851.5,44,,97.531,28.235,-3.0,0.781,1.003,1.03,0.012,7130,14.51,12.941,1,,,,,,,,,0.81,,,,
2026-09-25T23:16:00.601,438.595,0,860.25,44,,97.562,28.235,-3.5,0.781,1.003,1.021,0.0,7360,14.51,12.941,1,,,,,,,,,,,0.0,,
2026-09-25T23:16:00.730,438.724,0,874.0,44,,97.562,27.451,-5.5,0.0,1.003,1.006,-0.016,7580,14.51,12.941,1,,,,,,,,,,,,29.804,
2026-09-25T23:16:00.861,438.854,0,880.25,43,,97.625,26.667,-5.5,0.0,1.003,0.996,-0.031,7690,14.51,12.941,1,,,,,,,,,,,,,459
2026-09-25T23:16:01.000,438.994,0,878.25,42,,97.594,26.275,-2.5,0.0,1.003,0.999,-0.023,7470,14.51,12.941,1,101,,,,,,,,,,,,
2026-09-25T23:16:01.131,439.124,0,866.25,43,,97.562,27.843,-3.5,0.0,1.003,1.013,-0.008,7360,14.51,12.941,1,,49,,,,,,,,,,,
2026-09-25T23:16:01.260,439.254,0,865.75,43,,97.531,27.451,-4.0,0.781,1.003,1.024,0.004,7280,14.51,12.549,1,,,3.906,,,,,,,,,,
2026-09-25T23:16:01.391,439.385,0,864.0,44,,97.719,27.451,-3.5,0.781,1.003,1.022,0.0,7350,14.51,12.941,1,,,,14.316,,,,,,,,,
2026-09-25T23:16:01.520,439.514,0,870.0,43,,97.531,27.451,-5.5,0.781,1.002,1.009,-0.012,7380,14.51,12.941,1,,,,,98,,,,,,,,
2026-09-25T23:16:01.650,439.644,0,874.25,44,,97.625,27.059,-4.0,0.0,1.002,0.998,-0.027,7330,14.51,12.941,1,,,,,,22,,,,,,,
2026-09-25T23:16:01.780,439.774,0,874.75,43,,97.594,26.667,-3.5,0.0,1.002,0.998,-0.027,7200,14.51,12.941,1,,,,,,,18.824,,,,,,
2026-09-25T23:16:01.920,439.914,0,869.5,43,,97.562,27.059,-4.0,0.0,1.002,1.009,-0.012,7160,14.51,12.941,1,,,,,,,,470.3,,,,,
2026-09-25T23:16:02.050,440.044,0,865.5,43,,97.625,27.059,-4.0,0.781,1.002,1.016,-0.004,7250,14.51,12.941,1,,,,,,,,,0.805,,,,
2026-09-25T23:16:02.180,440.174,0,870.25,43,,97.656,27.059,-3.5,0.781,1.002,1.01,-0.012,7200,14.51,12.941,1,,,,,,,,,,,0.0,,
2026-09-25T23:16:02.310,440.304,0,872.75,43,,97.562,27.451,-5.0,0.781,1.002,1.005,-0.016,7230,14.51,12.941,1,,,,,,,,,,,,29.412,
2026-09-25T23:16:02.441,440.434,0,876.25,43,,97.625,27.059,-5.5,0.0,1.002,0.998,-0.027,7290,14.51,12.549,1,,,,,,,,,,,,,460
2026-09-25T23:16:02.570,440.564,0,875.0,42,,97.656,26.275,-5.5,0.0,1.002,0.995,-0.035,7110,14.51,12.549,1,101,,,,,,,,,,,,
2026-09-25T23:16:02.700,440.694,0,860.75,42,,97.656,26.275,-5.5,0.0,1.002,0.997,-0.027,6870,14.51,12.549,1,,49,,,,,,,,,,,
2026-09-25T23:16:02.830,440.824,0,840.5,41,,97.75,25.49,-2.5,0.0,1.002,1.004,-0.016,6560,14.51,12.549,1,,,4.688,,,,,,,,,,
2026-09-25T23:16:02.960,440.954,0,827.75,41,,97.719,25.882,-1.0,0.781,1.003,1.01,-0.012,6290,14.51,12.549,1,,,,14.335,,,,,,,,,
2026-09-25T23:16:03.091,441.084,0,820.5,41,,97.625,25.49,-1.0,0.781,1.003,1.019,0.0,6110,14.51,12.549,1,,,,,98,,,,,,,,
2026-09-25T23:16:03.220,441.214,0,814.5,40,,97.656,25.098,-3.0,1.562,1.003,1.021,0.0,5920,14.51,12.549,1,,,,,,22,,,,,,,
2026-09-25T23:16:03.351,441.344,0,812.0,40,,97.656,25.49,-1.0,1.562,1.003,1.019,0.0,5770,14.51,12.549,0,,,,,,,18.824,,,,,,
2026-09-25T23:16:03.480,441.474,0,810.75,40,,97.625,25.098,1.0,1.562,1.003,1.021,0.0,5610,14.51,12.549,0,,,,,,,,470.4,,,,,
2026-09-25T23:16:03.610,441.604,0,812.75,40,,97.594,25.098,0.0,1.562,1.003,1.021,0.0,5580,14.51,12.549,0,,,,,,,,,0.8,,,,
2026-09-25T23:16:03.740,441.734,0,814.25,39,,97.531,25.098,2.0,1.562,1.003,1.017,-0.004,5540,14.51,12.549,0,,,,,,,,,,,0.0,,
2026-09-25T23:16:03.870,441.864,0,816.75,40,,97.562,25.098,-4.0,1.562,1.003,1.015,-0.004,5560,14.51,12.157,0,,,,,,,,,,,,25.098,
2026-09-25T23:16:04.000,441.994,0,813.75,39,,97.562,24.314,-4.0,1.562,1.003,1.015,-0.004,5630,14.51,12.157,0,,,,,,,,,,,,,462
2026-09-25T23:16:04.130,442.124,0,807.5,38,,97.562,23.922,-2.0,1.562,1.003,1.017,-0.004,5520,14.51,12.157,0,100,,,,,,,,,,,,
2026-09-25T23:16:04.260,442.254,0,793.0,38,,97.562,23.529,-2.0,1.562,1.003,1.016,-0.004,5240,14.51,12.157,0,,49,,,,,,,,,,,
2026-09-25T23:16:04.391,442.384,0,780.25,38,,97.531,23.922,1.0,2.344,1.003,1.021,0.0,5050,14.51,12.549,0,,,4.688,,,,,,,,,,
2026-09-25T23:16:04.520,442.514,0,776.0,38,,97.531,24.314,-1.0,2.344,1.003,1.027,0.008,5010,14.51,12.157,0,,,,14.414,,,,,,,,,
2026-09-25T23:16:04.650,442.644,0,780.0,39,,97.531,24.706,-2.0,3.125,1.003,1.027,0.008,5130,14.51,12.157,0,,,,,98,,,,,,,,
2026-09-25T23:16:04.781,442.774,0,782.75,39,,97.531,24.314,-2.5,3.125,1.003,1.022,0.0,5230,14.51,12.157,0,,,,,,22,,,,,,,
2026-09-25T23:16:04.910,442.904,0,790.0,38,,97.531,23.922,-3.0,2.344,1.003,1.01,-0.012,5230,14.51,12.157,0,,,,,,,18.824,,,,,,
2026-09-25T23:16:05.041,443.034,0,794.25,38,,97.531,23.922,-3.0,2.344,1.003,1.003,-0.016,5200,14.51,12.157,0,,,,,,,,470.7,,,,,
2026-09-25T23:16:05.170,443.164,0,789.25,38,,97.531,23.922,-1.5,2.344,1.003,1.002,-0.02,5180,14.51,12.549,0,,,,,,,,,0.8,,,,
2026-09-25T23:16:05.300,443.294,0,783.0,38,,97.531,23.922,-2.5,2.344,1.002,1.008,-0.012,5190,14.51,12.157,0,,,,,,,,,,,0.0,,
2026-09-25T23:16:05.430,443.424,0,783.0,39,,97.531,24.314,-2.5,2.344,1.002,1.015,-0.004,5230,14.51,12.157,0,,,,,,,,,,,,25.098,
2026-09-25T23:16:05.560,443.554,0,786.75,38,,97.531,23.529,-1.0,3.125,1.002,1.011,-0.008,5230,14.51,12.157,0,,,,,,,,,,,,,463
2026-09-25T23:16:05.690,443.684,0,787.25,38,,97.531,24.314,-3.0,2.344,1.002,1.006,-0.016,5200,14.51,12.157,0,100,,,,,,,,,,,,
2026-09-25T23:16:05.821,443.815,0,791.5,38,,97.531,23.529,-3.0,2.344,1.002,1.003,-0.016,5210,14.51,12.157,0,,49,,,,,,,,,,,
2026-09-25T23:16:05.950,443.944,0,789.0,38,,97.531,23.922,-0.5,2.344,1.002,1.004,-0.016,5150,14.51,12.549,0,,,4.688,,,,,,,,,,
2026-09-25T23:16:06.080,444.074,0,787.75,38,,97.531,23.529,-1.5,2.344,1.002,1.009,-0.012,5130,14.51,12.157,0,,,,14.355,,,,,,,,,
2026-09-25T23:16:06.210,444.204,0,788.5,39,,97.531,24.314,-2.5,3.125,1.002,1.009,-0.012,5170,14.51,12.157,0,,,,,98,,,,,,,,
2026-09-25T23:16:06.340,444.334,0,789.5,38,,97.531,23.529,-2.5,3.125,1.002,1.009,-0.012,5180,14.51,12.157,0,,,,,,22,,,,,,,
2026-09-25T23:16:06.480,444.474,0,794.75,38,,97.531,23.529,-2.5,2.344,1.002,1.001,-0.02,5130,14.51,12.157,0,,,,,,,18.824,,,,,,
2026-09-25T23:16:06.610,444.604,0,792.75,38,,97.531,23.529,-3.0,2.344,1.002,1.003,-0.016,5100,14.51,12.157,0,,,,,,,,471.0,,,,,
2026-09-25T23:16:06.740,444.734,0,790.0,38,,97.531,23.922,-2.5,3.125,1.002,1.008,-0.012,5110,14.51,12.157,0,,,,,,,,,0.795,,,,
2026-09-25T23:16:06.870,444.864,0,791.0,38,,97.531,23.922,-2.5,3.125,1.002,1.013,-0.008,5140,14.51,12.157,0,,,,,,,,,,,0.0,,
2026-09-25T23:16:07.000,444.994,0,789.75,39,,97.531,23.922,-2.5,3.125,1.002,1.012,-0.008,5180,14.51,12.157,0,,,,,,,,,,,,24.706,
2026-09-25T23:16:07.130,445.124,0,790.5,39,,97.531,23.922,-2.5,3.125,1.002,1.011,-0.008,5200,14.51,12.157,0,,,,,,,,,,,,,465
2026-09-25T23:16:07.261,445.255,0,791.0,38,,97.531,23.922,-2.5,3.125,1.002,1.005,-0.016,5190,14.51,12.157,0,100,,,,,,,,,,,,
2026-09-25T23:16:07.390,445.384,0,794.25,38,,97.531,23.922,-3.0,3.125,1.002,1.002,-0.02,5180,14.51,12.157,0,,49,,,,,,,,,,,
2026-09-25T23:16:07.520,445.514,0,789.0,38,,97.531,23.922,-2.5,3.125,1.002,1.0,-0.02,5190,14.51,12.157,0,,,4.688,,,,,,,,,,
2026-09-25T23:16:07.650,445.644,0,791.5,38,,97.531,23.529,-2.0,3.125,1.002,1.006,-0.016,5160,14.51,12.157,0,,,,14.394,,,,,,,,,
2026-09-25T23:16:07.780,445.774,0,791.0,38,,97.531,23.922,-2.5,3.125,1.002,1.005,-0.016,5190,14.51,12.157,0,,,,,98,,,,,,,,
2026-09-25T23:16:07.910,445.903,0,789.0,38,,97.531,23.922,-2.5,3.125,1.002,1.005,-0.016,5180,14.51,12.157,0,,,,,,22,,,,,,,
2026-09-25T23:16:08.041,446.034,0,792.25,38,,97.531,23.922,-2.5,3.125,1.002,1.003,-0.016,5210,14.51,12.157,0,,,,,,,18.824,,,,,,
2026-09-25T23:16:08.171,446.164,0,793.0,38,,97.531,23.922,-2.5,3.125,1.002,1.002,-0.02,5220,14.51,12.157,0,,,,,,,,471.1,,,,,
2026-09-25T23:16:08.300,446.294,0,794.25,38,,97.531,23.922,-3.0,3.125,1.002,1.003,-0.016,5230,14.51,12.157,0,,,,,,,,,0.79,,,,
2026-09-25T23:16:08.430,446.424,0,793.25,38,,97.531,24.314,-3.5,3.125,1.002,1.001,-0.02,5240,14.51,12.157,0,,,,,,,,,,,0.0,,
2026-09-25T23:16:08.560,446.554,0,790.5,39,,97.531,23.922,-4.0,3.125,1.002,1.008,-0.012,5250,14.51,12.157,0,,,,,,,,,,,,24.706,
2026-09-25T23:16:08.690,446.684,0,789.5,38,,97.531,23.922,-2.5,3.125,1.002,1.007,-0.012,5270,14.51,12.157,0,,,,,,,,,,,,,467
2026-09-25T23:16:08.820,446.814,0,790.0,38,,97.531,23.922,-2.5,3.125,1.002,1.003,-0.016,5240,14.51,12.157,0,99,,,,,,,,,,,,
2026-09-25T23:16:08.950,446.944,0,794.0,38,,97.531,23.922,-2.5,3.125,1.002,0.999,-0.023,5200,14.51,12.549,0,,49,,,,,,,,,,,
2026-09-25T23:16:09.081,447.074,0,795.75,38,,97.531,23.922,-3.0,3.125,1.002,0.999,-0.023,5240,14.51,12.157,0,,,4.688,,,,,,,,,,
2026-09-25T23:16:09.210,447.204,0,795.5,39,,97.531,24.314,-4.5,3.125,1.002,1.002,-0.02,5270,14.51,12.157,0,,,,14.335,,,,,,,,,
2026-09-25T23:16:09.340,447.334,0,793.5,39,,97.531,23.922,-3.0,3.125,1.002,1.003,-0.016,5270,14.51,12.157,0,,,,,98,,,,,,,,
2026-09-25T23:16:09.470,447.464,0,789.0,38,,97.531,23.922,-2.0,3.125,1.002,1.003,-0.016,5280,14.51,12.157,0,,,,,,22,,,,,,,
2026-09-25T23:16:09.600,447.594,0,788.5,38,,97.531,23.922,-1.0,3.125,1.002,0.999,-0.023,5240,14.51,12.157,0,,,,,,,18.824,,,,,,
2026-09-25T23:16:09.730,447.724,0,790.75,38,,97.531,23.529,-1.5,3.125,1.002,0.998,-0.027,5200,14.51,12.157,0,,,,,,,,471.3,,,,,
2026-09-25T23:16:09.861,447.854,0,795.5,38,,97.531,23.922,-4.0,3.125,1.002,0.996,-0.027,5230,14.51,12.157,0,,,,,,,,,0.79,,,,
2026-09-25T23:16:10.000,447.994,0,800.25,38,,97.531,23.922,-5.5,2.344,1.002,0.996,-0.031,5270,14.51,12.157,0,,,,,,,,,,,0.0,,
2026-09-25T23:16:10.130,448.123,0,790.25,38,,97.531,23.922,-3.0,3.125,1.002,0.998,-0.023,5270,14.51,12.157,0,,,,,,,,,,,,24.706,
2026-09-25T23:16:10.260,448.254,0,789.0,38,,97.531,23.529,-1.0,2.344,1.002,0.996,-0.031,5190,14.51,12.157,0,,,,,,,,,,,,,468
2026-09-25T23:16:10.390,448.384,0,788.0,38,,97.531,23.922,-1.0,2.344,1.002,0.999,-0.023,5110,14.51,12.549,0,99,,,,,,,,,,,,
2026-09-25T23:16:10.521,448.514,0,790.25,38,,97.531,23.922,-4.0,3.125,1.002,1.0,-0.02,5200,14.51,12.157,0,,49,,,,,,,,,,,
2026-09-25T23:16:10.650,448.644,0,794.75,39,,97.531,23.922,-4.0,3.125,1.002,1.001,-0.02,5300,14.51,12.157,0,,,4.688,,,,,,,,,,
2026-09-25T23:16:10.780,448.774,0,793.0,38,,97.531,23.529,-3.0,2.344,1.002,0.998,-0.027,5300,14.51,12.157,0,,,,14.355,,,,,,,,,
2026-09-25T23:16:10.910,448.904,0,787.0,38,,97.531,23.529,-1.5,2.344,1.002,0.997,-0.027,5200,14.51,12.157,0,,,,,97,,,,,,,,
2026-09-25T23:16:11.040,449.034,0,786.5,38,,97.531,23.922,-0.5,2.344,1.001,0.999,-0.023,5140,14.51,12.549,0,,,,,,22,,,,,,,
2026-09-25T23:16:11.170,449.163,0,790.5,39,,97.531,24.706,-2.5,2.344,1.001,1.0,-0.02,5230,14.51,12.157,0,,,,,,,18.824,,,,,,
2026-09-25T23:16:11.301,449.294,0,791.75,39,,97.531,24.314,-4.0,3.125,1.001,1.0,-0.02,5330,14.51,12.157,0,,,,,,,,471.4,,,,,
2026-09-25T23:16:11.431,449.424,0,800.0,39,,97.531,23.922,-4.5,3.125,1.001,0.999,-0.023,5340,14.51,12.157,0,,,,,,,,,0.79,,,,
2026-09-25T23:16:11.561,449.554,0,794.0,38,,97.531,23.922,-2.5,2.344,1.001,0.999,-0.023,5360,14.51,12.157,0,,,,,,,,,,,0.0,,
2026-09-25T23:16:11.690,449.684,0,790.0,39,,97.531,24.314,-3.0,2.344,1.001,0.998,-0.027,5390,14.51,12.157,0,,,,,,,,,,,,25.098,
2026-09-25T23:16:11.820,449.814,0,787.0,38,,97.531,24.314,-2.0,2.344,1.001,0.999,-0.023,5390,14.51,12.157,0,,,,,,,,,,,,,470
2026-09-25T23:16:11.950,449.943,0,789.0,38,,97.531,23.922,-2.0,2.344,1.001,0.998,-0.023,5340,14.51,12.157,0,99,,,,,,,,,,,,
2026-09-25T23:16:12.080,450.074,0,792.75,39,,97.531,24.314,-2.5,2.344,1.001,0.999,-0.02,5320,14.51,12.157,0,,49,,,,,,,,,,,
2026-09-25T23:16:12.211,450.204,0,796.25,39,,97.531,23.922,-4.0,2.344,1.001,1.0,-0.02,5350,14.51,12.157,0,,,4.688,,,,,,,,,,
2026-09-25T23:16:12.340,450.334,0,796.25,38,,97.531,24.314,-4.0,3.125,1.001,1.003,-0.016,5350,14.51,12.157,0,,,,14.375,,,,,,,,,
2026-09-25T23:16:12.470,450.464,0,795.25,39,,97.531,24.314,-2.5,3.125,1.001,1.002,-0.02,5380,14.51,12.157,0,,,,,97,,,,,,,,
2026-09-25T23:16:12.600,450.594,0,790.25,38,,97.531,24.314,-3.0,3.125,1.001,1.002,-0.02,5360,14.51,12.157,0,,,,,,22,,,,,,,
2026-09-25T23:16:12.730,450.724,0,793.5,39,,97.531,24.314,-4.0,2.344,1.001,0.999,-0.023,5360,14.51,12.157,0,,,,,,,18.824,,,,,,
2026-09-25T23:16:12.860,450.854,0,795.0,38,,97.531,24.314,-2.5,2.344,1.001,1.0,-0.02,5380,14.51,12.157,0,,,,,,,,471.5,,,,,
2026-09-25T23:16:13.000,450.994,0,797.25,39,,97.531,23.922,-4.0,2.344,1.001,0.999,-0.023,5410,14.51,12.157,0,,,,,,,,,0.785,,,,
2026-09-25T23:16:13.131,451.124,0,795.5,39,,97.531,24.314,-4.5,2.344,1.001,0.998,-0.027,5420,14.51,12.157,0,,,,,,,,,,,0.0,,
2026-09-25T23:16:13.260,451.254,0,792.75,38,,97.531,23.922,-2.5,2.344,1.001,0.999,-0.023,5410,14.51,12.157,0,,,,,,,,,,,,25.098,
2026-09-25T23:16:13.390,451.384,0,791.75,38,,97.531,23.922,-2.5,2.344,1.001,0.999,-0.023,5390,14.51,12.157,0,,,,,,,,,,,,,471
2026-09-25T23:16:13.520,451.514,0,788.0,38,,97.531,24.314,-2.0,2.344,1.001,0.999,-0.023,5330,14.51,12.157,0,99,,,,,,,,,,,,
2026-09-25T23:16:13.650,451.644,0,791.75,38,,97.531,24.314,-2.5,2.344,1.001,1.0,-0.02,5340,14.51,12.157,0,,49,,,,,,,,,,,
2026-09-25T23:16:13.780,451.774,0,792.5,39,,97.531,24.314,-2.5,2.344,1.001,0.999,-0.023,5330,14.51,12.549,0,,,4.688,,,,,,,,,,
2026-09-25T23:16:13.920,451.914,0,795.5,38,,97.531,23.922,-3.5,2.344,1.001,1.002,-0.02,5320,14.51,12.549,0,,,,14.375,,,,,,,,,
2026-09-25T23:16:14.050,452.044,0,794.75,38,,97.531,24.706,-3.0,2.344,1.001,1.0,-0.02,5390,14.51,12.157,0,,,,,98,,,,,,,,
2026-09-25T23:16:14.180,452.173,0,792.0,39,,97.531,24.314,-4.0,2.344,1.001,0.999,-0.023,5410,14.51,12.157,0,,,,,,22,,,,,,,
2026-09-25T23:16:14.310,452.303,0,795.75,38,,97.531,24.314,-4.0,2.344,1.001,0.997,-0.027,5400,14.51,12.157,0,,,,,,,18.824,,,,,,
2026-09-25T23:16:14.441,452.434,0,793.25,38,,97.531,24.314,-2.5,2.344,1.001,0.996,-0.027,5370,14.51,12.157,0,,,,,,,,471.5,,,,,
2026-09-25T23:16:14.570,452.564,0,794.25,38,,97.531,24.314,-2.5,2.344,1.001,0.996,-0.027,5350,14.51,12.549,0,,,,,,,,,0.785,,,,
2026-09-25T23:16:14.701,452.694,0,792.75,38,,97.531,23.922,-3.0,2.344,1.001,0.997,-0.027,5380,14.51,12.549,0,,,,,,,,,,,0.0,,
2026-09-25T23:16:14.830,452.823,0,794.5,39,,97.531,24.706,-4.5,2.344,1.001,0.998,-0.023,5410,14.51,12.157,0,,,,,,,,,,,,25.49,
2026-09-25T23:16:14.960,452.954,0,795.25,39,,97.531,24.314,-4.5,2.344,1.001,0.996,-0.027,5470,14.51,12.157,0,,,,,,,,,,,,,473
2026-09-25T23:16:15.090,453.084,0,794.0,39,,97.531,24.314,-4.0,2.344,1.001,0.995,-0.031,5470,14.51,12.157,0,99,,,,,,,,,,,,
2026-09-25T23:16:15.220,453.214,0,791.25,38,,97.531,23.922,-2.0,2.344,1.001,0.992,-0.043,5350,14.51,12.157,0,,49,,,,,,,,,,,
2026-09-25T23:16:15.350,453.344,0,795.25,38,,97.531,24.314,-2.5,2.344,1.001,0.993,-0.039,5290,14.51,12.549,0,,,4.688,,,,,,,,,,
2026-09-25T23:16:15.480,453.473,0,796.5,39,,97.531,24.314,-4.0,2.344,1.001,0.998,-0.023,5300,14.51,12.157,0,,,,14.296,,,,,,,,,
2026-09-25T23:16:15.610,453.604,0,798.75,39,,97.531,23.922,-5.5,2.344,1.001,0.999,-0.023,5320,14.51,12.157,0,,,,,97,,,,,,,,
2026-09-25T23:16:15.741,453.734,0,794.5,38,,97.531,23.922,-3.5,2.344,1.001,0.998,-0.023,5280,14.51,12.157,0,,,,,,22,,,,,,,
2026-09-25T23:16:15.870,453.864,0,788.25,38,,97.531,23.529,-1.0,2.344,1.001,0.993,-0.035,5220,14.51,12.549,0,,,,,,,18.824,,,,,,
2026-09-25T23:16:16.000,453.994,0,785.0,38,,97.531,24.314,-2.5,2.344,1.0,0.995,-0.031,5160,14.51,12.157,0,,,,,,,,471.4,,,,,
2026-09-25T23:16:16.130,454.123,0,793.25,39,,97.531,24.706,-2.5,2.344,1.0,0.994,-0.035,5290,14.51,12.549,0,,,,,,,,,0.78,,,,
2026-09-25T23:16:16.260,454.253,0,796.75,39,,97.531,24.314,-4.0,2.344,1.0,0.993,-0.035,5290,14.51,12.549,0,,,,,,,,,,,0.0,,
2026-09-25T23:16:16.390,454.383,0,798.25,39,,97.531,24.314,-5.5,1.562,1.0,0.991,-0.043,5410,14.51,12.157,0,,,,,,,,,,,,25.49,
2026-09-25T23:16:16.520,454.514,0,794.5,39,,97.531,24.706,-5.0,1.562,1.0,0.992,-0.039,5520,14.51,12.157,0,,,,,,,,,,,,,474
2026-09-25T23:16:16.650,454.643,0,792.25,39,,97.531,23.922,-3.0,1.562,1.001,0.991,-0.043,5530,14.51,12.157,0,99,,,,,,,,,,,,
2026-09-25T23:16:16.780,454.774,0,795.0,38,,97.531,24.314,-2.5,1.562,1.0,0.991,-0.043,5510,14.51,12.549,0,,49,,,,,,,,,,,
2026-09-25T23:16:16.911,454.904,0,792.25,39,,97.531,24.706,-4.0,1.562,1.0,0.996,-0.031,5500,14.51,12.157,0,,,4.688,,,,,,,,,,
2026-09-25T23:16:17.040,455.034,0,796.5,39,,97.531,24.706,-4.5,1.562,1.0,0.998,-0.023,5540,14.51,12.157,0,,,,14.296,,,,,,,,,
2026-09-25T23:16:17.170,455.163,0,795.75,39,,97.531,24.706,-4.5,1.562,1.0,0.999,-0.023,5550,14.51,12.157,0,,,,,97,,,,,,,,
2026-09-25T23:16:17.300,455.294,0,794.75,39,,97.531,24.314,-4.0,1.562,1.0,0.999,-0.02,5530,14.51,12.157,0,,,,,,22,,,,,,,
2026-09-25T23:16:17.430,455.423,0,790.25,38,,97.531,24.314,-2.5,1.562,1.0,0.998,-0.023,5510,14.51,12.549,0,,,,,,,18.824,,,,,,
2026-09-25T23:16:17.560,455.554,0,791.5,39,,97.531,24.314,-2.5,1.562,1.0,0.999,-0.023,5490,14.51,12.157,0,,,,,,,,471.3,,,,,
2026-09-25T23:16:17.690,455.684,0,796.5,39,,97.531,24.706,-5.0,1.562,1.0,0.997,-0.027,5490,14.51,12.157,0,,,,,,,,,0.78,,,,
2026-09-25T23:16:17.820,455.814,0,796.5,39,,97.531,23.922,-5.0,1.562,1.0,0.996,-0.031,5470,14.51,12.157,0,,,,,,,,,,,0.0,,
2026-09-25T23:16:17.960,455.954,0,798.0,39,,97.531,24.314,-4.0,1.562,1.0,0.997,-0.027,5430,14.51,12.157,0,,,,,,,,,,,,25.098,
2026-09-25T23:16:18.090,456.083,0,793.0,38,,97.531,23.922,-3.5,1.562,1.0,0.998,-0.027,5420,14.51,12.157,0,,,,,,,,,,,,,476
2026-09-25T23:16:18.220,456.214,0,794.25,39,,97.531,24.314,-3.0,1.562,1.0,0.998,-0.027,5450,14.51,12.157,0,99,,,,,,,,,,,,
2026-09-25T23:16:18.350,456.344,0,792.0,39,,97.531,23.922,-2.0,1.562,1.0,0.998,-0.023,5420,14.51,12.549,0,,49,,,,,,,,,,,
2026-09-25T23:16:18.480,456.474,0,795.25,39,,97.531,24.706,-3.0,1.562,1.0,0.997,-0.027,5420,14.51,12.549,0,,,4.688,,,,,,,,,,
2026-09-25T23:16:18.611,456.604,0,794.75,39,,97.531,24.706,-4.5,1.562,1.0,0.998,-0.027,5490,14.51,12.157,0,,,,14.394,,,,,,,,,
2026-09-25T23:16:18.740,456.734,0,795.5,39,,97.531,24.706,-5.0,1.562,1.0,0.997,-0.027,5510,14.51,12.157,0,,,,,97,,,,,,,,
2026-09-25T23:16:18.870,456.864,0,799.25,39,,97.531,24.314,-5.5,1.562,1.0,0.994,-0.035,5500,14.51,12.157,0,,,,,,22,,,,,,,
2026-09-25T23:16:19.000,456.994,0,794.25,39,,97.531,23.922,-4.0,1.562,1.0,0.994,-0.035,5490,14.51,12.157,0,,,,,,,18.824,,,,,,
2026-09-25T23:16:19.130,457.123,0,793.5,38,,97.531,23.922,-2.0,1.562,1.0,0.995,-0.031,5400,14.51,12.549,0,,,,,,,,471.3,,,,,
2026-09-25T23:16:19.260,457.254,0,793.25,39,,97.531,24.314,-3.0,1.562,1.0,0.996,-0.031,5310,14.51,12.157,0,,,,,,,,,0.78,,,,
2026-09-25T23:16:19.390,457.383,0,796.25,39,,97.531,24.706,-4.0,1.562,1.0,0.999,-0.023,5360,14.51,12.549,0,,,,,,,,,,,0.0,,
2026-09-25T23:16:19.520,457.513,0,798.5,39,,97.531,24.706,-5.5,1.562,1.0,1.002,-0.02,5430,14.51,12.157,0,,,,,,,,,,,,25.49,
2026-09-25T23:16:19.650,457.644,0,797.0,39,,97.531,24.314,-4.5,1.562,1.0,0.999,-0.023,5480,14.51,12.157,0,,,,,,,,,,,,,478
2026-09-25T23:16:19.780,457.773,0,794.25,39,,97.531,24.314,-4.0,1.562,1.0,0.996,-0.031,5460,14.51,12.157,0,99,,,,,,,,,,,,
2026-09-25T23:16:19.910,457.904,0,793.5,39,,97.531,24.314,-3.0,1.562,1.0,0.992,-0.043,5440,14.51,12.157,0,,50,,,,,,,,,,,
2026-09-25T23:16:20.040,458.033,0,789.75,38,,97.531,23.922,-2.5,1.562,1.0,0.994,-0.035,5410,14.51,12.549,0,,,4.688,,,,,,,,,,
2026-09-25T23:16:20.170,458.164,0,795.5,39,,97.531,24.706,-3.5,1.562,1.0,0.995,-0.031,5440,14.51,12.549,0,,,,14.296,,,,,,,,,
2026-09-25T23:16:20.300,458.294,0,797.5,39,,97.531,24.706,-5.5,1.562,1.0,0.998,-0.023,5500,14.51,12.549,0,,,,,97,,,,,,,,
2026-09-25T23:16:20.430,458.424,0,800.25,39,,97.531,24.314,-6.0,1.562,1.0,0.999,-0.023,5560,14.51,12.157,0,,,,,,22,,,,,,,
2026-09-25T23:16:20.560,458.553,0,794.0,38,,97.531,24.314,-2.5,1.562,1.0,0.996,-0.031,5510,14.51,12.157,0,,,,,,,18.824,,,,,,
2026-09-25T23:16:20.690,458.683,0,792.25,38,,97.531,23.922,-2.0,1.562,1.0,0.995,-0.031,5360,14.51,12.549,0,,,,,,,,471.2,,,,,
2026-09-25T23:16:20.821,458.814,0,790.75,39,,97.531,24.314,-2.5,0.781,1.0,0.995,-0.031,5300,14.51,12.549,0,,,,,,,,,0.775,,,,
2026-09-25T23:16:20.950,458.943,0,796.75,39,,97.531,24.706,-5.5,1.562,1.0,0.998,-0.023,5410,14.51,12.157,0,,,,,,,,,,,0.0,,
2026-09-25T23:16:21.080,459.073,0,800.75,39,,97.531,24.314,-5.0,1.562,1.0,1.004,-0.016,5500,14.51,12.157,0,,,,,,,,,,,,25.098,
2026-09-25T23:16:21.211,459.204,0,800.5,39,,97.531,23.922,-4.5,1.562,1.0,0.998,-0.023,5470,14.51,12.157,0,,,,,,,,,,,,,479
2026-09-25T23:16:21.340,459.334,0,794.5,38,,97.531,23.922,-4.0,1.562,1.0,0.997,-0.027,5400,14.51,12.157,0,99,,,,,,,,,,,,
2026-09-25T23:16:21.470,459.464,0,790.0,38,,97.531,23.922,-2.0,1.562,1.0,0.998,-0.023,5320,14.51,12.157,0,,50,,,,,,,,,,,
2026-09-25T23:16:21.600,459.594,0,792.5,39,,97.531,23.922,-2.5,1.562,1.0,0.998,-0.023,5310,14.51,12.157,0,,,4.688,,,,,,,,,,
2026-09-25T23:16:21.730,459.723,0,797.75,38,,97.531,24.314,-4.0,1.562,1.0,0.998,-0.023,5280,14.51,12.157,0,,,,14.453,,,,,,,,,
2026-09-25T23:16:21.860,459.854,0,797.0,39,,97.531,24.314,-5.0,1.562,1.0,0.998,-0.023,5360,14.51,12.157,0,,,,,97,,,,,,,,
2026-09-25T23:16:22.000,459.993,0,799.5,38,,97.531,23.922,-4.0,1.562,1.0,0.997,-0.027,5330,14.51,12.157,0,,,,,,22,,,,,,,
2026-09-25T23:16:22.130,460.124,0,792.25,38,,97.531,23.922,-2.5,1.562,1.0,0.997,-0.027,5270,14.51,12.549,0,,,,,,,18.824,,,,,,
2026-09-25T23:16:22.260,460.254,0,792.25,38,,97.531,24.314,-3.5,0.781,1.0,0.996,-0.031,5250,14.51,12.157,0,,,,,,,,471.1,,,,,
2026-09-25T23:16:22.390,460.383,0,793.25,39,,97.531,24.314,-3.5,0.781,1.0,0.996,-0.031,5390,14.51,12.157,0,,,,,,,,,0.775,,,,
2026-09-25T23:16:22.520,460.513,0,797.75,38,,97.531,23.922,-3.5,0.781,1.0,0.996,-0.027,5370,14.51,12.549,0,,,,,,,,,,,0.0,,
2026-09-25T23:16:22.650,460.643,0,797.0,38,,97.531,24.314,-4.0,0.781,1.0,0.994,-0.035,5360,14.51,12.549,0,,,,,,,,,,,,25.49,
2026-09-25T23:16:22.780,460.774,0,797.75,39,,97.531,24.706,-5.5,0.781,1.0,0.998,-0.023,5470,14.51,12.157,0,,,,,,,,,,,,,481
2026-09-25T23:16:22.910,460.904,0,799.0,39,,97.531,24.706,-5.5,0.781,1.0,0.997,-0.027,5550,14.51,12.157,0,99,,,,,,,,,,,,
2026-09-25T23:16:23.040,461.034,0,794.0,38,,97.531,23.922,-3.0,0.781,1.0,0.996,-0.031,5490,14.51,12.157,0,,50,,,,,,,,,,,
2026-09-25T23:16:23.171,461.164,0,791.75,38,,97.531,24.314,-2.5,0.781,1.0,0.994,-0.035,5400,14.51,12.157,0,,,4.688,,,,,,,,,,
2026-09-25T23:16:23.300,461.294,0,791.5,38,,97.531,23.922,-1.5,0.781,1.0,0.997,-0.027,5300,14.51,12.549,0,,,,14.335,,,,,,,,,
2026-09-25T23:16:23.430,461.423,0,794.5,38,,97.531,24.314,-4.0,0.781,1.0,0.999,-0.023,5330,14.51,12.157,0,,,,,98,,,,,,,,
2026-09-25T23:16:23.560,461.554,0,801.25,39,,97.531,24.314,-5.5,1.562,1.0,1.004,-0.016,5460,14.51,12.157,0,,,,,,22,,,,,,,
2026-09-25T23:16:23.690,461.683,0,797.5,38,,97.531,23.922,-4.5,1.562,1.0,1.002,-0.02,5430,14.51,12.157,0,,,,,,,18.824,,,,,,
2026-09-25T23:16:23.820,461.813,0,793.0,38,,97.531,23.922,-2.5,0.781,1.0,0.997,-0.027,5330,14.51,12.549,0,,,,,,,,471.1,,,,,
2026-09-25T23:16:23.950,461.944,0,789.0,38,,97.531,24.314,-1.0,0.781,1.0,0.997,-0.027,5300,14.51,12.549,0,,,,,,,,,0.775,,,,
2026-09-25T23:16:24.080,462.073,0,791.75,39,,97.531,23.922,-3.5,0.781,1.0,1.002,-0.02,5340,14.51,12.549,0,,,,,,,,,,,0.0,,
2026-09-25T23:16:24.210,462.204,0,798.0,39,,97.531,24.706,-5.5,1.562,1.0,1.002,-0.02,5440,14.51,12.549,0,,,,,,,,,,,,25.49,
2026-09-25T23:16:24.341,462.334,0,802.75,39,,97.531,24.706,-5.5,0.781,1.0,1.0,-0.02,5480,14.51,12.157,0,,,,,,,,,,,,,482
2026-09-25T23:16:24.470,462.464,0,801.0,39,,97.531,24.314,-5.5,0.781,1.0,0.996,-0.031,5500,14.51,12.157,0,99,,,,,,,,,,,,
2026-09-25T23:16:24.600,462.593,0,791.25,39,,97.531,24.314,-3.5,0.781,1.0,0.997,-0.027,5470,14.51,12.157,0,,50,,,,,,,,,,,
2026-09-25T23:16:24.730,462.723,0,791.5,38,,97.531,23.529,-1.5,0.781,1.0,0.998,-0.027,5370,14.51,12.549,0,,,4.688,,,,,,,,,,
2026-09-25T23:16:24.860,462.854,0,792.75,39,,97.531,24.706,-2.5,0.781,1.0,0.999,-0.023,5400,14.51,12.549,0,,,,14.414,,,,,,,,,
2026-09-25T23:16:25.000,462.994,0,797.5,38,,97.531,23.922,-4.5,1.562,1.0,1.004,-0.016,5450,14.51,12.549,0,,,,,97,,,,,,,,
2026-09-25T23:16:25.131,463.124,0,799.25,39,,97.531,24.706,-5.5,0.781,1.0,1.0,-0.02,5500,14.51,12.157,0,,,,,,22,,,,,,,
2026-09-25T23:16:25.260,463.254,0,795.75,39,,97.531,23.922,-4.5,1.562,1.0,1.004,-0.016,5520,14.51,12.157,0,,,,,,,18.824,,,,,,
2026-09-25T23:16:25.390,463.384,0,794.25,39,,97.531,24.314,-2.5,0.781,1.0,0.997,-0.027,5460,14.51,12.157,0,,,,,,,,471.0,,,,,
2026-09-25T23:16:25.520,463.513,0,792.75,39,,97.531,24.314,-2.5,0.781,1.0,0.998,-0.023,5400,14.51,12.549,0,,,,,,,,,0.77,,,,
2026-09-25T23:16:25.650,463.643,0,795.0,39,,97.531,25.098,-5.0,0.781,1.0,0.998,-0.023,5430,14.51,12.549,0,,,,,,,,,,,0.0,,
2026-09-25T23:16:25.780,463.774,0,799.0,40,,97.531,25.098,-6.0,0.781,1.0,1.0,-0.02,5590,14.51,12.157,0,,,,,,,,,,,,25.49,
2026-09-25T23:16:25.910,463.904,0,798.25,39,,97.531,24.314,-6.5,0.781,1.0,0.999,-0.023,5630,14.51,12.157,0,,,,,,,,,,,,,484
2026-09-25T23:16:26.040,464.034,0,798.25,39,,97.531,24.314,-3.5,0.781,1.0,0.995,-0.031,5560,14.51,12.549,0,100,,,,,,,,,,,,
2026-09-25T23:16:26.170,464.163,0,791.25,39,,97.531,24.314,-3.0,0.781,1.0,0.997,-0.027,5540,14.51,12.157,0,,50,,,,,,,,,,,
2026-09-25T23:16:26.301,464.294,0,793.0,39,,97.531,24.314,-2.5,0.781,1.0,0.999,-0.023,5550,14.51,12.157,0,,,4.688,,,,,,,,,,
2026-09-25T23:16:26.430,464.424,0,795.25,39,,97.531,24.314,-3.5,0.781,1.0,1.002,-0.02,5480,14.51,12.549,0,,,,14.335,,,,,,,,,
2026-09-25T23:16:26.560,464.554,0,798.0,39,,97.531,24.706,-5.0,0.781,1.0,1.0,-0.02,5490,14.51,12.549,0,,,,,98,,,,,,,,
2026-09-25T23:16:26.690,464.683,0,796.0,39,,97.531,24.706,-6.0,0.781,1.0,0.999,-0.023,5560,14.51,12.157,0,,,,,,22,,,,,,,
2026-09-25T23:16:26.820,464.814,0,800.5,39,,97.531,24.314,-5.5,0.781,1.0,0.998,-0.023,5590,14.51,12.157,0,,,,,,,18.824,,,,,,
2026-09-25T23:16:26.950,464.943,0,796.75,39,,97.531,23.922,-3.5,0.781,1.0,0.996,-0.027,5450,14.51,12.157,0,,,,,,,,471.0,,,,,
2026-09-25T23:16:27.080,465.073,0,789.25,39,,97.531,23.922,-1.5,0.781,1.0,0.998,-0.023,5400,14.51,12.549,0,,,,,,,,,0.77,,,,
2026-09-25T23:16:27.210,465.204,0,791.5,39,,97.531,24.314,-4.0,0.781,1.0,0.999,-0.023,5340,14.51,12.157,0,,,,,,,,,,,0.0,,
2026-09-25T23:16:27.340,465.334,0,794.0,39,,97.531,23.922,-4.0,0.781,1.0,1.002,-0.02,5430,14.51,12.549,0,,,,,,,,,,,,25.098,
2026-09-25T23:16:27.470,465.463,0,802.0,39,,97.531,24.314,-5.0,0.781,1.0,0.998,-0.023,5440,14.51,12.157,0,,,,,,,,,,,,,485
2026-09-25T23:16:27.600,465.594,0,798.75,39,,97.531,24.314,-5.5,0.781,1.0,0.997,-0.027,5450,14.51,12.157,0,100,,,,,,,,,,,,
2026-09-25T23:16:27.731,465.724,0,795.0,38,,97.531,23.922,-3.0,0.781,1.0,1.0,-0.02,5400,14.51,12.157,0,,50,,,,,,,,,,,
2026-09-25T23:16:27.860,465.854,0,793.75,38,,97.531,24.314,-3.0,0.781,1.0,0.999,-0.023,5330,14.51,12.549,0,,,4.688,,,,,,,,,,
2026-09-25T23:16:27.990,465.983,0,790.25,39,,97.531,24.706,-4.0,0.781,1.0,1.002,-0.02,5390,14.51,12.157,0,,,,14.375,,,,,,,,,
2026-09-25T23:16:28.120,466.113,0,794.75,39,,97.531,24.314,-3.0,1.562,1.0,1.009,-0.012,5400,14.51,12.549,0,,,,,98,,,,,,,,
2026-09-25T23:16:28.250,466.243,0,794.25,39,,97.531,25.098,-4.0,1.562,1.0,1.004,-0.016,5440,14.51,12.157,0,,,,,,22,,,,,,,
2026-09-25T23:16:28.380,466.373,0,797.25,39,,97.531,24.314,-3.5,1.562,1.0,1.0,-0.02,5460,14.51,12.549,0,,,,,,,18.824,,,,,,
2026-09-25T23:16:28.511,466.504,0,792.5,39,,97.531,24.314,-4.5,0.781,1.0,0.996,-0.031,5490,14.51,12.549,0,,,,,,,,471.0,,,,,
2026-09-25T23:16:28.640,466.634,0,791.75,39,,97.531,24.706,-3.5,0.781,1.0,0.997,-0.027,5570,14.51,12.157,0,,,,,,,,,0.77,,,,
2026-09-25T23:16:28.770,466.764,0,790.5,39,,97.531,24.314,-2.0,0.781,1.0,0.996,-0.027,5580,14.51,12.549,0,,,,,,,,,,,0.0,,
2026-09-25T23:16:28.900,466.893,0,792.5,39,,97.531,24.706,-2.5,0.781,1.0,0.998,-0.027,5540,14.51,12.549,0,,,,,,,,,,,,25.49,
2026-09-25T23:16:29.030,467.024,0,801.0,39,,97.531,24.314,-5.5,0.781,1.0,0.998,-0.023,5560,14.51,12.549,0,,,,,,,,,,,,,487
2026-09-25T23:16:29.160,467.154,0,802.5,40,,97.531,25.098,-5.5,0.781,1.0,0.999,-0.02,5660,14.51,12.157,0,100,,,,,,,,,,,,
2026-09-25T23:16:29.290,467.283,0,801.75,40,,97.531,25.098,-5.5,0.781,1.0,1.002,-0.02,5740,14.51,12.157,0,,50,,,,,,,,,,,
2026-09-25T23:16:29.420,467.413,0,796.25,40,,97.531,24.706,-4.5,0.781,1.0,0.998,-0.027,5710,14.51,12.157,0,,,4.688,,,,,,,,,,
2026-09-25T23:16:29.550,467.543,0,791.5,39,,97.531,24.314,-2.5,0.781,1.0,0.999,-0.023,5650,14.51,12.549,0,,,,14.394,,,,,,,,,
2026-09-25T23:16:29.680,467.674,0,793.25,39,,97.531,24.706,-3.0,0.781,1.0,1.001,-0.02,5620,14.51,12.549,0,,,,,98,,,,,,,,
2026-09-25T23:16:29.810,467.804,0,794.75,39,,97.531,24.706,-4.5,1.562,1.0,1.007,-0.012,5580,14.51,12.549,0,,,,,,22,,,,,,,
2026-09-25T23:16:29.940,467.934,0,801.0,40,,97.531,25.098,-5.5,1.562,1.0,1.006,-0.016,5700,14.51,12.549,0,,,,,,,18.824,,,,,,
2026-09-25T23:16:30.070,468.063,0,804.5,40,,97.531,25.098,-5.5,0.781,1.0,0.998,-0.023,5790,14.51,12.549,0,,,,,,,,470.8,,,,,
2026-09-25T23:16:30.200,468.193,0,803.0,39,,97.531,24.314,-5.5,0.781,1.0,0.994,-0.035,5790,14.51,12.157,0,,,,,,,,,0.765,,,,
2026-09-25T23:16:30.331,468.324,0,796.5,39,,97.531,24.706,-4.5,0.781,1.0,0.994,-0.035,5700,14.51,12.549,0,,,,,,,,,,,0.0,,
2026-09-25T23:16:30.460,468.454,0,793.75,39,,97.531,24.314,-3.5,0.781,1.0,0.996,-0.031,5600,14.51,12.549,0,,,,,,,,,,,,25.882,
2026-09-25T23:16:30.590,468.584,0,798.5,40,,97.531,24.706,-4.0,0.781,1.0,1.0,-0.02,5620,14.51,12.549,0,,,,,,,,,,,,,488
2026-09-25T23:16:30.720,468.713,0,800.0,40,,97.531,24.706,-5.0,1.562,1.0,1.005,-0.016,5650,14.51,12.549,0,100,,,,,,,,,,,,
2026-09-25T23:16:30.850,468.843,0,802.75,39,,97.531,24.706,-5.5,1.562,1.0,0.999,-0.023,5680,14.51,12.549,0,,50,,,,,,,,,,,
2026-09-25T23:16:30.980,468.974,0,804.75,39,,97.531,24.706,-5.5,0.781,1.0,0.995,-0.035,5680,14.51,12.549,0,,,4.688,,,,,,,,,,
2026-09-25T23:16:31.110,469.104,0,803.75,39,,97.531,24.706,-6.5,0.781,1.0,0.992,-0.039,5690,14.51,12.549,0,,,,14.394,,,,,,,,,
2026-09-25T23:16:31.240,469.233,0,804.0,40,,97.531,24.706,-6.0,0.781,1.0,0.989,-0.047,5690,14.51,12.549,0,,,,,98,,,,,,,,
2026-09-25T23:16:31.370,469.363,0,802.5,39,,97.531,24.314,-5.5,0.781,1.0,0.992,-0.039,5650,14.51,12.157,0,,,,,,22,,,,,,,
2026-09-25T23:16:31.500,469.493,0,797.0,39,,97.531,24.314,-5.0,0.781,1.0,0.996,-0.031,5560,14.51,12.157,0,,,,,,,18.824,,,,,,
2026-09-25T23:16:31.630,469.623,0,796.5,39,,97.531,24.314,-4.0,0.781,1.0,0.998,-0.023,5470,14.51,12.157,0,,,,,,,,470.8,,,,,
2026-09-25T23:16:31.760,469.753,0,793.5,39,,97.531,24.314,-2.5,0.781,1.0,1.0,-0.02,5370,14.51,12.549,0,,,,,,,,,0.765,,,,
2026-09-25T23:16:31.890,469.884,0,794.75,39,,97.531,24.314,-4.0,0.781,1.0,1.0,-0.02,5340,14.51,12.549,0,,,,,,,,,,,0.0,,
2026-09-25T23:16:32.020,470.013,0,799.5,39,,97.531,24.314,-5.5,0.781,1.0,0.997,-0.027,5390,14.51,12.549,0,,,,,,,,,,,,25.49,
2026-09-25T23:16:32.150,470.144,0,800.25,39,,97.531,24.706,-5.0,0.781,1.0,0.994,-0.035,5400,14.51,12.549,0,,,,,,,,,,,,,490
2026-09-25T23:16:32.281,470.274,0,798.0,39,,97.531,24.314,-5.5,0.781,1.0,0.992,-0.039,5430,14.51,12.549,0,100,,,,,,,,,,,,
2026-09-25T23:16:32.410,470.404,0,798.75,39,,97.531,24.314,-6.0,0.0,1.0,0.987,-0.051,5440,14.51,12.549,0,,50,,,,,,,,,,,
2026-09-25T23:16:32.540,470.533,0,795.25,39,,97.531,24.314,-4.5,0.0,1.0,0.991,-0.043,5450,14.51,12.549,0,,,4.688,,,,,,,,,,
2026-09-25T23:16:32.670,470.663,0,796.5,39,,97.531,24.706,-4.5,0.0,1.0,0.992,-0.039,5510,14.51,12.549,0,,,,14.277,,,,,,,,,
2026-09-25T23:16:32.800,470.793,0,790.75,39,,97.531,24.706,-4.5,0.0,1.0,0.995,-0.031,5510,14.51,12.157,0,,,,,98,,,,,,,,
2026-09-25T23:16:32.930,470.923,0,795.0,39,,97.531,24.314,-3.5,0.0,1.0,0.997,-0.027,5450,14.51,12.157,0,,,,,,22,,,,,,,
2026-09-25T23:16:33.060,471.054,0,796.25,38,,97.531,24.314,-3.5,0.0,1.0,0.998,-0.023,5380,14.51,12.157,0,,,,,,,18.824,,,,,,
2026-09-25T23:16:33.190,471.183,0,794.5,39,,97.531,23.922,-4.0,0.781,1.0,1.0,-0.02,5320,14.51,12.157,0,,,,,,,,470.8,,,,,
2026-09-25T23:16:33.320,471.314,0,791.0,38,,97.531,24.314,-3.0,0.781,1.0,1.005,-0.016,5300,14.51,12.157,0,,,,,,,,,0.765,,,,
2026-09-25T23:16:33.451,471.445,0,791.0,39,,97.531,24.314,-2.0,0.781,1.0,1.01,-0.012,5290,14.51,12.549,0,,,,,,,,,,,0.0,,
2026-09-25T23:16:33.580,471.574,0,795.5,38,,97.531,23.922,-3.5,0.781,1.0,1.006,-0.016,5260,14.51,12.549,0,,,,,,,,,,,,25.098,
2026-09-25T23:16:33.710,471.703,0,796.0,38,,97.531,23.922,-5.0,0.781,1.0,1.002,-0.02,5290,14.51,12.157,0,,,,,,,,,,,,,492
2026-09-25T23:16:33.840,471.833,0,798.75,39,,97.531,24.314,-5.5,0.781,1.0,1.005,-0.016,5370,14.51,12.157,0,100,,,,,,,,,,,,
2026-09-25T23:16:33.970,471.963,0,793.5,38,,97.531,23.922,-3.0,0.781,1.0,1.002,-0.02,5370,14.51,12.157,0,,50,,,,,,,,,,,
2026-09-25T23:16:34.100,472.093,0,791.75,39,,97.531,23.922,-2.5,0.781,1.0,1.0,-0.02,5310,14.51,12.157,0,,,4.688,,,,,,,,,,
2026-09-25T23:16:34.230,472.224,0,793.75,38,,97.531,23.922,-3.0,0.781,1.0,0.999,-0.023,5280,14.51,12.549,0,,,,14.375,,,,,,,,,
2026-09-25T23:16:34.360,472.353,0,793.25,39,,97.531,24.314,-2.5,0.781,1.0,1.004,-0.016,5390,14.51,12.157,0,,,,,98,,,,,,,,
2026-09-25T23:16:34.500,472.493,0,795.25,39,,97.531,24.314,-3.5,1.562,1.0,1.009,-0.012,5400,14.51,12.157,0,,,,,,22,,,,,,,
2026-09-25T23:16:34.630,472.623,0,801.5,39,,97.531,23.922,-4.5,0.781,1.0,1.003,-0.016,5410,14.51,12.549,0,,,,,,,18.824,,,,,,
2026-09-25T23:16:34.760,472.753,0,804.0,39,,97.531,24.706,-5.5,0.781,1.0,1.003,-0.016,5470,14.51,12.549,0,,,,,,,,470.8,,,,,
2026-09-25T23:16:34.890,472.883,0,800.25,39,,97.531,24.706,-6.5,0.781,1.0,1.004,-0.016,5590,14.51,12.157,0,,,,,,,,,0.765,,,,
2026-09-25T23:16:35.020,473.014,0,797.5,39,,97.531,24.706,-5.0,1.562,1.0,1.009,-0.012,5640,14.51,12.157,0,,,,,,,,,,,0.0,,
2026-09-25T23:16:35.150,473.143,0,800.0,39,,97.531,23.922,-4.5,1.562,1.0,1.003,-0.016,5630,14.51,12.157,0,,,,,,,,,,,,25.098,
2026-09-25T23:16:35.280,473.273,0,797.5,39,,97.531,24.314,-4.0,1.562,1.0,1.005,-0.016,5540,14.51,12.157,0,,,,,,,,,,,,,493
2026-09-25T23:16:35.411,473.404,0,794.0,39,,97.531,24.314,-4.5,1.562,1.0,1.011,-0.008,5440,14.51,12.157,0,100,,,,,,,,,,,,
2026-09-25T23:16:35.540,473.534,0,794.0,39,,97.531,24.314,-3.5,1.562,1.0,1.01,-0.012,5410,14.51,12.157,0,,50,,,,,,,,,,,
2026-09-25T23:16:35.670,473.663,0,793.5,39,,97.531,24.314,-3.0,1.562,1.0,1.011,-0.008,5370,14.51,12.157,0,,,4.688,,,,,,,,,,
2026-09-25T23:16:35.800,473.793,0,789.75,39,,97.531,23.922,-2.5,1.562,1.0,1.009,-0.012,5320,14.51,12.157,0,,,,14.316,,,,,,,,,
2026-09-25T23:16:35.930,473.923,0,793.5,38,,97.531,23.922,-2.5,1.562,1.0,1.009,-0.012,5270,14.51,12.157,0,,,,,98,,,,,,,,
2026-09-25T23:16:36.060,474.053,0,795.0,39,,97.531,23.922,-2.5,1.562,1.0,1.005,-0.016,5260,14.51,12.157,0,,,,,,22,,,,,,,
2026-09-25T23:16:36.190,474.184,0,792.5,38,,97.531,23.922,-3.5,1.562,1.0,1.012,-0.008,5240,14.51,12.549,0,,,,,,,18.824,,,,,,
2026-09-25T23:16:36.320,474.313,0,796.75,38,,97.531,23.922,-4.5,1.562,1.0,1.006,-0.016,5250,14.51,12.549,0,,,,,,,,470.7,,,,,
2026-09-25T23:16:36.450,474.443,0,800.25,39,,97.531,24.314,-5.0,1.562,1.0,1.005,-0.016,5310,14.51,12.549,0,,,,,,,,,0.76,,,,
2026-09-25T23:16:36.581,474.574,0,798.25,39,,97.531,23.922,-4.5,1.562,1.0,1.005,-0.016,5380,14.51,12.549,0,,,,,,,,,,,0.0,,
2026-09-25T23:16:36.710,474.704,0,797.75,39,,97.531,24.314,-5.0,1.562,1.0,0.999,-0.023,5420,14.51,12.549,0,,,,,,,,,,,,25.49,
2026-09-25T23:16:36.840,474.833,0,797.75,39,,97.531,23.922,-4.5,1.562,1.0,1.0,-0.02,5450,14.51,12.549,0,,,,,,,,,,,,,495
2026-09-25T23:16:36.970,474.963,0,798.25,39,,97.531,24.314,-4.5,1.562,1.0,0.999,-0.023,5470,14.51,12.157,0,100,,,,,,,,,,,,
2026-09-25T23:16:37.100,475.093,0,797.0,39,,97.531,24.314,-5.0,1.562,1.0,0.999,-0.023,5450,14.51,12.157,0,,50,,,,,,,,,,,
2026-09-25T23:16:37.230,475.223,0,797.75,39,,97.531,23.922,-5.0,1.562,1.0,0.999,-0.023,5430,14.51,12.157,0,,,4.688,,,,,,,,,,
2026-09-25T23:16:37.360,475.353,0,790.0,39,,97.531,24.314,-1.5,1.562,1.0,1.003,-0.016,5430,14.51,12.549,0,,,,14.414,,,,,,,,,
2026-09-25T23:16:37.500,475.493,0,793.25,39,,97.531,23.922,-3.0,1.562,1.0,1.005,-0.016,5400,14.51,12.157,0,,,,,97,,,,,,,,
2026-09-25T23:16:37.630,475.623,0,794.25,39,,97.531,24.314,-4.0,1.562,1.0,1.003,-0.016,5390,14.51,12.157,0,,,,,,22,,,,,,,
2026-09-25T23:16:37.760,475.754,0,799.5,39,,97.531,23.922,-4.5,2.344,1.0,1.008,-0.012,5390,14.51,12.157,0,,,,,,,18.824,,,,,,
2026-09-25T23:16:37.890,475.883,0,801.75,38,,97.531,23.922,-5.5,1.562,1.0,1.0,-0.02,5350,14.51,12.157,0,,,,,,,,470.6,,,,,
2026-09-25T23:16:38.020,476.013,0,799.0,39,,97.531,24.314,-5.0,1.562,1.0,1.0,-0.02,5320,14.51,12.157,0,,,,,,,,,0.76,,,,
2026-09-25T23:16:38.150,476.143,0,796.25,39,,97.531,24.314,-3.5,1.562,1.0,1.0,-0.02,5320,14.51,12.157,0,,,,,,,,,,,0.0,,
2026-09-25T23:16:38.280,476.273,0,792.25,39,,97.531,24.314,-3.0,1.562,1.0,0.999,-0.023,5330,14.51,12.157,0,,,,,,,,,,,,24.706,
2026-09-25T23:16:38.411,476.404,0,793.25,39,,97.531,23.922,-3.5,1.562,1.0,0.999,-0.023,5320,14.51,12.549,0,,,,,,,,,,,,,496
2026-09-25T23:16:38.540,476.533,0,798.0,38,,97.531,24.706,-5.0,1.562,1.0,0.999,-0.023,5390,14.51,12.549,0,100,,,,,,,,,,,,
2026-09-25T23:16:38.670,476.664,0,799.0,40,,97.531,24.706,-6.0,2.344,1.0,1.004,-0.016,5560,14.51,12.549,0,,50,,,,,,,,,,,
2026-09-25T23:16:38.801,476.794,0,799.0,40,,97.531,25.098,-7.0,2.344,1.0,1.0,-0.02,5690,14.51,12.157,0,,,4.688,,,,,,,,,,
2026-09-25T23:16:38.930,476.924,0,798.25,40,,97.531,25.098,-6.0,1.562,1.0,0.998,-0.023,5770,14.51,12.157,0,,,,14.335,,,,,,,,,
2026-09-25T23:16:39.060,477.053,0,798.75,39,,97.531,24.314,-4.5,1.562,1.0,0.995,-0.031,5710,14.51,12.549,0,,,,,97,,,,,,,,
2026-09-25T23:16:39.190,477.183,0,793.75,39,,97.531,24.314,-3.5,1.562,1.0,0.998,-0.027,5570,14.51,12.157,0,,,,,,22,,,,,,,
2026-09-25T23:16:39.320,477.313,0,793.0,39,,97.531,24.314,-3.5,2.344,1.0,1.005,-0.016,5510,14.51,12.549,0,,,,,,,18.824,,,,,,
2026-09-25T23:16:39.450,477.443,0,796.5,39,,97.531,24.314,-3.5,2.344,1.0,1.014,-0.008,5420,14.51,12.549,0,,,,,,,,470.6,,,,,
2026-09-25T23:16:39.580,477.573,0,799.25,39,,97.531,24.314,-5.5,2.344,1.0,1.015,-0.004,5430,14.51,12.549,0,,,,,,,,,0.76,,,,
2026-09-25T23:16:39.710,477.703,0,797.0,39,,97.531,24.706,-5.5,2.344,1.0,1.012,-0.008,5410,14.51,12.157,0,,,,,,,,,,,0.0,,
2026-09-25T23:16:39.840,477.834,0,799.75,39,,97.531,24.314,-5.0,2.344,1.0,1.004,-0.016,5410,14.51,12.549,0,,,,,,,,,,,,25.098,
2026-09-25T23:16:39.970,477.963,0,796.5,39,,97.531,24.314,-5.0,2.344,1.0,0.998,-0.023,5390,14.51,12.157,0,,,,,,,,,,,,,498
2026-09-25T23:16:40.100,478.093,0,795.75,38,,97.531,23.922,-4.0,2.344,1.0,0.995,-0.031,5360,14.51,12.157,0,100,,,,,,,,,,,,
2026-09-25T23:16:40.231,478.224,0,797.25,39,,97.531,23.922,-4.5,2.344,1.0,0.996,-0.031,5330,14.51,12.157,0,,50,,,,,,,,,,,
2026-09-25T23:16:40.360,478.354,0,797.5,38,,97.531,23.922,-4.0,2.344,1.0,0.996,-0.031,5270,14.51,12.157,0,,,4.688,,,,,,,,,,
2026-09-25T23:16:40.490,478.483,0,797.0,39,,97.531,23.922,-4.0,2.344,1.0,0.998,-0.023,5270,14.51,12.157,0,,,,14.375,,,,,,,,,
2026-09-25T23:16:40.620,478.613,0,795.75,39,,97.531,24.314,-4.0,2.344,1.0,0.998,-0.027,5250,14.51,12.549,0,,,,,98,,,,,,,,
2026-09-25T23:16:40.750,478.743,0,793.75,39,,97.531,24.314,-3.5,2.344,1.0,0.998,-0.023,5290,14.51,12.549,0,,,,,,22,,,,,,,
2026-09-25T23:16:40.880,478.873,0,795.75,39,,97.531,24.706,-3.5,2.344,1.0,0.999,-0.023,5360,14.51,12.549,0,,,,,,,18.824,,,,,,
2026-09-25T23:16:41.010,479.003,0,800.0,39,,97.531,23.922,-4.5,2.344,1.0,0.997,-0.027,5390,14.51,12.549,0,,,,,,,,470.6,,,,,
2026-09-25T23:16:41.140,479.133,0,807.75,39,,97.531,24.706,-6.5,1.562,1.0,0.994,-0.035,5470,14.51,12.157,0,,,,,,,,,0.755,,,,
2026-09-25T23:16:41.270,479.263,0,806.75,39,,97.531,24.314,-6.0,1.562,1.0,0.995,-0.031,5550,14.51,12.157,0,,,,,,,,,,,0.0,,
2026-09-25T23:16:41.400,479.393,0,796.0,39,,97.531,23.922,-3.5,1.562,1.0,0.996,-0.031,5490,14.51,12.157,0,,,,,,,,,,,,25.098,
2026-09-25T23:16:41.530,479.524,0,798.0,39,,97.531,23.922,-4.0,1.562,1.0,0.996,-0.031,5410,14.51,12.549,0,,,,,,,,,,,,,499
2026-09-25T23:16:41.660,479.653,0,795.75,40,,97.531,24.706,-5.5,1.562,1.0,0.998,-0.023,5510,14.51,12.157,0,100,,,,,,,,,,,,
2026-09-25T23:16:41.790,479.783,0,801.5,39,,97.531,24.314,-5.5,2.344,1.0,1.004,-0.016,5580,14.51,12.549,0,,50,,,,,,,,,,,
2026-09-25T23:16:41.920,479.913,0,805.0,39,,97.531,23.922,-5.5,1.562,1.0,1.0,-0.02,5570,14.51,12.549,0,,,4.688,,,,,,,,,,
2026-09-25T23:16:42.050,480.044,0,804.75,39,,97.531,24.314,-5.5,1.562,1.0,0.998,-0.023,5500,14.51,12.157,0,,,,14.394,,,,,,,,,
2026-09-25T23:16:42.181,480.174,0,797.5,39,,97.531,24.314,-3.0,1.562,1.0,0.998,-0.023,5470,14.51,12.157,0,,,,,97,,,,,,,,
2026-09-25T23:16:42.310,480.303,0,794.75,39,,97.531,23.922,-3.0,1.562,1.0,1.001,-0.02,5410,14.51,12.157,0,,,,,,22,,,,,,,
2026-09-25T23:16:42.440,480.433,0,796.0,39,,97.531,23.922,-3.5,1.562,1.0,0.999,-0.023,5390,14.51,12.549,0,,,,,,,18.824,,,,,,
2026-09-25T23:16:42.570,480.563,0,801.25,39,,97.531,25.098,-5.5,1.562,1.0,0.999,-0.023,5480,14.51,12.549,0,,,,,,,,470.5,,,,,
2026-09-25T23:16:42.700,480.693,0,805.0,40,,97.531,25.098,-6.5,1.562,1.0,0.999,-0.023,5570,14.51,12.157,0,,,,,,,,,0.755,,,,
2026-09-25T23:16:42.830,480.823,0,804.25,39,,97.531,23.922,-4.0,1.562,1.0,0.998,-0.023,5550,14.51,12.549,0,,,,,,,,,,,0.0,,
2026-09-25T23:16:42.960,480.953,0,799.75,39,,97.531,24.706,-5.5,1.562,1.0,0.995,-0.035,5440,14.51,12.157,0,,,,,,,,,,,,25.49,
2026-09-25T23:16:43.090,481.083,0,795.25,39,,97.531,24.706,-5.0,1.562,1.0,0.996,-0.027,5490,14.51,12.157,0,,,,,,,,,,,,,501
2026-09-25T23:16:43.220,481.213,0,796.75,39,,97.531,24.314,-4.0,1.562,1.0,1.001,-0.02,5470,14.51,12.157,0,100,,,,,,,,,,,,
2026-09-25T23:16:43.350,481.343,0,799.5,39,,97.531,23.922,-4.0,1.562,1.0,0.999,-0.023,5390,14.51,12.549,0,,50,,,,,,,,,,,
2026-09-25T23:16:43.480,481.474,0,796.75,39,,97.531,24.314,-4.0,1.562,1.0,0.999,-0.023,5370,14.51,12.549,0,,,4.688,,,,,,,,,,
2026-09-25T23:16:43.610,481.604,0,799.0,39,,97.531,24.314,-4.5,1.562,1.0,1.001,-0.02,5340,14.51,12.157,0,,,,14.394,,,,,,,,,
2026-09-25T23:16:43.740,481.734,0,795.5,39,,97.531,24.314,-4.5,1.562,1.0,0.999,-0.023,5370,14.51,12.157,0,,,,,98,,,,,,,,
2026-09-25T23:16:43.870,481.863,0,796.0,38,,97.531,23.922,-4.5,1.562,1.0,0.997,-0.027,5340,14.51,12.157,0,,,,,,22,,,,,,,
2026-09-25T23:16:44.000,481.993,0,791.0,38,,97.531,23.922,-2.5,1.562,1.0,0.995,-0.031,5290,14.51,12.157,0,,,,,,,18.824,,,,,,
2026-09-25T23:16:44.130,482.123,0,795.5,38,,97.531,23.922,-3.0,1.562,1.0,0.996,-0.031,5260,14.51,12.157,0,,,,,,,,470.5,,,,,
2026-09-25T23:16:44.260,482.253,0,799.5,39,,97.531,23.922,-4.0,1.562,1.0,0.996,-0.031,5240,14.51,12.549,0,,,,,,,,,0.755,,,,
2026-09-25T23:16:44.401,482.394,0,796.0,39,,97.531,24.314,-5.5,1.562,1.0,0.998,-0.027,5300,14.51,12.549,0,,,,,,,,,,,0.0,,
2026-09-25T23:16:44.530,482.523,0,793.5,39,,97.531,24.706,-4.5,1.562,1.0,0.998,-0.023,5400,14.51,12.157,0,,,,,,,,,,,,25.098,
2026-09-25T23:16:44.660,482.653,0,795.75,39,,97.531,23.922,-3.0,1.562,1.0,0.996,-0.027,5400,14.51,12.549,0,,,,,,,,,,,,,503
2026-09-25T23:16:44.790,482.783,0,797.25,38,,97.531,23.922,-2.5,1.562,1.0,0.996,-0.031,5350,14.51,12.549,0,100,,,,,,,,,,,,
2026-09-25T23:16:44.920,482.913,0,798.0,39,,97.531,25.098,-5.0,1.562,1.0,0.995,-0.035,5400,14.51,12.157,0,,51,,,,,,,,,,,
2026-09-25T23:16:45.050,483.043,0,797.75,39,,97.531,23.922,-4.0,1.562,1.0,0.998,-0.027,5450,14.51,12.157,0,,,4.688,,,,,,,,,,
2026-09-25T23:16:45.180,483.173,0,798.5,39,,97.531,23.922,-4.0,1.562,1.0,0.998,-0.027,5430,14.51,12.157,0,,,,14.394,,,,,,,,,
2026-09-25T23:16:45.310,483.303,0,793.5,38,,97.531,24.314,-3.5,1.562,1.0,0.999,-0.023,5380,14.51,12.157,0,,,,,98,,,,,,,,
2026-09-25T23:16:45.440,483.434,0,794.25,38,,97.531,24.314,-3.0,1.562,1.0,0.998,-0.027,5370,14.51,12.157,0,,,,,,22,,,,,,,
2026-09-25T23:16:45.571,483.564,0,792.75,38,,97.531,23.922,-2.0,1.562,1.0,0.998,-0.023,5330,14.51,12.549,0,,,,,,,18.824,,,,,,
2026-09-25T23:16:45.700,483.694,0,795.25,39,,97.531,23.922,-3.5,1.562,1.0,1.0,-0.02,5340,14.51,12.549,0,,,,,,,,470.5,,,,,
2026-09-25T23:16:45.831,483.824,0,799.5,39,,97.531,24.706,-6.0,1.562,1.0,0.999,-0.023,5430,14.51,12.157,0,,,,,,,,,0.755,,,,
2026-09-25T23:16:45.960,483.953,0,800.75,39,,97.531,24.314,-5.5,1.562,1.0,0.999,-0.023,5500,14.51,12.157,0,,,,,,,,,,,0.0,,
2026-09-25T23:16:46.090,484.083,0,802.0,39,,97.531,23.922,-5.5,1.562,1.0,0.997,-0.027,5470,14.51,12.157,0,,,,,,,,,,,,25.098,
2026-09-25T23:16:46.220,484.213,0,791.75,38,,97.531,23.922,-2.5,1.562,1.0,0.997,-0.027,5350,14.51,12.157,0,,,,,,,,,,,,,504
2026-09-25T23:16:46.350,484.343,0,792.5,38,,97.531,23.922,-2.5,1.562,1.0,0.998,-0.023,5300,14.51,12.157,0,100,,,,,,,,,,,,
2026-09-25T23:16:46.480,484.473,0,795.0,39,,97.531,23.922,-2.5,1.562,1.0,1.0,-0.02,5260,14.51,12.549,0,,51,,,,,,,,,,,
2026-09-25T23:16:46.610,484.603,0,800.25,39,,97.531,23.922,-5.0,1.562,1.0,1.004,-0.016,5260,14.51,12.549,0,,,4.688,,,,,,,,,,
2026-09-25T23:16:46.740,484.733,0,798.0,39,,97.531,24.314,-5.0,1.562,1.0,1.0,-0.02,5370,14.51,12.549,0,,,,14.394,,,,,,,,,
2026-09-25T23:16:46.870,484.864,0,799.25,38,,97.531,23.922,-4.0,1.562,1.0,0.998,-0.023,5360,14.51,12.549,0,,,,,97,,,,,,,,
2026-09-25T23:16:47.000,484.993,0,798.25,38,,97.531,24.314,-5.0,1.562,1.0,0.996,-0.031,5370,14.51,12.549,0,,,,,,22,,,,,,,
2026-09-25T23:16:47.130,485.124,0,795.25,39,,97.531,24.706,-4.0,1.562,1.0,0.996,-0.027,5410,14.51,12.157,0,,,,,,,18.824,,,,,,
2026-09-25T23:16:47.261,485.254,0,797.25,38,,97.531,24.314,-4.0,1.562,1.0,0.997,-0.027,5430,14.51,12.157,0,,,,,,,,470.5,,,,,
2026-09-25T23:16:47.390,485.383,0,799.5,38,,97.531,23.922,-4.5,1.562,1.0,0.996,-0.031,5360,14.51,12.157,0,,,,,,,,,0.755,,,,
2026-09-25T23:16:47.520,485.513,0,799.5,39,,97.531,23.922,-4.0,1.562,1.0,0.997,-0.027,5310,14.51,12.157,0,,,,,,,,,,,0.0,,
2026-09-25T23:16:47.650,485.643,0,800.0,38,,97.531,24.314,-3.5,1.562,1.0,0.997,-0.027,5270,14.51,12.549,0,,,,,,,,,,,,25.098,
2026-09-25T23:16:47.780,485.773,0,797.25,39,,97.531,24.314,-3.5,1.562,1.0,0.998,-0.027,5290,14.51,12.549,0,,,,,,,,,,,,,506
2026-09-25T23:16:47.910,485.903,0,797.25,39,,97.531,24.314,-4.5,1.562,1.0,0.997,-0.027,5330,14.51,12.549,0,100,,,,,,,,,,,,
2026-09-25T23:16:48.040,486.033,0,795.5,39,,97.531,24.706,-4.5,1.562,1.0,0.998,-0.023,5390,14.51,12.157,0,,51,,,,,,,,,,,
2026-09-25T23:16:48.170,486.163,0,796.5,39,,97.531,24.314,-4.5,1.562,1.0,0.998,-0.023,5420,14.51,12.157,0,,,4.688,,,,,,,,,,
2026-09-25T23:16:48.300,486.294,0,800.25,38,,97.531,23.922,-5.0,1.562,1.0,0.996,-0.031,5400,14.51,12.157,0,,,,14.375,,,,,,,,,
2026-09-25T23:16:48.430,486.423,0,798.25,38,,97.531,23.922,-4.0,1.562,1.0,0.996,-0.031,5280,14.51,12.549,0,,,,,97,,,,,,,,
2026-09-25T23:16:48.560,486.554,0,793.25,39,,97.531,24.314,-2.5,1.562,1.0,0.996,-0.027,5280,14.51,12.549,0,,,,,,22,,,,,,,
2026-09-25T23:16:48.690,486.683,0,792.25,39,,97.531,24.314,-3.5,1.562,1.0,0.999,-0.023,5360,14.51,12.157,0,,,,,,,18.824,,,,,,
2026-09-25T23:16:48.820,486.813,0,793.0,39,,97.531,24.314,-4.0,1.562,1.0,0.998,-0.023,5390,14.51,12.157,0,,,,,,,,470.5,,,,,
2026-09-25T23:16:48.950,486.943,0,797.25,38,,97.531,23.922,-4.0,1.562,1.0,0.999,-0.02,5380,14.51,12.157,0,,,,,,,,,0.75,,,,
2026-09-25T23:16:49.080,487.073,0,798.5,39,,97.531,23.922,-4.0,1.562,1.0,0.999,-0.023,5310,14.51,12.157,0,,,,,,,,,,,0.0,,
2026-09-25T23:16:49.210,487.203,0,795.5,38,,97.531,23.922,-4.0,1.562,1.0,0.999,-0.023,5320,14.51,12.157,0,,,,,,,,,,,,25.098,
2026-09-25T23:16:49.340,487.333,0,796.25,39,,97.531,24.314,-4.0,1.562,1.0,0.999,-0.023,5350,14.51,12.157,0,,,,,,,,,,,,,507
2026-09-25T23:16:49.470,487.463,0,797.0,38,,97.531,23.922,-4.5,1.562,1.0,0.998,-0.027,5350,14.51,12.157,0,100,,,,,,,,,,,,
2026-09-25T23:16:49.600,487.593,0,797.0,39,,97.531,24.314,-3.0,1.562,1.0,0.998,-0.023,5310,14.51,12.549,0,,51,,,,,,,,,,,
2026-09-25T23:16:49.730,487.724,0,799.25,39,,97.531,24.314,-4.5,1.562,1.0,0.997,-0.027,5310,14.51,12.549,0,,,4.688,,,,,,,,,,
2026-09-25T23:16:49.860,487.853,0,799.75,39,,97.531,24.314,-4.5,1.562,1.0,0.996,-0.031,5360,14.51,12.549,0,,,,14.394,,,,,,,,,
2026-09-25T23:16:49.990,487.984,0,800.75,39,,97.531,24.314,-5.5,1.562,1.0,0.996,-0.027,5400,14.51,12.157,0,,,,,98,,,,,,,,
2026-09-25T23:16:50.121,488.114,0,798.75,39,,97.531,24.314,-6.0,0.781,1.0,0.996,-0.027,5440,14.51,12.157,0,,,,,,22,,,,,,,
2026-09-25T23:16:50.250,488.243,0,796.0,39,,97.531,23.922,-3.5,0.781,1.0,0.996,-0.031,5370,14.51,12.157,0,,,,,,,18.824,,,,,,
2026-09-25T23:16:50.380,488.373,0,791.25,38,,97.531,23.922,-2.0,0.781,1.0,0.995,-0.035,5320,14.51,12.157,0,,,,,,,,470.4,,,,,
2026-09-25T23:16:50.510,488.503,0,795.0,38,,97.531,23.922,-3.0,0.781,1.0,0.997,-0.027,5250,14.51,12.157,0,,,,,,,,,0.75,,,,
2026-09-25T23:16:50.640,488.633,0,800.0,39,,97.531,23.922,-4.5,0.781,1.0,0.998,-0.023,5230,14.51,12.157,0,,,,,,,,,,,0.0,,
2026-09-25T23:16:50.770,488.763,0,795.5,38,,97.531,23.922,-3.5,0.781,1.0,1.002,-0.02,5240,14.51,12.157,0,,,,,,,,,,,,25.098,
2026-09-25T23:16:50.900,488.893,0,796.25,39,,97.531,24.314,-3.5,1.562,1.0,0.999,-0.023,5240,14.51,12.549,0,,,,,,,,,,,,,509
2026-09-25T23:16:51.030,489.023,0,795.0,39,,97.531,23.922,-4.0,0.781,1.0,0.997,-0.027,5280,14.51,12.549,0,100,,,,,,,,,,,,
2026-09-25T23:16:51.160,489.153,0,796.5,39,,97.531,24.314,-4.0,0.781,1.0,0.998,-0.023,5290,14.51,12.157,0,,51,,,,,,,,,,,
2026-09-25T23:16:51.291,489.284,0,796.0,39,,97.531,23.922,-4.0,0.781,1.0,0.996,-0.027,5320,14.51,12.157,0,,,4.688,,,,,,,,,,
2026-09-25T23:16:51.420,489.414,0,799.0,38,,97.531,23.922,-4.5,0.781,1.0,0.997,-0.027,5290,14.51,12.157,0,,,,14.355,,,,,,,,,
2026-09-25T23:16:51.550,489.543,0,800.25,38,,97.531,23.922,-3.5,0.781,1.0,0.996,-0.031,5270,14.51,12.549,0,,,,,97,,,,,,,,
2026-09-25T23:16:51.680,489.673,0,799.75,39,,97.531,24.314,-5.5,0.781,1.0,0.997,-0.027,5270,14.51,12.157,0,,,,,,22,,,,,,,
2026-09-25T23:16:51.810,489.803,0,796.0,39,,97.531,24.314,-4.5,0.781,1.0,0.998,-0.023,5360,14.51,12.157,0,,,,,,,18.824,,,,,,
2026-09-25T23:16:51.940,489.933,0,796.25,38,,97.531,24.314,-3.5,0.781,1.0,0.998,-0.023,5300,14.51,12.549,0,,,,,,,,470.4,,,,,
2026-09-25T23:16:52.070,490.063,0,796.5,39,,97.531,24.314,-5.0,0.781,1.0,0.998,-0.027,5350,14.51,12.549,0,,,,,,,,,0.75,,,,
2026-09-25T23:16:52.200,490.193,0,796.0,39,,97.531,24.706,-5.0,0.781,1.0,0.998,-0.023,5480,14.51,12.157,0,,,,,,,,,,,0.0,,
2026-09-25T23:16:52.330,490.323,0,797.0,39,,97.531,24.314,-4.5,0.781,1.0,0.998,-0.023,5490,14.51,12.157,0,,,,,,,,,,,,24.706,
2026-09-25T23:16:52.460,490.453,0,800.25,39,,97.531,23.922,-4.0,0.781,1.0,0.997,-0.027,5430,14.51,12.157,0,,,,,,,,,,,,,510
2026-09-25T23:16:52.590,490.584,0,790.0,39,,97.531,23.922,-2.5,0.781,1.0,0.997,-0.027,5340,14.51,12.157,0,100,,,,,,,,,,,,
2026-09-25T23:16:52.721,490.714,0,792.5,38,,97.531,23.922,-2.5,0.781,1.0,0.999,-0.023,5290,14.51,12.157,0,,51,,,,,,,,,,,
2026-09-25T23:16:52.850,490.843,0,795.75,38,,97.531,24.314,-2.5,0.781,1.0,0.999,-0.02,5260,14.51,12.549,0,,,4.688,,,,,,,,,,
2026-09-25T23:16:52.980,490.973,0,797.0,39,,97.531,23.922,-4.5,1.562,1.0,1.003,-0.016,5270,14.51,12.157,0,,,,14.394,,,,,,,,,
2026-09-25T23:16:53.110,491.103,0,798.0,38,,97.531,23.922,-4.5,0.781,1.0,1.0,-0.02,5290,14.51,12.157,0,,,,,98,,,,,,,,
2026-09-25T23:16:53.240,491.233,0,798.25,38,,97.531,23.922,-4.0,0.781,1.0,0.999,-0.023,5260,14.51,12.549,0,,,,,,22,,,,,,,
2026-09-25T23:16:53.370,491.363,0,793.0,38,,97.531,23.922,-3.0,0.781,1.0,0.997,-0.027,5260,14.51,12.157,0,,,,,,,18.824,,,,,,
2026-09-25T23:16:53.500,491.493,0,793.5,39,,97.531,24.314,-4.0,0.781,1.0,0.999,-0.023,5250,14.51,12.157,0,,,,,,,,470.3,,,,,
2026-09-25T23:16:53.630,491.623,0,800.5,39,,97.531,23.922,-5.0,0.781,1.0,0.999,-0.023,5300,14.51,12.549,0,,,,,,,,,0.75,,,,
2026-09-25T23:16:53.760,491.754,0,801.25,39,,97.531,24.314,-4.5,0.781,1.0,0.999,-0.023,5330,14.51,12.157,0,,,,,,,,,,,0.0,,
2026-09-25T23:16:53.890,491.883,0,800.0,39,,97.531,24.314,-5.5,0.781,1.0,0.999,-0.023,5350,14.51,12.157,0,,,,,,,,,,,,24.706,
2026-09-25T23:16:54.020,492.014,0,797.5,38,,97.531,23.922,-4.0,0.781,1.0,0.998,-0.023,5280,14.51,12.157,0,,,,,,,,,,,,,512
2026-09-25T23:16:54.151,492.144,0,793.5,38,,97.531,24.706,-3.5,0.781,1.0,0.999,-0.023,5230,14.51,12.157,0,100,,,,,,,,,,,,
2026-09-25T23:16:54.280,492.273,0,794.75,39,,97.531,24.314,-3.5,0.781,1.0,0.999,-0.023,5300,14.51,12.157,0,,51,,,,,,,,,,,
2026-09-25T23:16:54.410,492.403,0,795.75,39,,97.531,23.922,-2.5,0.781,1.0,1.002,-0.02,5300,14.51,12.549,0,,,4.688,,,,,,,,,,
2026-09-25T23:16:54.540,492.533,0,802.0,39,,97.531,24.706,-5.5,0.781,1.0,0.999,-0.02,5410,14.51,12.157,0,,,,14.335,,,,,,,,,
2026-09-25T23:16:54.670,492.663,0,803.25,39,,97.531,23.922,-5.0,0.781,1.0,1.0,-0.02,5480,14.51,12.157,0,,,,,97,,,,,,,,
2026-09-25T23:16:54.800,492.793,0,799.75,38,,97.531,23.922,-5.0,0.781,1.0,0.997,-0.027,5430,14.51,12.157,0,,,,,,22,,,,,,,
2026-09-25T23:16:54.930,492.923,0,797.0,38,,97.531,23.922,-3.0,0.781,1.0,0.995,-0.031,5320,14.51,12.157,0,,,,,,,18.824,,,,,,
2026-09-25T23:16:55.060,493.053,0,792.0,39,,97.531,24.314,-2.0,0.781,1.0,0.997,-0.027,5270,14.51,12.549,0,,,,,,,,470.3,,,,,
2026-09-25T23:16:55.190,493.184,0,793.5,39,,97.531,24.706,-3.5,0.781,1.0,1.002,-0.02,5320,14.51,12.549,0,,,,,,,,,0.75,,,,
2026-09-25T23:16:55.320,493.313,0,798.75,39,,97.531,24.314,-5.5,1.562,1.0,1.007,-0.012,5430,14.51,12.549,0,,,,,,,,,,,0.0,,
2026-09-25T23:16:55.450,493.443,0,803.5,39,,97.531,24.314,-5.0,1.562,1.0,1.005,-0.016,5480,14.51,12.549,0,,,,,,,,,,,,25.098,
2026-09-25T23:16:55.580,493.574,0,801.0,39,,97.531,24.314,-6.0,0.781,1.0,0.999,-0.023,5520,14.51,12.157,0,,,,,,,,,,,,,513
2026-09-25T23:16:55.710,493.703,0,800.25,39,,97.531,23.922,-5.5,0.781,1.0,0.997,-0.027,5490,14.51,12.157,0,100,,,,,,,,,,,,
2026-09-25T23:16:55.840,493.833,0,796.25,38,,97.531,23.529,-3.0,0.781,1.0,0.996,-0.031,5410,14.51,12.549,0,,51,,,,,,,,,,,
2026-09-25T23:16:55.970,493.963,0,793.25,39,,97.531,24.314,-1.5,0.781,1.0,0.998,-0.023,5320,14.51,12.549,0,,,4.688,,,,,,,,,,
2026-09-25T23:16:56.100,494.093,0,795.75,39,,97.531,24.706,-6.0,0.781,1.0,1.001,-0.02,5330,14.51,12.157,0,,,,14.414,,,,,,,,,
2026-09-25T23:16:56.230,494.223,0,795.75,39,,97.531,24.314,-2.5,0.781,1.0,1.002,-0.02,5330,14.51,12.549,0,,,,,97,,,,,,,,
2026-09-25T23:16:56.360,494.353,0,800.75,39,,97.531,24.314,-5.5,0.781,1.0,1.0,-0.02,5330,14.51,12.549,0,,,,,,22,,,,,,,
2026-09-25T23:16:56.490,494.483,0,796.75,39,,97.531,24.314,-5.5,0.781,1.0,0.998,-0.023,5390,14.51,12.157,0,,,,,,,18.824,,,,,,
2026-09-25T23:16:56.620,494.613,0,796.0,39,,97.531,24.314,-4.5,0.781,1.0,0.997,-0.027,5410,14.51,12.157,0,,,,,,,,470.3,,,,,
2026-09-25T23:16:56.750,494.743,0,796.25,39,,97.531,23.529,-4.0,0.781,1.0,0.997,-0.027,5400,14.51,12.157,0,,,,,,,,,0.745,,,,
2026-09-25T23:16:56.880,494.873,0,796.0,38,,97.531,23.922,-3.0,0.781,1.0,0.996,-0.031,5340,14.51,12.157,0,,,,,,,,,,,0.0,,
2026-09-25T23:16:57.011,495.004,0,795.75,38,,97.531,23.922,-3.5,0.781,1.0,0.996,-0.031,5250,14.51,12.549,0,,,,,,,,,,,,24.706,
2026-09-25T23:16:57.140,495.134,0,793.75,38,,97.531,24.314,-4.0,0.781,1.0,0.998,-0.023,5260,14.51,12.157,0,,,,,,,,,,,,,515
2026-09-25T23:16:57.270,495.263,0,795.25,39,,97.531,24.314,-3.5,0.781,1.0,1.0,-0.02,5270,14.51,12.157,0,100,,,,,,,,,,,,
2026-09-25T23:16:57.400,495.393,0,794.75,38,,97.531,23.922,-3.5,0.781,1.0,1.0,-0.02,5230,14.51,12.157,0,,51,,,,,,,,,,,
2026-09-25T23:16:57.530,495.523,0,795.5,38,,97.531,23.922,-2.5,0.781,1.0,0.999,-0.023,5210,14.51,12.549,0,,,4.688,,,,,,,,,,
2026-09-25T23:16:57.660,495.653,0,800.25,39,,97.531,24.314,-4.5,0.781,1.0,0.998,-0.023,5250,14.51,12.549,0,,,,14.414,,,,,,,,,
2026-09-25T23:16:57.790,495.783,0,801.5,38,,97.531,23.922,-6.0,0.781,1.0,0.998,-0.023,5310,14.51,12.549,0,,,,,98,,,,,,,,
2026-09-25T23:16:57.920,495.913,0,801.75,39,,97.531,24.314,-6.0,0.781,1.0,0.999,-0.023,5370,14.51,12.157,0,,,,,,22,,,,,,,
2026-09-25T23:16:58.050,496.043,0,801.75,39,,97.531,23.922,-5.5,0.781,1.0,0.998,-0.023,5390,14.51,12.157,0,,,,,,,18.824,,,,,,
2026-09-25T23:16:58.180,496.173,0,795.75,38,,97.531,23.922,-3.0,0.781,1.0,0.998,-0.023,5280,14.51,12.549,0,,,,,,,,470.3,,,,,
2026-09-25T23:16:58.310,496.303,0,790.25,38,,97.531,23.529,-1.5,0.781,1.0,0.998,-0.023,5200,14.51,12.549,0,,,,,,,,,0.745,,,,
2026-09-25T23:16:58.441,496.434,0,791.75,39,,97.531,23.922,-2.5,0.781,1.0,1.005,-0.016,5190,14.51,12.549,0,,,,,,,,,,,0.0,,
2026-09-25T23:16:58.570,496.564,0,799.25,39,,97.531,24.314,-4.5,1.562,1.0,1.008,-0.012,5320,14.51,12.549,0,,,,,,,,,,,,25.49,
2026-09-25T23:16:58.700,496.694,0,803.0,39,,97.531,24.314,-5.5,1.562,1.0,1.006,-0.016,5390,14.51,12.549,0,,,,,,,,,,,,,517
2026-09-25T23:16:58.830,496.823,0,802.75,39,,97.531,23.922,-6.5,0.781,1.0,0.998,-0.023,5440,14.51,12.157,0,100,,,,,,,,,,,,
2026-09-25T23:16:58.960,496.953,0,799.75,38,,97.531,23.922,-4.5,0.781,1.0,0.996,-0.027,5410,14.51,12.157,0,,51,,,,,,,,,,,
2026-09-25T23:16:59.090,497.083,0,794.25,38,,97.531,23.137,-2.5,0.781,1.0,0.996,-0.031,5280,14.51,12.157,0,,,4.688,,,,,,,,,,
2026-09-25T23:16:59.220,497.213,0,789.75,38,,97.531,23.922,-2.5,0.781,1.0,0.996,-0.031,5240,14.51,12.157,0,,,,14.433,,,,,,,,,
2026-09-25T23:16:59.350,497.343,0,796.75,38,,97.531,23.922,-3.5,0.781,1.0,1.001,-0.02,5210,14.51,12.549,0,,,,,98,,,,,,,,
2026-09-25T23:16:59.480,497.474,0,799.25,39,,97.531,24.314,-5.0,0.781,1.0,0.999,-0.023,5260,14.51,12.157,0,,,,,,22,,,,,,,
2026-09-25T23:16:59.610,497.603,0,799.0,39,,97.531,24.314,-5.5,0.781,1.0,0.999,-0.023,5290,14.51,12.157,0,,,,,,,18.824,,,,,,
2026-09-25T23:16:59.740,497.733,0,793.0,38,,97.531,23.922,-3.0,0.781,1.0,0.999,-0.023,5300,14.51,12.157,0,,,,,,,,470.2,,,,,
2026-09-25T23:16:59.871,497.864,0,792.5,38,,97.531,23.922,-2.0,0.781,1.0,0.996,-0.027,5260,14.51,12.549,0,,,,,,,,,0.745,,,,
2026-09-25T23:17:00.000,497.993,0,793.75,38,,97.531,23.529,-2.5,0.781,1.0,0.995,-0.031,5220,14.51,12.549,0,,,,,,,,,,,0.0,,
2026-09-25T23:17:00.130,498.123,0,796.75,38,,97.531,24.314,-3.5,0.781,1.0,0.995,-0.031,5210,14.51,12.157,0,,,,,,,,,,,,25.098,
2026-09-25T23:17:00.260,498.253,0,796.5,38,,97.531,23.529,-3.5,0.781,1.0,0.999,-0.023,5230,14.51,12.157,0,,,,,,,,,,,,,518
2026-09-25T23:17:00.390,498.383,0,798.0,38,,97.531,23.922,-4.0,0.781,1.0,0.999,-0.023,5220,14.51,12.157,0,100,,,,,,,,,,,,
2026-09-25T23:17:00.520,498.513,0,794.5,38,,97.531,23.922,-4.0,0.781,1.0,0.999,-0.023,5170,14.51,12.549,0,,51,,,,,,,,,,,
2026-09-25T23:17:00.650,498.643,0,795.5,39,,97.531,23.922,-4.0,0.781,1.0,0.998,-0.023,5210,14.51,12.157,0,,,4.688,,,,,,,,,,
2026-09-25T23:17:00.780,498.773,0,795.0,39,,97.531,24.314,-2.5,0.781,1.0,0.999,-0.023,5270,14.51,12.157,0,,,,14.355,,,,,,,,,
2026-09-25T23:17:00.910,498.903,0,794.25,39,,97.531,24.314,-4.0,0.781,1.0,0.999,-0.023,5280,14.51,12.157,0,,,,,98,,,,,,,,
2026-09-25T23:17:01.040,499.034,0,798.25,38,,97.531,23.922,-4.0,0.781,1.0,0.998,-0.027,5260,14.51,12.157,0,,,,,,22,,,,,,,
2026-09-25T23:17:01.170,499.164,0,794.25,38,,97.531,23.529,-2.5,0.781,1.0,0.998,-0.023,5220,14.51,12.549,0,,,,,,,18.824,,,,,,
2026-09-25T23:17:01.300,499.294,0,796.25,38,,97.531,24.314,-4.5,0.781,1.0,0.999,-0.023,5180,14.51,12.157,0,,,,,,,,470.2,,,,,
2026-09-25T23:17:01.430,499.423,0,793.75,39,,97.531,23.922,-4.0,0.781,1.0,1.001,-0.02,5270,14.51,12.157,0,,,,,,,,,0.745,,,,
2026-09-25T23:17:01.560,499.553,0,793.75,38,,97.531,23.922,-2.5,0.781,1.0,1.003,-0.016,5200,14.51,12.549,0,,,,,,,,,,,0.0,,
2026-09-25T23:17:01.690,499.683,0,792.0,39,,97.531,23.922,-4.0,0.781,1.0,0.999,-0.02,5230,14.51,12.157,0,,,,,,,,,,,,25.098,
2026-09-25T23:17:01.820,499.813,0,795.5,39,,97.531,24.314,-4.0,0.781,1.0,1.003,-0.016,5270,14.51,12.157,0,,,,,,,,,,,,,520
2026-09-25T23:17:01.950,499.943,0,798.25,39,,97.531,23.922,-4.0,0.781,1.0,1.003,-0.016,5290,14.51,12.157,0,101,,,,,,,,,,,,
2026-09-25T23:17:02.080,500.073,0,795.0,38,,97.531,23.922,-2.5,0.781,1.0,1.003,-0.016,5270,14.51,12.157,0,,52,,,,,,,,,,,
2026-09-25T23:17:02.211,500.204,0,792.75,39,,97.531,23.922,-2.5,0.781,1.0,0.999,-0.023,5260,14.51,12.549,0,,,4.688,,,,,,,,,,
2026-09-25T23:17:02.340,500.333,0,793.75,38,,97.531,24.314,-2.5,0.781,1.0,0.999,-0.023,5240,14.51,12.549,0,,,,14.375,,,,,,,,,
2026-09-25T23:17:02.470,500.463,0,795.5,39,,97.531,24.314,-4.5,0.781,1.0,1.003,-0.016,5300,14.51,12.549,0,,,,,98,,,,,,,,
2026-09-25T23:17:02.600,500.593,0,799.5,39,,97.531,23.922,-5.5,0.781,1.0,0.999,-0.02,5350,14.51,12.157,0,,,,,,22,,,,,,,
2026-09-25T23:17:02.730,500.723,0,798.25,39,,97.531,24.314,-5.0,0.781,1.0,1.005,-0.016,5360,14.51,12.157,0,,,,,,,18.824,,,,,,
2026-09-25T23:17:02.860,500.853,0,796.25,38,,97.531,23.529,-3.0,0.781,1.0,0.999,-0.023,5320,14.51,12.157,0,,,,,,,,470.1,,,,,
2026-09-25T23:17:02.990,500.983,0,794.75,38,,97.531,23.922,-4.0,0.781,1.0,0.999,-0.023,5280,14.51,12.157,0,,,,,,,,,0.745,,,,
2026-09-25T23:17:03.120,501.113,0,792.25,38,,97.531,23.922,-2.0,0.781,1.0,0.998,-0.023,5230,14.51,12.157,0,,,,,,,,,,,0.0,,
2026-09-25T23:17:03.250,501.243,0,792.25,38,,97.531,23.922,-1.5,0.781,1.0,0.999,-0.02,5180,14.51,12.549,0,,,,,,,,,,,,24.706,
2026-09-25T23:17:03.380,501.374,0,797.75,38,,97.531,23.922,-4.0,0.781,1.0,1.002,-0.02,5240,14.51,12.549,0,,,,,,,,,,,,,521
2026-09-25T23:17:03.510,501.503,0,799.0,39,,97.531,24.314,-5.5,0.781,1.0,1.0,-0.02,5350,14.51,12.157,0,100,,,,,,,,,,,,
2026-09-25T23:17:03.640,501.633,0,798.75,39,,97.531,23.529,-4.0,0.781,1.0,1.001,-0.02,5430,14.51,12.157,0,,52,,,,,,,,,,,
2026-09-25T23:17:03.770,501.763,0,792.75,38,,97.531,23.529,-2.5,0.781,1.0,0.997,-0.027,5370,14.51,12.157,0,,,4.688,,,,,,,,,,
2026-09-25T23:17:03.900,501.894,0,792.0,38,,97.531,23.922,-2.5,0.781,1.0,0.997,-0.027,5280,14.51,12.157,0,,,,14.433,,,,,,,,,
2026-09-25T23:17:04.030,502.023,0,794.25,38,,97.531,23.529,-3.5,0.781,1.0,0.999,-0.023,5220,14.51,12.157,0,,,,,97,,,,,,,,
2026-09-25T23:17:04.160,502.153,0,791.25,39,,97.531,23.922,-2.5,0.781,1.0,1.006,-0.016,5240,14.51,12.157,0,,,,,,22,,,,,,,
2026-09-25T23:17:04.290,502.283,0,793.5,39,,97.531,23.922,-4.0,1.562,1.0,1.01,-0.012,5240,14.51,12.157,0,,,,,,,18.824,,,,,,
2026-09-25T23:17:04.420,502.413,0,797.5,38,,97.531,23.922,-5.0,1.562,1.0,1.004,-0.016,5240,14.51,12.157,0,,,,,,,,470.1,,,,,
2026-09-25T23:17:04.551,502.544,0,797.25,39,,97.531,23.922,-4.0,1.562,1.0,1.003,-0.016,5250,14.51,12.157,0,,,,,,,,,0.745,,,,
2026-09-25T23:17:04.680,502.673,0,794.5,38,,97.531,24.314,-4.0,0.781,1.0,0.999,-0.02,5270,14.51,12.157,0,,,,,,,,,,,0.0,,
2026-09-25T23:17:04.810,502.803,0,794.25,39,,97.531,23.922,-3.0,0.781,1.0,0.999,-0.023,5250,14.51,12.157,0,,,,,,,,,,,,24.706,
2026-09-25T23:17:04.940,502.933,0,799.25,38,,97.531,24.314,-4.5,0.781,1.0,0.997,-0.027,5180,14.51,12.549,0,,,,,,,,,,,,,523
2026-09-25T23:17:05.070,503.063,0,797.75,39,,97.531,24.706,-5.5,0.781,1.0,0.998,-0.023,5270,14.51,12.157,0,100,,,,,,,,,,,,
2026-09-25T23:17:05.200,503.193,0,798.25,39,,97.531,23.529,-4.0,1.562,1.0,1.002,-0.02,5360,14.51,12.157,0,,52,,,,,,,,,,,
2026-09-25T23:17:05.330,503.323,0,797.5,38,,97.531,23.529,-3.5,0.781,1.0,0.998,-0.023,5290,14.51,12.157,0,,,4.688,,,,,,,,,,
2026-09-25T23:17:05.460,503.453,0,792.0,38,,97.531,23.922,-3.5,0.781,1.0,0.998,-0.023,5300,14.51,12.157,0,,,,14.414,,,,,,,,,
2026-09-25T23:17:05.590,503.583,0,794.75,38,,97.531,23.922,-2.5,0.781,1.0,0.999,-0.023,5270,14.51,12.549,0,,,,,97,,,,,,,,
2026-09-25T23:17:05.720,503.713,0,794.5,38,,97.531,23.922,-4.5,0.781,1.0,0.999,-0.023,5270,14.51,12.157,0,,,,,,22,,,,,,,
2026-09-25T23:17:05.850,503.844,0,797.75,39,,97.531,23.922,-5.5,0.781,1.0,1.0,-0.02,5370,14.51,12.157,0,,,,,,,18.824,,,,,,
2026-09-25T23:17:05.980,503.974,0,799.5,38,,97.531,23.529,-3.0,0.781,1.0,0.999,-0.023,5350,14.51,12.157,0,,,,,,,,470.0,,,,,
2026-09-25T23:17:06.110,504.103,0,795.75,39,,97.531,23.922,-2.5,1.562,1.0,1.001,-0.02,5270,14.51,12.157,0,,,,,,,,,0.74,,,,
2026-09-25T23:17:06.240,504.233,0,796.25,38,,97.531,23.922,-3.0,0.781,1.0,1.002,-0.02,5230,14.51,12.549,0,,,,,,,,,,,0.0,,
2026-09-25T23:17:06.370,504.363,0,795.0,39,,97.531,24.314,-4.0,1.562,1.0,1.005,-0.016,5330,14.51,12.549,0,,,,,,,,,,,,25.098,
2026-09-25T23:17:06.500,504.494,0,798.25,39,,97.531,24.314,-5.5,1.562,1.0,1.005,-0.016,5360,14.51,12.549,0,,,,,,,,,,,,,524
2026-09-25T23:17:06.630,504.623,0,801.25,39,,97.531,23.922,-5.5,1.562,1.0,0.999,-0.023,5400,14.51,12.549,0,101,,,,,,,,,,,,
2026-09-25T23:17:06.760,504.753,0,797.75,39,,97.531,24.314,-5.0,0.781,1.0,0.998,-0.027,5380,14.51,12.157,0,,52,,,,,,,,,,,
2026-09-25T23:17:06.890,504.883,0,795.75,39,,97.531,23.922,-4.0,0.781,1.0,0.997,-0.027,5370,14.51,12.157,0,,,4.688,,,,,,,,,,
2026-09-25T23:17:07.020,505.013,0,795.75,38,,97.531,23.922,-4.0,0.781,1.0,0.999,-0.023,5320,14.51,12.549,0,,,,14.414,,,,,,,,,
2026-09-25T23:17:07.150,505.143,0,795.25,38,,97.531,23.529,-2.0,0.781,1.0,0.998,-0.023,5260,14.51,12.549,0,,,,,98,,,,,,,,
2026-09-25T23:17:07.280,505.273,0,795.75,38,,97.531,24.314,-4.0,0.781,1.0,0.998,-0.023,5260,14.51,12.549,0,,,,,,22,,,,,,,
2026-09-25T23:17:07.410,505.404,0,799.5,39,,97.531,24.706,-5.5,0.781,1.0,0.998,-0.023,5310,14.51,12.549,0,,,,,,,18.824,,,,,,
2026-09-25T23:17:07.540,505.534,0,802.25,39,,97.531,24.314,-6.0,0.781,1.0,0.999,-0.023,5480,14.51,12.549,0,,,,,,,,470.0,,,,,
2026-09-25T23:17:07.670,505.663,0,800.5,39,,97.531,24.706,-6.0,0.781,1.0,0.999,-0.023,5550,14.51,12.157,0,,,,,,,,,0.745,,,,
2026-09-25T23:17:07.800,505.793,0,795.5,39,,97.531,23.922,-4.0,0.781,1.0,0.997,-0.027,5530,14.51,12.549,0,,,,,,,,,,,0.0,,
2026-09-25T23:17:07.930,505.923,0,797.25,38,,97.531,23.922,-4.5,0.781,1.0,0.996,-0.031,5450,14.51,12.549,0,,,,,,,,,,,,25.49,
2026-09-25T23:17:08.060,506.053,0,797.75,39,,97.531,24.706,-5.0,0.781,1.0,0.998,-0.023,5440,14.51,12.157,0,,,,,,,,,,,,,526
2026-09-25T23:17:08.190,506.183,0,797.25,39,,97.531,24.314,-4.5,1.562,1.0,1.003,-0.016,5460,14.51,12.157,0,101,,,,,,,,,,,,
2026-09-25T23:17:08.320,506.313,0,796.75,39,,97.531,23.922,-4.0,1.562,1.0,1.002,-0.02,5380,14.51,12.549,0,,52,,,,,,,,,,,
2026-09-25T23:17:08.450,506.444,0,798.25,39,,97.531,24.314,-4.0,1.562,1.0,1.002,-0.02,5330,14.51,12.549,0,,,4.688,,,,,,,,,,
2026-09-25T23:17:08.580,506.573,0,799.0,39,,97.531,24.314,-5.5,1.562,1.0,1.0,-0.02,5340,14.51,12.549,0,,,,14.355,,,,,,,,,
2026-09-25T23:17:08.710,506.703,0,797.75,39,,97.531,24.314,-5.0,0.781,1.0,0.998,-0.023,5380,14.51,12.549,0,,,,,98,,,,,,,,
2026-09-25T23:17:08.841,506.834,0,795.5,39,,97.531,24.314,-4.0,0.781,1.0,0.997,-0.027,5350,14.51,12.157,0,,,,,,22,,,,,,,
2026-09-25T23:17:08.970,506.964,0,798.0,39,,97.531,23.922,-4.0,0.781,1.0,0.995,-0.031,5360,14.51,12.157,0,,,,,,,18.824,,,,,,
2026-09-25T23:17:09.100,507.094,0,794.5,38,,97.531,23.922,-4.0,0.781,1.0,0.996,-0.027,5320,14.51,12.157,0,,,,,,,,470.0,,,,,
2026-09-25T23:17:09.230,507.223,0,794.5,38,,97.531,23.529,-4.0,0.781,1.0,0.997,-0.027,5290,14.51,12.157,0,,,,,,,,,0.74,,,,
2026-09-25T23:17:09.360,507.354,0,794.25,38,,97.531,23.922,-2.5,0.781,1.0,0.998,-0.023,5240,14.51,12.549,0,,,,,,,,,,,0.0,,
2026-09-25T23:17:09.490,507.483,0,794.5,39,,97.531,24.314,-4.5,0.781,1.0,0.998,-0.023,5270,14.51,12.941,0,,,,,,,,,,,,25.882,
2026-09-25T23:17:09.620,507.613,0,802.0,39,,97.531,24.706,9.5,0.781,1.0,0.998,-0.023,5470,14.51,14.51,0,,,,,,,,,,,,,527
2026-09-25T23:17:09.750,507.743,0,845.5,45,,97.562,32.941,-4.0,0.781,1.0,1.0,-0.02,5950,14.51,13.725,0,101,,,,,,,,,,,,
2026-09-25T23:17:09.880,507.873,0,931.25,51,,97.531,32.157,-9.0,0.781,1.0,0.993,-0.035,6550,14.51,13.725,0,,52,,,,,,,,,,,
2026-09-25T23:17:10.010,508.003,0,938.75,48,,97.531,30.196,-2.5,0.781,1.0,0.982,-0.066,7240,14.51,14.118,0,,,3.125,,,,,,,,,,
2026-09-25T23:17:10.140,508.134,0,878.75,49,,97.531,34.902,1.5,0.0,1.0,0.964,-0.109,7930,14.902,14.51,1,,,,14.296,,,,,,,,,
2026-09-25T23:17:10.271,508.264,0,839.0,56,,97.531,37.255,5.0,-0.781,1.0,0.964,-0.109,8420,14.902,14.902,1,,,,,97,,,,,,,,
2026-09-25T23:17:10.400,508.393,0,829.25,59,,97.531,40.392,-1.5,0.0,1.0,0.983,-0.062,8960,16.863,14.118,2,,,,,,22,,,,,,,
2026-09-25T23:17:10.530,508.523,0,839.5,60,,97.562,39.216,3.5,0.0,1.0,0.994,-0.035,9580,23.922,15.294,2,,,,,,,18.824,,,,,,
2026-09-25T23:17:10.660,508.654,0,861.0,61,,97.531,42.353,7.5,0.0,1.001,0.989,-0.047,10140,23.922,16.471,2,,,,,,,,469.3,,,,,
2026-09-25T23:17:10.790,508.783,0,899.0,66,,97.5,45.882,1.0,0.0,1.001,0.986,-0.055,10680,25.098,16.078,3,,,,,,,,,0.745,,,,
2026-09-25T23:17:10.920,508.914,0,986.25,68,,97.531,45.098,8.0,0.0,1.001,0.986,-0.055,11240,28.235,18.039,3,,,,,,,,,,,0.0,,
2026-09-25T23:17:11.051,509.044,0,1114.5,69,,97.844,40.784,10.5,-0.781,1.001,0.977,-0.082,11980,28.627,16.863,4,,,,,,,,,,,,47.059,
2026-09-25T23:17:11.180,509.173,0,1177.25,68,,97.875,34.902,11.0,-1.562,1.0,0.976,-0.082,12680,29.02,16.471,4,,,,,,,,,,,,,529
2026-09-25T23:17:11.310,509.303,0,1173.75,67,,98.062,34.118,11.0,-1.562,1.0,0.978,-0.078,13210,30.196,18.431,5,101,,,,,,,,,,,,
2026-09-25T23:17:11.440,509.433,0,1174.0,67,,98.094,39.216,11.0,-1.562,1.0,0.978,-0.078,13720,30.98,19.608,6,,52,,,,,,,,,,,
2026-09-25T23:17:11.570,509.564,0,1205.25,79,,98.188,39.608,11.0,-1.562,1.002,0.995,-0.031,14420,31.373,20.392,7,,,1.562,,,,,,,,,,
2026-09-25T23:17:11.700,509.693,0,1240.75,81,,98.406,40.0,11.0,-1.562,1.003,0.999,-0.023,15070,31.373,20.392,7,,,,14.375,,,,,,,,,
2026-09-25T23:17:11.830,509.823,0,1273.75,82,,98.719,38.824,11.5,-1.562,1.004,1.005,-0.016,15790,31.373,21.176,8,,,,,98,,,,,,,,
2026-09-25T23:17:11.960,509.954,0,1299.5,84,,99.281,38.039,11.0,-0.781,1.003,1.015,-0.004,16170,31.765,21.961,9,,,,,,22,,,,,,,
2026-09-25T23:17:12.090,510.083,0,1323.75,86,,99.562,38.039,11.0,0.0,1.002,1.035,0.016,16110,31.765,22.353,10,,,,,,,18.824,,,,,,
2026-09-25T23:17:12.220,510.213,0,1365.5,87,,100.031,37.647,11.5,0.0,1.002,1.026,0.008,15990,32.157,23.137,11,,,,,,,,466.6,,,,,
2026-09-25T23:17:12.350,510.343,0,1419.0,87,,100.844,35.686,11.0,0.0,1.001,1.026,0.008,15890,32.157,23.529,12,,,,,,,,,0.765,,,,
2026-09-25T23:17:12.480,510.473,0,1490.5,89,,101.25,33.333,12.0,0.781,1.001,1.034,0.016,15790,32.157,23.922,13,,,,,,,,,,,0.0,,
2026-09-25T23:17:12.610,510.604,0,1547.25,89,,101.844,31.373,12.0,2.344,1.001,1.04,0.023,15690,32.549,24.314,13,,,,,,,,,,,,58.431,
2026-09-25T23:17:12.740,510.734,0,1628.5,90,,102.469,28.627,12.0,2.344,1.001,1.033,0.016,15670,33.333,27.451,14,,,,,,,,,,,,,531
2026-09-25T23:17:12.871,510.864,0,1744.0,94,,103.281,29.412,11.0,3.125,1.001,1.02,0.0,16160,33.333,26.667,15,100,,,,,,,,,,,,
2026-09-25T23:17:13.000,510.993,0,1763.5,93,,104.438,28.627,11.0,3.125,1.001,1.03,0.012,16190,33.725,26.667,16,,51,,,,,,,,,,,
2026-09-25T23:17:13.130,511.123,0,1739.25,93,,105.656,28.235,-15.0,3.906,1.001,1.026,0.008,16490,33.725,25.098,16,,,0.781,,,,,,,,,,
2026-09-25T23:17:13.261,511.254,0,1505.5,97,,108.469,36.471,-5.5,3.906,1.001,1.017,-0.004,16920,33.725,23.922,17,,,,14.433,,,,,,,,,
2026-09-25T23:17:13.390,511.383,0,1439.0,97,,109.375,40.0,-1.0,3.906,1.001,1.002,-0.02,16810,33.725,23.137,17,,,,,97,,,,,,,,
2026-09-25T23:17:13.520,511.513,0,1419.0,95,,109.875,40.0,1.5,2.344,1.001,0.986,-0.055,16500,33.725,22.745,18,,,,,,22,,,,,,,
2026-09-25T23:17:13.650,511.643,0,1398.75,96,,109.844,42.353,8.5,2.344,1.001,0.979,-0.074,16470,33.725,22.745,19,,,,,,,18.824,,,,,,
2026-09-25T23:17:13.780,511.774,0,1405.5,95,,109.781,41.176,9.0,1.562,1.001,0.981,-0.066,16430,33.725,23.529,20,,,,,,,,465.0,,,,,
2026-09-25T23:17:13.911,511.904,0,1456.75,95,,109.562,40.784,8.0,1.562,1.001,0.984,-0.062,16490,33.725,24.314,20,,,,,,,,,0.755,,,,
2026-09-25T23:17:14.040,512.033,0,1505.25,96,,109.531,36.863,8.5,1.562,1.0,0.989,-0.047,16470,33.725,24.314,21,,,,,,,,,,,0.0,,
2026-09-25T23:17:14.170,512.164,0,1561.75,96,,109.688,34.902,9.0,1.562,1.0,0.991,-0.043,16420,33.725,24.314,22,,,,,,,,,,,,67.059,
2026-09-25T23:17:14.300,512.294,0,1610.0,96,,110.0,32.549,9.5,1.562,1.0,0.992,-0.039,16210,33.333,24.314,22,,,,,,,,,,,,,532
2026-09-25T23:17:14.430,512.423,0,1660.0,95,,110.219,31.373,9.5,1.562,1.0,0.992,-0.039,16090,32.941,23.529,23,100,,,,,,,,,,,,
2026-09-25T23:17:14.560,512.553,0,1697.5,93,,111.0,28.627,10.5,1.562,1.0,1.005,-0.016,15830,32.549,23.137,24,,50,,,,,,,,,,,
2026-09-25T23:17:14.691,512.684,0,1755.75,93,,111.219,27.451,12.5,1.562,1.0,1.005,-0.016,15640,31.373,21.569,24,,,0.781,,,,,,,,,,
2026-09-25T23:17:14.830,512.824,0,1778.25,91,,111.531,24.706,14.0,2.344,1.0,1.023,0.004,15060,28.235,18.039,24,,,,14.316,,,,,,,,,
2026-09-25T23:17:14.960,512.953,0,1811.75,77,,110.469,18.824,17.0,3.125,1.0,1.01,-0.012,14510,24.314,16.078,25,,,,,98,,,,,,,,
2026-09-25T23:17:15.090,513.084,0,1809.25,64,,107.812,16.078,17.5,1.562,1.001,0.985,-0.059,13900,23.922,15.686,25,,,,,,22,,,,,,,
2026-09-25T23:17:15.220,513.213,0,1806.75,51,,106.688,14.118,17.0,1.562,1.0,0.991,-0.043,13340,23.137,15.686,25,,,,,,,18.824,,,,,,
2026-09-25T23:17:15.350,513.344,0,1787.0,44,,104.625,10.98,-8.5,1.562,1.0,0.989,-0.047,12800,23.137,15.686,25,,,,,,,,466.3,,,,,
2026-09-25T23:17:15.480,513.473,0,1723.75,39,,103.656,11.373,-9.5,1.562,1.0,1.014,-0.008,12480,23.137,15.294,25,,,,,,,,,0.75,,,,
2026-09-25T23:17:15.610,513.604,0,1627.75,38,,103.0,10.98,-10.0,3.125,1.0,1.027,0.008,11850,23.137,14.902,25,,,,,,,,,,,0.0,,
2026-09-25T23:17:15.740,513.734,0,1507.75,38,,102.375,12.941,-11.5,3.906,0.999,1.032,0.012,11040,23.137,14.902,25,,,,,,,,,,,,24.706,
2026-09-25T23:17:15.871,513.864,0,1424.5,37,,101.406,14.51,-10.5,3.125,0.999,0.997,-0.027,10510,23.137,14.51,25,,,,,,,,,,,,,534
2026-09-25T23:17:16.000,513.993,0,1387.5,37,,101.062,15.294,-5.5,1.562,0.999,0.968,-0.102,10680,23.137,14.51,25,100,,,,,,,,,,,,
2026-09-25T23:17:16.130,514.123,0,1363.75,38,,100.75,15.686,-1.5,0.0,0.999,0.947,-0.148,10000,23.137,14.51,25,,49,,,,,,,,,,,
2026-09-25T23:17:16.260,514.254,0,1280.75,39,,100.125,17.647,-1.0,0.0,1.0,0.964,-0.109,9180,23.137,14.118,25,,,3.125,,,,,,,,,,
2026-09-25T23:17:16.390,514.383,0,1208.25,39,,100.5,18.824,11.0,0.0,1.0,0.975,-0.086,9000,23.137,14.118,25,,,,14.335,,,,,,,,,
2026-09-25T23:17:16.520,514.514,0,1151.75,40,,100.625,20.0,12.5,0.0,1.0,0.974,-0.09,8590,23.137,14.118,25,,,,,98,,,,,,,,
2026-09-25T23:17:16.650,514.644,0,1155.0,41,,100.125,20.784,12.5,0.0,1.0,0.978,-0.078,8060,23.137,13.725,25,,,,,,22,,,,,,,
2026-09-25T23:17:16.780,514.774,0,1151.0,40,,100.125,20.784,12.5,0.0,1.0,0.986,-0.055,7610,23.137,13.725,25,,,,,,,18.824,,,,,,
2026-09-25T23:17:16.909,514.903,0,1158.25,40,,99.781,20.392,12.5,0.0,1.0,0.984,-0.059,7220,22.745,13.725,25,,,,,,,,469.4,,,,,
2026-09-25T23:17:17.040,515.033,0,1162.75,39,,99.781,19.216,12.5,0.0,1.0,0.975,-0.086,7050,23.137,13.725,25,,,,,,,,,0.745,,,,
2026-09-25T23:17:17.170,515.163,0,1153.75,38,,99.469,19.608,12.5,-0.781,1.0,0.97,-0.098,6920,23.137,13.725,25,,,,,,,,,,,0.0,,
2026-09-25T23:17:17.299,515.293,0,1157.25,38,,99.438,19.608,12.5,-1.562,1.0,0.97,-0.098,6420,23.137,14.118,25,,,,,,,,,,,,26.275,
2026-09-25T23:17:17.430,515.423,0,1160.25,39,,99.156,20.0,12.5,-1.562,1.0,0.979,-0.074,6050,23.137,13.725,25,,,,,,,,,,,,,535
2026-09-25T23:17:17.559,515.553,0,1172.25,39,,99.094,19.608,13.0,-0.781,1.0,0.982,-0.066,6100,23.529,13.725,25,100,,,,,,,,,,,,
2026-09-25T23:17:17.690,515.684,0,1173.75,39,,98.938,19.608,13.0,-1.562,1.0,0.98,-0.07,6570,23.137,13.725,25,,50,,,,,,,,,,,
2026-09-25T23:17:17.820,515.813,0,1179.25,40,,98.844,19.608,13.0,-2.344,1.0,0.972,-0.094,6290,23.137,13.725,25,,,3.125,,,,,,,,,,
2026-09-25T23:17:17.950,515.943,0,1179.0,40,,98.812,19.608,13.0,-2.344,1.0,0.971,-0.094,6180,23.137,13.725,25,,,,14.316,,,,,,,,,
2026-09-25T23:17:18.080,516.073,0,1172.25,39,,98.781,19.216,13.0,-2.344,1.0,0.979,-0.074,6220,23.137,13.725,25,,,,,97,,,,,,,,
2026-09-25T23:17:18.210,516.203,0,1177.75,38,,98.75,18.824,13.0,-2.344,1.0,0.978,-0.078,6500,14.51,11.765,26,,,,,,22,,,,,,,
2026-09-25T23:17:18.340,516.333,0,1181.75,37,,98.812,0.0,19.0,-2.344,1.0,0.98,-0.07,6370,14.51,12.157,26,,,,,,,18.824,,,,,,
2026-09-25T23:17:18.471,516.464,0,1161.25,25,,98.219,0.0,15.0,-3.125,1.0,0.981,-0.07,5990,14.51,12.157,26,,,,,,,,471.5,,,,,
2026-09-25T23:17:18.600,516.593,0,1173.75,24,,98.188,0.0,20.0,-3.125,1.0,0.983,-0.062,5640,14.51,12.157,26,,,,,,,,,0.75,,,,
2026-09-25T23:17:18.730,516.723,0,1178.0,23,,98.188,0.0,12.5,-3.125,1.0,0.97,-0.098,5320,14.51,12.157,25,,,,,,,,,,,0.0,,
2026-09-25T23:17:18.860,516.853,0,1182.75,22,,98.188,0.0,8.0,-3.906,1.001,0.968,-0.102,5010,14.51,12.157,25,,,,,,,,,,,,12.941,
2026-09-25T23:17:18.990,516.983,0,1170.5,22,,98.156,0.0,3.0,-4.688,1.001,0.956,-0.129,4700,14.51,12.157,25,,,,,,,,,,,,,537
2026-09-25T23:17:19.119,517.113,0,1133.0,23,,98.125,0.0,-3.0,-5.469,1.002,0.951,-0.141,4390,14.51,12.157,25,100,,,,,,,,,,,,
2026-09-25T23:17:19.250,517.244,0,1117.25,22,,97.969,0.0,-2.5,-5.469,1.002,0.957,-0.125,4090,14.51,12.157,24,,50,,,,,,,,,,,
2026-09-25T23:17:19.380,517.373,0,1119.0,22,,97.875,0.0,-1.5,-4.688,1.002,0.977,-0.082,3830,14.51,12.157,24,,,7.812,,,,,,,,,,
2026-09-25T23:17:19.510,517.503,0,1108.0,22,,97.875,0.0,-1.5,-4.688,1.002,0.995,-0.035,3560,14.51,12.157,24,,,,14.355,,,,,,,,,
2026-09-25T23:17:19.640,517.633,0,1091.5,22,,97.844,0.0,3.0,-3.125,1.002,1.026,0.008,3360,14.51,12.157,24,,,,,98,,,,,,,,
2026-09-25T23:17:19.770,517.764,0,1090.75,22,,97.938,0.0,2.5,-2.344,1.002,1.044,0.027,3090,14.51,12.157,23,,,,,,22,,,,,,,
2026-09-25T23:17:19.900,517.893,0,1064.75,22,,97.906,0.0,4.0,-1.562,1.002,1.053,0.035,2840,14.51,11.765,23,,,,,,,18.824,,,,,,
2026-09-25T23:17:20.031,518.024,0,1041.5,23,,97.938,0.0,6.5,-0.781,1.002,1.067,0.055,2650,14.51,11.765,23,,,,,,,,472.9,,,,,
2026-09-25T23:17:20.160,518.153,0,1028.0,22,,97.875,0.0,7.5,0.0,1.002,1.092,0.082,2630,14.51,11.765,23,,,,,,,,,0.75,,,,
2026-09-25T23:17:20.290,518.284,0,1037.0,22,,97.875,0.0,6.0,0.781,1.002,1.095,0.082,2520,14.902,11.765,23,,,,,,,,,,,0.0,,
2026-09-25T23:17:20.420,518.413,0,1038.75,22,,97.875,0.0,7.0,0.781,1.002,1.079,0.066,2510,14.902,11.765,22,,,,,,,,,,,,13.333,
2026-09-25T23:17:20.550,518.543,0,1020.75,22,,97.875,0.0,9.5,0.0,1.002,1.044,0.027,2590,15.686,11.765,22,,,,,,,,,,,,,538
2026-09-25T23:17:20.680,518.673,0,1014.0,23,,97.875,11.373,1.0,0.0,1.002,1.027,0.008,2800,14.51,11.765,22,100,,,,,,,,,,,,
2026-09-25T23:17:20.810,518.803,0,1005.5,23,,97.844,11.765,-2.5,0.0,1.002,1.027,0.008,2950,14.51,11.765,21,,50,,,,,,,,,,,
2026-09-25T23:17:20.940,518.933,0,1008.5,22,,97.844,11.373,-4.0,0.0,1.002,1.03,0.012,2880,14.51,11.765,21,,,7.031,,,,,,,,,,
2026-09-25T23:17:21.070,519.063,0,1006.25,23,,97.812,11.765,-6.0,1.562,1.002,1.089,0.078,2800,15.294,12.157,21,,,,14.296,,,,,,,,,
2026-09-25T23:17:21.200,519.193,0,1019.25,22,,97.812,10.98,-9.5,2.344,1.002,1.074,0.062,2800,18.039,12.157,20,,,,,97,,,,,,,,
2026-09-25T23:17:21.330,519.323,0,1016.5,23,,97.844,11.373,6.5,4.688,1.002,1.154,0.148,2880,20.392,12.549,20,,,,,,22,,,,,,,
2026-09-25T23:17:21.459,519.453,0,1096.5,24,,97.688,12.157,22.0,6.25,1.002,1.133,0.125,3140,21.961,13.725,20,,,,,,,18.824,,,,,,
2026-09-25T23:17:21.590,519.583,0,1143.75,27,,97.562,13.725,17.0,4.688,1.002,1.036,0.02,3540,23.529,14.902,19,,,,,,,,474.0,,,,,
2026-09-25T23:17:21.720,519.714,0,1217.25,33,,97.531,17.255,14.0,1.562,1.001,0.989,-0.047,4070,24.314,15.294,19,,,,,,,,,0.745,,,,
2026-09-25T23:17:21.850,519.844,0,1335.25,37,,97.531,18.039,14.0,0.0,1.001,0.963,-0.113,4760,24.314,14.902,19,,,,,,,,,,,0.0,,
2026-09-25T23:17:21.979,519.973,0,1298.0,42,,97.531,18.824,14.0,0.0,1.0,0.961,-0.117,5990,24.706,15.294,19,,,,,,,,,,,,28.627,
2026-09-25T23:17:22.110,520.103,0,1310.5,43,,97.531,19.216,14.0,-0.781,1.0,0.949,-0.141,6590,25.098,15.686,19,,,,,,,,,,,,,540
2026-09-25T23:17:22.241,520.234,0,1351.75,45,,97.531,20.0,14.0,-0.781,1.0,0.967,-0.102,7160,25.882,16.078,19,101,,,,,,,,,,,,
2026-09-25T23:17:22.370,520.363,0,1390.5,47,,97.531,20.392,14.0,-0.781,1.0,0.981,-0.066,8770,26.667,16.471,19,,51,,,,,,,,,,,
2026-09-25T23:17:22.500,520.493,0,1417.0,52,,97.531,21.176,14.5,-1.562,1.0,0.955,-0.129,8790,27.059,16.471,19,,,2.344,,,,,,,,,,
2026-09-25T23:17:22.630,520.623,0,1442.5,55,,97.531,21.176,14.5,-3.125,1.0,0.961,-0.117,9300,27.059,16.471,19,,,,14.335,,,,,,,,,
2026-09-25T23:17:22.760,520.753,0,1426.5,57,,97.875,21.961,14.5,-1.562,1.0,0.992,-0.039,10790,27.059,16.078,20,,,,,98,,,,,,,,
2026-09-25T23:17:22.890,520.883,0,1457.75,57,,97.875,21.176,14.5,-1.562,1.004,0.984,-0.059,11180,26.667,16.078,20,,,,,,22,,,,,,,
2026-09-25T23:17:23.020,521.014,0,1457.5,58,,97.875,20.784,14.5,-3.125,1.005,0.979,-0.074,11560,26.667,16.471,20,,,,,,,18.824,,,,,,
2026-09-25T23:17:23.150,521.144,0,1484.75,57,,98.188,19.608,15.0,-3.125,1.004,0.989,-0.047,11620,26.275,16.078,20,,,,,,,,475.1,,,,,
2026-09-25T23:17:23.280,521.274,0,1498.75,55,,98.188,18.431,15.0,-2.344,1.003,0.997,-0.027,11710,21.176,14.118,20,,,,,,,,,0.785,,,,
2026-09-25T23:17:23.410,521.403,0,1516.5,52,,98.625,17.255,14.5,-3.125,1.002,0.988,-0.051,10610,20.392,13.333,21,,,,,,,,,,,0.0,,
2026-09-25T23:17:23.540,521.534,0,1513.0,41,,98.188,11.765,15.5,-3.125,1.002,0.995,-0.035,10580,20.392,12.941,20,,,,,,,,,,,,22.353,
2026-09-25T23:17:23.670,521.663,0,1503.0,31,,98.312,10.196,18.5,-2.344,1.002,1.005,-0.016,9940,20.392,12.549,20,,,,,,,,,,,,,542
2026-09-25T23:17:23.800,521.794,0,1494.0,27,,98.188,9.02,22.5,-3.906,1.001,0.961,-0.117,9470,20.392,12.157,20,101,,,,,,,,,,,,
2026-09-25T23:17:23.930,521.923,0,1467.0,25,,98.188,8.235,30.5,-5.469,1.001,0.964,-0.109,9050,20.784,12.549,20,,51,,,,,,,,,,,
2026-09-25T23:17:24.060,522.053,0,1478.0,22,,98.188,6.667,32.0,-3.906,1.002,0.999,-0.023,8730,20.784,12.941,20,,,4.688,,,,,,,,,,
2026-09-25T23:17:24.190,522.183,0,1473.5,22,,98.188,7.059,30.5,-2.344,1.002,1.044,0.027,8360,23.137,14.51,20,,,,14.316,,,,,,,,,
2026-09-25T23:17:24.320,522.313,0,1471.0,24,,98.156,8.235,16.0,-0.781,1.002,1.047,0.031,7730,23.922,15.294,20,,,,,97,,,,,,,,
2026-09-25T23:17:24.450,522.444,0,1504.25,31,,97.875,12.549,15.0,-0.781,1.001,1.02,0.0,7000,23.529,15.294,20,,,,,,22,,,,,,,
2026-09-25T23:17:24.580,522.574,0,1467.75,39,,97.875,14.118,14.5,-2.344,1.0,0.997,-0.027,6330,23.529,14.902,20,,,,,,,18.824,,,,,,
2026-09-25T23:17:24.710,522.703,0,1469.5,39,,97.875,14.51,15.0,-3.125,1.001,0.981,-0.066,5940,23.529,14.902,20,,,,,,,,476.8,,,,,
2026-09-25T23:17:24.841,522.835,0,1477.0,39,,97.875,14.118,14.5,-3.906,1.0,0.978,-0.078,6360,23.529,14.902,20,,,,,,,,,0.765,,,,
2026-09-25T23:17:24.980,522.973,0,1484.0,39,,98.188,14.118,15.0,-3.906,1.0,0.979,-0.074,6790,23.137,14.902,20,,,,,,,,,,,0.0,,
2026-09-25T23:17:25.110,523.103,0,1495.25,41,,98.188,14.118,14.5,-4.688,1.0,0.968,-0.102,6580,23.529,14.902,20,,,,,,,,,,,,27.059,
2026-09-25T23:17:25.241,523.234,0,1496.25,41,,98.188,14.118,14.5,-4.688,1.0,0.983,-0.062,6740,22.745,14.902,20,,,,,,,,,,,,,543
2026-09-25T23:17:25.370,523.364,0,1502.5,39,,98.188,13.725,15.5,-4.688,1.001,0.99,-0.043,7120,14.51,13.333,21,102,,,,,,,,,,,,
2026-09-25T23:17:25.500,523.493,0,1493.0,30,,98.125,0.0,18.5,-4.688,1.001,0.989,-0.047,6720,14.51,12.549,20,,51,,,,,,,,,,,
2026-09-25T23:17:25.630,523.624,0,1478.75,26,,98.188,0.0,29.0,-3.906,1.001,0.998,-0.023,6450,14.51,12.549,20,,,5.469,,,,,,,,,,
2026-09-25T23:17:25.760,523.753,0,1462.5,22,,98.031,0.0,32.0,-3.125,1.002,1.027,0.008,6260,14.902,12.941,20,,,,14.316,,,,,,,,,
2026-09-25T23:17:25.890,523.884,0,1489.5,22,,97.938,0.0,32.0,-2.344,1.003,1.054,0.039,5900,15.686,12.941,20,,,,,97,,,,,,,,
2026-09-25T23:17:26.019,524.013,0,1450.0,22,,98.0,0.0,23.5,-0.781,1.003,1.061,0.047,5470,18.039,12.941,20,,,,,,22,,,,,,,
2026-09-25T23:17:26.150,524.143,0,1474.75,22,,97.938,0.0,16.5,-1.562,1.003,1.026,0.008,5070,19.216,12.941,20,,,,,,,18.824,,,,,,
2026-09-25T23:17:26.280,524.273,0,1447.75,22,,97.906,7.059,11.5,-3.125,1.003,0.984,-0.059,4690,20.0,12.941,20,,,,,,,,478.6,,,,,
2026-09-25T23:17:26.410,524.404,0,1449.75,22,,97.906,7.059,14.5,-3.906,1.003,0.977,-0.078,4270,20.0,12.941,20,,,,,,,,,0.77,,,,
2026-09-25T23:17:26.539,524.533,0,1428.0,22,,97.875,7.451,16.0,-3.906,1.003,0.986,-0.055,3920,20.392,12.941,19,,,,,,,,,,,0.0,,
2026-09-25T23:17:26.670,524.663,0,1410.25,22,,97.875,7.843,28.0,-3.125,1.002,1.005,-0.016,3580,21.569,13.333,19,,,,,,,,,,,,13.725,
2026-09-25T23:17:26.799,524.793,0,1403.5,23,,98.156,8.235,24.5,-2.344,1.002,1.035,0.016,3650,21.961,14.51,19,,,,,,,,,,,,,545
2026-09-25T23:17:26.930,524.924,0,1401.75,27,,97.875,10.588,17.5,-0.781,1.002,1.055,0.039,3880,21.569,14.118,19,102,,,,,,,,,,,,
2026-09-25T23:17:27.060,525.054,0,1412.75,30,,97.906,11.373,16.5,-0.781,1.001,1.029,0.012,4110,21.569,13.725,19,,51,,,,,,,,,,,
2026-09-25T23:17:27.190,525.183,0,1369.5,30,,97.906,12.157,17.0,-0.781,1.0,1.021,0.0,4430,21.961,13.725,19,,,3.906,,,,,,,,,,
2026-09-25T23:17:27.319,525.313,0,1365.5,30,,97.969,12.157,18.5,-0.781,1.0,1.021,0.0,4420,21.569,13.725,18,,,,14.375,,,,,,,,,
2026-09-25T23:17:27.449,525.443,0,1356.5,30,,97.875,12.157,14.5,-0.781,1.0,1.021,0.0,4570,21.569,13.333,18,,,,,98,,,,,,,,
2026-09-25T23:17:27.580,525.574,0,1357.5,29,,97.938,11.373,19.0,0.0,1.0,1.019,0.0,5060,18.824,12.157,18,,,,,,22,,,,,,,
2026-09-25T23:17:27.709,525.703,0,1351.25,28,,98.0,10.588,22.5,-1.562,1.0,0.987,-0.051,4620,14.51,12.549,18,,,,,,,18.824,,,,,,
2026-09-25T23:17:27.840,525.834,0,1330.0,25,,97.844,0.0,27.5,-1.562,1.0,0.994,-0.035,4280,14.51,12.549,18,,,,,,,,480.0,,,,,
2026-09-25T23:17:27.970,525.963,0,1326.25,23,,97.875,0.0,20.0,-0.781,1.0,1.012,-0.008,4140,14.51,12.549,18,,,,,,,,,0.765,,,,
2026-09-25T23:17:28.100,526.094,0,1337.25,22,,97.875,0.0,15.5,-0.781,1.001,1.015,-0.004,3900,14.51,12.549,18,,,,,,,,,,,0.0,,
2026-09-25T23:17:28.229,526.223,0,1309.5,22,,97.875,0.0,10.5,-0.781,1.001,1.006,-0.016,3540,14.51,12.549,18,,,,,,,,,,,,12.549,
2026-09-25T23:17:28.359,526.353,0,1299.75,22,,97.844,0.0,5.5,-0.781,1.002,1.011,-0.008,3470,14.51,12.549,18,,,,,,,,,,,,,546
2026-09-25T23:17:28.490,526.483,0,1289.5,22,,97.812,0.0,1.0,0.0,1.002,1.026,0.008,3520,14.51,12.549,17,103,,,,,,,,,,,,
2026-09-25T23:17:28.619,526.613,0,1269.5,22,,97.875,0.0,-3.0,0.0,1.002,1.038,0.02,3310,14.51,12.549,17,,51,,,,,,,,,,,
2026-09-25T23:17:28.750,526.744,0,1232.75,22,,97.75,0.0,-5.5,0.0,1.002,1.053,0.035,4490,14.51,12.549,17,,,6.25,,,,,,,,,,
2026-09-25T23:17:28.879,526.873,0,1243.0,23,,97.812,0.0,-5.5,0.0,1.002,1.146,0.137,5500,14.51,12.549,17,,,,14.355,,,,,,,,,
2026-09-25T23:17:29.010,527.004,0,1201.0,23,,97.75,0.0,-6.0,0.0,1.002,1.271,0.262,6270,14.902,12.157,16,,,,,98,,,,,,,,
2026-09-25T23:17:29.141,527.134,0,1187.0,23,,97.875,0.0,-6.5,0.0,0.996,1.665,0.531,7410,16.078,12.157,16,,,,,,22,,,,,,,
2026-09-25T23:17:29.270,527.264,0,1155.25,25,,97.875,0.0,-7.0,0.0,1.011,2.0,0.742,9550,17.647,12.157,16,,,,,,,18.824,,,,,,
2026-09-25T23:17:29.399,527.393,0,1134.75,25,,97.875,0.0,-7.0,0.0,1.052,2.0,0.891,9660,19.608,12.157,15,,,,,,,,482.0,,,,,
2026-09-25T23:17:29.529,527.523,0,1112.25,25,,97.875,0.0,19.5,0.0,1.115,2.0,0.973,9740,21.569,12.941,15,,,,,,,,,0.76,,,,
2026-09-25T23:17:29.659,527.653,0,1153.5,26,,97.875,12.549,21.0,0.0,1.186,2.0,0.828,9880,21.961,13.333,15,,,,,,,,,,,0.0,,
2026-09-25T23:17:29.790,527.783,0,1125.75,29,,97.875,14.118,17.0,0.0,1.113,1.492,0.43,10110,22.745,14.118,15,,,,,,,,,,,,20.0,
2026-09-25T23:17:29.920,527.913,0,1102.75,31,,97.844,15.686,15.5,0.0,1.022,1.177,0.172,9600,23.922,14.51,15,,,,,,,,,,,,,548
2026-09-25T23:17:30.049,528.043,0,1111.25,34,,97.75,20.784,12.5,0.0,0.957,1.059,0.043,8830,24.706,14.902,15,103,,,,,,,,,,,,
2026-09-25T23:17:30.180,528.174,0,1117.5,41,,97.625,22.353,12.0,0.0,0.929,0.979,-0.074,8690,25.098,14.902,15,,51,,,,,,,,,,,
2026-09-25T23:17:30.309,528.303,0,1110.5,43,,97.812,23.922,11.5,0.0,0.915,0.95,-0.141,8160,25.882,15.294,15,,,2.344,,,,,,,,,,
2026-09-25T23:17:30.439,528.433,0,1125.25,45,,97.719,25.49,11.5,0.781,0.909,0.922,-0.207,7720,26.275,15.294,15,,,,14.394,,,,,,,,,
2026-09-25T23:17:30.569,528.563,0,1134.75,48,,97.719,26.275,11.5,0.781,0.905,0.923,-0.203,8260,26.275,15.294,15,,,,,97,,,,,,,,
2026-09-25T23:17:30.699,528.693,0,1139.25,47,,97.781,25.882,11.5,0.781,0.902,0.904,-0.25,9660,26.667,15.294,16,,,,,,22,,,,,,,
2026-09-25T23:17:30.829,528.823,0,1151.75,50,,97.844,25.882,12.0,0.0,0.896,0.864,-0.367,9410,26.667,15.686,16,,,,,,,18.824,,,,,,
2026-09-25T23:17:30.959,528.953,0,1170.0,50,,97.812,26.275,12.0,-0.781,0.89,0.868,-0.355,9510,27.059,15.686,16,,,,,,,,480.7,,,,,
2026-09-25T23:17:31.090,529.084,0,1181.75,50,,97.844,26.275,12.0,0.0,0.884,0.879,-0.324,10470,27.843,15.686,16,,,,,,,,,0.765,,,,
2026-09-25T23:17:31.219,529.213,0,1190.0,51,,97.875,26.667,12.5,0.0,0.882,0.867,-0.359,11380,28.235,16.078,16,,,,,,,,,,,0.0,,
2026-09-25T23:17:31.350,529.343,0,1209.5,53,,97.812,26.275,12.5,-1.562,0.881,0.853,-0.402,11040,28.627,16.471,16,,,,,,,,,,,,37.647,
2026-09-25T23:17:31.479,529.473,0,1234.0,57,,97.875,26.667,12.5,-0.781,0.88,0.878,-0.324,11310,28.627,16.471,17,,,,,,,,,,,,,549
2026-09-25T23:17:31.610,529.603,0,1252.5,57,,97.875,26.667,12.5,0.0,0.871,0.888,-0.297,11880,28.627,16.471,17,103,,,,,,,,,,,,
2026-09-25T23:17:31.739,529.733,0,1266.0,58,,97.875,26.667,12.5,0.0,0.922,0.942,-0.16,13430,28.627,17.255,17,,52,,,,,,,,,,,
2026-09-25T23:17:31.870,529.863,0,1277.25,65,,97.969,27.451,12.5,-0.781,0.973,0.944,-0.152,12730,28.627,17.255,17,,,2.344,,,,,,,,,,
2026-09-25T23:17:31.999,529.993,0,1306.75,67,,98.188,27.059,12.5,-1.562,0.991,0.979,-0.074,12450,28.627,17.255,18,,,,14.375,,,,,,,,,
2026-09-25T23:17:32.131,530.124,0,1315.75,66,,98.188,27.059,12.5,-0.781,0.998,1.01,-0.012,12660,28.627,17.255,18,,,,,97,,,,,,,,
2026-09-25T23:17:32.259,530.253,0,1333.5,62,,98.5,26.275,13.0,0.0,1.0,1.019,0.0,13050,28.627,17.647,18,,,,,,22,,,,,,,
2026-09-25T23:17:32.390,530.383,0,1353.25,64,,98.5,26.275,13.0,0.0,1.001,1.011,-0.008,13080,28.235,16.863,18,,,,,,,18.824,,,,,,
2026-09-25T23:17:32.519,530.513,0,1383.0,66,,98.75,26.275,14.0,0.0,1.001,1.009,-0.012,12650,26.667,16.078,19,,,,,,,,479.8,,,,,
2026-09-25T23:17:32.650,530.643,0,1397.75,62,,99.125,22.745,14.0,0.0,1.001,1.005,-0.016,12770,26.667,16.078,19,,,,,,,,,0.805,,,,
2026-09-25T23:17:32.780,530.774,0,1410.25,56,,99.156,21.961,14.0,-0.781,1.001,0.976,-0.082,11690,25.49,16.078,19,,,,,,,,,,,0.0,,
2026-09-25T23:17:32.909,530.903,0,1430.25,55,,99.156,21.569,14.5,-1.562,1.001,0.977,-0.082,10930,14.51,14.118,19,,,,,,,,,,,,30.98,
2026-09-25T23:17:33.040,531.033,0,1428.5,50,,99.094,0.0,14.0,-2.344,1.001,0.978,-0.078,11050,14.51,13.725,19,,,,,,,,,,,,,551
2026-09-25T23:17:33.170,531.164,0,1421.75,35,,98.812,0.0,16.5,-2.344,1.001,0.986,-0.055,10410,14.51,12.941,20,103,,,,,,,,,,,,
2026-09-25T23:17:33.300,531.293,0,1420.75,30,,98.781,0.0,18.5,-1.562,1.001,1.002,-0.02,9800,15.686,12.549,19,,51,,,,,,,,,,,
2026-09-25T23:17:33.430,531.423,0,1402.5,25,,98.75,0.0,28.0,-1.562,1.001,0.984,-0.062,9400,17.255,12.549,19,,,5.469,,,,,,,,,,
2026-09-25T23:17:33.559,531.553,0,1398.5,22,,98.5,0.0,30.5,-1.562,1.001,0.999,-0.023,9090,19.608,12.941,19,,,,14.394,,,,,,,,,
2026-09-25T23:17:33.691,531.684,0,1428.0,22,,98.5,7.451,29.5,-0.781,1.002,1.034,0.016,8710,21.961,14.118,19,,,,,98,,,,,,,,
2026-09-25T23:17:33.820,531.814,0,1394.5,23,,98.438,8.235,18.0,0.0,1.003,1.036,0.02,8290,23.529,15.294,19,,,,,,22,,,,,,,
2026-09-25T23:17:33.949,531.943,0,1447.0,29,,98.156,13.333,15.5,0.0,1.002,1.02,0.0,7590,23.529,15.294,19,,,,,,,18.824,,,,,,
2026-09-25T23:17:34.080,532.073,0,1438.25,39,,98.094,14.118,14.0,-0.781,1.001,0.999,-0.023,6800,23.529,14.902,19,,,,,,,,481.5,,,,,
2026-09-25T23:17:34.210,532.203,0,1400.5,38,,98.125,15.686,14.0,-0.781,1.001,0.996,-0.031,6270,23.922,15.686,19,,,,,,,,,0.815,,,,
2026-09-25T23:17:34.339,532.333,0,1417.5,38,,97.875,16.078,14.0,-1.562,1.001,0.983,-0.062,6130,24.314,15.294,19,,,,,,,,,,,0.0,,
2026-09-25T23:17:34.470,532.464,0,1419.75,41,,98.188,16.471,14.0,-1.562,1.001,0.986,-0.055,6580,24.706,16.078,19,,,,,,,,,,,,29.02,
2026-09-25T23:17:34.599,532.593,0,1438.5,43,,98.188,16.863,14.5,-1.562,1.001,0.996,-0.031,7800,25.882,16.078,20,,,,,,,,,,,,,552
2026-09-25T23:17:34.730,532.724,0,1441.25,47,,98.188,16.863,14.5,-2.344,1.001,0.965,-0.105,7960,25.882,16.471,20,103,,,,,,,,,,,,
2026-09-25T23:17:34.859,532.853,0,1471.5,51,,98.188,18.824,15.0,-3.125,1.001,0.982,-0.066,8790,25.882,16.078,20,,51,,,,,,,,,,,
2026-09-25T23:17:34.990,532.983,0,1481.0,49,,98.188,17.647,15.0,-2.344,1.001,0.989,-0.047,9580,21.176,14.51,20,,,2.344,,,,,,,,,,
2026-09-25T23:17:35.120,533.113,0,1488.75,51,,98.312,18.039,14.5,-3.125,1.001,0.98,-0.07,9970,14.51,14.118,20,,,,14.335,,,,,,,,,
2026-09-25T23:17:35.249,533.243,0,1480.75,44,,98.188,0.0,15.5,-3.906,1.002,0.982,-0.066,9580,14.51,13.725,20,,,,,98,,,,,,,,
2026-09-25T23:17:35.380,533.373,0,1477.75,32,,98.188,0.0,17.0,-3.125,1.001,1.0,-0.02,9090,14.51,13.333,20,,,,,,22,,,,,,,
2026-09-25T23:17:35.510,533.504,0,1487.0,29,,98.188,0.0,18.5,-1.562,1.001,1.031,0.012,8720,19.216,12.549,20,,,,,,,18.824,,,,,,
2026-09-25T23:17:35.640,533.633,0,1471.75,26,,98.188,7.843,29.0,-2.344,1.001,0.988,-0.051,8330,24.706,15.686,20,,,,,,,,483.2,,,,,
2026-09-25T23:17:35.769,533.763,0,1459.0,32,,97.625,12.549,15.5,-3.125,1.002,0.995,-0.031,7690,25.49,16.078,20,,,,,,,,,0.825,,,,
2026-09-25T23:17:35.900,533.894,0,1543.5,39,,97.812,13.333,14.5,-2.344,1.001,1.019,0.0,7550,25.49,16.078,20,,,,,,,,,,,0.0,,
2026-09-25T23:17:36.029,534.023,0,1474.75,46,,97.656,15.294,15.0,-2.344,1.001,0.986,-0.055,7420,25.49,16.078,20,,,,,,,,,,,,30.98,
2026-09-25T23:17:36.160,534.153,0,1503.75,49,,97.844,16.471,15.0,-3.906,1.002,0.979,-0.074,8160,14.51,14.51,20,,,,,,,,,,,,,554
2026-09-25T23:17:36.290,534.283,0,1498.0,43,,97.875,0.0,14.5,-3.906,1.002,0.99,-0.047,8670,14.51,14.118,20,103,,,,,,,,,,,,
2026-09-25T23:17:36.420,534.413,0,1502.5,37,,97.969,0.0,17.0,-3.125,1.002,0.995,-0.035,8710,16.471,13.725,21,,51,,,,,,,,,,,
2026-09-25T23:17:36.550,534.544,0,1502.0,32,,98.031,0.0,18.0,-3.125,1.001,1.014,-0.008,8040,15.686,12.941,21,,,3.906,,,,,,,,,,
2026-09-25T23:17:36.679,534.673,0,1501.75,26,,98.156,0.0,22.0,-2.344,1.001,1.018,-0.004,7570,14.51,12.549,21,,,,14.296,,,,,,,,,
2026-09-25T23:17:36.809,534.803,0,1477.75,23,,98.156,0.0,32.0,-3.125,1.001,0.991,-0.043,7440,14.51,12.941,20,,,,,98,,,,,,,,
2026-09-25T23:17:36.939,534.933,0,1492.0,22,,98.125,0.0,32.0,-3.125,1.002,1.015,-0.004,7040,14.51,12.941,20,,,,,,22,,,,,,,
2026-09-25T23:17:37.070,535.063,0,1493.25,23,,97.969,0.0,31.5,-1.562,1.003,1.038,0.02,6690,14.51,12.549,20,,,,,,,18.824,,,,,,
2026-09-25T23:17:37.200,535.194,0,1464.0,22,,98.031,0.0,23.0,-0.781,1.003,1.046,0.027,6270,14.51,12.941,20,,,,,,,,485.0,,,,,
2026-09-25T23:17:37.330,535.323,0,1472.25,22,,97.969,0.0,15.5,-0.781,1.003,1.048,0.031,5920,14.51,12.941,20,,,,,,,,,0.83,,,,
2026-09-25T23:17:37.460,535.453,0,1449.75,22,,97.938,0.0,10.0,0.0,1.003,1.032,0.012,5540,14.51,12.941,20,,,,,,,,,,,0.0,,
2026-09-25T23:17:37.590,535.583,0,1442.75,22,,97.875,0.0,5.0,-0.781,1.003,0.999,-0.023,5140,14.51,12.549,20,,,,,,,,,,,,12.941,
2026-09-25T23:17:37.721,535.714,0,1428.75,22,,98.188,0.0,0.5,0.0,1.003,0.977,-0.082,4690,14.902,12.549,19,,,,,,,,,,,,,556
2026-09-25T23:17:37.850,535.844,0,1414.0,22,,98.188,0.0,-3.0,0.0,1.004,0.968,-0.102,4580,14.902,12.549,19,103,,,,,,,,,,,,
2026-09-25T23:17:37.980,535.974,0,1391.5,22,,98.188,0.0,-3.0,0.0,1.003,1.002,-0.02,5190,14.902,12.941,19,,51,,,,,,,,,,,
2026-09-25T23:17:38.109,536.103,0,1365.0,22,,98.188,0.0,-4.0,0.0,1.001,1.353,0.332,6430,15.294,12.549,19,,,5.469,,,,,,,,,,
2026-09-25T23:17:38.239,536.233,0,1349.75,24,,98.188,0.0,-4.0,0.0,0.998,1.737,0.566,8040,18.039,12.549,18,,,,14.335,,,,,,,,,
2026-09-25T23:17:38.370,536.363,0,1328.75,24,,98.188,0.0,2.5,0.0,1.012,2.0,0.781,8750,21.176,12.941,18,,,,,97,,,,,,,,
2026-09-25T23:17:38.499,536.493,0,1341.5,24,,98.188,9.02,26.0,0.0,1.111,2.0,0.809,9080,21.176,13.333,18,,,,,,22,,,,,,,
2026-09-25T23:17:38.631,536.624,0,1342.25,26,,98.188,9.804,20.5,0.0,1.094,1.397,0.367,9140,21.176,13.333,18,,,,,,,18.824,,,,,,
2026-09-25T23:17:38.760,536.753,0,1305.25,27,,98.188,10.98,18.5,0.0,1.016,1.057,0.043,8530,21.569,12.941,18,,,,,,,,486.5,,,,,
2026-09-25T23:17:38.889,536.883,0,1304.75,27,,98.188,10.588,19.5,0.0,0.962,0.969,-0.098,8030,21.569,13.725,18,,,,,,,,,0.83,,,,
2026-09-25T23:17:39.021,537.014,0,1306.75,27,,97.938,11.765,18.0,0.0,0.923,0.942,-0.156,7530,21.569,13.333,18,,,,,,,,,,,0.0,,
2026-09-25T23:17:39.150,537.143,0,1302.75,28,,98.031,11.373,19.0,0.0,0.945,0.969,-0.098,7160,21.569,13.725,18,,,,,,,,,,,,18.039,
2026-09-25T23:17:39.279,537.273,0,1284.75,29,,97.938,12.157,18.5,0.781,0.971,0.993,-0.035,6610,22.353,14.118,18,,,,,,,,,,,,,557
2026-09-25T23:17:39.409,537.403,0,1297.25,30,,97.875,12.941,16.5,0.781,0.988,1.011,-0.008,6530,22.353,14.118,17,103,,,,,,,,,,,,
2026-09-25T23:17:39.540,537.534,0,1303.75,32,,97.875,14.118,15.5,0.781,0.995,1.015,-0.004,6040,22.745,14.118,17,,51,,,,,,,,,,,
2026-09-25T23:17:39.670,537.664,0,1283.25,35,,97.875,14.51,16.0,0.0,0.998,0.997,-0.027,5390,23.137,14.51,18,,,3.125,,,,,,,,,,
2026-09-25T23:17:39.799,537.793,0,1299.25,36,,97.875,16.078,14.5,0.781,0.999,1.017,-0.004,5020,23.137,14.51,18,,,,14.355,,,,,,,,,
2026-09-25T23:17:39.929,537.923,0,1293.75,37,,97.875,16.471,14.0,0.781,1.0,0.999,-0.023,5650,23.529,14.51,18,,,,,98,,,,,,,,
2026-09-25T23:17:40.060,538.054,0,1305.75,38,,97.875,16.078,14.0,0.0,1.0,0.966,-0.105,5630,23.529,14.51,18,,,,,,22,,,,,,,
2026-09-25T23:17:40.190,538.183,0,1308.0,38,,97.875,16.471,14.0,-0.781,1.0,0.969,-0.098,5680,23.529,14.51,18,,,,,,,18.824,,,,,,
2026-09-25T23:17:40.319,538.313,0,1308.75,38,,97.875,16.471,14.0,-0.781,1.0,0.983,-0.062,6540,23.137,14.118,18,,,,,,,,487.4,,,,,
2026-09-25T23:17:40.450,538.444,0,1308.5,39,,97.875,16.471,14.0,-0.781,1.0,0.963,-0.113,6030,23.137,14.118,18,,,,,,,,,0.835,,,,
2026-09-25T23:17:40.580,538.573,0,1312.5,39,,97.875,16.863,14.0,-2.344,1.0,0.968,-0.102,5860,22.353,13.333,18,,,,,,,,,,,0.0,,
2026-09-25T23:17:40.709,538.703,0,1313.75,37,,97.875,16.471,14.5,-1.562,1.0,0.981,-0.066,6150,22.745,13.725,18,,,,,,,,,,,,23.137,
2026-09-25T23:17:40.840,538.833,0,1320.0,35,,97.875,14.902,16.0,-1.562,1.0,0.98,-0.07,6100,21.569,13.333,18,,,,,,,,,,,,,559
2026-09-25T23:17:40.969,538.963,0,1317.5,34,,98.125,13.725,14.0,-1.562,1.0,0.99,-0.043,5510,21.176,12.549,18,104,,,,,,,,,,,,
2026-09-25T23:17:41.099,539.093,0,1307.75,29,,98.0,11.765,19.0,-1.562,1.0,0.996,-0.031,5270,21.176,12.941,18,,51,,,,,,,,,,,
2026-09-25T23:17:41.230,539.224,0,1297.5,28,,97.938,11.765,18.5,-0.781,1.0,1.011,-0.008,4830,21.176,12.549,18,,,4.688,,,,,,,,,,
2026-09-25T23:17:41.360,539.353,0,1296.75,27,,97.906,10.98,20.0,-0.781,1.0,1.011,-0.008,4480,21.176,12.549,18,,,,14.335,,,,,,,,,
2026-09-25T23:17:41.489,539.483,0,1284.5,27,,97.906,11.373,19.5,-0.781,1.001,1.015,-0.004,4050,21.569,12.941,17,,,,,98,,,,,,,,
2026-09-25T23:17:41.620,539.613,0,1282.5,27,,97.875,11.373,19.0,-0.781,1.001,1.013,-0.008,4060,21.569,12.941,17,,,,,,22,,,,,,,
2026-09-25T23:17:41.749,539.743,0,1297.25,28,,97.875,12.549,18.5,-0.781,1.001,0.989,-0.047,3960,21.569,12.941,17,,,,,,,18.824,,,,,,
2026-09-25T23:17:41.879,539.873,0,1286.0,29,,97.875,12.549,18.0,-1.562,1.001,0.98,-0.07,4420,21.569,12.941,17,,,,,,,,488.6,,,,,
2026-09-25T23:17:42.010,540.003,0,1272.0,30,,97.875,12.941,18.0,-2.344,1.001,0.979,-0.074,4510,21.961,12.941,17,,,,,,,,,0.83,,,,
2026-09-25T23:17:42.140,540.134,0,1274.75,31,,97.875,12.549,18.0,-3.125,1.0,0.955,-0.129,4190,21.569,12.941,17,,,,,,,,,,,0.0,,
2026-09-25T23:17:42.270,540.264,0,1271.25,30,,97.875,13.333,18.0,-3.906,1.0,0.961,-0.117,4190,21.961,12.941,17,,,,,,,,,,,,19.608,
2026-09-25T23:17:42.401,540.394,0,1267.25,30,,97.875,13.333,17.5,-3.906,1.0,0.966,-0.105,4610,21.961,12.941,17,,,,,,,,,,,,,560
2026-09-25T23:17:42.530,540.523,0,1261.0,30,,97.875,13.333,18.0,-4.688,1.0,0.954,-0.133,4620,21.961,12.941,17,104,,,,,,,,,,,,
2026-09-25T23:17:42.659,540.653,0,1255.5,31,,97.875,14.118,17.0,-6.25,1.0,0.933,-0.184,4520,22.353,13.333,17,,52,,,,,,,,,,,
2026-09-25T23:17:42.789,540.783,0,1260.75,32,,97.875,14.51,16.5,-7.812,1.0,0.925,-0.199,5000,23.137,14.118,17,,,3.906,,,,,,,,,,
2026-09-25T23:17:42.919,540.913,0,1260.25,34,,97.875,15.294,15.5,-8.594,1.0,0.934,-0.18,4770,23.529,14.118,17,,,,14.394,,,,,,,,,
2026-09-25T23:17:43.050,541.043,0,1252.25,37,,97.844,18.039,14.0,-8.594,1.0,0.94,-0.164,5090,23.529,14.118,17,,,,,98,,,,,,,,
2026-09-25T23:17:43.180,541.173,0,1257.0,38,,97.875,17.647,14.0,-9.375,1.0,0.939,-0.168,6240,23.922,14.118,17,,,,,,22,,,,,,,
2026-09-25T23:17:43.309,541.303,0,1263.25,40,,97.844,18.824,14.0,-10.938,1.0,0.915,-0.223,6910,23.922,14.118,17,,,,,,,18.824,,,,,,
2026-09-25T23:17:43.440,541.433,0,1257.75,42,,97.875,17.647,14.0,-12.5,1.0,0.916,-0.223,6670,23.922,14.118,17,,,,,,,,489.6,,,,,
2026-09-25T23:17:43.570,541.564,0,1262.0,41,,97.875,18.824,14.0,-12.5,1.0,0.95,-0.141,6510,23.922,14.118,17,,,,,,,,,0.825,,,,
2026-09-25T23:17:43.700,541.693,0,1270.5,41,,97.875,19.216,14.0,-10.938,1.0,0.975,-0.086,7130,23.922,14.118,17,,,,,,,,,,,0.0,,
2026-09-25T23:17:43.830,541.823,0,1273.25,40,,97.875,18.824,14.0,-11.719,1.0,0.96,-0.117,7530,23.922,14.51,17,,,,,,,,,,,,26.275,
2026-09-25T23:17:43.960,541.953,0,1277.0,41,,97.875,18.431,14.0,-13.281,1.0,0.946,-0.148,7010,23.922,14.118,17,,,,,,,,,,,,,562
2026-09-25T23:17:44.089,542.083,0,1282.5,40,,97.875,18.431,14.0,-14.062,1.0,0.961,-0.117,7520,23.922,14.51,17,104,,,,,,,,,,,,
2026-09-25T23:17:44.219,542.213,0,1282.75,40,,97.875,18.431,14.0,-13.281,1.0,0.967,-0.102,7160,23.922,14.118,18,,52,,,,,,,,,,,
2026-09-25T23:17:44.350,542.343,0,1290.75,42,,97.875,18.039,14.0,-14.062,1.0,0.971,-0.094,6690,23.137,14.118,17,,,3.906,,,,,,,,,,
2026-09-25T23:17:44.479,542.473,0,1280.25,40,,97.875,18.039,14.0,-13.281,1.0,0.988,-0.051,7100,18.431,12.157,17,,,,14.394,,,,,,,,,
2026-09-25T23:17:44.609,542.603,0,1274.0,34,,97.969,14.51,19.0,-13.281,1.0,0.991,-0.043,7060,15.686,12.157,18,,,,,98,,,,,,,,
2026-09-25T23:17:44.739,542.733,0,1266.25,27,,97.938,0.0,25.0,-14.062,1.0,0.978,-0.078,6690,14.51,12.157,17,,,,,,22,,,,,,,
2026-09-25T23:17:44.869,542.863,0,1229.5,23,,98.031,0.0,28.0,-12.5,1.0,1.03,0.012,6420,14.51,12.549,17,,,,,,,18.824,,,,,,
2026-09-25T23:17:45.000,542.993,0,1270.25,23,,97.875,0.0,28.5,-10.156,1.0,1.082,0.07,6090,14.902,12.157,17,,,,,,,,490.6,,,,,
2026-09-25T23:17:45.130,543.124,0,1225.0,23,,97.938,0.0,18.5,-8.594,1.001,1.096,0.086,5810,15.686,12.157,17,,,,,,,,,0.825,,,,
2026-09-25T23:17:45.270,543.263,0,1232.75,22,,97.938,0.0,14.0,-7.812,1.002,1.096,0.086,5490,18.039,12.157,16,,,,,,,,,,,0.0,,
2026-09-25T23:17:45.399,543.393,0,1183.0,22,,97.969,0.0,5.5,-7.812,1.002,1.089,0.078,5210,20.392,12.157,16,,,,,,,,,,,,12.941,
2026-09-25T23:17:45.529,543.523,0,1209.5,22,,97.875,9.804,28.0,-7.031,1.002,1.082,0.07,4900,20.784,12.549,16,,,,,,,,,,,,,563
2026-09-25T23:17:45.660,543.654,0,1174.25,24,,97.875,10.588,25.5,-7.031,1.002,1.049,0.031,4590,20.784,12.549,16,105,,,,,,,,,,,,
2026-09-25T23:17:45.790,543.784,0,1165.25,24,,97.875,10.98,24.5,-7.812,1.002,1.035,0.016,4280,17.255,12.157,16,,52,,,,,,,,,,,
2026-09-25T23:17:45.919,543.913,0,1153.25,24,,97.875,10.588,21.0,-7.812,1.002,1.045,0.027,3980,14.51,12.157,16,,,7.031,,,,,,,,,,
2026-09-25T23:17:46.049,544.043,0,1138.75,23,,97.875,0.0,15.5,-7.031,1.001,1.052,0.035,3700,14.51,12.157,15,,,,14.453,,,,,,,,,
2026-09-25T23:17:46.180,544.173,0,1122.75,23,,97.875,0.0,8.5,-6.25,1.001,1.051,0.035,3430,14.51,12.157,15,,,,,98,,,,,,,,
2026-09-25T23:17:46.309,544.303,0,1109.0,23,,97.875,10.196,2.0,-6.25,1.001,1.058,0.043,3170,14.51,12.157,15,,,,,,22,,,,,,,
2026-09-25T23:17:46.440,544.434,0,1073.75,23,,97.875,10.588,-4.0,-5.469,1.002,1.088,0.078,2970,14.51,11.765,15,,,,,,,18.824,,,,,,
2026-09-25T23:17:46.570,544.563,0,1062.75,23,,97.875,10.98,-4.5,-1.562,1.002,1.173,0.168,2710,14.51,11.765,14,,,,,,,,491.4,,,,,
2026-09-25T23:17:46.699,544.693,0,1052.25,22,,97.875,10.98,-4.0,0.0,1.002,1.166,0.16,2520,14.51,12.157,14,,,,,,,,,0.82,,,,
2026-09-25T23:17:46.830,544.824,0,1021.75,22,,97.875,10.98,-2.5,0.0,1.002,1.141,0.133,2270,14.51,12.157,14,,,,,,,,,,,0.0,,
2026-09-25T23:17:46.959,544.953,0,1018.5,23,,97.875,11.373,0.5,0.0,1.002,1.1,0.09,2380,14.51,11.765,13,,,,,,,,,,,,12.549,
2026-09-25T23:17:47.089,545.083,0,1005.75,23,,97.875,11.373,11.0,0.0,1.002,1.086,0.074,2700,14.51,12.549,13,,,,,,,,,,,,,565
2026-09-25T23:17:47.219,545.213,0,975.0,23,,97.844,12.549,11.5,0.0,1.002,1.067,0.055,2610,14.51,12.549,13,105,,,,,,,,,,,,
2026-09-25T23:17:47.350,545.343,0,974.0,26,,97.812,15.294,8.0,0.0,1.002,1.057,0.043,2830,14.902,12.549,13,,52,,,,,,,,,,,
2026-09-25T23:17:47.479,545.473,0,970.0,28,,97.781,15.294,6.0,-0.781,1.002,1.033,0.016,3670,15.294,12.941,13,,,5.469,,,,,,,,,,
2026-09-25T23:17:47.609,545.603,0,950.25,29,,97.719,16.471,3.0,-1.562,1.002,1.014,-0.008,3630,15.686,12.549,13,,,,14.433,,,,,,,,,
2026-09-25T23:17:47.739,545.733,0,944.75,30,,97.844,17.255,1.5,-1.562,1.001,1.002,-0.02,3440,15.686,12.549,13,,,,,98,,,,,,,,
2026-09-25T23:17:47.869,545.863,0,938.0,29,,97.656,16.471,2.0,-2.344,1.001,0.995,-0.031,3340,15.686,12.549,13,,,,,,22,,,,,,,
2026-09-25T23:17:47.999,545.993,0,925.0,29,,97.625,16.863,3.5,-2.344,1.001,0.996,-0.031,3410,16.078,12.549,13,,,,,,,18.824,,,,,,
2026-09-25T23:17:48.130,546.124,0,919.75,31,,97.625,17.647,1.5,-2.344,1.001,0.998,-0.027,3980,16.078,12.549,12,,,,,,,,491.8,,,,,
2026-09-25T23:17:48.259,546.253,0,915.5,31,,97.625,18.039,1.5,-2.344,1.001,0.995,-0.035,3830,16.078,12.549,12,,,,,,,,,0.815,,,,
2026-09-25T23:17:48.389,546.383,0,904.25,31,,97.562,18.039,0.0,-2.344,1.001,0.987,-0.051,3560,18.039,12.549,12,,,,,,,,,,,0.0,,
2026-09-25T23:17:48.520,546.513,0,899.75,31,,97.562,18.039,4.0,-3.125,1.001,0.985,-0.059,3440,18.824,12.941,12,,,,,,,,,,,,19.608,
2026-09-25T23:17:48.649,546.643,0,907.75,31,,97.625,18.824,0.5,-3.125,1.001,0.984,-0.062,3740,19.216,12.549,12,,,,,,,,,,,,,567
2026-09-25T23:17:48.779,546.773,0,901.0,33,,97.531,18.824,3.0,-3.125,1.001,0.979,-0.074,4100,20.0,12.941,12,105,,,,,,,,,,,,
2026-09-25T23:17:48.909,546.903,0,890.5,34,,97.531,21.176,8.0,-3.906,1.001,0.973,-0.09,3930,20.0,13.333,12,,52,,,,,,,,,,,
2026-09-25T23:17:49.039,547.033,0,903.75,38,,97.531,23.922,-1.0,-3.906,1.001,0.974,-0.09,4190,20.0,13.333,12,,,4.688,,,,,,,,,,
2026-09-25T23:17:49.169,547.163,0,898.25,40,,97.531,24.314,-2.0,-3.906,1.001,0.989,-0.047,4680,20.0,13.333,12,,,,14.355,,,,,,,,,
2026-09-25T23:17:49.300,547.293,0,891.5,40,,97.531,24.706,-3.5,-3.125,1.0,0.999,-0.023,5900,20.0,12.941,12,,,,,97,,,,,,,,
2026-09-25T23:17:49.429,547.423,0,903.0,40,,97.531,24.314,-3.5,-3.125,1.0,1.003,-0.016,5910,20.0,12.941,12,,,,,,22,,,,,,,
2026-09-25T23:17:49.559,547.552,0,906.25,38,,97.531,23.529,-5.0,-3.906,1.0,0.989,-0.047,5690,19.216,12.549,12,,,,,,,18.824,,,,,,
2026-09-25T23:17:49.690,547.683,0,904.75,37,,97.531,22.353,-1.0,-3.906,1.0,0.988,-0.051,5590,19.216,12.549,12,,,,,,,,491.6,,,,,
2026-09-25T23:17:49.820,547.813,0,906.0,37,,97.531,21.569,2.5,-3.906,1.0,0.99,-0.043,5740,21.176,13.725,12,,,,,,,,,0.81,,,,
2026-09-25T23:17:49.949,547.943,0,912.75,37,,97.531,25.49,9.5,-3.906,1.0,0.996,-0.031,5360,23.922,14.902,12,,,,,,,,,,,0.0,,
2026-09-25T23:17:50.079,548.073,0,936.0,45,,97.531,29.412,9.0,-3.906,1.0,0.999,-0.023,5380,25.098,14.902,12,,,,,,,,,,,,35.294,
2026-09-25T23:17:50.209,548.203,0,952.25,50,,97.438,32.157,4.0,-3.906,1.0,0.997,-0.027,6200,25.098,14.902,12,,,,,,,,,,,,,568
2026-09-25T23:17:50.339,548.333,0,959.25,53,,97.531,34.902,0.5,-3.906,1.0,0.986,-0.055,6880,24.706,14.51,12,105,,,,,,,,,,,,
2026-09-25T23:17:50.469,548.463,0,968.75,53,,97.531,33.333,-1.0,-4.688,1.0,0.978,-0.078,7310,24.706,14.51,12,,52,,,,,,,,,,,
2026-09-25T23:17:50.599,548.593,0,975.75,52,,97.562,33.333,-3.0,-4.688,1.0,0.978,-0.078,7840,24.314,14.118,12,,,3.125,,,,,,,,,,
2026-09-25T23:17:50.729,548.723,0,981.0,53,,97.562,33.333,-2.5,-5.469,1.0,0.977,-0.082,8440,23.529,13.725,13,,,,14.433,,,,,,,,,
2026-09-25T23:17:50.860,548.854,0,983.75,50,,97.875,30.196,-10.5,-5.469,1.0,0.977,-0.082,9330,16.078,11.765,13,,,,,98,,,,,,,,
2026-09-25T23:17:51.000,548.993,0,965.25,45,,97.875,25.882,-10.5,-5.469,1.0,0.976,-0.082,9910,14.51,11.765,13,,,,,,22,,,,,,,
2026-09-25T23:17:51.130,549.123,0,943.25,36,,97.875,21.569,-1.0,-6.25,1.0,0.971,-0.094,9680,14.51,12.549,13,,,,,,,18.824,,,,,,
2026-09-25T23:17:51.259,549.253,0,911.0,34,,97.75,20.0,-1.5,-6.25,1.0,0.973,-0.09,9260,14.51,12.549,12,,,,,,,,491.0,,,,,
2026-09-25T23:17:51.389,549.383,0,901.0,34,,97.656,20.0,-2.5,-6.25,1.0,0.977,-0.082,8850,14.51,12.157,12,,,,,,,,,0.805,,,,
2026-09-25T23:17:51.519,549.513,0,906.0,35,,97.531,20.784,-2.5,-6.25,1.0,0.98,-0.07,8460,14.51,12.549,12,,,,,,,,,,,0.0,,
2026-09-25T23:17:51.650,549.643,0,895.0,35,,97.562,20.392,-1.5,-6.25,1.001,0.986,-0.055,8200,14.51,12.549,12,,,,,,,,,,,,22.745,
2026-09-25T23:17:51.779,549.773,0,885.25,35,,97.531,21.176,-4.0,-6.25,1.001,0.992,-0.039,7860,14.51,12.549,12,,,,,,,,,,,,,570
2026-09-25T23:17:51.909,549.903,0,884.5,35,,97.562,20.784,-2.5,-6.25,1.001,0.999,-0.023,7480,14.51,12.549,12,105,,,,,,,,,,,,
2026-09-25T23:17:52.040,550.033,0,874.5,35,,97.531,21.176,-2.5,-5.469,1.001,1.014,-0.008,7080,14.51,12.549,12,,52,,,,,,,,,,,
2026-09-25T23:17:52.169,550.163,0,878.75,36,,97.531,21.961,-4.0,-4.688,1.001,1.021,0.0,6680,14.51,12.549,12,,,5.469,,,,,,,,,,
2026-09-25T23:17:52.300,550.293,0,871.0,36,,97.531,21.569,-2.5,-4.688,1.001,1.021,0.0,6370,14.51,12.549,12,,,,14.394,,,,,,,,,
2026-09-25T23:17:52.429,550.423,0,864.5,36,,97.656,21.961,-2.5,-4.688,1.001,1.001,-0.02,5960,14.51,12.549,12,,,,,98,,,,,,,,
2026-09-25T23:17:52.559,550.553,0,861.25,37,,97.562,22.353,-4.0,-6.25,1.001,0.987,-0.051,5550,14.51,12.549,12,,,,,,22,,,,,,,
2026-09-25T23:17:52.689,550.683,0,857.25,37,,97.625,22.353,-4.0,-6.25,1.0,0.984,-0.059,5160,14.51,12.549,12,,,,,,,18.824,,,,,,
2026-09-25T23:17:52.819,550.813,0,856.5,37,,97.625,22.745,-4.5,-6.25,1.0,0.986,-0.055,4880,14.51,12.549,12,,,,,,,,490.8,,,,,
2026-09-25T23:17:52.950,550.943,0,849.25,37,,97.625,22.745,-4.0,-6.25,1.0,0.99,-0.043,4510,14.51,12.549,12,,,,,,,,,0.805,,,,
2026-09-25T23:17:53.079,551.073,0,851.0,37,,97.656,22.353,-3.0,-6.25,1.0,0.994,-0.035,4310,14.51,12.549,12,,,,,,,,,,,0.0,,
2026-09-25T23:17:53.210,551.204,0,848.75,37,,97.562,22.745,-3.0,-6.25,1.0,0.993,-0.039,4320,14.51,12.549,12,,,,,,,,,,,,23.922,
2026-09-25T23:17:53.340,551.333,0,842.0,37,,97.562,22.745,-1.0,-6.25,1.0,0.989,-0.047,4460,14.51,12.549,11,,,,,,,,,,,,,571
2026-09-25T23:17:53.469,551.463,0,844.25,37,,97.562,22.745,-2.5,-6.25,1.0,0.986,-0.055,4690,14.51,12.549,11,105,,,,,,,,,,,,
2026-09-25T23:17:53.599,551.593,0,841.25,37,,97.531,22.745,-2.0,-7.031,1.0,0.981,-0.066,4780,14.51,12.549,11,,52,,,,,,,,,,,
2026-09-25T23:17:53.730,551.723,0,839.25,37,,97.531,22.353,-0.5,-7.031,1.0,0.978,-0.078,4760,14.51,12.549,11,,,5.469,,,,,,,,,,
2026-09-25T23:17:53.859,551.853,0,841.75,37,,97.531,22.745,-1.5,-7.812,1.0,0.974,-0.086,4720,14.51,12.549,11,,,,14.394,,,,,,,,,
2026-09-25T23:17:53.989,551.983,0,841.25,38,,97.531,23.137,-2.5,-7.812,1.0,0.976,-0.082,4710,14.51,12.549,11,,,,,97,,,,,,,,
2026-09-25T23:17:54.120,552.113,0,842.5,37,,97.531,22.745,-1.0,-7.812,1.0,0.976,-0.082,4720,14.51,12.549,11,,,,,,22,,,,,,,
2026-09-25T23:17:54.249,552.243,0,841.0,37,,97.531,23.137,-1.0,-7.812,1.0,0.973,-0.09,4800,14.51,12.549,11,,,,,,,18.824,,,,,,
2026-09-25T23:17:54.379,552.373,0,837.25,38,,97.531,23.137,-2.0,-8.594,1.0,0.974,-0.086,5020,14.51,12.549,11,,,,,,,,490.7,,,,,
2026-09-25T23:17:54.509,552.503,0,841.0,38,,97.531,23.137,-3.0,-8.594,1.001,0.972,-0.094,5240,14.51,12.549,11,,,,,,,,,0.8,,,,
2026-09-25T23:17:54.640,552.633,0,842.25,38,,97.531,22.745,-1.5,-8.594,1.002,0.977,-0.082,5040,14.51,12.549,11,,,,,,,,,,,0.0,,
2026-09-25T23:17:54.769,552.763,0,842.75,38,,97.531,23.137,-2.0,-8.594,1.002,0.973,-0.09,4820,14.51,12.157,11,,,,,,,,,,,,23.922,
2026-09-25T23:17:54.899,552.893,0,837.25,37,,97.531,22.745,-1.0,-9.375,1.002,0.974,-0.09,4810,14.51,12.549,11,,,,,,,,,,,,,573
2026-09-25T23:17:55.029,553.023,0,836.25,37,,97.531,22.745,-1.5,-9.375,1.003,0.976,-0.086,4950,14.51,12.549,11,105,,,,,,,,,,,,
2026-09-25T23:17:55.160,553.153,0,837.0,38,,97.531,22.745,-1.5,-9.375,1.003,0.977,-0.082,5080,14.51,12.549,11,,53,,,,,,,,,,,
2026-09-25T23:17:55.289,553.283,0,841.75,37,,97.531,22.745,-1.5,-9.375,1.003,0.979,-0.074,4910,14.51,12.549,11,,,5.469,,,,,,,,,,
2026-09-25T23:17:55.420,553.413,0,842.75,37,,97.531,22.745,-1.5,-9.375,1.003,0.979,-0.074,4760,14.51,12.549,11,,,,14.394,,,,,,,,,
2026-09-25T23:17:55.550,553.543,0,844.5,38,,97.531,23.137,-2.5,-10.156,1.003,0.98,-0.07,4740,14.51,12.549,11,,,,,98,,,,,,,,
2026-09-25T23:17:55.679,553.673,0,841.0,38,,97.531,22.745,-3.0,-10.156,1.003,0.985,-0.059,4910,14.902,12.549,12,,,,,,22,,,,,,,
2026-09-25T23:17:55.809,553.803,0,846.75,38,,97.531,22.745,-4.0,-9.375,1.003,0.988,-0.051,5000,16.471,12.549,12,,,,,,,18.824,,,,,,
2026-09-25T23:17:55.940,553.933,0,852.75,38,,97.531,22.745,1.0,-9.375,1.003,0.99,-0.047,4980,21.176,13.333,12,,,,,,,,490.5,,,,,
2026-09-25T23:17:56.070,554.063,0,872.0,39,,97.531,25.49,10.0,-10.156,1.003,0.989,-0.047,5030,22.353,13.725,12,,,,,,,,,0.8,,,,
2026-09-25T23:17:56.200,554.193,0,901.0,44,,97.531,28.235,1.0,-10.156,1.003,0.992,-0.039,5290,22.353,13.725,12,,,,,,,,,,,0.0,,
2026-09-25T23:17:56.330,554.323,0,934.25,46,,97.531,29.02,-2.0,-9.375,1.002,1.0,-0.02,5750,22.353,13.725,12,,,,,,,,,,,,31.765,
2026-09-25T23:17:56.459,554.453,0,967.0,46,,97.531,28.235,-2.5,-9.375,1.002,1.006,-0.016,6300,22.353,13.333,12,,,,,,,,,,,,,574
2026-09-25T23:17:56.589,554.583,0,983.75,45,,97.531,27.059,-1.5,-9.375,1.002,1.002,-0.02,6970,22.353,13.333,12,106,,,,,,,,,,,,
2026-09-25T23:17:56.720,554.713,0,998.0,44,,97.531,26.275,-1.5,-10.156,1.002,0.995,-0.031,7820,22.353,13.333,13,,53,,,,,,,,,,,
2026-09-25T23:17:56.849,554.843,0,1001.0,43,,97.562,25.49,0.5,-10.156,1.002,0.997,-0.027,7840,22.353,13.333,13,,,3.906,,,,,,,,,,
2026-09-25T23:17:56.979,554.973,0,1001.0,42,,97.531,25.49,0.5,-9.375,1.002,1.009,-0.012,7670,21.961,13.333,13,,,,14.355,,,,,,,,,
2026-09-25T23:17:57.110,555.103,0,1004.5,41,,97.531,25.49,0.0,-8.594,1.002,1.02,0.0,7330,21.961,13.333,13,,,,,98,,,,,,,,
2026-09-25T23:17:57.240,555.234,0,1010.75,41,,97.562,23.922,2.0,-8.594,1.002,1.019,0.0,7010,21.961,13.333,13,,,,,,22,,,,,,,
2026-09-25T23:17:57.369,555.363,0,1016.0,40,,97.531,23.529,3.5,-8.594,1.002,1.019,0.0,6540,21.961,13.333,14,,,,,,,18.824,,,,,,
2026-09-25T23:17:57.499,555.493,0,1020.0,40,,97.562,23.529,2.0,-7.812,1.003,1.021,0.0,6320,21.961,13.333,14,,,,,,,,490.1,,,,,
2026-09-25T23:17:57.629,555.623,0,1028.5,40,,97.562,23.529,2.0,-7.812,1.003,1.034,0.016,6320,21.961,13.333,14,,,,,,,,,0.8,,,,
2026-09-25T23:17:57.759,555.753,0,1035.75,40,,97.625,22.745,0.5,-7.031,1.003,1.04,0.023,6260,21.569,12.941,14,,,,,,,,,,,0.0,,
2026-09-25T23:17:57.890,555.883,0,1040.25,39,,97.719,21.961,-4.0,-6.25,1.003,1.037,0.02,6050,18.431,11.765,14,,,,,,,,,,,,23.137,
2026-09-25T23:17:58.019,556.013,0,1029.75,36,,97.781,20.0,-1.0,-7.031,1.003,1.025,0.004,5740,14.902,11.765,14,,,,,,,,,,,,,576
2026-09-25T23:17:58.150,556.143,0,1002.5,30,,97.812,14.118,11.0,-7.031,1.003,1.008,-0.012,5450,14.51,12.157,14,106,,,,,,,,,,,,
2026-09-25T23:17:58.280,556.273,0,1017.5,26,,97.812,14.118,5.5,-7.812,1.003,0.993,-0.035,5140,14.51,11.765,14,,52,,,,,,,,,,,
2026-09-25T23:17:58.410,556.403,0,1017.0,25,,97.812,12.941,8.0,-7.812,1.003,0.998,-0.023,4890,14.51,12.157,14,,,7.031,,,,,,,,,,
2026-09-25T23:17:58.539,556.533,0,1013.75,25,,97.812,12.941,6.5,-7.812,1.004,0.998,-0.023,4630,14.51,11.765,14,,,,14.414,,,,,,,,,
2026-09-25T23:17:58.670,556.663,0,1004.5,25,,97.688,12.941,8.0,-7.812,1.004,0.998,-0.023,4330,14.51,11.765,14,,,,,98,,,,,,,,
2026-09-25T23:17:58.799,556.793,0,1001.5,25,,97.812,12.941,7.0,-7.812,1.004,1.001,-0.02,4090,14.51,11.765,14,,,,,,22,,,,,,,
2026-09-25T23:17:58.930,556.923,0,992.25,25,,97.781,12.941,6.5,-7.812,1.005,1.007,-0.012,3870,14.51,12.157,14,,,,,,,18.824,,,,,,
2026-09-25T23:17:59.059,557.053,0,973.25,25,,97.656,13.333,8.0,-7.031,1.005,1.019,0.0,3580,14.51,12.157,14,,,,,,,,490.4,,,,,
2026-09-25T23:17:59.190,557.183,0,962.75,27,,97.688,14.51,5.0,-7.031,1.005,1.035,0.016,3340,14.51,12.157,14,,,,,,,,,0.795,,,,
2026-09-25T23:17:59.319,557.313,0,961.0,27,,97.625,14.902,4.0,-5.469,1.005,1.053,0.035,3060,14.51,11.765,14,,,,,,,,,,,0.0,,
2026-09-25T23:17:59.449,557.443,0,970.0,27,,97.625,12.941,5.0,-4.688,1.005,1.057,0.043,2850,14.51,11.765,14,,,,,,,,,,,,14.902,
2026-09-25T23:17:59.579,557.573,0,944.25,25,,97.625,13.333,7.5,-4.688,1.004,1.059,0.043,2670,14.51,12.157,13,,,,,,,,,,,,,577
2026-09-25T23:17:59.710,557.704,0,934.5,27,,97.562,15.294,3.5,-3.906,1.004,1.08,0.07,2600,14.51,12.157,13,106,,,,,,,,,,,,
2026-09-25T23:17:59.839,557.833,0,937.0,28,,97.562,14.902,2.0,-3.125,1.004,1.079,0.066,2590,14.51,11.765,13,,52,,,,,,,,,,,
2026-09-25T23:17:59.969,557.963,0,941.75,27,,97.594,14.51,2.0,-3.125,1.004,1.065,0.051,2560,14.51,11.765,13,,,7.031,,,,,,,,,,
2026-09-25T23:18:00.099,558.093,0,937.5,26,,97.562,13.725,3.5,-3.125,1.004,1.054,0.039,2600,14.51,11.765,13,,,,14.394,,,,,,,,,
2026-09-25T23:18:00.229,558.223,0,923.0,26,,97.531,13.725,3.5,-3.125,1.004,1.05,0.035,2760,14.51,12.157,13,,,,,97,,,,,,,,
2026-09-25T23:18:00.360,558.353,0,910.5,28,,97.531,15.294,0.5,-2.344,1.004,1.046,0.031,3050,14.51,11.765,13,,,,,,22,,,,,,,
2026-09-25T23:18:00.490,558.484,0,905.25,28,,97.562,15.294,2.0,-2.344,1.004,1.044,0.027,3280,14.51,12.157,12,,,,,,,18.824,,,,,,
2026-09-25T23:18:00.619,558.613,0,903.25,28,,97.531,15.686,1.0,-2.344,1.004,1.035,0.016,3300,14.51,12.157,12,,,,,,,,490.6,,,,,
2026-09-25T23:18:00.749,558.743,0,886.25,28,,97.531,16.471,3.0,-3.125,1.004,1.025,0.004,3300,14.51,12.549,12,,,,,,,,,0.79,,,,
2026-09-25T23:18:00.880,558.873,0,877.75,30,,97.531,17.647,-2.0,-3.125,1.004,1.021,0.0,3380,14.51,12.157,12,,,,,,,,,,,0.0,,
2026-09-25T23:18:01.009,559.003,0,877.5,31,,97.531,18.039,-1.0,-3.125,1.003,1.013,-0.008,3550,14.51,12.549,12,,,,,,,,,,,,20.0,
2026-09-25T23:18:01.140,559.134,0,866.5,32,,97.531,18.824,-3.0,-3.125,1.003,1.013,-0.008,3710,14.51,12.549,12,,,,,,,,,,,,,579
2026-09-25T23:18:01.269,559.263,0,868.0,33,,97.531,19.216,-4.0,-3.125,1.003,1.019,0.0,3880,14.51,12.157,12,105,,,,,,,,,,,,
2026-09-25T23:18:01.399,559.393,0,850.5,33,,97.531,18.824,-1.5,-2.344,1.003,1.025,0.004,3950,14.51,12.549,12,,53,,,,,,,,,,,
2026-09-25T23:18:01.530,559.523,0,849.75,33,,97.531,19.608,-4.0,-2.344,1.003,1.03,0.012,3920,14.51,12.157,11,,,5.469,,,,,,,,,,
2026-09-25T23:18:01.659,559.653,0,845.5,33,,97.531,19.216,-1.5,-1.562,1.003,1.031,0.012,3850,14.51,12.157,11,,,,14.433,,,,,,,,,
2026-09-25T23:18:01.789,559.783,0,835.75,33,,97.531,20.0,1.0,-1.562,1.003,1.028,0.008,3770,14.51,12.941,11,,,,,98,,,,,,,,
2026-09-25T23:18:01.919,559.913,0,819.5,33,,97.531,20.0,0.0,-1.562,1.003,1.026,0.008,3770,14.51,12.157,11,,,,,,22,,,,,,,
2026-09-25T23:18:02.050,560.043,0,820.25,37,,97.531,21.569,0.5,-1.562,1.003,1.025,0.004,3970,14.51,12.549,11,,,,,,,18.824,,,,,,
2026-09-25T23:18:02.179,560.173,0,814.5,36,,97.531,21.961,3.5,-1.562,1.003,1.022,0.004,4140,14.51,12.549,11,,,,,,,,490.5,,,,,
2026-09-25T23:18:02.310,560.303,0,810.0,37,,97.531,22.353,3.5,-1.562,1.002,1.018,-0.004,4390,14.51,12.941,11,,,,,,,,,0.79,,,,
2026-09-25T23:18:02.439,560.433,0,804.75,37,,97.531,23.922,6.0,-1.562,1.002,1.01,-0.012,4660,14.51,12.941,11,,,,,,,,,,,0.0,,
2026-09-25T23:18:02.570,560.563,0,803.0,39,,97.531,25.098,0.5,-1.562,1.002,1.005,-0.016,5040,14.51,12.549,11,,,,,,,,,,,,25.49,
2026-09-25T23:18:02.699,560.693,0,803.75,39,,97.531,24.314,1.0,-1.562,1.002,1.003,-0.016,5430,14.51,12.549,11,,,,,,,,,,,,,581
2026-09-25T23:18:02.829,560.823,0,811.75,40,,97.531,25.098,-1.0,-1.562,1.002,1.002,-0.02,5720,14.51,12.549,11,105,,,,,,,,,,,,
2026-09-25T23:18:02.959,560.953,0,815.75,39,,97.531,24.314,2.0,-2.344,1.002,0.998,-0.027,5790,14.51,12.941,10,,53,,,,,,,,,,,
2026-09-25T23:18:03.089,561.083,0,812.5,40,,97.531,25.098,0.0,-1.562,1.002,1.003,-0.016,5800,14.51,12.941,10,,,4.688,,,,,,,,,,
2026-09-25T23:18:03.221,561.214,0,809.75,40,,97.531,25.098,1.5,-1.562,1.002,1.012,-0.008,5850,14.51,12.941,10,,,,14.394,,,,,,,,,
2026-09-25T23:18:03.350,561.343,0,813.5,41,,97.531,26.275,-1.0,-0.781,1.002,1.026,0.008,6030,14.51,12.549,10,,,,,98,,,,,,,,
2026-09-25T23:18:03.479,561.473,0,819.5,41,,97.531,25.098,-2.0,-0.781,1.002,1.028,0.008,6180,14.51,12.549,9,,,,,,22,,,,,,,
2026-09-25T23:18:03.609,561.603,0,826.75,41,,97.562,25.098,-4.5,-0.781,1.002,1.025,0.004,6150,14.51,12.549,9,,,,,,,18.824,,,,,,
2026-09-25T23:18:03.739,561.733,0,834.5,40,,97.531,23.922,-6.5,-0.781,1.002,1.02,0.0,6020,14.51,12.157,8,,,,,,,,490.0,,,,,
2026-09-25T23:18:03.869,561.863,0,833.0,38,,97.531,22.745,-5.5,-0.781,1.002,1.011,-0.008,5790,14.51,12.157,7,,,,,,,,,0.79,,,,
2026-09-25T23:18:04.000,561.993,0,827.0,37,,97.531,22.353,-5.0,-0.781,1.002,1.011,-0.008,5380,14.51,12.549,7,,,,,,,,,,,0.0,,
2026-09-25T23:18:04.130,562.124,0,823.5,37,,97.531,22.745,-4.0,-0.781,1.002,1.013,-0.008,5080,14.51,12.549,6,,,,,,,,,,,,23.922,
2026-09-25T23:18:04.260,562.253,0,804.5,38,,97.531,24.314,10.0,-0.781,1.002,1.014,-0.008,4760,14.51,14.118,6,,,,,,,,,,,,,582
2026-09-25T23:18:04.389,562.383,0,810.0,46,,97.531,30.98,-3.0,0.0,1.002,1.019,0.0,4800,14.51,12.549,5,105,,,,,,,,,,,,
2026-09-25T23:18:04.519,562.513,0,850.5,45,,97.531,28.235,-13.0,0.0,1.002,1.021,0.0,5060,14.51,11.765,5,,53,,,,,,,,,,,
2026-09-25T23:18:04.650,562.643,0,860.75,42,,97.531,23.529,-7.0,0.0,1.001,1.007,-0.012,5400,14.51,12.157,4,,,5.469,,,,,,,,,,
2026-09-25T23:18:04.779,562.773,0,849.5,37,,97.531,22.353,-4.0,-0.781,1.001,0.994,-0.035,5440,14.51,12.157,4,,,,14.375,,,,,,,,,
2026-09-25T23:18:04.909,562.903,0,836.5,37,,97.531,21.961,0.0,-0.781,1.001,0.99,-0.047,5340,14.51,12.549,3,,,,,98,,,,,,,,
2026-09-25T23:18:05.039,563.033,0,834.5,37,,97.531,22.353,-1.5,-0.781,1.002,0.994,-0.035,5070,14.51,12.157,3,,,,,,22,,,,,,,
2026-09-25T23:18:05.169,563.163,0,840.5,36,,97.531,21.569,-1.0,-0.781,1.002,0.997,-0.027,4730,14.51,12.549,2,,,,,,,18.824,,,,,,
2026-09-25T23:18:05.299,563.292,0,846.25,36,,97.531,21.961,-3.5,-0.781,1.002,1.001,-0.02,4510,14.51,12.157,2,,,,,,,,489.5,,,,,
2026-09-25T23:18:05.430,563.423,0,852.25,36,,97.531,21.569,6.5,-0.781,1.002,1.003,-0.016,4350,14.51,13.333,1,,,,,,,,,0.79,,,,
2026-09-25T23:18:05.559,563.553,0,866.0,43,,97.531,26.275,-5.5,-0.781,1.002,1.004,-0.016,4510,14.51,12.549,1,,,,,,,,,,,0.0,,
2026-09-25T23:18:05.689,563.683,0,892.25,41,,97.531,25.098,-7.0,0.0,1.002,1.015,-0.004,4940,14.51,12.549,1,,,,,,,,,,,,25.882,
2026-09-25T23:18:05.819,563.813,0,894.5,39,,97.531,23.922,-4.0,0.0,1.002,1.007,-0.012,5220,14.51,12.549,1,,,,,,,,,,,,,584
2026-09-25T23:18:05.949,563.943,0,892.0,39,,97.531,23.922,-4.0,-0.781,1.002,0.989,-0.047,5540,14.51,12.941,1,105,,,,,,,,,,,,
2026-09-25T23:18:06.079,564.073,0,876.25,39,,97.531,24.706,-4.0,-1.562,1.002,0.978,-0.078,5670,14.51,12.549,1,,53,,,,,,,,,,,
2026-09-25T23:18:06.209,564.203,0,864.0,40,,97.531,24.706,-6.0,-2.344,1.002,0.978,-0.078,5780,14.51,12.549,1,,,4.688,,,,,,,,,,
2026-09-25T23:18:06.340,564.333,0,853.0,39,,97.531,23.529,-3.0,-1.562,1.002,0.982,-0.066,5790,14.51,12.941,0,,,,14.394,,,,,,,,,
2026-09-25T23:18:06.470,564.463,0,837.25,39,,97.531,24.706,-1.0,-1.562,1.002,0.985,-0.059,5700,14.51,12.549,0,,,,,97,,,,,,,,
2026-09-25T23:18:06.599,564.593,0,834.5,39,,97.531,24.314,-2.0,-1.562,1.002,0.988,-0.051,5720,14.51,12.549,0,,,,,,22,,,,,,,
2026-09-25T23:18:06.729,564.723,0,831.5,40,,97.531,24.706,0.5,-1.562,1.002,0.994,-0.035,5740,14.51,12.549,0,,,,,,,18.824,,,,,,
2026-09-25T23:18:06.860,564.853,0,833.5,40,,97.531,24.706,-2.0,-1.562,1.002,0.992,-0.039,5750,14.51,12.549,0,,,,,,,,489.0,,,,,
2026-09-25T23:18:06.989,564.983,0,833.0,40,,97.531,24.314,-1.5,-2.344,1.002,0.987,-0.051,5800,14.51,12.549,0,,,,,,,,,0.79,,,,
2026-09-25T23:18:07.119,565.113,0,835.75,39,,97.531,24.314,-5.0,-2.344,1.002,0.98,-0.07,5760,14.51,12.157,0,,,,,,,,,,,0.0,,
2026-09-25T23:18:07.249,565.243,0,825.75,39,,97.594,22.745,-0.5,-3.125,1.002,0.976,-0.082,5500,14.51,12.549,0,,,,,,,,,,,,25.098,
2026-09-25T23:18:07.379,565.373,0,820.75,39,,97.531,23.922,-4.0,-3.125,1.002,0.968,-0.102,5360,14.51,12.157,0,,,,,,,,,,,,,585
2026-09-25T23:18:07.509,565.503,0,820.75,38,,97.562,23.137,-4.0,-3.906,1.002,0.96,-0.121,5180,14.51,12.157,0,105,,,,,,,,,,,,
2026-09-25T23:18:07.639,565.633,0,819.25,37,,97.562,21.961,-3.5,-4.688,1.002,0.95,-0.141,4960,14.51,12.157,0,,53,,,,,,,,,,,
2026-09-25T23:18:07.769,565.763,0,810.0,36,,97.531,22.353,-4.5,-5.469,1.002,0.947,-0.148,4630,14.51,12.157,0,,,5.469,,,,,,,,,,
2026-09-25T23:18:07.899,565.893,0,803.0,36,,97.531,22.353,-7.5,-6.25,1.002,0.94,-0.164,4460,14.51,11.765,0,,,,14.433,,,,,,,,,
2026-09-25T23:18:08.029,566.023,0,793.0,36,,97.562,21.569,-2.5,-6.25,1.002,0.939,-0.164,4210,14.51,11.765,0,,,,,98,,,,,,,,
2026-09-25T23:18:08.159,566.152,0,794.75,35,,97.531,21.176,-5.0,-7.031,1.002,0.943,-0.156,4000,14.51,11.765,0,,,,,,22,,,,,,,
2026-09-25T23:18:08.289,566.283,0,784.0,34,,97.594,20.392,-0.5,-7.031,1.002,0.953,-0.133,3750,14.51,11.765,0,,,,,,,18.824,,,,,,
2026-09-25T23:18:08.420,566.413,0,787.0,34,,97.562,20.392,4.0,-7.031,1.002,0.966,-0.105,3620,14.51,12.157,0,,,,,,,,488.8,,,,,
2026-09-25T23:18:08.549,566.543,0,778.25,34,,97.531,20.392,1.5,-6.25,1.002,0.977,-0.082,3550,14.51,12.157,0,,,,,,,,,0.79,,,,
2026-09-25T23:18:08.679,566.673,0,770.5,34,,97.531,20.784,4.0,-6.25,1.002,0.985,-0.055,3580,14.51,12.157,0,,,,,,,,,,,0.0,,
2026-09-25T23:18:08.810,566.803,0,778.75,35,,97.531,21.569,1.0,-6.25,1.003,0.993,-0.035,3630,14.51,11.765,0,,,,,,,,,,,,21.569,
2026-09-25T23:18:08.940,566.934,0,778.75,35,,97.562,20.784,0.5,-5.469,1.003,0.999,-0.023,3680,14.51,12.157,0,,,,,,,,,,,,,587
2026-09-25T23:18:09.069,567.063,0,781.0,34,,97.531,20.392,2.0,-5.469,1.003,1.014,-0.008,3710,14.51,12.157,0,105,,,,,,,,,,,,
2026-09-25T23:18:09.199,567.193,0,785.25,34,,97.531,20.784,4.0,-4.688,1.003,1.022,0.004,3720,14.51,12.157,0,,53,,,,,,,,,,,
2026-09-25T23:18:09.329,567.323,0,777.5,34,,97.531,20.784,3.0,-3.906,1.003,1.031,0.012,3770,14.51,12.157,0,,,5.469,,,,,,,,,,
2026-09-25T23:18:09.459,567.453,0,773.0,35,,97.531,21.176,1.5,-3.906,1.003,1.037,0.02,3820,14.51,12.157,0,,,,14.375,,,,,,,,,
2026-09-25T23:18:09.590,567.584,0,788.0,35,,97.531,20.784,0.5,-3.125,1.003,1.035,0.016,3840,14.51,12.157,0,,,,,97,,,,,,,,
2026-09-25T23:18:09.719,567.713,0,794.75,35,,97.531,20.784,0.5,-3.125,1.003,1.035,0.016,3830,14.51,12.157,0,,,,,,22,,,,,,,
2026-09-25T23:18:09.849,567.843,0,791.25,35,,97.531,20.392,-1.0,-3.125,1.003,1.037,0.02,3820,14.51,11.765,0,,,,,,,18.824,,,,,,
2026-09-25T23:18:09.979,567.973,0,785.25,34,,97.531,20.392,2.0,-2.344,1.003,1.039,0.02,3820,14.51,12.157,0,,,,,,,,488.6,,,,,
2026-09-25T23:18:10.109,568.103,0,782.0,34,,97.531,20.392,5.5,-2.344,1.003,1.038,0.02,3810,14.51,12.157,0,,,,,,,,,0.795,,,,
2026-09-25T23:18:10.239,568.232,0,767.5,35,,97.531,22.353,4.5,-2.344,1.003,1.038,0.02,3830,14.51,12.157,0,,,,,,,,,,,0.0,,
2026-09-25T23:18:10.369,568.363,0,780.75,36,,97.531,21.569,-2.5,-2.344,1.003,1.038,0.02,4000,14.51,11.765,0,,,,,,,,,,,,21.961,
2026-09-25T23:18:10.499,568.493,0,801.75,35,,97.531,21.176,-4.5,-1.562,1.003,1.034,0.016,4050,14.51,11.765,0,,,,,,,,,,,,,588
2026-09-25T23:18:10.629,568.623,0,799.25,35,,97.531,20.784,-1.5,-1.562,1.003,1.029,0.012,3960,14.51,12.157,0,104,,,,,,,,,,,,
2026-09-25T23:18:10.759,568.752,0,795.25,34,,97.531,20.392,1.5,-1.562,1.003,1.032,0.012,3910,14.51,12.157,0,,53,,,,,,,,,,,
2026-09-25T23:18:10.889,568.883,0,791.75,34,,97.531,20.392,-0.5,-1.562,1.003,1.034,0.016,3860,14.51,12.157,0,,,6.25,,,,,,,,,,
2026-09-25T23:18:11.020,569.013,0,798.25,34,,97.531,20.392,0.0,-0.781,1.003,1.041,0.023,3840,14.51,12.157,0,,,,14.414,,,,,,,,,
2026-09-25T23:18:11.150,569.143,0,794.25,34,,97.531,20.392,-1.0,-0.781,1.003,1.041,0.023,3830,14.51,12.157,0,,,,,97,,,,,,,,
2026-09-25T23:18:11.280,569.273,0,791.5,34,,97.531,20.392,0.5,0.0,1.003,1.042,0.023,3810,14.51,11.765,0,,,,,,22,,,,,,,
2026-09-25T23:18:11.409,569.403,0,795.0,34,,97.531,20.392,1.5,0.0,1.003,1.037,0.02,3820,14.51,11.765,0,,,,,,,18.824,,,,,,
2026-09-25T23:18:11.539,569.533,0,797.25,34,,97.531,20.0,0.0,0.0,1.003,1.037,0.02,3800,14.51,11.765,0,,,,,,,,488.4,,,,,
2026-09-25T23:18:11.669,569.663,0,789.5,34,,97.531,20.0,0.5,0.0,1.003,1.034,0.016,3810,14.51,11.765,0,,,,,,,,,0.795,,,,
2026-09-25T23:18:11.799,569.793,0,788.75,34,,97.531,20.0,1.0,0.0,1.003,1.031,0.012,3780,14.51,11.765,0,,,,,,,,,,,0.0,,
2026-09-25T23:18:11.930,569.923,0,794.5,33,,97.531,20.0,2.5,0.0,1.003,1.027,0.008,3770,14.51,12.157,0,,,,,,,,,,,,20.392,
2026-09-25T23:18:12.059,570.052,0,790.5,34,,97.531,20.392,0.5,0.0,1.003,1.027,0.008,3790,14.51,12.157,0,,,,,,,,,,,,,590
2026-09-25T23:18:12.190,570.183,0,788.25,34,,97.531,20.392,5.0,0.0,1.003,1.028,0.008,3790,14.51,12.157,0,104,,,,,,,,,,,,
2026-09-25T23:18:12.320,570.314,0,796.75,35,,97.531,22.745,-2.0,0.0,1.003,1.031,0.012,3870,14.51,12.157,0,,53,,,,,,,,,,,
2026-09-25T23:18:12.449,570.443,0,797.75,36,,97.531,21.569,-2.5,0.0,1.003,1.03,0.012,3980,14.51,12.157,0,,,5.469,,,,,,,,,,
2026-09-25T23:18:12.579,570.573,0,796.25,35,,97.531,21.176,-4.0,0.0,1.003,1.021,0.0,4020,14.51,11.765,0,,,,14.082,,,,,,,,,
2026-09-25T23:18:12.709,570.703,0,791.5,35,,97.531,21.176,-0.5,0.0,1.003,1.013,-0.008,3970,14.51,11.765,0,,,,,98,,,,,,,,
2026-09-25T23:18:12.839,570.833,0,781.5,34,,97.531,21.569,6.5,0.0,1.003,1.015,-0.004,3910,14.51,12.157,0,,,,,,22,,,,,,,
2026-09-25T23:18:12.970,570.964,0,771.0,35,,97.531,21.961,1.0,0.0,1.003,1.021,0.0,3910,14.51,11.765,0,,,,,,,18.824,,,,,,
2026-09-25T23:18:13.099,571.093,0,785.5,36,,97.531,21.176,-1.5,0.781,1.003,1.025,0.004,3920,14.51,11.765,0,,,,,,,,488.2,,,,,
2026-09-25T23:18:13.229,571.223,0,798.0,35,,97.531,20.784,-1.0,0.781,1.003,1.025,0.004,3900,14.51,11.765,0,,,,,,,,,0.795,,,,
2026-09-25T23:18:13.359,571.353,0,800.25,34,,97.531,20.784,-1.5,0.781,1.003,1.019,0.0,3890,14.51,12.157,0,,,,,,,,,,,0.0,,
2026-09-25T23:18:13.489,571.483,0,792.75,34,,97.531,20.784,-2.5,0.781,1.003,1.017,-0.004,3860,14.51,11.765,0,,,,,,,,,,,,21.569,
2026-09-25T23:18:13.619,571.612,0,793.25,34,,97.531,20.784,-1.0,0.781,1.003,1.02,0.0,3850,14.51,12.157,0,,,,,,,,,,,,,591
2026-09-25T23:18:13.749,571.743,0,799.0,34,,97.531,20.392,0.5,0.781,1.003,1.023,0.004,3810,14.51,12.157,0,104,,,,,,,,,,,,
2026-09-25T23:18:13.879,571.872,0,801.0,34,,97.531,20.392,-1.5,1.562,1.003,1.025,0.004,3820,14.51,12.157,0,,53,,,,,,,,,,,
2026-09-25T23:18:14.010,572.003,0,795.25,34,,97.531,20.392,-1.5,1.562,1.003,1.026,0.008,3830,14.51,12.157,0,,,5.469,,,,,,,,,,
2026-09-25T23:18:14.139,572.133,0,801.5,34,,97.531,20.784,-1.0,1.562,1.003,1.027,0.008,3840,14.51,12.157,0,,,,14.433,,,,,,,,,
2026-09-25T23:18:14.269,572.263,0,802.5,34,,97.531,20.392,-2.0,1.562,1.003,1.025,0.004,3850,14.51,11.765,0,,,,,98,,,,,,,,
2026-09-25T23:18:14.400,572.394,0,791.25,34,,97.531,20.392,-1.0,1.562,1.003,1.021,0.0,3840,14.51,12.157,0,,,,,,23,,,,,,,
2026-09-25T23:18:14.529,572.523,0,791.5,34,,97.531,20.392,-1.0,1.562,1.003,1.024,0.004,3830,14.51,11.765,0,,,,,,,18.824,,,,,,
2026-09-25T23:18:14.659,572.653,0,798.75,34,,97.531,20.392,0.5,2.344,1.003,1.021,0.0,3790,14.51,12.157,0,,,,,,,,488.0,,,,,
2026-09-25T23:18:14.789,572.783,0,797.75,34,,97.531,20.0,-1.0,2.344,1.003,1.019,0.0,3800,14.51,11.765,0,,,,,,,,,0.8,,,,
2026-09-25T23:18:14.919,572.913,0,793.5,34,,97.531,20.0,-1.0,2.344,1.003,1.016,-0.004,3780,14.51,12.157,0,,,,,,,,,,,0.0,,
2026-09-25T23:18:15.049,573.043,0,793.0,34,,97.531,20.0,0.5,2.344,1.003,1.015,-0.004,3790,14.51,12.157,0,,,,,,,,,,,,20.784,
2026-09-25T23:18:15.179,573.173,0,797.25,34,,97.531,20.0,0.5,2.344,1.003,1.013,-0.008,3780,14.51,12.157,0,,,,,,,,,,,,,593
2026-09-25T23:18:15.309,573.303,0,790.25,34,,97.531,20.392,0.0,1.562,1.003,1.01,-0.012,3780,14.51,12.157,0,104,,,,,,,,,,,,
2026-09-25T23:18:15.439,573.433,0,796.0,34,,97.531,20.392,-1.5,2.344,1.003,1.013,-0.008,3820,14.51,12.157,0,,54,,,,,,,,,,,
2026-09-25T23:18:15.570,573.563,0,800.0,34,,97.531,20.392,-0.5,2.344,1.003,1.011,-0.008,3830,14.51,12.157,0,,,5.469,,,,,,,,,,
2026-09-25T23:18:15.709,573.703,0,800.0,34,,97.531,20.0,0.5,2.344,1.003,1.007,-0.012,3820,14.51,11.765,0,,,,14.414,,,,,,,,,
2026-09-25T23:18:15.839,573.833,0,798.0,34,,97.531,20.392,0.5,2.344,1.003,1.009,-0.012,3810,14.51,12.157,0,,,,,97,,,,,,,,
2026-09-25T23:18:15.970,573.963,0,794.25,34,,97.531,20.0,1.0,2.344,1.003,1.013,-0.008,3800,14.51,12.157,0,,,,,,23,,,,,,,
2026-09-25T23:18:16.099,574.092,0,792.0,34,,97.531,20.0,-0.5,2.344,1.003,1.013,-0.008,3790,14.51,11.765,0,,,,,,,18.824,,,,,,
2026-09-25T23:18:16.229,574.223,0,793.0,34,,97.531,20.392,0.0,2.344,1.004,1.013,-0.008,3800,14.51,12.157,0,,,,,,,,487.6,,,,,
2026-09-25T23:18:16.360,574.353,0,800.5,34,,97.531,20.0,1.0,2.344,1.004,1.015,-0.004,3780,14.51,12.157,0,,,,,,,,,0.8,,,,
2026-09-25T23:18:16.489,574.483,0,792.25,34,,97.531,20.0,-0.5,2.344,1.003,1.011,-0.008,3800,14.51,11.765,0,,,,,,,,,,,0.0,,
2026-09-25T23:18:16.619,574.613,0,799.25,34,,97.531,20.0,0.5,2.344,1.003,1.007,-0.012,3780,14.51,12.157,0,,,,,,,,,,,,20.784,
2026-09-25T23:18:16.749,574.742,0,798.5,34,,97.531,20.0,0.0,2.344,1.003,1.003,-0.016,3790,14.51,12.157,0,,,,,,,,,,,,,595
2026-09-25T23:18:16.879,574.872,0,792.5,34,,97.531,20.392,-1.0,2.344,1.004,1.0,-0.02,3790,14.51,11.765,0,103,,,,,,,,,,,,
2026-09-25T23:18:17.009,575.002,0,794.75,34,,97.531,20.392,-0.5,2.344,1.004,1.005,-0.016,3800,14.51,12.157,0,,54,,,,,,,,,,,
2026-09-25T23:18:17.139,575.133,0,799.0,34,,97.531,20.392,0.5,2.344,1.004,1.01,-0.012,3820,14.51,12.157,0,,,5.469,,,,,,,,,,
2026-09-25T23:18:17.269,575.263,0,802.75,34,,97.531,20.392,-1.5,2.344,1.004,1.013,-0.008,3850,14.51,12.157,0,,,,14.394,,,,,,,,,
2026-09-25T23:18:17.399,575.393,0,798.75,34,,97.531,20.392,-2.5,2.344,1.004,1.009,-0.012,3850,14.51,12.157,0,,,,,97,,,,,,,,
2026-09-25T23:18:17.529,575.522,0,802.25,34,,97.531,20.392,-2.0,2.344,1.004,1.006,-0.016,3850,14.51,12.157,0,,,,,,23,,,,,,,
2026-09-25T23:18:17.659,575.653,0,796.75,34,,97.531,20.0,-1.0,2.344,1.004,1.003,-0.016,3830,14.51,12.157,0,,,,,,,18.824,,,,,,
2026-09-25T23:18:17.790,575.783,0,798.5,34,,97.531,20.392,0.5,2.344,1.004,1.005,-0.016,3820,14.51,12.157,0,,,,,,,,487.4,,,,,
2026-09-25T23:18:17.919,575.913,0,797.25,34,,97.531,20.392,0.0,2.344,1.004,1.01,-0.012,3800,14.51,12.157,0,,,,,,,,,0.8,,,,
2026-09-25T23:18:18.049,576.043,0,796.5,34,,97.531,20.392,0.5,2.344,1.004,1.011,-0.008,3790,14.51,12.157,0,,,,,,,,,,,0.0,,
2026-09-25T23:18:18.179,576.173,0,803.0,34,,97.531,20.392,-1.0,3.125,1.004,1.01,-0.012,3810,14.51,12.157,0,,,,,,,,,,,,20.784,
2026-09-25T23:18:18.309,576.303,0,799.0,33,,97.531,20.0,-1.5,2.344,1.004,1.006,-0.016,3810,14.51,12.157,0,,,,,,,,,,,,,596
2026-09-25T23:18:18.439,576.432,0,796.75,34,,97.531,20.392,-1.0,2.344,1.004,1.002,-0.02,3820,14.51,11.765,0,103,,,,,,,,,,,,
2026-09-25T23:18:18.569,576.562,0,800.25,33,,97.531,20.0,-1.0,2.344,1.004,1.001,-0.02,3810,14.51,12.157,0,,54,,,,,,,,,,,
2026-09-25T23:18:18.699,576.692,0,798.5,34,,97.531,20.392,-1.0,2.344,1.003,1.002,-0.02,3810,14.51,11.765,0,,,5.469,,,,,,,,,,
2026-09-25T23:18:18.830,576.823,0,797.0,34,,97.531,20.392,0.0,2.344,1.003,1.002,-0.02,3800,14.51,12.157,0,,,,14.453,,,,,,,,,
2026-09-25T23:18:18.959,576.952,0,794.0,34,,97.531,20.392,0.5,2.344,1.003,1.002,-0.02,3800,14.51,12.157,0,,,,,97,,,,,,,,
2026-09-25T23:18:19.090,577.083,0,793.75,34,,97.531,20.392,-1.0,2.344,1.003,0.999,-0.023,3810,14.51,11.765,0,,,,,,23,,,,,,,
2026-09-25T23:18:19.220,577.213,0,796.75,34,,97.531,20.0,0.0,2.344,1.003,1.0,-0.02,3790,14.51,12.157,0,,,,,,,18.824,,,,,,
2026-09-25T23:18:19.349,577.343,0,792.75,33,,97.531,20.392,0.0,2.344,1.003,0.999,-0.023,3790,14.51,12.157,0,,,,,,,,487.1,,,,,
2026-09-25T23:18:19.479,577.472,0,799.25,34,,97.531,20.392,0.5,2.344,1.003,0.999,-0.02,3790,14.51,12.157,0,,,,,,,,,0.8,,,,
2026-09-25T23:18:19.609,577.603,0,801.75,34,,97.531,20.392,-1.5,2.344,1.003,1.0,-0.02,3790,14.51,12.157,0,,,,,,,,,,,0.0,,
2026-09-25T23:18:19.739,577.732,0,798.25,34,,97.531,20.0,-2.0,2.344,1.003,0.999,-0.023,3800,14.51,11.765,0,,,,,,,,,,,,20.784,
2026-09-25T23:18:19.869,577.863,0,790.75,33,,97.531,20.0,0.5,2.344,1.003,0.999,-0.023,3780,14.51,12.157,0,,,,,,,,,,,,,598
2026-09-25T23:18:19.999,577.992,0,797.75,34,,97.531,20.0,0.5,2.344,1.003,1.0,-0.02,3790,14.51,12.157,0,103,,,,,,,,,,,,
2026-09-25T23:18:20.129,578.123,0,797.0,34,,97.531,20.392,0.5,2.344,1.003,1.0,-0.02,3770,14.51,12.157,0,,54,,,,,,,,,,,
2026-09-25T23:18:20.259,578.253,0,794.75,34,,97.531,20.392,-0.5,2.344,1.003,1.002,-0.02,3780,14.51,12.157,0,,,5.469,,,,,,,,,,
2026-09-25T23:18:20.389,578.383,0,799.5,34,,97.531,20.392,-1.5,2.344,1.003,1.003,-0.016,3790,14.51,12.157,0,,,,14.355,,,,,,,,,
2026-09-25T23:18:20.519,578.513,0,797.25,34,,97.531,20.392,-2.0,2.344,1.003,1.003,-0.016,3810,14.51,12.157,0,,,,,97,,,,,,,,
2026-09-25T23:18:20.650,578.643,0,804.0,34,,97.531,20.392,-2.0,2.344,1.003,1.002,-0.02,3800,14.51,12.157,0,,,,,,23,,,,,,,
2026-09-25T23:18:20.789,578.783,0,802.5,34,,97.531,20.392,-2.0,2.344,1.003,0.999,-0.023,3810,14.51,11.765,0,,,,,,,18.824,,,,,,
2026-09-25T23:18:20.919,578.912,0,795.25,34,,97.531,20.392,-1.0,2.344,1.003,0.998,-0.023,3800,14.51,11.765,0,,,,,,,,486.8,,,,,
2026-09-25T23:18:21.049,579.043,0,797.25,34,,97.531,20.0,0.5,2.344,1.003,0.998,-0.023,3800,14.51,11.765,0,,,,,,,,,0.8,,,,
2026-09-25T23:18:21.179,579.172,0,792.0,33,,97.531,20.0,-0.5,2.344,1.003,0.999,-0.02,3790,14.51,11.765,0,,,,,,,,,,,0.0,,
2026-09-25T23:18:21.309,579.303,0,792.25,34,,97.531,20.0,-0.5,2.344,1.003,0.999,-0.023,3780,14.51,12.157,0,,,,,,,,,,,,20.784,
2026-09-25T23:18:21.440,579.433,0,800.25,34,,97.531,20.0,0.5,2.344,1.003,1.004,-0.016,3790,14.51,12.157,0,,,,,,,,,,,,,599
2026-09-25T23:18:21.570,579.563,0,804.0,34,,97.531,20.0,-1.5,2.344,1.003,1.001,-0.02,3800,14.51,11.765,0,103,,,,,,,,,,,,
2026-09-25T23:18:21.699,579.692,0,796.75,34,,97.531,20.0,-2.0,2.344,1.003,0.999,-0.023,3800,14.51,12.157,0,,54,,,,,,,,,,,
2026-09-25T23:18:21.829,579.823,0,795.75,33,,97.531,20.0,-1.0,1.562,1.003,0.998,-0.023,3770,14.51,12.157,0,,,5.469,,,,,,,,,,
2026-09-25T23:18:21.959,579.952,0,798.5,34,,97.531,20.392,1.0,1.562,1.003,0.999,-0.023,3780,14.51,11.765,0,,,,14.433,,,,,,,,,
2026-09-25T23:18:22.089,580.083,0,796.0,34,,97.531,20.0,0.5,2.344,1.003,1.0,-0.02,3780,14.51,12.157,0,,,,,98,,,,,,,,
2026-09-25T23:18:22.219,580.212,0,794.5,34,,97.531,20.392,-0.5,1.562,1.003,0.999,-0.023,3780,14.51,12.157,0,,,,,,23,,,,,,,
2026-09-25T23:18:22.349,580.343,0,794.5,34,,97.531,20.0,-0.5,2.344,1.003,1.007,-0.012,3790,14.51,12.157,0,,,,,,,18.824,,,,,,
2026-09-25T23:18:22.479,580.473,0,801.25,34,,97.531,20.392,0.5,2.344,1.003,1.003,-0.016,3790,14.51,12.157,0,,,,,,,,486.5,,,,,
2026-09-25T23:18:22.609,580.602,0,795.5,34,,97.531,20.392,0.0,2.344,1.003,1.002,-0.02,3780,14.51,12.157,0,,,,,,,,,0.795,,,,
2026-09-25T23:18:22.739,580.733,0,800.0,34,,97.531,20.392,0.0,2.344,1.003,1.0,-0.02,3790,14.51,12.157,0,,,,,,,,,,,0.0,,
2026-09-25T23:18:22.870,580.863,0,795.75,34,,97.531,20.392,-1.0,1.562,1.003,0.999,-0.023,3800,14.51,12.157,0,,,,,,,,,,,,20.784,
2026-09-25T23:18:22.999,580.993,0,799.75,34,,97.531,20.0,-1.5,1.562,1.003,1.0,-0.02,3810,14.51,12.157,0,,,,,,,,,,,,,601
2026-09-25T23:18:23.129,581.122,0,802.25,33,,97.531,20.0,-1.0,1.562,1.003,0.999,-0.023,3790,14.51,12.157,0,103,,,,,,,,,,,,
2026-09-25T23:18:23.259,581.253,0,797.75,34,,97.531,20.392,-1.5,1.562,1.003,1.0,-0.02,3800,14.51,12.157,0,,54,,,,,,,,,,,
2026-09-25T23:18:23.389,581.383,0,799.25,34,,97.531,20.392,-1.5,1.562,1.003,1.0,-0.02,3790,14.51,11.765,0,,,5.469,,,,,,,,,,
2026-09-25T23:18:23.519,581.512,0,794.25,34,,97.531,20.392,-1.0,1.562,1.003,1.002,-0.02,3790,14.51,12.157,0,,,,14.414,,,,,,,,,
2026-09-25T23:18:23.649,581.643,0,803.25,34,,97.531,20.0,-2.5,1.562,1.003,1.002,-0.02,3790,14.51,11.765,0,,,,,97,,,,,,,,
2026-09-25T23:18:23.779,581.772,0,796.25,33,,97.531,20.0,0.0,1.562,1.003,0.999,-0.023,3780,14.51,12.157,0,,,,,,23,,,,,,,
2026-09-25T23:18:23.909,581.903,0,795.5,33,,97.531,20.0,-1.0,1.562,1.003,0.999,-0.023,3780,14.51,12.157,0,,,,,,,18.824,,,,,,
2026-09-25T23:18:24.039,582.033,0,798.5,33,,97.531,20.392,-1.5,1.562,1.003,0.999,-0.023,3800,14.51,11.765,0,,,,,,,,486.1,,,,,
2026-09-25T23:18:24.169,582.163,0,793.75,34,,97.531,20.0,-1.0,1.562,1.003,0.998,-0.023,3780,14.51,11.765,0,,,,,,,,,0.795,,,,
2026-09-25T23:18:24.300,582.294,0,797.25,33,,97.531,20.0,0.5,1.562,1.003,0.997,-0.027,3740,14.51,11.765,0,,,,,,,,,,,0.0,,
2026-09-25T23:18:24.429,582.423,0,797.5,33,,97.531,20.392,-1.0,1.562,1.003,0.998,-0.023,3760,14.51,11.765,0,,,,,,,,,,,,20.392,
2026-09-25T23:18:24.559,582.552,0,795.5,33,,97.531,20.0,0.0,1.562,1.003,0.998,-0.023,3730,14.51,12.157,0,,,,,,,,,,,,,602
2026-09-25T23:18:24.689,582.683,0,793.5,34,,97.531,20.392,-2.5,1.562,1.003,1.0,-0.02,3760,14.51,11.765,0,104,,,,,,,,,,,,
2026-09-25T23:18:24.819,582.813,0,795.25,33,,97.531,19.608,-1.0,1.562,1.003,1.001,-0.02,3760,14.51,11.765,0,,54,,,,,,,,,,,
2026-09-25T23:18:24.949,582.942,0,793.5,34,,97.531,20.0,0.0,1.562,1.003,0.999,-0.023,3770,14.51,11.765,0,,,5.469,,,,,,,,,,
2026-09-25T23:18:25.079,583.072,0,794.75,33,,97.531,20.0,0.5,1.562,1.003,0.996,-0.031,3770,14.51,11.765,0,,,,14.414,,,,,,,,,
2026-09-25T23:18:25.209,583.203,0,796.5,33,,97.531,20.0,-1.0,1.562,1.003,0.998,-0.027,3770,14.51,11.765,0,,,,,98,,,,,,,,
2026-09-25T23:18:25.339,583.332,0,791.0,33,,97.531,20.0,-0.5,1.562,1.003,0.999,-0.023,3760,14.51,11.765,0,,,,,,23,,,,,,,
2026-09-25T23:18:25.470,583.464,0,791.5,33,,97.531,20.0,2.0,1.562,1.003,0.999,-0.023,3760,14.51,12.157,0,,,,,,,18.824,,,,,,
2026-09-25T23:18:25.599,583.593,0,793.25,33,,97.531,20.392,0.0,1.562,1.003,0.999,-0.023,3750,14.51,11.765,0,,,,,,,,485.8,,,,,
2026-09-25T23:18:25.729,583.723,0,794.25,33,,97.531,20.0,0.0,1.562,1.003,1.002,-0.02,3760,14.51,11.765,0,,,,,,,,,0.795,,,,
2026-09-25T23:18:25.859,583.852,0,794.0,33,,97.531,20.0,0.5,1.562,1.003,1.005,-0.016,3770,14.51,11.765,0,,,,,,,,,,,0.0,,
2026-09-25T23:18:26.000,583.993,0,790.5,33,,97.531,20.0,0.0,1.562,1.003,1.005,-0.016,3760,14.51,11.765,0,,,,,,,,,,,,20.784,
2026-09-25T23:18:26.129,584.123,0,793.5,33,,97.531,20.0,1.5,1.562,1.003,1.007,-0.012,3770,14.51,12.157,0,,,,,,,,,,,,,604
2026-09-25T23:18:26.260,584.253,0,801.25,34,,97.531,20.392,-0.5,1.562,1.003,1.007,-0.012,3770,14.51,11.765,0,104,,,,,,,,,,,,
2026-09-25T23:18:26.389,584.383,0,802.5,34,,97.531,20.0,-1.0,1.562,1.003,1.007,-0.012,3790,14.51,11.765,0,,54,,,,,,,,,,,
2026-09-25T23:18:26.519,584.512,0,798.75,33,,97.531,20.0,-1.0,1.562,1.003,1.004,-0.016,3780,14.51,12.157,0,,,5.469,,,,,,,,,,
2026-09-25T23:18:26.649,584.643,0,794.5,33,,97.531,20.0,-1.5,1.562,1.003,1.002,-0.02,3800,14.51,12.157,0,,,,14.375,,,,,,,,,
2026-09-25T23:18:26.779,584.772,0,797.75,33,,97.531,20.0,0.5,1.562,1.003,1.007,-0.012,3790,14.51,12.157,0,,,,,97,,,,,,,,
2026-09-25T23:18:26.909,584.902,0,798.5,33,,97.531,20.392,-1.0,2.344,1.003,1.008,-0.012,3780,14.51,12.157,0,,,,,,23,,,,,,,
2026-09-25T23:18:27.039,585.032,0,796.75,34,,97.531,20.392,-2.5,1.562,1.003,1.005,-0.016,3790,14.51,12.157,0,,,,,,,18.824,,,,,,
2026-09-25T23:18:27.169,585.163,0,797.75,34,,97.531,20.0,-2.5,1.562,1.003,1.003,-0.016,3790,14.51,12.157,0,,,,,,,,485.5,,,,,
2026-09-25T23:18:27.299,585.293,0,804.25,34,,97.531,20.0,-2.5,1.562,1.003,1.005,-0.016,3790,14.51,12.157,0,,,,,,,,,0.795,,,,
2026-09-25T23:18:27.429,585.422,0,795.5,34,,97.531,20.0,-2.0,1.562,1.003,1.002,-0.02,3790,14.51,12.157,0,,,,,,,,,,,0.0,,
2026-09-25T23:18:27.559,585.553,0,791.25,33,,97.531,20.0,-0.5,1.562,1.003,1.003,-0.016,3790,14.51,11.765,0,,,,,,,,,,,,20.392,
2026-09-25T23:18:27.690,585.683,0,797.75,34,,97.531,20.0,2.0,1.562,1.003,1.004,-0.016,3780,14.51,12.157,0,,,,,,,,,,,,,606
2026-09-25T23:18:27.820,585.813,0,799.5,33,,97.531,20.0,0.5,1.562,1.003,1.003,-0.016,3770,14.51,12.157,0,104,,,,,,,,,,,,
2026-09-25T23:18:27.949,585.942,0,794.5,33,,97.531,20.0,-2.0,1.562,1.003,1.005,-0.016,3770,14.51,11.765,0,,54,,,,,,,,,,,
2026-09-25T23:18:28.079,586.072,0,790.0,33,,97.531,20.0,0.5,1.562,1.003,1.007,-0.012,3770,14.51,11.765,0,,,5.469,,,,,,,,,,
2026-09-25T23:18:28.209,586.202,0,795.75,33,,97.531,19.608,0.5,2.344,1.003,1.008,-0.012,3750,14.51,11.765,0,,,,14.433,,,,,,,,,
2026-09-25T23:18:28.339,586.332,0,795.25,34,,97.531,20.0,0.0,2.344,1.003,1.007,-0.012,3760,14.51,11.765,0,,,,,98,,,,,,,,
2026-09-25T23:18:28.469,586.463,0,794.0,33,,97.531,19.608,0.0,2.344,1.003,1.005,-0.016,3750,14.51,12.157,0,,,,,,23,,,,,,,
2026-09-25T23:18:28.599,586.592,0,803.0,33,,97.531,20.392,-1.0,1.562,1.003,1.003,-0.016,3760,14.51,12.157,0,,,,,,,18.824,,,,,,
2026-09-25T23:18:28.730,586.723,0,802.5,34,,97.531,20.392,-3.0,1.562,1.003,1.003,-0.016,3780,14.51,12.157,0,,,,,,,,485.1,,,,,
2026-09-25T23:18:28.859,586.852,0,797.25,34,,97.531,20.0,-1.0,1.562,1.003,1.003,-0.016,3810,14.51,12.157,0,,,,,,,,,0.795,,,,
2026-09-25T23:18:28.999,586.992,0,794.0,34,,97.531,20.392,-1.0,1.562,1.003,1.001,-0.02,3810,14.51,12.157,0,,,,,,,,,,,0.0,,
2026-09-25T23:18:29.129,587.122,0,802.25,34,,97.531,20.392,-2.5,1.562,1.003,1.003,-0.016,3820,14.51,12.157,0,,,,,,,,,,,,21.176,
2026-09-25T23:18:29.259,587.252,0,801.0,34,,97.531,20.392,-2.5,1.562,1.003,1.002,-0.02,3820,14.51,12.157,0,,,,,,,,,,,,,607
2026-09-25T23:18:29.389,587.383,0,797.0,34,,97.531,20.392,-2.5,1.562,1.003,1.004,-0.016,3830,14.51,12.157,0,104,,,,,,,,,,,,
2026-09-25T23:18:29.519,587.512,0,802.25,34,,97.531,20.0,-1.0,1.562,1.003,1.002,-0.02,3810,14.51,12.157,0,,54,,,,,,,,,,,
2026-09-25T23:18:29.649,587.643,0,798.25,34,,97.531,20.392,-2.0,1.562,1.003,1.003,-0.016,3800,14.51,12.157,0,,,5.469,,,,,,,,,,
2026-09-25T23:18:29.779,587.773,0,801.75,34,,97.531,20.0,-2.5,1.562,1.003,1.005,-0.016,3810,14.51,11.765,0,,,,14.394,,,,,,,,,
2026-09-25T23:18:29.909,587.902,0,802.5,34,,97.531,20.0,-2.5,2.344,1.003,1.005,-0.016,3790,14.51,11.765,0,,,,,98,,,,,,,,
2026-09-25T23:18:30.039,588.032,0,801.75,33,,97.531,19.608,-1.0,2.344,1.003,1.006,-0.016,3790,14.51,12.157,0,,,,,,23,,,,,,,
2026-09-25T23:18:30.170,588.163,0,799.75,33,,97.531,20.392,-2.0,2.344,1.003,1.003,-0.016,3780,14.51,11.765,0,,,,,,,18.824,,,,,,
2026-09-25T23:18:30.299,588.293,0,797.75,34,,97.531,20.392,-0.5,2.344,1.003,1.004,-0.016,3780,14.51,12.157,0,,,,,,,,484.8,,,,,
2026-09-25T23:18:30.429,588.422,0,794.5,33,,97.531,20.0,-1.0,2.344,1.003,1.001,-0.02,3760,14.51,12.157,0,,,,,,,,,0.795,,,,
2026-09-25T23:18:30.559,588.552,0,795.5,34,,97.531,20.0,-1.0,1.562,1.003,1.001,-0.02,3780,14.51,11.765,0,,,,,,,,,,,0.0,,
2026-09-25T23:18:30.689,588.683,0,794.75,33,,97.531,20.0,-2.0,2.344,1.003,1.002,-0.02,3780,14.51,11.765,0,,,,,,,,,,,,20.784,
2026-09-25T23:18:30.819,588.813,0,795.5,33,,97.531,20.0,-1.0,1.562,1.003,1.0,-0.02,3770,14.51,11.765,0,,,,,,,,,,,,,609
