time,elapsed_s,clock_ok,rpm,map_kpa,boost_cmd_kpa,boost_act_kpa,load_pct,timing_deg,stft_pct,lambda_cmd,lambda,o2s1_ma,rail_kpa,pedal_pct,throttle_pct,speed_kph,coolant_c,iat_c,ltft_pct,volts,baro_kpa,ambient_c,fuel_pct,cat_temp_c,o2s2_v,o2s2_trim_pct,lt_o2s2_trim_pct,abs_load_pct,run_time_s
2026-09-25T23:44:10.966,0.127,0,928.0,54,,97.688,35.294,-7.5,0.0,1.0,1.014,-0.008,5240,14.51,14.51,4,59,,,,,,,,,,,,
2026-09-25T23:44:11.097,0.258,0,948.5,54,,97.688,36.078,-8.5,0.781,1.0,1.025,0.004,5740,14.51,14.902,3,,43,,,,,,,,,,,
2026-09-25T23:44:11.227,0.388,0,955.5,54,,97.656,35.686,-8.5,0.781,1.0,1.01,-0.012,5620,14.51,14.51,3,,,3.125,,,,,,,,,,
2026-09-25T23:44:11.357,0.518,0,927.75,55,,97.781,35.686,-7.0,0.0,1.0,1.0,-0.02,5400,14.51,15.294,3,,,,14.121,,,,,,,,,
2026-09-25T23:44:11.486,0.647,0,922.25,55,,97.594,37.647,-7.0,0.781,1.0,1.012,-0.008,5140,14.51,15.294,3,,,,,98,,,,,,,,
2026-09-25T23:44:11.616,0.778,0,954.5,56,,97.594,37.647,-8.0,0.781,1.0,1.008,-0.012,5570,14.51,14.902,3,,,,,,20,,,,,,,
2026-09-25T23:44:11.747,0.908,0,979.25,56,,97.625,36.078,-9.5,0.0,1.0,0.993,-0.039,5710,14.51,14.902,3,,,,,,,16.863,,,,,,
2026-09-25T23:44:11.876,1.037,0,981.25,55,,97.688,35.686,-9.0,0.0,1.0,0.993,-0.035,5650,14.51,14.902,3,,,,,,,,199.1,,,,,
2026-09-25T23:44:12.006,1.167,0,956.0,56,,97.625,36.471,-8.0,0.781,1.0,1.016,-0.004,5580,14.51,14.902,3,,,,,,,,,1.275,,,,
2026-09-25T23:44:12.136,1.297,0,968.25,56,,97.844,36.863,-8.5,1.562,1.0,1.025,0.004,5800,14.51,14.902,3,,,,,,,,,,,0.0,,
2026-09-25T23:44:12.266,1.427,0,962.0,56,,97.844,36.471,-8.0,1.562,1.0,1.013,-0.008,5860,14.51,14.902,2,,,,,,,,,,,,40.392,
2026-09-25T23:44:12.397,1.558,0,957.25,56,,97.875,36.471,-7.0,0.781,1.0,0.999,-0.023,5570,14.51,15.686,2,,,,,,,,,,,,,31
2026-09-25T23:44:12.526,1.687,0,964.25,58,,97.75,38.431,-7.5,1.562,1.0,1.019,0.0,5590,14.51,15.686,2,59,,,,,,,,,,,,
2026-09-25T23:44:12.656,1.817,0,1007.0,58,,97.656,38.824,-9.5,1.562,1.0,1.013,-0.008,5880,14.51,15.294,2,,43,,,,,,,,,,,
2026-09-25T23:44:12.786,1.948,0,1018.0,57,,97.875,36.078,-8.0,0.781,1.0,0.994,-0.035,5810,14.51,15.686,2,,,3.125,,,,,,,,,,
2026-09-25T23:44:12.916,2.077,0,1040.75,58,,97.875,36.078,-10.0,0.781,1.0,0.997,-0.027,5770,14.51,15.294,2,,,,14.042,,,,,,,,,
2026-09-25T23:44:13.046,2.208,0,1045.25,55,,97.875,34.118,-8.5,0.781,1.0,1.0,-0.02,5920,14.51,15.686,2,,,,,98,,,,,,,,
2026-09-25T23:44:13.177,2.338,0,1023.0,55,,97.875,34.902,-7.5,2.344,1.0,1.025,0.004,6130,14.51,15.294,2,,,,,,20,,,,,,,
2026-09-25T23:44:13.307,2.468,0,1030.0,57,,97.875,35.686,-7.0,1.562,1.0,1.005,-0.016,5960,14.51,15.686,2,,,,,,,16.863,,,,,,
2026-09-25T23:44:13.436,2.597,0,1025.75,57,,97.875,36.863,-7.0,1.562,1.0,1.012,-0.008,5810,14.51,15.686,2,,,,,,,,208.3,,,,,
2026-09-25T23:44:13.566,2.727,0,1023.0,58,,97.875,37.647,-6.5,2.344,1.0,1.017,-0.004,5800,14.51,15.686,2,,,,,,,,,1.275,,,,
2026-09-25T23:44:13.696,2.857,0,1025.25,58,,97.875,36.863,-6.5,1.562,1.0,0.999,-0.023,5890,14.51,15.294,2,,,,,,,,,,,0.0,,
2026-09-25T23:44:13.826,2.987,0,1023.5,58,,97.938,36.863,-6.0,1.562,1.0,0.994,-0.035,5930,14.51,15.294,3,,,,,,,,,,,,42.745,
2026-09-25T23:44:13.966,3.127,0,1012.5,59,,98.062,37.255,-6.0,1.562,1.0,0.994,-0.035,5920,14.51,15.686,3,,,,,,,,,,,,,32
2026-09-25T23:44:14.096,3.257,0,989.75,59,,97.875,38.824,-5.5,1.562,1.0,0.996,-0.031,5910,14.51,15.686,3,59,,,,,,,,,,,,
2026-09-25T23:44:14.226,3.387,0,979.0,60,,97.938,39.608,-5.5,1.562,1.0,0.991,-0.043,5740,14.51,15.294,3,,43,,,,,,,,,,,
2026-09-25T23:44:14.356,3.518,0,976.25,60,,98.031,39.216,-6.0,0.781,1.0,0.987,-0.055,5650,14.51,15.294,3,,,3.125,,,,,,,,,,
2026-09-25T23:44:14.486,3.647,0,961.25,60,,98.0,39.216,-5.5,0.781,1.0,0.99,-0.043,5600,14.51,14.902,3,,,,14.042,,,,,,,,,
2026-09-25T23:44:14.616,3.777,0,957.25,60,,98.062,38.824,-5.5,0.781,1.0,0.99,-0.047,5510,14.51,14.51,3,,,,,98,,,,,,,,
2026-09-25T23:44:14.746,3.907,0,936.5,58,,98.188,37.647,-10.0,0.781,1.0,0.986,-0.055,5360,14.51,14.118,3,,,,,,20,,,,,,,
2026-09-25T23:44:14.876,4.037,0,911.75,55,,98.156,36.078,-5.0,0.781,1.0,0.995,-0.035,5210,14.51,14.118,3,,,,,,,16.863,,,,,,
2026-09-25T23:44:15.006,4.167,0,932.0,54,,98.188,33.725,-8.5,0.781,1.0,0.992,-0.039,5140,14.51,14.118,3,,,,,,,,217.0,,,,,
2026-09-25T23:44:15.136,4.297,0,923.0,51,,98.031,32.549,-6.5,0.781,1.0,0.984,-0.059,5260,14.51,14.51,3,,,,,,,,,1.275,,,,
2026-09-25T23:44:15.266,4.427,0,925.25,51,,97.875,34.118,-6.0,0.0,1.0,0.973,-0.09,5250,14.51,14.118,3,,,,,,,,,,,0.0,,
2026-09-25T23:44:15.396,4.557,0,936.75,51,,97.906,32.941,-8.0,0.0,1.0,0.976,-0.086,5400,14.51,14.118,3,,,,,,,,,,,,35.294,
2026-09-25T23:44:15.526,4.687,0,908.75,50,,97.875,32.941,-3.0,0.0,1.0,0.97,-0.098,5410,14.51,14.51,3,,,,,,,,,,,,,34
2026-09-25T23:44:15.656,4.817,0,921.75,53,,97.875,35.294,-5.5,-0.781,1.0,0.978,-0.078,5320,14.51,14.118,3,60,,,,,,,,,,,,
2026-09-25T23:44:15.786,4.947,0,938.25,52,,97.875,33.333,-7.0,0.0,1.0,0.986,-0.055,5390,14.51,14.118,3,,43,,,,,,,,,,,
2026-09-25T23:44:15.916,5.077,0,924.25,51,,97.844,32.941,-4.0,0.0,1.0,0.979,-0.078,5400,14.51,14.51,3,,,3.906,,,,,,,,,,
2026-09-25T23:44:16.066,5.228,0,929.0,51,,97.75,33.725,-5.0,-0.781,1.0,0.978,-0.078,5290,14.51,14.118,3,,,,13.925,,,,,,,,,
2026-09-25T23:44:16.196,5.358,0,938.5,51,,97.75,32.941,-6.0,-0.781,1.0,0.98,-0.07,5350,14.51,14.118,3,,,,,98,,,,,,,,
2026-09-25T23:44:16.327,5.488,0,926.0,50,,97.688,32.941,-5.0,-1.562,1.0,0.979,-0.078,5320,14.51,14.51,3,,,,,,20,,,,,,,
2026-09-25T23:44:16.467,5.629,0,922.0,51,,97.531,34.118,-5.0,-1.562,1.0,0.986,-0.055,5210,14.51,14.118,3,,,,,,,16.863,,,,,,
2026-09-25T23:44:16.597,5.758,0,938.0,51,,97.656,33.333,-5.5,-0.781,1.0,0.993,-0.039,5400,14.51,14.118,3,,,,,,,,224.8,,,,,
2026-09-25T23:44:16.727,5.889,0,925.25,50,,97.625,32.941,-3.0,-0.781,1.0,0.995,-0.031,5520,14.51,14.118,3,,,,,,,,,1.275,,,,
2026-09-25T23:44:16.857,6.018,0,924.5,52,,97.562,33.725,-2.5,-1.562,1.0,0.986,-0.055,5390,14.51,14.118,3,,,,,,,,,,,0.0,,
2026-09-25T23:44:16.986,6.147,0,935.25,52,,97.531,34.51,-5.0,-1.562,1.0,0.987,-0.055,5280,14.51,14.51,3,,,,,,,,,,,,36.863,
2026-09-25T23:44:17.116,6.277,0,934.75,52,,97.562,33.333,-5.5,-1.562,1.0,0.99,-0.043,5300,14.51,14.51,3,,,,,,,,,,,,,36
2026-09-25T23:44:17.246,6.407,0,928.75,50,,97.531,33.725,-4.0,-1.562,1.0,0.992,-0.039,5390,14.51,14.51,3,60,,,,,,,,,,,,
2026-09-25T23:44:17.376,6.537,0,939.0,51,,97.531,32.941,-5.5,-1.562,1.0,0.994,-0.035,5610,14.51,14.118,2,,43,,,,,,,,,,,
2026-09-25T23:44:17.506,6.667,0,942.25,51,,97.562,32.941,-5.0,-1.562,1.0,0.996,-0.031,5590,14.51,14.51,2,,,3.906,,,,,,,,,,
2026-09-25T23:44:17.636,6.797,0,922.75,51,,97.562,32.941,-1.0,-1.562,1.0,0.995,-0.031,5440,14.51,14.118,2,,,,13.964,,,,,,,,,
2026-09-25T23:44:17.766,6.927,0,933.0,53,,97.531,34.51,-4.0,-0.781,1.0,1.006,-0.016,5300,14.51,14.118,2,,,,,98,,,,,,,,
2026-09-25T23:44:17.896,7.058,0,937.5,52,,97.531,34.118,-4.0,-0.781,1.0,1.016,-0.004,5330,14.51,14.51,2,,,,,,20,,,,,,,
2026-09-25T23:44:18.026,7.188,0,939.75,52,,97.531,34.118,-4.0,-0.781,1.0,1.006,-0.016,5370,14.51,14.902,2,,,,,,,16.863,,,,,,
2026-09-25T23:44:18.156,7.317,0,949.25,52,,97.531,34.51,-6.0,-0.781,1.0,1.003,-0.016,5460,14.51,14.51,2,,,,,,,,232.4,,,,,
2026-09-25T23:44:18.286,7.447,0,954.25,52,,97.531,33.333,-5.5,-0.781,1.0,1.009,-0.012,5510,14.51,14.51,2,,,,,,,,,1.275,,,,
2026-09-25T23:44:18.426,7.587,0,939.0,52,,97.531,34.118,-4.0,-0.781,1.0,0.997,-0.027,5540,14.51,14.51,2,,,,,,,,,,,0.0,,
2026-09-25T23:44:18.556,7.717,0,936.25,53,,97.531,35.294,-4.5,-0.781,1.0,1.007,-0.012,5550,14.51,14.51,2,,,,,,,,,,,,38.039,
2026-09-25T23:44:18.686,7.847,0,952.25,53,,97.531,34.902,-6.5,0.0,1.0,1.011,-0.008,5470,14.51,14.51,2,,,,,,,,,,,,,37
2026-09-25T23:44:18.817,7.978,0,945.25,53,,97.531,34.118,-5.0,0.0,1.0,1.009,-0.012,5410,14.51,14.51,2,61,,,,,,,,,,,,
2026-09-25T23:44:18.946,8.108,0,938.25,53,,97.531,34.902,-5.0,0.0,1.0,1.008,-0.012,5390,14.51,14.51,2,,43,,,,,,,,,,,
2026-09-25T23:44:19.076,8.238,0,933.5,53,,97.531,34.902,-4.0,0.0,1.0,1.005,-0.016,5400,14.51,14.51,2,,,3.906,,,,,,,,,,
2026-09-25T23:44:19.206,8.367,0,956.25,53,,97.531,34.51,-7.0,0.0,1.0,1.013,-0.008,5450,14.51,14.51,2,,,,13.925,,,,,,,,,
2026-09-25T23:44:19.336,8.497,0,951.0,52,,97.562,33.725,-5.5,0.0,1.0,1.007,-0.012,5530,14.51,14.51,2,,,,,98,,,,,,,,
2026-09-25T23:44:19.467,8.628,0,943.0,52,,97.531,34.118,-5.0,0.0,1.0,1.0,-0.02,5570,14.51,14.51,2,,,,,,20,,,,,,,
2026-09-25T23:44:19.596,8.757,0,948.5,53,,97.531,34.118,-7.0,-0.781,1.0,0.994,-0.035,5530,14.51,14.51,2,,,,,,,16.863,,,,,,
2026-09-25T23:44:19.726,8.887,0,939.75,52,,97.531,33.725,-4.0,-0.781,1.0,0.996,-0.031,5470,14.51,14.118,3,,,,,,,,239.9,,,,,
2026-09-25T23:44:19.856,9.017,0,939.75,52,,97.531,34.118,-5.5,-0.781,1.0,0.996,-0.031,5420,14.51,14.51,3,,,,,,,,,1.275,,,,
2026-09-25T23:44:19.986,9.147,0,948.25,51,,97.531,32.941,-6.0,-0.781,1.0,0.991,-0.043,5390,14.51,14.51,3,,,,,,,,,,,0.0,,
2026-09-25T23:44:20.116,9.277,0,930.75,51,,97.531,33.333,-3.5,-0.781,1.0,0.991,-0.043,5400,14.51,14.51,3,,,,,,,,,,,,36.863,
2026-09-25T23:44:20.247,9.408,0,943.25,51,,97.531,33.725,-6.5,-0.781,1.0,0.998,-0.023,5470,14.51,14.118,3,,,,,,,,,,,,,39
2026-09-25T23:44:20.377,9.538,0,940.5,51,,97.531,32.157,-4.0,-0.781,1.0,0.998,-0.023,5530,14.51,14.51,3,61,,,,,,,,,,,,
2026-09-25T23:44:20.507,9.668,0,936.0,50,,97.531,33.333,-4.0,-0.781,1.0,1.003,-0.016,5550,14.51,14.51,3,,43,,,,,,,,,,,
2026-09-25T23:44:20.636,9.797,0,941.5,51,,97.531,33.333,-4.0,-0.781,1.0,0.996,-0.031,5540,14.51,14.51,3,,,3.906,,,,,,,,,,
2026-09-25T23:44:20.766,9.927,0,944.5,52,,97.531,33.725,-5.5,-0.781,1.0,0.996,-0.027,5450,14.51,14.51,3,,,,13.886,,,,,,,,,
2026-09-25T23:44:20.896,10.057,0,935.25,52,,97.531,33.725,-2.5,-0.781,1.0,0.997,-0.027,5380,14.51,14.902,3,,,,,98,,,,,,,,
2026-09-25T23:44:21.027,10.188,0,949.5,53,,97.531,35.294,-5.5,-0.781,1.0,0.999,-0.023,5370,14.51,14.902,3,,,,,,20,,,,,,,
2026-09-25T23:44:21.166,10.328,0,965.25,53,,97.531,34.902,-5.0,0.0,1.0,1.021,0.0,5730,14.51,14.902,3,,,,,,,16.863,,,,,,
2026-09-25T23:44:21.296,10.457,0,981.0,54,,97.531,35.294,-7.0,0.0,1.0,1.025,0.004,5840,14.51,15.294,3,,,,,,,,247.0,,,,,
2026-09-25T23:44:21.427,10.588,0,970.25,55,,97.531,36.863,-5.5,0.0,1.0,1.023,0.004,5740,14.51,14.51,3,,,,,,,,,1.275,,,,
2026-09-25T23:44:21.556,10.717,0,985.0,55,,97.531,34.902,-6.5,0.781,1.0,1.028,0.008,5610,14.51,14.902,3,,,,,,,,,,,0.0,,
2026-09-25T23:44:21.686,10.848,0,986.0,54,,97.531,34.902,-7.0,0.781,1.0,1.025,0.004,5590,14.51,14.902,3,,,,,,,,,,,,39.216,
2026-09-25T23:44:21.816,10.977,0,984.75,54,,97.562,34.51,-5.5,0.781,1.0,1.021,0.0,5840,14.51,15.294,3,,,,,,,,,,,,,40
2026-09-25T23:44:21.946,11.108,0,982.5,55,,97.562,36.078,-6.0,0.781,1.0,1.013,-0.008,5850,14.51,14.902,3,62,,,,,,,,,,,,
2026-09-25T23:44:22.076,11.237,0,975.75,54,,97.531,35.294,-7.0,0.781,1.0,1.013,-0.008,5680,14.51,14.902,3,,43,,,,,,,,,,,
2026-09-25T23:44:22.207,11.368,0,973.75,54,,97.562,34.902,-6.0,1.562,1.0,1.019,0.0,5610,14.51,14.902,4,,,3.125,,,,,,,,,,
2026-09-25T23:44:22.336,11.498,0,956.75,55,,97.562,36.078,-6.0,1.562,1.0,1.023,0.004,5550,14.51,14.902,4,,,,13.828,,,,,,,,,
2026-09-25T23:44:22.466,11.627,0,971.0,55,,97.562,36.078,-7.0,1.562,1.0,1.018,-0.004,5650,14.51,14.902,4,,,,,98,,,,,,,,
2026-09-25T23:44:22.596,11.757,0,982.25,55,,97.562,36.078,-7.0,1.562,1.0,1.01,-0.012,5740,14.51,14.51,4,,,,,,20,,,,,,,
2026-09-25T23:44:22.726,11.887,0,975.5,54,,97.656,34.902,-6.0,1.562,1.0,1.002,-0.02,5680,14.51,14.51,4,,,,,,,16.863,,,,,,
2026-09-25T23:44:22.856,12.018,0,968.75,55,,97.844,35.294,-6.0,1.562,1.0,1.002,-0.02,5580,14.51,14.51,4,,,,,,,,253.3,,,,,
2026-09-25T23:44:22.986,12.148,0,956.75,55,,97.594,36.078,-6.5,1.562,1.0,1.001,-0.02,5450,14.51,14.902,4,,,,,,,,,1.275,,,,
2026-09-25T23:44:23.116,12.277,0,964.25,54,,97.812,35.294,-7.0,1.562,1.0,1.003,-0.016,5510,14.51,14.902,4,,,,,,,,,,,0.0,,
2026-09-25T23:44:23.247,12.408,0,968.0,54,,97.75,35.294,-7.0,1.562,1.0,0.999,-0.023,5800,14.51,14.51,4,,,,,,,,,,,,39.216,
2026-09-25T23:44:23.376,12.537,0,964.5,54,,97.781,35.294,-7.0,1.562,1.0,0.994,-0.035,5770,14.51,14.51,4,,,,,,,,,,,,,42
2026-09-25T23:44:23.506,12.667,0,958.25,54,,97.844,35.294,-5.5,0.781,1.0,0.992,-0.039,5470,14.51,14.51,4,62,,,,,,,,,,,,
2026-09-25T23:44:23.636,12.797,0,957.25,54,,97.781,34.51,-7.0,0.781,1.0,0.995,-0.035,5370,14.51,14.51,5,,43,,,,,,,,,,,
2026-09-25T23:44:23.766,12.928,0,944.5,53,,97.781,34.51,-5.5,1.562,1.0,0.999,-0.023,5460,14.51,14.51,5,,,3.906,,,,,,,,,,
2026-09-25T23:44:23.896,13.057,0,953.5,53,,97.781,34.51,-7.0,1.562,1.0,0.994,-0.035,5540,14.51,14.51,5,,,,13.828,,,,,,,,,
2026-09-25T23:44:24.026,13.187,0,954.0,52,,97.812,33.333,-7.0,0.781,1.0,0.985,-0.059,5430,14.51,14.51,5,,,,,98,,,,,,,,
2026-09-25T23:44:24.156,13.317,0,935.0,52,,97.781,33.725,-4.5,0.0,1.0,0.981,-0.07,5360,14.51,14.51,5,,,,,,20,,,,,,,
2026-09-25T23:44:24.286,13.447,0,934.25,52,,97.75,33.725,-5.5,0.0,1.0,0.982,-0.066,5330,14.51,14.118,5,,,,,,,16.863,,,,,,
2026-09-25T23:44:24.416,13.577,0,937.25,52,,97.75,32.549,-6.5,0.0,1.0,0.977,-0.082,5340,14.51,14.118,5,,,,,,,,260.1,,,,,
2026-09-25T23:44:24.546,13.707,0,925.0,50,,97.656,32.549,-4.5,0.0,1.0,0.98,-0.07,5450,14.51,14.118,5,,,,,,,,,1.275,,,,
2026-09-25T23:44:24.676,13.837,0,926.5,51,,97.625,33.333,-4.5,0.0,1.0,0.988,-0.051,5500,14.51,14.51,5,,,,,,,,,,,0.0,,
2026-09-25T23:44:24.807,13.968,0,921.0,51,,97.656,33.725,-4.0,0.0,1.0,0.981,-0.066,5360,14.51,14.118,5,,,,,,,,,,,,36.471,
2026-09-25T23:44:24.937,14.098,0,926.75,51,,97.531,33.333,-5.5,0.0,1.0,0.989,-0.047,5190,14.51,14.118,5,,,,,,,,,,,,,43
2026-09-25T23:44:25.067,14.228,0,935.75,51,,97.562,32.549,-7.0,0.0,1.0,0.984,-0.059,5250,14.51,14.118,5,63,,,,,,,,,,,,
2026-09-25T23:44:25.197,14.358,0,923.0,50,,97.562,31.765,-2.5,0.0,1.0,0.98,-0.07,5320,14.51,14.118,5,,42,,,,,,,,,,,
2026-09-25T23:44:25.327,14.488,0,925.0,51,,97.531,32.941,-5.5,-0.781,1.0,0.979,-0.074,5410,14.51,14.118,5,,,3.906,,,,,,,,,,
2026-09-25T23:44:25.466,14.627,0,923.0,50,,97.531,32.157,-4.0,-0.781,1.0,0.986,-0.055,5460,14.51,14.51,5,,,,13.867,,,,,,,,,
2026-09-25T23:44:25.596,14.757,0,912.25,50,,97.531,32.157,-3.5,-0.781,1.0,0.984,-0.059,5270,14.51,14.118,5,,,,,98,,,,,,,,
2026-09-25T23:44:25.726,14.887,0,927.5,51,,97.531,32.549,-5.5,-0.781,1.0,0.99,-0.047,5190,14.51,14.118,5,,,,,,20,,,,,,,
2026-09-25T23:44:25.856,15.017,0,922.75,50,,97.531,32.157,-2.5,-0.781,1.0,0.99,-0.047,5130,14.51,14.118,6,,,,,,,16.863,,,,,,
2026-09-25T23:44:25.986,15.147,0,927.0,50,,97.531,32.941,-5.5,-0.781,1.0,0.99,-0.047,5160,14.51,14.118,6,,,,,,,,266.4,,,,,
2026-09-25T23:44:26.116,15.277,0,932.5,49,,97.531,31.765,-5.5,-0.781,1.0,0.986,-0.055,5420,14.51,14.118,5,,,,,,,,,1.275,,,,
2026-09-25T23:44:26.267,15.428,0,928.25,49,,97.531,31.765,-3.0,-1.562,1.0,0.987,-0.051,5540,14.51,14.51,5,,,,,,,,,,,0.0,,
2026-09-25T23:44:26.397,15.558,0,922.0,49,,97.531,31.765,-3.5,-1.562,1.0,0.992,-0.043,5450,14.51,14.51,6,,,,,,,,,,,,34.902,
2026-09-25T23:44:26.527,15.688,0,920.75,51,,97.531,32.941,-2.5,-0.781,1.0,0.998,-0.023,5340,14.51,14.51,6,,,,,,,,,,,,,45
2026-09-25T23:44:26.656,15.818,0,926.25,51,,97.531,33.333,-4.5,-0.781,1.0,1.0,-0.02,5270,14.51,14.118,6,63,,,,,,,,,,,,
2026-09-25T23:44:26.786,15.947,0,932.25,50,,97.531,32.157,-5.5,-0.781,1.0,0.992,-0.039,5360,14.51,14.118,6,,43,,,,,,,,,,,
2026-09-25T23:44:26.916,16.077,0,930.75,50,,97.531,31.765,-4.0,-1.562,1.0,0.992,-0.039,5370,14.51,14.51,6,,,3.906,,,,,,,,,,
2026-09-25T23:44:27.046,16.207,0,926.5,50,,97.531,32.941,-4.5,-1.562,1.0,0.994,-0.035,5280,14.51,14.118,6,,,,13.847,,,,,,,,,
2026-09-25T23:44:27.176,16.337,0,937.5,50,,97.531,31.765,-5.5,-0.781,1.0,0.999,-0.023,5340,14.51,14.118,6,,,,,98,,,,,,,,
2026-09-25T23:44:27.306,16.467,0,941.25,50,,97.531,32.157,-6.0,-0.781,1.0,0.997,-0.027,5480,14.51,14.118,6,,,,,,20,,,,,,,
2026-09-25T23:44:27.436,16.597,0,926.5,50,,97.531,32.549,-2.5,-0.781,1.0,1.002,-0.02,5490,14.51,14.118,6,,,,,,,16.863,,,,,,
2026-09-25T23:44:27.566,16.727,0,930.75,51,,97.531,33.333,-4.5,-0.781,1.0,1.007,-0.012,5420,14.51,14.118,6,,,,,,,,272.6,,,,,
2026-09-25T23:44:27.696,16.857,0,935.0,50,,97.531,32.157,-4.5,-0.781,1.0,1.008,-0.012,5370,14.51,14.902,6,,,,,,,,,1.275,,,,
2026-09-25T23:44:27.826,16.987,0,920.5,51,,97.5,34.118,-4.5,-0.781,1.0,1.0,-0.02,5190,14.51,14.118,6,,,,,,,,,,,0.0,,
2026-09-25T23:44:27.966,17.127,0,948.5,51,,97.531,32.549,-7.0,-0.781,1.0,1.001,-0.02,5270,14.51,14.118,6,,,,,,,,,,,,35.294,
2026-09-25T23:44:28.096,17.257,0,928.0,50,,97.531,32.157,-3.5,-0.781,1.0,0.997,-0.027,5520,14.51,14.118,6,,,,,,,,,,,,,46
2026-09-25T23:44:28.226,17.387,0,939.5,50,,97.531,32.157,-5.5,-0.781,1.0,0.995,-0.031,5620,14.51,14.118,6,64,,,,,,,,,,,,
2026-09-25T23:44:28.357,17.518,0,939.0,50,,97.531,31.765,-4.0,-0.781,1.0,0.997,-0.027,5490,14.51,14.902,6,,43,,,,,,,,,,,
2026-09-25T23:44:28.496,17.657,0,921.5,49,,97.531,32.157,-4.0,-0.781,1.0,0.998,-0.023,5260,14.51,14.51,6,,,3.906,,,,,,,,,,
2026-09-25T23:44:28.626,17.787,0,927.5,51,,97.531,32.941,-4.5,-0.781,1.0,1.006,-0.016,5250,14.51,14.118,6,,,,13.808,,,,,,,,,
2026-09-25T23:44:28.756,17.918,0,944.25,50,,97.531,32.157,-5.5,-0.781,1.0,1.0,-0.02,5480,14.51,14.118,6,,,,,98,,,,,,,,
2026-09-25T23:44:28.886,18.048,0,950.5,50,,97.531,32.157,-6.0,-0.781,1.0,0.996,-0.031,5570,14.51,14.118,6,,,,,,20,,,,,,,
2026-09-25T23:44:29.016,18.178,0,936.5,50,,97.531,32.549,-4.5,-0.781,1.0,0.996,-0.031,5520,14.51,14.51,5,,,,,,,16.863,,,,,,
2026-09-25T23:44:29.146,18.307,0,925.25,51,,97.531,34.118,-4.5,-0.781,1.0,1.002,-0.02,5330,14.51,14.118,5,,,,,,,,278.6,,,,,
2026-09-25T23:44:29.276,18.437,0,940.75,51,,97.531,32.549,-5.5,-0.781,1.0,1.006,-0.016,5360,14.51,14.118,5,,,,,,,,,1.275,,,,
2026-09-25T23:44:29.406,18.568,0,924.25,50,,97.531,33.333,-2.0,0.0,1.0,1.011,-0.008,5280,14.51,14.118,5,,,,,,,,,,,0.0,,
2026-09-25T23:44:29.536,18.697,0,933.0,50,,97.531,32.549,-3.5,0.0,1.0,1.005,-0.016,5360,14.51,14.51,5,,,,,,,,,,,,36.078,
2026-09-25T23:44:29.666,18.827,0,945.25,51,,97.531,32.941,-6.5,-0.781,1.0,1.002,-0.02,5520,14.51,14.118,5,,,,,,,,,,,,,48
2026-09-25T23:44:29.796,18.957,0,937.25,50,,97.531,32.549,-5.5,-0.781,1.0,0.997,-0.027,5570,14.51,14.51,5,64,,,,,,,,,,,,
2026-09-25T23:44:29.926,19.087,0,934.25,51,,97.531,33.333,-4.0,-0.781,1.0,0.992,-0.039,5500,14.51,13.333,5,,43,,,,,,,,,,,
2026-09-25T23:44:30.056,19.217,0,905.75,48,,97.562,29.804,0.5,-0.781,1.0,1.0,-0.02,5440,14.51,14.118,5,,,3.906,,,,,,,,,,
2026-09-25T23:44:30.186,19.347,0,912.75,47,,97.531,32.549,-9.0,-0.781,1.0,0.999,-0.023,5660,14.51,13.725,5,,,,13.906,,,,,,,,,
2026-09-25T23:44:30.316,19.477,0,911.0,47,,97.531,30.196,-5.5,-0.781,1.0,0.993,-0.039,6400,14.51,13.725,5,,,,,98,,,,,,,,
2026-09-25T23:44:30.446,19.607,0,913.0,43,,97.531,29.02,-5.5,-1.562,1.0,0.983,-0.062,7200,14.51,13.725,5,,,,,,20,,,,,,,
2026-09-25T23:44:30.576,19.737,0,911.25,42,,97.531,28.235,-4.0,-1.562,1.0,0.981,-0.07,7970,14.51,14.118,5,,,,,,,16.863,,,,,,
2026-09-25T23:44:30.706,19.867,0,902.25,42,,97.531,29.02,-4.5,-1.562,0.999,0.984,-0.059,8740,14.51,14.118,5,,,,,,,,282.5,,,,,
2026-09-25T23:44:30.836,19.997,0,888.5,43,,97.531,29.804,-4.0,-1.562,0.999,0.996,-0.031,9080,14.51,13.725,5,,,,,,,,,1.275,,,,
2026-09-25T23:44:30.966,20.127,0,890.75,43,,97.531,29.804,-4.5,-0.781,0.999,1.009,-0.012,9240,14.51,13.725,5,,,,,,,,,,,0.0,,
2026-09-25T23:44:31.097,20.258,0,891.75,43,,97.531,29.804,-5.0,-0.781,0.999,1.013,-0.008,8980,14.51,13.725,5,,,,,,,,,,,,31.765,
2026-09-25T23:44:31.226,20.387,0,885.75,43,,97.531,29.02,-4.5,-0.781,0.999,1.006,-0.016,8610,14.51,13.725,5,,,,,,,,,,,,,50
2026-09-25T23:44:31.366,20.527,0,879.0,43,,97.531,29.02,-4.0,-0.781,0.999,1.004,-0.016,8580,14.51,13.725,5,65,,,,,,,,,,,,
2026-09-25T23:44:31.496,20.657,0,877.0,43,,97.531,29.804,-5.5,-0.781,0.999,1.013,-0.008,8840,14.51,13.725,5,,43,,,,,,,,,,,
2026-09-25T23:44:31.626,20.787,0,874.25,43,,97.531,29.804,-5.0,0.0,0.999,1.015,-0.004,8630,14.51,13.725,5,,,4.688,,,,,,,,,,
2026-09-25T23:44:31.756,20.917,0,873.0,43,,97.531,29.02,-4.0,0.0,0.999,1.011,-0.008,8480,14.51,13.725,5,,,,13.847,,,,,,,,,
2026-09-25T23:44:31.887,21.048,0,866.5,43,,97.531,29.412,-5.0,0.0,0.999,1.012,-0.008,8640,14.51,13.725,5,,,,,98,,,,,,,,
2026-09-25T23:44:32.016,21.177,0,871.0,43,,97.531,30.196,-6.5,0.0,0.999,1.011,-0.008,8770,14.51,13.725,5,,,,,,20,,,,,,,
2026-09-25T23:44:32.146,21.307,0,863.25,43,,97.531,29.804,-6.0,0.0,0.999,1.005,-0.016,8490,14.51,13.333,5,,,,,,,16.863,,,,,,
2026-09-25T23:44:32.276,21.437,0,859.25,42,,97.531,29.02,-5.0,0.0,0.999,0.998,-0.023,8470,14.51,13.333,5,,,,,,,,284.0,,,,,
2026-09-25T23:44:32.406,21.567,0,853.25,43,,97.531,29.412,-5.5,0.0,0.999,0.998,-0.023,8720,14.51,13.333,5,,,,,,,,,1.275,,,,
2026-09-25T23:44:32.536,21.697,0,853.0,43,,97.531,29.804,-5.5,0.0,0.999,0.998,-0.023,8320,14.51,13.333,5,,,,,,,,,,,0.0,,
2026-09-25T23:44:32.666,21.827,0,846.75,43,,97.531,29.804,-5.5,0.0,0.999,0.996,-0.031,8060,14.51,13.725,5,,,,,,,,,,,,31.373,
2026-09-25T23:44:32.796,21.957,0,841.0,43,,97.531,29.412,-5.0,0.0,0.999,0.996,-0.027,8300,14.51,13.725,4,,,,,,,,,,,,,51
2026-09-25T23:44:32.926,22.087,0,833.0,44,,97.5,30.588,-4.0,0.0,0.999,1.003,-0.016,8800,14.51,13.725,5,65,,,,,,,,,,,,
2026-09-25T23:44:33.056,22.217,0,837.0,44,,97.531,30.588,-5.0,0.0,0.999,1.007,-0.012,8660,14.51,13.725,4,,43,,,,,,,,,,,
2026-09-25T23:44:33.186,22.347,0,842.5,44,,97.531,30.588,-5.5,0.0,0.999,1.006,-0.016,8530,14.51,13.725,4,,,4.688,,,,,,,,,,
2026-09-25T23:44:33.316,22.477,0,837.75,44,,97.531,30.588,-5.5,0.0,0.999,1.006,-0.016,8780,14.51,13.725,4,,,,13.769,,,,,,,,,
2026-09-25T23:44:33.447,22.608,0,838.0,44,,97.5,30.588,-5.5,0.0,0.999,1.005,-0.016,8920,14.51,13.725,4,,,,,98,,,,,,,,
2026-09-25T23:44:33.576,22.737,0,838.25,44,,97.531,30.588,-5.5,0.0,0.999,1.002,-0.02,8690,14.51,13.725,4,,,,,,20,,,,,,,
2026-09-25T23:44:33.706,22.867,0,832.75,44,,97.5,30.588,-4.5,0.0,0.999,1.0,-0.02,8540,14.51,13.725,4,,,,,,,16.863,,,,,,
2026-09-25T23:44:33.836,22.997,0,835.5,44,,97.5,30.588,-4.5,0.0,0.999,1.003,-0.016,8660,14.51,13.333,4,,,,,,,,285.6,,,,,
2026-09-25T23:44:33.966,23.127,0,840.5,44,,97.531,30.196,-5.5,0.0,0.999,1.006,-0.016,8840,14.51,13.725,4,,,,,,,,,1.275,,,,
2026-09-25T23:44:34.096,23.257,0,840.75,44,,97.531,30.588,-5.0,0.0,0.999,1.006,-0.016,8560,14.51,13.725,4,,,,,,,,,,,0.0,,
2026-09-25T23:44:34.226,23.387,0,831.5,44,,97.531,30.588,-4.0,0.0,0.999,1.005,-0.016,8380,14.51,13.725,4,,,,,,,,,,,,32.157,
2026-09-25T23:44:34.356,23.517,0,834.0,44,,97.531,30.588,-4.0,0.0,0.999,1.01,-0.012,8720,14.51,13.725,4,,,,,,,,,,,,,53
2026-09-25T23:44:34.487,23.648,0,839.0,44,,97.531,30.588,-5.5,0.0,0.999,1.015,-0.004,8940,14.51,13.725,5,66,,,,,,,,,,,,
2026-09-25T23:44:34.616,23.777,0,839.0,44,,97.5,30.98,-6.0,0.781,0.999,1.013,-0.008,8720,14.51,13.725,5,,43,,,,,,,,,,,
2026-09-25T23:44:34.746,23.907,0,839.25,44,,97.531,30.588,-5.5,0.781,0.999,1.013,-0.008,8720,14.51,13.725,5,,,3.906,,,,,,,,,,
2026-09-25T23:44:34.876,24.037,0,835.5,44,,97.531,30.588,-5.5,0.781,0.999,1.018,-0.004,8930,14.51,13.725,5,,,,13.847,,,,,,,,,
2026-09-25T23:44:35.006,24.167,0,845.0,44,,97.5,30.588,-6.0,0.781,0.999,1.015,-0.004,8950,14.51,13.725,5,,,,,98,,,,,,,,
2026-09-25T23:44:35.136,24.297,0,844.75,44,,97.5,30.588,-6.5,0.781,0.999,1.008,-0.012,8600,14.51,13.333,5,,,,,,20,,,,,,,
2026-09-25T23:44:35.266,24.427,0,844.25,44,,97.5,30.196,-5.5,0.781,0.999,1.003,-0.016,8550,14.51,13.725,5,,,,,,,16.863,,,,,,
2026-09-25T23:44:35.396,24.557,0,842.25,44,,97.531,30.196,-5.5,0.781,0.999,1.002,-0.02,8690,14.51,13.725,5,,,,,,,,287.1,,,,,
2026-09-25T23:44:35.526,24.687,0,838.75,44,,97.5,30.196,-5.0,0.781,0.999,1.006,-0.016,8560,14.51,13.725,5,,,,,,,,,1.275,,,,
2026-09-25T23:44:35.656,24.817,0,843.75,44,,97.5,30.196,-5.5,0.781,0.999,1.004,-0.016,8360,14.51,13.725,5,,,,,,,,,,,0.0,,
2026-09-25T23:44:35.786,24.947,0,845.5,44,,97.531,29.804,-6.0,0.781,0.999,1.005,-0.016,8480,14.51,13.725,5,,,,,,,,,,,,32.549,
2026-09-25T23:44:35.916,25.077,0,845.75,44,,97.5,30.98,-7.0,0.781,0.999,1.005,-0.016,8980,14.51,13.725,5,,,,,,,,,,,,,54
2026-09-25T23:44:36.046,25.207,0,851.0,44,,97.531,30.588,-7.5,0.781,0.999,0.999,-0.023,8850,14.51,13.333,5,66,,,,,,,,,,,,
2026-09-25T23:44:36.176,25.337,0,848.75,43,,97.531,29.804,-6.0,0.781,0.999,0.996,-0.027,8560,14.51,13.725,5,,43,,,,,,,,,,,
2026-09-25T23:44:36.306,25.467,0,844.5,43,,97.531,30.196,-7.5,0.781,0.999,0.996,-0.031,8660,14.51,13.333,5,,,3.906,,,,,,,,,,
2026-09-25T23:44:36.446,25.607,0,842.25,44,,97.531,29.804,-6.5,0.781,0.999,0.998,-0.023,8780,14.51,13.333,6,,,,13.808,,,,,,,,,
2026-09-25T23:44:36.576,25.737,0,841.75,43,,97.531,29.804,-5.5,0.781,0.999,0.999,-0.023,8320,14.51,13.333,6,,,,,98,,,,,,,,
2026-09-25T23:44:36.706,25.867,0,839.0,43,,97.531,29.412,-4.0,0.781,0.999,0.998,-0.023,8050,14.51,13.725,6,,,,,,20,,,,,,,
2026-09-25T23:44:36.836,25.997,0,842.75,44,,97.469,30.196,-7.0,0.781,0.999,0.999,-0.023,8450,14.51,13.333,6,,,,,,,16.863,,,,,,
2026-09-25T23:44:36.966,26.127,0,840.25,44,,97.469,30.196,-7.0,1.562,0.999,1.009,-0.012,8630,14.51,13.333,5,,,,,,,,288.4,,,,,
2026-09-25T23:44:37.096,26.257,0,832.75,43,,97.531,29.02,-5.5,1.562,0.999,1.004,-0.016,8220,14.51,13.333,5,,,,,,,,,1.275,,,,
2026-09-25T23:44:37.226,26.387,0,828.75,42,,97.5,29.02,-7.0,0.781,0.999,0.996,-0.031,7920,14.51,13.333,5,,,,,,,,,,,0.0,,
2026-09-25T23:44:37.356,26.517,0,811.75,42,,97.5,29.412,-7.5,0.781,0.999,0.996,-0.027,8010,14.51,13.333,5,,,,,,,,,,,,30.588,
2026-09-25T23:44:37.486,26.647,0,798.75,43,,97.531,29.412,-7.0,0.781,0.999,0.999,-0.023,8080,14.51,13.333,5,,,,,,,,,,,,,56
2026-09-25T23:44:37.616,26.777,0,788.75,43,,97.531,30.196,-6.0,1.562,0.999,1.007,-0.012,7850,14.51,13.333,5,67,,,,,,,,,,,,
2026-09-25T23:44:37.746,26.907,0,785.5,43,,97.531,29.804,-5.0,1.562,0.999,1.01,-0.012,7940,14.51,13.333,4,,43,,,,,,,,,,,
2026-09-25T23:44:37.877,27.038,0,792.5,44,,97.531,30.196,-6.0,1.562,0.999,1.013,-0.008,8430,14.51,13.333,4,,,4.688,,,,,,,,,,
2026-09-25T23:44:38.006,27.167,0,790.0,44,,97.469,30.588,-6.0,1.562,0.999,1.012,-0.008,8430,14.51,13.333,4,,,,13.847,,,,,,,,,
2026-09-25T23:44:38.136,27.297,0,792.0,44,,97.531,30.588,-7.0,1.562,0.999,1.008,-0.012,8280,14.51,13.333,4,,,,,98,,,,,,,,
2026-09-25T23:44:38.266,27.427,0,789.5,44,,97.469,30.196,-5.5,1.562,0.999,1.005,-0.016,8410,14.51,13.333,3,,,,,,20,,,,,,,
2026-09-25T23:44:38.396,27.557,0,784.25,44,,97.531,30.588,-2.0,1.562,0.999,1.005,-0.016,8540,14.51,14.118,3,,,,,,,16.863,,,,,,
2026-09-25T23:44:38.526,27.687,0,803.5,47,,97.219,37.647,-3.5,1.562,0.999,1.007,-0.012,8700,14.51,13.725,3,,,,,,,,289.4,,,,,
2026-09-25T23:44:38.657,27.818,0,839.75,50,,97.438,34.118,-10.0,2.344,0.999,1.007,-0.012,8900,14.51,13.333,3,,,,,,,,,1.275,,,,
2026-09-25T23:44:38.786,27.947,0,864.0,47,,97.375,32.941,-10.0,1.562,0.999,0.999,-0.023,9480,14.51,13.725,3,,,,,,,,,,,0.0,,
2026-09-25T23:44:38.916,28.077,0,866.5,45,,97.375,31.373,-7.0,0.781,1.0,0.98,-0.07,9640,14.51,14.118,3,,,,,,,,,,,,34.118,
2026-09-25T23:44:39.046,28.207,0,868.5,46,,97.438,32.157,-8.0,0.781,1.0,0.981,-0.066,9880,14.51,13.725,3,,,,,,,,,,,,,57
2026-09-25T23:44:39.177,28.338,0,871.5,46,,97.5,30.98,-8.0,0.781,1.0,0.99,-0.043,9830,14.51,13.725,3,67,,,,,,,,,,,,
2026-09-25T23:44:39.306,28.467,0,862.25,45,,97.531,30.98,-8.0,0.781,1.0,0.996,-0.031,9520,14.51,13.725,4,,43,,,,,,,,,,,
2026-09-25T23:44:39.436,28.597,0,854.5,45,,97.531,30.98,-8.0,0.781,1.0,0.994,-0.035,9080,14.51,13.333,4,,,3.906,,,,,,,,,,
2026-09-25T23:44:39.566,28.727,0,852.0,44,,97.531,30.588,-8.5,0.781,1.0,0.991,-0.043,8680,14.51,13.333,4,,,,13.808,,,,,,,,,
2026-09-25T23:44:39.696,28.857,0,843.5,44,,97.531,29.804,-6.0,0.781,0.999,0.993,-0.039,8490,14.51,13.333,4,,,,,98,,,,,,,,
2026-09-25T23:44:39.826,28.987,0,839.75,43,,97.531,29.804,-5.5,0.781,0.999,0.997,-0.027,8480,14.51,13.333,5,,,,,,20,,,,,,,
2026-09-25T23:44:39.966,29.127,0,845.25,43,,97.531,29.804,-6.0,0.781,0.999,0.999,-0.02,8270,14.51,13.333,5,,,,,,,16.863,,,,,,
2026-09-25T23:44:40.097,29.258,0,841.25,43,,97.531,29.804,-5.0,0.781,0.999,0.999,-0.023,8040,14.51,13.725,5,,,,,,,,290.3,,,,,
2026-09-25T23:44:40.226,29.387,0,838.75,43,,97.531,30.196,-5.5,0.781,0.999,0.997,-0.027,8190,14.51,13.725,5,,,,,,,,,1.275,,,,
2026-09-25T23:44:40.356,29.517,0,844.75,44,,97.531,29.804,-6.0,0.781,0.999,0.998,-0.023,8540,14.51,13.725,5,,,,,,,,,,,0.0,,
2026-09-25T23:44:40.487,29.648,0,848.25,44,,97.531,30.196,-7.0,0.781,0.999,0.998,-0.023,8610,14.51,13.725,5,,,,,,,,,,,,32.157,
2026-09-25T23:44:40.616,29.777,0,846.25,44,,97.5,30.588,-7.0,0.781,0.999,0.996,-0.031,8520,14.51,13.725,5,,,,,,,,,,,,,59
2026-09-25T23:44:40.746,29.907,0,848.75,44,,97.5,30.196,-7.0,0.781,0.999,0.996,-0.031,8500,14.51,13.725,5,67,,,,,,,,,,,,
2026-09-25T23:44:40.877,30.038,0,844.5,44,,97.531,30.196,-6.5,0.781,0.999,0.997,-0.027,8760,14.51,13.725,5,,43,,,,,,,,,,,
2026-09-25T23:44:41.006,30.167,0,848.5,44,,97.531,30.588,-7.0,0.781,0.999,0.998,-0.023,8800,14.51,13.725,5,,,3.906,,,,,,,,,,
2026-09-25T23:44:41.136,30.297,0,842.75,44,,97.531,30.588,-6.0,0.781,0.999,0.996,-0.027,8560,14.51,13.725,5,,,,13.789,,,,,,,,,
2026-09-25T23:44:41.266,30.427,0,841.25,44,,97.531,30.196,-6.5,0.781,0.999,0.998,-0.027,8600,14.51,13.725,5,,,,,98,,,,,,,,
2026-09-25T23:44:41.396,30.557,0,846.75,44,,97.531,30.196,-7.0,0.781,0.999,1.002,-0.02,8770,14.51,13.725,5,,,,,,20,,,,,,,
2026-09-25T23:44:41.546,30.707,0,846.0,44,,97.531,30.196,-7.0,0.781,0.999,0.999,-0.023,8600,14.51,13.725,5,,,,,,,16.863,,,,,,
2026-09-25T23:44:41.676,30.837,0,850.0,44,,97.531,30.196,-7.0,0.781,0.999,0.999,-0.023,8450,14.51,13.725,5,,,,,,,,291.0,,,,,
2026-09-25T23:44:41.806,30.967,0,849.0,44,,97.531,30.196,-7.5,0.781,0.999,0.999,-0.023,8850,14.51,13.725,5,,,,,,,,,1.275,,,,
2026-09-25T23:44:41.937,31.098,0,853.75,44,,97.531,30.98,-8.5,0.781,0.999,0.996,-0.031,9010,14.51,13.333,5,,,,,,,,,,,0.0,,
2026-09-25T23:44:42.066,31.227,0,858.5,44,,97.531,29.804,-7.5,0.781,0.999,0.989,-0.047,8660,14.51,13.725,5,,,,,,,,,,,,31.765,
2026-09-25T23:44:42.196,31.357,0,850.25,43,,97.531,29.804,-7.0,0.0,0.999,0.986,-0.055,8490,14.51,13.333,5,,,,,,,,,,,,,61
2026-09-25T23:44:42.327,31.488,0,842.5,44,,97.531,30.196,-7.0,0.0,0.999,0.987,-0.051,8770,14.51,13.333,5,68,,,,,,,,,,,,
2026-09-25T23:44:42.466,31.627,0,847.0,43,,97.531,29.804,-7.0,0.781,0.999,0.992,-0.039,8800,14.51,13.333,5,,43,,,,,,,,,,,
2026-09-25T23:44:42.596,31.757,0,850.75,43,,97.531,30.196,-7.0,0.781,0.999,0.991,-0.043,8460,14.51,13.333,5,,,3.906,,,,,,,,,,
2026-09-25T23:44:42.726,31.887,0,848.25,43,,97.531,29.804,-7.5,0.0,0.999,0.988,-0.051,8330,14.51,13.333,5,,,,13.789,,,,,,,,,
2026-09-25T23:44:42.857,32.018,0,848.25,43,,97.531,29.412,-7.0,0.0,0.999,0.989,-0.051,8500,14.51,13.333,5,,,,,98,,,,,,,,
2026-09-25T23:44:42.996,32.157,0,847.0,43,,97.531,29.804,-7.0,0.0,0.999,0.992,-0.039,8510,14.51,13.333,5,,,,,,20,,,,,,,
2026-09-25T23:44:43.126,32.287,0,842.75,43,,97.531,29.804,-4.5,0.0,0.999,0.989,-0.047,8340,14.51,13.725,4,,,,,,,16.863,,,,,,
2026-09-25T23:44:43.256,32.417,0,849.5,44,,97.531,31.765,-5.5,0.0,0.999,0.986,-0.055,8410,14.51,13.725,4,,,,,,,,291.5,,,,,
2026-09-25T23:44:43.386,32.547,0,869.5,45,,97.5,31.373,-7.0,0.0,0.999,0.988,-0.051,9160,14.51,13.725,4,,,,,,,,,1.275,,,,
2026-09-25T23:44:43.517,32.678,0,880.5,46,,97.531,30.98,-8.5,0.0,0.999,0.985,-0.059,9560,14.51,13.333,4,,,,,,,,,,,0.0,,
2026-09-25T23:44:43.646,32.807,0,890.0,45,,97.531,30.98,-8.0,0.0,1.0,0.982,-0.066,9400,14.51,13.333,4,,,,,,,,,,,,32.941,
2026-09-25T23:44:43.776,32.937,0,891.5,45,,97.531,30.588,-6.0,0.0,1.0,0.98,-0.07,9270,14.51,13.725,4,,,,,,,,,,,,,62
2026-09-25T23:44:43.906,33.067,0,894.25,45,,97.531,31.373,-7.0,-0.781,1.0,0.983,-0.062,9460,14.51,13.725,4,68,,,,,,,,,,,,
2026-09-25T23:44:44.036,33.198,0,900.0,46,,97.531,31.373,-11.0,-0.781,0.999,0.985,-0.059,9560,14.51,12.941,4,,43,,,,,,,,,,,
2026-09-25T23:44:44.166,33.327,0,886.5,44,,97.531,29.804,-8.5,-0.781,1.0,0.983,-0.062,9080,14.51,13.725,4,,,4.688,,,,,,,,,,
2026-09-25T23:44:44.296,33.457,0,853.5,42,,97.531,29.02,-6.5,-0.781,1.0,0.979,-0.074,8830,14.51,13.725,4,,,,13.886,,,,,,,,,
2026-09-25T23:44:44.426,33.587,0,845.0,46,,97.531,31.765,-7.0,-0.781,0.999,0.981,-0.066,9130,14.51,13.333,3,,,,,98,,,,,,,,
2026-09-25T23:44:44.556,33.717,0,846.25,45,,97.531,31.373,-8.0,-0.781,0.999,0.987,-0.051,9040,14.51,13.333,3,,,,,,20,,,,,,,
2026-09-25T23:44:44.686,33.847,0,848.25,46,,97.531,31.373,-7.0,-0.781,0.999,0.987,-0.055,8870,14.51,13.333,3,,,,,,,16.863,,,,,,
2026-09-25T23:44:44.816,33.977,0,846.75,45,,97.531,30.588,-6.5,-1.562,0.999,0.983,-0.062,8780,14.51,13.333,3,,,,,,,,292.0,,,,,
2026-09-25T23:44:44.946,34.107,0,846.25,45,,97.531,30.98,-6.0,-1.562,0.999,0.983,-0.062,8910,14.51,13.333,3,,,,,,,,,0.82,,,,
2026-09-25T23:44:45.077,34.238,0,852.5,46,,97.531,31.765,-8.0,-1.562,0.999,0.981,-0.07,9050,14.51,13.333,2,,,,,,,,,,,0.0,,
2026-09-25T23:44:45.206,34.367,0,852.5,46,,97.531,31.765,-7.0,-2.344,0.999,0.978,-0.078,9020,14.51,13.333,2,,,,,,,,,,,,33.725,
2026-09-25T23:44:45.336,34.497,0,855.25,46,,97.531,31.373,-7.0,-2.344,0.999,0.97,-0.098,9120,14.51,13.333,2,,,,,,,,,,,,,64
2026-09-25T23:44:45.466,34.627,0,854.5,46,,97.531,31.373,-7.5,-3.125,1.0,0.964,-0.109,9330,14.51,13.333,2,69,,,,,,,,,,,,
2026-09-25T23:44:45.596,34.757,0,855.5,46,,97.531,31.373,-8.5,-3.906,1.0,0.958,-0.121,9330,14.51,12.941,2,,43,,,,,,,,,,,
2026-09-25T23:44:45.726,34.887,0,843.25,44,,97.531,30.196,-8.5,-4.688,1.0,0.948,-0.145,8890,14.51,12.941,1,,,4.688,,,,,,,,,,
2026-09-25T23:44:45.856,35.017,0,828.25,44,,97.531,29.804,-6.0,-5.469,0.999,0.94,-0.164,8630,14.51,12.941,1,,,,13.789,,,,,,,,,
2026-09-25T23:44:45.986,35.147,0,817.25,44,,97.531,29.804,-7.0,-6.25,0.999,0.933,-0.18,8510,14.51,12.941,1,,,,,98,,,,,,,,
2026-09-25T23:44:46.116,35.277,0,806.25,44,,97.531,30.196,-6.0,-7.031,0.999,0.927,-0.195,8250,14.51,12.549,1,,,,,,20,,,,,,,
2026-09-25T23:44:46.246,35.407,0,793.0,43,,97.531,30.196,-5.5,-8.594,0.999,0.921,-0.211,7770,14.51,12.549,0,,,,,,,16.863,,,,,,
2026-09-25T23:44:46.376,35.537,0,783.25,43,,97.531,29.804,-5.0,-9.375,0.999,0.92,-0.211,7690,14.51,12.941,0,,,,,,,,292.4,,,,,
2026-09-25T23:44:46.506,35.667,0,779.75,44,,97.531,31.765,-5.5,-10.156,0.999,0.921,-0.211,8070,14.51,12.941,0,,,,,,,,,0.87,,,,
2026-09-25T23:44:46.646,35.807,0,779.75,45,,97.531,30.98,-5.5,-10.156,0.999,0.925,-0.199,8360,14.51,12.941,0,,,,,,,,,,,0.0,,
2026-09-25T23:44:46.776,35.937,0,782.25,45,,97.531,30.98,-7.5,-10.938,0.999,0.921,-0.207,8290,14.51,12.157,0,,,,,,,,,,,,29.412,
2026-09-25T23:44:46.906,36.067,0,792.75,44,,97.531,26.667,-7.0,-12.5,0.999,0.915,-0.223,8200,14.51,11.765,0,,,,,,,,,,,,,65
2026-09-25T23:44:47.036,36.197,0,802.75,39,,97.531,25.882,-6.0,-12.5,0.999,0.913,-0.227,8240,14.51,13.725,0,69,,,,,,,,,,,,
2026-09-25T23:44:47.166,36.327,0,801.0,39,,97.312,29.02,-7.0,-13.281,0.999,0.917,-0.219,8050,14.51,12.941,0,,43,,,,,,,,,,,
2026-09-25T23:44:47.297,36.458,0,793.25,44,,97.531,30.588,-5.5,-14.062,0.999,0.914,-0.227,7810,14.51,13.333,0,,,4.688,,,,,,,,,,
2026-09-25T23:44:47.426,36.587,0,808.5,46,,97.469,32.549,-1.0,-14.844,0.999,0.932,-0.184,8030,14.51,14.902,0,,,,13.789,,,,,,,,,
2026-09-25T23:44:47.556,36.717,0,838.25,50,,97.219,38.039,-4.0,-14.062,0.999,0.957,-0.125,8910,14.51,14.118,0,,,,,98,,,,,,,,
2026-09-25T23:44:47.686,36.847,0,891.25,55,,97.344,38.431,-9.0,-13.281,0.999,0.986,-0.055,9570,14.51,13.725,0,,,,,,20,,,,,,,
2026-09-25T23:44:47.816,36.977,0,885.75,53,,97.438,36.471,-4.5,-12.5,1.0,0.997,-0.027,9870,14.51,14.118,0,,,,,,,16.863,,,,,,
2026-09-25T23:44:47.956,37.117,0,814.5,55,,97.5,39.216,7.0,-11.719,1.0,1.021,0.0,10520,14.51,16.078,0,,,,,,,,292.9,,,,,
2026-09-25T23:44:48.086,37.247,0,742.25,59,,97.219,47.843,2.0,-10.938,1.001,1.034,0.016,11400,14.51,16.078,0,,,,,,,,,0.83,,,,
2026-09-25T23:44:48.216,37.377,0,703.25,69,,97.25,57.647,-1.0,-10.156,1.001,1.05,0.035,12130,15.294,16.078,0,,,,,,,,,,,0.0,,
2026-09-25T23:44:48.346,37.507,0,777.25,77,,97.312,57.255,-7.0,-9.375,1.001,1.042,0.023,12300,17.255,14.51,1,,,,,,,,,,,,51.373,
2026-09-25T23:44:48.476,37.637,0,836.25,73,,97.531,49.02,-6.5,-9.375,1.001,1.038,0.02,12640,21.569,14.902,1,,,,,,,,,,,,,67
2026-09-25T23:44:48.607,37.768,0,874.25,66,,97.625,47.059,0.5,-8.594,1.001,1.056,0.039,13340,22.353,15.294,1,69,,,,,,,,,,,,
2026-09-25T23:44:48.736,37.897,0,905.5,63,,97.594,45.098,-1.0,-7.812,1.001,1.056,0.039,14400,22.353,15.294,2,,43,,,,,,,,,,,
2026-09-25T23:44:48.866,38.027,0,897.75,62,,97.625,44.706,0.5,-7.812,1.001,1.042,0.023,15130,22.745,14.902,2,,,3.125,,,,,,,,,,
2026-09-25T23:44:48.996,38.157,0,892.0,63,,97.844,45.098,-0.5,-7.031,1.001,1.038,0.02,15540,22.745,14.902,2,,,,13.984,,,,,,,,,
2026-09-25T23:44:49.126,38.287,0,891.5,62,,97.875,43.922,-0.5,-7.031,1.001,1.037,0.02,15280,23.529,14.902,3,,,,,98,,,,,,,,
2026-09-25T23:44:49.256,38.417,0,892.5,61,,97.875,43.529,0.0,-6.25,1.001,1.046,0.031,14900,23.922,15.294,3,,,,,,20,,,,,,,
2026-09-25T23:44:49.386,38.547,0,906.5,61,,97.875,43.529,-2.5,-5.469,1.001,1.06,0.047,14980,24.314,14.902,3,,,,,,,16.863,,,,,,
2026-09-25T23:44:49.516,38.677,0,945.5,61,,97.875,40.784,0.0,-4.688,1.001,1.05,0.035,15100,24.706,14.902,4,,,,,,,,292.8,,,,,
2026-09-25T23:44:49.646,38.807,0,997.5,58,,97.875,40.0,-1.5,-4.688,1.001,1.032,0.012,14780,25.098,14.902,4,,,,,,,,,0.195,,,,
2026-09-25T23:44:49.776,38.937,0,1039.25,57,,97.875,38.431,-0.5,-4.688,1.001,1.021,0.0,14010,25.882,14.902,4,,,,,,,,,,,0.0,,
2026-09-25T23:44:49.907,39.068,0,1079.75,55,,97.906,32.941,2.5,-4.688,1.001,1.027,0.008,13480,26.275,15.294,5,,,,,,,,,,,,40.392,
2026-09-25T23:44:50.036,39.197,0,1091.75,53,,98.031,32.941,8.0,-3.906,1.0,1.029,0.012,13290,26.667,15.294,5,,,,,,,,,,,,,68
2026-09-25T23:44:50.166,39.328,0,1058.25,53,,97.906,33.725,8.0,-3.906,1.0,1.023,0.004,12700,27.059,15.294,5,69,,,,,,,,,,,,
2026-09-25T23:44:50.297,39.458,0,1021.0,55,,97.875,36.863,6.0,-3.906,1.0,1.018,-0.004,12410,27.451,15.686,6,,43,,,,,,,,,,,
2026-09-25T23:44:50.426,39.587,0,1032.0,59,,97.906,39.216,2.0,-3.906,1.0,1.014,-0.008,13410,27.843,15.686,6,,,3.125,,,,,,,,,,
2026-09-25T23:44:50.556,39.717,0,1062.5,58,,97.875,38.039,4.0,-4.688,1.0,0.995,-0.031,13680,28.235,15.686,6,,,,13.808,,,,,,,,,
2026-09-25T23:44:50.687,39.848,0,1090.75,58,,97.875,36.471,6.5,-4.688,1.0,0.995,-0.031,13260,28.235,15.294,7,,,,,98,,,,,,,,
2026-09-25T23:44:50.816,39.977,0,1107.25,58,,98.031,34.51,8.0,-3.906,1.0,1.016,-0.004,13450,28.627,15.686,7,,,,,,20,,,,,,,
2026-09-25T23:44:50.946,40.107,0,1099.75,57,,97.969,34.51,9.5,-3.125,1.0,1.023,0.004,13420,28.627,15.686,8,,,,,,,16.863,,,,,,
2026-09-25T23:44:51.076,40.237,0,1110.0,59,,97.938,35.686,9.5,-3.125,1.0,1.012,-0.008,13240,28.627,16.078,8,,,,,,,,292.4,,,,,
2026-09-25T23:44:51.206,40.367,0,1127.25,59,,98.0,34.51,10.0,-3.906,1.0,0.998,-0.023,13080,29.412,16.078,8,,,,,,,,,0.255,,,,
2026-09-25T23:44:51.337,40.498,0,1151.5,60,,98.094,34.118,10.5,-3.906,1.0,1.0,-0.02,13770,29.804,16.471,9,,,,,,,,,,,0.0,,
2026-09-25T23:44:51.466,40.627,0,1176.25,62,,97.969,34.902,11.0,-4.688,1.0,0.983,-0.062,14120,29.804,16.863,9,,,,,,,,,,,,46.275,
2026-09-25T23:44:51.597,40.758,0,1213.25,64,,97.969,34.118,12.0,-5.469,1.0,0.981,-0.066,14120,30.196,17.255,10,,,,,,,,,,,,,70
2026-09-25T23:44:51.736,40.897,0,1237.25,65,,98.062,33.333,12.5,-4.688,1.0,0.993,-0.035,14590,30.588,18.039,10,70,,,,,,,,,,,,
2026-09-25T23:44:51.866,41.028,0,1284.0,67,,98.125,32.549,12.5,-4.688,1.0,0.987,-0.051,14850,30.98,19.216,11,,43,,,,,,,,,,,
2026-09-25T23:44:51.997,41.158,0,1350.0,73,,98.094,33.725,12.5,-5.469,1.0,0.992,-0.039,14910,31.373,20.392,11,,,1.562,,,,,,,,,,
2026-09-25T23:44:52.126,41.287,0,1413.75,79,,98.125,32.941,13.0,-3.906,1.0,1.034,0.016,15500,31.373,21.176,12,,,,13.808,,,,,,,,,
2026-09-25T23:44:52.256,41.417,0,1441.25,81,,98.375,32.549,13.0,-2.344,1.0,1.047,0.031,15770,31.765,23.922,12,,,,,98,,,,,,,,
2026-09-25T23:44:52.386,41.547,0,1521.5,85,,98.375,31.765,12.5,-0.781,1.0,1.074,0.062,15400,31.765,24.314,13,,,,,,20,,,,,,,
2026-09-25T23:44:52.516,41.678,0,1549.75,87,,99.219,29.412,12.5,0.781,1.0,1.09,0.078,15500,32.157,24.706,13,,,,,,,16.863,,,,,,
2026-09-25T23:44:52.646,41.807,0,1464.75,88,,99.562,30.588,-9.0,2.344,1.0,1.088,0.074,16140,32.549,23.529,14,,,,,,,,292.0,,,,,
2026-09-25T23:44:52.776,41.937,0,1257.25,91,,100.562,39.608,-2.5,3.125,1.0,1.072,0.059,16380,32.549,21.961,14,,,,,,,,,0.15,,,,
2026-09-25T23:44:52.906,42.067,0,1222.75,90,,101.312,44.706,0.5,3.125,1.0,1.045,0.027,16140,32.549,21.176,15,,,,,,,,,,,0.0,,
2026-09-25T23:44:53.036,42.197,0,1209.25,87,,102.031,44.706,4.0,3.125,1.0,1.039,0.02,15980,32.549,21.176,16,,,,,,,,,,,,62.745,
2026-09-25T23:44:53.166,42.327,0,1207.25,87,,102.094,45.49,5.5,3.906,1.0,1.033,0.016,15990,32.549,20.784,16,,,,,,,,,,,,,72
2026-09-25T23:44:53.296,42.457,0,1206.75,87,,102.25,45.49,7.5,3.906,1.0,1.028,0.008,16100,32.549,21.569,17,70,,,,,,,,,,,,
2026-09-25T23:44:53.426,42.587,0,1248.25,87,,102.344,44.314,6.5,3.906,1.0,1.025,0.004,16190,32.941,22.353,17,,42,,,,,,,,,,,
2026-09-25T23:44:53.557,42.718,0,1296.75,88,,102.438,43.137,7.0,4.688,1.0,1.022,0.004,16100,32.941,22.745,18,,,1.562,,,,,,,,,,
2026-09-25T23:44:53.686,42.847,0,1337.75,89,,102.625,41.961,7.0,4.688,1.0,1.021,0.0,15840,32.941,22.745,18,,,,13.925,,,,,,,,,
2026-09-25T23:44:53.817,42.978,0,1375.75,90,,103.0,39.608,8.0,5.469,1.0,1.039,0.02,15910,32.941,23.137,19,,,,,98,,,,,,,,
2026-09-25T23:44:53.946,43.107,0,1421.25,89,,103.031,38.039,9.5,6.25,1.0,1.041,0.023,16210,32.941,23.529,20,,,,,,20,,,,,,,
2026-09-25T23:44:54.076,43.237,0,1459.5,90,,103.281,36.078,11.0,7.812,1.0,1.049,0.031,15920,32.941,24.706,20,,,,,,,16.863,,,,,,
2026-09-25T23:44:54.206,43.367,0,1507.0,90,,103.406,34.51,10.5,8.594,1.0,1.057,0.043,15870,32.941,24.314,21,,,,,,,,293.3,,,,,
2026-09-25T23:44:54.336,43.497,0,1552.0,91,,103.938,32.549,10.5,9.375,1.0,1.051,0.035,16060,32.941,24.706,21,,,,,,,,,0.155,,,,
2026-09-25T23:44:54.466,43.627,0,1597.75,91,,104.188,30.196,11.5,9.375,1.0,1.032,0.012,16040,32.941,24.706,22,,,,,,,,,,,0.0,,
2026-09-25T23:44:54.597,43.758,0,1641.75,92,,104.562,29.412,12.5,10.156,1.0,1.027,0.008,15580,32.941,23.922,23,,,,,,,,,,,,61.569,
2026-09-25T23:44:54.726,43.887,0,1684.5,90,,105.5,28.235,11.0,10.156,1.0,1.021,0.0,15970,32.941,24.314,23,,,,,,,,,,,,,73
2026-09-25T23:44:54.857,44.018,0,1726.75,90,,105.812,28.235,12.5,10.156,1.0,0.999,-0.023,16100,32.941,24.706,24,70,,,,,,,,,,,,
2026-09-25T23:44:54.986,44.147,0,1773.75,91,,106.312,27.843,12.5,9.375,1.0,0.996,-0.031,15860,32.549,23.922,24,,41,,,,,,,,,,,
2026-09-25T23:44:55.117,44.278,0,1806.5,91,,107.5,26.667,12.5,9.375,1.0,0.996,-0.031,15650,32.549,23.922,25,,,1.562,,,,,,,,,,
2026-09-25T23:44:55.246,44.407,0,1841.0,90,,107.844,27.059,13.0,9.375,1.0,0.992,-0.039,15750,32.549,23.529,25,,,,13.847,,,,,,,,,
2026-09-25T23:44:55.376,44.537,0,1865.0,89,,108.375,27.059,13.5,8.594,0.999,0.989,-0.047,15820,32.549,23.529,26,,,,,98,,,,,,,,
2026-09-25T23:44:55.506,44.668,0,1910.0,89,,108.812,27.059,14.0,8.594,1.0,0.993,-0.039,15900,32.549,23.922,26,,,,,,20,,,,,,,
2026-09-25T23:44:55.637,44.798,0,1906.0,90,,109.5,27.059,14.0,8.594,1.0,0.995,-0.031,15970,32.549,23.922,26,,,,,,,16.863,,,,,,
2026-09-25T23:44:55.766,44.927,0,1658.25,92,,109.812,26.667,-6.0,8.594,0.999,0.996,-0.027,16090,32.941,22.353,27,,,,,,,,296.9,,,,,
2026-09-25T23:44:55.896,45.057,0,1522.25,92,,111.375,29.412,0.0,10.938,1.0,1.059,0.043,16020,32.941,21.961,27,,,,,,,,,0.275,,,,
2026-09-25T23:44:56.026,45.188,0,1476.0,91,,110.75,35.294,1.0,12.5,1.0,1.039,0.023,16270,32.941,22.353,28,,,,,,,,,,,0.0,,
2026-09-25T23:44:56.156,45.317,0,1452.75,92,,110.156,36.471,4.0,11.719,1.0,1.018,-0.004,16570,32.941,21.961,28,,,,,,,,,,,,65.882,
2026-09-25T23:44:56.286,45.447,0,1414.25,93,,109.812,38.431,7.0,11.719,1.0,1.006,-0.016,16260,32.941,21.961,28,,,,,,,,,,,,,75
2026-09-25T23:44:56.416,45.577,0,1377.0,92,,109.125,40.392,5.0,12.5,1.0,1.021,0.0,16010,32.941,21.176,29,71,,,,,,,,,,,,
2026-09-25T23:44:56.547,45.708,0,1352.0,90,,108.719,40.784,6.0,11.719,1.0,1.005,-0.016,16200,33.333,21.961,29,,40,,,,,,,,,,,
2026-09-25T23:44:56.677,45.838,0,1353.75,91,,108.281,42.745,7.5,10.938,1.0,0.979,-0.074,16610,33.333,22.745,30,,,1.562,,,,,,,,,,
2026-09-25T23:44:56.836,45.997,0,1380.75,93,,107.5,42.353,10.0,10.156,1.0,0.985,-0.059,16320,33.333,22.745,30,,,,13.808,,,,,,,,,
2026-09-25T23:44:56.966,46.128,0,1397.5,92,,107.281,41.569,9.5,10.938,1.0,0.999,-0.02,16180,34.118,23.529,30,,,,,98,,,,,,,,
2026-09-25T23:44:57.096,46.257,0,1416.0,93,,107.094,41.961,9.5,10.938,1.0,1.0,-0.02,16690,34.118,24.706,31,,,,,,20,,,,,,,
2026-09-25T23:44:57.227,46.388,0,1438.25,95,,106.906,40.784,9.5,10.156,1.0,0.992,-0.039,16600,34.118,24.706,31,,,,,,,16.078,,,,,,
2026-09-25T23:44:57.356,46.517,0,1455.5,95,,106.938,40.784,9.0,10.938,1.0,1.01,-0.012,16450,34.118,24.706,31,,,,,,,,302.6,,,,,
2026-09-25T23:44:57.486,46.647,0,1471.5,95,,107.125,39.608,9.0,11.719,1.0,1.013,-0.008,16730,34.118,25.49,32,,,,,,,,,0.42,,,,
2026-09-25T23:44:57.616,46.777,0,1494.0,96,,107.281,38.431,9.0,10.938,1.0,1.002,-0.02,16820,34.118,26.275,32,,,,,,,,,,,0.0,,
2026-09-25T23:44:57.746,46.907,0,1514.0,97,,107.469,38.431,8.5,11.719,1.0,1.013,-0.008,16590,34.118,25.49,33,,,,,,,,,,,,72.157,
2026-09-25T23:44:57.877,47.038,0,1532.25,97,,107.875,37.647,8.5,11.719,1.0,1.007,-0.012,16530,34.118,25.49,33,,,,,,,,,,,,,76
2026-09-25T23:44:58.006,47.167,0,1543.25,96,,108.281,36.471,8.5,11.719,1.0,0.994,-0.035,16730,34.118,25.098,33,71,,,,,,,,,,,,
2026-09-25T23:44:58.137,47.298,0,1560.5,96,,108.625,35.686,9.0,10.938,1.0,0.988,-0.051,16720,34.118,25.49,34,,40,,,,,,,,,,,
2026-09-25T23:44:58.267,47.428,0,1580.0,96,,108.906,34.902,9.0,10.938,1.0,0.996,-0.031,16660,34.118,25.098,34,,,0.781,,,,,,,,,,
2026-09-25T23:44:58.397,47.558,0,1597.75,96,,109.188,33.333,9.0,10.938,1.0,1.005,-0.016,16460,34.118,25.098,35,,,,13.925,,,,,,,,,
2026-09-25T23:44:58.527,47.688,0,1618.25,96,,109.625,33.725,9.0,10.938,1.0,0.99,-0.047,16460,34.118,24.706,35,,,,,98,,,,,,,,
2026-09-25T23:44:58.656,47.817,0,1636.5,95,,110.031,32.549,9.5,10.156,1.0,0.986,-0.055,16490,34.118,25.098,36,,,,,,20,,,,,,,
2026-09-25T23:44:58.786,47.948,0,1659.75,96,,110.125,32.941,9.5,10.156,1.0,0.984,-0.059,16590,34.118,24.706,36,,,,,,,16.078,,,,,,
2026-09-25T23:44:58.916,48.077,0,1682.0,95,,110.625,32.157,9.5,9.375,1.0,0.981,-0.066,16610,34.118,25.098,37,,,,,,,,310.6,,,,,
2026-09-25T23:44:59.046,48.207,0,1706.25,96,,110.781,32.549,9.5,9.375,1.0,0.981,-0.066,16570,34.118,25.098,37,,,,,,,,,0.78,,,,
2026-09-25T23:44:59.176,48.337,0,1717.25,96,,111.125,31.373,9.5,9.375,1.0,0.982,-0.066,16580,34.118,24.706,37,,,,,,,,,,,0.0,,
2026-09-25T23:44:59.306,48.467,0,1734.5,96,,111.406,30.588,10.0,8.594,1.0,0.978,-0.078,16430,33.725,24.706,38,,,,,,,,,,,,68.235,
2026-09-25T23:44:59.436,48.597,0,1753.75,95,,112.0,30.588,10.5,7.812,1.0,0.981,-0.07,16310,33.725,23.922,38,,,,,,,,,,,,,78
2026-09-25T23:44:59.566,48.728,0,1762.25,95,,112.219,29.804,10.5,7.812,1.0,0.988,-0.051,16180,33.725,24.314,38,72,,,,,,,,,,,,
2026-09-25T23:44:59.696,48.857,0,1781.5,94,,112.344,29.412,10.5,7.812,1.0,0.985,-0.059,16300,33.725,24.314,39,,40,,,,,,,,,,,
2026-09-25T23:44:59.827,48.988,0,1791.5,94,,112.531,29.804,11.0,7.031,1.0,0.982,-0.066,16350,33.725,23.922,39,,,0.781,,,,,,,,,,
2026-09-25T23:44:59.966,49.127,0,1785.25,93,,112.656,29.02,10.5,7.031,1.0,0.984,-0.059,16320,33.725,23.922,39,,,,13.847,,,,,,,,,
2026-09-25T23:45:00.096,49.257,0,1743.0,94,,112.719,29.804,-8.0,7.031,1.0,0.989,-0.047,16710,33.725,22.745,40,,,,,98,,,,,,,,
2026-09-25T23:45:00.226,49.388,0,1517.25,94,,113.281,36.078,-2.5,7.031,1.0,1.002,-0.02,16790,33.725,23.137,40,,,,,,20,,,,,,,
2026-09-25T23:45:00.356,49.517,0,1458.5,95,,112.75,38.824,3.5,8.594,1.0,1.032,0.012,16800,33.725,22.353,40,,,,,,,16.078,,,,,,
2026-09-25T23:45:00.486,49.647,0,1428.5,94,,112.438,38.824,5.0,8.594,1.0,1.013,-0.008,16560,33.725,22.353,40,,,,,,,,318.6,,,,,
2026-09-25T23:45:00.616,49.777,0,1387.5,95,,111.375,41.961,8.0,7.812,1.0,0.989,-0.047,16550,33.725,21.961,41,,,,,,,,,0.725,,,,
2026-09-25T23:45:00.746,49.907,0,1348.75,94,,110.844,43.137,5.5,7.031,1.0,0.986,-0.055,16530,33.725,21.176,41,,,,,,,,,,,0.0,,
2026-09-25T23:45:00.876,50.038,0,1318.0,93,,110.312,43.922,7.0,7.031,1.0,0.984,-0.062,16500,33.725,21.569,41,,,,,,,,,,,,67.843,
2026-09-25T23:45:01.007,50.168,0,1309.25,93,,109.75,45.098,6.5,6.25,1.0,0.971,-0.094,16490,33.725,22.353,41,,,,,,,,,,,,,79
2026-09-25T23:45:01.136,50.297,0,1317.25,94,,108.812,45.49,8.5,5.469,1.0,0.967,-0.105,16620,33.725,22.353,41,72,,,,,,,,,,,,
2026-09-25T23:45:01.266,50.428,0,1330.5,94,,108.469,45.098,7.0,5.469,1.0,0.974,-0.09,16560,33.725,22.353,42,,40,,,,,,,,,,,
2026-09-25T23:45:01.396,50.557,0,1338.75,94,,108.188,45.098,9.5,4.688,1.0,0.979,-0.074,16500,33.725,22.353,42,,,1.562,,,,,,,,,,
2026-09-25T23:45:01.526,50.687,0,1343.0,93,,107.719,43.529,10.0,4.688,1.0,0.981,-0.07,16480,33.333,22.353,42,,,,13.828,,,,,,,,,
2026-09-25T23:45:01.657,50.818,0,1347.75,93,,107.531,43.137,10.0,4.688,1.0,0.982,-0.066,16480,33.333,22.745,43,,,,,98,,,,,,,,
2026-09-25T23:45:01.786,50.947,0,1354.5,93,,107.344,42.745,10.0,4.688,1.0,0.988,-0.051,16410,32.549,21.569,42,,,,,,20,,,,,,,
2026-09-25T23:45:01.926,51.087,0,1356.5,91,,107.125,40.0,10.0,4.688,1.0,0.996,-0.027,16120,32.157,21.176,43,,,,,,,16.078,,,,,,
2026-09-25T23:45:02.056,51.217,0,1366.5,90,,106.906,40.0,11.0,5.469,1.0,0.999,-0.023,15910,31.765,20.392,42,,,,,,,,326.3,,,,,
2026-09-25T23:45:02.186,51.347,0,1371.0,89,,106.844,38.824,11.5,4.688,1.0,0.996,-0.031,15820,30.588,19.216,43,,,,,,,,,0.77,,,,
2026-09-25T23:45:02.317,51.478,0,1374.75,87,,106.844,32.941,12.5,5.469,1.0,1.016,-0.004,15460,29.02,16.863,43,,,,,,,,,,,0.0,,
2026-09-25T23:45:02.447,51.608,0,1376.25,77,,106.594,30.98,13.5,6.25,1.0,1.013,-0.008,15000,27.843,16.078,43,,,,,,,,,,,,44.314,
2026-09-25T23:45:02.577,51.738,0,1380.0,69,,105.969,27.451,13.5,5.469,1.0,0.997,-0.027,14400,27.843,16.471,43,,,,,,,,,,,,,81
2026-09-25T23:45:02.707,51.868,0,1381.75,62,,105.469,25.882,13.5,4.688,1.0,0.985,-0.059,13940,27.451,16.078,43,73,,,,,,,,,,,,
2026-09-25T23:45:02.837,51.998,0,1386.25,58,,104.094,24.314,14.0,3.906,1.0,0.98,-0.07,13480,27.059,16.078,43,,39,,,,,,,,,,,
2026-09-25T23:45:02.966,52.127,0,1386.75,57,,103.594,23.529,14.0,3.906,1.0,0.981,-0.07,12990,27.451,16.471,44,,,2.344,,,,,,,,,,
2026-09-25T23:45:03.096,52.257,0,1406.75,57,,102.875,23.529,14.0,3.906,1.0,0.982,-0.066,12510,27.451,16.471,44,,,,13.886,,,,,,,,,
2026-09-25T23:45:03.226,52.387,0,1407.75,56,,102.031,23.137,14.0,3.125,1.0,0.983,-0.062,12010,27.451,16.471,44,,,,,98,,,,,,,,
2026-09-25T23:45:03.356,52.517,0,1403.75,56,,101.562,23.137,14.0,3.125,1.0,0.978,-0.078,11530,27.059,16.078,44,,,,,,20,,,,,,,
2026-09-25T23:45:03.486,52.647,0,1396.0,56,,101.25,23.137,14.0,2.344,1.0,0.976,-0.082,11370,27.059,16.471,44,,,,,,,16.078,,,,,,
2026-09-25T23:45:03.616,52.778,0,1392.0,55,,100.719,22.745,14.0,2.344,1.0,0.98,-0.07,11260,27.059,16.471,44,,,,,,,,331.3,,,,,
2026-09-25T23:45:03.746,52.907,0,1396.75,55,,100.438,23.137,14.0,2.344,1.0,0.983,-0.062,11590,26.667,16.078,44,,,,,,,,,0.8,,,,
2026-09-25T23:45:03.877,53.038,0,1393.75,54,,100.188,22.745,14.0,1.562,1.0,0.979,-0.074,11500,26.275,16.078,44,,,,,,,,,,,0.0,,
2026-09-25T23:45:04.006,53.167,0,1394.0,53,,100.094,21.569,14.0,1.562,1.0,0.982,-0.066,10950,26.275,16.078,44,,,,,,,,,,,,34.902,
2026-09-25T23:45:04.136,53.297,0,1399.25,50,,99.75,21.569,14.0,1.562,1.0,0.985,-0.059,10640,26.275,16.078,44,,,,,,,,,,,,,83
2026-09-25T23:45:04.266,53.427,0,1404.0,49,,99.469,21.176,14.0,1.562,1.0,0.986,-0.055,10450,26.275,16.078,44,74,,,,,,,,,,,,
2026-09-25T23:45:04.396,53.557,0,1397.0,49,,99.438,20.784,14.0,0.781,1.0,0.978,-0.078,10120,25.882,16.078,44,,39,,,,,,,,,,,
2026-09-25T23:45:04.526,53.687,0,1396.0,50,,99.156,20.784,14.0,0.0,1.0,0.982,-0.066,10070,25.882,15.686,44,,,2.344,,,,,,,,,,
2026-09-25T23:45:04.656,53.817,0,1398.5,49,,98.875,20.784,14.0,0.781,1.0,0.987,-0.055,10410,25.882,16.078,44,,,,13.906,,,,,,,,,
2026-09-25T23:45:04.787,53.948,0,1397.75,49,,98.812,21.176,14.0,0.0,1.0,0.983,-0.062,10560,25.882,15.686,44,,,,,98,,,,,,,,
2026-09-25T23:45:04.917,54.078,0,1396.75,48,,98.594,20.784,14.0,0.0,1.0,0.979,-0.074,10420,25.882,15.686,44,,,,,,20,,,,,,,
2026-09-25T23:45:05.047,54.208,0,1396.0,49,,98.5,20.784,14.0,0.0,1.0,0.983,-0.062,10270,25.49,15.294,44,,,,,,,16.078,,,,,,
2026-09-25T23:45:05.176,54.337,0,1396.5,48,,98.5,20.0,14.0,0.0,1.0,0.982,-0.062,9750,25.098,15.294,44,,,,,,,,334.6,,,,,
2026-09-25T23:45:05.306,54.467,0,1397.0,46,,98.5,19.216,14.0,0.0,1.0,0.989,-0.051,9220,24.706,15.294,44,,,,,,,,,0.805,,,,
2026-09-25T23:45:05.436,54.597,0,1393.5,44,,98.469,18.431,14.0,0.0,1.0,0.991,-0.043,8770,24.314,15.294,44,,,,,,,,,,,0.0,,
2026-09-25T23:45:05.566,54.727,0,1389.25,43,,98.219,18.039,14.0,0.0,1.0,0.984,-0.059,8250,24.314,15.294,44,,,,,,,,,,,,29.412,
2026-09-25T23:45:05.696,54.857,0,1386.75,42,,98.188,18.431,14.0,-0.781,1.0,0.984,-0.059,8190,24.314,15.294,44,,,,,,,,,,,,,84
2026-09-25T23:45:05.826,54.987,0,1384.0,41,,98.156,17.647,14.0,-0.781,1.0,0.986,-0.055,8100,24.706,15.294,43,75,,,,,,,,,,,,
2026-09-25T23:45:05.966,55.127,0,1381.75,41,,98.125,17.647,14.0,-0.781,1.0,0.983,-0.062,7870,24.706,15.294,43,,40,,,,,,,,,,,
2026-09-25T23:45:06.096,55.257,0,1378.0,41,,97.906,17.647,14.0,-1.562,1.0,0.985,-0.059,7780,24.706,15.294,43,,,3.125,,,,,,,,,,
2026-09-25T23:45:06.226,55.387,0,1382.75,42,,97.875,18.431,14.0,-0.781,1.0,0.993,-0.035,8370,24.706,15.294,43,,,,13.808,,,,,,,,,
2026-09-25T23:45:06.356,55.518,0,1382.0,42,,97.875,18.431,14.0,-0.781,1.0,0.995,-0.031,8950,24.706,15.294,43,,,,,98,,,,,,,,
2026-09-25T23:45:06.486,55.648,0,1379.0,42,,97.875,18.039,14.0,-1.562,1.0,0.987,-0.051,8580,24.706,15.294,43,,,,,,20,,,,,,,
2026-09-25T23:45:06.616,55.777,0,1375.5,42,,97.875,18.039,14.0,-1.562,1.0,0.983,-0.062,7900,24.706,15.294,43,,,,,,,16.078,,,,,,
2026-09-25T23:45:06.746,55.907,0,1375.25,42,,97.844,18.824,14.0,-1.562,1.0,0.994,-0.035,8460,24.706,15.294,43,,,,,,,,337.2,,,,,
2026-09-25T23:45:06.877,56.038,0,1373.75,42,,97.844,18.039,14.0,-1.562,1.0,0.998,-0.027,8490,24.706,15.294,43,,,,,,,,,0.785,,,,
2026-09-25T23:45:07.036,56.197,0,1373.0,42,,97.781,17.647,14.0,-2.344,1.0,0.989,-0.047,7780,24.706,15.294,43,,,,,,,,,,,0.0,,
2026-09-25T23:45:07.166,56.327,0,1372.75,42,,97.719,18.431,14.0,-1.562,1.0,1.0,-0.02,8250,25.098,15.686,43,,,,,,,,,,,,30.98,
2026-09-25T23:45:07.296,56.457,0,1376.75,43,,97.562,19.216,14.0,-0.781,1.0,1.01,-0.012,9240,25.49,15.686,43,,,,,,,,,,,,,86
2026-09-25T23:45:07.426,56.587,0,1376.25,45,,97.531,19.216,14.0,-1.562,1.0,0.995,-0.031,9210,25.49,15.686,43,75,,,,,,,,,,,,
2026-09-25T23:45:07.557,56.718,0,1370.25,44,,97.719,19.216,14.0,-1.562,1.0,0.996,-0.027,9270,25.49,15.294,43,,40,,,,,,,,,,,
2026-09-25T23:45:07.686,56.848,0,1371.5,44,,97.594,19.608,14.0,-1.562,1.0,0.996,-0.031,9350,25.49,15.686,43,,,3.125,,,,,,,,,,
2026-09-25T23:45:07.817,56.978,0,1375.0,45,,97.531,19.608,14.0,-2.344,1.0,0.988,-0.051,9090,25.49,15.294,43,,,,13.847,,,,,,,,,
2026-09-25T23:45:07.946,57.107,0,1377.0,46,,97.656,20.0,14.0,-2.344,1.0,0.995,-0.035,9500,25.49,15.686,43,,,,,98,,,,,,,,
2026-09-25T23:45:08.076,57.237,0,1369.75,46,,97.562,20.0,14.0,-1.562,1.0,0.998,-0.027,9860,25.49,15.686,43,,,,,,20,,,,,,,
2026-09-25T23:45:08.206,57.367,0,1369.0,46,,97.531,20.0,14.0,-2.344,1.0,0.995,-0.035,9710,25.882,15.686,43,,,,,,,16.078,,,,,,
2026-09-25T23:45:08.336,57.497,0,1367.5,47,,97.531,20.0,14.0,-2.344,1.0,0.998,-0.027,9330,25.882,15.294,43,,,,,,,,339.6,,,,,
2026-09-25T23:45:08.466,57.628,0,1364.0,46,,97.562,20.392,14.0,-1.562,1.0,1.013,-0.008,9950,25.882,15.686,43,,,,,,,,,0.76,,,,
2026-09-25T23:45:08.597,57.758,0,1360.0,46,,97.562,20.0,14.0,-0.781,1.0,1.003,-0.016,9910,25.882,15.686,43,,,,,,,,,,,0.0,,
2026-09-25T23:45:08.726,57.887,0,1361.75,48,,97.562,20.784,14.0,-1.562,1.0,0.995,-0.035,9640,26.275,15.686,43,,,,,,,,,,,,33.725,
2026-09-25T23:45:08.856,58.017,0,1362.0,48,,97.562,21.176,14.0,-1.562,1.0,1.006,-0.016,10220,26.275,15.686,43,,,,,,,,,,,,,87
2026-09-25T23:45:08.986,58.147,0,1362.5,48,,97.562,21.176,14.0,-0.781,1.0,1.01,-0.012,10410,26.275,15.686,43,76,,,,,,,,,,,,
2026-09-25T23:45:09.116,58.277,0,1364.0,49,,97.562,20.784,14.0,-1.562,1.0,0.996,-0.031,9800,26.275,15.686,43,,40,,,,,,,,,,,
2026-09-25T23:45:09.246,58.407,0,1367.5,48,,97.625,21.569,14.0,-1.562,1.0,1.007,-0.012,10300,26.275,15.686,43,,,3.125,,,,,,,,,,
2026-09-25T23:45:09.376,58.538,0,1365.75,49,,97.625,21.176,14.0,-0.781,1.0,1.007,-0.012,10450,26.275,15.686,43,,,,13.867,,,,,,,,,
2026-09-25T23:45:09.506,58.667,0,1361.5,49,,97.688,20.784,14.0,-1.562,1.0,0.998,-0.027,9840,26.275,15.686,42,,,,,98,,,,,,,,
2026-09-25T23:45:09.636,58.797,0,1356.25,48,,97.656,21.176,14.0,-1.562,1.0,1.0,-0.02,9760,26.275,15.686,43,,,,,,20,,,,,,,
2026-09-25T23:45:09.766,58.927,0,1357.5,48,,97.719,21.176,14.0,-0.781,1.0,1.014,-0.008,10170,26.275,15.686,43,,,,,,,16.078,,,,,,
2026-09-25T23:45:09.897,59.058,0,1364.75,49,,97.656,20.784,14.0,-0.781,1.0,0.998,-0.023,10050,25.882,15.686,42,,,,,,,,341.3,,,,,
2026-09-25T23:45:10.026,59.188,0,1367.25,48,,97.812,21.176,14.0,-0.781,1.0,1.005,-0.016,10160,25.882,15.686,43,,,,,,,,,0.735,,,,
2026-09-25T23:45:10.156,59.317,0,1358.0,47,,97.812,20.784,14.0,-0.781,1.0,1.007,-0.012,9970,25.882,15.294,43,,,,,,,,,,,0.0,,
2026-09-25T23:45:10.286,59.447,0,1358.25,47,,97.781,21.176,14.0,-0.781,1.0,1.001,-0.02,9930,25.882,15.686,43,,,,,,,,,,,,32.157,
2026-09-25T23:45:10.416,59.577,0,1362.75,46,,97.688,20.0,14.0,-0.781,1.0,0.994,-0.035,9560,25.882,15.686,43,,,,,,,,,,,,,89
2026-09-25T23:45:10.546,59.707,0,1371.5,48,,97.656,20.784,14.0,-1.562,1.0,0.996,-0.031,9740,25.882,15.686,43,76,,,,,,,,,,,,
2026-09-25T23:45:10.676,59.837,0,1366.0,47,,97.781,20.0,14.0,-0.781,1.0,1.0,-0.02,9490,25.49,15.686,43,,41,,,,,,,,,,,
2026-09-25T23:45:10.806,59.967,0,1359.5,47,,97.719,20.0,14.0,-0.781,1.0,1.006,-0.016,9340,25.49,15.294,43,,,3.125,,,,,,,,,,
2026-09-25T23:45:10.936,60.097,0,1359.25,45,,97.812,19.608,14.0,-0.781,1.0,1.003,-0.016,9100,25.49,15.294,43,,,,13.847,,,,,,,,,
2026-09-25T23:45:11.066,60.227,0,1359.0,45,,97.688,19.608,14.0,-0.781,1.0,0.993,-0.035,9150,25.49,15.686,43,,,,,98,,,,,,,,
2026-09-25T23:45:11.196,60.357,0,1367.75,45,,97.719,19.608,14.0,-1.562,1.0,0.99,-0.047,9110,25.49,15.686,42,,,,,,20,,,,,,,
2026-09-25T23:45:11.327,60.488,0,1367.25,46,,97.656,19.608,14.0,-1.562,1.0,0.992,-0.039,9060,25.49,15.294,42,,,,,,,16.078,,,,,,
2026-09-25T23:45:11.466,60.627,0,1354.25,44,,97.656,19.216,14.0,-1.562,1.0,0.997,-0.027,9020,25.49,15.294,42,,,,,,,,342.6,,,,,
2026-09-25T23:45:11.596,60.757,0,1351.0,44,,97.625,19.608,14.0,-1.562,1.0,0.998,-0.023,9100,25.49,15.294,42,,,,,,,,,0.735,,,,
2026-09-25T23:45:11.727,60.888,0,1353.0,44,,97.594,19.608,14.0,-1.562,1.0,0.997,-0.027,9050,25.882,15.686,42,,,,,,,,,,,0.0,,
2026-09-25T23:45:11.856,61.017,0,1354.5,44,,97.562,20.0,14.0,-1.562,1.0,0.993,-0.035,9190,25.882,15.686,42,,,,,,,,,,,,31.765,
2026-09-25T23:45:11.986,61.147,0,1355.25,45,,97.562,20.0,14.0,-1.562,1.0,0.997,-0.027,9440,25.882,15.686,42,,,,,,,,,,,,,90
2026-09-25T23:45:12.126,61.287,0,1351.75,46,,97.562,20.0,14.0,-1.562,1.0,1.001,-0.02,9500,25.49,15.294,42,77,,,,,,,,,,,,
2026-09-25T23:45:12.257,61.418,0,1354.75,46,,97.562,19.608,14.0,-1.562,1.0,1.002,-0.02,9250,25.49,15.686,42,,41,,,,,,,,,,,
2026-09-25T23:45:12.386,61.547,0,1355.5,46,,97.562,20.392,14.0,-0.781,1.0,1.003,-0.016,9460,25.49,15.294,42,,,3.125,,,,,,,,,,
2026-09-25T23:45:12.516,61.677,0,1352.0,46,,97.625,20.0,14.0,-0.781,1.0,1.005,-0.016,9340,25.49,15.686,42,,,,13.886,,,,,,,,,
2026-09-25T23:45:12.646,61.807,0,1353.0,45,,97.656,20.0,14.0,-0.781,1.0,0.999,-0.023,9310,25.49,15.686,42,,,,,98,,,,,,,,
2026-09-25T23:45:12.776,61.938,0,1353.0,46,,97.656,20.392,14.0,-0.781,1.0,1.0,-0.02,9600,25.882,15.686,42,,,,,,20,,,,,,,
2026-09-25T23:45:12.906,62.067,0,1354.75,46,,97.562,20.392,14.0,-0.781,1.0,1.004,-0.016,9800,25.882,15.686,42,,,,,,,16.078,,,,,,
2026-09-25T23:45:13.036,62.197,0,1351.75,45,,97.594,20.392,14.0,-0.781,1.0,1.001,-0.02,9800,25.882,15.686,42,,,,,,,,344.1,,,,,
2026-09-25T23:45:13.167,62.328,0,1352.0,45,,97.656,20.392,14.0,-0.781,1.0,0.999,-0.023,9540,25.882,15.294,42,,,,,,,,,0.72,,,,
2026-09-25T23:45:13.296,62.457,0,1353.25,45,,97.656,20.0,14.0,-0.781,1.0,0.999,-0.023,9180,25.882,15.294,42,,,,,,,,,,,0.0,,
2026-09-25T23:45:13.426,62.587,0,1349.25,45,,97.625,20.0,14.0,-0.781,1.0,0.996,-0.031,9050,25.882,15.686,42,,,,,,,,,,,,31.373,
2026-09-25T23:45:13.556,62.718,0,1350.25,46,,97.562,20.0,14.0,-1.562,1.0,0.997,-0.027,9200,25.49,15.686,42,,,,,,,,,,,,,92
2026-09-25T23:45:13.686,62.847,0,1348.75,47,,97.656,20.392,14.0,-0.781,1.0,1.0,-0.02,9300,25.49,15.686,42,77,,,,,,,,,,,,
2026-09-25T23:45:13.816,62.977,0,1346.75,47,,97.594,20.392,14.0,-0.781,1.0,1.0,-0.02,9480,25.49,15.686,42,,41,,,,,,,,,,,
2026-09-25T23:45:13.946,63.108,0,1347.0,47,,97.656,20.784,14.0,-0.781,1.0,0.999,-0.023,9610,25.49,15.686,42,,,3.125,,,,,,,,,,
2026-09-25T23:45:14.076,63.237,0,1345.0,47,,97.562,20.784,14.0,-0.781,1.0,0.999,-0.023,9630,25.49,15.686,42,,,,13.925,,,,,,,,,
2026-09-25T23:45:14.206,63.367,0,1346.5,47,,97.562,20.784,14.0,-1.562,1.0,0.997,-0.027,9630,25.49,15.686,42,,,,,98,,,,,,,,
2026-09-25T23:45:14.336,63.497,0,1345.5,46,,97.562,20.392,14.0,-0.781,1.0,1.002,-0.02,9630,25.49,15.294,42,,,,,,20,,,,,,,
2026-09-25T23:45:14.466,63.627,0,1341.75,45,,97.75,20.0,14.0,-0.781,1.0,0.998,-0.023,9300,25.098,15.294,42,,,,,,,16.078,,,,,,
2026-09-25T23:45:14.596,63.757,0,1344.75,45,,97.719,20.0,14.0,-1.562,1.0,0.992,-0.043,8890,25.098,15.294,42,,,,,,,,345.5,,,,,
2026-09-25T23:45:14.727,63.888,0,1343.5,44,,97.75,19.216,14.0,-1.562,1.0,0.988,-0.051,8590,22.745,14.118,42,,,,,,,,,0.725,,,,
2026-09-25T23:45:14.856,64.017,0,1342.75,41,,97.781,17.255,14.0,-1.562,1.0,0.988,-0.051,8200,23.529,14.51,42,,,,,,,,,,,0.0,,
2026-09-25T23:45:14.986,64.147,0,1329.75,37,,97.844,16.078,14.0,-1.562,1.0,0.997,-0.027,7870,23.529,14.51,42,,,,,,,,,,,,25.882,
2026-09-25T23:45:15.116,64.277,0,1331.0,37,,97.719,16.471,14.0,-0.781,1.0,1.015,-0.004,7410,23.922,14.51,42,,,,,,,,,,,,,94
2026-09-25T23:45:15.246,64.407,0,1330.25,37,,97.625,16.471,14.0,-0.781,1.0,1.014,-0.008,6920,23.922,14.902,42,78,,,,,,,,,,,,
2026-09-25T23:45:15.376,64.537,0,1332.0,38,,97.562,17.255,14.0,-0.781,1.0,0.998,-0.027,6820,23.922,14.51,42,,41,,,,,,,,,,,
2026-09-25T23:45:15.506,64.667,0,1327.75,38,,97.562,16.863,14.0,-1.562,1.0,0.989,-0.047,6690,23.922,14.51,42,,,3.125,,,,,,,,,,
2026-09-25T23:45:15.636,64.797,0,1326.0,38,,97.531,16.863,14.0,-1.562,1.0,0.988,-0.051,6640,23.922,14.51,42,,,,13.828,,,,,,,,,
2026-09-25T23:45:15.766,64.927,0,1324.75,38,,97.531,16.863,14.0,-1.562,1.0,0.991,-0.043,6670,23.922,14.51,42,,,,,98,,,,,,,,
2026-09-25T23:45:15.896,65.057,0,1324.0,38,,97.531,16.863,14.0,-1.562,1.0,0.991,-0.043,6710,23.922,14.51,42,,,,,,19,,,,,,,
2026-09-25T23:45:16.026,65.187,0,1323.0,38,,97.531,17.255,14.0,-2.344,1.0,0.989,-0.047,6860,23.922,14.902,42,,,,,,,16.078,,,,,,
2026-09-25T23:45:16.156,65.317,0,1322.75,39,,97.531,18.039,14.0,-2.344,1.0,0.99,-0.043,7360,23.922,14.51,42,,,,,,,,347.1,,,,,
2026-09-25T23:45:16.287,65.448,0,1317.5,39,,97.531,17.647,14.0,-2.344,1.0,0.991,-0.043,7440,23.922,14.51,41,,,,,,,,,0.75,,,,
2026-09-25T23:45:16.416,65.577,0,1315.75,39,,97.531,17.647,14.0,-2.344,1.0,0.987,-0.051,7400,23.922,14.51,42,,,,,,,,,,,0.0,,
2026-09-25T23:45:16.546,65.707,0,1316.0,38,,97.531,17.647,14.0,-3.125,1.0,0.985,-0.059,7290,23.922,14.51,41,,,,,,,,,,,,26.667,
2026-09-25T23:45:16.676,65.838,0,1312.5,38,,97.531,17.647,14.0,-3.125,1.0,0.986,-0.055,7120,24.706,14.902,41,,,,,,,,,,,,,95
2026-09-25T23:45:16.806,65.967,0,1310.25,39,,97.531,18.824,14.0,-3.125,1.0,0.992,-0.039,7640,24.706,15.294,41,78,,,,,,,,,,,,
2026-09-25T23:45:16.936,66.097,0,1314.25,41,,97.531,18.824,14.0,-2.344,1.0,0.999,-0.023,8250,24.706,14.902,42,,41,,,,,,,,,,,
2026-09-25T23:45:17.066,66.227,0,1315.5,42,,97.531,18.824,14.0,-2.344,1.0,0.998,-0.023,7990,24.706,14.902,41,,,3.125,,,,,,,,,,
2026-09-25T23:45:17.206,66.367,0,1314.75,41,,97.531,18.824,14.0,-2.344,1.0,1.007,-0.012,8260,24.706,14.902,41,,,,13.867,,,,,,,,,
2026-09-25T23:45:17.337,66.498,0,1312.5,41,,97.531,18.824,14.0,-2.344,1.0,1.002,-0.02,8190,24.706,14.902,41,,,,,98,,,,,,,,
2026-09-25T23:45:17.466,66.627,0,1309.75,41,,97.531,18.824,14.0,-2.344,1.0,0.999,-0.023,8050,25.098,15.294,41,,,,,,19,,,,,,,
2026-09-25T23:45:17.596,66.757,0,1309.0,42,,97.531,18.824,14.0,-2.344,1.0,1.0,-0.02,7810,25.098,14.902,41,,,,,,,16.078,,,,,,
2026-09-25T23:45:17.727,66.888,0,1312.5,42,,97.531,19.608,14.0,-1.562,1.0,1.018,-0.004,8320,25.49,15.294,41,,,,,,,,348.6,,,,,
2026-09-25T23:45:17.856,67.017,0,1313.5,44,,97.531,20.392,14.0,-1.562,1.0,1.021,0.0,9030,25.882,15.686,41,,,,,,,,,0.75,,,,
2026-09-25T23:45:17.986,67.147,0,1314.75,45,,97.531,20.784,14.0,-1.562,1.0,1.013,-0.008,9480,25.882,15.294,41,,,,,,,,,,,0.0,,
2026-09-25T23:45:18.116,67.277,0,1312.0,45,,97.531,20.784,14.0,-1.562,1.0,1.005,-0.016,9790,25.882,15.686,41,,,,,,,,,,,,32.157,
2026-09-25T23:45:18.246,67.407,0,1311.25,46,,97.531,21.176,14.0,-1.562,1.0,0.999,-0.023,9630,25.882,15.686,41,,,,,,,,,,,,,97
2026-09-25T23:45:18.376,67.537,0,1311.5,47,,97.531,21.569,14.0,-1.562,1.0,1.007,-0.012,9700,25.882,15.294,41,79,,,,,,,,,,,,
2026-09-25T23:45:18.506,67.667,0,1309.25,47,,97.531,21.176,14.0,-0.781,1.0,1.013,-0.008,9530,25.882,15.294,41,,41,,,,,,,,,,,
2026-09-25T23:45:18.636,67.797,0,1310.0,47,,97.531,21.176,14.0,-0.781,1.0,1.009,-0.012,9470,25.882,15.686,41,,,3.125,,,,,,,,,,
2026-09-25T23:45:18.766,67.927,0,1313.75,47,,97.531,21.569,14.0,-0.781,1.0,1.001,-0.02,9670,25.882,15.686,41,,,,13.847,,,,,,,,,
2026-09-25T23:45:18.896,68.057,0,1314.0,47,,97.531,21.569,14.0,-0.781,1.0,1.003,-0.016,9920,25.882,15.294,41,,,,,98,,,,,,,,
2026-09-25T23:45:19.026,68.187,0,1312.25,47,,97.531,21.569,14.0,-1.562,1.0,0.999,-0.023,9970,26.275,15.294,41,,,,,,19,,,,,,,
2026-09-25T23:45:19.156,68.317,0,1312.25,47,,97.531,21.569,14.0,-1.562,1.0,0.996,-0.031,9940,26.275,15.294,41,,,,,,,16.078,,,,,,
2026-09-25T23:45:19.286,68.447,0,1314.75,47,,97.531,21.176,14.0,-1.562,1.0,0.997,-0.027,9760,25.882,15.686,41,,,,,,,,349.6,,,,,
2026-09-25T23:45:19.417,68.578,0,1313.5,48,,97.562,21.176,14.0,-1.562,1.0,0.999,-0.023,9680,25.882,15.294,41,,,,,,,,,0.725,,,,
2026-09-25T23:45:19.546,68.707,0,1314.25,48,,97.531,21.569,14.0,-1.562,1.0,0.999,-0.023,9660,25.49,15.294,41,,,,,,,,,,,0.0,,
2026-09-25T23:45:19.676,68.837,0,1314.75,47,,97.562,20.784,14.0,-1.562,1.0,0.998,-0.023,9420,25.49,15.294,41,,,,,,,,,,,,31.765,
2026-09-25T23:45:19.807,68.968,0,1312.75,46,,97.562,20.784,14.0,-1.562,1.0,1.002,-0.02,9150,25.49,15.294,41,,,,,,,,,,,,,98
2026-09-25T23:45:19.935,69.097,0,1311.5,45,,97.531,20.784,14.0,-0.781,1.0,1.005,-0.016,9000,25.49,15.294,41,79,,,,,,,,,,,,
2026-09-25T23:45:20.066,69.228,0,1311.5,45,,97.562,20.784,14.0,-0.781,1.0,1.0,-0.02,8980,25.49,15.294,41,,41,,,,,,,,,,,
2026-09-25T23:45:20.196,69.357,0,1316.25,44,,97.562,20.392,14.0,-1.562,1.0,0.997,-0.027,9000,25.49,15.294,41,,,3.125,,,,,,,,,,
2026-09-25T23:45:20.326,69.487,0,1315.75,45,,97.531,20.392,14.0,-1.562,1.0,0.997,-0.027,9040,25.49,15.294,41,,,,13.886,,,,,,,,,
2026-09-25T23:45:20.456,69.618,0,1314.25,45,,97.531,20.784,14.0,-1.562,1.0,0.998,-0.023,9220,25.49,15.294,41,,,,,98,,,,,,,,
2026-09-25T23:45:20.586,69.747,0,1313.0,46,,97.562,20.784,14.0,-1.562,1.0,0.998,-0.023,9130,24.706,14.902,41,,,,,,19,,,,,,,
2026-09-25T23:45:20.716,69.877,0,1306.75,45,,97.75,19.216,14.0,-1.562,1.0,0.996,-0.031,8640,23.922,14.51,41,,,,,,,16.078,,,,,,
2026-09-25T23:45:20.846,70.007,0,1306.0,41,,97.719,18.431,14.0,-1.562,1.0,0.992,-0.039,8130,23.529,14.118,41,,,,,,,,350.5,,,,,
2026-09-25T23:45:20.976,70.137,0,1300.75,39,,97.781,18.039,14.0,-1.562,1.0,0.999,-0.023,7690,23.137,14.118,41,,,,,,,,,0.72,,,,
2026-09-25T23:45:21.106,70.267,0,1300.75,37,,97.812,16.078,14.0,-1.562,1.0,0.998,-0.027,7440,22.745,14.118,41,,,,,,,,,,,0.0,,
2026-09-25T23:45:21.236,70.397,0,1295.0,34,,97.719,15.294,15.0,-1.562,1.0,0.997,-0.027,6830,22.745,14.118,41,,,,,,,,,,,,22.745,
2026-09-25T23:45:21.367,70.528,0,1290.75,33,,97.719,15.294,15.5,-1.562,1.0,1.009,-0.012,6360,22.745,14.118,41,,,,,,,,,,,,,100
2026-09-25T23:45:21.496,70.658,0,1293.0,33,,97.562,15.294,15.5,0.0,1.0,1.028,0.008,6000,22.745,14.118,41,80,,,,,,,,,,,,
2026-09-25T23:45:21.625,70.787,0,1294.0,33,,97.531,15.294,15.5,0.0,1.0,1.029,0.008,5520,22.745,14.118,41,,40,,,,,,,,,,,
2026-09-25T23:45:21.756,70.917,0,1290.25,33,,97.531,15.686,15.5,0.0,1.0,1.017,-0.004,5280,22.745,14.118,41,,,4.688,,,,,,,,,,
2026-09-25T23:45:21.886,71.047,0,1286.25,34,,97.531,15.294,13.0,-0.781,1.0,0.991,-0.043,4980,21.176,12.941,41,,,,13.847,,,,,,,,,
2026-09-25T23:45:22.016,71.177,0,1286.25,34,,97.75,12.549,13.0,-0.781,1.0,0.988,-0.051,4770,17.255,12.157,40,,,,,98,,,,,,,,
2026-09-25T23:45:22.146,71.307,0,1273.0,24,,97.625,0.0,25.5,-1.562,1.0,0.987,-0.051,4650,14.51,12.549,41,,,,,,19,,,,,,,
2026-09-25T23:45:22.286,71.447,0,1286.25,23,,97.562,0.0,26.5,-0.781,1.0,1.0,-0.02,4330,14.51,12.157,40,,,,,,,16.078,,,,,,
2026-09-25T23:45:22.416,71.577,0,1273.5,22,,97.562,0.0,18.5,0.0,1.001,1.02,0.0,3910,14.51,12.157,40,,,,,,,,351.8,,,,,
2026-09-25T23:45:22.546,71.707,0,1273.25,22,,97.531,0.0,13.0,0.0,1.001,1.027,0.008,3560,14.51,12.157,40,,,,,,,,,0.7,,,,
2026-09-25T23:45:22.676,71.837,0,1270.75,22,,97.531,0.0,8.0,0.0,1.002,1.034,0.016,3320,14.51,12.157,40,,,,,,,,,,,0.0,,
2026-09-25T23:45:22.806,71.967,0,1259.0,22,,97.531,0.0,4.0,0.781,1.002,1.04,0.023,3340,14.51,12.157,40,,,,,,,,,,,,12.549,
2026-09-25T23:45:22.936,72.097,0,1243.5,21,,97.531,0.0,-1.0,0.781,1.002,1.046,0.031,3380,14.51,12.157,40,,,,,,,,,,,,,101
2026-09-25T23:45:23.066,72.228,0,1242.75,21,,97.531,0.0,-4.0,0.0,1.002,1.053,0.039,3940,14.51,12.157,39,80,,,,,,,,,,,,
2026-09-25T23:45:23.196,72.357,0,1227.0,21,,97.531,0.0,-5.5,0.0,1.002,1.156,0.148,4940,14.51,12.157,39,,40,,,,,,,,,,,
2026-09-25T23:45:23.326,72.487,0,1234.5,22,,97.531,0.0,-5.5,0.0,1.004,1.178,0.172,6400,14.51,12.157,39,,,7.812,,,,,,,,,,
2026-09-25T23:45:23.457,72.618,0,1229.75,22,,97.531,0.0,-5.5,0.0,0.997,1.403,0.367,7590,14.902,12.157,39,,,,13.906,,,,,,,,,
2026-09-25T23:45:23.586,72.747,0,1216.5,23,,97.531,0.0,-6.0,0.0,1.001,1.929,0.648,8870,14.51,12.157,39,,,,,98,,,,,,,,
2026-09-25T23:45:23.716,72.877,0,1212.0,23,,97.531,0.0,-6.0,0.0,1.04,2.0,0.832,9550,14.51,12.157,38,,,,,,19,,,,,,,
2026-09-25T23:45:23.846,73.007,0,1204.25,24,,97.531,0.0,-6.0,0.0,1.097,2.0,0.953,10030,14.51,12.157,38,,,,,,,16.078,,,,,,
2026-09-25T23:45:23.976,73.137,0,1197.0,24,,97.562,0.0,-6.0,0.0,1.164,2.0,1.039,10030,14.51,12.157,38,,,,,,,,353.3,,,,,
2026-09-25T23:45:24.107,73.268,0,1194.5,24,,97.656,0.0,-6.0,0.0,1.206,2.0,1.102,10010,14.51,12.157,38,,,,,,,,,0.475,,,,
2026-09-25T23:45:24.235,73.397,0,1183.75,24,,97.719,0.0,-6.0,0.0,1.268,2.0,1.137,10010,14.51,12.157,38,,,,,,,,,,,0.0,,
2026-09-25T23:45:24.366,73.527,0,1179.5,24,,97.75,0.0,-6.5,0.0,1.34,2.0,1.172,10010,14.51,12.157,37,,,,,,,,,,,,13.333,
2026-09-25T23:45:24.496,73.657,0,1175.0,24,,97.781,0.0,-6.5,0.0,1.438,2.0,1.195,10000,14.51,12.157,37,,,,,,,,,,,,,103
2026-09-25T23:45:24.626,73.787,0,1169.5,24,,97.844,0.0,-6.5,0.0,1.531,2.0,1.215,10000,14.51,12.157,37,81,,,,,,,,,,,,
2026-09-25T23:45:24.756,73.917,0,1159.0,24,,97.781,0.0,-6.5,0.0,1.644,2.0,1.223,10000,14.51,12.157,37,,41,,,,,,,,,,,
2026-09-25T23:45:24.885,74.047,0,1154.75,24,,97.844,0.0,-6.5,0.0,1.712,2.0,1.238,10000,14.51,12.157,36,,,7.812,,,,,,,,,,
2026-09-25T23:45:25.015,74.177,0,1147.75,24,,97.875,0.0,-7.0,0.0,1.757,2.0,1.242,9990,14.51,12.157,36,,,,13.925,,,,,,,,,
2026-09-25T23:45:25.145,74.307,0,1141.5,24,,97.844,0.0,-7.0,0.0,1.777,2.0,1.246,9990,14.51,12.157,36,,,,,98,,,,,,,,
2026-09-25T23:45:25.276,74.437,0,1134.0,24,,97.875,0.0,-7.0,0.0,1.789,2.0,1.254,9990,14.51,12.157,36,,,,,,19,,,,,,,
2026-09-25T23:45:25.407,74.568,0,1132.25,24,,97.844,0.0,-7.0,0.0,1.794,2.0,1.258,9990,14.51,12.157,36,,,,,,,16.078,,,,,,
2026-09-25T23:45:25.536,74.697,0,1125.25,24,,97.875,0.0,-7.0,0.0,1.797,2.0,1.262,9990,14.51,12.157,36,,,,,,,,355.0,,,,,
2026-09-25T23:45:25.665,74.827,0,1117.5,24,,97.812,0.0,-7.5,0.0,1.798,2.0,1.262,9970,14.51,11.765,35,,,,,,,,,0.09,,,,
2026-09-25T23:45:25.796,74.957,0,1117.5,24,,97.875,0.0,-7.5,0.0,1.799,2.0,1.262,9970,14.51,11.765,35,,,,,,,,,,,0.0,,
2026-09-25T23:45:25.926,75.087,0,1111.75,23,,97.875,0.0,-7.5,0.0,1.799,2.0,1.266,9980,14.51,11.765,35,,,,,,,,,,,,12.941,
2026-09-25T23:45:26.056,75.217,0,1141.5,23,,97.875,0.0,-6.5,0.0,1.8,2.0,1.266,9980,14.51,12.157,34,,,,,,,,,,,,,104
2026-09-25T23:45:26.186,75.347,0,1238.0,24,,97.875,0.0,-5.0,0.0,1.8,2.0,1.266,9970,14.51,12.157,34,81,,,,,,,,,,,,
2026-09-25T23:45:26.316,75.477,0,1294.0,24,,97.875,0.0,-4.0,0.0,1.8,2.0,1.27,9980,14.51,12.549,34,,41,,,,,,,,,,,
2026-09-25T23:45:26.446,75.607,0,1352.5,23,,97.875,0.0,-4.0,0.0,1.8,2.0,1.27,9980,14.51,12.549,33,,,7.031,,,,,,,,,,
2026-09-25T23:45:26.575,75.737,0,1412.0,23,,97.875,0.0,-2.5,0.0,1.8,2.0,1.27,9970,14.51,12.549,33,,,,13.945,,,,,,,,,
2026-09-25T23:45:26.706,75.868,0,1465.0,23,,97.875,0.0,-2.0,0.0,1.8,2.0,1.273,9970,14.51,12.549,32,,,,,98,,,,,,,,
2026-09-25T23:45:26.836,75.998,0,1497.5,23,,97.875,0.0,-2.0,0.0,1.8,2.0,1.273,9970,14.51,12.549,32,,,,,,19,,,,,,,
2026-09-25T23:45:26.966,76.127,0,1477.5,23,,97.875,0.0,-2.0,0.0,1.8,2.0,1.277,9970,14.51,12.549,32,,,,,,,16.078,,,,,,
2026-09-25T23:45:27.096,76.257,0,1467.0,23,,97.875,0.0,-2.5,0.0,1.8,2.0,1.273,9970,14.51,12.549,32,,,,,,,,356.5,,,,,
2026-09-25T23:45:27.227,76.388,0,1451.5,23,,97.875,0.0,-2.5,0.0,1.8,2.0,1.277,9970,14.51,12.549,31,,,,,,,,,0.09,,,,
2026-09-25T23:45:27.366,76.527,0,1432.75,23,,97.875,0.0,-2.5,0.0,1.8,2.0,1.281,9970,14.51,12.549,31,,,,,,,,,,,0.0,,
2026-09-25T23:45:27.496,76.657,0,1419.0,23,,97.875,0.0,-2.5,0.0,1.8,2.0,1.281,9970,14.51,12.549,31,,,,,,,,,,,,12.549,
2026-09-25T23:45:27.625,76.787,0,1400.25,23,,97.875,0.0,-3.0,0.0,1.8,2.0,1.281,9970,14.51,12.549,30,,,,,,,,,,,,,106
2026-09-25T23:45:27.756,76.917,0,1383.5,23,,97.875,0.0,-4.0,0.0,1.8,2.0,1.281,9960,14.51,12.549,30,81,,,,,,,,,,,,
2026-09-25T23:45:27.886,77.047,0,1360.0,23,,97.875,0.0,-4.0,0.0,1.8,2.0,1.281,9960,14.51,12.549,29,,41,,,,,,,,,,,
2026-09-25T23:45:28.015,77.177,0,1338.5,23,,97.875,0.0,-4.0,0.0,1.8,2.0,1.285,9970,14.51,12.549,29,,,7.031,,,,,,,,,,
2026-09-25T23:45:28.145,77.307,0,1317.75,23,,97.875,0.0,-4.5,0.0,1.8,2.0,1.281,9960,14.51,12.157,28,,,,13.906,,,,,,,,,
2026-09-25T23:45:28.276,77.437,0,1289.25,23,,97.875,0.0,-5.0,0.0,1.8,2.0,1.281,9960,14.51,12.157,28,,,,,98,,,,,,,,
2026-09-25T23:45:28.405,77.567,0,1269.25,23,,97.875,0.0,-5.0,0.0,1.8,2.0,1.285,9960,14.51,12.157,27,,,,,,19,,,,,,,
2026-09-25T23:45:28.535,77.697,0,1251.25,23,,97.875,0.0,-5.5,0.0,1.8,2.0,1.281,9960,14.51,12.157,27,,,,,,,16.078,,,,,,
2026-09-25T23:45:28.666,77.827,0,1229.25,23,,97.875,0.0,-5.5,0.0,1.8,2.0,1.281,9960,14.51,12.157,26,,,,,,,,357.7,,,,,
2026-09-25T23:45:28.796,77.957,0,1201.5,24,,97.875,0.0,-6.0,0.0,1.8,2.0,1.281,9960,14.51,12.157,26,,,,,,,,,0.085,,,,
2026-09-25T23:45:28.925,78.087,0,1184.25,23,,97.875,0.0,-6.5,0.0,1.8,2.0,1.285,9960,14.51,12.157,25,,,,,,,,,,,0.0,,
2026-09-25T23:45:29.056,78.217,0,1197.75,23,,97.875,0.0,-6.0,0.0,1.8,2.0,1.281,9960,14.51,12.157,24,,,,,,,,,,,,12.941,
2026-09-25T23:45:29.186,78.347,0,1219.5,23,,97.875,0.0,-5.5,0.0,1.8,2.0,1.285,9950,14.51,12.157,23,,,,,,,,,,,,,108
2026-09-25T23:45:29.316,78.477,0,1216.0,24,,97.875,0.0,-6.0,0.0,1.8,2.0,1.281,9960,14.51,12.157,22,81,,,,,,,,,,,,
2026-09-25T23:45:29.445,78.607,0,1210.5,24,,97.875,0.0,-6.0,0.0,1.8,2.0,1.281,9960,14.51,12.157,22,,41,,,,,,,,,,,
2026-09-25T23:45:29.576,78.738,0,1201.25,24,,97.875,0.0,-6.0,0.0,1.8,2.0,1.281,9960,14.51,12.157,21,,,8.594,,,,,,,,,,
2026-09-25T23:45:29.706,78.867,0,1177.0,24,,97.875,0.0,-6.5,0.0,1.8,2.0,1.285,9950,14.51,12.157,20,,,,13.925,,,,,,,,,
2026-09-25T23:45:29.835,78.997,0,1179.5,24,,97.875,0.0,-6.5,0.0,1.8,2.0,1.281,9950,14.51,12.157,19,,,,,98,,,,,,,,
2026-09-25T23:45:29.966,79.127,0,1184.25,24,,97.875,0.0,-6.5,0.0,1.8,2.0,1.281,9950,14.51,12.157,19,,,,,,19,,,,,,,
2026-09-25T23:45:30.096,79.257,0,1177.5,23,,97.875,0.0,-6.5,0.0,1.8,2.0,1.281,9950,14.51,12.157,18,,,,,,,16.078,,,,,,
2026-09-25T23:45:30.225,79.387,0,1160.75,23,,97.875,0.0,-7.0,0.0,1.749,2.0,1.281,9950,14.51,12.157,17,,,,,,,,359.1,,,,,
2026-09-25T23:45:30.356,79.517,0,1091.0,23,,97.875,10.98,-4.0,0.0,1.882,2.0,1.281,10070,14.51,11.765,16,,,,,,,,,0.085,,,,
2026-09-25T23:45:30.486,79.647,0,979.25,23,,97.875,12.157,9.5,0.0,1.795,2.0,1.273,9910,14.51,12.157,16,,,,,,,,,,,0.0,,
2026-09-25T23:45:30.616,79.777,0,948.0,24,,97.875,14.51,4.5,0.0,1.549,2.0,0.984,9570,14.51,12.157,15,,,,,,,,,,,,16.471,
2026-09-25T23:45:30.745,79.907,0,927.25,26,,97.875,14.902,5.0,0.0,1.339,1.788,0.59,9130,14.51,12.549,15,,,,,,,,,,,,,109
2026-09-25T23:45:30.876,80.037,0,892.75,27,,97.719,15.686,2.5,0.0,1.16,1.326,0.309,8650,14.51,12.549,14,82,,,,,,,,,,,,
2026-09-25T23:45:31.005,80.167,0,871.5,28,,97.656,18.039,2.0,0.0,1.062,1.185,0.18,8140,14.51,12.549,13,,41,,,,,,,,,,,
2026-09-25T23:45:31.135,80.297,0,851.25,30,,97.562,18.824,1.5,0.0,0.995,1.098,0.086,7760,14.51,12.549,13,,,6.25,,,,,,,,,,
2026-09-25T23:45:31.266,80.427,0,833.0,31,,97.531,19.608,1.5,0.0,0.96,1.072,0.059,7280,14.51,12.549,12,,,,13.808,,,,,,,,,
2026-09-25T23:45:31.396,80.557,0,819.75,32,,97.531,20.0,-5.5,0.0,0.936,1.061,0.047,6970,14.51,12.941,11,,,,,98,,,,,,,,
2026-09-25T23:45:31.526,80.687,0,796.75,37,,97.531,23.529,-6.5,5.469,0.924,1.045,0.027,6490,14.51,13.333,11,,,,,,19,,,,,,,
2026-09-25T23:45:31.655,80.817,0,786.0,40,,97.531,26.667,-4.5,6.25,0.915,1.031,0.012,6150,14.51,13.725,10,,,,,,,16.078,,,,,,
2026-09-25T23:45:31.786,80.947,0,767.5,40,,97.469,27.059,-4.0,7.031,0.911,1.02,0.0,6060,14.51,13.333,9,,,,,,,,358.8,,,,,
2026-09-25T23:45:31.915,81.077,0,785.25,43,,97.531,27.843,-8.5,7.031,0.907,0.99,-0.043,6310,14.51,13.333,8,,,,,,,,,0.145,,,,
2026-09-25T23:45:32.045,81.207,0,806.75,42,,97.531,27.843,-10.5,6.25,0.906,0.966,-0.105,6650,14.51,13.333,7,,,,,,,,,,,0.0,,
2026-09-25T23:45:32.176,81.337,0,823.25,42,,97.531,27.843,-12.0,6.25,0.904,0.947,-0.148,6810,14.51,12.941,7,,,,,,,,,,,,28.235,
2026-09-25T23:45:32.305,81.467,0,831.5,41,,97.531,26.275,-11.5,6.25,0.904,0.937,-0.172,6720,14.51,12.941,6,,,,,,,,,,,,,111
2026-09-25T23:45:32.445,81.607,0,832.75,40,,97.531,25.49,-10.5,5.469,0.903,0.924,-0.203,6500,14.51,12.941,5,82,,,,,,,,,,,,
2026-09-25T23:45:32.576,81.737,0,831.5,39,,97.531,25.49,-10.0,5.469,0.902,0.913,-0.227,6230,14.51,13.333,4,,42,,,,,,,,,,,
2026-09-25T23:45:32.706,81.867,0,824.5,39,,97.531,26.275,-10.0,5.469,0.901,0.913,-0.23,6130,14.51,13.333,4,,,4.688,,,,,,,,,,
2026-09-25T23:45:32.835,81.997,0,822.75,40,,97.531,26.275,-10.5,5.469,0.898,0.907,-0.242,6320,14.51,13.333,3,,,,13.867,,,,,,,,,
2026-09-25T23:45:32.966,82.127,0,816.25,40,,97.531,26.667,-10.0,6.25,0.895,0.908,-0.242,6570,14.51,12.549,3,,,,,98,,,,,,,,
2026-09-25T23:45:33.096,82.257,0,811.75,40,,97.531,26.667,-11.0,6.25,0.89,0.903,-0.254,6630,14.51,12.941,2,,,,,,19,,,,,,,
2026-09-25T23:45:33.225,82.387,0,787.5,38,,97.5,26.275,-8.0,6.25,0.886,0.896,-0.273,6450,14.51,12.941,2,,,,,,,16.078,,,,,,
2026-09-25T23:45:33.356,82.517,0,777.0,40,,97.531,26.667,-5.5,5.469,0.883,0.888,-0.297,6490,14.51,13.333,1,,,,,,,,357.5,,,,,
2026-09-25T23:45:33.486,82.648,0,774.75,40,,97.5,26.667,-7.0,5.469,0.882,0.884,-0.309,6530,14.51,12.941,1,,,,,,,,,0.185,,,,
2026-09-25T23:45:33.615,82.777,0,786.75,40,,97.469,25.49,-8.5,5.469,0.881,0.886,-0.305,6490,14.51,12.941,1,,,,,,,,,,,0.0,,
2026-09-25T23:45:33.745,82.907,0,787.75,39,,97.5,25.49,-8.0,5.469,0.88,0.882,-0.312,6280,14.51,12.941,1,,,,,,,,,,,,27.451,
2026-09-25T23:45:33.876,83.037,0,786.0,40,,97.469,26.667,-8.5,5.469,0.88,0.879,-0.32,6140,14.51,12.941,0,,,,,,,,,,,,,112
2026-09-25T23:45:34.006,83.167,0,786.0,39,,97.5,25.882,-8.5,5.469,0.88,0.877,-0.328,6000,14.51,12.941,0,82,,,,,,,,,,,,
2026-09-25T23:45:34.136,83.298,0,786.5,40,,97.469,25.882,-8.5,5.469,0.88,0.874,-0.336,6110,14.51,12.941,0,,42,,,,,,,,,,,
2026-09-25T23:45:34.266,83.427,0,788.5,39,,97.5,25.49,-8.0,5.469,0.88,0.878,-0.324,6070,14.51,12.941,0,,,4.688,,,,,,,,,,
2026-09-25T23:45:34.395,83.557,0,791.5,39,,97.531,25.882,-8.5,5.469,0.88,0.879,-0.32,6040,14.51,12.941,0,,,,13.906,,,,,,,,,
2026-09-25T23:45:34.525,83.687,0,786.5,39,,97.5,25.49,-7.0,5.469,0.88,0.879,-0.324,6000,14.51,12.941,0,,,,,98,,,,,,,,
2026-09-25T23:45:34.655,83.817,0,783.5,39,,97.469,25.49,-7.5,5.469,0.88,0.878,-0.324,6000,14.51,12.941,0,,,,,,19,,,,,,,
2026-09-25T23:45:34.785,83.947,0,786.25,40,,97.469,26.275,-8.0,5.469,0.88,0.879,-0.324,6250,14.51,12.941,0,,,,,,,16.078,,,,,,
2026-09-25T23:45:34.916,84.077,0,785.5,40,,97.469,25.882,-7.5,5.469,0.88,0.88,-0.32,6350,14.51,12.941,0,,,,,,,,356.0,,,,,
2026-09-25T23:45:35.045,84.207,0,785.5,40,,97.469,26.667,-8.5,5.469,0.88,0.878,-0.328,6390,14.51,12.941,0,,,,,,,,,0.785,,,,
2026-09-25T23:45:35.175,84.337,0,791.0,40,,97.469,26.275,-8.5,5.469,0.88,0.873,-0.34,6370,14.51,12.941,0,,,,,,,,,,,0.0,,
2026-09-25T23:45:35.305,84.467,0,793.75,39,,97.5,26.275,-9.0,4.688,0.88,0.87,-0.352,6360,14.51,12.941,0,,,,,,,,,,,,27.059,
2026-09-25T23:45:35.435,84.597,0,792.75,39,,97.5,25.49,-7.0,3.906,0.888,0.868,-0.355,6310,14.51,12.941,0,,,,,,,,,,,,,114
2026-09-25T23:45:35.566,84.727,0,789.25,39,,97.469,25.882,-8.5,4.688,0.871,0.868,-0.355,6330,14.51,12.941,0,82,,,,,,,,,,,,
2026-09-25T23:45:35.695,84.857,0,793.0,41,,97.531,27.059,-8.5,4.688,0.891,0.884,-0.309,6590,14.51,12.941,0,,42,,,,,,,,,,,
2026-09-25T23:45:35.826,84.987,0,793.0,41,,97.469,27.059,-8.5,4.688,0.925,0.922,-0.207,6680,14.51,12.941,0,,,4.688,,,,,,,,,,
2026-09-25T23:45:35.955,85.117,0,792.25,41,,97.5,27.451,-8.5,4.688,0.958,0.954,-0.133,6900,14.51,12.941,0,,,,13.847,,,,,,,,,
2026-09-25T23:45:36.086,85.247,0,791.5,41,,97.5,26.667,-8.0,4.688,0.975,0.97,-0.098,6960,14.51,12.941,0,,,,,98,,,,,,,,
2026-09-25T23:45:36.215,85.377,0,786.75,40,,97.5,26.667,-7.5,3.906,0.986,0.975,-0.086,6850,14.51,12.941,0,,,,,,19,,,,,,,
2026-09-25T23:45:36.345,85.507,0,791.0,41,,97.5,27.059,-8.5,3.906,0.992,0.976,-0.082,6820,14.51,12.941,0,,,,,,,16.078,,,,,,
2026-09-25T23:45:36.476,85.637,0,791.25,41,,97.5,27.059,-7.5,3.906,0.995,0.979,-0.074,6900,14.51,12.941,0,,,,,,,,355.3,,,,,
2026-09-25T23:45:36.606,85.767,0,788.75,41,,97.531,26.667,-7.5,3.906,0.997,0.98,-0.07,6820,14.51,12.941,0,,,,,,,,,0.685,,,,
2026-09-25T23:45:36.736,85.897,0,789.75,41,,97.469,27.451,-8.0,3.906,0.998,0.983,-0.062,6840,14.51,12.941,0,,,,,,,,,,,0.0,,
2026-09-25T23:45:36.865,86.027,0,793.5,41,,97.531,27.059,-8.0,3.906,0.999,0.985,-0.059,6840,14.51,12.941,0,,,,,,,,,,,,28.235,
2026-09-25T23:45:36.996,86.157,0,794.75,41,,97.531,27.059,-8.5,3.125,0.999,0.983,-0.062,6830,14.51,12.941,0,,,,,,,,,,,,,115
2026-09-25T23:45:37.125,86.287,0,787.75,41,,97.531,27.059,-8.5,3.125,0.999,0.982,-0.062,6840,14.51,12.549,0,82,,,,,,,,,,,,
2026-09-25T23:45:37.255,86.417,0,791.25,41,,97.531,27.059,-8.0,3.125,0.999,0.981,-0.066,6800,14.51,12.549,0,,42,,,,,,,,,,,
2026-09-25T23:45:37.386,86.547,0,792.0,40,,97.531,27.059,-7.0,3.125,0.999,0.982,-0.066,6780,14.51,12.941,0,,,4.688,,,,,,,,,,
2026-09-25T23:45:37.536,86.697,0,784.75,41,,97.531,27.843,-7.0,3.125,0.999,0.98,-0.07,6810,14.51,12.941,0,,,,13.847,,,,,,,,,
2026-09-25T23:45:37.666,86.827,0,789.5,42,,97.531,27.843,-9.0,2.344,0.999,0.982,-0.066,6900,14.51,12.549,0,,,,,98,,,,,,,,
2026-09-25T23:45:37.795,86.957,0,788.0,41,,97.5,27.059,-8.0,2.344,0.999,0.982,-0.062,7000,14.51,12.941,0,,,,,,19,,,,,,,
2026-09-25T23:45:37.926,87.087,0,782.0,41,,97.5,27.059,-7.0,2.344,0.999,0.98,-0.07,6940,14.51,12.941,0,,,,,,,16.078,,,,,,
2026-09-25T23:45:38.055,87.217,0,787.75,42,,97.5,28.235,-8.5,2.344,0.999,0.98,-0.07,6990,14.51,12.941,0,,,,,,,,354.9,,,,,
2026-09-25T23:45:38.186,87.347,0,791.5,41,,97.5,27.843,-8.5,2.344,0.999,0.979,-0.074,7070,14.51,12.549,0,,,,,,,,,0.425,,,,
2026-09-25T23:45:38.316,87.477,0,795.75,41,,97.5,27.843,-9.0,1.562,0.999,0.979,-0.074,7070,14.51,12.549,0,,,,,,,,,,,0.0,,
2026-09-25T23:45:38.446,87.607,0,798.0,42,,97.5,27.451,-9.0,1.562,0.999,0.978,-0.078,7030,14.51,12.549,0,,,,,,,,,,,,27.843,
2026-09-25T23:45:38.575,87.737,0,782.5,41,,97.469,26.667,-6.5,1.562,0.999,0.975,-0.086,6990,14.51,12.941,0,,,,,,,,,,,,,117
2026-09-25T23:45:38.705,87.867,0,789.0,41,,97.438,27.843,-8.0,0.781,0.999,0.972,-0.094,7020,14.51,12.549,0,83,,,,,,,,,,,,
2026-09-25T23:45:38.835,87.997,0,794.25,42,,97.469,27.451,-8.5,0.781,0.999,0.968,-0.102,7010,14.51,12.941,0,,42,,,,,,,,,,,
2026-09-25T23:45:38.965,88.127,0,795.0,41,,97.5,27.843,-9.0,0.0,0.999,0.966,-0.105,6950,14.51,12.941,0,,,4.688,,,,,,,,,,
2026-09-25T23:45:39.096,88.257,0,799.75,42,,97.5,27.843,-10.0,0.0,0.999,0.965,-0.105,7070,14.51,12.549,0,,,,13.906,,,,,,,,,
2026-09-25T23:45:39.225,88.387,0,795.25,41,,97.5,27.451,-9.0,0.0,0.999,0.964,-0.109,7120,14.51,12.549,0,,,,,98,,,,,,,,
2026-09-25T23:45:39.356,88.517,0,797.5,41,,97.5,27.059,-8.5,0.0,0.999,0.957,-0.125,6980,14.51,12.941,0,,,,,,19,,,,,,,
2026-09-25T23:45:39.486,88.647,0,795.25,42,,97.5,27.451,-9.0,-0.781,0.999,0.951,-0.137,6880,14.51,12.549,0,,,,,,,16.078,,,,,,
2026-09-25T23:45:39.616,88.777,0,791.75,42,,97.5,27.059,-7.0,-0.781,0.999,0.952,-0.137,6950,14.51,12.941,0,,,,,,,,354.4,,,,,
2026-09-25T23:45:39.745,88.907,0,794.25,42,,97.5,28.235,-9.0,-1.562,0.999,0.95,-0.141,6910,14.51,12.549,0,,,,,,,,,0.815,,,,
2026-09-25T23:45:39.876,89.037,0,793.5,42,,97.5,27.843,-8.5,-2.344,0.999,0.948,-0.145,7110,14.51,12.549,0,,,,,,,,,,,0.0,,
2026-09-25T23:45:40.006,89.167,0,791.75,42,,97.5,27.843,-8.5,-3.125,0.999,0.943,-0.156,7070,14.51,12.549,0,,,,,,,,,,,,28.627,
2026-09-25T23:45:40.135,89.297,0,797.25,42,,97.531,27.451,-8.5,-3.125,0.999,0.94,-0.164,7000,14.51,12.549,0,,,,,,,,,,,,,119
2026-09-25T23:45:40.265,89.427,0,798.25,41,,97.5,27.059,-9.0,-3.906,0.999,0.938,-0.168,6950,14.51,12.549,0,83,,,,,,,,,,,,
2026-09-25T23:45:40.396,89.557,0,795.75,42,,97.531,27.451,-8.5,-4.688,0.999,0.933,-0.184,6940,14.51,12.549,0,,42,,,,,,,,,,,
2026-09-25T23:45:40.526,89.687,0,798.0,41,,97.531,27.059,-9.0,-5.469,0.999,0.93,-0.188,6970,14.51,12.549,0,,,5.469,,,,,,,,,,
2026-09-25T23:45:40.656,89.817,0,797.25,42,,97.531,27.843,-8.5,-5.469,0.999,0.929,-0.191,6980,14.51,12.549,0,,,,13.847,,,,,,,,,
2026-09-25T23:45:40.786,89.947,0,790.0,42,,97.531,27.451,-8.0,-6.25,0.999,0.933,-0.18,7040,14.51,12.549,0,,,,,98,,,,,,,,
2026-09-25T23:45:40.916,90.077,0,794.75,42,,97.531,27.843,-8.5,-7.031,0.999,0.934,-0.18,7090,14.51,12.549,0,,,,,,19,,,,,,,
2026-09-25T23:45:41.046,90.207,0,801.0,42,,97.531,27.451,-9.5,-7.031,0.999,0.934,-0.18,7110,14.51,12.549,0,,,,,,,16.078,,,,,,
2026-09-25T23:45:41.176,90.337,0,801.25,42,,97.531,27.451,-10.0,-7.812,0.999,0.933,-0.184,7090,14.51,12.549,0,,,,,,,,353.9,,,,,
2026-09-25T23:45:41.306,90.467,0,795.75,42,,97.531,27.843,-8.5,-8.594,0.999,0.932,-0.184,7090,14.51,12.549,0,,,,,,,,,0.845,,,,
2026-09-25T23:45:41.435,90.597,0,794.75,42,,97.5,27.843,-9.0,-8.594,0.999,0.934,-0.18,7120,14.51,12.549,0,,,,,,,,,,,0.0,,
2026-09-25T23:45:41.565,90.726,0,790.75,42,,97.531,28.235,-8.5,-9.375,0.999,0.937,-0.172,7120,14.51,12.549,0,,,,,,,,,,,,28.627,
2026-09-25T23:45:41.696,90.857,0,791.0,42,,97.5,27.843,-7.5,-9.375,0.999,0.944,-0.152,7120,14.51,12.549,0,,,,,,,,,,,,,120
2026-09-25T23:45:41.826,90.987,0,789.75,42,,97.531,28.235,-8.0,-10.156,0.999,0.948,-0.145,7140,14.51,12.549,0,83,,,,,,,,,,,,
2026-09-25T23:45:41.965,91.127,0,786.0,42,,97.531,27.843,-8.0,-10.156,0.999,0.95,-0.141,7170,14.51,12.549,0,,42,,,,,,,,,,,
2026-09-25T23:45:42.095,91.257,0,791.25,42,,97.5,28.235,-8.5,-10.156,0.999,0.954,-0.133,7190,14.51,12.549,0,,,5.469,,,,,,,,,,
2026-09-25T23:45:42.226,91.387,0,795.5,42,,97.531,27.843,-8.5,-10.938,0.999,0.953,-0.133,7240,14.51,12.549,0,,,,13.847,,,,,,,,,
2026-09-25T23:45:42.356,91.517,0,792.5,42,,97.5,28.235,-8.5,-10.938,0.999,0.962,-0.113,7240,14.51,12.549,0,,,,,98,,,,,,,,
2026-09-25T23:45:42.486,91.647,0,792.0,42,,97.531,27.843,-8.5,-10.938,0.999,0.965,-0.105,7210,14.51,12.549,0,,,,,,19,,,,,,,
2026-09-25T23:45:42.625,91.787,0,785.5,42,,97.531,28.235,-7.0,-10.938,0.999,0.975,-0.086,7130,14.51,12.549,0,,,,,,,16.078,,,,,,
2026-09-25T23:45:42.755,91.917,0,788.0,43,,97.531,28.235,-7.0,-10.938,0.999,0.979,-0.074,7130,14.51,12.941,0,,,,,,,,353.5,,,,,
2026-09-25T23:45:42.886,92.047,0,792.0,43,,97.531,28.627,-9.0,-10.938,0.999,0.983,-0.062,7190,14.51,12.941,0,,,,,,,,,0.825,,,,
2026-09-25T23:45:43.016,92.177,0,794.5,43,,97.531,28.627,-9.5,-10.938,0.999,0.985,-0.059,7430,14.51,12.549,0,,,,,,,,,,,0.0,,
2026-09-25T23:45:43.145,92.307,0,798.5,43,,97.531,28.627,-10.0,-10.938,0.999,0.986,-0.055,7540,14.51,12.549,0,,,,,,,,,,,,29.412,
2026-09-25T23:45:43.276,92.437,0,790.25,43,,97.531,28.235,-7.5,-10.938,0.999,0.988,-0.051,7490,14.51,12.941,0,,,,,,,,,,,,,122
2026-09-25T23:45:43.405,92.567,0,790.0,42,,97.531,28.627,-7.5,-10.156,0.999,0.995,-0.031,7390,14.51,12.941,0,84,,,,,,,,,,,,
2026-09-25T23:45:43.535,92.697,0,784.5,43,,97.531,29.02,-7.5,-10.156,0.999,1.002,-0.02,7360,14.51,12.549,0,,42,,,,,,,,,,,
2026-09-25T23:45:43.666,92.827,0,786.5,44,,97.531,28.627,-7.0,-9.375,0.999,1.02,0.0,7410,14.51,12.941,0,,,5.469,,,,,,,,,,
2026-09-25T23:45:43.797,92.958,0,790.75,43,,97.531,28.627,-7.5,-9.375,0.999,1.011,-0.008,7430,14.51,12.941,0,,,,13.867,,,,,,,,,
2026-09-25T23:45:43.926,93.087,0,789.25,43,,97.531,29.02,-8.5,-9.375,0.999,1.011,-0.008,7500,14.51,12.941,0,,,,,98,,,,,,,,
2026-09-25T23:45:44.055,93.217,0,790.5,43,,97.531,28.627,-7.5,-9.375,0.999,1.012,-0.008,7520,14.51,12.549,0,,,,,,19,,,,,,,
2026-09-25T23:45:44.185,93.347,0,788.25,43,,97.531,28.627,-7.0,-9.375,0.999,1.021,0.0,7520,14.51,12.941,0,,,,,,,16.078,,,,,,
2026-09-25T23:45:44.316,93.477,0,790.75,44,,97.531,28.627,-8.0,-8.594,0.999,1.022,0.0,7500,14.51,12.549,0,,,,,,,,353.1,,,,,
2026-09-25T23:45:44.445,93.607,0,793.75,43,,97.531,28.235,-8.5,-8.594,0.999,1.021,0.0,7480,14.51,12.549,0,,,,,,,,,0.75,,,,
2026-09-25T23:45:44.576,93.737,0,785.25,43,,97.531,28.627,-7.0,-7.812,0.999,1.025,0.004,7490,14.51,12.941,0,,,,,,,,,,,0.0,,
2026-09-25T23:45:44.706,93.867,0,781.25,43,,97.531,29.02,-6.0,-7.812,0.999,1.027,0.008,7490,14.51,12.941,0,,,,,,,,,,,,29.804,
2026-09-25T23:45:44.835,93.997,0,783.25,44,,97.531,29.804,-8.0,-7.812,0.999,1.027,0.008,7560,14.51,12.941,0,,,,,,,,,,,,,123
2026-09-25T23:45:44.965,94.127,0,793.0,44,,97.531,29.02,-9.5,-7.812,0.999,1.021,0.0,7680,14.51,12.549,0,84,,,,,,,,,,,,
2026-09-25T23:45:45.096,94.257,0,795.0,44,,97.531,29.02,-8.5,-7.812,0.999,1.015,-0.004,7730,14.51,12.549,0,,42,,,,,,,,,,,
2026-09-25T23:45:45.226,94.387,0,785.0,43,,97.531,28.235,-6.5,-7.031,0.999,1.02,0.0,7610,14.51,12.941,0,,,5.469,,,,,,,,,,
2026-09-25T23:45:45.356,94.517,0,787.0,43,,97.531,29.02,-7.0,-7.031,0.999,1.025,0.004,7440,14.51,12.941,0,,,,13.828,,,,,,,,,
2026-09-25T23:45:45.485,94.647,0,788.75,44,,97.531,29.412,-8.0,-6.25,0.999,1.034,0.016,7540,14.51,12.941,0,,,,,98,,,,,,,,
2026-09-25T23:45:45.616,94.777,0,795.0,45,,97.531,29.412,-9.5,-6.25,0.999,1.028,0.008,7650,14.51,12.549,0,,,,,,19,,,,,,,
2026-09-25T23:45:45.745,94.907,0,794.75,44,,97.531,29.412,-9.0,-7.031,0.999,1.013,-0.008,7740,14.51,12.549,0,,,,,,,16.078,,,,,,
2026-09-25T23:45:45.875,95.037,0,796.25,44,,97.531,28.627,-8.5,-7.031,0.999,1.009,-0.012,7700,14.51,12.549,0,,,,,,,,352.8,,,,,
2026-09-25T23:45:46.005,95.167,0,794.75,43,,97.531,28.627,-7.5,-7.031,0.999,1.006,-0.016,7550,14.51,12.941,0,,,,,,,,,0.745,,,,
2026-09-25T23:45:46.136,95.297,0,788.25,44,,97.5,29.412,-8.5,-6.25,0.999,1.018,-0.004,7440,14.51,12.549,0,,,,,,,,,,,0.0,,
2026-09-25T23:45:46.266,95.427,0,793.75,44,,97.531,28.627,-8.0,-6.25,0.999,1.021,0.0,7400,14.51,12.941,0,,,,,,,,,,,,29.02,
2026-09-25T23:45:46.396,95.557,0,803.25,43,,97.531,28.235,-8.5,-6.25,0.999,1.013,-0.008,7270,14.51,12.941,0,,,,,,,,,,,,,125
2026-09-25T23:45:46.526,95.687,0,793.25,44,,97.531,29.02,-8.0,-6.25,0.999,1.011,-0.008,7320,14.51,12.549,0,84,,,,,,,,,,,,
2026-09-25T23:45:46.656,95.817,0,796.25,43,,97.531,28.627,-8.5,-6.25,0.999,1.005,-0.016,7460,14.51,12.549,0,,42,,,,,,,,,,,
2026-09-25T23:45:46.785,95.947,0,795.5,44,,97.531,29.02,-8.5,-6.25,0.999,1.003,-0.016,7490,14.51,12.549,0,,,5.469,,,,,,,,,,
2026-09-25T23:45:46.915,96.077,0,798.75,43,,97.531,28.235,-8.5,-6.25,0.999,0.997,-0.027,7510,14.51,12.549,0,,,,13.808,,,,,,,,,
2026-09-25T23:45:47.045,96.207,0,800.0,43,,97.531,28.627,-9.0,-6.25,0.999,0.999,-0.023,7510,14.51,12.549,0,,,,,98,,,,,,,,
2026-09-25T23:45:47.176,96.337,0,803.0,43,,97.531,28.627,-9.0,-6.25,0.999,0.998,-0.023,7510,14.51,12.549,0,,,,,,19,,,,,,,
2026-09-25T23:45:47.305,96.467,0,795.75,43,,97.531,28.627,-8.5,-6.25,0.999,1.003,-0.016,7450,14.51,12.549,0,,,,,,,16.078,,,,,,
2026-09-25T23:45:47.435,96.597,0,791.75,43,,97.531,28.627,-7.5,-6.25,0.999,1.003,-0.016,7420,14.51,12.549,0,,,,,,,,352.5,,,,,
2026-09-25T23:45:47.566,96.727,0,791.5,43,,97.531,28.627,-8.0,-6.25,0.999,1.0,-0.02,7440,14.51,12.549,0,,,,,,,,,0.745,,,,
2026-09-25T23:45:47.706,96.867,0,793.75,43,,97.531,28.627,-8.0,-6.25,0.999,1.0,-0.02,7420,14.51,12.549,0,,,,,,,,,,,0.0,,
2026-09-25T23:45:47.835,96.997,0,793.25,44,,97.531,28.627,-8.0,-6.25,0.999,0.999,-0.023,7420,14.51,12.549,0,,,,,,,,,,,,29.804,
2026-09-25T23:45:47.965,97.127,0,795.5,43,,97.531,28.627,-8.5,-6.25,0.999,1.001,-0.02,7460,14.51,12.549,0,,,,,,,,,,,,,126
2026-09-25T23:45:48.095,97.257,0,794.75,44,,97.531,28.627,-8.5,-6.25,0.999,0.999,-0.023,7490,14.51,12.549,0,85,,,,,,,,,,,,
2026-09-25T23:45:48.225,97.387,0,800.0,43,,97.531,28.627,-9.0,-6.25,0.999,0.999,-0.023,7520,14.51,12.941,0,,42,,,,,,,,,,,
2026-09-25T23:45:48.356,97.517,0,806.25,44,,97.531,28.627,-10.0,-6.25,0.999,0.999,-0.023,7560,14.51,12.941,0,,,5.469,,,,,,,,,,
2026-09-25T23:45:48.485,97.647,0,797.25,44,,97.531,29.02,-9.0,-6.25,0.999,0.998,-0.027,7600,14.51,12.549,0,,,,13.847,,,,,,,,,
2026-09-25T23:45:48.616,97.777,0,793.25,44,,97.531,29.02,-8.5,-6.25,0.999,0.992,-0.039,7600,14.51,12.549,0,,,,,98,,,,,,,,
2026-09-25T23:45:48.746,97.907,0,796.5,44,,97.531,29.02,-8.0,-7.031,0.999,0.99,-0.043,7610,14.51,12.549,0,,,,,,19,,,,,,,
2026-09-25T23:45:48.876,98.037,0,797.5,44,,97.531,29.02,-8.5,-7.031,0.999,0.991,-0.043,7630,14.51,12.549,0,,,,,,,16.078,,,,,,
2026-09-25T23:45:49.005,98.167,0,799.75,44,,97.531,28.627,-9.0,-7.031,0.999,0.991,-0.043,7630,14.51,12.549,0,,,,,,,,352.4,,,,,
2026-09-25T23:45:49.136,98.297,0,796.75,44,,97.531,29.02,-8.5,-7.031,0.999,0.989,-0.047,7610,14.51,12.549,0,,,,,,,,,0.75,,,,
2026-09-25T23:45:49.265,98.427,0,797.25,44,,97.531,29.02,-8.5,-7.031,0.999,0.989,-0.047,7620,14.51,12.549,0,,,,,,,,,,,0.0,,
2026-09-25T23:45:49.395,98.557,0,798.75,44,,97.531,29.02,-8.5,-7.031,0.999,0.988,-0.051,7570,14.51,12.549,0,,,,,,,,,,,,29.412,
2026-09-25T23:45:49.525,98.687,0,792.5,44,,97.531,28.627,-7.5,-7.031,0.999,0.987,-0.051,7540,14.51,12.941,0,,,,,,,,,,,,,128
2026-09-25T23:45:49.655,98.817,0,792.75,44,,97.531,29.02,-7.5,-7.031,0.999,0.99,-0.047,7540,14.51,12.941,0,85,,,,,,,,,,,,
2026-09-25T23:45:49.786,98.947,0,793.5,44,,97.531,29.412,-8.0,-7.031,0.999,0.994,-0.035,7670,14.51,12.941,0,,42,,,,,,,,,,,
2026-09-25T23:45:49.916,99.077,0,794.75,44,,97.531,29.412,-8.5,-7.031,0.999,0.993,-0.039,7750,14.51,12.549,0,,,5.469,,,,,,,,,,
2026-09-25T23:45:50.046,99.207,0,802.0,44,,97.531,29.02,-8.5,-7.031,0.999,0.99,-0.047,7780,14.51,12.549,0,,,,13.847,,,,,,,,,
2026-09-25T23:45:50.176,99.338,0,799.5,44,,97.531,28.627,-8.0,-7.812,0.999,0.989,-0.047,7750,14.51,12.549,0,,,,,98,,,,,,,,
2026-09-25T23:45:50.306,99.467,0,797.75,44,,97.531,29.02,-8.0,-7.031,0.999,0.996,-0.031,7680,14.51,12.549,0,,,,,,19,,,,,,,
2026-09-25T23:45:50.435,99.597,0,795.5,44,,97.531,29.02,-8.5,-7.031,0.999,0.999,-0.023,7700,14.51,12.549,0,,,,,,,16.078,,,,,,
2026-09-25T23:45:50.565,99.727,0,797.25,44,,97.531,29.412,-8.5,-7.031,0.999,1.002,-0.02,7710,14.51,12.549,0,,,,,,,,352.3,,,,,
2026-09-25T23:45:50.696,99.857,0,798.5,44,,97.531,29.02,-8.0,-7.031,0.999,1.004,-0.016,7760,14.51,12.549,0,,,,,,,,,0.755,,,,
2026-09-25T23:45:50.825,99.987,0,799.5,44,,97.531,29.412,-8.5,-7.031,0.999,1.0,-0.02,7740,14.51,12.941,0,,,,,,,,,,,0.0,,
2026-09-25T23:45:50.966,100.128,0,799.0,44,,97.531,29.02,-8.5,-7.031,0.999,0.999,-0.023,7770,14.51,12.941,0,,,,,,,,,,,,30.196,
2026-09-25T23:45:51.096,100.257,0,798.75,44,,97.531,29.412,-8.5,-7.031,0.999,0.997,-0.027,7810,14.51,12.941,0,,,,,,,,,,,,,129
2026-09-25T23:45:51.225,100.387,0,799.25,44,,97.531,29.412,-8.0,-7.031,0.999,1.0,-0.02,7810,14.51,12.941,0,85,,,,,,,,,,,,
2026-09-25T23:45:51.356,100.517,0,799.5,44,,97.531,29.02,-8.0,-7.031,0.999,1.005,-0.016,7810,14.51,12.941,0,,42,,,,,,,,,,,
2026-09-25T23:45:51.485,100.647,0,795.75,44,,97.531,29.412,-8.0,-7.031,0.999,1.005,-0.016,7840,14.51,12.941,0,,,5.469,,,,,,,,,,
2026-09-25T23:45:51.615,100.776,0,795.25,44,,97.531,29.412,-8.0,-6.25,0.999,1.011,-0.008,7870,14.51,12.941,0,,,,13.867,,,,,,,,,
2026-09-25T23:45:51.745,100.907,0,802.5,44,,97.531,29.412,-9.0,-6.25,0.999,1.009,-0.012,7860,14.51,12.549,0,,,,,98,,,,,,,,
2026-09-25T23:45:51.875,101.037,0,802.75,44,,97.531,29.02,-8.5,-6.25,0.999,1.011,-0.008,7880,14.51,12.941,0,,,,,,19,,,,,,,
2026-09-25T23:45:52.005,101.167,0,803.5,44,,97.531,29.412,-9.0,-6.25,0.999,1.01,-0.012,7840,14.51,12.941,0,,,,,,,16.078,,,,,,
2026-09-25T23:45:52.135,101.297,0,798.25,44,,97.5,29.02,-8.5,-6.25,0.999,1.011,-0.008,7790,14.51,12.941,0,,,,,,,,352.2,,,,,
2026-09-25T23:45:52.266,101.427,0,804.0,44,,97.531,29.412,-8.5,-5.469,0.999,1.017,-0.004,7790,14.51,12.941,0,,,,,,,,,0.745,,,,
2026-09-25T23:45:52.395,101.557,0,813.0,44,,97.531,29.412,-9.0,-5.469,0.999,1.014,-0.008,7790,14.51,12.941,0,,,,,,,,,,,0.0,,
2026-09-25T23:45:52.525,101.687,0,809.75,44,,97.531,29.02,-10.0,-5.469,0.999,1.009,-0.012,7780,14.51,12.941,0,,,,,,,,,,,,30.588,
2026-09-25T23:45:52.655,101.817,0,802.0,44,,97.531,29.412,-8.0,-5.469,0.999,1.005,-0.016,7770,14.51,12.941,0,,,,,,,,,,,,,131
2026-09-25T23:45:52.826,101.987,0,793.75,44,,97.531,29.412,-8.5,-5.469,0.999,1.01,-0.012,7810,14.51,12.549,0,85,,,,,,,,,,,,
2026-09-25T23:45:52.965,102.126,0,798.75,44,,97.531,29.02,-8.5,-5.469,0.999,1.012,-0.008,7720,14.51,12.549,0,,42,,,,,,,,,,,
2026-09-25T23:45:53.095,102.257,0,796.75,44,,97.531,29.02,-7.0,-5.469,0.999,1.017,-0.004,7670,14.51,12.549,0,,,5.469,,,,,,,,,,
2026-09-25T23:45:53.225,102.386,0,803.5,44,,97.531,29.02,-8.5,-4.688,0.999,1.015,-0.004,7670,14.51,12.941,0,,,,13.789,,,,,,,,,
2026-09-25T23:45:53.355,102.517,0,798.0,44,,97.531,29.412,-8.5,-4.688,0.999,1.017,-0.004,7710,14.51,12.549,0,,,,,98,,,,,,,,
2026-09-25T23:45:53.485,102.646,0,804.0,44,,97.531,29.02,-8.5,-4.688,0.999,1.015,-0.004,7750,14.51,12.941,0,,,,,,19,,,,,,,
2026-09-25T23:45:53.615,102.777,0,804.75,44,,97.531,29.02,-8.5,-4.688,0.999,1.013,-0.008,7740,14.51,12.941,0,,,,,,,16.078,,,,,,
2026-09-25T23:45:53.745,102.906,0,796.0,44,,97.531,29.02,-8.5,-4.688,0.999,1.013,-0.008,7720,14.51,12.941,0,,,,,,,,352.3,,,,,
2026-09-25T23:45:53.876,103.037,0,797.75,45,,97.531,29.412,-8.5,-4.688,0.999,1.016,-0.004,7740,14.51,12.941,0,,,,,,,,,0.745,,,,
2026-09-25T23:45:54.005,103.167,0,798.25,44,,97.531,29.02,-8.5,-3.906,0.999,1.017,-0.004,7790,14.51,12.941,0,,,,,,,,,,,0.0,,
2026-09-25T23:45:54.135,103.297,0,802.5,44,,97.531,29.02,-9.0,-3.906,0.999,1.014,-0.008,7780,14.51,12.549,0,,,,,,,,,,,,30.196,
2026-09-25T23:45:54.266,103.427,0,801.0,44,,97.531,29.02,-8.5,-3.906,0.999,1.011,-0.008,7800,14.51,12.941,0,,,,,,,,,,,,,133
2026-09-25T23:45:54.396,103.557,0,800.0,44,,97.531,29.02,-9.0,-3.906,0.999,1.008,-0.012,7710,14.51,12.941,0,86,,,,,,,,,,,,
2026-09-25T23:45:54.525,103.686,0,799.25,44,,97.531,29.02,-8.5,-3.906,0.999,1.012,-0.008,7660,14.51,12.549,0,,42,,,,,,,,,,,
2026-09-25T23:45:54.656,103.817,0,791.75,44,,97.531,29.02,-7.0,-3.125,0.999,1.02,0.0,7650,14.51,12.549,0,,,5.469,,,,,,,,,,
2026-09-25T23:45:54.785,103.946,0,792.0,44,,97.531,29.02,-8.0,-3.125,0.999,1.018,-0.004,7620,14.51,12.941,0,,,,13.906,,,,,,,,,
2026-09-25T23:45:54.915,104.077,0,795.75,44,,97.531,29.02,-8.5,-3.125,0.999,1.014,-0.008,7600,14.51,12.549,0,,,,,98,,,,,,,,
2026-09-25T23:45:55.045,104.206,0,798.25,44,,97.531,29.02,-8.5,-3.125,0.999,1.015,-0.004,7630,14.51,12.549,0,,,,,,19,,,,,,,
2026-09-25T23:45:55.175,104.336,0,800.5,44,,97.531,29.02,-8.5,-3.125,0.999,1.008,-0.012,7650,14.51,12.549,0,,,,,,,16.078,,,,,,
2026-09-25T23:45:55.306,104.467,0,799.25,44,,97.531,29.02,-8.5,-3.125,0.999,1.01,-0.012,7580,14.51,12.549,0,,,,,,,,352.3,,,,,
2026-09-25T23:45:55.435,104.596,0,795.5,44,,97.531,28.627,-7.5,-3.125,0.999,1.011,-0.008,7540,14.51,12.549,0,,,,,,,,,0.745,,,,
2026-09-25T23:45:55.566,104.727,0,791.0,44,,97.531,29.02,-7.5,-3.125,0.999,1.014,-0.008,7550,14.51,12.549,0,,,,,,,,,,,0.0,,
2026-09-25T23:45:55.696,104.857,0,799.25,44,,97.531,29.02,-8.5,-3.125,0.999,1.009,-0.012,7540,14.51,12.549,0,,,,,,,,,,,,29.804,
2026-09-25T23:45:55.826,104.987,0,793.5,44,,97.531,29.02,-8.5,-2.344,0.999,1.01,-0.012,7590,14.51,12.549,0,,,,,,,,,,,,,134
2026-09-25T23:45:55.965,105.126,0,795.5,44,,97.531,29.02,-8.0,-2.344,0.999,1.007,-0.012,7620,14.51,12.549,0,86,,,,,,,,,,,,
2026-09-25T23:45:56.096,105.257,0,798.75,44,,97.531,29.02,-8.0,-2.344,0.999,1.008,-0.012,7600,14.51,12.549,0,,42,,,,,,,,,,,
2026-09-25T23:45:56.225,105.387,0,795.5,44,,97.531,29.02,-8.5,-2.344,0.999,1.007,-0.012,7590,14.51,12.549,0,,,4.688,,,,,,,,,,
2026-09-25T23:45:56.356,105.517,0,794.75,44,,97.531,29.02,-8.0,-2.344,0.999,1.011,-0.008,7600,14.51,12.549,0,,,,13.828,,,,,,,,,
2026-09-25T23:45:56.486,105.647,0,797.0,44,,97.531,29.02,-8.5,-2.344,0.999,1.012,-0.008,7610,14.51,12.549,0,,,,,98,,,,,,,,
2026-09-25T23:45:56.616,105.777,0,799.5,44,,97.531,28.627,-8.5,-2.344,0.999,1.011,-0.008,7570,14.51,12.549,0,,,,,,19,,,,,,,
2026-09-25T23:45:56.745,105.906,0,797.25,44,,97.531,29.02,-8.5,-2.344,0.999,1.011,-0.008,7550,14.51,12.549,0,,,,,,,16.078,,,,,,
2026-09-25T23:45:56.875,106.036,0,797.25,44,,97.531,29.02,-8.5,-2.344,0.999,1.009,-0.012,7560,14.51,12.549,0,,,,,,,,352.5,,,,,
2026-09-25T23:45:57.005,106.166,0,795.0,44,,97.531,29.02,-7.5,-2.344,0.999,1.009,-0.012,7580,14.51,12.549,0,,,,,,,,,0.74,,,,
2026-09-25T23:45:57.135,106.296,0,794.25,44,,97.531,29.02,-8.0,-1.562,0.999,1.009,-0.012,7570,14.51,12.549,0,,,,,,,,,,,0.0,,
2026-09-25T23:45:57.265,106.426,0,799.25,44,,97.531,28.627,-8.5,-1.562,0.999,1.01,-0.012,7550,14.51,12.549,0,,,,,,,,,,,,30.196,
2026-09-25T23:45:57.395,106.556,0,800.75,44,,97.531,29.02,-8.5,-1.562,0.999,1.009,-0.012,7560,14.51,12.549,0,,,,,,,,,,,,,136
2026-09-25T23:45:57.526,106.687,0,799.5,44,,97.531,29.02,-8.5,-1.562,0.999,1.008,-0.012,7590,14.51,12.549,0,86,,,,,,,,,,,,
2026-09-25T23:45:57.655,106.816,0,793.25,44,,97.531,29.02,-8.5,-1.562,0.999,1.007,-0.012,7590,14.51,12.549,0,,42,,,,,,,,,,,
2026-09-25T23:45:57.786,106.947,0,794.0,44,,97.531,28.627,-8.0,-1.562,0.999,1.008,-0.012,7580,14.51,12.549,0,,,4.688,,,,,,,,,,
2026-09-25T23:45:57.925,107.086,0,798.75,44,,97.531,29.02,-8.5,-1.562,0.999,1.012,-0.008,7610,14.51,12.549,0,,,,13.828,,,,,,,,,
2026-09-25T23:45:58.055,107.216,0,798.0,44,,97.5,28.627,-8.0,-1.562,0.999,1.01,-0.012,7540,14.51,12.549,0,,,,,98,,,,,,,,
2026-09-25T23:45:58.185,107.346,0,793.25,44,,97.531,28.627,-7.5,-0.781,0.999,1.014,-0.008,7510,14.51,12.549,0,,,,,,19,,,,,,,
2026-09-25T23:45:58.315,107.476,0,796.75,44,,97.531,28.627,-8.0,-0.781,0.999,1.014,-0.008,7500,14.51,12.549,0,,,,,,,16.078,,,,,,
2026-09-25T23:45:58.446,107.607,0,795.75,44,,97.531,29.02,-8.5,-0.781,0.999,1.016,-0.004,7510,14.51,12.549,0,,,,,,,,352.6,,,,,
2026-09-25T23:45:58.576,107.737,0,801.75,44,,97.531,29.02,-9.0,-0.781,0.999,1.015,-0.004,7510,14.51,12.549,0,,,,,,,,,0.735,,,,
2026-09-25T23:45:58.705,107.866,0,796.25,44,,97.531,29.02,-7.0,-0.781,0.999,1.009,-0.012,7510,14.51,12.549,0,,,,,,,,,,,0.0,,
2026-09-25T23:45:58.835,107.997,0,790.25,44,,97.531,29.02,-7.0,-0.781,0.999,1.01,-0.012,7530,14.51,12.549,0,,,,,,,,,,,,29.804,
2026-09-25T23:45:58.965,108.126,0,796.25,44,,97.531,28.627,-4.0,-0.781,0.999,1.008,-0.012,7530,14.51,14.51,0,,,,,,,,,,,,,137
2026-09-25T23:45:59.096,108.257,0,815.5,44,,97.531,29.804,2.0,-0.781,0.999,1.009,-0.012,7680,14.51,13.725,0,86,,,,,,,,,,,,
2026-09-25T23:45:59.225,108.386,0,854.0,56,,97.438,36.078,-6.5,0.0,0.999,1.021,0.0,8320,14.51,14.118,0,,42,,,,,,,,,,,
2026-09-25T23:45:59.355,108.517,0,901.75,55,,97.531,36.471,-5.5,0.0,1.0,1.02,0.0,8990,15.686,14.51,0,,,3.125,,,,,,,,,,
2026-09-25T23:45:59.485,108.646,0,895.5,54,,97.469,36.471,-4.5,0.0,1.0,1.005,-0.016,9310,18.824,15.294,0,,,,13.769,,,,,,,,,
2026-09-25T23:45:59.615,108.776,0,852.25,57,,97.469,41.176,-1.0,0.0,1.0,0.999,-0.02,9850,19.608,14.902,1,,,,,98,,,,,,,,
2026-09-25T23:45:59.745,108.906,0,831.25,60,,97.531,43.137,0.5,0.0,1.001,0.999,-0.023,10510,20.392,14.118,2,,,,,,20,,,,,,,
2026-09-25T23:45:59.875,109.036,0,829.75,62,,97.531,42.745,4.0,0.0,1.001,1.014,-0.008,11070,22.745,15.294,2,,,,,,,16.078,,,,,,
2026-09-25T23:46:00.006,109.167,0,843.0,61,,97.531,45.882,3.5,0.0,1.001,1.024,0.004,11780,23.137,15.294,2,,,,,,,,352.8,,,,,
2026-09-25T23:46:00.136,109.297,0,866.5,66,,97.531,46.667,-1.0,0.0,1.001,1.021,0.0,12440,23.137,15.294,3,,,,,,,,,0.75,,,,
2026-09-25T23:46:00.265,109.427,0,924.25,66,,97.531,45.098,-0.5,0.0,1.001,1.015,-0.004,13090,23.922,15.686,3,,,,,,,,,,,0.0,,
2026-09-25T23:46:00.395,109.556,0,1001.75,64,,97.562,43.529,0.0,0.0,1.001,1.003,-0.016,13670,25.098,15.294,4,,,,,,,,,,,,46.275,
2026-09-25T23:46:00.526,109.687,0,1062.5,61,,97.875,37.647,-1.0,0.0,1.001,0.991,-0.043,14220,25.882,14.902,4,,,,,,,,,,,,,139
2026-09-25T23:46:00.655,109.817,0,1105.25,57,,97.875,33.333,5.5,0.0,1.001,0.986,-0.055,13970,26.275,14.902,4,87,,,,,,,,,,,,
2026-09-25T23:46:00.786,109.947,0,1106.25,55,,98.094,31.373,10.0,0.0,1.0,0.994,-0.035,13640,26.275,14.902,5,,42,,,,,,,,,,,
2026-09-25T23:46:00.915,110.076,0,1076.5,53,,97.938,32.941,6.0,0.0,1.0,0.995,-0.035,13370,26.667,14.902,5,,,3.125,,,,,,,,,,
2026-09-25T23:46:01.045,110.206,0,1062.5,54,,98.062,34.118,6.0,0.0,1.0,0.99,-0.047,12990,27.451,15.686,6,,,,13.886,,,,,,,,,
2026-09-25T23:46:01.176,110.337,0,1083.75,57,,97.969,35.294,9.5,0.0,1.0,0.99,-0.043,13080,29.02,16.078,6,,,,,98,,,,,,,,
2026-09-25T23:46:01.305,110.467,0,1105.5,59,,97.906,35.686,9.5,-0.781,1.0,0.989,-0.047,13430,30.196,17.255,7,,,,,,20,,,,,,,
2026-09-25T23:46:01.435,110.596,0,1111.75,65,,97.875,38.824,10.5,-0.781,1.0,0.985,-0.059,13910,30.98,18.824,7,,,,,,,16.078,,,,,,
2026-09-25T23:46:01.565,110.727,0,1154.5,73,,97.844,41.961,10.5,-0.781,1.0,0.993,-0.035,14540,30.98,19.608,8,,,,,,,,352.5,,,,,
2026-09-25T23:46:01.695,110.856,0,1189.0,78,,97.875,42.353,10.0,-0.781,1.0,0.997,-0.027,15360,30.98,19.608,9,,,,,,,,,0.765,,,,
2026-09-25T23:46:01.825,110.986,0,1237.0,80,,98.375,39.608,11.5,0.0,1.001,1.006,-0.016,15890,30.98,20.0,9,,,,,,,,,,,0.0,,
2026-09-25T23:46:01.965,111.126,0,1262.5,81,,98.5,38.824,11.0,0.0,0.997,1.02,0.0,15840,30.98,20.392,10,,,,,,,,,,,,55.686,
2026-09-25T23:46:02.096,111.257,0,1322.75,81,,98.812,37.647,12.5,0.781,0.994,1.02,0.0,15510,30.98,21.176,11,,,,,,,,,,,,,140
2026-09-25T23:46:02.225,111.386,0,1381.5,82,,99.156,34.118,12.5,1.562,0.998,1.039,0.023,15340,30.98,21.569,12,87,,,,,,,,,,,,
2026-09-25T23:46:02.356,111.517,0,1422.5,83,,99.5,33.725,12.5,3.125,0.999,1.051,0.035,15360,30.98,21.961,12,,41,,,,,,,,,,,
2026-09-25T23:46:02.485,111.646,0,1507.5,83,,99.812,31.373,14.0,3.906,1.0,1.053,0.035,15260,30.98,22.353,13,,,1.562,,,,,,,,,,
2026-09-25T23:46:02.616,111.778,0,1547.5,84,,100.5,27.451,14.0,4.688,1.0,1.055,0.039,15240,30.98,22.353,13,,,,13.886,,,,,,,,,
2026-09-25T23:46:02.745,111.907,0,1577.5,84,,101.062,26.667,-9.5,6.25,1.0,1.047,0.031,15140,30.98,22.353,14,,,,,98,,,,,,,,
2026-09-25T23:46:02.876,112.037,0,1440.75,84,,101.438,27.059,-7.5,6.25,1.0,1.038,0.02,15520,30.98,21.176,14,,,,,,20,,,,,,,
2026-09-25T23:46:03.015,112.177,0,1283.0,88,,103.0,38.431,-4.0,7.031,1.0,1.035,0.016,15680,30.98,19.608,15,,,,,,,16.078,,,,,,
2026-09-25T23:46:03.145,112.306,0,1243.0,85,,103.344,39.216,-1.0,7.031,1.0,1.034,0.016,15680,30.98,19.216,15,,,,,,,,352.3,,,,,
2026-09-25T23:46:03.276,112.437,0,1243.0,83,,103.5,39.216,2.0,7.031,1.0,1.009,-0.012,15600,30.98,18.824,16,,,,,,,,,0.62,,,,
2026-09-25T23:46:03.405,112.567,0,1232.5,82,,103.656,39.608,5.0,5.469,1.0,0.992,-0.039,15550,30.588,18.039,16,,,,,,,,,,,0.0,,
2026-09-25T23:46:03.535,112.696,0,1235.25,79,,103.656,37.255,12.0,5.469,0.999,0.992,-0.039,15390,29.412,16.471,17,,,,,,,,,,,,49.02,
2026-09-25T23:46:03.665,112.826,0,1248.5,74,,103.656,34.118,12.5,4.688,1.003,0.989,-0.051,14860,29.804,17.255,17,,,,,,,,,,,,,142
2026-09-25T23:46:03.796,112.957,0,1284.25,70,,103.344,32.549,12.5,3.906,1.008,0.991,-0.043,14190,29.804,17.647,18,87,,,,,,,,,,,,
2026-09-25T23:46:03.925,113.086,0,1316.25,69,,102.688,30.588,13.0,3.906,1.0,0.994,-0.035,13820,29.804,18.039,18,,40,,,,,,,,,,,
2026-09-25T23:46:04.055,113.217,0,1347.0,69,,102.375,29.412,13.0,4.688,0.994,0.997,-0.027,13700,29.412,18.039,18,,,2.344,,,,,,,,,,
2026-09-25T23:46:04.185,113.346,0,1377.5,69,,102.25,29.02,13.5,4.688,0.991,0.999,-0.023,13950,29.412,18.039,19,,,,13.867,,,,,,,,,
2026-09-25T23:46:04.315,113.476,0,1404.75,69,,101.938,27.843,14.0,4.688,1.001,1.0,-0.02,13950,29.412,18.039,19,,,,,98,,,,,,,,
2026-09-25T23:46:04.445,113.606,0,1428.5,70,,101.719,27.059,14.0,4.688,1.006,1.011,-0.008,13930,29.412,18.431,20,,,,,,20,,,,,,,
2026-09-25T23:46:04.576,113.737,0,1455.25,70,,101.719,26.275,14.5,4.688,1.008,1.009,-0.012,13860,28.627,17.647,20,,,,,,,16.078,,,,,,
2026-09-25T23:46:04.706,113.868,0,1489.75,70,,101.719,23.529,15.0,4.688,0.999,0.992,-0.039,13610,27.843,17.255,20,,,,,,,,353.5,,,,,
2026-09-25T23:46:04.836,113.997,0,1508.5,65,,101.719,21.176,15.0,4.688,0.995,0.989,-0.047,13150,26.275,16.471,20,,,,,,,,,0.74,,,,
2026-09-25T23:46:04.965,114.126,0,1514.0,61,,101.594,20.0,15.0,4.688,0.995,0.999,-0.023,12590,25.098,16.078,21,,,,,,,,,,,0.0,,
2026-09-25T23:46:05.096,114.257,0,1524.5,55,,101.5,18.039,15.0,4.688,1.004,1.003,-0.016,12070,24.706,15.686,21,,,,,,,,,,,,32.157,
2026-09-25T23:46:05.225,114.387,0,1551.75,46,,101.062,15.686,15.5,3.125,1.007,0.984,-0.062,11410,24.706,16.078,21,,,,,,,,,,,,,144
2026-09-25T23:46:05.356,114.517,0,1567.5,45,,100.781,15.294,15.5,1.562,1.009,0.983,-0.062,10900,24.314,16.078,21,87,,,,,,,,,,,,
2026-09-25T23:46:05.485,114.646,0,1587.5,44,,100.5,14.51,15.5,1.562,1.001,0.985,-0.059,10340,23.529,15.294,21,,39,,,,,,,,,,,
2026-09-25T23:46:05.615,114.777,0,1589.75,43,,100.125,12.941,15.0,1.562,0.994,0.985,-0.059,9850,23.529,15.294,21,,,2.344,,,,,,,,,,
2026-09-25T23:46:05.746,114.907,0,1574.75,38,,99.969,12.549,15.0,1.562,0.992,0.993,-0.039,9440,23.922,15.686,21,,,,13.867,,,,,,,,,
2026-09-25T23:46:05.875,115.036,0,1583.5,39,,99.719,12.941,15.0,2.344,0.991,1.0,-0.02,8850,23.529,15.294,22,,,,,98,,,,,,,,
2026-09-25T23:46:06.005,115.166,0,1596.75,39,,99.469,12.157,15.0,2.344,1.0,0.997,-0.027,8360,23.529,15.686,22,,,,,,20,,,,,,,
2026-09-25T23:46:06.135,115.296,0,1611.5,39,,99.156,12.549,15.0,1.562,1.006,0.998,-0.023,7840,23.137,14.902,22,,,,,,,16.078,,,,,,
2026-09-25T23:46:06.265,115.426,0,1599.0,37,,99.156,11.765,12.5,0.781,1.008,0.998,-0.023,7360,22.353,14.51,22,,,,,,,,356.0,,,,,
2026-09-25T23:46:06.396,115.557,0,1596.75,35,,99.156,10.98,13.0,0.781,1.009,1.008,-0.012,6820,21.961,14.118,22,,,,,,,,,0.735,,,,
2026-09-25T23:46:06.526,115.687,0,1594.5,30,,98.812,9.412,17.0,2.344,1.001,1.012,-0.008,6300,22.353,14.51,22,,,,,,,,,,,0.0,,
2026-09-25T23:46:06.656,115.817,0,1592.75,31,,98.75,9.804,16.5,2.344,0.995,0.999,-0.023,5840,21.961,14.51,22,,,,,,,,,,,,20.784,
2026-09-25T23:46:06.785,115.947,0,1593.25,31,,98.5,9.804,17.0,3.125,0.992,1.005,-0.016,5350,22.353,14.51,22,,,,,,,,,,,,,145
2026-09-25T23:46:06.915,116.076,0,1590.5,30,,98.312,9.804,16.5,3.906,0.991,1.013,-0.008,5330,22.353,14.51,22,87,,,,,,,,,,,,
2026-09-25T23:46:07.045,116.206,0,1600.75,31,,98.469,9.412,17.5,4.688,0.991,0.997,-0.027,5570,21.961,14.51,21,,39,,,,,,,,,,,
2026-09-25T23:46:07.176,116.337,0,1594.25,30,,98.219,9.412,17.5,3.906,1.0,0.992,-0.043,5590,22.353,14.51,22,,,3.125,,,,,,,,,,
2026-09-25T23:46:07.305,116.466,0,1579.25,30,,98.188,10.196,17.0,3.125,1.005,0.998,-0.023,5640,22.353,14.51,21,,,,13.906,,,,,,,,,
2026-09-25T23:46:07.435,116.597,0,1567.25,32,,98.188,10.588,17.0,3.125,1.007,1.005,-0.016,5620,22.353,14.51,21,,,,,98,,,,,,,,
2026-09-25T23:46:07.566,116.727,0,1565.5,32,,98.156,10.588,17.0,3.125,1.008,1.004,-0.016,5570,22.353,14.902,21,,,,,,20,,,,,,,
2026-09-25T23:46:07.695,116.856,0,1572.75,32,,98.062,10.588,16.0,3.125,1.002,0.999,-0.023,5720,22.353,14.902,21,,,,,,,16.078,,,,,,
2026-09-25T23:46:07.825,116.986,0,1583.5,33,,97.875,10.588,14.5,3.125,0.996,0.987,-0.051,5880,22.353,14.51,22,,,,,,,,358.4,,,,,
2026-09-25T23:46:07.966,117.127,0,1578.5,32,,97.875,10.196,17.0,1.562,0.992,0.979,-0.074,5790,22.353,14.902,21,,,,,,,,,0.725,,,,
2026-09-25T23:46:08.106,117.267,0,1575.5,33,,97.875,10.98,15.5,2.344,0.99,0.987,-0.051,5880,22.745,14.902,21,,,,,,,,,,,0.0,,
2026-09-25T23:46:08.235,117.396,0,1585.25,33,,97.875,10.588,16.5,1.562,0.995,0.989,-0.047,5940,22.745,14.902,21,,,,,,,,,,,,22.353,
2026-09-25T23:46:08.365,117.527,0,1575.25,33,,97.875,10.98,15.5,1.562,1.002,0.998,-0.027,6140,23.529,15.686,22,,,,,,,,,,,,,147
2026-09-25T23:46:08.496,117.658,0,1592.5,35,,97.75,11.765,15.0,1.562,1.006,1.002,-0.02,6950,23.529,15.294,22,88,,,,,,,,,,,,
2026-09-25T23:46:08.625,117.787,0,1584.5,38,,97.719,12.157,15.0,0.0,1.007,0.981,-0.066,7560,23.922,16.078,22,,40,,,,,,,,,,,
2026-09-25T23:46:08.755,117.916,0,1589.5,39,,97.562,12.941,15.0,-0.781,1.004,0.979,-0.074,8040,24.314,16.078,22,,,2.344,,,,,,,,,,
2026-09-25T23:46:08.885,118.046,0,1588.75,40,,97.625,12.941,15.0,-0.781,0.997,0.983,-0.062,8340,27.059,17.255,21,,,,13.886,,,,,,,,,
2026-09-25T23:46:09.015,118.176,0,1596.75,42,,97.531,15.686,15.5,-0.781,0.993,0.987,-0.055,9260,28.627,17.647,22,,,,,98,,,,,,,,
2026-09-25T23:46:09.145,118.306,0,1607.75,55,,97.469,16.863,15.5,-0.781,0.993,1.0,-0.02,10160,29.412,19.216,22,,,,,,20,,,,,,,
2026-09-25T23:46:09.275,118.436,0,1625.5,62,,97.219,19.608,16.5,0.781,1.004,1.03,0.012,11080,29.804,20.0,22,,,,,,,16.078,,,,,,
2026-09-25T23:46:09.406,118.567,0,1653.0,70,,97.219,20.784,16.0,1.562,1.008,1.032,0.012,11850,29.804,20.0,22,,,,,,,,360.8,,,,,
2026-09-25T23:46:09.535,118.696,0,1676.0,73,,97.875,20.784,16.5,3.125,1.001,1.029,0.012,12870,29.804,20.392,23,,,,,,,,,0.725,,,,
2026-09-25T23:46:09.665,118.826,0,1692.25,74,,98.094,21.176,16.0,4.688,0.995,1.021,0.0,13660,31.765,24.706,23,,,,,,,,,,,0.0,,
2026-09-25T23:46:09.795,118.956,0,1713.5,76,,98.156,22.353,14.0,5.469,0.995,1.025,0.004,14570,32.157,27.451,24,,,,,,,,,,,,59.216,
2026-09-25T23:46:09.926,119.087,0,1780.0,90,,98.688,26.667,13.5,6.25,1.005,1.023,0.004,15540,32.157,26.275,24,,,,,,,,,,,,,148
2026-09-25T23:46:10.056,119.217,0,1808.25,90,,99.875,26.275,13.5,6.25,1.008,1.018,-0.004,16200,32.549,25.882,25,89,,,,,,,,,,,,
2026-09-25T23:46:10.186,119.347,0,1846.25,90,,100.812,26.275,13.5,7.031,0.986,0.995,-0.031,16030,32.549,25.882,25,,40,,,,,,,,,,,
2026-09-25T23:46:10.315,119.476,0,1876.25,90,,103.094,26.275,14.0,7.812,0.977,0.988,-0.051,15870,32.941,25.882,26,,,0.781,,,,,,,,,,
2026-09-25T23:46:10.446,119.607,0,1910.75,91,,104.094,27.451,13.5,7.812,0.99,0.992,-0.039,15980,33.333,26.275,26,,,,13.847,,,,,,,,,
2026-09-25T23:46:10.575,119.737,0,1938.0,92,,105.0,27.843,14.0,7.031,1.006,0.999,-0.023,16000,34.118,27.059,27,,,,,98,,,,,,,,
2026-09-25T23:46:10.705,119.866,0,1986.5,92,,106.0,29.804,13.0,7.031,1.006,0.999,-0.023,16290,34.902,27.451,27,,,,,,20,,,,,,,
2026-09-25T23:46:10.836,119.997,0,2016.75,95,,108.094,31.373,12.5,7.812,1.0,1.005,-0.016,16650,35.686,30.196,28,,,,,,,16.078,,,,,,
2026-09-25T23:46:10.966,120.127,0,2026.25,100,,108.969,34.51,-23.0,7.812,0.999,0.993,-0.035,17400,36.471,30.196,28,,,,,,,,364.0,,,,,
2026-09-25T23:46:11.096,120.257,0,1710.25,102,,111.062,36.078,-8.0,7.031,0.998,0.998,-0.023,18060,36.863,26.275,29,,,,,,,,,0.71,,,,
2026-09-25T23:46:11.225,120.386,0,1583.25,104,,116.531,39.608,-2.0,9.375,0.999,1.036,0.02,17990,36.863,26.275,29,,,,,,,,,,,0.0,,
2026-09-25T23:46:11.355,120.516,0,1538.0,103,,116.875,41.961,3.0,9.375,1.0,1.021,0.0,17860,37.255,25.49,30,,,,,,,,,,,,83.529,
2026-09-25T23:46:11.485,120.646,0,1516.75,104,,116.969,43.529,3.5,7.812,0.993,0.979,-0.074,17750,37.255,25.49,30,,,,,,,,,,,,,150
2026-09-25T23:46:11.615,120.777,0,1491.75,104,,116.656,46.275,6.5,7.812,0.988,0.98,-0.07,17780,37.255,25.49,31,89,,,,,,,,,,,,
2026-09-25T23:46:11.746,120.907,0,1459.75,104,,116.562,46.275,6.5,6.25,1.003,0.976,-0.082,17840,37.255,25.098,31,,40,,,,,,,,,,,
2026-09-25T23:46:11.875,121.037,0,1454.0,103,,116.219,47.059,6.5,4.688,1.007,0.979,-0.074,17820,37.255,26.275,32,,,0.781,,,,,,,,,,
2026-09-25T23:46:12.005,121.166,0,1479.75,103,,115.656,45.882,6.5,3.906,1.003,0.99,-0.043,17850,37.647,26.667,32,,,,13.945,,,,,,,,,
2026-09-25T23:46:12.136,121.297,0,1504.5,105,,115.188,46.275,6.5,4.688,1.011,1.011,-0.008,17660,37.647,27.059,33,,,,,98,,,,,,,,
2026-09-25T23:46:12.265,121.426,0,1535.25,105,,115.344,44.706,6.0,4.688,1.006,1.01,-0.012,17850,38.039,28.235,33,,,,,,20,,,,,,,
2026-09-25T23:46:12.396,121.557,0,1557.5,107,,115.312,44.314,6.0,4.688,0.998,1.003,-0.016,18040,38.431,28.627,34,,,,,,,16.078,,,,,,
2026-09-25T23:46:12.525,121.686,0,1581.75,107,,115.906,42.745,6.5,6.25,1.003,1.024,0.004,17940,38.431,28.627,34,,,,,,,,374.7,,,,,
2026-09-25T23:46:12.655,121.816,0,1608.0,107,,116.375,41.961,6.5,7.031,0.999,1.014,-0.008,17980,38.431,28.627,35,,,,,,,,,0.71,,,,
2026-09-25T23:46:12.786,121.947,0,1632.75,108,,116.969,41.961,6.5,7.812,0.996,1.0,-0.02,17890,38.431,28.627,35,,,,,,,,,,,0.0,,
2026-09-25T23:46:12.915,122.076,0,1651.75,108,,118.219,41.569,6.5,7.812,1.003,1.014,-0.008,17920,38.431,28.627,36,,,,,,,,,,,,89.02,
2026-09-25T23:46:13.046,122.207,0,1681.0,109,,118.906,41.176,6.5,7.031,0.996,0.988,-0.051,18000,38.431,28.235,36,,,,,,,,,,,,,151
2026-09-25T23:46:13.186,122.347,0,1703.25,109,,119.594,41.176,6.0,7.031,0.996,0.993,-0.039,18060,38.431,28.235,37,90,,,,,,,,,,,,
2026-09-25T23:46:13.315,122.476,0,1732.75,111,,118.5,39.608,7.0,7.031,0.998,1.0,-0.02,18060,38.824,29.804,38,,39,,,,,,,,,,,
2026-09-25T23:46:13.445,122.606,0,1753.0,107,,115.781,40.0,7.0,8.594,1.004,1.025,0.004,18070,38.824,31.765,38,,,0.781,,,,,,,,,,
2026-09-25T23:46:13.575,122.737,0,1783.75,106,,113.562,39.608,7.0,7.812,1.003,0.992,-0.039,18030,38.431,36.863,39,,,,13.867,,,,,,,,,
2026-09-25T23:46:13.706,122.867,0,1816.25,108,,111.562,40.0,7.5,7.812,1.0,0.995,-0.031,18070,38.431,38.824,39,,,,,98,,,,,,,,
2026-09-25T23:46:13.836,122.997,0,1839.0,107,,109.5,39.608,7.5,7.812,0.999,0.995,-0.031,18090,38.039,39.216,40,,,,,,20,,,,,,,
2026-09-25T23:46:13.966,123.127,0,1853.25,107,,108.844,39.608,8.0,7.812,0.998,0.995,-0.035,17980,38.039,39.216,41,,,,,,,16.078,,,,,,
2026-09-25T23:46:14.095,123.256,0,1870.5,106,,108.344,39.608,8.0,7.031,0.999,0.994,-0.035,17900,37.647,38.431,41,,,,,,,,396.3,,,,,
2026-09-25T23:46:14.226,123.387,0,1882.5,105,,107.562,38.824,8.0,7.031,1.003,0.99,-0.043,17870,37.647,39.216,41,,,,,,,,,0.74,,,,
2026-09-25T23:46:14.355,123.516,0,1865.5,105,,107.062,38.824,-20.5,6.25,1.002,0.993,-0.039,18050,37.647,37.255,42,,,,,,,,,,,0.0,,
2026-09-25T23:46:14.485,123.646,0,1554.75,106,,107.281,40.784,1.0,7.031,0.996,0.999,-0.023,18370,37.647,32.941,42,,,,,,,,,,,,87.843,
2026-09-25T23:46:14.616,123.777,0,1466.5,105,,107.281,49.412,2.5,5.469,1.004,0.981,-0.066,18150,37.647,30.196,42,,,,,,,,,,,,,153
2026-09-25T23:46:14.745,123.906,0,1399.25,102,,106.906,51.373,3.0,3.906,0.997,0.95,-0.141,18150,37.647,27.451,43,91,,,,,,,,,,,,
2026-09-25T23:46:14.875,124.036,0,1357.0,101,,106.406,52.941,5.5,1.562,1.002,0.936,-0.176,17850,37.647,27.059,43,,38,,,,,,,,,,,
2026-09-25T23:46:15.005,124.166,0,1368.75,99,,105.906,51.373,6.0,0.781,1.004,0.949,-0.145,17480,37.255,27.843,43,,,1.562,,,,,,,,,,
2026-09-25T23:46:15.135,124.296,0,1381.5,98,,104.656,50.588,6.5,0.781,1.009,0.961,-0.117,17490,37.255,27.843,43,,,,13.867,,,,,,,,,
2026-09-25T23:46:15.265,124.426,0,1384.75,99,,104.969,49.804,6.5,0.0,1.009,0.972,-0.094,17390,37.255,29.02,44,,,,,98,,,,,,,,
2026-09-25T23:46:15.395,124.556,0,1398.0,100,,105.531,50.196,6.5,0.781,1.008,0.992,-0.039,17360,37.647,29.412,44,,,,,,20,,,,,,,
2026-09-25T23:46:15.526,124.687,0,1412.25,102,,106.875,49.412,6.0,0.781,1.006,1.003,-0.016,17500,37.647,29.412,44,,,,,,,16.078,,,,,,
2026-09-25T23:46:15.655,124.816,0,1420.25,102,,107.656,49.804,6.0,1.562,1.006,1.008,-0.012,17590,37.647,29.02,45,,,,,,,,409.1,,,,,
2026-09-25T23:46:15.785,124.946,0,1428.25,103,,108.312,50.196,5.5,1.562,1.0,1.004,-0.016,17700,38.039,29.02,45,,,,,,,,,0.78,,,,
2026-09-25T23:46:15.915,125.076,0,1433.0,103,,109.781,49.412,6.0,1.562,0.997,0.996,-0.031,17720,38.431,29.02,45,,,,,,,,,,,0.0,,
2026-09-25T23:46:16.045,125.206,0,1443.75,104,,110.312,50.196,5.0,2.344,1.002,1.009,-0.012,17830,38.824,30.588,45,,,,,,,,,,,,88.235,
2026-09-25T23:46:16.175,125.336,0,1455.0,106,,110.875,50.588,4.0,2.344,0.997,0.996,-0.031,17960,39.216,32.549,46,,,,,,,,,,,,,155
2026-09-25T23:46:16.306,125.467,0,1463.25,107,,111.562,51.765,3.0,2.344,0.997,0.998,-0.023,18110,39.216,33.333,46,92,,,,,,,,,,,,
2026-09-25T23:46:16.436,125.597,0,1476.25,109,,112.188,51.373,3.0,2.344,1.001,1.013,-0.008,18230,39.216,34.51,46,,38,,,,,,,,,,,
2026-09-25T23:46:16.566,125.727,0,1486.0,108,,110.906,50.98,3.5,2.344,0.994,0.995,-0.031,18260,38.824,35.294,47,,,0.781,,,,,,,,,,
2026-09-25T23:46:16.696,125.857,0,1496.0,107,,109.969,49.804,4.0,2.344,0.996,0.996,-0.031,18100,38.824,35.294,47,,,,13.964,,,,,,,,,
2026-09-25T23:46:16.825,125.987,0,1502.75,106,,108.688,48.235,4.5,2.344,1.001,1.005,-0.016,18070,38.039,33.725,47,,,,,98,,,,,,,,
2026-09-25T23:46:16.966,126.127,0,1516.5,105,,108.125,47.059,5.5,2.344,0.995,0.998,-0.027,17980,36.863,30.588,47,,,,,,20,,,,,,,
2026-09-25T23:46:17.095,126.256,0,1523.0,104,,107.594,45.49,7.0,2.344,0.997,0.992,-0.039,17790,35.294,26.275,48,,,,,,,16.078,,,,,,
2026-09-25T23:46:17.225,126.386,0,1513.25,98,,106.656,40.392,8.0,2.344,1.002,1.005,-0.016,17280,34.51,26.275,48,,,,,,,,425.9,,,,,
2026-09-25T23:46:17.356,126.517,0,1533.5,96,,105.719,37.647,8.5,2.344,0.996,0.997,-0.027,16710,34.118,25.49,48,,,,,,,,,0.765,,,,
2026-09-25T23:46:17.485,126.646,0,1545.25,95,,106.0,36.078,9.0,2.344,1.004,0.998,-0.023,16500,34.51,25.882,49,,,,,,,,,,,0.0,,
2026-09-25T23:46:17.616,126.777,0,1558.0,96,,107.094,35.686,9.0,2.344,0.997,1.0,-0.02,16620,34.51,25.882,49,,,,,,,,,,,,70.588,
2026-09-25T23:46:17.745,126.906,0,1562.0,97,,107.656,35.294,9.0,3.125,1.005,1.025,0.004,16520,34.118,25.098,49,,,,,,,,,,,,,156
2026-09-25T23:46:17.876,127.037,0,1573.25,96,,108.156,34.51,9.5,4.688,0.994,1.017,-0.004,16390,33.333,23.529,49,93,,,,,,,,,,,,
2026-09-25T23:46:18.005,127.166,0,1569.75,96,,108.844,30.588,11.0,5.469,1.002,1.021,0.0,16030,32.157,21.961,50,,38,,,,,,,,,,,
2026-09-25T23:46:18.135,127.296,0,1570.75,92,,109.562,29.804,11.0,6.25,1.003,1.021,0.0,15650,31.373,20.392,49,,,1.562,,,,,,,,,,
2026-09-25T23:46:18.276,127.437,0,1576.0,90,,109.75,27.843,14.0,7.812,0.994,1.023,0.004,15480,29.804,18.039,50,,,,13.886,,,,,,,,,
2026-09-25T23:46:18.406,127.567,0,1573.5,85,,110.094,22.745,15.0,9.375,0.997,1.021,0.0,14650,28.235,16.863,50,,,,,98,,,,,,,,
2026-09-25T23:46:18.535,127.696,0,1582.75,73,,109.125,21.569,15.0,8.594,1.006,1.011,-0.008,13780,27.843,16.863,50,,,,,,20,,,,,,,
2026-09-25T23:46:18.665,127.826,0,1579.0,67,,108.5,20.392,15.5,7.031,1.01,0.984,-0.062,13630,27.843,17.255,50,,,,,,,16.078,,,,,,
2026-09-25T23:46:18.796,127.957,0,1587.25,64,,107.781,19.608,15.5,5.469,1.001,0.975,-0.086,13170,27.843,17.255,50,,,,,,,,432.9,,,,,
2026-09-25T23:46:18.926,128.087,0,1589.5,64,,106.188,19.216,16.0,4.688,0.995,0.973,-0.09,12560,27.451,17.255,50,,,,,,,,,0.745,,,,
2026-09-25T23:46:19.055,128.216,0,1597.0,63,,105.5,19.216,15.5,3.125,0.993,0.964,-0.109,12130,27.059,16.863,50,,,,,,,,,,,0.0,,
2026-09-25T23:46:19.185,128.346,0,1597.75,61,,104.938,17.647,15.5,2.344,0.992,0.978,-0.078,11710,26.275,16.471,50,,,,,,,,,,,,36.471,
2026-09-25T23:46:19.315,128.476,0,1597.0,58,,104.031,16.471,15.5,3.125,1.003,0.999,-0.023,11160,24.314,15.686,50,,,,,,,,,,,,,158
2026-09-25T23:46:19.446,128.607,0,1587.5,51,,103.656,15.294,15.5,2.344,1.007,0.996,-0.031,10680,18.039,13.333,50,94,,,,,,,,,,,,
2026-09-25T23:46:19.575,128.736,0,1578.5,41,,103.375,12.549,17.0,0.781,1.008,0.976,-0.082,10200,14.51,12.549,50,,38,,,,,,,,,,,
2026-09-25T23:46:19.706,128.867,0,1560.25,32,,101.625,0.0,20.0,0.0,1.008,0.981,-0.066,9650,14.51,12.549,50,,,5.469,,,,,,,,,,
2026-09-25T23:46:19.835,128.996,0,1548.25,22,,100.75,0.0,30.5,0.0,1.008,0.971,-0.094,9300,15.294,12.941,49,,,,13.867,,,,,,,,,
2026-09-25T23:46:19.966,129.127,0,1568.0,21,,100.156,0.0,32.0,0.0,1.005,0.993,-0.039,8800,16.078,12.549,49,,,,,98,,,,,,,,
2026-09-25T23:46:20.095,129.256,0,1560.0,22,,99.906,0.0,32.5,0.781,1.003,1.015,-0.004,8290,17.255,12.549,49,,,,,,20,,,,,,,
2026-09-25T23:46:20.226,129.387,0,1548.75,21,,99.469,0.0,26.0,1.562,1.002,1.017,-0.004,7880,18.431,12.941,49,,,,,,,16.078,,,,,,
2026-09-25T23:46:20.355,129.517,0,1540.0,22,,99.156,0.0,17.0,1.562,1.001,1.028,0.008,7370,20.0,12.941,48,,,,,,,,436.0,,,,,
2026-09-25T23:46:20.485,129.646,0,1531.25,22,,99.031,6.667,14.0,2.344,1.001,1.031,0.012,6850,21.176,12.941,48,,,,,,,,,0.745,,,,
2026-09-25T23:46:20.615,129.776,0,1525.0,22,,98.5,7.059,29.0,2.344,1.001,1.016,-0.004,6340,22.353,14.51,48,,,,,,,,,,,0.0,,
2026-09-25T23:46:20.746,129.907,0,1531.75,27,,98.219,9.412,15.5,1.562,1.001,0.995,-0.035,5570,23.529,15.294,48,,,,,,,,,,,,21.961,
2026-09-25T23:46:20.875,130.036,0,1545.75,33,,98.188,11.373,15.5,0.781,0.999,0.993,-0.035,5460,23.529,15.294,48,,,,,,,,,,,,,159
2026-09-25T23:46:21.005,130.166,0,1516.25,37,,98.656,13.333,14.5,0.781,0.994,0.98,-0.07,6170,24.314,16.078,48,95,,,,,,,,,,,,
2026-09-25T23:46:21.135,130.296,0,1519.75,42,,98.188,15.294,14.5,0.0,0.993,0.979,-0.074,7190,25.098,16.078,48,,38,,,,,,,,,,,
2026-09-25T23:46:21.265,130.426,0,1520.25,45,,98.188,15.686,15.0,-0.781,1.001,0.976,-0.086,8060,25.49,16.471,48,,,2.344,,,,,,,,,,
2026-09-25T23:46:21.396,130.557,0,1517.25,47,,98.188,15.686,15.0,-2.344,1.006,0.985,-0.059,9140,25.882,16.078,48,,,,13.847,,,,,,,,,
2026-09-25T23:46:21.526,130.687,0,1515.5,48,,98.188,16.863,15.0,-2.344,1.009,0.997,-0.027,10240,25.882,16.471,48,,,,,98,,,,,,,,
2026-09-25T23:46:21.655,130.817,0,1517.25,49,,98.188,17.255,15.0,-2.344,0.999,0.993,-0.039,10770,25.882,16.078,47,,,,,,20,,,,,,,
2026-09-25T23:46:21.785,130.946,0,1514.0,50,,98.188,17.255,15.0,-2.344,0.994,0.993,-0.039,10500,25.882,16.078,47,,,,,,,16.078,,,,,,
2026-09-25T23:46:21.915,131.076,0,1510.25,49,,98.188,16.863,15.0,-1.562,0.992,0.997,-0.027,10020,25.882,16.078,47,,,,,,,,437.6,,,,,
2026-09-25T23:46:22.045,131.206,0,1511.75,49,,98.188,16.863,15.0,-1.562,1.001,1.01,-0.012,9790,25.098,16.078,47,,,,,,,,,0.74,,,,
2026-09-25T23:46:22.175,131.336,0,1514.0,49,,98.188,16.471,15.0,-0.781,1.006,1.013,-0.008,9630,23.137,15.294,47,,,,,,,,,,,0.0,,
2026-09-25T23:46:22.305,131.466,0,1509.75,48,,98.188,15.294,14.5,-0.781,1.009,1.007,-0.012,9390,22.745,14.902,47,,,,,,,,,,,,28.627,
2026-09-25T23:46:22.435,131.596,0,1498.25,40,,98.438,14.118,14.5,-1.562,1.002,0.996,-0.031,8840,22.745,14.902,47,,,,,,,,,,,,,161
2026-09-25T23:46:22.565,131.726,0,1493.75,36,,98.281,12.941,15.0,-0.781,0.996,1.0,-0.02,8270,23.137,14.902,47,96,,,,,,,,,,,,
2026-09-25T23:46:22.695,131.856,0,1490.75,36,,98.188,13.333,15.0,0.0,0.992,1.003,-0.016,7820,23.137,14.902,47,,39,,,,,,,,,,,
2026-09-25T23:46:22.825,131.986,0,1485.25,36,,98.188,13.333,14.5,0.0,0.99,1.005,-0.016,7270,23.529,14.902,47,,,3.125,,,,,,,,,,
2026-09-25T23:46:22.965,132.126,0,1485.75,36,,98.188,13.333,14.5,0.0,0.996,1.008,-0.012,6830,23.529,14.902,47,,,,13.925,,,,,,,,,
2026-09-25T23:46:23.096,132.257,0,1484.25,37,,98.125,14.118,14.5,0.0,1.004,0.992,-0.039,6770,23.529,15.294,47,,,,,98,,,,,,,,
2026-09-25T23:46:23.226,132.387,0,1478.75,37,,97.938,14.118,14.5,-1.562,1.006,0.977,-0.082,6900,23.529,15.294,47,,,,,,19,,,,,,,
2026-09-25T23:46:23.365,132.526,0,1481.0,38,,97.875,14.118,14.5,-3.125,1.009,0.982,-0.066,7270,23.529,14.902,47,,,,,,,16.078,,,,,,
2026-09-25T23:46:23.495,132.656,0,1480.0,38,,97.875,14.51,14.5,-3.906,1.001,0.983,-0.062,7310,23.529,14.902,47,,,,,,,,438.8,,,,,
2026-09-25T23:46:23.625,132.786,0,1475.0,38,,97.875,14.118,14.5,-3.906,0.996,0.992,-0.039,7040,23.529,14.902,46,,,,,,,,,0.735,,,,
2026-09-25T23:46:23.756,132.917,0,1473.75,39,,97.875,14.51,14.5,-2.344,0.994,1.004,-0.016,7220,23.529,15.294,46,,,,,,,,,,,0.0,,
2026-09-25T23:46:23.885,133.046,0,1464.75,38,,97.875,14.118,14.5,-2.344,0.992,0.997,-0.027,7110,23.529,14.902,46,,,,,,,,,,,,25.098,
2026-09-25T23:46:24.015,133.176,0,1462.25,37,,97.875,14.118,14.5,-2.344,1.001,1.001,-0.02,6770,23.529,14.902,46,,,,,,,,,,,,,162
2026-09-25T23:46:24.146,133.307,0,1459.25,37,,97.875,13.725,14.5,-2.344,1.005,1.013,-0.008,6590,23.529,14.902,46,97,,,,,,,,,,,,
2026-09-25T23:46:24.275,133.436,0,1460.0,37,,97.875,14.118,14.5,-1.562,1.006,1.018,-0.004,6650,23.529,14.902,46,,39,,,,,,,,,,,
2026-09-25T23:46:24.405,133.567,0,1458.5,37,,97.875,14.118,14.5,-1.562,1.007,1.003,-0.016,6810,23.529,14.902,46,,,3.125,,,,,,,,,,
2026-09-25T23:46:24.535,133.696,0,1453.0,37,,97.875,14.51,14.5,-2.344,0.999,0.984,-0.059,6870,23.529,14.902,46,,,,13.906,,,,,,,,,
2026-09-25T23:46:24.665,133.826,0,1446.5,37,,97.812,14.51,14.5,-3.125,0.994,0.982,-0.066,6930,23.922,14.902,46,,,,,98,,,,,,,,
2026-09-25T23:46:24.796,133.957,0,1442.75,38,,97.812,14.902,14.5,-3.125,0.993,0.987,-0.051,7340,24.706,15.686,45,,,,,,19,,,,,,,
2026-09-25T23:46:24.925,134.086,0,1443.5,41,,97.562,16.471,14.5,-3.125,0.993,0.99,-0.047,7940,25.098,15.686,45,,,,,,,16.078,,,,,,
2026-09-25T23:46:25.056,134.217,0,1449.75,42,,97.594,16.078,14.5,-3.906,1.002,0.995,-0.031,8710,25.49,16.078,45,,,,,,,,439.8,,,,,
2026-09-25T23:46:25.185,134.346,0,1453.5,44,,97.531,17.255,14.5,-3.906,1.006,1.0,-0.02,9380,25.49,16.078,45,,,,,,,,,0.735,,,,
2026-09-25T23:46:25.316,134.477,0,1450.5,45,,97.562,18.039,14.5,-3.906,1.009,1.005,-0.016,9930,25.882,16.078,45,,,,,,,,,,,0.0,,
2026-09-25T23:46:25.445,134.606,0,1443.0,47,,97.594,18.431,14.5,-3.906,1.001,0.999,-0.023,10180,25.882,16.078,45,,,,,,,,,,,,32.549,
2026-09-25T23:46:25.576,134.737,0,1436.0,48,,97.688,18.824,14.5,-3.906,0.994,0.998,-0.027,10070,25.882,16.078,45,,,,,,,,,,,,,164
2026-09-25T23:46:25.705,134.866,0,1434.5,48,,97.719,18.824,14.5,-3.125,0.992,0.996,-0.031,10010,26.275,16.078,45,97,,,,,,,,,,,,
2026-09-25T23:46:25.836,134.997,0,1435.0,48,,97.844,18.824,14.5,-3.125,0.997,0.999,-0.023,9970,25.882,16.078,45,,39,,,,,,,,,,,
2026-09-25T23:46:25.965,135.126,0,1437.0,49,,97.875,18.824,14.5,-3.125,1.004,1.007,-0.012,9910,26.275,16.078,45,,,3.125,,,,,,,,,,
2026-09-25T23:46:26.095,135.256,0,1437.25,49,,97.875,19.216,14.5,-3.125,1.007,1.014,-0.008,9930,25.882,16.078,45,,,,13.925,,,,,,,,,
2026-09-25T23:46:26.225,135.386,0,1439.25,49,,97.875,18.824,14.5,-2.344,1.006,1.009,-0.012,9920,25.882,16.078,45,,,,,98,,,,,,,,
2026-09-25T23:46:26.355,135.516,0,1434.75,49,,97.875,18.824,14.5,-2.344,0.996,1.0,-0.02,9970,25.882,16.078,45,,,,,,19,,,,,,,
2026-09-25T23:46:26.486,135.647,0,1432.0,50,,97.875,18.824,14.5,-2.344,0.993,0.998,-0.023,9890,25.882,16.078,45,,,,,,,16.078,,,,,,
2026-09-25T23:46:26.615,135.776,0,1429.5,50,,97.875,19.216,14.5,-1.562,0.993,1.0,-0.02,9920,25.882,16.078,45,,,,,,,,439.8,,,,,
2026-09-25T23:46:26.746,135.907,0,1430.75,49,,97.875,19.216,14.5,-1.562,1.002,1.008,-0.012,10040,25.882,16.078,45,,,,,,,,,0.735,,,,
2026-09-25T23:46:26.875,136.036,0,1429.25,49,,97.875,19.216,14.5,-1.562,1.007,1.009,-0.012,10100,25.882,16.078,45,,,,,,,,,,,0.0,,
2026-09-25T23:46:27.005,136.166,0,1424.75,49,,97.875,19.216,14.5,-2.344,1.009,0.999,-0.023,10000,25.882,16.078,45,,,,,,,,,,,,32.549,
2026-09-25T23:46:27.136,136.297,0,1425.25,49,,97.938,19.216,14.5,-2.344,1.001,0.997,-0.027,9850,25.882,16.078,45,,,,,,,,,,,,,166
2026-09-25T23:46:27.265,136.426,0,1430.0,50,,97.875,18.824,14.5,-2.344,0.995,0.995,-0.035,9780,25.882,16.078,45,98,,,,,,,,,,,,
2026-09-25T23:46:27.395,136.556,0,1427.75,49,,97.906,19.216,14.5,-1.562,0.992,0.998,-0.027,9910,25.882,16.078,45,,39,,,,,,,,,,,
2026-09-25T23:46:27.526,136.687,0,1424.75,49,,97.938,19.216,14.5,-1.562,0.996,0.997,-0.027,9890,25.882,16.078,44,,,3.125,,,,,,,,,,
2026-09-25T23:46:27.655,136.816,0,1422.75,50,,97.906,19.216,14.5,-2.344,1.004,0.999,-0.023,9920,25.882,16.078,45,,,,13.867,,,,,,,,,
2026-09-25T23:46:27.785,136.946,0,1420.75,50,,97.906,19.216,14.5,-2.344,1.007,1.0,-0.02,9870,25.882,16.078,44,,,,,98,,,,,,,,
2026-09-25T23:46:27.916,137.077,0,1417.5,49,,98.0,19.608,14.5,-2.344,1.007,1.003,-0.016,9980,25.882,16.078,44,,,,,,19,,,,,,,
2026-09-25T23:46:28.045,137.206,0,1417.0,48,,98.0,19.216,14.5,-2.344,0.999,0.997,-0.027,9900,25.882,16.078,44,,,,,,,16.078,,,,,,
2026-09-25T23:46:28.175,137.336,0,1418.5,48,,98.031,19.216,14.5,-2.344,0.994,0.995,-0.031,9890,25.882,16.078,44,,,,,,,,439.1,,,,,
2026-09-25T23:46:28.305,137.466,0,1417.75,48,,98.0,19.216,14.5,-1.562,0.991,0.995,-0.031,9840,25.882,16.078,44,,,,,,,,,0.73,,,,
2026-09-25T23:46:28.445,137.607,0,1414.75,49,,98.0,19.216,14.5,-2.344,0.999,0.996,-0.027,9890,25.882,16.078,44,,,,,,,,,,,0.0,,
2026-09-25T23:46:28.575,137.736,0,1415.25,49,,98.094,19.608,14.5,-2.344,1.005,1.0,-0.02,9930,25.882,16.078,44,,,,,,,,,,,,32.549,
2026-09-25T23:46:28.705,137.866,0,1412.75,48,,98.0,19.608,14.5,-2.344,1.007,1.003,-0.016,10030,25.882,16.078,44,,,,,,,,,,,,,167
2026-09-25T23:46:28.835,137.996,0,1412.75,48,,98.0,19.608,14.5,-3.125,1.004,0.998,-0.027,9990,25.882,16.078,44,98,,,,,,,,,,,,
2026-09-25T23:46:28.966,138.127,0,1411.25,48,,98.062,19.608,14.5,-2.344,0.997,0.996,-0.031,9890,25.882,16.078,44,,39,,,,,,,,,,,
2026-09-25T23:46:29.096,138.257,0,1412.0,48,,97.969,20.0,14.5,-2.344,0.993,0.996,-0.027,10030,25.882,15.686,44,,,3.125,,,,,,,,,,
2026-09-25T23:46:29.225,138.386,0,1409.75,48,,98.031,19.608,14.5,-2.344,0.992,0.995,-0.035,10070,25.882,15.686,44,,,,13.886,,,,,,,,,
2026-09-25T23:46:29.355,138.516,0,1407.75,48,,98.0,19.608,14.0,-2.344,1.001,0.997,-0.027,9930,25.882,15.686,44,,,,,98,,,,,,,,
2026-09-25T23:46:29.485,138.646,0,1407.75,48,,98.0,20.0,14.0,-3.125,1.006,0.998,-0.023,9900,25.882,16.078,44,,,,,,19,,,,,,,
2026-09-25T23:46:29.615,138.777,0,1403.5,48,,97.938,20.0,14.0,-3.125,1.009,0.999,-0.023,9850,25.882,16.078,44,,,,,,,16.078,,,,,,
2026-09-25T23:46:29.745,138.907,0,1403.25,49,,98.094,20.0,14.0,-3.125,1.003,0.999,-0.023,9850,25.882,16.078,44,,,,,,,,438.5,,,,,
2026-09-25T23:46:29.875,139.036,0,1401.5,49,,98.031,20.0,14.0,-3.125,0.995,0.998,-0.023,9860,25.882,16.078,44,,,,,,,,,0.73,,,,
2026-09-25T23:46:30.005,139.166,0,1400.5,49,,98.0,20.0,14.0,-2.344,0.994,0.999,-0.023,9810,25.882,16.078,44,,,,,,,,,,,0.0,,
2026-09-25T23:46:30.135,139.296,0,1397.25,49,,98.031,20.0,14.0,-2.344,0.994,1.0,-0.02,9810,25.882,16.078,44,,,,,,,,,,,,32.941,
2026-09-25T23:46:30.265,139.426,0,1398.5,49,,98.0,20.392,14.0,-1.562,1.003,1.01,-0.012,9950,25.882,16.078,44,,,,,,,,,,,,,169
2026-09-25T23:46:30.395,139.556,0,1396.5,49,,98.0,20.0,14.0,-2.344,1.007,1.006,-0.016,10010,25.882,16.078,44,99,,,,,,,,,,,,
2026-09-25T23:46:30.525,139.686,0,1395.75,49,,97.969,20.0,14.0,-2.344,1.009,1.0,-0.02,10040,25.882,16.078,44,,39,,,,,,,,,,,
2026-09-25T23:46:30.656,139.817,0,1394.75,49,,98.031,20.392,14.0,-2.344,1.0,0.997,-0.027,10190,25.882,16.078,44,,,3.125,,,,,,,,,,
2026-09-25T23:46:30.786,139.947,0,1393.75,49,,98.0,20.392,14.0,-2.344,0.995,0.997,-0.027,10120,25.882,16.078,44,,,,13.925,,,,,,,,,
2026-09-25T23:46:30.916,140.077,0,1389.25,49,,98.031,20.392,14.0,-2.344,0.991,0.993,-0.035,10020,25.882,16.078,43,,,,,98,,,,,,,,
2026-09-25T23:46:31.046,140.207,0,1390.0,49,,98.062,20.392,14.0,-2.344,0.997,0.995,-0.031,9940,25.882,16.078,44,,,,,,19,,,,,,,
2026-09-25T23:46:31.176,140.337,0,1394.75,49,,98.031,20.392,14.0,-2.344,1.005,1.0,-0.02,9890,25.882,15.686,44,,,,,,,16.078,,,,,,
2026-09-25T23:46:31.305,140.466,0,1393.0,49,,98.125,20.392,14.0,-2.344,1.006,1.005,-0.016,9960,25.882,15.686,44,,,,,,,,437.9,,,,,
2026-09-25T23:46:31.435,140.596,0,1386.5,49,,98.062,20.392,14.0,-2.344,1.006,1.005,-0.016,10050,25.882,15.686,43,,,,,,,,,0.73,,,,
2026-09-25T23:46:31.565,140.726,0,1383.75,48,,98.156,20.392,14.0,-2.344,0.998,0.997,-0.027,9950,25.882,15.686,44,,,,,,,,,,,0.0,,
2026-09-25T23:46:31.695,140.856,0,1381.75,48,,98.031,20.0,14.0,-2.344,0.993,0.991,-0.043,9770,25.882,15.686,43,,,,,,,,,,,,32.549,
2026-09-25T23:46:31.825,140.987,0,1383.0,48,,98.062,20.392,14.0,-2.344,0.996,0.992,-0.039,9860,25.882,15.686,43,,,,,,,,,,,,,170
2026-09-25T23:46:31.965,141.127,0,1382.75,49,,98.094,20.392,14.0,-2.344,0.999,0.995,-0.031,9960,25.882,15.686,43,99,,,,,,,,,,,,
2026-09-25T23:46:32.096,141.257,0,1385.75,49,,98.094,20.784,14.0,-2.344,1.0,0.997,-0.027,10140,25.882,15.686,43,,39,,,,,,,,,,,
2026-09-25T23:46:32.225,141.387,0,1383.0,48,,98.156,20.392,14.0,-3.125,1.0,0.99,-0.043,9970,25.882,15.686,43,,,3.125,,,,,,,,,,
2026-09-25T23:46:32.355,141.517,0,1380.5,49,,98.062,20.392,14.0,-3.125,1.0,0.988,-0.051,9850,25.882,15.686,43,,,,13.847,,,,,,,,,
2026-09-25T23:46:32.485,141.647,0,1379.5,49,,98.156,21.176,14.0,-3.125,1.0,0.989,-0.047,9890,25.882,15.294,43,,,,,98,,,,,,,,
2026-09-25T23:46:32.616,141.777,0,1378.75,49,,98.094,20.784,14.0,-3.906,1.0,0.987,-0.055,10020,25.882,15.294,43,,,,,,19,,,,,,,
2026-09-25T23:46:32.745,141.907,0,1377.75,50,,98.156,21.176,14.0,-3.906,1.0,0.988,-0.051,10170,25.882,15.294,43,,,,,,,16.078,,,,,,
2026-09-25T23:46:32.875,142.037,0,1374.0,50,,98.156,20.784,14.0,-3.906,1.0,0.986,-0.055,10110,25.882,15.294,43,,,,,,,,437.5,,,,,
2026-09-25T23:46:33.005,142.166,0,1370.5,50,,98.188,20.784,14.0,-4.688,1.0,0.985,-0.059,9970,25.882,15.294,43,,,,,,,,,0.74,,,,
2026-09-25T23:46:33.135,142.296,0,1368.5,48,,98.188,20.784,14.0,-4.688,1.0,0.993,-0.039,9970,25.882,15.294,43,,,,,,,,,,,0.0,,
2026-09-25T23:46:33.265,142.426,0,1369.0,48,,98.188,20.784,14.0,-3.906,1.0,0.994,-0.035,9880,25.49,15.294,43,,,,,,,,,,,,32.941,
2026-09-25T23:46:33.395,142.557,0,1368.0,48,,98.188,20.784,14.0,-4.688,1.0,0.989,-0.047,9790,25.49,14.902,43,,,,,,,,,,,,,172
2026-09-25T23:46:33.535,142.697,0,1364.75,48,,98.188,20.0,14.0,-4.688,1.0,0.984,-0.062,9530,25.49,14.902,43,99,,,,,,,,,,,,
2026-09-25T23:46:33.665,142.826,0,1362.25,47,,98.188,20.0,14.0,-5.469,1.0,0.982,-0.066,9260,25.49,14.902,43,,39,,,,,,,,,,,
2026-09-25T23:46:33.795,142.956,0,1364.5,47,,98.125,19.608,14.0,-5.469,1.0,0.978,-0.078,9100,25.49,14.902,43,,,3.125,,,,,,,,,,
2026-09-25T23:46:33.925,143.086,0,1363.75,47,,98.156,19.608,14.0,-7.031,1.0,0.963,-0.113,9100,25.49,14.902,43,,,,13.867,,,,,,,,,
2026-09-25T23:46:34.055,143.216,0,1362.25,46,,98.062,19.608,14.0,-7.812,1.0,0.951,-0.137,9140,25.49,14.902,43,,,,,98,,,,,,,,
2026-09-25T23:46:34.186,143.347,0,1360.5,46,,98.094,19.608,14.0,-9.375,1.0,0.943,-0.156,9150,25.49,14.902,43,,,,,,19,,,,,,,
2026-09-25T23:46:34.315,143.477,0,1356.5,46,,98.062,20.0,14.0,-10.156,1.002,0.944,-0.156,9140,25.49,14.902,42,,,,,,,16.078,,,,,,
2026-09-25T23:46:34.445,143.606,0,1354.75,46,,97.906,19.608,14.0,-11.719,1.005,0.94,-0.164,9220,25.49,14.902,42,,,,,,,,437.2,,,,,
2026-09-25T23:46:34.575,143.736,0,1356.0,46,,98.062,20.0,14.0,-12.5,1.008,0.942,-0.16,9270,25.098,14.51,42,,,,,,,,,0.82,,,,
2026-09-25T23:46:34.705,143.867,0,1352.75,46,,98.062,19.216,14.0,-13.281,1.009,0.951,-0.137,9270,24.706,14.902,42,,,,,,,,,,,0.0,,
2026-09-25T23:46:34.835,143.996,0,1348.25,45,,98.031,19.608,14.0,-14.062,1.01,0.941,-0.16,8940,23.922,14.118,42,,,,,,,,,,,,28.235,
2026-09-25T23:46:34.965,144.126,0,1350.5,43,,98.125,18.039,14.0,-15.625,1.011,0.939,-0.168,8570,23.922,14.51,42,,,,,,,,,,,,,173
2026-09-25T23:46:35.096,144.257,0,1347.0,42,,97.875,18.431,14.0,-15.625,1.012,0.963,-0.113,8050,23.529,14.118,42,100,,,,,,,,,,,,
2026-09-25T23:46:35.225,144.386,0,1343.75,39,,97.906,16.863,14.0,-14.844,1.012,0.987,-0.051,7520,23.529,14.51,42,,39,,,,,,,,,,,
2026-09-25T23:46:35.356,144.517,0,1338.0,38,,97.875,16.863,14.0,-14.844,1.013,1.0,-0.02,7120,23.529,14.51,42,,,3.906,,,,,,,,,,
2026-09-25T23:46:35.485,144.646,0,1330.5,38,,97.875,16.471,14.0,-12.5,1.013,1.042,0.023,6640,23.529,14.51,42,,,,13.886,,,,,,,,,
2026-09-25T23:46:35.616,144.777,0,1320.75,37,,97.875,16.471,14.0,-10.938,1.013,1.081,0.07,6260,23.529,14.51,42,,,,,98,,,,,,,,
2026-09-25T23:46:35.745,144.906,0,1326.25,37,,97.875,16.471,14.0,-8.594,1.014,1.105,0.094,6160,23.529,14.51,42,,,,,,19,,,,,,,
2026-09-25T23:46:35.875,145.037,0,1321.75,37,,97.875,16.471,14.0,-7.812,1.016,1.104,0.094,6180,23.529,14.51,42,,,,,,,16.078,,,,,,
2026-09-25T23:46:36.005,145.166,0,1317.5,37,,97.875,16.078,14.0,-7.031,1.018,1.091,0.078,6190,23.137,14.118,41,,,,,,,,437.5,,,,,
2026-09-25T23:46:36.135,145.296,0,1309.5,36,,97.875,15.686,14.5,-7.031,1.018,1.084,0.074,6180,19.216,12.157,41,,,,,,,,,0.865,,,,
2026-09-25T23:46:36.265,145.427,0,1302.25,31,,97.875,12.941,20.0,-7.031,1.019,1.076,0.062,5910,14.51,12.157,41,,,,,,,,,,,0.0,,
2026-09-25T23:46:36.396,145.557,0,1284.5,25,,97.875,0.0,26.0,-7.031,1.019,1.063,0.051,5450,14.51,12.549,41,,,,,,,,,,,,13.725,
2026-09-25T23:46:36.525,145.686,0,1303.0,22,,97.875,0.0,23.5,-7.031,1.02,1.05,0.035,5080,14.51,12.549,41,,,,,,,,,,,,,175
2026-09-25T23:46:36.655,145.816,0,1294.75,22,,97.875,0.0,17.0,-7.031,1.022,1.049,0.031,4660,14.51,12.549,41,100,,,,,,,,,,,,
2026-09-25T23:46:36.785,145.946,0,1281.75,22,,97.875,0.0,11.0,-7.031,1.024,1.043,0.027,4240,14.51,12.157,40,,39,,,,,,,,,,,
2026-09-25T23:46:36.915,146.077,0,1276.25,22,,97.844,0.0,6.5,-7.812,1.026,1.038,0.02,3910,14.51,12.157,40,,,8.594,,,,,,,,,,
2026-09-25T23:46:37.045,146.206,0,1276.75,22,,97.812,0.0,3.0,-7.031,1.027,1.042,0.023,3530,14.51,12.157,40,,,,13.886,,,,,,,,,
2026-09-25T23:46:37.175,146.336,0,1240.0,21,,97.812,0.0,-2.0,-6.25,1.024,1.082,0.07,3230,14.51,12.157,40,,,,,98,,,,,,,,
2026-09-25T23:46:37.306,146.467,0,1248.0,22,,97.688,0.0,-5.0,0.0,1.026,1.146,0.137,3420,14.51,12.157,39,,,,,,19,,,,,,,
2026-09-25T23:46:37.435,146.596,0,1249.75,21,,97.562,0.0,-5.5,0.0,1.021,1.175,0.168,4610,14.51,12.157,39,,,,,,,16.078,,,,,,
2026-09-25T23:46:37.565,146.726,0,1238.0,22,,97.594,0.0,-5.5,0.0,1.015,1.235,0.23,5710,14.51,12.549,39,,,,,,,,438.8,,,,,
2026-09-25T23:46:37.696,146.857,0,1232.0,23,,97.562,0.0,-5.5,0.0,1.003,1.485,0.426,6950,14.51,12.549,39,,,,,,,,,0.88,,,,
2026-09-25T23:46:37.825,146.986,0,1211.75,24,,97.562,0.0,-6.0,0.0,1.004,2.0,0.707,8400,14.51,12.549,39,,,,,,,,,,,0.0,,
2026-09-25T23:46:37.965,147.126,0,1206.25,25,,97.656,0.0,-6.0,0.0,1.044,2.0,0.887,9630,14.51,12.157,38,,,,,,,,,,,,13.725,
2026-09-25T23:46:38.095,147.257,0,1200.25,25,,97.781,0.0,-6.0,0.0,1.109,2.0,1.004,9860,14.51,12.157,38,,,,,,,,,,,,,176
2026-09-25T23:46:38.225,147.386,0,1190.25,24,,97.844,0.0,-6.0,0.0,1.163,2.0,1.078,9840,14.51,12.157,38,101,,,,,,,,,,,,
2026-09-25T23:46:38.355,147.516,0,1181.5,24,,97.844,0.0,-6.5,0.0,1.216,2.0,1.129,9840,14.51,12.157,37,,39,,,,,,,,,,,
2026-09-25T23:46:38.485,147.646,0,1176.0,24,,97.875,0.0,-6.5,0.0,1.271,2.0,1.164,9840,14.51,12.157,37,,,7.812,,,,,,,,,,
2026-09-25T23:46:38.625,147.786,0,1168.0,24,,97.875,0.0,-6.5,0.0,1.355,2.0,1.191,9830,17.255,12.157,37,,,,13.906,,,,,,,,,
2026-09-25T23:46:38.755,147.917,0,1165.75,24,,97.875,0.0,8.5,0.0,1.446,2.0,1.207,9850,25.49,14.902,37,,,,,98,,,,,,,,
2026-09-25T23:46:38.885,148.046,0,1193.25,28,,97.5,14.902,2.0,0.0,1.557,2.0,1.098,9650,26.667,14.902,37,,,,,,19,,,,,,,
2026-09-25T23:46:39.015,148.176,0,1167.25,36,,97.531,20.784,3.5,0.0,1.287,1.785,0.59,9100,31.373,15.686,37,,,,,,,16.078,,,,,,
2026-09-25T23:46:39.145,148.306,0,1170.25,44,,97.531,24.706,4.5,0.0,1.08,1.129,0.121,8780,33.333,16.078,37,,,,,,,,439.7,,,,,
2026-09-25T23:46:39.275,148.436,0,1204.5,49,,97.5,26.667,11.5,0.0,0.967,0.979,-0.074,9200,34.902,19.608,37,,,,,,,,,0.15,,,,
2026-09-25T23:46:39.406,148.567,0,1270.0,57,,97.219,36.863,12.5,0.0,0.928,0.927,-0.195,10100,35.686,29.804,37,,,,,,,,,,,0.0,,
2026-09-25T23:46:39.535,148.696,0,1417.75,93,,96.156,44.314,9.5,0.781,0.91,0.97,-0.098,11080,35.294,36.078,37,,,,,,,,,,,,68.627,
2026-09-25T23:46:39.665,148.826,0,1498.0,95,,96.75,38.431,9.5,3.906,0.909,0.975,-0.086,11900,35.686,40.392,37,,,,,,,,,,,,,178
2026-09-25T23:46:39.795,148.957,0,1623.25,96,,97.188,36.471,9.5,7.031,0.91,0.993,-0.035,13170,35.686,42.353,37,101,,,,,,,,,,,,
2026-09-25T23:46:39.926,149.087,0,1727.75,99,,99.281,33.725,9.5,7.812,0.915,0.984,-0.062,14040,35.686,42.353,37,,40,,,,,,,,,,,
2026-09-25T23:46:40.056,149.217,0,1721.75,100,,100.938,34.51,9.0,8.594,0.924,0.982,-0.066,14990,35.686,41.569,38,,,0.781,,,,,,,,,,
2026-09-25T23:46:40.185,149.346,0,1751.5,102,,102.656,35.294,9.0,9.375,0.929,0.98,-0.07,15870,35.686,32.549,38,,,,13.886,,,,,,,,,
2026-09-25T23:46:40.315,149.476,0,1767.75,102,,106.906,34.51,9.5,10.156,0.933,0.974,-0.086,16690,35.294,29.804,39,,,,,98,,,,,,,,
2026-09-25T23:46:40.445,149.606,0,1787.25,101,,108.844,33.333,10.0,10.156,0.936,0.958,-0.121,17400,35.294,26.667,39,,,,,,19,,,,,,,
2026-09-25T23:46:40.575,149.737,0,1799.5,98,,110.562,30.98,10.5,9.375,0.934,0.942,-0.16,16910,35.294,25.882,39,,,,,,,16.078,,,,,,
2026-09-25T23:46:40.705,149.867,0,1825.25,98,,111.562,30.98,11.0,9.375,0.931,0.926,-0.195,16650,35.294,25.882,40,,,,,,,,434.2,,,,,
2026-09-25T23:46:40.835,149.997,0,1836.5,97,,112.875,30.98,11.0,8.594,0.924,0.919,-0.215,16600,35.294,25.882,40,,,,,,,,,0.825,,,,
2026-09-25T23:46:40.965,150.127,0,1841.5,98,,113.094,31.765,10.5,7.812,0.972,0.959,-0.121,16980,35.294,25.882,40,,,,,,,,,,,0.0,,
2026-09-25T23:46:41.095,150.257,0,1784.25,99,,113.625,31.765,-12.5,7.812,0.997,0.98,-0.07,17110,35.294,24.314,40,,,,,,,,,,,,73.333,
2026-09-25T23:46:41.225,150.386,0,1607.0,99,,116.156,33.725,-7.0,7.812,1.0,1.007,-0.012,16980,35.294,23.529,41,,,,,,,,,,,,,180
2026-09-25T23:46:41.356,150.517,0,1552.0,99,,116.406,36.471,-4.0,8.594,1.0,0.996,-0.031,17000,34.902,23.529,41,101,,,,,,,,,,,,
2026-09-25T23:46:41.485,150.647,0,1510.75,99,,116.219,38.431,0.5,7.031,1.0,0.979,-0.078,17170,34.902,23.137,41,,38,,,,,,,,,,,
2026-09-25T23:46:41.615,150.776,0,1473.75,99,,115.562,40.784,2.5,6.25,1.0,0.971,-0.094,17150,34.902,22.745,41,,,1.562,,,,,,,,,,
2026-09-25T23:46:41.745,150.906,0,1412.25,98,,115.0,42.745,5.0,5.469,1.0,0.973,-0.09,17040,34.902,21.961,42,,,,13.886,,,,,,,,,
2026-09-25T23:46:41.875,151.036,0,1362.0,97,,114.531,44.314,6.5,4.688,1.001,0.963,-0.113,16890,34.51,21.569,42,,,,,98,,,,,,,,
2026-09-25T23:46:42.005,151.167,0,1343.75,97,,113.75,45.098,8.0,4.688,1.002,0.969,-0.098,16670,34.51,22.353,42,,,,,,19,,,,,,,
2026-09-25T23:46:42.135,151.296,0,1351.25,97,,112.188,46.275,8.5,3.906,1.003,0.964,-0.109,16740,34.51,21.961,42,,,,,,,16.078,,,,,,
2026-09-25T23:46:42.265,151.426,0,1358.25,96,,111.719,44.314,9.5,2.344,1.002,0.957,-0.125,16690,34.51,22.353,43,,,,,,,,436.8,,,,,
2026-09-25T23:46:42.395,151.556,0,1361.75,96,,111.125,44.706,9.5,2.344,1.003,0.974,-0.09,16560,34.51,22.745,43,,,,,,,,,0.815,,,,
2026-09-25T23:46:42.526,151.687,0,1368.0,96,,110.344,44.314,9.5,2.344,1.003,0.977,-0.082,16510,34.51,22.745,43,,,,,,,,,,,0.0,,
2026-09-25T23:46:42.656,151.817,0,1378.0,96,,110.094,43.922,9.0,2.344,1.002,0.979,-0.074,16540,34.51,22.745,43,,,,,,,,,,,,70.98,
2026-09-25T23:46:42.785,151.947,0,1385.75,96,,109.844,44.314,9.0,2.344,1.001,0.985,-0.059,16620,34.51,23.137,43,,,,,,,,,,,,,181
2026-09-25T23:46:42.915,152.076,0,1390.75,96,,109.531,43.922,9.0,1.562,1.001,0.986,-0.055,16600,34.51,23.137,44,101,,,,,,,,,,,,
2026-09-25T23:46:43.045,152.206,0,1398.75,96,,109.406,43.137,9.5,1.562,1.001,0.986,-0.055,16560,34.51,23.137,44,,37,,,,,,,,,,,
2026-09-25T23:46:43.175,152.336,0,1401.5,95,,109.281,43.137,9.5,1.562,1.001,0.988,-0.051,16550,34.51,23.137,44,,,1.562,,,,,,,,,,
2026-09-25T23:46:43.305,152.467,0,1407.75,96,,109.219,43.137,9.5,1.562,1.001,0.994,-0.035,16650,34.51,23.137,44,,,,13.789,,,,,,,,,
2026-09-25T23:46:43.435,152.597,0,1414.25,96,,109.156,42.353,9.5,1.562,1.001,0.989,-0.047,16840,34.51,23.922,45,,,,,98,,,,,,,,
2026-09-25T23:46:43.565,152.726,0,1427.5,96,,109.125,42.353,9.5,0.781,1.001,0.994,-0.035,16470,34.51,23.137,45,,,,,,19,,,,,,,
2026-09-25T23:46:43.716,152.877,0,1431.5,96,,109.188,41.569,9.5,1.562,1.001,1.003,-0.016,16560,34.51,23.137,45,,,,,,,16.078,,,,,,
2026-09-25T23:46:43.845,153.006,0,1437.0,95,,109.156,40.784,9.5,1.562,1.001,0.996,-0.031,16740,34.51,23.922,45,,,,,,,,439.6,,,,,
2026-09-25T23:46:43.975,153.137,0,1444.75,96,,109.188,40.784,9.5,0.781,1.003,0.997,-0.027,16750,34.51,24.314,45,,,,,,,,,0.81,,,,
2026-09-25T23:46:44.105,153.266,0,1455.5,96,,109.156,40.784,9.0,0.781,1.004,0.995,-0.031,16780,34.51,24.314,46,,,,,,,,,,,0.0,,
2026-09-25T23:46:44.235,153.396,0,1461.75,97,,109.281,40.0,9.0,0.781,1.004,1.004,-0.016,16810,34.902,24.706,46,,,,,,,,,,,,73.333,
2026-09-25T23:46:44.366,153.527,0,1470.0,98,,109.312,41.176,8.5,0.781,1.004,1.012,-0.008,16870,34.902,24.706,46,,,,,,,,,,,,,183
2026-09-25T23:46:44.496,153.657,0,1479.25,98,,109.469,41.176,9.0,0.781,1.004,1.012,-0.008,16790,34.902,24.706,46,102,,,,,,,,,,,,
2026-09-25T23:46:44.625,153.786,0,1483.0,98,,109.875,39.608,9.0,1.562,1.004,1.01,-0.012,16730,34.902,24.706,47,,36,,,,,,,,,,,
2026-09-25T23:46:44.755,153.916,0,1489.25,98,,109.938,40.0,9.0,1.562,1.003,1.012,-0.008,16800,34.902,24.706,47,,,1.562,,,,,,,,,,
2026-09-25T23:46:44.885,154.046,0,1496.0,98,,110.125,40.0,9.0,1.562,1.003,1.013,-0.008,16820,34.902,24.314,47,,,,13.847,,,,,,,,,
2026-09-25T23:46:45.015,154.176,0,1500.75,98,,110.25,38.824,9.0,2.344,1.003,1.014,-0.008,16840,34.902,25.098,47,,,,,97,,,,,,,,
2026-09-25T23:46:45.145,154.307,0,1510.5,98,,110.469,39.608,9.0,2.344,1.003,1.005,-0.016,16930,34.902,24.706,47,,,,,,19,,,,,,,
2026-09-25T23:46:45.276,154.437,0,1516.75,98,,110.562,38.824,9.0,1.562,1.003,1.011,-0.008,16910,34.902,24.706,48,,,,,,,16.078,,,,,,
2026-09-25T23:46:45.405,154.566,0,1525.5,98,,110.75,38.431,9.0,2.344,1.003,1.019,0.0,16880,34.902,24.706,48,,,,,,,,443.5,,,,,
2026-09-25T23:46:45.535,154.696,0,1529.0,98,,111.062,37.647,9.0,2.344,1.002,1.009,-0.012,16860,34.902,24.706,48,,,,,,,,,0.795,,,,
2026-09-25T23:46:45.666,154.827,0,1535.75,98,,111.219,38.039,9.0,2.344,1.002,1.016,-0.004,16810,34.902,24.706,49,,,,,,,,,,,0.0,,
2026-09-25T23:46:45.795,154.956,0,1548.75,98,,111.312,37.647,9.0,3.125,1.002,1.009,-0.012,16810,34.902,24.706,49,,,,,,,,,,,,72.941,
2026-09-25T23:46:45.925,155.086,0,1546.25,99,,111.688,37.647,9.0,3.125,1.002,1.012,-0.008,16780,34.902,24.706,49,,,,,,,,,,,,,184
2026-09-25T23:46:46.055,155.216,0,1553.75,98,,111.781,37.255,9.0,3.125,1.002,1.015,-0.004,16730,34.902,24.706,49,101,,,,,,,,,,,,
2026-09-25T23:46:46.186,155.347,0,1567.25,98,,111.906,36.471,9.5,2.344,1.002,0.998,-0.023,16790,34.902,24.706,49,,35,,,,,,,,,,,
2026-09-25T23:46:46.315,155.476,0,1569.5,99,,112.125,36.471,7.5,2.344,1.002,0.997,-0.027,16840,34.902,24.706,49,,,2.344,,,,,,,,,,
2026-09-25T23:46:46.445,155.606,0,1576.0,98,,112.344,35.686,7.5,2.344,1.002,0.999,-0.023,16790,34.902,24.706,50,,,,13.847,,,,,,,,,
2026-09-25T23:46:46.575,155.736,0,1584.25,98,,112.375,36.078,7.5,2.344,1.002,0.999,-0.02,16910,35.294,24.706,50,,,,,98,,,,,,,,
2026-09-25T23:46:46.705,155.867,0,1591.75,98,,112.594,35.686,8.0,2.344,1.002,1.001,-0.02,16900,35.294,24.706,50,,,,,,19,,,,,,,
2026-09-25T23:46:46.835,155.997,0,1602.25,98,,112.719,35.686,7.5,2.344,1.002,0.998,-0.027,16980,35.294,25.098,50,,,,,,,16.078,,,,,,
2026-09-25T23:46:46.965,156.126,0,1609.25,99,,112.844,35.686,8.0,2.344,1.002,1.002,-0.02,16970,35.294,24.706,50,,,,,,,,448.7,,,,,
2026-09-25T23:46:47.095,156.256,0,1611.5,98,,113.094,34.902,8.0,2.344,1.002,1.015,-0.004,16880,35.294,24.706,51,,,,,,,,,0.78,,,,
2026-09-25T23:46:47.225,156.387,0,1620.75,98,,113.188,34.902,8.0,2.344,1.002,1.008,-0.012,16860,35.294,25.098,51,,,,,,,,,,,0.0,,
2026-09-25T23:46:47.355,156.517,0,1626.0,98,,113.375,34.902,8.0,2.344,1.002,1.003,-0.016,16850,35.294,24.706,51,,,,,,,,,,,,73.725,
2026-09-25T23:46:47.485,156.646,0,1634.5,98,,113.5,34.902,8.5,2.344,1.002,1.007,-0.012,16820,35.294,25.098,51,,,,,,,,,,,,,186
2026-09-25T23:46:47.615,156.776,0,1643.0,98,,113.688,34.51,8.5,2.344,1.002,1.0,-0.02,16810,35.294,24.706,52,101,,,,,,,,,,,,
2026-09-25T23:46:47.745,156.906,0,1646.25,99,,113.75,34.902,8.5,2.344,1.002,0.998,-0.023,16790,35.294,24.706,52,,35,,,,,,,,,,,
2026-09-25T23:46:47.876,157.037,0,1654.0,98,,113.906,34.51,9.0,2.344,1.002,0.998,-0.023,16810,35.294,24.706,52,,,3.125,,,,,,,,,,
2026-09-25T23:46:48.005,157.166,0,1664.0,99,,114.031,34.51,9.0,1.562,1.002,0.998,-0.023,16860,35.294,25.098,52,,,,13.867,,,,,,,,,
2026-09-25T23:46:48.135,157.296,0,1668.5,99,,114.062,34.118,9.5,1.562,1.002,1.0,-0.02,16880,35.294,25.098,52,,,,,97,,,,,,,,
2026-09-25T23:46:48.265,157.426,0,1675.75,99,,114.25,34.118,9.5,2.344,1.002,1.007,-0.012,16850,35.294,25.098,53,,,,,,19,,,,,,,
2026-09-25T23:46:48.396,157.557,0,1682.75,98,,114.406,34.118,9.5,2.344,1.002,1.005,-0.016,16810,35.294,25.098,53,,,,,,,16.078,,,,,,
2026-09-25T23:46:48.525,157.687,0,1689.5,99,,114.688,34.118,9.5,2.344,1.002,1.005,-0.016,16820,34.902,24.706,54,,,,,,,,455.2,,,,,
2026-09-25T23:46:48.655,157.816,0,1700.75,98,,114.75,33.333,10.0,2.344,1.002,0.998,-0.023,16740,34.51,24.314,54,,,,,,,,,0.78,,,,
2026-09-25T23:46:48.795,157.956,0,1690.25,98,,114.938,32.941,10.5,2.344,1.002,1.016,-0.004,16570,32.941,21.961,54,,,,,,,,,,,0.0,,
2026-09-25T23:46:48.925,158.086,0,1703.25,93,,115.469,28.235,11.5,1.562,1.001,0.998,-0.027,16190,33.333,22.353,54,,,,,,,,,,,,63.922,
2026-09-25T23:46:49.055,158.217,0,1715.0,93,,114.75,29.412,12.0,2.344,1.001,0.997,-0.027,16040,32.941,21.961,54,,,,,,,,,,,,,187
2026-09-25T23:46:49.185,158.346,0,1711.0,92,,114.594,28.235,12.5,1.562,1.001,0.988,-0.051,15910,32.941,22.353,54,101,,,,,,,,,,,,
2026-09-25T23:46:49.315,158.476,0,1675.75,92,,113.594,29.02,-12.0,1.562,1.001,0.996,-0.031,16210,33.333,22.353,54,,34,,,,,,,,,,,
2026-09-25T23:46:49.445,158.606,0,1510.0,94,,113.312,33.725,-2.5,2.344,1.001,1.007,-0.012,16630,33.333,21.961,54,,,3.125,,,,,,,,,,
2026-09-25T23:46:49.575,158.736,0,1465.25,94,,113.312,37.255,3.0,1.562,1.002,1.001,-0.02,16650,34.118,22.353,55,,,,13.808,,,,,,,,,
2026-09-25T23:46:49.705,158.866,0,1433.75,94,,112.906,41.961,5.0,1.562,1.002,0.997,-0.027,16630,34.902,23.137,55,,,,,97,,,,,,,,
2026-09-25T23:46:49.835,158.996,0,1411.0,97,,111.719,45.49,8.5,0.781,1.002,0.983,-0.062,17030,34.902,22.745,55,,,,,,19,,,,,,,
2026-09-25T23:46:49.965,159.126,0,1377.75,96,,111.562,45.098,10.0,0.0,1.001,0.968,-0.102,17020,34.902,22.353,55,,,,,,,16.078,,,,,,
2026-09-25T23:46:50.095,159.256,0,1337.25,96,,111.156,45.882,9.5,0.0,1.001,0.967,-0.105,16940,34.902,22.353,55,,,,,,,,460.1,,,,,
2026-09-25T23:46:50.226,159.387,0,1327.0,96,,110.438,47.451,9.5,-0.781,1.001,0.972,-0.094,16820,35.294,22.745,55,,,,,,,,,0.775,,,,
2026-09-25T23:46:50.355,159.516,0,1335.75,96,,110.062,47.059,7.5,-0.781,1.001,0.973,-0.09,16830,35.294,23.137,55,,,,,,,,,,,0.0,,
2026-09-25T23:46:50.485,159.646,0,1341.25,96,,109.562,47.451,7.0,-1.562,1.001,0.971,-0.094,16970,35.294,23.529,55,,,,,,,,,,,,74.51,
2026-09-25T23:46:50.615,159.776,0,1342.0,97,,109.312,47.451,7.0,-1.562,1.001,0.975,-0.086,16990,35.294,23.137,55,,,,,,,,,,,,,189
2026-09-25T23:46:50.745,159.906,0,1344.5,97,,109.156,46.275,7.5,-2.344,1.001,0.98,-0.07,16950,35.294,23.529,56,101,,,,,,,,,,,,
2026-09-25T23:46:50.875,160.036,0,1346.5,97,,109.062,47.059,7.5,-2.344,1.001,0.983,-0.062,16930,35.686,23.922,56,,34,,,,,,,,,,,
2026-09-25T23:46:51.006,160.167,0,1348.5,97,,108.969,47.843,5.0,-2.344,1.001,0.983,-0.062,17010,35.686,23.922,56,,,3.125,,,,,,,,,,
2026-09-25T23:46:51.135,160.296,0,1353.5,97,,108.906,48.235,5.0,-2.344,1.001,0.986,-0.055,16990,35.686,23.922,56,,,,13.886,,,,,,,,,
2026-09-25T23:46:51.265,160.426,0,1354.25,97,,108.938,46.667,5.0,-2.344,1.001,0.991,-0.043,16950,35.686,23.922,56,,,,,97,,,,,,,,
2026-09-25T23:46:51.395,160.556,0,1358.0,97,,108.875,47.059,5.5,-2.344,1.001,0.991,-0.043,16970,35.686,23.922,56,,,,,,19,,,,,,,
2026-09-25T23:46:51.525,160.686,0,1360.75,98,,108.906,47.843,5.5,-3.125,1.001,0.995,-0.035,17070,35.686,23.922,56,,,,,,,16.078,,,,,,
2026-09-25T23:46:51.655,160.816,0,1362.75,97,,108.969,47.059,5.5,-2.344,1.001,0.996,-0.031,17010,35.686,23.922,56,,,,,,,,463.7,,,,,
2026-09-25T23:46:51.785,160.946,0,1360.5,97,,109.094,46.275,5.5,-3.125,1.001,0.998,-0.027,16940,35.686,23.922,57,,,,,,,,,0.785,,,,
2026-09-25T23:46:51.915,161.076,0,1367.25,97,,109.125,46.667,6.0,-2.344,1.001,0.998,-0.023,16900,35.686,23.922,57,,,,,,,,,,,0.0,,
2026-09-25T23:46:52.045,161.206,0,1372.75,98,,109.125,46.275,5.5,-3.125,1.001,0.999,-0.023,16900,35.686,24.314,57,,,,,,,,,,,,74.51,
2026-09-25T23:46:52.175,161.336,0,1380.0,98,,109.188,46.667,6.5,-2.344,1.001,1.01,-0.012,16930,35.686,24.314,57,,,,,,,,,,,,,191
2026-09-25T23:46:52.305,161.466,0,1385.25,98,,109.156,46.275,6.0,-2.344,1.001,1.007,-0.012,16940,35.686,23.922,57,102,,,,,,,,,,,,
2026-09-25T23:46:52.435,161.597,0,1394.0,98,,109.438,45.882,6.0,-2.344,1.001,1.008,-0.012,16910,35.686,23.922,57,,34,,,,,,,,,,,
2026-09-25T23:46:52.565,161.726,0,1393.75,98,,109.531,45.882,6.0,-2.344,1.001,1.003,-0.016,16880,35.686,23.922,58,,,3.125,,,,,,,,,,
2026-09-25T23:46:52.695,161.856,0,1397.5,98,,109.562,45.882,6.0,-1.562,1.001,1.004,-0.016,16900,35.294,23.529,58,,,,13.828,,,,,,,,,
2026-09-25T23:46:52.825,161.986,0,1392.0,97,,109.844,44.706,7.0,-2.344,1.001,1.006,-0.016,16830,35.294,23.529,58,,,,,97,,,,,,,,
2026-09-25T23:46:52.966,162.127,0,1396.0,97,,109.812,44.706,7.0,-1.562,1.001,1.001,-0.02,16770,35.294,23.529,58,,,,,,19,,,,,,,
2026-09-25T23:46:53.095,162.256,0,1401.0,97,,109.812,45.49,7.0,-2.344,1.001,1.0,-0.02,16790,34.902,23.529,58,,,,,,,16.078,,,,,,
2026-09-25T23:46:53.225,162.386,0,1404.75,96,,109.812,43.922,7.0,-1.562,1.001,1.004,-0.016,16690,35.294,23.529,58,,,,,,,,467.7,,,,,
2026-09-25T23:46:53.355,162.516,0,1406.0,97,,109.719,44.314,8.0,-1.562,1.001,1.002,-0.02,16750,35.294,23.922,58,,,,,,,,,0.78,,,,
2026-09-25T23:46:53.485,162.646,0,1415.0,97,,109.781,44.706,7.5,-1.562,1.001,0.994,-0.035,16920,34.902,23.922,58,,,,,,,,,,,0.0,,
2026-09-25T23:46:53.615,162.776,0,1415.25,97,,109.844,43.922,7.5,-1.562,1.002,0.998,-0.023,16910,35.294,23.529,59,,,,,,,,,,,,73.725,
2026-09-25T23:46:53.745,162.906,0,1415.25,97,,109.875,44.314,8.0,-1.562,1.002,1.002,-0.02,16940,34.902,23.529,59,,,,,,,,,,,,,192
2026-09-25T23:46:53.885,163.046,0,1417.0,97,,109.875,43.922,8.0,-1.562,1.002,1.004,-0.016,16890,34.902,23.137,59,101,,,,,,,,,,,,
2026-09-25T23:46:54.015,163.176,0,1413.25,96,,110.094,42.353,8.5,-1.562,1.002,1.005,-0.016,16800,34.902,23.922,59,,34,,,,,,,,,,,
2026-09-25T23:46:54.145,163.306,0,1428.0,97,,109.812,43.922,8.0,-1.562,1.002,1.004,-0.016,16790,34.902,23.529,59,,,3.125,,,,,,,,,,
2026-09-25T23:46:54.276,163.437,0,1431.5,96,,109.875,42.353,8.5,-1.562,1.002,1.006,-0.016,16750,34.902,23.529,59,,,,13.925,,,,,,,,,
2026-09-25T23:46:54.405,163.566,0,1434.25,96,,109.969,41.961,9.0,-1.562,1.002,0.998,-0.023,16700,34.902,23.529,59,,,,,97,,,,,,,,
2026-09-25T23:46:54.535,163.696,0,1433.5,96,,109.875,42.353,9.5,-1.562,1.002,1.005,-0.016,16750,34.51,23.137,60,,,,,,19,,,,,,,
2026-09-25T23:46:54.665,163.826,0,1437.25,96,,110.094,41.176,9.5,-1.562,1.002,1.002,-0.02,16610,34.51,23.529,59,,,,,,,16.078,,,,,,
2026-09-25T23:46:54.795,163.956,0,1437.0,96,,110.0,41.961,9.0,-0.781,1.002,1.011,-0.008,16680,34.51,23.529,59,,,,,,,,471.6,,,,,
2026-09-25T23:46:54.925,164.086,0,1442.75,96,,109.875,42.353,9.0,-0.781,1.002,1.002,-0.02,16750,34.51,23.529,60,,,,,,,,,0.78,,,,
2026-09-25T23:46:55.055,164.216,0,1445.75,96,,109.938,41.176,9.0,-0.781,1.002,1.003,-0.016,16740,34.51,23.137,60,,,,,,,,,,,0.0,,
2026-09-25T23:46:55.185,164.346,0,1447.5,97,,109.938,41.569,9.0,-0.781,1.002,1.009,-0.012,16670,34.51,23.529,60,,,,,,,,,,,,71.765,
2026-09-25T23:46:55.316,164.477,0,1453.25,96,,110.094,40.0,9.0,0.0,1.002,0.999,-0.023,16610,34.118,23.137,60,,,,,,,,,,,,,194
2026-09-25T23:46:55.445,164.606,0,1454.5,95,,110.125,39.216,9.5,-0.781,1.002,1.009,-0.012,16470,34.118,22.745,60,101,,,,,,,,,,,,
2026-09-25T23:46:55.575,164.737,0,1456.25,95,,110.156,38.824,9.5,0.0,1.002,1.013,-0.008,16390,33.725,23.137,60,,34,,,,,,,,,,,
2026-09-25T23:46:55.705,164.866,0,1458.0,95,,110.031,38.824,10.0,0.0,1.002,1.009,-0.012,16480,33.333,21.961,60,,,2.344,,,,,,,,,,
2026-09-25T23:46:55.835,164.996,0,1457.0,93,,110.0,36.078,11.0,0.0,1.002,1.01,-0.012,16190,32.941,21.961,60,,,,13.847,,,,,,,,,
2026-09-25T23:46:55.965,165.127,0,1457.0,93,,109.844,36.471,11.0,0.0,1.002,1.023,0.004,16060,32.157,20.784,60,,,,,97,,,,,,,,
2026-09-25T23:46:56.095,165.256,0,1463.25,92,,109.75,36.078,12.0,0.781,1.002,1.014,-0.008,15990,32.157,21.176,60,,,,,,19,,,,,,,
2026-09-25T23:46:56.225,165.386,0,1461.75,90,,109.25,33.725,12.0,0.781,1.002,1.02,0.0,15720,32.549,21.569,61,,,,,,,16.078,,,,,,
2026-09-25T23:46:56.355,165.516,0,1470.75,90,,108.969,34.51,12.0,1.562,1.002,1.027,0.008,15850,32.549,21.569,61,,,,,,,,475.2,,,,,
2026-09-25T23:46:56.486,165.647,0,1479.0,91,,108.75,34.51,12.5,1.562,1.002,1.022,0.004,16020,32.549,21.961,61,,,,,,,,,0.78,,,,
2026-09-25T23:46:56.615,165.776,0,1484.5,91,,108.562,34.118,12.5,2.344,1.002,1.021,0.0,16050,32.549,21.961,61,,,,,,,,,,,0.0,,
2026-09-25T23:46:56.745,165.906,0,1476.25,91,,108.344,34.51,12.5,2.344,1.002,1.022,0.0,16000,32.549,21.961,61,,,,,,,,,,,,62.745,
2026-09-25T23:46:56.875,166.036,0,1474.75,91,,108.438,34.51,12.0,3.125,1.002,1.016,-0.004,16020,32.549,21.961,61,,,,,,,,,,,,,195
2026-09-25T23:46:57.005,166.166,0,1473.75,91,,108.281,35.294,12.5,2.344,1.002,1.014,-0.008,16050,32.941,21.961,61,101,,,,,,,,,,,,
2026-09-25T23:46:57.136,166.297,0,1479.0,91,,108.094,34.118,12.5,3.125,1.002,1.01,-0.012,16020,32.549,21.961,61,,34,,,,,,,,,,,
2026-09-25T23:46:57.265,166.427,0,1480.5,91,,108.062,34.51,12.5,3.125,1.002,1.013,-0.008,15990,32.549,21.961,61,,,2.344,,,,,,,,,,
2026-09-25T23:46:57.396,166.557,0,1488.5,91,,108.0,34.118,12.5,3.125,1.002,1.011,-0.008,15930,31.765,20.392,62,,,,13.925,,,,,,,,,
2026-09-25T23:46:57.525,166.686,0,1484.75,89,,108.219,30.98,13.5,3.125,1.002,1.009,-0.012,15550,30.588,19.216,62,,,,,97,,,,,,,,
2026-09-25T23:46:57.655,166.816,0,1481.75,85,,108.281,29.02,14.0,3.125,1.001,1.012,-0.008,15060,29.804,17.255,62,,,,,,19,,,,,,,
2026-09-25T23:46:57.785,166.946,0,1482.0,81,,108.469,27.059,14.5,3.125,1.001,0.999,-0.023,14670,29.804,17.647,61,,,,,,,16.078,,,,,,
2026-09-25T23:46:57.915,167.076,0,1481.5,75,,107.25,25.098,14.5,2.344,1.002,0.989,-0.047,14140,29.804,18.039,62,,,,,,,,478.1,,,,,
2026-09-25T23:46:58.045,167.206,0,1489.25,72,,106.875,24.706,14.5,2.344,1.002,0.988,-0.051,13770,29.804,18.039,62,,,,,,,,,0.78,,,,
2026-09-25T23:46:58.175,167.336,0,1494.25,71,,106.219,24.706,14.5,2.344,1.002,0.987,-0.051,13870,29.804,18.431,62,,,,,,,,,,,0.0,,
2026-09-25T23:46:58.305,167.466,0,1499.25,72,,105.594,24.706,14.5,1.562,1.002,0.983,-0.062,13960,29.804,18.431,62,,,,,,,,,,,,45.882,
2026-09-25T23:46:58.435,167.596,0,1510.0,72,,104.938,24.314,14.5,1.562,1.002,0.991,-0.043,14270,29.804,18.431,62,,,,,,,,,,,,,197
2026-09-25T23:46:58.565,167.726,0,1506.75,71,,104.625,23.922,15.0,1.562,1.002,0.988,-0.051,14080,29.804,18.431,62,100,,,,,,,,,,,,
2026-09-25T23:46:58.695,167.856,0,1499.0,73,,104.375,24.706,14.5,0.781,1.002,0.991,-0.043,13980,29.804,18.431,62,,34,,,,,,,,,,,
2026-09-25T23:46:58.825,167.986,0,1499.0,72,,103.969,25.098,14.5,1.562,1.002,1.001,-0.02,14650,30.196,18.824,62,,,3.125,,,,,,,,,,
2026-09-25T23:46:58.964,168.126,0,1498.75,75,,103.688,25.49,14.5,0.781,1.002,0.99,-0.047,14820,30.196,19.216,62,,,,13.925,,,,,,,,,
2026-09-25T23:46:59.095,168.256,0,1500.25,76,,103.656,25.882,14.5,0.781,1.002,0.992,-0.039,14830,30.196,18.824,62,,,,,97,,,,,,,,
2026-09-25T23:46:59.225,168.386,0,1500.5,76,,103.562,25.49,14.5,0.781,1.001,0.997,-0.027,14750,30.196,19.216,62,,,,,,19,,,,,,,
2026-09-25T23:46:59.355,168.516,0,1498.0,76,,103.375,25.882,14.5,0.781,1.001,0.998,-0.023,15060,30.196,19.608,62,,,,,,,16.078,,,,,,
2026-09-25T23:46:59.485,168.646,0,1503.0,78,,103.344,26.275,14.5,0.781,1.001,0.994,-0.035,14780,30.196,18.824,62,,,,,,,,479.9,,,,,
2026-09-25T23:46:59.615,168.776,0,1505.0,79,,103.375,25.098,14.5,0.781,1.001,0.999,-0.023,14580,30.196,19.216,62,,,,,,,,,0.775,,,,
2026-09-25T23:46:59.744,168.906,0,1500.75,77,,103.438,25.882,14.5,1.562,1.001,1.011,-0.008,14980,30.196,19.608,62,,,,,,,,,,,0.0,,
2026-09-25T23:46:59.875,169.036,0,1505.25,79,,103.344,26.275,14.5,0.781,1.001,0.999,-0.023,14980,30.196,19.216,62,,,,,,,,,,,,49.02,
2026-09-25T23:47:00.005,169.166,0,1506.5,79,,103.344,25.882,14.5,0.781,1.001,0.998,-0.027,14770,30.196,19.216,62,,,,,,,,,,,,,198
2026-09-25T23:47:00.135,169.296,0,1503.5,78,,103.375,25.882,14.5,0.781,1.001,1.003,-0.016,14830,30.196,19.216,62,99,,,,,,,,,,,,
2026-09-25T23:47:00.265,169.426,0,1506.0,78,,103.438,25.882,14.5,1.562,1.001,1.005,-0.016,14810,30.196,19.216,62,,34,,,,,,,,,,,
2026-09-25T23:47:00.395,169.556,0,1508.75,78,,103.375,25.49,14.5,0.781,1.001,0.999,-0.023,14360,30.196,19.216,62,,,3.125,,,,,,,,,,
2026-09-25T23:47:00.525,169.686,0,1516.75,77,,103.406,25.49,14.5,1.562,1.001,1.017,-0.004,14820,29.804,18.431,62,,,,13.808,,,,,,,,,
2026-09-25T23:47:00.656,169.817,0,1509.5,76,,103.594,24.706,14.5,1.562,1.001,0.995,-0.031,14590,29.804,18.824,63,,,,,97,,,,,,,,
2026-09-25T23:47:00.785,169.946,0,1511.5,77,,103.344,25.49,14.5,0.781,1.002,0.998,-0.023,14330,29.804,18.824,63,,,,,,19,,,,,,,
2026-09-25T23:47:00.916,170.077,0,1511.5,75,,103.375,24.706,14.5,1.562,1.002,1.013,-0.008,14740,29.804,19.216,63,,,,,,,16.078,,,,,,
2026-09-25T23:47:01.045,170.206,0,1508.25,76,,103.281,25.098,14.5,0.781,1.002,0.987,-0.055,14140,29.804,18.824,63,,,,,,,,481.1,,,,,
2026-09-25T23:47:01.175,170.336,0,1517.0,75,,103.156,24.706,14.5,0.781,1.002,1.005,-0.016,14250,29.804,18.431,63,,,,,,,,,0.77,,,,
2026-09-25T23:47:01.305,170.466,0,1514.5,72,,103.344,23.922,15.0,1.562,1.002,1.013,-0.008,14330,29.804,18.824,63,,,,,,,,,,,0.0,,
2026-09-25T23:47:01.435,170.596,0,1520.25,74,,103.156,24.314,15.0,0.781,1.002,0.994,-0.035,14270,29.804,18.431,63,,,,,,,,,,,,45.49,
2026-09-25T23:47:01.566,170.727,0,1521.5,72,,103.031,23.922,15.0,0.0,1.002,0.991,-0.043,13920,29.412,18.431,63,,,,,,,,,,,,,200
2026-09-25T23:47:01.695,170.856,0,1518.5,72,,103.0,23.922,15.0,0.781,1.002,0.999,-0.023,14070,29.804,18.431,63,98,,,,,,,,,,,,
2026-09-25T23:47:01.824,170.986,0,1521.25,71,,102.938,23.922,15.0,0.0,1.002,0.994,-0.035,14310,29.412,18.431,63,,34,,,,,,,,,,,
2026-09-25T23:47:01.965,171.126,0,1518.0,71,,102.875,23.529,15.0,0.0,1.002,0.986,-0.055,13590,29.412,18.431,63,,,3.906,,,,,,,,,,
2026-09-25T23:47:02.095,171.256,0,1514.5,70,,102.688,23.529,15.0,0.0,1.002,0.992,-0.039,13540,29.02,17.647,63,,,,13.906,,,,,,,,,
2026-09-25T23:47:02.225,171.386,0,1512.25,67,,102.688,22.353,15.0,0.0,1.002,0.996,-0.031,13300,29.02,18.039,63,,,,,97,,,,,,,,
2026-09-25T23:47:02.355,171.516,0,1516.75,68,,102.406,22.745,15.0,0.0,1.002,0.995,-0.031,13170,29.02,18.039,63,,,,,,19,,,,,,,
2026-09-25T23:47:02.485,171.647,0,1526.5,69,,102.375,22.353,15.5,0.0,1.002,0.989,-0.047,13400,28.627,17.647,63,,,,,,,16.078,,,,,,
2026-09-25T23:47:02.615,171.776,0,1527.25,69,,102.312,21.569,15.5,-0.781,1.002,0.986,-0.055,13120,28.627,17.647,63,,,,,,,,482.2,,,,,
2026-09-25T23:47:02.745,171.906,0,1522.25,66,,102.25,21.569,15.5,0.0,1.001,0.998,-0.027,13100,28.627,18.039,63,,,,,,,,,0.77,,,,
2026-09-25T23:47:02.875,172.036,0,1517.0,66,,102.031,21.569,15.5,0.0,1.001,0.995,-0.035,13020,28.627,18.039,63,,,,,,,,,,,0.0,,
2026-09-25T23:47:03.005,172.166,0,1521.5,68,,101.969,21.569,15.5,-0.781,1.002,0.991,-0.043,13200,28.627,17.647,63,,,,,,,,,,,,41.176,
2026-09-25T23:47:03.135,172.296,0,1519.5,67,,101.75,21.569,15.0,-0.781,1.001,0.995,-0.031,12920,28.627,18.039,63,,,,,,,,,,,,,202
2026-09-25T23:47:03.265,172.426,0,1524.5,67,,101.719,21.961,15.5,-0.781,1.001,1.0,-0.02,13150,28.235,17.647,63,98,,,,,,,,,,,,
2026-09-25T23:47:03.395,172.556,0,1525.5,65,,101.719,21.176,15.5,-0.781,1.001,0.995,-0.031,12960,28.235,17.647,63,,34,,,,,,,,,,,
2026-09-25T23:47:03.525,172.686,0,1524.75,66,,101.625,21.176,15.5,-0.781,1.001,1.002,-0.02,12880,28.235,17.255,63,,,3.906,,,,,,,,,,
2026-09-25T23:47:03.655,172.816,0,1527.0,63,,101.594,20.784,15.5,-0.781,1.001,1.009,-0.012,12650,27.451,17.255,63,,,,13.906,,,,,,,,,
2026-09-25T23:47:03.785,172.946,0,1520.5,62,,101.438,20.784,15.5,0.0,1.001,1.004,-0.016,12350,26.667,16.078,63,,,,,97,,,,,,,,
2026-09-25T23:47:03.916,173.077,0,1515.5,61,,101.406,18.039,15.0,-0.781,1.001,0.998,-0.027,11830,26.275,16.471,63,,,,,,19,,,,,,,
2026-09-25T23:47:04.065,173.226,0,1523.0,54,,101.344,18.824,15.5,0.0,1.001,1.004,-0.016,11310,26.275,16.471,63,,,,,,,16.078,,,,,,
2026-09-25T23:47:04.195,173.356,0,1526.0,53,,101.062,18.039,15.0,-0.781,1.0,0.99,-0.047,10790,26.275,16.471,63,,,,,,,,483.3,,,,,
2026-09-25T23:47:04.324,173.486,0,1522.25,53,,100.75,17.647,15.0,-1.562,1.0,0.986,-0.055,10380,26.275,16.471,63,,,,,,,,,0.76,,,,
2026-09-25T23:47:04.466,173.627,0,1523.5,53,,100.5,17.647,15.0,-1.562,1.0,0.991,-0.043,10420,26.275,16.471,63,,,,,,,,,,,0.0,,
2026-09-25T23:47:04.595,173.756,0,1530.0,54,,100.438,18.039,15.0,-0.781,1.0,0.996,-0.031,10870,26.667,16.471,63,,,,,,,,,,,,33.725,
2026-09-25T23:47:04.724,173.886,0,1524.0,53,,100.219,17.647,15.0,-1.562,1.0,0.992,-0.039,10830,26.667,16.471,63,,,,,,,,,,,,,203
2026-09-25T23:47:04.855,174.016,0,1518.0,54,,100.125,18.824,15.0,-1.562,1.0,0.984,-0.062,11220,27.059,16.471,63,99,,,,,,,,,,,,
2026-09-25T23:47:04.985,174.146,0,1518.75,57,,100.031,19.608,15.0,-3.906,1.0,0.946,-0.148,11690,27.451,16.863,63,,34,,,,,,,,,,,
2026-09-25T23:47:05.116,174.277,0,1517.75,58,,99.969,20.0,15.0,-4.688,1.0,0.963,-0.113,12260,26.667,16.078,63,,,4.688,,,,,,,,,,
2026-09-25T23:47:05.245,174.406,0,1510.0,57,,99.938,18.824,15.0,-3.906,1.001,0.988,-0.051,12020,26.275,16.078,63,,,,13.847,,,,,,,,,
2026-09-25T23:47:05.376,174.537,0,1510.75,55,,100.0,18.824,15.0,-3.906,1.0,0.985,-0.055,11230,26.275,16.078,63,,,,,97,,,,,,,,
2026-09-25T23:47:05.505,174.666,0,1512.25,55,,99.844,18.039,15.0,-4.688,1.0,0.978,-0.078,10860,26.275,15.686,63,,,,,,19,,,,,,,
2026-09-25T23:47:05.635,174.796,0,1511.25,54,,99.781,18.039,15.0,-5.469,1.0,0.977,-0.082,10740,25.882,16.078,63,,,,,,,16.078,,,,,,
2026-09-25T23:47:05.765,174.926,0,1509.0,53,,99.781,18.431,15.0,-5.469,1.0,0.976,-0.086,10780,25.49,14.902,63,,,,,,,,484.5,,,,,
2026-09-25T23:47:05.895,175.056,0,1505.75,50,,99.781,17.255,15.0,-6.25,1.0,0.967,-0.105,10270,25.882,15.686,62,,,,,,,,,0.76,,,,
2026-09-25T23:47:06.025,175.186,0,1511.25,50,,99.5,17.255,15.0,-7.031,1.0,0.956,-0.129,10250,25.882,15.686,63,,,,,,,,,,,0.0,,
2026-09-25T23:47:06.154,175.316,0,1510.0,51,,99.469,17.647,15.0,-9.375,1.0,0.934,-0.18,10120,25.49,15.294,62,,,,,,,,,,,,32.941,
2026-09-25T23:47:06.285,175.446,0,1514.25,50,,99.469,17.255,15.0,-10.938,1.0,0.938,-0.172,10150,25.49,15.294,62,,,,,,,,,,,,,205
2026-09-25T23:47:06.415,175.576,0,1512.0,49,,99.438,16.863,15.0,-11.719,1.0,0.936,-0.176,9700,25.49,15.294,63,99,,,,,,,,,,,,
2026-09-25T23:47:06.545,175.707,0,1511.25,48,,99.25,16.863,15.0,-13.281,1.0,0.935,-0.176,9830,25.49,15.686,62,,35,,,,,,,,,,,
2026-09-25T23:47:06.675,175.836,0,1510.75,49,,99.156,16.863,15.0,-14.062,1.0,0.932,-0.184,9940,25.098,15.686,62,,,4.688,,,,,,,,,,
2026-09-25T23:47:06.805,175.967,0,1510.75,49,,99.156,16.863,15.0,-14.844,1.001,0.941,-0.16,10250,25.098,15.294,62,,,,13.925,,,,,,,,,
2026-09-25T23:47:06.935,176.096,0,1499.5,47,,99.094,17.255,15.0,-16.406,1.003,0.94,-0.164,9830,25.098,15.294,62,,,,,97,,,,,,,,
2026-09-25T23:47:07.065,176.227,0,1497.5,48,,99.094,17.255,15.0,-17.188,1.004,0.939,-0.164,9750,25.098,15.294,62,,,,,,19,,,,,,,
2026-09-25T23:47:07.195,176.356,0,1499.0,48,,98.875,17.255,15.0,-17.969,1.004,0.951,-0.137,9590,25.098,15.294,62,,,,,,,16.078,,,,,,
2026-09-25T23:47:07.325,176.487,0,1500.25,48,,98.844,17.255,15.0,-17.969,1.005,0.97,-0.098,9510,25.098,15.686,62,,,,,,,,485.6,,,,,
2026-09-25T23:47:07.465,176.627,0,1504.0,48,,98.812,17.255,15.0,-17.969,1.006,0.982,-0.066,9730,25.49,15.686,62,,,,,,,,,0.805,,,,
2026-09-25T23:47:07.595,176.756,0,1503.75,48,,98.812,17.647,15.0,-17.188,1.005,0.998,-0.027,9900,25.49,16.078,62,,,,,,,,,,,0.0,,
2026-09-25T23:47:07.725,176.887,0,1494.75,47,,98.812,16.863,15.0,-16.406,1.004,1.026,0.008,9730,25.49,16.078,62,,,,,,,,,,,,31.765,
2026-09-25T23:47:07.855,177.016,0,1483.5,47,,98.625,17.255,15.0,-13.281,1.003,1.086,0.074,9790,25.882,16.078,62,,,,,,,,,,,,,206
2026-09-25T23:47:07.984,177.146,0,1487.0,47,,98.531,17.255,15.0,-10.156,1.004,1.11,0.098,9790,26.275,16.471,62,99,,,,,,,,,,,,
2026-09-25T23:47:08.115,177.276,0,1496.5,48,,98.5,17.647,15.0,-9.375,1.004,1.079,0.066,9860,26.667,16.471,62,,35,,,,,,,,,,,
2026-09-25T23:47:08.245,177.407,0,1512.0,53,,98.5,18.431,15.0,-10.156,1.004,1.049,0.031,10690,27.059,16.471,62,,,4.688,,,,,,,,,,
2026-09-25T23:47:08.375,177.536,0,1514.75,55,,98.5,18.824,15.0,-10.938,1.004,1.013,-0.008,11200,27.843,16.863,62,,,,13.847,,,,,,,,,
2026-09-25T23:47:08.506,177.667,0,1492.0,56,,98.5,21.176,15.0,-10.156,1.005,1.036,0.02,11780,27.843,16.471,61,,,,,97,,,,,,,,
2026-09-25T23:47:08.635,177.796,0,1478.5,59,,98.5,20.784,15.0,-9.375,1.005,1.056,0.039,12530,28.235,16.863,62,,,,,,19,,,,,,,
2026-09-25T23:47:08.765,177.926,0,1479.75,61,,98.562,21.176,15.0,-7.031,1.006,1.062,0.051,12740,29.412,18.039,62,,,,,,,16.078,,,,,,
2026-09-25T23:47:08.894,178.056,0,1491.25,65,,98.5,22.745,15.0,-7.031,1.007,1.057,0.043,13170,29.412,18.431,62,,,,,,,,486.1,,,,,
2026-09-25T23:47:09.025,178.186,0,1488.25,71,,98.812,24.706,15.0,-5.469,1.008,1.072,0.059,14020,29.804,18.039,61,,,,,,,,,0.85,,,,
2026-09-25T23:47:09.165,178.326,0,1486.0,70,,99.094,24.314,15.0,-3.906,1.009,1.072,0.059,14090,29.804,18.431,61,,,,,,,,,,,0.0,,
2026-09-25T23:47:09.295,178.457,0,1486.75,69,,99.156,24.314,14.5,-3.125,1.011,1.075,0.062,14110,29.412,18.431,61,,,,,,,,,,,,45.098,
2026-09-25T23:47:09.425,178.586,0,1490.0,71,,99.469,24.706,15.0,-2.344,1.011,1.067,0.055,14210,29.412,18.431,62,,,,,,,,,,,,,208
2026-09-25T23:47:09.556,178.717,0,1491.0,72,,99.688,24.314,15.0,-2.344,1.011,1.051,0.035,13770,29.412,18.039,62,99,,,,,,,,,,,,
2026-09-25T23:47:09.685,178.846,0,1489.25,72,,99.812,24.314,15.0,-1.562,1.01,1.054,0.039,13630,29.412,18.039,61,,35,,,,,,,,,,,
2026-09-25T23:47:09.815,178.976,0,1488.0,71,,100.125,24.314,15.0,-0.781,1.01,1.06,0.047,13860,29.412,18.039,62,,,3.906,,,,,,,,,,
2026-09-25T23:47:09.945,179.106,0,1487.0,71,,100.125,24.706,14.5,0.0,1.01,1.047,0.031,13780,29.412,18.431,62,,,,13.808,,,,,,,,,
2026-09-25T23:47:10.075,179.236,0,1492.0,73,,100.438,24.706,15.0,0.0,1.01,1.03,0.012,13700,29.412,17.647,61,,,,,97,,,,,,,,
2026-09-25T23:47:10.205,179.366,0,1484.5,71,,100.656,23.922,15.0,0.0,1.01,1.047,0.031,14070,29.412,18.039,61,,,,,,19,,,,,,,
2026-09-25T23:47:10.335,179.496,0,1482.25,71,,100.75,24.706,15.0,0.0,1.01,1.034,0.016,13470,29.412,17.647,61,,,,,,,16.078,,,,,,
2026-09-25T23:47:10.465,179.626,0,1493.5,70,,100.844,23.922,15.0,0.781,1.01,1.032,0.016,13970,29.412,17.647,61,,,,,,,,485.8,,,,,
2026-09-25T23:47:10.595,179.756,0,1486.25,69,,100.969,23.529,14.5,0.781,1.009,1.021,0.0,13630,29.412,18.431,62,,,,,,,,,0.835,,,,
2026-09-25T23:47:10.725,179.887,0,1486.5,70,,101.062,24.314,15.0,0.781,1.009,1.029,0.012,13530,29.412,17.647,62,,,,,,,,,,,0.0,,
2026-09-25T23:47:10.855,180.016,0,1490.25,67,,101.062,23.137,15.0,0.781,1.008,1.002,-0.02,13600,29.412,18.039,62,,,,,,,,,,,,44.314,
2026-09-25T23:47:10.984,180.146,0,1486.25,68,,101.062,24.314,15.0,0.0,1.008,0.987,-0.055,13700,29.412,18.039,62,,,,,,,,,,,,,209
2026-09-25T23:47:11.115,180.276,0,1488.0,69,,101.125,23.922,15.0,-0.781,1.007,0.986,-0.055,13340,29.412,18.039,62,99,,,,,,,,,,,,
2026-09-25T23:47:11.244,180.406,0,1489.75,68,,101.125,23.529,15.0,0.0,1.007,0.999,-0.02,13710,29.412,18.431,62,,35,,,,,,,,,,,
2026-09-25T23:47:11.374,180.536,0,1487.75,70,,101.125,24.314,15.0,0.0,1.007,0.996,-0.031,13530,29.412,18.039,61,,,3.906,,,,,,,,,,
2026-09-25T23:47:11.505,180.666,0,1496.5,71,,101.344,24.314,15.0,-0.781,1.006,0.997,-0.027,13730,29.412,18.431,62,,,,13.925,,,,,,,,,
2026-09-25T23:47:11.634,180.796,0,1495.0,71,,101.406,24.314,15.0,0.0,1.006,0.998,-0.027,14270,29.412,18.431,62,,,,,97,,,,,,,,
2026-09-25T23:47:11.765,180.926,0,1491.0,73,,101.406,24.706,15.0,-0.781,1.005,0.986,-0.055,13960,29.412,17.647,61,,,,,,19,,,,,,,
2026-09-25T23:47:11.894,181.056,0,1496.25,73,,101.438,25.098,15.0,-1.562,1.005,0.979,-0.074,14020,29.804,18.431,62,,,,,,,16.078,,,,,,
2026-09-25T23:47:12.025,181.186,0,1488.75,72,,101.688,25.098,15.0,-1.562,1.005,0.999,-0.023,14440,29.804,18.431,62,,,,,,,,485.8,,,,,
2026-09-25T23:47:12.155,181.317,0,1489.0,73,,101.719,24.706,14.5,-0.781,1.004,1.01,-0.012,14020,29.804,18.431,62,,,,,,,,,0.815,,,,
2026-09-25T23:47:12.285,181.446,0,1495.75,74,,101.719,25.49,14.5,0.0,1.004,1.021,0.0,14350,29.804,18.431,62,,,,,,,,,,,0.0,,
2026-09-25T23:47:12.415,181.577,0,1496.5,72,,101.812,25.098,14.5,0.0,1.004,1.021,0.0,14440,29.804,18.824,62,,,,,,,,,,,,46.667,
2026-09-25T23:47:12.545,181.706,0,1502.0,76,,101.875,25.098,14.5,0.0,1.004,1.011,-0.008,14470,30.196,18.824,62,,,,,,,,,,,,,211
2026-09-25T23:47:12.674,181.836,0,1509.25,76,,102.031,25.098,14.5,0.0,1.004,1.02,0.0,14560,30.196,18.431,62,99,,,,,,,,,,,,
2026-09-25T23:47:12.805,181.966,0,1506.25,76,,102.062,25.49,14.5,0.0,1.004,1.02,0.0,14460,29.804,18.824,62,,34,,,,,,,,,,,
2026-09-25T23:47:12.935,182.096,0,1495.5,75,,102.375,25.49,14.5,0.0,1.004,1.016,-0.004,14920,30.196,18.824,62,,,3.906,,,,,,,,,,
2026-09-25T23:47:13.065,182.226,0,1496.0,76,,102.344,25.882,14.5,0.0,1.004,1.001,-0.02,14450,29.804,18.431,62,,,,13.847,,,,,,,,,
2026-09-25T23:47:13.195,182.356,0,1503.0,76,,102.438,25.882,14.5,0.0,1.003,1.011,-0.008,14770,29.804,18.431,62,,,,,97,,,,,,,,
2026-09-25T23:47:13.325,182.486,0,1500.5,76,,102.688,25.49,14.5,0.0,1.003,0.999,-0.023,14630,29.804,18.824,62,,,,,,19,,,,,,,
2026-09-25T23:47:13.455,182.616,0,1507.5,77,,102.656,25.49,14.5,0.0,1.003,0.999,-0.023,14500,29.804,18.039,62,,,,,,,16.078,,,,,,
2026-09-25T23:47:13.585,182.746,0,1506.5,76,,102.719,24.706,15.0,0.0,1.003,1.004,-0.016,14250,29.412,17.647,62,,,,,,,,485.8,,,,,
2026-09-25T23:47:13.714,182.876,0,1498.0,73,,102.812,23.922,15.0,0.781,1.003,1.025,0.004,14010,29.412,18.039,62,,,,,,,,,0.795,,,,
2026-09-25T23:47:13.845,183.006,0,1498.75,72,,102.688,24.314,15.0,0.781,1.003,1.012,-0.008,13610,29.412,18.039,62,,,,,,,,,,,0.0,,
2026-09-25T23:47:13.974,183.136,0,1509.0,73,,102.688,24.706,15.0,0.0,1.003,0.991,-0.043,13850,29.804,18.039,63,,,,,,,,,,,,45.49,
2026-09-25T23:47:14.105,183.266,0,1508.75,72,,102.688,23.922,15.0,0.0,1.003,1.004,-0.016,14140,29.804,18.039,62,,,,,,,,,,,,,212
2026-09-25T23:47:14.244,183.406,0,1508.5,73,,102.531,24.314,15.0,0.781,1.003,1.007,-0.012,13980,29.804,18.039,62,99,,,,,,,,,,,,
2026-09-25T23:47:14.375,183.536,0,1513.5,73,,102.594,24.314,15.0,0.0,1.003,1.005,-0.016,14000,19.216,15.686,62,,34,,,,,,,,,,,
2026-09-25T23:47:14.505,183.666,0,1512.25,72,,102.562,0.0,10.0,0.0,1.003,0.995,-0.035,13680,14.51,13.725,62,,,4.688,,,,,,,,,,
2026-09-25T23:47:14.635,183.796,0,1493.25,46,,101.406,0.0,14.0,0.0,1.003,1.008,-0.012,13070,14.51,12.941,62,,,,13.789,,,,,,,,,
2026-09-25T23:47:14.765,183.926,0,1495.25,33,,101.125,0.0,17.0,0.781,1.002,1.013,-0.008,12900,14.51,12.157,62,,,,,97,,,,,,,,
2026-09-25T23:47:14.894,184.056,0,1479.75,27,,100.75,0.0,25.0,0.0,1.002,0.955,-0.129,12270,14.51,12.549,62,,,,,,19,,,,,,,
2026-09-25T23:47:15.025,184.186,0,1471.75,22,,100.125,0.0,31.0,-0.781,1.001,0.979,-0.074,11810,14.51,12.549,61,,,,,,,16.078,,,,,,
2026-09-25T23:47:15.155,184.316,0,1459.75,22,,99.781,0.0,31.5,0.0,1.002,1.005,-0.016,11390,14.51,12.549,60,,,,,,,,486.9,,,,,
2026-09-25T23:47:15.285,184.447,0,1434.5,21,,99.469,0.0,22.0,0.781,1.003,1.029,0.012,10870,14.51,12.549,59,,,,,,,,,0.795,,,,
2026-09-25T23:47:15.415,184.576,0,1415.0,21,,99.156,0.0,14.5,1.562,1.004,1.034,0.016,10440,14.51,12.549,58,,,,,,,,,,,0.0,,
2026-09-25T23:47:15.545,184.706,0,1392.25,22,,98.969,0.0,8.0,1.562,1.004,1.035,0.016,9990,14.51,12.549,58,,,,,,,,,,,,12.549,
2026-09-25T23:47:15.675,184.837,0,1374.25,22,,98.812,0.0,3.5,1.562,1.005,1.034,0.016,9540,14.51,12.549,56,,,,,,,,,,,,,214
2026-09-25T23:47:15.804,184.966,0,1342.0,22,,98.75,0.0,-1.0,0.0,1.005,1.029,0.008,9080,14.51,12.157,55,99,,,,,,,,,,,,
2026-09-25T23:47:15.935,185.097,0,1343.75,21,,98.844,0.0,-3.0,0.0,1.006,1.031,0.012,8740,14.51,12.941,54,,34,,,,,,,,,,,
2026-09-25T23:47:16.065,185.226,0,1480.25,21,,98.562,0.0,-1.5,0.0,1.004,1.191,0.188,8590,14.51,12.941,53,,,7.812,,,,,,,,,,
2026-09-25T23:47:16.195,185.356,0,1568.0,23,,98.625,0.0,-1.0,0.0,1.002,1.459,0.41,8940,14.51,12.941,52,,,,13.886,,,,,,,,,
2026-09-25T23:47:16.325,185.486,0,1618.0,24,,98.5,0.0,-1.0,0.0,1.001,2.0,0.707,8960,14.51,12.941,50,,,,,97,,,,,,,,
2026-09-25T23:47:16.465,185.626,0,1576.5,25,,98.5,0.0,-1.0,0.0,1.055,2.0,0.945,9000,14.51,12.549,49,,,,,,19,,,,,,,
2026-09-25T23:47:16.594,185.756,0,1539.5,24,,98.5,0.0,-1.5,0.0,1.139,2.0,1.055,9060,14.51,12.549,48,,,,,,,16.078,,,,,,
2026-09-25T23:47:16.725,185.886,0,1501.75,24,,98.5,0.0,-2.0,0.0,1.195,2.0,1.129,9100,14.51,12.549,46,,,,,,,,489.0,,,,,
2026-09-25T23:47:16.855,186.017,0,1457.5,24,,98.5,0.0,-2.5,0.0,1.272,2.0,1.18,9450,14.51,12.549,46,,,,,,,,,0.19,,,,
2026-09-25T23:47:16.985,186.147,0,1421.5,23,,98.5,0.0,-2.5,0.0,1.361,2.0,1.207,9460,14.51,12.549,44,,,,,,,,,,,0.0,,
2026-09-25T23:47:17.114,186.276,0,1387.0,23,,98.5,0.0,-4.0,0.0,1.476,2.0,1.223,9480,14.51,12.549,43,,,,,,,,,,,,12.941,
2026-09-25T23:47:17.245,186.406,0,1343.0,24,,98.5,0.0,-4.0,0.0,1.59,2.0,1.234,9490,14.51,12.157,42,,,,,,,,,,,,,216
2026-09-25T23:47:17.374,186.536,0,1328.0,23,,98.469,0.0,-4.0,0.0,1.696,2.0,1.238,9490,14.51,12.549,40,99,,,,,,,,,,,,
2026-09-25T23:47:17.504,186.666,0,1470.25,23,,98.5,0.0,-2.0,0.0,1.75,2.0,1.246,9510,14.51,12.941,38,,34,,,,,,,,,,,
2026-09-25T23:47:17.635,186.796,0,1537.75,24,,98.406,0.0,-1.0,0.0,1.781,2.0,1.254,9520,14.51,12.941,37,,,7.031,,,,,,,,,,
2026-09-25T23:47:17.765,186.926,0,1579.5,24,,98.438,0.0,-1.0,0.0,1.791,2.0,1.254,9530,14.51,12.941,35,,,,13.945,,,,,,,,,
2026-09-25T23:47:17.894,187.056,0,1591.25,24,,98.344,0.0,-1.0,0.0,1.797,2.0,1.266,9530,14.51,12.549,34,,,,,97,,,,,,,,
2026-09-25T23:47:18.024,187.186,0,1518.75,24,,98.406,0.0,-2.0,0.0,1.799,2.0,1.266,9540,14.51,12.549,32,,,,,,18,,,,,,,
2026-09-25T23:47:18.154,187.316,0,1470.75,23,,98.438,0.0,-2.5,0.0,1.799,2.0,1.266,9560,14.51,12.549,31,,,,,,,16.078,,,,,,
2026-09-25T23:47:18.284,187.446,0,1385.75,23,,98.438,0.0,-4.0,0.0,1.8,2.0,1.266,9550,14.51,12.549,29,,,,,,,,491.0,,,,,
2026-09-25T23:47:18.414,187.575,0,1312.25,23,,98.5,0.0,-4.5,0.0,1.8,2.0,1.266,9560,14.51,12.157,27,,,,,,,,,0.095,,,,
2026-09-25T23:47:18.545,187.706,0,1292.25,23,,98.219,0.0,-4.5,0.0,1.8,2.0,1.27,9580,14.51,12.549,25,,,,,,,,,,,0.0,,
2026-09-25T23:47:18.674,187.835,0,1333.25,24,,98.312,0.0,-4.0,0.0,1.8,2.0,1.266,9580,14.51,12.157,24,,,,,,,,,,,,13.333,
2026-09-25T23:47:18.804,187.966,0,1323.0,24,,98.219,0.0,-4.0,0.0,1.8,2.0,1.266,9590,14.51,12.157,22,,,,,,,,,,,,,217
2026-09-25T23:47:18.935,188.096,0,1303.25,24,,98.188,0.0,-4.5,0.0,1.8,2.0,1.266,9590,14.51,12.157,20,99,,,,,,,,,,,,
2026-09-25T23:47:19.065,188.226,0,1293.5,23,,98.188,0.0,-4.5,0.0,1.8,2.0,1.266,9600,14.51,12.157,18,,35,,,,,,,,,,,
2026-09-25T23:47:19.194,188.356,0,1274.75,23,,98.188,0.0,-5.5,0.0,1.8,2.0,1.266,9600,14.51,12.157,17,,,10.156,,,,,,,,,,
2026-09-25T23:47:19.334,188.495,0,1126.0,23,,98.188,0.0,-7.5,0.0,1.743,2.0,1.27,9600,14.51,11.765,15,,,,13.789,,,,,,,,,
2026-09-25T23:47:19.464,188.626,0,992.25,24,,98.188,12.549,6.0,0.0,1.874,2.0,1.273,10040,14.51,11.765,14,,,,,97,,,,,,,,
2026-09-25T23:47:19.594,188.756,0,957.5,23,,98.188,12.549,6.5,0.0,1.8,2.0,0.961,9790,14.51,12.549,12,,,,,,18,,,,,,,
2026-09-25T23:47:19.724,188.886,0,912.75,26,,97.938,14.902,6.5,0.0,1.576,1.863,0.625,9330,14.51,12.941,11,,,,,,,16.078,,,,,,
2026-09-25T23:47:19.855,189.016,0,839.0,33,,97.906,20.392,-7.0,0.0,1.307,1.366,0.34,9160,14.51,13.333,10,,,,,,,,492.6,,,,,
2026-09-25T23:47:19.984,189.146,0,806.75,35,,97.875,22.353,-5.5,0.0,1.147,1.207,0.203,8790,14.51,13.333,8,,,,,,,,,0.095,,,,
2026-09-25T23:47:20.114,189.276,0,803.5,39,,97.875,25.882,-10.5,0.0,1.034,1.075,0.062,8210,14.51,12.941,7,,,,,,,,,,,0.0,,
2026-09-25T23:47:20.244,189.406,0,832.5,39,,97.875,25.098,-12.0,0.0,0.979,1.017,-0.004,7510,14.51,12.549,6,,,,,,,,,,,,24.706,
2026-09-25T23:47:20.375,189.536,0,841.75,38,,97.875,23.529,-11.5,0.0,0.944,0.987,-0.055,7070,14.51,12.549,5,,,,,,,,,,,,,219
2026-09-25T23:47:20.505,189.666,0,842.0,36,,97.844,21.961,-8.5,1.562,0.928,0.969,-0.098,6640,14.51,12.941,4,98,,,,,,,,,,,,
2026-09-25T23:47:20.634,189.796,0,838.0,37,,97.75,23.137,-10.0,1.562,0.917,0.947,-0.148,6410,14.51,12.941,4,,36,,,,,,,,,,,
2026-09-25T23:47:20.764,189.926,0,834.25,36,,97.562,23.137,-11.0,1.562,0.912,0.939,-0.164,6300,14.51,12.549,3,,,7.031,,,,,,,,,,
2026-09-25T23:47:20.894,190.056,0,824.25,37,,97.625,23.137,-10.5,1.562,0.909,0.933,-0.18,5920,14.51,12.941,2,,,,13.886,,,,,,,,,
2026-09-25T23:47:21.024,190.186,0,813.5,36,,97.531,23.137,-10.5,2.344,0.907,0.932,-0.184,5500,14.51,12.549,2,,,,,97,,,,,,,,
2026-09-25T23:47:21.154,190.315,0,799.0,36,,97.531,23.137,-9.0,1.562,0.905,0.927,-0.195,5010,14.51,12.941,1,,,,,,18,,,,,,,
2026-09-25T23:47:21.284,190.446,0,787.0,36,,97.531,23.529,-8.5,2.344,0.904,0.925,-0.199,4760,14.51,12.549,1,,,,,,,16.078,,,,,,
2026-09-25T23:47:21.414,190.576,0,793.0,37,,97.531,23.137,-8.5,2.344,0.903,0.919,-0.215,4740,14.51,12.549,1,,,,,,,,491.5,,,,,
2026-09-25T23:47:21.545,190.706,0,802.25,37,,97.531,23.529,-11.0,2.344,0.902,0.912,-0.23,4960,14.51,12.549,1,,,,,,,,,0.175,,,,
2026-09-25T23:47:21.674,190.836,0,800.0,37,,97.531,23.529,-1.0,1.562,0.9,0.899,-0.262,4900,14.51,12.941,0,,,,,,,,,,,0.0,,
2026-09-25T23:47:21.804,190.966,0,832.25,40,,97.281,25.098,-11.0,0.781,0.899,0.889,-0.293,5110,14.51,12.941,0,,,,,,,,,,,,26.667,
2026-09-25T23:47:21.935,191.096,0,860.5,38,,97.531,23.922,-11.5,0.781,0.897,0.878,-0.328,5490,14.51,12.941,0,,,,,,,,,,,,,220
2026-09-25T23:47:22.064,191.226,0,862.75,37,,97.531,23.922,-11.5,0.0,0.896,0.866,-0.359,5450,14.51,12.549,0,95,,,,,,,,,,,,
2026-09-25T23:47:22.195,191.356,0,852.0,36,,97.531,22.745,-9.5,0.0,0.894,0.858,-0.387,5300,14.51,12.549,0,,36,,,,,,,,,,,
2026-09-25T23:47:22.324,191.485,0,839.5,35,,97.531,22.353,-15.5,0.0,0.897,0.855,-0.395,5080,14.51,10.196,0,,,11.719,,,,,,,,,,
2026-09-25T23:47:22.465,191.626,0,810.5,28,,97.531,12.157,-8.5,0.0,0.879,0.899,-0.266,5110,14.51,10.196,0,,,,13.242,,,,,,,,,
2026-09-25T23:47:22.594,191.756,0,630.25,24,,97.531,9.804,-11.5,0.0,0.904,1.092,0.082,5130,14.51,10.196,0,,,,,97,,,,,,,,
2026-09-25T23:47:22.724,191.885,0,493.25,24,,97.531,9.804,-11.5,0.0,0.927,1.252,0.246,5140,14.51,10.196,0,,,,,,18,,,,,,,
2026-09-25T23:47:22.854,192.015,0,328.25,25,,97.531,10.98,-11.5,0.0,0.943,1.319,0.305,5150,14.51,12.157,0,,,,,,,16.078,,,,,,
2026-09-25T23:47:22.984,192.145,0,328.0,25,,97.531,13.725,-11.5,0.0,0.953,1.33,0.312,5150,14.51,13.725,0,,,,,,,,491.3,,,,,
2026-09-25T23:47:23.114,192.276,0,328.0,25,,97.375,0.0,-30.0,0.0,0.958,1.315,0.301,5220,14.51,13.333,0,,,,,,,,,0.2,,,,
2026-09-25T23:47:23.244,192.406,0,0.0,81,,97.375,0.0,0.0,0.0,0.958,1.317,0.301,5220,14.51,13.333,0,,,,,,,,,,,0.0,,
2026-09-25T23:47:23.374,192.536,0,0.0,91,,97.469,0.0,0.0,0.0,0.958,1.319,0.305,5220,14.51,13.333,0,,,,,,,,,,,,0.0,
2026-09-25T23:47:23.504,192.666,0,0.0,97,,97.531,0.0,0.0,0.0,0.958,1.324,0.309,5240,14.51,13.333,0,,,,,,,,,,,,,222
2026-09-25T23:47:23.634,192.796,0,0.0,98,,97.469,0.0,0.0,0.0,0.958,1.331,0.312,5250,14.51,13.333,0,92,,,,,,,,,,,,
2026-09-25T23:47:23.764,192.926,0,0.0,98,,97.375,0.0,0.0,0.0,0.958,1.34,0.32,5250,14.51,13.333,0,,37,,,,,,,,,,,
2026-09-25T23:47:23.894,193.056,0,0.0,98,,97.375,0.0,0.0,0.0,0.958,1.347,0.324,5260,14.51,13.333,0,,,11.719,,,,,,,,,,
2026-09-25T23:47:24.024,193.186,0,0.0,98,,97.375,0.0,0.0,0.0,0.958,1.351,0.328,5280,14.51,13.333,0,,,,12.812,,,,,,,,,
2026-09-25T23:47:24.154,193.316,0,0.0,98,,97.312,0.0,-0.5,0.0,0.958,1.358,0.336,5280,14.51,13.333,0,,,,,97,,,,,,,,
2026-09-25T23:47:24.284,193.446,0,0.0,98,,97.344,0.0,-0.5,0.0,0.958,1.363,0.34,5290,14.51,13.333,0,,,,,,18,,,,,,,
2026-09-25T23:47:24.424,193.586,0,0.0,98,,97.344,0.0,-0.5,0.0,0.958,1.371,0.344,5310,14.51,13.333,0,,,,,,,16.078,,,,,,
2026-09-25T23:47:24.554,193.716,0,0.0,98,,97.281,0.0,-0.5,0.0,0.958,1.377,0.348,5310,14.51,13.333,0,,,,,,,,491.1,,,,,
2026-09-25T23:47:24.684,193.846,0,0.0,98,,97.375,0.0,-0.5,0.0,0.958,1.38,0.352,5320,14.51,13.333,0,,,,,,,,,0.2,,,,
2026-09-25T23:47:24.814,193.976,0,0.0,98,,97.375,0.0,-0.5,0.0,0.958,1.376,0.348,5340,14.51,13.333,0,,,,,,,,,,,0.0,,
2026-09-25T23:47:24.944,194.106,0,0.0,98,,97.344,0.0,-0.5,0.0,0.958,1.373,0.348,5350,14.51,13.333,0,,,,,,,,,,,,0.0,
2026-09-25T23:47:25.074,194.236,0,0.0,98,,97.281,0.0,-0.5,0.0,0.958,1.374,0.348,5350,14.51,13.333,0,,,,,,,,,,,,,223
2026-09-25T23:47:25.204,194.366,0,0.0,98,,97.375,0.0,-1.0,0.0,0.958,1.376,0.348,5360,14.51,13.333,0,91,,,,,,,,,,,,
2026-09-25T23:47:25.334,194.496,0,0.0,98,,97.25,0.0,-1.0,0.0,0.958,1.376,0.348,5370,14.51,13.333,0,,38,,,,,,,,,,,
2026-09-25T23:47:25.464,194.626,0,0.0,98,,97.25,0.0,-1.0,0.0,0.958,1.377,0.352,5370,14.51,13.333,0,,,11.719,,,,,,,,,,
2026-09-25T23:47:25.594,194.755,0,0.0,98,,97.281,0.0,-1.0,0.0,0.958,1.377,0.352,5390,14.51,13.333,0,,,,12.753,,,,,,,,,
2026-09-25T23:47:25.724,194.886,0,0.0,98,,97.25,0.0,-1.0,0.0,0.958,1.373,0.348,5390,14.51,13.333,0,,,,,97,,,,,,,,
2026-09-25T23:47:25.854,195.016,0,0.0,98,,97.219,0.0,-1.0,0.0,0.958,1.37,0.344,5400,14.51,13.333,0,,,,,,18,,,,,,,
2026-09-25T23:47:25.984,195.146,0,0.0,98,,97.25,0.0,-1.0,0.0,0.958,1.368,0.344,5400,14.51,13.333,0,,,,,,,16.078,,,,,,
2026-09-25T23:47:26.114,195.276,0,0.0,98,,97.281,0.0,-1.5,0.0,0.958,1.366,0.34,5400,14.51,15.294,0,,,,,,,,490.6,,,,,
2026-09-25T23:47:26.244,195.405,0,0.0,98,,97.219,0.0,-1.5,0.0,0.958,1.362,0.34,5420,14.51,15.686,0,,,,,,,,,0.2,,,,
2026-09-25T23:47:26.374,195.536,0,0.0,98,,97.281,0.0,-1.5,0.0,0.958,1.359,0.336,5420,14.51,15.686,0,,,,,,,,,,,0.0,,
2026-09-25T23:47:26.504,195.666,0,0.0,98,,97.25,0.0,-1.5,0.0,0.958,1.355,0.332,5420,14.51,15.686,0,,,,,,,,,,,,0.0,
2026-09-25T23:47:26.634,195.796,0,0.0,98,,97.25,0.0,-1.5,0.0,0.958,1.352,0.328,5430,14.51,15.686,0,,,,,,,,,,,,,225
2026-09-25T23:47:26.764,195.926,0,0.0,98,,97.25,0.0,-1.5,0.0,0.958,1.345,0.324,5440,14.51,15.686,0,91,,,,,,,,,,,,
2026-09-25T23:47:26.894,196.056,0,0.0,98,,97.281,0.0,-1.5,0.0,0.958,1.339,0.32,5440,14.51,15.686,0,,38,,,,,,,,,,,
2026-09-25T23:47:27.024,196.186,0,0.0,98,,97.281,0.0,-1.5,0.0,0.958,1.334,0.316,5460,14.51,15.686,0,,,11.719,,,,,,,,,,
2026-09-25T23:47:27.154,196.316,0,0.0,98,,97.219,0.0,-2.0,0.0,0.958,1.328,0.312,5460,14.51,15.686,0,,,,12.656,,,,,,,,,
2026-09-25T23:47:27.284,196.446,0,0.0,98,,97.25,0.0,-2.0,0.0,0.958,1.321,0.305,5460,14.51,15.686,0,,,,,97,,,,,,,,
2026-09-25T23:47:27.414,196.576,0,0.0,98,,97.219,0.0,-2.0,0.0,0.958,1.316,0.301,5470,14.51,15.686,0,,,,,,18,,,,,,,
2026-09-25T23:47:27.544,196.705,0,0.0,98,,97.25,0.0,-2.0,0.0,0.958,1.311,0.297,5480,14.51,15.686,0,,,,,,,16.078,,,,,,
2026-09-25T23:47:27.674,196.836,0,0.0,98,,97.375,0.0,-2.0,0.0,0.958,1.304,0.293,5490,14.51,15.686,0,,,,,,,,490.4,,,,,
2026-09-25T23:47:27.804,196.966,0,0.0,98,,97.25,0.0,-2.0,0.0,0.958,1.299,0.285,5490,14.51,15.686,0,,,,,,,,,0.2,,,,
2026-09-25T23:47:27.934,197.096,0,0.0,98,,97.281,0.0,-2.0,0.0,0.958,1.293,0.281,5490,14.51,15.686,0,,,,,,,,,,,0.0,,
2026-09-25T23:47:28.064,197.225,0,0.0,98,,97.25,0.0,-2.0,0.0,0.958,1.286,0.273,5500,14.51,15.686,0,,,,,,,,,,,,0.0,
2026-09-25T23:47:28.194,197.356,0,0.0,98,,97.219,0.0,-2.5,0.0,0.958,1.28,0.27,5500,14.51,15.686,0,,,,,,,,,,,,,227
2026-09-25T23:47:28.324,197.485,0,0.0,98,,97.25,0.0,-2.5,0.0,0.958,1.274,0.266,5520,14.51,15.686,0,92,,,,,,,,,,,,
2026-09-25T23:47:28.464,197.626,0,0.0,98,,97.281,0.0,-2.5,0.0,0.958,1.268,0.258,5510,14.51,15.686,0,,38,,,,,,,,,,,
2026-09-25T23:47:28.594,197.755,0,0.0,98,,97.281,0.0,-2.5,0.0,0.958,1.264,0.254,5520,14.51,15.686,0,,,11.719,,,,,,,,,,
2026-09-25T23:47:28.724,197.886,0,0.0,98,,97.25,0.0,-2.5,0.0,0.958,1.26,0.25,5520,14.51,15.686,0,,,,12.617,,,,,,,,,
2026-09-25T23:47:28.854,198.016,0,0.0,98,,97.312,0.0,-2.5,0.0,0.958,1.255,0.246,5520,14.51,15.686,0,,,,,97,,,,,,,,
2026-09-25T23:47:28.984,198.145,0,0.0,98,,97.25,0.0,-2.5,0.0,0.958,1.25,0.242,5530,14.51,15.686,0,,,,,,18,,,,,,,
2026-09-25T23:47:29.114,198.276,0,0.0,98,,97.219,0.0,-2.5,0.0,0.958,1.248,0.242,5540,14.51,15.686,0,,,,,,,16.078,,,,,,
2026-09-25T23:47:29.244,198.405,0,0.0,98,,97.219,0.0,-3.5,0.0,0.958,1.245,0.238,5540,14.51,15.686,0,,,,,,,,490.0,,,,,
2026-09-25T23:47:29.374,198.536,0,0.0,98,,97.25,0.0,-3.5,0.0,0.958,1.242,0.234,5540,14.51,15.686,0,,,,,,,,,0.2,,,,
2026-09-25T23:47:29.514,198.676,0,0.0,98,,97.219,0.0,-3.5,0.0,0.958,1.241,0.234,5560,14.51,15.686,0,,,,,,,,,,,0.0,,
2026-09-25T23:47:29.644,198.806,0,0.0,98,,97.25,0.0,-3.5,0.0,0.958,1.239,0.234,5550,14.51,15.686,0,,,,,,,,,,,,0.0,
2026-09-25T23:47:29.774,198.936,0,0.0,98,,97.219,0.0,-3.5,0.0,0.958,1.237,0.23,5550,14.51,15.686,0,,,,,,,,,,,,,228
2026-09-25T23:47:29.904,199.065,0,0.0,98,,97.219,0.0,-3.5,0.0,0.958,1.236,0.23,5560,14.51,15.686,0,92,,,,,,,,,,,,
2026-09-25T23:47:30.034,199.196,0,0.0,98,,97.219,0.0,-3.5,0.0,0.958,1.235,0.23,5570,14.51,15.686,0,,38,,,,,,,,,,,
2026-09-25T23:47:30.164,199.325,0,0.0,98,,97.25,0.0,-4.0,0.0,0.958,1.234,0.227,5570,14.51,15.686,0,,,11.719,,,,,,,,,,
2026-09-25T23:47:30.294,199.456,0,0.0,98,,97.25,0.0,-4.0,0.0,0.958,1.233,0.227,5570,14.51,15.686,0,,,,12.597,,,,,,,,,
2026-09-25T23:47:30.424,199.585,0,0.0,98,,97.219,0.0,-4.0,0.0,0.958,1.234,0.227,5590,14.51,15.686,0,,,,,97,,,,,,,,
2026-09-25T23:47:30.554,199.715,0,0.0,98,,97.281,0.0,-4.0,0.0,0.958,1.234,0.227,5590,14.51,15.686,0,,,,,,18,,,,,,,
2026-09-25T23:47:30.684,199.846,0,0.0,98,,97.25,0.0,-4.0,0.0,0.958,1.234,0.227,5590,14.51,15.686,0,,,,,,,16.078,,,,,,
2026-09-25T23:47:30.814,199.976,0,0.0,98,,97.219,0.0,-4.0,0.0,0.958,1.234,0.227,5600,14.51,16.078,0,,,,,,,,489.8,,,,,
2026-09-25T23:47:30.944,200.105,0,0.0,98,,97.219,0.0,-4.0,0.0,0.958,1.234,0.227,5590,14.51,15.686,0,,,,,,,,,0.2,,,,
2026-09-25T23:47:31.074,200.236,0,0.0,98,,97.25,0.0,-4.0,0.0,0.958,1.235,0.23,5620,14.51,15.686,0,,,,,,,,,,,0.0,,
2026-09-25T23:47:31.204,200.366,0,0.0,98,,97.219,0.0,-5.0,0.0,0.958,1.235,0.23,5610,14.51,15.686,0,,,,,,,,,,,,0.0,
2026-09-25T23:47:31.334,200.495,0,0.0,98,,97.219,0.0,-5.0,0.0,0.958,1.235,0.23,5620,14.51,15.686,0,,,,,,,,,,,,,230
2026-09-25T23:47:31.464,200.626,0,0.0,98,,97.219,0.0,-5.0,0.0,0.958,1.235,0.23,5620,14.51,15.686,0,92,,,,,,,,,,,,
2026-09-25T23:47:31.594,200.755,0,0.0,98,,97.219,0.0,-5.0,0.0,0.958,1.234,0.227,5620,14.51,15.686,0,,38,,,,,,,,,,,
2026-09-25T23:47:31.724,200.886,0,0.0,98,,97.344,0.0,-5.0,0.0,0.958,1.235,0.23,5630,14.51,15.686,0,,,11.719,,,,,,,,,,
2026-09-25T23:47:31.854,201.016,0,0.0,98,,97.281,0.0,-5.0,0.0,0.958,1.235,0.23,5620,14.51,15.686,0,,,,12.539,,,,,,,,,
2026-09-25T23:47:31.984,201.145,0,0.0,98,,97.25,0.0,-5.0,0.0,0.958,1.236,0.23,5640,14.51,15.686,0,,,,,97,,,,,,,,
2026-09-25T23:47:32.114,201.275,0,0.0,98,,97.25,0.0,-5.0,0.0,0.958,1.237,0.23,5640,14.51,15.686,0,,,,,,18,,,,,,,
2026-09-25T23:47:32.244,201.405,0,0.0,98,,97.312,0.0,-5.5,0.0,0.958,1.237,0.23,5640,14.51,15.686,0,,,,,,,16.078,,,,,,
2026-09-25T23:47:32.374,201.536,0,0.0,98,,97.219,0.0,-5.5,0.0,0.958,1.237,0.23,5650,14.51,15.686,0,,,,,,,,489.4,,,,,
2026-09-25T23:47:32.504,201.666,0,0.0,98,,97.219,0.0,-5.5,0.0,0.958,1.238,0.23,5650,14.51,15.686,0,,,,,,,,,0.2,,,,
2026-09-25T23:47:32.634,201.796,0,0.0,98,,97.312,0.0,-5.5,0.0,0.958,1.239,0.234,5660,14.51,15.686,0,,,,,,,,,,,0.0,,
2026-09-25T23:47:32.764,201.926,0,0.0,98,,97.219,0.0,-5.5,0.0,0.958,1.238,0.23,5660,14.51,15.686,0,,,,,,,,,,,,0.0,
2026-09-25T23:47:32.894,202.056,0,0.0,98,,97.25,0.0,-5.5,0.0,0.958,1.238,0.23,5660,14.51,15.686,0,,,,,,,,,,,,,231
2026-09-25T23:47:33.024,202.185,0,0.0,98,,97.219,0.0,-5.5,0.0,0.958,1.239,0.234,5660,14.51,15.686,0,92,,,,,,,,,,,,
2026-09-25T23:47:33.154,202.315,0,0.0,98,,97.25,0.0,-6.0,0.0,0.958,1.24,0.234,5660,14.51,15.686,0,,38,,,,,,,,,,,
2026-09-25T23:47:33.284,202.445,0,0.0,98,,97.25,0.0,-6.0,0.0,0.958,1.241,0.234,5660,14.51,15.686,0,,,11.719,,,,,,,,,,
2026-09-25T23:47:33.414,202.575,0,0.0,98,,97.219,0.0,-6.0,0.0,0.958,1.241,0.234,5670,14.51,15.686,0,,,,12.558,,,,,,,,,
2026-09-25T23:47:33.544,202.705,0,0.0,98,,97.219,0.0,-6.0,0.0,0.958,1.242,0.234,5670,14.51,15.686,0,,,,,97,,,,,,,,
2026-09-25T23:47:33.674,202.835,0,0.0,98,,97.25,0.0,-6.0,0.0,0.958,1.244,0.238,5680,14.51,15.686,0,,,,,,18,,,,,,,
2026-09-25T23:47:33.804,202.966,0,0.0,98,,97.25,0.0,-6.0,0.0,0.958,1.245,0.238,5680,14.51,15.686,0,,,,,,,16.078,,,,,,
2026-09-25T23:47:33.934,203.096,0,0.0,98,,97.25,0.0,-6.0,0.0,0.958,1.245,0.238,5690,14.51,15.686,0,,,,,,,,489.1,,,,,
2026-09-25T23:47:34.064,203.225,0,0.0,98,,97.344,0.0,-6.0,0.0,0.958,1.245,0.238,5690,14.51,15.686,0,,,,,,,,,0.2,,,,
2026-09-25T23:47:34.194,203.355,0,0.0,98,,97.281,0.0,-7.0,0.0,0.958,1.247,0.242,5700,14.51,15.686,0,,,,,,,,,,,0.0,,
2026-09-25T23:47:34.324,203.485,0,0.0,98,,97.25,0.0,-7.0,0.0,0.958,1.249,0.242,5700,14.51,15.686,0,,,,,,,,,,,,0.0,
2026-09-25T23:47:34.464,203.625,0,0.0,98,,97.25,0.0,-7.0,0.0,0.958,1.249,0.242,5710,14.51,15.686,0,,,,,,,,,,,,,233
2026-09-25T23:47:34.604,203.765,0,0.0,98,,97.281,0.0,-7.0,0.0,0.958,1.249,0.242,5720,14.51,15.686,0,92,,,,,,,,,,,,
2026-09-25T23:47:34.735,203.896,0,0.0,98,,97.219,0.0,-7.0,0.0,0.958,1.251,0.242,5710,14.51,15.686,0,,39,,,,,,,,,,,
2026-09-25T23:47:34.864,204.025,0,0.0,98,,97.375,0.0,-7.0,0.0,0.958,1.252,0.246,5720,14.51,15.686,0,,,11.719,,,,,,,,,,
2026-09-25T23:47:34.994,204.155,0,0.0,98,,97.25,0.0,-7.0,0.0,0.958,1.252,0.246,5730,14.51,15.686,0,,,,12.539,,,,,,,,,
2026-09-25T23:47:35.124,204.285,0,0.0,98,,97.25,0.0,-7.0,0.0,0.958,1.254,0.246,5730,14.51,15.686,0,,,,,97,,,,,,,,
2026-09-25T23:47:35.254,204.416,0,0.0,98,,97.25,0.0,-7.0,0.0,0.958,1.254,0.246,5730,14.51,15.686,0,,,,,,18,,,,,,,
2026-09-25T23:47:35.384,204.545,0,0.0,98,,97.219,0.0,-7.0,0.0,0.958,1.255,0.246,5740,14.51,15.686,0,,,,,,,16.078,,,,,,
2026-09-25T23:47:35.514,204.675,0,0.0,98,,97.25,0.0,-7.0,0.0,0.958,1.255,0.246,5740,14.51,15.686,0,,,,,,,,488.8,,,,,
2026-09-25T23:47:35.644,204.805,0,0.0,98,,97.25,0.0,-7.0,0.0,0.958,1.256,0.25,5750,14.51,15.686,0,,,,,,,,,0.2,,,,
2026-09-25T23:47:35.774,204.936,0,0.0,98,,97.25,0.0,-7.0,0.0,0.958,1.258,0.25,5750,14.51,15.686,0,,,,,,,,,,,0.0,,
2026-09-25T23:47:35.904,205.065,0,0.0,98,,97.219,0.0,-7.0,0.0,0.958,1.259,0.25,5760,14.51,15.686,0,,,,,,,,,,,,0.0,
2026-09-25T23:47:36.034,205.196,0,0.0,98,,97.219,0.0,-7.0,0.0,0.958,1.26,0.25,5760,14.51,15.686,0,,,,,,,,,,,,,234
2026-09-25T23:47:36.164,205.325,0,0.0,98,,97.25,0.0,-7.0,0.0,0.958,1.262,0.254,5760,14.51,15.686,0,92,,,,,,,,,,,,
2026-09-25T23:47:36.294,205.455,0,0.0,98,,97.219,0.0,-7.0,0.0,0.958,1.263,0.254,5760,14.51,15.686,0,,39,,,,,,,,,,,
2026-09-25T23:47:36.424,205.585,0,0.0,98,,97.25,0.0,-7.0,0.0,0.958,1.264,0.254,5770,14.51,15.686,0,,,11.719,,,,,,,,,,
2026-09-25T23:47:36.554,205.715,0,0.0,98,,97.219,0.0,-7.0,0.0,0.958,1.266,0.258,5780,14.51,15.686,0,,,,12.5,,,,,,,,,
2026-09-25T23:47:36.684,205.845,0,0.0,98,,97.281,0.0,-7.0,0.0,0.958,1.266,0.258,5780,14.51,15.686,0,,,,,97,,,,,,,,
2026-09-25T23:47:36.814,205.975,0,0.0,98,,97.219,0.0,-7.0,0.0,0.958,1.265,0.258,5780,14.51,15.686,0,,,,,,18,,,,,,,
2026-09-25T23:47:36.944,206.105,0,0.0,98,,97.25,0.0,-7.0,0.0,0.958,1.266,0.258,5770,14.51,15.686,0,,,,,,,16.078,,,,,,
2026-09-25T23:47:37.074,206.235,0,0.0,98,,97.25,0.0,-7.0,0.0,0.958,1.269,0.262,5790,14.51,15.686,0,,,,,,,,488.5,,,,,
2026-09-25T23:47:37.204,206.366,0,0.0,98,,97.219,0.0,-7.0,0.0,0.958,1.269,0.262,5790,14.51,15.686,0,,,,,,,,,0.2,,,,
2026-09-25T23:47:37.334,206.495,0,0.0,98,,97.219,0.0,-7.0,0.0,0.958,1.269,0.258,5800,14.51,15.686,0,,,,,,,,,,,0.0,,
2026-09-25T23:47:37.464,206.625,0,0.0,98,,97.219,0.0,-7.0,0.0,0.958,1.269,0.258,5800,14.51,15.686,0,,,,,,,,,,,,0.0,
2026-09-25T23:47:37.594,206.755,0,0.0,98,,97.219,0.0,-7.0,0.0,0.958,1.269,0.262,5800,14.51,15.686,0,,,,,,,,,,,,,236
2026-09-25T23:47:37.724,206.885,0,0.0,98,,97.219,0.0,-7.0,0.0,0.958,1.271,0.262,5800,14.51,15.686,0,92,,,,,,,,,,,,
2026-09-25T23:47:37.854,207.016,0,0.0,98,,97.219,0.0,-7.0,0.0,0.958,1.272,0.262,5800,14.51,15.686,0,,39,,,,,,,,,,,
2026-09-25T23:47:37.984,207.145,0,0.0,98,,97.219,0.0,-7.0,0.0,0.958,1.273,0.266,5800,14.51,15.686,0,,,11.719,,,,,,,,,,
2026-09-25T23:47:38.114,207.276,0,0.0,98,,97.219,0.0,-7.0,0.0,0.958,1.274,0.266,5800,14.51,15.686,0,,,,12.519,,,,,,,,,
2026-09-25T23:47:38.244,207.405,0,0.0,98,,97.219,0.0,-7.0,0.0,0.958,1.275,0.266,5800,14.51,15.686,0,,,,,97,,,,,,,,
2026-09-25T23:47:38.374,207.535,0,0.0,98,,97.219,0.0,-7.0,0.0,0.958,1.275,0.266,5810,14.51,15.686,0,,,,,,18,,,,,,,
2026-09-25T23:47:38.504,207.665,0,0.0,98,,97.25,0.0,-7.0,0.0,0.958,1.275,0.266,5810,14.51,15.686,0,,,,,,,16.078,,,,,,
2026-09-25T23:47:38.634,207.795,0,0.0,98,,97.25,0.0,-7.0,0.0,0.958,1.276,0.266,5820,14.51,15.686,0,,,,,,,,488.1,,,,,
2026-09-25T23:47:38.764,207.925,0,0.0,98,,97.219,0.0,-7.0,0.0,0.958,1.278,0.27,5820,14.51,15.686,0,,,,,,,,,0.2,,,,
2026-09-25T23:47:38.894,208.055,0,0.0,98,,97.281,0.0,-7.0,0.0,0.958,1.279,0.27,5820,14.51,15.686,0,,,,,,,,,,,0.0,,
2026-09-25T23:47:39.024,208.185,0,0.0,98,,97.281,0.0,-7.0,0.0,0.958,1.279,0.27,5830,14.51,15.686,0,,,,,,,,,,,,0.0,
2026-09-25T23:47:39.154,208.315,0,0.0,98,,97.219,0.0,-7.0,0.0,0.958,1.279,0.27,5830,14.51,15.686,0,,,,,,,,,,,,,238
2026-09-25T23:47:39.284,208.446,0,0.0,98,,97.25,0.0,-7.0,0.0,0.958,1.281,0.27,5830,14.51,16.078,0,93,,,,,,,,,,,,
2026-09-25T23:47:39.414,208.575,0,0.0,98,,97.25,0.0,-7.0,0.0,0.958,1.282,0.273,5830,14.51,15.686,0,,39,,,,,,,,,,,
2026-09-25T23:47:39.544,208.705,0,0.0,98,,97.219,0.0,-7.0,0.0,0.958,1.283,0.273,5840,14.51,15.686,0,,,11.719,,,,,,,,,,
2026-09-25T23:47:39.684,208.845,0,0.0,98,,97.219,0.0,-7.0,0.0,0.958,1.283,0.273,5850,14.51,15.686,0,,,,12.519,,,,,,,,,
2026-09-25T23:47:39.814,208.976,0,0.0,98,,97.25,0.0,-7.0,0.0,0.958,1.283,0.273,5850,14.51,15.686,0,,,,,97,,,,,,,,
2026-09-25T23:47:39.944,209.105,0,98.0,98,,97.25,13.725,-30.0,0.0,0.958,1.286,0.273,5850,14.51,12.549,0,,,,,,18,,,,,,,
2026-09-25T23:47:40.074,209.235,0,253.5,97,,97.312,59.216,-30.0,0.0,0.958,1.295,0.281,7340,14.51,12.549,0,,,,,,,16.078,,,,,,
2026-09-25T23:47:40.204,209.365,0,301.25,92,,97.281,60.0,-16.0,0.0,0.958,1.56,0.473,9000,14.51,12.549,0,,,,,,,,488.1,,,,,
2026-09-25T23:47:40.334,209.495,0,668.25,86,,97.281,63.529,-20.0,0.0,0.962,1.261,0.254,10980,14.51,12.157,0,,,,,,,,,0.205,,,,
2026-09-25T23:47:40.464,209.626,0,881.75,75,,97.25,42.353,-22.0,0.0,0.988,0.978,-0.078,12690,14.902,12.157,0,,,,,,,,,,,0.0,,
2026-09-25T23:47:40.594,209.755,0,933.0,64,,97.469,35.294,-19.0,0.0,0.972,0.896,-0.27,12590,18.039,13.725,0,,,,,,,,,,,,34.51,
2026-09-25T23:47:40.724,209.886,0,830.25,55,,97.531,32.941,-9.5,0.0,0.945,0.881,-0.316,12360,20.784,13.725,0,,,,,,,,,,,,,239
2026-09-25T23:47:40.854,210.015,0,758.5,55,,97.406,35.686,8.0,0.0,0.925,0.883,-0.312,11890,25.49,15.294,1,92,,,,,,,,,,,,
2026-09-25T23:47:40.985,210.146,0,729.0,60,,97.375,40.784,7.0,0.0,0.914,0.887,-0.301,11530,27.059,16.471,1,,38,,,,,,,,,,,
2026-09-25T23:47:41.114,210.276,0,782.25,68,,97.188,55.294,6.0,-0.781,0.906,0.89,-0.293,11710,28.627,17.647,2,,,3.906,,,,,,,,,,
2026-09-25T23:47:41.245,210.406,0,910.5,80,,97.344,52.549,0.5,0.0,0.9,0.902,-0.254,12490,30.196,19.608,2,,,,12.324,,,,,,,,,
2026-09-25T23:47:41.374,210.535,0,1043.5,79,,97.25,52.157,2.0,0.781,0.894,0.914,-0.227,13620,30.98,19.216,3,,,,,97,,,,,,,,
2026-09-25T23:47:41.504,210.665,0,1145.75,81,,97.344,43.529,4.0,0.781,0.888,0.9,-0.262,15650,31.765,18.431,4,,,,,,18,,,,,,,
2026-09-25T23:47:41.634,210.795,0,1196.5,73,,97.875,39.608,10.5,0.781,0.883,0.886,-0.301,15460,32.549,20.0,5,,,,,,,16.078,,,,,,
2026-09-25T23:47:41.765,210.926,0,1229.5,77,,97.938,40.784,10.5,0.781,0.881,0.894,-0.281,15900,32.941,21.176,6,,,,,,,,481.8,,,,,
2026-09-25T23:47:41.894,211.055,0,1271.25,82,,98.156,40.784,11.0,1.562,0.88,0.894,-0.281,16200,32.941,22.745,7,,,,,,,,,0.39,,,,
2026-09-25T23:47:42.025,211.186,0,1300.5,88,,98.844,40.392,8.5,0.0,0.881,0.879,-0.324,16100,33.333,23.529,8,,,,,,,,,,,0.0,,
2026-09-25T23:47:42.155,211.316,0,1358.25,89,,99.188,39.608,8.0,0.781,0.883,0.894,-0.281,15990,33.333,23.529,9,,,,,,,,,,,,60.0,
2026-09-25T23:47:42.284,211.445,0,1399.5,89,,99.625,37.255,8.5,3.125,0.878,0.92,-0.211,16010,33.333,23.922,10,,,,,,,,,,,,,241
2026-09-25T23:47:42.415,211.576,0,1443.0,90,,100.656,35.686,10.0,3.125,0.949,0.979,-0.074,16110,33.333,24.706,11,89,,,,,,,,,,,,
2026-09-25T23:47:42.545,211.706,0,1491.5,90,,101.188,34.902,11.0,2.344,0.984,0.996,-0.027,16490,33.333,25.49,12,,37,,,,,,,,,,,
2026-09-25T23:47:42.675,211.836,0,1543.5,92,,101.75,33.333,10.5,2.344,1.0,1.013,-0.008,16170,33.333,25.882,13,,,3.125,,,,,,,,,,
2026-09-25T23:47:42.804,211.965,0,1632.75,93,,102.375,28.627,11.0,3.125,1.002,1.021,0.0,15700,33.333,25.098,14,,,,12.656,,,,,,,,,
2026-09-25T23:47:42.935,212.096,0,1721.0,91,,104.031,27.451,12.5,3.906,1.001,1.035,0.016,15570,33.333,24.706,15,,,,,97,,,,,,,,
2026-09-25T23:47:43.065,212.226,0,1813.75,91,,104.812,26.667,13.0,4.688,1.0,1.012,-0.008,15560,33.333,25.49,16,,,,,,18,,,,,,,
2026-09-25T23:47:43.195,212.356,0,1892.25,92,,105.688,26.667,13.5,3.906,1.0,0.994,-0.035,15920,33.725,25.098,16,,,,,,,16.078,,,,,,
2026-09-25T23:47:43.325,212.486,0,1971.5,93,,107.375,29.412,13.0,3.125,0.999,0.99,-0.043,16070,34.51,26.275,17,,,,,,,,475.7,,,,,
2026-09-25T23:47:43.454,212.615,0,1894.25,94,,108.375,29.804,-15.0,2.344,0.999,0.979,-0.074,16740,34.51,24.706,17,,,,,,,,,0.76,,,,
2026-09-25T23:47:43.584,212.745,0,1564.75,98,,110.344,32.157,-1.0,6.25,0.999,1.081,0.07,16810,34.902,24.314,18,,,,,,,,,,,0.0,,
2026-09-25T23:47:43.714,212.875,0,1506.5,98,,111.812,40.0,1.5,7.812,1.0,1.056,0.039,16640,35.294,24.314,19,,,,,,,,,,,,73.333,
2026-09-25T23:47:43.844,213.005,0,1505.0,99,,112.094,39.216,5.5,5.469,1.0,0.989,-0.047,16900,35.294,24.314,20,,,,,,,,,,,,,242
2026-09-25T23:47:43.974,213.135,0,1503.75,98,,112.219,39.608,8.5,4.688,1.0,0.992,-0.039,16970,35.686,24.706,20,88,,,,,,,,,,,,
2026-09-25T23:47:44.105,213.266,0,1533.25,99,,112.031,39.216,8.5,3.906,1.0,0.978,-0.078,17080,36.078,25.882,21,,35,,,,,,,,,,,
2026-09-25T23:47:44.235,213.396,0,1575.25,100,,111.969,38.824,8.5,3.906,1.0,0.974,-0.09,17630,36.078,26.275,22,,,3.125,,,,,,,,,,
2026-09-25T23:47:44.364,213.525,0,1637.0,100,,112.281,36.078,9.5,3.906,1.0,0.999,-0.023,16800,36.078,26.275,23,,,,13.75,,,,,,,,,
2026-09-25T23:47:44.494,213.656,0,1682.5,99,,112.812,35.294,9.5,4.688,1.0,1.0,-0.02,16740,36.471,26.667,23,,,,,97,,,,,,,,
2026-09-25T23:47:44.624,213.785,0,1738.0,101,,113.5,35.294,9.5,3.125,1.0,0.979,-0.074,17450,36.863,27.451,24,,,,,,18,,,,,,,
2026-09-25T23:47:44.764,213.925,0,1797.75,102,,113.938,35.686,9.5,3.906,1.0,1.008,-0.012,17390,36.863,27.059,25,,,,,,,16.078,,,,,,
2026-09-25T23:47:44.895,214.056,0,1830.5,101,,114.969,34.51,9.5,4.688,1.0,1.014,-0.008,17260,37.255,27.843,26,,,,,,,,478.7,,,,,
2026-09-25T23:47:45.024,214.185,0,1906.5,103,,116.5,37.255,9.5,3.906,0.999,0.982,-0.066,17740,37.255,27.059,26,,,,,,,,,0.74,,,,
2026-09-25T23:47:45.154,214.316,0,1923.0,103,,118.125,36.863,9.5,3.125,0.999,0.981,-0.066,17550,38.431,28.235,27,,,,,,,,,,,0.0,,
2026-09-25T23:47:45.284,214.445,0,1962.0,103,,119.188,38.824,8.5,2.344,0.999,0.961,-0.117,18040,38.431,27.451,27,,,,,,,,,,,,88.627,
2026-09-25T23:47:45.415,214.576,0,1657.75,105,,118.875,42.353,-8.5,2.344,0.999,1.011,-0.008,18540,38.824,25.49,28,,,,,,,,,,,,,244
2026-09-25T23:47:45.544,214.705,0,1476.0,103,,116.812,47.843,1.0,3.906,1.004,0.988,-0.051,18470,38.824,25.882,28,88,,,,,,,,,,,,
2026-09-25T23:47:45.674,214.835,0,1442.75,103,,114.344,50.588,5.0,0.781,1.001,0.94,-0.164,18320,38.824,26.275,29,,32,,,,,,,,,,,
2026-09-25T23:47:45.804,214.965,0,1406.5,102,,112.531,54.118,5.5,0.0,1.0,0.947,-0.148,18220,38.824,26.667,29,,,3.125,,,,,,,,,,
2026-09-25T23:47:45.934,215.095,0,1364.5,101,,109.594,54.51,5.5,-0.781,1.005,0.955,-0.129,18060,39.216,27.843,30,,,,14.531,,,,,,,,,
2026-09-25T23:47:46.065,215.226,0,1394.5,102,,108.438,54.51,5.5,-1.562,1.009,0.967,-0.105,17960,39.216,29.804,31,,,,,97,,,,,,,,
2026-09-25T23:47:46.194,215.355,0,1425.25,102,,107.531,53.333,5.5,-0.781,1.01,0.98,-0.07,18120,39.216,33.725,31,,,,,,18,,,,,,,
2026-09-25T23:47:46.324,215.485,0,1451.0,103,,105.875,51.373,5.0,-0.781,1.007,0.994,-0.035,18090,39.216,36.078,32,,,,,,,16.078,,,,,,
2026-09-25T23:47:46.454,215.615,0,1484.25,103,,105.625,49.412,5.5,-0.781,1.006,0.999,-0.023,18110,39.216,38.039,32,,,,,,,,491.3,,,,,
2026-09-25T23:47:46.584,215.745,0,1505.75,104,,105.344,48.627,5.5,0.0,1.006,1.016,-0.004,17940,39.216,40.392,33,,,,,,,,,0.84,,,,
2026-09-25T23:47:46.715,215.876,0,1533.25,104,,105.188,46.275,6.5,0.0,1.006,1.014,-0.008,17900,40.0,47.059,33,,,,,,,,,,,0.0,,
2026-09-25T23:47:46.844,216.005,0,1560.25,104,,105.0,45.098,6.5,0.0,1.006,1.021,0.0,18070,40.392,56.078,34,,,,,,,,,,,,89.804,
2026-09-25T23:47:46.974,216.135,0,1586.25,105,,104.875,44.706,6.0,0.0,1.005,1.035,0.016,18110,40.784,57.255,34,,,,,,,,,,,,,245
2026-09-25T23:47:47.104,216.265,0,1611.75,106,,105.375,43.922,6.0,0.781,1.005,1.032,0.012,18090,40.784,58.824,35,89,,,,,,,,,,,,
2026-09-25T23:47:47.235,216.396,0,1651.75,109,,108.688,43.529,5.5,1.562,1.005,1.03,0.012,18090,42.745,62.353,36,,31,,,,,,,,,,,
2026-09-25T23:47:47.364,216.525,0,1675.25,111,,110.969,44.706,4.5,1.562,1.004,1.023,0.004,18520,42.745,63.529,36,,,3.125,,,,,,,,,,
2026-09-25T23:47:47.494,216.655,0,1707.0,114,,113.281,45.882,3.5,0.781,1.004,1.003,-0.016,18780,42.745,63.922,37,,,,14.238,,,,,,,,,
2026-09-25T23:47:47.624,216.785,0,1717.25,119,,118.406,47.451,3.5,1.562,1.004,1.016,-0.004,18970,42.745,65.098,37,,,,,97,,,,,,,,
2026-09-25T23:47:47.755,216.916,0,1756.5,121,,120.844,47.843,4.5,1.562,1.003,1.003,-0.016,19190,42.745,66.667,38,,,,,,18,,,,,,,
2026-09-25T23:47:47.884,217.045,0,1797.5,124,,123.594,48.627,4.0,0.781,1.003,0.998,-0.023,19360,42.745,67.843,39,,,,,,,16.078,,,,,,
2026-09-25T23:47:48.014,217.176,0,1835.0,127,,128.438,50.588,4.5,0.781,1.003,0.999,-0.023,19610,42.745,69.412,40,,,,,,,,513.6,,,,,
2026-09-25T23:47:48.144,217.306,0,1871.75,130,,129.312,51.373,5.0,0.781,1.002,1.005,-0.016,19710,42.745,70.588,41,,,,,,,,,0.81,,,,
2026-09-25T23:47:48.274,217.435,0,1905.0,131,,130.312,52.157,5.0,0.781,1.002,1.01,-0.012,19810,42.745,71.373,42,,,,,,,,,,,0.0,,
2026-09-25T23:47:48.404,217.566,0,1943.75,132,,131.344,53.725,5.0,1.562,1.002,1.0,-0.02,19850,42.745,72.941,43,,,,,,,,,,,,119.608,
2026-09-25T23:47:48.535,217.696,0,1990.75,133,,132.5,54.118,5.5,0.781,1.001,0.999,-0.023,19820,42.745,73.725,44,,,,,,,,,,,,,247
2026-09-25T23:47:48.664,217.825,0,2008.0,133,,132.719,54.118,5.5,1.562,1.001,0.999,-0.023,19790,42.745,74.51,44,90,,,,,,,,,,,,
2026-09-25T23:47:48.794,217.956,0,2031.75,133,,132.969,54.51,6.0,1.562,1.0,0.999,-0.023,19760,42.745,74.51,45,,30,,,,,,,,,,,
2026-09-25T23:47:48.924,218.086,0,2063.5,133,,133.094,54.51,6.0,1.562,1.0,1.004,-0.016,19790,42.745,74.51,45,,,2.344,,,,,,,,,,
2026-09-25T23:47:49.055,218.216,0,2086.5,133,,132.75,54.51,3.0,1.562,1.001,0.998,-0.027,19800,42.745,74.51,46,,,,14.16,,,,,,,,,
2026-09-25T23:47:49.185,218.346,0,1851.25,133,,132.656,54.118,-9.5,1.562,1.001,1.001,-0.02,20420,42.745,64.314,47,,,,,97,,,,,,,,
2026-09-25T23:47:49.314,218.475,0,1629.0,134,,133.719,57.255,-1.5,1.562,1.001,1.009,-0.012,20140,42.745,60.784,47,,,,,,18,,,,,,,
2026-09-25T23:47:49.445,218.606,0,1561.0,132,,132.125,59.216,-1.0,2.344,1.001,1.03,0.012,19920,42.353,58.824,47,,,,,,,16.078,,,,,,
2026-09-25T23:47:49.574,218.735,0,1546.5,131,,130.875,60.392,-1.0,3.125,1.0,1.027,0.008,19970,41.961,58.431,48,,,,,,,,554.9,,,,,
2026-09-25T23:47:49.705,218.866,0,1543.5,130,,130.094,60.784,-1.0,3.906,1.0,1.028,0.008,19900,40.392,34.902,48,,,,,,,,,0.795,,,,
2026-09-25T23:47:49.844,219.006,0,1553.75,125,,129.938,54.902,1.5,3.125,1.0,0.994,-0.035,19310,38.431,24.314,49,,,,,,,,,,,0.0,,
2026-09-25T23:47:49.974,219.135,0,1522.5,99,,118.469,41.176,5.0,1.562,1.001,0.978,-0.078,19000,37.647,27.059,49,,,,,,,,,,,,86.275,
2026-09-25T23:47:50.104,219.266,0,1556.25,102,,113.188,41.569,6.0,0.781,1.001,0.966,-0.105,18480,37.255,27.843,49,,,,,,,,,,,,,248
2026-09-25T23:47:50.235,219.396,0,1571.0,99,,107.188,40.392,6.5,0.781,1.001,0.978,-0.078,18010,36.863,29.02,50,91,,,,,,,,,,,,
2026-09-25T23:47:50.364,219.525,0,1580.5,99,,105.531,39.608,7.0,0.0,1.002,0.981,-0.066,17400,36.863,30.196,50,,29,,,,,,,,,,,
2026-09-25T23:47:50.494,219.655,0,1589.75,99,,104.188,38.824,7.0,0.0,1.002,0.981,-0.066,17220,36.078,29.412,50,,,3.125,,,,,,,,,,
2026-09-25T23:47:50.624,219.785,0,1599.5,98,,104.094,36.471,8.0,0.0,1.001,0.984,-0.062,16890,34.902,30.196,50,,,,14.062,,,,,,,,,
2026-09-25T23:47:50.754,219.915,0,1613.75,100,,104.406,36.863,8.5,0.0,1.001,1.011,-0.008,16880,34.118,25.882,50,,,,,97,,,,,,,,
2026-09-25T23:47:50.884,220.046,0,1620.75,96,,105.344,32.549,9.5,0.781,1.001,1.019,0.0,16350,33.725,24.706,51,,,,,,18,,,,,,,
2026-09-25T23:47:51.015,220.176,0,1634.5,95,,105.594,30.196,10.0,0.781,1.001,1.005,-0.016,16060,32.941,23.529,51,,,,,,,16.078,,,,,,
2026-09-25T23:47:51.145,220.306,0,1638.0,92,,105.656,28.235,11.0,0.781,1.001,1.007,-0.012,15820,32.941,23.529,51,,,,,,,,563.1,,,,,
2026-09-25T23:47:51.274,220.435,0,1647.0,91,,105.406,28.627,11.0,1.562,1.001,1.02,0.0,15580,32.941,23.922,52,,,,,,,,,0.775,,,,
2026-09-25T23:47:51.404,220.565,0,1652.5,91,,105.156,29.02,11.5,2.344,1.0,1.018,-0.004,15970,32.941,24.314,52,,,,,,,,,,,0.0,,
2026-09-25T23:47:51.535,220.696,0,1660.5,92,,104.656,29.804,11.5,2.344,1.0,1.008,-0.012,16140,33.333,24.706,52,,,,,,,,,,,,63.529,
2026-09-25T23:47:51.664,220.825,0,1672.5,92,,104.562,29.804,11.5,2.344,1.0,1.014,-0.008,16190,32.941,24.706,52,,,,,,,,,,,,,250
2026-09-25T23:47:51.794,220.956,0,1656.75,92,,104.531,29.804,11.5,2.344,1.0,1.014,-0.008,16050,32.549,22.745,53,92,,,,,,,,,,,,
2026-09-25T23:47:51.924,221.085,0,1663.0,91,,108.719,27.843,13.0,2.344,1.0,1.004,-0.016,16000,31.765,21.176,53,,29,,,,,,,,,,,
2026-09-25T23:47:52.055,221.216,0,1671.5,88,,109.281,26.275,13.5,3.125,1.0,1.015,-0.004,15480,30.196,18.824,53,,,3.125,,,,,,,,,,
2026-09-25T23:47:52.184,221.345,0,1676.25,86,,109.75,23.922,14.5,3.125,0.994,1.002,-0.02,15180,30.588,19.608,53,,,,14.062,,,,,,,,,
2026-09-25T23:47:52.314,221.476,0,1677.5,83,,109.219,23.137,15.0,1.562,1.046,1.023,0.004,14950,30.588,20.0,53,,,,,97,,,,,,,,
2026-09-25T23:47:52.444,221.605,0,1600.75,83,,108.812,23.922,-4.0,0.781,1.07,1.048,0.031,15090,30.98,20.0,53,,,,,,18,,,,,,,
2026-09-25T23:47:52.575,221.736,0,1503.5,84,,109.125,27.059,-3.0,0.781,1.088,1.075,0.062,15000,31.373,19.608,53,,,,,,,16.078,,,,,,
2026-09-25T23:47:52.704,221.865,0,1476.75,84,,108.875,30.588,-4.0,2.344,1.021,1.018,-0.004,15580,31.765,20.784,53,,,,,,,,557.8,,,,,
2026-09-25T23:47:52.834,221.995,0,1452.0,87,,108.531,33.333,-0.5,3.125,0.948,0.975,-0.086,15760,32.157,20.784,53,,,,,,,,,0.77,,,,
2026-09-25T23:47:52.964,222.125,0,1431.25,88,,108.5,34.118,2.5,3.906,0.929,0.941,-0.16,15710,32.549,21.569,53,,,,,,,,,,,0.0,,
2026-09-25T23:47:53.094,222.255,0,1396.75,90,,108.219,38.039,5.0,3.906,0.923,0.933,-0.18,16260,32.549,21.176,53,,,,,,,,,,,,63.137,
2026-09-25T23:47:53.225,222.386,0,1355.25,89,,108.156,39.608,6.5,3.125,0.921,0.92,-0.211,16380,32.549,20.392,54,,,,,,,,,,,,,252
2026-09-25T23:47:53.354,222.515,0,1320.5,88,,108.031,39.216,8.0,3.906,0.915,0.93,-0.188,16210,32.157,20.392,54,93,,,,,,,,,,,,
2026-09-25T23:47:53.484,222.646,0,1291.75,89,,107.844,41.176,7.0,3.125,0.955,0.957,-0.125,15840,32.157,20.0,54,,30,,,,,,,,,,,
2026-09-25T23:47:53.614,222.775,0,1295.75,88,,107.469,40.0,8.5,2.344,0.986,0.978,-0.078,15630,31.373,19.608,54,,,3.906,,,,,,,,,,
2026-09-25T23:47:53.744,222.906,0,1300.5,85,,107.25,38.431,11.0,2.344,0.995,0.987,-0.055,15620,31.373,19.216,54,,,,13.886,,,,,,,,,
2026-09-25T23:47:53.874,223.035,0,1299.25,84,,106.938,37.647,11.5,2.344,0.998,0.984,-0.062,15690,31.373,19.608,54,,,,,97,,,,,,,,
2026-09-25T23:47:54.004,223.165,0,1307.5,85,,106.719,38.039,11.0,1.562,0.999,0.985,-0.059,15350,31.373,19.216,54,,,,,,18,,,,,,,
2026-09-25T23:47:54.135,223.296,0,1314.75,82,,106.312,36.471,12.0,2.344,1.0,0.998,-0.023,15240,30.98,18.039,54,,,,,,,16.078,,,,,,
2026-09-25T23:47:54.264,223.425,0,1311.75,79,,106.281,35.294,12.5,2.344,1.0,0.993,-0.039,15360,30.588,18.039,54,,,,,,,,552.5,,,,,
2026-09-25T23:47:54.394,223.555,0,1306.25,76,,106.031,34.118,12.5,1.562,0.998,0.977,-0.082,15040,30.588,18.431,54,,,,,,,,,0.765,,,,
2026-09-25T23:47:54.524,223.685,0,1318.75,78,,105.25,33.725,12.5,0.0,1.04,1.005,-0.016,14700,30.98,18.824,54,,,,,,,,,,,0.0,,
2026-09-25T23:47:54.654,223.815,0,1322.25,79,,104.938,34.902,12.5,0.781,1.068,1.055,0.039,15280,31.373,20.0,55,,,,,,,,,,,,53.725,
2026-09-25T23:47:54.784,223.945,0,1329.5,79,,104.594,34.902,12.5,0.781,1.076,1.058,0.043,15670,31.373,20.784,55,,,,,,,,,,,,,253
2026-09-25T23:47:54.934,224.095,0,1339.75,85,,104.094,36.863,12.0,0.0,1.079,1.062,0.047,15370,31.373,20.0,55,94,,,,,,,,,,,,
2026-09-25T23:47:55.064,224.225,0,1331.25,84,,104.25,36.863,12.0,0.781,1.08,1.077,0.066,15630,31.373,19.608,55,,31,,,,,,,,,,,
2026-09-25T23:47:55.194,224.355,0,1327.25,83,,104.188,36.471,12.5,0.0,1.08,1.067,0.055,15700,31.373,20.392,55,,,3.906,,,,,,,,,,
2026-09-25T23:47:55.324,224.485,0,1330.5,84,,104.0,36.863,12.0,0.0,1.08,1.07,0.059,15620,31.373,19.608,55,,,,13.945,,,,,,,,,
2026-09-25T23:47:55.455,224.616,0,1335.5,82,,104.188,35.686,12.5,0.0,1.08,1.082,0.07,15520,31.373,20.0,55,,,,,97,,,,,,,,
2026-09-25T23:47:55.584,224.745,0,1339.5,82,,103.969,36.078,12.0,0.0,1.08,1.075,0.062,15420,32.549,21.569,56,,,,,,18,,,,,,,
2026-09-25T23:47:55.714,224.875,0,1345.5,83,,103.688,40.392,11.0,0.0,1.08,1.077,0.066,15630,33.725,23.922,56,,,,,,,16.078,,,,,,
2026-09-25T23:47:55.845,225.006,0,1365.5,92,,103.719,43.922,11.0,0.0,1.08,1.063,0.051,16390,35.294,26.275,56,,,,,,,,547.0,,,,,
2026-09-25T23:47:55.974,225.136,0,1373.0,96,,103.75,47.843,9.5,-0.781,1.08,1.043,0.027,17280,35.686,26.667,56,,,,,,,,,0.755,,,,
2026-09-25T23:47:56.104,225.265,0,1359.75,97,,104.406,49.02,9.0,-1.562,1.08,1.039,0.02,17510,36.471,27.059,56,,,,,,,,,,,0.0,,
2026-09-25T23:47:56.234,225.395,0,1358.5,99,,105.438,49.804,8.5,-1.562,1.08,1.048,0.031,17490,36.863,27.059,56,,,,,,,,,,,,80.784,
2026-09-25T23:47:56.364,225.525,0,1361.75,100,,106.0,50.98,8.0,-1.562,1.08,1.058,0.043,17560,36.471,27.059,57,,,,,,,,,,,,,255
2026-09-25T23:47:56.494,225.655,0,1365.25,100,,106.531,50.588,8.0,-2.344,1.08,1.061,0.047,17530,36.471,26.667,57,95,,,,,,,,,,,,
2026-09-25T23:47:56.624,225.785,0,1372.75,100,,107.531,50.196,8.5,-2.344,1.08,1.062,0.047,17450,36.471,26.275,57,,31,,,,,,,,,,,
2026-09-25T23:47:56.754,225.916,0,1378.5,100,,107.938,50.196,8.5,-2.344,1.08,1.066,0.055,17450,35.686,24.706,57,,,3.125,,,,,,,,,,
2026-09-25T23:47:56.884,226.045,0,1380.75,98,,108.344,46.667,9.0,-2.344,1.08,1.072,0.059,17090,35.294,23.922,58,,,,13.964,,,,,,,,,
2026-09-25T23:47:57.014,226.175,0,1388.75,97,,108.688,45.882,9.5,-2.344,1.075,1.056,0.039,16820,33.333,21.961,58,,,,,97,,,,,,,,
2026-09-25T23:47:57.144,226.305,0,1403.5,94,,109.156,40.0,10.5,-2.344,0.981,0.967,-0.102,16610,32.157,20.392,58,,,,,,18,,,,,,,
2026-09-25T23:47:57.274,226.435,0,1397.75,92,,109.312,37.647,11.5,0.0,0.937,0.976,-0.082,16140,31.373,19.608,58,,,,,,,16.078,,,,,,
2026-09-25T23:47:57.405,226.566,0,1400.0,89,,109.281,33.725,12.5,0.781,0.926,0.98,-0.07,15440,30.588,18.431,58,,,,,,,,541.4,,,,,
2026-09-25T23:47:57.534,226.695,0,1407.5,84,,108.906,31.765,13.0,1.562,0.922,0.969,-0.098,14940,28.627,16.078,58,,,,,,,,,0.29,,,,
2026-09-25T23:47:57.664,226.825,0,1414.0,77,,108.75,27.843,14.0,1.562,0.921,0.949,-0.145,14490,28.235,16.471,59,,,,,,,,,,,0.0,,
2026-09-25T23:47:57.794,226.955,0,1412.75,68,,108.25,26.275,14.0,2.344,0.92,0.946,-0.148,14250,27.843,16.078,59,,,,,,,,,,,,42.745,
2026-09-25T23:47:57.925,227.086,0,1415.25,62,,106.875,23.922,14.0,1.562,0.92,0.925,-0.199,13550,26.667,16.078,59,,,,,,,,,,,,,256
2026-09-25T23:47:58.054,227.215,0,1424.25,61,,106.188,22.745,14.0,0.781,0.92,0.903,-0.254,12830,26.275,16.078,59,96,,,,,,,,,,,,
2026-09-25T23:47:58.184,227.345,0,1434.0,57,,105.594,21.961,14.0,0.0,0.92,0.906,-0.246,12540,26.275,15.686,59,,31,,,,,,,,,,,
2026-09-25T23:47:58.314,227.476,0,1430.25,53,,104.312,20.392,14.5,0.0,0.92,0.901,-0.258,12330,26.667,16.078,59,,,4.688,,,,,,,,,,
2026-09-25T23:47:58.444,227.605,0,1425.75,52,,103.656,20.392,14.5,-0.781,0.92,0.895,-0.277,11830,27.059,16.078,59,,,,13.847,,,,,,,,,
2026-09-25T23:47:58.575,227.736,0,1432.75,52,,103.219,20.392,14.5,-0.781,0.92,0.902,-0.254,10900,27.451,16.471,59,,,,,97,,,,,,,,
2026-09-25T23:47:58.704,227.865,0,1437.75,52,,102.75,21.961,14.5,-0.781,0.92,0.906,-0.246,11340,27.843,16.863,59,,,,,,18,,,,,,,
2026-09-25T23:47:58.834,227.995,0,1435.25,57,,102.031,21.961,14.0,-1.562,0.92,0.895,-0.277,11880,27.843,16.471,59,,,,,,,16.078,,,,,,
2026-09-25T23:47:58.964,228.126,0,1429.25,59,,101.719,22.353,14.0,-2.344,0.92,0.896,-0.27,11530,26.275,16.078,59,,,,,,,,536.7,,,,,
2026-09-25T23:47:59.094,228.255,0,1429.5,56,,101.719,21.176,14.5,-1.562,0.92,0.918,-0.219,11430,25.098,15.294,59,,,,,,,,,0.645,,,,
2026-09-25T23:47:59.224,228.385,0,1425.25,48,,101.406,19.216,14.5,-1.562,0.92,0.915,-0.223,10770,21.176,13.333,59,,,,,,,,,,,0.0,,
2026-09-25T23:47:59.355,228.516,0,1428.5,42,,101.25,16.078,15.5,-2.344,0.923,0.898,-0.266,10240,14.51,12.157,60,,,,,,,,,,,,20.392,
2026-09-25T23:47:59.484,228.646,0,1412.5,31,,100.312,0.0,19.5,-3.125,0.914,0.888,-0.297,9760,14.51,12.157,59,,,,,,,,,,,,,258
2026-09-25T23:47:59.614,228.775,0,1399.75,25,,99.656,0.0,29.0,-3.906,0.942,0.911,-0.234,9330,16.863,12.549,59,96,,,,,,,,,,,,
2026-09-25T23:47:59.744,228.905,0,1422.75,22,,99.438,0.0,29.5,-2.344,0.968,0.971,-0.094,8890,21.961,13.333,59,,31,,,,,,,,,,,
2026-09-25T23:47:59.874,229.036,0,1417.25,22,,99.156,7.843,20.0,-2.344,0.987,0.991,-0.043,8400,25.882,16.078,59,,,5.469,,,,,,,,,,
2026-09-25T23:48:00.014,229.175,0,1445.5,29,,98.5,15.686,14.5,-2.344,0.997,0.992,-0.039,7820,27.059,16.078,59,,,,13.867,,,,,,,,,
2026-09-25T23:48:00.144,229.305,0,1404.25,44,,98.344,18.431,14.0,-3.125,0.999,0.983,-0.062,7830,29.02,16.863,59,,,,,97,,,,,,,,
2026-09-25T23:48:00.275,229.436,0,1413.25,48,,98.156,19.608,14.0,-3.906,0.999,0.976,-0.086,8450,29.804,17.647,59,,,,,,18,,,,,,,
2026-09-25T23:48:00.404,229.565,0,1421.0,54,,98.125,24.314,14.0,-3.906,1.0,0.979,-0.074,9300,29.804,18.431,59,,,,,,,16.078,,,,,,
2026-09-25T23:48:00.534,229.695,0,1422.75,65,,97.844,25.882,14.0,-3.906,1.0,0.995,-0.031,10450,29.804,18.431,59,,,,,,,,535.8,,,,,
2026-09-25T23:48:00.665,229.826,0,1425.0,69,,97.906,26.667,14.0,-3.125,1.0,0.998,-0.027,11470,29.804,18.039,59,,,,,,,,,0.75,,,,
2026-09-25T23:48:00.794,229.955,0,1424.75,69,,98.562,26.275,14.0,-3.125,1.0,1.004,-0.016,12470,29.804,18.431,59,,,,,,,,,,,0.0,,
2026-09-25T23:48:00.924,230.085,0,1428.25,69,,99.156,26.667,14.0,-2.344,1.0,1.021,0.0,13340,25.882,16.471,59,,,,,,,,,,,,41.176,
2026-09-25T23:48:01.055,230.216,0,1431.5,66,,99.469,24.314,9.5,-2.344,0.993,1.0,-0.02,13600,14.51,13.725,59,,,,,,,,,,,,,259
2026-09-25T23:48:01.184,230.345,0,1420.75,54,,99.156,0.0,11.5,-3.125,1.016,1.006,-0.016,13090,14.51,12.549,59,97,,,,,,,,,,,,
2026-09-25T23:48:01.314,230.475,0,1414.5,38,,99.188,0.0,18.5,-3.125,1.011,1.014,-0.008,12620,24.706,15.686,59,,32,,,,,,,,,,,
2026-09-25T23:48:01.445,230.606,0,1414.5,33,,98.5,14.51,13.5,-3.125,1.006,0.99,-0.047,11900,26.667,16.078,59,,,4.688,,,,,,,,,,
2026-09-25T23:48:01.574,230.735,0,1432.5,38,,98.5,16.078,14.5,-3.125,1.002,1.003,-0.016,11170,27.059,16.471,59,,,,13.847,,,,,,,,,
2026-09-25T23:48:01.704,230.866,0,1428.75,43,,98.312,20.0,14.5,-2.344,1.001,1.017,-0.004,10470,27.059,16.471,59,,,,,97,,,,,,,,
2026-09-25T23:48:01.834,230.995,0,1428.75,53,,98.188,20.0,14.5,-3.125,1.0,0.985,-0.059,10280,27.059,16.078,59,,,,,,18,,,,,,,
2026-09-25T23:48:01.964,231.125,0,1427.5,53,,98.188,20.0,14.0,-3.125,1.0,0.994,-0.035,10220,27.059,16.078,59,,,,,,,16.078,,,,,,
2026-09-25T23:48:02.095,231.256,0,1432.5,54,,98.125,20.784,14.5,-3.125,1.0,1.0,-0.02,10690,27.059,16.471,59,,,,,,,,534.7,,,,,
2026-09-25T23:48:02.224,231.385,0,1434.75,54,,98.094,20.784,14.5,-3.125,1.0,1.002,-0.02,10700,27.059,16.471,59,,,,,,,,,0.76,,,,
2026-09-25T23:48:02.354,231.516,0,1441.25,54,,98.156,20.0,14.5,-3.125,1.0,1.0,-0.02,10990,26.667,16.078,59,,,,,,,,,,,0.0,,
2026-09-25T23:48:02.484,231.646,0,1435.0,52,,98.188,19.608,14.5,-3.125,1.005,1.001,-0.02,10740,18.431,14.118,59,,,,,,,,,,,,34.118,
2026-09-25T23:48:02.614,231.775,0,1429.5,51,,98.5,0.0,14.0,-3.125,1.014,1.005,-0.016,10230,14.51,12.941,59,,,,,,,,,,,,,261
2026-09-25T23:48:02.745,231.906,0,1429.75,34,,98.5,0.0,17.0,-3.906,1.029,1.015,-0.004,9660,17.255,12.157,59,97,,,,,,,,,,,,
2026-09-25T23:48:02.874,232.035,0,1409.0,28,,98.469,0.0,25.5,-3.906,1.018,0.997,-0.027,9210,23.137,14.118,59,,32,,,,,,,,,,,
2026-09-25T23:48:03.004,232.165,0,1410.25,23,,98.219,12.941,16.5,-4.688,1.008,0.983,-0.062,8680,25.098,15.294,59,,,5.469,,,,,,,,,,
2026-09-25T23:48:03.134,232.296,0,1445.5,35,,97.875,14.118,14.5,-4.688,1.002,0.992,-0.043,8140,25.49,16.078,59,,,,13.828,,,,,,,,,
2026-09-25T23:48:03.264,232.425,0,1423.5,42,,97.844,17.255,14.5,-3.125,1.001,1.008,-0.012,7920,25.49,15.686,59,,,,,97,,,,,,,,
2026-09-25T23:48:03.394,232.555,0,1423.5,45,,97.781,18.039,14.5,-3.906,1.0,0.993,-0.039,8640,25.49,15.686,59,,,,,,18,,,,,,,
2026-09-25T23:48:03.525,232.686,0,1423.5,47,,97.812,18.431,14.5,-4.688,1.0,0.989,-0.047,9240,25.49,15.686,59,,,,,,,16.078,,,,,,
2026-09-25T23:48:03.654,232.815,0,1424.5,47,,97.75,18.824,14.5,-4.688,1.0,0.983,-0.062,9610,25.49,15.686,59,,,,,,,,534.1,,,,,
2026-09-25T23:48:03.784,232.945,0,1426.25,47,,97.75,19.216,14.5,-4.688,1.0,0.986,-0.055,9950,25.49,15.686,59,,,,,,,,,0.75,,,,
2026-09-25T23:48:03.914,233.076,0,1427.5,48,,97.781,19.216,14.5,-5.469,1.0,0.986,-0.055,9970,25.49,15.686,59,,,,,,,,,,,0.0,,
2026-09-25T23:48:04.044,233.205,0,1421.0,46,,98.188,19.216,14.5,-5.469,1.0,0.989,-0.047,9880,25.49,15.686,59,,,,,,,,,,,,31.765,
2026-09-25T23:48:04.174,233.335,0,1422.5,46,,98.188,18.824,14.5,-5.469,1.0,0.987,-0.051,9590,25.49,15.686,59,,,,,,,,,,,,,263
2026-09-25T23:48:04.305,233.466,0,1424.0,47,,98.156,18.824,14.5,-5.469,0.998,0.99,-0.047,9610,25.49,15.686,59,97,,,,,,,,,,,,
2026-09-25T23:48:04.434,233.596,0,1420.0,46,,98.188,18.824,14.5,-6.25,1.044,1.04,0.023,9540,25.49,15.686,59,,33,,,,,,,,,,,
2026-09-25T23:48:04.564,233.725,0,1419.75,47,,98.188,18.824,14.5,-5.469,1.066,1.075,0.062,9470,25.49,15.686,59,,,5.469,,,,,,,,,,
2026-09-25T23:48:04.694,233.855,0,1424.25,47,,98.188,18.824,14.5,-4.688,1.075,1.081,0.07,9440,25.49,15.686,59,,,,13.867,,,,,,,,,
2026-09-25T23:48:04.824,233.985,0,1427.75,47,,98.188,18.824,14.5,-5.469,1.078,1.077,0.066,9460,25.49,15.686,59,,,,,97,,,,,,,,
2026-09-25T23:48:04.954,234.115,0,1428.25,47,,98.188,18.824,14.5,-5.469,1.079,1.077,0.066,9710,25.098,15.686,58,,,,,,18,,,,,,,
2026-09-25T23:48:05.094,234.255,0,1425.5,47,,98.188,18.824,14.5,-5.469,1.08,1.076,0.062,9650,25.49,15.686,59,,,,,,,16.078,,,,,,
2026-09-25T23:48:05.224,234.385,0,1412.75,45,,98.188,18.431,14.5,-5.469,1.08,1.083,0.07,9250,25.49,15.686,59,,,,,,,,532.1,,,,,
2026-09-25T23:48:05.354,234.515,0,1416.25,45,,98.188,18.431,14.5,-4.688,1.08,1.097,0.086,9090,25.49,15.686,59,,,,,,,,,0.75,,,,
2026-09-25T23:48:05.485,234.646,0,1419.25,45,,98.125,18.431,14.5,-4.688,1.08,1.088,0.078,9350,25.882,15.686,59,,,,,,,,,,,0.0,,
2026-09-25T23:48:05.614,234.775,0,1424.5,46,,98.156,18.824,14.5,-5.469,1.08,1.069,0.055,9540,26.275,16.078,59,,,,,,,,,,,,32.157,
2026-09-25T23:48:05.744,234.905,0,1420.75,48,,98.188,19.216,14.5,-5.469,1.08,1.071,0.059,9850,27.451,16.471,59,,,,,,,,,,,,,264
2026-09-25T23:48:05.874,235.036,0,1416.0,49,,98.156,19.216,14.0,-5.469,1.08,1.078,0.066,10140,28.627,17.647,58,97,,,,,,,,,,,,
2026-09-25T23:48:06.004,235.165,0,1420.5,54,,97.875,24.314,14.0,-4.688,1.08,1.086,0.074,11020,29.02,17.255,59,,33,,,,,,,,,,,
2026-09-25T23:48:06.134,235.295,0,1417.75,61,,98.0,23.922,14.0,-4.688,1.08,1.098,0.086,12020,29.02,17.255,59,,,4.688,,,,,,,,,,
2026-09-25T23:48:06.264,235.425,0,1409.25,63,,98.188,24.314,14.0,-3.906,1.08,1.109,0.098,13030,29.02,17.255,58,,,,13.906,,,,,,,,,
2026-09-25T23:48:06.395,235.556,0,1414.25,63,,98.188,24.706,14.0,-3.125,1.08,1.105,0.094,13430,29.412,18.039,59,,,,,97,,,,,,,,
2026-09-25T23:48:06.524,235.685,0,1418.0,65,,98.281,25.49,14.0,-3.125,1.08,1.108,0.098,13710,29.412,18.039,59,,,,,,18,,,,,,,
2026-09-25T23:48:06.654,235.815,0,1421.25,66,,98.469,26.275,14.0,-2.344,1.08,1.112,0.102,13920,29.412,18.039,59,,,,,,,16.078,,,,,,
2026-09-25T23:48:06.784,235.946,0,1427.75,68,,98.5,26.275,14.0,-2.344,1.08,1.106,0.098,13990,29.804,18.431,59,,,,,,,,528.8,,,,,
2026-09-25T23:48:06.914,236.075,0,1423.0,69,,98.812,27.059,14.0,-1.562,1.08,1.105,0.094,14150,29.804,18.431,59,,,,,,,,,0.74,,,,
2026-09-25T23:48:07.044,236.205,0,1421.0,71,,99.062,27.059,14.0,-1.562,1.08,1.102,0.09,14260,29.804,18.431,59,,,,,,,,,,,0.0,,
2026-09-25T23:48:07.175,236.336,0,1421.0,71,,99.156,27.059,14.0,-1.562,1.08,1.096,0.086,14060,29.804,18.039,59,,,,,,,,,,,,45.49,
2026-09-25T23:48:07.304,236.465,0,1418.5,71,,99.469,27.059,14.0,-0.781,1.08,1.102,0.09,13830,29.804,18.824,59,,,,,,,,,,,,,266
2026-09-25T23:48:07.434,236.595,0,1420.75,72,,99.531,27.843,14.0,-0.781,1.08,1.097,0.086,14220,30.196,18.431,59,98,,,,,,,,,,,,
2026-09-25T23:48:07.564,236.726,0,1436.0,72,,99.781,27.451,14.0,-1.562,1.089,1.085,0.074,14410,29.804,18.824,59,,33,,,,,,,,,,,
2026-09-25T23:48:07.694,236.855,0,1434.5,72,,99.906,27.059,14.0,-0.781,1.015,1.012,-0.008,14430,29.804,18.431,59,,,3.906,,,,,,,,,,
2026-09-25T23:48:07.824,236.985,0,1426.0,71,,100.344,27.059,14.0,0.0,0.954,0.974,-0.09,14310,29.412,18.039,59,,,,13.906,,,,,,,,,
2026-09-25T23:48:07.955,237.116,0,1425.5,70,,100.438,26.667,14.0,0.0,0.93,0.957,-0.125,13820,29.804,18.039,59,,,,,97,,,,,,,,
2026-09-25T23:48:08.084,237.246,0,1428.5,68,,100.594,26.667,14.0,0.781,0.924,0.952,-0.137,13770,29.412,17.647,59,,,,,,18,,,,,,,
2026-09-25T23:48:08.214,237.376,0,1430.75,67,,100.75,25.882,14.0,0.781,0.921,0.938,-0.168,13700,29.412,17.647,59,,,,,,,16.078,,,,,,
2026-09-25T23:48:08.344,237.505,0,1429.5,67,,100.75,25.882,14.0,0.781,0.92,0.93,-0.188,13390,28.235,17.255,59,,,,,,,,523.2,,,,,
2026-09-25T23:48:08.474,237.635,0,1428.0,68,,100.75,25.882,14.0,0.781,0.92,0.925,-0.199,13430,23.922,15.294,59,,,,,,,,,0.28,,,,
2026-09-25T23:48:08.605,237.766,0,1422.5,62,,101.062,18.431,14.5,0.781,0.92,0.916,-0.219,12930,14.51,12.549,59,,,,,,,,,,,0.0,,
2026-09-25T23:48:08.734,237.895,0,1423.25,36,,100.188,0.0,16.5,0.0,0.918,0.892,-0.285,12450,14.51,12.157,59,,,,,,,,,,,,17.647,
2026-09-25T23:48:08.864,238.025,0,1406.25,28,,100.125,0.0,24.5,-0.781,0.938,0.911,-0.234,11970,21.569,12.941,59,,,,,,,,,,,,,267
2026-09-25T23:48:08.994,238.155,0,1404.5,24,,99.781,0.0,18.5,-1.562,0.96,0.934,-0.18,11470,26.275,16.078,59,98,,,,,,,,,,,,
2026-09-25T23:48:09.124,238.286,0,1448.0,37,,98.812,15.686,13.5,-0.781,0.972,0.965,-0.109,11190,27.059,16.078,59,,32,,,,,,,,,,,
2026-09-25T23:48:09.254,238.415,0,1408.5,42,,98.625,16.863,14.0,-0.781,0.979,0.975,-0.086,10310,27.059,16.078,59,,,4.688,,,,,,,,,,
2026-09-25T23:48:09.384,238.545,0,1417.0,46,,98.5,18.431,14.5,-0.781,0.982,0.964,-0.109,9750,27.059,16.078,59,,,,13.925,,,,,,,,,
2026-09-25T23:48:09.515,238.676,0,1421.0,48,,98.25,20.784,14.5,-1.562,0.983,0.97,-0.098,10400,20.0,14.51,59,,,,,97,,,,,,,,
2026-09-25T23:48:09.645,238.806,0,1416.25,47,,98.625,18.431,14.0,-2.344,0.984,0.959,-0.121,10230,14.51,12.941,59,,,,,,18,,,,,,,
2026-09-25T23:48:09.774,238.935,0,1412.25,38,,98.5,0.0,17.0,-3.125,0.984,0.949,-0.145,9810,14.51,12.157,59,,,,,,,16.078,,,,,,
2026-09-25T23:48:09.904,239.065,0,1400.75,30,,98.5,0.0,23.0,-2.344,0.984,0.966,-0.105,9230,16.863,12.549,58,,,,,,,,523.1,,,,,
2026-09-25T23:48:10.034,239.195,0,1388.5,22,,98.5,0.0,30.5,-3.125,0.982,0.954,-0.133,8800,18.824,12.549,58,,,,,,,,,0.34,,,,
2026-09-25T23:48:10.174,239.335,0,1403.25,22,,98.281,0.0,30.5,-2.344,0.981,0.978,-0.078,8340,20.392,12.549,58,,,,,,,,,,,0.0,,
2026-09-25T23:48:10.304,239.465,0,1400.25,22,,98.188,7.843,30.0,-1.562,0.981,0.985,-0.059,7780,21.569,12.941,58,,,,,,,,,,,,12.549,
2026-09-25T23:48:10.434,239.595,0,1398.0,23,,98.094,9.02,22.5,-1.562,0.981,0.995,-0.035,7250,22.353,14.51,58,,,,,,,,,,,,,269
2026-09-25T23:48:10.565,239.726,0,1404.0,27,,97.875,11.373,17.0,-1.562,0.981,0.976,-0.082,6790,23.529,14.902,58,97,,,,,,,,,,,,
2026-09-25T23:48:10.695,239.856,0,1392.5,31,,97.812,12.549,15.0,-2.344,0.981,0.969,-0.098,6340,22.745,14.118,58,,32,,,,,,,,,,,
2026-09-25T23:48:10.825,239.986,0,1390.5,34,,97.875,14.118,16.5,-2.344,0.981,0.975,-0.086,5870,14.51,12.157,58,,,7.031,,,,,,,,,,
2026-09-25T23:48:10.955,240.116,0,1377.25,27,,97.875,0.0,24.0,-2.344,0.982,0.966,-0.105,5470,14.51,12.157,58,,,,13.925,,,,,,,,,
2026-09-25T23:48:11.085,240.246,0,1376.75,23,,97.875,0.0,30.0,-3.125,0.982,0.963,-0.113,5050,15.686,12.157,58,,,,,97,,,,,,,,
2026-09-25T23:48:11.215,240.376,0,1387.25,22,,97.875,0.0,24.5,-3.906,0.982,0.95,-0.141,4600,18.431,12.549,57,,,,,,18,,,,,,,
2026-09-25T23:48:11.344,240.505,0,1378.25,22,,97.875,0.0,16.0,-4.688,0.982,0.943,-0.156,4170,19.608,12.157,57,,,,,,,16.078,,,,,,
2026-09-25T23:48:11.474,240.635,0,1370.25,21,,97.875,7.451,13.5,-4.688,0.982,0.955,-0.129,3770,20.392,12.549,57,,,,,,,,524.1,,,,,
2026-09-25T23:48:11.604,240.765,0,1366.25,21,,97.875,7.451,26.0,-3.906,0.982,0.975,-0.086,3430,20.784,12.549,57,,,,,,,,,0.46,,,,
2026-09-25T23:48:11.734,240.895,0,1364.75,22,,97.594,8.235,27.5,-3.125,0.982,0.99,-0.043,3530,21.569,13.333,57,,,,,,,,,,,0.0,,
2026-09-25T23:48:11.864,241.025,0,1369.5,25,,97.531,9.804,19.0,-2.344,0.982,1.008,-0.012,4100,21.961,13.725,57,,,,,,,,,,,,17.647,
2026-09-25T23:48:11.994,241.155,0,1378.0,27,,97.531,10.98,18.0,-2.344,0.983,0.994,-0.035,4810,22.353,14.118,57,,,,,,,,,,,,,270
2026-09-25T23:48:12.124,241.285,0,1361.75,30,,97.531,12.549,17.0,-3.125,0.983,0.983,-0.062,4910,22.353,13.725,57,97,,,,,,,,,,,,
2026-09-25T23:48:12.254,241.415,0,1356.75,30,,97.656,12.941,17.0,-3.125,0.984,0.983,-0.062,4970,22.353,14.118,57,,33,,,,,,,,,,,
2026-09-25T23:48:12.384,241.545,0,1356.0,30,,97.75,12.157,17.0,-3.125,0.984,0.986,-0.055,4950,22.745,14.118,57,,,6.25,,,,,,,,,,
2026-09-25T23:48:12.514,241.675,0,1360.25,31,,97.562,13.725,16.5,-2.344,0.985,0.99,-0.047,5060,23.137,14.51,56,,,,13.906,,,,,,,,,
2026-09-25T23:48:12.645,241.806,0,1355.25,33,,97.531,14.118,15.5,-2.344,0.985,0.986,-0.055,5420,23.922,14.902,56,,,,,97,,,,,,,,
2026-09-25T23:48:12.775,241.936,0,1360.25,36,,97.531,16.471,14.0,-3.125,0.985,0.982,-0.066,6250,24.706,15.294,56,,,,,,18,,,,,,,
2026-09-25T23:48:12.904,242.065,0,1359.75,38,,97.531,18.039,14.0,-3.125,0.986,0.971,-0.094,7170,25.098,15.294,56,,,,,,,16.078,,,,,,
2026-09-25T23:48:13.034,242.195,0,1366.25,42,,97.531,18.431,14.0,-3.906,0.987,0.972,-0.094,7970,25.098,15.294,56,,,,,,,,524.4,,,,,
2026-09-25T23:48:13.164,242.325,0,1366.0,43,,97.531,18.039,14.0,-3.906,0.987,0.973,-0.09,8530,25.098,15.294,56,,,,,,,,,0.55,,,,
2026-09-25T23:48:13.294,242.456,0,1360.75,44,,97.531,19.216,14.0,-3.906,0.986,0.977,-0.082,9160,25.098,15.294,56,,,,,,,,,,,0.0,,
2026-09-25T23:48:13.424,242.585,0,1353.0,44,,97.562,18.824,14.0,-3.906,0.991,0.978,-0.078,9040,25.098,15.294,56,,,,,,,,,,,,29.412,
2026-09-25T23:48:13.554,242.715,0,1354.0,43,,97.656,18.824,14.0,-4.688,0.997,0.98,-0.07,8840,24.314,14.902,56,,,,,,,,,,,,,272
2026-09-25T23:48:13.684,242.846,0,1352.75,43,,97.781,18.824,14.0,-4.688,0.999,0.983,-0.062,8460,23.922,14.51,56,97,,,,,,,,,,,,
2026-09-25T23:48:13.815,242.976,0,1349.0,40,,97.844,16.863,14.0,-4.688,1.0,0.994,-0.035,7930,23.922,14.51,56,,33,,,,,,,,,,,
2026-09-25T23:48:13.944,243.105,0,1347.25,39,,97.875,16.471,14.0,-4.688,0.995,0.987,-0.051,7170,24.314,14.902,56,,,5.469,,,,,,,,,,
2026-09-25T23:48:14.074,243.235,0,1347.5,38,,97.844,16.471,14.0,-4.688,0.99,0.986,-0.055,6770,24.706,14.902,56,,,,13.925,,,,,,,,,
2026-09-25T23:48:14.204,243.366,0,1354.5,39,,97.844,18.039,14.0,-3.906,0.989,0.994,-0.035,7420,25.098,14.902,55,,,,,97,,,,,,,,
2026-09-25T23:48:14.334,243.496,0,1358.25,42,,97.812,18.431,14.0,-3.906,0.988,0.988,-0.051,8180,25.098,15.294,56,,,,,,18,,,,,,,
2026-09-25T23:48:14.464,243.625,0,1354.25,43,,97.719,19.216,14.0,-4.688,0.994,0.982,-0.062,8590,25.098,15.294,56,,,,,,,16.078,,,,,,
2026-09-25T23:48:14.594,243.755,0,1348.75,43,,97.719,18.824,14.0,-4.688,0.998,0.987,-0.055,8640,25.098,15.294,56,,,,,,,,523.8,,,,,
2026-09-25T23:48:14.725,243.886,0,1344.75,44,,97.844,18.824,14.0,-5.469,0.999,0.987,-0.051,8590,25.49,15.294,56,,,,,,,,,0.59,,,,
2026-09-25T23:48:14.854,244.015,0,1344.75,44,,97.844,18.824,14.0,-5.469,1.0,0.99,-0.043,8600,25.098,15.294,56,,,,,,,,,,,0.0,,
2026-09-25T23:48:14.984,244.145,0,1345.25,44,,97.844,19.216,14.0,-5.469,1.0,0.992,-0.039,8570,25.098,15.294,56,,,,,,,,,,,,29.804,
2026-09-25T23:48:15.114,244.275,0,1345.0,44,,97.875,18.824,14.0,-5.469,1.0,0.995,-0.035,8560,21.176,12.941,55,,,,,,,,,,,,,274
2026-09-25T23:48:15.274,244.435,0,1333.25,39,,98.156,15.294,17.5,-5.469,1.001,0.992,-0.039,8100,20.392,12.157,55,97,,,,,,,,,,,,
2026-09-25T23:48:15.404,244.565,0,1322.75,30,,98.031,9.804,24.5,-5.469,0.999,0.983,-0.062,7650,20.784,12.549,55,,33,,,,,,,,,,,
2026-09-25T23:48:15.535,244.696,0,1319.25,24,,98.0,9.02,25.5,-6.25,0.993,0.975,-0.086,7220,21.176,12.549,55,,,8.594,,,,,,,,,,
2026-09-25T23:48:15.664,244.825,0,1322.25,24,,97.875,9.412,21.5,-5.469,0.99,1.009,-0.012,6690,22.353,14.118,55,,,,13.925,,,,,,,,,
2026-09-25T23:48:15.794,244.956,0,1340.25,25,,97.875,10.588,17.5,-3.906,0.988,1.016,-0.004,6200,23.137,14.118,55,,,,,97,,,,,,,,
2026-09-25T23:48:15.924,245.085,0,1318.75,32,,97.875,14.118,15.5,-3.906,0.987,1.013,-0.008,5640,23.529,14.118,55,,,,,,18,,,,,,,
2026-09-25T23:48:16.055,245.216,0,1325.5,34,,97.719,14.902,14.5,-3.125,0.988,1.013,-0.008,5290,23.529,14.118,55,,,,,,,16.078,,,,,,
2026-09-25T23:48:16.184,245.346,0,1323.25,35,,97.844,15.686,14.5,-3.125,0.988,0.999,-0.023,5500,23.529,14.118,55,,,,,,,,523.6,,,,,
2026-09-25T23:48:16.314,245.475,0,1319.5,35,,97.812,15.686,14.0,-3.906,0.988,0.982,-0.066,5950,23.137,13.725,55,,,,,,,,,0.615,,,,
2026-09-25T23:48:16.444,245.606,0,1319.25,35,,97.875,15.294,15.0,-4.688,0.988,0.974,-0.086,6230,22.745,13.725,55,,,,,,,,,,,0.0,,
2026-09-25T23:48:16.574,245.735,0,1315.75,34,,97.844,14.902,15.0,-4.688,0.988,0.978,-0.078,5650,22.745,13.725,55,,,,,,,,,,,,22.353,
2026-09-25T23:48:16.704,245.865,0,1310.0,33,,97.875,14.118,15.5,-4.688,0.987,0.995,-0.031,5380,22.745,13.725,54,,,,,,,,,,,,,275
2026-09-25T23:48:16.834,245.995,0,1307.0,32,,97.781,14.118,16.0,-3.125,0.987,1.018,-0.004,5050,22.745,13.725,54,97,,,,,,,,,,,,
2026-09-25T23:48:16.964,246.125,0,1306.0,32,,97.719,14.51,15.5,-2.344,0.987,1.021,0.0,4980,22.745,13.725,54,,33,,,,,,,,,,,
2026-09-25T23:48:17.094,246.255,0,1304.5,32,,97.781,14.51,15.5,-2.344,0.987,0.997,-0.027,5120,22.745,13.333,54,,,7.031,,,,,,,,,,
2026-09-25T23:48:17.224,246.386,0,1304.5,31,,97.719,13.725,15.5,-3.906,0.987,0.977,-0.078,5030,22.745,13.333,54,,,,13.886,,,,,,,,,
2026-09-25T23:48:17.354,246.515,0,1300.25,31,,97.812,14.118,16.0,-4.688,0.987,0.97,-0.098,4960,22.745,13.333,54,,,,,97,,,,,,,,
2026-09-25T23:48:17.484,246.645,0,1297.5,31,,97.812,14.118,15.5,-4.688,0.987,0.974,-0.09,4970,23.137,13.725,54,,,,,,18,,,,,,,
2026-09-25T23:48:17.614,246.775,0,1297.25,31,,97.625,14.51,15.5,-4.688,0.987,0.979,-0.074,5080,22.745,13.725,54,,,,,,,16.078,,,,,,
2026-09-25T23:48:17.745,246.906,0,1295.5,32,,97.562,14.902,15.5,-4.688,0.987,0.974,-0.09,5220,23.137,13.333,54,,,,,,,,523.4,,,,,
2026-09-25T23:48:17.874,247.035,0,1291.75,32,,97.594,14.118,15.5,-5.469,0.987,0.96,-0.121,5240,23.137,13.725,54,,,,,,,,,0.61,,,,
2026-09-25T23:48:18.004,247.165,0,1293.5,32,,97.531,15.686,14.0,-6.25,0.987,0.949,-0.141,5560,23.922,14.118,54,,,,,,,,,,,0.0,,
2026-09-25T23:48:18.134,247.295,0,1296.0,35,,97.562,16.471,14.0,-7.031,0.987,0.95,-0.141,6140,23.922,14.51,54,,,,,,,,,,,,25.49,
2026-09-25T23:48:18.264,247.426,0,1290.0,36,,97.531,17.255,14.0,-7.812,0.987,0.946,-0.148,6900,24.706,14.51,54,,,,,,,,,,,,,277
2026-09-25T23:48:18.395,247.556,0,1293.75,38,,97.531,17.647,14.0,-7.812,0.988,0.949,-0.141,7390,25.49,14.902,54,97,,,,,,,,,,,,
2026-09-25T23:48:18.524,247.685,0,1300.25,41,,97.531,19.608,14.0,-7.812,0.988,0.968,-0.102,8080,25.49,14.902,54,,34,,,,,,,,,,,
2026-09-25T23:48:18.654,247.815,0,1306.25,43,,97.531,19.608,14.0,-7.812,0.987,0.97,-0.098,8780,25.49,14.902,54,,,5.469,,,,,,,,,,
2026-09-25T23:48:18.784,247.945,0,1305.0,44,,97.531,20.0,14.0,-8.594,0.99,0.97,-0.098,9330,25.49,14.902,54,,,,13.886,,,,,,,,,
2026-09-25T23:48:18.914,248.075,0,1297.25,45,,97.531,20.392,14.0,-8.594,0.995,0.978,-0.078,9520,25.49,15.294,54,,,,,97,,,,,,,,
2026-09-25T23:48:19.044,248.206,0,1288.0,45,,97.531,20.784,14.0,-8.594,0.998,0.989,-0.051,9370,25.882,15.294,54,,,,,,18,,,,,,,
2026-09-25T23:48:19.174,248.335,0,1288.75,46,,97.562,20.784,14.0,-7.812,0.999,1.005,-0.016,9200,25.882,15.294,54,,,,,,,16.078,,,,,,
2026-09-25T23:48:19.304,248.465,0,1290.25,45,,97.562,20.784,14.0,-7.031,1.0,1.021,0.0,8910,25.882,15.294,53,,,,,,,,522.5,,,,,
2026-09-25T23:48:19.434,248.595,0,1292.75,45,,97.625,20.392,14.0,-7.031,1.0,1.013,-0.008,8800,25.49,14.902,53,,,,,,,,,0.65,,,,
2026-09-25T23:48:19.564,248.726,0,1290.0,44,,97.688,20.0,14.0,-7.031,1.0,1.0,-0.02,8520,24.706,14.51,53,,,,,,,,,,,0.0,,
2026-09-25T23:48:19.694,248.855,0,1292.75,45,,97.875,20.392,14.0,-7.031,0.999,0.985,-0.059,8520,24.314,14.51,53,,,,,,,,,,,,29.02,
2026-09-25T23:48:19.824,248.985,0,1291.0,41,,97.875,18.431,14.0,-8.594,0.998,0.969,-0.098,8180,23.529,13.725,53,,,,,,,,,,,,,278
2026-09-25T23:48:19.954,249.115,0,1286.0,41,,97.875,18.824,14.0,-8.594,0.997,0.991,-0.043,7640,21.961,12.941,53,97,,,,,,,,,,,,
2026-09-25T23:48:20.084,249.245,0,1279.25,36,,97.875,16.471,9.5,-7.812,0.997,0.997,-0.027,7240,21.176,12.157,53,,34,,,,,,,,,,,
2026-09-25T23:48:20.214,249.375,0,1270.25,31,,97.875,11.373,17.0,-8.594,0.997,0.986,-0.055,6810,21.176,12.549,53,,,9.375,,,,,,,,,,
2026-09-25T23:48:20.354,249.515,0,1271.75,26,,97.875,10.98,17.0,-8.594,0.997,0.987,-0.055,6430,20.784,12.157,53,,,,13.906,,,,,,,,,
2026-09-25T23:48:20.484,249.645,0,1263.0,25,,97.875,10.98,15.5,-7.812,0.998,1.0,-0.02,6090,19.608,12.157,53,,,,,97,,,,,,,,
2026-09-25T23:48:20.614,249.775,0,1262.5,24,,97.875,9.412,23.0,-7.031,0.998,1.039,0.023,5750,16.863,12.157,53,,,,,,18,,,,,,,
2026-09-25T23:48:20.744,249.906,0,1266.0,22,,97.875,0.0,14.5,-4.688,0.999,1.082,0.07,5460,14.51,12.157,52,,,,,,,16.078,,,,,,
2026-09-25T23:48:20.874,250.035,0,1259.75,22,,97.875,0.0,9.0,-3.125,0.999,1.119,0.109,5040,14.51,12.157,53,,,,,,,,522.5,,,,,
2026-09-25T23:48:21.005,250.166,0,1252.75,21,,97.875,0.0,6.0,-2.344,1.0,1.086,0.074,4670,14.51,12.157,52,,,,,,,,,0.685,,,,
2026-09-25T23:48:21.134,250.295,0,1250.0,21,,97.844,0.0,2.0,-3.906,1.0,1.031,0.012,4300,14.51,12.157,52,,,,,,,,,,,0.0,,
2026-09-25T23:48:21.264,250.425,0,1248.75,21,,97.875,0.0,-2.5,0.0,0.976,1.003,-0.016,3890,14.51,12.157,52,,,,,,,,,,,,11.765,
2026-09-25T23:48:21.394,250.556,0,1228.25,21,,97.781,0.0,-5.5,0.0,1.016,0.999,-0.02,3960,14.51,12.157,52,,,,,,,,,,,,,280
2026-09-25T23:48:21.524,250.685,0,1234.25,21,,97.656,0.0,-5.5,0.0,1.047,1.07,0.059,4910,14.51,12.549,52,97,,,,,,,,,,,,
2026-09-25T23:48:21.654,250.815,0,1228.25,22,,97.562,0.0,-5.5,0.0,1.038,1.293,0.281,6280,14.51,12.157,51,,34,,,,,,,,,,,
2026-09-25T23:48:21.784,250.945,0,1220.75,23,,97.594,0.0,-5.5,0.0,1.016,1.644,0.52,7540,14.51,12.157,51,,,9.375,,,,,,,,,,
2026-09-25T23:48:21.914,251.075,0,1210.25,23,,97.656,0.0,-6.0,0.0,1.018,2.0,0.719,8720,14.51,12.157,51,,,,13.886,,,,,,,,,
2026-09-25T23:48:22.045,251.206,0,1210.0,23,,97.688,0.0,-6.0,0.0,1.056,2.0,0.883,9460,14.51,12.157,51,,,,,97,,,,,,,,
2026-09-25T23:48:22.174,251.335,0,1211.25,23,,97.688,0.0,-6.0,0.0,1.122,2.0,0.988,9450,14.51,12.157,51,,,,,,18,,,,,,,
2026-09-25T23:48:22.304,251.465,0,1210.75,24,,97.812,0.0,-6.0,0.0,1.175,2.0,1.066,9450,14.51,12.157,51,,,,,,,16.078,,,,,,
2026-09-25T23:48:22.434,251.595,0,1205.25,24,,97.875,0.0,-6.0,0.0,1.225,2.0,1.117,9450,14.51,12.157,50,,,,,,,,524.6,,,,,
2026-09-25T23:48:22.564,251.725,0,1199.5,24,,97.875,0.0,-6.0,0.0,1.283,2.0,1.16,9450,14.51,12.157,50,,,,,,,,,0.685,,,,
2026-09-25T23:48:22.694,251.855,0,1191.0,24,,97.875,0.0,-6.0,0.0,1.37,2.0,1.188,9450,14.51,12.157,50,,,,,,,,,,,0.0,,
2026-09-25T23:48:22.824,251.985,0,1184.5,23,,97.875,0.0,-6.0,0.0,1.455,2.0,1.207,9450,14.51,12.157,50,,,,,,,,,,,,12.941,
2026-09-25T23:48:22.954,252.115,0,1179.25,23,,97.875,0.0,-6.5,0.0,1.57,2.0,1.219,9440,14.51,12.157,50,,,,,,,,,,,,,281
2026-09-25T23:48:23.084,252.245,0,1173.0,23,,97.875,0.0,-6.5,0.0,1.661,2.0,1.23,9440,14.51,12.157,49,97,,,,,,,,,,,,
2026-09-25T23:48:23.214,252.376,0,1169.25,24,,97.875,0.0,-6.5,0.0,1.73,2.0,1.234,9440,14.51,12.157,49,,34,,,,,,,,,,,
2026-09-25T23:48:23.345,252.506,0,1166.5,24,,97.875,0.0,-6.5,0.0,1.763,2.0,1.242,9450,14.51,12.157,49,,,10.156,,,,,,,,,,
2026-09-25T23:48:23.475,252.636,0,1166.0,24,,97.875,0.0,-6.5,0.0,1.782,2.0,1.242,9450,14.51,12.157,49,,,,13.945,,,,,,,,,
2026-09-25T23:48:23.604,252.766,0,1161.0,24,,97.875,0.0,-6.5,0.0,1.791,2.0,1.25,9450,14.51,12.157,49,,,,,97,,,,,,,,
2026-09-25T23:48:23.735,252.896,0,1154.0,24,,97.875,0.0,-7.0,0.0,1.795,2.0,1.25,9440,14.51,12.157,49,,,,,,18,,,,,,,
2026-09-25T23:48:23.864,253.026,0,1146.25,24,,97.875,0.0,-7.0,0.0,1.798,2.0,1.254,9440,14.51,12.157,47,,,,,,,16.078,,,,,,
2026-09-25T23:48:23.994,253.155,0,1141.0,24,,97.875,0.0,-7.0,0.0,1.799,2.0,1.254,9450,14.51,11.765,48,,,,,,,,526.7,,,,,
2026-09-25T23:48:24.124,253.285,0,1142.75,24,,97.875,0.0,-7.0,0.0,1.799,2.0,1.254,9450,14.51,11.765,48,,,,,,,,,0.1,,,,
2026-09-25T23:48:24.255,253.416,0,1152.5,24,,97.875,0.0,-6.5,0.0,1.8,2.0,1.258,9450,14.51,12.157,47,,,,,,,,,,,0.0,,
2026-09-25T23:48:24.384,253.545,0,1209.25,24,,97.875,0.0,-5.5,0.0,1.8,2.0,1.258,9450,14.51,12.549,47,,,,,,,,,,,,12.941,
2026-09-25T23:48:24.514,253.675,0,1286.75,24,,97.875,0.0,-4.5,0.0,1.8,2.0,1.254,9450,14.51,12.549,46,,,,,,,,,,,,,283
2026-09-25T23:48:24.645,253.806,0,1353.0,24,,97.875,0.0,-4.0,0.0,1.8,2.0,1.262,9450,14.51,12.549,46,97,,,,,,,,,,,,
2026-09-25T23:48:24.774,253.935,0,1407.0,23,,97.875,0.0,-2.5,0.0,1.8,2.0,1.262,9450,14.51,12.549,46,,34,,,,,,,,,,,
2026-09-25T23:48:24.904,254.066,0,1444.5,23,,97.875,0.0,-2.5,0.0,1.8,2.0,1.262,9450,14.51,12.549,46,,,7.812,,,,,,,,,,
2026-09-25T23:48:25.034,254.196,0,1447.25,23,,98.0,0.0,-2.5,0.0,1.8,2.0,1.262,9450,14.51,12.549,46,,,,13.925,,,,,,,,,
2026-09-25T23:48:25.164,254.325,0,1441.25,23,,97.969,0.0,-2.5,0.0,1.8,2.0,1.266,9450,14.51,12.549,45,,,,,97,,,,,,,,
2026-09-25T23:48:25.294,254.455,0,1426.5,23,,98.062,0.0,-2.5,0.0,1.8,2.0,1.266,9450,14.51,12.549,45,,,,,,18,,,,,,,
2026-09-25T23:48:25.434,254.596,0,1413.25,23,,98.094,0.0,-2.5,0.0,1.8,2.0,1.266,9450,14.51,12.549,45,,,,,,,16.078,,,,,,
2026-09-25T23:48:25.564,254.726,0,1405.75,23,,98.094,0.0,-3.0,0.0,1.8,2.0,1.27,9450,14.51,12.549,45,,,,,,,,528.8,,,,,
2026-09-25T23:48:25.694,254.856,0,1400.0,23,,98.188,0.0,-3.0,0.0,1.8,2.0,1.27,9450,14.51,12.549,44,,,,,,,,,0.095,,,,
2026-09-25T23:48:25.824,254.986,0,1390.75,23,,98.188,0.0,-3.0,0.0,1.8,2.0,1.27,9450,14.51,12.157,44,,,,,,,,,,,0.0,,
2026-09-25T23:48:25.955,255.116,0,1380.25,23,,98.188,0.0,-3.0,0.0,1.8,2.0,1.27,9450,14.51,12.157,44,,,,,,,,,,,,12.549,
2026-09-25T23:48:26.084,255.246,0,1373.25,23,,98.188,0.0,-4.0,0.0,1.8,2.0,1.27,9450,14.51,12.157,44,,,,,,,,,,,,,284
2026-09-25T23:48:26.214,255.375,0,1368.25,23,,98.188,0.0,-4.0,0.0,1.8,2.0,1.27,9450,14.51,12.157,43,97,,,,,,,,,,,,
2026-09-25T23:48:26.344,255.506,0,1362.75,23,,98.188,0.0,-4.0,0.0,1.8,2.0,1.27,9450,14.51,12.157,43,,34,,,,,,,,,,,
2026-09-25T23:48:26.474,255.635,0,1357.0,23,,98.188,0.0,-4.0,0.0,1.8,2.0,1.27,9450,14.51,12.157,43,,,8.594,,,,,,,,,,
2026-09-25T23:48:26.604,255.766,0,1346.75,23,,98.188,0.0,-4.0,0.0,1.8,2.0,1.27,9450,14.51,12.157,43,,,,13.964,,,,,,,,,
2026-09-25T23:48:26.734,255.895,0,1337.25,23,,98.188,0.0,-4.0,0.0,1.8,2.0,1.273,9450,14.51,12.157,42,,,,,97,,,,,,,,
2026-09-25T23:48:26.864,256.026,0,1329.0,23,,98.188,0.0,-4.0,0.0,1.8,2.0,1.273,9450,14.51,12.157,42,,,,,,18,,,,,,,
2026-09-25T23:48:26.994,256.156,0,1322.25,23,,98.188,0.0,-4.0,0.0,1.8,2.0,1.273,9450,14.51,12.157,42,,,,,,,16.078,,,,,,
2026-09-25T23:48:27.124,256.285,0,1313.75,23,,98.188,0.0,-4.0,0.0,1.8,2.0,1.27,9450,14.51,12.157,42,,,,,,,,530.6,,,,,
2026-09-25T23:48:27.255,256.416,0,1305.75,23,,98.188,0.0,-4.5,0.0,1.8,2.0,1.273,9450,14.51,12.157,41,,,,,,,,,0.095,,,,
2026-09-25T23:48:27.384,256.546,0,1295.75,23,,98.188,0.0,-4.5,0.0,1.8,2.0,1.273,9450,14.51,12.157,41,,,,,,,,,,,0.0,,
2026-09-25T23:48:27.515,256.676,0,1281.5,23,,98.188,0.0,-5.0,0.0,1.8,2.0,1.273,9450,14.51,12.157,41,,,,,,,,,,,,12.941,
2026-09-25T23:48:27.644,256.806,0,1270.0,23,,98.188,0.0,-5.0,0.0,1.8,2.0,1.273,9450,14.51,12.157,40,,,,,,,,,,,,,286
2026-09-25T23:48:27.774,256.936,0,1255.0,24,,98.188,0.0,-5.0,0.0,1.8,2.0,1.273,9450,14.51,12.157,40,97,,,,,,,,,,,,
2026-09-25T23:48:27.904,257.065,0,1242.75,24,,98.188,0.0,-5.5,0.0,1.8,2.0,1.277,9450,14.51,12.157,39,,34,,,,,,,,,,,
2026-09-25T23:48:28.034,257.195,0,1231.0,24,,98.188,0.0,-5.5,0.0,1.8,2.0,1.277,9450,14.51,12.157,39,,,9.375,,,,,,,,,,
2026-09-25T23:48:28.164,257.325,0,1215.0,24,,98.188,0.0,-6.0,0.0,1.8,2.0,1.273,9450,14.51,12.157,38,,,,13.945,,,,,,,,,
2026-09-25T23:48:28.295,257.456,0,1197.25,24,,98.156,0.0,-6.0,0.0,1.8,2.0,1.277,9450,14.51,12.157,38,,,,,97,,,,,,,,
2026-09-25T23:48:28.424,257.586,0,1182.25,24,,98.188,0.0,-6.5,0.0,1.8,2.0,1.277,9450,14.51,12.157,38,,,,,,18,,,,,,,
2026-09-25T23:48:28.554,257.715,0,1172.5,24,,98.188,0.0,-6.5,0.0,1.8,2.0,1.277,9450,14.51,12.157,37,,,,,,,16.078,,,,,,
2026-09-25T23:48:28.685,257.846,0,1152.5,24,,98.156,0.0,-7.0,0.0,1.8,2.0,1.277,9450,14.51,12.157,36,,,,,,,,532.5,,,,,
2026-09-25T23:48:28.814,257.975,0,1131.75,24,,98.062,0.0,-7.0,0.0,1.8,2.0,1.277,9450,14.51,11.765,36,,,,,,,,,0.095,,,,
2026-09-25T23:48:28.944,258.105,0,1113.75,24,,98.125,0.0,-7.5,0.0,1.8,2.0,1.277,9450,14.51,11.765,35,,,,,,,,,,,0.0,,
2026-09-25T23:48:29.074,258.235,0,1096.75,24,,98.062,0.0,-7.5,0.0,1.8,2.0,1.277,9450,14.51,11.765,34,,,,,,,,,,,,13.333,
2026-09-25T23:48:29.205,258.366,0,1073.75,24,,97.969,0.0,-8.5,0.0,1.8,2.0,1.277,9460,14.51,11.765,33,,,,,,,,,,,,,288
2026-09-25T23:48:29.334,258.496,0,1078.5,24,,97.906,0.0,-7.5,0.0,1.8,2.0,1.277,9450,14.51,12.157,32,97,,,,,,,,,,,,
2026-09-25T23:48:29.464,258.626,0,1213.25,23,,97.875,0.0,-5.5,0.0,1.8,2.0,1.273,9450,14.51,12.549,32,,34,,,,,,,,,,,
2026-09-25T23:48:29.594,258.755,0,1278.5,24,,97.875,0.0,-4.5,0.0,1.8,2.0,1.273,9450,14.51,12.549,31,,,8.594,,,,,,,,,,
2026-09-25T23:48:29.724,258.886,0,1325.5,23,,98.0,0.0,-4.0,0.0,1.8,2.0,1.273,9450,14.51,12.549,31,,,,13.925,,,,,,,,,
2026-09-25T23:48:29.854,259.016,0,1364.75,23,,97.969,0.0,-3.0,0.0,1.8,2.0,1.277,9450,14.51,12.549,30,,,,,97,,,,,,,,
2026-09-25T23:48:29.984,259.146,0,1390.75,24,,98.0,0.0,-3.0,0.0,1.8,2.0,1.277,9450,14.51,12.549,30,,,,,,18,,,,,,,
2026-09-25T23:48:30.113,259.275,0,1366.0,23,,98.094,0.0,-4.0,0.0,1.8,2.0,1.277,9450,14.51,12.549,30,,,,,,,16.078,,,,,,
2026-09-25T23:48:30.245,259.406,0,1360.5,23,,98.188,0.0,-4.0,0.0,1.8,2.0,1.281,9450,14.51,12.549,29,,,,,,,,534.3,,,,,
2026-09-25T23:48:30.374,259.535,0,1351.5,23,,98.188,0.0,-4.0,0.0,1.8,2.0,1.277,9450,14.51,12.549,29,,,,,,,,,0.09,,,,
2026-09-25T23:48:30.514,259.675,0,1331.75,23,,98.188,0.0,-4.0,0.0,1.8,2.0,1.277,9460,14.51,12.549,29,,,,,,,,,,,0.0,,
2026-09-25T23:48:30.644,259.806,0,1312.0,23,,98.188,0.0,-4.0,0.0,1.8,2.0,1.281,9450,14.51,12.157,28,,,,,,,,,,,,12.941,
2026-09-25T23:48:30.774,259.935,0,1295.25,23,,98.188,0.0,-4.5,0.0,1.8,2.0,1.281,9450,14.51,12.157,28,,,,,,,,,,,,,289
2026-09-25T23:48:30.904,260.066,0,1284.0,23,,98.188,0.0,-4.5,0.0,1.8,2.0,1.281,9450,14.902,12.157,28,96,,,,,,,,,,,,
2026-09-25T23:48:31.034,260.196,0,1270.75,23,,98.188,0.0,-5.0,0.0,1.8,2.0,1.281,9460,15.294,12.157,27,,34,,,,,,,,,,,
2026-09-25T23:48:31.164,260.326,0,1259.75,23,,98.188,0.0,-5.0,0.0,1.8,2.0,1.281,9450,15.294,12.157,27,,,9.375,,,,,,,,,,
2026-09-25T23:48:31.294,260.455,0,1242.25,23,,98.188,0.0,-5.5,0.0,1.8,2.0,1.281,9450,16.863,12.157,27,,,,13.945,,,,,,,,,
2026-09-25T23:48:31.424,260.586,0,1221.25,23,,98.156,0.0,-5.5,0.0,1.8,2.0,1.281,9450,20.392,12.157,26,,,,,97,,,,,,,,
2026-09-25T23:48:31.554,260.715,0,1209.0,23,,98.156,10.196,27.5,0.0,1.849,2.0,1.305,9920,21.176,12.549,26,,,,,,18,,,,,,,
2026-09-25T23:48:31.685,260.846,0,1237.5,23,,98.188,9.804,24.5,0.0,1.798,2.0,0.965,9700,21.569,12.941,26,,,,,,,16.078,,,,,,
2026-09-25T23:48:31.814,260.975,0,1205.0,23,,97.938,11.765,19.5,0.0,1.448,1.439,0.395,9210,21.961,13.725,26,,,,,,,,535.2,,,,,
2026-09-25T23:48:31.945,261.106,0,1213.0,28,,97.875,13.333,18.0,0.0,1.183,1.124,0.113,8660,23.137,14.51,25,,,,,,,,,0.1,,,,
2026-09-25T23:48:32.074,261.235,0,1313.5,28,,97.844,13.333,16.0,0.0,1.006,1.038,0.02,7960,23.922,14.902,25,,,,,,,,,,,0.0,,
2026-09-25T23:48:32.204,261.366,0,1377.75,33,,97.875,15.686,14.5,0.0,0.946,1.014,-0.008,7410,25.882,15.686,25,,,,,,,,,,,,25.098,
2026-09-25T23:48:32.334,261.495,0,1384.75,41,,97.562,17.647,14.0,0.0,0.919,0.97,-0.098,7360,27.059,16.078,25,,,,,,,,,,,,,291
2026-09-25T23:48:32.465,261.626,0,1407.25,44,,97.562,19.216,14.5,0.781,0.91,0.928,-0.191,8090,27.059,16.863,25,96,,,,,,,,,,,,
2026-09-25T23:48:32.595,261.756,0,1484.25,48,,97.531,19.608,15.0,0.781,0.906,0.906,-0.246,9140,27.451,17.255,25,,35,,,,,,,,,,,
2026-09-25T23:48:32.724,261.886,0,1554.5,53,,97.531,18.431,15.5,0.0,0.904,0.904,-0.25,10270,27.843,17.647,24,,,3.906,,,,,,,,,,
2026-09-25T23:48:32.854,262.015,0,1619.25,57,,97.531,18.039,15.5,0.781,0.901,0.918,-0.215,11430,27.843,17.255,24,,,,13.847,,,,,,,,,
2026-09-25T23:48:32.984,262.146,0,1664.0,57,,97.844,17.255,16.5,1.562,0.898,0.915,-0.227,12040,28.627,18.431,25,,,,,97,,,,,,,,
2026-09-25T23:48:33.114,262.275,0,1717.0,58,,97.906,18.039,17.0,2.344,0.893,0.907,-0.242,12700,29.804,19.608,25,,,,,,18,,,,,,,
2026-09-25T23:48:33.245,262.406,0,1779.75,66,,97.875,18.824,17.0,3.125,0.89,0.91,-0.234,13620,30.98,23.137,25,,,,,,,16.078,,,,,,
2026-09-25T23:48:33.374,262.535,0,1860.25,77,,97.625,21.176,15.5,3.125,0.889,0.92,-0.211,14530,30.98,23.529,25,,,,,,,,529.6,,,,,
2026-09-25T23:48:33.505,262.666,0,1873.25,82,,98.156,22.745,15.5,5.469,0.897,0.94,-0.164,15530,31.373,23.922,27,,,,,,,,,0.21,,,,
2026-09-25T23:48:33.634,262.795,0,1913.25,84,,99.719,23.529,15.5,6.25,0.9,0.938,-0.168,15480,31.373,23.922,26,,,,,,,,,,,0.0,,
2026-09-25T23:48:33.765,262.926,0,1940.25,85,,100.719,23.922,15.5,6.25,0.904,0.923,-0.203,15350,31.373,23.137,27,,,,,,,,,,,,52.157,
2026-09-25T23:48:33.895,263.056,0,1981.0,84,,101.719,23.529,15.5,6.25,0.906,0.926,-0.199,15080,31.765,23.922,27,,,,,,,,,,,,,292
2026-09-25T23:48:34.025,263.186,0,1988.5,86,,103.281,24.706,15.5,6.25,0.907,0.915,-0.223,15370,31.765,23.529,27,96,,,,,,,,,,,,
2026-09-25T23:48:34.154,263.315,0,2030.0,85,,104.219,24.314,15.5,6.25,0.911,0.915,-0.223,15240,31.765,23.529,28,,34,,,,,,,,,,,
2026-09-25T23:48:34.285,263.446,0,2045.5,86,,104.969,24.706,15.5,6.25,0.912,0.92,-0.211,15310,31.765,23.137,28,,,3.125,,,,,,,,,,
2026-09-25T23:48:34.414,263.575,0,2024.5,85,,106.625,24.314,-19.5,7.031,0.913,0.921,-0.207,15470,31.765,21.961,28,,,,13.847,,,,,,,,,
2026-09-25T23:48:34.545,263.706,0,1731.0,86,,108.312,23.137,-8.5,7.031,0.912,0.936,-0.172,15440,31.765,21.176,29,,,,,97,,,,,,,,
2026-09-25T23:48:34.674,263.835,0,1645.5,87,,109.031,24.706,-5.0,9.375,0.902,0.949,-0.141,15400,31.765,20.784,29,,,,,,18,,,,,,,
2026-09-25T23:48:34.805,263.966,0,1601.0,85,,109.5,25.49,0.0,10.156,0.898,0.921,-0.207,15410,31.765,20.784,30,,,,,,,16.078,,,,,,
2026-09-25T23:48:34.934,264.096,0,1557.25,86,,109.438,26.667,3.5,9.375,0.903,0.901,-0.258,15470,31.765,21.569,30,,,,,,,,520.3,,,,,
2026-09-25T23:48:35.065,264.226,0,1507.25,88,,109.031,30.196,6.0,8.594,0.912,0.927,-0.195,15830,31.765,20.784,30,,,,,,,,,0.855,,,,
2026-09-25T23:48:35.194,264.355,0,1474.75,88,,109.0,30.588,6.5,8.594,0.976,0.979,-0.078,15730,31.765,20.392,31,,,,,,,,,,,0.0,,
2026-09-25T23:48:35.325,264.486,0,1449.0,86,,108.75,32.941,8.0,8.594,0.993,0.988,-0.051,15710,31.765,20.392,31,,,,,,,,,,,,57.255,
2026-09-25T23:48:35.465,264.626,0,1435.0,86,,108.625,33.333,9.5,7.812,1.005,0.992,-0.039,15690,32.157,21.176,31,,,,,,,,,,,,,294
2026-09-25T23:48:35.605,264.766,0,1460.0,87,,108.125,34.118,8.0,7.812,1.008,0.992,-0.039,15810,32.157,21.569,32,96,,,,,,,,,,,,
2026-09-25T23:48:35.734,264.895,0,1474.25,89,,107.875,34.118,8.0,7.812,1.007,0.995,-0.031,16010,32.157,21.569,32,,32,,,,,,,,,,,
2026-09-25T23:48:35.865,265.027,0,1480.75,89,,108.0,33.333,8.5,7.031,1.005,0.991,-0.043,16000,32.157,21.569,32,,,3.125,,,,,,,,,,
2026-09-25T23:48:35.994,265.155,0,1497.0,89,,108.031,33.333,9.0,7.031,1.003,0.993,-0.039,15900,32.157,21.569,33,,,,13.945,,,,,,,,,
2026-09-25T23:48:36.125,265.286,0,1527.75,89,,108.156,31.373,10.0,7.031,1.002,0.994,-0.035,15860,32.157,21.961,34,,,,,97,,,,,,,,
2026-09-25T23:48:36.254,265.415,0,1543.0,90,,108.25,31.373,9.5,7.031,1.002,0.992,-0.043,15860,32.157,21.961,33,,,,,,18,,,,,,,
2026-09-25T23:48:36.385,265.546,0,1558.0,90,,108.281,30.588,9.0,6.25,1.002,0.986,-0.055,15790,32.157,21.569,34,,,,,,,16.078,,,,,,
2026-09-25T23:48:36.514,265.676,0,1570.0,90,,108.594,29.412,11.5,6.25,1.002,0.991,-0.043,15650,31.373,20.392,34,,,,,,,,518.0,,,,,
2026-09-25T23:48:36.645,265.806,0,1573.25,87,,108.844,27.059,14.0,6.25,1.002,0.993,-0.039,15430,29.804,18.431,34,,,,,,,,,0.86,,,,
2026-09-25T23:48:36.774,265.935,0,1589.25,85,,109.0,25.098,15.0,5.469,1.002,0.983,-0.062,14950,27.843,16.471,34,,,,,,,,,,,0.0,,
2026-09-25T23:48:36.905,266.066,0,1592.5,76,,109.094,20.0,15.5,4.688,1.002,0.973,-0.09,14310,27.843,16.863,35,,,,,,,,,,,,41.569,
2026-09-25T23:48:37.034,266.195,0,1603.0,62,,107.938,18.824,16.0,3.906,1.002,0.981,-0.066,13790,27.059,16.863,35,,,,,,,,,,,,,295
2026-09-25T23:48:37.165,266.326,0,1612.25,59,,107.188,18.431,16.0,4.688,1.001,0.983,-0.062,13380,26.667,16.863,35,96,,,,,,,,,,,,
2026-09-25T23:48:37.294,266.455,0,1622.75,57,,106.562,17.255,15.5,3.906,1.0,0.966,-0.105,12590,25.882,16.471,35,,31,,,,,,,,,,,
2026-09-25T23:48:37.425,266.586,0,1636.0,53,,105.25,16.078,15.5,2.344,1.0,0.96,-0.117,11890,25.49,16.078,35,,,3.906,,,,,,,,,,
2026-09-25T23:48:37.555,266.716,0,1643.0,49,,104.625,14.902,15.5,1.562,1.0,0.968,-0.102,11700,25.098,16.078,35,,,,13.945,,,,,,,,,
2026-09-25T23:48:37.685,266.846,0,1637.0,47,,104.0,14.51,15.5,0.781,1.0,0.959,-0.121,11010,24.706,15.686,35,,,,,97,,,,,,,,
2026-09-25T23:48:37.814,266.975,0,1642.75,46,,103.156,13.725,15.5,0.0,1.0,0.957,-0.125,10430,23.529,15.294,35,,,,,,18,,,,,,,
2026-09-25T23:48:37.945,267.106,0,1647.25,40,,102.75,12.549,15.5,0.0,0.996,0.976,-0.086,9900,23.137,14.902,36,,,,,,,16.078,,,,,,
2026-09-25T23:48:38.074,267.235,0,1629.25,38,,102.375,11.765,15.5,0.0,1.026,0.996,-0.027,9380,23.137,15.294,36,,,,,,,,518.3,,,,,
2026-09-25T23:48:38.205,267.366,0,1642.0,36,,102.031,11.373,15.5,0.0,1.057,1.044,0.027,8900,23.137,15.294,35,,,,,,,,,0.895,,,,
2026-09-25T23:48:38.334,267.495,0,1639.5,36,,101.375,11.373,15.5,0.0,1.072,1.053,0.039,8400,23.137,15.294,36,,,,,,,,,,,0.0,,
2026-09-25T23:48:38.465,267.626,0,1642.25,36,,101.062,11.373,15.5,-0.781,1.077,1.043,0.027,7860,23.529,15.294,36,,,,,,,,,,,,25.098,
2026-09-25T23:48:38.594,267.756,0,1644.5,36,,100.75,11.765,15.5,-1.562,1.079,1.045,0.027,7360,23.529,15.294,36,,,,,,,,,,,,,297
2026-09-25T23:48:38.725,267.886,0,1646.0,37,,100.312,11.373,15.5,-0.781,1.08,1.061,0.047,6870,23.529,15.294,36,97,,,,,,,,,,,,
2026-09-25T23:48:38.854,268.015,0,1644.0,37,,100.125,11.765,15.5,-0.781,1.08,1.075,0.062,6970,23.529,15.686,36,,31,,,,,,,,,,,
2026-09-25T23:48:38.985,268.146,0,1643.5,37,,99.781,11.765,15.5,-0.781,1.08,1.063,0.051,7160,23.529,15.294,36,,,4.688,,,,,,,,,,
2026-09-25T23:48:39.114,268.275,0,1644.75,38,,99.562,11.373,15.5,-1.562,1.08,1.062,0.051,7090,23.137,15.294,36,,,,13.886,,,,,,,,,
2026-09-25T23:48:39.245,268.406,0,1644.25,37,,99.469,11.765,15.5,-1.562,1.08,1.07,0.059,7150,23.137,15.294,36,,,,,97,,,,,,,,
2026-09-25T23:48:39.374,268.535,0,1645.75,38,,99.406,11.765,15.5,-1.562,1.08,1.074,0.062,7300,23.529,15.294,36,,,,,,18,,,,,,,
2026-09-25T23:48:39.505,268.666,0,1646.5,37,,99.188,11.373,15.5,-1.562,1.08,1.075,0.062,7120,23.529,15.686,36,,,,,,,16.078,,,,,,
2026-09-25T23:48:39.635,268.796,0,1641.5,38,,99.125,11.765,15.5,-0.781,1.08,1.08,0.066,7330,23.529,15.294,35,,,,,,,,518.8,,,,,
2026-09-25T23:48:39.765,268.926,0,1641.25,38,,98.938,11.765,15.5,-1.562,1.08,1.073,0.062,7350,23.529,15.294,35,,,,,,,,,0.875,,,,
2026-09-25T23:48:39.894,269.056,0,1645.5,38,,98.844,11.765,15.5,-1.562,1.08,1.077,0.066,7370,23.529,15.686,36,,,,,,,,,,,0.0,,
2026-09-25T23:48:40.025,269.186,0,1638.75,39,,98.812,12.157,15.5,-0.781,1.08,1.084,0.07,7520,23.529,15.686,36,,,,,,,,,,,,25.882,
2026-09-25T23:48:40.154,269.316,0,1640.75,39,,98.812,12.157,15.5,-1.562,1.08,1.076,0.062,7610,23.529,15.294,35,,,,,,,,,,,,,299
2026-09-25T23:48:40.285,269.446,0,1641.0,38,,98.656,12.157,15.5,-1.562,1.08,1.074,0.062,7590,23.529,15.294,36,97,,,,,,,,,,,,
2026-09-25T23:48:40.414,269.575,0,1636.0,38,,98.5,11.765,15.5,-1.562,1.08,1.079,0.066,7340,23.922,15.686,35,,31,,,,,,,,,,,
2026-09-25T23:48:40.545,269.706,0,1632.5,38,,98.5,12.157,15.5,-0.781,1.08,1.086,0.074,7540,23.922,15.686,36,,,4.688,,,,,,,,,,
2026-09-25T23:48:40.705,269.866,0,1643.5,38,,98.5,12.549,15.5,-1.562,1.08,1.074,0.062,7760,23.922,15.686,35,,,,13.828,,,,,,,,,
2026-09-25T23:48:40.834,269.995,0,1646.0,40,,98.5,12.549,15.5,-1.562,1.08,1.075,0.062,7860,23.529,15.686,35,,,,,97,,,,,,,,
2026-09-25T23:48:40.965,270.126,0,1639.25,38,,98.5,11.765,15.5,-1.562,1.08,1.082,0.07,7600,23.529,15.294,35,,,,,,18,,,,,,,
2026-09-25T23:48:41.094,270.255,0,1639.75,38,,98.469,12.157,15.5,-0.781,1.08,1.088,0.078,7420,23.529,15.294,35,,,,,,,16.078,,,,,,
2026-09-25T23:48:41.225,270.386,0,1630.0,38,,98.344,11.765,15.5,-0.781,1.08,1.082,0.07,7080,23.529,15.294,35,,,,,,,,519.0,,,,,
2026-09-25T23:48:41.354,270.516,0,1634.75,37,,98.281,11.765,15.5,-0.781,1.08,1.085,0.074,7280,23.529,15.294,35,,,,,,,,,0.855,,,,
2026-09-25T23:48:41.485,270.646,0,1636.75,37,,98.188,11.765,15.5,-0.781,1.08,1.076,0.062,7150,23.529,15.686,35,,,,,,,,,,,0.0,,
2026-09-25T23:48:41.614,270.775,0,1636.0,37,,98.188,12.157,15.5,-1.562,1.08,1.077,0.066,7410,23.529,15.294,35,,,,,,,,,,,,25.49,
2026-09-25T23:48:41.745,270.906,0,1636.75,37,,98.188,11.765,15.5,-1.562,1.08,1.077,0.066,7390,23.529,15.294,35,,,,,,,,,,,,,300
2026-09-25T23:48:41.875,271.036,0,1635.0,37,,98.188,11.765,15.5,-1.562,1.08,1.08,0.066,7260,23.137,15.294,35,97,,,,,,,,,,,,
2026-09-25T23:48:42.005,271.166,0,1630.75,37,,98.188,11.373,15.5,-1.562,1.08,1.08,0.07,7030,23.137,15.294,35,,32,,,,,,,,,,,
2026-09-25T23:48:42.134,271.295,0,1632.25,36,,98.188,11.373,15.5,-0.781,1.08,1.084,0.07,6730,22.745,14.902,35,,,4.688,,,,,,,,,,
2026-09-25T23:48:42.265,271.426,0,1633.25,35,,98.188,10.588,14.5,-0.781,1.085,1.082,0.07,6280,22.353,14.118,35,,,,13.867,,,,,,,,,
2026-09-25T23:48:42.394,271.556,0,1622.75,32,,98.188,10.196,17.0,-0.781,1.004,0.981,-0.066,5750,22.353,14.51,35,,,,,97,,,,,,,,
2026-09-25T23:48:42.525,271.686,0,1627.25,31,,98.188,9.804,17.0,-0.781,0.957,0.96,-0.117,5560,22.745,14.902,35,,,,,,18,,,,,,,
2026-09-25T23:48:42.654,271.815,0,1623.5,31,,98.188,9.804,16.5,0.0,0.933,0.948,-0.145,5710,23.137,14.902,35,,,,,,,16.078,,,,,,
2026-09-25T23:48:42.785,271.946,0,1623.5,34,,98.188,10.588,15.5,0.0,0.926,0.926,-0.199,6400,23.137,14.902,35,,,,,,,,518.3,,,,,
2026-09-25T23:48:42.914,272.075,0,1628.0,34,,98.125,10.98,16.0,-1.562,0.922,0.902,-0.254,6660,23.137,14.902,35,,,,,,,,,0.835,,,,
2026-09-25T23:48:43.045,272.206,0,1629.5,35,,98.094,10.98,16.0,-2.344,0.921,0.895,-0.277,6760,23.137,14.902,35,,,,,,,,,,,0.0,,
2026-09-25T23:48:43.174,272.335,0,1625.25,35,,98.156,10.98,15.5,-3.125,0.92,0.897,-0.27,6890,23.137,15.294,35,,,,,,,,,,,,23.922,
2026-09-25T23:48:43.305,272.466,0,1631.0,36,,98.0,11.373,15.5,-2.344,0.915,0.907,-0.242,6890,23.137,15.294,35,,,,,,,,,,,,,302
2026-09-25T23:48:43.434,272.596,0,1632.75,36,,98.031,11.373,15.5,-2.344,0.957,0.967,-0.102,6960,23.137,15.294,35,98,,,,,,,,,,,,
2026-09-25T23:48:43.565,272.726,0,1636.5,35,,97.969,10.98,15.5,-1.562,0.982,0.985,-0.055,6890,23.137,15.294,35,,32,,,,,,,,,,,
2026-09-25T23:48:43.695,272.856,0,1633.5,35,,97.969,10.98,15.5,-2.344,0.994,0.98,-0.07,7100,23.137,15.294,35,,,4.688,,,,,,,,,,
2026-09-25T23:48:43.825,272.986,0,1632.75,35,,97.969,11.373,15.5,-3.125,0.997,0.98,-0.07,6890,23.137,14.902,35,,,,13.867,,,,,,,,,
2026-09-25T23:48:43.955,273.116,0,1625.75,35,,97.906,10.98,15.5,-2.344,0.999,0.999,-0.023,6700,23.529,14.902,35,,,,,97,,,,,,,,
2026-09-25T23:48:44.085,273.246,0,1631.75,36,,97.875,11.373,15.5,-2.344,0.999,0.992,-0.039,6930,23.529,15.294,35,,,,,,18,,,,,,,
2026-09-25T23:48:44.214,273.375,0,1631.75,36,,97.906,11.373,15.5,-3.125,1.0,0.98,-0.07,7320,23.529,15.294,35,,,,,,,16.078,,,,,,
2026-09-25T23:48:44.345,273.506,0,1634.25,37,,97.938,11.765,15.5,-3.125,1.0,0.996,-0.027,7400,23.922,15.686,35,,,,,,,,518.8,,,,,
2026-09-25T23:48:44.474,273.635,0,1640.5,38,,97.875,12.157,15.5,-2.344,1.0,1.017,-0.004,7560,23.922,15.686,35,,,,,,,,,0.815,,,,
2026-09-25T23:48:44.605,273.766,0,1645.0,39,,97.875,12.157,15.5,-2.344,1.0,0.996,-0.031,7660,23.922,15.686,35,,,,,,,,,,,0.0,,
2026-09-25T23:48:44.734,273.895,0,1648.25,40,,97.875,12.157,15.5,-3.125,1.0,0.99,-0.047,7720,23.137,15.294,35,,,,,,,,,,,,25.882,
2026-09-25T23:48:44.865,274.026,0,1643.25,39,,98.156,12.157,15.5,-3.125,1.0,0.992,-0.039,7680,22.353,14.51,35,,,,,,,,,,,,,303
2026-09-25T23:48:44.995,274.156,0,1625.5,36,,98.188,11.373,12.0,-3.125,1.0,1.0,-0.02,6980,20.784,12.941,35,98,,,,,,,,,,,,
2026-09-25T23:48:45.125,274.286,0,1624.5,29,,98.188,8.627,18.5,-3.125,1.0,0.992,-0.039,6360,14.51,12.941,35,,32,,,,,,,,,,,
2026-09-25T23:48:45.255,274.416,0,1610.25,23,,98.188,0.0,19.0,-3.906,0.999,0.977,-0.078,5870,14.51,12.941,35,,,7.812,,,,,,,,,,
2026-09-25T23:48:45.385,274.546,0,1603.5,23,,98.188,0.0,16.5,-3.906,1.0,0.986,-0.055,5340,14.51,12.941,35,,,,13.925,,,,,,,,,
2026-09-25T23:48:45.515,274.676,0,1613.25,22,,98.188,0.0,11.0,-3.906,1.0,0.989,-0.047,4820,14.51,12.941,35,,,,,97,,,,,,,,
2026-09-25T23:48:45.645,274.806,0,1610.75,21,,98.188,0.0,6.5,-3.906,1.001,0.982,-0.066,4310,15.294,12.941,35,,,,,,18,,,,,,,
2026-09-25T23:48:45.795,274.956,0,1593.75,21,,98.156,0.0,2.0,0.0,1.001,0.989,-0.047,4010,16.863,12.941,35,,,,,,,16.078,,,,,,
2026-09-25T23:48:45.925,275.086,0,1594.25,21,,98.0,0.0,-1.0,0.0,1.001,1.018,-0.004,5090,18.431,12.941,34,,,,,,,,520.3,,,,,
2026-09-25T23:48:46.054,275.216,0,1577.0,22,,97.875,0.0,4.0,0.0,0.993,1.095,0.086,6470,20.392,12.941,34,,,,,,,,,0.815,,,,
2026-09-25T23:48:46.186,275.347,0,1591.25,22,,97.875,6.275,14.5,0.0,1.009,1.163,0.156,6370,21.176,12.941,34,,,,,,,,,,,0.0,,
2026-09-25T23:48:46.314,275.475,0,1566.75,22,,97.875,7.059,27.5,0.0,0.971,0.951,-0.137,5760,22.745,15.294,34,,,,,,,,,,,,19.608,
2026-09-25T23:48:46.445,275.606,0,1567.75,28,,97.656,9.804,17.0,0.0,0.927,0.92,-0.211,5410,22.745,14.51,34,,,,,,,,,,,,,305
2026-09-25T23:48:46.574,275.735,0,1584.0,31,,97.875,10.196,17.0,0.0,0.955,0.946,-0.148,5650,22.745,14.902,34,98,,,,,,,,,,,,
2026-09-25T23:48:46.707,275.868,0,1555.75,32,,97.844,11.373,16.0,0.0,0.979,0.973,-0.09,5660,22.745,14.902,34,,32,,,,,,,,,,,
2026-09-25T23:48:46.835,275.996,0,1549.75,33,,97.875,11.373,16.0,0.0,0.992,0.969,-0.102,6210,22.745,14.902,34,,,5.469,,,,,,,,,,
2026-09-25T23:48:46.965,276.126,0,1552.0,33,,97.875,11.373,16.0,-1.562,0.996,0.968,-0.102,6310,23.137,14.902,33,,,,13.984,,,,,,,,,
2026-09-25T23:48:47.094,276.255,0,1552.0,34,,97.875,12.157,15.5,-1.562,0.998,0.972,-0.094,6620,23.137,14.902,34,,,,,97,,,,,,,,
2026-09-25T23:48:47.225,276.386,0,1550.25,35,,97.875,12.157,15.5,-2.344,0.998,0.969,-0.098,6550,23.137,14.902,34,,,,,,18,,,,,,,
2026-09-25T23:48:47.354,276.516,0,1548.75,35,,97.844,12.157,15.5,-2.344,0.999,0.979,-0.074,6750,23.137,14.902,33,,,,,,,16.078,,,,,,
2026-09-25T23:48:47.485,276.646,0,1543.25,35,,97.844,12.157,15.5,-1.562,0.999,0.984,-0.062,6980,23.137,14.902,33,,,,,,,,520.5,,,,,
2026-09-25T23:48:47.614,276.775,0,1541.25,36,,97.844,12.549,15.0,-2.344,0.999,0.983,-0.062,6660,22.745,14.902,33,,,,,,,,,0.79,,,,
2026-09-25T23:48:47.745,276.906,0,1538.75,35,,97.875,12.157,15.5,-2.344,0.999,0.981,-0.066,6860,22.745,14.902,33,,,,,,,,,,,0.0,,
2026-09-25T23:48:47.874,277.035,0,1529.0,34,,97.875,11.765,15.5,-3.125,0.999,0.983,-0.062,6450,22.745,14.51,33,,,,,,,,,,,,23.137,
2026-09-25T23:48:48.005,277.166,0,1529.5,34,,97.875,11.765,15.5,-2.344,0.999,0.993,-0.039,5830,22.745,14.51,33,,,,,,,,,,,,,306
2026-09-25T23:48:48.133,277.295,0,1526.25,33,,97.875,11.765,15.5,-2.344,0.999,1.005,-0.016,5990,22.745,14.51,33,98,,,,,,,,,,,,
2026-09-25T23:48:48.265,277.426,0,1519.0,34,,97.875,12.157,15.5,-2.344,0.999,0.992,-0.039,5980,22.745,14.51,33,,33,,,,,,,,,,,
2026-09-25T23:48:48.395,277.556,0,1519.5,33,,97.875,11.765,15.5,-2.344,0.999,0.989,-0.047,6060,22.745,14.51,33,,,5.469,,,,,,,,,,
2026-09-25T23:48:48.525,277.686,0,1518.25,34,,97.875,12.157,15.5,-3.125,0.999,0.99,-0.047,6360,22.745,14.51,33,,,,13.906,,,,,,,,,
2026-09-25T23:48:48.654,277.815,0,1509.0,34,,97.875,12.157,15.5,-3.125,0.999,0.986,-0.055,6390,22.745,14.51,33,,,,,97,,,,,,,,
2026-09-25T23:48:48.785,277.947,0,1502.25,34,,97.875,12.157,15.5,-3.125,0.999,0.992,-0.039,6300,22.353,14.118,32,,,,,,18,,,,,,,
2026-09-25T23:48:48.915,278.076,0,1498.75,34,,97.875,12.157,15.5,-3.125,0.999,0.996,-0.031,6030,22.353,14.118,33,,,,,,,16.078,,,,,,
2026-09-25T23:48:49.045,278.206,0,1494.0,33,,97.875,12.157,13.5,-3.125,0.999,0.999,-0.02,5810,21.961,13.725,32,,,,,,,,520.8,,,,,
2026-09-25T23:48:49.174,278.336,0,1488.5,33,,97.875,11.765,14.0,-2.344,0.999,1.003,-0.016,5550,21.961,13.333,32,,,,,,,,,0.78,,,,
2026-09-25T23:48:49.305,278.466,0,1484.75,32,,97.875,10.98,16.0,-2.344,0.999,1.0,-0.02,5350,21.569,13.725,32,,,,,,,,,,,0.0,,
2026-09-25T23:48:49.435,278.596,0,1477.0,30,,97.875,10.98,17.0,-2.344,0.999,0.999,-0.023,5250,21.961,13.725,32,,,,,,,,,,,,20.0,
2026-09-25T23:48:49.563,278.725,0,1478.25,30,,97.875,10.98,17.0,-2.344,0.999,0.996,-0.027,5280,21.961,13.725,32,,,,,,,,,,,,,308
2026-09-25T23:48:49.695,278.856,0,1473.75,30,,97.875,10.98,17.5,-3.125,0.999,0.995,-0.035,5260,21.961,13.725,32,98,,,,,,,,,,,,
2026-09-25T23:48:49.825,278.986,0,1464.75,30,,97.875,11.373,17.0,-3.125,0.999,0.997,-0.027,5200,21.961,13.725,32,,33,,,,,,,,,,,
2026-09-25T23:48:49.954,279.115,0,1456.75,31,,97.875,11.765,16.0,-2.344,0.999,0.998,-0.023,5200,21.961,13.333,31,,,7.031,,,,,,,,,,
2026-09-25T23:48:50.085,279.246,0,1444.5,30,,97.875,11.765,17.0,-3.125,0.999,0.985,-0.055,5240,21.961,13.333,31,,,,13.867,,,,,,,,,
2026-09-25T23:48:50.213,279.375,0,1440.5,30,,97.875,11.373,17.0,-3.906,0.999,0.981,-0.066,5250,21.569,13.333,31,,,,,97,,,,,,,,
2026-09-25T23:48:50.343,279.505,0,1430.5,30,,97.875,11.765,17.5,-3.906,0.999,0.988,-0.051,5160,21.569,13.333,31,,,,,,18,,,,,,,
2026-09-25T23:48:50.474,279.636,0,1425.25,29,,97.844,11.373,17.5,-3.906,0.999,0.982,-0.066,5100,21.569,13.333,31,,,,,,,16.078,,,,,,
2026-09-25T23:48:50.603,279.764,0,1415.75,29,,97.875,11.765,17.5,-4.688,0.999,0.977,-0.082,5090,21.961,13.333,31,,,,,,,,521.4,,,,,
2026-09-25T23:48:50.733,279.895,0,1411.0,29,,97.781,11.765,17.0,-4.688,0.999,0.972,-0.094,5090,21.961,13.333,30,,,,,,,,,0.78,,,,
2026-09-25T23:48:50.874,280.036,0,1402.75,29,,97.844,11.765,17.5,-5.469,0.999,0.964,-0.109,4960,21.961,13.333,30,,,,,,,,,,,0.0,,
2026-09-25T23:48:51.003,280.165,0,1395.25,29,,97.781,12.549,17.0,-6.25,0.999,0.953,-0.133,4980,22.353,13.725,30,,,,,,,,,,,,20.392,
2026-09-25T23:48:51.134,280.295,0,1394.5,31,,97.812,12.941,15.5,-7.031,1.0,0.954,-0.133,5050,22.353,13.333,30,,,,,,,,,,,,,310
2026-09-25T23:48:51.265,280.426,0,1381.5,31,,97.844,12.941,16.5,-7.812,1.0,0.955,-0.129,5100,22.353,13.333,30,98,,,,,,,,,,,,
2026-09-25T23:48:51.395,280.556,0,1372.25,31,,97.719,12.941,17.0,-8.594,1.0,0.947,-0.148,5060,22.745,13.725,30,,33,,,,,,,,,,,
2026-09-25T23:48:51.524,280.685,0,1367.75,32,,97.562,13.725,16.0,-9.375,1.0,0.942,-0.16,5060,23.529,14.51,30,,,7.031,,,,,,,,,,
2026-09-25T23:48:51.654,280.815,0,1360.25,34,,97.562,14.902,14.5,-10.156,1.0,0.948,-0.145,5540,23.529,14.118,29,,,,13.867,,,,,,,,,
2026-09-25T23:48:51.785,280.946,0,1356.0,37,,97.656,16.078,14.0,-10.938,1.0,0.945,-0.152,6370,24.314,14.51,29,,,,,97,,,,,,,,
2026-09-25T23:48:51.914,281.076,0,1355.25,38,,97.531,17.647,14.0,-12.5,1.0,0.933,-0.184,7360,23.922,14.118,29,,,,,,18,,,,,,,
2026-09-25T23:48:52.043,281.204,0,1355.25,39,,97.562,17.647,14.0,-13.281,1.0,0.944,-0.152,8040,24.314,14.118,29,,,,,,,16.078,,,,,,
2026-09-25T23:48:52.174,281.336,0,1346.75,39,,97.625,17.647,14.0,-13.281,1.0,0.961,-0.117,8060,24.314,14.51,29,,,,,,,,521.6,,,,,
2026-09-25T23:48:52.303,281.465,0,1343.5,40,,97.562,18.039,14.0,-12.5,1.0,0.979,-0.074,7990,24.314,14.51,29,,,,,,,,,0.77,,,,
2026-09-25T23:48:52.438,281.599,0,1342.75,41,,97.594,18.431,14.0,-12.5,1.0,0.987,-0.051,7960,25.098,14.902,29,,,,,,,,,,,0.0,,
2026-09-25T23:48:52.565,281.726,0,1345.0,42,,97.562,18.824,14.0,-11.719,1.0,0.996,-0.027,8170,25.098,14.902,29,,,,,,,,,,,,30.196,
2026-09-25T23:48:52.693,281.854,0,1343.75,44,,97.562,19.216,14.0,-11.719,1.0,0.996,-0.031,8610,25.49,14.902,29,,,,,,,,,,,,,311
2026-09-25T23:48:52.825,281.986,0,1332.5,45,,97.625,19.608,14.0,-11.719,1.0,0.997,-0.027,8870,25.098,14.902,29,98,,,,,,,,,,,,
2026-09-25T23:48:52.954,282.116,0,1325.25,45,,97.625,20.0,14.0,-11.719,1.0,1.002,-0.02,8900,24.706,14.51,29,,33,,,,,,,,,,,
2026-09-25T23:48:53.085,282.246,0,1325.0,44,,97.844,19.608,14.0,-11.719,1.0,1.003,-0.016,8760,24.314,14.51,29,,,5.469,,,,,,,,,,
2026-09-25T23:48:53.213,282.374,0,1325.25,43,,97.875,18.824,14.0,-10.938,1.0,1.017,-0.004,8470,24.314,14.51,28,,,,13.925,,,,,,,,,
2026-09-25T23:48:53.343,282.505,0,1318.0,41,,97.812,18.431,14.0,-10.156,1.0,1.023,0.004,7970,23.922,14.118,28,,,,,97,,,,,,,,
2026-09-25T23:48:53.475,282.636,0,1318.5,41,,97.844,18.824,14.0,-10.156,1.0,1.026,0.008,7660,23.529,13.725,28,,,,,,18,,,,,,,
2026-09-25T23:48:53.603,282.764,0,1311.0,39,,97.875,16.863,14.0,-9.375,1.0,1.024,0.004,7220,23.529,14.118,28,,,,,,,16.078,,,,,,
2026-09-25T23:48:53.733,282.895,0,1299.0,38,,97.875,17.647,14.0,-9.375,1.0,1.013,-0.008,6760,23.529,14.118,28,,,,,,,,521.3,,,,,
2026-09-25T23:48:53.865,283.026,0,1297.5,38,,97.875,17.255,14.0,-10.156,1.0,1.011,-0.008,6390,23.529,13.725,28,,,,,,,,,0.76,,,,
2026-09-25T23:48:53.994,283.155,0,1296.25,37,,97.812,16.863,14.0,-9.375,1.0,1.023,0.004,6180,23.922,14.51,28,,,,,,,,,,,0.0,,
2026-09-25T23:48:54.123,283.284,0,1291.75,39,,97.719,18.431,14.0,-8.594,1.0,1.03,0.012,6370,24.706,14.51,28,,,,,,,,,,,,29.02,
2026-09-25T23:48:54.253,283.415,0,1296.0,40,,97.625,19.216,14.0,-7.812,1.0,1.044,0.027,6960,25.098,14.902,28,,,,,,,,,,,,,313
2026-09-25T23:48:54.385,283.546,0,1300.25,42,,97.688,19.608,14.0,-7.031,1.0,1.034,0.016,7830,26.275,15.294,28,98,,,,,,,,,,,,
2026-09-25T23:48:54.514,283.675,0,1307.75,43,,97.562,22.745,14.0,-7.031,1.0,1.008,-0.012,8610,27.059,15.294,28,,33,,,,,,,,,,,
2026-09-25T23:48:54.643,283.804,0,1304.25,49,,97.719,23.137,14.0,-7.812,1.0,1.007,-0.012,9630,27.059,15.294,28,,,5.469,,,,,,,,,,
2026-09-25T23:48:54.773,283.934,0,1290.0,51,,97.594,23.529,14.0,-7.812,1.0,1.007,-0.012,10570,26.667,15.294,28,,,,13.964,,,,,,,,,
2026-09-25T23:48:54.907,284.068,0,1286.25,51,,97.844,23.529,14.0,-7.031,1.0,1.02,0.0,11050,26.275,14.902,28,,,,,97,,,,,,,,
2026-09-25T23:48:55.034,284.196,0,1287.25,50,,97.875,23.137,14.0,-6.25,1.0,1.033,0.016,10960,25.098,14.51,28,,,,,,18,,,,,,,
2026-09-25T23:48:55.164,284.325,0,1284.0,48,,97.875,21.569,14.0,-5.469,1.0,1.047,0.031,10550,25.098,14.51,28,,,,,,,16.078,,,,,,
2026-09-25T23:48:55.293,284.455,0,1292.25,45,,97.875,20.784,14.0,-4.688,1.0,1.04,0.023,9900,25.098,14.51,28,,,,,,,,520.6,,,,,
2026-09-25T23:48:55.423,284.585,0,1296.25,44,,97.875,20.392,14.0,-4.688,1.0,1.041,0.023,9210,25.098,14.51,28,,,,,,,,,0.76,,,,
2026-09-25T23:48:55.554,284.715,0,1293.0,44,,97.875,20.392,14.0,-3.906,1.0,1.051,0.035,8710,25.098,14.51,28,,,,,,,,,,,0.0,,
2026-09-25T23:48:55.685,284.847,0,1286.25,44,,97.875,20.392,14.0,-2.344,1.0,1.053,0.039,8430,25.098,14.51,28,,,,,,,,,,,,30.196,
2026-09-25T23:48:55.814,284.976,0,1286.5,44,,97.875,20.0,14.0,-2.344,1.0,1.036,0.02,8290,25.49,14.902,28,,,,,,,,,,,,,314
2026-09-25T23:48:55.955,285.116,0,1283.0,44,,97.875,20.784,14.0,-2.344,1.0,1.03,0.012,8500,25.882,14.902,28,98,,,,,,,,,,,,
2026-09-25T23:48:56.083,285.244,0,1287.5,45,,97.875,21.176,14.0,-2.344,1.0,1.026,0.008,9060,26.275,14.902,28,,33,,,,,,,,,,,
2026-09-25T23:48:56.213,285.374,0,1291.5,46,,97.875,22.353,14.0,-2.344,1.0,1.018,-0.004,9760,27.451,15.686,27,,,5.469,,,,,,,,,,
2026-09-25T23:48:56.343,285.504,0,1287.0,50,,97.875,23.529,13.5,-2.344,1.0,1.013,-0.008,10460,27.451,15.294,28,,,,13.867,,,,,,,,,
2026-09-25T23:48:56.473,285.635,0,1279.75,51,,97.875,23.922,13.5,-2.344,1.0,1.006,-0.016,11320,27.843,15.686,28,,,,,97,,,,,,,,
2026-09-25T23:48:56.603,285.765,0,1276.5,52,,97.875,25.49,13.0,-2.344,1.0,1.008,-0.012,11880,28.235,15.686,28,,,,,,18,,,,,,,
2026-09-25T23:48:56.733,285.895,0,1282.25,55,,97.875,25.882,13.0,-1.562,1.0,1.015,-0.004,12340,28.235,16.078,28,,,,,,,16.078,,,,,,
2026-09-25T23:48:56.864,286.025,0,1287.5,56,,97.875,25.49,13.0,-1.562,1.0,1.013,-0.008,12360,28.235,15.686,28,,,,,,,,519.3,,,,,
2026-09-25T23:48:56.993,286.155,0,1294.0,57,,97.969,26.275,12.5,-1.562,1.0,1.002,-0.02,12250,28.235,16.078,28,,,,,,,,,0.755,,,,
2026-09-25T23:48:57.123,286.284,0,1295.0,59,,98.156,25.882,12.5,-2.344,1.0,0.996,-0.027,12090,28.235,16.078,28,,,,,,,,,,,0.0,,
2026-09-25T23:48:57.254,286.415,0,1300.25,59,,98.188,25.882,12.5,-2.344,1.0,0.995,-0.031,12060,27.843,16.078,28,,,,,,,,,,,,39.216,
2026-09-25T23:48:57.385,286.547,0,1304.75,59,,98.188,25.882,12.5,-2.344,1.0,0.99,-0.043,12100,27.059,15.294,28,,,,,,,,,,,,,316
2026-09-25T23:48:57.513,286.675,0,1303.5,58,,98.5,23.529,13.0,-3.125,1.0,0.981,-0.066,11790,26.275,14.902,28,98,,,,,,,,,,,,
2026-09-25T23:48:57.643,286.804,0,1297.5,51,,98.5,23.137,14.0,-3.125,1.0,0.98,-0.07,11320,26.275,14.902,28,,33,,,,,,,,,,,
2026-09-25T23:48:57.774,286.936,0,1301.25,49,,98.5,22.745,14.0,-3.906,1.0,0.978,-0.078,10740,26.275,14.902,28,,,5.469,,,,,,,,,,
2026-09-25T23:48:57.903,287.065,0,1301.25,48,,98.5,21.961,14.0,-4.688,1.0,0.965,-0.109,10310,25.882,14.902,28,,,,13.847,,,,,,,,,
2026-09-25T23:48:58.033,287.195,0,1310.0,47,,98.5,21.961,14.0,-5.469,1.0,0.958,-0.125,9800,24.314,14.118,28,,,,,97,,,,,,,,
2026-09-25T23:48:58.165,287.326,0,1317.5,45,,98.5,20.0,14.0,-6.25,1.0,0.955,-0.129,9310,24.314,14.118,28,,,,,,18,,,,,,,
2026-09-25T23:48:58.293,287.455,0,1317.75,42,,98.5,19.216,14.0,-7.812,1.0,0.948,-0.145,8860,24.314,14.118,28,,,,,,,16.078,,,,,,
2026-09-25T23:48:58.423,287.585,0,1311.5,39,,98.5,18.431,14.0,-7.812,1.0,0.964,-0.109,8480,24.314,14.118,28,,,,,,,,518.2,,,,,
2026-09-25T23:48:58.554,287.716,0,1308.75,40,,98.5,18.824,14.0,-7.812,1.0,0.966,-0.105,8060,23.922,14.118,28,,,,,,,,,0.745,,,,
2026-09-25T23:48:58.683,287.844,0,1310.25,40,,98.438,18.431,14.0,-7.812,1.0,0.971,-0.094,7610,19.216,12.157,28,,,,,,,,,,,0.0,,
2026-09-25T23:48:58.813,287.975,0,1295.0,38,,98.469,13.333,18.5,-8.594,1.0,0.955,-0.129,7230,14.51,12.157,28,,,,,,,,,,,,15.294,
2026-09-25T23:48:58.943,288.104,0,1278.75,25,,98.375,0.0,24.0,-10.156,1.0,0.943,-0.156,6890,14.51,12.157,28,,,,,,,,,,,,,317
2026-09-25T23:48:59.073,288.235,0,1260.75,23,,98.188,0.0,20.5,-7.812,1.0,1.055,0.039,6550,14.51,12.157,28,99,,,,,,,,,,,,
2026-09-25T23:48:59.203,288.364,0,1280.75,22,,98.188,0.0,15.5,-3.906,1.0,1.098,0.086,6130,14.51,12.157,27,,33,,,,,,,,,,,
2026-09-25T23:48:59.333,288.494,0,1263.5,22,,98.188,0.0,10.5,-3.125,1.001,1.07,0.059,5750,14.51,12.157,27,,,9.375,,,,,,,,,,
2026-09-25T23:48:59.463,288.625,0,1251.25,21,,98.188,0.0,6.5,-4.688,1.001,1.021,0.0,5290,14.51,12.157,27,,,,13.886,,,,,,,,,
2026-09-25T23:48:59.595,288.756,0,1246.75,21,,98.188,0.0,2.0,-6.25,1.002,0.989,-0.047,4920,14.51,12.157,27,,,,,97,,,,,,,,
2026-09-25T23:48:59.723,288.884,0,1239.25,21,,97.938,0.0,-2.5,0.0,1.002,0.979,-0.074,4550,14.51,12.157,27,,,,,,18,,,,,,,
2026-09-25T23:48:59.854,289.015,0,1220.5,21,,97.875,0.0,-5.5,0.0,1.002,0.979,-0.074,5040,14.51,12.157,26,,,,,,,16.078,,,,,,
2026-09-25T23:48:59.983,289.145,0,1207.75,21,,97.875,0.0,-6.0,0.0,1.002,1.025,0.004,6150,14.51,12.157,26,,,,,,,,519.3,,,,,
2026-09-25T23:49:00.113,289.275,0,1189.0,21,,97.875,0.0,-6.5,0.0,1.003,1.12,0.109,7310,14.51,12.157,26,,,,,,,,,0.76,,,,
2026-09-25T23:49:00.243,289.404,0,1170.75,23,,97.875,0.0,-6.5,0.0,0.997,1.42,0.383,8560,14.51,12.157,25,,,,,,,,,,,0.0,,
2026-09-25T23:49:00.373,289.534,0,1149.75,24,,97.875,0.0,-7.0,0.0,1.005,1.909,0.641,9790,14.51,12.157,25,,,,,,,,,,,,13.333,
2026-09-25T23:49:00.503,289.664,0,1138.5,24,,97.875,0.0,-7.0,0.0,1.038,2.0,0.82,9840,14.51,12.157,25,,,,,,,,,,,,,319
2026-09-25T23:49:00.634,289.795,0,1127.0,24,,97.875,0.0,-7.0,0.0,1.098,2.0,0.941,9830,14.51,12.157,24,99,,,,,,,,,,,,
2026-09-25T23:49:00.763,289.925,0,1115.25,24,,97.875,0.0,-7.5,0.0,1.15,2.0,1.02,9830,14.51,12.157,24,,33,,,,,,,,,,,
2026-09-25T23:49:00.893,290.054,0,1102.75,24,,97.875,0.0,-7.5,0.0,1.198,2.0,1.094,9830,14.51,11.765,23,,,10.156,,,,,,,,,,
2026-09-25T23:49:01.033,290.195,0,1079.75,24,,97.875,0.0,-8.5,0.0,1.251,2.0,1.129,9830,14.51,11.765,23,,,,13.906,,,,,,,,,
2026-09-25T23:49:01.164,290.325,0,1060.75,24,,97.875,0.0,-8.5,0.0,1.263,2.0,1.168,9830,14.51,11.765,23,,,,,97,,,,,,,,
2026-09-25T23:49:01.293,290.454,0,1034.75,24,,97.875,12.157,-8.5,0.0,1.456,2.0,1.188,9870,14.51,11.765,22,,,,,,18,,,,,,,
2026-09-25T23:49:01.424,290.585,0,1035.75,24,,97.875,12.549,-7.0,0.0,1.447,2.0,1.113,9810,14.51,11.765,22,,,,,,,16.078,,,,,,
2026-09-25T23:49:01.553,290.715,0,1006.75,23,,97.875,12.941,-5.5,0.0,1.312,2.0,0.98,9510,14.51,11.765,21,,,,,,,,521.3,,,,,
2026-09-25T23:49:01.683,290.844,0,1022.75,23,,97.875,12.549,-8.5,0.0,1.204,2.0,0.891,8960,14.51,11.765,21,,,,,,,,,0.2,,,,
2026-09-25T23:49:01.813,290.974,0,1042.0,22,,97.719,10.98,-8.5,0.0,1.116,1.699,0.551,8590,14.51,11.765,21,,,,,,,,,,,0.0,,
2026-09-25T23:49:01.944,291.105,0,1051.75,22,,97.688,11.373,-8.5,0.0,1.048,1.202,0.195,8070,14.51,11.765,20,,,,,,,,,,,,12.941,
2026-09-25T23:49:02.073,291.234,0,1075.75,22,,97.625,10.98,-8.5,0.0,0.987,0.997,-0.027,7670,14.51,12.157,20,,,,,,,,,,,,,320
2026-09-25T23:49:02.203,291.364,0,1089.0,21,,97.562,10.98,-8.5,0.0,0.954,0.921,-0.211,7190,14.51,11.765,20,99,,,,,,,,,,,,
2026-09-25T23:49:02.334,291.495,0,1082.5,22,,97.562,10.98,-8.5,0.0,0.931,0.898,-0.266,6700,14.51,11.765,20,,33,,,,,,,,,,,
2026-09-25T23:49:02.463,291.624,0,1075.5,21,,97.562,10.588,-8.5,0.0,0.921,0.88,-0.32,6340,14.51,12.157,19,,,9.375,,,,,,,,,,
2026-09-25T23:49:02.595,291.756,0,1081.75,22,,97.531,10.98,-7.5,0.0,0.914,0.871,-0.348,5880,15.686,12.157,19,,,,13.925,,,,,,,,,
2026-09-25T23:49:02.723,291.884,0,1088.0,22,,97.531,10.588,-7.5,-1.562,0.91,0.876,-0.332,5450,17.255,12.157,19,,,,,97,,,,,,,,
2026-09-25T23:49:02.854,292.015,0,1101.75,22,,97.531,10.196,-7.5,-0.781,0.906,0.888,-0.297,5030,20.0,12.157,19,,,,,,18,,,,,,,
2026-09-25T23:49:02.983,292.144,0,1094.5,22,,97.531,10.196,8.0,0.0,0.903,0.902,-0.254,4710,21.961,12.549,19,,,,,,,16.078,,,,,,
2026-09-25T23:49:03.113,292.274,0,1109.0,22,,97.469,13.333,22.5,0.0,0.899,0.914,-0.227,4360,21.961,13.333,19,,,,,,,,521.0,,,,,
2026-09-25T23:49:03.243,292.404,0,1145.5,29,,97.531,14.902,17.0,0.781,0.896,0.913,-0.23,4050,22.353,13.725,18,,,,,,,,,0.22,,,,
2026-09-25T23:49:03.373,292.534,0,1216.75,30,,97.5,14.902,17.0,0.0,0.891,0.896,-0.27,4190,22.353,13.725,18,,,,,,,,,,,0.0,,
2026-09-25T23:49:03.503,292.664,0,1282.25,31,,97.531,14.118,17.0,0.0,0.887,0.889,-0.293,4260,23.137,14.51,18,,,,,,,,,,,,20.784,
2026-09-25T23:49:03.633,292.795,0,1281.25,33,,97.281,15.686,15.0,0.0,0.883,0.879,-0.324,4860,22.745,13.725,18,,,,,,,,,,,,,322
2026-09-25T23:49:03.763,292.924,0,1260.5,34,,97.469,16.078,15.5,0.0,0.882,0.874,-0.336,5480,22.745,13.725,18,99,,,,,,,,,,,,
2026-09-25T23:49:03.894,293.055,0,1232.0,33,,97.531,16.078,16.0,-0.781,0.881,0.855,-0.395,5360,23.137,14.118,18,,34,,,,,,,,,,,
2026-09-25T23:49:04.024,293.185,0,1243.5,35,,97.469,16.471,15.0,-2.344,0.88,0.85,-0.414,5320,23.137,14.118,18,,,5.469,,,,,,,,,,
2026-09-25T23:49:04.154,293.315,0,1267.0,35,,97.531,16.471,15.0,-1.562,0.88,0.86,-0.379,5600,23.137,14.118,18,,,,13.886,,,,,,,,,
2026-09-25T23:49:04.283,293.444,0,1288.25,35,,97.531,16.078,15.0,-2.344,0.88,0.856,-0.395,5850,23.137,14.51,18,,,,,97,,,,,,,,
2026-09-25T23:49:04.413,293.574,0,1302.25,35,,97.531,16.078,14.5,-3.125,0.88,0.849,-0.418,6020,24.314,14.902,18,,,,,,18,,,,,,,
2026-09-25T23:49:04.543,293.704,0,1323.0,37,,97.375,17.255,14.0,-3.125,0.88,0.859,-0.383,6460,25.882,15.686,18,,,,,,,16.078,,,,,,
2026-09-25T23:49:04.673,293.834,0,1367.5,41,,97.25,19.216,14.0,-3.125,0.88,0.859,-0.383,7260,26.667,16.078,18,,,,,,,,518.1,,,,,
2026-09-25T23:49:04.804,293.965,0,1367.0,46,,97.219,21.176,14.0,-3.906,0.88,0.854,-0.398,8150,26.667,15.686,18,,,,,,,,,0.285,,,,
2026-09-25T23:49:04.934,294.095,0,1362.75,51,,97.531,21.569,14.0,-5.469,0.88,0.838,-0.453,8860,28.627,16.863,19,,,,,,,,,,,0.0,,
2026-09-25T23:49:05.063,294.225,0,1391.75,52,,97.25,21.961,14.0,-6.25,0.88,0.848,-0.422,9580,28.627,16.863,19,,,,,,,,,,,,38.824,
2026-09-25T23:49:05.193,294.354,0,1409.75,58,,97.312,23.922,14.0,-5.469,0.88,0.88,-0.316,10340,29.412,17.647,19,,,,,,,,,,,,,324
2026-09-25T23:49:05.324,294.485,0,1435.0,63,,97.531,24.314,14.0,-3.125,0.88,0.908,-0.242,11280,29.412,17.647,19,99,,,,,,,,,,,,
2026-09-25T23:49:05.454,294.615,0,1461.0,64,,97.562,23.922,14.5,-1.562,0.881,0.917,-0.219,12020,29.804,18.431,20,,34,,,,,,,,,,,
2026-09-25T23:49:05.584,294.745,0,1503.0,66,,97.594,24.314,15.0,-0.781,0.881,0.923,-0.207,12860,30.588,19.608,20,,,3.906,,,,,,,,,,
2026-09-25T23:49:05.713,294.874,0,1532.75,68,,97.938,25.098,15.0,0.0,0.881,0.92,-0.211,13560,30.588,19.216,21,,,,13.925,,,,,,,,,
2026-09-25T23:49:05.843,295.004,0,1570.25,74,,98.438,23.922,15.0,0.0,0.883,0.921,-0.207,14390,30.98,20.784,21,,,,,97,,,,,,,,
2026-09-25T23:49:05.973,295.134,0,1607.25,76,,98.562,23.529,14.5,1.562,0.884,0.934,-0.18,15250,31.765,23.922,22,,,,,,18,,,,,,,
2026-09-25T23:49:06.113,295.274,0,1670.75,84,,99.062,26.275,14.0,1.562,0.964,0.996,-0.031,16020,31.765,24.706,23,,,,,,,16.078,,,,,,
2026-09-25T23:49:06.244,295.405,0,1700.0,88,,99.812,26.275,14.0,1.562,0.991,1.032,0.012,15970,31.765,23.529,23,,,,,,,,510.9,,,,,
2026-09-25T23:49:06.373,295.534,0,1734.75,87,,100.781,25.49,14.0,3.125,1.004,1.047,0.031,15590,31.765,23.922,24,,,,,,,,,0.83,,,,
2026-09-25T23:49:06.504,295.665,0,1785.5,87,,101.594,25.098,14.0,3.125,1.006,1.021,0.0,15540,31.765,23.529,24,,,,,,,,,,,0.0,,
2026-09-25T23:49:06.634,295.795,0,1828.0,87,,103.375,24.706,14.5,3.125,1.003,1.013,-0.008,15380,31.765,23.529,25,,,,,,,,,,,,56.471,
2026-09-25T23:49:06.763,295.924,0,1873.5,87,,104.312,25.098,14.5,3.125,1.002,1.01,-0.012,15320,31.765,23.137,26,,,,,,,,,,,,,325
2026-09-25T23:49:06.894,296.055,0,1902.0,87,,105.188,24.706,14.5,3.125,1.001,1.001,-0.02,15330,31.373,22.745,26,99,,,,,,,,,,,,
2026-09-25T23:49:07.023,296.185,0,1946.25,86,,106.656,24.706,15.0,2.344,1.001,0.998,-0.027,15290,31.373,22.353,27,,33,,,,,,,,,,,
2026-09-25T23:49:07.153,296.314,0,1973.75,86,,107.312,24.706,15.5,2.344,1.001,0.996,-0.027,15210,31.373,22.353,27,,,3.125,,,,,,,,,,
2026-09-25T23:49:07.283,296.444,0,1995.5,85,,107.812,24.706,15.0,2.344,1.001,1.004,-0.016,15330,31.373,22.353,27,,,,13.925,,,,,,,,,
2026-09-25T23:49:07.414,296.575,0,1977.75,85,,108.812,24.706,-16.0,3.125,1.001,1.006,-0.016,15590,31.373,21.176,28,,,,,97,,,,,,,,
2026-09-25T23:49:07.543,296.704,0,1639.5,87,,110.344,24.706,-5.0,3.906,1.0,1.03,0.012,15610,31.373,20.392,28,,,,,,18,,,,,,,
2026-09-25T23:49:07.674,296.835,0,1553.0,87,,110.531,26.275,2.5,5.469,1.0,1.044,0.027,15470,31.373,20.392,29,,,,,,,16.078,,,,,,
2026-09-25T23:49:07.803,296.965,0,1546.75,86,,110.75,27.843,3.5,4.688,1.0,1.01,-0.012,15510,31.373,20.392,29,,,,,,,,507.0,,,,,
2026-09-25T23:49:07.934,297.095,0,1501.5,87,,110.031,29.804,7.0,3.906,1.0,1.001,-0.02,15620,31.373,20.0,30,,,,,,,,,0.78,,,,
2026-09-25T23:49:08.063,297.224,0,1464.0,86,,109.844,30.98,10.5,4.688,1.0,1.001,-0.02,15630,29.804,17.647,30,,,,,,,,,,,0.0,,
2026-09-25T23:49:08.194,297.355,0,1430.5,84,,109.75,30.588,14.0,3.906,1.0,0.997,-0.027,15240,28.627,16.471,30,,,,,,,,,,,,47.451,
2026-09-25T23:49:08.324,297.485,0,1403.0,68,,105.656,26.667,14.0,3.906,1.0,0.979,-0.074,14530,27.451,16.078,31,,,,,,,,,,,,,327
2026-09-25T23:49:08.453,297.614,0,1423.75,62,,104.844,24.706,14.0,2.344,1.0,0.972,-0.094,14100,25.882,15.294,31,99,,,,,,,,,,,,
2026-09-25T23:49:08.586,297.747,0,1439.75,58,,103.969,22.745,14.5,1.562,1.001,0.97,-0.098,13430,25.098,14.902,31,,32,,,,,,,,,,,
2026-09-25T23:49:08.713,297.874,0,1448.5,53,,102.688,18.431,14.5,1.562,1.001,0.958,-0.125,13030,24.706,14.902,31,,,4.688,,,,,,,,,,
2026-09-25T23:49:08.843,298.004,0,1455.25,44,,102.094,17.255,14.5,0.0,1.0,0.955,-0.129,12510,24.706,14.902,32,,,,13.906,,,,,,,,,
2026-09-25T23:49:08.973,298.134,0,1477.0,43,,101.594,16.863,15.0,0.0,1.0,0.956,-0.129,12110,24.706,14.902,32,,,,,97,,,,,,,,
2026-09-25T23:49:09.103,298.265,0,1489.0,42,,101.062,16.078,15.0,0.0,1.0,0.974,-0.09,11630,24.706,14.902,32,,,,,,18,,,,,,,
2026-09-25T23:49:09.233,298.394,0,1498.5,43,,100.438,16.078,15.0,0.0,1.0,0.969,-0.098,10700,24.706,14.902,32,,,,,,,16.078,,,,,,
2026-09-25T23:49:09.363,298.525,0,1502.0,43,,100.094,16.078,15.0,-1.562,1.0,0.943,-0.156,10610,24.706,14.902,32,,,,,,,,507.6,,,,,
2026-09-25T23:49:09.493,298.654,0,1501.0,43,,99.781,15.686,15.0,-3.906,1.0,0.928,-0.195,10040,25.098,14.902,32,,,,,,,,,0.77,,,,
2026-09-25T23:49:09.623,298.785,0,1502.75,44,,100.125,16.078,15.0,-5.469,1.0,0.924,-0.203,9370,25.098,14.902,32,,,,,,,,,,,0.0,,
2026-09-25T23:49:09.753,298.914,0,1500.0,43,,100.125,15.686,15.0,-6.25,1.0,0.931,-0.184,9160,25.098,15.294,32,,,,,,,,,,,,30.196,
2026-09-25T23:49:09.883,299.044,0,1504.25,44,,99.812,16.078,15.0,-7.812,1.0,0.936,-0.176,9100,24.706,14.902,32,,,,,,,,,,,,,328
2026-09-25T23:49:10.013,299.174,0,1507.75,44,,99.469,16.078,15.0,-7.812,1.0,0.94,-0.164,9060,25.098,15.294,33,99,,,,,,,,,,,,
2026-09-25T23:49:10.143,299.304,0,1519.0,45,,99.469,16.078,15.0,-9.375,1.0,0.943,-0.156,9380,24.706,14.902,33,,31,,,,,,,,,,,
2026-09-25T23:49:10.274,299.435,0,1528.5,45,,99.469,15.686,15.0,-10.156,1.0,0.941,-0.16,9050,23.529,14.118,33,,,5.469,,,,,,,,,,
2026-09-25T23:49:10.404,299.565,0,1527.5,43,,99.469,13.333,14.5,-10.156,1.001,0.959,-0.121,8520,22.745,13.725,33,,,,13.964,,,,,,,,,
2026-09-25T23:49:10.533,299.695,0,1517.75,36,,99.438,12.549,15.5,-10.156,1.002,0.969,-0.098,8060,22.745,14.118,33,,,,,97,,,,,,,,
2026-09-25T23:49:10.663,299.824,0,1510.25,34,,99.156,12.549,13.0,-11.719,1.003,0.946,-0.152,7510,20.0,12.157,33,,,,,,18,,,,,,,
2026-09-25T23:49:10.793,299.954,0,1514.25,32,,99.156,11.373,19.0,-12.5,1.005,0.939,-0.164,7190,14.51,12.549,33,,,,,,,16.078,,,,,,
2026-09-25T23:49:10.923,300.084,0,1501.75,23,,99.094,0.0,21.5,-12.5,1.006,0.974,-0.086,6820,14.51,12.549,33,,,,,,,,509.5,,,,,
2026-09-25T23:49:11.053,300.214,0,1497.75,22,,98.875,0.0,20.5,-7.812,1.01,1.115,0.105,6510,14.51,12.549,33,,,,,,,,,0.815,,,,
2026-09-25T23:49:11.213,300.375,0,1487.0,22,,98.812,0.0,12.5,-4.688,1.013,1.146,0.137,5980,14.902,12.549,32,,,,,,,,,,,0.0,,
2026-09-25T23:49:11.343,300.504,0,1492.5,21,,98.781,0.0,7.5,-3.906,1.011,1.113,0.102,5520,16.078,12.549,32,,,,,,,,,,,,12.157,
2026-09-25T23:49:11.474,300.635,0,1496.25,21,,98.562,0.0,3.5,-4.688,1.009,1.078,0.066,5120,19.216,12.549,32,,,,,,,,,,,,,330
2026-09-25T23:49:11.604,300.765,0,1485.0,21,,98.5,6.275,2.5,0.0,1.01,1.061,0.047,4620,20.0,12.941,32,100,,,,,,,,,,,,
2026-09-25T23:49:11.734,300.895,0,1480.25,21,,98.5,6.667,31.0,0.0,1.008,1.021,0.0,4170,23.922,15.294,32,,31,,,,,,,,,,,
2026-09-25T23:49:11.864,301.025,0,1481.5,25,,98.188,10.588,16.5,0.0,1.004,0.999,-0.02,3800,25.49,16.078,32,,,4.688,,,,,,,,,,
2026-09-25T23:49:11.994,301.155,0,1526.75,35,,98.094,13.725,14.0,0.0,1.001,0.996,-0.031,4540,25.49,16.078,32,,,,13.906,,,,,,,,,
2026-09-25T23:49:12.123,301.284,0,1475.75,43,,98.0,16.471,15.0,0.0,1.0,0.963,-0.113,5320,25.49,16.078,32,,,,,97,,,,,,,,
2026-09-25T23:49:12.253,301.414,0,1487.0,45,,98.062,17.255,15.0,0.0,1.0,0.938,-0.168,6330,25.098,16.078,32,,,,,,18,,,,,,,
2026-09-25T23:49:12.383,301.544,0,1484.25,46,,98.031,17.647,15.0,0.0,1.0,0.94,-0.164,7150,21.961,14.51,32,,,,,,,16.078,,,,,,
2026-09-25T23:49:12.513,301.674,0,1482.75,46,,98.469,14.51,15.0,0.0,1.0,0.934,-0.18,7970,14.51,12.549,32,,,,,,,,511.0,,,,,
2026-09-25T23:49:12.644,301.805,0,1483.5,30,,98.094,0.0,18.5,-3.125,1.001,0.924,-0.203,7760,14.51,12.549,32,,,,,,,,,0.875,,,,
2026-09-25T23:49:12.773,301.934,0,1470.75,25,,98.062,0.0,29.0,-3.906,0.998,0.931,-0.188,7360,14.51,12.549,32,,,,,,,,,,,0.0,,
2026-09-25T23:49:12.903,302.064,0,1459.25,23,,97.906,0.0,27.5,-3.125,1.004,0.97,-0.098,6950,14.51,12.941,32,,,,,,,,,,,,12.549,
2026-09-25T23:49:13.033,302.195,0,1475.75,22,,97.875,0.0,16.0,-2.344,1.013,1.01,-0.012,6470,14.51,12.549,32,,,,,,,,,,,,,331
2026-09-25T23:49:13.164,302.325,0,1470.5,22,,97.875,0.0,11.5,-1.562,1.016,0.998,-0.023,5900,14.51,12.549,32,100,,,,,,,,,,,,
2026-09-25T23:49:13.293,302.454,0,1461.75,22,,97.875,0.0,6.5,-3.125,1.018,0.985,-0.059,5470,14.51,12.549,32,,32,,,,,,,,,,,
2026-09-25T23:49:13.423,302.585,0,1445.5,21,,97.875,0.0,2.0,-3.125,1.018,0.988,-0.051,5010,14.51,12.549,32,,,7.812,,,,,,,,,,
2026-09-25T23:49:13.553,302.714,0,1439.0,21,,97.875,0.0,-1.5,0.0,1.021,0.985,-0.055,4960,14.51,12.549,31,,,,13.906,,,,,,,,,
2026-09-25T23:49:13.684,302.845,0,1425.25,21,,97.781,0.0,-2.5,0.0,1.017,1.007,-0.012,6680,14.51,12.549,31,,,,,97,,,,,,,,
2026-09-25T23:49:13.814,302.976,0,1404.0,21,,97.844,0.0,-3.0,0.0,1.009,1.269,0.258,8080,14.51,12.549,31,,,,,,18,,,,,,,
2026-09-25T23:49:13.943,303.105,0,1401.5,23,,97.812,0.0,-3.0,0.0,1.001,1.743,0.57,9420,14.51,12.549,31,,,,,,,16.078,,,,,,
2026-09-25T23:49:14.073,303.234,0,1399.5,24,,97.875,0.0,-3.0,0.0,1.027,2.0,0.793,9670,14.51,12.549,30,,,,,,,,513.1,,,,,
2026-09-25T23:49:14.203,303.364,0,1392.0,24,,97.875,0.0,-3.0,0.0,1.086,2.0,0.941,9660,14.51,12.549,30,,,,,,,,,0.895,,,,
2026-09-25T23:49:14.334,303.495,0,1379.75,24,,98.0,0.0,-4.0,0.0,1.161,2.0,1.055,9660,14.51,12.549,30,,,,,,,,,,,0.0,,
2026-09-25T23:49:14.464,303.625,0,1370.0,24,,98.031,0.0,-4.0,0.0,1.211,2.0,1.113,9660,14.51,12.549,30,,,,,,,,,,,,13.725,
2026-09-25T23:49:14.593,303.754,0,1357.25,24,,98.062,0.0,-4.0,0.0,1.285,2.0,1.164,9670,14.51,12.549,29,,,,,,,,,,,,,333
2026-09-25T23:49:14.723,303.885,0,1344.25,24,,98.188,0.0,-4.0,0.0,1.371,2.0,1.195,9680,14.51,12.549,29,100,,,,,,,,,,,,
2026-09-25T23:49:14.853,304.015,0,1332.0,24,,98.188,0.0,-4.0,0.0,1.484,2.0,1.219,9680,14.51,12.549,29,,32,,,,,,,,,,,
2026-09-25T23:49:14.984,304.145,0,1320.5,24,,98.188,0.0,-4.0,0.0,1.597,2.0,1.23,9680,14.51,12.549,29,,,8.594,,,,,,,,,,
2026-09-25T23:49:15.113,304.274,0,1304.75,24,,98.188,0.0,-4.5,0.0,1.699,2.0,1.242,9690,14.51,12.549,28,,,,13.945,,,,,,,,,
2026-09-25T23:49:15.243,304.404,0,1295.0,24,,98.156,0.0,-4.5,0.0,1.749,2.0,1.246,9690,14.51,12.549,28,,,,,97,,,,,,,,
2026-09-25T23:49:15.373,304.534,0,1285.5,24,,98.188,0.0,-4.5,0.0,1.778,2.0,1.254,9690,14.51,12.549,28,,,,,,18,,,,,,,
2026-09-25T23:49:15.503,304.664,0,1274.0,24,,98.188,0.0,-5.0,0.0,1.789,2.0,1.258,9690,14.51,12.157,27,,,,,,,16.078,,,,,,
2026-09-25T23:49:15.633,304.795,0,1256.25,24,,98.188,0.0,-5.0,0.0,1.795,2.0,1.262,9700,14.51,12.157,27,,,,,,,,515.6,,,,,
2026-09-25T23:49:15.764,304.925,0,1229.25,24,,98.188,0.0,-5.5,0.0,1.797,2.0,1.266,9700,14.51,12.157,26,,,,,,,,,0.21,,,,
2026-09-25T23:49:15.893,305.054,0,1205.0,24,,98.188,0.0,-6.0,0.0,1.799,2.0,1.266,9700,14.51,12.157,26,,,,,,,,,,,0.0,,
2026-09-25T23:49:16.023,305.184,0,1173.25,24,,98.188,0.0,-6.5,0.0,1.799,2.0,1.262,9700,14.51,12.157,25,,,,,,,,,,,,13.333,
2026-09-25T23:49:16.154,305.315,0,1143.25,23,,98.188,0.0,-7.0,0.0,1.8,2.0,1.266,9710,14.51,11.765,25,,,,,,,,,,,,,335
2026-09-25T23:49:16.293,305.454,0,1120.0,24,,98.188,0.0,-7.5,0.0,1.8,2.0,1.266,9710,14.51,11.765,24,100,,,,,,,,,,,,
2026-09-25T23:49:16.423,305.584,0,1103.75,24,,98.125,0.0,-7.5,0.0,1.751,2.0,1.266,9720,14.51,11.765,23,,33,,,,,,,,,,,
2026-09-25T23:49:16.554,305.715,0,1072.25,24,,98.062,11.373,-8.5,0.0,1.873,2.0,1.262,9840,14.51,11.765,23,,,9.375,,,,,,,,,,
2026-09-25T23:49:16.684,305.845,0,1058.5,24,,98.062,12.157,-8.5,0.0,1.778,2.0,1.188,9890,14.51,11.765,22,,,,13.945,,,,,,,,,
2026-09-25T23:49:16.813,305.975,0,1051.25,23,,97.969,12.157,-8.5,0.0,1.517,2.0,1.082,9580,14.51,11.765,22,,,,,97,,,,,,,,
2026-09-25T23:49:16.943,306.104,0,1071.25,22,,97.906,11.765,-8.5,0.0,1.325,2.0,0.953,9170,14.51,11.765,21,,,,,,18,,,,,,,
2026-09-25T23:49:17.073,306.235,0,1095.75,21,,97.875,10.196,-7.5,0.0,1.18,2.0,0.684,8680,14.51,12.157,20,,,,,,,16.078,,,,,,
2026-09-25T23:49:17.203,306.364,0,1108.0,22,,97.875,10.196,-7.5,0.0,1.081,1.25,0.242,8210,14.51,12.157,20,,,,,,,,516.7,,,,,
2026-09-25T23:49:17.333,306.495,0,1097.5,22,,97.875,10.196,-7.5,0.0,1.002,1.08,0.07,7740,14.51,12.157,19,,,,,,,,,0.1,,,,
2026-09-25T23:49:17.463,306.624,0,1079.75,22,,97.875,10.196,-8.5,0.0,0.962,1.01,-0.012,7360,14.51,11.765,19,,,,,,,,,,,0.0,,
2026-09-25T23:49:17.594,306.755,0,1076.5,22,,97.844,10.588,-8.5,0.0,0.935,0.956,-0.125,6890,14.51,12.157,18,,,,,,,,,,,,12.941,
2026-09-25T23:49:17.723,306.884,0,1082.0,21,,97.781,10.588,-8.5,0.0,0.923,0.915,-0.223,6420,14.51,12.157,17,,,,,,,,,,,,,336
2026-09-25T23:49:17.853,307.014,0,1065.0,22,,97.656,10.588,-8.5,0.0,0.915,0.895,-0.277,6060,14.51,11.765,17,100,,,,,,,,,,,,
2026-09-25T23:49:17.983,307.144,0,1004.5,22,,97.594,11.373,-10.0,0.0,0.911,0.896,-0.273,5610,14.51,11.765,17,,33,,,,,,,,,,,
2026-09-25T23:49:18.113,307.274,0,922.25,22,,97.625,12.157,-10.0,0.0,0.909,0.898,-0.266,5350,14.51,11.373,16,,,10.938,,,,,,,,,,
2026-09-25T23:49:18.243,307.404,0,830.25,22,,97.562,12.157,0.5,0.0,0.908,0.905,-0.246,5020,14.51,11.373,16,,,,13.769,,,,,,,,,
2026-09-25T23:49:18.373,307.535,0,784.75,23,,97.531,12.549,24.0,0.0,0.906,0.912,-0.23,4760,14.51,13.725,16,,,,,97,,,,,,,,
2026-09-25T23:49:18.503,307.664,0,747.0,26,,97.5,24.706,13.0,0.0,0.905,0.922,-0.207,4340,14.51,12.549,15,,,,,,18,,,,,,,
2026-09-25T23:49:18.633,307.794,0,770.75,39,,97.531,24.314,-9.0,0.781,0.904,0.925,-0.199,4030,14.51,11.765,15,,,,,,,16.078,,,,,,
2026-09-25T23:49:18.764,307.925,0,813.0,36,,97.531,21.961,-10.0,0.781,0.902,0.921,-0.211,3930,14.51,12.157,15,,,,,,,,516.3,,,,,
2026-09-25T23:49:18.893,308.054,0,824.75,33,,97.531,20.0,-7.0,0.781,0.9,0.916,-0.223,3740,14.51,12.157,15,,,,,,,,,0.175,,,,
2026-09-25T23:49:19.023,308.184,0,826.75,30,,97.531,18.431,-3.0,0.781,0.899,0.906,-0.246,3530,14.51,12.157,14,,,,,,,,,,,0.0,,
2026-09-25T23:49:19.153,308.314,0,824.25,29,,97.531,18.039,-1.5,0.0,0.898,0.896,-0.273,3370,14.51,12.157,14,,,,,,,,,,,,19.216,
2026-09-25T23:49:19.283,308.444,0,817.75,29,,97.531,18.039,-3.5,0.0,0.897,0.89,-0.293,3170,14.51,12.157,13,,,,,,,,,,,,,338
2026-09-25T23:49:19.413,308.574,0,811.75,30,,97.531,18.431,-2.5,0.0,0.896,0.886,-0.301,3130,14.51,12.157,13,100,,,,,,,,,,,,
2026-09-25T23:49:19.543,308.704,0,801.75,30,,97.531,18.039,-0.5,0.0,0.895,0.886,-0.301,3190,14.51,12.157,13,,33,,,,,,,,,,,
2026-09-25T23:49:19.673,308.835,0,797.0,30,,97.531,18.039,0.5,0.0,0.893,0.882,-0.312,3270,14.51,12.157,13,,,7.812,,,,,,,,,,
2026-09-25T23:49:19.804,308.965,0,791.75,30,,97.469,18.431,2.5,0.0,0.892,0.875,-0.332,3380,14.51,12.157,13,,,,13.886,,,,,,,,,
2026-09-25T23:49:19.933,309.094,0,789.25,30,,97.438,18.431,2.0,-0.781,0.891,0.871,-0.348,3480,14.51,12.157,12,,,,,97,,,,,,,,
2026-09-25T23:49:20.063,309.224,0,784.75,30,,97.5,18.431,3.0,-0.781,0.889,0.868,-0.355,3550,14.51,12.941,12,,,,,,18,,,,,,,
2026-09-25T23:49:20.193,309.354,0,781.0,30,,97.406,18.431,-8.5,-1.562,0.887,0.863,-0.371,3680,14.51,12.549,12,,,,,,,16.078,,,,,,
2026-09-25T23:49:20.323,309.485,0,778.0,34,,97.25,21.961,-8.0,-1.562,0.886,0.861,-0.379,3940,14.51,12.549,11,,,,,,,,515.5,,,,,
2026-09-25T23:49:20.453,309.614,0,787.75,35,,97.375,21.961,-10.0,-1.562,0.884,0.861,-0.379,4300,14.51,12.549,11,,,,,,,,,0.205,,,,
2026-09-25T23:49:20.583,309.745,0,794.5,34,,97.344,21.961,-10.0,-1.562,0.883,0.867,-0.359,4430,14.51,12.549,11,,,,,,,,,,,0.0,,
2026-09-25T23:49:20.713,309.874,0,785.25,34,,97.312,21.569,-8.5,-1.562,0.882,0.87,-0.348,4450,14.51,12.549,11,,,,,,,,,,,,22.353,
2026-09-25T23:49:20.843,310.004,0,781.0,34,,97.375,21.569,-7.5,-1.562,0.881,0.867,-0.355,4350,14.51,12.549,11,,,,,,,,,,,,,339
2026-09-25T23:49:20.973,310.135,0,781.75,34,,97.375,21.569,-6.5,-1.562,0.881,0.865,-0.367,4290,14.51,12.549,11,100,,,,,,,,,,,,
2026-09-25T23:49:21.103,310.264,0,777.75,34,,97.375,24.314,11.0,-1.562,0.881,0.865,-0.363,4450,14.51,13.725,11,,34,,,,,,,,,,,
2026-09-25T23:49:21.234,310.395,0,799.25,42,,97.375,27.059,-7.5,-1.562,0.881,0.87,-0.348,4780,14.51,12.941,11,,,6.25,,,,,,,,,,
2026-09-25T23:49:21.363,310.524,0,824.25,40,,97.25,25.882,-11.0,-1.562,0.881,0.876,-0.332,5390,14.51,12.549,10,,,,13.906,,,,,,,,,
2026-09-25T23:49:21.493,310.654,0,829.25,38,,97.344,24.706,-8.0,-1.562,0.88,0.873,-0.34,5760,14.51,12.941,10,,,,,97,,,,,,,,
2026-09-25T23:49:21.623,310.784,0,822.5,37,,97.219,24.314,-7.5,-2.344,0.88,0.865,-0.367,5810,14.51,12.941,10,,,,,,19,,,,,,,
2026-09-25T23:49:21.753,310.914,0,818.0,38,,97.281,24.706,-5.5,-2.344,0.88,0.862,-0.375,5980,14.51,13.333,10,,,,,,,16.078,,,,,,
2026-09-25T23:49:21.883,311.044,0,816.5,37,,97.281,24.314,-7.0,-2.344,0.88,0.868,-0.355,6010,14.51,12.941,10,,,,,,,,513.7,,,,,
2026-09-25T23:49:22.013,311.174,0,824.25,38,,97.25,25.098,-8.5,-2.344,0.88,0.878,-0.324,6060,14.51,12.941,10,,,,,,,,,0.23,,,,
2026-09-25T23:49:22.143,311.304,0,847.25,38,,97.281,24.314,-11.0,-1.562,0.88,0.884,-0.309,6060,14.51,12.941,10,,,,,,,,,,,0.0,,
2026-09-25T23:49:22.273,311.434,0,848.5,37,,97.281,23.922,-11.0,-1.562,0.88,0.884,-0.309,5790,14.51,12.941,10,,,,,,,,,,,,25.49,
2026-09-25T23:49:22.403,311.564,0,843.0,37,,97.281,23.529,-8.5,-1.562,0.88,0.885,-0.305,5620,14.51,12.941,10,,,,,,,,,,,,,341
2026-09-25T23:49:22.533,311.694,0,848.5,37,,97.375,23.922,-10.0,-1.562,0.88,0.885,-0.305,5490,14.51,12.941,10,100,,,,,,,,,,,,
2026-09-25T23:49:22.663,311.824,0,849.25,37,,97.344,23.922,-10.0,-1.562,0.88,0.885,-0.305,5460,14.51,12.941,10,,34,,,,,,,,,,,
2026-09-25T23:49:22.793,311.954,0,848.0,37,,97.406,23.529,-8.5,-1.562,0.88,0.879,-0.324,5310,14.51,12.941,10,,,6.25,,,,,,,,,,
2026-09-25T23:49:22.923,312.084,0,852.25,37,,97.312,23.137,-10.0,-2.344,0.88,0.87,-0.348,5360,14.51,12.941,10,,,,13.906,,,,,,,,,
2026-09-25T23:49:23.053,312.215,0,851.5,36,,97.344,22.745,-8.5,-2.344,0.88,0.869,-0.352,5230,14.51,12.941,10,,,,,97,,,,,,,,
2026-09-25T23:49:23.183,312.344,0,845.75,36,,97.281,23.529,-10.0,-2.344,0.88,0.87,-0.348,5250,14.51,12.941,10,,,,,,19,,,,,,,
2026-09-25T23:49:23.313,312.474,0,844.5,37,,97.438,22.745,-8.5,-2.344,0.88,0.873,-0.34,5190,14.51,12.941,11,,,,,,,16.078,,,,,,
2026-09-25T23:49:23.443,312.605,0,844.75,36,,97.344,22.745,-10.5,-2.344,0.88,0.872,-0.344,5020,14.51,12.549,11,,,,,,,,511.6,,,,,
2026-09-25T23:49:23.573,312.734,0,845.75,35,,97.344,22.353,-9.0,-2.344,0.88,0.872,-0.344,4800,14.51,12.549,11,,,,,,,,,0.24,,,,
2026-09-25T23:49:23.703,312.864,0,845.5,35,,97.406,21.961,-8.5,-2.344,0.88,0.871,-0.348,4590,14.51,12.941,11,,,,,,,,,,,0.0,,
2026-09-25T23:49:23.833,312.995,0,847.75,35,,97.312,22.353,-10.0,-2.344,0.88,0.869,-0.352,4510,14.51,12.549,11,,,,,,,,,,,,23.529,
2026-09-25T23:49:23.963,313.124,0,851.25,35,,97.375,21.961,-10.0,-2.344,0.88,0.871,-0.344,4490,14.51,12.549,12,,,,,,,,,,,,,342
2026-09-25T23:49:24.093,313.254,0,850.25,34,,97.344,21.961,-9.5,-2.344,0.88,0.87,-0.348,4450,14.51,12.549,12,100,,,,,,,,,,,,
2026-09-25T23:49:24.223,313.384,0,868.25,34,,97.375,21.176,-11.0,-3.125,0.88,0.868,-0.355,4320,14.51,12.549,12,,34,,,,,,,,,,,
2026-09-25T23:49:24.353,313.515,0,888.25,33,,97.344,20.392,-10.0,-3.125,0.88,0.867,-0.355,4090,14.51,12.549,12,,,7.812,,,,,,,,,,
2026-09-25T23:49:24.483,313.644,0,891.0,32,,97.281,19.608,-7.5,-3.125,0.88,0.866,-0.363,3830,14.51,12.941,12,,,,13.828,,,,,,,,,
2026-09-25T23:49:24.613,313.774,0,880.25,31,,97.281,20.784,-9.0,-3.125,0.88,0.866,-0.359,3850,14.51,12.549,12,,,,,97,,,,,,,,
2026-09-25T23:49:24.743,313.904,0,885.25,33,,97.281,20.392,-10.0,-3.125,0.881,0.874,-0.336,3820,14.51,12.549,12,,,,,,19,,,,,,,
2026-09-25T23:49:24.874,314.035,0,893.5,32,,97.281,20.0,-9.0,-3.125,0.881,0.88,-0.32,3780,14.51,12.549,12,,,,,,,16.078,,,,,,
2026-09-25T23:49:25.003,314.164,0,896.0,32,,97.312,19.608,-8.5,-3.125,0.881,0.876,-0.332,3770,14.51,12.549,12,,,,,,,,510.1,,,,,
2026-09-25T23:49:25.133,314.294,0,893.75,32,,97.344,19.608,-8.5,-3.125,0.881,0.869,-0.352,3730,14.51,12.549,12,,,,,,,,,0.25,,,,
2026-09-25T23:49:25.263,314.425,0,888.5,32,,97.25,20.0,-9.0,-3.906,0.881,0.867,-0.355,3750,14.51,12.549,12,,,,,,,,,,,0.0,,
2026-09-25T23:49:25.393,314.554,0,889.75,33,,97.281,20.392,-10.0,-3.906,0.881,0.866,-0.359,3810,14.51,12.157,12,,,,,,,,,,,,21.961,
2026-09-25T23:49:25.523,314.684,0,892.25,33,,97.375,20.0,-9.0,-4.688,0.881,0.86,-0.383,3850,14.51,12.549,12,,,,,,,,,,,,,344
2026-09-25T23:49:25.653,314.814,0,880.75,33,,97.25,20.0,-10.0,-4.688,0.881,0.856,-0.391,3870,14.51,12.549,12,100,,,,,,,,,,,,
2026-09-25T23:49:25.783,314.944,0,879.0,33,,97.312,20.392,-9.5,-5.469,0.881,0.855,-0.398,3920,14.51,12.549,12,,34,,,,,,,,,,,
2026-09-25T23:49:25.913,315.074,0,878.0,33,,97.344,20.392,-10.0,-4.688,0.881,0.864,-0.367,3920,14.51,12.549,12,,,7.812,,,,,,,,,,
2026-09-25T23:49:26.043,315.204,0,866.75,33,,97.25,20.392,-9.0,-4.688,0.881,0.877,-0.328,3960,14.51,12.549,11,,,,13.847,,,,,,,,,
2026-09-25T23:49:26.173,315.334,0,857.25,34,,97.219,21.176,-9.5,-3.906,0.881,0.887,-0.297,4030,14.51,12.549,11,,,,,97,,,,,,,,
2026-09-25T23:49:26.303,315.464,0,845.5,34,,97.281,21.961,-9.5,-3.125,0.881,0.896,-0.27,4220,14.51,12.549,11,,,,,,19,,,,,,,
2026-09-25T23:49:26.433,315.594,0,832.0,35,,97.281,21.961,-6.5,-2.344,0.881,0.902,-0.258,4440,14.51,12.549,11,,,,,,,16.078,,,,,,
2026-09-25T23:49:26.563,315.724,0,829.75,35,,97.25,22.353,-7.0,-2.344,0.881,0.896,-0.27,4530,14.51,12.549,10,,,,,,,,508.5,,,,,
2026-09-25T23:49:26.693,315.855,0,830.75,36,,97.281,23.137,-7.0,-3.125,0.88,0.893,-0.285,4740,14.51,12.549,10,,,,,,,,,0.265,,,,
2026-09-25T23:49:26.823,315.984,0,832.5,36,,97.219,23.529,-5.5,-3.125,0.88,0.886,-0.305,4960,14.902,12.941,9,,,,,,,,,,,0.0,,
2026-09-25T23:49:26.953,316.114,0,839.25,37,,97.281,23.922,-8.5,-3.125,0.88,0.883,-0.312,5280,16.471,12.549,9,,,,,,,,,,,,25.49,
2026-09-25T23:49:27.084,316.245,0,849.25,37,,97.25,23.922,-10.0,-3.125,0.88,0.883,-0.312,5620,17.647,12.549,9,,,,,,,,,,,,,345
2026-09-25T23:49:27.213,316.374,0,847.75,38,,97.281,24.314,-6.5,-3.125,0.88,0.884,-0.309,5730,20.0,12.549,8,100,,,,,,,,,,,,
2026-09-25T23:49:27.344,316.505,0,862.25,37,,97.25,23.529,6.0,-3.125,0.88,0.882,-0.312,5660,21.569,13.333,8,,34,,,,,,,,,,,
2026-09-25T23:49:27.473,316.634,0,902.5,39,,97.219,26.275,8.0,-3.125,0.88,0.883,-0.309,5760,23.137,14.118,8,,,5.469,,,,,,,,,,
2026-09-25T23:49:27.604,316.765,0,958.5,42,,97.219,29.412,0.5,-3.125,0.88,0.888,-0.297,6330,23.922,14.118,7,,,,13.906,,,,,,,,,
2026-09-25T23:49:27.734,316.895,0,1022.25,45,,97.219,28.235,3.0,-2.344,0.871,0.883,-0.312,6910,24.314,14.118,7,,,,,97,,,,,,,,
2026-09-25T23:49:27.863,317.024,0,1028.25,46,,97.219,28.627,6.5,-3.906,0.904,0.896,-0.273,7630,24.706,14.51,7,,,,,,19,,,,,,,
2026-09-25T23:49:27.993,317.154,0,974.5,47,,97.219,30.588,2.5,-4.688,0.954,0.926,-0.195,8200,24.706,14.51,7,,,,,,,16.078,,,,,,
2026-09-25T23:49:28.123,317.285,0,941.0,51,,97.219,33.725,2.0,-5.469,0.978,0.95,-0.141,8750,25.098,14.118,7,,,,,,,,506.8,,,,,
2026-09-25T23:49:28.254,317.415,0,942.5,51,,97.344,34.51,0.0,-4.688,0.992,0.978,-0.078,9290,24.706,14.118,7,,,,,,,,,0.91,,,,
2026-09-25T23:49:28.383,317.544,0,958.25,52,,97.375,34.51,0.0,-4.688,0.997,0.99,-0.043,9870,24.706,14.118,7,,,,,,,,,,,0.0,,
2026-09-25T23:49:28.514,317.675,0,971.0,51,,97.531,33.725,0.5,-4.688,1.0,0.992,-0.043,10410,24.706,14.118,7,,,,,,,,,,,,36.863,
2026-09-25T23:49:28.643,317.804,0,967.5,51,,97.531,33.333,0.5,-4.688,1.004,0.989,-0.047,10900,24.706,14.118,7,,,,,,,,,,,,,347
2026-09-25T23:49:28.773,317.934,0,965.0,50,,97.531,33.333,0.5,-5.469,1.009,0.984,-0.062,11190,24.314,14.118,7,100,,,,,,,,,,,,
2026-09-25T23:49:28.903,318.065,0,959.75,50,,97.531,32.941,-2.0,-6.25,1.011,0.987,-0.051,11240,23.922,13.725,6,,34,,,,,,,,,,,
2026-09-25T23:49:29.033,318.194,0,955.25,49,,97.562,32.157,-1.0,-5.469,1.012,0.995,-0.031,11040,24.314,14.118,6,,,6.25,,,,,,,,,,
2026-09-25T23:49:29.163,318.324,0,975.25,48,,97.562,31.373,-1.0,-6.25,1.012,0.998,-0.023,10670,24.314,14.118,6,,,,13.945,,,,,,,,,
2026-09-25T23:49:29.293,318.454,0,981.0,49,,97.531,32.157,-0.5,-5.469,1.012,1.009,-0.012,10340,24.706,14.118,6,,,,,97,,,,,,,,
2026-09-25T23:49:29.423,318.584,0,981.5,49,,97.562,31.765,3.5,-5.469,1.012,1.004,-0.016,10180,24.706,14.118,6,,,,,,19,,,,,,,
2026-09-25T23:49:29.553,318.714,0,973.5,49,,97.594,32.549,4.0,-6.25,1.011,0.993,-0.035,10230,25.49,14.51,6,,,,,,,16.078,,,,,,
2026-09-25T23:49:29.683,318.844,0,966.75,50,,97.562,34.118,3.5,-6.25,1.01,0.989,-0.047,10540,26.275,14.51,6,,,,,,,,506.0,,,,,
2026-09-25T23:49:29.813,318.974,0,953.75,53,,97.562,36.471,8.0,-7.031,1.009,0.981,-0.07,11040,27.059,15.294,6,,,,,,,,,0.9,,,,
2026-09-25T23:49:29.943,319.104,0,960.25,57,,97.531,38.824,4.0,-7.031,1.007,0.983,-0.062,11720,27.451,15.294,6,,,,,,,,,,,0.0,,
2026-09-25T23:49:30.073,319.234,0,958.5,60,,97.594,41.176,2.5,-7.031,1.007,0.994,-0.035,12540,27.451,15.294,6,,,,,,,,,,,,45.882,
2026-09-25T23:49:30.204,319.365,0,969.75,61,,97.625,41.961,0.5,-7.031,1.005,1.001,-0.02,13140,27.451,15.294,6,,,,,,,,,,,,,349
2026-09-25T23:49:30.333,319.494,0,987.0,61,,97.875,41.176,1.5,-7.031,1.004,0.995,-0.031,13700,27.451,15.294,6,100,,,,,,,,,,,,
2026-09-25T23:49:30.463,319.624,0,1003.0,61,,97.875,41.176,1.5,-7.031,1.004,0.995,-0.031,14240,27.451,15.294,6,,34,,,,,,,,,,,
2026-09-25T23:49:30.594,319.755,0,1004.75,61,,97.906,41.176,1.0,-7.031,1.004,0.992,-0.039,14540,27.451,15.294,6,,,5.469,,,,,,,,,,
2026-09-25T23:49:30.723,319.884,0,1004.75,60,,98.188,40.0,1.5,-7.812,1.004,0.99,-0.047,14400,27.843,15.294,6,,,,13.945,,,,,,,,,
2026-09-25T23:49:30.853,320.014,0,1002.25,59,,98.188,39.608,3.5,-7.812,1.003,0.986,-0.055,14120,28.235,15.686,7,,,,,97,,,,,,,,
2026-09-25T23:49:30.983,320.144,0,1003.5,61,,98.188,40.784,2.5,-7.812,1.003,0.988,-0.051,14110,28.235,15.686,7,,,,,,19,,,,,,,
2026-09-25T23:49:31.114,320.275,0,1006.0,62,,98.312,41.569,2.0,-7.812,1.003,0.995,-0.031,14420,28.235,15.686,7,,,,,,,16.078,,,,,,
2026-09-25T23:49:31.243,320.405,0,1024.5,62,,98.406,41.176,2.0,-7.812,1.003,0.995,-0.035,14570,28.235,15.294,7,,,,,,,,504.3,,,,,
2026-09-25T23:49:31.373,320.534,0,1030.5,62,,98.5,40.0,2.5,-7.812,1.003,0.99,-0.043,14480,28.235,15.686,7,,,,,,,,,0.875,,,,
2026-09-25T23:49:31.503,320.664,0,1028.75,62,,98.5,40.0,3.0,-8.594,1.003,0.989,-0.047,14310,28.235,15.294,7,,,,,,,,,,,0.0,,
2026-09-25T23:49:31.633,320.794,0,1032.5,61,,98.531,39.216,3.5,-8.594,1.003,0.99,-0.047,14040,28.235,15.686,7,,,,,,,,,,,,47.059,
2026-09-25T23:49:31.763,320.924,0,1030.75,61,,98.594,40.392,3.5,-8.594,1.003,0.989,-0.051,13940,28.235,15.686,7,,,,,,,,,,,,,350
2026-09-25T23:49:31.893,321.054,0,1034.0,62,,98.688,40.392,3.0,-8.594,1.002,0.992,-0.039,14260,27.843,15.686,7,100,,,,,,,,,,,,
2026-09-25T23:49:32.023,321.184,0,1035.0,63,,98.812,40.392,-4.5,-8.594,1.002,0.996,-0.031,14430,27.059,15.294,7,,33,,,,,,,,,,,
2026-09-25T23:49:32.153,321.314,0,1030.0,59,,98.812,38.039,-1.0,-8.594,1.002,0.997,-0.027,14290,27.059,15.294,7,,,4.688,,,,,,,,,,
2026-09-25T23:49:32.283,321.444,0,1056.75,58,,98.969,36.863,-2.5,-8.594,1.002,1.001,-0.02,13780,25.49,14.51,8,,,,13.886,,,,,,,,,
2026-09-25T23:49:32.413,321.574,0,1037.25,55,,99.156,31.765,2.0,-7.812,1.002,1.023,0.004,13420,26.667,15.686,7,,,,,97,,,,,,,,
2026-09-25T23:49:32.543,321.704,0,1053.25,52,,98.875,33.725,9.5,-7.031,1.003,1.028,0.008,12940,27.843,16.078,7,,,,,,19,,,,,,,
2026-09-25T23:49:32.673,321.834,0,1044.5,55,,98.844,34.902,9.0,-6.25,1.003,1.038,0.02,12620,28.627,16.471,7,,,,,,,16.078,,,,,,
2026-09-25T23:49:32.803,321.964,0,1030.75,57,,98.812,40.784,7.5,-5.469,1.003,1.036,0.02,12740,29.02,16.078,8,,,,,,,,503.5,,,,,
2026-09-25T23:49:32.933,322.094,0,1035.25,62,,98.812,40.392,8.5,-6.25,1.002,1.024,0.004,13290,30.196,17.647,8,,,,,,,,,0.87,,,,
2026-09-25T23:49:33.063,322.224,0,1038.0,66,,98.625,44.314,8.5,-5.469,1.002,1.025,0.004,14110,30.98,19.216,8,,,,,,,,,,,0.0,,
2026-09-25T23:49:33.193,322.354,0,1062.0,75,,98.469,49.804,3.5,-5.469,1.002,1.029,0.012,14770,30.98,18.824,8,,,,,,,,,,,,57.647,
2026-09-25T23:49:33.324,322.485,0,1104.0,77,,99.0,45.098,7.0,-4.688,1.002,1.037,0.02,15630,30.98,18.039,8,,,,,,,,,,,,,352
2026-09-25T23:49:33.453,322.614,0,1122.25,75,,99.156,42.353,10.0,-4.688,1.002,1.033,0.016,15830,30.98,18.824,8,101,,,,,,,,,,,,
2026-09-25T23:49:33.583,322.745,0,1107.5,76,,99.406,43.137,9.5,-3.906,1.002,1.039,0.023,15680,31.373,19.608,9,,33,,,,,,,,,,,
2026-09-25T23:49:33.713,322.875,0,1116.0,78,,99.469,46.667,9.5,-3.125,1.002,1.041,0.023,15790,31.373,20.0,9,,,3.906,,,,,,,,,,
2026-09-25T23:49:33.843,323.005,0,1135.0,82,,99.75,45.49,9.5,-3.125,1.002,1.034,0.016,15780,31.373,19.608,9,,,,13.828,,,,,,,,,
2026-09-25T23:49:33.973,323.135,0,1148.5,82,,99.969,45.49,10.0,-2.344,1.002,1.033,0.016,15680,31.373,19.216,10,,,,,97,,,,,,,,
2026-09-25T23:49:34.103,323.265,0,1156.5,81,,100.188,43.137,10.0,-2.344,1.002,1.032,0.012,15610,31.373,19.608,10,,,,,,19,,,,,,,
2026-09-25T23:49:34.234,323.395,0,1161.5,81,,100.719,43.529,10.0,-1.562,1.002,1.029,0.012,15620,31.373,19.608,10,,,,,,,16.078,,,,,,
2026-09-25T23:49:34.363,323.524,0,1169.75,81,,100.781,43.529,10.0,-1.562,1.002,1.028,0.008,15630,31.373,19.608,11,,,,,,,,502.1,,,,,
2026-09-25T23:49:34.493,323.654,0,1170.5,81,,101.031,43.137,10.0,-1.562,1.002,1.021,0.0,15620,31.373,19.216,11,,,,,,,,,0.855,,,,
2026-09-25T23:49:34.623,323.784,0,1166.25,80,,101.406,42.745,10.0,-0.781,1.002,1.022,0.004,15630,31.373,19.216,11,,,,,,,,,,,0.0,,
2026-09-25T23:49:34.753,323.914,0,1159.5,81,,101.438,43.137,10.0,-0.781,1.004,1.021,0.0,15680,31.373,19.216,12,,,,,,,,,,,,57.647,
2026-09-25T23:49:34.883,324.044,0,1161.5,81,,101.688,43.529,10.0,-0.781,1.008,1.022,0.0,15800,30.98,19.216,12,,,,,,,,,,,,,353
2026-09-25T23:49:35.013,324.174,0,1166.0,81,,101.781,43.137,10.0,-0.781,1.01,1.019,0.0,15710,30.98,18.824,12,101,,,,,,,,,,,,
2026-09-25T23:49:35.143,324.304,0,1167.25,80,,102.031,41.961,10.0,-0.781,1.01,1.016,-0.004,15600,30.98,18.824,13,,32,,,,,,,,,,,
2026-09-25T23:49:35.274,324.435,0,1166.25,80,,102.031,42.353,10.0,-0.781,1.01,1.015,-0.004,15500,30.588,18.431,13,,,3.906,,,,,,,,,,
2026-09-25T23:49:35.404,324.565,0,1164.0,81,,102.031,40.784,10.5,-0.781,1.01,1.011,-0.008,15440,30.588,18.039,13,,,,13.925,,,,,,,,,
2026-09-25T23:49:35.534,324.695,0,1163.75,77,,102.375,39.608,10.5,-0.781,1.01,1.008,-0.012,15240,30.588,17.647,14,,,,,97,,,,,,,,
2026-09-25T23:49:35.664,324.825,0,1152.0,75,,102.219,40.0,10.5,-0.781,1.01,1.021,0.0,15200,30.588,18.039,14,,,,,,19,,,,,,,
2026-09-25T23:49:35.794,324.955,0,1149.25,75,,102.125,40.392,10.5,-0.781,1.01,1.013,-0.008,15130,30.588,18.039,14,,,,,,,16.078,,,,,,
2026-09-25T23:49:35.924,325.085,0,1159.5,75,,102.031,40.392,11.0,-0.781,1.01,1.009,-0.012,15220,30.196,17.255,14,,,,,,,,501.5,,,,,
2026-09-25T23:49:36.053,325.214,0,1164.25,74,,102.031,39.216,11.0,-0.781,1.009,1.009,-0.012,15180,29.02,16.471,15,,,,,,,,,0.84,,,,
2026-09-25T23:49:36.183,325.345,0,1157.25,72,,102.031,37.647,11.0,-0.781,1.009,1.009,-0.012,14950,28.627,16.078,15,,,,,,,,,,,0.0,,
2026-09-25T23:49:36.314,325.475,0,1144.75,65,,102.031,34.118,10.5,-0.781,1.009,1.0,-0.02,14460,28.627,16.078,15,,,,,,,,,,,,44.314,
2026-09-25T23:49:36.443,325.604,0,1128.5,60,,101.938,34.51,10.0,-1.562,1.008,0.992,-0.043,14070,28.627,16.078,15,,,,,,,,,,,,,355
2026-09-25T23:49:36.573,325.734,0,1116.75,59,,101.688,34.51,10.0,-1.562,1.008,0.988,-0.051,13690,28.627,16.078,15,101,,,,,,,,,,,,
2026-09-25T23:49:36.703,325.865,0,1122.25,59,,101.406,33.725,10.0,-2.344,1.008,0.99,-0.047,13360,28.235,16.078,15,,32,,,,,,,,,,,
2026-09-25T23:49:36.834,325.995,0,1132.75,58,,101.062,33.333,10.0,-2.344,1.008,0.989,-0.047,12960,27.451,16.078,16,,,4.688,,,,,,,,,,
2026-09-25T23:49:36.964,326.125,0,1139.25,57,,101.0,32.157,10.5,-3.125,1.008,0.986,-0.055,12600,25.882,14.902,15,,,,13.847,,,,,,,,,
2026-09-25T23:49:37.093,326.254,0,1141.5,55,,100.781,29.804,11.0,-2.344,1.007,0.995,-0.031,12120,25.882,14.902,15,,,,,97,,,,,,,,
2026-09-25T23:49:37.223,326.384,0,1125.5,49,,100.531,27.451,11.0,-2.344,1.007,0.995,-0.031,11730,25.882,14.902,15,,,,,,19,,,,,,,
2026-09-25T23:49:37.353,326.514,0,1126.5,47,,100.438,26.667,11.5,-3.125,1.007,0.991,-0.043,11280,23.137,14.118,15,,,,,,,16.078,,,,,,
2026-09-25T23:49:37.484,326.645,0,1126.5,46,,100.125,26.275,12.0,-3.906,1.007,0.983,-0.062,10960,21.176,12.941,15,,,,,,,,502.0,,,,,
2026-09-25T23:49:37.613,326.774,0,1112.75,41,,99.844,18.824,13.0,-3.906,1.007,0.977,-0.082,10620,21.176,12.549,15,,,,,,,,,0.83,,,,
2026-09-25T23:49:37.743,326.904,0,1086.5,30,,99.719,16.078,16.0,-4.688,1.007,0.981,-0.066,10230,21.569,13.333,15,,,,,,,,,,,0.0,,
2026-09-25T23:49:37.874,327.035,0,1077.25,31,,99.688,17.647,6.5,-3.906,1.007,0.991,-0.043,9970,21.569,12.941,14,,,,,,,,,,,,20.392,
2026-09-25T23:49:38.003,327.165,0,1058.75,31,,99.469,17.255,9.5,-3.906,1.007,0.996,-0.031,9650,21.569,13.333,14,,,,,,,,,,,,,356
2026-09-25T23:49:38.134,327.295,0,1037.25,32,,99.156,18.824,4.5,-3.906,1.007,0.996,-0.027,9360,21.569,12.941,14,102,,,,,,,,,,,,
2026-09-25T23:49:38.263,327.424,0,1024.5,32,,98.969,18.824,8.0,-3.906,1.007,0.999,-0.023,8970,21.569,13.333,14,,31,,,,,,,,,,,
2026-09-25T23:49:38.393,327.554,0,998.5,33,,98.844,19.608,6.0,-3.906,1.007,1.009,-0.012,8520,21.569,13.725,13,,,6.25,,,,,,,,,,
2026-09-25T23:49:38.523,327.684,0,991.25,36,,98.562,22.745,2.5,-3.125,1.006,1.02,0.0,8150,21.176,13.725,13,,,,13.886,,,,,,,,,
2026-09-25T23:49:38.653,327.814,0,968.5,37,,98.5,23.529,0.5,-3.125,1.006,1.013,-0.008,7830,21.569,13.333,13,,,,,97,,,,,,,,
2026-09-25T23:49:38.783,327.944,0,962.25,38,,98.5,23.922,-0.5,-3.125,1.005,1.013,-0.008,7560,21.569,13.333,13,,,,,,19,,,,,,,
2026-09-25T23:49:38.913,328.075,0,958.25,38,,98.281,23.922,1.5,-3.125,1.006,1.008,-0.012,7390,21.569,13.725,13,,,,,,,16.078,,,,,,
2026-09-25T23:49:39.043,328.205,0,954.0,39,,98.188,25.098,-0.5,-3.125,1.006,1.007,-0.012,7080,21.961,13.725,12,,,,,,,,502.8,,,,,
2026-09-25T23:49:39.173,328.334,0,955.0,40,,98.188,25.49,-2.5,-3.125,1.006,0.999,-0.023,6710,21.961,13.725,12,,,,,,,,,0.825,,,,
2026-09-25T23:49:39.303,328.464,0,958.0,40,,98.188,25.882,-5.5,-3.906,1.006,0.989,-0.047,6410,19.608,12.549,12,,,,,,,,,,,0.0,,
2026-09-25T23:49:39.433,328.594,0,935.75,39,,98.188,23.529,-2.0,-3.906,1.005,0.99,-0.047,6420,20.392,12.941,11,,,,,,,,,,,,24.706,
2026-09-25T23:49:39.563,328.724,0,932.0,36,,97.938,22.745,-4.0,-4.688,1.005,0.989,-0.047,6570,20.0,12.549,12,,,,,,,,,,,,,358
2026-09-25T23:49:39.693,328.854,0,936.5,34,,98.094,20.784,-0.5,-4.688,1.005,0.991,-0.043,6270,19.608,12.549,11,102,,,,,,,,,,,,
2026-09-25T23:49:39.824,328.985,0,933.75,34,,97.875,21.176,-5.5,-4.688,1.005,0.995,-0.031,5770,18.039,12.549,11,,32,,,,,,,,,,,
2026-09-25T23:49:39.953,329.114,0,923.0,32,,97.875,18.824,-7.0,-3.906,1.005,0.997,-0.027,5430,18.039,12.941,11,,,7.812,,,,,,,,,,
2026-09-25T23:49:40.083,329.244,0,893.25,35,,97.875,21.176,-8.0,-4.688,1.005,0.986,-0.055,5220,18.039,13.333,10,,,,13.945,,,,,,,,,
2026-09-25T23:49:40.213,329.375,0,880.0,37,,97.812,24.314,-10.0,-5.469,1.005,0.979,-0.074,5300,18.824,12.549,10,,,,,97,,,,,,,,
2026-09-25T23:49:40.343,329.504,0,880.0,38,,97.844,23.922,-5.0,-5.469,1.005,0.98,-0.07,5220,18.431,12.549,10,,,,,,19,,,,,,,
2026-09-25T23:49:40.473,329.634,0,885.5,37,,97.844,23.137,-4.0,-5.469,1.005,0.977,-0.082,5030,18.431,12.549,10,,,,,,,16.078,,,,,,
2026-09-25T23:49:40.603,329.764,0,892.75,36,,97.719,22.353,-3.5,-6.25,1.005,0.971,-0.094,5160,18.824,12.549,10,,,,,,,,503.3,,,,,
2026-09-25T23:49:40.734,329.895,0,893.0,36,,97.625,22.353,-2.5,-6.25,1.005,0.979,-0.074,5180,18.431,12.549,9,,,,,,,,,0.82,,,,
2026-09-25T23:49:40.863,330.024,0,891.5,35,,97.625,22.353,-3.0,-6.25,1.004,0.985,-0.059,4760,18.824,12.549,9,,,,,,,,,,,0.0,,
2026-09-25T23:49:40.993,330.154,0,889.25,36,,97.625,23.137,8.0,-6.25,1.004,0.991,-0.043,4700,20.392,13.333,9,,,,,,,,,,,,26.667,
2026-09-25T23:49:41.123,330.284,0,907.25,40,,97.531,25.49,1.5,-6.25,1.004,0.996,-0.031,5370,21.176,13.333,8,,,,,,,,,,,,,360
2026-09-25T23:49:41.253,330.414,0,940.5,40,,97.531,25.882,2.5,-6.25,1.004,1.0,-0.02,6120,21.569,13.725,8,102,,,,,,,,,,,,
2026-09-25T23:49:41.383,330.544,0,969.75,42,,97.531,27.059,-1.5,-5.469,1.004,1.001,-0.02,6510,21.961,13.725,8,,32,,,,,,,,,,,
2026-09-25T23:49:41.513,330.675,0,994.25,42,,97.531,27.059,8.0,-6.25,1.004,0.994,-0.035,7050,23.922,14.902,8,,,5.469,,,,,,,,,,
2026-09-25T23:49:41.653,330.814,0,1006.0,45,,97.469,30.196,3.5,-6.25,1.004,0.99,-0.043,7540,23.922,14.118,8,,,,13.886,,,,,,,,,
2026-09-25T23:49:41.783,330.944,0,949.75,47,,97.531,29.804,4.0,-7.031,1.004,0.988,-0.051,8240,23.922,14.118,8,,,,,97,,,,,,,,
2026-09-25T23:49:41.913,331.074,0,929.75,48,,97.531,32.941,-1.0,-7.031,1.004,0.994,-0.035,9250,23.922,14.118,8,,,,,,19,,,,,,,
2026-09-25T23:49:42.043,331.204,0,948.5,49,,97.531,32.941,-2.0,-6.25,1.004,0.997,-0.027,9470,24.314,14.118,8,,,,,,,16.078,,,,,,
2026-09-25T23:49:42.173,331.334,0,958.75,49,,97.531,32.549,8.5,-6.25,1.004,0.997,-0.027,9750,25.882,15.294,7,,,,,,,,503.8,,,,,
2026-09-25T23:49:42.303,331.464,0,969.0,51,,97.531,36.078,6.0,-6.25,1.004,1.0,-0.02,10740,26.275,14.902,7,,,,,,,,,0.815,,,,
2026-09-25T23:49:42.433,331.595,0,930.75,57,,97.531,38.431,2.0,-6.25,1.004,1.017,-0.004,11410,26.275,14.902,7,,,,,,,,,,,0.0,,
2026-09-25T23:49:42.563,331.724,0,933.0,58,,97.531,39.216,1.0,-5.469,1.005,1.027,0.008,11470,26.275,14.902,8,,,,,,,,,,,,43.137,
2026-09-25T23:49:42.694,331.855,0,954.5,58,,97.531,39.216,0.5,-4.688,1.006,1.028,0.008,11720,27.059,15.686,7,,,,,,,,,,,,,361
2026-09-25T23:49:42.823,331.984,0,980.5,59,,97.531,40.392,2.0,-4.688,1.006,1.023,0.004,12630,27.451,15.686,7,102,,,,,,,,,,,,
2026-09-25T23:49:42.954,332.115,0,983.75,61,,97.688,40.784,4.0,-4.688,1.005,1.021,0.0,13530,27.451,15.686,8,,33,,,,,,,,,,,
2026-09-25T23:49:43.083,332.244,0,982.0,62,,97.719,42.353,1.5,-5.469,1.005,1.009,-0.012,13440,27.843,15.686,8,,,4.688,,,,,,,,,,
2026-09-25T23:49:43.214,332.375,0,981.0,62,,97.875,42.353,2.0,-5.469,1.005,1.007,-0.012,13890,27.843,15.686,8,,,,13.847,,,,,,,,,
2026-09-25T23:49:43.343,332.504,0,991.0,62,,97.875,42.353,1.5,-4.688,1.005,1.019,0.0,14920,27.843,15.686,8,,,,,97,,,,,,,,
2026-09-25T23:49:43.473,332.634,0,1001.0,63,,98.031,42.745,3.0,-3.906,1.005,1.03,0.012,15090,27.843,15.686,8,,,,,,19,,,,,,,
2026-09-25T23:49:43.603,332.764,0,1015.0,63,,98.031,41.176,2.0,-3.906,1.005,1.02,0.0,14650,27.843,15.686,8,,,,,,,16.078,,,,,,
2026-09-25T23:49:43.733,332.894,0,1025.0,62,,98.188,40.784,2.0,-3.906,1.005,1.021,0.0,14640,27.843,15.686,8,,,,,,,,503.0,,,,,
2026-09-25T23:49:43.863,333.024,0,1030.75,61,,98.219,39.608,2.5,-3.906,1.005,1.021,0.0,14590,27.451,15.294,8,,,,,,,,,0.805,,,,
2026-09-25T23:49:43.993,333.155,0,1030.0,61,,98.406,39.608,0.5,-3.906,1.004,1.012,-0.008,13900,27.451,14.902,8,,,,,,,,,,,0.0,,
2026-09-25T23:49:44.124,333.285,0,1034.25,58,,98.5,36.863,1.5,-4.688,1.004,1.004,-0.016,13360,27.451,15.686,8,,,,,,,,,,,,43.922,
2026-09-25T23:49:44.254,333.415,0,1039.25,58,,98.5,37.647,1.5,-3.906,1.003,1.015,-0.004,13380,27.451,15.294,8,,,,,,,,,,,,,363
2026-09-25T23:49:44.383,333.544,0,1044.0,59,,98.594,37.255,4.0,-3.125,1.003,1.018,-0.004,13260,27.451,15.686,8,102,,,,,,,,,,,,
2026-09-25T23:49:44.513,333.674,0,1045.0,59,,98.594,37.647,3.0,-3.906,1.003,1.0,-0.02,12870,27.843,15.294,9,,33,,,,,,,,,,,
2026-09-25T23:49:44.643,333.804,0,1051.5,59,,98.75,37.647,3.5,-3.906,1.003,1.002,-0.02,13180,28.235,15.686,9,,,4.688,,,,,,,,,,
2026-09-25T23:49:44.773,333.934,0,1054.5,59,,98.75,37.647,5.0,-3.906,1.003,0.999,-0.023,13750,29.412,16.078,9,,,,13.906,,,,,,,,,
2026-09-25T23:49:44.903,334.064,0,1064.5,61,,98.781,41.176,9.5,-4.688,1.003,0.995,-0.035,14130,29.804,16.863,9,,,,,97,,,,,,,,
2026-09-25T23:49:45.034,334.195,0,1068.25,68,,98.688,41.961,6.5,-4.688,1.003,0.998,-0.027,14200,29.804,16.471,10,,,,,,19,,,,,,,
2026-09-25T23:49:45.163,334.324,0,1074.5,68,,98.812,41.569,6.5,-4.688,1.003,0.997,-0.027,15370,29.804,16.471,10,,,,,,,16.078,,,,,,
2026-09-25T23:49:45.293,334.454,0,1087.0,69,,98.844,41.176,8.5,-4.688,1.003,0.986,-0.055,15490,29.412,16.078,10,,,,,,,,502.0,,,,,
2026-09-25T23:49:45.423,334.584,0,1097.25,67,,99.156,38.431,10.0,-5.469,1.003,0.987,-0.055,15000,27.451,15.686,10,,,,,,,,,0.8,,,,
2026-09-25T23:49:45.553,334.714,0,1110.75,65,,99.156,38.039,9.5,-4.688,1.003,1.0,-0.02,14830,26.275,14.902,11,,,,,,,,,,,0.0,,
2026-09-25T23:49:45.683,334.844,0,1104.5,59,,99.469,33.725,10.0,-5.469,1.003,0.983,-0.062,14500,23.922,13.333,11,,,,,,,,,,,,37.647,
2026-09-25T23:49:45.813,334.974,0,1110.5,53,,99.469,26.667,11.0,-6.25,1.003,0.971,-0.094,13850,23.922,13.333,11,,,,,,,,,,,,,364
2026-09-25T23:49:45.943,335.104,0,1116.5,43,,99.469,24.314,11.5,-7.031,1.003,0.97,-0.098,13170,23.922,13.725,11,102,,,,,,,,,,,,
2026-09-25T23:49:46.073,335.235,0,1130.25,42,,99.375,23.137,12.0,-7.031,1.003,0.965,-0.105,13050,24.314,13.725,11,,32,,,,,,,,,,,
2026-09-25T23:49:46.203,335.365,0,1142.25,41,,99.156,22.745,12.0,-8.594,1.003,0.956,-0.129,12600,24.314,13.725,12,,,7.031,,,,,,,,,,
2026-09-25T23:49:46.333,335.494,0,1140.5,41,,99.0,22.745,12.0,-9.375,1.003,0.948,-0.145,12040,23.922,13.725,12,,,,13.808,,,,,,,,,
2026-09-25T23:49:46.463,335.624,0,1141.25,42,,98.875,22.745,12.0,-10.156,1.003,0.942,-0.156,11560,22.745,12.941,12,,,,,97,,,,,,,,
2026-09-25T23:49:46.593,335.754,0,1127.75,40,,98.844,21.961,12.5,-10.938,1.003,0.943,-0.156,11370,21.961,12.549,12,,,,,,19,,,,,,,
2026-09-25T23:49:46.733,335.894,0,1106.0,35,,98.812,18.824,14.0,-12.5,1.003,0.914,-0.227,11140,21.569,12.549,12,,,,,,,16.078,,,,,,
2026-09-25T23:49:46.863,336.024,0,1086.5,33,,98.562,17.255,9.5,-14.844,1.003,0.918,-0.219,10830,21.176,12.549,12,,,,,,,,502.6,,,,,
2026-09-25T23:49:46.993,336.154,0,1067.25,33,,98.5,18.431,6.5,-14.062,1.003,0.953,-0.137,10440,21.176,12.549,12,,,,,,,,,0.79,,,,
2026-09-25T23:49:47.124,336.285,0,1058.75,32,,98.5,18.039,5.0,-12.5,1.003,0.984,-0.059,10150,20.784,12.549,12,,,,,,,,,,,0.0,,
2026-09-25T23:49:47.253,336.414,0,1045.0,31,,98.438,18.039,6.5,-11.719,1.003,0.996,-0.031,9770,20.784,12.549,12,,,,,,,,,,,,21.569,
2026-09-25T23:49:47.384,336.545,0,1030.0,31,,98.188,18.431,8.0,-11.719,1.003,0.998,-0.023,9460,20.784,12.549,12,,,,,,,,,,,,,366
2026-09-25T23:49:47.513,336.674,0,1014.5,32,,98.188,19.608,5.5,-10.938,1.003,1.025,0.004,9040,21.176,12.549,12,102,,,,,,,,,,,,
2026-09-25T23:49:47.643,336.804,0,1006.75,34,,98.156,20.784,4.5,-9.375,1.003,1.045,0.027,8610,20.784,12.549,12,,32,,,,,,,,,,,
2026-09-25T23:49:47.773,336.934,0,1012.5,34,,98.125,21.176,-0.5,-8.594,1.003,1.044,0.027,8200,20.0,12.157,12,,,10.156,,,,,,,,,,
2026-09-25T23:49:47.903,337.065,0,1013.5,34,,98.062,18.039,2.0,-9.375,1.003,1.02,0.0,7810,19.608,12.157,12,,,,13.828,,,,,,,,,
2026-09-25T23:49:48.033,337.194,0,999.75,30,,97.875,18.039,6.0,-10.156,1.002,1.005,-0.016,7620,19.608,12.549,12,,,,,97,,,,,,,,
2026-09-25T23:49:48.163,337.324,0,962.0,31,,97.875,18.824,4.0,-9.375,1.003,1.029,0.012,7370,19.608,12.549,12,,,,,,19,,,,,,,
2026-09-25T23:49:48.293,337.454,0,938.0,32,,97.875,19.608,3.5,-7.812,1.003,1.067,0.055,7050,19.608,12.549,12,,,,,,,16.078,,,,,,
2026-09-25T23:49:48.423,337.584,0,932.25,33,,97.875,20.0,2.0,-6.25,1.003,1.08,0.07,6760,20.0,12.549,12,,,,,,,,503.3,,,,,
2026-09-25T23:49:48.553,337.714,0,924.5,34,,97.875,20.392,2.0,-6.25,1.003,1.067,0.055,6390,20.392,12.549,12,,,,,,,,,0.79,,,,
2026-09-25T23:49:48.683,337.844,0,919.5,35,,97.781,21.569,0.5,-5.469,1.003,1.064,0.051,6040,20.392,12.549,12,,,,,,,,,,,0.0,,
2026-09-25T23:49:48.813,337.974,0,918.75,36,,97.625,22.353,-0.5,-5.469,1.003,1.071,0.059,5720,20.392,12.549,12,,,,,,,,,,,,24.706,
2026-09-25T23:49:48.943,338.104,0,919.5,36,,97.531,22.745,-2.0,-3.906,1.003,1.09,0.078,5370,20.392,12.549,12,,,,,,,,,,,,,367
2026-09-25T23:49:49.073,338.234,0,924.75,37,,97.562,22.745,-2.5,-3.125,1.002,1.09,0.078,5050,20.392,12.549,12,102,,,,,,,,,,,,
2026-09-25T23:49:49.203,338.364,0,926.0,37,,97.531,22.353,-1.0,-2.344,1.002,1.082,0.07,4810,20.392,12.549,12,,33,,,,,,,,,,,
2026-09-25T23:49:49.333,338.494,0,927.5,36,,97.531,22.353,-1.0,-2.344,1.002,1.068,0.055,4690,20.392,12.549,12,,,9.375,,,,,,,,,,
2026-09-25T23:49:49.463,338.624,0,928.75,36,,97.531,22.353,-0.5,-1.562,1.002,1.07,0.059,4700,20.392,12.549,11,,,,13.906,,,,,,,,,
2026-09-25T23:49:49.593,338.754,0,930.5,36,,97.531,22.353,1.5,-0.781,1.002,1.074,0.062,4730,21.176,12.941,12,,,,,97,,,,,,,,
2026-09-25T23:49:49.724,338.885,0,942.25,36,,97.531,22.745,4.0,-0.781,1.002,1.077,0.066,4810,21.176,12.941,12,,,,,,19,,,,,,,
2026-09-25T23:49:49.853,339.014,0,961.0,38,,97.531,23.529,0.5,0.0,1.002,1.074,0.062,5280,21.569,12.941,11,,,,,,,16.078,,,,,,
2026-09-25T23:49:49.983,339.145,0,986.5,37,,97.531,23.137,6.5,0.0,1.002,1.064,0.051,5600,23.137,14.118,11,,,,,,,,503.8,,,,,
2026-09-25T23:49:50.113,339.274,0,1027.25,38,,97.5,25.882,3.5,0.0,1.002,1.05,0.035,6020,23.137,13.333,11,,,,,,,,,0.79,,,,
2026-09-25T23:49:50.243,339.404,0,1034.5,42,,97.531,24.706,5.0,0.0,1.002,1.035,0.016,6710,23.137,13.725,11,,,,,,,,,,,0.0,,
2026-09-25T23:49:50.373,339.534,0,1012.0,42,,97.5,25.882,1.5,0.0,1.002,1.021,0.0,7300,23.137,13.725,12,,,,,,,,,,,,30.98,
2026-09-25T23:49:50.503,339.664,0,997.25,43,,97.531,27.843,0.5,-0.781,1.002,1.005,-0.016,7870,23.137,13.333,12,,,,,,,,,,,,,369
2026-09-25T23:49:50.633,339.795,0,991.0,43,,97.531,27.059,2.0,-0.781,1.002,0.997,-0.027,8310,23.137,13.333,11,102,,,,,,,,,,,,
2026-09-25T23:49:50.763,339.924,0,986.75,43,,97.531,27.059,1.5,-0.781,1.001,1.009,-0.012,8290,23.137,13.333,11,,34,,,,,,,,,,,
2026-09-25T23:49:50.894,340.055,0,985.5,43,,97.531,27.451,0.5,0.0,1.001,1.032,0.016,8130,23.137,13.333,12,,,6.25,,,,,,,,,,
2026-09-25T23:49:51.023,340.184,0,991.5,43,,97.531,27.451,0.5,0.781,1.001,1.045,0.027,8100,23.137,13.333,12,,,,13.808,,,,,,,,,
2026-09-25T23:49:51.153,340.314,0,996.25,43,,97.531,27.059,1.0,1.562,1.001,1.044,0.027,8030,23.137,13.333,12,,,,,97,,,,,,,,
2026-09-25T23:49:51.283,340.444,0,1007.25,42,,97.531,27.059,8.0,1.562,1.001,1.044,0.027,7890,23.922,14.118,12,,,,,,19,,,,,,,
2026-09-25T23:49:51.413,340.574,0,1016.0,43,,97.531,27.843,2.0,2.344,1.001,1.045,0.027,8100,23.922,13.725,12,,,,,,,16.078,,,,,,
2026-09-25T23:49:51.543,340.704,0,1018.0,44,,97.531,27.843,2.0,2.344,1.001,1.031,0.012,8430,23.922,13.725,12,,,,,,,,504.1,,,,,
2026-09-25T23:49:51.673,340.834,0,1023.25,44,,97.531,27.451,2.0,1.562,1.001,1.013,-0.008,8580,23.922,13.725,12,,,,,,,,,0.785,,,,
2026-09-25T23:49:51.803,340.964,0,1021.0,44,,97.531,27.843,5.0,1.562,1.001,1.011,-0.008,8620,24.314,14.118,12,,,,,,,,,,,0.0,,
2026-09-25T23:49:51.933,341.094,0,1013.25,45,,97.531,29.02,0.5,2.344,1.001,1.023,0.004,8800,24.314,13.725,12,,,,,,,,,,,,32.549,
2026-09-25T23:49:52.063,341.224,0,1015.5,45,,97.531,28.627,3.0,2.344,1.001,1.019,0.0,9040,24.314,13.725,12,,,,,,,,,,,,,370
2026-09-25T23:49:52.194,341.355,0,1023.5,45,,97.531,28.627,2.0,1.562,1.001,0.999,-0.023,9130,23.922,13.725,12,102,,,,,,,,,,,,
2026-09-25T23:49:52.323,341.484,0,1021.25,46,,97.531,28.627,1.5,1.562,1.001,0.999,-0.023,9220,23.922,13.725,12,,34,,,,,,,,,,,
2026-09-25T23:49:52.463,341.624,0,1022.25,46,,97.562,28.627,1.5,1.562,1.001,1.004,-0.016,9200,24.314,13.725,12,,,6.25,,,,,,,,,,
2026-09-25T23:49:52.593,341.754,0,1027.75,45,,97.562,27.843,3.5,1.562,1.001,0.997,-0.027,8880,24.314,13.725,12,,,,13.925,,,,,,,,,
2026-09-25T23:49:52.723,341.885,0,1020.75,44,,97.594,27.451,3.5,0.781,1.001,0.991,-0.043,8580,24.314,13.725,13,,,,,97,,,,,,,,
2026-09-25T23:49:52.853,342.014,0,1016.75,44,,97.594,27.843,3.0,0.781,1.001,0.987,-0.051,8410,24.314,13.725,12,,,,,,19,,,,,,,
2026-09-25T23:49:52.983,342.144,0,1018.75,44,,97.562,27.843,1.5,0.0,1.001,0.98,-0.07,8510,24.314,13.725,13,,,,,,,16.078,,,,,,
2026-09-25T23:49:53.113,342.274,0,1025.0,45,,97.656,28.627,0.5,0.0,1.001,0.972,-0.094,8890,24.314,13.725,13,,,,,,,,504.3,,,,,
2026-09-25T23:49:53.243,342.404,0,1029.75,44,,97.688,27.451,3.5,-0.781,1.001,0.953,-0.133,8870,23.922,13.725,13,,,,,,,,,0.785,,,,
2026-09-25T23:49:53.373,342.534,0,1029.0,44,,97.656,27.059,4.0,-1.562,1.001,0.944,-0.152,8600,23.922,13.725,13,,,,,,,,,,,0.0,,
2026-09-25T23:49:53.503,342.664,0,1022.0,44,,97.594,27.059,-5.0,-2.344,1.001,0.944,-0.152,8490,22.353,12.549,13,,,,,,,,,,,,30.98,
2026-09-25T23:49:53.634,342.795,0,1016.5,40,,97.844,24.706,-5.5,-3.125,1.001,0.943,-0.156,8290,20.0,11.765,13,,,,,,,,,,,,,372
2026-09-25T23:49:53.763,342.924,0,1003.0,37,,97.875,21.961,-6.0,-3.906,1.001,0.947,-0.148,7890,19.216,11.765,13,102,,,,,,,,,,,,
2026-09-25T23:49:53.893,343.054,0,994.25,33,,97.875,19.608,1.5,-3.906,1.001,0.942,-0.16,7600,20.0,12.157,13,,34,,,,,,,,,,,
2026-09-25T23:49:54.023,343.184,0,986.0,31,,97.781,18.824,3.5,-5.469,1.001,0.93,-0.188,7240,20.392,12.549,13,,,10.156,,,,,,,,,,
2026-09-25T23:49:54.153,343.314,0,983.75,31,,97.688,18.431,11.0,-5.469,1.002,0.94,-0.164,6860,21.176,12.941,13,,,,13.906,,,,,,,,,
2026-09-25T23:49:54.283,343.444,0,987.75,33,,97.562,20.392,10.5,-6.25,1.002,0.937,-0.172,6430,22.353,13.333,13,,,,,97,,,,,,,,
2026-09-25T23:49:54.413,343.574,0,1003.0,34,,97.531,23.137,5.5,-7.031,1.002,0.948,-0.145,6090,21.961,12.941,13,,,,,,19,,,,,,,
2026-09-25T23:49:54.543,343.704,0,1023.0,38,,97.562,22.353,4.0,-5.469,1.002,0.976,-0.086,5690,21.961,12.941,13,,,,,,,16.078,,,,,,
2026-09-25T23:49:54.673,343.834,0,1027.75,37,,97.531,22.353,3.5,-5.469,1.001,0.996,-0.031,5440,21.569,12.941,13,,,,,,,,504.6,,,,,
2026-09-25T23:49:54.803,343.964,0,1014.0,37,,97.531,21.961,1.5,-3.906,1.001,1.021,0.0,5200,21.569,12.941,13,,,,,,,,,0.78,,,,
2026-09-25T23:49:54.933,344.094,0,1010.0,35,,97.562,21.569,0.0,-3.125,1.001,1.033,0.016,4910,20.392,12.157,13,,,,,,,,,,,0.0,,
2026-09-25T23:49:55.063,344.224,0,1003.0,35,,97.562,20.392,-1.0,-2.344,1.001,1.039,0.023,4620,19.216,11.765,14,,,,,,,,,,,,21.569,
2026-09-25T23:49:55.194,344.355,0,991.0,32,,97.531,19.216,-4.5,-2.344,1.001,1.038,0.02,4310,16.863,12.549,13,,,,,,,,,,,,,374
2026-09-25T23:49:55.323,344.484,0,943.75,32,,97.531,19.608,-4.0,-2.344,1.001,1.035,0.016,4030,17.255,12.549,13,102,,,,,,,,,,,,
2026-09-25T23:49:55.463,344.624,0,943.25,35,,97.469,21.176,-8.5,-0.781,1.002,1.056,0.039,3860,18.039,12.549,13,,34,,,,,,,,,,,
2026-09-25T23:49:55.593,344.754,0,941.5,34,,97.531,20.784,-7.0,0.0,1.002,1.091,0.078,3960,19.216,11.765,13,,,9.375,,,,,,,,,,
2026-09-25T23:49:55.723,344.884,0,979.75,32,,97.531,19.216,-2.5,0.781,1.001,1.091,0.078,4080,20.0,12.549,13,,,,13.925,,,,,,,,,
2026-09-25T23:49:55.853,345.014,0,995.5,31,,97.531,18.431,8.0,0.781,1.001,1.07,0.059,4020,19.608,12.549,13,,,,,97,,,,,,,,
2026-09-25T23:49:55.983,345.144,0,992.75,32,,97.531,19.216,3.5,0.781,1.001,1.056,0.039,3850,19.216,12.549,13,,,,,,19,,,,,,,
2026-09-25T23:49:56.113,345.274,0,988.0,33,,97.531,19.216,-3.0,1.562,1.002,1.056,0.039,3760,16.471,12.941,13,,,,,,,16.078,,,,,,
2026-09-25T23:49:56.243,345.404,0,968.0,32,,97.375,20.0,-7.5,1.562,1.002,1.05,0.035,3760,14.51,12.549,13,,,,,,,,505.0,,,,,
2026-09-25T23:49:56.373,345.534,0,959.75,33,,97.531,20.392,-8.0,1.562,1.002,1.041,0.023,3860,14.902,12.549,13,,,,,,,,,0.775,,,,
2026-09-25T23:49:56.503,345.664,0,967.75,33,,97.5,20.0,-8.5,1.562,1.001,1.032,0.016,3900,15.686,12.157,13,,,,,,,,,,,0.0,,
2026-09-25T23:49:56.633,345.794,0,972.5,32,,97.531,18.824,-6.5,1.562,1.001,1.033,0.016,3840,16.863,12.549,13,,,,,,,,,,,,21.569,
2026-09-25T23:49:56.763,345.924,0,956.75,33,,97.469,19.608,-8.0,2.344,1.001,1.037,0.02,3800,16.863,12.549,13,,,,,,,,,,,,,375
2026-09-25T23:49:56.904,346.065,0,953.5,32,,97.438,19.608,-8.5,2.344,1.001,1.045,0.027,3770,16.863,12.549,13,101,,,,,,,,,,,,
2026-09-25T23:49:57.033,346.194,0,947.25,33,,97.5,19.608,-8.5,3.125,1.001,1.055,0.039,3790,16.863,12.157,13,,34,,,,,,,,,,,
2026-09-25T23:49:57.163,346.324,0,941.25,32,,97.5,19.608,-9.0,3.906,1.001,1.062,0.047,3790,16.863,12.157,13,,,9.375,,,,,,,,,,
2026-09-25T23:49:57.293,346.454,0,936.75,32,,97.531,19.216,-8.5,4.688,1.002,1.056,0.039,3790,17.647,12.549,13,,,,13.886,,,,,,,,,
2026-09-25T23:49:57.423,346.584,0,932.25,32,,97.406,19.216,-9.0,4.688,1.001,1.044,0.027,3810,18.824,11.765,13,,,,,97,,,,,,,,
2026-09-25T23:49:57.553,346.714,0,924.75,32,,97.531,19.216,-0.5,4.688,1.002,1.034,0.016,3750,19.608,12.157,13,,,,,,19,,,,,,,
2026-09-25T23:49:57.683,346.844,0,940.0,31,,97.375,18.431,-1.0,4.688,1.002,1.038,0.02,3720,19.216,11.765,12,,,,,,,16.078,,,,,,
2026-09-25T23:49:57.813,346.974,0,919.5,30,,97.438,17.647,3.5,4.688,1.001,1.042,0.023,3620,19.216,12.549,12,,,,,,,,505.3,,,,,
2026-09-25T23:49:57.943,347.104,0,910.0,31,,97.406,18.824,-1.0,5.469,1.001,1.04,0.023,3620,18.824,11.765,12,,,,,,,,,0.775,,,,
2026-09-25T23:49:58.073,347.234,0,909.25,30,,97.344,18.039,-4.5,5.469,1.001,1.028,0.008,3590,16.078,12.941,12,,,,,,,,,,,0.0,,
2026-09-25T23:49:58.203,347.364,0,905.75,30,,97.312,19.608,-10.0,4.688,1.001,1.015,-0.004,3640,15.686,12.157,12,,,,,,,,,,,,21.176,
2026-09-25T23:49:58.334,347.495,0,902.5,32,,97.344,19.216,-9.0,4.688,1.001,1.005,-0.016,3720,16.471,12.549,12,,,,,,,,,,,,,377
2026-09-25T23:49:58.463,347.624,0,889.5,32,,97.219,20.0,-9.5,3.906,1.001,0.996,-0.031,3730,17.255,12.549,12,101,,,,,,,,,,,,
2026-09-25T23:49:58.593,347.754,0,890.75,33,,97.25,20.392,-10.0,3.906,1.001,0.997,-0.027,3830,18.824,12.157,12,,34,,,,,,,,,,,
2026-09-25T23:49:58.723,347.885,0,884.5,33,,97.281,19.608,-2.0,3.906,1.001,0.997,-0.027,3850,19.608,12.549,12,,,8.594,,,,,,,,,,
2026-09-25T23:49:58.853,348.014,0,892.25,33,,97.219,20.0,-2.5,3.906,1.001,0.999,-0.023,3830,20.392,12.549,12,,,,13.828,,,,,,,,,
2026-09-25T23:49:58.983,348.144,0,883.5,32,,97.281,19.608,12.5,3.906,1.001,1.0,-0.02,3880,20.392,12.941,12,,,,,97,,,,,,,,
2026-09-25T23:49:59.113,348.274,0,887.25,35,,97.219,23.137,2.0,3.906,1.001,1.007,-0.012,4130,20.392,12.941,12,,,,,,19,,,,,,,
2026-09-25T23:49:59.243,348.405,0,894.0,37,,97.219,23.529,-0.5,4.688,1.001,1.012,-0.008,4630,20.392,12.941,12,,,,,,,16.078,,,,,,
2026-09-25T23:49:59.373,348.534,0,902.75,38,,97.219,24.314,-2.0,4.688,1.0,1.011,-0.008,5310,20.392,12.941,12,,,,,,,,505.5,,,,,
2026-09-25T23:49:59.503,348.664,0,908.75,39,,97.219,23.922,-4.0,3.906,1.0,0.997,-0.027,5870,20.0,12.549,12,,,,,,,,,0.775,,,,
2026-09-25T23:49:59.633,348.794,0,912.25,36,,97.219,22.745,-4.0,3.906,1.0,0.988,-0.051,6050,18.824,12.157,12,,,,,,,,,,,0.0,,
2026-09-25T23:49:59.763,348.924,0,904.75,35,,97.219,21.961,-7.0,3.125,1.0,0.979,-0.074,5840,18.039,12.549,12,,,,,,,,,,,,23.922,
2026-09-25T23:49:59.893,349.054,0,883.25,35,,97.219,22.353,-8.5,3.125,1.0,0.984,-0.062,5480,17.647,12.941,12,,,,,,,,,,,,,378
2026-09-25T23:50:00.023,349.184,0,859.5,38,,97.219,24.314,-9.5,3.125,1.0,0.995,-0.031,5500,18.039,12.941,12,101,,,,,,,,,,,,
2026-09-25T23:50:00.153,349.314,0,852.75,40,,97.219,25.49,-10.0,3.906,1.0,1.018,-0.004,5750,18.431,12.549,12,,34,,,,,,,,,,,
2026-09-25T23:50:00.283,349.444,0,865.25,40,,97.219,25.882,-9.0,4.688,1.0,1.02,0.0,6210,18.824,12.157,12,,,7.812,,,,,,,,,,
2026-09-25T23:50:00.413,349.574,0,870.75,39,,97.281,23.137,-4.0,4.688,1.0,1.007,-0.012,6250,18.824,12.549,11,,,,13.847,,,,,,,,,
2026-09-25T23:50:00.543,349.704,0,873.0,37,,97.281,23.137,-4.0,3.906,1.0,1.0,-0.02,5950,19.608,12.549,11,,,,,97,,,,,,,,
2026-09-25T23:50:00.673,349.834,0,866.25,37,,97.25,23.137,-2.5,4.688,1.0,1.008,-0.012,5670,19.608,12.549,11,,,,,,19,,,,,,,
2026-09-25T23:50:00.803,349.964,0,864.0,37,,97.25,23.922,-0.5,5.469,1.0,1.023,0.004,5470,20.392,12.941,11,,,,,,,16.078,,,,,,
2026-09-25T23:50:00.933,350.094,0,869.5,38,,97.25,24.314,1.0,6.25,1.0,1.031,0.012,5450,20.784,12.941,11,,,,,,,,505.5,,,,,
2026-09-25T23:50:01.063,350.224,0,890.0,39,,97.219,25.49,-1.5,6.25,1.0,1.025,0.004,5790,20.784,12.941,11,,,,,,,,,0.77,,,,
2026-09-25T23:50:01.193,350.354,0,905.25,40,,97.219,25.49,-2.5,5.469,1.0,1.008,-0.012,6230,20.784,12.941,11,,,,,,,,,,,0.0,,
2026-09-25T23:50:01.322,350.484,0,913.75,39,,97.219,24.706,-2.5,4.688,1.0,0.993,-0.039,6420,18.039,12.157,11,,,,,,,,,,,,25.882,
2026-09-25T23:50:01.453,350.614,0,903.5,39,,97.375,23.922,-10.0,4.688,1.0,0.988,-0.051,6300,14.51,12.941,11,,,,,,,,,,,,,380
2026-09-25T23:50:01.583,350.744,0,871.75,37,,97.281,23.529,-10.0,4.688,1.0,0.993,-0.035,6060,14.902,12.549,11,101,,,,,,,,,,,,
2026-09-25T23:50:01.713,350.874,0,838.5,39,,97.219,25.49,-4.0,4.688,1.0,1.006,-0.016,6020,14.902,12.941,11,,34,,,,,,,,,,,
2026-09-25T23:50:01.843,351.004,0,848.0,42,,97.219,27.451,-11.5,6.25,1.0,1.028,0.008,6320,15.686,12.549,11,,,7.031,,,,,,,,,,
2026-09-25T23:50:01.973,351.134,0,851.75,40,,97.281,25.49,-10.0,6.25,1.0,1.03,0.012,6450,15.686,12.549,11,,,,13.945,,,,,,,,,
2026-09-25T23:50:02.103,351.264,0,852.25,39,,97.344,25.098,-10.0,6.25,1.0,1.02,0.0,6320,15.294,12.549,11,,,,,97,,,,,,,,
2026-09-25T23:50:02.233,351.394,0,840.25,40,,97.281,25.49,-8.5,6.25,1.0,1.017,-0.004,6230,14.902,12.549,11,,,,,,19,,,,,,,
2026-09-25T23:50:02.363,351.524,0,844.25,40,,97.312,25.49,-9.5,6.25,1.0,1.022,0.004,6240,14.902,12.549,12,,,,,,,16.078,,,,,,
2026-09-25T23:50:02.493,351.654,0,850.75,40,,97.438,25.49,-10.0,7.031,1.0,1.022,0.0,6210,14.51,12.549,11,,,,,,,,505.3,,,,,
2026-09-25T23:50:02.623,351.784,0,851.25,40,,97.375,25.49,-10.0,7.031,1.0,1.018,-0.004,6160,14.51,12.549,11,,,,,,,,,0.775,,,,
2026-09-25T23:50:02.753,351.914,0,848.0,40,,97.344,25.49,-10.0,6.25,1.0,1.009,-0.012,6140,14.51,12.549,11,,,,,,,,,,,0.0,,
2026-09-25T23:50:02.883,352.044,0,851.5,40,,97.312,25.49,-10.5,6.25,1.0,1.01,-0.012,6130,14.51,12.549,12,,,,,,,,,,,,26.667,
2026-09-25T23:50:03.013,352.174,0,855.0,39,,97.469,25.098,-10.0,6.25,1.0,1.004,-0.016,6150,14.51,12.549,11,,,,,,,,,,,,,381
2026-09-25T23:50:03.143,352.305,0,854.75,39,,97.406,25.098,-10.0,7.031,1.0,1.009,-0.012,6150,14.51,12.549,11,101,,,,,,,,,,,,
2026-09-25T23:50:03.273,352.434,0,851.25,39,,97.438,25.49,-10.5,7.031,1.0,1.005,-0.016,6130,14.51,12.549,11,,34,,,,,,,,,,,
2026-09-25T23:50:03.403,352.564,0,852.25,39,,97.469,25.49,-10.0,7.031,1.0,1.004,-0.016,6080,14.51,12.549,12,,,7.812,,,,,,,,,,
2026-09-25T23:50:03.533,352.694,0,855.5,39,,97.5,25.49,-10.0,7.031,1.0,1.004,-0.016,6110,14.51,12.549,12,,,,13.867,,,,,,,,,
2026-09-25T23:50:03.663,352.824,0,858.0,39,,97.5,25.098,-10.5,7.031,1.0,1.009,-0.012,6140,14.51,12.549,12,,,,,97,,,,,,,,
2026-09-25T23:50:03.793,352.954,0,861.75,39,,97.438,25.098,-10.0,7.031,1.0,1.003,-0.016,6040,14.51,12.549,12,,,,,,19,,,,,,,
2026-09-25T23:50:03.923,353.084,0,857.75,38,,97.406,24.314,-9.5,7.031,1.0,1.0,-0.02,5860,14.51,12.549,12,,,,,,,16.078,,,,,,
2026-09-25T23:50:04.053,353.215,0,848.25,38,,97.469,24.706,-9.5,7.031,1.0,1.007,-0.012,5760,14.51,12.549,12,,,,,,,,505.1,,,,,
2026-09-25T23:50:04.183,353.344,0,861.75,38,,97.344,24.314,-9.5,7.031,1.0,1.017,-0.004,5680,14.51,12.549,11,,,,,,,,,0.77,,,,
2026-09-25T23:50:04.313,353.474,0,850.75,38,,97.375,24.314,-8.5,7.812,1.0,1.018,-0.004,5660,14.51,12.549,11,,,,,,,,,,,0.0,,
2026-09-25T23:50:04.443,353.605,0,843.75,39,,97.438,24.706,-8.5,7.812,1.0,1.009,-0.012,5740,14.51,12.549,11,,,,,,,,,,,,26.275,
2026-09-25T23:50:04.573,353.734,0,851.0,39,,97.438,25.098,-9.5,7.031,1.0,0.997,-0.027,5810,14.51,12.549,11,,,,,,,,,,,,,383
2026-09-25T23:50:04.703,353.864,0,847.25,39,,97.469,24.706,-8.5,7.031,1.0,0.994,-0.035,5790,14.51,12.549,11,101,,,,,,,,,,,,
2026-09-25T23:50:04.834,353.995,0,841.5,39,,97.438,24.706,-8.0,7.031,1.0,0.993,-0.035,5840,14.51,12.549,11,,35,,,,,,,,,,,
2026-09-25T23:50:04.963,354.124,0,832.75,39,,97.438,24.706,-5.5,7.031,1.0,0.994,-0.035,5890,14.51,12.549,11,,,7.812,,,,,,,,,,
2026-09-25T23:50:05.093,354.254,0,831.75,39,,97.312,25.49,-6.0,7.031,1.0,0.999,-0.023,5980,14.51,12.549,11,,,,13.886,,,,,,,,,
2026-09-25T23:50:05.223,354.384,0,837.75,40,,97.469,25.882,-7.0,7.031,1.0,1.003,-0.016,6230,14.51,12.549,11,,,,,97,,,,,,,,
2026-09-25T23:50:05.353,354.514,0,845.75,40,,97.5,25.49,-8.5,7.031,1.0,1.001,-0.02,6380,14.51,12.549,10,,,,,,19,,,,,,,
2026-09-25T23:50:05.483,354.644,0,847.5,40,,97.406,25.49,-8.5,6.25,1.0,0.992,-0.039,6390,14.51,12.549,10,,,,,,,16.078,,,,,,
2026-09-25T23:50:05.613,354.774,0,845.75,40,,97.469,26.275,-7.5,6.25,1.0,0.992,-0.039,6500,14.51,12.941,10,,,,,,,,504.9,,,,,
2026-09-25T23:50:05.743,354.904,0,842.0,40,,97.438,25.882,-6.5,6.25,1.0,0.994,-0.035,6560,14.51,12.549,10,,,,,,,,,0.77,,,,
2026-09-25T23:50:05.873,355.034,0,845.5,41,,97.469,26.667,-8.5,6.25,1.0,0.993,-0.035,6660,14.51,12.549,10,,,,,,,,,,,0.0,,
2026-09-25T23:50:06.003,355.164,0,848.25,40,,97.5,26.275,-7.0,6.25,1.0,0.992,-0.039,6670,14.51,12.941,10,,,,,,,,,,,,27.843,
2026-09-25T23:50:06.133,355.294,0,853.5,41,,97.438,26.667,-9.5,6.25,1.0,0.99,-0.043,6710,14.51,12.549,10,,,,,,,,,,,,,385
2026-09-25T23:50:06.263,355.424,0,848.5,41,,97.5,26.275,-8.5,6.25,1.0,0.992,-0.039,6730,14.51,12.549,10,101,,,,,,,,,,,,
2026-09-25T23:50:06.393,355.554,0,844.75,41,,97.531,26.667,-6.0,6.25,1.0,0.99,-0.047,6760,14.51,12.941,10,,35,,,,,,,,,,,
2026-09-25T23:50:06.523,355.684,0,845.75,41,,97.375,26.667,-8.0,6.25,1.0,0.992,-0.043,6710,14.51,12.549,10,,,7.031,,,,,,,,,,
2026-09-25T23:50:06.653,355.814,0,848.75,41,,97.531,26.667,-7.5,6.25,1.0,0.997,-0.027,6810,14.51,12.549,10,,,,13.867,,,,,,,,,
2026-09-25T23:50:06.783,355.944,0,849.25,41,,97.531,26.275,-8.5,6.25,1.0,0.997,-0.027,6810,14.51,12.941,10,,,,,97,,,,,,,,
2026-09-25T23:50:06.913,356.074,0,853.75,41,,97.469,27.059,-9.0,6.25,1.0,0.996,-0.027,6840,14.51,12.549,9,,,,,,19,,,,,,,
2026-09-25T23:50:07.043,356.204,0,862.75,41,,97.531,26.667,-9.0,6.25,1.0,0.992,-0.039,6880,14.51,12.549,10,,,,,,,16.078,,,,,,
2026-09-25T23:50:07.173,356.334,0,868.5,41,,97.531,25.882,-9.0,5.469,0.999,0.987,-0.055,6890,14.51,12.549,10,,,,,,,,504.6,,,,,
2026-09-25T23:50:07.303,356.465,0,870.5,41,,97.531,25.882,-10.0,5.469,0.999,0.987,-0.051,6840,14.51,12.549,9,,,,,,,,,0.77,,,,
2026-09-25T23:50:07.433,356.594,0,869.0,41,,97.531,26.275,-9.0,5.469,0.999,0.99,-0.043,6790,14.51,12.549,9,,,,,,,,,,,0.0,,
2026-09-25T23:50:07.563,356.724,0,870.25,41,,97.531,26.275,-9.5,5.469,0.999,0.989,-0.047,6720,14.51,12.941,9,,,,,,,,,,,,27.843,
2026-09-25T23:50:07.693,356.854,0,871.5,40,,97.531,25.882,-8.5,5.469,0.999,0.99,-0.043,6730,14.51,12.941,9,,,,,,,,,,,,,386
2026-09-25T23:50:07.823,356.984,0,869.25,41,,97.531,26.667,-9.0,5.469,0.999,0.991,-0.043,6790,14.51,12.941,9,101,,,,,,,,,,,,
2026-09-25T23:50:07.953,357.114,0,878.5,41,,97.531,26.667,-10.0,5.469,0.999,0.988,-0.051,6860,14.51,12.549,9,,35,,,,,,,,,,,
2026-09-25T23:50:08.083,357.244,0,882.25,41,,97.531,26.275,-10.5,5.469,0.999,0.986,-0.055,6780,14.51,12.549,9,,,7.812,,,,,,,,,,
2026-09-25T23:50:08.213,357.374,0,878.25,40,,97.531,25.098,-8.5,4.688,0.999,0.986,-0.055,6510,14.51,12.941,9,,,,13.828,,,,,,,,,
2026-09-25T23:50:08.343,357.504,0,872.75,40,,97.531,25.882,-8.5,5.469,0.999,0.993,-0.035,6440,14.51,12.941,9,,,,,97,,,,,,,,
2026-09-25T23:50:08.473,357.635,0,869.0,41,,97.531,26.275,-10.0,5.469,1.0,0.999,-0.023,6560,14.51,12.549,9,,,,,,19,,,,,,,
2026-09-25T23:50:08.603,357.764,0,872.0,41,,97.531,26.275,-10.0,5.469,1.0,0.997,-0.027,6710,14.51,12.549,9,,,,,,,16.078,,,,,,
2026-09-25T23:50:08.733,357.894,0,871.75,40,,97.531,25.882,-9.0,5.469,0.999,0.986,-0.055,6670,14.51,12.549,9,,,,,,,,504.3,,,,,
2026-09-25T23:50:08.863,358.024,0,873.25,40,,97.531,25.882,-8.5,4.688,0.999,0.982,-0.062,6570,14.51,12.941,9,,,,,,,,,0.765,,,,
2026-09-25T23:50:08.993,358.154,0,873.5,40,,97.531,25.882,-9.5,4.688,1.0,0.986,-0.055,6590,14.51,12.549,8,,,,,,,,,,,0.0,,
2026-09-25T23:50:09.123,358.284,0,871.75,41,,97.531,26.275,-9.5,4.688,1.0,0.991,-0.043,6700,14.51,12.549,8,,,,,,,,,,,,27.843,
2026-09-25T23:50:09.253,358.414,0,875.5,40,,97.531,25.882,-9.0,4.688,1.0,0.987,-0.051,6680,14.51,12.549,8,,,,,,,,,,,,,388
2026-09-25T23:50:09.383,358.544,0,876.5,40,,97.531,25.49,-9.0,3.906,1.0,0.986,-0.055,6580,14.51,12.941,8,101,,,,,,,,,,,,
2026-09-25T23:50:09.513,358.674,0,872.0,40,,97.531,25.882,-9.0,3.906,1.0,0.99,-0.047,6610,14.51,12.941,8,,35,,,,,,,,,,,
2026-09-25T23:50:09.643,358.804,0,868.75,41,,97.531,26.275,-10.0,4.688,1.0,0.993,-0.039,6710,14.51,12.941,8,,,7.031,,,,,,,,,,
2026-09-25T23:50:09.773,358.934,0,872.0,41,,97.531,26.275,-10.0,4.688,1.0,0.99,-0.047,6810,14.51,12.941,8,,,,13.925,,,,,,,,,
2026-09-25T23:50:09.903,359.064,0,878.0,41,,97.531,26.275,-10.5,3.906,1.0,0.983,-0.062,6840,14.51,12.549,8,,,,,97,,,,,,,,
2026-09-25T23:50:10.033,359.194,0,879.0,41,,97.531,26.275,-10.0,3.906,0.999,0.981,-0.066,6770,14.51,12.549,8,,,,,,19,,,,,,,
2026-09-25T23:50:10.163,359.324,0,877.5,40,,97.531,25.49,-10.0,3.125,0.999,0.981,-0.07,6570,14.51,12.549,8,,,,,,,16.078,,,,,,
2026-09-25T23:50:10.293,359.455,0,871.0,40,,97.531,25.49,-8.5,3.906,0.999,0.989,-0.047,6440,14.51,12.549,8,,,,,,,,504.1,,,,,
2026-09-25T23:50:10.423,359.584,0,864.5,40,,97.531,25.49,-8.5,3.906,1.0,0.996,-0.031,6340,14.51,12.549,8,,,,,,,,,0.765,,,,
2026-09-25T23:50:10.553,359.714,0,859.0,40,,97.531,25.882,-8.5,3.906,1.0,1.004,-0.016,6390,14.51,12.549,8,,,,,,,,,,,0.0,,
2026-09-25T23:50:10.683,359.844,0,861.75,40,,97.531,25.49,-8.5,4.688,1.0,1.007,-0.012,6410,14.51,12.941,8,,,,,,,,,,,,27.843,
2026-09-25T23:50:10.813,359.975,0,869.25,40,,97.531,26.275,-9.5,4.688,1.0,1.002,-0.02,6460,14.51,12.941,8,,,,,,,,,,,,,389
2026-09-25T23:50:10.943,360.104,0,871.25,40,,97.531,26.275,-10.0,3.906,1.0,0.998,-0.023,6600,14.51,12.549,8,101,,,,,,,,,,,,
2026-09-25T23:50:11.073,360.234,0,876.25,40,,97.531,26.275,-10.5,3.906,1.0,0.99,-0.043,6670,14.51,12.549,8,,35,,,,,,,,,,,
2026-09-25T23:50:11.203,360.364,0,876.25,40,,97.531,24.706,-9.0,3.906,1.0,0.987,-0.051,6500,14.51,12.941,7,,,7.812,,,,,,,,,,
2026-09-25T23:50:11.333,360.495,0,862.25,40,,97.531,25.882,-9.0,3.906,1.0,0.993,-0.039,6280,14.51,12.549,7,,,,13.847,,,,,,,,,
2026-09-25T23:50:11.463,360.624,0,843.25,40,,97.531,25.882,-7.0,4.688,1.0,1.016,-0.004,6350,14.51,12.549,7,,,,,97,,,,,,,,
2026-09-25T23:50:11.593,360.754,0,844.5,41,,97.531,26.667,-8.5,5.469,1.0,1.028,0.008,6520,14.51,12.549,7,,,,,,19,,,,,,,
2026-09-25T23:50:11.723,360.884,0,852.5,40,,97.531,25.882,-7.5,5.469,1.0,1.022,0.004,6510,14.51,12.549,7,,,,,,,16.078,,,,,,
2026-09-25T23:50:11.853,361.014,0,844.75,40,,97.531,25.882,-7.5,5.469,1.0,1.013,-0.008,6440,14.51,12.549,7,,,,,,,,504.0,,,,,
2026-09-25T23:50:11.983,361.144,0,843.25,40,,97.531,25.882,-7.5,4.688,1.0,1.011,-0.008,6560,14.51,12.941,7,,,,,,,,,0.765,,,,
2026-09-25T23:50:12.113,361.275,0,846.25,41,,97.531,26.667,-8.5,5.469,1.0,1.018,-0.004,6710,14.51,12.549,7,,,,,,,,,,,0.0,,
2026-09-25T23:50:12.243,361.404,0,852.0,41,,97.531,26.667,-9.5,5.469,1.0,1.014,-0.008,6860,14.51,12.549,7,,,,,,,,,,,,27.843,
2026-09-25T23:50:12.373,361.534,0,852.0,41,,97.531,26.275,-8.5,5.469,0.999,1.006,-0.016,6720,14.51,12.549,7,,,,,,,,,,,,,391
2026-09-25T23:50:12.503,361.664,0,843.75,40,,97.531,26.667,-7.5,4.688,0.999,0.998,-0.023,6670,14.51,12.549,6,101,,,,,,,,,,,,
2026-09-25T23:50:12.632,361.794,0,840.5,41,,97.531,25.882,-9.0,5.469,1.0,1.002,-0.02,6750,14.51,12.549,6,,35,,,,,,,,,,,
2026-09-25T23:50:12.763,361.924,0,836.0,40,,97.531,25.49,-12.5,5.469,0.999,1.006,-0.016,6620,14.51,12.157,6,,,7.812,,,,,,,,,,
2026-09-25T23:50:12.892,362.054,0,826.75,40,,97.531,25.882,-4.0,5.469,1.0,1.014,-0.008,6410,14.51,13.333,5,,,,13.886,,,,,,,,,
2026-09-25T23:50:13.023,362.184,0,822.25,41,,97.375,27.843,-6.0,6.25,1.0,1.017,-0.004,6180,14.51,12.549,5,,,,,97,,,,,,,,
2026-09-25T23:50:13.153,362.314,0,828.25,41,,97.531,25.882,-8.5,6.25,1.0,1.022,0.004,6270,14.51,12.549,5,,,,,,19,,,,,,,
2026-09-25T23:50:13.283,362.444,0,837.5,40,,97.531,25.882,-8.5,6.25,1.0,1.013,-0.008,6260,14.51,12.549,5,,,,,,,16.078,,,,,,
2026-09-25T23:50:13.413,362.574,0,851.75,39,,97.531,24.314,-9.5,5.469,1.0,0.996,-0.031,6060,14.51,12.549,5,,,,,,,,503.8,,,,,
2026-09-25T23:50:13.543,362.704,0,859.25,38,,97.531,24.314,-9.5,5.469,1.0,0.988,-0.051,5770,14.51,12.549,5,,,,,,,,,0.76,,,,
2026-09-25T23:50:13.672,362.834,0,848.75,38,,97.531,24.314,-8.0,5.469,1.0,0.995,-0.035,5620,14.902,12.549,5,,,,,,,,,,,0.0,,
2026-09-25T23:50:13.803,362.964,0,841.25,38,,97.531,25.098,-7.0,5.469,1.0,1.005,-0.016,5510,16.471,12.549,5,,,,,,,,,,,,26.667,
2026-09-25T23:50:13.933,363.094,0,845.0,39,,97.531,25.098,-5.0,6.25,1.0,1.016,-0.004,5710,20.784,12.549,5,,,,,,,,,,,,,392
2026-09-25T23:50:14.062,363.224,0,870.0,38,,97.531,23.922,10.0,6.25,1.0,1.009,-0.012,5770,22.353,13.725,5,101,,,,,,,,,,,,
2026-09-25T23:50:14.192,363.354,0,925.75,41,,97.281,27.451,0.5,5.469,1.0,0.995,-0.031,6200,22.745,13.333,5,,35,,,,,,,,,,,
2026-09-25T23:50:14.322,363.484,0,997.25,44,,97.375,27.451,2.0,5.469,1.0,0.989,-0.047,6780,23.137,13.725,5,,,5.469,,,,,,,,,,
2026-09-25T23:50:14.453,363.614,0,1070.5,44,,97.375,26.275,-1.5,4.688,0.999,0.96,-0.117,7550,23.137,13.725,5,,,,13.789,,,,,,,,,
2026-09-25T23:50:14.582,363.744,0,1080.75,42,,97.5,24.706,2.0,2.344,1.0,0.942,-0.156,8100,23.137,13.333,5,,,,,97,,,,,,,,
2026-09-25T23:50:14.713,363.874,0,1042.0,41,,97.531,24.314,5.5,1.562,1.0,0.945,-0.152,8100,23.137,13.725,5,,,,,,19,,,,,,,
2026-09-25T23:50:14.842,364.004,0,1008.0,41,,97.531,25.882,6.5,1.562,1.0,0.962,-0.113,7870,23.529,13.725,6,,,,,,,16.078,,,,,,
2026-09-25T23:50:14.973,364.135,0,982.25,43,,97.531,27.451,3.0,2.344,1.0,0.983,-0.062,8030,23.529,13.725,6,,,,,,,,503.8,,,,,
2026-09-25T23:50:15.103,364.264,0,982.5,45,,97.531,28.235,2.0,2.344,1.0,0.984,-0.062,8440,24.314,14.118,6,,,,,,,,,0.76,,,,
2026-09-25T23:50:15.232,364.394,0,998.5,46,,97.531,29.412,1.5,2.344,0.999,0.982,-0.062,8780,24.314,13.725,6,,,,,,,,,,,0.0,,
2026-09-25T23:50:15.362,364.524,0,1011.75,47,,97.531,29.804,-1.0,2.344,0.999,0.982,-0.066,9290,24.314,13.725,6,,,,,,,,,,,,32.941,
2026-09-25T23:50:15.493,364.654,0,1016.25,46,,97.531,29.02,2.5,1.562,1.0,0.973,-0.09,9380,24.314,13.725,7,,,,,,,,,,,,,394
2026-09-25T23:50:15.623,364.785,0,1019.0,46,,97.531,29.804,3.5,0.781,0.999,0.969,-0.098,9340,25.098,14.118,7,101,,,,,,,,,,,,
2026-09-25T23:50:15.752,364.914,0,1014.0,47,,97.531,30.588,2.5,0.781,0.999,0.977,-0.082,9600,25.098,14.118,7,,35,,,,,,,,,,,
2026-09-25T23:50:15.883,365.044,0,1016.5,48,,97.531,30.98,4.5,1.562,1.0,0.984,-0.059,10080,25.882,14.51,7,,,5.469,,,,,,,,,,
2026-09-25T23:50:16.012,365.174,0,1015.75,49,,97.531,33.333,2.0,1.562,1.0,0.988,-0.051,10660,26.275,14.51,7,,,,13.867,,,,,,,,,
2026-09-25T23:50:16.143,365.304,0,1013.75,52,,97.531,33.725,8.5,0.781,1.0,0.988,-0.051,11410,27.059,15.294,8,,,,,97,,,,,,,,
2026-09-25T23:50:16.273,365.434,0,1026.75,54,,97.531,35.686,3.5,0.781,1.0,0.989,-0.047,11990,27.059,14.902,8,,,,,,19,,,,,,,
2026-09-25T23:50:16.403,365.564,0,1042.0,55,,97.562,35.294,3.5,0.781,1.0,0.983,-0.062,12670,27.059,14.902,8,,,,,,,16.078,,,,,,
2026-09-25T23:50:16.532,365.694,0,1057.0,56,,97.812,34.902,2.5,0.0,1.0,0.979,-0.074,13080,27.059,14.902,9,,,,,,,,503.1,,,,,
2026-09-25T23:50:16.663,365.825,0,1077.25,55,,97.875,33.725,1.5,0.0,1.0,0.98,-0.07,13000,26.667,14.902,9,,,,,,,,,0.755,,,,
2026-09-25T23:50:16.792,365.954,0,1089.75,54,,97.875,32.549,6.5,0.0,1.0,0.984,-0.062,12540,26.667,14.51,9,,,,,,,,,,,0.0,,
2026-09-25T23:50:16.923,366.084,0,1102.5,51,,97.938,29.804,10.5,0.0,1.0,0.974,-0.09,12010,26.667,14.51,9,,,,,,,,,,,,37.255,
2026-09-25T23:50:17.053,366.214,0,1110.0,51,,98.031,29.412,11.0,0.0,1.0,0.973,-0.09,11530,26.667,14.902,9,,,,,,,,,,,,,395
2026-09-25T23:50:17.182,366.344,0,1121.75,50,,98.125,29.02,11.0,-0.781,1.0,0.971,-0.094,11060,27.059,14.902,9,101,,,,,,,,,,,,
2026-09-25T23:50:17.312,366.474,0,1136.75,50,,98.094,28.627,11.0,-1.562,1.0,0.968,-0.102,10920,27.059,14.902,9,,35,,,,,,,,,,,
2026-09-25T23:50:17.442,366.604,0,1155.75,51,,98.125,28.627,11.0,-2.344,1.0,0.964,-0.109,11080,27.059,14.902,10,,,5.469,,,,,,,,,,
2026-09-25T23:50:17.573,366.734,0,1171.0,51,,98.156,27.843,11.5,-2.344,1.0,0.96,-0.121,11250,27.059,14.902,10,,,,13.847,,,,,,,,,
2026-09-25T23:50:17.703,366.864,0,1186.75,51,,98.188,26.667,12.0,-3.125,1.0,0.955,-0.129,11050,27.059,14.902,10,,,,,97,,,,,,,,
2026-09-25T23:50:17.832,366.994,0,1204.0,50,,98.188,26.275,12.5,-3.906,1.0,0.963,-0.113,10830,27.059,14.902,10,,,,,,19,,,,,,,
2026-09-25T23:50:17.963,367.124,0,1222.0,50,,98.188,25.49,12.5,-3.906,1.0,0.969,-0.098,10690,27.059,15.294,10,,,,,,,16.078,,,,,,
2026-09-25T23:50:18.093,367.254,0,1240.0,51,,98.188,25.882,13.0,-3.906,1.0,0.97,-0.098,11040,27.059,15.294,10,,,,,,,,502.5,,,,,
2026-09-25T23:50:18.223,367.384,0,1258.5,51,,98.188,25.098,13.0,-4.688,1.0,0.968,-0.102,11110,27.059,15.294,10,,,,,,,,,0.755,,,,
2026-09-25T23:50:18.353,367.514,0,1257.75,51,,98.188,24.706,13.0,-4.688,1.0,0.976,-0.086,11090,27.843,15.294,10,,,,,,,,,,,0.0,,
2026-09-25T23:50:18.482,367.644,0,1234.0,52,,98.188,25.49,12.5,-4.688,1.0,0.98,-0.07,11350,28.235,15.686,11,,,,,,,,,,,,38.431,
2026-09-25T23:50:18.613,367.774,0,1279.75,54,,98.188,25.882,13.0,-5.469,1.0,0.98,-0.07,11990,28.235,16.078,10,,,,,,,,,,,,,397
2026-09-25T23:50:18.742,367.904,0,1270.5,58,,98.188,27.843,12.5,-5.469,1.0,0.982,-0.066,12550,28.627,16.471,11,100,,,,,,,,,,,,
2026-09-25T23:50:18.872,368.034,0,1245.25,62,,98.188,28.627,12.0,-5.469,1.0,0.99,-0.043,12860,29.02,16.863,11,,34,,,,,,,,,,,
2026-09-25T23:50:19.002,368.164,0,1198.5,63,,98.219,32.157,11.0,-4.688,1.0,1.013,-0.008,12910,29.02,16.078,11,,,4.688,,,,,,,,,,
2026-09-25T23:50:19.133,368.294,0,1159.25,63,,98.5,33.333,10.5,-3.125,1.0,1.034,0.016,13570,29.02,16.078,11,,,,13.789,,,,,,,,,
2026-09-25T23:50:19.263,368.424,0,1148.5,62,,98.5,34.118,10.5,-3.125,1.0,1.027,0.008,14320,29.02,16.078,11,,,,,97,,,,,,,,
2026-09-25T23:50:19.392,368.554,0,1139.5,62,,98.625,34.51,10.0,-3.125,1.0,1.021,0.0,14430,29.02,16.078,11,,,,,,19,,,,,,,
2026-09-25T23:50:19.523,368.685,0,1127.75,64,,98.812,35.686,10.0,-3.125,1.0,1.014,-0.008,13960,29.02,16.078,11,,,,,,,16.078,,,,,,
2026-09-25T23:50:19.653,368.814,0,1115.75,63,,98.812,35.686,10.5,-2.344,1.0,1.034,0.016,14040,29.02,16.078,12,,,,,,,,501.4,,,,,
2026-09-25T23:50:19.783,368.944,0,1113.25,62,,98.812,36.078,10.0,-0.781,1.0,1.04,0.023,14340,29.02,16.078,12,,,,,,,,,0.755,,,,
2026-09-25T23:50:19.913,369.074,0,1109.0,62,,99.031,36.078,9.5,-1.562,1.0,1.024,0.004,14140,29.02,16.078,12,,,,,,,,,,,0.0,,
2026-09-25T23:50:20.043,369.204,0,1109.75,62,,99.094,36.078,9.5,-1.562,1.0,1.025,0.004,13900,29.02,16.078,12,,,,,,,,,,,,45.49,
2026-09-25T23:50:20.173,369.335,0,1100.5,63,,99.125,36.471,9.5,-0.781,1.0,1.027,0.008,13860,29.02,16.078,12,,,,,,,,,,,,,399
2026-09-25T23:50:20.302,369.464,0,1097.25,63,,99.156,36.863,9.5,-0.781,1.0,1.024,0.004,13930,28.627,16.078,12,100,,,,,,,,,,,,
2026-09-25T23:50:20.433,369.594,0,1096.75,63,,99.156,36.863,9.5,0.0,1.0,1.016,-0.004,13990,28.627,15.686,12,,34,,,,,,,,,,,
2026-09-25T23:50:20.562,369.724,0,1100.5,63,,99.156,36.863,9.5,-0.781,1.0,1.008,-0.012,13850,28.627,15.686,12,,,4.688,,,,,,,,,,
2026-09-25T23:50:20.693,369.855,0,1096.25,63,,99.188,36.471,9.5,-0.781,1.0,1.013,-0.008,13770,28.627,15.686,13,,,,13.906,,,,,,,,,
2026-09-25T23:50:20.822,369.984,0,1096.5,62,,99.406,37.255,9.5,0.0,1.0,1.018,-0.004,13990,28.235,15.686,13,,,,,97,,,,,,,,
2026-09-25T23:50:20.953,370.114,0,1095.75,61,,99.438,36.078,9.5,0.0,1.0,1.002,-0.02,14000,28.235,15.294,13,,,,,,20,,,,,,,
2026-09-25T23:50:21.083,370.244,0,1092.25,59,,99.469,35.294,9.5,0.0,1.0,1.009,-0.012,13620,28.235,15.294,13,,,,,,,16.078,,,,,,
2026-09-25T23:50:21.212,370.374,0,1089.0,58,,99.25,36.078,5.5,0.0,1.0,1.017,-0.004,13150,28.235,15.686,13,,,,,,,,500.5,,,,,
2026-09-25T23:50:21.342,370.504,0,1094.25,60,,99.438,36.078,6.0,0.0,1.0,1.021,0.0,13160,28.235,15.686,13,,,,,,,,,0.755,,,,
2026-09-25T23:50:21.473,370.634,0,1109.0,59,,99.406,34.118,6.5,0.0,1.0,1.007,-0.012,12900,28.235,15.686,13,,,,,,,,,,,0.0,,
2026-09-25T23:50:21.602,370.764,0,1104.25,59,,99.438,34.118,8.5,0.0,1.0,1.013,-0.008,12960,27.059,14.902,13,,,,,,,,,,,,42.745,
2026-09-25T23:50:21.733,370.895,0,1099.75,55,,99.469,32.157,10.0,0.0,1.0,1.009,-0.012,13040,26.667,14.51,14,,,,,,,,,,,,,400
2026-09-25T23:50:21.863,371.024,0,1094.5,53,,99.469,30.98,10.5,0.0,1.0,1.0,-0.02,12760,26.275,14.51,13,101,,,,,,,,,,,,
2026-09-25T23:50:21.993,371.154,0,1091.25,51,,99.469,30.196,10.5,0.0,1.0,0.997,-0.027,12040,26.667,14.51,13,,34,,,,,,,,,,,
2026-09-25T23:50:22.122,371.284,0,1089.25,50,,99.188,30.196,10.5,0.0,1.0,1.002,-0.02,11540,26.667,14.51,13,,,5.469,,,,,,,,,,
2026-09-25T23:50:22.253,371.415,0,1094.5,50,,99.156,30.196,10.5,0.0,1.0,1.003,-0.016,11070,26.667,14.51,13,,,,13.886,,,,,,,,,
2026-09-25T23:50:22.382,371.544,0,1092.25,50,,99.156,29.804,10.5,0.0,1.0,1.002,-0.02,11040,26.667,14.51,13,,,,,97,,,,,,,,
2026-09-25T23:50:22.513,371.674,0,1091.0,50,,99.125,29.804,10.5,0.0,1.0,1.002,-0.02,10740,26.667,14.51,13,,,,,,20,,,,,,,
2026-09-25T23:50:22.642,371.804,0,1089.25,51,,99.0,30.196,8.0,0.0,1.0,0.999,-0.023,10510,26.667,14.902,13,,,,,,,16.078,,,,,,
2026-09-25T23:50:22.773,371.934,0,1085.5,52,,98.844,30.98,3.5,0.0,1.0,1.007,-0.012,11130,26.667,14.51,13,,,,,,,,500.5,,,,,
2026-09-25T23:50:22.903,372.064,0,1095.0,52,,98.812,30.588,8.0,0.781,1.0,1.014,-0.008,11610,26.667,14.902,13,,,,,,,,,0.75,,,,
2026-09-25T23:50:23.033,372.194,0,1093.5,51,,98.844,30.588,8.0,0.0,1.0,0.999,-0.023,11550,26.667,14.902,13,,,,,,,,,,,0.0,,
2026-09-25T23:50:23.163,372.325,0,1087.75,52,,98.812,30.98,6.0,0.0,1.0,0.996,-0.031,11510,26.667,14.51,13,,,,,,,,,,,,37.647,
2026-09-25T23:50:23.292,372.453,0,1092.75,52,,98.812,30.588,8.5,0.0,1.0,0.996,-0.031,11370,26.667,14.51,13,,,,,,,,,,,,,402
2026-09-25T23:50:23.423,372.584,0,1089.5,51,,98.812,30.196,10.5,0.0,1.0,0.995,-0.031,11090,26.667,14.902,13,101,,,,,,,,,,,,
2026-09-25T23:50:23.552,372.713,0,1082.75,51,,98.75,30.98,5.0,0.0,1.0,0.997,-0.027,11000,26.275,14.902,14,,34,,,,,,,,,,,
2026-09-25T23:50:23.683,372.844,0,1083.25,53,,98.812,31.765,-3.5,0.0,1.0,1.0,-0.02,11390,25.098,14.118,13,,,5.469,,,,,,,,,,
2026-09-25T23:50:23.813,372.974,0,1083.75,51,,98.812,28.627,2.0,0.0,1.0,0.992,-0.039,11410,25.49,14.118,13,,,,13.886,,,,,,,,,
2026-09-25T23:50:23.943,373.104,0,1115.25,47,,98.812,27.059,6.5,0.0,1.0,0.985,-0.059,10960,25.49,14.118,13,,,,,97,,,,,,,,
2026-09-25T23:50:24.073,373.234,0,1112.0,46,,98.75,26.667,6.0,0.0,1.0,0.997,-0.027,10550,25.49,14.118,13,,,,,,20,,,,,,,
2026-09-25T23:50:24.203,373.364,0,1094.75,46,,98.812,26.667,11.0,0.0,1.0,1.002,-0.02,10120,25.882,14.51,13,,,,,,,16.078,,,,,,
2026-09-25T23:50:24.333,373.494,0,1088.25,46,,98.5,27.843,8.0,0.0,1.0,1.001,-0.02,9890,25.882,14.118,13,,,,,,,,501.0,,,,,
2026-09-25T23:50:24.463,373.624,0,1086.0,47,,98.5,28.235,8.0,0.0,1.0,0.995,-0.035,9950,25.882,14.51,13,,,,,,,,,0.75,,,,
2026-09-25T23:50:24.592,373.754,0,1083.5,48,,98.5,28.627,3.5,0.0,1.0,0.982,-0.066,10100,25.49,14.118,13,,,,,,,,,,,0.0,,
2026-09-25T23:50:24.722,373.884,0,1122.25,47,,98.5,27.059,11.5,-0.781,1.0,0.974,-0.09,9810,25.882,14.51,13,,,,,,,,,,,,33.725,
2026-09-25T23:50:24.853,374.014,0,1179.75,46,,98.5,25.098,12.5,-1.562,1.0,0.979,-0.078,9800,25.882,14.51,12,,,,,,,,,,,,,403
2026-09-25T23:50:24.983,374.144,0,1232.75,46,,98.5,23.922,13.5,-1.562,1.0,0.98,-0.07,9570,25.49,14.902,12,101,,,,,,,,,,,,
2026-09-25T23:50:25.113,374.274,0,1286.5,46,,98.469,22.353,14.0,-1.562,1.0,0.979,-0.074,9510,25.882,14.902,12,,34,,,,,,,,,,,
2026-09-25T23:50:25.243,374.404,0,1331.0,47,,98.312,21.176,14.0,-2.344,1.0,0.979,-0.074,9470,25.882,14.902,12,,,5.469,,,,,,,,,,
2026-09-25T23:50:25.372,374.534,0,1355.0,47,,98.375,20.392,14.0,-2.344,1.0,0.975,-0.086,9420,25.882,15.294,12,,,,13.847,,,,,,,,,
2026-09-25T23:50:25.503,374.664,0,1376.5,47,,98.281,20.0,14.0,-2.344,1.0,0.981,-0.066,9500,25.882,15.294,12,,,,,97,,,,,,,,
2026-09-25T23:50:25.633,374.794,0,1412.0,47,,98.219,19.608,14.5,-3.125,1.0,0.979,-0.074,9730,25.882,15.686,12,,,,,,20,,,,,,,
2026-09-25T23:50:25.763,374.924,0,1459.0,47,,98.188,19.216,14.5,-3.125,1.0,0.982,-0.066,10070,25.882,15.686,12,,,,,,,16.078,,,,,,
2026-09-25T23:50:25.892,375.054,0,1454.0,48,,98.188,18.431,14.5,-3.125,1.0,0.981,-0.07,10470,25.882,15.294,12,,,,,,,,502.1,,,,,
2026-09-25T23:50:26.023,375.184,0,1426.5,48,,98.469,18.824,14.5,-3.906,1.0,0.981,-0.066,10370,25.882,15.294,12,,,,,,,,,0.75,,,,
2026-09-25T23:50:26.153,375.314,0,1456.25,49,,98.375,18.824,14.5,-3.906,1.0,0.995,-0.031,9830,25.49,15.294,12,,,,,,,,,,,0.0,,
2026-09-25T23:50:26.282,375.444,0,1465.5,49,,98.5,18.039,14.5,-2.344,1.0,1.011,-0.008,9760,25.49,15.294,12,,,,,,,,,,,,31.765,
2026-09-25T23:50:26.413,375.574,0,1472.0,48,,98.469,17.647,15.0,-3.125,1.0,1.0,-0.02,9630,25.882,15.686,12,,,,,,,,,,,,,405
2026-09-25T23:50:26.543,375.704,0,1491.75,49,,98.469,17.647,15.0,-3.125,1.0,0.999,-0.023,9930,25.882,15.686,12,100,,,,,,,,,,,,
2026-09-25T23:50:26.672,375.834,0,1505.0,50,,98.469,17.647,15.0,-3.125,1.0,0.999,-0.023,10210,25.49,15.686,12,,34,,,,,,,,,,,
2026-09-25T23:50:26.803,375.964,0,1518.5,50,,98.5,16.863,15.0,-3.125,1.0,1.0,-0.02,10180,25.49,15.686,13,,,4.688,,,,,,,,,,
2026-09-25T23:50:26.933,376.094,0,1532.0,49,,98.5,16.863,15.5,-2.344,1.0,1.014,-0.008,10060,23.529,14.51,13,,,,13.925,,,,,,,,,
2026-09-25T23:50:27.063,376.224,0,1539.5,45,,98.812,14.902,15.0,-1.562,1.0,1.017,-0.004,9560,21.569,13.333,13,,,,,97,,,,,,,,
2026-09-25T23:50:27.192,376.354,0,1531.75,42,,98.562,14.902,15.5,-1.562,1.0,1.017,-0.004,8930,18.431,12.941,13,,,,,,20,,,,,,,
2026-09-25T23:50:27.323,376.484,0,1502.75,31,,98.75,0.0,17.0,-1.562,1.0,1.013,-0.008,8440,14.51,14.118,13,,,,,,,16.078,,,,,,
2026-09-25T23:50:27.453,376.614,0,1505.0,31,,98.656,0.0,17.0,-1.562,0.999,1.017,-0.004,7890,14.51,13.333,13,,,,,,,,503.6,,,,,
2026-09-25T23:50:27.583,376.744,0,1495.0,29,,98.5,0.0,18.5,0.0,0.999,1.043,0.027,7470,14.51,12.941,12,,,,,,,,,0.75,,,,
2026-09-25T23:50:27.712,376.874,0,1442.5,27,,98.5,0.0,22.5,0.0,0.999,1.02,0.0,7050,14.51,12.549,12,,,,,,,,,,,0.0,,
2026-09-25T23:50:27.842,377.004,0,1419.0,23,,98.5,0.0,27.5,-2.344,0.999,0.97,-0.098,6520,14.51,12.157,12,,,,,,,,,,,,12.549,
2026-09-25T23:50:27.973,377.134,0,1380.5,21,,98.5,0.0,29.0,-3.906,1.0,0.941,-0.16,6200,14.51,12.549,11,,,,,,,,,,,,,406
2026-09-25T23:50:28.102,377.264,0,1331.75,21,,98.344,8.235,24.5,-3.125,1.0,0.975,-0.086,5750,15.294,12.549,11,100,,,,,,,,,,,,
2026-09-25T23:50:28.233,377.394,0,1307.0,21,,98.375,8.627,20.0,-3.906,1.001,0.966,-0.105,5280,16.471,12.549,11,,34,,,,,,,,,,,
2026-09-25T23:50:28.363,377.524,0,1292.25,22,,98.219,8.627,12.5,-4.688,1.002,0.951,-0.141,4900,17.647,12.157,10,,,9.375,,,,,,,,,,
2026-09-25T23:50:28.492,377.654,0,1253.5,22,,98.188,9.02,10.0,-5.469,1.002,0.947,-0.148,4450,17.647,12.157,10,,,,13.945,,,,,,,,,
2026-09-25T23:50:28.622,377.784,0,1194.25,22,,98.188,9.412,3.5,-5.469,1.002,0.957,-0.125,4110,18.039,12.157,10,,,,,97,,,,,,,,
2026-09-25T23:50:28.753,377.914,0,1125.0,22,,98.156,9.804,1.5,-5.469,1.002,0.97,-0.098,3780,18.824,12.157,9,,,,,,20,,,,,,,
2026-09-25T23:50:28.882,378.044,0,1108.0,22,,98.125,10.196,4.0,-4.688,1.002,0.99,-0.043,3520,18.824,12.157,9,,,,,,,16.078,,,,,,
2026-09-25T23:50:29.013,378.174,0,1100.75,22,,97.875,10.98,6.5,-3.906,1.002,1.021,0.0,3200,21.569,12.157,9,,,,,,,,504.8,,,,,
2026-09-25T23:50:29.142,378.304,0,1005.75,22,,97.875,12.157,20.5,-1.562,1.002,1.058,0.043,2920,22.353,14.118,8,,,,,,,,,0.75,,,,
2026-09-25T23:50:29.273,378.434,0,1004.5,28,,97.812,18.824,15.0,-0.781,1.002,1.062,0.047,2650,22.745,14.902,8,,,,,,,,,,,0.0,,
2026-09-25T23:50:29.402,378.564,0,1046.25,35,,97.531,24.706,3.5,-0.781,1.002,1.038,0.02,3170,22.353,14.51,8,,,,,,,,,,,,29.412,
2026-09-25T23:50:29.532,378.694,0,1011.5,43,,97.562,27.843,2.0,-2.344,1.001,0.995,-0.031,3940,22.353,14.118,8,,,,,,,,,,,,,408
2026-09-25T23:50:29.663,378.824,0,980.0,45,,97.562,29.412,-0.5,-3.906,1.0,0.966,-0.105,4200,22.745,14.118,8,99,,,,,,,,,,,,
2026-09-25T23:50:29.792,378.953,0,984.5,46,,97.625,29.804,-2.0,-5.469,1.0,0.959,-0.121,4660,22.353,14.118,8,,34,,,,,,,,,,,
2026-09-25T23:50:29.922,379.084,0,991.25,47,,97.656,30.196,-2.5,-4.688,1.0,0.978,-0.078,5400,22.353,14.118,8,,,6.25,,,,,,,,,,
2026-09-25T23:50:30.053,379.214,0,994.0,46,,97.719,29.804,-5.0,-4.688,1.0,0.98,-0.07,6230,21.961,13.725,8,,,,13.847,,,,,,,,,
2026-09-25T23:50:30.182,379.344,0,997.25,45,,97.75,29.02,-4.0,-4.688,1.0,0.981,-0.066,6940,21.961,13.333,8,,,,,97,,,,,,,,
2026-09-25T23:50:30.312,379.474,0,1000.5,45,,97.875,27.451,-5.0,-4.688,0.999,0.98,-0.07,7620,21.176,13.333,8,,,,,,20,,,,,,,
2026-09-25T23:50:30.443,379.604,0,991.25,41,,97.875,25.49,-9.0,-4.688,0.999,0.984,-0.062,7750,20.0,12.157,8,,,,,,,16.078,,,,,,
2026-09-25T23:50:30.572,379.734,0,990.0,38,,97.875,23.137,-5.5,-5.469,0.999,0.983,-0.062,7470,19.216,11.765,8,,,,,,,,505.5,,,,,
2026-09-25T23:50:30.702,379.864,0,965.25,34,,97.875,19.216,1.0,-4.688,0.999,0.992,-0.039,7380,19.216,12.549,8,,,,,,,,,0.755,,,,
2026-09-25T23:50:30.832,379.994,0,947.25,32,,97.875,19.608,0.5,-4.688,1.0,1.009,-0.012,7080,19.216,12.157,8,,,,,,,,,,,0.0,,
2026-09-25T23:50:30.962,380.124,0,923.5,32,,97.781,19.216,3.5,-3.125,1.0,1.028,0.008,6650,19.608,12.549,7,,,,,,,,,,,,21.569,
2026-09-25T23:50:31.092,380.253,0,901.5,32,,97.75,20.0,3.5,-2.344,1.0,1.04,0.023,6220,19.608,12.549,7,,,,,,,,,,,,,409
2026-09-25T23:50:31.223,380.384,0,883.0,34,,97.562,21.176,2.0,-2.344,1.001,1.048,0.031,5780,19.608,12.549,7,99,,,,,,,,,,,,
2026-09-25T23:50:31.352,380.514,0,872.75,35,,97.531,21.961,1.5,-1.562,1.001,1.055,0.039,5310,19.608,12.549,7,,34,,,,,,,,,,,
2026-09-25T23:50:31.483,380.644,0,866.0,36,,97.531,22.745,0.5,-0.781,1.001,1.054,0.039,4930,19.608,12.549,7,,,7.812,,,,,,,,,,
2026-09-25T23:50:31.612,380.773,0,860.5,36,,97.531,23.137,-0.5,-0.781,1.0,1.054,0.039,4530,19.608,12.549,6,,,,13.925,,,,,,,,,
2026-09-25T23:50:31.743,380.904,0,864.75,37,,97.531,23.137,-1.5,0.0,1.0,1.049,0.031,4460,19.608,12.549,6,,,,,97,,,,,,,,
2026-09-25T23:50:31.872,381.034,0,868.0,37,,97.531,23.922,-2.5,0.0,1.0,1.043,0.027,4540,19.608,12.549,6,,,,,,20,,,,,,,
2026-09-25T23:50:32.003,381.164,0,867.75,38,,97.531,23.922,-2.0,0.0,1.0,1.035,0.016,4770,19.608,12.549,6,,,,,,,16.078,,,,,,
2026-09-25T23:50:32.132,381.294,0,865.0,37,,97.531,23.922,-3.5,0.0,1.0,1.029,0.012,5240,19.608,12.157,6,,,,,,,,506.0,,,,,
2026-09-25T23:50:32.263,381.424,0,865.5,37,,97.531,23.529,-3.0,0.0,1.0,1.025,0.004,5230,19.216,12.157,5,,,,,,,,,0.75,,,,
2026-09-25T23:50:32.392,381.553,0,858.5,36,,97.531,22.745,-8.5,0.0,1.0,1.021,0.0,4910,14.902,12.549,5,,,,,,,,,,,0.0,,
2026-09-25T23:50:32.523,381.684,0,827.5,36,,97.469,23.137,-4.0,0.0,1.0,1.026,0.008,4730,14.51,12.941,5,,,,,,,,,,,,26.667,
2026-09-25T23:50:32.653,381.814,0,804.75,38,,97.469,25.882,5.0,0.0,1.0,1.036,0.02,5170,14.51,12.941,5,,,,,,,,,,,,,411
2026-09-25T23:50:32.782,381.944,0,826.75,45,,97.344,29.804,-8.5,0.781,1.0,1.051,0.035,5670,14.51,12.157,5,100,,,,,,,,,,,,
2026-09-25T23:50:32.912,382.073,0,858.5,44,,97.531,25.49,-10.0,0.781,1.0,1.04,0.023,6370,14.51,12.157,5,,35,,,,,,,,,,,
2026-09-25T23:50:33.042,382.204,0,852.75,39,,97.531,24.706,-7.0,0.781,0.999,1.016,-0.004,6450,14.51,12.549,5,,,7.812,,,,,,,,,,
2026-09-25T23:50:33.172,382.334,0,831.25,39,,97.531,25.098,-4.0,0.0,1.0,1.0,-0.02,6230,14.51,12.941,4,,,,13.925,,,,,,,,,
2026-09-25T23:50:33.302,382.464,0,820.25,39,,97.5,26.275,-2.5,0.0,1.0,1.011,-0.008,6100,14.51,12.549,4,,,,,97,,,,,,,,
2026-09-25T23:50:33.432,382.594,0,822.0,41,,97.469,25.882,-3.5,0.781,1.0,1.036,0.02,6220,14.51,12.549,4,,,,,,20,,,,,,,
2026-09-25T23:50:33.563,382.724,0,832.0,40,,97.5,25.882,-4.0,2.344,1.0,1.044,0.027,6470,14.51,12.549,4,,,,,,,16.078,,,,,,
2026-09-25T23:50:33.692,382.854,0,836.25,42,,97.531,26.667,-5.5,2.344,1.0,1.034,0.016,6960,14.51,12.549,4,,,,,,,,506.1,,,,,
2026-09-25T23:50:33.822,382.984,0,837.75,40,,97.531,25.49,-2.5,1.562,1.0,1.026,0.008,6850,14.51,12.549,4,,,,,,,,,0.75,,,,
2026-09-25T23:50:33.952,383.114,0,833.0,41,,97.469,27.451,-7.0,1.562,1.0,1.024,0.004,6410,14.51,12.941,4,,,,,,,,,,,0.0,,
2026-09-25T23:50:34.082,383.244,0,824.75,40,,97.531,25.49,-3.0,2.344,1.0,1.032,0.016,6220,14.51,12.549,4,,,,,,,,,,,,28.627,
2026-09-25T23:50:34.213,383.374,0,824.5,41,,97.469,26.667,-2.5,3.125,1.0,1.038,0.02,6540,14.51,12.549,4,,,,,,,,,,,,,413
2026-09-25T23:50:34.342,383.504,0,830.5,41,,97.469,26.275,-7.0,3.125,1.0,1.034,0.016,6790,14.51,12.157,4,100,,,,,,,,,,,,
2026-09-25T23:50:34.472,383.634,0,836.0,40,,97.5,25.49,-4.0,3.125,1.0,1.025,0.004,6710,14.51,12.549,4,,35,,,,,,,,,,,
2026-09-25T23:50:34.602,383.763,0,828.5,40,,97.438,26.275,-4.0,3.125,1.0,1.026,0.008,6420,14.51,12.549,4,,,7.031,,,,,,,,,,
2026-09-25T23:50:34.732,383.894,0,822.0,41,,97.406,26.667,-2.5,3.906,1.0,1.035,0.016,6420,14.51,12.549,4,,,,13.847,,,,,,,,,
2026-09-25T23:50:34.863,384.024,0,829.75,41,,97.469,26.667,-4.0,3.906,1.0,1.034,0.016,6400,14.51,12.549,4,,,,,97,,,,,,,,
2026-09-25T23:50:34.992,384.153,0,837.75,40,,97.5,26.667,-4.0,3.906,1.0,1.026,0.008,6460,14.51,12.549,4,,,,,,20,,,,,,,
2026-09-25T23:50:35.122,384.284,0,840.75,40,,97.469,25.882,-4.0,3.906,1.0,1.014,-0.008,6410,14.51,12.549,4,,,,,,,16.078,,,,,,
2026-09-25T23:50:35.253,384.414,0,840.75,41,,97.469,26.667,-5.0,3.906,1.0,1.009,-0.012,6390,14.51,12.549,4,,,,,,,,506.1,,,,,
2026-09-25T23:50:35.382,384.543,0,841.75,41,,97.469,26.667,-5.0,3.906,1.0,1.011,-0.008,6570,14.51,12.549,3,,,,,,,,,0.75,,,,
2026-09-25T23:50:35.512,384.673,0,844.0,41,,97.438,25.882,-4.0,3.906,1.0,1.008,-0.012,6580,14.51,12.549,3,,,,,,,,,,,0.0,,
2026-09-25T23:50:35.643,384.804,0,843.5,41,,97.344,26.275,-4.0,3.906,1.0,1.002,-0.02,6670,14.51,12.549,3,,,,,,,,,,,,28.235,
2026-09-25T23:50:35.772,384.934,0,838.75,41,,97.406,26.667,-3.0,3.906,1.0,1.004,-0.016,6780,14.51,12.549,3,,,,,,,,,,,,,414
2026-09-25T23:50:35.902,385.063,0,843.25,41,,97.438,27.059,-5.5,3.906,1.0,1.004,-0.016,6900,14.51,12.549,3,100,,,,,,,,,,,,
2026-09-25T23:50:36.032,385.193,0,840.25,41,,97.5,26.667,-7.0,3.125,1.0,0.998,-0.023,6950,14.51,12.549,3,,35,,,,,,,,,,,
2026-09-25T23:50:36.162,385.324,0,830.5,40,,97.469,25.882,-3.5,3.125,0.999,0.999,-0.023,6720,14.51,12.549,3,,,7.812,,,,,,,,,,
2026-09-25T23:50:36.293,385.454,0,824.5,40,,97.344,25.882,-1.0,3.125,0.999,0.999,-0.023,6370,14.51,12.549,2,,,,13.847,,,,,,,,,
2026-09-25T23:50:36.423,385.584,0,819.0,42,,97.344,27.059,-3.0,3.906,1.0,1.005,-0.016,6460,14.51,12.549,2,,,,,97,,,,,,,,
2026-09-25T23:50:36.553,385.714,0,831.0,41,,97.406,26.667,-6.5,3.906,1.0,1.007,-0.012,6610,14.51,12.157,2,,,,,,20,,,,,,,
2026-09-25T23:50:36.682,385.843,0,834.5,40,,97.406,25.49,-3.5,3.125,0.999,0.994,-0.035,6520,14.51,12.549,2,,,,,,,16.078,,,,,,
2026-09-25T23:50:36.812,385.974,0,826.25,39,,97.375,25.49,-1.5,3.125,1.0,0.991,-0.043,6330,14.51,12.549,1,,,,,,,,506.0,,,,,
2026-09-25T23:50:36.942,386.104,0,821.25,40,,97.375,25.49,-1.5,3.125,1.0,0.996,-0.031,6180,14.51,12.549,1,,,,,,,,,0.75,,,,
2026-09-25T23:50:37.072,386.233,0,822.25,41,,97.312,26.275,-3.0,3.906,1.0,1.007,-0.012,6210,14.51,12.549,1,,,,,,,,,,,0.0,,
2026-09-25T23:50:37.203,386.364,0,825.5,41,,97.344,26.275,-4.0,3.906,1.0,1.012,-0.008,6390,14.51,12.549,1,,,,,,,,,,,,27.451,
2026-09-25T23:50:37.332,386.494,0,830.75,40,,97.375,25.49,-4.0,3.906,1.0,0.998,-0.023,6420,14.51,12.549,0,,,,,,,,,,,,,416
2026-09-25T23:50:37.462,386.623,0,834.0,40,,97.406,25.49,-3.5,3.125,1.0,0.997,-0.027,6310,14.51,12.549,0,100,,,,,,,,,,,,
2026-09-25T23:50:37.592,386.753,0,827.5,39,,97.438,25.49,-1.0,3.906,1.0,0.999,-0.023,6150,14.51,12.549,0,,35,,,,,,,,,,,
2026-09-25T23:50:37.722,386.883,0,825.25,40,,97.375,26.275,-5.0,3.906,1.0,1.01,-0.012,6110,14.51,12.157,0,,,7.812,,,,,,,,,,
2026-09-25T23:50:37.853,387.014,0,827.25,39,,97.375,25.098,-5.5,4.688,1.0,1.019,0.0,6140,14.51,12.157,0,,,,13.847,,,,,,,,,
2026-09-25T23:50:37.982,387.143,0,828.5,39,,97.375,24.706,-6.0,4.688,1.0,1.015,-0.004,5920,14.51,12.549,0,,,,,97,,,,,,,,
2026-09-25T23:50:38.113,387.274,0,823.75,38,,97.375,24.706,-6.0,4.688,1.0,1.011,-0.008,5750,14.51,12.549,0,,,,,,20,,,,,,,
2026-09-25T23:50:38.242,387.404,0,808.75,39,,97.469,25.098,-6.0,4.688,1.0,1.016,-0.004,5650,14.51,12.549,0,,,,,,,16.078,,,,,,
2026-09-25T23:50:38.373,387.534,0,793.5,39,,97.375,25.49,-5.5,5.469,1.0,1.022,0.004,5650,14.51,12.549,0,,,,,,,,506.0,,,,,
2026-09-25T23:50:38.502,387.663,0,793.75,40,,97.312,26.275,-5.5,5.469,1.0,1.022,0.004,5770,14.51,12.157,0,,,,,,,,,0.75,,,,
2026-09-25T23:50:38.632,387.794,0,799.5,39,,97.438,25.49,-6.5,5.469,1.0,1.021,0.0,5970,14.51,12.157,0,,,,,,,,,,,0.0,,
2026-09-25T23:50:38.762,387.923,0,797.75,39,,97.375,25.098,-5.5,5.469,1.0,1.009,-0.012,5950,14.51,12.549,0,,,,,,,,,,,,25.882,
2026-09-25T23:50:38.892,388.053,0,795.25,39,,97.312,25.098,-5.5,4.688,1.0,1.005,-0.016,5870,14.51,12.157,0,,,,,,,,,,,,,417
2026-09-25T23:50:39.022,388.183,0,794.75,39,,97.406,25.49,-4.5,5.469,1.0,1.013,-0.008,5930,14.51,12.157,0,100,,,,,,,,,,,,
2026-09-25T23:50:39.152,388.313,0,798.5,39,,97.344,25.098,-5.5,5.469,1.0,1.021,0.0,5870,14.51,12.549,0,,35,,,,,,,,,,,
2026-09-25T23:50:39.282,388.444,0,800.0,39,,97.375,25.49,-7.0,5.469,1.0,1.018,-0.004,5890,14.51,12.549,0,,,7.812,,,,,,,,,,
2026-09-25T23:50:39.412,388.573,0,802.75,40,,97.281,25.882,-7.0,6.25,1.0,1.021,0.0,6030,14.51,12.549,0,,,,13.886,,,,,,,,,
2026-09-25T23:50:39.542,388.704,0,807.75,40,,97.375,25.882,-7.5,6.25,1.0,1.015,-0.004,6100,14.51,12.549,0,,,,,97,,,,,,,,
2026-09-25T23:50:39.672,388.833,0,809.75,40,,97.344,25.49,-7.0,5.469,1.0,1.005,-0.016,6210,14.51,12.157,0,,,,,,20,,,,,,,
2026-09-25T23:50:39.802,388.963,0,808.0,40,,97.375,25.49,-7.5,5.469,1.0,0.999,-0.023,6190,14.51,12.157,0,,,,,,,16.078,,,,,,
2026-09-25T23:50:39.932,389.093,0,804.75,39,,97.344,24.706,-5.5,5.469,1.0,0.996,-0.031,6030,14.51,12.549,0,,,,,,,,505.9,,,,,
2026-09-25T23:50:40.063,389.224,0,801.75,39,,97.375,25.098,-6.5,5.469,1.0,1.0,-0.02,5910,14.51,12.157,0,,,,,,,,,0.745,,,,
2026-09-25T23:50:40.192,389.353,0,796.25,39,,97.344,25.49,-5.0,5.469,1.0,1.012,-0.008,5820,14.51,12.549,0,,,,,,,,,,,0.0,,
2026-09-25T23:50:40.322,389.483,0,799.5,38,,97.344,24.706,-5.5,6.25,1.0,1.017,-0.004,5720,14.51,12.549,0,,,,,,,,,,,,26.667,
2026-09-25T23:50:40.453,389.614,0,800.5,39,,97.344,25.49,-6.0,6.25,1.0,1.016,-0.004,5730,14.51,12.549,0,,,,,,,,,,,,,419
2026-09-25T23:50:40.582,389.744,0,798.75,39,,97.344,25.49,-6.5,6.25,1.0,1.013,-0.008,5800,14.51,12.549,0,100,,,,,,,,,,,,
2026-09-25T23:50:40.713,389.874,0,801.5,39,,97.375,25.882,-7.0,6.25,1.0,1.005,-0.016,5890,14.51,12.157,0,,36,,,,,,,,,,,
2026-09-25T23:50:40.843,390.004,0,801.0,39,,97.406,25.098,-6.5,5.469,1.0,0.997,-0.027,5940,14.51,12.157,0,,,7.812,,,,,,,,,,
2026-09-25T23:50:40.973,390.134,0,804.0,38,,97.312,24.706,-5.5,5.469,1.0,0.992,-0.039,5820,14.51,12.549,0,,,,13.867,,,,,,,,,
2026-09-25T23:50:41.102,390.264,0,802.75,39,,97.281,25.882,-7.0,5.469,1.0,0.993,-0.039,5850,14.51,12.157,0,,,,,97,,,,,,,,
2026-09-25T23:50:41.232,390.393,0,802.75,39,,97.312,25.098,-7.0,5.469,1.0,0.997,-0.027,5920,14.51,12.157,0,,,,,,20,,,,,,,
2026-09-25T23:50:41.362,390.524,0,801.75,39,,97.344,25.098,-6.0,5.469,1.0,0.998,-0.023,5850,14.51,12.549,0,,,,,,,16.078,,,,,,
2026-09-25T23:50:41.492,390.654,0,801.5,39,,97.281,24.706,-6.0,5.469,1.0,0.999,-0.023,5780,14.51,12.549,0,,,,,,,,505.8,,,,,
2026-09-25T23:50:41.622,390.783,0,801.75,39,,97.375,25.098,-6.5,5.469,1.0,1.005,-0.016,5810,14.51,12.157,0,,,,,,,,,0.75,,,,
2026-09-25T23:50:41.752,390.913,0,800.0,39,,97.344,25.098,-6.5,6.25,1.0,1.005,-0.016,5810,14.51,12.157,0,,,,,,,,,,,0.0,,
2026-09-25T23:50:41.882,391.043,0,801.25,39,,97.281,25.098,-5.5,6.25,1.0,1.0,-0.02,5770,14.51,12.549,0,,,,,,,,,,,,25.882,
2026-09-25T23:50:42.012,391.173,0,798.25,39,,97.219,25.098,-5.5,5.469,1.0,0.996,-0.027,5710,14.51,12.157,0,,,,,,,,,,,,,420
2026-09-25T23:50:42.142,391.304,0,798.5,39,,97.281,24.706,-6.0,5.469,1.0,0.999,-0.023,5690,14.51,12.157,0,100,,,,,,,,,,,,
2026-09-25T23:50:42.272,391.433,0,801.25,39,,97.344,24.706,-6.0,5.469,1.0,0.999,-0.023,5680,14.51,12.549,0,,36,,,,,,,,,,,
2026-09-25T23:50:42.402,391.563,0,803.0,39,,97.219,25.49,-7.0,5.469,1.0,1.002,-0.02,5800,14.51,12.157,0,,,7.031,,,,,,,,,,
2026-09-25T23:50:42.532,391.694,0,806.25,39,,97.25,25.098,-6.5,5.469,1.0,0.999,-0.023,5880,14.51,12.157,0,,,,13.906,,,,,,,,,
2026-09-25T23:50:42.662,391.824,0,808.25,38,,97.281,24.706,-6.0,5.469,1.0,0.996,-0.031,5850,14.51,12.549,0,,,,,97,,,,,,,,
2026-09-25T23:50:42.792,391.953,0,810.0,39,,97.25,24.706,-7.0,5.469,1.0,0.994,-0.035,5800,14.51,12.157,0,,,,,,20,,,,,,,
2026-09-25T23:50:42.922,392.083,0,805.75,39,,97.25,24.706,-6.5,5.469,1.0,0.996,-0.031,5860,14.51,12.157,0,,,,,,,16.078,,,,,,
2026-09-25T23:50:43.053,392.214,0,805.0,38,,97.25,24.706,-6.0,5.469,1.0,0.997,-0.027,5800,14.51,12.549,0,,,,,,,,505.6,,,,,
2026-09-25T23:50:43.182,392.343,0,798.25,39,,97.219,25.49,-6.5,5.469,1.0,0.997,-0.027,5770,14.51,12.549,0,,,,,,,,,0.745,,,,
2026-09-25T23:50:43.313,392.474,0,801.5,39,,97.25,25.098,-6.5,5.469,1.0,0.995,-0.031,5840,14.51,12.157,0,,,,,,,,,,,0.0,,
2026-09-25T23:50:43.442,392.603,0,803.5,39,,97.25,25.098,-7.0,5.469,1.0,0.996,-0.027,5860,14.51,12.157,0,,,,,,,,,,,,25.882,
2026-09-25T23:50:43.572,392.733,0,805.0,38,,97.25,24.706,-6.5,5.469,1.0,0.996,-0.031,5800,14.51,12.549,0,,,,,,,,,,,,,422
2026-09-25T23:50:43.702,392.863,0,807.75,38,,97.25,24.706,-6.5,5.469,1.0,0.994,-0.035,5640,14.51,12.157,0,100,,,,,,,,,,,,
2026-09-25T23:50:43.833,392.994,0,800.5,39,,97.281,25.098,-7.0,5.469,1.0,0.996,-0.031,5720,14.51,12.157,0,,36,,,,,,,,,,,
2026-09-25T23:50:43.963,393.124,0,798.75,39,,97.25,24.706,-5.5,5.469,1.0,0.996,-0.031,5700,14.51,12.157,0,,,7.812,,,,,,,,,,
2026-09-25T23:50:44.092,393.254,0,798.75,38,,97.25,24.706,-5.0,5.469,1.0,0.995,-0.031,5590,14.51,12.549,0,,,,13.867,,,,,,,,,
2026-09-25T23:50:44.222,393.383,0,798.0,38,,97.219,24.706,-5.5,5.469,1.0,0.996,-0.031,5570,14.51,12.549,0,,,,,97,,,,,,,,
2026-09-25T23:50:44.352,393.513,0,801.75,38,,97.219,24.706,-6.5,5.469,1.0,0.993,-0.035,5630,14.51,12.549,0,,,,,,20,,,,,,,
2026-09-25T23:50:44.482,393.644,0,802.25,39,,97.281,25.49,-7.0,4.688,1.0,0.989,-0.047,5700,14.51,12.157,0,,,,,,,16.078,,,,,,
2026-09-25T23:50:44.612,393.773,0,808.0,39,,97.312,24.706,-6.5,4.688,1.0,0.988,-0.051,5710,14.51,12.157,0,,,,,,,,505.4,,,,,
2026-09-25T23:50:44.742,393.903,0,800.5,38,,97.344,25.098,-6.5,4.688,1.0,0.988,-0.051,5680,14.51,12.157,0,,,,,,,,,0.745,,,,
2026-09-25T23:50:44.872,394.033,0,796.75,38,,97.312,24.706,-6.0,4.688,1.0,0.989,-0.051,5620,14.51,12.157,0,,,,,,,,,,,0.0,,
2026-09-25T23:50:45.002,394.163,0,798.75,38,,97.281,24.706,-5.5,4.688,1.0,0.99,-0.047,5600,14.51,12.549,0,,,,,,,,,,,,25.882,
2026-09-25T23:50:45.132,394.294,0,796.0,38,,97.219,24.706,-5.5,4.688,1.0,0.991,-0.043,5580,14.51,12.549,0,,,,,,,,,,,,,424
2026-09-25T23:50:45.262,394.423,0,798.75,39,,97.281,25.098,-6.0,4.688,1.0,0.992,-0.039,5620,14.51,12.157,0,100,,,,,,,,,,,,
2026-09-25T23:50:45.392,394.553,0,802.75,39,,97.25,25.49,-6.5,4.688,1.0,0.994,-0.035,5730,14.51,12.157,0,,36,,,,,,,,,,,
2026-09-25T23:50:45.522,394.684,0,807.75,38,,97.312,24.314,-6.0,4.688,1.0,0.993,-0.039,5690,14.51,12.157,0,,,7.812,,,,,,,,,,
2026-09-25T23:50:45.652,394.813,0,805.5,38,,97.219,24.706,-6.5,4.688,1.0,0.993,-0.039,5580,14.51,12.549,0,,,,13.886,,,,,,,,,
2026-09-25T23:50:45.782,394.944,0,804.0,39,,97.219,25.098,-7.0,4.688,1.0,0.992,-0.039,5640,14.51,12.157,0,,,,,97,,,,,,,,
2026-09-25T23:50:45.912,395.073,0,801.0,39,,97.219,24.706,-6.0,4.688,1.0,0.993,-0.035,5730,14.51,12.157,0,,,,,,20,,,,,,,
2026-09-25T23:50:46.042,395.204,0,799.75,38,,97.25,24.706,-5.5,4.688,1.0,0.993,-0.039,5710,14.51,12.549,0,,,,,,,16.078,,,,,,
2026-09-25T23:50:46.173,395.334,0,796.25,38,,97.25,24.706,-6.5,4.688,1.0,0.993,-0.035,5680,14.51,12.157,0,,,,,,,,505.2,,,,,
2026-09-25T23:50:46.302,395.464,0,801.25,39,,97.281,24.706,-5.5,4.688,1.0,0.996,-0.031,5710,14.51,12.549,0,,,,,,,,,0.745,,,,
2026-09-25T23:50:46.433,395.594,0,803.25,39,,97.281,25.098,-7.0,4.688,1.0,0.998,-0.027,5720,14.51,12.157,0,,,,,,,,,,,0.0,,
2026-09-25T23:50:46.562,395.724,0,804.75,39,,97.281,25.098,-7.0,4.688,1.0,0.996,-0.031,5760,14.51,12.157,0,,,,,,,,,,,,25.882,
2026-09-25T23:50:46.693,395.854,0,805.75,39,,97.25,25.098,-6.0,3.906,1.0,0.993,-0.039,5740,14.51,12.549,0,,,,,,,,,,,,,425
2026-09-25T23:50:46.822,395.983,0,802.75,38,,97.25,24.706,-6.0,3.906,1.0,0.993,-0.035,5600,14.51,12.157,0,100,,,,,,,,,,,,
2026-09-25T23:50:46.952,396.113,0,800.25,38,,97.281,25.098,-7.0,3.906,1.0,0.995,-0.031,5650,14.51,12.157,0,,36,,,,,,,,,,,
2026-09-25T23:50:47.082,396.243,0,797.5,39,,97.25,24.706,-5.5,3.906,1.0,0.996,-0.031,5640,14.51,12.157,0,,,7.812,,,,,,,,,,
2026-09-25T23:50:47.212,396.373,0,795.0,38,,97.281,24.706,-5.0,3.906,1.0,0.994,-0.035,5600,14.51,12.157,0,,,,13.945,,,,,,,,,
2026-09-25T23:50:47.342,396.503,0,800.25,38,,97.25,24.706,-6.0,3.906,1.0,0.992,-0.039,5590,14.51,12.549,0,,,,,97,,,,,,,,
2026-09-25T23:50:47.472,396.633,0,800.75,38,,97.219,24.706,-6.0,3.906,1.0,0.996,-0.031,5600,14.51,12.549,0,,,,,,20,,,,,,,
2026-09-25T23:50:47.602,396.763,0,803.0,38,,97.25,24.706,-6.5,3.906,1.0,0.996,-0.027,5680,14.51,12.549,0,,,,,,,16.078,,,,,,
2026-09-25T23:50:47.732,396.894,0,804.0,39,,97.219,25.098,-7.0,3.906,1.0,0.997,-0.027,5710,14.51,12.157,0,,,,,,,,505.0,,,,,
2026-09-25T23:50:47.862,397.023,0,806.75,38,,97.219,25.098,-7.0,3.906,1.0,0.996,-0.031,5730,14.51,12.157,0,,,,,,,,,0.745,,,,
2026-09-25T23:50:47.992,397.153,0,805.5,39,,97.25,24.706,-6.5,3.906,1.0,0.996,-0.031,5760,14.51,12.157,0,,,,,,,,,,,0.0,,
2026-09-25T23:50:48.122,397.283,0,800.0,39,,97.281,25.098,-7.0,3.906,1.0,0.996,-0.031,5740,14.51,12.157,0,,,,,,,,,,,,25.882,
2026-09-25T23:50:48.253,397.414,0,798.5,39,,97.281,24.706,-6.5,3.906,1.0,0.993,-0.035,5740,14.51,12.157,0,,,,,,,,,,,,,427
2026-09-25T23:50:48.383,397.544,0,794.25,38,,97.281,24.706,-4.0,3.906,1.0,0.993,-0.039,5620,14.51,12.549,0,100,,,,,,,,,,,,
2026-09-25T23:50:48.513,397.674,0,795.0,38,,97.219,24.706,-4.5,3.906,1.0,0.99,-0.047,5520,14.51,12.157,0,,36,,,,,,,,,,,
2026-09-25T23:50:48.642,397.803,0,791.0,39,,97.281,25.49,-5.5,3.906,1.0,0.992,-0.043,5540,14.51,12.157,0,,,7.812,,,,,,,,,,
2026-09-25T23:50:48.772,397.933,0,794.5,38,,97.219,24.706,-4.0,3.906,1.0,0.995,-0.031,5490,14.51,12.549,0,,,,13.847,,,,,,,,,
2026-09-25T23:50:48.902,398.063,0,798.5,38,,97.25,25.098,-5.5,3.906,1.0,0.994,-0.035,5500,14.51,12.157,0,,,,,97,,,,,,,,
2026-09-25T23:50:49.033,398.194,0,794.25,39,,97.281,24.706,-5.5,3.906,1.0,0.994,-0.035,5580,14.51,12.157,0,,,,,,20,,,,,,,
2026-09-25T23:50:49.162,398.323,0,795.25,38,,97.25,24.706,-5.0,3.125,1.0,0.992,-0.039,5610,14.51,12.157,0,,,,,,,16.078,,,,,,
2026-09-25T23:50:49.292,398.453,0,796.5,38,,97.25,24.314,-5.5,3.125,1.0,0.992,-0.039,5550,14.51,12.157,0,,,,,,,,504.7,,,,,
2026-09-25T23:50:49.422,398.584,0,794.75,39,,97.281,24.706,-5.0,3.125,1.0,0.992,-0.039,5630,14.51,12.157,0,,,,,,,,,0.75,,,,
2026-09-25T23:50:49.552,398.713,0,795.0,39,,97.281,24.706,-4.5,3.125,1.0,0.993,-0.035,5670,14.51,12.549,0,,,,,,,,,,,0.0,,
2026-09-25T23:50:49.682,398.844,0,803.0,39,,97.219,25.49,-7.0,3.125,1.0,0.994,-0.035,5760,14.51,12.157,0,,,,,,,,,,,,25.882,
2026-09-25T23:50:49.813,398.974,0,798.5,39,,97.281,25.098,-5.0,3.125,1.0,0.994,-0.035,5780,14.51,12.549,0,,,,,,,,,,,,,428
2026-09-25T23:50:49.942,399.103,0,797.0,39,,97.219,25.098,-6.0,3.125,1.0,0.993,-0.039,5800,14.51,12.157,0,100,,,,,,,,,,,,
2026-09-25T23:50:50.072,399.233,0,798.0,39,,97.281,25.098,-6.5,3.125,1.0,0.994,-0.035,5870,14.51,12.157,0,,36,,,,,,,,,,,
2026-09-25T23:50:50.202,399.363,0,797.5,39,,97.281,24.706,-4.5,3.125,1.0,0.995,-0.031,5820,14.51,12.549,0,,,7.812,,,,,,,,,,
2026-09-25T23:50:50.332,399.493,0,798.75,39,,97.25,25.098,-5.5,3.125,1.0,0.995,-0.035,5740,14.51,12.549,0,,,,13.906,,,,,,,,,
2026-09-25T23:50:50.462,399.623,0,798.0,39,,97.281,25.49,-6.0,3.125,1.0,0.998,-0.023,5750,14.51,12.549,0,,,,,97,,,,,,,,
2026-09-25T23:50:50.592,399.753,0,801.0,39,,97.25,25.098,-6.0,3.125,1.0,0.999,-0.023,5820,14.51,12.157,0,,,,,,20,,,,,,,
2026-09-25T23:50:50.722,399.883,0,801.5,39,,97.281,25.098,-6.5,3.125,1.0,0.999,-0.023,5870,14.51,12.157,0,,,,,,,16.078,,,,,,
2026-09-25T23:50:50.852,400.014,0,798.25,39,,97.219,24.706,-5.5,3.125,1.0,0.996,-0.027,5770,14.51,12.157,0,,,,,,,,504.3,,,,,
2026-09-25T23:50:50.982,400.143,0,791.5,38,,97.25,24.314,-2.5,3.125,1.0,0.994,-0.035,5530,14.51,12.549,0,,,,,,,,,0.75,,,,
2026-09-25T23:50:51.112,400.274,0,787.0,38,,97.281,25.098,-2.5,3.125,1.0,0.996,-0.031,5530,14.51,12.157,0,,,,,,,,,,,0.0,,
2026-09-25T23:50:51.243,400.404,0,794.0,39,,97.25,24.706,-4.0,3.125,1.0,1.002,-0.02,5540,14.51,12.157,0,,,,,,,,,,,,25.098,
2026-09-25T23:50:51.372,400.533,0,800.5,38,,97.281,24.314,-5.5,3.906,1.0,1.002,-0.02,5500,14.51,12.157,0,,,,,,,,,,,,,430
2026-09-25T23:50:51.502,400.663,0,801.25,38,,97.219,24.706,-5.5,3.125,1.0,0.997,-0.027,5530,14.51,12.157,0,100,,,,,,,,,,,,
2026-09-25T23:50:51.632,400.793,0,799.0,38,,97.281,24.706,-5.0,3.125,1.0,0.996,-0.027,5550,14.51,12.157,0,,36,,,,,,,,,,,
2026-09-25T23:50:51.762,400.923,0,801.25,38,,97.25,24.314,-5.0,3.125,1.0,0.994,-0.035,5550,14.51,12.157,0,,,7.812,,,,,,,,,,
2026-09-25T23:50:51.892,401.053,0,796.0,38,,97.25,24.706,-3.5,3.125,1.0,0.995,-0.035,5510,14.51,12.157,0,,,,13.906,,,,,,,,,
2026-09-25T23:50:52.022,401.183,0,794.75,39,,97.281,24.706,-4.5,3.125,1.0,0.994,-0.035,5580,14.51,12.157,0,,,,,97,,,,,,,,
2026-09-25T23:50:52.152,401.313,0,798.75,39,,97.25,25.098,-5.5,3.125,1.0,0.991,-0.043,5620,14.51,12.157,0,,,,,,20,,,,,,,
2026-09-25T23:50:52.282,401.443,0,800.5,38,,97.219,25.098,-5.5,3.125,1.0,0.992,-0.039,5680,14.51,12.157,0,,,,,,,16.078,,,,,,
2026-09-25T23:50:52.412,401.573,0,800.5,39,,97.281,24.706,-5.5,3.125,1.0,0.993,-0.039,5730,14.51,12.157,0,,,,,,,,504.1,,,,,
2026-09-25T23:50:52.542,401.704,0,798.75,38,,97.281,24.706,-5.5,3.125,1.0,0.992,-0.039,5720,14.51,12.157,0,,,,,,,,,0.755,,,,
2026-09-25T23:50:52.672,401.833,0,802.0,38,,97.281,24.706,-5.5,3.125,1.0,0.991,-0.043,5720,14.51,12.157,0,,,,,,,,,,,0.0,,
2026-09-25T23:50:52.802,401.964,0,798.75,38,,97.281,24.706,-4.0,2.344,1.0,0.992,-0.043,5600,14.51,12.157,0,,,,,,,,,,,,25.49,
2026-09-25T23:50:52.933,402.094,0,792.25,38,,97.219,23.922,-2.5,2.344,1.0,0.993,-0.039,5490,14.51,12.157,0,,,,,,,,,,,,,431
2026-09-25T23:50:53.062,402.223,0,793.0,38,,97.219,24.314,-2.5,2.344,1.0,0.992,-0.039,5320,14.51,12.549,0,100,,,,,,,,,,,,
2026-09-25T23:50:53.192,402.353,0,796.5,38,,97.219,24.314,-3.5,2.344,1.0,0.996,-0.031,5330,14.51,12.549,0,,36,,,,,,,,,,,
2026-09-25T23:50:53.322,402.483,0,799.5,39,,97.25,25.098,-5.5,2.344,1.0,0.996,-0.031,5510,14.51,12.157,0,,,7.812,,,,,,,,,,
2026-09-25T23:50:53.452,402.613,0,802.0,39,,97.219,24.706,-6.0,2.344,1.0,0.996,-0.027,5630,14.51,12.157,0,,,,13.906,,,,,,,,,
2026-09-25T23:50:53.582,402.743,0,804.25,38,,97.219,24.314,-5.0,2.344,1.0,0.995,-0.031,5590,14.51,12.157,0,,,,,97,,,,,,,,
2026-09-25T23:50:53.712,402.873,0,802.5,38,,97.25,24.314,-5.5,2.344,1.0,0.991,-0.043,5530,14.51,12.157,0,,,,,,20,,,,,,,
2026-09-25T23:50:53.842,403.003,0,795.75,38,,97.25,23.922,-4.0,2.344,1.0,0.993,-0.039,5460,14.51,12.157,0,,,,,,,16.078,,,,,,
2026-09-25T23:50:53.972,403.134,0,793.5,38,,97.219,24.314,-3.5,2.344,1.0,0.994,-0.035,5410,14.51,12.157,0,,,,,,,,503.8,,,,,
2026-09-25T23:50:54.102,403.263,0,795.0,38,,97.219,23.922,-3.5,2.344,1.0,0.996,-0.027,5450,14.51,12.157,0,,,,,,,,,0.755,,,,
2026-09-25T23:50:54.232,403.393,0,799.75,38,,97.219,24.314,-4.0,2.344,1.0,0.998,-0.027,5400,14.51,12.157,0,,,,,,,,,,,0.0,,
2026-09-25T23:50:54.363,403.524,0,798.5,38,,97.219,24.314,-5.5,2.344,1.0,0.999,-0.023,5460,14.51,12.157,0,,,,,,,,,,,,25.098,
2026-09-25T23:50:54.492,403.654,0,799.5,38,,97.281,24.314,-5.5,2.344,1.0,0.997,-0.027,5510,14.51,12.157,0,,,,,,,,,,,,,433
2026-09-25T23:50:54.623,403.784,0,800.75,38,,97.219,24.314,-5.5,2.344,1.0,0.995,-0.031,5550,14.51,12.157,0,100,,,,,,,,,,,,
2026-09-25T23:50:54.752,403.913,0,801.75,38,,97.219,23.922,-5.5,2.344,1.0,0.996,-0.031,5580,14.51,12.157,0,,36,,,,,,,,,,,
2026-09-25T23:50:54.882,404.043,0,797.0,38,,97.25,24.314,-4.0,2.344,1.0,0.993,-0.039,5560,14.51,12.157,0,,,7.812,,,,,,,,,,
2026-09-25T23:50:55.012,404.173,0,791.0,38,,97.25,23.922,-2.5,2.344,1.0,0.993,-0.035,5470,14.51,12.157,0,,,,13.886,,,,,,,,,
2026-09-25T23:50:55.142,404.303,0,793.0,38,,97.219,24.314,-2.5,2.344,1.0,0.995,-0.035,5390,14.51,12.157,0,,,,,97,,,,,,,,
2026-09-25T23:50:55.272,404.433,0,797.5,38,,97.219,24.314,-4.0,2.344,1.0,0.997,-0.027,5360,14.51,12.157,0,,,,,,20,,,,,,,
2026-09-25T23:50:55.402,404.563,0,800.0,38,,97.25,25.098,-5.5,2.344,1.0,1.002,-0.02,5420,14.51,12.157,0,,,,,,,16.078,,,,,,
2026-09-25T23:50:55.532,404.693,0,802.25,38,,97.219,24.706,-6.5,2.344,1.0,0.999,-0.02,5580,14.51,12.157,0,,,,,,,,503.4,,,,,
2026-09-25T23:50:55.662,404.824,0,802.5,38,,97.219,24.706,-6.0,2.344,1.0,0.996,-0.031,5640,14.51,12.157,0,,,,,,,,,0.755,,,,
2026-09-25T23:50:55.792,404.953,0,798.5,38,,97.219,24.706,-5.5,2.344,1.0,0.991,-0.043,5640,14.51,12.157,0,,,,,,,,,,,0.0,,
2026-09-25T23:50:55.922,405.083,0,793.25,38,,97.219,24.706,-4.0,1.562,1.0,0.988,-0.051,5640,14.51,12.157,0,,,,,,,,,,,,25.098,
2026-09-25T23:50:56.053,405.214,0,796.25,37,,97.219,24.314,-4.0,1.562,1.0,0.987,-0.055,5550,14.51,12.549,0,,,,,,,,,,,,,434
2026-09-25T23:50:56.182,405.344,0,797.5,38,,97.219,24.314,-4.0,1.562,1.0,0.992,-0.039,5440,14.51,12.157,0,100,,,,,,,,,,,,
2026-09-25T23:50:56.312,405.473,0,794.25,38,,97.25,24.706,-5.0,2.344,1.0,0.999,-0.023,5450,14.51,12.157,0,,36,,,,,,,,,,,
2026-09-25T23:50:56.442,405.603,0,800.75,38,,97.219,24.706,-6.0,2.344,1.0,0.999,-0.023,5510,14.51,12.157,0,,,7.812,,,,,,,,,,
2026-09-25T23:50:56.572,405.733,0,802.25,38,,97.25,24.314,-5.5,2.344,1.0,0.998,-0.023,5550,14.51,12.157,0,,,,13.925,,,,,,,,,
2026-09-25T23:50:56.702,405.863,0,799.5,38,,97.219,23.922,-4.0,2.344,1.0,0.996,-0.031,5430,14.51,12.549,0,,,,,97,,,,,,,,
2026-09-25T23:50:56.832,405.993,0,798.25,38,,97.219,24.706,-5.5,1.562,1.0,0.993,-0.035,5370,14.51,12.157,0,,,,,,21,,,,,,,
2026-09-25T23:50:56.962,406.123,0,796.75,38,,97.219,24.314,-4.5,1.562,1.0,0.994,-0.035,5370,14.51,12.157,0,,,,,,,16.078,,,,,,
2026-09-25T23:50:57.092,406.254,0,795.0,38,,97.219,24.314,-3.5,1.562,1.0,0.996,-0.027,5360,14.51,12.157,0,,,,,,,,503.1,,,,,
2026-09-25T23:50:57.222,406.383,0,797.0,38,,97.219,24.314,-4.0,1.562,1.0,0.995,-0.035,5310,14.51,12.157,0,,,,,,,,,0.76,,,,
2026-09-25T23:50:57.352,406.513,0,796.75,38,,97.219,23.922,-4.5,1.562,1.0,0.994,-0.035,5310,14.51,12.157,0,,,,,,,,,,,0.0,,
2026-09-25T23:50:57.483,406.644,0,797.0,38,,97.25,24.314,-4.0,1.562,1.0,0.996,-0.031,5270,14.51,12.157,0,,,,,,,,,,,,25.098,
2026-09-25T23:50:57.613,406.774,0,799.5,37,,97.219,23.922,-4.0,1.562,1.0,0.995,-0.035,5300,14.51,12.157,0,,,,,,,,,,,,,436
2026-09-25T23:50:57.742,406.903,0,799.0,38,,97.219,24.314,-5.0,1.562,1.0,0.995,-0.031,5300,14.51,12.549,0,100,,,,,,,,,,,,
2026-09-25T23:50:57.872,407.033,0,794.75,38,,97.25,24.706,-5.0,1.562,1.0,0.996,-0.027,5360,14.51,12.157,0,,36,,,,,,,,,,,
2026-09-25T23:50:58.002,407.163,0,797.0,38,,97.219,24.706,-4.5,1.562,1.0,0.997,-0.027,5470,14.51,12.157,0,,,7.812,,,,,,,,,,
2026-09-25T23:50:58.132,407.293,0,799.0,38,,97.219,24.706,-5.5,1.562,1.0,0.998,-0.027,5550,14.51,12.157,0,,,,13.847,,,,,,,,,
2026-09-25T23:50:58.262,407.423,0,797.5,38,,97.219,24.314,-5.5,1.562,1.0,0.995,-0.035,5590,14.51,12.157,0,,,,,97,,,,,,,,
2026-09-25T23:50:58.392,407.553,0,800.5,38,,97.219,24.314,-5.5,1.562,1.0,0.996,-0.031,5600,14.51,12.157,0,,,,,,21,,,,,,,
2026-09-25T23:50:58.522,407.683,0,801.0,38,,97.219,23.922,-5.5,1.562,1.0,0.997,-0.027,5600,14.51,12.157,0,,,,,,,16.078,,,,,,
2026-09-25T23:50:58.652,407.813,0,796.25,38,,97.25,24.314,-4.5,1.562,1.0,0.996,-0.031,5490,14.51,12.157,0,,,,,,,,502.7,,,,,
2026-09-25T23:50:58.782,407.943,0,793.5,38,,97.219,24.314,-3.0,1.562,1.0,0.997,-0.027,5430,14.51,12.157,0,,,,,,,,,0.76,,,,
2026-09-25T23:50:58.913,408.074,0,791.25,37,,97.219,24.314,-1.5,1.562,1.0,0.999,-0.023,5340,14.51,12.549,0,,,,,,,,,,,0.0,,
2026-09-25T23:50:59.042,408.203,0,795.0,38,,97.219,24.314,-2.5,1.562,1.0,1.002,-0.02,5270,14.51,12.549,0,,,,,,,,,,,,25.49,
2026-09-25T23:50:59.172,408.333,0,794.75,38,,97.219,24.706,-4.5,1.562,1.0,1.001,-0.02,5330,14.51,12.157,0,,,,,,,,,,,,,438
2026-09-25T23:50:59.302,408.463,0,798.75,38,,97.219,24.314,-5.0,2.344,1.0,1.005,-0.016,5470,14.51,12.157,0,100,,,,,,,,,,,,
2026-09-25T23:50:59.432,408.593,0,799.75,38,,97.219,24.314,-5.0,2.344,1.0,1.002,-0.02,5520,14.51,12.157,0,,36,,,,,,,,,,,
2026-09-25T23:50:59.562,408.723,0,800.5,38,,97.219,24.706,-5.5,1.562,1.0,0.997,-0.027,5540,14.51,12.157,0,,,7.812,,,,,,,,,,
2026-09-25T23:50:59.692,408.853,0,800.25,38,,97.219,24.314,-5.0,1.562,1.0,0.997,-0.027,5560,14.51,12.157,0,,,,13.925,,,,,,,,,
2026-09-25T23:50:59.822,408.983,0,799.25,38,,97.219,24.706,-5.5,1.562,1.0,0.996,-0.027,5570,14.51,12.157,0,,,,,97,,,,,,,,
2026-09-25T23:50:59.952,409.113,0,798.25,38,,97.219,24.314,-5.5,1.562,1.0,0.997,-0.027,5580,14.51,12.157,0,,,,,,21,,,,,,,
2026-09-25T23:51:00.082,409.243,0,796.0,38,,97.312,24.314,-4.5,1.562,1.0,0.996,-0.027,5560,14.51,12.157,0,,,,,,,16.078,,,,,,
2026-09-25T23:51:00.212,409.374,0,794.5,38,,97.25,24.314,-4.0,1.562,1.0,0.999,-0.023,5540,14.51,12.157,0,,,,,,,,502.3,,,,,
2026-09-25T23:51:00.342,409.503,0,799.25,38,,97.281,24.314,-5.5,1.562,1.0,0.999,-0.023,5520,14.51,12.157,0,,,,,,,,,0.76,,,,
2026-09-25T23:51:00.472,409.634,0,799.0,38,,97.281,24.314,-5.0,1.562,1.0,0.998,-0.023,5490,14.51,12.157,0,,,,,,,,,,,0.0,,
2026-09-25T23:51:00.603,409.764,0,798.0,38,,97.25,24.314,-4.5,1.562,1.0,0.998,-0.027,5460,14.51,12.157,0,,,,,,,,,,,,25.49,
2026-09-25T23:51:00.732,409.893,0,794.0,38,,97.25,24.314,-4.0,1.562,1.0,0.997,-0.027,5410,14.51,12.157,0,,,,,,,,,,,,,439
2026-09-25T23:51:00.862,410.023,0,796.5,38,,97.25,24.314,-4.0,1.562,1.0,0.997,-0.027,5410,14.51,12.157,0,100,,,,,,,,,,,,
2026-09-25T23:51:00.992,410.153,0,796.75,38,,97.219,24.314,-4.0,1.562,1.0,0.996,-0.031,5400,14.51,12.157,0,,36,,,,,,,,,,,
2026-09-25T23:51:01.122,410.283,0,793.5,38,,97.25,24.314,-4.0,1.562,1.0,0.996,-0.027,5400,14.51,12.157,0,,,7.812,,,,,,,,,,
2026-09-25T23:51:01.252,410.413,0,797.0,38,,97.219,24.314,-4.5,1.562,1.0,0.997,-0.027,5340,14.51,12.157,0,,,,13.886,,,,,,,,,
2026-09-25T23:51:01.382,410.543,0,797.0,37,,97.219,24.314,-4.0,1.562,1.0,0.996,-0.031,5350,14.51,12.157,0,,,,,97,,,,,,,,
2026-09-25T23:51:01.512,410.673,0,801.25,38,,97.281,24.314,-5.0,1.562,1.0,0.993,-0.035,5370,14.51,12.157,0,,,,,,21,,,,,,,
2026-09-25T23:51:01.642,410.803,0,803.25,37,,97.219,24.314,-5.5,1.562,1.0,0.994,-0.035,5370,14.51,12.157,0,,,,,,,16.078,,,,,,
2026-09-25T23:51:01.772,410.933,0,800.75,38,,97.219,23.922,-4.0,1.562,1.0,0.996,-0.031,5350,14.51,12.157,0,,,,,,,,502.0,,,,,
2026-09-25T23:51:01.902,411.063,0,795.75,38,,97.25,24.706,-3.5,1.562,1.0,0.995,-0.031,5320,14.51,12.157,0,,,,,,,,,0.76,,,,
2026-09-25T23:51:02.033,411.194,0,792.25,38,,97.219,24.706,-4.0,1.562,1.0,0.998,-0.027,5370,14.51,12.157,0,,,,,,,,,,,0.0,,
2026-09-25T23:51:02.162,411.324,0,797.0,38,,97.25,24.706,-5.5,1.562,1.0,0.999,-0.023,5460,14.51,12.157,0,,,,,,,,,,,,25.49,
2026-09-25T23:51:02.292,411.453,0,803.75,38,,97.219,24.706,-5.5,1.562,1.0,0.997,-0.027,5500,14.51,12.157,0,,,,,,,,,,,,,441
2026-09-25T23:51:02.422,411.583,0,801.25,38,,97.25,24.314,-5.5,1.562,1.0,0.995,-0.031,5500,14.51,12.157,0,100,,,,,,,,,,,,
2026-09-25T23:51:02.552,411.713,0,800.0,37,,97.219,24.314,-5.5,1.562,1.0,0.995,-0.031,5450,14.51,12.157,0,,36,,,,,,,,,,,
2026-09-25T23:51:02.682,411.843,0,797.0,38,,97.219,24.314,-4.5,1.562,1.0,0.998,-0.023,5420,14.51,12.157,0,,,7.812,,,,,,,,,,
2026-09-25T23:51:02.823,411.984,0,795.75,38,,97.25,24.314,-3.0,1.562,1.0,0.997,-0.027,5410,14.51,12.157,0,,,,13.828,,,,,,,,,
2026-09-25T23:51:02.952,412.114,0,796.25,37,,97.219,23.922,-4.0,1.562,1.0,1.0,-0.02,5400,14.51,12.157,0,,,,,97,,,,,,,,
2026-09-25T23:51:03.082,412.243,0,796.25,38,,97.219,24.314,-4.0,1.562,1.0,0.999,-0.023,5370,14.51,12.157,0,,,,,,21,,,,,,,
2026-09-25T23:51:03.212,412.373,0,795.5,38,,97.25,23.922,-4.0,1.562,1.0,0.998,-0.027,5320,14.51,12.157,0,,,,,,,16.078,,,,,,
2026-09-25T23:51:03.342,412.503,0,798.75,38,,97.219,24.314,-4.0,1.562,1.0,0.997,-0.027,5270,14.51,12.549,0,,,,,,,,501.6,,,,,
2026-09-25T23:51:03.472,412.633,0,800.75,38,,97.219,24.314,-5.0,1.562,1.0,0.996,-0.031,5310,14.51,12.549,0,,,,,,,,,0.76,,,,
2026-09-25T23:51:03.602,412.763,0,800.5,38,,97.219,24.706,-5.5,1.562,1.0,0.998,-0.027,5420,14.51,12.157,0,,,,,,,,,,,0.0,,
2026-09-25T23:51:03.732,412.893,0,800.75,38,,97.25,24.706,-6.0,1.562,1.0,0.998,-0.023,5590,14.51,12.157,0,,,,,,,,,,,,25.098,
2026-09-25T23:51:03.862,413.023,0,796.25,38,,97.219,24.314,-4.5,1.562,1.0,0.999,-0.023,5630,14.51,12.157,0,,,,,,,,,,,,,442
2026-09-25T23:51:03.992,413.153,0,798.75,38,,97.219,24.314,-4.5,0.781,1.0,0.995,-0.035,5530,14.51,12.157,0,100,,,,,,,,,,,,
2026-09-25T23:51:04.122,413.283,0,798.25,37,,97.219,23.922,-4.5,0.781,1.0,0.995,-0.031,5470,14.51,12.157,0,,37,,,,,,,,,,,
2026-09-25T23:51:04.252,413.413,0,798.75,38,,97.219,24.314,-5.0,0.781,1.0,0.996,-0.027,5430,14.51,12.157,0,,,7.812,,,,,,,,,,
2026-09-25T23:51:04.382,413.543,0,797.0,38,,97.219,24.314,-4.0,0.781,1.0,0.999,-0.02,5420,14.51,12.157,0,,,,13.886,,,,,,,,,
2026-09-25T23:51:04.513,413.674,0,796.25,37,,97.219,24.314,-4.0,1.562,1.0,1.001,-0.02,5410,14.51,12.157,0,,,,,97,,,,,,,,
2026-09-25T23:51:04.642,413.803,0,798.5,38,,97.219,24.314,-4.5,1.562,1.0,1.0,-0.02,5390,14.51,12.157,0,,,,,,21,,,,,,,
2026-09-25T23:51:04.772,413.933,0,798.75,37,,97.25,23.922,-4.0,1.562,1.0,1.0,-0.02,5350,14.51,12.157,0,,,,,,,16.078,,,,,,
2026-09-25T23:51:04.902,414.063,0,797.75,38,,97.25,24.314,-4.0,1.562,1.0,0.999,-0.023,5350,14.51,12.157,0,,,,,,,,501.2,,,,,
2026-09-25T23:51:05.032,414.193,0,791.25,38,,97.219,24.314,-3.0,1.562,1.0,0.999,-0.023,5330,14.51,12.157,0,,,,,,,,,0.76,,,,
2026-09-25T23:51:05.162,414.323,0,793.25,38,,97.25,24.314,-3.5,1.562,1.0,0.999,-0.023,5330,14.51,12.157,0,,,,,,,,,,,0.0,,
2026-09-25T23:51:05.292,414.453,0,799.5,38,,97.25,24.314,-4.5,0.781,1.0,0.999,-0.023,5350,14.51,12.549,0,,,,,,,,,,,,25.49,
2026-09-25T23:51:05.422,414.583,0,801.5,38,,97.219,24.706,-5.5,1.562,1.0,1.003,-0.016,5400,14.51,12.157,0,,,,,,,,,,,,,444
2026-09-25T23:51:05.552,414.713,0,799.25,38,,97.25,24.706,-6.0,1.562,1.0,1.004,-0.016,5490,14.51,12.157,0,100,,,,,,,,,,,,
2026-09-25T23:51:05.682,414.843,0,801.0,38,,97.25,24.314,-5.5,1.562,1.0,1.002,-0.02,5510,14.51,12.157,0,,37,,,,,,,,,,,
2026-09-25T23:51:05.812,414.974,0,798.75,38,,97.25,24.706,-5.5,1.562,1.0,0.999,-0.023,5550,14.51,12.157,0,,,7.812,,,,,,,,,,
2026-09-25T23:51:05.942,415.103,0,797.25,38,,97.219,24.314,-5.5,1.562,1.0,0.999,-0.023,5520,14.51,12.157,0,,,,13.828,,,,,,,,,
2026-09-25T23:51:06.072,415.233,0,801.75,38,,97.25,24.706,-5.5,1.562,1.0,0.998,-0.023,5500,14.51,12.157,0,,,,,97,,,,,,,,
2026-09-25T23:51:06.203,415.364,0,799.5,38,,97.25,24.706,-5.5,0.781,1.0,0.997,-0.027,5510,14.51,12.157,0,,,,,,21,,,,,,,
2026-09-25T23:51:06.332,415.493,0,800.0,38,,97.25,24.706,-5.0,1.562,1.0,0.999,-0.023,5480,14.51,12.157,0,,,,,,,16.078,,,,,,
2026-09-25T23:51:06.462,415.623,0,797.5,38,,97.219,24.314,-5.5,1.562,1.0,0.999,-0.023,5480,14.51,12.157,0,,,,,,,,500.8,,,,,
2026-09-25T23:51:06.592,415.753,0,799.25,38,,97.281,24.706,-5.5,1.562,1.0,1.003,-0.016,5480,14.51,12.157,0,,,,,,,,,0.76,,,,
2026-09-25T23:51:06.722,415.883,0,799.25,38,,97.219,24.314,-5.0,1.562,1.0,1.002,-0.02,5460,14.51,12.157,0,,,,,,,,,,,0.0,,
2026-09-25T23:51:06.852,416.013,0,795.75,38,,97.219,24.706,-4.0,1.562,1.0,0.999,-0.023,5460,14.51,12.157,0,,,,,,,,,,,,25.098,
2026-09-25T23:51:06.982,416.143,0,795.75,38,,97.281,24.314,-4.0,1.562,1.0,0.998,-0.023,5430,14.51,12.157,0,,,,,,,,,,,,,445
2026-09-25T23:51:07.112,416.273,0,794.5,38,,97.219,24.314,-4.0,1.562,1.0,0.999,-0.023,5390,14.51,12.157,0,100,,,,,,,,,,,,
2026-09-25T23:51:07.242,416.403,0,795.75,38,,97.25,24.314,-4.5,1.562,1.0,0.999,-0.023,5370,14.51,12.157,0,,37,,,,,,,,,,,
2026-09-25T23:51:07.372,416.533,0,799.5,38,,97.25,24.314,-5.5,1.562,1.0,0.999,-0.023,5360,14.51,12.157,0,,,7.812,,,,,,,,,,
2026-09-25T23:51:07.502,416.663,0,800.75,38,,97.25,24.314,-5.0,1.562,1.0,1.001,-0.02,5360,14.51,12.157,0,,,,13.886,,,,,,,,,
2026-09-25T23:51:07.633,416.794,0,800.75,38,,97.312,23.922,-5.5,1.562,1.0,0.999,-0.023,5390,14.51,12.157,0,,,,,97,,,,,,,,
2026-09-25T23:51:07.762,416.923,0,800.25,38,,97.25,24.314,-5.5,1.562,1.0,0.998,-0.023,5340,14.51,12.157,0,,,,,,21,,,,,,,
2026-09-25T23:51:07.892,417.053,0,797.75,38,,97.312,24.314,-4.5,0.781,1.0,0.996,-0.031,5320,14.51,12.157,0,,,,,,,16.078,,,,,,
2026-09-25T23:51:08.022,417.183,0,793.25,38,,97.25,24.314,-3.0,0.781,1.0,0.998,-0.027,5320,14.51,12.157,0,,,,,,,,500.5,,,,,
2026-09-25T23:51:08.152,417.313,0,794.25,38,,97.281,24.706,-4.0,1.562,1.0,0.999,-0.023,5360,14.51,12.157,0,,,,,,,,,0.76,,,,
2026-09-25T23:51:08.282,417.443,0,801.5,38,,97.281,24.314,-5.5,1.562,1.0,1.0,-0.02,5450,14.51,12.157,0,,,,,,,,,,,0.0,,
2026-09-25T23:51:08.412,417.573,0,802.0,38,,97.344,24.314,-5.5,1.562,1.0,1.0,-0.02,5520,14.51,12.157,0,,,,,,,,,,,,25.098,
2026-09-25T23:51:08.542,417.703,0,803.0,38,,97.344,24.314,-6.0,1.562,1.0,0.997,-0.027,5580,14.51,12.157,0,,,,,,,,,,,,,447
2026-09-25T23:51:08.672,417.833,0,801.5,38,,97.344,24.314,-5.5,0.781,1.0,0.995,-0.035,5500,14.51,12.157,0,100,,,,,,,,,,,,
2026-09-25T23:51:08.802,417.963,0,798.75,37,,97.312,23.922,-4.0,0.781,1.0,0.995,-0.031,5390,14.51,12.549,0,,37,,,,,,,,,,,
2026-09-25T23:51:08.932,418.094,0,794.75,38,,97.281,24.314,-4.5,0.781,1.0,0.997,-0.027,5300,14.51,12.157,0,,,7.812,,,,,,,,,,
2026-09-25T23:51:09.062,418.223,0,796.0,38,,97.344,24.706,-5.0,0.781,1.0,0.999,-0.023,5350,14.51,12.157,0,,,,13.847,,,,,,,,,
2026-09-25T23:51:09.192,418.353,0,799.5,37,,97.281,23.922,-4.5,1.562,1.0,1.003,-0.016,5300,14.51,12.157,0,,,,,97,,,,,,,,
2026-09-25T23:51:09.323,418.484,0,798.75,37,,97.281,23.922,-4.5,1.562,1.0,0.999,-0.023,5240,14.51,12.157,0,,,,,,21,,,,,,,
2026-09-25T23:51:09.452,418.614,0,796.0,37,,97.281,23.922,-4.0,0.781,1.0,0.997,-0.027,5240,14.51,12.157,0,,,,,,,16.078,,,,,,
2026-09-25T23:51:09.582,418.743,0,797.25,38,,97.281,24.314,-4.5,0.781,1.0,0.998,-0.023,5230,14.51,12.157,0,,,,,,,,500.1,,,,,
2026-09-25T23:51:09.712,418.873,0,801.5,38,,97.219,23.922,-5.0,0.781,1.0,0.997,-0.027,5320,14.51,12.157,0,,,,,,,,,0.765,,,,
2026-09-25T23:51:09.842,419.003,0,797.0,38,,97.281,24.314,-5.0,0.781,1.0,0.997,-0.027,5320,14.51,12.157,0,,,,,,,,,,,0.0,,
2026-09-25T23:51:09.972,419.133,0,798.5,38,,97.25,24.314,-4.5,0.781,1.0,0.995,-0.031,5360,14.51,12.157,0,,,,,,,,,,,,25.098,
2026-09-25T23:51:10.102,419.263,0,796.25,37,,97.25,24.314,-4.0,0.781,1.0,0.995,-0.031,5390,14.51,12.157,0,,,,,,,,,,,,,448
2026-09-25T23:51:10.232,419.393,0,801.5,38,,97.25,24.314,-5.5,0.781,1.0,0.994,-0.035,5400,14.51,12.157,0,100,,,,,,,,,,,,
2026-09-25T23:51:10.362,419.523,0,800.75,37,,97.281,23.922,-5.5,0.781,1.0,0.995,-0.031,5400,14.51,12.157,0,,37,,,,,,,,,,,
2026-09-25T23:51:10.492,419.653,0,802.75,38,,97.281,24.314,-5.0,0.781,1.0,0.995,-0.031,5350,14.51,12.157,0,,,7.812,,,,,,,,,,
2026-09-25T23:51:10.622,419.783,0,803.0,37,,97.25,23.922,-5.5,0.781,1.0,0.994,-0.035,5330,14.51,12.157,0,,,,13.886,,,,,,,,,
2026-09-25T23:51:10.752,419.913,0,801.25,37,,97.25,24.314,-5.5,0.781,1.0,0.996,-0.031,5290,14.51,12.157,0,,,,,97,,,,,,,,
2026-09-25T23:51:10.882,420.044,0,800.0,38,,97.281,24.314,-5.5,0.781,1.0,0.998,-0.027,5330,14.51,12.157,0,,,,,,21,,,,,,,
2026-09-25T23:51:11.012,420.173,0,798.25,37,,97.219,24.314,-4.0,0.781,1.0,0.997,-0.027,5300,14.51,12.157,0,,,,,,,16.078,,,,,,
2026-09-25T23:51:11.142,420.303,0,797.0,38,,97.219,24.314,-4.0,0.781,1.0,0.995,-0.031,5280,14.51,12.157,0,,,,,,,,499.8,,,,,
2026-09-25T23:51:11.273,420.434,0,794.75,37,,97.219,23.922,-4.0,0.781,1.0,0.997,-0.027,5290,14.51,12.157,0,,,,,,,,,0.765,,,,
2026-09-25T23:51:11.402,420.563,0,801.0,38,,97.219,23.922,-5.0,0.781,1.0,0.999,-0.023,5300,14.51,12.157,0,,,,,,,,,,,0.0,,
2026-09-25T23:51:11.532,420.693,0,804.25,37,,97.219,23.922,-5.0,0.781,1.0,0.998,-0.023,5310,14.51,12.157,0,,,,,,,,,,,,25.098,
2026-09-25T23:51:11.662,420.823,0,799.5,38,,97.219,24.314,-5.0,0.781,1.0,0.999,-0.02,5260,14.51,12.157,0,,,,,,,,,,,,,450
2026-09-25T23:51:11.792,420.953,0,799.0,38,,97.25,24.314,-4.5,0.781,1.0,0.999,-0.023,5280,14.51,12.157,0,100,,,,,,,,,,,,
2026-09-25T23:51:11.922,421.083,0,796.25,38,,97.25,24.314,-5.0,0.781,1.0,0.999,-0.023,5320,14.51,12.157,0,,37,,,,,,,,,,,
2026-09-25T23:51:12.052,421.213,0,798.5,38,,97.25,23.922,-5.0,0.781,1.0,0.999,-0.023,5310,14.51,12.157,0,,,7.812,,,,,,,,,,
2026-09-25T23:51:12.182,421.343,0,797.0,37,,97.281,23.529,-3.0,0.781,1.0,0.998,-0.023,5250,14.51,12.157,0,,,,13.886,,,,,,,,,
2026-09-25T23:51:12.312,421.473,0,796.25,37,,97.219,24.314,-5.0,0.781,1.0,0.996,-0.027,5250,14.51,12.157,0,,,,,97,,,,,,,,
2026-09-25T23:51:12.442,421.603,0,802.5,37,,97.219,23.922,-5.5,0.781,1.0,0.999,-0.023,5360,14.51,12.157,0,,,,,,21,,,,,,,
2026-09-25T23:51:12.572,421.733,0,802.25,38,,97.219,24.314,-5.5,0.781,1.0,0.999,-0.02,5390,14.51,12.157,0,,,,,,,16.078,,,,,,
2026-09-25T23:51:12.702,421.863,0,803.75,38,,97.219,23.922,-5.5,0.781,1.0,0.998,-0.027,5530,14.51,12.157,0,,,,,,,,499.5,,,,,
2026-09-25T23:51:12.832,421.993,0,804.0,38,,97.219,24.314,-5.5,0.781,1.0,0.997,-0.027,5520,14.51,12.157,0,,,,,,,,,0.765,,,,
2026-09-25T23:51:12.972,422.133,0,803.5,38,,97.219,24.314,-6.0,0.781,1.0,0.998,-0.023,5550,14.51,12.157,0,,,,,,,,,,,0.0,,
2026-09-25T23:51:13.102,422.263,0,800.75,38,,97.219,24.706,-5.5,0.781,1.0,0.999,-0.023,5530,14.51,12.157,0,,,,,,,,,,,,25.49,
2026-09-25T23:51:13.232,422.393,0,798.0,38,,97.219,24.314,-5.5,0.781,1.0,1.0,-0.02,5520,14.51,12.157,0,,,,,,,,,,,,,452
2026-09-25T23:51:13.362,422.523,0,797.5,38,,97.219,23.922,-5.5,0.781,1.0,1.001,-0.02,5520,14.51,12.157,0,100,,,,,,,,,,,,
2026-09-25T23:51:13.492,422.653,0,796.5,38,,97.25,24.314,-4.5,0.781,1.0,1.004,-0.016,5470,14.51,12.157,0,,37,,,,,,,,,,,
2026-09-25T23:51:13.622,422.783,0,797.25,37,,97.25,23.922,-4.5,0.781,1.0,0.999,-0.023,5470,14.51,12.157,0,,,7.812,,,,,,,,,,
2026-09-25T23:51:13.752,422.913,0,797.75,38,,97.219,24.314,-5.5,0.781,1.0,0.999,-0.023,5460,14.51,12.157,0,,,,13.886,,,,,,,,,
2026-09-25T23:51:13.882,423.043,0,801.25,38,,97.25,23.922,-5.5,0.781,1.0,0.999,-0.023,5400,14.51,12.157,0,,,,,97,,,,,,,,
2026-09-25T23:51:14.013,423.174,0,797.75,37,,97.25,24.314,-4.0,0.781,1.0,1.0,-0.02,5350,14.51,12.157,0,,,,,,21,,,,,,,
2026-09-25T23:51:14.142,423.303,0,793.5,38,,97.25,24.314,-4.0,0.781,1.0,1.0,-0.02,5350,14.51,12.157,0,,,,,,,16.078,,,,,,
2026-09-25T23:51:14.272,423.433,0,798.5,37,,97.25,23.922,-5.0,0.781,1.0,0.998,-0.023,5350,14.51,12.157,0,,,,,,,,499.2,,,,,
2026-09-25T23:51:14.402,423.563,0,801.0,37,,97.281,23.922,-5.5,0.781,1.0,0.998,-0.023,5350,14.51,12.157,0,,,,,,,,,0.765,,,,
2026-09-25T23:51:14.532,423.693,0,799.75,37,,97.281,23.922,-5.0,0.781,1.0,0.997,-0.027,5320,14.51,12.157,0,,,,,,,,,,,0.0,,
2026-09-25T23:51:14.662,423.823,0,796.25,37,,97.281,24.314,-4.0,0.781,1.0,0.998,-0.023,5280,14.51,12.157,0,,,,,,,,,,,,25.098,
2026-09-25T23:51:14.792,423.953,0,794.5,38,,97.25,23.922,-3.0,0.781,1.0,0.997,-0.027,5270,14.51,12.549,0,,,,,,,,,,,,,453
2026-09-25T23:51:14.922,424.083,0,793.0,38,,97.281,25.098,-4.5,0.781,1.0,0.997,-0.027,5260,14.51,12.549,0,100,,,,,,,,,,,,
2026-09-25T23:51:15.052,424.213,0,796.0,38,,97.25,24.314,-5.0,0.781,1.0,0.998,-0.023,5400,14.51,12.549,0,,37,,,,,,,,,,,
2026-09-25T23:51:15.182,424.343,0,798.5,38,,97.219,24.314,-5.5,0.781,1.0,1.0,-0.02,5470,14.51,12.941,0,,,7.031,,,,,,,,,,
2026-09-25T23:51:15.313,424.474,0,797.5,37,,97.219,23.922,-5.5,0.781,1.0,0.999,-0.023,5430,14.51,12.941,0,,,,13.886,,,,,,,,,
2026-09-25T23:51:15.442,424.604,0,798.5,37,,97.219,23.922,-5.0,0.781,1.0,0.995,-0.031,5320,14.51,12.549,0,,,,,97,,,,,,,,
2026-09-25T23:51:15.572,424.733,0,798.75,37,,97.219,23.529,-4.5,0.781,1.0,0.992,-0.043,5210,14.51,12.549,0,,,,,,21,,,,,,,
2026-09-25T23:51:15.702,424.863,0,796.0,36,,97.219,23.137,-4.0,0.0,1.0,0.989,-0.047,5070,14.51,12.941,0,,,,,,,16.078,,,,,,
2026-09-25T23:51:15.832,424.993,0,796.25,36,,97.219,23.137,-2.5,0.0,1.0,0.985,-0.059,4930,14.51,12.941,0,,,,,,,,498.8,,,,,
2026-09-25T23:51:15.962,425.123,0,795.0,37,,97.219,23.529,-2.5,0.0,1.0,0.984,-0.059,5000,14.51,12.941,0,,,,,,,,,0.765,,,,
2026-09-25T23:51:16.092,425.253,0,796.0,37,,97.219,23.922,-3.0,0.0,1.0,0.985,-0.059,5120,14.51,12.941,0,,,,,,,,,,,0.0,,
2026-09-25T23:51:16.222,425.383,0,799.5,37,,97.219,23.529,-4.5,0.0,1.0,0.986,-0.055,5170,14.51,12.941,0,,,,,,,,,,,,24.314,
2026-09-25T23:51:16.352,425.513,0,802.25,37,,97.219,23.529,-4.0,0.0,1.0,0.988,-0.051,5180,14.51,12.941,0,,,,,,,,,,,,,455
2026-09-25T23:51:16.482,425.643,0,804.25,37,,97.219,23.922,-5.5,0.0,1.0,0.989,-0.051,5240,14.51,12.941,0,100,,,,,,,,,,,,
2026-09-25T23:51:16.612,425.773,0,802.5,37,,97.219,23.922,-5.0,0.0,1.0,0.993,-0.039,5300,14.51,12.941,0,,37,,,,,,,,,,,
2026-09-25T23:51:16.742,425.903,0,802.75,37,,97.219,23.922,-5.0,0.0,1.0,0.994,-0.035,5310,14.51,12.941,0,,,7.031,,,,,,,,,,
2026-09-25T23:51:16.872,426.033,0,802.75,37,,97.219,23.529,-5.0,0.0,1.0,0.993,-0.039,5300,14.51,12.941,0,,,,13.906,,,,,,,,,
2026-09-25T23:51:17.002,426.163,0,799.0,37,,97.219,23.529,-4.5,0.0,1.0,0.992,-0.039,5280,14.51,12.941,0,,,,,97,,,,,,,,
2026-09-25T23:51:17.132,426.293,0,797.25,37,,97.219,23.529,-4.0,0.0,1.0,0.99,-0.043,5240,14.51,12.941,0,,,,,,21,,,,,,,
2026-09-25T23:51:17.262,426.423,0,799.0,37,,97.219,23.529,-4.0,0.0,1.0,0.989,-0.047,5250,14.51,12.941,0,,,,,,,16.078,,,,,,
2026-09-25T23:51:17.393,426.554,0,805.0,37,,97.219,23.529,-4.0,0.0,1.0,0.99,-0.043,5210,14.51,12.941,0,,,,,,,,498.5,,,,,
2026-09-25T23:51:17.522,426.683,0,806.0,37,,97.219,23.529,-4.0,0.0,1.0,0.992,-0.039,5200,14.51,12.941,0,,,,,,,,,0.77,,,,
2026-09-25T23:51:17.653,426.814,0,806.75,37,,97.219,23.529,-4.5,0.0,1.0,0.992,-0.039,5240,14.51,12.941,0,,,,,,,,,,,0.0,,
2026-09-25T23:51:17.782,426.943,0,806.25,37,,97.219,23.922,-5.5,0.0,1.0,0.992,-0.039,5370,14.51,12.941,0,,,,,,,,,,,,25.49,
2026-09-25T23:51:17.913,427.074,0,804.75,38,,97.219,24.314,-6.0,0.0,1.0,0.993,-0.039,5520,14.51,12.941,0,,,,,,,,,,,,,456
2026-09-25T23:51:18.052,427.213,0,802.5,37,,97.219,23.922,-5.0,0.0,1.0,0.995,-0.031,5490,14.51,12.941,0,100,,,,,,,,,,,,
2026-09-25T23:51:18.182,427.343,0,800.0,37,,97.219,23.529,-4.5,0.0,1.0,0.993,-0.035,5350,14.51,12.941,0,,37,,,,,,,,,,,
2026-09-25T23:51:18.312,427.473,0,801.5,37,,97.219,23.529,-4.5,0.0,1.0,0.991,-0.043,5280,14.51,12.941,0,,,7.812,,,,,,,,,,
2026-09-25T23:51:18.442,427.603,0,801.25,37,,97.219,23.529,-4.0,0.0,1.0,0.992,-0.039,5170,14.51,12.941,0,,,,13.886,,,,,,,,,
2026-09-25T23:51:18.572,427.733,0,799.75,37,,97.219,23.529,-4.0,0.0,1.0,0.994,-0.035,5130,14.51,12.941,0,,,,,97,,,,,,,,
2026-09-25T23:51:18.702,427.863,0,799.75,37,,97.219,23.529,-4.0,0.0,1.0,0.994,-0.035,5150,14.51,12.941,0,,,,,,21,,,,,,,
2026-09-25T23:51:18.832,427.994,0,796.5,37,,97.219,23.529,-4.0,0.0,1.0,0.995,-0.035,5160,14.51,12.941,0,,,,,,,16.078,,,,,,
2026-09-25T23:51:18.963,428.124,0,795.5,37,,97.219,23.922,-3.5,0.0,1.0,0.996,-0.031,5160,14.51,12.941,0,,,,,,,,498.1,,,,,
2026-09-25T23:51:19.092,428.253,0,798.75,37,,97.219,23.922,-4.0,0.0,1.0,0.998,-0.027,5170,14.51,12.941,0,,,,,,,,,0.77,,,,
2026-09-25T23:51:19.222,428.383,0,796.75,37,,97.219,23.922,-4.5,0.0,1.0,0.998,-0.023,5190,14.51,12.941,0,,,,,,,,,,,0.0,,
2026-09-25T23:51:19.352,428.513,0,796.5,37,,97.219,23.922,-4.0,0.0,1.0,0.996,-0.027,5190,14.51,12.941,0,,,,,,,,,,,,24.314,
2026-09-25T23:51:19.482,428.643,0,800.75,37,,97.219,23.529,-4.5,0.0,1.0,0.995,-0.031,5160,14.51,12.941,0,,,,,,,,,,,,,458
2026-09-25T23:51:19.612,428.773,0,804.75,37,,97.219,23.529,-4.0,0.0,1.0,0.995,-0.031,5120,14.51,12.941,0,100,,,,,,,,,,,,
2026-09-25T23:51:19.742,428.903,0,805.75,37,,97.219,23.529,-4.5,0.0,1.0,0.995,-0.031,5090,14.51,12.941,0,,37,,,,,,,,,,,
2026-09-25T23:51:19.872,429.033,0,804.25,37,,97.219,23.529,-4.5,-0.781,1.0,0.996,-0.031,5080,14.51,12.941,0,,,7.812,,,,,,,,,,
2026-09-25T23:51:20.002,429.163,0,808.25,37,,97.219,23.137,-5.0,-0.781,1.0,0.996,-0.031,5060,14.51,12.941,0,,,,13.964,,,,,,,,,
2026-09-25T23:51:20.132,429.293,0,806.75,37,,97.219,23.137,-4.5,-0.781,1.0,0.996,-0.031,5030,14.51,12.941,0,,,,,97,,,,,,,,
2026-09-25T23:51:20.262,429.423,0,806.75,37,,97.219,23.529,-4.5,-0.781,1.0,0.997,-0.027,5050,14.51,12.941,0,,,,,,21,,,,,,,
2026-09-25T23:51:20.392,429.553,0,809.25,37,,97.219,23.529,-4.5,-0.781,1.0,0.998,-0.023,5050,14.51,12.941,0,,,,,,,16.078,,,,,,
2026-09-25T23:51:20.522,429.683,0,812.0,36,,97.219,23.137,-4.5,-0.781,1.0,0.997,-0.027,5040,14.51,12.941,0,,,,,,,,497.8,,,,,
2026-09-25T23:51:20.652,429.813,0,807.5,36,,97.219,23.529,-4.5,-0.781,1.0,0.997,-0.027,5040,14.51,12.941,0,,,,,,,,,0.77,,,,
2026-09-25T23:51:20.782,429.943,0,804.75,37,,97.219,23.529,-4.5,-0.781,1.0,0.997,-0.027,5050,14.51,12.941,0,,,,,,,,,,,0.0,,
2026-09-25T23:51:20.913,430.074,0,800.5,37,,97.219,23.529,-4.5,-0.781,1.0,0.998,-0.027,5060,14.51,12.941,0,,,,,,,,,,,,24.314,
2026-09-25T23:51:21.042,430.203,0,801.75,37,,97.219,23.529,-4.5,-0.781,1.0,0.996,-0.027,5080,14.51,12.941,0,,,,,,,,,,,,,459
2026-09-25T23:51:21.172,430.333,0,803.0,37,,97.219,23.529,-5.0,-0.781,1.0,0.998,-0.027,5070,14.51,12.941,0,100,,,,,,,,,,,,
2026-09-25T23:51:21.302,430.463,0,799.5,37,,97.219,23.529,-5.0,-0.781,1.0,0.997,-0.027,5060,14.51,12.941,0,,37,,,,,,,,,,,
2026-09-25T23:51:21.432,430.593,0,799.25,37,,97.219,23.529,-4.5,-0.781,1.0,0.998,-0.023,5070,14.51,12.941,0,,,7.031,,,,,,,,,,
2026-09-25T23:51:21.562,430.723,0,801.5,37,,97.219,23.529,-5.0,-0.781,1.0,0.998,-0.023,5050,14.51,12.941,0,,,,13.964,,,,,,,,,
2026-09-25T23:51:21.692,430.853,0,799.75,37,,97.219,23.529,-4.5,-0.781,1.0,0.998,-0.023,5040,14.51,12.549,0,,,,,97,,,,,,,,
2026-09-25T23:51:21.822,430.983,0,796.5,36,,97.219,23.137,-4.0,-0.781,1.0,0.997,-0.027,5050,14.51,12.549,0,,,,,,21,,,,,,,
2026-09-25T23:51:21.953,431.114,0,794.5,36,,97.219,23.137,-2.5,-0.781,1.0,0.996,-0.031,4940,14.51,12.941,0,,,,,,,16.078,,,,,,
2026-09-25T23:51:22.082,431.243,0,793.75,36,,97.219,23.529,-4.0,-0.781,1.0,0.995,-0.031,4980,14.51,12.549,0,,,,,,,,497.6,,,,,
2026-09-25T23:51:22.212,431.373,0,793.0,37,,97.219,23.137,-3.5,-0.781,1.0,0.996,-0.031,5100,14.51,12.549,0,,,,,,,,,0.77,,,,
2026-09-25T23:51:22.342,431.503,0,796.0,37,,97.219,23.137,-4.0,-0.781,1.0,0.997,-0.027,5050,14.51,12.549,0,,,,,,,,,,,0.0,,
2026-09-25T23:51:22.472,431.633,0,798.5,37,,97.219,23.529,-4.0,-0.781,1.0,0.997,-0.027,5020,14.51,12.549,0,,,,,,,,,,,,24.314,
2026-09-25T23:51:22.602,431.763,0,800.0,36,,97.219,23.137,-4.0,-0.781,1.0,0.996,-0.031,5000,14.51,12.549,0,,,,,,,,,,,,,461
2026-09-25T23:51:22.732,431.893,0,798.0,37,,97.219,23.529,-4.0,-0.781,1.0,0.997,-0.027,4990,14.51,12.549,0,100,,,,,,,,,,,,
2026-09-25T23:51:22.862,432.023,0,794.0,36,,97.219,23.529,-3.5,-0.781,1.0,0.996,-0.031,4980,14.51,12.549,0,,37,,,,,,,,,,,
2026-09-25T23:51:22.992,432.153,0,795.0,37,,97.219,23.529,-3.0,-0.781,1.0,0.996,-0.031,5010,14.51,12.549,0,,,7.812,,,,,,,,,,
2026-09-25T23:51:23.123,432.284,0,793.0,37,,97.219,23.922,-4.0,-0.781,1.0,0.996,-0.031,5020,14.51,12.549,0,,,,13.906,,,,,,,,,
2026-09-25T23:51:23.252,432.413,0,795.5,37,,97.219,23.529,-4.0,-0.781,1.0,0.997,-0.027,5050,14.51,12.549,0,,,,,97,,,,,,,,
2026-09-25T23:51:23.382,432.543,0,799.5,37,,97.219,23.529,-5.0,-0.781,1.0,0.997,-0.027,5070,14.51,12.549,0,,,,,,21,,,,,,,
2026-09-25T23:51:23.512,432.673,0,798.25,37,,97.219,23.529,-4.0,-0.781,1.0,0.998,-0.027,5130,14.51,12.549,0,,,,,,,16.078,,,,,,
2026-09-25T23:51:23.642,432.803,0,795.0,37,,97.219,23.922,-5.0,-0.781,1.0,0.996,-0.027,5140,14.51,12.549,0,,,,,,,,497.3,,,,,
2026-09-25T23:51:23.772,432.933,0,796.5,38,,97.219,23.922,-5.0,-0.781,1.0,0.994,-0.035,5180,14.51,12.549,0,,,,,,,,,0.77,,,,
2026-09-25T23:51:23.902,433.063,0,795.0,37,,97.219,24.314,-4.5,-0.781,1.0,0.995,-0.031,5200,14.51,12.549,0,,,,,,,,,,,0.0,,
2026-09-25T23:51:24.032,433.193,0,796.0,38,,97.219,24.314,-4.0,-0.781,1.0,0.996,-0.031,5230,14.51,12.549,0,,,,,,,,,,,,24.706,
2026-09-25T23:51:24.162,433.323,0,797.0,37,,97.219,23.529,-4.0,-0.781,1.0,0.995,-0.031,5230,14.51,12.549,0,,,,,,,,,,,,,463
2026-09-25T23:51:24.292,433.453,0,801.25,37,,97.219,23.922,-4.0,-0.781,1.0,0.995,-0.031,5220,14.51,12.549,0,100,,,,,,,,,,,,
2026-09-25T23:51:24.422,433.583,0,802.0,37,,97.219,23.529,-5.0,-0.781,1.0,0.994,-0.035,5210,14.51,12.549,0,,37,,,,,,,,,,,
2026-09-25T23:51:24.552,433.713,0,802.5,37,,97.219,23.922,-5.5,-1.562,1.0,0.995,-0.035,5200,14.51,12.549,0,,,7.812,,,,,,,,,,
2026-09-25T23:51:24.682,433.843,0,800.0,37,,97.219,23.922,-5.0,-0.781,1.0,0.995,-0.031,5200,14.51,12.549,0,,,,13.906,,,,,,,,,
2026-09-25T23:51:24.813,433.974,0,797.75,37,,97.219,23.922,-4.5,-1.562,1.0,0.993,-0.035,5210,14.51,12.549,0,,,,,97,,,,,,,,
2026-09-25T23:51:24.942,434.103,0,794.0,38,,97.219,23.922,-4.0,-1.562,1.0,0.995,-0.031,5200,14.51,12.549,0,,,,,,21,,,,,,,
2026-09-25T23:51:25.072,434.233,0,792.5,37,,97.219,23.922,-3.5,-1.562,1.0,0.995,-0.035,5190,14.51,12.549,0,,,,,,,16.078,,,,,,
2026-09-25T23:51:25.202,434.363,0,795.0,38,,97.219,23.922,-4.0,-1.562,1.0,0.995,-0.031,5190,14.51,12.549,0,,,,,,,,497.0,,,,,
2026-09-25T23:51:25.332,434.493,0,796.5,37,,97.219,23.922,-4.5,-1.562,1.0,0.994,-0.035,5180,14.51,12.549,0,,,,,,,,,0.775,,,,
2026-09-25T23:51:25.462,434.623,0,797.0,37,,97.219,23.922,-4.0,-1.562,1.0,0.992,-0.039,5150,14.51,12.549,0,,,,,,,,,,,0.0,,
2026-09-25T23:51:25.592,434.753,0,796.0,37,,97.219,23.529,-4.0,-1.562,1.0,0.992,-0.039,5080,14.51,12.549,0,,,,,,,,,,,,24.314,
2026-09-25T23:51:25.722,434.883,0,797.75,37,,97.219,23.922,-4.0,-1.562,1.0,0.993,-0.039,5020,14.51,12.549,0,,,,,,,,,,,,,464
2026-09-25T23:51:25.852,435.013,0,795.25,38,,97.219,24.314,-5.0,-1.562,1.0,0.991,-0.043,5150,14.51,12.157,0,100,,,,,,,,,,,,
2026-09-25T23:51:25.983,435.144,0,792.75,38,,97.25,23.922,-3.5,-1.562,1.0,0.993,-0.035,5240,14.51,12.157,0,,37,,,,,,,,,,,
2026-09-25T23:51:26.112,435.273,0,793.5,37,,97.219,23.529,-2.0,-1.562,1.0,0.997,-0.027,5140,14.51,13.333,0,,,7.031,,,,,,,,,,
2026-09-25T23:51:26.243,435.404,0,797.25,38,,97.219,26.275,9.5,-1.562,1.0,0.995,-0.031,5120,14.51,14.118,0,,,,13.886,,,,,,,,,
2026-09-25T23:51:26.372,435.533,0,827.75,46,,97.219,34.118,-5.0,-1.562,1.0,0.997,-0.027,5420,14.51,13.333,0,,,,,97,,,,,,,,
2026-09-25T23:51:26.502,435.663,0,899.25,48,,97.219,28.627,-10.5,-1.562,1.0,0.997,-0.027,6020,14.51,12.549,0,,,,,,21,,,,,,,
2026-09-25T23:51:26.632,435.793,0,915.0,42,,97.25,26.275,-7.0,-1.562,1.0,0.988,-0.051,6680,14.51,12.941,0,,,,,,,16.078,,,,,,
2026-09-25T23:51:26.762,435.923,0,907.75,40,,97.281,24.706,-4.0,-2.344,1.0,0.976,-0.082,6850,14.51,13.333,0,,,,,,,,496.6,,,,,
2026-09-25T23:51:26.892,436.053,0,899.75,40,,97.219,25.49,0.5,-3.125,1.0,0.968,-0.102,6920,14.51,13.725,0,,,,,,,,,0.775,,,,
2026-09-25T23:51:27.022,436.183,0,896.25,43,,97.219,28.235,-3.0,-3.125,1.0,0.974,-0.09,7300,14.51,13.333,0,,,,,,,,,,,0.0,,
2026-09-25T23:51:27.152,436.313,0,894.5,43,,97.219,27.843,-3.0,-3.125,1.0,0.978,-0.078,7640,14.51,13.333,0,,,,,,,,,,,,30.588,
2026-09-25T23:51:27.283,436.444,0,885.0,44,,97.25,28.235,-2.5,-3.906,1.0,0.98,-0.07,7850,14.51,13.725,0,,,,,,,,,,,,,466
2026-09-25T23:51:27.412,436.573,0,875.25,44,,97.219,31.373,1.5,-3.906,1.0,0.981,-0.066,8270,14.51,14.51,0,100,,,,,,,,,,,,
2026-09-25T23:51:27.542,436.703,0,862.0,50,,97.219,34.118,-0.5,-3.906,1.0,0.983,-0.062,8830,14.51,14.118,0,,37,,,,,,,,,,,
2026-09-25T23:51:27.673,436.834,0,841.0,53,,97.219,35.686,2.0,-3.906,1.001,0.988,-0.051,9270,14.51,14.118,1,,,5.469,,,,,,,,,,
2026-09-25T23:51:27.802,436.963,0,822.0,55,,97.219,38.039,0.5,-3.906,1.002,0.991,-0.043,9850,14.51,13.725,1,,,,13.906,,,,,,,,,
2026-09-25T23:51:27.932,437.093,0,827.75,56,,97.469,37.647,-2.5,-3.906,1.003,0.986,-0.055,10470,14.51,13.725,2,,,,,97,,,,,,,,
2026-09-25T23:51:28.062,437.223,0,822.75,54,,97.5,36.471,0.5,-4.688,1.004,0.985,-0.059,10980,14.51,13.725,2,,,,,,22,,,,,,,
2026-09-25T23:51:28.192,437.353,0,815.75,54,,97.531,36.471,2.0,-4.688,1.004,0.986,-0.055,11600,14.51,13.725,3,,,,,,,16.078,,,,,,
2026-09-25T23:51:28.322,437.483,0,815.0,56,,97.531,38.039,1.0,-4.688,1.004,0.991,-0.043,11980,14.51,13.725,3,,,,,,,,495.5,,,,,
2026-09-25T23:51:28.452,437.613,0,825.25,55,,97.531,36.863,-2.5,-4.688,1.004,0.994,-0.035,12110,14.51,13.333,3,,,,,,,,,0.805,,,,
2026-09-25T23:51:28.583,437.744,0,827.25,54,,97.531,36.078,-3.0,-4.688,1.004,0.991,-0.043,11940,14.51,13.333,4,,,,,,,,,,,0.0,,
2026-09-25T23:51:28.712,437.873,0,826.75,52,,97.531,34.118,-2.0,-4.688,1.004,0.982,-0.062,11580,14.51,13.333,4,,,,,,,,,,,,34.118,
2026-09-25T23:51:28.842,438.003,0,829.0,49,,97.531,32.549,0.5,-5.469,1.004,0.979,-0.074,11160,14.51,13.333,4,,,,,,,,,,,,,467
2026-09-25T23:51:28.972,438.133,0,826.0,49,,97.531,32.549,-1.0,-5.469,1.004,0.986,-0.055,10820,14.51,12.941,4,100,,,,,,,,,,,,
2026-09-25T23:51:29.102,438.263,0,831.0,49,,97.531,31.373,-2.0,-5.469,1.004,0.988,-0.051,10340,14.51,12.941,5,,37,,,,,,,,,,,
2026-09-25T23:51:29.232,438.394,0,834.75,46,,97.625,30.196,-2.5,-5.469,1.004,0.982,-0.062,10010,14.51,12.941,5,,,7.031,,,,,,,,,,
2026-09-25T23:51:29.362,438.523,0,832.5,45,,97.531,29.412,-2.5,-6.25,1.004,0.978,-0.078,9510,14.51,12.941,5,,,,13.925,,,,,,,,,
2026-09-25T23:51:29.492,438.653,0,834.5,44,,97.531,28.627,-3.0,-6.25,1.003,0.975,-0.086,8980,14.51,12.549,5,,,,,97,,,,,,,,
2026-09-25T23:51:29.622,438.783,0,837.25,43,,97.531,28.235,-4.5,-7.031,1.003,0.964,-0.109,8610,14.51,12.157,5,,,,,,22,,,,,,,
2026-09-25T23:51:29.752,438.913,0,829.0,42,,97.562,25.882,-5.0,-7.812,1.003,0.954,-0.133,8170,14.51,12.549,6,,,,,,,16.078,,,,,,
2026-09-25T23:51:29.883,439.044,0,830.25,39,,97.531,24.706,-2.5,-8.594,1.003,0.943,-0.156,7890,14.51,12.549,6,,,,,,,,494.6,,,,,
2026-09-25T23:51:30.012,439.173,0,832.0,39,,97.531,24.706,-2.5,-9.375,1.004,0.944,-0.152,7490,14.51,12.549,6,,,,,,,,,0.84,,,,
2026-09-25T23:51:30.142,439.303,0,828.25,39,,97.531,24.314,-1.0,-9.375,1.004,0.951,-0.137,7110,14.51,12.549,6,,,,,,,,,,,0.0,,
2026-09-25T23:51:30.272,439.433,0,830.75,39,,97.531,24.706,-2.0,-10.156,1.006,0.962,-0.113,6810,14.51,12.549,6,,,,,,,,,,,,25.882,
2026-09-25T23:51:30.402,439.563,0,836.0,39,,97.531,24.314,-2.5,-10.156,1.008,0.963,-0.109,6430,14.51,12.157,6,,,,,,,,,,,,,469
2026-09-25T23:51:30.532,439.693,0,835.25,38,,97.531,23.922,-1.0,-10.156,1.01,0.964,-0.109,6160,14.51,12.549,6,100,,,,,,,,,,,,
2026-09-25T23:51:30.662,439.823,0,834.5,37,,97.531,23.529,-1.0,-10.938,1.013,0.963,-0.113,5770,14.51,12.549,6,,37,,,,,,,,,,,
2026-09-25T23:51:30.791,439.953,0,835.0,38,,97.531,24.314,-2.5,-10.938,1.016,0.969,-0.098,5420,14.51,12.549,6,,,8.594,,,,,,,,,,
2026-09-25T23:51:30.922,440.083,0,834.75,38,,97.531,24.314,-1.5,-10.938,1.018,0.981,-0.07,5240,14.51,12.549,6,,,,13.925,,,,,,,,,
2026-09-25T23:51:31.052,440.213,0,828.25,38,,97.531,24.314,0.5,-10.938,1.019,0.995,-0.031,5230,14.51,12.549,6,,,,,97,,,,,,,,
2026-09-25T23:51:31.182,440.343,0,828.0,39,,97.531,25.098,-3.0,-10.156,1.02,1.019,0.0,5450,14.51,12.549,6,,,,,,22,,,,,,,
2026-09-25T23:51:31.312,440.473,0,831.25,40,,97.531,24.706,-1.5,-9.375,1.022,1.036,0.02,5590,14.51,12.549,6,,,,,,,16.078,,,,,,
2026-09-25T23:51:31.442,440.603,0,827.5,38,,97.531,24.314,0.0,-8.594,1.023,1.042,0.023,5520,14.51,12.549,6,,,,,,,,494.6,,,,,
2026-09-25T23:51:31.572,440.733,0,830.0,39,,97.5,25.49,-2.0,-8.594,1.023,1.045,0.027,5650,14.51,12.549,6,,,,,,,,,0.885,,,,
2026-09-25T23:51:31.702,440.863,0,832.0,40,,97.5,25.098,-1.5,-8.594,1.023,1.053,0.035,5920,14.51,12.549,6,,,,,,,,,,,0.0,,
2026-09-25T23:51:31.832,440.993,0,831.75,39,,97.5,24.706,-1.0,-7.812,1.023,1.059,0.043,5980,14.51,12.549,6,,,,,,,,,,,,25.882,
2026-09-25T23:51:31.962,441.123,0,834.5,38,,97.5,24.314,-1.5,-7.031,1.023,1.058,0.043,5950,14.51,12.549,6,,,,,,,,,,,,,470
2026-09-25T23:51:32.092,441.253,0,833.75,39,,97.5,24.706,-0.5,-7.031,1.022,1.066,0.051,5860,14.51,12.549,6,100,,,,,,,,,,,,
2026-09-25T23:51:32.222,441.383,0,838.25,39,,97.531,24.706,-1.0,-6.25,1.021,1.063,0.051,5800,14.51,12.549,6,,37,,,,,,,,,,,
2026-09-25T23:51:32.352,441.513,0,837.25,39,,97.5,25.098,-4.0,-6.25,1.021,1.071,0.059,5870,14.51,12.157,6,,,8.594,,,,,,,,,,
2026-09-25T23:51:32.482,441.643,0,834.25,38,,97.531,23.922,-1.0,-5.469,1.02,1.069,0.055,5750,14.51,12.549,6,,,,13.945,,,,,,,,,
2026-09-25T23:51:32.612,441.773,0,832.75,38,,97.438,24.706,-2.0,-5.469,1.02,1.067,0.055,5580,14.51,12.549,6,,,,,97,,,,,,,,
2026-09-25T23:51:32.742,441.903,0,829.75,39,,97.5,24.706,-1.5,-5.469,1.019,1.063,0.051,5600,14.51,12.157,6,,,,,,22,,,,,,,
2026-09-25T23:51:32.872,442.034,0,835.5,38,,97.5,23.922,-1.5,-4.688,1.018,1.062,0.047,5600,14.51,12.157,6,,,,,,,16.078,,,,,,
2026-09-25T23:51:33.002,442.163,0,836.75,38,,97.5,24.314,-1.0,-4.688,1.018,1.058,0.043,5520,14.51,12.549,6,,,,,,,,494.6,,,,,
2026-09-25T23:51:33.132,442.293,0,835.0,38,,97.5,24.314,-1.5,-4.688,1.018,1.054,0.039,5470,14.51,12.549,6,,,,,,,,,0.88,,,,
2026-09-25T23:51:33.262,442.423,0,833.0,38,,97.5,24.314,-1.5,-4.688,1.018,1.051,0.035,5470,14.51,12.549,6,,,,,,,,,,,0.0,,
2026-09-25T23:51:33.392,442.553,0,840.0,38,,97.5,24.314,-2.5,-3.906,1.018,1.052,0.035,5560,14.51,12.549,6,,,,,,,,,,,,25.49,
2026-09-25T23:51:33.522,442.683,0,842.0,38,,97.406,24.314,-2.5,-3.906,1.018,1.047,0.031,5600,14.51,12.549,6,,,,,,,,,,,,,472
2026-09-25T23:51:33.652,442.813,0,839.75,38,,97.438,24.314,-2.5,-3.906,1.017,1.045,0.027,5590,14.51,12.157,6,100,,,,,,,,,,,,
2026-09-25T23:51:33.782,442.943,0,839.75,38,,97.406,24.314,-1.0,-3.906,1.017,1.048,0.031,5520,14.51,12.549,6,,37,,,,,,,,,,,
2026-09-25T23:51:33.912,443.073,0,838.75,37,,97.375,24.314,-1.0,-3.125,1.017,1.048,0.031,5340,14.51,12.549,6,,,7.812,,,,,,,,,,
2026-09-25T23:51:34.041,443.203,0,837.25,38,,97.312,24.314,-2.0,-3.125,1.017,1.047,0.031,5410,14.51,12.549,6,,,,13.925,,,,,,,,,
2026-09-25T23:51:34.172,443.333,0,842.75,38,,97.344,24.706,-3.5,-3.125,1.017,1.05,0.035,5590,14.51,12.157,6,,,,,97,,,,,,,,
2026-09-25T23:51:34.302,443.464,0,843.0,38,,97.406,24.314,-1.5,-3.125,1.017,1.044,0.027,5610,14.51,12.549,6,,,,,,22,,,,,,,
2026-09-25T23:51:34.432,443.593,0,843.25,38,,97.375,24.314,-2.5,-3.125,1.016,1.038,0.02,5690,14.51,12.549,5,,,,,,,16.078,,,,,,
2026-09-25T23:51:34.562,443.723,0,843.5,38,,97.312,24.314,-2.5,-3.125,1.016,1.039,0.023,5770,14.51,12.549,5,,,,,,,,494.5,,,,,
2026-09-25T23:51:34.693,443.854,0,841.75,38,,97.375,24.706,-2.5,-2.344,1.016,1.04,0.023,5780,14.51,12.549,5,,,,,,,,,0.87,,,,
2026-09-25T23:51:34.822,443.983,0,838.75,38,,97.406,24.314,-2.0,-2.344,1.016,1.042,0.023,5780,14.51,12.157,5,,,,,,,,,,,0.0,,
2026-09-25T23:51:34.951,444.113,0,838.25,38,,97.375,24.314,-1.0,-2.344,1.016,1.039,0.023,5790,14.51,12.549,5,,,,,,,,,,,,25.49,
2026-09-25T23:51:35.082,444.243,0,838.25,38,,97.375,24.314,-1.0,-2.344,1.016,1.037,0.02,5750,14.51,12.549,5,,,,,,,,,,,,,473
2026-09-25T23:51:35.212,444.373,0,840.5,38,,97.375,24.706,-1.5,-1.562,1.016,1.034,0.016,5780,14.51,12.549,5,100,,,,,,,,,,,,
2026-09-25T23:51:35.342,444.503,0,838.5,39,,97.375,24.706,-2.0,-1.562,1.016,1.036,0.02,5870,14.51,12.549,5,,37,,,,,,,,,,,
2026-09-25T23:51:35.472,444.633,0,839.5,39,,97.438,24.706,-3.0,-1.562,1.016,1.032,0.012,5920,14.51,12.549,4,,,7.812,,,,,,,,,,
2026-09-25T23:51:35.602,444.763,0,843.5,39,,97.312,24.706,-2.5,-1.562,1.016,1.03,0.012,5900,14.51,12.549,4,,,,13.847,,,,,,,,,
2026-09-25T23:51:35.731,444.893,0,846.25,39,,97.312,24.706,-2.5,-1.562,1.016,1.028,0.008,5870,14.51,12.549,4,,,,,97,,,,,,,,
2026-09-25T23:51:35.861,445.023,0,847.0,38,,97.281,24.314,-4.0,-1.562,1.015,1.026,0.008,5880,14.51,12.549,4,,,,,,22,,,,,,,
2026-09-25T23:51:35.992,445.153,0,843.75,39,,97.281,24.706,-3.0,-1.562,1.015,1.023,0.004,5920,14.51,12.549,4,,,,,,,16.078,,,,,,
2026-09-25T23:51:36.122,445.283,0,843.25,39,,97.281,24.706,-3.0,-1.562,1.015,1.022,0.0,5900,14.51,12.549,4,,,,,,,,494.4,,,,,
2026-09-25T23:51:36.251,445.413,0,844.5,39,,97.281,24.706,-3.0,-1.562,1.015,1.019,0.0,5890,14.51,12.549,4,,,,,,,,,0.86,,,,
2026-09-25T23:51:36.382,445.543,0,846.5,39,,97.281,24.706,-3.0,-1.562,1.015,1.021,0.0,5850,14.51,12.549,4,,,,,,,,,,,0.0,,
2026-09-25T23:51:36.512,445.673,0,846.0,39,,97.375,24.706,-2.5,-1.562,1.015,1.019,0.0,5870,14.51,12.549,4,,,,,,,,,,,,26.275,
2026-09-25T23:51:36.641,445.803,0,845.25,38,,97.281,24.706,-2.5,-1.562,1.015,1.018,-0.004,5880,14.51,12.549,4,,,,,,,,,,,,,475
2026-09-25T23:51:36.772,445.933,0,846.5,39,,97.375,24.706,-2.0,-1.562,1.015,1.02,0.0,5860,14.51,12.549,4,100,,,,,,,,,,,,
2026-09-25T23:51:36.902,446.063,0,846.25,39,,97.281,25.098,-4.5,-1.562,1.015,1.013,-0.008,5870,14.51,12.549,4,,37,,,,,,,,,,,
2026-09-25T23:51:37.032,446.193,0,848.25,39,,97.375,24.706,-4.5,-2.344,1.015,1.008,-0.012,5940,14.51,12.549,4,,,7.812,,,,,,,,,,
2026-09-25T23:51:37.162,446.323,0,846.75,39,,97.375,24.706,-2.5,-2.344,1.015,1.002,-0.02,5870,14.51,12.549,4,,,,13.867,,,,,,,,,
2026-09-25T23:51:37.292,446.453,0,848.0,38,,97.281,24.314,-3.0,-2.344,1.015,0.999,-0.023,5810,14.51,12.549,4,,,,,97,,,,,,,,
2026-09-25T23:51:37.422,446.583,0,850.75,39,,97.344,25.098,-3.5,-2.344,1.014,1.006,-0.016,5850,14.51,12.549,4,,,,,,22,,,,,,,
2026-09-25T23:51:37.552,446.713,0,851.75,39,,97.281,24.706,-4.5,-2.344,1.014,1.014,-0.008,5910,14.51,12.549,5,,,,,,,16.078,,,,,,
2026-09-25T23:51:37.681,446.843,0,855.5,39,,97.281,24.706,-5.5,-2.344,1.014,1.011,-0.008,5980,14.51,12.549,5,,,,,,,,494.3,,,,,
2026-09-25T23:51:37.812,446.973,0,855.5,39,,97.25,24.706,-5.5,-2.344,1.013,1.005,-0.016,5990,14.51,12.549,5,,,,,,,,,0.855,,,,
2026-09-25T23:51:37.942,447.103,0,852.25,38,,97.281,24.706,-5.0,-3.125,1.013,1.0,-0.02,5950,14.51,12.549,5,,,,,,,,,,,0.0,,
2026-09-25T23:51:38.072,447.233,0,854.25,38,,97.344,24.314,-4.0,-3.125,1.013,1.004,-0.016,5890,14.51,12.549,5,,,,,,,,,,,,25.882,
2026-09-25T23:51:38.202,447.364,0,853.5,38,,97.312,24.314,-3.5,-3.125,1.013,1.001,-0.02,5830,14.902,12.549,5,,,,,,,,,,,,,477
2026-09-25T23:51:38.342,447.504,0,853.25,38,,97.281,24.314,-4.0,-3.125,1.013,1.004,-0.016,5790,17.255,12.549,5,100,,,,,,,,,,,,
2026-09-25T23:51:38.472,447.633,0,853.75,38,,97.281,24.706,-4.0,-3.125,1.013,1.004,-0.016,5790,18.824,12.549,5,,38,,,,,,,,,,,
2026-09-25T23:51:38.602,447.763,0,859.5,38,,97.281,25.882,2.0,-3.125,1.012,1.007,-0.012,5790,21.569,12.941,5,,,7.031,,,,,,,,,,
2026-09-25T23:51:38.732,447.893,0,879.0,41,,97.219,27.059,9.0,-3.125,1.012,1.011,-0.008,6100,24.314,14.902,5,,,,13.847,,,,,,,,,
2026-09-25T23:51:38.861,448.023,0,930.25,46,,97.219,31.373,4.0,-3.125,1.012,1.008,-0.012,6650,23.922,14.51,5,,,,,97,,,,,,,,
2026-09-25T23:51:38.992,448.153,0,1050.75,50,,97.219,32.157,-1.0,-3.125,1.012,0.996,-0.031,7350,23.529,13.725,5,,,,,,22,,,,,,,
2026-09-25T23:51:39.121,448.283,0,1096.0,46,,97.5,25.882,7.0,-4.688,1.012,0.977,-0.082,8060,23.137,13.333,6,,,,,,,16.078,,,,,,
2026-09-25T23:51:39.252,448.413,0,1073.0,42,,97.531,24.314,-0.5,-5.469,1.011,0.973,-0.09,8550,21.176,12.549,6,,,,,,,,494.0,,,,,
2026-09-25T23:51:39.383,448.544,0,1002.0,43,,97.5,25.49,-4.5,-5.469,1.011,0.979,-0.074,8460,20.784,12.549,6,,,,,,,,,0.845,,,,
2026-09-25T23:51:39.511,448.673,0,992.5,39,,97.531,23.529,0.5,-5.469,1.011,0.987,-0.051,8100,21.569,12.941,6,,,,,,,,,,,0.0,,
2026-09-25T23:51:39.641,448.803,0,1004.0,37,,97.531,22.745,4.5,-5.469,1.011,0.992,-0.039,7720,21.961,13.333,6,,,,,,,,,,,,27.059,
2026-09-25T23:51:39.772,448.933,0,1024.0,39,,97.531,23.529,0.5,-5.469,1.011,0.999,-0.023,7320,21.569,12.941,6,,,,,,,,,,,,,478
2026-09-25T23:51:39.901,449.063,0,1046.0,39,,97.531,21.176,5.0,-4.688,1.011,0.998,-0.023,6760,21.569,12.941,6,100,,,,,,,,,,,,
2026-09-25T23:51:40.032,449.193,0,1060.5,37,,97.531,21.569,3.0,-5.469,1.011,0.988,-0.051,6220,21.569,12.549,6,,37,,,,,,,,,,,
2026-09-25T23:51:40.162,449.323,0,1054.5,36,,97.531,20.784,5.0,-6.25,1.011,0.981,-0.07,5780,21.569,12.941,6,,,7.812,,,,,,,,,,
2026-09-25T23:51:40.291,449.453,0,1028.25,35,,97.531,20.392,5.0,-7.031,1.011,0.976,-0.082,5400,21.569,12.941,6,,,,13.906,,,,,,,,,
2026-09-25T23:51:40.421,449.583,0,1002.25,36,,97.531,22.353,7.0,-7.031,1.01,0.974,-0.086,5120,21.569,13.333,7,,,,,97,,,,,,,,
2026-09-25T23:51:40.552,449.713,0,987.75,38,,97.5,23.529,3.5,-7.812,1.01,0.964,-0.109,5280,21.569,12.941,7,,,,,,22,,,,,,,
2026-09-25T23:51:40.681,449.843,0,988.75,39,,97.5,24.314,-2.5,-8.594,1.01,0.954,-0.129,5690,20.784,12.549,7,,,,,,,16.078,,,,,,
2026-09-25T23:51:40.812,449.973,0,994.25,39,,97.531,22.353,2.5,-10.156,1.01,0.94,-0.164,5860,20.784,12.549,7,,,,,,,,494.1,,,,,
2026-09-25T23:51:40.941,450.103,0,993.25,36,,97.531,21.961,2.5,-11.719,1.01,0.929,-0.191,5670,20.392,12.549,7,,,,,,,,,0.84,,,,
2026-09-25T23:51:41.072,450.234,0,988.25,36,,97.531,22.353,-12.0,-12.5,1.01,0.93,-0.188,5400,14.51,11.765,7,,,,,,,,,,,0.0,,
2026-09-25T23:51:41.202,450.364,0,960.5,35,,97.531,19.216,-4.0,-13.281,1.009,0.93,-0.188,5120,14.51,12.549,7,,,,,,,,,,,,21.569,
2026-09-25T23:51:41.332,450.494,0,926.75,32,,97.531,19.608,-2.0,-13.281,1.009,0.932,-0.184,4790,14.51,12.549,7,,,,,,,,,,,,,480
2026-09-25T23:51:41.461,450.623,0,894.75,33,,97.531,20.0,-1.0,-14.062,1.009,0.938,-0.168,4400,14.51,12.549,7,100,,,,,,,,,,,,
2026-09-25T23:51:41.592,450.753,0,869.5,33,,97.5,20.784,-2.5,-13.281,1.01,0.957,-0.125,4030,14.51,12.549,7,,37,,,,,,,,,,,
2026-09-25T23:51:41.721,450.883,0,859.5,36,,97.5,21.961,-0.5,-13.281,1.009,0.971,-0.094,4000,14.51,12.549,7,,,8.594,,,,,,,,,,
2026-09-25T23:51:41.852,451.013,0,850.5,37,,97.375,23.529,-4.0,-12.5,1.009,0.984,-0.059,4220,14.51,12.549,7,,,,13.906,,,,,,,,,
2026-09-25T23:51:41.982,451.143,0,843.0,37,,97.531,22.745,-2.0,-12.5,1.008,0.997,-0.027,4540,14.51,12.549,7,,,,,97,,,,,,,,
2026-09-25T23:51:42.111,451.273,0,838.75,37,,97.469,23.137,-2.0,-10.938,1.008,1.021,0.0,4750,14.51,12.549,7,,,,,,22,,,,,,,
2026-09-25T23:51:42.241,451.403,0,834.5,37,,97.469,23.137,-1.0,-10.938,1.007,1.032,0.012,4870,14.51,12.549,7,,,,,,,16.078,,,,,,
2026-09-25T23:51:42.371,451.533,0,836.5,37,,97.375,23.137,-1.5,-10.156,1.007,1.041,0.023,4970,14.51,12.549,7,,,,,,,,494.2,,,,,
2026-09-25T23:51:42.501,451.663,0,833.75,36,,97.406,23.137,1.0,-9.375,1.007,1.046,0.031,4930,14.51,12.941,7,,,,,,,,,0.83,,,,
2026-09-25T23:51:42.632,451.793,0,827.75,37,,97.281,23.922,0.0,-9.375,1.006,1.053,0.039,4960,14.51,12.549,7,,,,,,,,,,,0.0,,
2026-09-25T23:51:42.761,451.923,0,826.0,38,,97.406,24.314,-2.5,-8.594,1.006,1.059,0.043,5240,14.51,12.549,7,,,,,,,,,,,,24.706,
2026-09-25T23:51:42.891,452.053,0,831.25,37,,97.406,23.529,-1.0,-7.812,1.006,1.06,0.047,5320,14.51,12.941,7,,,,,,,,,,,,,481
2026-09-25T23:51:43.021,452.183,0,824.5,37,,97.312,24.314,-0.5,-7.812,1.006,1.056,0.039,5250,14.51,12.549,7,100,,,,,,,,,,,,
2026-09-25T23:51:43.152,452.313,0,826.0,38,,97.375,24.314,0.5,-7.812,1.006,1.055,0.039,5320,14.51,12.549,6,,38,,,,,,,,,,,
2026-09-25T23:51:43.282,452.443,0,827.75,38,,97.344,23.922,-1.5,-7.031,1.006,1.056,0.039,5390,14.51,12.549,6,,,7.812,,,,,,,,,,
2026-09-25T23:51:43.413,452.574,0,826.25,39,,97.219,24.314,-0.5,-7.031,1.005,1.059,0.043,5580,14.51,12.941,6,,,,13.886,,,,,,,,,
2026-09-25T23:51:43.542,452.703,0,826.0,39,,97.25,24.706,-1.5,-6.25,1.006,1.057,0.043,5660,14.51,12.549,6,,,,,97,,,,,,,,
2026-09-25T23:51:43.671,452.833,0,831.5,39,,97.281,25.098,-5.0,-6.25,1.006,1.056,0.039,5800,14.51,12.549,5,,,,,,22,,,,,,,
2026-09-25T23:51:43.801,452.963,0,829.5,38,,97.281,23.529,-4.5,-5.469,1.006,1.054,0.039,5720,14.51,12.549,5,,,,,,,16.078,,,,,,
2026-09-25T23:51:43.931,453.093,0,809.25,37,,97.25,23.922,-2.5,-5.469,1.006,1.057,0.043,5470,14.51,12.549,4,,,,,,,,494.3,,,,,
2026-09-25T23:51:44.062,453.223,0,794.5,38,,97.219,24.314,-5.0,-4.688,1.006,1.059,0.043,5320,14.51,12.549,4,,,,,,,,,0.83,,,,
2026-09-25T23:51:44.191,453.353,0,791.0,38,,97.25,24.314,3.5,-3.906,1.006,1.069,0.055,5330,14.51,14.51,4,,,,,,,,,,,0.0,,
2026-09-25T23:51:44.322,453.483,0,796.0,43,,97.219,29.804,3.0,-3.906,1.006,1.064,0.051,5390,14.51,12.941,3,,,,,,,,,,,,29.804,
2026-09-25T23:51:44.452,453.613,0,822.75,45,,97.219,28.627,-5.5,-3.125,1.006,1.061,0.047,5820,14.51,12.941,3,,,,,,,,,,,,,483
2026-09-25T23:51:44.581,453.743,0,874.0,42,,97.25,26.667,-7.0,-3.125,1.005,1.047,0.031,6400,14.51,12.549,3,100,,,,,,,,,,,,
2026-09-25T23:51:44.712,453.873,0,888.25,41,,97.281,25.098,-6.0,-3.125,1.005,1.034,0.016,6640,14.51,12.549,3,,38,,,,,,,,,,,
2026-09-25T23:51:44.842,454.004,0,891.5,39,,97.312,24.314,-3.0,-3.906,1.005,1.019,0.0,6570,14.51,12.941,3,,,7.031,,,,,,,,,,
2026-09-25T23:51:44.971,454.133,0,890.75,39,,97.25,25.098,-4.0,-3.906,1.005,1.016,-0.004,6380,14.51,12.941,3,,,,13.945,,,,,,,,,
2026-09-25T23:51:45.102,454.263,0,889.75,40,,97.219,25.098,-4.0,-3.906,1.006,1.023,0.004,6240,14.51,12.941,3,,,,,97,,,,,,,,
2026-09-25T23:51:45.232,454.393,0,887.0,40,,97.25,25.49,-4.0,-3.125,1.006,1.03,0.012,6260,14.51,12.941,3,,,,,,22,,,,,,,
2026-09-25T23:51:45.361,454.523,0,887.75,40,,97.25,25.49,-5.0,-3.125,1.005,1.028,0.008,6260,14.51,12.941,2,,,,,,,16.078,,,,,,
2026-09-25T23:51:45.491,454.653,0,890.25,40,,97.281,25.49,-4.0,-3.125,1.005,1.021,0.0,6340,14.51,12.941,2,,,,,,,,494.1,,,,,
2026-09-25T23:51:45.621,454.783,0,895.5,40,,97.281,25.098,-4.0,-3.125,1.005,1.015,-0.004,6310,14.51,12.941,2,,,,,,,,,0.825,,,,
2026-09-25T23:51:45.752,454.914,0,893.75,40,,97.375,25.098,-5.0,-3.125,1.005,1.013,-0.008,6310,14.51,12.549,2,,,,,,,,,,,0.0,,
2026-09-25T23:51:45.881,455.043,0,885.75,39,,97.344,24.706,-4.0,-3.125,1.005,1.015,-0.004,6230,14.51,12.941,2,,,,,,,,,,,,27.843,
2026-09-25T23:51:46.012,455.173,0,876.5,40,,97.344,25.49,-2.5,-3.125,1.005,1.019,0.0,6280,14.51,12.941,2,,,,,,,,,,,,,484
2026-09-25T23:51:46.141,455.303,0,875.5,41,,97.281,26.275,-4.0,-2.344,1.005,1.027,0.008,6450,14.51,12.941,2,100,,,,,,,,,,,,
2026-09-25T23:51:46.271,455.433,0,877.25,40,,97.375,25.49,-5.0,-2.344,1.005,1.024,0.004,6540,14.51,12.941,2,,38,,,,,,,,,,,
2026-09-25T23:51:46.403,455.564,0,881.5,41,,97.375,25.882,-4.5,-2.344,1.005,1.021,0.0,6580,14.51,12.941,2,,,7.031,,,,,,,,,,
2026-09-25T23:51:46.531,455.693,0,877.75,40,,97.344,25.882,-4.0,-2.344,1.005,1.018,-0.004,6560,14.51,12.941,2,,,,13.925,,,,,,,,,
2026-09-25T23:51:46.662,455.823,0,879.25,41,,97.375,25.882,-2.5,-2.344,1.005,1.02,0.0,6600,14.51,12.941,2,,,,,97,,,,,,,,
2026-09-25T23:51:46.792,455.953,0,896.5,42,,97.312,27.843,-2.5,-1.562,1.005,1.024,0.004,6830,14.51,13.333,2,,,,,,22,,,,,,,
2026-09-25T23:51:46.922,456.083,0,910.75,42,,97.344,27.059,-4.0,-1.562,1.004,1.019,0.0,7080,14.51,12.941,2,,,,,,,16.078,,,,,,
2026-09-25T23:51:47.052,456.213,0,922.75,42,,97.406,27.059,-3.5,-2.344,1.004,1.0,-0.02,7270,14.51,12.941,2,,,,,,,,494.0,,,,,
2026-09-25T23:51:47.182,456.343,0,916.75,41,,97.375,25.882,-2.0,-3.125,1.004,0.992,-0.039,7200,14.51,13.333,2,,,,,,,,,0.82,,,,
2026-09-25T23:51:47.311,456.473,0,896.0,42,,97.219,29.02,-1.0,-3.125,1.004,0.993,-0.039,7340,14.51,13.725,3,,,,,,,,,,,0.0,,
2026-09-25T23:51:47.441,456.603,0,882.5,45,,97.219,29.804,-1.0,-3.125,1.004,1.003,-0.016,7670,14.51,13.333,3,,,,,,,,,,,,32.941,
2026-09-25T23:51:47.571,456.733,0,870.75,47,,97.281,30.588,-2.0,-2.344,1.004,1.007,-0.012,8300,14.51,13.333,3,,,,,,,,,,,,,486
2026-09-25T23:51:47.702,456.863,0,858.75,47,,97.375,30.98,-1.5,-2.344,1.004,1.002,-0.02,8940,18.039,13.333,3,100,,,,,,,,,,,,
2026-09-25T23:51:47.831,456.993,0,851.0,47,,97.5,30.588,8.5,-3.125,1.004,0.998,-0.023,9290,21.961,14.118,3,,38,,,,,,,,,,,
2026-09-25T23:51:47.962,457.124,0,856.0,50,,97.344,34.118,8.0,-3.125,1.004,0.999,-0.023,9590,23.137,14.902,3,,,5.469,,,,,,,,,,
2026-09-25T23:51:48.091,457.253,0,898.75,54,,97.25,37.255,-0.5,-2.344,1.004,1.013,-0.008,10030,23.137,14.51,4,,,,13.886,,,,,,,,,
2026-09-25T23:51:48.222,457.383,0,977.25,55,,97.5,36.078,-0.5,-2.344,1.005,1.013,-0.008,10670,23.529,14.51,4,,,,,97,,,,,,,,
2026-09-25T23:51:48.351,457.513,0,1057.0,53,,97.531,33.333,0.5,-3.125,1.006,0.991,-0.043,11280,24.706,14.902,4,,,,,,22,,,,,,,
2026-09-25T23:51:48.481,457.643,0,1077.75,51,,97.531,30.98,9.5,-3.125,1.005,0.989,-0.047,11860,28.235,16.078,4,,,,,,,16.078,,,,,,
2026-09-25T23:51:48.611,457.773,0,1021.25,52,,97.344,40.784,8.0,-3.125,1.005,0.993,-0.035,12090,28.235,17.255,5,,,,,,,,493.4,,,,,
2026-09-25T23:51:48.742,457.903,0,1011.0,69,,97.438,46.667,2.0,-3.125,1.004,1.003,-0.016,12590,27.843,16.471,6,,,,,,,,,0.815,,,,
2026-09-25T23:51:48.871,458.033,0,1054.75,70,,97.531,43.529,0.5,-3.125,1.006,0.996,-0.027,13190,25.882,16.078,6,,,,,,,,,,,0.0,,
2026-09-25T23:51:49.002,458.163,0,1084.25,68,,97.812,37.255,-7.0,-3.125,1.005,0.998,-0.023,13830,25.882,14.51,7,,,,,,,,,,,,45.49,
2026-09-25T23:51:49.132,458.293,0,1110.0,57,,98.188,32.157,2.0,-3.125,1.004,0.999,-0.023,14000,25.882,14.902,7,,,,,,,,,,,,,488
2026-09-25T23:51:49.261,458.422,0,1172.5,54,,98.25,29.412,10.5,-3.125,1.004,1.011,-0.008,13480,25.098,14.51,7,100,,,,,,,,,,,,
2026-09-25T23:51:49.391,458.553,0,1178.25,51,,98.5,27.059,12.0,-3.125,1.004,1.0,-0.02,13040,24.314,14.118,8,,38,,,,,,,,,,,
2026-09-25T23:51:49.521,458.683,0,1144.0,46,,98.5,24.706,11.5,-3.125,1.004,0.996,-0.031,12620,24.314,14.118,8,,,5.469,,,,,,,,,,
2026-09-25T23:51:49.652,458.814,0,1122.0,44,,98.469,24.706,11.5,-3.125,1.004,0.996,-0.031,12110,23.137,13.333,8,,,,13.867,,,,,,,,,
2026-09-25T23:51:49.781,458.943,0,1126.25,44,,98.5,24.706,12.0,-3.906,1.004,0.989,-0.047,11550,23.137,13.333,9,,,,,97,,,,,,,,
2026-09-25T23:51:49.912,459.073,0,1124.5,41,,98.469,21.961,12.0,-4.688,1.004,0.986,-0.055,11020,23.137,13.725,9,,,,,,22,,,,,,,
2026-09-25T23:51:50.042,459.203,0,1133.0,39,,98.312,21.569,12.5,-3.906,1.004,0.991,-0.043,10540,22.745,13.725,9,,,,,,,16.078,,,,,,
2026-09-25T23:51:50.172,459.333,0,1148.0,39,,98.25,21.176,12.5,-4.688,1.004,0.992,-0.039,10080,21.569,12.549,9,,,,,,,,492.8,,,,,
2026-09-25T23:51:50.301,459.463,0,1162.5,38,,98.188,17.255,13.5,-4.688,1.004,0.987,-0.055,9590,21.961,12.941,9,,,,,,,,,0.805,,,,
2026-09-25T23:51:50.431,459.592,0,1157.0,34,,98.188,17.255,-1.5,-5.469,1.004,0.973,-0.09,9190,14.51,10.98,9,,,,,,,,,,,0.0,,
2026-09-25T23:51:50.562,459.723,0,1140.0,29,,97.938,13.333,-1.0,-6.25,1.004,0.95,-0.141,8870,14.51,11.765,9,,,,,,,,,,,,17.647,
2026-09-25T23:51:50.691,459.853,0,1089.5,27,,97.875,13.725,0.0,-7.812,1.004,0.939,-0.164,8630,14.51,12.157,9,,,,,,,,,,,,,489
2026-09-25T23:51:50.822,459.983,0,1044.5,24,,97.844,12.941,2.5,-7.812,1.004,0.944,-0.156,8270,14.51,12.157,9,100,,,,,,,,,,,,
2026-09-25T23:51:50.951,460.113,0,1062.75,25,,97.875,12.549,-0.5,-7.812,1.005,0.966,-0.105,7970,14.51,12.549,9,,37,,,,,,,,,,,
2026-09-25T23:51:51.082,460.243,0,1033.75,24,,97.781,12.157,2.5,-7.031,1.005,0.983,-0.062,7580,14.51,12.549,9,,,10.156,,,,,,,,,,
2026-09-25T23:51:51.211,460.373,0,1025.5,25,,97.562,13.333,0.5,-6.25,1.005,1.013,-0.008,7250,14.51,12.157,9,,,,13.886,,,,,,,,,
2026-09-25T23:51:51.342,460.503,0,1032.25,25,,97.562,12.941,-1.0,-5.469,1.005,1.011,-0.008,6930,14.51,11.765,9,,,,,97,,,,,,,,
2026-09-25T23:51:51.471,460.633,0,1022.5,24,,97.531,12.157,-1.0,-6.25,1.005,0.987,-0.051,6620,14.51,11.765,8,,,,,,22,,,,,,,
2026-09-25T23:51:51.601,460.762,0,990.5,23,,97.531,13.333,3.0,-7.812,1.005,0.975,-0.086,6320,14.51,12.157,8,,,,,,,16.078,,,,,,
2026-09-25T23:51:51.732,460.893,0,979.75,25,,97.531,14.118,1.0,-7.812,1.005,0.973,-0.09,5890,14.51,12.157,8,,,,,,,,493.5,,,,,
2026-09-25T23:51:51.862,461.023,0,972.25,25,,97.656,14.51,1.0,-7.812,1.005,0.973,-0.09,5550,14.51,12.157,8,,,,,,,,,0.805,,,,
2026-09-25T23:51:51.992,461.153,0,963.25,25,,97.562,14.118,1.5,-7.812,1.005,0.98,-0.07,5210,14.51,12.157,8,,,,,,,,,,,0.0,,
2026-09-25T23:51:52.121,461.282,0,950.75,26,,97.531,14.902,1.5,-7.812,1.005,0.99,-0.047,4880,14.51,12.157,8,,,,,,,,,,,,16.863,
2026-09-25T23:51:52.251,461.413,0,935.25,27,,97.531,15.294,1.0,-7.812,1.005,1.001,-0.02,4550,14.51,12.549,8,,,,,,,,,,,,,491
2026-09-25T23:51:52.381,461.542,0,920.5,28,,97.531,16.078,-0.5,-6.25,1.005,1.025,0.004,4250,14.51,12.549,8,100,,,,,,,,,,,,
2026-09-25T23:51:52.512,461.673,0,913.5,28,,97.531,16.078,-1.0,-5.469,1.005,1.035,0.016,3980,14.51,12.549,7,,37,,,,,,,,,,,
2026-09-25T23:51:52.642,461.803,0,889.25,28,,97.531,16.863,-0.5,-5.469,1.005,1.035,0.016,3720,14.51,12.549,7,,,9.375,,,,,,,,,,
2026-09-25T23:51:52.771,461.933,0,877.0,30,,97.531,18.431,-1.5,-5.469,1.004,1.032,0.012,3410,14.51,12.549,7,,,,13.925,,,,,,,,,
2026-09-25T23:51:52.902,462.064,0,864.5,30,,97.531,18.824,-2.0,-5.469,1.004,1.031,0.012,3340,14.51,12.549,7,,,,,97,,,,,,,,
2026-09-25T23:51:53.032,462.193,0,861.75,31,,97.5,19.216,-3.0,-5.469,1.004,1.025,0.004,3340,14.51,12.549,7,,,,,,22,,,,,,,
2026-09-25T23:51:53.161,462.322,0,850.5,32,,97.531,19.216,-2.5,-5.469,1.004,1.017,-0.004,3460,14.51,12.549,7,,,,,,,16.078,,,,,,
2026-09-25T23:51:53.293,462.454,0,842.0,32,,97.531,19.608,-1.0,-5.469,1.004,1.014,-0.008,3570,18.431,12.549,7,,,,,,,,493.8,,,,,
2026-09-25T23:51:53.421,462.582,0,841.25,32,,97.469,20.0,-2.5,-5.469,1.004,1.016,-0.004,3680,20.784,12.941,7,,,,,,,,,0.8,,,,
2026-09-25T23:51:53.551,462.713,0,859.25,32,,97.469,20.0,13.5,-5.469,1.004,1.021,0.0,3790,23.137,14.118,7,,,,,,,,,,,0.0,,
2026-09-25T23:51:53.681,462.843,0,873.75,35,,97.219,23.922,10.0,-4.688,1.004,1.025,0.004,4190,23.137,14.902,7,,,,,,,,,,,,31.765,
2026-09-25T23:51:53.812,462.973,0,902.75,42,,97.219,31.765,2.0,-4.688,1.003,1.03,0.012,4740,23.137,14.51,7,,,,,,,,,,,,,492
2026-09-25T23:51:53.942,463.104,0,984.0,48,,97.219,30.98,-3.0,-3.906,1.003,1.025,0.004,5370,23.137,14.118,7,100,,,,,,,,,,,,
2026-09-25T23:51:54.071,463.233,0,1070.5,47,,97.219,28.627,0.5,-4.688,1.003,0.993,-0.039,6200,23.922,14.51,8,,38,,,,,,,,,,,
2026-09-25T23:51:54.202,463.363,0,1106.25,45,,97.219,26.667,9.5,-6.25,1.003,0.977,-0.082,6960,25.098,15.294,8,,,5.469,,,,,,,,,,
2026-09-25T23:51:54.331,463.493,0,1095.5,47,,97.219,28.235,7.5,-6.25,1.003,0.982,-0.066,7520,25.098,15.294,8,,,,13.867,,,,,,,,,
2026-09-25T23:51:54.461,463.623,0,1073.75,49,,97.406,30.196,6.5,-6.25,1.003,0.991,-0.043,8120,25.098,15.294,9,,,,,97,,,,,,,,
2026-09-25T23:51:54.592,463.753,0,1093.25,50,,97.469,30.196,2.0,-6.25,1.003,0.998,-0.027,8720,24.706,14.902,9,,,,,,22,,,,,,,
2026-09-25T23:51:54.721,463.883,0,1127.5,48,,97.531,27.843,8.5,-6.25,1.003,0.996,-0.031,9380,24.706,14.902,10,,,,,,,16.078,,,,,,
2026-09-25T23:51:54.851,464.013,0,1168.5,47,,97.531,26.275,12.0,-6.25,1.003,1.005,-0.016,9950,25.098,15.294,10,,,,,,,,493.8,,,,,
2026-09-25T23:51:54.981,464.142,0,1211.0,47,,97.531,25.882,12.5,-5.469,1.003,1.008,-0.012,10440,25.098,15.294,10,,,,,,,,,0.8,,,,
2026-09-25T23:51:55.112,464.273,0,1250.5,47,,97.531,24.314,13.5,-5.469,1.003,0.999,-0.02,10580,25.098,15.294,10,,,,,,,,,,,0.0,,
2026-09-25T23:51:55.241,464.403,0,1286.5,49,,97.625,22.745,14.0,-6.25,1.003,1.0,-0.02,10380,25.098,15.294,11,,,,,,,,,,,,33.333,
2026-09-25T23:51:55.371,464.533,0,1316.25,49,,97.594,22.353,14.0,-5.469,1.003,1.014,-0.008,10050,24.314,14.902,11,,,,,,,,,,,,,494
2026-09-25T23:51:55.501,464.663,0,1358.75,49,,97.625,20.0,14.0,-4.688,1.003,1.013,-0.008,9710,24.706,15.294,11,100,,,,,,,,,,,,
2026-09-25T23:51:55.632,464.793,0,1392.0,47,,97.812,20.0,14.0,-4.688,1.003,1.022,0.004,9310,24.314,15.294,12,,38,,,,,,,,,,,
2026-09-25T23:51:55.762,464.923,0,1429.5,46,,97.875,19.216,14.5,-3.906,1.003,1.025,0.004,9250,23.529,15.294,12,,,4.688,,,,,,,,,,
2026-09-25T23:51:55.892,465.054,0,1472.0,46,,97.875,18.039,14.5,-3.906,1.003,1.007,-0.012,9350,21.569,13.725,12,,,,13.925,,,,,,,,,
2026-09-25T23:51:56.021,465.183,0,1478.25,36,,98.094,13.333,15.5,-4.688,1.003,1.001,-0.02,8890,21.961,14.118,12,,,,,97,,,,,,,,
2026-09-25T23:51:56.151,465.313,0,1471.5,33,,97.875,12.549,16.0,-3.906,1.002,1.029,0.012,8320,21.961,13.725,13,,,,,,22,,,,,,,
2026-09-25T23:51:56.281,465.443,0,1504.5,33,,98.094,12.157,17.0,-2.344,1.002,1.048,0.031,7690,21.569,13.333,13,,,,,,,16.078,,,,,,
2026-09-25T23:51:56.412,465.573,0,1495.75,31,,98.031,10.196,18.0,-1.562,1.002,1.049,0.031,7230,21.569,13.333,12,,,,,,,,494.5,,,,,
2026-09-25T23:51:56.541,465.702,0,1488.0,30,,97.969,10.588,17.5,-1.562,1.002,1.04,0.023,6810,21.569,13.333,12,,,,,,,,,0.795,,,,
2026-09-25T23:51:56.671,465.833,0,1507.75,30,,98.0,10.98,17.5,-1.562,1.002,1.041,0.023,6340,20.0,12.549,12,,,,,,,,,,,0.0,,
2026-09-25T23:51:56.801,465.962,0,1494.0,29,,97.969,8.235,18.0,-0.781,1.002,1.043,0.027,5720,18.431,12.549,12,,,,,,,,,,,,15.294,
2026-09-25T23:51:56.932,466.093,0,1459.5,25,,98.094,8.627,26.5,-0.781,1.002,1.037,0.02,5480,18.431,12.549,12,,,,,,,,,,,,,495
2026-09-25T23:51:57.062,466.223,0,1435.75,22,,97.906,7.451,30.5,-0.781,1.002,1.007,-0.012,5030,19.216,12.549,12,100,,,,,,,,,,,,
2026-09-25T23:51:57.191,466.352,0,1419.0,22,,97.906,7.451,31.5,-2.344,1.003,0.978,-0.078,4530,19.216,12.549,12,,37,,,,,,,,,,,
2026-09-25T23:51:57.322,466.483,0,1441.75,22,,97.875,7.451,30.5,-3.125,1.004,0.97,-0.098,4110,19.216,12.549,12,,,8.594,,,,,,,,,,
2026-09-25T23:51:57.451,466.613,0,1428.5,22,,97.875,7.451,23.5,-3.906,1.004,0.978,-0.078,3710,19.216,12.549,12,,,,13.925,,,,,,,,,
2026-09-25T23:51:57.582,466.743,0,1388.5,22,,97.875,7.843,18.0,-3.125,1.004,0.994,-0.035,3470,19.216,12.157,12,,,,,97,,,,,,,,
2026-09-25T23:51:57.712,466.873,0,1363.0,22,,97.875,7.843,15.0,-2.344,1.005,1.012,-0.008,3650,18.824,12.549,11,,,,,,22,,,,,,,
2026-09-25T23:51:57.841,467.002,0,1354.0,22,,97.875,8.235,11.0,-1.562,1.005,1.027,0.008,3610,14.51,12.157,11,,,,,,,16.078,,,,,,
2026-09-25T23:51:57.972,467.133,0,1332.0,21,,97.875,7.843,6.5,-1.562,1.005,1.024,0.004,3590,14.51,12.549,11,,,,,,,,496.0,,,,,
2026-09-25T23:51:58.102,467.263,0,1299.75,21,,97.875,8.627,2.5,-1.562,1.005,1.022,0.004,3710,14.51,12.157,11,,,,,,,,,0.795,,,,
2026-09-25T23:51:58.232,467.393,0,1263.5,21,,97.875,8.627,0.0,-0.781,1.006,1.031,0.012,3650,14.51,12.549,10,,,,,,,,,,,0.0,,
2026-09-25T23:51:58.361,467.523,0,1245.0,22,,97.875,9.412,-4.0,0.0,1.006,1.044,0.027,3520,14.51,12.157,10,,,,,,,,,,,,12.549,
2026-09-25T23:51:58.491,467.652,0,1199.0,21,,97.875,9.02,-6.0,0.0,1.005,1.058,0.043,3370,14.51,12.157,10,,,,,,,,,,,,,497
2026-09-25T23:51:58.621,467.782,0,1152.0,22,,97.844,10.588,-3.5,3.906,1.005,1.16,0.152,3270,14.51,12.157,9,100,,,,,,,,,,,,
2026-09-25T23:51:58.752,467.913,0,1134.5,22,,97.781,9.804,-1.5,3.906,1.005,1.114,0.105,3180,14.51,12.157,9,,37,,,,,,,,,,,
2026-09-25T23:51:58.881,468.042,0,1086.75,22,,97.719,10.588,0.0,2.344,1.005,1.069,0.055,3120,14.51,11.765,9,,,10.156,,,,,,,,,,
2026-09-25T23:51:59.012,468.173,0,1048.0,23,,97.625,11.373,5.5,2.344,1.005,1.062,0.051,3070,14.51,12.157,9,,,,13.867,,,,,,,,,
2026-09-25T23:51:59.141,468.303,0,1037.75,24,,97.562,13.333,0.5,3.125,1.005,1.061,0.047,3120,14.51,12.157,8,,,,,97,,,,,,,,
2026-09-25T23:51:59.271,468.433,0,1019.0,24,,97.531,12.941,1.5,2.344,1.005,1.038,0.02,3020,14.51,12.157,8,,,,,,22,,,,,,,
2026-09-25T23:51:59.402,468.563,0,979.75,24,,97.531,14.51,5.0,2.344,1.004,1.016,-0.004,2980,14.51,12.549,8,,,,,,,16.078,,,,,,
2026-09-25T23:51:59.531,468.692,0,962.5,28,,97.531,16.078,-1.0,0.781,1.004,0.995,-0.031,3180,14.51,12.157,8,,,,,,,,496.8,,,,,
2026-09-25T23:51:59.661,468.823,0,958.25,28,,97.531,15.686,0.5,0.781,1.004,0.986,-0.055,3450,14.51,12.157,8,,,,,,,,,0.79,,,,
2026-09-25T23:51:59.791,468.952,0,937.25,28,,97.531,15.686,2.5,0.0,1.004,0.979,-0.078,3630,14.51,12.549,8,,,,,,,,,,,0.0,,
2026-09-25T23:51:59.921,469.082,0,911.75,30,,97.531,18.431,-1.0,0.0,1.003,0.977,-0.078,3750,14.51,12.549,8,,,,,,,,,,,,20.0,
2026-09-25T23:52:00.052,469.213,0,892.25,31,,97.531,18.824,-1.0,0.0,1.003,0.977,-0.082,3660,14.51,12.549,7,,,,,,,,,,,,,498
2026-09-25T23:52:00.181,469.342,0,883.25,31,,97.531,19.216,-1.0,0.0,1.003,0.976,-0.086,3680,14.51,12.549,7,101,,,,,,,,,,,,
2026-09-25T23:52:00.312,469.473,0,885.75,32,,97.5,20.0,-3.0,0.0,1.003,0.977,-0.082,3730,14.51,12.549,7,,38,,,,,,,,,,,
2026-09-25T23:52:00.441,469.603,0,888.5,33,,97.531,20.392,-4.5,0.0,1.003,0.98,-0.07,3850,14.51,12.157,7,,,8.594,,,,,,,,,,
2026-09-25T23:52:00.571,469.732,0,892.75,32,,97.531,19.216,-2.5,0.0,1.002,0.984,-0.059,3940,14.51,12.549,7,,,,13.886,,,,,,,,,
2026-09-25T23:52:00.701,469.862,0,887.0,32,,97.469,20.392,-4.0,0.0,1.002,0.984,-0.059,4020,14.51,12.157,7,,,,,97,,,,,,,,
2026-09-25T23:52:00.831,469.993,0,862.5,33,,97.469,20.0,-0.5,0.0,1.002,0.982,-0.066,3900,14.51,12.549,7,,,,,,22,,,,,,,
2026-09-25T23:52:00.961,470.122,0,848.75,34,,97.375,21.569,-4.0,-0.781,1.002,0.979,-0.074,3950,14.51,12.549,7,,,,,,,16.078,,,,,,
2026-09-25T23:52:01.091,470.252,0,847.0,35,,97.438,21.569,-3.0,-0.781,1.002,0.983,-0.062,4130,14.51,12.157,7,,,,,,,,497.1,,,,,
2026-09-25T23:52:01.221,470.383,0,845.5,34,,97.5,21.176,-2.0,-0.781,1.002,0.991,-0.043,4240,14.51,12.157,7,,,,,,,,,0.79,,,,
2026-09-25T23:52:01.352,470.513,0,838.0,34,,97.438,21.176,0.0,0.0,1.002,0.993,-0.035,4290,14.51,12.549,7,,,,,,,,,,,0.0,,
2026-09-25T23:52:01.482,470.643,0,830.25,34,,97.406,21.176,2.0,-0.781,1.002,0.99,-0.047,4340,14.51,12.549,7,,,,,,,,,,,,22.745,
2026-09-25T23:52:01.611,470.773,0,825.25,35,,97.344,22.353,0.0,-0.781,1.002,0.986,-0.055,4460,14.51,12.549,7,,,,,,,,,,,,,500
2026-09-25T23:52:01.741,470.902,0,819.75,35,,97.281,22.353,1.0,-0.781,1.002,0.985,-0.059,4580,14.51,12.549,6,101,,,,,,,,,,,,
2026-09-25T23:52:01.871,471.033,0,814.0,36,,97.281,22.745,2.5,-0.781,1.002,0.986,-0.055,4630,14.51,12.549,6,,38,,,,,,,,,,,
2026-09-25T23:52:02.001,471.162,0,812.0,36,,97.219,24.706,2.5,-0.781,1.002,0.988,-0.051,4760,14.51,12.549,6,,,7.812,,,,,,,,,,
2026-09-25T23:52:02.131,471.292,0,812.75,38,,97.219,24.706,-0.5,-0.781,1.001,0.992,-0.039,5180,14.51,12.549,6,,,,13.886,,,,,,,,,
2026-09-25T23:52:02.261,471.422,0,812.75,38,,97.219,23.922,1.5,-0.781,1.001,0.996,-0.031,5350,14.51,12.549,6,,,,,97,,,,,,,,
2026-09-25T23:52:02.391,471.552,0,817.5,38,,97.219,24.706,-0.5,-0.781,1.001,0.995,-0.031,5560,14.51,12.549,6,,,,,,22,,,,,,,
2026-09-25T23:52:02.521,471.682,0,818.25,38,,97.281,24.314,1.0,-0.781,1.001,0.993,-0.039,5720,14.51,12.549,6,,,,,,,16.078,,,,,,
2026-09-25T23:52:02.651,471.813,0,819.0,38,,97.219,23.922,-0.5,-0.781,1.001,0.991,-0.043,5790,14.51,12.549,5,,,,,,,,497.1,,,,,
2026-09-25T23:52:02.782,471.943,0,815.0,39,,97.219,24.706,0.5,-0.781,1.001,0.994,-0.035,5840,14.51,12.941,5,,,,,,,,,0.785,,,,
2026-09-25T23:52:02.912,472.073,0,813.75,39,,97.219,25.49,0.0,-0.781,1.001,1.007,-0.012,5970,14.51,12.941,5,,,,,,,,,,,0.0,,
2026-09-25T23:52:03.042,472.203,0,814.75,40,,97.219,25.882,-1.0,0.0,1.001,1.018,-0.004,6040,14.51,12.549,5,,,,,,,,,,,,27.451,
2026-09-25T23:52:03.171,472.333,0,817.25,40,,97.219,26.275,-2.0,0.0,1.001,1.02,0.0,6150,14.51,12.549,5,,,,,,,,,,,,,502
2026-09-25T23:52:03.301,472.463,0,822.25,40,,97.25,25.49,-2.5,0.0,1.001,1.017,-0.004,6160,14.51,12.549,5,102,,,,,,,,,,,,
2026-09-25T23:52:03.431,472.592,0,825.5,39,,97.25,24.314,-1.0,0.0,1.001,1.009,-0.012,6090,14.51,12.549,5,,38,,,,,,,,,,,
2026-09-25T23:52:03.561,472.722,0,822.5,38,,97.219,24.314,0.0,0.0,1.002,1.007,-0.012,5840,14.51,12.549,5,,,7.812,,,,,,,,,,
2026-09-25T23:52:03.691,472.853,0,818.75,39,,97.219,25.49,0.5,0.0,1.001,1.01,-0.012,5910,14.51,12.549,5,,,,13.945,,,,,,,,,
2026-09-25T23:52:03.821,472.983,0,823.0,40,,97.219,25.098,0.5,0.0,1.001,1.021,0.0,6000,14.51,12.549,5,,,,,97,,,,,,,,
2026-09-25T23:52:03.952,473.113,0,822.0,40,,97.25,25.49,-2.0,0.0,1.001,1.018,-0.004,6040,14.51,12.549,5,,,,,,22,,,,,,,
2026-09-25T23:52:04.082,473.243,0,829.25,40,,97.219,25.49,-3.0,0.0,1.001,1.019,0.0,6100,14.51,12.549,5,,,,,,,16.078,,,,,,
2026-09-25T23:52:04.211,473.372,0,834.0,39,,97.25,24.314,-2.0,0.0,1.002,1.01,-0.012,5940,14.51,12.549,5,,,,,,,,497.0,,,,,
2026-09-25T23:52:04.341,473.502,0,832.75,38,,97.25,24.314,-1.0,0.0,1.002,1.006,-0.016,5690,14.51,12.549,5,,,,,,,,,0.785,,,,
2026-09-25T23:52:04.471,473.633,0,825.0,38,,97.25,24.314,-0.5,0.0,1.001,1.011,-0.008,5440,14.51,12.549,5,,,,,,,,,,,0.0,,
2026-09-25T23:52:04.601,473.763,0,823.75,39,,97.219,24.706,-1.5,0.0,1.001,1.015,-0.004,5470,14.51,12.549,5,,,,,,,,,,,,26.275,
2026-09-25T23:52:04.731,473.893,0,827.75,39,,97.25,24.314,-0.5,0.0,1.001,1.015,-0.004,5550,14.51,12.549,5,,,,,,,,,,,,,503
2026-09-25T23:52:04.861,474.022,0,830.75,38,,97.25,24.314,-3.0,0.0,1.001,1.005,-0.016,5490,14.51,12.157,5,102,,,,,,,,,,,,
2026-09-25T23:52:04.991,474.152,0,828.0,38,,97.25,23.922,-2.5,0.0,1.001,1.001,-0.02,5370,14.51,12.157,4,,38,,,,,,,,,,,
2026-09-25T23:52:05.121,474.282,0,821.5,37,,97.281,23.529,-4.0,0.0,1.001,1.0,-0.02,5120,14.51,12.157,4,,,7.812,,,,,,,,,,
2026-09-25T23:52:05.251,474.413,0,806.0,37,,97.281,23.529,-3.0,0.0,1.001,1.007,-0.012,5010,14.51,12.157,4,,,,13.906,,,,,,,,,
2026-09-25T23:52:05.381,474.542,0,796.25,37,,97.281,23.137,-2.5,0.0,1.001,1.011,-0.008,4880,14.51,12.157,3,,,,,97,,,,,,,,
2026-09-25T23:52:05.512,474.673,0,785.5,37,,97.25,23.529,10.0,0.781,1.001,1.012,-0.008,4800,14.51,14.902,3,,,,,,22,,,,,,,
2026-09-25T23:52:05.642,474.803,0,786.25,41,,97.0,32.549,1.5,0.781,1.001,1.016,-0.004,4920,14.51,12.941,3,,,,,,,16.078,,,,,,
2026-09-25T23:52:05.771,474.933,0,840.5,46,,97.281,29.02,-10.0,0.781,1.001,1.018,-0.004,5380,14.51,12.157,2,,,,,,,,496.8,,,,,
2026-09-25T23:52:05.902,475.063,0,876.75,44,,97.25,24.314,-10.0,0.781,1.001,1.0,-0.02,5940,14.51,12.549,2,,,,,,,,,0.785,,,,
2026-09-25T23:52:06.031,475.192,0,868.75,38,,97.312,23.922,-6.0,0.0,1.0,0.982,-0.066,6030,14.51,12.549,2,,,,,,,,,,,0.0,,
2026-09-25T23:52:06.161,475.322,0,850.0,38,,97.406,23.922,-3.5,0.0,1.0,0.979,-0.074,5850,14.51,12.549,1,,,,,,,,,,,,25.49,
2026-09-25T23:52:06.292,475.453,0,832.5,38,,97.25,23.922,-1.5,0.0,1.001,0.987,-0.055,5670,14.51,12.549,1,,,,,,,,,,,,,505
2026-09-25T23:52:06.421,475.582,0,832.0,38,,97.344,24.314,-2.5,0.0,1.001,1.0,-0.02,5680,14.51,13.333,1,102,,,,,,,,,,,,
2026-09-25T23:52:06.551,475.713,0,838.75,38,,97.281,25.49,0.5,0.781,1.001,1.016,-0.004,5700,14.51,12.941,1,,38,,,,,,,,,,,
2026-09-25T23:52:06.681,475.843,0,863.75,45,,97.406,29.412,-5.0,0.781,1.001,1.013,-0.008,6000,14.51,12.941,1,,,7.031,,,,,,,,,,
2026-09-25T23:52:06.812,475.973,0,892.5,44,,97.25,27.059,-4.0,0.0,1.001,0.994,-0.035,6580,14.51,13.333,1,,,,13.847,,,,,,,,,
2026-09-25T23:52:06.942,476.103,0,903.25,43,,97.219,27.843,-2.5,0.0,1.0,0.979,-0.074,7320,14.51,13.333,1,,,,,97,,,,,,,,
2026-09-25T23:52:07.071,476.233,0,897.5,43,,97.281,28.235,-2.5,-0.781,1.0,0.967,-0.102,7960,14.51,13.333,0,,,,,,22,,,,,,,
2026-09-25T23:52:07.201,476.362,0,888.0,44,,97.312,29.412,-7.0,-1.562,1.0,0.961,-0.117,8420,14.51,12.549,1,,,,,,,16.078,,,,,,
2026-09-25T23:52:07.331,476.493,0,872.75,43,,97.531,27.059,-3.0,-1.562,1.0,0.959,-0.121,8560,14.51,12.941,1,,,,,,,,496.5,,,,,
2026-09-25T23:52:07.461,476.623,0,850.75,43,,97.344,28.235,-2.0,-2.344,1.0,0.964,-0.109,8400,14.51,13.333,0,,,,,,,,,0.78,,,,
2026-09-25T23:52:07.591,476.753,0,840.25,44,,97.406,29.02,-1.0,-2.344,1.0,0.976,-0.082,8390,14.51,12.941,0,,,,,,,,,,,0.0,,
2026-09-25T23:52:07.721,476.882,0,846.5,45,,97.5,29.02,-2.5,-1.562,1.0,0.987,-0.051,8470,14.51,12.941,0,,,,,,,,,,,,30.196,
2026-09-25T23:52:07.851,477.013,0,852.5,44,,97.469,28.235,-4.5,-1.562,1.0,0.987,-0.051,8240,14.51,12.941,0,,,,,,,,,,,,,506
2026-09-25T23:52:07.981,477.142,0,847.75,44,,97.469,27.843,-7.5,-2.344,1.0,0.979,-0.074,7880,14.51,12.549,0,102,,,,,,,,,,,,
2026-09-25T23:52:08.111,477.273,0,837.0,43,,97.531,26.667,-2.0,-2.344,1.0,0.978,-0.078,7560,14.51,12.549,0,,38,,,,,,,,,,,
2026-09-25T23:52:08.241,477.402,0,829.75,41,,97.531,26.667,0.0,-2.344,1.0,0.982,-0.066,7030,14.51,12.549,0,,,7.812,,,,,,,,,,
2026-09-25T23:52:08.371,477.533,0,824.5,41,,97.375,27.059,-5.0,-2.344,1.0,0.983,-0.062,6760,14.51,12.157,0,,,,13.906,,,,,,,,,
2026-09-25T23:52:08.502,477.663,0,822.75,41,,97.531,24.706,-4.5,-2.344,1.0,0.982,-0.066,6430,14.51,12.157,0,,,,,97,,,,,,,,
2026-09-25T23:52:08.632,477.794,0,824.0,38,,97.531,24.314,-5.0,-2.344,1.0,0.978,-0.078,6170,14.51,12.157,0,,,,,,22,,,,,,,
