time,elapsed_s,clock_ok,rpm,map_kpa,boost_cmd_kpa,boost_act_kpa,load_pct,timing_deg,stft_pct,lambda_cmd,lambda,o2s1_ma,rail_kpa,pedal_pct,throttle_pct,speed_kph,coolant_c,iat_c,ltft_pct,volts,baro_kpa,ambient_c,fuel_pct,cat_temp_c,o2s2_v,o2s2_trim_pct,lt_o2s2_trim_pct,abs_load_pct,run_time_s
2026-09-26T22:29:38.670,0.127,0,1618.5,93,,114.625,36.078,-1.5,2.344,0.999,1.023,0.004,17060,34.902,23.922,28,96,,,,,,,,,,,,
2026-09-26T22:29:38.799,0.257,0,1544.0,98,,114.906,37.255,3.5,3.125,1.0,1.021,0.0,17130,34.902,23.922,29,,37,,,,,,,,,,,
2026-09-26T22:29:38.929,0.387,0,1516.5,98,,114.844,38.039,8.5,2.344,1.0,0.998,-0.027,17050,34.118,22.745,29,,,3.125,,,,,,,,,,
2026-09-26T22:29:39.060,0.517,0,1463.5,97,,114.594,40.392,9.0,2.344,1.0,0.992,-0.043,17010,33.725,21.569,30,,,,14.296,,,,,,,,,
2026-09-26T22:29:39.191,0.648,0,1417.0,95,,113.812,41.176,9.0,1.562,1.0,0.994,-0.035,16700,32.941,20.784,30,,,,,97,,,,,,,,
2026-09-26T22:29:39.320,0.777,0,1405.75,93,,113.281,39.608,11.0,1.562,1.0,0.985,-0.059,16220,31.373,19.608,31,,,,,,21,,,,,,,
2026-09-26T22:29:39.450,0.907,0,1430.25,92,,112.656,36.863,12.0,0.781,1.0,0.987,-0.055,15610,30.98,19.608,31,,,,,,,100.0,,,,,,
2026-09-26T22:29:39.579,1.037,0,1451.75,85,,107.219,31.765,12.5,1.562,1.0,1.01,-0.012,15120,31.373,20.784,32,,,,,,,,468.0,,,,,
2026-09-26T22:29:39.710,1.167,0,1478.75,86,,106.031,32.157,13.0,2.344,1.0,1.004,-0.016,15400,31.765,21.176,32,,,,,,,,,1.275,,,,
2026-09-26T22:29:39.840,1.297,0,1510.25,86,,105.25,31.765,12.5,1.562,1.0,1.001,-0.02,15670,31.765,22.745,33,,,,,,,,,,,0.0,,
2026-09-26T22:29:39.970,1.428,0,1533.25,88,,104.094,30.98,12.5,2.344,1.0,1.017,-0.004,15830,31.765,22.745,33,,,,,,,,,,,,60.0,
2026-09-26T22:29:40.099,1.557,0,1557.25,89,,103.719,30.196,13.0,3.125,1.0,1.016,-0.004,15820,31.765,22.745,34,,,,,,,,,,,,,36
2026-09-26T22:29:40.230,1.687,0,1566.5,88,,103.656,29.412,13.5,3.125,1.0,1.011,-0.008,15740,32.157,23.137,34,97,,,,,,,,,,,,
2026-09-26T22:29:40.360,1.817,0,1582.75,88,,103.375,28.627,13.5,3.125,1.0,1.011,-0.008,15650,32.157,23.529,35,,36,,,,,,,,,,,
2026-09-26T22:29:40.491,1.948,0,1614.0,89,,103.125,28.627,13.5,3.125,1.0,1.005,-0.016,15660,32.157,23.529,35,,,3.125,,,,,,,,,,
2026-09-26T22:29:40.620,2.077,0,1632.0,88,,103.125,27.843,13.5,3.125,1.0,1.005,-0.016,15570,32.157,23.137,35,,,,14.355,,,,,,,,,
2026-09-26T22:29:40.750,2.207,0,1646.75,88,,103.094,27.843,13.5,3.906,1.0,1.006,-0.016,15590,32.157,23.922,36,,,,,97,,,,,,,,
2026-09-26T22:29:40.879,2.336,0,1668.5,90,,105.125,28.235,12.5,3.125,1.0,0.993,-0.039,15740,32.549,23.922,36,,,,,,21,,,,,,,
2026-09-26T22:29:41.010,2.467,0,1707.5,91,,106.156,28.235,13.0,3.125,1.0,0.999,-0.023,15850,32.549,23.529,37,,,,,,,100.0,,,,,,
2026-09-26T22:29:41.139,2.597,0,1728.75,90,,106.844,27.059,13.0,3.125,1.0,1.002,-0.02,15770,32.549,23.529,37,,,,,,,,465.3,,,,,
2026-09-26T22:29:41.270,2.727,0,1740.75,90,,107.844,27.059,13.0,3.125,1.0,1.006,-0.016,15660,32.549,23.529,38,,,,,,,,,1.275,,,,
2026-09-26T22:29:41.400,2.857,0,1760.75,90,,108.281,27.059,13.0,3.125,1.0,0.995,-0.031,15730,32.549,23.137,38,,,,,,,,,,,0.0,,
2026-09-26T22:29:41.529,2.987,0,1785.5,90,,108.688,26.667,13.5,2.344,1.0,0.993,-0.039,15720,32.549,23.137,39,,,,,,,,,,,,60.392,
2026-09-26T22:29:41.660,3.117,0,1795.0,89,,109.031,26.275,13.5,3.125,1.0,0.998,-0.027,15710,32.549,23.137,39,,,,,,,,,,,,,38
2026-09-26T22:29:41.792,3.249,0,1822.5,89,,109.594,26.275,13.5,3.125,1.0,0.993,-0.039,15840,32.549,23.137,40,98,,,,,,,,,,,,
2026-09-26T22:29:41.920,3.378,0,1851.0,90,,109.844,26.667,13.5,2.344,1.0,0.994,-0.035,15810,32.549,23.137,40,,36,,,,,,,,,,,
2026-09-26T22:29:42.051,3.508,0,1847.75,90,,110.219,26.667,14.0,2.344,1.0,0.996,-0.031,15760,32.549,23.137,40,,,3.125,,,,,,,,,,
2026-09-26T22:29:42.179,3.637,0,1802.0,90,,110.594,26.275,-16.5,2.344,1.0,0.99,-0.047,15910,32.549,22.353,41,,,,14.355,,,,,,,,,
2026-09-26T22:29:42.310,3.767,0,1578.5,92,,111.531,29.412,-3.5,1.562,1.0,0.998,-0.023,16010,32.549,21.569,41,,,,,97,,,,,,,,
2026-09-26T22:29:42.439,3.896,0,1500.0,91,,111.656,32.157,4.5,3.125,1.0,1.011,-0.008,16070,32.549,21.569,41,,,,,,21,,,,,,,
2026-09-26T22:29:42.570,4.027,0,1486.25,91,,111.156,34.51,7.0,3.125,1.0,1.008,-0.012,16630,32.549,21.961,42,,,,,,,100.0,,,,,,
2026-09-26T22:29:42.700,4.157,0,1421.75,93,,110.719,38.039,8.0,3.125,1.0,1.001,-0.02,16120,32.549,20.784,42,,,,,,,,464.8,,,,,
2026-09-26T22:29:42.830,4.287,0,1393.25,91,,110.406,37.255,6.0,3.125,1.0,1.013,-0.008,15910,32.549,20.392,42,,,,,,,,,1.275,,,,
2026-09-26T22:29:42.960,4.417,0,1372.0,89,,110.188,38.824,7.0,3.125,1.0,0.999,-0.023,16210,32.549,21.176,43,,,,,,,,,,,0.0,,
2026-09-26T22:29:43.091,4.548,0,1370.5,90,,109.25,39.608,5.5,2.344,1.0,0.983,-0.062,15910,32.549,20.392,43,,,,,,,,,,,,60.784,
2026-09-26T22:29:43.220,4.677,0,1383.75,89,,109.094,38.039,6.5,1.562,1.0,0.985,-0.059,15610,32.549,20.392,43,,,,,,,,,,,,,39
2026-09-26T22:29:43.350,4.807,0,1391.75,89,,108.781,38.824,9.0,1.562,1.0,0.987,-0.051,16150,32.549,21.569,44,99,,,,,,,,,,,,
2026-09-26T22:29:43.480,4.937,0,1399.5,90,,108.312,38.431,7.5,0.781,1.0,0.983,-0.062,16200,32.157,21.176,44,,36,,,,,,,,,,,
2026-09-26T22:29:43.610,5.067,0,1410.5,90,,108.156,38.039,7.5,1.562,1.0,0.997,-0.027,15730,32.157,20.392,44,,,3.906,,,,,,,,,,
2026-09-26T22:29:43.750,5.207,0,1418.25,88,,108.375,36.078,11.0,1.562,1.0,0.996,-0.031,15950,32.157,21.176,45,,,,14.296,,,,,,,,,
2026-09-26T22:29:43.880,5.337,0,1427.25,89,,107.781,36.078,10.0,0.781,1.005,0.995,-0.031,15780,32.157,21.176,45,,,,,97,,,,,,,,
2026-09-26T22:29:44.010,5.467,0,1441.25,89,,107.688,35.686,11.0,2.344,1.008,1.036,0.02,15660,32.157,21.176,45,,,,,,21,,,,,,,
2026-09-26T22:29:44.139,5.596,0,1446.5,88,,107.594,34.51,12.5,4.688,0.999,1.032,0.012,16140,32.157,21.961,46,,,,,,,100.0,,,,,,
2026-09-26T22:29:44.270,5.727,0,1460.25,89,,107.312,35.686,11.5,3.906,0.993,0.99,-0.047,15610,32.157,21.569,46,,,,,,,,466.0,,,,,
2026-09-26T22:29:44.400,5.858,0,1475.0,90,,107.469,33.333,12.5,3.125,0.99,0.989,-0.051,15670,31.765,20.392,46,,,,,,,,,1.275,,,,
2026-09-26T22:29:44.530,5.987,0,1476.75,87,,107.594,31.373,13.0,3.906,1.0,1.006,-0.016,15750,31.765,21.176,47,,,,,,,,,,,0.0,,
2026-09-26T22:29:44.660,6.117,0,1495.25,87,,107.5,31.765,13.0,3.125,1.006,0.995,-0.031,15770,31.765,21.961,47,,,,,,,,,,,,59.216,
2026-09-26T22:29:44.792,6.25,0,1513.0,89,,107.219,31.765,12.5,2.344,1.007,0.998,-0.027,15490,31.373,20.784,47,,,,,,,,,,,,,41
2026-09-26T22:29:44.920,6.378,0,1509.0,88,,107.438,30.196,14.0,3.125,1.006,1.015,-0.004,16150,30.98,20.392,47,99,,,,,,,,,,,,
2026-09-26T22:29:45.050,6.507,0,1509.5,86,,107.5,28.235,14.0,2.344,0.995,0.978,-0.078,15090,30.588,19.608,48,,35,,,,,,,,,,,
2026-09-26T22:29:45.179,6.637,0,1535.25,82,,107.531,26.275,14.0,2.344,0.992,0.996,-0.031,14800,29.804,18.431,48,,,3.906,,,,,,,,,,
2026-09-26T22:29:45.310,6.768,0,1538.25,77,,107.469,24.706,15.0,2.344,0.99,0.982,-0.062,15160,29.804,18.431,48,,,,14.375,,,,,,,,,
2026-09-26T22:29:45.439,6.897,0,1543.25,79,,106.875,24.706,15.0,0.0,0.998,0.961,-0.117,14040,29.412,18.039,49,,,,,97,,,,,,,,
2026-09-26T22:29:45.570,7.027,0,1554.5,74,,106.344,21.961,15.5,0.0,1.007,0.994,-0.035,13820,28.627,17.255,49,,,,,,21,,,,,,,
2026-09-26T22:29:45.699,7.157,0,1551.5,66,,106.156,20.784,15.5,-0.781,1.009,0.992,-0.039,13390,27.843,17.647,49,,,,,,,100.0,,,,,,
2026-09-26T22:29:45.830,7.287,0,1557.0,66,,105.562,21.176,15.5,-1.562,1.01,1.003,-0.016,12520,26.275,16.863,49,,,,,,,,467.9,,,,,
2026-09-26T22:29:45.959,7.417,0,1575.25,61,,105.281,17.647,15.5,-0.781,1.0,0.996,-0.027,12670,26.667,16.471,49,,,,,,,,,1.275,,,,
2026-09-26T22:29:46.091,7.548,0,1582.0,55,,104.281,17.255,15.5,-1.562,0.994,0.979,-0.078,11460,25.882,16.078,50,,,,,,,,,,,0.0,,
2026-09-26T22:29:46.220,7.677,0,1594.75,53,,103.969,16.078,15.5,-2.344,0.993,0.979,-0.078,11020,22.353,14.118,49,,,,,,,,,,,,28.627,
2026-09-26T22:29:46.349,7.807,0,1573.5,46,,102.031,13.725,15.5,-3.125,0.994,0.98,-0.07,11030,21.569,13.725,49,,,,,,,,,,,,,42
2026-09-26T22:29:46.479,7.936,0,1571.0,31,,101.125,9.804,17.5,-3.125,1.001,0.998,-0.023,10340,21.569,14.118,50,100,,,,,,,,,,,,
2026-09-26T22:29:46.610,8.067,0,1570.5,29,,100.75,9.412,18.0,-3.125,1.005,0.997,-0.027,9660,21.569,13.333,50,,35,,,,,,,,,,,
2026-09-26T22:29:46.739,8.196,0,1565.5,27,,100.406,8.627,19.0,-4.688,1.006,0.979,-0.074,9570,21.569,13.725,50,,,6.25,,,,,,,,,,
2026-09-26T22:29:46.870,8.327,0,1576.5,27,,99.562,8.235,18.5,-6.25,1.008,0.937,-0.172,8840,20.784,12.941,50,,,,14.316,,,,,,,,,
2026-09-26T22:29:47.000,8.457,0,1564.5,25,,99.469,7.451,27.5,-8.594,1.004,0.917,-0.219,8360,20.0,12.549,50,,,,,97,,,,,,,,
2026-09-26T22:29:47.130,8.587,0,1556.5,22,,99.281,6.667,31.0,-7.031,1.003,0.985,-0.059,7970,20.392,12.941,50,,,,,,21,,,,,,,
2026-09-26T22:29:47.259,8.717,0,1554.75,21,,99.156,5.882,21.0,-4.688,1.002,1.021,0.0,7640,20.392,12.941,50,,,,,,,100.0,,,,,,
2026-09-26T22:29:47.391,8.848,0,1539.25,22,,98.812,6.275,21.5,-4.688,1.001,1.017,-0.004,7240,20.784,12.941,50,,,,,,,,470.1,,,,,
2026-09-26T22:29:47.520,8.977,0,1520.25,21,,98.656,6.275,23.5,-4.688,1.001,1.031,0.012,6840,20.784,12.549,49,,,,,,,,,1.275,,,,
2026-09-26T22:29:47.650,9.107,0,1495.75,21,,98.5,6.667,25.5,-3.906,1.001,1.025,0.004,6480,21.176,12.941,50,,,,,,,,,,,0.0,,
2026-09-26T22:29:47.780,9.237,0,1452.0,22,,98.625,7.843,29.0,-4.688,1.001,1.007,-0.012,6090,23.922,15.686,50,,,,,,,,,,,,21.961,
2026-09-26T22:29:47.910,9.367,0,1399.5,30,,98.5,13.333,6.5,-4.688,1.001,0.995,-0.031,5410,24.706,15.686,50,,,,,,,,,,,,,44
2026-09-26T22:29:48.039,9.497,0,1349.5,36,,98.375,15.686,-4.0,-5.469,0.998,0.99,-0.047,4800,24.706,15.294,49,101,,,,,,,,,,,,
2026-09-26T22:29:48.170,9.627,0,1275.75,41,,98.219,20.0,5.0,-5.469,0.994,0.996,-0.031,5520,25.49,15.294,50,,35,,,,,,,,,,,
2026-09-26T22:29:48.300,9.757,0,1208.75,46,,98.188,21.961,12.5,-5.469,0.994,0.988,-0.051,6220,26.667,15.686,50,,,4.688,,,,,,,,,,
2026-09-26T22:29:48.429,9.887,0,1200.5,48,,98.188,23.529,12.5,-6.25,1.001,0.974,-0.086,6680,26.667,15.686,50,,,,14.414,,,,,,,,,
2026-09-26T22:29:48.560,10.017,0,1195.0,51,,98.156,27.059,12.5,-6.25,1.001,0.987,-0.055,7250,26.667,15.686,50,,,,,97,,,,,,,,
2026-09-26T22:29:48.690,10.147,0,1197.25,50,,98.188,25.882,12.0,-6.25,1.0,0.987,-0.055,8440,26.667,15.686,50,,,,,,21,,,,,,,
2026-09-26T22:29:48.829,10.287,0,1195.25,51,,98.188,26.667,12.5,-7.031,1.0,0.982,-0.062,8890,26.667,15.686,50,,,,,,,100.0,,,,,,
2026-09-26T22:29:48.959,10.416,0,1213.25,51,,98.188,26.275,12.5,-7.031,1.0,0.99,-0.043,9640,26.667,15.686,50,,,,,,,,471.8,,,,,
2026-09-26T22:29:49.090,10.548,0,1211.75,51,,98.188,26.275,12.5,-7.031,1.0,0.987,-0.051,10970,26.667,15.294,50,,,,,,,,,1.275,,,,
2026-09-26T22:29:49.220,10.677,0,1208.25,52,,98.156,25.098,12.5,-7.812,1.0,0.969,-0.098,10210,26.275,15.294,50,,,,,,,,,,,0.0,,
2026-09-26T22:29:49.349,10.807,0,1215.0,51,,98.188,24.706,12.5,-8.594,1.0,0.967,-0.105,10020,26.275,15.294,50,,,,,,,,,,,,35.294,
2026-09-26T22:29:49.479,10.936,0,1217.75,49,,98.188,25.098,13.0,-9.375,1.0,0.98,-0.07,10510,26.275,15.294,51,,,,,,,,,,,,,45
2026-09-26T22:29:49.610,11.067,0,1223.25,50,,98.156,24.314,13.0,-9.375,1.001,0.992,-0.039,10330,26.275,15.294,51,101,,,,,,,,,,,,
2026-09-26T22:29:49.739,11.196,0,1220.75,50,,98.156,24.314,13.0,-7.031,1.006,1.047,0.031,9830,25.49,14.902,51,,36,,,,,,,,,,,
2026-09-26T22:29:49.870,11.327,0,1225.5,48,,98.188,23.137,13.0,-3.906,1.004,1.062,0.051,10020,24.314,14.51,51,,,5.469,,,,,,,,,,
2026-09-26T22:29:50.000,11.457,0,1232.5,44,,98.188,20.392,13.5,-3.125,0.997,0.998,-0.027,9280,23.922,14.51,51,,,,14.296,,,,,,,,,
2026-09-26T22:29:50.130,11.587,0,1233.5,42,,98.156,20.0,14.0,-5.469,0.994,0.982,-0.066,8620,24.314,14.51,51,,,,,97,,,,,,,,
2026-09-26T22:29:50.259,11.716,0,1239.0,41,,98.094,20.0,14.0,-5.469,0.992,0.979,-0.074,8450,23.922,14.51,51,,,,,,21,,,,,,,
2026-09-26T22:29:50.390,11.848,0,1236.25,41,,97.906,19.608,13.5,-7.031,0.994,0.977,-0.082,8150,23.922,14.51,51,,,,,,,100.0,,,,,,
2026-09-26T22:29:50.519,11.976,0,1231.25,41,,97.875,19.216,13.5,-7.812,1.001,0.985,-0.059,7370,23.922,14.118,51,,,,,,,,472.9,,,,,
2026-09-26T22:29:50.650,12.107,0,1235.25,40,,97.875,19.608,14.0,-7.812,1.006,1.01,-0.012,7230,23.529,14.51,51,,,,,,,,,1.275,,,,
2026-09-26T22:29:50.780,12.237,0,1235.5,40,,97.875,18.824,14.0,-7.031,1.007,1.011,-0.008,7300,23.137,14.118,51,,,,,,,,,,,0.0,,
2026-09-26T22:29:50.910,12.367,0,1236.25,40,,97.875,17.647,14.0,-8.594,1.01,0.986,-0.055,6520,14.51,12.157,51,,,,,,,,,,,,18.431,
2026-09-26T22:29:51.039,12.496,0,1225.25,32,,97.75,0.0,18.5,-7.812,1.005,1.003,-0.016,6120,14.51,12.157,51,,,,,,,,,,,,,47
2026-09-26T22:29:51.170,12.627,0,1228.0,26,,97.562,0.0,26.5,-6.25,1.0,1.025,0.004,5870,14.51,12.157,51,101,,,,,,,,,,,,
2026-09-26T22:29:51.299,12.757,0,1212.75,22,,97.531,0.0,24.5,-7.031,1.0,0.993,-0.039,5670,14.51,12.157,52,,36,,,,,,,,,,,
2026-09-26T22:29:51.430,12.887,0,1233.5,22,,97.531,0.0,17.0,-8.594,1.0,0.977,-0.082,5330,14.51,12.157,51,,,9.375,,,,,,,,,,
2026-09-26T22:29:51.560,13.017,0,1225.5,22,,97.562,0.0,11.5,-8.594,1.001,0.968,-0.102,4980,14.51,12.157,51,,,,14.335,,,,,,,,,
2026-09-26T22:29:51.690,13.147,0,1225.75,22,,97.531,0.0,5.0,-10.156,1.002,0.955,-0.129,4570,14.51,12.157,51,,,,,97,,,,,,,,
2026-09-26T22:29:51.820,13.277,0,1223.5,22,,97.531,0.0,1.5,-10.156,1.002,0.957,-0.125,4240,14.51,12.157,51,,,,,,21,,,,,,,
2026-09-26T22:29:51.949,13.407,0,1218.75,22,,97.531,0.0,-2.0,0.0,1.002,0.973,-0.09,3930,16.863,12.157,51,,,,,,,100.0,,,,,,
2026-09-26T22:29:52.080,13.537,0,1202.75,21,,97.469,0.0,-5.5,0.0,1.002,0.985,-0.059,4180,16.863,12.157,51,,,,,,,,474.3,,,,,
2026-09-26T22:29:52.209,13.667,0,1204.75,21,,97.312,0.0,-6.0,0.0,1.002,1.029,0.012,4700,17.255,12.157,51,,,,,,,,,1.275,,,,
2026-09-26T22:29:52.340,13.797,0,1216.75,21,,97.344,0.0,-6.0,0.0,1.004,1.177,0.172,5670,18.431,12.157,51,,,,,,,,,,,0.0,,
2026-09-26T22:29:52.469,13.926,0,1210.25,22,,97.531,0.0,-6.0,0.0,0.996,1.458,0.41,6780,19.216,12.157,51,,,,,,,,,,,,13.725,
2026-09-26T22:29:52.600,14.057,0,1203.0,24,,97.531,10.196,6.5,0.0,1.009,2.0,0.688,7680,19.608,12.157,50,,,,,,,,,,,,,49
2026-09-26T22:29:52.729,14.187,0,1227.5,23,,97.531,9.804,15.5,0.0,1.058,1.503,0.438,7680,20.392,12.157,51,102,,,,,,,,,,,,
2026-09-26T22:29:52.860,14.317,0,1195.25,22,,97.531,9.804,20.0,0.0,1.025,1.051,0.035,7200,20.392,12.157,51,,36,,,,,,,,,,,
2026-09-26T22:29:52.990,14.447,0,1219.25,23,,97.531,9.412,23.0,0.0,0.971,0.903,-0.254,6960,20.392,12.157,51,,,8.594,,,,,,,,,,
2026-09-26T22:29:53.120,14.577,0,1207.25,23,,97.531,9.804,15.5,0.0,0.94,0.864,-0.367,6810,20.0,12.157,50,,,,14.296,,,,,,,,,
2026-09-26T22:29:53.249,14.706,0,1204.75,23,,97.531,9.804,12.5,0.0,0.922,0.848,-0.418,6270,20.0,12.157,50,,,,,97,,,,,,,,
2026-09-26T22:29:53.380,14.837,0,1209.75,23,,97.531,9.412,15.5,0.0,0.913,0.836,-0.457,5860,20.0,12.157,51,,,,,,21,,,,,,,
2026-09-26T22:29:53.509,14.967,0,1213.5,23,,97.531,9.412,13.5,0.0,0.905,0.833,-0.469,5630,20.0,12.157,50,,,,,,,100.0,,,,,,
2026-09-26T22:29:53.640,15.097,0,1208.25,23,,97.5,10.196,14.0,0.0,0.897,0.832,-0.473,5200,20.0,12.157,50,,,,,,,,474.8,,,,,
2026-09-26T22:29:53.770,15.227,0,1205.0,22,,97.531,9.804,15.5,-3.125,0.889,0.83,-0.48,4710,20.0,12.157,50,,,,,,,,,1.275,,,,
2026-09-26T22:29:53.899,15.356,0,1206.0,22,,97.531,9.412,16.0,-3.125,0.885,0.842,-0.441,4320,20.392,12.157,50,,,,,,,,,,,0.0,,
2026-09-26T22:29:54.029,15.487,0,1207.25,22,,97.531,9.412,16.0,-2.344,0.883,0.859,-0.383,3960,20.392,12.157,50,,,,,,,,,,,,13.725,
2026-09-26T22:29:54.159,15.616,0,1206.75,22,,97.5,9.804,21.0,-1.562,0.883,0.875,-0.332,3590,20.392,12.157,50,,,,,,,,,,,,,50
2026-09-26T22:29:54.293,15.75,0,1206.0,22,,97.531,9.412,28.0,-1.562,0.882,0.88,-0.32,3190,20.392,12.157,50,102,,,,,,,,,,,,
2026-09-26T22:29:54.419,15.876,0,1204.25,23,,97.531,9.412,25.0,-1.562,0.882,0.872,-0.344,2860,20.392,12.157,50,,37,,,,,,,,,,,
2026-09-26T22:29:54.550,16.007,0,1205.75,22,,97.469,9.804,27.0,-1.562,0.882,0.874,-0.336,2570,20.392,12.157,50,,,8.594,,,,,,,,,,
2026-09-26T22:29:54.679,16.136,0,1205.5,22,,97.531,9.412,29.0,-1.562,0.882,0.879,-0.324,2610,20.392,12.157,50,,,,14.355,,,,,,,,,
2026-09-26T22:29:54.809,16.267,0,1198.5,23,,97.5,9.804,26.0,-1.562,0.882,0.883,-0.312,2880,20.392,12.157,50,,,,,97,,,,,,,,
2026-09-26T22:29:54.940,16.397,0,1194.75,22,,97.531,9.804,21.5,-1.562,0.882,0.881,-0.316,2970,20.392,12.157,50,,,,,,21,,,,,,,
2026-09-26T22:29:55.069,16.526,0,1193.5,22,,97.5,9.804,25.5,-1.562,0.882,0.876,-0.328,3000,20.392,12.157,50,,,,,,,100.0,,,,,,
2026-09-26T22:29:55.199,16.656,0,1195.0,23,,97.438,9.412,23.5,-2.344,0.882,0.874,-0.336,3410,20.392,12.157,50,,,,,,,,474.6,,,,,
2026-09-26T22:29:55.329,16.786,0,1199.75,22,,97.438,9.804,18.5,-2.344,0.882,0.87,-0.348,3550,20.0,12.157,50,,,,,,,,,0.795,,,,
2026-09-26T22:29:55.459,16.917,0,1200.5,22,,97.469,9.804,16.5,-3.125,0.882,0.854,-0.398,3410,20.0,12.157,50,,,,,,,,,,,0.0,,
2026-09-26T22:29:55.590,17.047,0,1196.75,22,,97.5,9.804,17.0,-4.688,0.888,0.845,-0.43,3330,20.0,12.157,50,,,,,,,,,,,,13.333,
2026-09-26T22:29:55.719,17.177,0,1194.5,22,,97.531,9.804,15.5,-3.906,0.87,0.859,-0.383,3360,20.0,12.157,50,,,,,,,,,,,,,52
2026-09-26T22:29:55.849,17.307,0,1190.75,22,,97.531,9.804,15.0,-3.125,0.904,0.907,-0.242,3500,19.608,12.157,49,102,,,,,,,,,,,,
2026-09-26T22:29:55.980,17.437,0,1187.0,22,,97.469,9.804,12.5,-3.906,0.943,0.927,-0.195,3520,19.608,12.157,49,,37,,,,,,,,,,,
2026-09-26T22:29:56.110,17.567,0,1187.75,22,,97.469,9.412,14.5,-4.688,0.974,0.942,-0.156,3450,19.608,12.157,49,,,10.938,,,,,,,,,,
2026-09-26T22:29:56.239,17.696,0,1189.0,22,,97.5,9.412,14.5,-4.688,0.989,0.954,-0.129,3360,19.608,12.157,49,,,,14.394,,,,,,,,,
2026-09-26T22:29:56.370,17.827,0,1187.5,22,,97.5,9.412,14.5,-4.688,0.998,0.961,-0.117,3360,19.608,12.157,49,,,,,97,,,,,,,,
2026-09-26T22:29:56.500,17.957,0,1188.0,22,,97.5,9.412,15.5,-5.469,1.001,0.968,-0.102,3460,19.608,12.157,49,,,,,,21,,,,,,,
2026-09-26T22:29:56.630,18.087,0,1179.25,22,,97.438,9.412,13.5,-5.469,1.004,0.972,-0.094,3460,19.608,12.157,49,,,,,,,100.0,,,,,,
2026-09-26T22:29:56.759,18.216,0,1177.0,22,,97.375,9.804,11.5,-5.469,1.004,0.977,-0.082,3310,19.608,12.157,49,,,,,,,,475.3,,,,,
2026-09-26T22:29:56.890,18.347,0,1178.25,22,,97.344,9.804,12.0,-5.469,1.005,0.98,-0.07,3200,19.608,12.157,49,,,,,,,,,0.845,,,,
2026-09-26T22:29:57.019,18.476,0,1175.5,22,,97.344,9.804,13.0,-5.469,1.005,0.984,-0.059,3230,19.608,12.157,49,,,,,,,,,,,0.0,,
2026-09-26T22:29:57.150,18.607,0,1173.75,22,,97.375,9.412,9.5,-5.469,1.005,0.989,-0.047,3530,19.608,12.157,49,,,,,,,,,,,,13.333,
2026-09-26T22:29:57.279,18.736,0,1172.25,22,,97.438,9.804,10.5,-5.469,1.005,0.989,-0.051,3330,19.608,12.157,49,,,,,,,,,,,,,53
2026-09-26T22:29:57.409,18.867,0,1180.75,22,,97.344,9.804,12.5,-5.469,1.005,0.99,-0.043,3210,19.608,12.157,49,102,,,,,,,,,,,,
2026-09-26T22:29:57.539,18.997,0,1179.75,22,,97.406,9.804,13.0,-5.469,1.005,0.996,-0.031,3280,19.608,12.157,49,,37,,,,,,,,,,,
2026-09-26T22:29:57.669,19.127,0,1178.25,22,,97.281,9.804,12.0,-5.469,1.005,0.997,-0.027,3470,19.608,12.157,49,,,11.719,,,,,,,,,,
2026-09-26T22:29:57.800,19.257,0,1170.25,22,,97.25,9.804,12.5,-5.469,1.005,0.996,-0.031,3300,19.608,12.157,48,,,,14.316,,,,,,,,,
2026-09-26T22:29:57.930,19.387,0,1166.0,22,,97.25,9.804,13.5,-5.469,1.005,0.995,-0.031,3260,19.608,12.157,49,,,,,97,,,,,,,,
2026-09-26T22:29:58.059,19.517,0,1166.25,22,,97.281,9.804,12.0,-5.469,1.005,0.997,-0.027,3550,19.608,12.157,49,,,,,,21,,,,,,,
2026-09-26T22:29:58.190,19.647,0,1166.75,22,,97.281,10.196,11.5,-6.25,1.005,0.996,-0.027,3340,19.608,12.157,49,,,,,,,100.0,,,,,,
2026-09-26T22:29:58.319,19.776,0,1170.5,22,,97.281,10.196,13.0,-6.25,1.005,0.994,-0.035,3150,19.608,12.157,48,,,,,,,,476.1,,,,,
2026-09-26T22:29:58.449,19.907,0,1165.75,22,,97.344,9.804,12.5,-6.25,1.005,0.997,-0.027,3320,19.608,12.157,49,,,,,,,,,0.845,,,,
2026-09-26T22:29:58.579,20.036,0,1168.75,22,,97.281,9.804,10.5,-6.25,1.005,1.002,-0.02,3710,19.608,12.157,49,,,,,,,,,,,0.0,,
2026-09-26T22:29:58.709,20.167,0,1168.75,22,,97.281,10.196,12.0,-6.25,1.005,1.0,-0.02,3430,19.608,12.157,49,,,,,,,,,,,,13.333,
2026-09-26T22:29:58.839,20.296,0,1169.5,22,,97.344,9.804,13.5,-5.469,1.005,1.014,-0.008,3210,19.608,12.157,48,,,,,,,,,,,,,55
2026-09-26T22:29:58.970,20.427,0,1162.0,22,,97.25,9.804,12.5,-5.469,1.005,1.015,-0.004,3530,19.608,12.157,48,102,,,,,,,,,,,,
2026-09-26T22:29:59.100,20.557,0,1159.75,22,,97.219,10.196,15.5,-5.469,1.005,1.013,-0.008,3390,19.608,12.157,48,,38,,,,,,,,,,,
2026-09-26T22:29:59.230,20.687,0,1164.0,22,,97.281,10.196,17.5,-5.469,1.005,1.008,-0.012,3170,19.608,12.157,48,,,11.719,,,,,,,,,,
2026-09-26T22:29:59.360,20.817,0,1159.0,22,,97.281,9.804,18.5,-5.469,1.005,1.014,-0.008,3200,19.608,12.157,48,,,,14.394,,,,,,,,,
2026-09-26T22:29:59.491,20.948,0,1151.0,23,,97.375,10.196,20.0,-4.688,1.005,1.022,0.004,3430,20.392,12.157,48,,,,,97,,,,,,,,
2026-09-26T22:29:59.620,21.077,0,1156.0,22,,97.25,10.196,27.5,-4.688,1.005,1.022,0.0,3360,20.392,12.549,48,,,,,,20,,,,,,,
2026-09-26T22:29:59.749,21.207,0,1161.25,23,,97.25,10.588,25.0,-4.688,1.006,1.024,0.004,3340,20.392,12.549,48,,,,,,,100.0,,,,,,
2026-09-26T22:29:59.879,21.336,0,1158.25,24,,97.25,10.588,24.5,-3.906,1.005,1.033,0.016,3400,20.392,12.157,48,,,,,,,,476.9,,,,,
2026-09-26T22:30:00.009,21.467,0,1157.75,24,,97.25,10.98,24.5,-3.906,1.005,1.045,0.027,3700,20.784,12.549,48,,,,,,,,,0.865,,,,
2026-09-26T22:30:00.139,21.597,0,1172.5,24,,97.25,10.98,23.5,-3.125,1.005,1.047,0.031,3480,21.176,12.941,48,,,,,,,,,,,0.0,,
2026-09-26T22:30:00.270,21.727,0,1229.75,24,,97.219,11.373,20.0,-2.344,1.005,1.052,0.035,4010,21.961,14.118,48,,,,,,,,,,,,18.431,
2026-09-26T22:30:00.399,21.856,0,1339.0,28,,97.219,12.157,18.5,-1.562,1.005,1.063,0.051,4830,22.353,14.118,48,,,,,,,,,,,,,56
2026-09-26T22:30:00.529,21.987,0,1465.75,30,,97.219,11.765,16.5,-0.781,1.004,1.059,0.043,5220,22.745,14.902,48,103,,,,,,,,,,,,
2026-09-26T22:30:00.659,22.116,0,1531.5,32,,97.219,11.765,15.5,-1.562,1.003,1.025,0.004,5970,23.137,15.294,48,,38,,,,,,,,,,,
2026-09-26T22:30:00.792,22.249,0,1528.75,35,,97.219,12.157,15.5,-2.344,1.002,1.011,-0.008,7090,23.529,14.902,48,,,5.469,,,,,,,,,,
2026-09-26T22:30:00.920,22.377,0,1530.25,37,,97.219,12.941,15.0,-1.562,1.002,1.009,-0.012,7510,23.529,14.902,48,,,,14.375,,,,,,,,,
2026-09-26T22:30:01.050,22.507,0,1529.25,36,,97.219,12.549,15.0,-2.344,1.002,0.995,-0.031,7270,23.137,14.902,48,,,,,97,,,,,,,,
2026-09-26T22:30:01.179,22.636,0,1535.75,37,,97.219,12.549,14.5,-3.125,1.002,0.988,-0.051,7290,23.137,14.902,48,,,,,,20,,,,,,,
2026-09-26T22:30:01.310,22.767,0,1538.5,37,,97.219,12.941,15.0,-3.125,1.002,0.987,-0.051,7240,23.137,15.294,48,,,,,,,100.0,,,,,,
2026-09-26T22:30:01.439,22.897,0,1542.0,37,,97.25,12.941,14.5,-3.906,1.002,0.98,-0.07,7320,23.137,15.294,48,,,,,,,,477.0,,,,,
2026-09-26T22:30:01.570,23.027,0,1542.75,37,,97.406,12.941,14.5,-4.688,1.002,0.979,-0.074,7260,23.137,14.902,49,,,,,,,,,0.875,,,,
2026-09-26T22:30:01.700,23.157,0,1539.75,36,,97.469,12.549,15.0,-6.25,1.003,0.956,-0.129,7020,23.137,15.294,48,,,,,,,,,,,0.0,,
2026-09-26T22:30:01.829,23.287,0,1542.75,36,,97.469,12.549,15.0,-10.156,0.997,0.935,-0.176,6860,23.137,15.294,48,,,,,,,,,,,,25.098,
2026-09-26T22:30:01.960,23.417,0,1543.5,37,,97.375,12.549,15.0,-10.938,0.992,0.981,-0.066,6850,23.137,14.902,49,,,,,,,,,,,,,58
2026-09-26T22:30:02.090,23.547,0,1538.0,36,,97.5,12.157,15.5,-6.25,0.997,1.077,0.066,6580,22.745,14.902,48,103,,,,,,,,,,,,
2026-09-26T22:30:02.219,23.677,0,1545.75,36,,97.531,12.549,15.5,-0.781,1.003,1.091,0.078,6480,22.745,14.51,48,,38,,,,,,,,,,,
2026-09-26T22:30:02.350,23.807,0,1546.5,34,,97.531,11.765,16.0,0.0,1.006,1.035,0.016,6150,22.745,14.902,48,,,5.469,,,,,,,,,,
2026-09-26T22:30:02.479,23.936,0,1546.5,34,,97.531,11.765,15.5,-2.344,1.008,0.996,-0.031,6290,22.745,14.902,49,,,,14.355,,,,,,,,,
2026-09-26T22:30:02.610,24.067,0,1550.0,35,,97.531,11.765,15.5,-3.125,1.003,0.982,-0.066,5940,22.745,14.902,49,,,,,97,,,,,,,,
2026-09-26T22:30:02.739,24.196,0,1547.25,35,,97.531,11.765,15.5,-3.906,0.996,0.983,-0.062,6260,22.745,14.51,49,,,,,,20,,,,,,,
2026-09-26T22:30:02.869,24.327,0,1546.75,33,,97.531,10.98,16.5,-3.906,0.993,0.993,-0.039,5940,22.745,14.902,49,,,,,,,100.0,,,,,,
2026-09-26T22:30:02.999,24.457,0,1551.25,33,,97.531,11.373,15.5,-3.125,0.992,0.998,-0.023,5510,22.745,14.51,49,,,,,,,,477.0,,,,,
2026-09-26T22:30:03.129,24.587,0,1559.25,33,,97.531,10.98,16.5,-2.344,0.992,1.0,-0.02,5960,22.353,14.51,49,,,,,,,,,0.865,,,,
2026-09-26T22:30:03.260,24.717,0,1547.75,33,,97.531,11.373,15.5,-2.344,1.0,0.998,-0.027,5890,22.745,14.51,49,,,,,,,,,,,0.0,,
2026-09-26T22:30:03.390,24.847,0,1550.25,33,,97.531,10.98,16.5,-3.906,1.005,0.995,-0.031,5630,22.745,14.51,49,,,,,,,,,,,,21.961,
2026-09-26T22:30:03.520,24.977,0,1554.75,33,,97.531,10.98,16.0,-3.125,1.006,1.013,-0.008,5830,22.745,14.902,49,,,,,,,,,,,,,59
2026-09-26T22:30:03.650,25.107,0,1563.75,34,,97.531,11.765,16.0,-2.344,1.008,1.016,-0.004,6320,22.745,14.902,49,103,,,,,,,,,,,,
2026-09-26T22:30:03.780,25.237,0,1557.5,35,,97.531,11.765,15.5,-3.125,1.001,0.993,-0.039,5970,23.137,14.902,49,,37,,,,,,,,,,,
2026-09-26T22:30:03.909,25.367,0,1558.25,35,,97.531,11.765,15.5,-3.125,0.994,0.992,-0.039,6680,23.137,15.294,49,,,5.469,,,,,,,,,,
2026-09-26T22:30:04.049,25.506,0,1560.5,35,,97.531,12.157,15.5,-3.906,0.992,0.977,-0.082,6440,23.137,14.902,49,,,,14.394,,,,,,,,,
2026-09-26T22:30:04.179,25.636,0,1564.0,37,,97.531,12.157,15.5,-5.469,0.99,0.967,-0.105,6870,23.137,15.294,49,,,,,97,,,,,,,,
2026-09-26T22:30:04.309,25.767,0,1563.75,36,,97.531,12.157,15.5,-6.25,0.999,0.989,-0.047,7190,23.137,15.294,49,,,,,,20,,,,,,,
2026-09-26T22:30:04.440,25.897,0,1564.0,38,,97.531,12.549,15.0,-6.25,1.004,1.0,-0.02,6860,23.137,14.902,49,,,,,,,100.0,,,,,,
2026-09-26T22:30:04.569,26.026,0,1568.0,37,,97.531,12.157,15.5,-5.469,1.006,1.018,-0.004,6610,23.137,15.294,49,,,,,,,,477.2,,,,,
2026-09-26T22:30:04.700,26.157,0,1571.5,37,,97.531,12.157,15.0,-3.906,1.007,1.031,0.012,7220,22.745,14.902,49,,,,,,,,,0.86,,,,
2026-09-26T22:30:04.829,26.286,0,1571.5,36,,97.562,11.765,15.5,-3.125,0.998,1.002,-0.02,6790,22.745,14.902,49,,,,,,,,,,,0.0,,
2026-09-26T22:30:04.959,26.417,0,1569.25,35,,97.562,10.98,16.0,-3.906,0.993,0.992,-0.039,6190,22.745,14.902,49,,,,,,,,,,,,22.745,
2026-09-26T22:30:05.090,26.547,0,1567.75,34,,97.656,11.373,16.0,-3.125,0.992,1.004,-0.016,6140,22.745,14.902,50,,,,,,,,,,,,,61
2026-09-26T22:30:05.219,26.676,0,1575.25,34,,97.594,11.373,14.5,-2.344,0.991,0.999,-0.023,5900,20.784,13.333,50,103,,,,,,,,,,,,
2026-09-26T22:30:05.350,26.807,0,1572.25,34,,97.812,10.588,18.5,-3.125,0.998,1.001,-0.02,5760,20.784,13.333,50,,37,,,,,,,,,,,
2026-09-26T22:30:05.479,26.936,0,1558.5,25,,97.875,7.843,23.5,-3.125,1.003,1.007,-0.012,5550,20.784,12.549,50,,,7.812,,,,,,,,,,
2026-09-26T22:30:05.610,27.067,0,1576.5,22,,97.875,6.667,29.0,-3.906,1.004,0.975,-0.086,5070,19.608,12.549,50,,,,14.375,,,,,,,,,
2026-09-26T22:30:05.740,27.197,0,1559.5,22,,97.875,5.882,20.0,-5.469,1.004,0.96,-0.117,4660,16.471,12.941,49,,,,,97,,,,,,,,
2026-09-26T22:30:05.869,27.326,0,1570.0,21,,97.875,0.0,13.5,-5.469,1.004,0.968,-0.102,4220,16.471,12.941,50,,,,,,20,,,,,,,
2026-09-26T22:30:06.000,27.457,0,1572.25,22,,97.812,0.0,8.0,-5.469,1.004,0.984,-0.059,3890,16.471,12.941,50,,,,,,,100.0,,,,,,
2026-09-26T22:30:06.129,27.586,0,1571.0,21,,97.812,0.0,4.5,-4.688,1.004,0.999,-0.023,3580,14.51,12.941,49,,,,,,,,478.1,,,,,
2026-09-26T22:30:06.260,27.717,0,1561.25,21,,97.844,0.0,0.5,0.0,1.005,1.029,0.012,4110,14.51,12.941,49,,,,,,,,,0.855,,,,
2026-09-26T22:30:06.389,27.846,0,1550.0,21,,97.75,0.0,-1.0,0.0,1.004,1.094,0.082,5230,14.51,12.941,49,,,,,,,,,,,0.0,,
2026-09-26T22:30:06.520,27.977,0,1547.75,22,,97.656,0.0,-1.0,0.0,1.005,1.303,0.289,6910,14.51,12.941,49,,,,,,,,,,,,12.549,
2026-09-26T22:30:06.650,28.107,0,1542.0,23,,97.688,0.0,-1.0,0.0,0.997,1.76,0.578,8630,14.51,12.941,49,,,,,,,,,,,,,63
2026-09-26T22:30:06.779,28.236,0,1539.5,23,,97.844,0.0,-1.0,0.0,1.023,2.0,0.828,9700,14.902,12.941,49,103,,,,,,,,,,,,
2026-09-26T22:30:06.910,28.367,0,1537.0,23,,97.875,0.0,-1.5,0.0,1.099,2.0,0.984,9670,15.294,12.941,49,,37,,,,,,,,,,,
2026-09-26T22:30:07.039,28.497,0,1533.5,24,,97.875,0.0,-1.5,0.0,1.168,2.0,1.07,9650,16.471,12.941,48,,,7.812,,,,,,,,,,
2026-09-26T22:30:07.169,28.626,0,1526.25,24,,97.875,0.0,-1.5,0.0,1.231,2.0,1.133,9630,18.039,12.941,48,,,,14.433,,,,,,,,,
2026-09-26T22:30:07.299,28.756,0,1520.5,24,,97.875,0.0,-1.5,0.0,1.309,2.0,1.18,9620,19.608,12.941,48,,,,,97,,,,,,,,
2026-09-26T22:30:07.430,28.887,0,1541.0,23,,97.875,7.451,6.5,0.0,1.501,2.0,1.168,10220,20.392,12.941,48,,,,,,20,,,,,,,
2026-09-26T22:30:07.560,29.017,0,1540.0,22,,97.906,6.275,11.5,0.0,1.409,1.584,0.488,10440,20.392,12.941,48,,,,,,,100.0,,,,,,
2026-09-26T22:30:07.689,29.146,0,1503.5,21,,97.875,6.667,12.5,0.0,1.157,1.109,0.098,9930,20.392,12.941,48,,,,,,,,479.3,,,,,
2026-09-26T22:30:07.819,29.276,0,1523.5,21,,97.875,6.275,12.5,0.0,1.022,1.002,-0.02,9350,20.392,12.941,48,,,,,,,,,0.85,,,,
2026-09-26T22:30:07.949,29.406,0,1527.25,21,,97.875,6.275,17.0,0.0,0.948,0.972,-0.094,8890,20.392,12.941,48,,,,,,,,,,,0.0,,
2026-09-26T22:30:08.080,29.537,0,1525.25,22,,97.875,6.667,19.5,0.0,0.926,0.984,-0.062,8380,20.392,12.941,48,,,,,,,,,,,,12.941,
2026-09-26T22:30:08.209,29.666,0,1519.0,22,,97.875,6.667,20.0,0.0,0.958,0.992,-0.039,7880,20.392,12.941,48,,,,,,,,,,,,,64
2026-09-26T22:30:08.339,29.796,0,1522.0,22,,97.875,6.667,18.5,0.781,0.98,0.999,-0.023,7430,20.784,12.941,48,104,,,,,,,,,,,,
2026-09-26T22:30:08.469,29.926,0,1518.0,22,,97.875,6.667,32.0,0.781,0.993,0.998,-0.027,6900,20.784,12.941,48,,37,,,,,,,,,,,
2026-09-26T22:30:08.599,30.056,0,1509.25,22,,97.875,7.059,32.0,0.0,0.997,0.978,-0.078,6420,21.961,14.118,48,,,7.031,,,,,,,,,,
2026-09-26T22:30:08.729,30.186,0,1509.75,24,,97.562,7.843,19.0,-1.562,1.0,0.957,-0.125,5820,23.137,15.686,48,,,,14.335,,,,,,,,,
2026-09-26T22:30:08.860,30.317,0,1534.0,27,,97.594,12.549,15.5,-2.344,1.0,0.978,-0.078,5740,23.529,15.686,48,,,,,97,,,,,,,,
2026-09-26T22:30:08.990,30.447,0,1519.25,39,,97.531,13.725,14.5,-2.344,1.002,0.981,-0.066,5810,23.529,15.294,48,,,,,,20,,,,,,,
2026-09-26T22:30:09.119,30.576,0,1514.25,39,,97.531,13.725,14.5,-4.688,1.006,0.974,-0.086,6510,23.529,15.294,48,,,,,,,100.0,,,,,,
2026-09-26T22:30:09.249,30.706,0,1514.75,39,,97.531,13.725,14.5,-5.469,1.003,0.983,-0.062,7300,23.529,15.294,48,,,,,,,,480.1,,,,,
2026-09-26T22:30:09.379,30.836,0,1517.25,39,,97.531,14.118,14.5,-5.469,0.996,0.979,-0.074,7790,23.922,15.294,48,,,,,,,,,0.825,,,,
2026-09-26T22:30:09.509,30.966,0,1520.0,40,,97.531,13.725,14.5,-6.25,0.993,0.983,-0.062,7720,24.314,15.686,48,,,,,,,,,,,0.0,,
2026-09-26T22:30:09.640,31.097,0,1526.0,40,,97.531,14.51,14.5,-5.469,0.991,0.995,-0.031,7860,24.314,15.686,48,,,,,,,,,,,,28.235,
2026-09-26T22:30:09.769,31.226,0,1529.0,41,,97.562,14.51,14.5,-5.469,1.001,1.006,-0.016,8930,24.314,15.686,48,,,,,,,,,,,,,66
2026-09-26T22:30:09.899,31.356,0,1525.75,43,,97.594,14.902,14.5,-6.25,1.006,0.989,-0.047,8560,24.314,15.686,48,104,,,,,,,,,,,,
2026-09-26T22:30:10.029,31.486,0,1528.5,43,,97.594,14.902,14.5,-7.812,1.009,0.994,-0.035,8260,24.314,15.686,48,,38,,,,,,,,,,,
2026-09-26T22:30:10.160,31.617,0,1528.25,42,,97.625,14.902,14.5,-6.25,1.005,1.016,-0.004,9250,24.314,15.686,48,,,4.688,,,,,,,,,,
2026-09-26T22:30:10.292,31.749,0,1528.25,44,,97.781,14.902,14.5,-6.25,0.996,0.987,-0.051,8550,24.314,15.686,48,,,,14.316,,,,,,,,,
2026-09-26T22:30:10.419,31.876,0,1536.5,44,,97.844,14.51,15.0,-7.031,0.993,0.986,-0.055,8310,24.706,15.686,48,,,,,97,,,,,,,,
2026-09-26T22:30:10.550,32.007,0,1537.25,43,,97.812,14.51,15.0,-7.031,0.993,0.998,-0.027,8560,24.706,15.686,48,,,,,,20,,,,,,,
2026-09-26T22:30:10.680,32.137,0,1521.25,43,,97.875,14.902,14.5,-5.469,1.001,1.016,-0.004,9000,25.49,16.078,48,,,,,,,100.0,,,,,,
2026-09-26T22:30:10.809,32.266,0,1531.5,44,,97.875,15.294,15.0,-5.469,1.006,1.013,-0.008,9050,25.49,16.078,48,,,,,,,,480.5,,,,,
2026-09-26T22:30:10.939,32.396,0,1537.25,46,,97.875,15.686,15.0,-6.25,1.009,1.005,-0.016,9320,25.49,16.471,48,,,,,,,,,0.805,,,,
2026-09-26T22:30:11.070,32.527,0,1540.25,46,,97.875,16.078,15.5,-6.25,1.0,0.993,-0.039,10290,25.882,16.471,48,,,,,,,,,,,0.0,,
2026-09-26T22:30:11.199,32.656,0,1538.0,48,,97.875,16.471,15.5,-7.031,0.995,0.989,-0.047,10370,25.49,16.078,48,,,,,,,,,,,,31.373,
2026-09-26T22:30:11.329,32.786,0,1539.0,50,,97.875,16.078,15.0,-6.25,0.991,0.995,-0.031,9700,25.49,16.471,48,,,,,,,,,,,,,67
2026-09-26T22:30:11.460,32.917,0,1534.0,49,,97.875,16.471,15.5,-5.469,0.998,1.023,0.004,10440,25.49,16.471,49,104,,,,,,,,,,,,
2026-09-26T22:30:11.589,33.046,0,1541.25,53,,97.938,16.471,15.5,-4.688,1.005,0.99,-0.047,10060,25.49,16.078,48,,37,,,,,,,,,,,
2026-09-26T22:30:11.720,33.177,0,1544.75,52,,98.188,16.471,15.5,-7.812,1.008,0.991,-0.043,9560,25.49,16.471,49,,,4.688,,,,,,,,,,
2026-09-26T22:30:11.849,33.306,0,1550.75,49,,98.188,16.078,15.5,-6.25,1.003,1.015,-0.004,10090,25.49,16.471,48,,,,14.394,,,,,,,,,
2026-09-26T22:30:11.979,33.436,0,1550.75,49,,98.188,16.078,15.5,-6.25,0.996,0.996,-0.031,10470,25.49,16.471,49,,,,,97,,,,,,,,
2026-09-26T22:30:12.110,33.568,0,1545.25,50,,98.188,16.471,15.5,-6.25,0.994,0.989,-0.047,9840,25.882,16.471,49,,,,,,20,,,,,,,
2026-09-26T22:30:12.239,33.696,0,1550.0,49,,98.188,16.078,15.5,-6.25,0.993,0.995,-0.031,9600,25.49,16.471,49,,,,,,,100.0,,,,,,
2026-09-26T22:30:12.370,33.827,0,1554.5,49,,98.219,16.078,15.5,-6.25,1.003,1.016,-0.004,9810,25.49,16.471,49,,,,,,,,480.5,,,,,
2026-09-26T22:30:12.499,33.956,0,1553.5,50,,98.188,16.078,15.5,-4.688,1.007,1.021,0.0,10080,25.49,16.078,48,,,,,,,,,0.79,,,,
2026-09-26T22:30:12.630,34.087,0,1557.25,52,,98.219,16.471,15.5,-7.031,1.009,0.987,-0.051,9770,25.49,16.078,49,,,,,,,,,,,0.0,,
2026-09-26T22:30:12.759,34.216,0,1557.75,50,,98.469,16.078,15.5,-7.031,1.0,0.994,-0.035,9770,25.49,16.078,49,,,,,,,,,,,,32.157,
2026-09-26T22:30:12.890,34.347,0,1555.5,48,,98.469,15.686,15.5,-6.25,0.994,0.998,-0.027,9920,25.49,16.471,49,,,,,,,,,,,,,69
2026-09-26T22:30:13.019,34.476,0,1560.75,49,,98.469,16.078,15.5,-6.25,0.991,0.999,-0.023,10050,25.49,16.471,49,104,,,,,,,,,,,,
2026-09-26T22:30:13.150,34.607,0,1561.0,50,,98.469,15.686,15.5,-6.25,0.998,1.002,-0.02,9870,26.275,16.863,49,,37,,,,,,,,,,,
2026-09-26T22:30:13.279,34.736,0,1560.5,51,,98.375,16.863,15.5,-5.469,1.005,1.021,0.0,10100,26.667,16.471,49,,,4.688,,,,,,,,,,
2026-09-26T22:30:13.409,34.866,0,1570.25,50,,98.5,16.471,15.5,-4.688,1.008,1.013,-0.008,10780,26.275,16.863,49,,,,14.375,,,,,,,,,
2026-09-26T22:30:13.540,34.997,0,1570.75,51,,98.5,17.255,15.5,-5.469,1.004,0.998,-0.023,11330,26.275,16.863,49,,,,,97,,,,,,,,
2026-09-26T22:30:13.669,35.126,0,1569.5,52,,98.5,16.863,15.5,-5.469,0.995,0.991,-0.043,10670,26.275,16.863,49,,,,,,20,,,,,,,
2026-09-26T22:30:13.799,35.256,0,1577.5,52,,98.5,16.471,15.5,-5.469,0.994,0.999,-0.023,10910,26.275,16.863,49,,,,,,,100.0,,,,,,
2026-09-26T22:30:13.930,35.387,0,1577.75,52,,98.562,16.863,15.5,-4.688,0.996,0.996,-0.027,10990,26.275,16.863,49,,,,,,,,480.6,,,,,
2026-09-26T22:30:14.059,35.516,0,1583.25,56,,98.531,16.863,15.5,-7.031,1.004,0.98,-0.07,10690,26.275,16.863,50,,,,,,,,,0.78,,,,
2026-09-26T22:30:14.190,35.647,0,1581.5,54,,98.812,16.863,15.5,-7.031,1.008,1.007,-0.012,10670,26.275,16.863,50,,,,,,,,,,,0.0,,
2026-09-26T22:30:14.320,35.777,0,1584.5,53,,98.812,16.471,15.5,-5.469,1.008,1.032,0.016,10900,26.275,16.863,50,,,,,,,,,,,,33.725,
2026-09-26T22:30:14.450,35.907,0,1585.5,52,,98.812,16.471,15.5,-3.906,0.997,1.012,-0.008,10680,26.275,16.863,50,,,,,,,,,,,,,70
2026-09-26T22:30:14.579,36.036,0,1588.25,53,,98.812,16.471,15.5,-4.688,0.993,0.989,-0.047,10500,26.275,16.863,50,104,,,,,,,,,,,,
2026-09-26T22:30:14.709,36.166,0,1589.0,53,,98.844,16.471,15.5,-5.469,0.991,0.992,-0.039,10460,26.275,16.863,50,,37,,,,,,,,,,,
2026-09-26T22:30:14.839,36.296,0,1593.0,53,,98.844,16.078,15.5,-5.469,1.001,1.005,-0.016,10470,25.882,16.471,50,,,3.906,,,,,,,,,,
2026-09-26T22:30:14.970,36.427,0,1599.5,52,,99.094,15.294,15.5,-4.688,1.007,1.012,-0.008,10400,25.882,16.471,50,,,,14.394,,,,,,,,,
2026-09-26T22:30:15.100,36.557,0,1595.75,49,,99.094,15.294,15.5,-4.688,1.008,1.013,-0.008,10060,25.49,16.471,50,,,,,97,,,,,,,,
2026-09-26T22:30:15.229,36.686,0,1597.5,49,,99.125,15.294,15.5,-4.688,1.003,0.998,-0.023,9830,25.49,16.078,50,,,,,,20,,,,,,,
2026-09-26T22:30:15.359,36.816,0,1599.0,49,,99.156,14.51,15.5,-5.469,0.995,0.986,-0.055,9510,24.314,16.078,50,,,,,,,100.0,,,,,,
2026-09-26T22:30:15.489,36.946,0,1605.25,47,,99.125,14.51,15.5,-5.469,0.992,0.986,-0.055,9130,22.745,15.294,50,,,,,,,,480.9,,,,,
2026-09-26T22:30:15.619,37.076,0,1602.25,43,,99.156,13.725,15.0,-5.469,0.991,0.992,-0.039,8770,23.137,14.902,50,,,,,,,,,0.77,,,,
2026-09-26T22:30:15.749,37.206,0,1597.5,38,,99.156,12.549,15.5,-5.469,1.001,1.007,-0.012,8200,23.137,14.902,50,,,,,,,,,,,0.0,,
2026-09-26T22:30:15.879,37.337,0,1598.0,35,,98.812,11.373,15.5,-5.469,1.005,1.0,-0.02,7770,23.137,15.686,50,,,,,,,,,,,,24.706,
2026-09-26T22:30:16.010,37.467,0,1603.5,36,,98.812,11.765,15.0,-6.25,1.007,1.0,-0.02,7260,23.529,15.294,51,,,,,,,,,,,,,72
2026-09-26T22:30:16.140,37.597,0,1602.75,37,,98.812,11.765,15.0,-5.469,1.009,1.016,-0.004,6550,23.529,15.294,51,105,,,,,,,,,,,,
2026-09-26T22:30:16.270,37.727,0,1607.5,38,,98.562,12.157,15.0,-3.906,1.0,1.021,0.0,7560,23.529,15.294,51,,36,,,,,,,,,,,
2026-09-26T22:30:16.399,37.856,0,1598.25,39,,98.5,12.157,15.0,-5.469,0.995,0.968,-0.102,6960,23.529,15.294,50,,,4.688,,,,,,,,,,
2026-09-26T22:30:16.529,37.986,0,1591.75,39,,98.5,12.549,15.0,-7.031,0.992,0.976,-0.082,7160,23.529,15.686,50,,,,14.394,,,,,,,,,
2026-09-26T22:30:16.659,38.117,0,1593.25,39,,98.5,12.941,15.0,-7.031,0.99,0.987,-0.051,7610,23.529,15.294,50,,,,,97,,,,,,,,
2026-09-26T22:30:16.792,38.249,0,1545.0,38,,98.5,12.549,-8.5,-7.031,0.999,0.999,-0.023,7680,23.529,15.294,50,,,,,,20,,,,,,,
2026-09-26T22:30:16.919,38.376,0,1434.25,39,,98.5,14.51,-4.0,-5.469,1.005,1.021,0.0,7230,23.529,14.902,50,,,,,,,100.0,,,,,,
2026-09-26T22:30:17.050,38.507,0,1374.25,39,,98.469,15.686,-2.5,-5.469,1.007,1.021,0.0,7430,23.529,14.51,50,,,,,,,,482.4,,,,,
2026-09-26T22:30:17.180,38.637,0,1332.5,40,,98.469,16.078,-2.5,-5.469,1.009,0.996,-0.027,7240,23.137,14.51,50,,,,,,,,,0.765,,,,
2026-09-26T22:30:17.310,38.767,0,1270.75,40,,98.469,16.471,11.0,-7.031,1.005,0.995,-0.031,6540,23.137,14.118,50,,,,,,,,,,,0.0,,
2026-09-26T22:30:17.439,38.896,0,1252.75,38,,98.219,17.647,10.5,-5.469,0.999,1.017,-0.004,6180,23.137,14.118,50,,,,,,,,,,,,26.275,
2026-09-26T22:30:17.569,39.027,0,1217.25,38,,98.188,18.824,9.5,-4.688,0.995,1.005,-0.016,6570,23.529,14.51,50,,,,,,,,,,,,,74
2026-09-26T22:30:17.699,39.156,0,1207.5,37,,98.188,18.824,13.5,-5.469,0.992,0.979,-0.074,6610,23.922,14.51,50,105,,,,,,,,,,,,
2026-09-26T22:30:17.829,39.286,0,1211.25,39,,98.188,18.824,13.5,-7.031,0.995,0.964,-0.109,6530,23.922,14.51,50,,36,,,,,,,,,,,
2026-09-26T22:30:17.959,39.416,0,1217.75,39,,98.188,20.392,13.5,-7.812,0.997,0.98,-0.07,6910,24.314,14.51,50,,,6.25,,,,,,,,,,
2026-09-26T22:30:18.089,39.546,0,1221.5,40,,97.875,20.392,13.5,-7.031,1.001,0.996,-0.031,7490,24.706,14.902,50,,,,14.355,,,,,,,,,
2026-09-26T22:30:18.220,39.677,0,1224.25,40,,97.875,20.392,13.0,-7.031,1.005,1.009,-0.012,8320,25.49,15.294,50,,,,,97,,,,,,,,
2026-09-26T22:30:18.349,39.806,0,1229.75,44,,97.875,22.745,13.0,-7.031,1.005,0.999,-0.023,8750,25.882,14.902,50,,,,,,20,,,,,,,
2026-09-26T22:30:18.480,39.937,0,1215.0,48,,97.875,22.353,13.0,-7.812,0.998,0.983,-0.062,8810,25.882,15.294,50,,,,,,,100.0,,,,,,
2026-09-26T22:30:18.609,40.066,0,1211.75,47,,97.875,23.137,12.5,-7.812,0.995,0.997,-0.027,9140,26.275,15.294,50,,,,,,,,482.9,,,,,
2026-09-26T22:30:18.740,40.197,0,1211.75,47,,97.844,24.706,13.0,-7.812,0.998,0.995,-0.031,10260,26.667,15.686,50,,,,,,,,,0.765,,,,
2026-09-26T22:30:18.869,40.326,0,1213.75,47,,97.875,24.314,12.5,-7.812,1.0,0.99,-0.047,10450,26.667,15.294,50,,,,,,,,,,,0.0,,
2026-09-26T22:30:18.999,40.456,0,1221.25,49,,97.875,24.706,12.5,-7.031,1.001,1.021,0.0,10370,26.667,15.294,50,,,,,,,,,,,,34.902,
2026-09-26T22:30:19.130,40.587,0,1225.25,49,,97.875,24.706,13.0,-6.25,1.004,1.021,0.0,10850,26.667,15.686,50,,,,,,,,,,,,,75
2026-09-26T22:30:19.269,40.726,0,1220.75,49,,97.875,24.706,13.0,-7.031,1.007,0.996,-0.027,10670,26.667,15.686,50,105,,,,,,,,,,,,
2026-09-26T22:30:19.400,40.857,0,1224.75,50,,97.875,25.098,12.5,-7.812,0.999,0.99,-0.047,10220,26.667,15.686,51,,36,,,,,,,,,,,
2026-09-26T22:30:19.529,40.986,0,1229.75,50,,97.875,25.098,13.0,-7.031,0.994,1.001,-0.02,11520,27.059,15.686,51,,,4.688,,,,,,,,,,
2026-09-26T22:30:19.659,41.116,0,1228.25,51,,97.875,24.706,12.5,-7.031,0.991,0.979,-0.074,10830,27.059,15.686,51,,,,14.394,,,,,,,,,
2026-09-26T22:30:19.792,41.249,0,1235.25,54,,97.875,24.314,12.5,-8.594,0.997,0.989,-0.047,10400,27.059,15.686,51,,,,,97,,,,,,,,
2026-09-26T22:30:19.919,41.376,0,1222.5,53,,97.875,25.098,12.5,-7.812,1.004,1.021,0.0,10470,27.059,15.686,51,,,,,,20,,,,,,,
2026-09-26T22:30:20.050,41.507,0,1224.75,51,,97.906,25.49,12.5,-6.25,1.006,1.028,0.008,10930,27.059,15.686,51,,,,,,,100.0,,,,,,
2026-09-26T22:30:20.179,41.637,0,1231.25,51,,97.938,25.098,12.5,-5.469,1.008,1.017,-0.004,11290,27.059,15.686,51,,,,,,,,482.8,,,,,
2026-09-26T22:30:20.309,41.766,0,1232.5,52,,97.938,24.706,12.5,-6.25,0.999,0.989,-0.047,10560,27.059,15.686,51,,,,,,,,,0.76,,,,
2026-09-26T22:30:20.439,41.896,0,1236.75,52,,98.0,25.49,12.5,-7.031,0.994,0.996,-0.031,11010,27.059,15.686,51,,,,,,,,,,,0.0,,
2026-09-26T22:30:20.570,42.027,0,1234.25,51,,98.156,25.098,13.0,-6.25,0.991,1.004,-0.016,11470,27.059,15.686,51,,,,,,,,,,,,34.902,
2026-09-26T22:30:20.699,42.156,0,1231.5,53,,98.156,24.706,12.5,-6.25,0.995,0.986,-0.055,10600,27.059,15.686,51,,,,,,,,,,,,,77
2026-09-26T22:30:20.829,42.286,0,1235.75,53,,98.156,24.706,12.5,-7.812,1.004,0.995,-0.031,10210,27.059,15.686,51,106,,,,,,,,,,,,
2026-09-26T22:30:20.960,42.417,0,1238.75,52,,98.156,25.098,12.5,-7.031,1.007,1.013,-0.008,10480,27.059,15.686,51,,36,,,,,,,,,,,
2026-09-26T22:30:21.089,42.546,0,1239.0,51,,98.188,25.098,13.0,-6.25,1.008,1.021,0.0,11220,27.059,15.686,51,,,4.688,,,,,,,,,,
2026-09-26T22:30:21.219,42.676,0,1236.0,53,,98.188,24.314,12.5,-7.031,1.0,0.984,-0.062,10660,27.059,15.686,51,,,,14.355,,,,,,,,,
2026-09-26T22:30:21.349,42.807,0,1240.5,53,,98.188,24.706,13.0,-7.812,0.994,0.984,-0.059,10360,27.059,15.686,51,,,,,97,,,,,,,,
2026-09-26T22:30:21.480,42.937,0,1237.25,52,,98.188,25.098,12.5,-7.812,0.992,0.997,-0.027,10340,27.059,15.686,51,,,,,,20,,,,,,,
2026-09-26T22:30:21.609,43.066,0,1233.75,51,,98.156,25.098,12.5,-6.25,0.996,1.013,-0.008,11100,27.059,15.686,51,,,,,,,100.0,,,,,,
2026-09-26T22:30:21.739,43.196,0,1241.25,51,,98.188,25.098,13.5,-6.25,1.003,1.008,-0.012,11050,27.059,15.686,51,,,,,,,,482.5,,,,,
2026-09-26T22:30:21.869,43.326,0,1242.5,53,,98.188,24.706,13.0,-7.812,1.007,0.991,-0.043,10510,27.059,15.686,51,,,,,,,,,0.755,,,,
2026-09-26T22:30:22.000,43.457,0,1239.0,53,,98.188,25.098,13.0,-7.812,1.009,1.002,-0.02,10540,27.059,15.294,51,,,,,,,,,,,0.0,,
2026-09-26T22:30:22.129,43.586,0,1240.25,52,,98.188,24.706,12.5,-7.031,1.0,1.013,-0.008,10610,27.059,15.686,51,,,,,,,,,,,,35.294,
2026-09-26T22:30:22.259,43.716,0,1240.25,50,,98.188,25.098,13.0,-6.25,0.995,1.002,-0.02,10930,27.059,15.686,51,,,,,,,,,,,,,78
2026-09-26T22:30:22.390,43.847,0,1242.25,52,,98.188,24.314,13.0,-6.25,0.992,0.992,-0.039,10710,27.059,15.686,51,106,,,,,,,,,,,,
2026-09-26T22:30:22.520,43.977,0,1245.5,52,,98.188,24.314,13.0,-7.031,0.994,0.99,-0.047,10270,27.059,15.686,51,,36,,,,,,,,,,,
2026-09-26T22:30:22.650,44.107,0,1247.25,52,,98.188,24.314,13.0,-7.031,1.003,1.002,-0.02,10210,26.667,15.686,51,,,4.688,,,,,,,,,,
2026-09-26T22:30:22.779,44.236,0,1241.75,50,,98.188,24.706,13.0,-6.25,1.007,1.017,-0.004,10680,26.667,15.686,51,,,,14.394,,,,,,,,,
2026-09-26T22:30:22.909,44.366,0,1239.25,50,,98.188,24.706,13.5,-6.25,1.009,1.012,-0.008,11010,26.667,15.686,51,,,,,97,,,,,,,,
2026-09-26T22:30:23.039,44.496,0,1246.0,51,,98.188,24.314,13.0,-7.031,1.001,0.986,-0.055,10100,26.667,15.686,51,,,,,,20,,,,,,,
2026-09-26T22:30:23.170,44.627,0,1251.75,51,,98.188,24.314,13.0,-7.031,0.995,0.996,-0.031,10790,26.667,15.686,52,,,,,,,100.0,,,,,,
2026-09-26T22:30:23.300,44.757,0,1249.5,51,,98.188,23.922,13.5,-7.031,0.993,0.994,-0.035,10800,26.275,15.294,52,,,,,,,,482.2,,,,,
2026-09-26T22:30:23.429,44.886,0,1254.5,52,,98.188,23.137,13.5,-7.812,0.994,0.981,-0.07,9960,24.706,14.902,52,,,,,,,,,0.75,,,,
2026-09-26T22:30:23.559,45.016,0,1256.25,50,,98.188,21.961,13.5,-8.594,1.002,0.999,-0.023,9720,24.706,14.51,51,,,,,,,,,,,0.0,,
2026-09-26T22:30:23.689,45.146,0,1245.75,43,,98.188,20.784,13.5,-7.812,1.006,1.011,-0.008,9720,24.706,14.902,51,,,,,,,,,,,,29.412,
2026-09-26T22:30:23.819,45.276,0,1243.0,44,,98.188,20.392,13.5,-7.031,1.008,1.017,-0.004,9000,24.706,14.902,52,,,,,,,,,,,,,80
2026-09-26T22:30:23.950,45.407,0,1246.5,43,,98.188,20.392,13.5,-6.25,1.006,1.023,0.004,8360,25.098,14.902,52,106,,,,,,,,,,,,
2026-09-26T22:30:24.080,45.537,0,1250.25,42,,98.156,20.784,13.5,-5.469,0.998,1.01,-0.012,8420,25.098,14.902,52,,36,,,,,,,,,,,
2026-09-26T22:30:24.209,45.666,0,1254.25,44,,98.156,21.176,13.5,-6.25,0.994,0.981,-0.066,8140,25.098,14.902,51,,,5.469,,,,,,,,,,
2026-09-26T22:30:24.339,45.796,0,1256.5,44,,98.094,20.392,13.5,-7.812,0.992,0.976,-0.082,7910,25.098,14.902,52,,,,14.433,,,,,,,,,
2026-09-26T22:30:24.469,45.926,0,1252.75,43,,98.031,20.784,13.5,-7.812,0.995,0.99,-0.047,8950,25.49,14.902,52,,,,,97,,,,,,,,
2026-09-26T22:30:24.599,46.057,0,1244.0,46,,97.875,20.0,13.5,-8.594,1.002,0.98,-0.07,8200,25.49,14.902,52,,,,,,20,,,,,,,
2026-09-26T22:30:24.729,46.186,0,1252.0,47,,97.875,20.392,13.5,-9.375,1.006,0.997,-0.027,8050,25.49,14.902,52,,,,,,,100.0,,,,,,
2026-09-26T22:30:24.860,46.317,0,1255.75,47,,97.875,21.961,13.5,-7.812,1.008,1.03,0.012,8470,25.49,15.294,52,,,,,,,,482.4,,,,,
2026-09-26T22:30:24.990,46.447,0,1252.75,46,,97.875,21.961,13.5,-7.031,1.005,1.021,0.0,9320,25.882,15.294,52,,,,,,,,,0.75,,,,
2026-09-26T22:30:25.119,46.576,0,1249.0,46,,97.875,21.569,13.5,-7.812,0.998,0.988,-0.051,9070,25.882,15.294,52,,,,,,,,,,,0.0,,
2026-09-26T22:30:25.249,46.706,0,1255.5,47,,97.875,21.569,13.5,-8.594,0.993,0.982,-0.066,9110,26.275,15.294,52,,,,,,,,,,,,33.725,
2026-09-26T22:30:25.379,46.836,0,1259.75,48,,97.875,22.745,13.5,-7.812,0.991,0.995,-0.031,10110,26.275,15.294,52,,,,,,,,,,,,,81
2026-09-26T22:30:25.509,46.966,0,1250.75,50,,97.875,22.353,13.5,-9.375,0.998,0.98,-0.07,9490,26.275,15.294,52,106,,,,,,,,,,,,
2026-09-26T22:30:25.639,47.096,0,1250.5,50,,97.875,22.745,13.5,-9.375,1.005,1.001,-0.02,9520,26.667,15.686,52,,36,,,,,,,,,,,
2026-09-26T22:30:25.770,47.227,0,1257.25,49,,97.875,23.922,13.5,-8.594,1.007,1.021,0.0,10420,26.667,15.686,52,,,4.688,,,,,,,,,,
2026-09-26T22:30:25.900,47.357,0,1261.5,51,,97.875,23.922,13.5,-7.812,1.007,1.01,-0.012,10990,26.667,15.686,52,,,,14.375,,,,,,,,,
2026-09-26T22:30:26.030,47.487,0,1255.5,51,,97.875,23.529,13.5,-8.594,0.998,0.986,-0.055,10370,26.667,15.294,52,,,,,97,,,,,,,,
2026-09-26T22:30:26.159,47.616,0,1257.0,50,,97.875,23.529,13.5,-8.594,0.994,0.995,-0.031,10600,26.275,15.294,52,,,,,,20,,,,,,,
2026-09-26T22:30:26.292,47.749,0,1259.25,51,,97.875,23.137,13.5,-8.594,0.991,0.994,-0.035,10460,25.882,14.902,52,,,,,,,100.0,,,,,,
2026-09-26T22:30:26.419,47.876,0,1257.0,50,,97.906,21.961,13.5,-9.375,0.998,0.989,-0.047,9470,24.706,14.51,52,,,,,,,,482.5,,,,,
2026-09-26T22:30:26.549,48.006,0,1257.75,48,,98.031,22.353,13.5,-8.594,1.005,1.02,0.0,9180,24.314,14.902,52,,,,,,,,,0.745,,,,
2026-09-26T22:30:26.679,48.136,0,1254.75,43,,98.094,20.784,14.0,-7.812,1.007,1.028,0.008,9010,24.314,14.51,52,,,,,,,,,,,0.0,,
2026-09-26T22:30:26.809,48.266,0,1255.5,41,,98.062,18.431,14.0,-7.031,1.009,1.023,0.004,8390,24.314,14.51,52,,,,,,,,,,,,27.451,
2026-09-26T22:30:26.939,48.396,0,1265.0,41,,97.906,18.824,14.0,-6.25,1.002,1.022,0.004,7710,24.314,14.51,52,,,,,,,,,,,,,83
2026-09-26T22:30:27.069,48.526,0,1273.75,40,,97.875,19.216,14.0,-4.688,0.996,1.015,-0.004,7340,24.706,14.51,52,106,,,,,,,,,,,,
2026-09-26T22:30:27.199,48.656,0,1278.75,41,,97.875,18.824,14.0,-5.469,0.993,0.988,-0.051,7410,25.098,14.902,52,,36,,,,,,,,,,,
2026-09-26T22:30:27.329,48.786,0,1273.25,42,,97.875,19.608,14.0,-6.25,0.99,0.975,-0.086,7900,25.098,14.902,52,,,5.469,,,,,,,,,,
2026-09-26T22:30:27.459,48.917,0,1259.25,44,,97.875,19.608,14.0,-7.812,0.996,0.97,-0.098,7700,25.49,15.294,52,,,,14.394,,,,,,,,,
2026-09-26T22:30:27.589,49.046,0,1257.0,46,,97.875,21.176,13.5,-8.594,1.003,0.99,-0.047,7950,25.882,15.294,52,,,,,97,,,,,,,,
2026-09-26T22:30:27.720,49.177,0,1259.75,46,,97.875,21.176,13.5,-8.594,1.007,1.006,-0.016,8450,25.882,15.294,52,,,,,,20,,,,,,,
2026-09-26T22:30:27.850,49.307,0,1259.5,46,,97.844,21.961,13.5,-8.594,1.01,1.01,-0.012,9750,25.882,15.294,52,,,,,,,100.0,,,,,,
2026-09-26T22:30:27.980,49.437,0,1257.5,48,,97.875,21.569,13.5,-9.375,1.003,0.987,-0.051,9530,25.882,15.294,52,,,,,,,,482.8,,,,,
2026-09-26T22:30:28.110,49.567,0,1259.25,47,,97.844,21.569,13.5,-10.156,0.996,0.98,-0.07,8920,25.882,15.294,52,,,,,,,,,0.745,,,,
2026-09-26T22:30:28.239,49.696,0,1264.25,46,,97.875,21.961,13.5,-9.375,0.994,0.999,-0.023,9660,25.882,15.294,52,,,,,,,,,,,0.0,,
2026-09-26T22:30:28.369,49.826,0,1260.5,47,,97.844,21.961,13.5,-9.375,0.993,0.992,-0.039,9190,25.882,14.902,52,,,,,,,,,,,,32.157,
2026-09-26T22:30:28.499,49.956,0,1264.75,47,,97.875,21.961,13.5,-9.375,1.001,1.004,-0.016,8980,25.882,15.294,52,,,,,,,,,,,,,84
2026-09-26T22:30:28.629,50.086,0,1267.5,47,,97.875,21.961,13.5,-8.594,1.006,1.019,0.0,9780,25.882,15.294,52,107,,,,,,,,,,,,
2026-09-26T22:30:28.759,50.216,0,1270.75,47,,97.875,21.961,13.5,-8.594,1.008,1.005,-0.016,9400,25.882,15.294,52,,36,,,,,,,,,,,
2026-09-26T22:30:28.889,50.346,0,1270.0,47,,97.875,21.961,13.5,-9.375,1.004,1.01,-0.012,9610,25.882,15.294,52,,,5.469,,,,,,,,,,
2026-09-26T22:30:29.019,50.476,0,1262.75,47,,97.875,21.569,13.5,-8.594,0.997,0.997,-0.027,9560,25.882,15.294,53,,,,14.355,,,,,,,,,
2026-09-26T22:30:29.149,50.606,0,1264.0,48,,97.875,21.569,13.5,-9.375,0.993,0.982,-0.062,8770,25.882,15.294,52,,,,,97,,,,,,,,
2026-09-26T22:30:29.279,50.736,0,1274.25,47,,97.875,21.961,13.5,-9.375,0.991,0.995,-0.031,8540,25.882,15.294,52,,,,,,20,,,,,,,
2026-09-26T22:30:29.419,50.876,0,1272.0,46,,97.875,21.569,13.5,-8.594,0.998,1.013,-0.008,9510,25.882,15.294,52,,,,,,,100.0,,,,,,
2026-09-26T22:30:29.549,51.006,0,1268.0,47,,97.875,21.569,13.5,-8.594,1.005,1.002,-0.02,9020,25.49,15.294,53,,,,,,,,482.8,,,,,
2026-09-26T22:30:29.679,51.136,0,1268.75,47,,97.875,21.176,13.5,-9.375,1.006,1.002,-0.02,8740,23.922,14.118,53,,,,,,,,,0.74,,,,
2026-09-26T22:30:29.809,51.266,0,1267.5,43,,97.875,19.608,14.0,-8.594,1.008,1.009,-0.012,8850,23.922,14.51,52,,,,,,,,,,,0.0,,
2026-09-26T22:30:29.939,51.396,0,1262.5,40,,97.875,18.824,14.0,-8.594,1.002,1.011,-0.008,8340,23.922,14.51,52,,,,,,,,,,,,26.667,
2026-09-26T22:30:30.069,51.526,0,1268.0,41,,97.875,18.039,14.0,-8.594,1.0,1.008,-0.012,7520,23.137,13.725,52,,,,,,,,,,,,,86
2026-09-26T22:30:30.199,51.656,0,1268.75,37,,97.875,16.863,14.0,-7.812,1.0,1.022,0.004,7060,23.137,14.118,52,107,,,,,,,,,,,,
2026-09-26T22:30:30.329,51.786,0,1267.25,36,,97.875,16.863,14.0,-7.031,1.0,1.021,0.0,6960,23.137,14.118,53,,36,,,,,,,,,,,
2026-09-26T22:30:30.459,51.916,0,1265.5,36,,97.875,16.078,14.5,-7.812,1.0,1.009,-0.012,6400,23.137,14.118,52,,,6.25,,,,,,,,,,
2026-09-26T22:30:30.590,52.047,0,1261.0,35,,97.844,16.471,14.5,-7.812,1.0,1.002,-0.02,5780,23.137,14.118,52,,,,14.355,,,,,,,,,
2026-09-26T22:30:30.719,52.176,0,1257.5,35,,97.844,16.471,14.5,-7.031,1.0,1.021,0.0,5950,23.137,14.118,52,,,,,97,,,,,,,,
2026-09-26T22:30:30.849,52.306,0,1259.25,35,,97.844,16.078,15.5,-6.25,1.0,1.021,0.0,5520,22.745,14.118,52,,,,,,20,,,,,,,
2026-09-26T22:30:30.980,52.437,0,1258.0,37,,97.688,16.078,14.0,-7.031,1.0,1.021,0.0,5020,21.961,13.333,52,,,,,,,100.0,,,,,,
2026-09-26T22:30:31.110,52.567,0,1255.75,34,,97.781,15.294,15.5,-5.469,1.0,1.039,0.023,4910,22.353,13.725,52,,,,,,,,483.3,,,,,
2026-09-26T22:30:31.240,52.697,0,1253.75,31,,97.656,14.51,16.5,-5.469,1.0,1.028,0.008,5040,23.137,14.118,52,,,,,,,,,0.74,,,,
2026-09-26T22:30:31.369,52.826,0,1254.75,32,,97.562,15.686,15.5,-5.469,1.0,1.011,-0.008,4630,23.137,14.118,52,,,,,,,,,,,0.0,,
2026-09-26T22:30:31.499,52.956,0,1251.75,34,,97.531,15.686,15.5,-6.25,1.0,1.013,-0.008,4710,23.137,14.118,52,,,,,,,,,,,,23.137,
2026-09-26T22:30:31.629,53.086,0,1255.25,34,,97.531,16.078,15.5,-5.469,1.0,1.024,0.004,5550,23.137,14.118,52,,,,,,,,,,,,,88
2026-09-26T22:30:31.759,53.216,0,1257.5,35,,97.531,15.686,15.5,-5.469,1.0,1.013,-0.008,5530,23.137,14.118,52,107,,,,,,,,,,,,
2026-09-26T22:30:31.889,53.346,0,1254.75,36,,97.531,16.078,14.5,-6.25,1.0,0.997,-0.027,5300,23.137,14.118,52,,36,,,,,,,,,,,
2026-09-26T22:30:32.020,53.477,0,1252.5,35,,97.531,16.863,14.5,-5.469,1.0,1.013,-0.008,5650,23.137,14.118,52,,,7.031,,,,,,,,,,
2026-09-26T22:30:32.150,53.607,0,1255.5,35,,97.531,16.471,15.0,-4.688,1.0,1.021,0.0,6210,23.137,14.118,52,,,,14.414,,,,,,,,,
2026-09-26T22:30:32.279,53.736,0,1254.75,35,,97.531,16.078,14.5,-4.688,1.0,1.01,-0.012,5690,23.137,14.118,52,,,,,97,,,,,,,,
2026-09-26T22:30:32.409,53.866,0,1250.75,35,,97.531,16.863,14.5,-4.688,1.0,1.024,0.004,5640,23.137,14.118,52,,,,,,20,,,,,,,
2026-09-26T22:30:32.539,53.996,0,1247.25,35,,97.531,16.471,15.5,-3.906,1.0,1.021,0.0,6050,23.137,14.118,52,,,,,,,100.0,,,,,,
2026-09-26T22:30:32.669,54.126,0,1249.5,36,,97.531,16.078,15.0,-4.688,1.0,1.005,-0.016,5480,23.529,14.118,52,,,,,,,,483.9,,,,,
2026-09-26T22:30:32.799,54.256,0,1249.5,37,,97.531,17.255,14.0,-3.906,1.0,1.035,0.016,5350,24.314,14.51,52,,,,,,,,,0.74,,,,
2026-09-26T22:30:32.930,54.387,0,1256.25,38,,97.438,18.824,14.0,-2.344,1.0,1.034,0.016,6010,24.706,14.902,52,,,,,,,,,,,0.0,,
2026-09-26T22:30:33.060,54.517,0,1262.75,39,,97.531,19.608,14.0,-3.125,1.0,1.007,-0.012,7050,24.706,14.902,52,,,,,,,,,,,,28.627,
2026-09-26T22:30:33.190,54.647,0,1263.0,42,,97.438,19.216,14.0,-4.688,1.0,0.987,-0.055,7490,24.706,14.902,52,,,,,,,,,,,,,89
2026-09-26T22:30:33.320,54.777,0,1263.75,43,,97.469,19.608,14.0,-5.469,1.0,0.974,-0.086,7780,24.706,14.51,52,107,,,,,,,,,,,,
2026-09-26T22:30:33.449,54.906,0,1253.0,42,,97.5,20.0,14.0,-5.469,1.0,0.981,-0.066,8080,25.098,14.51,52,,36,,,,,,,,,,,
2026-09-26T22:30:33.579,55.036,0,1247.75,42,,97.531,20.0,14.0,-5.469,1.0,0.984,-0.062,8560,25.098,14.902,52,,,7.031,,,,,,,,,,
2026-09-26T22:30:33.709,55.166,0,1250.5,43,,97.531,20.0,14.0,-6.25,1.0,0.967,-0.105,8480,24.706,14.902,52,,,,14.394,,,,,,,,,
2026-09-26T22:30:33.839,55.296,0,1259.25,45,,97.531,19.608,13.5,-8.594,1.0,0.942,-0.16,7840,24.706,14.902,52,,,,,97,,,,,,,,
2026-09-26T22:30:33.969,55.426,0,1266.75,44,,97.531,20.392,13.5,-8.594,1.0,0.961,-0.117,7960,24.706,14.902,52,,,,,,20,,,,,,,
2026-09-26T22:30:34.099,55.557,0,1262.75,43,,97.531,20.392,14.0,-8.594,1.0,0.969,-0.098,8710,24.706,14.51,52,,,,,,,100.0,,,,,,
2026-09-26T22:30:34.230,55.687,0,1255.75,42,,97.531,19.608,14.0,-8.594,1.0,0.964,-0.109,8190,24.314,14.51,52,,,,,,,,484.1,,,,,
2026-09-26T22:30:34.360,55.817,0,1253.25,43,,97.531,20.0,14.0,-10.156,1.0,0.941,-0.16,7710,24.314,14.51,52,,,,,,,,,0.735,,,,
2026-09-26T22:30:34.499,55.956,0,1253.25,41,,97.531,19.608,14.0,-10.938,1.0,0.966,-0.105,8130,24.314,14.51,52,,,,,,,,,,,0.0,,
2026-09-26T22:30:34.629,56.086,0,1252.0,41,,97.531,18.824,14.0,-10.156,1.0,0.973,-0.09,7700,24.314,14.51,52,,,,,,,,,,,,26.275,
2026-09-26T22:30:34.759,56.216,0,1261.75,43,,97.531,18.824,14.0,-10.938,1.0,0.971,-0.094,7210,24.314,14.51,52,,,,,,,,,,,,,91
2026-09-26T22:30:34.889,56.346,0,1264.5,42,,97.531,20.0,14.0,-10.156,1.0,0.989,-0.047,7000,24.314,14.118,52,107,,,,,,,,,,,,
2026-09-26T22:30:35.019,56.476,0,1258.5,40,,97.531,18.824,14.0,-10.156,1.0,0.998,-0.023,7360,24.314,14.51,52,,36,,,,,,,,,,,
2026-09-26T22:30:35.149,56.607,0,1253.5,40,,97.531,19.608,14.0,-10.156,1.0,0.994,-0.035,7550,24.706,14.902,52,,,7.031,,,,,,,,,,
2026-09-26T22:30:35.279,56.736,0,1256.5,42,,97.531,19.216,14.0,-10.156,1.0,0.999,-0.023,7310,24.706,14.51,52,,,,14.375,,,,,,,,,
2026-09-26T22:30:35.410,56.867,0,1259.0,42,,97.531,19.216,14.0,-10.156,1.0,1.002,-0.02,7230,24.706,14.902,52,,,,,97,,,,,,,,
2026-09-26T22:30:35.540,56.997,0,1258.0,41,,97.531,19.608,14.0,-9.375,1.0,1.007,-0.012,8280,24.706,14.902,52,,,,,,20,,,,,,,
2026-09-26T22:30:35.670,57.127,0,1258.25,42,,97.531,19.216,14.0,-8.594,1.0,1.011,-0.008,7830,25.098,14.902,52,,,,,,,100.0,,,,,,
2026-09-26T22:30:35.799,57.256,0,1256.5,44,,97.531,20.392,13.5,-8.594,1.0,1.023,0.004,7630,25.098,14.902,52,,,,,,,,484.2,,,,,
2026-09-26T22:30:35.929,57.386,0,1259.0,44,,97.531,21.176,13.5,-7.812,1.0,1.035,0.016,8480,24.706,14.902,52,,,,,,,,,0.73,,,,
2026-09-26T22:30:36.059,57.516,0,1261.5,43,,97.531,19.608,14.0,-7.031,1.0,1.03,0.012,8630,24.706,14.51,52,,,,,,,,,,,0.0,,
2026-09-26T22:30:36.190,57.647,0,1260.5,43,,97.531,19.216,14.0,-7.031,1.0,1.023,0.004,8080,24.706,14.51,52,,,,,,,,,,,,28.235,
2026-09-26T22:30:36.319,57.776,0,1258.25,43,,97.531,19.608,14.0,-7.812,1.0,1.01,-0.012,7640,24.706,14.51,52,,,,,,,,,,,,,92
2026-09-26T22:30:36.449,57.906,0,1258.5,42,,97.531,20.0,14.0,-7.812,1.0,1.007,-0.012,7700,25.098,14.902,52,107,,,,,,,,,,,,
2026-09-26T22:30:36.579,58.036,0,1260.5,42,,97.531,20.392,13.5,-7.812,1.0,0.998,-0.023,8730,25.098,14.902,52,,36,,,,,,,,,,,
2026-09-26T22:30:36.709,58.166,0,1262.5,45,,97.531,19.608,14.0,-7.812,1.0,1.018,-0.004,8250,25.098,14.902,52,,,7.031,,,,,,,,,,
2026-09-26T22:30:36.839,58.296,0,1264.75,45,,97.531,19.608,13.5,-8.594,1.0,0.986,-0.055,7800,25.098,14.902,52,,,,14.355,,,,,,,,,
2026-09-26T22:30:36.969,58.426,0,1270.5,45,,97.531,20.784,13.5,-7.812,1.0,0.997,-0.027,8310,25.49,15.294,52,,,,,97,,,,,,,,
2026-09-26T22:30:37.099,58.556,0,1269.25,45,,97.531,21.569,13.5,-7.812,1.0,1.009,-0.012,9000,25.49,14.902,52,,,,,,20,,,,,,,
2026-09-26T22:30:37.229,58.686,0,1269.0,46,,97.531,21.176,13.5,-7.812,1.0,0.998,-0.023,8680,25.882,14.902,52,,,,,,,100.0,,,,,,
2026-09-26T22:30:37.359,58.816,0,1266.0,46,,97.531,21.569,13.5,-8.594,1.0,0.993,-0.039,9450,25.49,14.902,52,,,,,,,,484.2,,,,,
2026-09-26T22:30:37.490,58.947,0,1262.5,47,,97.531,21.961,13.5,-8.594,1.0,0.997,-0.027,9720,25.49,14.902,52,,,,,,,,,0.73,,,,
2026-09-26T22:30:37.619,59.076,0,1265.5,48,,97.531,20.784,13.5,-9.375,1.0,0.968,-0.102,9130,25.882,14.902,52,,,,,,,,,,,0.0,,
2026-09-26T22:30:37.749,59.206,0,1274.25,47,,97.531,21.176,13.5,-10.156,1.0,0.979,-0.074,8780,25.882,15.294,53,,,,,,,,,,,,31.765,
2026-09-26T22:30:37.879,59.336,0,1269.5,46,,97.531,21.569,13.5,-9.375,1.0,0.992,-0.039,9650,25.882,15.294,52,,,,,,,,,,,,,94
2026-09-26T22:30:38.009,59.466,0,1263.5,49,,97.531,21.176,13.5,-9.375,1.0,0.996,-0.031,9290,25.882,14.902,52,107,,,,,,,,,,,,
2026-09-26T22:30:38.139,59.596,0,1275.5,49,,97.656,21.569,13.5,-9.375,1.0,0.984,-0.059,8780,25.882,14.902,53,,36,,,,,,,,,,,
2026-09-26T22:30:38.269,59.726,0,1282.75,48,,97.594,21.569,14.0,-9.375,1.0,0.996,-0.031,8940,25.882,15.294,53,,,7.031,,,,,,,,,,
2026-09-26T22:30:38.399,59.856,0,1274.75,46,,97.625,21.569,13.5,-9.375,1.0,1.001,-0.02,9580,25.882,15.294,53,,,,14.355,,,,,,,,,
2026-09-26T22:30:38.529,59.986,0,1271.0,47,,97.625,21.569,13.5,-9.375,1.0,0.998,-0.023,9160,25.882,15.294,53,,,,,97,,,,,,,,
2026-09-26T22:30:38.659,60.116,0,1276.5,47,,97.656,21.569,13.5,-9.375,1.0,0.994,-0.035,9460,25.882,15.294,53,,,,,,20,,,,,,,
2026-09-26T22:30:38.792,60.249,0,1277.25,47,,97.719,21.569,13.5,-9.375,1.0,1.008,-0.012,9540,25.882,15.294,53,,,,,,,100.0,,,,,,
2026-09-26T22:30:38.919,60.376,0,1280.25,48,,97.719,20.784,14.0,-9.375,1.0,0.99,-0.047,8840,25.882,15.294,53,,,,,,,,484.0,,,,,
2026-09-26T22:30:39.050,60.507,0,1285.5,47,,97.688,21.569,14.0,-9.375,1.0,0.997,-0.027,8860,25.882,15.294,53,,,,,,,,,0.73,,,,
2026-09-26T22:30:39.180,60.637,0,1284.25,46,,97.781,21.569,14.0,-8.594,1.0,1.021,0.0,9670,25.882,15.294,53,,,,,,,,,,,0.0,,
2026-09-26T22:30:39.310,60.767,0,1284.75,48,,97.875,21.569,14.0,-7.812,1.0,1.02,0.0,9420,25.882,15.294,53,,,,,,,,,,,,30.98,
2026-09-26T22:30:39.439,60.896,0,1289.0,48,,97.844,20.784,14.0,-9.375,1.0,0.994,-0.035,8810,25.882,15.294,53,,,,,,,,,,,,,95
2026-09-26T22:30:39.579,61.036,0,1290.0,47,,97.844,21.569,14.0,-8.594,1.0,1.015,-0.004,8860,25.882,15.294,53,107,,,,,,,,,,,,
2026-09-26T22:30:39.709,61.166,0,1284.25,46,,97.844,21.176,14.0,-7.812,1.0,1.025,0.004,9670,25.49,14.902,53,,36,,,,,,,,,,,
2026-09-26T22:30:39.839,61.296,0,1286.0,47,,97.875,21.569,14.0,-7.812,1.0,1.007,-0.012,9210,25.882,15.294,53,,,7.031,,,,,,,,,,
2026-09-26T22:30:39.970,61.427,0,1296.25,48,,97.875,20.784,14.0,-8.594,1.0,0.995,-0.031,8680,25.882,14.902,54,,,,14.433,,,,,,,,,
2026-09-26T22:30:40.099,61.556,0,1301.25,46,,97.875,21.176,14.0,-8.594,1.0,1.0,-0.02,8590,26.275,15.686,54,,,,,97,,,,,,,,
2026-09-26T22:30:40.229,61.686,0,1307.25,47,,97.75,21.961,14.0,-8.594,1.0,0.999,-0.023,9650,26.275,15.686,53,,,,,,20,,,,,,,
2026-09-26T22:30:40.359,61.816,0,1301.0,47,,97.875,21.176,14.0,-8.594,1.0,1.0,-0.02,9460,26.275,15.294,54,,,,,,,100.0,,,,,,
2026-09-26T22:30:40.490,61.947,0,1301.0,48,,97.844,21.176,14.0,-8.594,1.0,1.005,-0.016,9270,26.667,15.686,54,,,,,,,,483.8,,,,,
2026-09-26T22:30:40.619,62.076,0,1305.25,50,,97.844,23.529,13.5,-7.812,1.0,1.003,-0.016,9790,26.667,15.686,54,,,,,,,,,0.725,,,,
2026-09-26T22:30:40.749,62.206,0,1300.75,49,,97.875,22.745,14.0,-7.031,1.0,1.026,0.008,10760,26.667,15.686,54,,,,,,,,,,,0.0,,
2026-09-26T22:30:40.879,62.337,0,1302.25,51,,97.875,22.745,13.5,-7.031,1.0,1.008,-0.012,10290,26.275,15.294,54,,,,,,,,,,,,33.725,
2026-09-26T22:30:41.009,62.466,0,1304.0,49,,97.875,22.353,14.0,-7.812,1.0,1.01,-0.012,10450,26.275,15.294,54,,,,,,,,,,,,,97
2026-09-26T22:30:41.139,62.596,0,1304.5,49,,97.875,22.353,14.0,-7.031,1.0,0.999,-0.023,10190,26.275,15.294,54,107,,,,,,,,,,,,
2026-09-26T22:30:41.270,62.727,0,1311.5,50,,97.875,21.961,14.0,-8.594,1.0,0.989,-0.047,9790,25.882,15.294,54,,36,,,,,,,,,,,
2026-09-26T22:30:41.399,62.856,0,1311.5,48,,97.875,21.569,14.0,-8.594,1.0,0.99,-0.047,10080,25.49,14.902,54,,,7.031,,,,,,,,,,
2026-09-26T22:30:41.529,62.986,0,1309.0,48,,97.938,20.392,14.0,-9.375,1.0,0.96,-0.121,9380,25.49,15.294,54,,,,14.433,,,,,,,,,
2026-09-26T22:30:41.660,63.117,0,1312.5,47,,97.906,20.784,14.0,-10.938,1.0,0.961,-0.117,8830,25.49,15.294,54,,,,,97,,,,,,,,
2026-09-26T22:30:41.792,63.249,0,1313.25,45,,97.875,20.784,14.0,-10.938,1.0,0.969,-0.098,8990,25.49,15.294,54,,,,,,20,,,,,,,
2026-09-26T22:30:41.920,63.377,0,1311.5,46,,97.875,20.784,14.0,-10.156,1.0,0.992,-0.043,8840,25.49,15.294,54,,,,,,,100.0,,,,,,
2026-09-26T22:30:42.049,63.506,0,1317.25,46,,97.875,20.392,14.0,-9.375,1.0,1.002,-0.02,8660,24.314,14.902,55,,,,,,,,483.7,,,,,
2026-09-26T22:30:42.179,63.636,0,1320.5,44,,98.0,18.824,14.0,-9.375,1.0,1.013,-0.008,9360,14.51,12.549,55,,,,,,,,,0.725,,,,
2026-09-26T22:30:42.310,63.767,0,1312.25,35,,97.875,0.0,17.0,-9.375,1.0,0.986,-0.055,8970,14.51,12.157,54,,,,,,,,,,,0.0,,
2026-09-26T22:30:42.439,63.897,0,1292.5,28,,97.875,0.0,24.0,-10.938,1.0,0.988,-0.051,8680,14.51,12.157,55,,,,,,,,,,,,14.902,
2026-09-26T22:30:42.569,64.026,0,1314.75,24,,97.875,0.0,27.0,-7.031,1.0,1.11,0.102,8340,14.51,12.157,54,,,,,,,,,,,,,99
2026-09-26T22:30:42.699,64.156,0,1304.25,22,,97.781,0.0,22.5,-4.688,1.0,1.106,0.098,7920,14.51,12.157,54,107,,,,,,,,,,,,
2026-09-26T22:30:42.830,64.287,0,1306.75,22,,97.719,0.0,18.5,-5.469,1.001,1.047,0.031,7570,14.51,12.157,54,,36,,,,,,,,,,,
2026-09-26T22:30:42.959,64.416,0,1304.25,22,,97.656,0.0,12.5,-7.031,1.001,1.015,-0.004,7170,14.51,12.157,54,,,10.156,,,,,,,,,,
2026-09-26T22:30:43.090,64.547,0,1303.75,22,,97.562,0.0,8.0,-7.812,1.002,1.003,-0.016,6810,14.51,12.157,54,,,,14.414,,,,,,,,,
2026-09-26T22:30:43.219,64.676,0,1300.5,21,,97.531,0.0,3.5,-7.812,1.002,1.012,-0.008,6480,14.51,12.157,54,,,,,97,,,,,,,,
2026-09-26T22:30:43.350,64.807,0,1296.5,21,,97.531,0.0,-1.0,-7.031,1.002,1.019,0.0,6110,14.51,12.549,54,,,,,,20,,,,,,,
2026-09-26T22:30:43.479,64.936,0,1285.25,21,,97.531,0.0,-4.5,0.0,1.002,1.027,0.008,5760,14.51,12.549,54,,,,,,,100.0,,,,,,
2026-09-26T22:30:43.609,65.066,0,1294.5,21,,97.562,0.0,-4.5,0.0,1.002,1.07,0.059,5890,14.51,12.549,54,,,,,,,,484.8,,,,,
2026-09-26T22:30:43.739,65.196,0,1287.25,21,,97.75,0.0,-5.0,0.0,1.003,1.102,0.09,7030,14.51,12.157,54,,,,,,,,,0.725,,,,
2026-09-26T22:30:43.869,65.326,0,1281.25,22,,97.656,0.0,-5.0,0.0,0.997,1.427,0.387,8380,14.51,12.157,54,,,,,,,,,,,0.0,,
2026-09-26T22:30:43.999,65.456,0,1271.0,23,,97.75,0.0,-5.0,0.0,1.006,1.869,0.625,9450,14.51,12.157,54,,,,,,,,,,,,13.333,
2026-09-26T22:30:44.130,65.587,0,1276.75,23,,97.75,0.0,-5.0,0.0,1.055,2.0,0.805,9460,14.51,12.157,54,,,,,,,,,,,,,100
2026-09-26T22:30:44.260,65.717,0,1282.5,24,,97.812,0.0,-4.5,0.0,1.115,2.0,0.953,9450,14.51,12.157,53,107,,,,,,,,,,,,
2026-09-26T22:30:44.390,65.847,0,1280.25,24,,97.844,0.0,-4.5,0.0,1.18,2.0,1.012,9450,14.51,12.157,54,,36,,,,,,,,,,,
2026-09-26T22:30:44.520,65.977,0,1281.0,24,,97.844,0.0,-5.0,0.0,1.227,2.0,1.105,9440,14.51,12.157,54,,,8.594,,,,,,,,,,
2026-09-26T22:30:44.649,66.106,0,1277.5,24,,97.875,0.0,-5.0,0.0,1.305,2.0,1.129,9420,14.51,12.157,53,,,,14.453,,,,,,,,,
2026-09-26T22:30:44.779,66.236,0,1275.0,24,,97.875,0.0,-5.0,0.0,1.389,2.0,1.164,9420,14.51,12.157,53,,,,,97,,,,,,,,
2026-09-26T22:30:44.909,66.366,0,1274.25,24,,97.875,0.0,-5.0,0.0,1.499,2.0,1.195,9420,14.51,12.157,53,,,,,,20,,,,,,,
2026-09-26T22:30:45.039,66.496,0,1271.25,24,,97.875,0.0,-5.0,0.0,1.608,2.0,1.207,9410,14.51,12.157,53,,,,,,,100.0,,,,,,
2026-09-26T22:30:45.169,66.626,0,1268.25,24,,97.875,0.0,-5.0,0.0,1.704,2.0,1.211,9620,14.51,12.157,53,,,,,,,,487.1,,,,,
2026-09-26T22:30:45.299,66.756,0,1267.75,24,,97.875,0.0,-5.0,0.0,1.751,2.0,1.223,9610,14.51,12.157,53,,,,,,,,,0.105,,,,
2026-09-26T22:30:45.429,66.886,0,1266.5,24,,97.875,0.0,-5.0,0.0,1.778,2.0,1.23,9610,14.51,12.157,53,,,,,,,,,,,0.0,,
2026-09-26T22:30:45.560,67.017,0,1261.0,24,,97.875,0.0,-5.0,0.0,1.789,2.0,1.234,9600,14.51,12.157,53,,,,,,,,,,,,13.333,
2026-09-26T22:30:45.690,67.147,0,1260.0,24,,97.875,0.0,-5.0,0.0,1.795,2.0,1.238,9600,14.51,12.157,53,,,,,,,,,,,,,102
2026-09-26T22:30:45.820,67.277,0,1261.25,24,,97.906,0.0,-5.0,0.0,1.797,2.0,1.238,9590,14.51,12.157,53,107,,,,,,,,,,,,
2026-09-26T22:30:45.950,67.407,0,1260.75,23,,97.875,0.0,-5.0,0.0,1.799,2.0,1.238,9590,14.51,12.157,53,,36,,,,,,,,,,,
2026-09-26T22:30:46.079,67.536,0,1254.5,24,,97.906,0.0,-5.0,0.0,1.799,2.0,1.242,9590,14.51,12.157,53,,,9.375,,,,,,,,,,
2026-09-26T22:30:46.209,67.666,0,1250.25,24,,97.906,0.0,-5.0,0.0,1.8,2.0,1.242,9580,14.51,12.157,52,,,,14.433,,,,,,,,,
2026-09-26T22:30:46.339,67.796,0,1244.75,23,,97.906,0.0,-5.5,0.0,1.8,2.0,1.242,9570,14.51,12.157,52,,,,,97,,,,,,,,
2026-09-26T22:30:46.470,67.927,0,1238.0,23,,97.875,0.0,-5.5,0.0,1.8,2.0,1.246,9560,14.51,12.157,52,,,,,,20,,,,,,,
2026-09-26T22:30:46.599,68.056,0,1232.5,24,,97.906,0.0,-5.5,0.0,1.8,2.0,1.246,9560,14.51,12.157,51,,,,,,,100.0,,,,,,
2026-09-26T22:30:46.729,68.187,0,1226.75,24,,97.938,0.0,-5.5,0.0,1.8,2.0,1.242,9560,14.51,12.157,51,,,,,,,,489.4,,,,,
2026-09-26T22:30:46.859,68.316,0,1219.5,24,,97.938,0.0,-5.5,0.0,1.8,2.0,1.246,9560,14.51,12.157,51,,,,,,,,,0.095,,,,
2026-09-26T22:30:46.990,68.447,0,1214.5,24,,97.938,0.0,-5.5,0.0,1.8,2.0,1.246,9550,14.51,12.157,51,,,,,,,,,,,0.0,,
2026-09-26T22:30:47.119,68.576,0,1217.25,24,,97.906,0.0,-6.0,0.0,1.8,2.0,1.246,9530,14.51,12.157,51,,,,,,,,,,,,13.333,
2026-09-26T22:30:47.249,68.706,0,1206.75,23,,97.875,0.0,-6.0,0.0,1.8,2.0,1.246,9530,14.51,12.157,50,,,,,,,,,,,,,103
2026-09-26T22:30:47.379,68.836,0,1195.25,23,,97.875,0.0,-6.0,0.0,1.8,2.0,1.242,9530,14.51,12.157,50,106,,,,,,,,,,,,
2026-09-26T22:30:47.509,68.966,0,1186.25,23,,97.875,0.0,-6.0,0.0,1.8,2.0,1.246,9530,14.51,12.157,49,,36,,,,,,,,,,,
2026-09-26T22:30:47.640,69.097,0,1182.0,24,,97.875,0.0,-6.5,0.0,1.8,2.0,1.246,9530,14.51,12.157,49,,,9.375,,,,,,,,,,
2026-09-26T22:30:47.769,69.226,0,1172.5,24,,97.875,0.0,-6.5,0.0,1.8,2.0,1.246,9520,14.51,12.157,49,,,,14.433,,,,,,,,,
2026-09-26T22:30:47.899,69.356,0,1163.75,24,,97.875,0.0,-6.5,0.0,1.8,2.0,1.246,9520,14.51,12.157,48,,,,,97,,,,,,,,
2026-09-26T22:30:48.029,69.487,0,1155.0,24,,97.875,0.0,-7.0,0.0,1.8,2.0,1.25,9520,14.51,12.157,48,,,,,,20,,,,,,,
2026-09-26T22:30:48.160,69.617,0,1143.25,25,,97.875,0.0,-7.0,0.0,1.8,2.0,1.242,9510,14.51,12.157,47,,,,,,,100.0,,,,,,
2026-09-26T22:30:48.292,69.749,0,1159.75,23,,97.875,0.0,-6.0,0.0,1.8,2.0,1.246,9510,14.51,12.157,47,,,,,,,,491.6,,,,,
2026-09-26T22:30:48.420,69.877,0,1256.5,23,,97.875,0.0,-4.5,0.0,1.8,2.0,1.246,9500,14.51,12.157,46,,,,,,,,,0.095,,,,
2026-09-26T22:30:48.550,70.007,0,1336.75,24,,97.875,0.0,-4.0,0.0,1.8,2.0,1.246,9500,14.51,12.549,46,,,,,,,,,,,0.0,,
2026-09-26T22:30:48.679,70.136,0,1403.75,23,,97.875,0.0,-2.5,0.0,1.8,2.0,1.246,9490,14.51,12.549,45,,,,,,,,,,,,12.941,
2026-09-26T22:30:48.809,70.266,0,1423.5,23,,97.906,0.0,-2.5,0.0,1.8,2.0,1.246,9490,14.51,12.549,45,,,,,,,,,,,,,105
2026-09-26T22:30:48.939,70.396,0,1402.25,23,,98.031,0.0,-3.0,0.0,1.8,2.0,1.25,9490,14.51,12.549,44,106,,,,,,,,,,,,
2026-09-26T22:30:49.069,70.526,0,1382.5,24,,97.969,0.0,-3.0,0.0,1.8,2.0,1.25,9490,14.51,12.157,43,,36,,,,,,,,,,,
2026-09-26T22:30:49.199,70.656,0,1365.0,23,,98.156,0.0,-4.0,0.0,1.8,2.0,1.25,9480,14.51,12.157,43,,,8.594,,,,,,,,,,
2026-09-26T22:30:49.329,70.786,0,1351.25,22,,98.156,0.0,-4.0,0.0,1.8,2.0,1.25,9480,14.51,12.157,43,,,,14.453,,,,,,,,,
2026-09-26T22:30:49.459,70.916,0,1337.25,23,,98.188,0.0,-4.0,0.0,1.8,2.0,1.254,9470,14.51,12.157,42,,,,,97,,,,,,,,
2026-09-26T22:30:49.590,71.047,0,1317.0,23,,98.156,0.0,-4.0,0.0,1.8,2.0,1.254,9470,14.51,12.157,41,,,,,,20,,,,,,,
2026-09-26T22:30:49.739,71.196,0,1300.5,23,,98.188,0.0,-4.5,0.0,1.8,2.0,1.25,9460,14.51,12.157,41,,,,,,,100.0,,,,,,
2026-09-26T22:30:49.869,71.326,0,1285.5,23,,98.188,0.0,-4.5,0.0,1.8,2.0,1.254,9460,14.51,12.157,40,,,,,,,,493.6,,,,,
2026-09-26T22:30:49.999,71.456,0,1273.0,24,,98.188,0.0,-5.0,0.0,1.8,2.0,1.25,9450,14.51,12.157,40,,,,,,,,,0.095,,,,
2026-09-26T22:30:50.129,71.586,0,1260.0,23,,98.188,0.0,-5.0,0.0,1.8,2.0,1.25,9450,14.51,12.157,39,,,,,,,,,,,0.0,,
2026-09-26T22:30:50.259,71.716,0,1242.0,23,,98.156,0.0,-5.5,0.0,1.8,2.0,1.254,9440,14.51,12.157,39,,,,,,,,,,,,12.941,
2026-09-26T22:30:50.390,71.847,0,1223.0,24,,98.156,0.0,-5.5,0.0,1.8,2.0,1.25,9430,14.51,12.157,39,,,,,,,,,,,,,106
2026-09-26T22:30:50.519,71.976,0,1213.5,24,,98.188,0.0,-6.0,0.0,1.8,2.0,1.254,9430,14.51,12.157,38,105,,,,,,,,,,,,
2026-09-26T22:30:50.649,72.106,0,1212.5,23,,98.188,0.0,-6.0,0.0,1.8,2.0,1.25,9420,14.51,12.157,38,,36,,,,,,,,,,,
2026-09-26T22:30:50.779,72.236,0,1210.25,24,,98.094,0.0,-6.0,0.0,1.8,2.0,1.254,9430,14.51,12.157,38,,,8.594,,,,,,,,,,
2026-09-26T22:30:50.909,72.366,0,1201.25,24,,98.156,0.0,-6.0,0.0,1.8,2.0,1.25,9420,14.51,12.157,38,,,,14.414,,,,,,,,,
2026-09-26T22:30:51.039,72.496,0,1187.0,24,,98.156,0.0,-6.0,0.0,1.8,2.0,1.25,9420,14.51,12.157,38,,,,,97,,,,,,,,
2026-09-26T22:30:51.170,72.627,0,1181.25,23,,98.094,0.0,-6.5,0.0,1.8,2.0,1.25,9410,14.51,12.157,37,,,,,,20,,,,,,,
2026-09-26T22:30:51.299,72.756,0,1175.75,24,,98.156,0.0,-6.5,0.0,1.8,2.0,1.25,9410,14.51,12.157,37,,,,,,,100.0,,,,,,
2026-09-26T22:30:51.429,72.887,0,1178.25,24,,98.094,0.0,-6.5,0.0,1.8,2.0,1.25,9600,14.51,12.157,37,,,,,,,,495.5,,,,,
2026-09-26T22:30:51.559,73.016,0,1177.5,23,,98.094,0.0,-6.5,0.0,1.8,2.0,1.25,9600,14.51,12.157,37,,,,,,,,,0.095,,,,
2026-09-26T22:30:51.690,73.147,0,1177.5,24,,97.938,0.0,-6.0,0.0,1.8,2.0,1.25,9590,14.51,12.157,37,,,,,,,,,,,0.0,,
2026-09-26T22:30:51.819,73.276,0,1268.0,24,,97.938,0.0,-4.5,0.0,1.8,2.0,1.25,9580,15.686,12.549,36,,,,,,,,,,,,13.725,
2026-09-26T22:30:51.949,73.407,0,1352.0,24,,98.094,0.0,-3.0,0.0,1.8,2.0,1.25,9580,21.961,12.549,37,,,,,,,,,,,,,108
2026-09-26T22:30:52.079,73.536,0,1434.75,24,,97.844,9.804,22.5,0.0,1.843,2.0,1.27,9340,22.353,14.902,37,105,,,,,,,,,,,,
2026-09-26T22:30:52.209,73.666,0,1606.75,27,,97.875,9.412,18.0,0.0,1.521,2.0,0.762,9100,22.353,14.51,36,,36,,,,,,,,,,,
2026-09-26T22:30:52.339,73.797,0,1665.25,28,,97.875,8.235,18.0,0.0,1.185,1.224,0.219,8590,22.745,14.51,36,,,5.469,,,,,,,,,,
2026-09-26T22:30:52.469,73.926,0,1689.0,29,,97.812,9.02,17.0,0.0,0.998,1.063,0.051,7820,23.922,16.078,36,,,,14.414,,,,,,,,,
2026-09-26T22:30:52.599,74.056,0,1698.0,36,,97.719,10.98,15.5,0.0,0.937,0.999,-0.023,7020,24.314,16.078,37,,,,,97,,,,,,,,
2026-09-26T22:30:52.729,74.186,0,1715.75,39,,97.719,11.373,15.5,0.0,0.914,0.943,-0.156,7300,24.706,16.078,37,,,,,,20,,,,,,,
2026-09-26T22:30:52.859,74.316,0,1718.0,41,,97.719,12.549,15.5,0.781,0.908,0.913,-0.227,7890,25.098,16.471,37,,,,,,,100.0,,,,,,
2026-09-26T22:30:52.990,74.448,0,1718.0,45,,97.875,13.333,16.0,0.0,0.905,0.9,-0.258,8430,26.275,17.255,37,,,,,,,,495.3,,,,,
2026-09-26T22:30:53.119,74.576,0,1719.75,46,,97.594,13.725,16.5,0.0,0.902,0.892,-0.285,9250,26.275,16.863,38,,,,,,,,,0.17,,,,
2026-09-26T22:30:53.249,74.707,0,1726.5,51,,97.688,14.902,16.0,0.0,0.898,0.883,-0.312,10100,26.275,17.255,37,,,,,,,,,,,0.0,,
2026-09-26T22:30:53.379,74.836,0,1735.0,54,,97.875,14.902,16.5,0.0,0.894,0.888,-0.297,10400,26.275,17.255,37,,,,,,,,,,,,32.941,
2026-09-26T22:30:53.509,74.966,0,1748.5,54,,98.156,14.902,16.5,0.0,0.889,0.884,-0.309,10520,26.275,17.255,37,,,,,,,,,,,,,109
2026-09-26T22:30:53.639,75.096,0,1747.75,54,,98.188,14.51,16.5,-0.781,0.885,0.874,-0.336,10370,26.275,17.255,38,104,,,,,,,,,,,,
2026-09-26T22:30:53.770,75.227,0,1751.25,53,,98.406,14.902,16.5,-0.781,0.881,0.876,-0.328,10400,27.059,17.647,38,,36,,,,,,,,,,,
2026-09-26T22:30:53.899,75.356,0,1751.0,54,,98.375,15.686,17.0,-0.781,0.88,0.87,-0.352,11320,27.059,17.647,38,,,3.906,,,,,,,,,,
2026-09-26T22:30:54.029,75.486,0,1765.75,55,,98.5,14.902,16.5,-2.344,0.88,0.861,-0.375,11180,27.059,17.255,38,,,,14.375,,,,,,,,,
2026-09-26T22:30:54.159,75.616,0,1758.25,57,,98.5,14.902,16.5,-1.562,0.88,0.873,-0.34,10930,27.059,17.255,38,,,,,97,,,,,,,,
2026-09-26T22:30:54.292,75.749,0,1761.25,55,,98.812,15.294,17.0,-1.562,0.88,0.877,-0.328,10730,27.059,17.647,38,,,,,,20,,,,,,,
2026-09-26T22:30:54.419,75.876,0,1771.0,56,,98.844,15.686,17.0,-2.344,0.88,0.869,-0.352,11300,27.059,17.647,38,,,,,,,100.0,,,,,,
2026-09-26T22:30:54.549,76.006,0,1775.25,56,,99.062,15.686,17.0,-3.125,0.88,0.86,-0.379,11590,28.627,18.824,38,,,,,,,,491.1,,,,,
2026-09-26T22:30:54.679,76.136,0,1800.25,62,,98.812,17.255,17.5,-3.125,0.88,0.87,-0.348,11860,28.627,18.824,39,,,,,,,,,0.23,,,,
2026-09-26T22:30:54.820,76.277,0,1793.0,65,,99.156,17.255,17.0,-2.344,0.881,0.887,-0.301,12710,28.627,18.431,38,,,,,,,,,,,0.0,,
2026-09-26T22:30:54.949,76.406,0,1769.25,66,,99.469,17.647,17.0,-2.344,0.881,0.884,-0.309,12730,28.627,18.431,39,,,,,,,,,,,,39.216,
2026-09-26T22:30:55.079,76.536,0,1760.0,64,,99.812,17.647,17.0,-0.781,0.881,0.897,-0.27,12710,28.627,18.039,39,,,,,,,,,,,,,111
2026-09-26T22:30:55.209,76.666,0,1724.75,62,,100.125,17.647,-14.5,-0.781,0.881,0.891,-0.289,12970,29.02,18.039,39,104,,,,,,,,,,,,
2026-09-26T22:30:55.339,76.796,0,1531.25,64,,100.125,18.431,-3.5,-2.344,0.881,0.862,-0.371,12910,29.804,18.039,39,,36,,,,,,,,,,,
2026-09-26T22:30:55.469,76.926,0,1442.0,70,,100.75,25.49,3.5,-3.906,0.882,0.854,-0.398,13550,29.804,18.039,39,,,4.688,,,,,,,,,,
2026-09-26T22:30:55.599,77.056,0,1380.5,70,,100.75,27.451,4.0,-3.906,0.902,0.911,-0.234,14080,29.804,17.255,39,,,,14.316,,,,,,,,,
2026-09-26T22:30:55.729,77.186,0,1310.5,69,,101.062,29.412,9.0,-2.344,0.966,0.986,-0.055,14800,29.804,16.863,39,,,,,97,,,,,,,,
2026-09-26T22:30:55.859,77.316,0,1268.5,67,,101.062,30.588,12.0,-2.344,0.988,1.009,-0.012,14610,29.804,17.255,39,,,,,,20,,,,,,,
2026-09-26T22:30:55.990,77.447,0,1244.75,68,,101.0,31.765,12.0,-0.781,0.997,1.012,-0.008,13910,30.196,17.255,39,,,,,,,100.0,,,,,,
2026-09-26T22:30:56.119,77.576,0,1257.0,68,,100.75,32.941,12.5,-1.562,1.005,1.013,-0.008,14540,29.02,16.471,39,,,,,,,,487.1,,,,,
2026-09-26T22:30:56.249,77.706,0,1253.0,68,,100.812,32.157,12.0,-2.344,1.01,1.002,-0.02,14870,29.02,16.471,39,,,,,,,,,0.87,,,,
2026-09-26T22:30:56.379,77.836,0,1248.25,63,,100.75,29.804,12.0,-2.344,1.011,1.013,-0.008,14040,29.02,16.471,39,,,,,,,,,,,0.0,,
2026-09-26T22:30:56.509,77.966,0,1251.25,62,,100.75,30.196,12.0,-0.781,1.01,1.02,0.0,14000,29.412,16.471,39,,,,,,,,,,,,43.137,
2026-09-26T22:30:56.640,78.097,0,1252.25,62,,100.75,30.196,12.0,-2.344,1.009,1.009,-0.012,13360,29.412,16.863,39,,,,,,,,,,,,,113
2026-09-26T22:30:56.769,78.226,0,1258.0,64,,100.438,29.804,12.0,-2.344,1.006,0.99,-0.043,12960,29.412,17.255,39,105,,,,,,,,,,,,
2026-09-26T22:30:56.900,78.357,0,1261.25,65,,100.406,30.588,12.0,-3.125,1.004,0.984,-0.059,13150,29.804,16.863,40,,35,,,,,,,,,,,
2026-09-26T22:30:57.029,78.487,0,1267.5,65,,100.438,30.98,12.5,-3.125,1.003,0.996,-0.031,13620,29.804,17.255,40,,,5.469,,,,,,,,,,
2026-09-26T22:30:57.160,78.617,0,1266.25,65,,100.438,31.373,12.5,-3.125,1.003,1.003,-0.016,14350,29.804,17.255,40,,,,14.414,,,,,,,,,
2026-09-26T22:30:57.292,78.75,0,1268.5,68,,100.344,31.373,12.5,-3.125,1.002,0.997,-0.027,13780,29.804,16.863,40,,,,,97,,,,,,,,
2026-09-26T22:30:57.419,78.876,0,1278.5,67,,100.406,31.373,12.5,-2.344,1.002,0.997,-0.027,14440,29.412,17.255,40,,,,,,20,,,,,,,
2026-09-26T22:30:57.549,79.006,0,1281.0,66,,100.406,30.588,12.5,-3.125,1.002,1.005,-0.016,14050,29.412,17.255,40,,,,,,,100.0,,,,,,
2026-09-26T22:30:57.679,79.136,0,1287.25,66,,100.375,30.196,12.5,-1.562,1.002,1.029,0.012,13440,29.02,16.471,40,,,,,,,,486.5,,,,,
2026-09-26T22:30:57.809,79.266,0,1290.0,64,,100.438,29.02,12.5,-0.781,1.002,1.007,-0.012,14140,26.275,15.686,40,,,,,,,,,0.85,,,,
2026-09-26T22:30:57.939,79.396,0,1282.75,62,,100.438,27.451,13.0,-3.125,1.002,0.989,-0.047,13420,21.176,12.941,41,,,,,,,,,,,0.0,,
2026-09-26T22:30:58.070,79.527,0,1290.0,56,,100.469,17.255,13.5,-3.125,1.002,0.971,-0.094,12750,14.51,12.157,41,,,,,,,,,,,,20.392,
2026-09-26T22:30:58.199,79.656,0,1292.0,31,,99.781,0.0,19.0,-6.25,1.002,0.915,-0.223,12400,14.51,12.157,41,,,,,,,,,,,,,114
2026-09-26T22:30:58.330,79.787,0,1268.5,26,,99.469,0.0,23.0,-7.812,1.002,0.95,-0.141,12270,14.51,12.157,41,105,,,,,,,,,,,,
2026-09-26T22:30:58.459,79.916,0,1281.75,23,,99.344,0.0,27.5,-3.125,1.003,1.029,0.012,11910,14.51,12.157,41,,34,,,,,,,,,,,
2026-09-26T22:30:58.591,80.048,0,1280.5,22,,98.812,0.0,20.0,-2.344,1.003,1.031,0.012,11480,14.51,12.157,41,,,9.375,,,,,,,,,,
2026-09-26T22:30:58.719,80.176,0,1283.25,22,,98.812,0.0,11.0,-3.125,1.004,1.016,-0.004,11060,14.51,12.157,40,,,,14.355,,,,,,,,,
2026-09-26T22:30:58.849,80.306,0,1277.0,22,,98.719,0.0,7.5,-3.125,1.005,0.999,-0.023,10680,14.51,12.157,40,,,,,97,,,,,,,,
2026-09-26T22:30:58.979,80.436,0,1274.0,21,,98.5,0.0,5.0,-4.688,1.005,0.981,-0.07,10270,14.51,12.157,40,,,,,,20,,,,,,,
2026-09-26T22:30:59.109,80.566,0,1277.75,21,,98.375,0.0,0.5,-4.688,1.005,0.984,-0.062,9960,14.51,12.157,40,,,,,,,100.0,,,,,,
2026-09-26T22:30:59.239,80.696,0,1262.25,21,,98.188,0.0,-2.5,0.0,1.005,1.035,0.016,9580,14.51,12.157,40,,,,,,,,487.4,,,,,
2026-09-26T22:30:59.369,80.826,0,1273.0,21,,98.188,0.0,-5.0,0.0,1.006,1.076,0.062,9320,14.51,12.157,40,,,,,,,,,0.845,,,,
2026-09-26T22:30:59.499,80.956,0,1261.5,21,,98.5,0.0,-5.0,0.0,1.004,1.128,0.117,9180,14.51,12.157,40,,,,,,,,,,,0.0,,
2026-09-26T22:30:59.630,81.087,0,1243.5,22,,98.188,0.0,-5.5,0.0,1.003,1.342,0.32,9120,14.51,12.157,40,,,,,,,,,,,,12.549,
2026-09-26T22:30:59.759,81.216,0,1242.5,23,,98.188,0.0,-5.5,0.0,0.997,1.656,0.527,9120,14.51,12.157,40,,,,,,,,,,,,,116
2026-09-26T22:30:59.899,81.356,0,1240.0,24,,98.188,0.0,-5.5,0.0,1.02,2.0,0.75,9330,14.51,12.157,39,105,,,,,,,,,,,,
2026-09-26T22:31:00.029,81.486,0,1237.25,24,,98.188,0.0,-5.5,0.0,1.08,2.0,0.902,9340,14.51,12.157,39,,34,,,,,,,,,,,
2026-09-26T22:31:00.159,81.616,0,1231.75,24,,98.188,0.0,-5.5,0.0,1.139,2.0,1.0,9360,14.51,12.157,39,,,8.594,,,,,,,,,,
2026-09-26T22:31:00.294,81.751,0,1221.0,24,,98.188,0.0,-5.5,0.0,1.195,2.0,1.086,9500,14.902,12.157,39,,,,14.414,,,,,,,,,
2026-09-26T22:31:00.419,81.876,0,1224.0,23,,98.188,0.0,-5.5,0.0,1.244,2.0,1.125,9510,15.686,12.157,39,,,,,97,,,,,,,,
2026-09-26T22:31:00.549,82.006,0,1228.25,23,,98.188,0.0,-5.5,0.0,1.323,2.0,1.156,9500,16.078,12.157,39,,,,,,20,,,,,,,
2026-09-26T22:31:00.679,82.137,0,1221.25,24,,98.188,0.0,-5.5,0.0,1.406,2.0,1.184,9510,16.863,12.157,39,,,,,,,100.0,,,,,,
2026-09-26T22:31:00.809,82.266,0,1211.0,24,,98.188,0.0,-6.0,0.0,1.51,2.0,1.203,9510,17.647,12.157,38,,,,,,,,489.4,,,,,
2026-09-26T22:31:00.939,82.396,0,1202.0,23,,98.188,0.0,-6.0,0.0,1.557,2.0,1.215,9490,19.608,12.157,38,,,,,,,,,0.85,,,,
2026-09-26T22:31:01.069,82.526,0,1208.75,23,,98.188,10.196,27.5,0.0,1.78,2.0,1.203,9520,22.745,13.725,38,,,,,,,,,,,0.0,,
2026-09-26T22:31:01.199,82.657,0,1224.5,26,,97.875,11.765,19.0,0.0,1.625,2.0,0.684,9600,23.529,14.51,39,,,,,,,,,,,,21.961,
2026-09-26T22:31:01.329,82.786,0,1230.5,31,,97.875,15.686,15.5,0.0,1.236,1.324,0.309,9380,23.922,14.118,38,,,,,,,,,,,,,117
2026-09-26T22:31:01.459,82.916,0,1223.75,35,,97.875,16.471,14.5,0.0,1.061,1.061,0.047,8440,24.314,14.51,38,104,,,,,,,,,,,,
2026-09-26T22:31:01.590,83.048,0,1206.25,37,,97.844,18.824,13.5,0.0,0.971,0.978,-0.078,7670,24.706,14.51,39,,35,,,,,,,,,,,
2026-09-26T22:31:01.719,83.176,0,1224.25,38,,97.875,18.824,13.5,0.0,0.936,0.933,-0.18,7350,25.882,15.294,38,,,4.688,,,,,,,,,,
2026-09-26T22:31:01.849,83.307,0,1227.0,40,,97.812,20.784,13.0,0.0,0.917,0.899,-0.262,7500,26.275,15.294,39,,,,14.335,,,,,,,,,
2026-09-26T22:31:01.979,83.436,0,1232.0,45,,97.688,21.961,13.0,-0.781,0.909,0.886,-0.301,7890,26.275,15.294,39,,,,,97,,,,,,,,
2026-09-26T22:31:02.109,83.566,0,1232.25,46,,97.75,22.353,13.0,-1.562,0.903,0.882,-0.312,8490,26.275,15.294,39,,,,,,20,,,,,,,
2026-09-26T22:31:02.239,83.696,0,1227.75,46,,97.781,22.745,13.0,-1.562,0.897,0.879,-0.324,9250,26.667,15.294,39,,,,,,,100.0,,,,,,
2026-09-26T22:31:02.370,83.827,0,1232.75,46,,97.562,23.137,13.0,-2.344,0.891,0.862,-0.375,9280,26.667,15.294,39,,,,,,,,487.5,,,,,
2026-09-26T22:31:02.499,83.956,0,1244.25,47,,97.844,22.745,13.5,-3.125,0.885,0.858,-0.387,9160,26.667,15.294,39,,,,,,,,,0.775,,,,
2026-09-26T22:31:02.629,84.086,0,1244.5,46,,97.844,23.137,13.5,-3.125,0.882,0.863,-0.371,10260,26.275,15.294,39,,,,,,,,,,,0.0,,
2026-09-26T22:31:02.759,84.216,0,1245.0,47,,97.844,21.176,13.5,-3.906,0.881,0.846,-0.43,9560,25.882,15.294,39,,,,,,,,,,,,30.588,
2026-09-26T22:31:02.890,84.347,0,1256.0,47,,97.875,21.569,13.5,-4.688,0.88,0.859,-0.383,8910,25.882,15.294,39,,,,,,,,,,,,,119
2026-09-26T22:31:03.019,84.476,0,1260.0,47,,97.875,22.745,13.5,-3.125,0.88,0.873,-0.34,9330,25.882,14.902,39,104,,,,,,,,,,,,
2026-09-26T22:31:03.149,84.606,0,1256.5,46,,97.875,21.961,13.5,-3.906,0.88,0.86,-0.383,9600,25.882,15.294,40,,35,,,,,,,,,,,
2026-09-26T22:31:03.279,84.737,0,1255.25,46,,97.875,21.569,13.5,-5.469,0.88,0.851,-0.41,8940,25.882,15.294,39,,,4.688,,,,,,,,,,
2026-09-26T22:31:03.409,84.866,0,1258.25,46,,97.875,21.569,13.5,-5.469,0.88,0.863,-0.371,8640,25.882,14.902,39,,,,14.316,,,,,,,,,
2026-09-26T22:31:03.539,84.996,0,1257.75,45,,97.875,21.961,13.5,-4.688,0.88,0.869,-0.352,9280,26.275,15.294,40,,,,,97,,,,,,,,
2026-09-26T22:31:03.669,85.126,0,1266.5,45,,97.875,21.176,13.5,-5.469,0.88,0.857,-0.387,8750,26.275,15.294,40,,,,,,20,,,,,,,
2026-09-26T22:31:03.799,85.256,0,1277.5,45,,97.875,21.569,13.5,-6.25,0.88,0.863,-0.371,8750,25.882,15.294,40,,,,,,,100.0,,,,,,
2026-09-26T22:31:03.929,85.387,0,1271.25,45,,97.875,21.569,13.5,-5.469,0.88,0.87,-0.348,9400,25.882,14.902,39,,,,,,,,483.7,,,,,
2026-09-26T22:31:04.059,85.516,0,1263.25,46,,97.875,21.176,13.5,-7.031,0.88,0.858,-0.387,9080,26.275,15.294,40,,,,,,,,,0.765,,,,
2026-09-26T22:31:04.191,85.648,0,1272.25,45,,97.875,21.176,13.5,-7.031,0.88,0.865,-0.363,8570,26.275,15.294,40,,,,,,,,,,,0.0,,
2026-09-26T22:31:04.319,85.777,0,1279.0,45,,97.875,21.176,13.5,-5.469,0.88,0.889,-0.293,9470,26.275,15.294,40,,,,,,,,,,,,31.373,
2026-09-26T22:31:04.449,85.906,0,1283.5,47,,97.875,21.176,14.0,-5.469,0.88,0.887,-0.301,9120,26.275,15.294,40,,,,,,,,,,,,,120
2026-09-26T22:31:04.579,86.036,0,1289.0,46,,97.875,21.176,14.0,-5.469,0.88,0.891,-0.289,8800,26.275,15.294,40,104,,,,,,,,,,,,
2026-09-26T22:31:04.710,86.167,0,1284.25,46,,97.875,21.569,14.0,-4.688,0.88,0.894,-0.281,9330,26.275,15.294,40,,35,,,,,,,,,,,
2026-09-26T22:31:04.839,86.296,0,1281.75,45,,97.875,21.569,13.5,-4.688,0.88,0.89,-0.293,9590,27.059,15.294,40,,,5.469,,,,,,,,,,
2026-09-26T22:31:04.979,86.436,0,1286.0,48,,97.875,22.745,14.0,-4.688,0.88,0.891,-0.289,9910,28.235,16.078,40,,,,14.375,,,,,,,,,
2026-09-26T22:31:05.109,86.566,0,1295.5,51,,97.875,23.529,13.5,-4.688,0.881,0.888,-0.297,10240,28.627,16.863,41,,,,,97,,,,,,,,
2026-09-26T22:31:05.239,86.696,0,1298.75,52,,97.875,24.706,13.0,-4.688,0.88,0.89,-0.293,11730,30.196,18.039,41,,,,,,20,,,,,,,
2026-09-26T22:31:05.369,86.826,0,1306.5,57,,97.531,30.196,12.5,-5.469,0.947,0.944,-0.152,12020,30.588,18.824,41,,,,,,,100.0,,,,,,
2026-09-26T22:31:05.499,86.957,0,1317.25,73,,97.75,31.765,13.0,-5.469,0.981,0.979,-0.074,12650,30.588,18.431,41,,,,,,,,480.5,,,,,
2026-09-26T22:31:05.629,87.086,0,1312.25,73,,97.906,31.373,13.0,-4.688,0.995,1.006,-0.016,13510,30.98,19.216,41,,,,,,,,,0.935,,,,
2026-09-26T22:31:05.759,87.216,0,1317.25,74,,97.906,34.118,13.0,-3.906,1.003,1.027,0.008,14580,31.373,19.216,41,,,,,,,,,,,0.0,,
2026-09-26T22:31:05.890,87.347,0,1324.25,76,,98.5,33.725,12.5,-3.906,1.009,1.03,0.012,15150,32.549,22.745,42,,,,,,,,,,,,58.824,
2026-09-26T22:31:06.020,87.477,0,1341.5,85,,98.406,38.431,11.0,-3.125,1.01,1.045,0.027,15380,32.941,23.137,42,,,,,,,,,,,,,122
2026-09-26T22:31:06.149,87.606,0,1347.25,87,,98.781,39.608,11.0,-0.781,1.009,1.087,0.074,16340,33.333,23.922,42,104,,,,,,,,,,,,
2026-09-26T22:31:06.279,87.736,0,1358.0,90,,99.781,40.0,11.0,0.0,1.007,1.081,0.07,16940,33.333,24.314,43,,35,,,,,,,,,,,
2026-09-26T22:31:06.409,87.866,0,1362.0,91,,100.188,40.784,10.5,0.781,1.003,1.079,0.066,16310,33.333,23.922,43,,,3.906,,,,,,,,,,
2026-09-26T22:31:06.539,87.996,0,1377.5,91,,100.75,41.569,11.0,3.125,1.002,1.077,0.066,16530,33.333,24.314,43,,,,14.433,,,,,,,,,
2026-09-26T22:31:06.669,88.126,0,1395.25,91,,101.844,40.392,11.0,1.562,1.002,1.012,-0.008,16530,33.333,24.314,43,,,,,97,,,,,,,,
2026-09-26T22:31:06.799,88.256,0,1398.0,92,,102.531,40.392,11.0,0.0,1.002,1.013,-0.008,15910,33.333,23.137,44,,,,,,20,,,,,,,
2026-09-26T22:31:06.929,88.386,0,1408.0,91,,103.094,39.608,11.0,1.562,1.002,1.026,0.008,16360,33.333,22.745,45,,,,,,,100.0,,,,,,
2026-09-26T22:31:07.060,88.517,0,1413.5,90,,103.562,38.431,11.0,2.344,1.002,1.026,0.008,16280,33.333,23.137,44,,,,,,,,478.1,,,,,
2026-09-26T22:31:07.190,88.648,0,1428.0,91,,104.438,38.039,11.0,2.344,1.002,1.02,0.0,15800,33.333,23.137,45,,,,,,,,,0.865,,,,
2026-09-26T22:31:07.319,88.776,0,1439.75,91,,104.906,38.039,11.0,2.344,1.002,1.021,0.0,16320,33.333,23.529,45,,,,,,,,,,,0.0,,
2026-09-26T22:31:07.449,88.906,0,1450.25,91,,105.219,36.471,11.0,2.344,1.002,1.0,-0.02,16080,32.941,22.745,46,,,,,,,,,,,,64.314,
2026-09-26T22:31:07.579,89.036,0,1457.75,91,,105.906,36.471,11.0,2.344,1.002,1.011,-0.008,16080,33.333,22.745,46,,,,,,,,,,,,,124
2026-09-26T22:31:07.709,89.166,0,1470.5,92,,106.188,36.078,11.0,2.344,1.002,1.008,-0.012,16310,32.941,22.745,47,104,,,,,,,,,,,,
2026-09-26T22:31:07.839,89.297,0,1487.0,93,,106.438,36.863,11.5,1.562,1.002,0.998,-0.023,15900,32.941,22.745,46,,34,,,,,,,,,,,
2026-09-26T22:31:07.969,89.427,0,1490.0,92,,106.969,35.294,11.5,2.344,1.002,1.017,-0.004,15950,32.941,22.745,47,,,3.125,,,,,,,,,,
2026-09-26T22:31:08.099,89.556,0,1504.25,91,,107.281,34.51,11.5,2.344,1.002,1.002,-0.02,16430,32.941,23.137,47,,,,14.394,,,,,,,,,
2026-09-26T22:31:08.229,89.686,0,1516.5,93,,107.438,35.294,11.5,2.344,1.002,0.994,-0.035,16400,33.333,23.137,48,,,,,97,,,,,,,,
2026-09-26T22:31:08.359,89.816,0,1528.75,93,,107.688,34.118,11.5,1.562,1.002,0.997,-0.027,16030,33.333,22.745,48,,,,,,20,,,,,,,
2026-09-26T22:31:08.490,89.947,0,1538.5,92,,108.25,32.549,11.5,1.562,1.002,0.997,-0.027,16030,32.941,22.745,48,,,,,,,100.0,,,,,,
2026-09-26T22:31:08.619,90.076,0,1539.0,92,,108.312,32.941,11.5,1.562,1.002,0.998,-0.027,16260,32.941,22.745,48,,,,,,,,477.3,,,,,
2026-09-26T22:31:08.749,90.206,0,1552.0,92,,108.5,32.549,11.5,1.562,1.002,0.994,-0.035,16190,32.941,22.745,49,,,,,,,,,0.83,,,,
2026-09-26T22:31:08.879,90.336,0,1557.0,93,,108.812,32.157,12.0,1.562,1.001,0.998,-0.027,15930,32.941,22.745,49,,,,,,,,,,,0.0,,
2026-09-26T22:31:09.010,90.467,0,1569.5,92,,108.875,31.765,11.5,1.562,1.004,1.009,-0.012,16000,32.941,22.353,50,,,,,,,,,,,,63.529,
2026-09-26T22:31:09.140,90.597,0,1586.25,92,,109.125,31.373,11.5,1.562,1.006,0.999,-0.023,16220,32.941,21.961,50,,,,,,,,,,,,,125
2026-09-26T22:31:09.270,90.727,0,1591.5,92,,109.312,29.804,12.5,1.562,1.005,1.0,-0.02,15990,32.157,21.569,50,103,,,,,,,,,,,,
2026-09-26T22:31:09.399,90.856,0,1605.5,91,,109.438,29.02,13.5,1.562,1.005,1.001,-0.02,15890,31.765,20.784,50,,33,,,,,,,,,,,
2026-09-26T22:31:09.529,90.986,0,1600.75,88,,109.75,26.667,13.5,0.781,1.005,0.979,-0.074,15230,31.765,20.784,51,,,3.906,,,,,,,,,,
2026-09-26T22:31:09.659,91.116,0,1619.5,88,,109.5,27.059,14.0,0.0,1.004,0.981,-0.066,15430,31.373,20.0,51,,,,14.453,,,,,,,,,
2026-09-26T22:31:09.792,91.249,0,1622.0,86,,109.406,25.49,14.0,0.0,1.004,1.02,0.0,15630,30.98,20.392,51,,,,,97,,,,,,,,
2026-09-26T22:31:09.920,91.377,0,1631.25,85,,108.906,25.49,14.5,2.344,1.004,1.027,0.008,14980,30.196,18.431,51,,,,,,20,,,,,,,
2026-09-26T22:31:10.059,91.516,0,1637.75,80,,109.125,22.745,15.5,1.562,1.003,1.0,-0.02,14780,30.196,18.824,52,,,,,,,100.0,,,,,,
2026-09-26T22:31:10.191,91.648,0,1648.0,78,,108.156,22.353,15.5,1.562,1.003,1.019,0.0,14430,30.196,19.216,52,,,,,,,,477.7,,,,,
2026-09-26T22:31:10.319,91.777,0,1651.5,79,,107.688,22.745,15.5,2.344,1.003,1.021,0.0,14460,29.804,18.431,52,,,,,,,,,0.81,,,,
2026-09-26T22:31:10.449,91.907,0,1649.0,77,,107.5,22.353,15.5,3.906,1.003,1.026,0.008,14350,29.02,17.255,52,,,,,,,,,,,0.0,,
2026-09-26T22:31:10.579,92.036,0,1654.5,66,,106.875,19.608,16.5,2.344,1.004,1.007,-0.012,13880,29.02,18.039,52,,,,,,,,,,,,43.137,
2026-09-26T22:31:10.709,92.166,0,1664.75,68,,106.219,20.0,17.0,3.125,1.004,1.008,-0.012,12820,29.02,18.039,52,,,,,,,,,,,,,127
2026-09-26T22:31:10.839,92.296,0,1672.0,68,,105.719,19.608,16.5,0.781,1.004,0.983,-0.062,12930,29.02,18.039,53,103,,,,,,,,,,,,
2026-09-26T22:31:10.969,92.426,0,1672.25,66,,104.938,20.0,-7.0,1.562,1.004,0.99,-0.043,13460,28.235,17.255,53,,32,,,,,,,,,,,
2026-09-26T22:31:11.099,92.556,0,1536.5,67,,104.938,20.784,-3.0,0.781,1.004,0.989,-0.047,12940,28.235,16.863,53,,,4.688,,,,,,,,,,
2026-09-26T22:31:11.229,92.687,0,1474.75,66,,104.875,21.961,-2.5,1.562,1.004,1.023,0.004,12820,28.627,16.863,53,,,,14.394,,,,,,,,,
2026-09-26T22:31:11.359,92.816,0,1462.5,63,,104.594,23.922,2.0,1.562,1.004,0.984,-0.059,13170,28.627,17.255,53,,,,,97,,,,,,,,
2026-09-26T22:31:11.490,92.947,0,1412.75,68,,103.969,25.882,2.0,-0.781,1.004,0.948,-0.145,12850,28.627,16.471,53,,,,,,20,,,,,,,
2026-09-26T22:31:11.619,93.076,0,1384.25,65,,103.688,25.882,1.5,-0.781,1.003,0.963,-0.113,12860,27.843,16.078,53,,,,,,,100.0,,,,,,
2026-09-26T22:31:11.749,93.206,0,1327.75,62,,103.562,25.882,8.0,0.0,1.003,0.997,-0.027,12820,27.451,16.078,53,,,,,,,,479.1,,,,,
2026-09-26T22:31:11.879,93.336,0,1294.25,59,,103.0,26.667,13.0,0.0,1.003,0.991,-0.043,12540,27.059,15.686,54,,,,,,,,,0.8,,,,
2026-09-26T22:31:12.009,93.466,0,1287.25,57,,102.688,25.49,13.0,-0.781,1.003,0.989,-0.047,11840,27.059,15.686,53,,,,,,,,,,,0.0,,
2026-09-26T22:31:12.139,93.596,0,1293.75,55,,102.25,25.882,13.0,-0.781,1.003,0.974,-0.09,11550,27.059,15.686,54,,,,,,,,,,,,37.255,
2026-09-26T22:31:12.269,93.726,0,1295.75,54,,101.719,24.314,13.5,-2.344,1.003,0.959,-0.121,11460,26.275,15.294,53,,,,,,,,,,,,,128
2026-09-26T22:31:12.399,93.856,0,1290.75,52,,101.406,23.137,13.5,-3.125,1.003,0.963,-0.113,10910,26.275,15.294,54,103,,,,,,,,,,,,
2026-09-26T22:31:12.530,93.987,0,1297.25,50,,101.062,22.745,14.0,-4.688,1.003,0.95,-0.141,10270,26.275,15.294,54,,32,,,,,,,,,,,
2026-09-26T22:31:12.659,94.116,0,1306.25,49,,101.031,22.353,14.0,-4.688,1.003,0.959,-0.121,10020,26.275,15.294,54,,,6.25,,,,,,,,,,
2026-09-26T22:31:12.792,94.249,0,1311.25,49,,100.438,22.353,14.0,-4.688,1.003,0.977,-0.082,9790,26.275,15.294,54,,,,14.355,,,,,,,,,
2026-09-26T22:31:12.919,94.377,0,1315.75,50,,100.312,22.745,14.0,-4.688,1.003,0.977,-0.082,9680,25.882,15.294,54,,,,,97,,,,,,,,
2026-09-26T22:31:13.049,94.506,0,1312.5,49,,100.125,22.353,14.0,-5.469,1.003,0.975,-0.086,10200,25.882,15.294,54,,,,,,20,,,,,,,
2026-09-26T22:31:13.179,94.636,0,1306.0,48,,99.844,21.569,14.0,-6.25,1.003,0.966,-0.105,9880,25.882,15.294,54,,,,,,,100.0,,,,,,
2026-09-26T22:31:13.310,94.767,0,1305.0,48,,99.781,21.569,14.0,-7.031,1.002,0.97,-0.098,9190,25.882,15.294,54,,,,,,,,481.1,,,,,
2026-09-26T22:31:13.439,94.896,0,1306.75,47,,99.562,21.961,14.0,-7.031,1.003,0.968,-0.102,9410,25.49,15.294,54,,,,,,,,,0.79,,,,
2026-09-26T22:31:13.569,95.026,0,1307.5,47,,99.438,21.176,14.0,-7.812,1.002,0.964,-0.109,9320,25.49,15.294,54,,,,,,,,,,,0.0,,
2026-09-26T22:31:13.699,95.156,0,1311.5,47,,99.219,21.569,14.0,-8.594,1.002,0.967,-0.105,9080,25.49,14.902,54,,,,,,,,,,,,31.373,
2026-09-26T22:31:13.829,95.286,0,1313.25,45,,99.156,20.392,14.0,-8.594,1.002,0.968,-0.102,9210,25.49,15.294,54,,,,,,,,,,,,,130
2026-09-26T22:31:13.959,95.416,0,1312.0,45,,99.156,20.784,14.0,-9.375,1.002,0.977,-0.078,9220,25.098,14.902,54,103,,,,,,,,,,,,
2026-09-26T22:31:14.090,95.547,0,1312.0,46,,98.906,20.392,14.0,-8.594,1.002,0.989,-0.047,8820,24.314,14.51,54,,33,,,,,,,,,,,
2026-09-26T22:31:14.219,95.676,0,1322.0,44,,98.844,19.608,14.0,-9.375,1.002,0.984,-0.062,8740,23.137,14.118,54,,,7.812,,,,,,,,,,
2026-09-26T22:31:14.349,95.806,0,1313.5,41,,98.844,18.039,14.0,-9.375,1.002,0.976,-0.086,8530,22.353,13.333,54,,,,14.375,,,,,,,,,
2026-09-26T22:31:14.479,95.936,0,1297.75,34,,98.812,14.51,16.0,-10.938,1.002,0.962,-0.113,8150,21.961,12.941,54,,,,,97,,,,,,,,
2026-09-26T22:31:14.609,96.066,0,1290.0,31,,98.812,13.725,14.5,-10.156,1.002,1.0,-0.02,7800,21.961,13.725,54,,,,,,20,,,,,,,
2026-09-26T22:31:14.739,96.196,0,1306.75,29,,98.625,12.549,17.0,-6.25,1.002,1.08,0.07,7500,21.961,13.333,54,,,,,,,100.0,,,,,,
2026-09-26T22:31:14.869,96.326,0,1311.0,29,,98.5,12.549,17.0,-3.125,1.003,1.127,0.117,7120,21.961,13.333,54,,,,,,,,483.0,,,,,
2026-09-26T22:31:14.999,96.456,0,1303.0,29,,98.5,12.941,17.0,-1.562,1.002,1.142,0.133,6700,22.353,13.333,54,,,,,,,,,0.79,,,,
2026-09-26T22:31:15.139,96.596,0,1306.0,29,,98.469,12.549,17.5,-0.781,1.003,1.111,0.102,6260,22.353,13.725,54,,,,,,,,,,,0.0,,
2026-09-26T22:31:15.269,96.726,0,1306.5,30,,98.219,13.725,17.0,-0.781,1.003,1.079,0.066,5860,22.745,13.725,54,,,,,,,,,,,,21.176,
2026-09-26T22:31:15.398,96.855,0,1303.0,32,,98.188,14.118,16.5,-1.562,1.003,1.051,0.035,5380,22.745,14.118,54,,,,,,,,,,,,,131
2026-09-26T22:31:15.529,96.986,0,1303.5,33,,98.188,14.902,15.5,-1.562,1.003,1.037,0.02,4890,22.745,13.725,54,103,,,,,,,,,,,,
2026-09-26T22:31:15.659,97.116,0,1304.25,33,,98.188,14.51,16.0,-1.562,1.002,1.032,0.012,4500,22.745,14.118,54,,33,,,,,,,,,,,
2026-09-26T22:31:15.793,97.25,0,1301.0,33,,98.094,14.902,15.5,-1.562,1.002,1.032,0.012,4630,22.745,14.118,54,,,8.594,,,,,,,,,,
2026-09-26T22:31:15.919,97.376,0,1299.5,35,,98.0,14.902,15.5,-0.781,1.002,1.029,0.008,4230,22.745,13.725,54,,,,14.414,,,,,,,,,
2026-09-26T22:31:16.049,97.506,0,1298.25,34,,97.969,14.902,15.5,-0.781,1.002,1.036,0.02,4240,22.745,13.725,54,,,,,97,,,,,,,,
2026-09-26T22:31:16.179,97.636,0,1303.0,33,,97.875,15.294,15.5,0.0,1.002,1.029,0.008,4760,22.353,13.725,55,,,,,,20,,,,,,,
2026-09-26T22:31:16.309,97.766,0,1306.0,32,,97.875,13.725,17.0,-0.781,1.002,1.018,-0.004,4640,22.353,13.725,54,,,,,,,100.0,,,,,,
2026-09-26T22:31:16.439,97.896,0,1305.75,32,,97.875,14.118,15.0,-0.781,1.002,1.021,0.0,4430,21.961,13.333,54,,,,,,,,484.5,,,,,
2026-09-26T22:31:16.569,98.026,0,1293.75,31,,97.875,13.333,17.0,0.0,1.002,1.044,0.027,4940,21.961,13.333,54,,,,,,,,,0.785,,,,
2026-09-26T22:31:16.699,98.156,0,1286.75,30,,97.875,12.549,17.5,0.781,1.002,1.039,0.02,4620,21.961,13.333,54,,,,,,,,,,,0.0,,
2026-09-26T22:31:16.829,98.287,0,1289.25,30,,97.875,12.549,17.0,0.0,1.002,1.023,0.004,4410,21.961,13.333,54,,,,,,,,,,,,19.608,
2026-09-26T22:31:16.959,98.416,0,1287.75,29,,97.875,12.941,17.5,0.781,1.002,1.039,0.023,4560,21.961,13.333,54,,,,,,,,,,,,,133
2026-09-26T22:31:17.090,98.547,0,1282.25,29,,97.844,12.941,17.5,1.562,1.002,1.057,0.043,4710,21.961,13.333,53,103,,,,,,,,,,,,
2026-09-26T22:31:17.219,98.676,0,1281.75,29,,97.844,13.333,17.5,2.344,1.002,1.044,0.027,4750,21.961,13.333,54,,34,,,,,,,,,,,
2026-09-26T22:31:17.349,98.806,0,1276.0,30,,97.844,12.941,9.5,1.562,1.002,1.033,0.016,4590,16.863,12.157,53,,,10.156,,,,,,,,,,
2026-09-26T22:31:17.479,98.936,0,1275.0,25,,97.875,0.0,20.0,2.344,1.002,1.032,0.012,4260,14.51,12.157,53,,,,14.394,,,,,,,,,
2026-09-26T22:31:17.609,99.066,0,1271.5,23,,97.875,0.0,19.5,1.562,1.002,0.998,-0.023,4160,14.51,12.157,53,,,,,97,,,,,,,,
2026-09-26T22:31:17.739,99.196,0,1256.25,23,,97.781,0.0,11.0,0.781,1.003,0.99,-0.043,3870,14.51,12.157,53,,,,,,20,,,,,,,
2026-09-26T22:31:17.869,99.326,0,1263.5,22,,97.781,0.0,8.0,0.0,1.003,0.979,-0.074,3530,14.51,12.157,53,,,,,,,100.0,,,,,,
2026-09-26T22:31:17.999,99.456,0,1266.75,22,,97.781,0.0,5.0,0.0,1.004,0.97,-0.098,3390,14.51,12.157,53,,,,,,,,485.6,,,,,
2026-09-26T22:31:18.130,99.587,0,1253.5,22,,97.75,0.0,0.0,0.0,1.004,0.976,-0.082,3540,14.51,12.157,52,,,,,,,,,0.785,,,,
2026-09-26T22:31:18.259,99.716,0,1251.75,22,,97.75,0.0,-3.5,0.0,1.004,0.981,-0.07,3670,14.51,12.157,52,,,,,,,,,,,0.0,,
2026-09-26T22:31:18.390,99.847,0,1251.5,21,,97.562,0.0,-5.5,0.0,1.005,0.981,-0.066,4490,14.51,12.157,52,,,,,,,,,,,,12.157,
2026-09-26T22:31:18.518,99.976,0,1228.25,22,,97.562,0.0,-5.5,0.0,1.004,1.062,0.047,5940,14.51,12.157,52,,,,,,,,,,,,,134
2026-09-26T22:31:18.649,100.106,0,1228.75,22,,97.531,0.0,-5.5,0.0,1.001,1.322,0.305,7100,14.51,12.157,52,103,,,,,,,,,,,,
2026-09-26T22:31:18.779,100.236,0,1224.0,23,,97.562,0.0,-5.5,0.0,0.998,1.666,0.531,8380,14.51,12.157,51,,34,,,,,,,,,,,
2026-09-26T22:31:18.909,100.367,0,1213.75,24,,97.594,0.0,-6.0,0.0,1.025,2.0,0.738,9680,14.51,12.157,51,,,8.594,,,,,,,,,,
2026-09-26T22:31:19.039,100.496,0,1210.75,24,,97.594,0.0,-6.0,0.0,1.078,2.0,0.879,10070,14.51,12.157,51,,,,14.433,,,,,,,,,
2026-09-26T22:31:19.169,100.626,0,1209.0,25,,97.781,0.0,-6.0,0.0,1.145,2.0,0.984,10050,14.51,12.157,51,,,,,97,,,,,,,,
2026-09-26T22:31:19.299,100.756,0,1203.75,24,,97.844,0.0,-6.0,0.0,1.191,2.0,1.059,10040,14.51,12.157,50,,,,,,20,,,,,,,
2026-09-26T22:31:19.429,100.886,0,1196.25,24,,97.875,0.0,-6.0,0.0,1.248,2.0,1.098,10010,14.51,12.157,50,,,,,,,100.0,,,,,,
2026-09-26T22:31:19.559,101.016,0,1194.25,24,,97.844,0.0,-6.0,0.0,1.315,2.0,1.141,10010,14.51,12.157,50,,,,,,,,488.1,,,,,
2026-09-26T22:31:19.690,101.147,0,1188.5,24,,97.875,0.0,-6.0,0.0,1.41,2.0,1.16,10010,14.51,12.157,49,,,,,,,,,0.79,,,,
2026-09-26T22:31:19.818,101.276,0,1182.0,24,,97.875,0.0,-6.5,0.0,1.499,2.0,1.18,9990,14.51,12.157,49,,,,,,,,,,,0.0,,
2026-09-26T22:31:19.949,101.406,0,1175.5,24,,97.875,0.0,-6.5,0.0,1.616,2.0,1.195,9980,14.51,12.157,49,,,,,,,,,,,,13.333,
2026-09-26T22:31:20.079,101.536,0,1173.75,24,,97.875,0.0,-6.5,0.0,1.694,2.0,1.203,9980,14.51,12.157,49,,,,,,,,,,,,,136
2026-09-26T22:31:20.228,101.686,0,1166.5,24,,97.875,0.0,-6.5,0.0,1.753,2.0,1.215,9970,14.51,12.157,49,103,,,,,,,,,,,,
2026-09-26T22:31:20.358,101.816,0,1156.0,24,,97.875,0.0,-6.5,0.0,1.775,2.0,1.215,9970,14.51,12.157,48,,34,,,,,,,,,,,
2026-09-26T22:31:20.490,101.947,0,1153.25,24,,97.875,0.0,-7.0,0.0,1.788,2.0,1.223,9960,14.51,12.157,48,,,9.375,,,,,,,,,,
2026-09-26T22:31:20.618,102.076,0,1146.0,24,,97.875,0.0,-7.0,0.0,1.794,2.0,1.227,9950,14.902,12.157,48,,,,14.453,,,,,,,,,
2026-09-26T22:31:20.749,102.206,0,1141.0,24,,97.875,0.0,-7.0,0.0,1.797,2.0,1.227,9950,14.902,12.157,48,,,,,97,,,,,,,,
2026-09-26T22:31:20.879,102.336,0,1139.0,24,,97.875,0.0,-7.0,0.0,1.798,2.0,1.227,9950,14.902,12.157,47,,,,,,20,,,,,,,
2026-09-26T22:31:21.009,102.466,0,1138.75,24,,97.875,0.0,-7.0,0.0,1.799,2.0,1.23,9940,14.902,12.157,47,,,,,,,100.0,,,,,,
2026-09-26T22:31:21.138,102.596,0,1132.25,24,,97.875,0.0,-7.0,0.0,1.8,2.0,1.234,9940,14.902,11.765,47,,,,,,,,490.7,,,,,
2026-09-26T22:31:21.269,102.726,0,1149.0,24,,97.875,0.0,-6.5,0.0,1.8,2.0,1.234,9930,15.294,12.157,47,,,,,,,,,0.1,,,,
2026-09-26T22:31:21.399,102.856,0,1215.75,23,,97.875,0.0,-5.0,0.0,1.8,2.0,1.23,9940,15.686,12.549,47,,,,,,,,,,,0.0,,
2026-09-26T22:31:21.529,102.986,0,1300.0,24,,97.875,0.0,-4.0,0.0,1.8,2.0,1.234,9930,15.294,12.549,46,,,,,,,,,,,,13.333,
2026-09-26T22:31:21.659,103.116,0,1364.5,24,,97.875,0.0,-3.0,0.0,1.8,2.0,1.23,9920,15.294,12.549,46,,,,,,,,,,,,,138
2026-09-26T22:31:21.792,103.249,0,1423.0,23,,97.875,0.0,-2.5,0.0,1.8,2.0,1.234,9930,15.686,12.549,46,103,,,,,,,,,,,,
2026-09-26T22:31:21.919,103.376,0,1457.0,23,,97.875,0.0,-2.5,0.0,1.8,2.0,1.238,9920,15.686,12.549,46,,35,,,,,,,,,,,
2026-09-26T22:31:22.049,103.506,0,1458.25,23,,97.906,0.0,-2.5,0.0,1.8,2.0,1.238,9910,15.686,12.549,46,,,7.812,,,,,,,,,,
2026-09-26T22:31:22.179,103.636,0,1449.0,23,,98.062,0.0,-2.5,0.0,1.8,2.0,1.238,9910,16.078,12.549,46,,,,14.433,,,,,,,,,
2026-09-26T22:31:22.309,103.766,0,1440.25,23,,98.062,0.0,-2.5,0.0,1.8,2.0,1.238,9920,16.078,12.549,46,,,,,97,,,,,,,,
2026-09-26T22:31:22.439,103.896,0,1435.5,23,,98.094,0.0,-2.5,0.0,1.8,2.0,1.242,9900,16.078,12.549,46,,,,,,20,,,,,,,
2026-09-26T22:31:22.569,104.026,0,1431.75,23,,98.156,0.0,-2.5,0.0,1.8,2.0,1.242,9900,15.686,12.549,45,,,,,,,100.0,,,,,,
2026-09-26T22:31:22.698,104.155,0,1426.0,23,,98.188,0.0,-2.5,0.0,1.8,2.0,1.242,9900,15.686,12.549,45,,,,,,,,492.9,,,,,
2026-09-26T22:31:22.829,104.286,0,1420.75,23,,98.188,0.0,-2.5,0.0,1.8,2.0,1.242,9890,15.294,12.549,45,,,,,,,,,0.095,,,,
2026-09-26T22:31:22.959,104.416,0,1417.5,23,,98.188,0.0,-2.5,0.0,1.8,2.0,1.246,9900,15.294,12.549,45,,,,,,,,,,,0.0,,
2026-09-26T22:31:23.090,104.547,0,1413.75,23,,98.188,0.0,-2.5,0.0,1.8,2.0,1.246,9890,14.51,12.549,45,,,,,,,,,,,,12.941,
2026-09-26T22:31:23.219,104.676,0,1408.5,23,,98.188,0.0,-2.5,0.0,1.8,2.0,1.246,9890,14.51,12.549,45,,,,,,,,,,,,,139
2026-09-26T22:31:23.349,104.806,0,1408.5,23,,98.188,0.0,-2.5,0.0,1.8,2.0,1.246,9880,14.51,12.549,45,103,,,,,,,,,,,,
2026-09-26T22:31:23.479,104.936,0,1407.5,23,,98.188,0.0,-2.5,0.0,1.8,2.0,1.246,9870,14.51,12.549,45,,35,,,,,,,,,,,
2026-09-26T22:31:23.609,105.066,0,1404.5,23,,98.188,0.0,-3.0,0.0,1.8,2.0,1.246,9880,14.51,12.549,44,,,8.594,,,,,,,,,,
2026-09-26T22:31:23.738,105.195,0,1400.5,23,,98.188,0.0,-3.0,0.0,1.8,2.0,1.25,9870,14.51,12.549,44,,,,14.472,,,,,,,,,
2026-09-26T22:31:23.869,105.326,0,1399.5,23,,98.188,0.0,-3.0,0.0,1.8,2.0,1.25,9870,14.51,12.549,44,,,,,97,,,,,,,,
2026-09-26T22:31:23.998,105.455,0,1398.5,23,,98.188,0.0,-3.0,0.0,1.8,2.0,1.246,9870,14.51,12.549,44,,,,,,20,,,,,,,
2026-09-26T22:31:24.129,105.586,0,1392.25,23,,98.188,0.0,-3.0,0.0,1.8,2.0,1.246,9860,14.51,12.549,44,,,,,,,100.0,,,,,,
2026-09-26T22:31:24.258,105.716,0,1385.75,23,,98.188,0.0,-3.0,0.0,1.8,2.0,1.25,9860,14.51,12.549,44,,,,,,,,494.9,,,,,
2026-09-26T22:31:24.390,105.847,0,1385.75,23,,98.188,0.0,-3.0,0.0,1.8,2.0,1.25,9860,14.51,12.549,44,,,,,,,,,0.095,,,,
2026-09-26T22:31:24.518,105.976,0,1384.75,23,,98.188,0.0,-3.0,0.0,1.8,2.0,1.254,9850,14.51,12.549,44,,,,,,,,,,,0.0,,
2026-09-26T22:31:24.649,106.106,0,1382.75,23,,98.219,0.0,-3.0,0.0,1.8,2.0,1.25,9850,14.51,12.549,44,,,,,,,,,,,,12.941,
2026-09-26T22:31:24.778,106.235,0,1376.75,23,,98.188,0.0,-4.0,0.0,1.8,2.0,1.254,9850,14.51,12.549,44,,,,,,,,,,,,,141
2026-09-26T22:31:24.909,106.366,0,1376.75,24,,98.188,0.0,-4.0,0.0,1.8,2.0,1.25,9830,14.51,12.549,44,104,,,,,,,,,,,,
2026-09-26T22:31:25.038,106.495,0,1378.5,23,,98.219,0.0,-3.0,0.0,1.8,2.0,1.25,9840,14.51,12.549,44,,35,,,,,,,,,,,
2026-09-26T22:31:25.169,106.626,0,1372.0,23,,98.188,0.0,-4.0,0.0,1.8,2.0,1.254,9830,14.51,12.549,43,,,8.594,,,,,,,,,,
2026-09-26T22:31:25.299,106.756,0,1357.75,24,,98.188,0.0,-4.0,0.0,1.8,2.0,1.254,9830,14.51,12.549,43,,,,14.472,,,,,,,,,
2026-09-26T22:31:25.428,106.886,0,1359.5,23,,98.219,0.0,-4.0,0.0,1.8,2.0,1.25,9830,14.51,12.549,44,,,,,97,,,,,,,,
2026-09-26T22:31:25.558,107.015,0,1366.25,23,,98.219,0.0,-4.0,0.0,1.8,2.0,1.25,9830,14.51,12.549,43,,,,,,20,,,,,,,
2026-09-26T22:31:25.690,107.147,0,1366.75,23,,98.188,0.0,-4.0,0.0,1.8,2.0,1.254,9820,14.51,12.549,43,,,,,,,100.0,,,,,,
2026-09-26T22:31:25.819,107.276,0,1356.75,24,,98.281,0.0,-4.0,0.0,1.8,2.0,1.254,9820,14.51,12.549,43,,,,,,,,496.8,,,,,
2026-09-26T22:31:25.949,107.406,0,1349.25,24,,98.25,0.0,-4.0,0.0,1.8,2.0,1.25,9820,14.51,12.549,43,,,,,,,,,0.095,,,,
2026-09-26T22:31:26.078,107.535,0,1348.5,24,,98.219,0.0,-4.0,0.0,1.8,2.0,1.254,9810,14.51,12.549,43,,,,,,,,,,,0.0,,
2026-09-26T22:31:26.210,107.667,0,1344.5,24,,98.219,0.0,-4.0,0.0,1.8,2.0,1.254,9810,14.51,12.549,43,,,,,,,,,,,,13.333,
2026-09-26T22:31:26.338,107.796,0,1338.75,24,,98.219,0.0,-4.0,0.0,1.8,2.0,1.25,9810,14.51,12.549,43,,,,,,,,,,,,,142
2026-09-26T22:31:26.469,107.926,0,1336.5,23,,98.219,0.0,-4.0,0.0,1.8,2.0,1.254,9810,14.51,12.157,43,104,,,,,,,,,,,,
2026-09-26T22:31:26.599,108.056,0,1340.0,23,,98.188,0.0,-4.0,0.0,1.8,2.0,1.254,9800,14.51,12.157,42,,35,,,,,,,,,,,
2026-09-26T22:31:26.729,108.186,0,1336.5,23,,98.375,0.0,-4.0,0.0,1.8,2.0,1.254,9810,14.51,12.157,42,,,8.594,,,,,,,,,,
2026-09-26T22:31:26.859,108.316,0,1326.75,23,,98.188,0.0,-4.0,0.0,1.8,2.0,1.254,9800,14.51,12.549,42,,,,14.511,,,,,,,,,
2026-09-26T22:31:26.991,108.448,0,1318.25,23,,98.219,0.0,-4.0,0.0,1.8,2.0,1.254,9800,14.51,12.549,42,,,,,97,,,,,,,,
2026-09-26T22:31:27.119,108.576,0,1314.75,23,,98.188,0.0,-4.0,0.0,1.8,2.0,1.254,9800,14.51,12.549,42,,,,,,20,,,,,,,
2026-09-26T22:31:27.249,108.706,0,1310.0,24,,98.188,0.0,-4.5,0.0,1.8,2.0,1.254,9800,14.51,12.549,42,,,,,,,100.0,,,,,,
2026-09-26T22:31:27.379,108.836,0,1305.75,23,,98.188,0.0,-4.5,0.0,1.8,2.0,1.254,9790,14.51,12.549,42,,,,,,,,498.4,,,,,
2026-09-26T22:31:27.509,108.966,0,1305.0,23,,98.188,0.0,-4.5,0.0,1.8,2.0,1.254,9800,14.51,12.549,41,,,,,,,,,0.095,,,,
2026-09-26T22:31:27.639,109.096,0,1302.75,24,,98.188,0.0,-4.5,0.0,1.8,2.0,1.258,9790,14.51,12.549,41,,,,,,,,,,,0.0,,
2026-09-26T22:31:27.769,109.226,0,1299.5,24,,98.188,0.0,-4.5,0.0,1.8,2.0,1.254,9790,14.51,12.157,41,,,,,,,,,,,,13.725,
2026-09-26T22:31:27.898,109.356,0,1288.75,23,,98.188,0.0,-4.5,0.0,1.8,2.0,1.254,9790,14.51,12.157,41,,,,,,,,,,,,,144
2026-09-26T22:31:28.029,109.486,0,1284.0,23,,98.188,0.0,-4.5,0.0,1.8,2.0,1.254,9780,14.51,12.157,40,104,,,,,,,,,,,,
2026-09-26T22:31:28.158,109.616,0,1274.5,23,,98.219,0.0,-5.0,0.0,1.8,2.0,1.254,9780,14.51,12.157,40,,35,,,,,,,,,,,
2026-09-26T22:31:28.292,109.749,0,1263.0,23,,98.188,0.0,-5.0,0.0,1.8,2.0,1.254,9780,14.51,12.157,40,,,9.375,,,,,,,,,,
2026-09-26T22:31:28.419,109.876,0,1251.5,23,,98.188,0.0,-5.0,0.0,1.8,2.0,1.254,9780,14.51,12.157,40,,,,14.472,,,,,,,,,
2026-09-26T22:31:28.549,110.006,0,1248.0,23,,98.188,0.0,-5.5,0.0,1.8,2.0,1.254,9770,14.51,12.157,39,,,,,97,,,,,,,,
2026-09-26T22:31:28.678,110.135,0,1239.0,24,,98.188,0.0,-5.5,0.0,1.8,2.0,1.254,9770,14.51,12.157,39,,,,,,20,,,,,,,
2026-09-26T22:31:28.809,110.266,0,1224.25,24,,98.188,0.0,-5.5,0.0,1.8,2.0,1.254,9770,14.51,12.157,39,,,,,,,100.0,,,,,,
2026-09-26T22:31:28.938,110.395,0,1214.5,23,,98.188,0.0,-6.0,0.0,1.8,2.0,1.254,9760,14.51,12.157,39,,,,,,,,500.1,,,,,
2026-09-26T22:31:29.069,110.526,0,1206.0,24,,98.188,0.0,-6.0,0.0,1.8,2.0,1.258,9760,14.51,12.157,38,,,,,,,,,0.095,,,,
2026-09-26T22:31:29.199,110.656,0,1198.5,23,,98.188,0.0,-6.0,0.0,1.8,2.0,1.258,9760,14.51,12.157,38,,,,,,,,,,,0.0,,
2026-09-26T22:31:29.328,110.786,0,1188.75,23,,98.188,0.0,-6.0,0.0,1.8,2.0,1.258,9760,14.51,12.157,37,,,,,,,,,,,,12.941,
2026-09-26T22:31:29.458,110.915,0,1175.25,23,,98.188,0.0,-6.5,0.0,1.8,2.0,1.258,9760,14.51,12.157,37,,,,,,,,,,,,,145
2026-09-26T22:31:29.590,111.047,0,1161.25,23,,98.156,0.0,-6.5,0.0,1.8,2.0,1.258,9760,14.51,12.157,37,104,,,,,,,,,,,,
2026-09-26T22:31:29.718,111.176,0,1146.75,23,,98.094,0.0,-7.0,0.0,1.8,2.0,1.258,9750,14.51,12.157,36,,36,,,,,,,,,,,
2026-09-26T22:31:29.849,111.306,0,1136.0,23,,98.156,0.0,-7.0,0.0,1.8,2.0,1.258,9750,14.51,12.157,36,,,9.375,,,,,,,,,,
2026-09-26T22:31:29.979,111.436,0,1125.5,23,,98.062,0.0,-7.0,0.0,1.8,2.0,1.258,9750,14.51,12.157,35,,,,14.414,,,,,,,,,
2026-09-26T22:31:30.109,111.566,0,1114.5,23,,98.094,0.0,-7.5,0.0,1.8,2.0,1.258,9740,14.51,12.157,35,,,,,97,,,,,,,,
2026-09-26T22:31:30.239,111.696,0,1101.5,23,,97.969,0.0,-7.5,0.0,1.8,2.0,1.258,9740,14.51,11.765,34,,,,,,20,,,,,,,
2026-09-26T22:31:30.368,111.826,0,1080.5,23,,97.906,0.0,-8.5,0.0,1.8,2.0,1.258,9740,14.51,11.765,34,,,,,,,100.0,,,,,,
2026-09-26T22:31:30.499,111.956,0,1153.75,23,,97.875,0.0,-6.5,0.0,1.8,2.0,1.258,9740,14.51,12.157,33,,,,,,,,502.0,,,,,
2026-09-26T22:31:30.628,112.085,0,1259.0,24,,97.938,0.0,-4.5,0.0,1.8,2.0,1.254,9730,14.51,12.157,32,,,,,,,,,0.095,,,,
2026-09-26T22:31:30.759,112.216,0,1324.5,23,,97.875,0.0,-4.0,0.0,1.8,2.0,1.258,9730,14.51,12.549,31,,,,,,,,,,,0.0,,
2026-09-26T22:31:30.891,112.348,0,1366.75,24,,97.906,0.0,-4.0,0.0,1.8,2.0,1.258,9730,14.51,12.549,31,,,,,,,,,,,,12.941,
2026-09-26T22:31:31.019,112.476,0,1404.0,23,,97.969,0.0,-2.5,0.0,1.8,2.0,1.258,9720,14.51,12.549,30,,,,,,,,,,,,,147
2026-09-26T22:31:31.149,112.606,0,1378.75,23,,97.938,0.0,-4.0,0.0,1.8,2.0,1.258,9720,14.51,12.549,29,104,,,,,,,,,,,,
2026-09-26T22:31:31.278,112.736,0,1352.0,23,,98.156,0.0,-4.0,0.0,1.8,2.0,1.262,9730,14.51,12.157,29,,36,,,,,,,,,,,
2026-09-26T22:31:31.409,112.866,0,1323.25,23,,98.188,0.0,-4.0,0.0,1.8,2.0,1.262,9710,14.51,12.157,28,,,9.375,,,,,,,,,,
2026-09-26T22:31:31.539,112.996,0,1291.5,23,,98.156,0.0,-5.0,0.0,1.8,2.0,1.266,9720,14.51,12.157,28,,,,14.492,,,,,,,,,
2026-09-26T22:31:31.668,113.126,0,1261.25,23,,98.188,0.0,-5.5,0.0,1.8,2.0,1.262,9710,14.51,12.157,27,,,,,97,,,,,,,,
2026-09-26T22:31:31.798,113.255,0,1229.75,23,,98.125,0.0,-5.5,0.0,1.8,2.0,1.262,9710,14.51,12.157,26,,,,,,20,,,,,,,
2026-09-26T22:31:31.928,113.386,0,1241.0,23,,98.125,0.0,-5.0,0.0,1.8,2.0,1.266,9700,14.51,12.157,25,,,,,,,100.0,,,,,,
2026-09-26T22:31:32.058,113.515,0,1264.5,23,,98.156,0.0,-5.0,0.0,1.8,2.0,1.266,9710,14.51,12.157,24,,,,,,,,503.4,,,,,
2026-09-26T22:31:32.190,113.647,0,1261.75,23,,98.156,0.0,-5.0,0.0,1.8,2.0,1.266,9700,14.51,12.157,24,,,,,,,,,0.095,,,,
2026-09-26T22:31:32.319,113.776,0,1260.0,23,,98.062,0.0,-5.0,0.0,1.8,2.0,1.262,9700,14.51,12.157,23,,,,,,,,,,,0.0,,
2026-09-26T22:31:32.449,113.906,0,1255.5,23,,98.188,0.0,-5.0,0.0,1.8,2.0,1.262,9700,14.51,12.157,22,,,,,,,,,,,,12.941,
2026-09-26T22:31:32.578,114.036,0,1241.0,23,,98.188,0.0,-5.5,0.0,1.8,2.0,1.262,9700,14.51,12.157,21,,,,,,,,,,,,,149
2026-09-26T22:31:32.709,114.166,0,1231.0,24,,98.156,0.0,-5.5,0.0,1.8,2.0,1.262,9690,14.51,12.157,20,104,,,,,,,,,,,,
2026-09-26T22:31:32.839,114.296,0,1239.75,23,,98.156,0.0,-5.5,0.0,1.8,2.0,1.262,9690,14.51,12.157,19,,36,,,,,,,,,,,
2026-09-26T22:31:32.969,114.426,0,1234.5,23,,98.125,0.0,-5.5,0.0,1.8,2.0,1.266,9690,14.51,12.157,19,,,9.375,,,,,,,,,,
2026-09-26T22:31:33.098,114.555,0,1229.0,24,,98.156,0.0,-5.5,0.0,1.8,2.0,1.266,9680,14.51,12.157,18,,,,14.394,,,,,,,,,
2026-09-26T22:31:33.229,114.686,0,1211.5,24,,98.156,0.0,-6.0,0.0,1.8,2.0,1.266,9680,14.51,12.157,17,,,,,97,,,,,,,,
2026-09-26T22:31:33.359,114.816,0,1146.25,24,,98.156,0.0,-7.5,0.0,1.751,2.0,1.266,9670,14.51,11.765,16,,,,,,20,,,,,,,
2026-09-26T22:31:33.490,114.947,0,1039.0,24,,98.125,11.765,-1.5,0.0,1.874,2.0,1.285,9640,14.51,11.765,16,,,,,,,100.0,,,,,,
2026-09-26T22:31:33.619,115.076,0,1027.75,23,,98.0,11.373,-2.5,0.0,1.812,2.0,1.016,9850,14.51,11.765,15,,,,,,,,504.5,,,,,
2026-09-26T22:31:33.748,115.205,0,990.25,22,,97.906,11.765,2.0,0.0,1.547,1.665,0.531,9560,14.51,11.765,15,,,,,,,,,0.095,,,,
2026-09-26T22:31:33.878,115.335,0,947.25,22,,97.875,12.157,9.0,0.0,1.334,1.189,0.184,9180,14.51,12.157,14,,,,,,,,,,,0.0,,
2026-09-26T22:31:34.008,115.465,0,908.5,24,,97.875,13.725,5.0,0.0,1.157,1.04,0.023,8760,14.51,12.157,13,,,,,,,,,,,,16.471,
2026-09-26T22:31:34.139,115.596,0,875.5,26,,97.875,15.294,2.0,0.0,1.062,0.968,-0.102,8370,14.51,12.157,13,,,,,,,,,,,,,150
2026-09-26T22:31:34.268,115.725,0,860.5,27,,97.844,16.471,0.5,0.0,0.996,0.938,-0.168,8000,14.51,12.549,12,104,,,,,,,,,,,,
2026-09-26T22:31:34.398,115.855,0,853.25,28,,97.656,17.647,-1.0,0.0,0.962,0.921,-0.211,7660,14.51,12.157,12,,36,,,,,,,,,,,
2026-09-26T22:31:34.529,115.986,0,843.25,29,,97.625,17.647,0.5,-0.781,0.938,0.925,-0.199,7160,14.51,12.549,11,,,7.812,,,,,,,,,,
2026-09-26T22:31:34.659,116.116,0,824.25,29,,97.531,20.0,-2.5,0.0,0.926,0.921,-0.211,6790,14.51,12.157,10,,,,14.394,,,,,,,,,
2026-09-26T22:31:34.792,116.249,0,799.5,31,,97.562,19.608,2.0,0.0,0.917,0.914,-0.227,6290,14.51,12.549,10,,,,,97,,,,,,,,
2026-09-26T22:31:34.919,116.376,0,798.0,34,,97.531,21.961,-4.0,0.0,0.912,0.916,-0.223,5870,14.51,12.549,9,,,,,,20,,,,,,,
2026-09-26T22:31:35.049,116.506,0,816.75,34,,97.531,21.569,-4.0,0.0,0.908,0.919,-0.215,5320,14.51,12.549,8,,,,,,,100.0,,,,,,
2026-09-26T22:31:35.178,116.635,0,840.75,33,,97.531,20.0,-8.0,0.0,0.906,0.914,-0.227,4800,14.51,12.157,7,,,,,,,,503.6,,,,,
2026-09-26T22:31:35.309,116.766,0,858.5,31,,97.531,18.824,-4.5,0.0,0.904,0.904,-0.25,4450,14.51,12.157,7,,,,,,,,,0.15,,,,
2026-09-26T22:31:35.438,116.895,0,861.75,30,,97.531,17.647,-2.0,0.0,0.902,0.893,-0.281,4210,14.51,12.549,6,,,,,,,,,,,0.0,,
2026-09-26T22:31:35.569,117.026,0,855.75,29,,97.531,17.647,-2.5,-0.781,0.901,0.883,-0.312,3990,14.51,12.549,5,,,,,,,,,,,,19.216,
2026-09-26T22:31:35.698,117.155,0,851.75,30,,97.531,18.039,-3.0,-1.562,0.9,0.873,-0.34,3550,14.51,12.157,5,,,,,,,,,,,,,152
2026-09-26T22:31:35.828,117.285,0,848.0,30,,97.531,18.039,-1.5,-1.562,0.899,0.872,-0.344,3290,14.51,12.549,4,105,,,,,,,,,,,,
2026-09-26T22:31:35.959,117.416,0,848.5,30,,97.531,18.431,-2.5,-1.562,0.898,0.88,-0.32,3160,14.51,12.549,3,,36,,,,,,,,,,,
2026-09-26T22:31:36.090,117.547,0,849.0,30,,97.5,18.431,-6.0,-0.781,0.896,0.889,-0.293,3340,14.51,12.157,3,,,7.812,,,,,,,,,,
2026-09-26T22:31:36.218,117.675,0,835.0,30,,97.531,18.039,15.5,-0.781,0.895,0.891,-0.289,3480,14.51,13.333,2,,,,14.453,,,,,,,,,
2026-09-26T22:31:36.348,117.806,0,831.25,31,,97.219,21.961,0.0,-0.781,0.893,0.883,-0.312,3640,14.51,12.549,2,,,,,97,,,,,,,,
2026-09-26T22:31:36.479,117.936,0,845.5,34,,97.438,20.784,0.5,-1.562,0.892,0.875,-0.336,3780,14.51,13.725,2,,,,,,20,,,,,,,
2026-09-26T22:31:36.608,118.065,0,858.0,34,,97.219,22.745,-4.0,-1.562,0.89,0.874,-0.336,3920,14.51,12.941,1,,,,,,,100.0,,,,,,
2026-09-26T22:31:36.738,118.195,0,884.0,35,,97.344,21.961,-6.0,-1.562,0.888,0.877,-0.328,4350,14.51,12.549,1,,,,,,,,502.0,,,,,
2026-09-26T22:31:36.868,118.326,0,894.0,35,,97.281,20.392,-3.0,-1.562,0.886,0.879,-0.324,4540,14.51,12.941,1,,,,,,,,,0.185,,,,
2026-09-26T22:31:36.998,118.456,0,896.0,34,,97.281,21.176,-2.5,-1.562,0.884,0.876,-0.332,4650,14.51,12.941,1,,,,,,,,,,,0.0,,
2026-09-26T22:31:37.128,118.585,0,891.0,34,,97.219,21.569,-1.0,-1.562,0.883,0.869,-0.352,4710,14.51,12.941,0,,,,,,,,,,,,24.706,
2026-09-26T22:31:37.258,118.715,0,885.5,35,,97.219,22.745,-2.5,-2.344,0.882,0.862,-0.375,4820,14.51,13.333,0,,,,,,,,,,,,,153
2026-09-26T22:31:37.390,118.847,0,882.25,37,,97.219,23.922,-4.5,-3.125,0.881,0.859,-0.383,5230,14.51,12.941,0,105,,,,,,,,,,,,
2026-09-26T22:31:37.518,118.975,0,880.0,36,,97.219,22.745,-3.0,-3.125,0.88,0.861,-0.375,5440,14.51,13.333,0,,36,,,,,,,,,,,
2026-09-26T22:31:37.649,119.106,0,877.0,37,,97.219,23.922,-5.0,-3.125,0.88,0.867,-0.359,5740,14.51,12.941,0,,,7.031,,,,,,,,,,
2026-09-26T22:31:37.778,119.235,0,873.75,37,,97.219,23.137,-4.0,-2.344,0.88,0.881,-0.316,5840,14.51,12.941,0,,,,14.355,,,,,,,,,
2026-09-26T22:31:37.909,119.366,0,865.5,36,,97.219,23.137,-4.0,-1.562,0.88,0.888,-0.297,5780,14.51,12.941,0,,,,,97,,,,,,,,
2026-09-26T22:31:38.038,119.495,0,860.5,38,,97.25,24.314,-4.0,-1.562,0.88,0.89,-0.289,5850,14.51,12.941,0,,,,,,20,,,,,,,
2026-09-26T22:31:38.168,119.626,0,857.25,37,,97.219,24.314,-4.0,-1.562,0.88,0.894,-0.277,5870,14.51,12.941,0,,,,,,,100.0,,,,,,
2026-09-26T22:31:38.298,119.755,0,854.75,37,,97.219,23.922,-4.0,-1.562,0.88,0.894,-0.281,5610,14.51,12.941,0,,,,,,,,499.0,,,,,
2026-09-26T22:31:38.428,119.885,0,857.0,37,,97.219,23.922,-3.0,-0.781,0.88,0.899,-0.266,5490,14.51,12.941,0,,,,,,,,,0.2,,,,
2026-09-26T22:31:38.558,120.015,0,855.0,37,,97.219,23.922,-4.0,0.0,0.88,0.914,-0.227,5580,14.51,12.941,0,,,,,,,,,,,0.0,,
2026-09-26T22:31:38.690,120.147,0,853.0,38,,97.219,24.314,-4.0,0.781,0.88,0.931,-0.184,5880,14.51,12.941,0,,,,,,,,,,,,25.49,
2026-09-26T22:31:38.818,120.275,0,849.5,37,,97.219,23.922,-2.5,0.781,0.88,0.929,-0.191,5850,14.51,12.941,0,,,,,,,,,,,,,155
2026-09-26T22:31:38.949,120.406,0,847.0,38,,97.219,24.314,-3.0,0.781,0.88,0.92,-0.211,5710,14.51,12.941,0,105,,,,,,,,,,,,
2026-09-26T22:31:39.078,120.535,0,848.0,38,,97.219,24.314,-3.5,1.562,0.88,0.921,-0.211,5560,14.51,12.941,0,,36,,,,,,,,,,,
2026-09-26T22:31:39.209,120.666,0,849.25,38,,97.219,23.922,-3.5,1.562,0.88,0.919,-0.215,5490,14.51,12.941,0,,,7.812,,,,,,,,,,
2026-09-26T22:31:39.339,120.796,0,850.0,38,,97.219,23.922,-3.0,1.562,0.88,0.913,-0.227,5560,14.51,12.941,0,,,,14.433,,,,,,,,,
2026-09-26T22:31:39.468,120.925,0,847.0,38,,97.219,23.529,-3.5,1.562,0.88,0.906,-0.246,5660,14.51,12.941,0,,,,,97,,,,,,,,
2026-09-26T22:31:39.598,121.055,0,841.75,38,,97.219,24.706,-4.0,1.562,0.88,0.9,-0.262,5780,14.51,12.549,0,,,,,,20,,,,,,,
2026-09-26T22:31:39.729,121.186,0,836.5,37,,97.25,23.529,-11.5,1.562,0.88,0.898,-0.266,5720,14.51,11.765,0,,,,,,,100.0,,,,,,
2026-09-26T22:31:39.858,121.315,0,830.0,35,,97.25,19.608,-4.0,2.344,0.88,0.9,-0.262,5310,14.51,12.157,0,,,,,,,,495.9,,,,,
2026-09-26T22:31:39.990,121.447,0,817.25,31,,97.281,19.216,-4.0,2.344,0.88,0.897,-0.27,5010,14.51,12.157,0,,,,,,,,,0.215,,,,
2026-09-26T22:31:40.119,121.576,0,804.5,30,,97.281,18.824,-1.5,2.344,0.88,0.893,-0.281,4600,14.51,12.157,0,,,,,,,,,,,0.0,,
2026-09-26T22:31:40.248,121.706,0,780.5,30,,97.312,18.431,4.5,2.344,0.88,0.894,-0.281,4300,14.51,12.549,0,,,,,,,,,,,,19.216,
2026-09-26T22:31:40.378,121.836,0,767.0,32,,97.219,20.0,5.0,2.344,0.881,0.888,-0.297,4050,14.51,12.549,0,,,,,,,,,,,,,156
2026-09-26T22:31:40.518,121.975,0,765.5,33,,97.219,21.176,-1.0,1.562,0.881,0.883,-0.312,3790,14.51,12.157,0,105,,,,,,,,,,,,
2026-09-26T22:31:40.649,122.106,0,775.0,34,,97.344,20.784,-1.5,1.562,0.881,0.883,-0.312,3650,14.51,12.157,0,,36,,,,,,,,,,,
2026-09-26T22:31:40.779,122.236,0,779.75,32,,97.281,20.0,-2.0,1.562,0.881,0.887,-0.301,3380,14.51,12.157,0,,,8.594,,,,,,,,,,
2026-09-26T22:31:40.909,122.366,0,777.75,32,,97.25,19.608,0.5,2.344,0.881,0.889,-0.293,3310,14.51,12.549,0,,,,14.335,,,,,,,,,
2026-09-26T22:31:41.038,122.495,0,777.0,31,,97.219,19.216,2.0,2.344,0.881,0.892,-0.285,3380,14.51,12.549,0,,,,,97,,,,,,,,
2026-09-26T22:31:41.168,122.625,0,774.0,32,,97.219,20.392,-1.0,2.344,0.881,0.896,-0.273,3680,14.51,12.157,0,,,,,,20,,,,,,,
2026-09-26T22:31:41.299,122.756,0,777.5,33,,97.219,20.392,0.0,2.344,0.881,0.896,-0.273,3830,14.51,12.157,0,,,,,,,100.0,,,,,,
2026-09-26T22:31:41.428,122.885,0,783.25,32,,97.219,20.0,-1.0,3.125,0.881,0.896,-0.273,3900,14.51,12.157,0,,,,,,,,494.0,,,,,
2026-09-26T22:31:41.558,123.015,0,784.5,32,,97.219,20.0,-1.0,2.344,0.881,0.89,-0.289,3920,14.51,12.157,0,,,,,,,,,0.225,,,,
2026-09-26T22:31:41.690,123.147,0,781.5,32,,97.219,20.0,0.0,2.344,0.881,0.885,-0.305,3850,14.51,12.549,0,,,,,,,,,,,0.0,,
2026-09-26T22:31:41.819,123.276,0,781.25,32,,97.219,19.608,0.5,2.344,0.881,0.885,-0.305,3640,14.51,12.157,0,,,,,,,,,,,,21.176,
2026-09-26T22:31:41.949,123.406,0,778.75,33,,97.219,20.392,-1.0,2.344,0.881,0.881,-0.316,3590,14.51,12.157,0,,,,,,,,,,,,,158
2026-09-26T22:31:42.078,123.535,0,779.5,33,,97.219,20.0,-0.5,2.344,0.881,0.88,-0.316,3720,14.51,12.157,0,105,,,,,,,,,,,,
2026-09-26T22:31:42.208,123.665,0,782.5,32,,97.219,20.0,-1.0,2.344,0.881,0.883,-0.309,3890,14.51,12.157,0,,36,,,,,,,,,,,
2026-09-26T22:31:42.339,123.796,0,783.25,32,,97.219,20.0,-1.0,2.344,0.881,0.886,-0.301,3990,14.51,12.157,0,,,8.594,,,,,,,,,,
2026-09-26T22:31:42.469,123.926,0,783.0,32,,97.219,20.392,-1.0,2.344,0.881,0.888,-0.297,3980,14.51,12.157,0,,,,14.355,,,,,,,,,
2026-09-26T22:31:42.598,124.055,0,782.5,32,,97.219,20.0,-1.0,2.344,0.881,0.884,-0.309,3780,14.51,12.157,0,,,,,97,,,,,,,,
2026-09-26T22:31:42.728,124.185,0,781.5,32,,97.219,20.0,0.5,2.344,0.881,0.88,-0.32,3660,14.51,12.157,0,,,,,,20,,,,,,,
2026-09-26T22:31:42.858,124.315,0,782.5,32,,97.219,20.0,0.5,2.344,0.881,0.883,-0.312,3660,14.51,12.549,0,,,,,,,100.0,,,,,,
2026-09-26T22:31:42.990,124.447,0,781.75,32,,97.219,20.0,0.5,2.344,0.881,0.889,-0.293,3750,14.51,12.157,0,,,,,,,,492.3,,,,,
2026-09-26T22:31:43.119,124.576,0,786.75,32,,97.219,20.0,-2.5,3.125,0.881,0.892,-0.285,3880,14.51,12.157,0,,,,,,,,,0.235,,,,
2026-09-26T22:31:43.248,124.705,0,789.25,32,,97.219,20.392,-1.5,3.125,0.881,0.894,-0.277,3940,14.51,12.157,0,,,,,,,,,,,0.0,,
2026-09-26T22:31:43.378,124.835,0,790.25,32,,97.219,20.0,0.0,3.125,0.881,0.894,-0.281,3930,14.51,12.157,0,,,,,,,,,,,,20.392,
2026-09-26T22:31:43.508,124.965,0,787.5,32,,97.219,19.608,0.0,3.125,0.881,0.891,-0.289,3870,14.51,12.549,0,,,,,,,,,,,,,159
2026-09-26T22:31:43.638,125.096,0,785.0,33,,97.219,20.784,-2.0,3.125,0.881,0.883,-0.312,3740,14.51,12.157,0,105,,,,,,,,,,,,
2026-09-26T22:31:43.769,125.226,0,784.25,33,,97.219,20.0,0.5,2.344,0.881,0.877,-0.328,3620,14.51,12.549,0,,36,,,,,,,,,,,
2026-09-26T22:31:43.898,125.356,0,789.75,32,,97.219,20.0,-1.5,2.344,0.881,0.881,-0.316,3630,14.51,12.157,0,,,8.594,,,,,,,,,,
2026-09-26T22:31:44.028,125.485,0,792.0,33,,97.219,20.392,-2.0,3.125,0.881,0.884,-0.309,3760,14.51,12.157,0,,,,14.414,,,,,,,,,
2026-09-26T22:31:44.158,125.615,0,793.75,32,,97.219,19.216,0.0,3.125,0.881,0.886,-0.301,3870,14.51,12.549,0,,,,,97,,,,,,,,
2026-09-26T22:31:44.292,125.749,0,790.0,32,,97.219,20.784,-2.5,3.125,0.881,0.886,-0.301,3930,14.51,12.157,0,,,,,,20,,,,,,,
2026-09-26T22:31:44.418,125.875,0,792.25,32,,97.219,20.0,-1.0,3.125,0.881,0.883,-0.312,3910,14.51,12.157,0,,,,,,,100.0,,,,,,
2026-09-26T22:31:44.549,126.006,0,793.25,32,,97.219,20.0,0.0,2.344,0.881,0.88,-0.32,3810,14.51,12.549,0,,,,,,,,490.3,,,,,
2026-09-26T22:31:44.678,126.135,0,793.75,32,,97.219,20.784,-3.0,2.344,0.881,0.877,-0.328,3730,14.51,12.157,0,,,,,,,,,0.25,,,,
2026-09-26T22:31:44.809,126.266,0,795.0,32,,97.219,20.392,-4.0,2.344,0.881,0.875,-0.336,3690,14.51,12.157,0,,,,,,,,,,,0.0,,
2026-09-26T22:31:44.939,126.396,0,795.5,32,,97.219,19.216,-0.5,2.344,0.881,0.874,-0.336,3660,14.51,12.549,0,,,,,,,,,,,,20.0,
2026-09-26T22:31:45.068,126.526,0,794.0,31,,97.219,20.392,-2.5,2.344,0.881,0.879,-0.324,3730,14.51,12.157,0,,,,,,,,,,,,,161
2026-09-26T22:31:45.198,126.655,0,792.5,32,,97.219,19.608,-1.5,2.344,0.881,0.878,-0.324,3830,14.51,12.157,0,105,,,,,,,,,,,,
2026-09-26T22:31:45.328,126.785,0,789.75,32,,97.219,19.608,-0.5,2.344,0.881,0.881,-0.316,3890,14.51,12.157,0,,36,,,,,,,,,,,
2026-09-26T22:31:45.458,126.915,0,791.25,32,,97.219,19.608,-0.5,2.344,0.881,0.882,-0.312,3880,14.51,12.157,0,,,8.594,,,,,,,,,,
2026-09-26T22:31:45.590,127.047,0,791.25,31,,97.219,19.608,-0.5,2.344,0.881,0.877,-0.328,3860,14.51,12.157,0,,,,14.375,,,,,,,,,
2026-09-26T22:31:45.718,127.175,0,791.0,31,,97.219,19.608,0.0,2.344,0.881,0.873,-0.34,3730,14.51,12.157,0,,,,,97,,,,,,,,
2026-09-26T22:31:45.849,127.306,0,790.5,31,,97.219,19.608,0.5,1.562,0.881,0.871,-0.344,3600,14.51,12.157,0,,,,,,20,,,,,,,
2026-09-26T22:31:45.978,127.435,0,789.75,31,,97.219,19.608,0.0,1.562,0.881,0.871,-0.344,3570,14.51,12.157,0,,,,,,,100.0,,,,,,
2026-09-26T22:31:46.108,127.565,0,787.0,31,,97.219,19.216,0.5,1.562,0.881,0.873,-0.34,3710,14.51,12.157,0,,,,,,,,488.4,,,,,
2026-09-26T22:31:46.238,127.695,0,785.0,32,,97.219,19.608,2.0,2.344,0.881,0.876,-0.328,3870,14.51,12.549,0,,,,,,,,,0.26,,,,
2026-09-26T22:31:46.369,127.826,0,789.0,32,,97.219,20.392,-2.0,2.344,0.881,0.879,-0.32,3940,14.51,12.549,0,,,,,,,,,,,0.0,,
2026-09-26T22:31:46.498,127.955,0,790.25,32,,97.219,20.392,-2.5,1.562,0.881,0.878,-0.324,3880,14.51,12.157,0,,,,,,,,,,,,21.176,
2026-09-26T22:31:46.628,128.086,0,795.25,33,,97.219,20.784,-4.0,1.562,0.881,0.876,-0.328,3760,14.51,12.157,0,,,,,,,,,,,,,163
2026-09-26T22:31:46.758,128.215,0,793.5,32,,97.219,19.216,-1.0,1.562,0.881,0.879,-0.324,3690,14.51,12.549,0,106,,,,,,,,,,,,
2026-09-26T22:31:46.890,128.347,0,789.5,32,,97.219,20.392,-0.5,2.344,0.881,0.881,-0.316,3690,14.51,12.549,0,,36,,,,,,,,,,,
2026-09-26T22:31:47.018,128.475,0,787.0,33,,97.219,20.392,-1.5,2.344,0.881,0.882,-0.316,3830,14.51,12.157,0,,,8.594,,,,,,,,,,
2026-09-26T22:31:47.148,128.605,0,793.5,32,,97.219,20.0,-2.5,2.344,0.881,0.884,-0.309,3970,14.51,12.157,0,,,,14.472,,,,,,,,,
2026-09-26T22:31:47.279,128.736,0,795.75,32,,97.219,20.0,-2.0,2.344,0.881,0.886,-0.301,3970,14.51,12.157,0,,,,,97,,,,,,,,
2026-09-26T22:31:47.408,128.865,0,792.75,32,,97.219,19.608,-1.5,2.344,0.881,0.882,-0.316,3810,14.51,12.157,0,,,,,,20,,,,,,,
2026-09-26T22:31:47.539,128.996,0,792.25,32,,97.219,19.608,0.0,2.344,0.881,0.878,-0.324,3670,14.51,12.157,0,,,,,,,100.0,,,,,,
2026-09-26T22:31:47.669,129.126,0,791.25,32,,97.219,20.0,0.5,1.562,0.881,0.876,-0.332,3620,14.51,12.549,0,,,,,,,,486.4,,,,,
2026-09-26T22:31:47.798,129.256,0,791.75,32,,97.219,20.0,1.5,1.562,0.888,0.88,-0.316,3680,14.51,12.549,0,,,,,,,,,0.815,,,,
2026-09-26T22:31:47.928,129.385,0,792.0,33,,97.219,21.176,-4.0,3.125,0.871,0.884,-0.309,3840,14.51,12.157,0,,,,,,,,,,,0.0,,
2026-09-26T22:31:48.058,129.515,0,788.5,33,,97.219,20.0,0.0,2.344,0.886,0.897,-0.27,3980,14.51,12.549,0,,,,,,,,,,,,20.784,
2026-09-26T22:31:48.190,129.647,0,791.25,33,,97.219,20.784,-1.0,1.562,0.922,0.924,-0.203,4000,14.51,12.549,0,,,,,,,,,,,,,164
2026-09-26T22:31:48.318,129.775,0,788.5,33,,97.219,20.784,-1.5,1.562,0.949,0.943,-0.156,4020,14.51,12.549,0,106,,,,,,,,,,,,
2026-09-26T22:31:48.449,129.906,0,786.5,33,,97.219,20.784,-1.0,1.562,0.972,0.961,-0.117,3960,14.51,12.549,0,,36,,,,,,,,,,,
2026-09-26T22:31:48.578,130.035,0,789.5,33,,97.219,21.176,-0.5,1.562,0.984,0.977,-0.082,3850,14.51,12.549,0,,,9.375,,,,,,,,,,
2026-09-26T22:31:48.708,130.165,0,791.5,33,,97.219,21.176,-2.0,1.562,0.992,0.979,-0.074,3740,14.51,12.549,0,,,,14.355,,,,,,,,,
2026-09-26T22:31:48.838,130.295,0,793.25,33,,97.219,21.176,-3.0,1.562,0.997,0.986,-0.055,3740,14.51,12.549,0,,,,,97,,,,,,,,
2026-09-26T22:31:48.968,130.425,0,791.75,33,,97.219,20.784,-3.5,1.562,1.0,0.991,-0.043,3880,14.51,12.157,0,,,,,,20,,,,,,,
2026-09-26T22:31:49.098,130.555,0,788.25,33,,97.219,20.784,-1.0,1.562,1.002,0.992,-0.039,3970,14.51,12.549,0,,,,,,,100.0,,,,,,
2026-09-26T22:31:49.229,130.686,0,785.0,32,,97.219,20.392,-1.0,0.781,1.003,0.993,-0.039,4030,14.51,12.157,0,,,,,,,,485.3,,,,,
2026-09-26T22:31:49.358,130.815,0,782.5,34,,97.219,20.784,-0.5,0.781,1.003,0.995,-0.031,4040,14.51,12.157,0,,,,,,,,,0.92,,,,
2026-09-26T22:31:49.490,130.947,0,788.0,33,,97.219,20.784,0.0,0.781,1.004,0.997,-0.027,4010,14.51,12.157,0,,,,,,,,,,,0.0,,
2026-09-26T22:31:49.618,131.075,0,789.25,33,,97.219,20.784,0.5,0.781,1.003,0.998,-0.023,3810,14.51,12.549,0,,,,,,,,,,,,21.569,
2026-09-26T22:31:49.749,131.206,0,785.0,33,,97.219,20.784,-1.5,0.781,1.005,1.001,-0.02,3720,14.51,12.549,0,,,,,,,,,,,,,166
2026-09-26T22:31:49.879,131.336,0,785.75,34,,97.219,21.176,0.0,1.562,1.008,1.012,-0.008,3780,14.51,12.549,0,106,,,,,,,,,,,,
2026-09-26T22:31:50.008,131.465,0,784.25,34,,97.219,21.176,-1.0,1.562,1.011,1.012,-0.008,3980,14.51,12.549,0,,36,,,,,,,,,,,
2026-09-26T22:31:50.138,131.595,0,785.0,34,,97.219,21.569,-3.0,1.562,1.012,1.014,-0.008,4190,14.51,12.549,0,,,9.375,,,,,,,,,,
2026-09-26T22:31:50.268,131.725,0,789.75,34,,97.219,21.569,-2.5,1.562,1.012,1.013,-0.008,4210,14.51,12.549,0,,,,14.414,,,,,,,,,
2026-09-26T22:31:50.398,131.855,0,795.5,34,,97.219,21.176,-4.0,1.562,1.012,1.008,-0.012,4020,14.51,12.549,0,,,,,97,,,,,,,,
2026-09-26T22:31:50.528,131.985,0,793.75,33,,97.219,21.176,-2.5,0.781,1.012,1.0,-0.02,3850,14.51,12.157,0,,,,,,20,,,,,,,
2026-09-26T22:31:50.658,132.115,0,783.5,33,,97.219,20.392,0.5,0.781,1.011,0.997,-0.027,3900,14.51,12.549,0,,,,,,,100.0,,,,,,
2026-09-26T22:31:50.792,132.249,0,786.75,34,,97.219,21.176,-2.0,0.781,1.01,1.005,-0.016,4060,14.51,12.549,0,,,,,,,,484.5,,,,,
2026-09-26T22:31:50.918,132.375,0,783.75,33,,97.219,20.784,2.0,0.781,1.009,1.007,-0.012,4080,14.51,12.549,0,,,,,,,,,0.91,,,,
2026-09-26T22:31:51.048,132.505,0,786.5,33,,97.219,21.176,-3.0,1.562,1.008,1.013,-0.008,4010,14.51,12.157,0,,,,,,,,,,,0.0,,
2026-09-26T22:31:51.178,132.635,0,791.5,34,,97.219,21.176,-3.5,1.562,1.007,1.009,-0.012,4090,14.51,12.157,0,,,,,,,,,,,,21.569,
2026-09-26T22:31:51.308,132.765,0,796.0,33,,97.219,20.784,-1.0,0.781,1.006,0.999,-0.023,4040,14.51,12.549,0,,,,,,,,,,,,,167
2026-09-26T22:31:51.438,132.895,0,795.75,33,,97.219,20.784,-2.5,0.781,1.005,0.996,-0.027,3980,14.51,12.549,0,106,,,,,,,,,,,,
2026-09-26T22:31:51.568,133.026,0,785.75,34,,97.219,21.176,-1.0,0.781,1.005,0.999,-0.02,4050,14.51,12.549,0,,36,,,,,,,,,,,
2026-09-26T22:31:51.698,133.155,0,786.75,34,,97.219,21.176,-1.0,0.781,1.005,1.006,-0.016,4110,14.51,12.549,0,,,9.375,,,,,,,,,,
2026-09-26T22:31:51.828,133.285,0,790.75,34,,97.219,21.176,-1.5,0.781,1.005,1.008,-0.012,4210,14.51,12.549,0,,,,14.394,,,,,,,,,
2026-09-26T22:31:51.958,133.415,0,792.25,34,,97.219,21.569,-4.0,1.562,1.005,1.011,-0.008,4240,14.51,12.549,0,,,,,97,,,,,,,,
2026-09-26T22:31:52.090,133.547,0,794.5,34,,97.219,21.176,-4.0,0.781,1.005,1.005,-0.016,4110,14.51,12.549,0,,,,,,20,,,,,,,
2026-09-26T22:31:52.218,133.675,0,791.5,33,,97.219,21.176,-1.5,0.781,1.004,0.998,-0.027,3990,14.51,12.549,0,,,,,,,100.0,,,,,,
2026-09-26T22:31:52.348,133.805,0,786.25,34,,97.219,21.176,-1.0,0.781,1.004,1.002,-0.02,3900,14.51,12.549,0,,,,,,,,483.5,,,,,
2026-09-26T22:31:52.478,133.935,0,786.25,34,,97.219,21.176,-1.0,0.781,1.004,1.003,-0.016,3850,14.51,12.549,0,,,,,,,,,0.89,,,,
2026-09-26T22:31:52.608,134.065,0,788.25,34,,97.219,21.176,-1.0,0.781,1.004,1.005,-0.016,3900,14.51,12.549,0,,,,,,,,,,,0.0,,
2026-09-26T22:31:52.738,134.195,0,794.25,34,,97.219,21.176,-2.0,0.781,1.004,1.009,-0.012,4000,14.51,12.549,0,,,,,,,,,,,,21.569,
2026-09-26T22:31:52.868,134.325,0,793.0,34,,97.219,21.176,-2.5,1.562,1.004,1.013,-0.008,4040,14.51,12.549,0,,,,,,,,,,,,,169
2026-09-26T22:31:52.998,134.455,0,791.5,33,,97.219,21.176,-2.5,0.781,1.004,1.009,-0.012,4080,14.51,12.549,0,106,,,,,,,,,,,,
2026-09-26T22:31:53.128,134.586,0,789.25,33,,97.219,21.176,-1.0,1.562,1.004,1.017,-0.004,3990,14.51,12.549,0,,36,,,,,,,,,,,
2026-09-26T22:31:53.258,134.715,0,787.5,33,,97.219,21.176,-1.0,1.562,1.004,1.009,-0.012,3870,14.51,12.549,0,,,9.375,,,,,,,,,,
2026-09-26T22:31:53.390,134.847,0,788.75,33,,97.219,21.176,-0.5,1.562,1.004,1.008,-0.012,3810,14.51,12.549,0,,,,14.375,,,,,,,,,
2026-09-26T22:31:53.518,134.975,0,796.75,33,,97.219,21.176,-2.0,0.781,1.004,1.0,-0.02,3800,14.51,12.549,0,,,,,97,,,,,,,,
2026-09-26T22:31:53.648,135.105,0,798.5,34,,97.219,21.176,-2.5,0.781,1.004,0.999,-0.023,3870,14.51,12.549,0,,,,,,20,,,,,,,
2026-09-26T22:31:53.778,135.235,0,791.25,34,,97.219,21.176,-2.5,0.781,1.004,0.999,-0.023,3970,14.51,12.549,0,,,,,,,100.0,,,,,,
2026-09-26T22:31:53.908,135.365,0,790.0,34,,97.219,21.176,-2.0,0.781,1.004,1.003,-0.016,4060,14.51,12.549,0,,,,,,,,482.5,,,,,
2026-09-26T22:31:54.038,135.495,0,792.5,34,,97.219,21.176,-1.5,0.781,1.004,1.003,-0.016,4120,14.51,12.549,0,,,,,,,,,0.88,,,,
2026-09-26T22:31:54.168,135.625,0,792.0,34,,97.219,21.176,-2.5,0.781,1.004,1.004,-0.016,4070,14.51,12.549,0,,,,,,,,,,,0.0,,
2026-09-26T22:31:54.298,135.755,0,796.75,33,,97.219,21.176,-3.5,0.781,1.004,1.003,-0.016,3980,14.51,12.549,0,,,,,,,,,,,,21.961,
2026-09-26T22:31:54.429,135.886,0,797.5,33,,97.219,21.176,-1.5,0.781,1.004,1.002,-0.02,3880,14.51,12.549,0,,,,,,,,,,,,,170
2026-09-26T22:31:54.558,136.015,0,795.5,33,,97.219,21.176,-1.0,0.781,1.004,1.004,-0.016,3840,14.51,12.549,0,106,,,,,,,,,,,,
2026-09-26T22:31:54.690,136.147,0,789.25,34,,97.219,21.176,-1.5,0.781,1.004,1.011,-0.008,3840,14.51,12.549,0,,36,,,,,,,,,,,
2026-09-26T22:31:54.818,136.275,0,790.25,34,,97.219,21.176,-1.0,1.562,1.004,1.013,-0.008,3910,14.51,12.549,0,,,9.375,,,,,,,,,,
2026-09-26T22:31:54.948,136.405,0,792.25,34,,97.219,21.176,-1.0,1.562,1.004,1.013,-0.008,3980,14.51,12.549,0,,,,14.472,,,,,,,,,
2026-09-26T22:31:55.078,136.535,0,797.0,34,,97.219,21.176,-2.5,1.562,1.004,1.015,-0.004,4040,14.51,12.549,0,,,,,97,,,,,,,,
2026-09-26T22:31:55.208,136.665,0,795.0,34,,97.219,21.176,-3.5,1.562,1.004,1.019,0.0,4070,14.51,12.549,0,,,,,,20,,,,,,,
2026-09-26T22:31:55.338,136.795,0,795.75,34,,97.219,21.176,-2.5,1.562,1.004,1.013,-0.008,4100,14.51,12.549,0,,,,,,,100.0,,,,,,
2026-09-26T22:31:55.468,136.925,0,797.5,34,,97.219,21.176,-2.5,1.562,1.004,1.007,-0.012,4060,14.51,12.549,0,,,,,,,,481.6,,,,,
2026-09-26T22:31:55.599,137.056,0,792.25,33,,97.219,21.176,-2.0,0.781,1.004,0.998,-0.023,4010,14.51,12.549,0,,,,,,,,,0.87,,,,
2026-09-26T22:31:55.738,137.195,0,789.5,34,,97.219,21.176,-2.0,0.781,1.004,0.998,-0.023,3960,14.51,12.549,0,,,,,,,,,,,0.0,,
2026-09-26T22:31:55.868,137.325,0,794.5,34,,97.219,21.176,-1.5,0.781,1.004,1.002,-0.02,3920,14.51,12.549,0,,,,,,,,,,,,21.961,
2026-09-26T22:31:55.998,137.455,0,797.25,34,,97.219,21.176,-2.5,1.562,1.004,1.005,-0.016,3910,14.51,12.549,0,,,,,,,,,,,,,172
2026-09-26T22:31:56.129,137.586,0,795.0,33,,97.219,21.176,-2.5,1.562,1.004,1.003,-0.016,3900,14.51,12.549,0,106,,,,,,,,,,,,
2026-09-26T22:31:56.258,137.715,0,790.75,34,,97.219,21.176,-1.0,0.781,1.004,1.003,-0.016,3900,14.51,12.549,0,,37,,,,,,,,,,,
2026-09-26T22:31:56.389,137.847,0,792.0,34,,97.219,21.176,-1.0,0.781,1.004,1.005,-0.016,3950,14.51,12.549,0,,,9.375,,,,,,,,,,
2026-09-26T22:31:56.518,137.975,0,793.5,34,,97.219,21.176,-1.5,1.562,1.004,1.009,-0.012,4020,14.51,12.549,0,,,,14.394,,,,,,,,,
2026-09-26T22:31:56.648,138.105,0,792.25,34,,97.219,21.176,-2.5,1.562,1.004,1.007,-0.012,4050,14.51,12.549,0,,,,,97,,,,,,,,
2026-09-26T22:31:56.778,138.235,0,792.25,34,,97.219,21.176,-2.5,1.562,1.004,1.005,-0.016,4080,14.51,12.549,0,,,,,,20,,,,,,,
2026-09-26T22:31:56.908,138.366,0,795.75,33,,97.219,21.176,-2.5,1.562,1.004,1.011,-0.008,4040,14.51,12.549,0,,,,,,,100.0,,,,,,
2026-09-26T22:31:57.038,138.495,0,793.25,34,,97.219,21.176,-2.5,1.562,1.004,1.01,-0.012,3960,14.51,12.549,0,,,,,,,,480.8,,,,,
2026-09-26T22:31:57.168,138.625,0,792.5,33,,97.219,21.176,-2.5,1.562,1.004,1.015,-0.004,3900,14.51,12.549,0,,,,,,,,,0.86,,,,
2026-09-26T22:31:57.299,138.756,0,796.25,34,,97.219,21.176,-1.0,2.344,1.004,1.017,-0.004,3860,14.51,12.549,0,,,,,,,,,,,0.0,,
2026-09-26T22:31:57.428,138.885,0,798.25,34,,97.219,21.176,-2.0,1.562,1.004,1.009,-0.012,3880,14.51,12.549,0,,,,,,,,,,,,21.961,
2026-09-26T22:31:57.558,139.015,0,796.25,34,,97.219,21.176,-2.5,1.562,1.004,1.007,-0.012,3950,14.51,12.549,0,,,,,,,,,,,,,173
2026-09-26T22:31:57.689,139.146,0,794.5,34,,97.219,21.176,-2.5,1.562,1.004,1.005,-0.016,4050,14.51,12.549,0,106,,,,,,,,,,,,
2026-09-26T22:31:57.818,139.275,0,799.0,34,,97.219,21.176,-2.5,1.562,1.004,1.004,-0.016,4120,14.51,12.549,0,,37,,,,,,,,,,,
2026-09-26T22:31:57.948,139.405,0,798.0,34,,97.219,21.569,-2.5,1.562,1.004,0.999,-0.02,4170,14.51,12.549,0,,,9.375,,,,,,,,,,
2026-09-26T22:31:58.078,139.535,0,790.25,34,,97.219,21.569,-2.0,1.562,1.004,1.006,-0.016,4180,14.51,12.549,0,,,,14.375,,,,,,,,,
2026-09-26T22:31:58.208,139.665,0,795.0,34,,97.219,21.569,-2.5,1.562,1.004,1.004,-0.016,4090,14.51,12.549,0,,,,,97,,,,,,,,
2026-09-26T22:31:58.338,139.795,0,799.5,34,,97.219,21.569,-3.0,1.562,1.004,1.002,-0.02,4020,14.51,12.549,0,,,,,,20,,,,,,,
2026-09-26T22:31:58.469,139.926,0,796.25,34,,97.219,21.176,-4.0,1.562,1.004,1.0,-0.02,3950,14.51,12.549,0,,,,,,,100.0,,,,,,
2026-09-26T22:31:58.598,140.055,0,794.75,34,,97.219,21.176,-2.0,1.562,1.004,1.001,-0.02,3930,14.51,12.549,0,,,,,,,,480.1,,,,,
2026-09-26T22:31:58.728,140.185,0,788.5,34,,97.219,21.176,0.5,0.781,1.004,0.999,-0.023,3980,14.51,12.549,0,,,,,,,,,0.855,,,,
2026-09-26T22:31:58.858,140.315,0,789.75,34,,97.219,21.569,0.0,1.562,1.004,1.003,-0.016,4130,14.51,12.549,0,,,,,,,,,,,0.0,,
2026-09-26T22:31:58.989,140.446,0,789.25,34,,97.219,21.961,-2.5,1.562,1.004,1.01,-0.012,4280,14.51,12.549,0,,,,,,,,,,,,22.745,
2026-09-26T22:31:59.118,140.575,0,795.0,34,,97.219,21.961,-4.0,1.562,1.004,1.011,-0.008,4410,14.51,12.549,0,,,,,,,,,,,,,175
2026-09-26T22:31:59.248,140.705,0,799.75,34,,97.219,21.961,-4.0,1.562,1.004,0.999,-0.02,4370,14.51,12.549,0,106,,,,,,,,,,,,
2026-09-26T22:31:59.378,140.835,0,795.75,34,,97.219,21.961,-4.5,0.781,1.004,0.996,-0.027,4280,14.51,12.549,0,,37,,,,,,,,,,,
2026-09-26T22:31:59.508,140.965,0,791.5,34,,97.219,21.961,-3.5,0.781,1.003,0.995,-0.031,4210,14.51,12.549,0,,,9.375,,,,,,,,,,
2026-09-26T22:31:59.638,141.095,0,794.75,34,,97.219,21.569,-1.0,0.781,1.003,0.999,-0.023,4170,14.51,12.549,0,,,,14.414,,,,,,,,,
2026-09-26T22:31:59.768,141.225,0,796.75,34,,97.219,21.569,-1.5,1.562,1.003,1.005,-0.016,4130,14.51,12.549,0,,,,,97,,,,,,,,
2026-09-26T22:31:59.898,141.355,0,788.5,34,,97.219,21.569,-2.0,1.562,1.003,1.006,-0.016,4190,14.51,12.549,0,,,,,,20,,,,,,,
2026-09-26T22:32:00.028,141.485,0,790.75,35,,97.219,22.353,-3.0,1.562,1.004,1.011,-0.008,4450,14.51,12.549,0,,,,,,,100.0,,,,,,
2026-09-26T22:32:00.158,141.615,0,801.5,35,,97.219,22.353,-5.5,1.562,1.004,1.015,-0.004,4600,14.51,12.549,0,,,,,,,,479.3,,,,,
2026-09-26T22:32:00.292,141.749,0,802.75,35,,97.219,22.353,-5.5,1.562,1.003,1.012,-0.008,4690,14.51,12.549,0,,,,,,,,,0.85,,,,
2026-09-26T22:32:00.418,141.875,0,797.5,35,,97.219,21.961,-4.5,1.562,1.003,0.999,-0.02,4590,14.51,12.549,0,,,,,,,,,,,0.0,,
2026-09-26T22:32:00.548,142.005,0,796.25,35,,97.219,21.961,-3.0,1.562,1.003,0.999,-0.023,4380,14.51,12.549,0,,,,,,,,,,,,22.745,
2026-09-26T22:32:00.678,142.135,0,798.75,34,,97.219,21.961,-3.5,1.562,1.003,0.998,-0.023,4280,14.51,12.549,0,,,,,,,,,,,,,177
2026-09-26T22:32:00.818,142.275,0,800.0,34,,97.219,21.961,-2.5,1.562,1.003,0.999,-0.023,4220,14.51,12.549,0,106,,,,,,,,,,,,
2026-09-26T22:32:00.948,142.405,0,795.75,34,,97.219,21.569,-3.5,1.562,1.003,1.006,-0.016,4290,14.51,12.549,0,,37,,,,,,,,,,,
2026-09-26T22:32:01.078,142.535,0,797.0,34,,97.219,21.961,-3.5,1.562,1.003,1.005,-0.016,4400,14.51,12.549,0,,,9.375,,,,,,,,,,
2026-09-26T22:32:01.208,142.665,0,798.0,35,,97.219,21.961,-3.5,1.562,1.003,1.005,-0.016,4440,14.51,12.549,0,,,,14.414,,,,,,,,,
2026-09-26T22:32:01.338,142.795,0,796.5,35,,97.219,21.961,-3.5,1.562,1.003,1.006,-0.016,4440,14.51,12.549,0,,,,,97,,,,,,,,
2026-09-26T22:32:01.468,142.926,0,795.75,34,,97.219,21.961,-4.0,1.562,1.003,1.007,-0.012,4340,14.51,12.549,0,,,,,,20,,,,,,,
2026-09-26T22:32:01.598,143.055,0,803.0,34,,97.219,21.961,-4.0,1.562,1.003,0.999,-0.023,4230,14.51,12.549,0,,,,,,,100.0,,,,,,
2026-09-26T22:32:01.728,143.185,0,802.0,34,,97.219,21.961,-2.5,1.562,1.003,1.0,-0.02,4210,14.51,12.549,0,,,,,,,,478.6,,,,,
2026-09-26T22:32:01.859,143.316,0,796.25,34,,97.219,21.569,-3.0,1.562,1.003,0.999,-0.023,4250,14.51,12.549,0,,,,,,,,,0.845,,,,
2026-09-26T22:32:01.989,143.446,0,794.5,35,,97.219,21.569,-2.5,1.562,1.003,1.0,-0.02,4340,14.51,12.549,0,,,,,,,,,,,0.0,,
2026-09-26T22:32:02.118,143.575,0,796.75,35,,97.219,21.961,-2.5,1.562,1.003,1.001,-0.02,4390,14.51,12.549,0,,,,,,,,,,,,22.745,
2026-09-26T22:32:02.248,143.705,0,802.5,35,,97.219,21.961,-4.5,1.562,1.003,1.004,-0.016,4480,14.51,12.549,0,,,,,,,,,,,,,178
2026-09-26T22:32:02.378,143.835,0,799.25,35,,97.219,21.961,-4.5,1.562,1.003,1.005,-0.016,4500,14.51,12.549,0,106,,,,,,,,,,,,
2026-09-26T22:32:02.508,143.965,0,803.0,35,,97.219,21.961,-4.0,1.562,1.003,1.005,-0.016,4380,14.51,12.549,0,,37,,,,,,,,,,,
2026-09-26T22:32:02.638,144.095,0,804.25,34,,97.219,21.961,-4.0,1.562,1.003,0.999,-0.023,4290,14.51,12.549,0,,,9.375,,,,,,,,,,
2026-09-26T22:32:02.768,144.225,0,798.5,34,,97.219,21.961,-2.5,1.562,1.003,0.998,-0.023,4230,14.51,12.549,0,,,,14.375,,,,,,,,,
2026-09-26T22:32:02.898,144.355,0,792.0,35,,97.219,21.961,-2.5,0.781,1.003,0.997,-0.027,4270,14.51,12.549,0,,,,,97,,,,,,,,
2026-09-26T22:32:03.028,144.485,0,797.75,35,,97.219,21.961,-3.0,0.781,1.003,1.004,-0.016,4390,14.51,12.549,0,,,,,,20,,,,,,,
2026-09-26T22:32:03.158,144.615,0,801.5,35,,97.219,21.961,-4.0,1.562,1.002,1.009,-0.012,4460,14.51,12.549,0,,,,,,,100.0,,,,,,
2026-09-26T22:32:03.292,144.749,0,799.25,35,,97.219,21.961,-4.5,1.562,1.002,1.007,-0.012,4530,14.51,12.549,0,,,,,,,,477.8,,,,,
2026-09-26T22:32:03.418,144.875,0,800.75,35,,97.219,21.961,-4.5,1.562,1.002,1.006,-0.016,4530,14.51,12.549,0,,,,,,,,,0.84,,,,
2026-09-26T22:32:03.549,145.006,0,799.5,35,,97.219,21.961,-2.5,1.562,1.002,1.001,-0.02,4420,14.51,12.549,0,,,,,,,,,,,0.0,,
2026-09-26T22:32:03.678,145.135,0,794.25,35,,97.219,21.961,-2.5,0.781,1.002,0.997,-0.027,4280,14.51,12.549,0,,,,,,,,,,,,22.745,
2026-09-26T22:32:03.808,145.265,0,795.25,35,,97.219,21.961,-3.0,0.781,1.002,0.999,-0.023,4210,14.51,12.549,0,,,,,,,,,,,,,180
2026-09-26T22:32:03.938,145.395,0,795.0,35,,97.219,21.961,-2.5,1.562,1.002,1.004,-0.016,4280,14.51,12.549,0,106,,,,,,,,,,,,
2026-09-26T22:32:04.068,145.525,0,800.5,35,,97.219,21.961,-4.0,1.562,1.002,1.012,-0.008,4390,14.51,12.549,0,,37,,,,,,,,,,,
2026-09-26T22:32:04.198,145.655,0,799.0,35,,97.219,21.961,-3.0,1.562,1.002,1.006,-0.016,4460,14.51,12.549,0,,,9.375,,,,,,,,,,
2026-09-26T22:32:04.328,145.785,0,797.0,35,,97.219,21.961,-4.0,1.562,1.002,0.999,-0.023,4500,14.51,12.549,0,,,,14.433,,,,,,,,,
2026-09-26T22:32:04.458,145.915,0,797.5,35,,97.219,21.961,-4.0,0.781,1.002,0.998,-0.023,4440,14.51,12.549,0,,,,,97,,,,,,,,
2026-09-26T22:32:04.589,146.046,0,799.25,35,,97.219,21.961,-3.5,0.781,1.002,0.998,-0.023,4330,14.51,12.549,0,,,,,,20,,,,,,,
2026-09-26T22:32:04.718,146.175,0,798.0,34,,97.219,21.961,-4.0,0.781,1.002,0.998,-0.023,4270,14.51,12.549,0,,,,,,,100.0,,,,,,
2026-09-26T22:32:04.848,146.305,0,798.0,34,,97.219,21.961,-3.5,0.781,1.002,0.999,-0.023,4250,14.51,12.549,0,,,,,,,,477.1,,,,,
2026-09-26T22:32:04.979,146.436,0,802.0,34,,97.219,21.569,-2.5,0.781,1.002,0.998,-0.023,4230,14.51,12.549,0,,,,,,,,,0.835,,,,
2026-09-26T22:32:05.108,146.565,0,795.25,35,,97.219,21.961,-1.5,0.781,1.002,1.002,-0.02,4290,14.51,12.549,0,,,,,,,,,,,0.0,,
2026-09-26T22:32:05.238,146.695,0,792.0,35,,97.219,21.961,-2.5,1.562,1.003,1.003,-0.016,4380,14.51,12.549,0,,,,,,,,,,,,22.745,
2026-09-26T22:32:05.368,146.825,0,791.75,35,,97.219,21.961,-3.0,1.562,1.003,1.011,-0.008,4450,14.51,12.549,0,,,,,,,,,,,,,181
2026-09-26T22:32:05.498,146.955,0,800.0,35,,97.219,21.961,-4.0,1.562,1.002,1.012,-0.008,4490,14.51,12.549,0,105,,,,,,,,,,,,
2026-09-26T22:32:05.628,147.085,0,803.5,35,,97.219,21.961,-4.0,1.562,1.002,1.009,-0.012,4390,14.51,12.549,0,,37,,,,,,,,,,,
2026-09-26T22:32:05.758,147.215,0,798.75,35,,97.219,21.961,-4.0,1.562,1.002,1.0,-0.02,4290,14.51,12.549,0,,,9.375,,,,,,,,,,
2026-09-26T22:32:05.889,147.346,0,796.25,35,,97.219,21.961,5.5,0.781,1.002,0.997,-0.027,4230,14.51,14.902,0,,,,14.335,,,,,,,,,
2026-09-26T22:32:06.019,147.476,0,817.0,39,,97.094,28.627,4.0,0.781,1.002,0.995,-0.031,4480,14.51,14.118,0,,,,,97,,,,,,,,
2026-09-26T22:32:06.149,147.606,0,889.0,49,,97.125,33.725,-6.0,0.781,1.002,1.007,-0.012,5110,14.902,13.725,0,,,,,,20,,,,,,,
2026-09-26T22:32:06.279,147.736,0,941.5,47,,97.219,30.196,-5.0,0.781,1.005,0.99,-0.047,5830,16.471,14.51,0,,,,,,,100.0,,,,,,
2026-09-26T22:32:06.408,147.865,0,903.75,47,,97.219,31.765,2.0,0.0,1.007,0.964,-0.109,6250,19.216,15.294,0,,,,,,,,476.4,,,,,
2026-09-26T22:32:06.538,147.995,0,840.75,50,,97.219,34.51,7.5,-0.781,1.007,0.957,-0.125,6740,23.137,16.078,0,,,,,,,,,0.835,,,,
2026-09-26T22:32:06.668,148.125,0,810.0,56,,97.125,44.706,6.5,-0.781,1.008,0.981,-0.066,7280,24.314,16.078,1,,,,,,,,,,,0.0,,
2026-09-26T22:32:06.798,148.255,0,840.25,67,,97.188,48.235,6.5,0.0,1.01,0.999,-0.023,8400,25.49,17.647,2,,,,,,,,,,,,53.333,
2026-09-26T22:32:06.928,148.385,0,953.0,71,,97.031,49.804,2.5,0.0,1.011,0.994,-0.035,8570,27.059,18.039,2,,,,,,,,,,,,,183
2026-09-26T22:32:07.058,148.515,0,1081.0,75,,97.0,41.569,0.5,-0.781,1.011,0.987,-0.051,9020,27.451,16.078,3,105,,,,,,,,,,,,
2026-09-26T22:32:07.189,148.646,0,1168.75,65,,97.531,34.902,11.0,-0.781,1.01,0.983,-0.062,10060,27.451,16.078,4,,37,,,,,,,,,,,
2026-09-26T22:32:07.318,148.775,0,1137.75,61,,97.781,33.333,10.0,-2.344,1.008,0.975,-0.086,11140,28.235,16.863,4,,,4.688,,,,,,,,,,
2026-09-26T22:32:07.448,148.905,0,1131.25,61,,97.844,34.118,10.0,-2.344,1.007,0.974,-0.09,11260,29.02,16.863,5,,,,14.355,,,,,,,,,
2026-09-26T22:32:07.578,149.035,0,1165.75,62,,97.875,34.118,11.0,-2.344,1.007,0.989,-0.047,11720,29.02,16.471,6,,,,,97,,,,,,,,
2026-09-26T22:32:07.708,149.165,0,1182.0,61,,98.094,32.941,11.0,-2.344,1.006,0.971,-0.094,12870,29.412,16.471,6,,,,,,20,,,,,,,
2026-09-26T22:32:07.838,149.295,0,1181.25,62,,98.188,31.765,11.0,-4.688,1.006,0.957,-0.125,13010,30.98,19.216,7,,,,,,,100.0,,,,,,
2026-09-26T22:32:07.968,149.425,0,1203.5,65,,98.156,38.039,11.5,-4.688,1.006,0.979,-0.074,13530,32.941,22.745,7,,,,,,,,473.8,,,,,
2026-09-26T22:32:08.098,149.556,0,1257.5,83,,97.531,41.961,10.5,-3.906,1.006,0.987,-0.051,14700,32.941,24.706,8,,,,,,,,,0.83,,,,
2026-09-26T22:32:08.229,149.686,0,1294.25,90,,98.031,43.922,9.5,-3.125,1.007,1.041,0.023,14670,32.941,24.314,9,,,,,,,,,,,0.0,,
2026-09-26T22:32:08.358,149.815,0,1286.75,90,,98.562,42.745,9.5,0.781,1.008,1.12,0.109,15380,32.941,23.529,10,,,,,,,,,,,,63.529,
2026-09-26T22:32:08.489,149.946,0,1369.5,89,,99.5,40.784,9.5,1.562,1.007,1.059,0.043,16510,32.549,24.706,11,,,,,,,,,,,,,184
2026-09-26T22:32:08.618,150.075,0,1451.75,90,,99.938,37.647,10.0,0.0,1.007,1.025,0.004,16410,32.549,24.706,12,105,,,,,,,,,,,,
2026-09-26T22:32:08.748,150.205,0,1523.0,91,,100.625,34.51,11.0,1.562,1.006,1.06,0.047,15970,32.157,23.529,13,,36,,,,,,,,,,,
2026-09-26T22:32:08.878,150.335,0,1615.75,88,,102.219,27.451,12.5,2.344,1.006,1.053,0.039,15980,31.765,23.529,14,,,3.125,,,,,,,,,,
2026-09-26T22:32:09.008,150.465,0,1647.75,88,,102.906,27.059,12.5,2.344,1.005,1.022,0.004,15540,31.765,23.529,14,,,,14.316,,,,,,,,,
2026-09-26T22:32:09.138,150.595,0,1777.5,89,,103.562,26.275,12.5,1.562,1.005,1.018,-0.004,15080,31.373,22.745,15,,,,,97,,,,,,,,
2026-09-26T22:32:09.269,150.726,0,1820.5,87,,105.312,23.922,14.0,2.344,1.004,1.016,-0.004,15550,31.373,22.745,16,,,,,,20,,,,,,,
2026-09-26T22:32:09.398,150.855,0,1800.0,86,,105.781,23.922,-12.5,1.562,1.004,0.995,-0.031,15510,31.373,21.961,16,,,,,,,100.0,,,,,,
2026-09-26T22:32:09.528,150.985,0,1534.25,88,,106.812,26.275,-5.0,1.562,1.004,1.021,0.0,15610,31.765,20.392,17,,,,,,,,470.7,,,,,
2026-09-26T22:32:09.658,151.115,0,1445.25,88,,107.844,32.941,-2.0,3.125,1.004,1.034,0.016,15500,31.373,20.0,17,,,,,,,,,0.82,,,,
2026-09-26T22:32:09.792,151.249,0,1423.75,85,,108.344,33.333,2.0,3.125,1.004,1.005,-0.016,15570,31.765,20.392,17,,,,,,,,,,,0.0,,
2026-09-26T22:32:09.918,151.375,0,1411.0,86,,108.156,34.902,4.5,1.562,1.004,0.995,-0.031,15940,31.373,19.608,18,,,,,,,,,,,,56.471,
2026-09-26T22:32:10.048,151.506,0,1395.0,85,,108.25,34.51,8.5,1.562,1.004,0.977,-0.082,15690,30.588,19.216,19,,,,,,,,,,,,,186
2026-09-26T22:32:10.178,151.635,0,1399.0,83,,107.938,32.549,13.5,0.781,1.004,0.996,-0.031,15460,30.196,17.647,19,104,,,,,,,,,,,,
2026-09-26T22:32:10.309,151.766,0,1418.5,77,,107.656,29.804,14.0,0.781,1.004,0.994,-0.035,14840,30.196,18.824,20,,34,,,,,,,,,,,
2026-09-26T22:32:10.438,151.895,0,1447.0,76,,107.0,29.412,14.0,0.781,1.004,0.996,-0.031,14780,30.588,19.216,20,,,3.906,,,,,,,,,,
2026-09-26T22:32:10.568,152.025,0,1500.25,77,,106.156,27.843,14.5,1.562,1.004,1.018,-0.004,14860,30.196,18.824,21,,,,14.394,,,,,,,,,
2026-09-26T22:32:10.698,152.155,0,1536.25,77,,105.969,25.882,14.5,2.344,1.003,1.005,-0.016,14980,30.196,19.216,21,,,,,97,,,,,,,,
2026-09-26T22:32:10.828,152.286,0,1580.25,77,,105.688,25.098,15.0,1.562,1.003,1.005,-0.016,14990,30.196,18.824,21,,,,,,20,,,,,,,
2026-09-26T22:32:10.958,152.415,0,1588.0,75,,105.594,23.922,15.0,2.344,1.003,1.023,0.004,14810,30.196,19.216,21,,,,,,,100.0,,,,,,
2026-09-26T22:32:11.090,152.547,0,1590.75,78,,105.25,23.529,15.0,2.344,1.003,1.014,-0.008,14760,30.196,19.608,22,,,,,,,,470.1,,,,,
2026-09-26T22:32:11.218,152.675,0,1590.75,78,,104.938,23.529,15.0,3.125,1.003,1.028,0.008,14750,30.98,20.0,22,,,,,,,,,0.805,,,,
2026-09-26T22:32:11.348,152.806,0,1639.5,76,,105.062,23.137,15.5,3.125,1.003,0.998,-0.023,14890,30.98,21.176,23,,,,,,,,,,,0.0,,
2026-09-26T22:32:11.479,152.936,0,1680.0,83,,104.688,24.314,14.5,2.344,1.003,1.01,-0.012,15090,30.98,20.392,23,,,,,,,,,,,,51.373,
2026-09-26T22:32:11.608,153.066,0,1728.0,81,,105.062,23.529,15.5,3.906,1.003,1.016,-0.004,15050,31.373,21.569,24,,,,,,,,,,,,,188
2026-09-26T22:32:11.737,153.195,0,1761.0,81,,105.062,23.137,15.0,2.344,1.003,0.994,-0.035,15150,31.765,23.529,24,103,,,,,,,,,,,,
2026-09-26T22:32:11.869,153.326,0,1792.25,86,,105.344,25.098,14.0,3.906,1.003,1.059,0.043,15540,31.765,22.745,24,,33,,,,,,,,,,,
2026-09-26T22:32:11.999,153.456,0,1826.0,87,,105.75,24.706,14.0,6.25,1.002,1.037,0.02,15540,32.157,23.137,25,,,3.906,,,,,,,,,,
2026-09-26T22:32:12.128,153.585,0,1877.5,87,,106.375,25.49,14.0,5.469,1.002,1.014,-0.008,15570,32.157,23.137,26,,,,14.375,,,,,,,,,
2026-09-26T22:32:12.258,153.716,0,1889.25,88,,106.906,26.275,14.0,5.469,1.002,1.025,0.004,15470,32.549,23.529,26,,,,,97,,,,,,,,
2026-09-26T22:32:12.389,153.846,0,1945.75,88,,108.031,26.275,14.0,6.25,1.002,1.021,0.0,15610,32.549,23.137,27,,,,,,20,,,,,,,
2026-09-26T22:32:12.518,153.975,0,1966.75,87,,108.594,26.275,14.0,5.469,1.002,0.994,-0.035,15610,32.157,22.745,27,,,,,,,100.0,,,,,,
2026-09-26T22:32:12.649,154.106,0,1980.5,88,,109.219,26.667,14.5,5.469,1.002,1.0,-0.02,15690,32.941,23.137,27,,,,,,,,471.0,,,,,
2026-09-26T22:32:12.779,154.236,0,1798.25,90,,110.219,26.667,-10.0,5.469,1.002,1.024,0.004,16240,33.333,23.137,28,,,,,,,,,0.795,,,,
2026-09-26T22:32:12.908,154.366,0,1525.75,94,,111.25,32.941,3.5,11.719,1.002,1.176,0.172,16810,33.725,22.353,28,,,,,,,,,,,0.0,,
2026-09-26T22:32:13.038,154.495,0,1468.75,94,,111.312,36.471,4.5,16.406,1.002,1.172,0.168,16610,34.51,23.529,29,,,,,,,,,,,,71.765,
2026-09-26T22:32:13.168,154.625,0,1495.0,95,,110.5,39.608,6.0,14.844,1.001,1.053,0.035,16920,34.51,24.314,29,,,,,,,,,,,,,189
2026-09-26T22:32:13.298,154.755,0,1489.75,97,,110.719,40.0,9.5,11.719,0.977,0.975,-0.086,17170,34.51,23.529,30,103,,,,,,,,,,,,
2026-09-26T22:32:13.428,154.885,0,1442.0,97,,110.812,40.784,10.0,11.719,0.963,0.95,-0.141,16990,34.51,22.745,30,,33,,,,,,,,,,,
2026-09-26T22:32:13.559,155.016,0,1406.75,96,,110.875,43.137,9.5,10.156,0.96,0.937,-0.172,16800,35.294,23.529,30,,,3.125,,,,,,,,,,
2026-09-26T22:32:13.689,155.147,0,1419.75,96,,110.5,43.922,9.5,10.156,0.961,0.922,-0.207,16900,35.686,24.706,31,,,,14.335,,,,,,,,,
2026-09-26T22:32:13.818,155.275,0,1442.25,98,,110.344,45.49,9.0,7.812,0.965,0.907,-0.242,17140,36.078,25.49,32,,,,,97,,,,,,,,
2026-09-26T22:32:13.949,155.406,0,1479.25,99,,110.281,44.314,8.5,6.25,0.981,0.926,-0.195,17170,36.078,25.49,32,,,,,,20,,,,,,,
2026-09-26T22:32:14.078,155.535,0,1502.5,99,,110.906,41.569,8.5,5.469,0.988,0.946,-0.148,17150,36.078,25.49,33,,,,,,,100.0,,,,,,
2026-09-26T22:32:14.208,155.665,0,1524.75,100,,111.25,41.176,8.5,4.688,0.993,0.945,-0.152,17450,36.078,25.882,33,,,,,,,,474.7,,,,,
2026-09-26T22:32:14.339,155.796,0,1548.25,100,,111.625,40.0,8.5,4.688,0.998,0.964,-0.109,17390,36.078,25.882,34,,,,,,,,,0.71,,,,
2026-09-26T22:32:14.468,155.925,0,1574.0,100,,112.438,38.039,9.0,3.906,1.0,0.967,-0.102,17290,36.078,25.882,34,,,,,,,,,,,0.0,,
2026-09-26T22:32:14.598,156.055,0,1587.75,100,,112.781,38.039,9.0,3.906,1.0,0.978,-0.078,17150,36.078,25.882,35,,,,,,,,,,,,76.863,
2026-09-26T22:32:14.728,156.185,0,1614.0,100,,113.125,36.863,9.0,3.125,1.0,0.975,-0.086,17130,36.078,25.882,35,,,,,,,,,,,,,191
2026-09-26T22:32:14.859,156.316,0,1636.75,100,,113.594,36.078,9.5,3.125,1.0,0.976,-0.082,17010,36.078,25.49,36,102,,,,,,,,,,,,
2026-09-26T22:32:14.989,156.447,0,1662.0,100,,114.312,35.686,9.5,2.344,1.0,0.977,-0.082,16970,36.078,25.49,36,,32,,,,,,,,,,,
2026-09-26T22:32:15.118,156.575,0,1685.0,100,,114.5,35.686,9.5,1.562,1.0,0.979,-0.074,17150,36.078,25.49,37,,,3.125,,,,,,,,,,
2026-09-26T22:32:15.249,156.706,0,1709.25,100,,115.0,35.294,9.5,1.562,1.0,0.979,-0.074,17140,36.078,25.49,37,,,,14.375,,,,,,,,,
2026-09-26T22:32:15.378,156.835,0,1733.25,100,,115.625,34.118,10.0,1.562,1.0,0.984,-0.062,17110,35.686,25.49,38,,,,,97,,,,,,,,
2026-09-26T22:32:15.508,156.965,0,1765.75,100,,115.938,33.725,10.0,0.781,1.0,0.985,-0.059,17100,35.686,25.49,38,,,,,,20,,,,,,,
2026-09-26T22:32:15.638,157.095,0,1789.25,100,,116.219,33.333,10.0,0.781,1.0,0.992,-0.043,17010,35.686,25.49,39,,,,,,,100.0,,,,,,
2026-09-26T22:32:15.769,157.226,0,1810.25,99,,117.062,32.941,11.0,0.781,1.0,0.988,-0.051,16880,35.294,24.706,39,,,,,,,,482.6,,,,,
2026-09-26T22:32:15.899,157.356,0,1825.25,98,,117.5,32.157,11.0,0.781,1.0,0.99,-0.047,16790,35.294,24.706,40,,,,,,,,,0.76,,,,
2026-09-26T22:32:16.029,157.486,0,1849.0,98,,117.656,32.157,11.0,0.0,0.999,0.978,-0.078,16810,35.294,24.706,40,,,,,,,,,,,0.0,,
2026-09-26T22:32:16.158,157.615,0,1856.75,98,,117.781,32.549,11.0,0.0,1.0,0.988,-0.051,16760,35.294,24.706,41,,,,,,,,,,,,73.725,
2026-09-26T22:32:16.292,157.749,0,1870.5,98,,118.219,32.157,11.0,0.0,1.0,0.993,-0.039,16800,35.294,24.706,41,,,,,,,,,,,,,192
2026-09-26T22:32:16.418,157.875,0,1822.5,99,,118.375,32.549,-10.5,0.0,1.0,1.003,-0.016,17050,35.686,22.745,41,102,,,,,,,,,,,,
2026-09-26T22:32:16.548,158.005,0,1555.25,101,,119.156,36.471,2.0,0.781,1.001,1.014,-0.008,17180,35.294,23.137,41,,32,,,,,,,,,,,
2026-09-26T22:32:16.678,158.135,0,1498.75,100,,118.688,40.784,9.5,0.781,1.001,0.999,-0.023,17300,35.686,22.745,42,,,3.125,,,,,,,,,,
2026-09-26T22:32:16.808,158.265,0,1457.0,99,,118.0,42.353,7.0,0.0,1.002,0.988,-0.051,17640,35.686,22.353,42,,,,14.296,,,,,,,,,
2026-09-26T22:32:16.938,158.395,0,1399.25,99,,117.031,44.314,7.5,0.0,1.002,0.983,-0.062,17390,35.686,21.961,42,,,,,97,,,,,,,,
2026-09-26T22:32:17.068,158.525,0,1361.25,99,,115.5,47.451,5.0,-0.781,1.001,0.983,-0.062,16860,35.686,21.569,43,,,,,,20,,,,,,,
2026-09-26T22:32:17.198,158.655,0,1363.5,96,,114.781,46.667,5.0,-0.781,1.001,0.985,-0.059,16800,35.686,22.353,43,,,,,,,100.0,,,,,,
2026-09-26T22:32:17.328,158.785,0,1374.5,97,,113.875,47.059,5.0,-0.781,1.001,0.984,-0.059,17060,35.686,22.745,43,,,,,,,,489.7,,,,,
2026-09-26T22:32:17.458,158.915,0,1383.5,97,,113.406,47.059,5.0,-1.562,1.001,0.979,-0.074,17100,35.686,23.137,44,,,,,,,,,0.79,,,,
2026-09-26T22:32:17.589,159.046,0,1393.25,98,,112.594,47.059,5.5,-1.562,1.001,0.985,-0.059,17160,35.686,23.137,44,,,,,,,,,,,0.0,,
2026-09-26T22:32:17.718,159.175,0,1403.0,98,,112.312,46.275,5.5,-1.562,1.001,0.99,-0.043,17090,35.686,23.529,44,,,,,,,,,,,,75.294,
2026-09-26T22:32:17.848,159.305,0,1409.0,98,,112.188,45.882,5.0,-1.562,1.001,0.996,-0.031,17000,35.294,23.529,44,,,,,,,,,,,,,194
2026-09-26T22:32:17.978,159.435,0,1418.0,98,,112.062,44.706,5.5,-1.562,1.002,0.993,-0.039,17040,35.686,23.529,45,102,,,,,,,,,,,,
2026-09-26T22:32:18.108,159.565,0,1430.75,98,,111.938,44.706,6.0,-1.562,1.002,0.993,-0.035,16940,35.686,23.922,45,,31,,,,,,,,,,,
2026-09-26T22:32:18.238,159.695,0,1438.25,98,,111.844,43.922,5.5,-2.344,1.002,0.992,-0.039,16960,35.686,23.922,45,,,3.125,,,,,,,,,,
2026-09-26T22:32:18.368,159.825,0,1445.75,98,,111.75,43.922,5.5,-2.344,1.002,0.999,-0.023,17080,35.686,23.922,46,,,,14.296,,,,,,,,,
2026-09-26T22:32:18.498,159.955,0,1460.75,98,,111.812,43.137,5.5,-2.344,1.003,1.002,-0.02,17060,35.294,23.922,46,,,,,97,,,,,,,,
2026-09-26T22:32:18.628,160.085,0,1468.5,98,,111.812,42.353,6.0,-2.344,1.003,1.003,-0.016,17080,35.294,24.314,46,,,,,,20,,,,,,,
2026-09-26T22:32:18.758,160.215,0,1476.0,98,,111.812,41.569,6.5,-1.562,1.004,1.011,-0.008,17000,35.294,23.922,46,,,,,,,100.0,,,,,,
2026-09-26T22:32:18.889,160.346,0,1484.75,98,,112.188,41.176,6.5,-1.562,1.004,1.009,-0.012,16900,35.294,24.314,47,,,,,,,,495.0,,,,,
2026-09-26T22:32:19.018,160.475,0,1494.5,98,,112.156,41.176,4.5,-1.562,1.004,1.012,-0.008,16890,35.294,24.314,47,,,,,,,,,0.82,,,,
2026-09-26T22:32:19.149,160.606,0,1506.75,99,,112.25,40.392,4.5,-1.562,1.004,1.003,-0.016,17110,35.294,24.706,47,,,,,,,,,,,0.0,,
2026-09-26T22:32:19.278,160.735,0,1517.5,99,,112.469,39.608,4.5,-1.562,1.005,1.011,-0.008,17180,34.902,23.922,47,,,,,,,,,,,,72.941,
2026-09-26T22:32:19.408,160.865,0,1517.0,99,,112.688,38.431,5.0,-0.781,1.005,1.018,-0.004,16930,34.902,23.922,48,,,,,,,,,,,,,195
2026-09-26T22:32:19.538,160.995,0,1528.5,98,,112.781,38.431,5.5,-0.781,1.005,1.017,-0.004,16690,34.902,24.314,48,102,,,,,,,,,,,,
2026-09-26T22:32:19.668,161.125,0,1542.25,99,,112.719,37.647,5.5,-0.781,1.006,1.013,-0.008,16770,34.902,23.922,48,,31,,,,,,,,,,,
2026-09-26T22:32:19.798,161.255,0,1548.5,98,,112.844,36.471,6.0,-1.562,1.006,1.005,-0.016,16860,34.902,24.314,49,,,3.125,,,,,,,,,,
2026-09-26T22:32:19.929,161.386,0,1555.25,99,,112.781,37.647,6.0,-0.781,1.006,1.012,-0.008,16960,34.902,23.922,49,,,,14.394,,,,,,,,,
2026-09-26T22:32:20.058,161.515,0,1565.75,98,,112.906,36.078,6.5,-0.781,1.006,1.001,-0.02,16890,34.902,23.922,49,,,,,97,,,,,,,,
2026-09-26T22:32:20.189,161.646,0,1576.75,98,,112.906,36.078,6.5,-1.562,1.006,1.0,-0.02,16910,34.902,24.314,50,,,,,,20,,,,,,,
2026-09-26T22:32:20.318,161.775,0,1585.25,99,,113.094,36.078,6.5,-1.562,1.006,1.007,-0.012,16880,34.902,24.314,50,,,,,,,100.0,,,,,,
2026-09-26T22:32:20.449,161.906,0,1594.25,98,,113.094,35.294,7.5,-0.781,1.006,1.021,0.0,16810,34.51,23.922,50,,,,,,,,500.7,,,,,
2026-09-26T22:32:20.578,162.035,0,1601.0,98,,113.406,33.333,8.0,0.0,1.006,1.013,-0.008,16730,33.333,22.353,50,,,,,,,,,0.825,,,,
2026-09-26T22:32:20.708,162.165,0,1602.5,95,,113.781,30.98,8.0,-0.781,1.006,1.01,-0.012,16190,33.333,22.353,51,,,,,,,,,,,0.0,,
2026-09-26T22:32:20.838,162.295,0,1619.75,94,,113.562,30.98,8.5,0.0,1.006,1.016,-0.004,15960,31.373,20.0,51,,,,,,,,,,,,63.922,
2026-09-26T22:32:20.968,162.425,0,1622.0,94,,113.656,26.275,11.0,-0.781,1.006,1.006,-0.016,15750,30.588,19.216,51,,,,,,,,,,,,,197
2026-09-26T22:32:21.098,162.555,0,1608.25,84,,108.656,24.314,11.5,0.0,1.005,1.027,0.008,15180,30.588,19.608,51,102,,,,,,,,,,,,
2026-09-26T22:32:21.228,162.685,0,1639.75,83,,107.625,24.314,12.0,0.0,1.004,1.017,-0.004,14890,30.196,19.216,51,,31,,,,,,,,,,,
2026-09-26T22:32:21.358,162.815,0,1643.25,83,,106.531,22.745,12.5,-0.781,1.004,0.987,-0.051,14820,29.804,18.039,51,,,3.906,,,,,,,,,,
2026-09-26T22:32:21.489,162.946,0,1642.75,75,,105.5,21.569,13.0,-1.562,1.004,0.979,-0.074,14460,29.02,18.039,52,,,,14.375,,,,,,,,,
2026-09-26T22:32:21.619,163.076,0,1633.0,71,,104.812,20.392,14.0,-2.344,1.004,0.98,-0.07,13910,28.235,17.255,52,,,,,97,,,,,,,,
2026-09-26T22:32:21.748,163.205,0,1643.25,67,,104.281,19.216,14.5,-2.344,1.004,0.991,-0.043,13320,26.275,16.078,52,,,,,,20,,,,,,,
2026-09-26T22:32:21.878,163.335,0,1643.75,57,,103.344,16.863,14.5,-2.344,1.004,1.002,-0.02,12630,26.275,16.863,52,,,,,,,100.0,,,,,,
2026-09-26T22:32:22.008,163.465,0,1666.5,55,,102.688,16.471,14.5,-1.562,1.004,0.995,-0.031,12110,26.667,16.863,52,,,,,,,,504.1,,,,,
2026-09-26T22:32:22.138,163.595,0,1704.5,54,,102.0,16.078,-11.5,-3.125,1.003,0.975,-0.086,11540,26.667,16.471,52,,,,,,,,,0.815,,,,
2026-09-26T22:32:22.268,163.725,0,1598.25,54,,101.375,16.471,-8.5,-4.688,1.003,0.968,-0.102,11040,26.667,16.863,52,,,,,,,,,,,0.0,,
2026-09-26T22:32:22.398,163.855,0,1523.75,56,,101.062,18.039,-5.5,-4.688,1.003,0.976,-0.082,10910,27.059,16.471,51,,,,,,,,,,,,36.471,
2026-09-26T22:32:22.528,163.985,0,1509.25,56,,102.656,19.216,-1.5,-5.469,1.004,0.965,-0.105,11250,27.059,16.078,51,,,,,,,,,,,,,198
2026-09-26T22:32:22.658,164.115,0,1437.5,57,,102.312,21.176,-0.5,-5.469,1.004,0.991,-0.043,11400,27.059,16.078,52,102,,,,,,,,,,,,
2026-09-26T22:32:22.791,164.249,0,1386.0,56,,102.031,22.745,1.0,-3.906,1.004,1.014,-0.008,11500,27.059,16.078,51,,31,,,,,,,,,,,
2026-09-26T22:32:22.918,164.375,0,1336.0,56,,101.719,23.529,3.5,-5.469,1.004,0.984,-0.062,11580,27.059,15.686,52,,,6.25,,,,,,,,,,
2026-09-26T22:32:23.048,164.505,0,1295.25,56,,101.5,24.314,9.5,-5.469,1.004,0.984,-0.062,11540,27.059,15.294,52,,,,14.414,,,,,,,,,
2026-09-26T22:32:23.178,164.635,0,1256.25,54,,101.062,25.882,9.5,-5.469,1.004,0.988,-0.051,11450,27.059,15.294,51,,,,,97,,,,,,,,
2026-09-26T22:32:23.308,164.765,0,1234.5,54,,101.0,25.882,8.5,-6.25,1.004,0.984,-0.062,11350,27.059,15.294,51,,,,,,20,,,,,,,
2026-09-26T22:32:23.438,164.895,0,1241.25,53,,100.75,25.882,9.5,-7.031,1.004,0.968,-0.102,11120,27.059,15.686,51,,,,,,,100.0,,,,,,
2026-09-26T22:32:23.568,165.025,0,1243.0,53,,100.438,26.275,8.0,-7.031,1.003,0.978,-0.078,11160,27.059,15.686,52,,,,,,,,507.3,,,,,
2026-09-26T22:32:23.698,165.155,0,1240.5,53,,100.125,26.275,7.5,-7.031,1.003,0.984,-0.059,11320,27.059,15.686,52,,,,,,,,,0.805,,,,
2026-09-26T22:32:23.828,165.286,0,1248.5,52,,100.125,25.882,9.5,-7.812,1.003,0.981,-0.07,11320,27.059,15.686,52,,,,,,,,,,,0.0,,
2026-09-26T22:32:23.958,165.415,0,1252.25,53,,99.969,25.882,8.0,-7.812,1.003,0.983,-0.062,11430,27.059,15.294,52,,,,,,,,,,,,37.255,
2026-09-26T22:32:24.089,165.546,0,1246.5,53,,99.781,25.49,9.5,-8.594,1.003,0.981,-0.07,11420,27.059,15.294,51,,,,,,,,,,,,,200
2026-09-26T22:32:24.217,165.675,0,1241.75,53,,99.656,25.49,11.0,-8.594,1.003,0.988,-0.051,11120,27.059,15.294,51,101,,,,,,,,,,,,
2026-09-26T22:32:24.348,165.805,0,1239.25,53,,99.469,25.882,12.0,-8.594,1.003,0.989,-0.047,10970,27.059,15.686,51,,32,,,,,,,,,,,
2026-09-26T22:32:24.478,165.936,0,1240.5,52,,99.438,25.882,9.5,-8.594,1.003,0.986,-0.055,11030,27.059,15.686,51,,,6.25,,,,,,,,,,
2026-09-26T22:32:24.608,166.065,0,1237.5,52,,99.281,25.882,9.5,-9.375,1.003,0.995,-0.031,11130,27.451,15.294,51,,,,14.355,,,,,,,,,
2026-09-26T22:32:24.738,166.195,0,1241.75,53,,99.156,25.882,12.5,-9.375,1.003,0.987,-0.051,11150,27.451,15.686,52,,,,,97,,,,,,,,
2026-09-26T22:32:24.868,166.325,0,1247.25,53,,99.156,25.882,12.5,-9.375,1.003,0.989,-0.051,11380,27.451,15.686,51,,,,,,20,,,,,,,
2026-09-26T22:32:24.998,166.455,0,1239.25,53,,99.156,26.275,12.5,-9.375,1.003,1.003,-0.016,11480,27.451,15.686,51,,,,,,,100.0,,,,,,
2026-09-26T22:32:25.128,166.585,0,1239.5,53,,99.031,26.275,12.5,-9.375,1.003,0.994,-0.035,11420,27.451,15.686,51,,,,,,,,509.2,,,,,
2026-09-26T22:32:25.258,166.715,0,1240.5,53,,98.969,26.275,12.5,-9.375,1.003,0.989,-0.047,11480,27.451,15.686,51,,,,,,,,,0.8,,,,
2026-09-26T22:32:25.388,166.845,0,1239.25,53,,98.812,26.275,12.5,-9.375,1.003,0.997,-0.027,11520,27.451,15.686,51,,,,,,,,,,,0.0,,
2026-09-26T22:32:25.518,166.976,0,1242.0,53,,98.812,26.275,12.5,-9.375,1.003,1.007,-0.012,11500,27.451,15.686,51,,,,,,,,,,,,37.647,
2026-09-26T22:32:25.648,167.105,0,1243.75,54,,98.812,26.275,12.5,-9.375,1.003,0.997,-0.027,11500,27.451,15.686,51,,,,,,,,,,,,,202
2026-09-26T22:32:25.778,167.235,0,1238.75,54,,98.812,26.667,12.5,-9.375,1.003,1.01,-0.012,11600,27.451,15.686,51,101,,,,,,,,,,,,
2026-09-26T22:32:25.908,167.365,0,1235.5,54,,98.812,26.275,12.5,-8.594,1.003,1.015,-0.004,11540,27.451,15.686,51,,33,,,,,,,,,,,
2026-09-26T22:32:26.038,167.495,0,1239.5,53,,98.812,26.275,12.5,-9.375,1.003,0.997,-0.027,11440,27.451,15.686,51,,,6.25,,,,,,,,,,
2026-09-26T22:32:26.168,167.625,0,1237.0,53,,98.812,26.275,12.5,-9.375,1.003,0.996,-0.027,11450,27.451,15.686,51,,,,14.414,,,,,,,,,
2026-09-26T22:32:26.298,167.755,0,1233.5,53,,98.75,26.275,12.5,-9.375,1.003,1.013,-0.008,11460,27.451,15.686,51,,,,,97,,,,,,,,
2026-09-26T22:32:26.428,167.885,0,1239.75,53,,98.656,26.275,12.5,-9.375,1.003,1.002,-0.02,11430,27.451,15.686,51,,,,,,20,,,,,,,
2026-09-26T22:32:26.558,168.015,0,1241.25,53,,98.625,26.275,12.5,-9.375,1.003,1.006,-0.016,11390,27.451,15.686,51,,,,,,,100.0,,,,,,
2026-09-26T22:32:26.688,168.146,0,1237.25,54,,98.5,26.275,12.5,-8.594,1.003,1.017,-0.004,11400,27.451,15.686,51,,,,,,,,510.6,,,,,
2026-09-26T22:32:26.818,168.275,0,1239.5,54,,98.5,26.275,12.5,-8.594,1.003,1.004,-0.016,11370,27.451,15.686,51,,,,,,,,,0.795,,,,
2026-09-26T22:32:26.949,168.406,0,1241.0,54,,98.5,26.275,12.5,-8.594,1.003,1.019,0.0,11430,27.451,15.686,51,,,,,,,,,,,0.0,,
2026-09-26T22:32:27.078,168.535,0,1237.75,54,,98.5,26.275,12.5,-8.594,1.003,0.999,-0.023,11450,27.451,15.686,51,,,,,,,,,,,,37.255,
2026-09-26T22:32:27.208,168.665,0,1239.25,53,,98.5,25.882,12.5,-8.594,1.003,1.004,-0.016,11460,27.451,15.686,51,,,,,,,,,,,,,203
2026-09-26T22:32:27.338,168.795,0,1238.75,53,,98.5,26.275,12.5,-7.031,1.003,1.053,0.039,11370,27.451,15.686,51,100,,,,,,,,,,,,
2026-09-26T22:32:27.468,168.925,0,1243.75,53,,98.5,26.275,12.5,-5.469,1.003,1.061,0.047,11310,27.451,15.686,51,,33,,,,,,,,,,,
2026-09-26T22:32:27.598,169.055,0,1253.0,53,,98.5,25.49,12.5,-6.25,1.003,1.023,0.004,11300,27.451,15.686,51,,,4.688,,,,,,,,,,
2026-09-26T22:32:27.728,169.185,0,1251.0,53,,98.5,25.49,12.5,-7.812,1.003,0.989,-0.047,11270,27.451,15.686,51,,,,14.355,,,,,,,,,
2026-09-26T22:32:27.858,169.315,0,1242.75,53,,98.5,25.49,12.5,-7.812,1.003,0.985,-0.059,11150,27.451,15.686,51,,,,,97,,,,,,,,
2026-09-26T22:32:27.988,169.445,0,1241.0,54,,98.5,25.882,12.5,-7.812,1.003,0.994,-0.035,11210,27.451,15.686,51,,,,,,20,,,,,,,
2026-09-26T22:32:28.118,169.575,0,1244.5,53,,98.5,25.882,12.5,-7.812,1.003,0.999,-0.023,11290,27.451,15.686,51,,,,,,,100.0,,,,,,
2026-09-26T22:32:28.248,169.705,0,1243.25,54,,98.5,25.882,12.5,-7.812,1.003,0.992,-0.039,11230,27.451,15.686,51,,,,,,,,511.6,,,,,
2026-09-26T22:32:28.378,169.835,0,1247.75,54,,98.5,25.49,13.0,-8.594,1.003,0.995,-0.035,11190,27.451,15.686,51,,,,,,,,,0.795,,,,
2026-09-26T22:32:28.507,169.965,0,1251.25,54,,98.5,25.49,12.5,-8.594,1.003,0.997,-0.027,11250,27.451,15.686,51,,,,,,,,,,,0.0,,
2026-09-26T22:32:28.638,170.095,0,1253.25,54,,98.5,25.49,13.0,-8.594,1.003,0.996,-0.031,11220,27.059,15.294,52,,,,,,,,,,,,36.863,
2026-09-26T22:32:28.768,170.225,0,1250.25,54,,98.5,24.706,13.0,-8.594,1.002,0.998,-0.027,11260,26.667,15.294,52,,,,,,,,,,,,,205
2026-09-26T22:32:28.898,170.355,0,1244.0,52,,98.5,24.314,13.0,-8.594,1.002,0.993,-0.039,10810,27.059,15.686,52,100,,,,,,,,,,,,
2026-09-26T22:32:29.028,170.485,0,1248.25,51,,98.5,24.706,13.0,-8.594,1.002,0.994,-0.035,10510,27.059,15.686,52,,34,,,,,,,,,,,
2026-09-26T22:32:29.158,170.615,0,1249.5,52,,98.5,24.706,13.0,-8.594,1.002,0.998,-0.023,10740,27.059,15.294,52,,,4.688,,,,,,,,,,
2026-09-26T22:32:29.290,170.748,0,1248.5,51,,98.5,24.314,13.0,-8.594,1.002,0.995,-0.031,10730,27.059,15.294,52,,,,14.296,,,,,,,,,
2026-09-26T22:32:29.418,170.875,0,1250.5,50,,98.5,24.314,13.0,-9.375,1.002,0.991,-0.043,10500,27.059,15.294,52,,,,,97,,,,,,,,
2026-09-26T22:32:29.548,171.005,0,1252.0,50,,98.5,24.314,13.0,-9.375,1.002,0.993,-0.035,10380,25.098,14.902,52,,,,,,20,,,,,,,
2026-09-26T22:32:29.678,171.135,0,1252.5,48,,98.5,22.745,13.5,-9.375,1.002,0.992,-0.039,10210,18.431,12.941,52,,,,,,,100.0,,,,,,
2026-09-26T22:32:29.808,171.265,0,1242.75,40,,98.062,18.431,14.0,-9.375,1.002,0.992,-0.039,9750,14.51,12.157,52,,,,,,,,512.3,,,,,
2026-09-26T22:32:29.938,171.395,0,1235.0,32,,98.188,0.0,19.0,-9.375,1.002,0.996,-0.031,9310,14.51,11.765,52,,,,,,,,,0.79,,,,
2026-09-26T22:32:30.068,171.525,0,1231.0,26,,98.188,0.0,25.5,-10.156,1.003,0.977,-0.082,8970,15.294,12.157,51,,,,,,,,,,,0.0,,
2026-09-26T22:32:30.198,171.655,0,1224.0,22,,98.188,0.0,24.5,-10.156,1.003,0.987,-0.055,8620,16.471,12.157,51,,,,,,,,,,,,12.941,
2026-09-26T22:32:30.328,171.785,0,1238.25,22,,98.031,0.0,16.0,-10.156,1.004,1.004,-0.016,8290,18.824,12.157,51,,,,,,,,,,,,,206
2026-09-26T22:32:30.458,171.915,0,1235.5,22,,97.906,9.02,11.5,-9.375,1.004,1.012,-0.008,7970,20.392,12.157,51,100,,,,,,,,,,,,
2026-09-26T22:32:30.588,172.045,0,1233.5,22,,97.875,9.02,18.5,-9.375,1.005,1.009,-0.012,7600,20.392,12.157,51,,33,,,,,,,,,,,
2026-09-26T22:32:30.717,172.174,0,1226.25,22,,97.875,9.02,27.5,-9.375,1.005,1.021,0.0,7290,21.569,13.333,51,,,8.594,,,,,,,,,,
2026-09-26T22:32:30.848,172.305,0,1230.0,22,,97.719,9.804,19.5,-8.594,1.005,1.02,0.0,6880,21.961,13.333,51,,,,14.335,,,,,,,,,
2026-09-26T22:32:30.978,172.435,0,1248.0,28,,97.562,12.941,18.0,-9.375,1.005,0.998,-0.027,6320,21.961,12.941,51,,,,,97,,,,,,,,
2026-09-26T22:32:31.108,172.565,0,1227.5,28,,97.562,12.941,18.5,-10.156,1.005,0.995,-0.031,5870,21.961,13.333,51,,,,,,20,,,,,,,
2026-09-26T22:32:31.238,172.695,0,1220.75,28,,97.875,13.333,18.0,-9.375,1.004,1.01,-0.012,5410,22.353,13.333,51,,,,,,,100.0,,,,,,
2026-09-26T22:32:31.368,172.825,0,1222.75,29,,97.875,13.725,17.5,-8.594,1.004,1.025,0.004,4830,21.961,13.333,50,,,,,,,,513.5,,,,,
2026-09-26T22:32:31.497,172.954,0,1218.25,29,,97.812,13.725,18.0,-8.594,1.003,1.005,-0.016,4350,23.529,14.51,51,,,,,,,,,0.79,,,,
2026-09-26T22:32:31.627,173.085,0,1213.5,30,,97.562,15.294,15.0,-9.375,1.003,0.999,-0.023,3810,23.529,14.118,51,,,,,,,,,,,0.0,,
2026-09-26T22:32:31.758,173.215,0,1217.75,34,,97.562,17.255,14.0,-8.594,1.003,1.021,0.0,3890,23.529,14.118,51,,,,,,,,,,,,23.922,
2026-09-26T22:32:31.889,173.346,0,1214.0,36,,97.531,17.647,14.0,-7.812,1.003,1.031,0.012,4360,23.529,14.118,50,,,,,,,,,,,,,208
2026-09-26T22:32:32.018,173.475,0,1216.0,36,,97.562,17.647,14.0,-7.812,1.002,1.013,-0.008,4610,23.529,14.118,50,100,,,,,,,,,,,,
2026-09-26T22:32:32.148,173.605,0,1220.0,36,,97.531,17.647,14.0,-8.594,1.002,1.001,-0.02,4770,23.529,14.118,50,,34,,,,,,,,,,,
2026-09-26T22:32:32.278,173.735,0,1220.5,36,,97.531,17.647,14.0,-8.594,1.002,0.997,-0.027,4910,23.529,14.118,50,,,6.25,,,,,,,,,,
2026-09-26T22:32:32.408,173.865,0,1221.75,36,,97.531,17.647,13.5,-9.375,1.002,0.995,-0.031,4970,23.529,14.118,50,,,,14.414,,,,,,,,,
2026-09-26T22:32:32.537,173.994,0,1223.25,36,,97.531,17.647,13.5,-9.375,1.002,0.997,-0.027,5160,23.529,14.118,50,,,,,97,,,,,,,,
2026-09-26T22:32:32.668,174.125,0,1221.25,36,,97.531,18.039,13.5,-9.375,1.002,0.996,-0.031,5360,23.137,13.333,50,,,,,,20,,,,,,,
2026-09-26T22:32:32.797,174.254,0,1218.0,34,,97.531,16.471,15.0,-9.375,1.002,0.989,-0.047,5370,23.137,13.725,50,,,,,,,100.0,,,,,,
2026-09-26T22:32:32.928,174.385,0,1206.0,33,,97.531,16.078,15.0,-10.156,1.002,0.989,-0.051,5240,23.137,13.725,50,,,,,,,,514.3,,,,,
2026-09-26T22:32:33.058,174.515,0,1204.75,33,,97.531,16.471,15.0,-9.375,1.002,0.999,-0.023,5020,23.137,13.725,50,,,,,,,,,0.785,,,,
2026-09-26T22:32:33.188,174.645,0,1206.75,33,,97.531,16.471,15.0,-8.594,1.002,1.017,-0.004,4730,23.137,13.725,50,,,,,,,,,,,0.0,,
2026-09-26T22:32:33.318,174.775,0,1202.75,33,,97.531,16.471,15.0,-8.594,1.002,1.013,-0.008,4740,23.137,13.725,50,,,,,,,,,,,,22.745,
2026-09-26T22:32:33.448,174.905,0,1202.0,33,,97.531,16.471,15.0,-8.594,1.002,1.0,-0.02,4790,23.137,13.725,50,,,,,,,,,,,,,209
2026-09-26T22:32:33.578,175.035,0,1203.75,33,,97.531,16.471,15.0,-9.375,1.002,0.996,-0.031,4860,23.137,13.725,50,101,,,,,,,,,,,,
2026-09-26T22:32:33.707,175.165,0,1201.5,33,,97.531,16.471,15.0,-9.375,1.002,0.995,-0.031,4950,23.137,13.725,50,,34,,,,,,,,,,,
2026-09-26T22:32:33.838,175.295,0,1201.25,34,,97.531,16.863,14.5,-9.375,1.002,0.996,-0.031,5080,23.137,14.118,50,,,6.25,,,,,,,,,,
2026-09-26T22:32:33.968,175.425,0,1200.0,34,,97.531,17.255,14.5,-9.375,1.002,0.998,-0.023,5290,23.137,14.118,50,,,,14.355,,,,,,,,,
2026-09-26T22:32:34.098,175.555,0,1202.0,34,,97.531,17.255,14.0,-9.375,1.002,1.0,-0.02,5390,23.137,13.725,50,,,,,97,,,,,,,,
2026-09-26T22:32:34.228,175.685,0,1203.0,34,,97.5,17.255,14.0,-9.375,1.002,1.003,-0.016,5380,23.137,13.725,50,,,,,,20,,,,,,,
2026-09-26T22:32:34.357,175.814,0,1201.0,34,,97.531,16.863,14.0,-8.594,1.002,1.012,-0.008,5380,23.529,13.725,50,,,,,,,100.0,,,,,,
2026-09-26T22:32:34.489,175.946,0,1203.0,34,,97.531,16.863,14.5,-8.594,1.002,1.018,-0.004,5360,23.529,14.118,50,,,,,,,,515.0,,,,,
2026-09-26T22:32:34.617,176.075,0,1201.0,35,,97.469,17.255,14.0,-8.594,1.002,1.018,-0.004,5580,23.529,14.118,50,,,,,,,,,0.78,,,,
2026-09-26T22:32:34.747,176.205,0,1205.0,35,,97.531,17.647,14.0,-8.594,1.002,1.008,-0.012,5840,23.529,14.118,50,,,,,,,,,,,0.0,,
2026-09-26T22:32:34.877,176.334,0,1209.0,36,,97.5,18.039,13.5,-9.375,1.002,0.995,-0.031,6000,23.529,14.118,50,,,,,,,,,,,,24.706,
2026-09-26T22:32:35.008,176.465,0,1205.5,36,,97.5,17.647,14.0,-9.375,1.002,0.994,-0.035,6010,23.529,13.725,50,,,,,,,,,,,,,211
2026-09-26T22:32:35.138,176.595,0,1200.75,36,,97.531,17.647,14.0,-9.375,1.002,0.999,-0.02,5810,23.529,14.118,49,102,,,,,,,,,,,,
2026-09-26T22:32:35.268,176.725,0,1193.25,35,,97.531,17.255,14.0,-8.594,1.002,1.013,-0.008,5550,23.529,14.118,50,,34,,,,,,,,,,,
2026-09-26T22:32:35.397,176.854,0,1193.5,35,,97.531,17.647,14.0,-7.812,1.002,1.027,0.008,5500,23.529,14.118,49,,,6.25,,,,,,,,,,
2026-09-26T22:32:35.527,176.985,0,1201.25,35,,97.469,17.647,14.0,-7.812,1.002,1.022,0.0,5590,23.529,14.118,49,,,,14.375,,,,,,,,,
2026-09-26T22:32:35.657,177.114,0,1202.25,35,,97.531,17.647,14.0,-8.594,1.002,0.998,-0.023,5650,23.922,14.118,50,,,,,97,,,,,,,,
2026-09-26T22:32:35.791,177.248,0,1203.5,36,,97.469,18.431,13.5,-8.594,1.002,0.992,-0.043,5920,24.314,14.51,50,,,,,,20,,,,,,,
2026-09-26T22:32:35.917,177.375,0,1206.75,37,,97.469,18.824,13.5,-9.375,1.002,0.992,-0.039,6470,24.314,14.51,50,,,,,,,100.0,,,,,,
2026-09-26T22:32:36.048,177.505,0,1203.5,38,,97.5,19.216,13.0,-9.375,1.002,0.989,-0.047,6940,24.314,14.51,49,,,,,,,,515.3,,,,,
2026-09-26T22:32:36.177,177.634,0,1196.25,39,,97.469,20.0,13.0,-9.375,1.002,0.986,-0.055,7210,24.314,14.51,50,,,,,,,,,0.78,,,,
2026-09-26T22:32:36.317,177.775,0,1194.75,39,,97.469,20.0,13.0,-10.156,1.002,0.985,-0.055,7340,24.314,14.51,49,,,,,,,,,,,0.0,,
2026-09-26T22:32:36.447,177.905,0,1195.75,39,,97.469,20.0,13.0,-10.156,1.002,0.994,-0.035,7200,24.314,14.51,49,,,,,,,,,,,,27.059,
2026-09-26T22:32:36.578,178.035,0,1195.0,39,,97.5,20.0,13.0,-9.375,1.002,1.009,-0.012,7150,24.314,14.51,49,,,,,,,,,,,,,213
2026-09-26T22:32:36.707,178.165,0,1195.75,39,,97.531,20.0,13.0,-8.594,1.002,1.013,-0.008,7230,24.314,14.51,49,102,,,,,,,,,,,,
2026-09-26T22:32:36.838,178.295,0,1197.75,39,,97.531,20.392,13.0,-9.375,1.002,0.998,-0.027,7320,24.314,14.51,50,,35,,,,,,,,,,,
2026-09-26T22:32:36.968,178.425,0,1197.0,39,,97.531,20.392,13.0,-9.375,1.002,0.993,-0.039,7400,24.314,14.51,50,,,5.469,,,,,,,,,,
2026-09-26T22:32:37.097,178.555,0,1195.75,39,,97.531,20.392,13.0,-9.375,1.002,0.995,-0.031,7420,24.314,14.51,50,,,,14.414,,,,,,,,,
2026-09-26T22:32:37.228,178.686,0,1197.5,40,,97.531,20.392,13.0,-9.375,1.002,0.996,-0.027,7500,24.314,14.51,50,,,,,97,,,,,,,,
2026-09-26T22:32:37.357,178.814,0,1195.5,40,,97.531,20.392,13.0,-10.156,1.002,0.994,-0.035,7490,24.314,14.51,50,,,,,,20,,,,,,,
2026-09-26T22:32:37.489,178.946,0,1198.25,39,,97.531,20.0,13.0,-10.156,1.002,0.997,-0.027,7350,24.314,14.51,50,,,,,,,100.0,,,,,,
2026-09-26T22:32:37.618,179.075,0,1198.0,39,,97.531,20.392,13.0,-10.156,1.002,0.998,-0.023,7290,24.314,14.51,49,,,,,,,,515.2,,,,,
2026-09-26T22:32:37.747,179.205,0,1196.0,39,,97.531,20.0,13.0,-10.156,1.002,0.996,-0.031,7230,24.314,14.51,49,,,,,,,,,0.78,,,,
2026-09-26T22:32:37.878,179.335,0,1195.0,39,,97.531,20.0,13.0,-10.156,1.002,0.996,-0.031,7170,24.314,14.51,49,,,,,,,,,,,0.0,,
2026-09-26T22:32:38.007,179.465,0,1194.0,39,,97.531,20.0,13.0,-10.156,1.002,0.997,-0.027,7150,24.314,14.51,49,,,,,,,,,,,,27.451,
2026-09-26T22:32:38.137,179.594,0,1195.5,39,,97.531,20.0,13.0,-10.156,1.002,0.997,-0.027,7160,24.314,14.51,49,,,,,,,,,,,,,214
2026-09-26T22:32:38.268,179.725,0,1193.5,39,,97.531,20.0,13.0,-10.156,1.002,0.997,-0.027,7090,24.314,14.51,49,102,,,,,,,,,,,,
2026-09-26T22:32:38.398,179.855,0,1195.75,39,,97.531,20.0,13.0,-10.156,1.001,1.001,-0.02,7110,24.314,14.51,49,,35,,,,,,,,,,,
2026-09-26T22:32:38.527,179.985,0,1198.5,39,,97.531,20.0,13.0,-10.156,1.001,1.002,-0.02,7150,24.314,14.51,49,,,5.469,,,,,,,,,,
2026-09-26T22:32:38.658,180.115,0,1195.5,39,,97.531,20.0,13.0,-10.156,1.001,0.998,-0.027,7180,24.314,14.51,49,,,,14.433,,,,,,,,,
2026-09-26T22:32:38.790,180.247,0,1193.0,39,,97.531,20.392,13.0,-10.156,1.001,0.995,-0.031,7230,24.314,14.51,49,,,,,97,,,,,,,,
2026-09-26T22:32:38.917,180.375,0,1189.5,39,,97.531,20.392,13.0,-10.156,1.001,0.994,-0.035,7230,24.314,14.51,49,,,,,,20,,,,,,,
2026-09-26T22:32:39.048,180.505,0,1191.5,39,,97.531,20.392,13.0,-10.156,1.001,0.997,-0.027,7210,24.314,14.51,49,,,,,,,100.0,,,,,,
2026-09-26T22:32:39.178,180.635,0,1190.0,39,,97.531,20.392,13.0,-10.156,1.001,1.0,-0.02,7200,24.314,14.51,49,,,,,,,,515.1,,,,,
2026-09-26T22:32:39.308,180.765,0,1191.25,39,,97.531,20.392,13.0,-10.156,1.001,1.001,-0.02,7210,24.314,14.51,49,,,,,,,,,0.775,,,,
2026-09-26T22:32:39.438,180.895,0,1194.75,39,,97.531,20.0,13.0,-10.156,1.001,1.002,-0.02,7210,24.314,14.51,49,,,,,,,,,,,0.0,,
2026-09-26T22:32:39.567,181.024,0,1194.25,39,,97.531,20.0,13.0,-10.156,1.001,1.004,-0.016,7200,24.314,14.51,49,,,,,,,,,,,,27.451,
2026-09-26T22:32:39.698,181.155,0,1195.0,39,,97.531,20.0,13.0,-10.156,1.001,1.0,-0.02,7170,24.314,14.51,49,,,,,,,,,,,,,216
2026-09-26T22:32:39.828,181.285,0,1192.75,39,,97.531,20.0,13.0,-10.156,1.001,1.0,-0.02,7200,24.314,14.51,49,102,,,,,,,,,,,,
2026-09-26T22:32:39.957,181.414,0,1190.75,39,,97.531,20.392,13.0,-10.156,1.001,1.006,-0.016,7200,24.314,14.51,49,,35,,,,,,,,,,,
2026-09-26T22:32:40.089,181.546,0,1193.0,39,,97.531,20.0,13.0,-10.156,1.001,1.002,-0.02,7180,24.314,14.51,49,,,5.469,,,,,,,,,,
2026-09-26T22:32:40.218,181.675,0,1192.75,39,,97.531,20.0,13.0,-10.156,1.001,1.002,-0.02,7170,24.314,14.51,49,,,,14.414,,,,,,,,,
2026-09-26T22:32:40.348,181.805,0,1192.25,39,,97.531,20.0,13.0,-10.156,1.001,1.009,-0.012,7170,24.314,14.51,49,,,,,97,,,,,,,,
2026-09-26T22:32:40.478,181.935,0,1193.25,39,,97.531,20.0,13.0,-10.156,1.001,1.008,-0.012,7180,24.314,14.51,49,,,,,,20,,,,,,,
2026-09-26T22:32:40.608,182.065,0,1195.0,39,,97.531,20.0,13.0,-10.156,1.001,1.0,-0.02,7160,24.314,14.51,49,,,,,,,100.0,,,,,,
2026-09-26T22:32:40.737,182.194,0,1193.25,39,,97.531,20.0,13.0,-10.156,1.001,0.999,-0.023,7190,24.314,14.51,49,,,,,,,,514.8,,,,,
2026-09-26T22:32:40.867,182.324,0,1189.75,39,,97.531,20.392,13.0,-10.156,1.001,1.002,-0.02,7230,24.314,14.51,49,,,,,,,,,0.775,,,,
2026-09-26T22:32:40.998,182.455,0,1189.75,39,,97.531,20.392,13.0,-10.156,1.001,1.005,-0.016,7240,24.314,14.51,49,,,,,,,,,,,0.0,,
2026-09-26T22:32:41.127,182.584,0,1189.0,39,,97.531,20.392,13.0,-10.156,1.001,1.003,-0.016,7270,24.314,14.51,49,,,,,,,,,,,,27.843,
2026-09-26T22:32:41.257,182.715,0,1191.0,39,,97.531,20.392,13.0,-10.156,1.001,1.002,-0.02,7270,24.314,14.51,49,,,,,,,,,,,,,217
2026-09-26T22:32:41.388,182.845,0,1190.25,39,,97.531,20.392,13.0,-10.156,1.001,1.001,-0.02,7290,24.314,14.51,49,103,,,,,,,,,,,,
2026-09-26T22:32:41.517,182.974,0,1193.25,39,,97.531,20.392,13.0,-10.156,1.001,0.996,-0.027,7260,24.706,14.51,49,,35,,,,,,,,,,,
2026-09-26T22:32:41.648,183.105,0,1193.0,39,,97.531,20.0,13.0,-10.156,1.001,1.001,-0.02,7210,24.706,14.51,49,,,5.469,,,,,,,,,,
2026-09-26T22:32:41.778,183.235,0,1190.5,40,,97.531,20.392,13.0,-10.156,1.001,1.008,-0.012,7220,24.314,14.51,49,,,,14.394,,,,,,,,,
2026-09-26T22:32:41.907,183.364,0,1190.0,40,,97.531,20.392,13.0,-10.156,1.001,1.005,-0.016,7320,24.314,14.51,49,,,,,97,,,,,,,,
2026-09-26T22:32:42.037,183.494,0,1185.5,40,,97.531,20.784,13.0,-10.156,1.001,1.0,-0.02,7400,24.314,14.51,49,,,,,,20,,,,,,,
2026-09-26T22:32:42.168,183.625,0,1184.5,40,,97.531,20.784,13.0,-10.156,1.001,1.004,-0.016,7460,24.314,14.118,49,,,,,,,100.0,,,,,,
2026-09-26T22:32:42.298,183.755,0,1185.25,40,,97.562,20.392,13.0,-10.156,1.001,1.01,-0.012,7390,21.176,12.941,49,,,,,,,,514.5,,,,,
2026-09-26T22:32:42.428,183.885,0,1179.5,36,,97.531,18.431,15.5,-9.375,1.001,1.009,-0.012,7020,14.51,11.765,49,,,,,,,,,0.77,,,,
2026-09-26T22:32:42.557,184.014,0,1173.0,29,,97.5,0.0,22.5,-10.156,1.001,1.003,-0.016,6630,14.51,11.765,49,,,,,,,,,,,0.0,,
2026-09-26T22:32:42.688,184.146,0,1168.25,23,,97.531,0.0,17.5,-10.156,1.001,0.989,-0.047,6310,14.51,11.765,49,,,,,,,,,,,,12.549,
2026-09-26T22:32:42.817,184.274,0,1150.0,22,,97.531,0.0,11.0,-10.156,1.001,0.994,-0.035,6010,14.51,12.157,49,,,,,,,,,,,,,219
2026-09-26T22:32:42.947,184.405,0,1163.5,21,,97.531,0.0,6.5,-10.156,1.002,1.003,-0.016,5720,14.51,12.157,49,103,,,,,,,,,,,,
2026-09-26T22:32:43.077,184.534,0,1165.25,21,,97.5,0.0,2.0,-9.375,1.003,1.025,0.004,5450,14.51,11.765,48,,34,,,,,,,,,,,
2026-09-26T22:32:43.207,184.664,0,1150.0,21,,97.531,0.0,-3.0,-7.812,1.003,1.07,0.059,5140,14.51,12.157,49,,,10.156,,,,,,,,,,
2026-09-26T22:32:43.337,184.794,0,1158.0,21,,97.531,0.0,-5.5,0.0,1.004,1.053,0.039,4910,14.51,12.157,48,,,,14.375,,,,,,,,,
2026-09-26T22:32:43.467,184.924,0,1145.75,21,,97.375,0.0,-6.5,0.0,1.003,1.013,-0.008,5390,14.51,12.157,48,,,,,97,,,,,,,,
2026-09-26T22:32:43.597,185.054,0,1151.25,21,,97.281,0.0,-7.0,0.0,1.003,1.029,0.008,6460,14.51,12.157,48,,,,,,20,,,,,,,
2026-09-26T22:32:43.727,185.184,0,1131.75,22,,97.344,0.0,-7.0,0.0,1.0,1.24,0.234,7560,14.51,12.157,48,,,,,,,100.0,,,,,,
2026-09-26T22:32:43.857,185.315,0,1127.75,23,,97.438,0.0,-7.0,0.0,0.997,1.613,0.504,8740,14.51,12.157,48,,,,,,,,516.1,,,,,
2026-09-26T22:32:43.989,185.446,0,1133.0,24,,97.531,0.0,-7.0,0.0,1.019,2.0,0.715,9570,14.51,12.157,47,,,,,,,,,0.78,,,,
2026-09-26T22:32:44.118,185.575,0,1140.0,24,,97.531,0.0,-7.0,0.0,1.065,2.0,0.84,9590,14.51,12.157,47,,,,,,,,,,,0.0,,
2026-09-26T22:32:44.248,185.705,0,1134.5,24,,97.531,0.0,-7.0,0.0,1.127,2.0,0.953,9580,14.51,12.157,47,,,,,,,,,,,,13.333,
2026-09-26T22:32:44.377,185.834,0,1162.25,23,,97.531,0.0,-6.0,0.0,1.175,2.0,1.031,9570,14.51,12.157,47,,,,,,,,,,,,,220
2026-09-26T22:32:44.507,185.964,0,1245.0,23,,97.531,0.0,-5.0,0.0,1.229,2.0,1.09,9560,14.51,12.157,47,103,,,,,,,,,,,,
2026-09-26T22:32:44.637,186.094,0,1313.75,24,,97.531,0.0,-4.0,0.0,1.294,2.0,1.137,9560,14.51,12.549,47,,35,,,,,,,,,,,
2026-09-26T22:32:44.768,186.225,0,1385.25,24,,97.562,0.0,-2.5,0.0,1.398,2.0,1.164,9550,14.51,12.549,46,,,7.812,,,,,,,,,,
2026-09-26T22:32:44.897,186.354,0,1442.5,23,,97.812,0.0,-2.5,0.0,1.499,2.0,1.191,9550,14.51,12.549,46,,,,14.453,,,,,,,,,
2026-09-26T22:32:45.028,186.485,0,1463.5,23,,97.875,0.0,-2.5,0.0,1.635,2.0,1.199,9540,14.51,12.549,46,,,,,97,,,,,,,,
2026-09-26T22:32:45.157,186.614,0,1450.0,23,,97.875,0.0,-2.5,0.0,1.717,2.0,1.219,9530,14.51,12.549,45,,,,,,20,,,,,,,
2026-09-26T22:32:45.290,186.748,0,1441.25,23,,97.875,0.0,-2.5,0.0,1.765,2.0,1.219,9530,14.51,12.549,45,,,,,,,100.0,,,,,,
2026-09-26T22:32:45.417,186.875,0,1435.0,23,,97.875,0.0,-2.5,0.0,1.784,2.0,1.219,9520,14.51,12.549,45,,,,,,,,518.4,,,,,
2026-09-26T22:32:45.547,187.004,0,1428.0,23,,97.875,0.0,-2.5,0.0,1.793,2.0,1.234,9510,14.51,12.549,45,,,,,,,,,0.145,,,,
2026-09-26T22:32:45.678,187.135,0,1424.5,23,,97.875,0.0,-2.5,0.0,1.797,2.0,1.242,9510,14.51,12.549,45,,,,,,,,,,,0.0,,
2026-09-26T22:32:45.807,187.264,0,1418.0,23,,97.875,0.0,-2.5,0.0,1.799,2.0,1.242,9520,14.51,12.549,45,,,,,,,,,,,,12.549,
2026-09-26T22:32:45.937,187.394,0,1406.5,23,,97.906,0.0,-3.0,0.0,1.799,2.0,1.238,9510,14.51,12.549,45,,,,,,,,,,,,,222
2026-09-26T22:32:46.067,187.524,0,1400.5,23,,98.031,0.0,-3.0,0.0,1.8,2.0,1.246,9500,14.51,12.549,45,103,,,,,,,,,,,,
2026-09-26T22:32:46.197,187.655,0,1402.5,23,,98.156,0.0,-3.0,0.0,1.8,2.0,1.242,9510,14.51,12.549,44,,35,,,,,,,,,,,
2026-09-26T22:32:46.327,187.785,0,1397.25,23,,98.156,0.0,-3.0,0.0,1.8,2.0,1.246,9500,14.51,12.549,44,,,8.594,,,,,,,,,,
2026-09-26T22:32:46.457,187.914,0,1385.0,23,,98.188,0.0,-3.0,0.0,1.8,2.0,1.246,9490,14.51,12.549,44,,,,14.453,,,,,,,,,
2026-09-26T22:32:46.588,188.045,0,1368.0,23,,98.188,0.0,-4.0,0.0,1.8,2.0,1.25,9490,14.51,12.549,44,,,,,97,,,,,,,,
2026-09-26T22:32:46.717,188.174,0,1363.25,23,,98.156,0.0,-4.0,0.0,1.8,2.0,1.25,9490,14.51,12.549,43,,,,,,20,,,,,,,
2026-09-26T22:32:46.848,188.305,0,1359.75,23,,98.188,0.0,-4.0,0.0,1.8,2.0,1.25,9490,14.51,12.549,43,,,,,,,100.0,,,,,,
2026-09-26T22:32:46.977,188.434,0,1353.25,23,,98.188,0.0,-4.0,0.0,1.8,2.0,1.25,9480,14.51,12.549,43,,,,,,,,520.2,,,,,
2026-09-26T22:32:47.108,188.565,0,1349.0,23,,98.188,0.0,-4.0,0.0,1.8,2.0,1.25,9480,14.51,12.549,43,,,,,,,,,0.095,,,,
2026-09-26T22:32:47.238,188.695,0,1342.0,23,,98.188,0.0,-4.0,0.0,1.8,2.0,1.254,9480,14.51,12.157,43,,,,,,,,,,,0.0,,
2026-09-26T22:32:47.367,188.824,0,1332.5,23,,98.188,0.0,-4.0,0.0,1.8,2.0,1.254,9470,14.51,12.157,42,,,,,,,,,,,,12.549,
2026-09-26T22:32:47.497,188.954,0,1318.25,23,,98.188,0.0,-4.0,0.0,1.8,2.0,1.25,9470,14.51,12.157,42,,,,,,,,,,,,,223
2026-09-26T22:32:47.628,189.085,0,1309.0,23,,98.188,0.0,-4.5,0.0,1.8,2.0,1.254,9470,14.51,12.157,42,103,,,,,,,,,,,,
2026-09-26T22:32:47.757,189.214,0,1305.5,23,,98.188,0.0,-4.5,0.0,1.8,2.0,1.25,9460,14.51,12.157,41,,35,,,,,,,,,,,
2026-09-26T22:32:47.889,189.346,0,1300.0,23,,98.188,0.0,-4.5,0.0,1.8,2.0,1.25,9460,14.51,12.157,41,,,9.375,,,,,,,,,,
2026-09-26T22:32:48.018,189.475,0,1292.5,23,,98.188,0.0,-4.5,0.0,1.8,2.0,1.25,9460,14.51,12.157,41,,,,14.453,,,,,,,,,
2026-09-26T22:32:48.147,189.604,0,1283.25,23,,98.188,0.0,-5.0,0.0,1.8,2.0,1.25,9460,14.51,12.157,40,,,,,97,,,,,,,,
2026-09-26T22:32:48.277,189.735,0,1268.25,23,,98.188,0.0,-5.0,0.0,1.8,2.0,1.25,9450,14.51,12.157,40,,,,,,20,,,,,,,
2026-09-26T22:32:48.407,189.864,0,1257.0,23,,98.188,0.0,-5.0,0.0,1.8,2.0,1.25,9460,14.51,12.157,40,,,,,,,100.0,,,,,,
2026-09-26T22:32:48.537,189.994,0,1243.5,23,,98.188,0.0,-5.5,0.0,1.8,2.0,1.254,9450,14.51,12.157,39,,,,,,,,522.2,,,,,
2026-09-26T22:32:48.668,190.125,0,1232.0,23,,98.188,0.0,-5.5,0.0,1.8,2.0,1.25,9450,14.51,12.157,39,,,,,,,,,0.1,,,,
2026-09-26T22:32:48.797,190.255,0,1223.0,23,,98.188,0.0,-5.5,0.0,1.8,2.0,1.25,9450,14.51,12.157,38,,,,,,,,,,,0.0,,
2026-09-26T22:32:48.928,190.385,0,1212.75,24,,98.188,0.0,-6.0,0.0,1.8,2.0,1.25,9450,14.51,12.157,38,,,,,,,,,,,,13.333,
2026-09-26T22:32:49.057,190.514,0,1196.25,23,,98.188,0.0,-6.0,0.0,1.8,2.0,1.25,9450,14.51,12.157,38,,,,,,,,,,,,,225
2026-09-26T22:32:49.188,190.645,0,1189.75,23,,98.188,0.0,-6.0,0.0,1.8,2.0,1.25,9440,14.51,12.157,37,103,,,,,,,,,,,,
2026-09-26T22:32:49.317,190.775,0,1275.75,23,,98.156,0.0,-4.0,0.0,1.8,2.0,1.254,9430,14.51,12.549,36,,36,,,,,,,,,,,
2026-09-26T22:32:49.448,190.905,0,1384.25,24,,98.156,0.0,-3.0,0.0,1.8,2.0,1.254,9440,14.51,12.549,36,,,7.812,,,,,,,,,,
2026-09-26T22:32:49.578,191.035,0,1463.0,23,,98.188,0.0,-2.0,0.0,1.8,2.0,1.246,9430,14.51,12.549,35,,,,14.414,,,,,,,,,
2026-09-26T22:32:49.708,191.165,0,1512.0,23,,98.188,0.0,-1.5,0.0,1.8,2.0,1.254,9430,14.51,12.549,35,,,,,97,,,,,,,,
2026-09-26T22:32:49.838,191.295,0,1559.25,23,,98.188,0.0,-1.0,0.0,1.8,2.0,1.25,9430,14.51,12.941,34,,,,,,20,,,,,,,
2026-09-26T22:32:49.967,191.424,0,1567.0,23,,98.188,0.0,-1.0,0.0,1.8,2.0,1.254,9420,14.51,12.941,34,,,,,,,100.0,,,,,,
2026-09-26T22:32:50.097,191.554,0,1552.75,24,,98.188,0.0,-1.0,0.0,1.8,2.0,1.254,9420,14.51,12.549,33,,,,,,,,524.1,,,,,
2026-09-26T22:32:50.228,191.685,0,1528.5,23,,98.188,0.0,-1.5,0.0,1.8,2.0,1.254,9410,14.51,12.549,33,,,,,,,,,0.095,,,,
2026-09-26T22:32:50.357,191.814,0,1500.25,23,,98.219,0.0,-2.0,0.0,1.8,2.0,1.258,9410,14.51,12.549,32,,,,,,,,,,,0.0,,
2026-09-26T22:32:50.489,191.946,0,1489.5,23,,98.219,0.0,-2.0,0.0,1.8,2.0,1.254,9420,14.51,12.549,32,,,,,,,,,,,,12.157,
2026-09-26T22:32:50.617,192.075,0,1476.5,22,,98.188,0.0,-2.5,0.0,1.8,2.0,1.258,9410,14.51,12.549,32,,,,,,,,,,,,,227
2026-09-26T22:32:50.747,192.204,0,1443.5,22,,98.219,0.0,-2.5,0.0,1.8,2.0,1.258,9410,14.51,12.549,31,103,,,,,,,,,,,,
2026-09-26T22:32:50.878,192.335,0,1423.0,23,,98.188,0.0,-2.5,0.0,1.8,2.0,1.258,9490,14.51,12.549,30,,36,,,,,,,,,,,
2026-09-26T22:32:51.008,192.466,0,1405.5,23,,98.219,0.0,-3.0,0.0,1.8,2.0,1.258,9480,14.51,12.549,30,,,8.594,,,,,,,,,,
2026-09-26T22:32:51.138,192.595,0,1388.25,23,,98.312,0.0,-3.0,0.0,1.8,2.0,1.258,9480,14.51,12.549,30,,,,14.453,,,,,,,,,
2026-09-26T22:32:51.267,192.724,0,1362.5,23,,98.219,0.0,-4.0,0.0,1.8,2.0,1.258,9470,14.51,12.157,29,,,,,97,,,,,,,,
2026-09-26T22:32:51.398,192.855,0,1339.0,23,,98.25,0.0,-4.0,0.0,1.8,2.0,1.262,9470,14.51,12.157,29,,,,,,20,,,,,,,
2026-09-26T22:32:51.537,192.994,0,1316.25,23,,98.281,0.0,-4.5,0.0,1.8,2.0,1.258,9470,14.51,12.157,28,,,,,,,100.0,,,,,,
2026-09-26T22:32:51.667,193.124,0,1290.25,23,,98.219,0.0,-4.5,0.0,1.8,2.0,1.258,9480,14.51,12.157,28,,,,,,,,525.8,,,,,
2026-09-26T22:32:51.798,193.255,0,1268.75,24,,98.219,0.0,-5.0,0.0,1.8,2.0,1.258,9460,14.51,12.157,27,,,,,,,,,0.095,,,,
2026-09-26T22:32:51.928,193.385,0,1241.25,23,,98.188,0.0,-5.5,0.0,1.8,2.0,1.258,9460,14.51,12.157,27,,,,,,,,,,,0.0,,
2026-09-26T22:32:52.057,193.514,0,1219.25,23,,98.188,0.0,-6.0,0.0,1.8,2.0,1.258,9450,14.51,12.157,26,,,,,,,,,,,,12.549,
2026-09-26T22:32:52.188,193.645,0,1205.75,23,,98.188,0.0,-6.0,0.0,1.8,2.0,1.258,9450,14.51,12.157,25,,,,,,,,,,,,,228
2026-09-26T22:32:52.318,193.775,0,1206.25,23,,98.188,0.0,-6.0,0.0,1.8,2.0,1.258,9460,14.51,12.157,24,103,,,,,,,,,,,,
2026-09-26T22:32:52.447,193.904,0,1197.5,23,,98.188,0.0,-6.0,0.0,1.8,2.0,1.254,9450,14.51,12.157,24,,36,,,,,,,,,,,
2026-09-26T22:32:52.578,194.035,0,1199.25,23,,98.188,0.0,-6.0,0.0,1.8,2.0,1.254,9450,14.51,12.157,23,,,9.375,,,,,,,,,,
2026-09-26T22:32:52.707,194.164,0,1201.0,24,,98.156,0.0,-6.0,0.0,1.8,2.0,1.258,9450,14.51,12.157,22,,,,14.453,,,,,,,,,
2026-09-26T22:32:52.838,194.295,0,1211.5,23,,98.188,0.0,-6.0,0.0,1.8,2.0,1.254,9450,14.51,12.157,22,,,,,97,,,,,,,,
2026-09-26T22:32:52.967,194.424,0,1214.0,23,,98.188,0.0,-6.0,0.0,1.8,2.0,1.254,9450,14.51,12.157,21,,,,,,20,,,,,,,
2026-09-26T22:32:53.098,194.555,0,1213.0,23,,98.156,0.0,-6.0,0.0,1.8,2.0,1.254,9440,14.51,12.157,20,,,,,,,100.0,,,,,,
2026-09-26T22:32:53.227,194.684,0,1206.0,23,,98.156,0.0,-6.0,0.0,1.8,2.0,1.258,9440,14.51,12.157,20,,,,,,,,527.5,,,,,
2026-09-26T22:32:53.357,194.815,0,1197.75,23,,98.188,0.0,-6.0,0.0,1.8,2.0,1.254,9430,14.51,12.157,19,,,,,,,,,0.095,,,,
2026-09-26T22:32:53.489,194.946,0,1188.5,23,,98.188,0.0,-6.0,0.0,1.8,2.0,1.25,9430,14.51,12.157,19,,,,,,,,,,,0.0,,
2026-09-26T22:32:53.617,195.074,0,1190.25,24,,98.156,0.0,-6.0,0.0,1.8,2.0,1.258,9420,14.51,12.157,18,,,,,,,,,,,,13.333,
2026-09-26T22:32:53.747,195.204,0,1176.5,24,,98.062,0.0,-6.5,0.0,1.8,2.0,1.25,9430,14.51,11.765,18,,,,,,,,,,,,,230
2026-09-26T22:32:53.877,195.335,0,1123.25,23,,98.156,0.0,-7.5,0.0,1.751,2.0,1.254,9420,14.51,11.765,17,104,,,,,,,,,,,,
2026-09-26T22:32:54.008,195.465,0,1040.75,23,,98.031,10.98,3.5,0.0,1.88,2.0,1.254,9460,14.51,11.373,16,,36,,,,,,,,,,,
2026-09-26T22:32:54.137,195.595,0,968.0,23,,98.0,12.157,5.0,0.0,1.822,2.0,1.199,9650,14.51,11.373,16,,,10.156,,,,,,,,,,
2026-09-26T22:32:54.267,195.724,0,969.5,22,,97.875,11.373,3.5,0.0,1.592,2.0,0.812,9330,14.51,11.765,16,,,,14.414,,,,,,,,,
2026-09-26T22:32:54.397,195.854,0,947.25,22,,97.875,11.765,4.5,0.0,1.381,1.476,0.418,8960,14.51,11.765,15,,,,,97,,,,,,,,
2026-09-26T22:32:54.527,195.984,0,909.25,23,,97.875,11.765,6.0,0.0,1.193,1.176,0.172,8660,14.51,12.157,15,,,,,,20,,,,,,,
2026-09-26T22:32:54.658,196.115,0,876.25,24,,97.875,14.902,3.5,0.0,1.087,1.026,0.008,8310,14.51,12.157,14,,,,,,,100.0,,,,,,
2026-09-26T22:32:54.790,196.247,0,859.5,27,,97.844,16.078,2.0,0.0,1.011,0.966,-0.105,7870,14.51,11.765,14,,,,,,,,527.8,,,,,
2026-09-26T22:32:54.917,196.374,0,853.5,28,,97.781,16.471,2.5,-0.781,0.972,0.934,-0.18,7550,14.51,12.157,13,,,,,,,,,0.105,,,,
2026-09-26T22:32:55.048,196.505,0,847.5,27,,97.656,16.471,-0.5,-0.781,0.945,0.919,-0.215,7110,14.51,12.157,13,,,,,,,,,,,0.0,,
2026-09-26T22:32:55.177,196.634,0,845.0,28,,97.531,16.471,0.5,-0.781,0.93,0.92,-0.211,6670,14.51,12.157,12,,,,,,,,,,,,18.431,
2026-09-26T22:32:55.307,196.764,0,835.75,29,,97.562,17.255,-1.0,-0.781,0.92,0.917,-0.219,6330,14.51,12.157,12,,,,,,,,,,,,,231
2026-09-26T22:32:55.437,196.895,0,830.5,29,,97.531,17.647,-2.5,-0.781,0.914,0.902,-0.254,5870,14.51,12.157,11,104,,,,,,,,,,,,
2026-09-26T22:32:55.567,197.024,0,826.25,29,,97.531,18.824,-1.5,-0.781,0.91,0.894,-0.281,5550,14.51,12.549,11,,36,,,,,,,,,,,
2026-09-26T22:32:55.697,197.154,0,810.25,31,,97.531,19.608,-3.5,-0.781,0.908,0.896,-0.273,5050,14.51,12.549,10,,,7.812,,,,,,,,,,
2026-09-26T22:32:55.827,197.284,0,792.0,31,,97.531,19.216,0.5,-0.781,0.905,0.898,-0.266,4690,14.51,12.549,10,,,,14.433,,,,,,,,,
2026-09-26T22:32:55.957,197.414,0,787.0,33,,97.531,20.392,-1.0,-0.781,0.904,0.899,-0.266,4190,14.51,12.157,9,,,,,97,,,,,,,,
2026-09-26T22:32:56.088,197.545,0,809.75,33,,97.531,20.0,-1.5,-0.781,0.902,0.896,-0.273,3870,14.51,12.549,9,,,,,,20,,,,,,,
2026-09-26T22:32:56.217,197.674,0,833.75,33,,97.531,20.784,4.0,-0.781,0.901,0.899,-0.266,3690,14.51,12.549,9,,,,,,,100.0,,,,,,
2026-09-26T22:32:56.347,197.805,0,860.25,35,,97.25,23.137,-5.5,-0.781,0.899,0.9,-0.262,3450,14.51,12.157,9,,,,,,,,526.3,,,,,
2026-09-26T22:32:56.477,197.934,0,892.0,33,,97.531,20.0,-7.0,-0.781,0.898,0.896,-0.273,3210,14.51,12.157,9,,,,,,,,,0.17,,,,
2026-09-26T22:32:56.617,198.075,0,903.75,31,,97.469,18.824,5.5,-0.781,0.896,0.889,-0.293,3080,20.392,13.725,8,,,,,,,,,,,0.0,,
2026-09-26T22:32:56.748,198.205,0,913.25,30,,97.375,18.431,13.0,-1.562,0.894,0.883,-0.312,3400,25.49,14.902,8,,,,,,,,,,,,23.529,
2026-09-26T22:32:56.878,198.335,0,946.0,42,,97.219,29.804,9.0,-1.562,0.893,0.878,-0.324,3920,27.843,16.471,8,,,,,,,,,,,,,233
2026-09-26T22:32:57.008,198.465,0,1068.25,50,,97.156,33.725,9.5,-2.344,0.889,0.872,-0.344,4110,28.235,16.078,9,104,,,,,,,,,,,,
2026-09-26T22:32:57.137,198.594,0,1135.0,54,,97.219,31.373,10.5,-2.344,0.887,0.87,-0.352,4860,29.02,16.471,9,,36,,,,,,,,,,,
2026-09-26T22:32:57.268,198.725,0,1095.0,55,,97.125,36.078,9.5,-2.344,0.883,0.864,-0.367,5790,31.765,19.216,9,,,3.906,,,,,,,,,,
2026-09-26T22:32:57.397,198.854,0,1106.25,69,,96.906,44.314,9.5,-3.125,0.881,0.866,-0.363,6210,32.549,22.353,10,,,,14.277,,,,,,,,,
2026-09-26T22:32:57.528,198.985,0,1172.0,83,,96.75,47.451,10.0,-2.344,0.881,0.89,-0.293,6880,32.549,22.745,10,,,,,97,,,,,,,,
2026-09-26T22:32:57.658,199.115,0,1215.25,87,,97.094,45.098,10.5,-0.781,0.88,0.907,-0.242,7610,32.941,23.137,11,,,,,,20,,,,,,,
2026-09-26T22:32:57.789,199.247,0,1231.25,88,,97.812,44.706,10.5,0.0,0.881,0.91,-0.238,8420,32.941,22.745,12,,,,,,,100.0,,,,,,
2026-09-26T22:32:57.917,199.374,0,1239.25,87,,98.219,43.922,10.5,0.0,0.883,0.912,-0.23,9440,32.941,21.961,12,,,,,,,,519.8,,,,,
2026-09-26T22:32:58.047,199.504,0,1251.5,88,,98.656,43.137,10.5,0.0,0.884,0.905,-0.25,10270,32.941,21.961,13,,,,,,,,,0.22,,,,
2026-09-26T22:32:58.177,199.634,0,1270.0,87,,99.562,42.353,10.0,0.0,0.885,0.907,-0.242,11100,32.941,22.353,14,,,,,,,,,,,0.0,,
2026-09-26T22:32:58.307,199.764,0,1278.75,88,,99.969,42.353,10.5,0.781,0.886,0.912,-0.23,11750,32.941,22.353,14,,,,,,,,,,,,63.137,
2026-09-26T22:32:58.437,199.894,0,1288.25,88,,100.5,42.745,10.5,1.562,0.886,0.915,-0.227,12440,32.941,21.961,15,,,,,,,,,,,,,234
2026-09-26T22:32:58.568,200.025,0,1291.75,89,,101.344,41.176,10.5,2.344,0.887,0.916,-0.223,13080,32.941,21.961,16,105,,,,,,,,,,,,
2026-09-26T22:32:58.697,200.154,0,1302.75,89,,101.625,41.176,10.5,2.344,0.887,0.909,-0.238,13790,32.941,22.353,17,,36,,,,,,,,,,,
2026-09-26T22:32:58.828,200.285,0,1316.25,89,,102.031,40.784,10.5,2.344,0.888,0.905,-0.246,14520,32.941,22.353,17,,,3.125,,,,,,,,,,
2026-09-26T22:32:58.957,200.414,0,1341.75,89,,102.406,40.0,11.0,3.125,0.888,0.912,-0.23,15200,33.333,22.353,18,,,,14.414,,,,,,,,,
2026-09-26T22:32:59.088,200.546,0,1373.5,90,,103.062,39.216,11.0,3.906,0.889,0.924,-0.203,15820,33.333,22.745,19,,,,,97,,,,,,,,
2026-09-26T22:32:59.217,200.674,0,1417.0,90,,103.312,38.824,11.0,4.688,0.891,0.929,-0.191,16470,33.333,23.137,19,,,,,,20,,,,,,,
2026-09-26T22:32:59.347,200.805,0,1468.75,90,,103.75,36.078,11.0,5.469,0.894,0.931,-0.188,16470,33.333,23.529,20,,,,,,,100.0,,,,,,
2026-09-26T22:32:59.477,200.934,0,1516.5,91,,104.406,33.725,11.0,7.031,0.904,0.952,-0.137,16290,33.333,24.706,21,,,,,,,,509.0,,,,,
2026-09-26T22:32:59.607,201.064,0,1552.0,93,,104.781,34.51,11.0,8.594,0.934,0.998,-0.023,16410,33.725,24.706,21,,,,,,,,,0.83,,,,
2026-09-26T22:32:59.737,201.195,0,1608.75,93,,105.438,32.157,11.0,9.375,0.983,1.045,0.027,16400,33.333,24.706,22,,,,,,,,,,,0.0,,
2026-09-26T22:32:59.867,201.325,0,1660.5,93,,106.625,30.196,12.0,9.375,1.002,1.025,0.004,16270,33.333,24.706,23,,,,,,,,,,,,64.314,
2026-09-26T22:32:59.997,201.454,0,1721.25,93,,107.188,29.412,12.5,8.594,1.008,1.007,-0.012,16130,33.725,24.706,24,,,,,,,,,,,,,236
2026-09-26T22:33:00.128,201.585,0,1761.75,93,,107.875,29.02,12.0,7.812,1.006,0.994,-0.035,16090,33.725,24.706,24,105,,,,,,,,,,,,
2026-09-26T22:33:00.258,201.715,0,1824.5,93,,108.688,28.235,12.5,7.031,1.003,0.988,-0.051,15850,33.725,24.706,25,,34,,,,,,,,,,,
2026-09-26T22:33:00.388,201.845,0,1867.25,93,,109.938,28.235,12.5,7.031,1.001,0.981,-0.07,15980,33.725,24.314,26,,,3.125,,,,,,,,,,
2026-09-26T22:33:00.519,201.976,0,1910.25,93,,110.562,28.627,12.5,6.25,1.0,0.982,-0.066,16110,34.118,24.706,26,,,,14.335,,,,,,,,,
2026-09-26T22:33:00.648,202.105,0,1930.5,92,,111.25,28.627,12.5,6.25,1.0,0.979,-0.074,16250,34.902,25.098,27,,,,,97,,,,,,,,
2026-09-26T22:33:00.777,202.234,0,1958.25,95,,111.969,31.373,12.5,5.469,1.0,0.979,-0.074,16590,35.294,26.275,27,,,,,,20,,,,,,,
2026-09-26T22:33:00.907,202.365,0,1802.5,98,,112.781,31.765,-8.5,4.688,1.0,0.99,-0.043,17160,36.078,24.706,28,,,,,,,100.0,,,,,,
2026-09-26T22:33:01.038,202.495,0,1584.5,101,,115.125,35.686,-1.5,7.031,1.001,1.014,-0.008,17340,37.255,25.49,29,,,,,,,,509.3,,,,,
2026-09-26T22:33:01.168,202.625,0,1543.25,103,,115.875,43.529,3.5,4.688,1.001,0.948,-0.145,17800,37.255,25.49,29,,,,,,,,,0.835,,,,
2026-09-26T22:33:01.297,202.754,0,1484.5,103,,116.25,45.098,6.5,1.562,1.001,0.945,-0.152,17900,38.431,26.275,30,,,,,,,,,,,0.0,,
2026-09-26T22:33:01.428,202.885,0,1419.0,104,,115.906,49.804,5.0,1.562,1.001,0.952,-0.137,18480,40.0,28.235,31,,,,,,,,,,,,90.98,
2026-09-26T22:33:01.557,203.014,0,1426.0,106,,115.438,55.686,2.0,0.0,1.001,0.951,-0.141,18480,40.0,29.804,31,,,,,,,,,,,,,237
2026-09-26T22:33:01.688,203.145,0,1457.75,108,,113.75,54.118,2.0,0.781,1.004,0.969,-0.098,18300,40.0,34.118,32,105,,,,,,,,,,,,
2026-09-26T22:33:01.817,203.274,0,1497.25,109,,112.156,51.373,3.0,0.0,1.005,0.975,-0.086,18340,40.0,38.039,33,,33,,,,,,,,,,,
2026-09-26T22:33:01.948,203.405,0,1527.5,109,,111.094,49.804,4.0,0.0,1.003,0.985,-0.059,18420,40.0,40.392,33,,,3.125,,,,,,,,,,
2026-09-26T22:33:02.077,203.534,0,1572.0,108,,109.562,46.275,4.0,0.0,1.0,0.988,-0.051,18430,40.0,41.961,34,,,,14.433,,,,,,,,,
2026-09-26T22:33:02.208,203.666,0,1606.0,108,,109.094,45.49,5.0,0.0,1.005,0.997,-0.027,18290,40.0,43.529,35,,,,,97,,,,,,,,
2026-09-26T22:33:02.338,203.795,0,1634.25,108,,108.875,43.922,5.5,0.0,1.007,1.0,-0.02,18190,39.608,46.275,36,,,,,,20,,,,,,,
2026-09-26T22:33:02.467,203.924,0,1661.5,108,,108.062,42.353,6.0,0.0,1.007,1.007,-0.012,18230,40.0,47.843,36,,,,,,,100.0,,,,,,
2026-09-26T22:33:02.597,204.054,0,1705.0,107,,107.812,42.353,6.0,0.0,1.007,1.018,-0.004,18220,39.608,50.588,37,,,,,,,,521.5,,,,,
2026-09-26T22:33:02.728,204.185,0,1743.5,107,,107.594,41.961,6.5,0.781,1.007,1.013,-0.008,18060,40.0,54.902,38,,,,,,,,,0.87,,,,
2026-09-26T22:33:02.857,204.314,0,1780.5,107,,107.594,40.0,7.0,0.0,1.007,1.007,-0.012,18050,39.608,62.353,38,,,,,,,,,,,0.0,,
2026-09-26T22:33:02.989,204.446,0,1802.0,108,,107.75,40.392,6.5,0.0,1.007,1.016,-0.004,18310,39.608,63.137,39,,,,,,,,,,,,92.549,
2026-09-26T22:33:03.119,204.576,0,1827.0,108,,107.781,40.784,6.5,0.781,1.007,1.02,0.0,18270,40.0,63.529,40,,,,,,,,,,,,,239
2026-09-26T22:33:03.248,204.705,0,1844.75,108,,108.188,41.569,6.5,0.781,1.006,1.013,-0.008,18210,40.0,65.098,41,105,,,,,,,,,,,,
2026-09-26T22:33:03.378,204.835,0,1881.75,109,,108.719,41.961,7.5,1.562,1.006,1.02,0.0,18200,39.608,65.49,41,,31,,,,,,,,,,,
2026-09-26T22:33:03.507,204.965,0,1908.75,109,,108.969,41.961,8.0,1.562,1.005,1.017,-0.004,18250,40.0,65.882,42,,,2.344,,,,,,,,,,
2026-09-26T22:33:03.637,205.094,0,1917.75,110,,109.219,41.569,8.0,1.562,1.005,1.014,-0.008,18250,39.216,62.745,42,,,,14.414,,,,,,,,,
2026-09-26T22:33:03.768,205.225,0,1739.0,110,,110.156,41.569,-6.5,1.562,1.005,1.015,-0.004,18690,39.216,52.549,43,,,,,97,,,,,,,,
2026-09-26T22:33:03.897,205.354,0,1541.25,111,,110.938,49.412,-2.0,2.344,1.005,1.026,0.008,18790,39.216,50.98,43,,,,,,20,,,,,,,
2026-09-26T22:33:04.027,205.484,0,1512.0,110,,110.594,50.588,-0.5,2.344,1.005,1.003,-0.016,18560,39.216,51.373,44,,,,,,,100.0,,,,,,
2026-09-26T22:33:04.159,205.616,0,1479.25,110,,110.094,52.549,0.0,2.344,1.004,1.005,-0.016,18420,39.216,50.588,44,,,,,,,,541.3,,,,,
2026-09-26T22:33:04.290,205.747,0,1434.25,109,,109.531,55.294,-1.5,2.344,1.004,0.998,-0.023,18820,39.216,30.98,45,,,,,,,,,0.83,,,,
2026-09-26T22:33:04.419,205.876,0,1427.0,106,,109.875,54.51,1.5,0.781,1.004,0.978,-0.078,18380,39.216,29.412,45,,,,,,,,,,,0.0,,
2026-09-26T22:33:04.547,206.004,0,1440.25,104,,109.469,53.333,3.5,0.0,1.004,0.969,-0.098,17950,39.216,29.804,45,,,,,,,,,,,,88.627,
2026-09-26T22:33:04.678,206.135,0,1455.0,103,,107.844,49.804,5.0,0.0,1.004,0.975,-0.086,18020,39.216,30.98,46,,,,,,,,,,,,,241
2026-09-26T22:33:04.808,206.266,0,1470.5,103,,107.188,49.412,5.0,0.0,1.004,0.987,-0.055,18050,39.216,33.333,46,105,,,,,,,,,,,,
2026-09-26T22:33:04.938,206.395,0,1489.75,103,,106.594,49.02,4.5,0.0,1.004,0.987,-0.051,17920,39.216,35.686,47,,30,,,,,,,,,,,
2026-09-26T22:33:05.068,206.525,0,1502.0,104,,105.875,47.451,5.0,0.0,1.003,0.989,-0.047,17890,39.216,38.039,47,,,3.125,,,,,,,,,,
2026-09-26T22:33:05.197,206.654,0,1516.5,104,,105.594,47.059,5.0,0.0,1.004,1.006,-0.016,18290,39.216,39.216,48,,,,14.394,,,,,,,,,
2026-09-26T22:33:05.327,206.785,0,1531.5,104,,105.375,46.667,5.0,0.0,1.004,1.007,-0.012,17980,39.216,40.0,48,,,,,97,,,,,,,,
2026-09-26T22:33:05.459,206.916,0,1548.0,104,,105.281,45.098,5.5,0.0,1.004,0.995,-0.031,17900,39.216,40.784,49,,,,,,20,,,,,,,
2026-09-26T22:33:05.587,207.045,0,1557.25,104,,105.188,44.706,5.0,0.0,1.004,1.005,-0.016,18180,38.824,41.176,49,,,,,,,100.0,,,,,,
2026-09-26T22:33:05.717,207.174,0,1568.5,104,,105.0,44.706,5.5,0.0,1.003,1.011,-0.008,18030,38.431,40.784,50,,,,,,,,554.3,,,,,
2026-09-26T22:33:05.848,207.305,0,1588.75,104,,105.062,43.922,6.5,0.0,1.003,0.997,-0.027,17950,36.471,32.549,50,,,,,,,,,0.815,,,,
2026-09-26T22:33:05.978,207.435,0,1595.75,101,,105.656,39.216,8.5,-0.781,1.003,0.985,-0.055,17930,35.294,26.667,50,,,,,,,,,,,0.0,,
2026-09-26T22:33:06.108,207.565,0,1602.75,97,,105.469,36.471,9.5,-0.781,1.003,0.99,-0.043,17340,35.294,27.059,51,,,,,,,,,,,,74.51,
2026-09-26T22:33:06.239,207.696,0,1613.5,96,,104.906,35.686,9.5,-1.562,1.004,0.982,-0.066,16770,35.294,26.667,51,,,,,,,,,,,,,242
2026-09-26T22:33:06.368,207.825,0,1625.25,96,,105.75,35.294,10.5,-2.344,1.004,0.984,-0.059,16640,34.902,25.882,51,103,,,,,,,,,,,,
2026-09-26T22:33:06.497,207.954,0,1640.5,96,,107.0,33.725,11.0,-1.562,1.004,1.005,-0.016,16450,33.333,23.529,52,,30,,,,,,,,,,,
2026-09-26T22:33:06.627,208.085,0,1646.5,95,,108.156,30.98,9.5,-0.781,1.004,1.015,-0.004,16140,32.549,21.961,52,,,3.125,,,,,,,,,,
2026-09-26T22:33:06.758,208.215,0,1654.25,92,,109.0,27.843,11.0,-0.781,1.001,1.012,-0.008,15730,32.157,21.569,52,,,,14.355,,,,,,,,,
2026-09-26T22:33:06.888,208.345,0,1659.25,89,,109.875,27.059,11.5,-0.781,1.0,1.002,-0.02,15550,31.765,20.784,52,,,,,97,,,,,,,,
2026-09-26T22:33:07.019,208.476,0,1669.25,88,,110.094,26.275,11.5,-0.781,1.0,1.005,-0.016,15370,30.98,20.0,52,,,,,,20,,,,,,,
2026-09-26T22:33:07.147,208.604,0,1673.0,87,,110.156,24.706,12.5,-0.781,1.0,0.999,-0.023,15130,30.196,18.824,53,,,,,,,100.0,,,,,,
2026-09-26T22:33:07.277,208.735,0,1669.75,82,,110.094,22.745,13.5,-1.562,1.0,0.994,-0.035,14870,29.412,18.039,53,,,,,,,,555.5,,,,,
2026-09-26T22:33:07.407,208.865,0,1678.0,77,,109.844,21.569,14.0,-2.344,1.0,0.978,-0.078,14260,28.627,17.255,53,,,,,,,,,0.805,,,,
2026-09-26T22:33:07.539,208.996,0,1683.0,70,,109.312,19.608,15.5,-3.125,1.005,0.989,-0.047,13710,27.451,16.863,53,,,,,,,,,,,0.0,,
2026-09-26T22:33:07.667,209.125,0,1682.0,65,,108.094,17.255,15.5,-3.125,1.026,1.013,-0.008,13080,22.353,14.902,53,,,,,,,,,,,,30.98,
2026-09-26T22:33:07.797,209.255,0,1680.0,51,,107.625,14.51,15.5,-3.125,1.06,1.043,0.027,12630,14.51,13.333,53,,,,,,,,,,,,,244
2026-09-26T22:33:07.927,209.384,0,1657.75,37,,104.625,0.0,-4.0,-3.906,1.059,1.024,0.004,12140,14.51,12.549,53,102,,,,,,,,,,,,
2026-09-26T22:33:08.058,209.515,0,1606.0,29,,103.812,0.0,-1.0,0.0,1.035,0.98,-0.07,11740,14.51,12.549,53,,30,,,,,,,,,,,
2026-09-26T22:33:08.188,209.645,0,1500.25,21,,102.344,0.0,-2.0,0.0,1.018,0.968,-0.102,11760,14.51,12.549,53,,,9.375,,,,,,,,,,
2026-09-26T22:33:08.317,209.774,0,1357.25,21,,101.688,0.0,-4.0,0.0,1.011,1.085,0.074,11950,14.51,12.157,52,,,,14.433,,,,,,,,,
2026-09-26T22:33:08.447,209.904,0,1216.0,22,,101.125,0.0,-6.5,0.0,1.0,1.32,0.305,11980,14.51,11.765,53,,,,,97,,,,,,,,
2026-09-26T22:33:08.578,210.035,0,1111.25,23,,100.406,0.0,-7.5,0.0,1.0,1.693,0.547,11980,14.51,11.765,52,,,,,,20,,,,,,,
2026-09-26T22:33:08.707,210.164,0,1150.75,23,,100.062,0.0,-6.5,0.0,1.031,2.0,0.719,11990,14.51,12.157,52,,,,,,,100.0,,,,,,
2026-09-26T22:33:08.837,210.294,0,1224.25,23,,99.781,0.0,-5.5,0.0,1.082,2.0,0.887,12000,14.51,12.157,52,,,,,,,,557.1,,,,,
2026-09-26T22:33:08.968,210.425,0,1248.0,24,,99.281,0.0,-5.5,0.0,1.149,2.0,0.988,12000,14.51,12.157,52,,,,,,,,,0.805,,,,
2026-09-26T22:33:09.097,210.554,0,1241.5,24,,99.156,0.0,-5.5,0.0,1.196,2.0,1.051,12010,14.51,12.157,52,,,,,,,,,,,0.0,,
2026-09-26T22:33:09.227,210.684,0,1234.25,24,,99.031,0.0,-5.5,0.0,1.252,2.0,1.102,12010,14.51,12.157,51,,,,,,,,,,,,12.941,
2026-09-26T22:33:09.359,210.816,0,1226.25,23,,98.719,0.0,-5.5,0.0,1.321,2.0,1.148,12020,14.51,12.157,51,,,,,,,,,,,,,245
2026-09-26T22:33:09.488,210.945,0,1222.0,23,,99.0,0.0,-5.5,0.0,1.421,2.0,1.172,12010,14.51,12.157,51,101,,,,,,,,,,,,
2026-09-26T22:33:09.618,211.075,0,1215.75,23,,99.031,0.0,-6.0,0.0,1.511,2.0,1.191,12020,14.51,12.157,51,,30,,,,,,,,,,,
2026-09-26T22:33:09.747,211.204,0,1209.75,23,,99.0,0.0,-6.0,0.0,1.628,2.0,1.199,12020,14.51,12.157,51,,,9.375,,,,,,,,,,
2026-09-26T22:33:09.877,211.334,0,1202.5,23,,98.812,0.0,-6.0,0.0,1.703,2.0,1.215,12020,14.51,12.157,51,,,,14.414,,,,,,,,,
2026-09-26T22:33:10.007,211.464,0,1199.0,23,,98.812,0.0,-6.0,0.0,1.754,2.0,1.215,12020,14.51,12.157,51,,,,,97,,,,,,,,
2026-09-26T22:33:10.137,211.594,0,1201.5,23,,98.812,0.0,-6.0,0.0,1.776,2.0,1.223,12020,14.51,12.157,50,,,,,,20,,,,,,,
2026-09-26T22:33:10.268,211.725,0,1201.75,23,,98.656,0.0,-6.0,0.0,1.789,2.0,1.227,12020,14.51,12.157,50,,,,,,,100.0,,,,,,
2026-09-26T22:33:10.397,211.854,0,1199.5,23,,98.531,0.0,-6.0,0.0,1.794,2.0,1.23,12020,14.51,12.157,50,,,,,,,,559.5,,,,,
2026-09-26T22:33:10.527,211.984,0,1193.25,23,,98.5,0.0,-6.0,0.0,1.797,2.0,1.23,12030,14.51,12.157,50,,,,,,,,,0.13,,,,
2026-09-26T22:33:10.659,212.116,0,1185.75,23,,98.5,0.0,-6.0,0.0,1.799,2.0,1.23,12020,14.51,12.157,50,,,,,,,,,,,0.0,,
2026-09-26T22:33:10.790,212.247,0,1182.5,23,,98.469,0.0,-6.5,0.0,1.799,2.0,1.234,12020,14.51,12.157,49,,,,,,,,,,,,12.941,
2026-09-26T22:33:10.917,212.374,0,1177.5,24,,98.469,0.0,-6.5,0.0,1.8,2.0,1.234,12030,14.51,12.157,49,,,,,,,,,,,,,247
2026-09-26T22:33:11.047,212.504,0,1176.5,24,,98.406,0.0,-6.5,0.0,1.8,2.0,1.238,12030,14.51,12.157,49,101,,,,,,,,,,,,
2026-09-26T22:33:11.177,212.634,0,1170.5,24,,98.219,0.0,-6.5,0.0,1.8,2.0,1.238,12030,14.51,12.157,49,,32,,,,,,,,,,,
2026-09-26T22:33:11.307,212.764,0,1169.25,23,,98.25,0.0,-6.5,0.0,1.8,2.0,1.238,12030,14.51,11.765,49,,,10.156,,,,,,,,,,
2026-09-26T22:33:11.437,212.895,0,1163.25,23,,98.188,0.0,-6.5,0.0,1.8,2.0,1.238,12020,14.51,11.765,49,,,,14.433,,,,,,,,,
2026-09-26T22:33:11.568,213.025,0,1159.25,23,,98.188,0.0,-6.5,0.0,1.8,2.0,1.238,12030,14.51,11.765,49,,,,,97,,,,,,,,
2026-09-26T22:33:11.697,213.155,0,1153.5,23,,98.188,0.0,-6.5,0.0,1.8,2.0,1.238,12030,14.51,11.765,48,,,,,,20,,,,,,,
2026-09-26T22:33:11.837,213.294,0,1152.0,23,,98.188,0.0,-6.5,0.0,1.8,2.0,1.242,12030,14.51,11.765,48,,,,,,,100.0,,,,,,
2026-09-26T22:33:11.967,213.424,0,1146.0,23,,98.188,0.0,-7.0,0.0,1.8,2.0,1.242,12030,14.51,11.765,48,,,,,,,,562.0,,,,,
2026-09-26T22:33:12.097,213.554,0,1139.5,23,,98.188,0.0,-7.0,0.0,1.8,2.0,1.242,12020,14.51,11.765,48,,,,,,,,,0.1,,,,
2026-09-26T22:33:12.227,213.684,0,1139.5,23,,98.188,0.0,-7.0,0.0,1.8,2.0,1.238,12030,14.51,11.765,47,,,,,,,,,,,0.0,,
2026-09-26T22:33:12.357,213.814,0,1132.5,24,,98.156,0.0,-7.0,0.0,1.8,2.0,1.242,12030,14.51,11.765,47,,,,,,,,,,,,12.941,
2026-09-26T22:33:12.488,213.945,0,1123.5,23,,98.0,0.0,-7.0,0.0,1.8,2.0,1.242,12030,14.51,12.157,46,,,,,,,,,,,,,248
2026-09-26T22:33:12.617,214.074,0,1223.0,23,,97.969,0.0,-5.5,0.0,1.8,2.0,1.238,12020,14.51,12.157,46,101,,,,,,,,,,,,
2026-09-26T22:33:12.749,214.206,0,1303.0,23,,97.938,0.0,-4.0,0.0,1.8,2.0,1.238,12030,14.51,12.549,45,,32,,,,,,,,,,,
2026-09-26T22:33:12.878,214.335,0,1372.5,23,,98.0,0.0,-3.0,0.0,1.8,2.0,1.238,12020,14.51,12.549,45,,,8.594,,,,,,,,,,
2026-09-26T22:33:13.009,214.466,0,1403.75,23,,98.062,0.0,-3.0,0.0,1.8,2.0,1.242,12020,14.51,12.549,44,,,,14.433,,,,,,,,,
2026-09-26T22:33:13.139,214.596,0,1386.0,23,,98.031,0.0,-3.0,0.0,1.8,2.0,1.242,12020,14.51,12.549,43,,,,,97,,,,,,,,
2026-09-26T22:33:13.267,214.724,0,1365.0,23,,98.188,0.0,-4.0,0.0,1.8,2.0,1.246,12020,14.51,12.157,43,,,,,,20,,,,,,,
2026-09-26T22:33:13.397,214.854,0,1344.75,23,,98.156,0.0,-4.0,0.0,1.8,2.0,1.25,12020,14.51,12.157,43,,,,,,,100.0,,,,,,
2026-09-26T22:33:13.527,214.984,0,1327.5,23,,98.156,0.0,-4.0,0.0,1.8,2.0,1.246,12010,14.51,12.157,42,,,,,,,,564.3,,,,,
2026-09-26T22:33:13.658,215.115,0,1314.0,22,,98.188,0.0,-4.5,0.0,1.8,2.0,1.246,12020,14.51,12.157,41,,,,,,,,,0.095,,,,
2026-09-26T22:33:13.790,215.247,0,1290.25,24,,98.188,0.0,-4.5,0.0,1.8,2.0,1.25,12020,14.51,12.157,40,,,,,,,,,,,0.0,,
2026-09-26T22:33:13.918,215.375,0,1273.25,23,,98.156,0.0,-5.0,0.0,1.8,2.0,1.246,12020,14.51,12.157,40,,,,,,,,,,,,12.549,
2026-09-26T22:33:14.047,215.504,0,1249.75,23,,98.188,0.0,-5.5,0.0,1.8,2.0,1.246,12010,14.51,12.157,39,,,,,,,,,,,,,250
2026-09-26T22:33:14.177,215.634,0,1231.5,24,,98.156,0.0,-5.5,0.0,1.8,2.0,1.25,12010,14.51,12.157,38,100,,,,,,,,,,,,
2026-09-26T22:33:14.307,215.764,0,1301.5,23,,98.188,0.0,-4.0,0.0,1.8,2.0,1.246,12010,14.51,12.549,37,,33,,,,,,,,,,,
2026-09-26T22:33:14.437,215.894,0,1407.0,23,,98.188,0.0,-2.5,0.0,1.8,2.0,1.25,12010,14.51,12.549,37,,,7.812,,,,,,,,,,
2026-09-26T22:33:14.567,216.024,0,1468.0,22,,98.188,0.0,-2.0,0.0,1.8,2.0,1.246,12010,14.51,12.549,36,,,,14.453,,,,,,,,,
2026-09-26T22:33:14.698,216.155,0,1511.5,23,,98.188,0.0,-1.5,0.0,1.8,2.0,1.25,12010,14.51,12.941,35,,,,,97,,,,,,,,
2026-09-26T22:33:14.827,216.284,0,1556.75,23,,98.188,0.0,-1.0,0.0,1.8,2.0,1.25,12010,14.51,12.941,35,,,,,,20,,,,,,,
2026-09-26T22:33:14.957,216.414,0,1585.5,23,,98.188,0.0,-1.0,0.0,1.8,2.0,1.25,12000,14.51,12.941,34,,,,,,,100.0,,,,,,
2026-09-26T22:33:15.088,216.545,0,1555.0,23,,98.188,0.0,-1.0,0.0,1.8,2.0,1.254,12000,14.51,12.549,33,,,,,,,,566.1,,,,,
2026-09-26T22:33:15.219,216.676,0,1532.5,23,,98.188,0.0,-1.5,0.0,1.8,2.0,1.254,12000,14.51,12.549,33,,,,,,,,,0.095,,,,
2026-09-26T22:33:15.347,216.804,0,1504.75,22,,98.188,0.0,-2.0,0.0,1.8,2.0,1.254,11990,14.51,12.549,32,,,,,,,,,,,0.0,,
2026-09-26T22:33:15.477,216.934,0,1478.5,23,,98.219,0.0,-2.5,0.0,1.8,2.0,1.258,12000,14.51,12.549,32,,,,,,,,,,,,12.549,
2026-09-26T22:33:15.607,217.064,0,1447.75,22,,98.25,0.0,-2.5,0.0,1.8,2.0,1.254,12000,14.51,12.549,31,,,,,,,,,,,,,252
2026-09-26T22:33:15.739,217.196,0,1413.5,22,,98.219,0.0,-3.0,0.0,1.8,2.0,1.258,11990,14.51,12.157,30,101,,,,,,,,,,,,
2026-09-26T22:33:15.867,217.324,0,1379.0,22,,98.219,0.0,-4.0,0.0,1.8,2.0,1.258,12000,14.51,12.157,30,,34,,,,,,,,,,,
2026-09-26T22:33:15.997,217.454,0,1353.0,22,,98.219,0.0,-4.0,0.0,1.8,2.0,1.258,12000,14.51,12.157,29,,,8.594,,,,,,,,,,
2026-09-26T22:33:16.127,217.584,0,1320.75,22,,98.219,0.0,-4.5,0.0,1.8,2.0,1.254,11990,14.51,12.157,28,,,,14.414,,,,,,,,,
2026-09-26T22:33:16.257,217.714,0,1290.0,22,,98.312,0.0,-5.0,0.0,1.8,2.0,1.258,11990,14.51,12.157,27,,,,,97,,,,,,,,
2026-09-26T22:33:16.388,217.845,0,1251.25,24,,98.188,0.0,-5.0,0.0,1.8,2.0,1.258,11980,14.51,12.157,27,,,,,,20,,,,,,,
2026-09-26T22:33:16.518,217.975,0,1248.0,23,,98.188,0.0,-5.5,0.0,1.8,2.0,1.254,11980,14.51,12.157,27,,,,,,,100.0,,,,,,
2026-09-26T22:33:16.648,218.105,0,1243.5,23,,98.188,0.0,-5.5,0.0,1.8,2.0,1.258,11980,14.51,12.157,26,,,,,,,,567.8,,,,,
2026-09-26T22:33:16.777,218.234,0,1254.75,23,,98.188,0.0,-5.0,0.0,1.8,2.0,1.25,11990,14.51,12.549,26,,,,,,,,,0.1,,,,
2026-09-26T22:33:16.917,218.374,0,1263.0,23,,98.188,0.0,-5.0,0.0,1.8,2.0,1.25,11980,18.039,12.549,25,,,,,,,,,,,0.0,,
2026-09-26T22:33:17.049,218.506,0,1269.5,24,,98.188,0.0,22.0,0.0,1.804,2.0,1.254,12170,25.098,13.333,25,,,,,,,,,,,,14.51,
2026-09-26T22:33:17.177,218.634,0,1351.25,26,,98.125,10.98,18.5,0.0,1.799,2.0,0.977,12200,25.098,15.294,25,,,,,,,,,,,,,253
2026-09-26T22:33:17.307,218.764,0,1475.75,32,,97.906,13.333,14.5,0.0,1.308,1.534,0.457,11250,25.098,16.078,25,102,,,,,,,,,,,,
2026-09-26T22:33:17.437,218.894,0,1618.5,37,,97.875,13.333,15.5,0.0,1.056,1.03,0.012,10030,25.098,16.863,25,,34,,,,,,,,,,,
2026-09-26T22:33:17.567,219.024,0,1751.0,40,,97.875,12.941,17.0,0.0,0.95,0.936,-0.176,9590,25.098,16.863,25,,,3.906,,,,,,,,,,
2026-09-26T22:33:17.698,219.155,0,1853.0,45,,97.875,12.549,18.0,0.0,0.92,0.909,-0.238,8950,25.098,16.863,25,,,,14.414,,,,,,,,,
2026-09-26T22:33:17.829,219.286,0,1795.25,46,,97.875,12.941,17.0,0.0,0.908,0.914,-0.227,8330,25.098,16.863,25,,,,,97,,,,,,,,
2026-09-26T22:33:17.957,219.414,0,1839.75,46,,97.938,12.941,17.5,0.0,0.903,0.91,-0.238,8310,25.098,16.471,25,,,,,,20,,,,,,,
2026-09-26T22:33:18.087,219.545,0,1822.0,44,,98.188,12.941,17.0,0.0,0.898,0.888,-0.297,8660,25.098,16.863,25,,,,,,,100.0,,,,,,
2026-09-26T22:33:18.217,219.674,0,1851.5,44,,98.188,12.549,17.5,-0.781,0.895,0.88,-0.32,8850,25.098,16.863,25,,,,,,,,564.6,,,,,
2026-09-26T22:33:18.348,219.805,0,1863.5,45,,98.188,12.941,18.0,-0.781,0.89,0.877,-0.328,8780,25.098,16.863,25,,,,,,,,,0.185,,,,
2026-09-26T22:33:18.477,219.935,0,1877.5,45,,98.188,13.333,18.0,-1.562,0.886,0.872,-0.344,9040,25.098,16.863,25,,,,,,,,,,,0.0,,
2026-09-26T22:33:18.607,220.064,0,1885.0,45,,98.312,12.941,18.5,-2.344,0.882,0.862,-0.375,9190,25.098,16.863,26,,,,,,,,,,,,29.02,
2026-09-26T22:33:18.737,220.195,0,1896.0,45,,98.5,12.941,18.5,-2.344,0.881,0.865,-0.363,8560,25.098,16.863,26,,,,,,,,,,,,,255
2026-09-26T22:33:18.869,220.326,0,1912.0,45,,98.5,12.941,18.5,-2.344,0.88,0.867,-0.355,8560,25.098,16.863,26,102,,,,,,,,,,,,
2026-09-26T22:33:18.997,220.454,0,1933.5,45,,98.5,12.941,18.5,-3.125,0.88,0.864,-0.367,8880,25.098,16.863,26,,34,,,,,,,,,,,
2026-09-26T22:33:19.127,220.584,0,1922.0,45,,98.562,13.333,18.5,-3.906,0.88,0.866,-0.363,9320,25.098,16.863,26,,,3.906,,,,,,,,,,
2026-09-26T22:33:19.258,220.715,0,1935.25,45,,98.594,12.549,19.0,-3.906,0.88,0.867,-0.359,8610,25.49,17.255,27,,,,14.394,,,,,,,,,
2026-09-26T22:33:19.388,220.845,0,1943.75,46,,98.594,13.333,19.0,-3.906,0.88,0.873,-0.34,8690,25.49,17.255,26,,,,,97,,,,,,,,
2026-09-26T22:33:19.517,220.974,0,1942.5,46,,98.75,13.725,-12.0,-4.688,0.88,0.865,-0.367,9490,26.275,17.255,27,,,,,,20,,,,,,,
2026-09-26T22:33:19.647,221.104,0,1821.75,49,,98.656,14.902,-12.0,-4.688,0.88,0.867,-0.355,10590,26.275,16.863,26,,,,,,,100.0,,,,,,
2026-09-26T22:33:19.778,221.235,0,1668.25,52,,99.281,14.51,-10.0,-3.906,0.88,0.89,-0.293,10400,27.451,17.255,26,,,,,,,,559.1,,,,,
2026-09-26T22:33:19.907,221.365,0,1521.75,55,,99.281,18.039,-4.0,-1.562,0.88,0.931,-0.188,10400,27.843,16.863,27,,,,,,,,,0.225,,,,
2026-09-26T22:33:20.037,221.494,0,1458.75,53,,99.469,18.431,-1.5,0.781,0.88,0.949,-0.145,11790,28.627,17.255,27,,,,,,,,,,,0.0,,
2026-09-26T22:33:20.167,221.624,0,1400.25,56,,99.469,24.706,-2.0,1.562,0.88,0.945,-0.152,12360,30.98,19.216,27,,,,,,,,,,,,48.235,
2026-09-26T22:33:20.297,221.754,0,1351.25,67,,99.219,30.588,4.0,2.344,0.88,0.924,-0.203,12860,31.765,19.608,27,,,,,,,,,,,,,256
2026-09-26T22:33:20.429,221.886,0,1321.75,76,,99.469,33.333,12.5,0.781,0.88,0.879,-0.32,14140,32.157,21.569,28,103,,,,,,,,,,,,
2026-09-26T22:33:20.557,222.014,0,1293.75,82,,99.469,38.824,11.5,-0.781,0.88,0.87,-0.348,14350,32.549,21.176,28,,34,,,,,,,,,,,
2026-09-26T22:33:20.688,222.145,0,1315.0,85,,100.125,38.431,11.5,0.781,0.881,0.911,-0.234,14910,32.549,21.569,28,,,3.906,,,,,,,,,,
2026-09-26T22:33:20.817,222.274,0,1329.25,84,,100.5,38.824,11.5,2.344,0.874,0.894,-0.277,16240,32.941,22.745,28,,,,14.375,,,,,,,,,
2026-09-26T22:33:20.947,222.404,0,1349.0,88,,100.781,40.784,11.0,0.781,0.939,0.966,-0.105,16380,34.118,25.098,29,,,,,97,,,,,,,,
2026-09-26T22:33:21.078,222.535,0,1362.5,92,,101.438,43.137,11.0,3.906,0.981,1.069,0.055,16630,34.118,24.314,30,,,,,,20,,,,,,,
2026-09-26T22:33:21.207,222.664,0,1386.5,92,,102.0,42.745,10.5,7.031,0.999,1.119,0.109,16900,34.51,25.882,30,,,,,,,100.0,,,,,,
2026-09-26T22:33:21.337,222.794,0,1419.25,94,,102.156,43.922,10.0,6.25,1.007,1.041,0.023,17040,34.51,27.059,31,,,,,,,,551.8,,,,,
2026-09-26T22:33:21.467,222.924,0,1461.25,95,,103.625,40.784,9.5,3.906,1.008,1.003,-0.016,16600,34.51,26.667,31,,,,,,,,,0.885,,,,
2026-09-26T22:33:21.597,223.054,0,1468.25,97,,104.562,40.392,9.5,4.688,1.007,1.015,-0.004,16550,34.51,25.882,32,,,,,,,,,,,0.0,,
2026-09-26T22:33:21.727,223.185,0,1478.75,96,,105.281,40.392,9.5,4.688,1.004,1.001,-0.02,16990,34.902,26.275,32,,,,,,,,,,,,73.725,
2026-09-26T22:33:21.857,223.314,0,1506.75,97,,105.938,39.608,9.5,3.906,1.002,0.992,-0.043,17050,34.902,26.275,33,,,,,,,,,,,,,258
2026-09-26T22:33:21.987,223.444,0,1530.25,98,,107.25,37.647,9.5,3.125,1.002,0.992,-0.039,16790,34.902,25.49,33,103,,,,,,,,,,,,
2026-09-26T22:33:22.117,223.574,0,1547.25,98,,108.031,37.255,9.5,3.906,1.002,0.996,-0.031,16540,34.902,25.49,34,,33,,,,,,,,,,,
2026-09-26T22:33:22.247,223.704,0,1577.0,98,,108.688,36.863,10.0,3.125,1.002,0.983,-0.062,16940,34.902,25.49,34,,,3.125,,,,,,,,,,
2026-09-26T22:33:22.377,223.834,0,1597.25,98,,109.688,34.902,10.0,2.344,1.002,0.98,-0.07,16910,34.902,25.49,35,,,,14.316,,,,,,,,,
2026-09-26T22:33:22.508,223.965,0,1626.25,98,,110.188,34.118,10.0,2.344,1.002,0.99,-0.043,16470,34.902,25.098,35,,,,,97,,,,,,,,
2026-09-26T22:33:22.637,224.094,0,1646.5,98,,110.75,34.118,10.0,2.344,1.0,0.982,-0.066,16810,34.902,25.098,36,,,,,,20,,,,,,,
2026-09-26T22:33:22.769,224.226,0,1676.0,98,,111.625,32.941,10.0,1.562,1.0,0.981,-0.07,16800,34.902,25.098,37,,,,,,,100.0,,,,,,
2026-09-26T22:33:22.898,224.355,0,1700.0,97,,112.094,33.333,10.5,0.781,1.0,0.975,-0.086,16510,34.902,24.706,37,,,,,,,,550.7,,,,,
2026-09-26T22:33:23.029,224.486,0,1721.5,97,,112.594,32.941,10.5,0.0,1.0,0.964,-0.109,16850,34.902,25.098,37,,,,,,,,,0.84,,,,
2026-09-26T22:33:23.157,224.614,0,1737.5,97,,112.906,32.549,11.0,0.0,1.0,0.98,-0.07,16900,34.902,25.098,38,,,,,,,,,,,0.0,,
2026-09-26T22:33:23.290,224.747,0,1772.75,98,,113.469,31.373,11.0,0.0,1.0,0.999,-0.023,16720,34.902,25.098,39,,,,,,,,,,,,71.373,
2026-09-26T22:33:23.418,224.875,0,1778.75,98,,114.031,31.373,11.0,0.0,1.006,1.005,-0.016,16540,34.902,24.706,39,,,,,,,,,,,,,259
2026-09-26T22:33:23.548,225.005,0,1800.5,97,,114.5,30.98,11.0,0.0,1.039,1.032,0.012,16470,34.902,24.706,39,103,,,,,,,,,,,,
2026-09-26T22:33:23.677,225.134,0,1818.0,97,,114.906,30.98,11.5,0.0,1.071,1.05,0.035,16570,34.902,24.314,40,,32,,,,,,,,,,,
2026-09-26T22:33:23.807,225.264,0,1823.0,97,,115.062,30.98,11.5,-0.781,1.079,1.063,0.051,16670,34.902,24.314,40,,,3.125,,,,,,,,,,
2026-09-26T22:33:23.937,225.394,0,1729.25,96,,115.031,30.98,-9.0,0.0,1.08,1.07,0.059,16930,34.902,22.745,40,,,,14.375,,,,,,,,,
2026-09-26T22:33:24.068,225.525,0,1536.75,99,,116.125,36.863,-2.0,0.0,1.045,1.035,0.016,17080,34.902,22.745,41,,,,,97,,,,,,,,
2026-09-26T22:33:24.197,225.654,0,1503.5,98,,115.969,38.824,5.0,-0.781,0.958,0.93,-0.188,17100,34.902,22.745,41,,,,,,20,,,,,,,
2026-09-26T22:33:24.327,225.784,0,1455.5,98,,115.406,40.784,9.0,-1.562,0.929,0.915,-0.223,16980,34.902,22.353,42,,,,,,,100.0,,,,,,
2026-09-26T22:33:24.457,225.914,0,1392.0,98,,114.969,44.706,6.5,-1.562,0.928,0.913,-0.23,16920,34.902,21.176,42,,,,,,,,548.6,,,,,
2026-09-26T22:33:24.587,226.044,0,1339.5,96,,113.719,45.098,6.0,-2.344,0.938,0.929,-0.191,16820,34.902,21.569,42,,,,,,,,,0.845,,,,
2026-09-26T22:33:24.717,226.174,0,1346.5,95,,113.062,45.098,9.5,-2.344,0.977,0.968,-0.102,16740,34.902,22.353,43,,,,,,,,,,,0.0,,
2026-09-26T22:33:24.847,226.304,0,1359.0,96,,112.406,45.882,9.5,-3.125,0.993,0.963,-0.113,16870,34.118,21.569,43,,,,,,,,,,,,72.941,
2026-09-26T22:33:24.977,226.434,0,1372.25,95,,111.469,43.137,11.0,-3.906,0.997,0.971,-0.094,16760,32.941,20.784,43,,,,,,,,,,,,,261
2026-09-26T22:33:25.107,226.564,0,1380.75,94,,111.344,41.176,11.0,-3.906,0.999,0.983,-0.062,16300,32.157,20.0,43,103,,,,,,,,,,,,
2026-09-26T22:33:25.237,226.694,0,1387.75,91,,111.062,38.039,11.5,-3.906,1.0,0.983,-0.062,15710,30.196,17.255,44,,31,,,,,,,,,,,
2026-09-26T22:33:25.367,226.824,0,1385.0,87,,107.062,31.765,12.5,-3.125,1.0,1.014,-0.008,15440,29.412,16.863,44,,,3.906,,,,,,,,,,
2026-09-26T22:33:25.497,226.954,0,1403.0,75,,106.188,30.588,14.0,-2.344,1.0,0.998,-0.023,15080,28.235,16.078,44,,,,14.355,,,,,,,,,
2026-09-26T22:33:25.627,227.084,0,1409.5,70,,105.25,28.235,14.0,-3.906,1.0,0.966,-0.105,14560,25.882,16.078,44,,,,,97,,,,,,,,
2026-09-26T22:33:25.757,227.214,0,1414.25,64,,104.594,21.961,14.0,-4.688,1.0,0.979,-0.078,13860,23.922,14.51,44,,,,,,20,,,,,,,
2026-09-26T22:33:25.888,227.345,0,1411.0,48,,103.5,19.608,14.5,-4.688,1.0,0.978,-0.078,13290,23.922,14.51,44,,,,,,,100.0,,,,,,
2026-09-26T22:33:26.017,227.474,0,1426.5,41,,102.688,17.255,14.0,-5.469,1.005,0.979,-0.074,13410,23.922,14.902,45,,,,,,,,546.9,,,,,
2026-09-26T22:33:26.147,227.604,0,1435.25,40,,102.031,16.078,14.0,-6.25,1.006,0.979,-0.078,12590,23.137,14.118,45,,,,,,,,,0.855,,,,
2026-09-26T22:33:26.277,227.734,0,1428.75,37,,101.062,14.902,14.0,-7.031,1.051,1.03,0.012,11860,22.745,14.118,45,,,,,,,,,,,0.0,,
2026-09-26T22:33:26.407,227.864,0,1420.0,34,,100.562,13.725,15.5,-6.25,0.999,0.974,-0.086,11550,22.745,14.118,45,,,,,,,,,,,,23.137,
2026-09-26T22:33:26.538,227.995,0,1412.0,33,,100.188,13.725,15.5,-6.25,0.958,0.943,-0.156,10990,22.745,14.118,45,,,,,,,,,,,,,262
2026-09-26T22:33:26.667,228.124,0,1419.25,33,,100.875,13.725,15.5,-5.469,0.936,0.944,-0.152,10500,22.745,14.118,45,103,,,,,,,,,,,,
2026-09-26T22:33:26.797,228.254,0,1418.0,34,,100.125,13.725,15.5,-3.906,0.927,0.952,-0.137,10010,22.745,14.118,45,,30,,,,,,,,,,,
2026-09-26T22:33:26.928,228.386,0,1412.5,33,,100.125,13.333,16.0,-3.125,0.923,0.953,-0.133,9580,22.745,14.118,45,,,6.25,,,,,,,,,,
2026-09-26T22:33:27.068,228.525,0,1416.5,33,,99.781,13.725,15.5,-3.125,0.921,0.947,-0.148,9140,22.745,14.118,45,,,,14.394,,,,,,,,,
2026-09-26T22:33:27.197,228.654,0,1418.0,34,,99.5,13.725,15.5,-3.125,0.921,0.943,-0.156,8710,22.745,14.118,45,,,,,97,,,,,,,,
2026-09-26T22:33:27.327,228.784,0,1413.75,34,,99.469,13.725,15.5,-2.344,0.92,0.943,-0.156,8140,22.745,14.118,44,,,,,,20,,,,,,,
2026-09-26T22:33:27.458,228.915,0,1412.25,33,,99.344,13.333,16.0,-2.344,0.92,0.933,-0.18,7700,22.353,14.118,45,,,,,,,100.0,,,,,,
2026-09-26T22:33:27.588,229.045,0,1410.75,33,,99.156,13.333,13.5,-3.125,0.92,0.918,-0.215,7230,20.784,12.941,45,,,,,,,,545.3,,,,,
2026-09-26T22:33:27.717,229.174,0,1410.75,31,,99.156,12.157,17.5,-3.906,0.913,0.896,-0.273,6850,14.902,12.549,45,,,,,,,,,0.865,,,,
2026-09-26T22:33:27.847,229.304,0,1393.0,24,,99.0,0.0,21.0,-4.688,0.926,0.922,-0.207,6540,14.51,12.157,44,,,,,,,,,,,0.0,,
2026-09-26T22:33:27.977,229.434,0,1394.5,22,,98.812,0.0,20.5,-3.125,0.956,0.979,-0.074,6240,14.51,12.549,45,,,,,,,,,,,,12.549,
2026-09-26T22:33:28.107,229.564,0,1410.25,22,,98.812,0.0,14.0,-2.344,0.981,1.017,-0.004,5860,14.51,12.549,44,,,,,,,,,,,,,264
2026-09-26T22:33:28.237,229.695,0,1410.75,22,,98.625,0.0,8.5,-2.344,0.992,0.997,-0.027,5430,14.51,12.549,44,103,,,,,,,,,,,,
2026-09-26T22:33:28.367,229.824,0,1388.0,21,,98.5,0.0,4.5,-4.688,0.997,0.955,-0.129,5010,14.51,12.549,44,,31,,,,,,,,,,,
2026-09-26T22:33:28.498,229.955,0,1393.5,21,,98.5,0.0,0.0,0.0,0.97,0.925,-0.199,4600,14.51,12.549,44,,,8.594,,,,,,,,,,
2026-09-26T22:33:28.627,230.085,0,1388.0,21,,98.5,0.0,-3.0,0.0,1.03,0.926,-0.199,4720,14.51,12.549,44,,,,14.433,,,,,,,,,
2026-09-26T22:33:28.757,230.215,0,1385.75,21,,98.469,0.0,-3.0,0.0,1.053,0.979,-0.074,5970,14.51,12.549,44,,,,,97,,,,,,,,
2026-09-26T22:33:28.888,230.345,0,1374.25,22,,98.219,0.0,-3.0,0.0,1.032,1.233,0.227,7540,14.51,12.549,44,,,,,,20,,,,,,,
2026-09-26T22:33:29.017,230.474,0,1365.5,23,,98.219,0.0,-4.0,0.0,1.016,1.676,0.535,8750,14.51,12.549,43,,,,,,,100.0,,,,,,
2026-09-26T22:33:29.147,230.604,0,1364.0,23,,98.188,0.0,-4.0,0.0,1.042,2.0,0.781,9350,14.51,12.549,43,,,,,,,,547.0,,,,,
2026-09-26T22:33:29.277,230.734,0,1361.25,24,,98.188,0.0,-4.0,0.0,1.099,2.0,0.922,9900,14.51,12.549,43,,,,,,,,,0.935,,,,
2026-09-26T22:33:29.408,230.865,0,1356.75,24,,98.188,0.0,-4.0,0.0,1.169,2.0,1.031,9890,14.51,12.549,43,,,,,,,,,,,0.0,,
2026-09-26T22:33:29.536,230.994,0,1352.0,24,,98.188,0.0,-4.0,0.0,1.217,2.0,1.078,9890,14.51,12.549,43,,,,,,,,,,,,13.333,
2026-09-26T22:33:29.667,231.124,0,1347.0,24,,98.219,0.0,-4.0,0.0,1.295,2.0,1.152,9890,14.51,12.157,43,,,,,,,,,,,,,266
2026-09-26T22:33:29.797,231.254,0,1336.5,23,,98.188,0.0,-4.0,0.0,1.38,2.0,1.176,9890,14.51,12.157,43,103,,,,,,,,,,,,
2026-09-26T22:33:29.927,231.384,0,1328.25,23,,98.188,0.0,-4.0,0.0,1.494,2.0,1.199,9890,14.51,12.157,42,,32,,,,,,,,,,,
2026-09-26T22:33:30.057,231.515,0,1331.75,23,,98.219,0.0,-4.0,0.0,1.608,2.0,1.207,9890,14.51,12.157,42,,,8.594,,,,,,,,,,
2026-09-26T22:33:30.187,231.644,0,1332.0,23,,98.188,0.0,-4.0,0.0,1.707,2.0,1.219,9880,14.51,12.157,42,,,,14.472,,,,,,,,,
2026-09-26T22:33:30.317,231.774,0,1327.5,23,,98.188,0.0,-4.0,0.0,1.754,2.0,1.227,9880,14.51,12.157,42,,,,,97,,,,,,,,
2026-09-26T22:33:30.447,231.904,0,1318.75,23,,98.188,0.0,-4.0,0.0,1.78,2.0,1.23,9880,14.51,12.157,42,,,,,,20,,,,,,,
2026-09-26T22:33:30.577,232.034,0,1312.75,23,,98.188,0.0,-4.0,0.0,1.79,2.0,1.234,9880,14.51,12.157,42,,,,,,,100.0,,,,,,
2026-09-26T22:33:30.707,232.164,0,1310.75,23,,98.188,0.0,-4.5,0.0,1.796,2.0,1.234,9880,14.51,12.157,41,,,,,,,,549.3,,,,,
2026-09-26T22:33:30.837,232.294,0,1304.75,23,,98.188,0.0,-4.5,0.0,1.798,2.0,1.238,9880,14.51,12.157,41,,,,,,,,,0.9,,,,
2026-09-26T22:33:30.967,232.424,0,1298.0,23,,98.188,0.0,-4.5,0.0,1.799,2.0,1.238,9880,14.51,12.157,41,,,,,,,,,,,0.0,,
2026-09-26T22:33:31.097,232.554,0,1292.5,24,,98.188,0.0,-4.5,0.0,1.799,2.0,1.242,9870,14.51,12.157,41,,,,,,,,,,,,13.333,
2026-09-26T22:33:31.228,232.685,0,1283.0,23,,98.188,0.0,-5.0,0.0,1.8,2.0,1.242,9870,14.51,12.157,41,,,,,,,,,,,,,267
2026-09-26T22:33:31.357,232.814,0,1276.75,24,,98.188,0.0,-5.0,0.0,1.8,2.0,1.242,9870,14.51,12.157,41,103,,,,,,,,,,,,
2026-09-26T22:33:31.488,232.945,0,1278.25,24,,98.188,0.0,-5.0,0.0,1.8,2.0,1.242,9870,14.51,12.157,41,,33,,,,,,,,,,,
2026-09-26T22:33:31.617,233.074,0,1280.75,23,,98.188,0.0,-5.0,0.0,1.8,2.0,1.242,9860,14.51,12.157,41,,,9.375,,,,,,,,,,
2026-09-26T22:33:31.748,233.205,0,1273.75,23,,98.188,0.0,-5.0,0.0,1.8,2.0,1.246,9870,14.51,12.157,40,,,,14.472,,,,,,,,,
2026-09-26T22:33:31.877,233.334,0,1264.25,23,,98.188,0.0,-5.0,0.0,1.8,2.0,1.246,9870,14.902,12.157,40,,,,,97,,,,,,,,
2026-09-26T22:33:32.008,233.465,0,1255.5,23,,98.188,0.0,-5.0,0.0,1.8,2.0,1.242,9870,16.471,12.157,40,,,,,,20,,,,,,,
2026-09-26T22:33:32.147,233.604,0,1256.0,23,,98.188,0.0,-5.0,0.0,1.8,2.0,1.242,9860,18.039,12.157,40,,,,,,,100.0,,,,,,
2026-09-26T22:33:32.277,233.734,0,1256.5,24,,98.156,0.0,-5.0,0.0,1.8,2.0,1.246,9860,18.824,12.157,40,,,,,,,,551.5,,,,,
2026-09-26T22:33:32.407,233.864,0,1250.75,24,,98.188,0.0,-5.5,0.0,1.8,2.0,1.242,9850,19.608,12.157,40,,,,,,,,,0.095,,,,
2026-09-26T22:33:32.537,233.994,0,1256.0,23,,98.188,9.804,12.0,0.0,1.854,2.0,1.258,9590,20.0,12.157,39,,,,,,,,,,,0.0,,
2026-09-26T22:33:32.667,234.124,0,1270.5,23,,98.188,8.627,15.5,0.0,1.755,2.0,0.758,9280,20.0,12.157,40,,,,,,,,,,,,12.941,
2026-09-26T22:33:32.798,234.255,0,1238.5,22,,98.156,9.02,18.0,0.0,1.456,1.198,0.191,9270,20.392,12.157,40,,,,,,,,,,,,,269
2026-09-26T22:33:32.927,234.384,0,1256.5,22,,97.906,9.02,16.0,0.0,1.177,0.994,-0.035,8960,20.0,12.157,39,102,,,,,,,,,,,,
2026-09-26T22:33:33.057,234.514,0,1241.5,22,,97.875,9.412,17.0,0.0,1.044,0.891,-0.289,8380,20.0,12.157,39,,33,,,,,,,,,,,
2026-09-26T22:33:33.187,234.644,0,1249.0,22,,97.875,9.02,18.5,0.0,0.967,0.837,-0.457,7950,20.0,12.157,39,,,8.594,,,,,,,,,,
2026-09-26T22:33:33.317,234.775,0,1246.25,22,,97.875,9.02,16.5,0.0,0.937,0.823,-0.504,7490,20.0,12.157,39,,,,14.375,,,,,,,,,
2026-09-26T22:33:33.448,234.905,0,1240.5,22,,97.875,9.02,14.5,0.0,0.92,0.806,-0.57,6950,20.0,12.157,39,,,,,97,,,,,,,,
2026-09-26T22:33:33.577,235.034,0,1235.25,22,,97.875,9.412,15.5,0.0,0.912,0.802,-0.586,6520,20.0,12.157,39,,,,,,20,,,,,,,
2026-09-26T22:33:33.707,235.164,0,1236.5,22,,97.875,9.02,16.5,-6.25,0.906,0.805,-0.57,6030,20.0,12.157,39,,,,,,,100.0,,,,,,
2026-09-26T22:33:33.838,235.295,0,1236.75,22,,97.875,9.412,14.5,-7.031,0.902,0.813,-0.539,5640,20.0,12.157,39,,,,,,,,551.1,,,,,
2026-09-26T22:33:33.967,235.424,0,1229.0,22,,97.875,9.412,17.0,-7.031,0.898,0.828,-0.488,5260,20.392,12.157,39,,,,,,,,,0.175,,,,
2026-09-26T22:33:34.097,235.554,0,1229.25,22,,97.875,9.02,20.5,-6.25,0.895,0.842,-0.441,4810,20.392,12.157,39,,,,,,,,,,,0.0,,
2026-09-26T22:33:34.228,235.685,0,1227.75,22,,97.875,9.412,18.0,-6.25,0.892,0.853,-0.406,4450,20.392,12.157,39,,,,,,,,,,,,14.118,
2026-09-26T22:33:34.357,235.814,0,1225.0,22,,97.875,9.804,18.5,-5.469,0.889,0.86,-0.379,4060,20.392,12.157,38,,,,,,,,,,,,,270
2026-09-26T22:33:34.487,235.945,0,1224.25,22,,97.844,9.412,21.0,-5.469,0.885,0.864,-0.367,3640,20.392,12.157,39,102,,,,,,,,,,,,
2026-09-26T22:33:34.617,236.074,0,1217.0,22,,97.812,9.412,21.5,-4.688,0.884,0.88,-0.32,3300,20.392,12.157,38,,34,,,,,,,,,,,
2026-09-26T22:33:34.747,236.204,0,1221.75,22,,97.812,9.412,20.0,-4.688,0.883,0.888,-0.297,2930,20.392,12.157,38,,,8.594,,,,,,,,,,
2026-09-26T22:33:34.877,236.334,0,1216.5,22,,97.688,9.412,20.0,-4.688,0.882,0.883,-0.309,2590,20.392,12.157,38,,,,14.355,,,,,,,,,
2026-09-26T22:33:35.007,236.464,0,1220.75,22,,97.688,9.412,20.5,-4.688,0.882,0.888,-0.297,2350,20.392,12.157,38,,,,,97,,,,,,,,
2026-09-26T22:33:35.137,236.594,0,1212.5,22,,97.656,9.412,18.5,-3.906,0.882,0.893,-0.281,2320,16.863,12.157,38,,,,,,20,,,,,,,
2026-09-26T22:33:35.267,236.724,0,1213.0,22,,97.562,0.0,10.5,-3.906,0.882,0.891,-0.289,2730,14.51,12.157,38,,,,,,,100.0,,,,,,
2026-09-26T22:33:35.397,236.854,0,1208.75,22,,97.594,0.0,6.0,-3.906,0.882,0.886,-0.305,2540,14.51,12.157,38,,,,,,,,550.3,,,,,
2026-09-26T22:33:35.527,236.984,0,1208.5,22,,97.531,0.0,2.5,-4.688,0.882,0.88,-0.32,2490,14.51,12.157,38,,,,,,,,,0.2,,,,
2026-09-26T22:33:35.657,237.114,0,1201.75,22,,97.562,0.0,-1.0,-4.688,0.882,0.886,-0.305,2730,14.51,12.157,38,,,,,,,,,,,0.0,,
2026-09-26T22:33:35.790,237.247,0,1199.5,22,,97.531,0.0,-5.0,0.0,0.85,0.895,-0.277,3040,14.51,12.157,38,,,,,,,,,,,,12.549,
2026-09-26T22:33:35.917,237.374,0,1195.25,22,,97.531,0.0,-6.0,0.0,0.885,0.905,-0.25,3640,14.51,12.157,38,,,,,,,,,,,,,272
2026-09-26T22:33:36.047,237.504,0,1190.0,21,,97.531,0.0,-6.0,0.0,0.956,0.979,-0.074,4690,14.51,12.157,38,103,,,,,,,,,,,,
2026-09-26T22:33:36.177,237.634,0,1187.0,22,,97.531,0.0,-6.5,0.0,0.986,1.186,0.18,6440,14.51,12.157,37,,34,,,,,,,,,,,
2026-09-26T22:33:36.307,237.764,0,1178.75,23,,97.531,0.0,-6.5,0.0,0.99,1.502,0.438,7280,14.51,12.157,37,,,9.375,,,,,,,,,,
2026-09-26T22:33:36.437,237.894,0,1163.25,23,,97.531,0.0,-6.5,0.0,1.003,2.0,0.68,8350,14.51,12.157,37,,,,14.335,,,,,,,,,
2026-09-26T22:33:36.567,238.024,0,1163.0,24,,97.531,0.0,-6.5,0.0,1.051,2.0,0.836,9850,14.51,12.157,37,,,,,97,,,,,,,,
2026-09-26T22:33:36.697,238.154,0,1164.75,25,,97.562,0.0,-6.5,0.0,1.107,2.0,0.953,9900,14.51,12.157,37,,,,,,20,,,,,,,
2026-09-26T22:33:36.827,238.284,0,1156.5,24,,97.656,0.0,-6.5,0.0,1.168,2.0,1.023,9880,14.51,12.157,37,,,,,,,100.0,,,,,,
2026-09-26T22:33:36.957,238.414,0,1148.0,24,,97.625,0.0,-7.0,0.0,1.21,2.0,1.102,9870,14.51,12.157,37,,,,,,,,551.8,,,,,
2026-09-26T22:33:37.088,238.545,0,1142.25,25,,97.625,0.0,-7.0,0.0,1.274,2.0,1.133,9860,14.51,12.157,36,,,,,,,,,0.205,,,,
2026-09-26T22:33:37.217,238.674,0,1142.75,25,,97.75,0.0,-7.0,0.0,1.346,2.0,1.172,9850,14.51,12.157,36,,,,,,,,,,,0.0,,
2026-09-26T22:33:37.347,238.804,0,1141.25,24,,97.719,0.0,-7.0,0.0,1.439,2.0,1.191,9840,14.51,12.157,36,,,,,,,,,,,,13.725,
2026-09-26T22:33:37.477,238.934,0,1131.0,24,,97.781,0.0,-7.0,0.0,1.53,2.0,1.191,9840,14.51,12.157,36,,,,,,,,,,,,,273
2026-09-26T22:33:37.607,239.064,0,1126.5,24,,97.844,0.0,-7.0,0.0,1.64,2.0,1.219,9830,14.51,12.157,36,103,,,,,,,,,,,,
2026-09-26T22:33:37.738,239.195,0,1123.0,24,,97.812,0.0,-7.0,0.0,1.707,2.0,1.219,9820,14.51,12.157,36,,34,,,,,,,,,,,
2026-09-26T22:33:37.867,239.324,0,1122.0,24,,97.844,0.0,-7.0,0.0,1.753,2.0,1.23,9810,14.51,12.157,35,,,9.375,,,,,,,,,,
2026-09-26T22:33:37.997,239.454,0,1115.75,24,,97.875,0.0,-7.5,0.0,1.773,2.0,1.234,9800,14.51,12.157,35,,,,14.394,,,,,,,,,
2026-09-26T22:33:38.127,239.584,0,1108.25,24,,97.812,0.0,-7.5,0.0,1.786,2.0,1.238,9800,14.51,12.157,35,,,,,97,,,,,,,,
2026-09-26T22:33:38.258,239.715,0,1176.25,25,,97.812,0.0,-6.0,0.0,1.792,2.0,1.238,9790,14.51,12.549,34,,,,,,20,,,,,,,
2026-09-26T22:33:38.387,239.844,0,1266.75,24,,97.875,0.0,-4.5,0.0,1.796,2.0,1.238,9790,14.51,12.549,34,,,,,,,100.0,,,,,,
2026-09-26T22:33:38.517,239.974,0,1374.75,24,,97.75,0.0,-3.0,0.0,1.798,2.0,1.238,9770,14.51,12.549,34,,,,,,,,554.0,,,,,
2026-09-26T22:33:38.647,240.104,0,1440.0,24,,97.875,0.0,-2.5,0.0,1.799,2.0,1.242,9770,14.51,12.549,33,,,,,,,,,0.1,,,,
2026-09-26T22:33:38.777,240.234,0,1483.75,23,,97.875,0.0,-2.0,0.0,1.8,2.0,1.246,9770,14.51,12.549,33,,,,,,,,,,,0.0,,
2026-09-26T22:33:38.907,240.364,0,1506.0,23,,97.875,0.0,-2.0,0.0,1.8,2.0,1.25,9770,14.51,12.549,32,,,,,,,,,,,,12.941,
2026-09-26T22:33:39.037,240.495,0,1484.25,23,,97.875,0.0,-2.0,0.0,1.8,2.0,1.254,9760,14.51,12.549,32,,,,,,,,,,,,,275
2026-09-26T22:33:39.167,240.624,0,1465.25,23,,97.906,0.0,-2.5,0.0,1.8,2.0,1.254,9760,14.51,12.549,32,104,,,,,,,,,,,,
2026-09-26T22:33:39.297,240.754,0,1446.5,23,,97.906,0.0,-2.5,0.0,1.8,2.0,1.254,9750,14.51,12.549,31,,35,,,,,,,,,,,
2026-09-26T22:33:39.427,240.884,0,1431.0,23,,98.062,0.0,-2.5,0.0,1.8,2.0,1.258,9750,14.51,12.549,31,,,8.594,,,,,,,,,,
2026-09-26T22:33:39.557,241.014,0,1417.75,23,,98.094,0.0,-2.5,0.0,1.8,2.0,1.254,9750,14.51,12.549,30,,,,14.453,,,,,,,,,
2026-09-26T22:33:39.687,241.145,0,1401.5,23,,98.125,0.0,-3.0,0.0,1.8,2.0,1.258,9740,14.51,12.549,30,,,,,97,,,,,,,,
2026-09-26T22:33:39.817,241.274,0,1386.5,23,,98.188,0.0,-3.0,0.0,1.8,2.0,1.258,9730,14.51,12.549,30,,,,,,20,,,,,,,
2026-09-26T22:33:39.947,241.404,0,1367.25,23,,98.188,0.0,-4.0,0.0,1.8,2.0,1.258,9730,14.51,12.549,29,,,,,,,100.0,,,,,,
2026-09-26T22:33:40.077,241.534,0,1349.25,23,,98.156,0.0,-4.0,0.0,1.8,2.0,1.258,9720,14.51,12.157,29,,,,,,,,555.6,,,,,
2026-09-26T22:33:40.207,241.664,0,1329.75,23,,98.156,0.0,-4.0,0.0,1.8,2.0,1.258,9720,14.51,12.157,29,,,,,,,,,0.095,,,,
2026-09-26T22:33:40.337,241.794,0,1312.5,23,,98.188,0.0,-4.5,0.0,1.8,2.0,1.258,9720,14.51,12.157,28,,,,,,,,,,,0.0,,
2026-09-26T22:33:40.467,241.924,0,1285.25,23,,98.188,0.0,-4.5,0.0,1.8,2.0,1.258,9720,14.51,12.157,28,,,,,,,,,,,,13.333,
2026-09-26T22:33:40.597,242.054,0,1267.0,23,,98.188,0.0,-5.0,0.0,1.8,2.0,1.254,9710,14.51,12.157,27,,,,,,,,,,,,,277
2026-09-26T22:33:40.727,242.184,0,1253.0,23,,98.188,0.0,-5.0,0.0,1.8,2.0,1.258,9700,14.51,12.157,27,104,,,,,,,,,,,,
2026-09-26T22:33:40.858,242.315,0,1234.75,24,,98.156,0.0,-5.5,0.0,1.8,2.0,1.262,9690,14.51,12.157,26,,35,,,,,,,,,,,
2026-09-26T22:33:40.987,242.445,0,1215.75,24,,98.156,0.0,-6.0,0.0,1.8,2.0,1.258,9690,14.51,12.157,26,,,9.375,,,,,,,,,,
2026-09-26T22:33:41.117,242.574,0,1195.25,23,,98.156,0.0,-6.0,0.0,1.8,2.0,1.258,9690,14.51,12.157,26,,,,14.453,,,,,,,,,
2026-09-26T22:33:41.247,242.704,0,1181.0,23,,98.156,0.0,-6.5,0.0,1.8,2.0,1.258,9680,14.51,12.157,25,,,,,97,,,,,,,,
2026-09-26T22:33:41.377,242.834,0,1174.25,24,,98.125,0.0,-6.5,0.0,1.8,2.0,1.258,9670,14.51,12.157,25,,,,,,20,,,,,,,
2026-09-26T22:33:41.507,242.964,0,1181.5,24,,98.062,0.0,-6.5,0.0,1.8,2.0,1.254,9660,14.51,12.157,24,,,,,,,100.0,,,,,,
2026-09-26T22:33:41.636,243.094,0,1169.75,23,,98.094,0.0,-6.5,0.0,1.8,2.0,1.254,9660,14.51,12.157,24,,,,,,,,557.5,,,,,
2026-09-26T22:33:41.767,243.224,0,1168.5,23,,98.062,0.0,-6.5,0.0,1.8,2.0,1.258,9660,14.51,12.157,23,,,,,,,,,0.095,,,,
2026-09-26T22:33:41.897,243.354,0,1172.5,24,,97.906,0.0,-6.5,0.0,1.8,2.0,1.254,9660,14.51,12.157,23,,,,,,,,,,,0.0,,
2026-09-26T22:33:42.028,243.485,0,1175.0,24,,97.938,0.0,-6.5,0.0,1.8,2.0,1.254,9650,14.51,12.157,22,,,,,,,,,,,,13.333,
2026-09-26T22:33:42.157,243.615,0,1174.25,23,,98.031,0.0,-6.5,0.0,1.8,2.0,1.254,9650,14.51,12.157,22,,,,,,,,,,,,,278
2026-09-26T22:33:42.290,243.747,0,1173.75,24,,97.906,0.0,-6.5,0.0,1.8,2.0,1.258,9640,14.51,12.157,21,104,,,,,,,,,,,,
2026-09-26T22:33:42.416,243.874,0,1172.25,23,,97.875,0.0,-6.5,0.0,1.8,2.0,1.254,9630,14.51,12.157,21,,35,,,,,,,,,,,
2026-09-26T22:33:42.547,244.004,0,1164.5,23,,97.938,0.0,-6.5,0.0,1.8,2.0,1.254,9630,14.51,12.157,20,,,10.156,,,,,,,,,,
2026-09-26T22:33:42.676,244.134,0,1159.25,24,,97.875,0.0,-6.5,0.0,1.8,2.0,1.254,9630,14.51,12.157,20,,,,14.394,,,,,,,,,
2026-09-26T22:33:42.807,244.264,0,1165.0,24,,97.875,0.0,-6.5,0.0,1.8,2.0,1.258,9630,14.51,12.157,20,,,,,97,,,,,,,,
2026-09-26T22:33:42.937,244.394,0,1166.75,24,,97.875,0.0,-6.5,0.0,1.8,2.0,1.258,9620,14.51,12.157,20,,,,,,20,,,,,,,
2026-09-26T22:33:43.067,244.525,0,1172.25,23,,97.875,0.0,-6.5,0.0,1.8,2.0,1.258,9620,14.51,12.157,19,,,,,,,100.0,,,,,,
2026-09-26T22:33:43.197,244.654,0,1174.5,23,,97.875,0.0,-6.5,0.0,1.8,2.0,1.258,9610,14.902,12.157,19,,,,,,,,559.0,,,,,
2026-09-26T22:33:43.327,244.784,0,1172.5,23,,97.875,0.0,-6.5,0.0,1.8,2.0,1.258,9610,15.294,12.157,19,,,,,,,,,0.095,,,,
2026-09-26T22:33:43.457,244.914,0,1174.75,24,,97.875,0.0,-6.5,0.0,1.8,2.0,1.254,9600,18.824,12.157,18,,,,,,,,,,,0.0,,
2026-09-26T22:33:43.587,245.045,0,1168.0,23,,97.875,0.0,9.5,0.0,1.761,2.0,1.258,9470,21.569,13.333,18,,,,,,,,,,,,15.686,
2026-09-26T22:33:43.717,245.174,0,1227.5,24,,97.875,11.765,20.0,0.0,1.849,2.0,1.125,9710,21.569,12.941,18,,,,,,,,,,,,,280
2026-09-26T22:33:43.847,245.304,0,1297.75,25,,97.875,10.98,23.0,0.0,1.561,1.696,0.547,9780,21.569,13.333,18,104,,,,,,,,,,,,
2026-09-26T22:33:43.977,245.434,0,1338.25,27,,97.844,10.98,18.5,0.0,1.26,1.109,0.098,9090,23.137,14.902,18,,35,,,,,,,,,,,
2026-09-26T22:33:44.107,245.564,0,1346.75,32,,97.562,14.118,15.5,0.0,1.031,1.003,-0.016,8210,23.529,14.902,18,,,5.469,,,,,,,,,,
2026-09-26T22:33:44.236,245.694,0,1369.0,34,,97.594,14.51,14.5,0.0,0.958,0.985,-0.059,7580,23.922,14.51,18,,,,14.394,,,,,,,,,
2026-09-26T22:33:44.367,245.824,0,1350.25,36,,97.625,16.471,14.0,0.0,0.926,0.936,-0.176,7060,23.922,14.51,18,,,,,97,,,,,,,,
2026-09-26T22:33:44.497,245.954,0,1359.75,38,,97.562,16.078,14.0,0.0,0.914,0.906,-0.246,6410,24.314,15.294,19,,,,,,20,,,,,,,
2026-09-26T22:33:44.628,246.085,0,1368.5,39,,97.531,16.863,14.0,0.0,0.908,0.902,-0.254,6480,24.706,15.294,19,,,,,,,100.0,,,,,,
2026-09-26T22:33:44.757,246.214,0,1384.25,40,,97.562,17.647,14.0,-0.781,0.905,0.893,-0.281,7350,25.098,15.686,19,,,,,,,,557.1,,,,,
2026-09-26T22:33:44.888,246.345,0,1399.5,43,,97.531,18.039,14.0,-1.562,0.901,0.87,-0.348,7580,25.49,15.686,19,,,,,,,,,0.17,,,,
2026-09-26T22:33:45.017,246.474,0,1419.0,44,,97.531,18.431,14.5,-2.344,0.899,0.873,-0.34,8870,25.49,16.078,19,,,,,,,,,,,0.0,,
2026-09-26T22:33:45.147,246.605,0,1429.0,45,,97.531,18.431,14.5,-3.125,0.895,0.865,-0.367,9050,25.882,16.078,19,,,,,,,,,,,,30.98,
2026-09-26T22:33:45.276,246.734,0,1445.0,46,,97.562,18.431,14.5,-3.125,0.891,0.867,-0.355,9670,26.275,16.078,19,,,,,,,,,,,,,281
2026-09-26T22:33:45.407,246.864,0,1455.75,47,,97.656,18.431,14.5,-3.125,0.887,0.865,-0.363,10350,26.275,16.471,20,104,,,,,,,,,,,,
2026-09-26T22:33:45.537,246.994,0,1471.25,49,,97.656,18.824,15.0,-4.688,0.883,0.853,-0.402,10160,26.667,16.471,20,,35,,,,,,,,,,,
2026-09-26T22:33:45.667,247.124,0,1496.25,50,,97.844,18.431,15.0,-4.688,0.881,0.869,-0.352,10940,27.059,16.863,20,,,3.906,,,,,,,,,,
2026-09-26T22:33:45.796,247.254,0,1516.5,52,,97.812,18.824,15.0,-4.688,0.88,0.871,-0.344,11480,27.451,16.863,21,,,,14.355,,,,,,,,,
2026-09-26T22:33:45.928,247.385,0,1538.5,54,,97.875,18.431,15.5,-4.688,0.88,0.869,-0.352,11490,27.451,16.863,21,,,,,97,,,,,,,,
2026-09-26T22:33:46.057,247.514,0,1563.75,55,,97.875,17.255,15.5,-4.688,0.88,0.879,-0.32,11330,27.451,17.255,21,,,,,,20,,,,,,,
2026-09-26T22:33:46.188,247.645,0,1582.75,56,,98.156,17.647,15.5,-3.906,0.88,0.889,-0.293,12160,27.451,17.647,21,,,,,,,100.0,,,,,,
2026-09-26T22:33:46.317,247.774,0,1594.25,60,,98.188,18.039,15.5,-5.469,0.88,0.863,-0.371,11570,27.843,17.647,22,,,,,,,,550.1,,,,,
2026-09-26T22:33:46.447,247.904,0,1622.0,58,,98.25,16.863,16.0,-4.688,0.88,0.884,-0.309,11580,27.843,17.255,22,,,,,,,,,0.215,,,,
2026-09-26T22:33:46.577,248.035,0,1650.25,57,,98.5,17.255,16.0,-3.125,0.881,0.893,-0.285,12100,27.843,17.647,22,,,,,,,,,,,0.0,,
2026-09-26T22:33:46.707,248.164,0,1665.25,58,,98.5,17.255,16.0,-3.906,0.881,0.891,-0.289,12100,27.843,17.647,23,,,,,,,,,,,,37.255,
2026-09-26T22:33:46.837,248.294,0,1694.75,60,,98.812,17.255,16.5,-2.344,0.881,0.9,-0.262,12110,27.843,17.647,23,,,,,,,,,,,,,283
2026-09-26T22:33:46.967,248.424,0,1717.0,60,,99.031,17.255,16.5,-2.344,0.881,0.894,-0.281,12070,27.843,17.647,24,104,,,,,,,,,,,,
2026-09-26T22:33:47.097,248.554,0,1738.75,60,,99.156,16.863,17.0,-3.906,0.881,0.869,-0.352,12020,27.843,17.647,24,,35,,,,,,,,,,,
2026-09-26T22:33:47.227,248.684,0,1761.75,60,,99.312,16.863,17.0,-3.906,0.881,0.868,-0.355,12000,27.451,18.039,24,,,3.906,,,,,,,,,,
2026-09-26T22:33:47.356,248.813,0,1784.5,60,,99.469,16.471,17.0,-4.688,0.881,0.869,-0.352,12020,27.451,18.039,24,,,,14.394,,,,,,,,,
2026-09-26T22:33:47.488,248.945,0,1816.5,60,,99.656,16.471,17.0,-4.688,0.881,0.876,-0.328,11860,27.451,18.039,25,,,,,97,,,,,,,,
2026-09-26T22:33:47.617,249.074,0,1834.5,60,,99.781,16.471,17.5,-3.125,0.881,0.884,-0.309,11870,27.451,18.039,25,,,,,,20,,,,,,,
2026-09-26T22:33:47.746,249.204,0,1845.0,60,,99.781,16.471,17.5,-3.906,0.897,0.9,-0.262,11850,27.059,18.039,26,,,,,,,100.0,,,,,,
2026-09-26T22:33:47.876,249.334,0,1866.5,60,,100.094,16.471,17.5,-3.125,0.969,0.998,-0.027,12070,27.059,18.039,25,,,,,,,,541.8,,,,,
2026-09-26T22:33:48.007,249.464,0,1880.5,59,,100.125,16.078,18.0,-0.781,0.995,1.047,0.031,11480,27.059,18.431,26,,,,,,,,,0.935,,,,
2026-09-26T22:33:48.137,249.594,0,1898.0,62,,100.125,16.471,-15.5,-0.781,1.003,1.033,0.016,11770,27.059,17.255,26,,,,,,,,,,,0.0,,
2026-09-26T22:33:48.267,249.724,0,1657.25,63,,101.062,17.255,-10.0,0.0,1.009,1.046,0.027,11940,27.059,16.471,26,,,,,,,,,,,,37.255,
2026-09-26T22:33:48.396,249.853,0,1505.75,58,,101.188,19.216,-4.0,0.0,1.011,1.052,0.035,12010,27.059,16.471,26,,,,,,,,,,,,,284
2026-09-26T22:33:48.527,249.984,0,1458.5,56,,101.344,20.392,-1.0,0.0,1.012,1.034,0.016,12090,27.451,16.471,27,105,,,,,,,,,,,,
2026-09-26T22:33:48.656,250.114,0,1398.0,55,,101.281,23.137,3.5,0.0,1.011,1.025,0.004,11920,27.451,16.078,27,,34,,,,,,,,,,,
2026-09-26T22:33:48.789,250.246,0,1325.25,57,,101.062,23.922,6.0,0.0,1.009,1.021,0.0,11640,27.451,16.078,27,,,5.469,,,,,,,,,,
2026-09-26T22:33:48.917,250.374,0,1290.0,56,,100.844,25.098,9.0,0.0,1.006,1.021,0.0,11520,27.451,15.686,27,,,,14.375,,,,,,,,,
2026-09-26T22:33:49.047,250.505,0,1278.5,56,,100.75,25.882,10.0,0.0,1.004,0.982,-0.066,11690,27.451,15.686,28,,,,,97,,,,,,,,
2026-09-26T22:33:49.177,250.634,0,1277.75,54,,100.438,25.49,10.5,-1.562,1.003,0.977,-0.078,11560,27.059,15.686,28,,,,,,20,,,,,,,
2026-09-26T22:33:49.307,250.764,0,1287.0,54,,100.375,25.098,12.5,-1.562,1.003,0.987,-0.055,11510,27.059,16.078,28,,,,,,,100.0,,,,,,
2026-09-26T22:33:49.436,250.894,0,1296.0,53,,100.125,25.098,13.0,-0.781,1.003,0.986,-0.055,11440,27.059,15.686,28,,,,,,,,539.9,,,,,
2026-09-26T22:33:49.567,251.024,0,1304.25,53,,99.969,24.706,13.0,-1.562,1.002,0.98,-0.07,11530,27.059,15.686,29,,,,,,,,,0.88,,,,
2026-09-26T22:33:49.697,251.154,0,1313.75,53,,99.781,24.706,13.5,-1.562,1.002,0.991,-0.043,11530,27.059,15.686,28,,,,,,,,,,,0.0,,
2026-09-26T22:33:49.828,251.285,0,1327.5,53,,99.781,23.529,14.0,-1.562,1.002,0.991,-0.043,11310,26.667,15.686,29,,,,,,,,,,,,36.863,
2026-09-26T22:33:49.956,251.414,0,1336.75,54,,99.594,22.353,14.0,-1.562,1.002,0.988,-0.051,11090,25.49,14.902,29,,,,,,,,,,,,,286
2026-09-26T22:33:50.088,251.545,0,1342.0,50,,99.562,21.176,14.0,-2.344,1.002,0.991,-0.043,10670,24.706,14.902,29,105,,,,,,,,,,,,
2026-09-26T22:33:50.217,251.674,0,1353.5,47,,99.469,20.392,14.0,-2.344,1.002,0.988,-0.051,10110,24.706,14.902,29,,34,,,,,,,,,,,
2026-09-26T22:33:50.347,251.804,0,1354.75,44,,99.469,19.216,14.0,-3.125,1.003,0.969,-0.102,9610,24.706,15.294,29,,,6.25,,,,,,,,,,
2026-09-26T22:33:50.476,251.933,0,1362.5,42,,99.188,18.824,14.0,-4.688,1.003,0.966,-0.105,9170,24.314,14.902,29,,,,14.355,,,,,,,,,
2026-09-26T22:33:50.607,252.064,0,1374.75,42,,99.156,18.431,14.0,-4.688,1.003,0.978,-0.078,8770,23.922,14.902,29,,,,,97,,,,,,,,
2026-09-26T22:33:50.736,252.193,0,1375.5,41,,99.156,17.647,14.0,-4.688,1.003,0.978,-0.078,8310,23.137,14.51,30,,,,,,20,,,,,,,
2026-09-26T22:33:50.867,252.324,0,1375.5,40,,99.0,16.078,14.0,-5.469,1.003,0.956,-0.129,7810,21.961,13.333,30,,,,,,,100.0,,,,,,
2026-09-26T22:33:50.997,252.454,0,1367.75,34,,98.969,14.51,10.0,-7.031,1.003,0.956,-0.125,7400,20.784,12.549,30,,,,,,,,539.2,,,,,
2026-09-26T22:33:51.127,252.585,0,1360.5,29,,98.812,11.765,13.5,-6.25,1.003,0.982,-0.066,7060,19.608,12.549,30,,,,,,,,,0.855,,,,
2026-09-26T22:33:51.256,252.714,0,1354.25,25,,98.812,8.627,19.0,-5.469,1.003,1.018,-0.004,6750,19.216,12.549,29,,,,,,,,,,,0.0,,
2026-09-26T22:33:51.388,252.845,0,1355.25,22,,98.75,8.235,14.0,-3.125,1.003,1.062,0.047,6440,19.216,12.549,30,,,,,,,,,,,,12.941,
2026-09-26T22:33:51.517,252.974,0,1358.0,22,,98.5,8.235,9.5,-2.344,1.004,1.073,0.059,6170,19.216,12.549,30,,,,,,,,,,,,,287
2026-09-26T22:33:51.647,253.104,0,1360.5,22,,98.5,8.235,5.0,-1.562,1.005,1.067,0.055,5840,19.216,12.549,29,105,,,,,,,,,,,,
2026-09-26T22:33:51.777,253.234,0,1359.75,22,,98.5,7.843,4.5,-1.562,1.005,1.047,0.031,5490,19.216,12.549,29,,33,,,,,,,,,,,
2026-09-26T22:33:51.907,253.364,0,1349.25,21,,98.375,8.235,5.0,-1.562,1.005,1.033,0.016,5150,19.216,12.549,29,,,10.156,,,,,,,,,,
2026-09-26T22:33:52.036,253.493,0,1350.25,21,,98.312,8.235,5.0,-1.562,1.005,1.028,0.008,4810,19.216,12.549,29,,,,14.433,,,,,,,,,
2026-09-26T22:33:52.167,253.624,0,1347.0,21,,98.188,7.843,3.5,-2.344,1.005,1.018,-0.004,4460,18.431,12.549,29,,,,,97,,,,,,,,
2026-09-26T22:33:52.296,253.753,0,1344.25,22,,98.188,8.235,-1.5,-2.344,1.005,1.003,-0.016,4110,16.863,12.549,29,,,,,,20,,,,,,,
2026-09-26T22:33:52.427,253.885,0,1325.75,22,,98.188,0.0,-4.0,-3.125,1.005,1.048,0.031,3820,14.51,12.549,29,,,,,,,100.0,,,,,,
2026-09-26T22:33:52.556,254.013,0,1317.25,23,,98.188,0.0,-4.0,0.0,1.006,1.092,0.082,3530,14.51,12.549,29,,,,,,,,540.0,,,,,
2026-09-26T22:33:52.688,254.145,0,1325.75,22,,98.0,0.0,-4.0,0.0,1.005,1.092,0.082,4200,14.51,12.549,29,,,,,,,,,0.855,,,,
2026-09-26T22:33:52.817,254.274,0,1317.25,22,,98.031,0.0,-4.5,0.0,1.006,1.16,0.152,5360,14.51,12.549,29,,,,,,,,,,,0.0,,
2026-09-26T22:33:52.946,254.404,0,1301.5,23,,97.969,0.0,-4.5,0.0,0.998,1.357,0.336,7040,15.686,12.549,28,,,,,,,,,,,,13.333,
2026-09-26T22:33:53.076,254.534,0,1284.0,24,,97.875,0.0,-4.5,0.0,1.003,1.937,0.652,8100,18.824,12.549,28,,,,,,,,,,,,,289
2026-09-26T22:33:53.207,254.664,0,1277.0,24,,97.906,0.0,10.0,0.0,1.042,2.0,0.863,9060,21.176,12.549,28,106,,,,,,,,,,,,
2026-09-26T22:33:53.337,254.794,0,1330.75,25,,97.938,10.196,23.5,0.0,1.141,2.0,0.781,9340,21.176,12.941,28,,34,,,,,,,,,,,
2026-09-26T22:33:53.467,254.924,0,1289.25,24,,97.875,10.588,19.5,0.0,1.095,1.204,0.199,9010,21.176,12.549,28,,,7.812,,,,,,,,,,
2026-09-26T22:33:53.596,255.053,0,1294.5,24,,97.875,10.196,23.0,0.0,1.015,0.958,-0.125,8360,21.176,12.941,28,,,,14.375,,,,,,,,,
2026-09-26T22:33:53.727,255.184,0,1296.25,24,,97.875,9.804,23.0,0.0,0.948,0.883,-0.312,8170,20.784,12.941,28,,,,,97,,,,,,,,
2026-09-26T22:33:53.857,255.314,0,1294.5,25,,97.875,10.196,12.5,0.0,0.936,0.876,-0.332,7840,14.51,12.157,28,,,,,,20,,,,,,,
2026-09-26T22:33:53.988,255.445,0,1287.5,23,,97.875,0.0,17.0,0.0,0.96,0.878,-0.324,7330,14.51,12.157,28,,,,,,,100.0,,,,,,
2026-09-26T22:33:54.117,255.574,0,1283.25,22,,97.875,0.0,11.5,0.0,0.979,0.869,-0.352,7010,14.51,12.549,28,,,,,,,,540.6,,,,,
2026-09-26T22:33:54.246,255.704,0,1289.25,22,,97.875,0.0,6.5,0.0,0.991,0.88,-0.32,6640,14.51,12.549,28,,,,,,,,,0.85,,,,
2026-09-26T22:33:54.376,255.834,0,1283.0,22,,97.875,0.0,2.0,-6.25,0.997,0.867,-0.359,6150,14.51,12.549,28,,,,,,,,,,,0.0,,
2026-09-26T22:33:54.507,255.964,0,1275.25,22,,97.875,0.0,-1.5,-7.812,0.999,0.868,-0.355,5830,14.51,12.549,28,,,,,,,,,,,,12.941,
2026-09-26T22:33:54.636,256.093,0,1274.5,22,,97.875,0.0,-5.0,0.0,1.001,0.904,-0.25,5660,14.51,12.549,28,,,,,,,,,,,,,291
2026-09-26T22:33:54.766,256.223,0,1264.5,22,,97.844,0.0,-5.0,0.0,1.001,0.955,-0.129,6360,14.51,12.549,27,106,,,,,,,,,,,,
2026-09-26T22:33:54.897,256.354,0,1257.0,22,,97.844,0.0,-5.0,0.0,1.003,1.004,-0.016,7180,14.51,12.549,28,,34,,,,,,,,,,,
2026-09-26T22:33:55.026,256.484,0,1242.5,23,,97.781,0.0,-5.5,0.0,0.996,1.338,0.32,9200,14.51,12.157,27,,,8.594,,,,,,,,,,
2026-09-26T22:33:55.156,256.613,0,1229.0,23,,97.844,0.0,-5.5,0.0,1.004,1.847,0.617,9470,14.51,12.157,27,,,,14.453,,,,,,,,,
2026-09-26T22:33:55.290,256.747,0,1228.5,24,,97.812,0.0,-5.5,0.0,1.05,2.0,0.809,9460,14.51,12.157,27,,,,,97,,,,,,,,
2026-09-26T22:33:55.416,256.873,0,1227.5,24,,97.844,0.0,-5.5,0.0,1.109,2.0,0.938,9460,14.51,12.157,27,,,,,,20,,,,,,,
2026-09-26T22:33:55.546,257.004,0,1220.0,25,,97.844,0.0,-5.5,0.0,1.174,2.0,1.035,9450,14.51,12.157,26,,,,,,,100.0,,,,,,
2026-09-26T22:33:55.676,257.134,0,1212.25,24,,97.875,0.0,-6.0,0.0,1.218,2.0,1.102,9440,14.51,12.157,26,,,,,,,,542.5,,,,,
2026-09-26T22:33:55.807,257.264,0,1199.5,24,,97.875,0.0,-6.0,0.0,1.287,2.0,1.152,9430,14.51,12.157,26,,,,,,,,,0.845,,,,
2026-09-26T22:33:55.937,257.394,0,1190.5,24,,97.875,0.0,-6.0,0.0,1.362,2.0,1.16,9420,14.51,12.157,26,,,,,,,,,,,0.0,,
2026-09-26T22:33:56.066,257.523,0,1176.75,24,,97.875,0.0,-6.5,0.0,1.461,2.0,1.188,9410,14.51,12.157,26,,,,,,,,,,,,13.725,
2026-09-26T22:33:56.196,257.653,0,1161.0,24,,97.875,0.0,-6.5,0.0,1.559,2.0,1.207,9420,14.51,12.157,25,,,,,,,,,,,,,292
2026-09-26T22:33:56.327,257.784,0,1151.5,24,,97.875,0.0,-7.0,0.0,1.664,2.0,1.219,9410,14.51,12.157,25,106,,,,,,,,,,,,
2026-09-26T22:33:56.457,257.914,0,1140.5,24,,97.875,0.0,-7.0,0.0,1.723,2.0,1.23,9390,14.51,12.157,25,,35,,,,,,,,,,,
2026-09-26T22:33:56.588,258.045,0,1127.5,24,,97.875,0.0,-7.0,0.0,1.762,2.0,1.234,9500,14.51,12.157,24,,,9.375,,,,,,,,,,
2026-09-26T22:33:56.716,258.173,0,1113.5,25,,97.875,0.0,-7.5,0.0,1.78,2.0,1.242,9520,14.51,11.765,24,,,,14.433,,,,,,,,,
2026-09-26T22:33:56.846,258.303,0,1094.25,24,,97.875,0.0,-8.5,0.0,1.79,2.0,1.238,9490,14.51,11.765,24,,,,,97,,,,,,,,
2026-09-26T22:33:56.977,258.434,0,1072.25,24,,97.875,0.0,-8.5,0.0,1.794,2.0,1.246,9490,14.51,11.765,23,,,,,,20,,,,,,,
2026-09-26T22:33:57.107,258.564,0,1056.25,24,,97.875,0.0,-8.5,0.0,1.797,2.0,1.25,9490,14.51,11.765,23,,,,,,,100.0,,,,,,
2026-09-26T22:33:57.237,258.694,0,1041.5,24,,97.875,0.0,-8.5,0.0,1.798,2.0,1.25,9480,14.51,11.765,22,,,,,,,,544.8,,,,,
2026-09-26T22:33:57.367,258.824,0,1032.0,24,,97.875,12.549,-9.5,0.0,1.78,2.0,1.246,9480,14.51,11.765,22,,,,,,,,,0.105,,,,
2026-09-26T22:33:57.496,258.953,0,1006.0,23,,97.812,12.549,-9.5,0.0,1.873,2.0,1.246,9390,14.51,11.765,21,,,,,,,,,,,0.0,,
2026-09-26T22:33:57.627,259.084,0,1010.25,23,,97.812,12.941,-5.0,0.0,1.713,2.0,1.152,9200,14.51,11.765,21,,,,,,,,,,,,13.725,
2026-09-26T22:33:57.757,259.214,0,1007.25,23,,97.781,12.157,-7.5,0.0,1.492,2.0,0.977,9150,14.51,11.765,20,,,,,,,,,,,,,294
2026-09-26T22:33:57.888,259.345,0,1022.0,22,,97.719,11.765,-8.5,0.0,1.303,2.0,0.902,8930,14.51,11.765,20,106,,,,,,,,,,,,
2026-09-26T22:33:58.017,259.474,0,1032.75,22,,97.656,11.373,-8.5,0.0,1.18,1.658,0.527,8550,14.51,11.765,19,,35,,,,,,,,,,,
2026-09-26T22:33:58.147,259.604,0,1045.25,22,,97.594,11.373,-8.5,0.0,1.069,1.078,0.066,8070,14.51,11.765,19,,,9.375,,,,,,,,,,
2026-09-26T22:33:58.276,259.733,0,1055.75,22,,97.562,10.98,-8.5,0.0,1.006,0.96,-0.117,7690,14.51,11.765,18,,,,14.375,,,,,,,,,
2026-09-26T22:33:58.407,259.864,0,1053.5,22,,97.531,10.588,-8.5,0.0,0.961,0.885,-0.305,7240,14.51,11.765,17,,,,,97,,,,,,,,
2026-09-26T22:33:58.537,259.994,0,1032.5,22,,97.531,10.98,-9.5,0.0,0.938,0.874,-0.336,6890,14.51,11.765,17,,,,,,20,,,,,,,
2026-09-26T22:33:58.666,260.123,0,982.75,22,,97.531,12.157,-10.0,0.0,0.924,0.86,-0.379,6540,14.51,11.373,16,,,,,,,100.0,,,,,,
2026-09-26T22:33:58.796,260.253,0,915.5,22,,97.531,11.765,-9.0,0.0,0.917,0.862,-0.375,6210,14.51,11.765,16,,,,,,,,544.5,,,,,
2026-09-26T22:33:58.926,260.384,0,841.5,23,,97.531,12.157,0.0,-3.125,0.912,0.858,-0.387,5870,14.51,11.765,16,,,,,,,,,0.14,,,,
2026-09-26T22:33:59.056,260.513,0,809.0,24,,97.531,14.118,8.5,-3.906,0.909,0.854,-0.402,5640,14.51,12.157,15,,,,,,,,,,,0.0,,
2026-09-26T22:33:59.188,260.645,0,791.0,26,,97.531,15.686,4.0,-3.125,0.906,0.863,-0.367,5250,14.51,11.765,15,,,,,,,,,,,,16.863,
2026-09-26T22:33:59.317,260.774,0,790.25,28,,97.531,16.471,0.5,-3.125,0.904,0.867,-0.359,4940,14.51,11.765,15,,,,,,,,,,,,,295
2026-09-26T22:33:59.447,260.904,0,781.75,27,,97.531,15.686,3.0,-3.125,0.902,0.864,-0.367,4550,14.51,11.765,15,106,,,,,,,,,,,,
2026-09-26T22:33:59.576,261.034,0,780.0,27,,97.531,15.686,3.5,-3.906,0.9,0.854,-0.398,4260,14.51,11.765,14,,35,,,,,,,,,,,
2026-09-26T22:33:59.706,261.164,0,777.0,27,,97.531,15.686,11.0,-4.688,0.897,0.853,-0.406,3970,14.51,12.157,14,,,8.594,,,,,,,,,,
2026-09-26T22:33:59.836,261.293,0,768.25,27,,97.469,16.863,6.0,-4.688,0.896,0.851,-0.41,3570,14.51,11.765,14,,,,14.394,,,,,,,,,
2026-09-26T22:33:59.967,261.424,0,771.75,28,,97.5,16.863,3.5,-5.469,0.893,0.851,-0.41,3280,14.51,11.765,14,,,,,97,,,,,,,,
2026-09-26T22:34:00.096,261.553,0,777.75,29,,97.438,17.255,0.5,-5.469,0.892,0.851,-0.41,2980,14.51,11.765,14,,,,,,20,,,,,,,
2026-09-26T22:34:00.227,261.684,0,776.0,29,,97.531,16.863,3.5,-5.469,0.89,0.854,-0.398,2680,14.51,11.765,13,,,,,,,100.0,,,,,,
2026-09-26T22:34:00.356,261.813,0,774.0,28,,97.438,16.863,3.0,-5.469,0.888,0.858,-0.387,2620,14.51,11.765,13,,,,,,,,543.5,,,,,
2026-09-26T22:34:00.489,261.946,0,781.0,28,,97.375,16.863,3.5,-5.469,0.885,0.87,-0.352,2420,14.51,11.765,13,,,,,,,,,0.195,,,,
2026-09-26T22:34:00.616,262.073,0,780.5,28,,97.438,16.863,2.0,-4.688,0.884,0.872,-0.344,2230,14.51,11.765,13,,,,,,,,,,,0.0,,
2026-09-26T22:34:00.747,262.204,0,777.25,28,,97.406,16.863,3.5,-4.688,0.883,0.871,-0.348,2230,14.51,11.765,13,,,,,,,,,,,,17.255,
2026-09-26T22:34:00.877,262.334,0,774.25,28,,97.281,16.863,4.0,-4.688,0.882,0.871,-0.348,2690,14.51,11.765,12,,,,,,,,,,,,,297
2026-09-26T22:34:01.007,262.464,0,768.75,29,,97.25,17.255,6.0,-5.469,0.882,0.866,-0.359,2750,14.51,12.157,11,106,,,,,,,,,,,,
2026-09-26T22:34:01.137,262.594,0,766.5,29,,97.25,18.039,1.0,-6.25,0.881,0.857,-0.391,2550,14.51,11.765,12,,35,,,,,,,,,,,
2026-09-26T22:34:01.267,262.724,0,764.25,30,,97.219,18.039,3.5,-6.25,0.881,0.854,-0.402,2580,14.51,11.765,11,,,8.594,,,,,,,,,,
2026-09-26T22:34:01.396,262.853,0,771.0,31,,97.25,18.431,-1.0,-6.25,0.881,0.858,-0.387,3060,14.51,11.765,11,,,,14.375,,,,,,,,,
2026-09-26T22:34:01.527,262.984,0,771.5,30,,97.219,18.431,0.5,-6.25,0.881,0.866,-0.363,3150,14.51,11.765,11,,,,,97,,,,,,,,
2026-09-26T22:34:01.657,263.114,0,772.75,30,,97.219,17.647,2.0,-6.25,0.881,0.871,-0.348,2970,15.294,12.157,10,,,,,,20,,,,,,,
2026-09-26T22:34:01.790,263.247,0,771.75,30,,97.219,19.216,4.0,-5.469,0.881,0.879,-0.324,3020,16.078,13.333,10,,,,,,,100.0,,,,,,
2026-09-26T22:34:01.916,263.373,0,767.0,31,,97.219,19.608,8.0,-4.688,0.881,0.893,-0.281,3350,20.392,13.333,10,,,,,,,,542.1,,,,,
2026-09-26T22:34:02.047,263.504,0,799.75,40,,97.219,27.059,0.5,-3.906,0.881,0.903,-0.254,4260,22.745,13.333,10,,,,,,,,,0.21,,,,
2026-09-26T22:34:02.176,263.633,0,867.5,41,,97.219,27.059,-0.5,-3.906,0.881,0.907,-0.242,4530,23.922,14.118,10,,,,,,,,,,,0.0,,
2026-09-26T22:34:02.307,263.764,0,950.5,42,,97.219,27.451,8.5,-3.906,0.88,0.888,-0.297,4920,24.706,14.902,9,,,,,,,,,,,,34.902,
2026-09-26T22:34:02.436,263.893,0,1041.5,47,,97.125,31.373,2.0,-5.469,0.88,0.858,-0.387,5490,24.706,14.902,9,,,,,,,,,,,,,298
2026-09-26T22:34:02.566,264.023,0,1046.0,47,,97.219,29.412,2.5,-7.031,0.88,0.849,-0.418,6920,25.098,14.902,10,106,,,,,,,,,,,,
2026-09-26T22:34:02.696,264.153,0,1019.75,48,,97.219,30.588,4.5,-7.812,0.88,0.846,-0.426,7270,24.706,14.902,10,,36,,,,,,,,,,,
2026-09-26T22:34:02.827,264.284,0,1010.0,49,,97.219,30.98,1.5,-7.812,0.88,0.854,-0.398,7610,25.098,14.902,10,,,5.469,,,,,,,,,,
2026-09-26T22:34:02.957,264.414,0,1023.75,49,,97.219,31.765,0.5,-7.031,0.88,0.869,-0.352,8020,25.098,14.902,10,,,,14.394,,,,,,,,,
2026-09-26T22:34:03.088,264.545,0,1037.5,50,,97.219,31.373,-0.5,-7.031,0.88,0.875,-0.332,8750,25.098,14.902,10,,,,,97,,,,,,,,
2026-09-26T22:34:03.216,264.673,0,1044.75,49,,97.219,30.196,2.0,-7.031,0.88,0.876,-0.332,9540,25.098,14.902,10,,,,,,20,,,,,,,
2026-09-26T22:34:03.347,264.804,0,1049.5,48,,97.375,29.02,2.0,-7.031,0.88,0.868,-0.355,10390,25.098,14.902,10,,,,,,,100.0,,,,,,
2026-09-26T22:34:03.476,264.933,0,1046.0,48,,97.5,29.412,-0.5,-7.031,0.88,0.883,-0.309,10830,25.098,14.51,10,,,,,,,,536.7,,,,,
2026-09-26T22:34:03.607,265.064,0,1042.5,47,,97.531,29.02,2.0,-6.25,0.88,0.887,-0.297,10610,25.098,14.51,10,,,,,,,,,0.23,,,,
2026-09-26T22:34:03.736,265.193,0,1033.0,46,,97.531,28.627,3.5,-6.25,0.88,0.886,-0.301,10210,25.098,14.51,10,,,,,,,,,,,0.0,,
2026-09-26T22:34:03.867,265.324,0,1022.25,46,,97.531,29.804,2.5,-6.25,0.88,0.89,-0.289,9910,25.098,14.902,11,,,,,,,,,,,,34.902,
2026-09-26T22:34:03.996,265.453,0,1015.0,48,,97.531,30.588,1.0,-5.469,0.88,0.896,-0.273,10050,25.098,14.51,11,,,,,,,,,,,,,300
2026-09-26T22:34:04.127,265.584,0,1015.5,48,,97.531,30.196,2.0,-5.469,0.88,0.904,-0.25,10190,25.098,14.51,11,106,,,,,,,,,,,,
2026-09-26T22:34:04.256,265.713,0,1015.5,47,,97.531,30.196,2.5,-4.688,0.88,0.901,-0.258,10040,25.098,14.51,11,,35,,,,,,,,,,,
2026-09-26T22:34:04.388,265.845,0,1014.5,47,,97.531,30.196,-2.5,-4.688,0.88,0.891,-0.289,9610,23.922,14.118,11,,,5.469,,,,,,,,,,
2026-09-26T22:34:04.517,265.974,0,1012.5,46,,97.562,28.627,-4.5,-4.688,0.88,0.89,-0.289,9390,17.255,12.157,11,,,,14.316,,,,,,,,,
2026-09-26T22:34:04.647,266.104,0,1019.25,42,,97.875,25.098,-2.5,-4.688,0.88,0.888,-0.297,9200,14.51,11.765,11,,,,,97,,,,,,,,
2026-09-26T22:34:04.776,266.233,0,1021.75,29,,97.812,15.686,-3.0,-4.688,0.88,0.894,-0.281,8930,14.51,12.549,11,,,,,,20,,,,,,,
2026-09-26T22:34:04.907,266.364,0,987.25,26,,97.688,14.902,3.5,-4.688,0.88,0.894,-0.281,8600,14.51,12.549,11,,,,,,,100.0,,,,,,
2026-09-26T22:34:05.037,266.494,0,951.0,27,,97.688,16.078,0.0,-3.906,0.88,0.902,-0.258,8190,14.51,12.549,11,,,,,,,,532.6,,,,,
2026-09-26T22:34:05.167,266.624,0,922.5,28,,97.594,17.647,-0.5,-3.906,0.88,0.901,-0.258,7770,14.51,12.549,11,,,,,,,,,0.245,,,,
2026-09-26T22:34:05.296,266.753,0,902.25,29,,97.562,17.647,-1.0,-3.906,0.881,0.889,-0.293,7340,14.51,12.549,11,,,,,,,,,,,0.0,,
2026-09-26T22:34:05.427,266.884,0,891.75,30,,97.562,18.431,-1.0,-4.688,0.881,0.881,-0.316,7000,14.51,12.549,11,,,,,,,,,,,,19.216,
2026-09-26T22:34:05.556,267.013,0,883.5,30,,97.531,19.216,-1.0,-4.688,0.881,0.876,-0.328,6560,14.51,12.549,11,,,,,,,,,,,,,301
2026-09-26T22:34:05.688,267.145,0,878.25,30,,97.531,18.431,-1.5,-5.469,0.881,0.873,-0.34,6150,14.51,12.941,11,106,,,,,,,,,,,,
2026-09-26T22:34:05.817,267.274,0,874.0,31,,97.531,18.824,-3.0,-5.469,0.881,0.869,-0.352,5820,14.51,12.549,11,,35,,,,,,,,,,,
2026-09-26T22:34:05.946,267.403,0,873.75,32,,97.531,19.216,-2.5,-6.25,0.881,0.861,-0.375,5510,14.51,12.549,11,,,8.594,,,,,,,,,,
2026-09-26T22:34:06.076,267.533,0,873.5,31,,97.531,19.216,-1.0,-6.25,0.881,0.869,-0.352,5300,14.51,12.549,10,,,,14.355,,,,,,,,,
2026-09-26T22:34:06.207,267.664,0,874.5,32,,97.531,19.216,-2.5,-5.469,0.881,0.882,-0.312,5020,14.51,12.549,10,,,,,97,,,,,,,,
2026-09-26T22:34:06.336,267.793,0,879.5,32,,97.5,19.608,-2.5,-4.688,0.881,0.894,-0.281,4710,14.51,12.549,10,,,,,,20,,,,,,,
2026-09-26T22:34:06.467,267.924,0,886.0,32,,97.531,19.216,-1.0,-3.906,0.881,0.904,-0.25,4370,14.51,12.549,10,,,,,,,100.0,,,,,,
2026-09-26T22:34:06.596,268.053,0,885.0,31,,97.469,19.216,-1.5,-3.125,0.881,0.912,-0.23,4020,14.51,12.941,9,,,,,,,,530.9,,,,,
2026-09-26T22:34:06.727,268.184,0,885.25,33,,97.5,20.392,-5.5,-3.125,0.881,0.912,-0.23,3740,14.51,12.549,9,,,,,,,,,0.27,,,,
2026-09-26T22:34:06.857,268.314,0,886.25,33,,97.469,19.216,-4.0,-3.125,0.881,0.91,-0.234,3560,14.51,12.549,8,,,,,,,,,,,0.0,,
2026-09-26T22:34:06.988,268.445,0,885.5,31,,97.469,18.824,-4.0,-2.344,0.881,0.911,-0.234,3380,14.51,12.157,8,,,,,,,,,,,,19.216,
2026-09-26T22:34:07.116,268.573,0,883.75,30,,97.438,17.647,-4.0,-2.344,0.881,0.908,-0.242,3310,14.51,12.157,7,,,,,,,,,,,,,303
2026-09-26T22:34:07.247,268.704,0,877.5,29,,97.438,16.863,-2.0,-2.344,0.875,0.907,-0.242,3320,14.51,12.157,7,106,,,,,,,,,,,,
2026-09-26T22:34:07.376,268.833,0,857.5,29,,97.375,17.647,0.5,-1.562,0.876,0.915,-0.223,3390,14.51,12.549,6,,35,,,,,,,,,,,
2026-09-26T22:34:07.507,268.964,0,832.0,31,,97.344,19.608,-1.0,-1.562,0.909,0.943,-0.156,3540,14.51,12.549,6,,,9.375,,,,,,,,,,
2026-09-26T22:34:07.647,269.104,0,816.5,32,,97.344,20.392,-5.5,-1.562,0.944,0.979,-0.074,3720,14.51,12.157,5,,,,14.316,,,,,,,,,
2026-09-26T22:34:07.776,269.233,0,792.5,33,,97.25,20.0,-1.0,-1.562,0.966,1.001,-0.02,3820,14.51,12.157,5,,,,,97,,,,,,,,
2026-09-26T22:34:07.906,269.363,0,789.0,34,,97.375,21.176,-4.0,-0.781,0.982,1.027,0.008,3990,14.51,12.157,4,,,,,,20,,,,,,,
2026-09-26T22:34:08.037,269.494,0,790.0,33,,97.25,20.392,-1.0,-0.781,0.991,1.03,0.012,3980,14.51,12.157,4,,,,,,,100.0,,,,,,
2026-09-26T22:34:08.167,269.624,0,787.0,33,,97.25,20.0,-2.5,-0.781,0.997,1.032,0.012,3940,14.51,12.157,3,,,,,,,,529.5,,,,,
2026-09-26T22:34:08.296,269.754,0,792.75,32,,97.25,20.0,-2.5,0.0,0.999,1.033,0.016,3920,14.51,12.157,3,,,,,,,,,0.92,,,,
2026-09-26T22:34:08.427,269.884,0,796.0,32,,97.219,19.608,-2.0,0.0,1.001,1.035,0.016,3870,14.51,13.333,2,,,,,,,,,,,0.0,,
2026-09-26T22:34:08.557,270.014,0,800.5,32,,97.25,24.314,11.0,0.0,1.003,1.035,0.016,3910,14.51,14.118,2,,,,,,,,,,,,25.098,
2026-09-26T22:34:08.688,270.145,0,817.25,42,,97.219,27.843,-5.5,0.0,1.004,1.035,0.016,4240,14.51,12.941,2,,,,,,,,,,,,,305
2026-09-26T22:34:08.816,270.273,0,880.5,40,,97.219,25.49,-11.0,0.0,1.004,1.036,0.02,4630,14.51,12.549,1,106,,,,,,,,,,,,
2026-09-26T22:34:08.947,270.404,0,904.75,38,,97.25,23.137,-7.5,0.0,1.002,1.013,-0.008,5170,14.51,12.549,1,,35,,,,,,,,,,,
2026-09-26T22:34:09.076,270.533,0,900.0,33,,97.219,20.392,-2.5,-0.781,1.003,0.989,-0.047,5240,14.51,12.941,1,,,9.375,,,,,,,,,,
2026-09-26T22:34:09.207,270.664,0,892.25,33,,97.219,20.784,-7.0,-1.562,1.007,0.979,-0.074,5000,14.51,12.157,1,,,,14.414,,,,,,,,,
2026-09-26T22:34:09.336,270.794,0,865.75,33,,97.281,20.0,-5.0,-2.344,1.009,0.977,-0.082,4680,14.51,12.549,1,,,,,97,,,,,,,,
2026-09-26T22:34:09.467,270.924,0,844.25,32,,97.219,20.784,7.0,-2.344,1.011,0.98,-0.07,4440,14.51,12.941,0,,,,,,20,,,,,,,
2026-09-26T22:34:09.597,271.054,0,817.5,35,,97.219,22.745,5.0,-2.344,1.012,0.994,-0.035,4260,14.51,12.549,0,,,,,,,100.0,,,,,,
2026-09-26T22:34:09.726,271.184,0,815.5,37,,97.219,23.529,-2.5,-0.781,1.012,1.027,0.008,4530,14.51,12.549,0,,,,,,,,528.3,,,,,
2026-09-26T22:34:09.856,271.313,0,822.25,36,,97.219,21.569,-3.0,0.0,1.011,1.043,0.027,4640,14.51,12.157,0,,,,,,,,,0.91,,,,
2026-09-26T22:34:09.988,271.445,0,827.0,34,,97.219,20.784,-4.0,0.0,1.01,1.043,0.027,4510,14.51,12.157,0,,,,,,,,,,,0.0,,
2026-09-26T22:34:10.116,271.573,0,818.5,33,,97.219,20.392,-3.0,0.0,1.009,1.03,0.012,4300,14.51,12.157,0,,,,,,,,,,,,21.176,
2026-09-26T22:34:10.246,271.704,0,802.25,32,,97.219,20.0,-2.0,0.0,1.008,1.021,0.0,3970,14.51,12.157,0,,,,,,,,,,,,,306
2026-09-26T22:34:10.376,271.834,0,784.0,32,,97.219,20.0,0.5,0.0,1.007,1.015,-0.004,3800,14.51,12.549,0,106,,,,,,,,,,,,
2026-09-26T22:34:10.506,271.964,0,777.5,32,,97.219,21.176,-2.0,0.0,1.006,1.019,0.0,3720,14.51,12.157,0,,35,,,,,,,,,,,
2026-09-26T22:34:10.636,272.093,0,781.75,33,,97.219,20.392,-4.0,0.0,1.005,1.028,0.008,3650,14.51,11.765,0,,,10.156,,,,,,,,,,
2026-09-26T22:34:10.766,272.224,0,784.25,32,,97.219,18.824,-3.5,0.0,1.005,1.035,0.016,3560,14.51,11.765,0,,,,14.394,,,,,,,,,
2026-09-26T22:34:10.896,272.353,0,785.5,30,,97.219,18.039,1.5,0.781,1.005,1.04,0.023,3430,14.51,11.765,0,,,,,97,,,,,,,,
2026-09-26T22:34:11.026,272.484,0,790.5,29,,97.219,17.647,2.0,0.781,1.005,1.037,0.02,3380,14.51,11.765,0,,,,,,20,,,,,,,
2026-09-26T22:34:11.157,272.614,0,787.25,29,,97.219,17.255,2.5,0.781,1.005,1.032,0.012,3350,14.51,11.765,0,,,,,,,100.0,,,,,,
2026-09-26T22:34:11.290,272.747,0,782.75,28,,97.219,17.255,3.5,0.0,1.005,1.014,-0.008,3310,14.51,12.157,0,,,,,,,,527.4,,,,,
2026-09-26T22:34:11.416,272.873,0,783.25,29,,97.219,17.255,3.5,0.0,1.005,0.994,-0.035,3340,14.51,11.765,0,,,,,,,,,0.895,,,,
2026-09-26T22:34:11.546,273.003,0,787.75,29,,97.219,18.039,1.0,-0.781,1.005,0.985,-0.059,3400,14.51,11.765,0,,,,,,,,,,,0.0,,
2026-09-26T22:34:11.676,273.134,0,781.5,29,,97.219,17.255,3.0,-0.781,1.005,0.985,-0.059,3410,14.51,12.157,0,,,,,,,,,,,,18.039,
2026-09-26T22:34:11.806,273.264,0,782.25,29,,97.219,17.255,3.5,-0.781,1.005,0.982,-0.066,3430,14.51,12.157,0,,,,,,,,,,,,,308
2026-09-26T22:34:11.936,273.393,0,780.5,29,,97.219,18.039,3.5,-0.781,1.005,0.98,-0.07,3480,14.51,12.157,0,105,,,,,,,,,,,,
2026-09-26T22:34:12.066,273.524,0,773.75,29,,97.219,17.647,3.5,-1.562,1.005,0.981,-0.066,3510,14.51,11.765,0,,35,,,,,,,,,,,
2026-09-26T22:34:12.196,273.653,0,785.25,30,,97.219,18.039,1.0,-1.562,1.005,0.983,-0.062,3550,14.51,11.765,0,,,10.156,,,,,,,,,,
2026-09-26T22:34:12.327,273.784,0,790.75,30,,97.219,17.647,0.5,-1.562,1.005,0.984,-0.062,3550,14.51,11.765,0,,,,14.296,,,,,,,,,
2026-09-26T22:34:12.456,273.913,0,785.0,29,,97.219,17.255,2.5,-1.562,1.005,0.988,-0.051,3540,14.51,11.765,0,,,,,97,,,,,,,,
2026-09-26T22:34:12.588,274.045,0,779.75,29,,97.219,17.255,4.5,-1.562,1.005,0.99,-0.043,3530,14.51,12.157,0,,,,,,20,,,,,,,
