time,elapsed_s,clock_ok,rpm,map_kpa,boost_cmd_kpa,boost_act_kpa,load_pct,timing_deg,stft_pct,lambda_cmd,lambda,o2s1_ma,rail_kpa,pedal_pct,throttle_pct,speed_kph,coolant_c,iat_c,ltft_pct,volts,baro_kpa,ambient_c,fuel_pct,cat_temp_c,o2s2_v,o2s2_trim_pct,lt_o2s2_trim_pct,abs_load_pct,run_time_s
2026-09-28T16:23:23.123,0.126,0,798.5,39,,96.812,24.706,-5.5,-7.812,1.0,0.941,-0.16,5880,14.51,12.941,0,97,,,,,,,,,,,,
2026-09-28T16:23:23.254,0.257,0,803.5,39,,96.75,24.706,-6.5,-7.812,1.0,0.943,-0.156,5950,14.51,12.941,0,,53,,,,,,,,,,,
2026-09-28T16:23:23.383,0.386,0,806.25,39,,96.75,24.706,-5.5,-7.812,1.0,0.948,-0.145,5970,14.51,12.941,0,,,4.688,,,,,,,,,,
2026-09-28T16:23:23.514,0.517,0,804.0,39,,96.75,24.706,-4.0,-7.812,1.0,0.959,-0.121,5980,14.51,12.549,0,,,,13.906,,,,,,,,,
2026-09-28T16:23:23.644,0.647,0,791.5,39,,96.75,24.706,-5.5,-7.812,1.0,0.966,-0.105,5960,14.51,12.549,0,,,,,97,,,,,,,,
2026-09-28T16:23:23.775,0.778,0,795.5,39,,96.781,24.706,-5.5,-7.812,1.0,0.97,-0.098,5940,14.51,12.549,0,,,,,,24,,,,,,,
2026-09-28T16:23:23.904,0.907,0,801.25,38,,96.75,24.314,-2.5,-7.812,1.0,0.976,-0.086,5860,14.51,12.549,0,,,,,,,78.824,,,,,,
2026-09-28T16:23:24.034,1.037,0,797.75,39,,96.812,24.314,-3.5,-7.812,1.0,0.98,-0.07,5750,14.51,12.549,0,,,,,,,,397.0,,,,,
2026-09-28T16:23:24.163,1.166,0,793.0,38,,96.781,24.314,-4.0,-7.812,1.0,0.984,-0.059,5710,14.51,12.549,0,,,,,,,,,1.275,,,,
2026-09-28T16:23:24.294,1.298,0,789.25,39,,96.75,24.314,-2.5,-7.812,1.0,0.985,-0.059,5760,14.51,12.941,0,,,,,,,,,,,0.781,,
2026-09-28T16:23:24.423,1.426,0,799.25,39,,96.688,24.706,-4.5,-7.812,1.0,0.986,-0.055,5760,14.51,12.941,0,,,,,,,,,,,,25.49,
2026-09-28T16:23:24.554,1.557,0,791.5,39,,96.781,24.706,0.5,-7.812,1.0,0.987,-0.051,5820,14.51,13.333,0,,,,,,,,,,,,,36
2026-09-28T16:23:24.683,1.686,0,807.0,41,,96.625,27.451,9.5,-7.812,1.0,0.99,-0.043,6020,14.51,14.51,0,98,,,,,,,,,,,,
2026-09-28T16:23:24.815,1.818,0,858.0,45,,96.562,33.725,-2.0,-7.812,1.0,0.993,-0.035,6430,14.51,14.118,0,,53,,,,,,,,,,,
2026-09-28T16:23:24.943,1.946,0,927.25,49,,96.594,30.196,-5.5,-7.812,1.0,0.992,-0.039,7000,14.51,14.51,0,,,3.125,,,,,,,,,,
2026-09-28T16:23:25.075,2.078,0,913.75,48,,96.625,30.196,-0.5,-7.812,1.0,0.993,-0.039,7710,14.51,15.294,0,,,,13.867,,,,,,,,,
2026-09-28T16:23:25.203,2.206,0,866.75,51,,96.562,34.51,1.5,-7.812,1.0,0.996,-0.031,8350,14.51,15.294,0,,,,,97,,,,,,,,
2026-09-28T16:23:25.334,2.337,0,817.0,57,,96.562,41.961,-0.5,-7.812,1.0,1.002,-0.02,8850,14.51,14.51,1,,,,,,24,,,,,,,
2026-09-28T16:23:25.463,2.466,0,818.75,59,,96.75,39.216,-10.0,-7.031,1.0,1.021,0.0,9490,14.51,12.941,1,,,,,,,78.824,,,,,,
2026-09-28T16:23:25.594,2.597,0,867.5,55,,96.906,32.549,-10.0,-6.25,1.001,1.023,0.004,10170,14.51,13.333,1,,,,,,,,395.2,,,,,
2026-09-28T16:23:25.723,2.726,0,870.0,49,,96.906,29.412,-6.5,-7.031,1.001,1.011,-0.008,10290,14.51,13.333,1,,,,,,,,,1.275,,,,
2026-09-28T16:23:25.854,2.857,0,864.0,46,,96.906,29.02,-5.5,-7.031,1.0,1.0,-0.02,10080,14.51,13.725,1,,,,,,,,,,,0.781,,
2026-09-28T16:23:25.983,2.986,0,862.0,46,,96.906,29.02,-4.5,-7.031,1.0,1.011,-0.008,9700,14.51,13.725,2,,,,,,,,,,,,30.588,
2026-09-28T16:23:26.114,3.117,0,855.25,45,,96.906,29.02,-4.0,-6.25,0.999,1.024,0.004,9420,14.51,13.333,2,,,,,,,,,,,,,38
2026-09-28T16:23:26.243,3.246,0,853.25,45,,96.906,28.627,-4.0,-5.469,0.999,1.034,0.016,9040,14.51,13.333,2,98,,,,,,,,,,,,
2026-09-28T16:23:26.375,3.378,0,850.25,44,,96.906,28.235,-2.5,-4.688,0.999,1.037,0.02,8710,14.51,13.333,2,,53,,,,,,,,,,,
2026-09-28T16:23:26.503,3.507,0,850.0,44,,96.906,27.843,-3.5,-4.688,0.999,1.037,0.02,8440,14.51,13.333,2,,,3.906,,,,,,,,,,
2026-09-28T16:23:26.634,3.637,0,848.25,44,,96.906,28.235,-3.5,-3.906,0.999,1.033,0.016,8280,14.51,13.333,2,,,,13.984,,,,,,,,,
2026-09-28T16:23:26.763,3.766,0,853.25,44,,96.906,27.843,-3.5,-3.906,0.999,1.027,0.008,8050,14.51,13.333,2,,,,,97,,,,,,,,
2026-09-28T16:23:26.894,3.897,0,856.0,44,,96.906,27.843,-2.5,-4.688,0.999,1.019,0.0,7780,14.51,13.333,2,,,,,,24,,,,,,,
2026-09-28T16:23:27.023,4.026,0,857.5,44,,96.906,27.843,-3.0,-4.688,0.999,1.011,-0.008,7610,14.51,13.333,2,,,,,,,78.824,,,,,,
2026-09-28T16:23:27.154,4.157,0,858.5,44,,96.906,27.843,-4.5,-4.688,0.999,1.01,-0.012,7510,14.51,13.333,2,,,,,,,,393.7,,,,,
2026-09-28T16:23:27.283,4.286,0,862.75,44,,96.906,28.235,-4.0,-4.688,0.999,1.0,-0.02,7550,14.51,13.333,2,,,,,,,,,1.275,,,,
2026-09-28T16:23:27.415,4.418,0,870.75,44,,96.906,27.843,-4.5,-4.688,0.999,0.996,-0.031,7560,14.51,13.333,2,,,,,,,,,,,0.781,,
2026-09-28T16:23:27.544,4.547,0,871.5,43,,96.906,27.059,-4.0,-5.469,0.999,0.992,-0.039,7540,14.51,13.333,2,,,,,,,,,,,,28.627,
2026-09-28T16:23:27.676,4.68,0,866.5,43,,96.906,26.667,-3.5,-5.469,0.999,0.996,-0.031,7430,14.51,13.333,2,,,,,,,,,,,,,40
2026-09-28T16:23:27.803,4.806,0,855.75,43,,96.906,27.451,-3.5,-4.688,0.999,1.008,-0.012,7380,14.51,13.333,2,98,,,,,,,,,,,,
2026-09-28T16:23:27.934,4.937,0,857.5,43,,96.906,27.451,-4.0,-3.906,0.999,1.014,-0.008,7460,14.51,13.333,2,,53,,,,,,,,,,,
2026-09-28T16:23:28.063,5.066,0,857.0,44,,96.906,27.451,-4.0,-4.688,0.999,1.008,-0.012,7520,14.51,13.333,2,,,3.906,,,,,,,,,,
2026-09-28T16:23:28.203,5.206,0,851.0,44,,96.906,27.843,-4.0,-4.688,0.999,0.999,-0.023,7640,14.51,13.333,2,,,,13.964,,,,,,,,,
2026-09-28T16:23:28.334,5.337,0,847.0,43,,96.906,27.843,-1.0,-4.688,0.999,0.993,-0.035,7730,14.51,13.333,2,,,,,97,,,,,,,,
2026-09-28T16:23:28.463,5.466,0,850.0,44,,96.906,28.627,-1.0,-5.469,0.999,0.99,-0.043,7790,14.51,14.118,2,,,,,,24,,,,,,,
2026-09-28T16:23:28.594,5.597,0,868.0,46,,96.906,29.804,-3.5,-4.688,0.999,0.996,-0.031,8030,14.51,13.725,2,,,,,,,78.824,,,,,,
2026-09-28T16:23:28.723,5.726,0,887.25,47,,96.906,29.412,-4.5,-4.688,0.999,0.999,-0.023,8450,14.51,13.725,2,,,,,,,,392.7,,,,,
2026-09-28T16:23:28.854,5.857,0,897.25,46,,96.906,29.02,-4.0,-4.688,0.999,0.996,-0.031,8660,14.51,13.725,3,,,,,,,,,1.275,,,,
2026-09-28T16:23:28.983,5.986,0,903.5,46,,96.906,29.412,-4.0,-5.469,0.999,0.987,-0.055,8800,14.51,13.725,3,,,,,,,,,,,0.781,,
2026-09-28T16:23:29.114,6.117,0,897.0,45,,96.906,28.627,-3.0,-5.469,0.999,0.983,-0.062,8780,14.51,14.118,3,,,,,,,,,,,,30.98,
2026-09-28T16:23:29.243,6.246,0,895.0,46,,96.906,29.804,-3.0,-5.469,0.999,0.985,-0.059,8660,14.51,14.118,3,,,,,,,,,,,,,41
2026-09-28T16:23:29.375,6.378,0,888.0,47,,96.906,29.804,-4.0,-5.469,0.999,0.992,-0.039,8760,14.51,13.725,3,99,,,,,,,,,,,,
2026-09-28T16:23:29.503,6.506,0,886.75,48,,96.969,30.196,-3.0,-5.469,0.999,0.992,-0.039,8880,14.51,13.725,3,,53,,,,,,,,,,,
2026-09-28T16:23:29.634,6.637,0,889.5,47,,96.906,30.196,-3.5,-5.469,0.999,0.991,-0.043,8970,14.51,13.725,3,,,3.906,,,,,,,,,,
2026-09-28T16:23:29.763,6.766,0,889.25,46,,96.906,29.02,-3.5,-5.469,0.999,0.988,-0.051,9060,14.51,14.118,3,,,,13.984,,,,,,,,,
2026-09-28T16:23:29.894,6.897,0,882.0,46,,96.906,29.02,-3.0,-6.25,0.999,0.988,-0.051,8860,14.51,13.725,3,,,,,97,,,,,,,,
2026-09-28T16:23:30.023,7.026,0,876.5,46,,96.906,29.804,-4.5,-5.469,0.999,0.998,-0.023,8790,14.51,13.725,4,,,,,,24,,,,,,,
2026-09-28T16:23:30.154,7.157,0,873.5,47,,96.906,29.804,-4.0,-5.469,0.999,1.0,-0.02,8770,14.51,13.725,4,,,,,,,78.824,,,,,,
2026-09-28T16:23:30.284,7.287,0,873.75,48,,96.969,30.588,-4.0,-5.469,0.999,0.996,-0.027,8850,14.51,13.725,4,,,,,,,,391.5,,,,,
2026-09-28T16:23:30.415,7.418,0,872.75,46,,96.906,29.804,-4.0,-5.469,0.999,0.992,-0.039,8820,14.51,13.725,4,,,,,,,,,1.275,,,,
2026-09-28T16:23:30.543,7.546,0,867.5,46,,96.906,29.412,-3.5,-6.25,0.999,0.991,-0.043,8740,14.51,13.725,4,,,,,,,,,,,0.781,,
2026-09-28T16:23:30.677,7.68,0,862.0,46,,96.906,29.804,-4.0,-5.469,0.999,0.995,-0.031,8660,14.51,13.725,4,,,,,,,,,,,,31.765,
2026-09-28T16:23:30.803,7.806,0,857.0,46,,96.906,29.804,-3.5,-5.469,0.999,0.996,-0.027,8610,14.51,13.333,4,,,,,,,,,,,,,43
2026-09-28T16:23:30.934,7.937,0,854.5,46,,96.906,29.02,-2.0,-5.469,0.999,0.997,-0.027,8420,14.51,13.725,4,99,,,,,,,,,,,,
2026-09-28T16:23:31.063,8.066,0,847.5,46,,96.906,30.588,-3.5,-5.469,0.999,0.997,-0.027,8360,14.51,13.333,4,,53,,,,,,,,,,,
2026-09-28T16:23:31.194,8.197,0,843.75,45,,96.938,29.02,-2.0,-5.469,0.999,0.999,-0.02,8320,14.51,13.333,4,,,3.906,,,,,,,,,,
2026-09-28T16:23:31.323,8.326,0,841.5,45,,96.938,29.02,-2.0,-5.469,0.999,1.0,-0.02,8180,14.51,13.333,4,,,,13.925,,,,,,,,,
2026-09-28T16:23:31.454,8.457,0,838.75,45,,96.906,28.627,-1.0,-5.469,0.999,1.006,-0.016,8050,14.51,13.333,5,,,,,97,,,,,,,,
2026-09-28T16:23:31.583,8.586,0,833.25,44,,96.906,29.02,-1.0,-4.688,0.999,1.012,-0.008,7920,14.51,13.333,5,,,,,,24,,,,,,,
2026-09-28T16:23:31.714,8.718,0,827.0,44,,96.906,28.627,-1.0,-4.688,0.999,1.013,-0.008,7770,14.51,13.333,5,,,,,,,78.824,,,,,,
2026-09-28T16:23:31.843,8.846,0,821.75,44,,96.906,27.843,0.0,-4.688,0.999,1.015,-0.004,7640,14.51,13.333,5,,,,,,,,390.5,,,,,
2026-09-28T16:23:31.975,8.979,0,826.25,43,,96.906,27.843,-0.5,-4.688,0.999,1.014,-0.008,7460,14.51,13.333,5,,,,,,,,,1.275,,,,
2026-09-28T16:23:32.103,9.106,0,826.75,43,,96.906,27.843,0.0,-4.688,0.999,1.014,-0.008,7340,14.51,13.333,5,,,,,,,,,,,0.781,,
2026-09-28T16:23:32.234,9.237,0,826.0,43,,96.906,27.451,-2.0,-3.906,0.999,1.014,-0.008,7270,14.51,12.941,5,,,,,,,,,,,,28.235,
2026-09-28T16:23:32.363,9.366,0,823.0,43,,96.906,27.059,-1.0,-4.688,0.999,1.005,-0.016,7130,14.51,12.941,5,,,,,,,,,,,,,44
2026-09-28T16:23:32.494,9.497,0,827.0,42,,96.906,27.059,-3.0,-4.688,0.999,0.999,-0.023,7010,14.51,12.549,5,99,,,,,,,,,,,,
2026-09-28T16:23:32.623,9.626,0,817.0,42,,96.906,25.098,-2.5,-4.688,0.999,0.999,-0.023,6890,14.51,12.549,5,,53,,,,,,,,,,,
2026-09-28T16:23:32.754,9.757,0,820.5,39,,96.906,24.706,-2.0,-4.688,0.999,1.003,-0.016,6720,14.51,12.549,5,,,5.469,,,,,,,,,,
2026-09-28T16:23:32.883,9.886,0,822.25,38,,96.906,23.922,0.5,-4.688,0.999,1.01,-0.012,6390,14.51,13.333,5,,,,13.906,,,,,,,,,
2026-09-28T16:23:33.015,10.018,0,822.0,38,,96.906,23.529,-1.5,-3.906,1.0,1.01,-0.012,6140,14.51,12.549,5,,,,,97,,,,,,,,
2026-09-28T16:23:33.143,10.146,0,822.0,39,,96.906,24.314,-1.0,-3.906,1.0,1.013,-0.008,5890,14.51,12.549,4,,,,,,24,,,,,,,
2026-09-28T16:23:33.283,10.286,0,823.25,38,,96.906,24.314,0.0,-3.906,1.0,1.013,-0.008,5630,14.51,12.549,4,,,,,,,78.824,,,,,,
2026-09-28T16:23:33.415,10.418,0,826.0,38,,96.906,23.922,0.0,-3.906,1.0,1.01,-0.012,5470,14.51,12.941,4,,,,,,,,390.1,,,,,
2026-09-28T16:23:33.543,10.546,0,826.5,39,,96.906,24.706,-1.0,-3.906,1.0,1.005,-0.016,5350,14.51,12.549,4,,,,,,,,,1.275,,,,
2026-09-28T16:23:33.677,10.68,0,828.25,39,,96.906,24.314,-1.0,-3.906,1.0,1.002,-0.02,5380,14.51,12.549,3,,,,,,,,,,,0.781,,
2026-09-28T16:23:33.803,10.806,0,833.0,38,,96.906,23.922,-5.5,-4.688,1.0,0.995,-0.031,5480,14.51,12.549,3,,,,,,,,,,,,24.706,
2026-09-28T16:23:33.934,10.937,0,823.5,38,,96.906,22.745,-2.5,-4.688,1.0,0.987,-0.055,5480,14.51,12.549,3,,,,,,,,,,,,,46
2026-09-28T16:23:34.063,11.066,0,818.75,36,,96.906,22.745,-1.5,-4.688,1.0,0.981,-0.07,5360,14.51,12.549,2,100,,,,,,,,,,,,
2026-09-28T16:23:34.194,11.197,0,808.0,36,,96.906,22.353,-2.0,-5.469,1.0,0.978,-0.078,5080,14.51,12.549,2,,53,,,,,,,,,,,
2026-09-28T16:23:34.323,11.326,0,794.5,36,,96.906,23.137,-3.0,-5.469,1.0,0.979,-0.074,4940,14.51,12.549,1,,,5.469,,,,,,,,,,
2026-09-28T16:23:34.454,11.457,0,780.25,37,,96.906,22.745,0.5,-5.469,1.0,0.982,-0.066,4810,14.51,12.549,1,,,,13.828,,,,,,,,,
2026-09-28T16:23:34.583,11.586,0,779.0,37,,96.875,23.529,-1.5,-5.469,1.0,0.985,-0.059,4830,14.51,12.549,1,,,,,97,,,,,,,,
2026-09-28T16:23:34.714,11.718,0,777.5,38,,96.875,24.314,4.0,-5.469,1.0,0.984,-0.062,5010,14.51,14.118,0,,,,,,24,,,,,,,
2026-09-28T16:23:34.843,11.846,0,791.75,42,,96.656,29.02,0.0,-5.469,1.0,0.984,-0.062,5290,14.51,12.549,0,,,,,,,78.824,,,,,,
2026-09-28T16:23:34.975,11.979,0,824.25,42,,96.812,26.275,-6.5,-5.469,1.0,0.986,-0.055,5770,14.51,12.549,0,,,,,,,,390.0,,,,,
2026-09-28T16:23:35.103,12.107,0,858.25,40,,96.875,25.098,-8.5,-5.469,1.0,0.986,-0.055,6070,14.51,12.549,0,,,,,,,,,1.275,,,,
2026-09-28T16:23:35.234,12.237,0,855.0,37,,96.906,21.961,-6.5,-6.25,1.0,0.98,-0.07,6080,14.51,12.157,0,,,,,,,,,,,0.781,,
2026-09-28T16:23:35.363,12.366,0,849.75,35,,96.875,21.176,-5.0,-6.25,1.0,0.979,-0.074,5850,14.51,12.157,0,,,,,,,,,,,,21.961,
2026-09-28T16:23:35.494,12.497,0,844.5,34,,96.875,20.784,-1.0,-6.25,1.0,0.977,-0.082,5610,14.51,12.549,0,,,,,,,,,,,,,47
2026-09-28T16:23:35.623,12.626,0,843.5,38,,96.656,23.137,-4.0,-7.031,1.0,0.971,-0.094,5500,14.51,12.549,0,100,,,,,,,,,,,,
2026-09-28T16:23:35.754,12.757,0,858.25,37,,96.844,23.137,-2.5,-7.031,1.0,0.982,-0.066,5390,14.51,13.333,0,,53,,,,,,,,,,,
2026-09-28T16:23:35.884,12.887,0,875.0,39,,96.844,24.706,0.5,-6.25,1.0,0.997,-0.027,5540,14.51,13.333,0,,,4.688,,,,,,,,,,
2026-09-28T16:23:36.015,13.018,0,904.25,43,,96.719,27.059,-5.0,-5.469,1.0,1.014,-0.008,5990,14.51,13.333,0,,,,13.75,,,,,,,,,
2026-09-28T16:23:36.143,13.147,0,914.0,42,,96.719,25.49,-2.0,-5.469,1.0,1.01,-0.012,6350,14.51,13.725,0,,,,,97,,,,,,,,
2026-09-28T16:23:36.276,13.279,0,855.75,42,,96.625,27.451,6.5,-6.25,1.0,0.998,-0.023,6830,14.51,14.902,0,,,,,,24,,,,,,,
2026-09-28T16:23:36.403,13.407,0,784.75,48,,96.688,32.941,7.5,-6.25,0.999,0.996,-0.031,7240,14.51,15.294,0,,,,,,,78.824,,,,,,
2026-09-28T16:23:36.534,13.537,0,762.0,56,,96.562,43.137,1.0,-6.25,0.999,1.003,-0.016,7840,14.51,14.118,0,,,,,,,,389.3,,,,,
2026-09-28T16:23:36.663,13.666,0,817.25,59,,96.75,39.216,-6.5,-5.469,1.0,1.018,-0.004,8420,14.902,13.725,1,,,,,,,,,1.275,,,,
2026-09-28T16:23:36.794,13.797,0,868.0,57,,96.875,36.471,-8.0,-4.688,1.0,1.017,-0.004,9250,15.686,13.725,1,,,,,,,,,,,0.781,,
2026-09-28T16:23:36.923,13.926,0,876.0,53,,96.906,32.941,-6.0,-5.469,1.001,0.999,-0.023,9970,16.863,13.725,1,,,,,,,,,,,,35.294,
2026-09-28T16:23:37.054,14.057,0,867.5,49,,96.875,31.765,-1.5,-6.25,1.0,0.99,-0.043,10480,19.608,14.118,1,,,,,,,,,,,,,49
2026-09-28T16:23:37.184,14.187,0,855.75,52,,96.906,33.725,4.0,-6.25,1.0,0.992,-0.039,10630,21.176,14.902,2,100,,,,,,,,,,,,
2026-09-28T16:23:37.314,14.317,0,847.25,54,,96.906,35.686,6.0,-5.469,1.0,0.997,-0.027,10960,21.569,14.902,2,,54,,,,,,,,,,,
2026-09-28T16:23:37.443,14.446,0,854.0,59,,96.844,39.608,-2.0,-5.469,1.0,1.009,-0.012,11440,21.569,14.51,2,,,3.125,,,,,,,,,,
2026-09-28T16:23:37.575,14.579,0,875.75,59,,96.906,38.824,-2.0,-4.688,1.0,1.026,0.008,11980,21.961,14.51,3,,,,13.886,,,,,,,,,
2026-09-28T16:23:37.703,14.706,0,912.0,58,,96.906,38.824,-4.5,-4.688,1.001,1.017,-0.004,12590,21.961,14.51,3,,,,,97,,,,,,,,
2026-09-28T16:23:37.834,14.837,0,937.0,57,,96.969,34.51,-3.5,-4.688,1.001,0.996,-0.031,12780,22.353,14.51,4,,,,,,23,,,,,,,
2026-09-28T16:23:37.963,14.966,0,955.0,52,,97.062,33.725,1.5,-5.469,1.001,0.991,-0.043,12580,23.137,14.51,4,,,,,,,78.824,,,,,,
2026-09-28T16:23:38.094,15.097,0,978.25,53,,97.062,34.51,1.0,-5.469,1.0,0.992,-0.039,12270,24.314,15.294,4,,,,,,,,388.3,,,,,
2026-09-28T16:23:38.223,15.226,0,1014.75,52,,97.188,33.333,0.0,-5.469,1.0,0.994,-0.035,11870,24.706,14.51,5,,,,,,,,,1.275,,,,
2026-09-28T16:23:38.363,15.366,0,1044.0,52,,97.219,31.373,0.0,-6.25,1.0,0.991,-0.043,11880,24.706,14.51,5,,,,,,,,,,,0.781,,
2026-09-28T16:23:38.494,15.497,0,1058.0,50,,97.219,29.412,3.0,-6.25,1.0,0.986,-0.055,11590,25.098,14.51,5,,,,,,,,,,,,34.902,
2026-09-28T16:23:38.623,15.627,0,1060.25,49,,97.219,28.627,3.5,-6.25,1.0,0.99,-0.043,11130,25.098,14.51,6,,,,,,,,,,,,,50
2026-09-28T16:23:38.753,15.757,0,1057.0,48,,97.219,28.627,6.0,-6.25,1.0,0.998,-0.023,10750,25.49,14.902,6,101,,,,,,,,,,,,
2026-09-28T16:23:38.883,15.886,0,1061.25,48,,97.219,28.627,8.0,-5.469,1.0,0.998,-0.023,10280,26.275,15.294,6,,53,,,,,,,,,,,
2026-09-28T16:23:39.014,16.017,0,1059.5,50,,97.219,29.804,8.5,-6.25,1.0,0.991,-0.043,10270,26.667,15.294,7,,,2.344,,,,,,,,,,
2026-09-28T16:23:39.143,16.146,0,1060.0,52,,97.219,31.373,6.5,-6.25,1.0,0.988,-0.051,10740,27.059,15.294,7,,,,13.847,,,,,,,,,
2026-09-28T16:23:39.275,16.279,0,1060.0,54,,97.219,32.941,5.0,-6.25,1.0,0.991,-0.043,11420,27.059,15.294,7,,,,,97,,,,,,,,
2026-09-28T16:23:39.403,16.406,0,1072.75,54,,97.25,32.157,6.5,-6.25,1.0,0.99,-0.043,11810,26.667,15.294,8,,,,,,23,,,,,,,
2026-09-28T16:23:39.534,16.537,0,1090.75,54,,97.344,30.98,6.5,-7.031,1.0,0.989,-0.047,12000,26.667,15.294,8,,,,,,,78.824,,,,,,
2026-09-28T16:23:39.663,16.666,0,1104.75,52,,97.375,29.804,10.5,-7.031,1.0,0.992,-0.043,11870,26.667,15.294,9,,,,,,,,387.1,,,,,
2026-09-28T16:23:39.794,16.798,0,1118.25,52,,97.5,29.02,11.0,-6.25,1.0,0.998,-0.023,11440,26.667,15.294,9,,,,,,,,,1.275,,,,
2026-09-28T16:23:39.923,16.927,0,1122.25,51,,97.5,28.235,11.0,-6.25,1.0,1.005,-0.016,10980,26.667,15.294,9,,,,,,,,,,,0.781,,
2026-09-28T16:23:40.054,17.057,0,1130.5,50,,97.531,27.843,11.0,-6.25,1.0,1.008,-0.012,10710,26.667,15.686,10,,,,,,,,,,,,36.078,
2026-09-28T16:23:40.183,17.186,0,1164.25,50,,97.5,27.059,12.0,-6.25,1.0,0.997,-0.027,10560,26.667,15.294,10,,,,,,,,,,,,,52
2026-09-28T16:23:40.314,17.317,0,1218.75,50,,97.531,26.667,12.5,-6.25,1.0,0.995,-0.031,10770,26.667,15.294,10,101,,,,,,,,,,,,
2026-09-28T16:23:40.443,17.446,0,1253.25,50,,97.531,23.922,13.0,-6.25,1.0,0.996,-0.031,10820,26.667,15.686,11,,53,,,,,,,,,,,
2026-09-28T16:23:40.575,17.578,0,1295.0,50,,97.531,23.137,14.0,-6.25,1.0,1.005,-0.016,10670,26.275,15.686,11,,,2.344,,,,,,,,,,
2026-09-28T16:23:40.704,17.707,0,1317.5,51,,97.531,22.745,14.0,-6.25,1.0,1.008,-0.012,10730,26.275,15.686,11,,,,13.886,,,,,,,,,
2026-09-28T16:23:40.833,17.836,0,1318.0,50,,97.531,21.176,14.0,-5.469,1.0,1.012,-0.008,10500,25.882,15.686,11,,,,,97,,,,,,,,
2026-09-28T16:23:40.963,17.966,0,1344.25,50,,97.531,20.784,14.0,-5.469,1.0,1.009,-0.012,10050,25.882,15.294,11,,,,,,23,,,,,,,
2026-09-28T16:23:41.095,18.098,0,1329.0,50,,97.531,20.784,-12.0,-4.688,1.0,1.021,0.0,9810,25.882,14.902,12,,,,,,,78.824,,,,,,
2026-09-28T16:23:41.224,18.227,0,1173.25,49,,97.531,25.098,-11.5,-5.469,1.0,1.007,-0.012,9870,25.882,14.902,12,,,,,,,,386.5,,,,,
2026-09-28T16:23:41.354,18.358,0,1029.75,50,,97.75,29.804,-5.5,-5.469,1.0,0.999,-0.023,9860,25.882,14.902,12,,,,,,,,,1.275,,,,
2026-09-28T16:23:41.483,18.486,0,980.25,52,,97.75,33.725,0.5,-5.469,1.0,0.995,-0.035,10260,26.275,14.902,12,,,,,,,,,,,0.781,,
2026-09-28T16:23:41.614,18.617,0,942.5,54,,97.75,35.686,4.5,-5.469,1.0,0.995,-0.031,10850,26.275,14.902,13,,,,,,,,,,,,40.0,
2026-09-28T16:23:41.743,18.746,0,915.25,58,,97.625,38.039,0.5,-5.469,1.0,0.996,-0.031,11460,26.275,14.902,13,,,,,,,,,,,,,54
2026-09-28T16:23:41.875,18.878,0,937.75,58,,97.625,38.431,-1.0,-5.469,1.001,0.999,-0.023,12320,26.275,14.902,13,101,,,,,,,,,,,,
2026-09-28T16:23:42.003,19.006,0,960.5,58,,97.656,37.255,0.0,-5.469,1.001,0.993,-0.039,12800,26.275,14.902,13,,53,,,,,,,,,,,
2026-09-28T16:23:42.133,19.137,0,985.75,57,,97.688,36.471,-1.0,-6.25,1.001,0.986,-0.055,12940,26.275,14.902,13,,,2.344,,,,,,,,,,
2026-09-28T16:23:42.263,19.266,0,1014.0,56,,97.656,35.686,-0.5,-6.25,1.001,0.987,-0.055,12690,26.275,14.902,14,,,,13.75,,,,,,,,,
2026-09-28T16:23:42.393,19.396,0,1027.5,55,,97.844,34.118,-1.0,-6.25,1.001,0.989,-0.047,12350,25.882,14.51,14,,,,,97,,,,,,,,
2026-09-28T16:23:42.523,19.527,0,1036.5,53,,97.875,31.373,1.5,-6.25,1.001,0.992,-0.039,11890,25.49,14.902,14,,,,,,23,,,,,,,
2026-09-28T16:23:42.653,19.656,0,1047.25,51,,97.875,30.588,-2.5,-6.25,1.0,0.999,-0.023,11480,23.137,13.725,14,,,,,,,78.824,,,,,,
2026-09-28T16:23:42.783,19.787,0,1052.25,49,,97.875,28.235,-5.5,-6.25,1.0,0.996,-0.027,11060,17.255,11.765,14,,,,,,,,385.7,,,,,
2026-09-28T16:23:42.914,19.917,0,1060.75,41,,97.938,23.137,-4.0,-6.25,1.0,0.992,-0.039,10710,14.51,11.765,14,,,,,,,,,1.275,,,,
2026-09-28T16:23:43.043,20.047,0,1049.75,28,,97.875,14.51,-3.0,-7.031,1.0,0.987,-0.051,10370,14.51,12.157,14,,,,,,,,,,,0.781,,
2026-09-28T16:23:43.177,20.18,0,1001.5,25,,97.844,13.333,9.5,-7.031,1.0,0.981,-0.07,10150,14.51,12.549,14,,,,,,,,,,,,15.686,
2026-09-28T16:23:43.303,20.306,0,958.5,25,,97.812,14.118,6.5,-6.25,1.0,1.024,0.004,9860,14.51,12.549,14,,,,,,,,,,,,,55
2026-09-28T16:23:43.443,20.446,0,940.5,29,,97.562,16.078,5.0,-3.906,1.001,1.065,0.051,9480,14.51,12.549,14,102,,,,,,,,,,,,
2026-09-28T16:23:43.575,20.578,0,954.5,29,,97.531,16.471,1.5,-3.125,1.001,1.05,0.035,9000,14.51,12.157,14,,52,,,,,,,,,,,
2026-09-28T16:23:43.703,20.706,0,969.0,28,,97.531,15.294,3.5,-4.688,1.001,1.012,-0.008,8660,14.51,12.157,13,,,7.812,,,,,,,,,,
2026-09-28T16:23:43.834,20.837,0,966.5,27,,97.5,13.725,5.0,-5.469,1.001,0.982,-0.066,8360,14.51,12.157,13,,,,13.906,,,,,,,,,
2026-09-28T16:23:43.963,20.966,0,944.25,26,,97.344,14.118,6.0,-7.031,1.001,0.972,-0.094,8080,14.51,12.549,13,,,,,97,,,,,,,,
2026-09-28T16:23:44.094,21.098,0,922.75,27,,97.219,14.902,1.5,-6.25,1.001,0.988,-0.051,7740,14.51,12.157,13,,,,,,23,,,,,,,
2026-09-28T16:23:44.223,21.226,0,914.75,29,,97.25,16.078,2.0,-6.25,1.001,0.994,-0.035,7410,14.51,12.549,13,,,,,,,78.824,,,,,,
2026-09-28T16:23:44.353,21.356,0,908.75,29,,97.219,16.863,0.5,-6.25,1.001,0.997,-0.027,7070,14.51,12.157,13,,,,,,,,386.2,,,,,
2026-09-28T16:23:44.484,21.487,0,910.5,29,,97.219,16.078,1.5,-5.469,1.001,1.009,-0.012,6750,14.51,12.157,13,,,,,,,,,1.275,,,,
2026-09-28T16:23:44.613,21.617,0,909.25,28,,97.219,16.078,2.0,-4.688,1.001,1.025,0.004,6440,14.51,12.549,13,,,,,,,,,,,0.781,,
2026-09-28T16:23:44.743,21.746,0,897.75,29,,97.062,16.863,2.0,-4.688,1.001,1.029,0.012,6120,14.51,12.549,13,,,,,,,,,,,,18.431,
2026-09-28T16:23:44.875,21.878,0,887.0,30,,96.969,17.255,2.0,-3.906,1.001,1.035,0.016,5890,14.51,12.549,12,,,,,,,,,,,,,57
2026-09-28T16:23:45.003,22.006,0,877.25,30,,96.969,17.647,1.5,-3.125,1.001,1.047,0.031,5550,14.51,12.549,12,102,,,,,,,,,,,,
2026-09-28T16:23:45.134,22.137,0,877.75,31,,96.906,18.431,-2.0,-2.344,1.001,1.058,0.043,5180,14.51,12.549,12,,52,,,,,,,,,,,
2026-09-28T16:23:45.263,22.266,0,884.5,32,,96.906,18.431,-3.0,-2.344,1.001,1.054,0.039,4830,14.51,12.549,12,,,6.25,,,,,,,,,,
2026-09-28T16:23:45.395,22.398,0,879.0,31,,96.906,17.647,-1.0,-2.344,1.001,1.037,0.02,4490,14.51,12.941,12,,,,13.867,,,,,,,,,
2026-09-28T16:23:45.523,22.527,0,868.0,30,,96.906,19.216,-2.5,-2.344,1.001,1.029,0.008,4230,14.51,12.549,12,,,,,97,,,,,,,,
2026-09-28T16:23:45.653,22.656,0,852.0,32,,96.906,19.216,0.5,-2.344,1.001,1.025,0.004,3880,14.51,12.941,11,,,,,,23,,,,,,,
2026-09-28T16:23:45.783,22.786,0,839.25,33,,96.906,20.392,0.5,-2.344,1.001,1.027,0.008,3520,14.51,12.941,11,,,,,,,78.824,,,,,,
2026-09-28T16:23:45.913,22.916,0,822.75,34,,96.906,20.392,4.5,-2.344,1.001,1.033,0.016,3250,14.51,12.941,11,,,,,,,,386.5,,,,,
2026-09-28T16:23:46.042,23.046,0,812.5,37,,96.875,23.529,2.0,-1.562,1.001,1.04,0.023,3080,14.51,12.941,10,,,,,,,,,1.275,,,,
2026-09-28T16:23:46.177,23.18,0,812.0,38,,96.906,23.529,1.0,-0.781,1.001,1.053,0.035,3310,14.51,12.941,10,,,,,,,,,,,0.781,,
2026-09-28T16:23:46.303,23.306,0,822.5,38,,96.875,23.922,0.0,0.0,1.001,1.061,0.047,3670,14.51,12.941,10,,,,,,,,,,,,25.098,
2026-09-28T16:23:46.433,23.436,0,834.5,38,,96.875,22.745,-4.0,0.0,1.0,1.052,0.035,3920,14.51,12.941,9,,,,,,,,,,,,,58
2026-09-28T16:23:46.563,23.566,0,844.0,36,,96.906,22.353,-4.0,0.0,1.0,1.035,0.016,3920,14.51,12.941,9,102,,,,,,,,,,,,
2026-09-28T16:23:46.695,23.698,0,835.0,37,,96.875,23.529,-2.5,0.0,1.0,1.021,0.0,4000,14.51,12.941,9,,53,,,,,,,,,,,
2026-09-28T16:23:46.824,23.827,0,835.25,37,,96.875,23.137,-2.0,-0.781,1.0,1.019,0.0,3980,14.51,12.549,8,,,5.469,,,,,,,,,,
2026-09-28T16:23:46.953,23.956,0,830.0,37,,96.906,22.353,-2.5,0.0,1.0,1.022,0.004,4030,14.51,12.549,8,,,,13.847,,,,,,,,,
2026-09-28T16:23:47.083,24.086,0,832.25,36,,96.812,22.353,-2.5,0.0,1.0,1.026,0.008,3890,14.51,12.549,7,,,,,97,,,,,,,,
2026-09-28T16:23:47.213,24.216,0,833.25,36,,96.875,22.353,0.5,0.0,1.0,1.025,0.004,3790,14.51,13.333,7,,,,,,23,,,,,,,
2026-09-28T16:23:47.344,24.347,0,833.75,38,,96.875,23.529,-1.5,0.0,1.0,1.026,0.008,3860,14.51,12.549,7,,,,,,,78.824,,,,,,
2026-09-28T16:23:47.475,24.479,0,840.5,37,,96.812,22.353,-2.0,0.0,1.0,1.024,0.004,4110,14.51,12.941,7,,,,,,,,386.7,,,,,
2026-09-28T16:23:47.603,24.606,0,845.5,37,,96.812,23.137,-5.0,0.0,1.0,1.023,0.004,4270,16.078,12.941,6,,,,,,,,,1.275,,,,
2026-09-28T16:23:47.733,24.736,0,842.25,38,,96.812,23.922,-4.5,0.0,1.0,1.02,0.0,4410,20.0,12.941,6,,,,,,,,,,,0.781,,
2026-09-28T16:23:47.863,24.866,0,842.25,37,,96.812,23.529,9.5,0.0,1.0,1.017,-0.004,4470,26.667,14.902,6,,,,,,,,,,,,32.941,
2026-09-28T16:23:47.994,24.997,0,867.25,42,,96.562,30.98,8.0,0.0,1.0,1.0,-0.02,4700,26.667,16.078,6,,,,,,,,,,,,,60
2026-09-28T16:23:48.124,25.127,0,949.0,52,,96.531,38.431,2.5,0.0,1.0,0.998,-0.023,5180,26.275,16.078,6,102,,,,,,,,,,,,
2026-09-28T16:23:48.253,25.256,0,1066.75,58,,96.562,35.686,-1.0,0.0,1.0,0.98,-0.07,5710,26.275,15.686,6,,53,,,,,,,,,,,
2026-09-28T16:23:48.383,25.386,0,1071.75,57,,96.562,33.333,2.0,-0.781,1.0,0.974,-0.086,6430,26.667,15.686,7,,,2.344,,,,,,,,,,
2026-09-28T16:23:48.523,25.526,0,1058.0,57,,96.656,34.902,9.0,-0.781,1.0,0.986,-0.055,7130,29.412,17.255,7,,,,13.886,,,,,,,,,
2026-09-28T16:23:48.653,25.656,0,1043.75,60,,96.594,40.0,9.0,-0.781,1.0,0.989,-0.047,7640,29.804,18.431,7,,,,,97,,,,,,,,
2026-09-28T16:23:48.784,25.787,0,1063.0,73,,96.688,45.49,3.5,-0.781,1.0,0.99,-0.047,8430,29.412,17.647,8,,,,,,23,,,,,,,
2026-09-28T16:23:48.913,25.916,0,1096.25,74,,96.906,43.529,5.0,-0.781,1.0,0.996,-0.031,9210,29.412,16.471,8,,,,,,,78.824,,,,,,
2026-09-28T16:23:49.043,26.046,0,1120.0,68,,97.219,36.863,10.5,-0.781,1.0,1.0,-0.02,9900,29.412,16.471,8,,,,,,,,385.7,,,,,
2026-09-28T16:23:49.177,26.18,0,1117.5,66,,97.469,36.078,10.5,0.0,1.0,1.007,-0.012,10440,29.02,16.471,9,,,,,,,,,1.275,,,,
2026-09-28T16:23:49.303,26.306,0,1120.0,65,,97.531,36.078,10.0,0.0,1.0,1.018,-0.004,11040,28.627,16.471,9,,,,,,,,,,,0.781,,
2026-09-28T16:23:49.433,26.436,0,1116.5,63,,97.781,35.294,10.0,0.0,1.0,1.01,-0.012,12260,29.02,16.471,9,,,,,,,,,,,,44.314,
2026-09-28T16:23:49.564,26.567,0,1112.25,64,,97.875,35.294,9.5,-0.781,1.0,0.989,-0.051,13050,29.02,16.471,9,,,,,,,,,,,,,61
2026-09-28T16:23:49.693,26.696,0,1109.75,66,,97.875,36.078,9.5,-0.781,1.0,0.993,-0.039,13440,28.627,16.471,10,103,,,,,,,,,,,,
2026-09-28T16:23:49.823,26.826,0,1121.25,66,,97.875,35.294,10.0,0.0,1.0,1.005,-0.016,14020,28.627,16.078,10,,53,,,,,,,,,,,
2026-09-28T16:23:49.953,26.956,0,1123.25,63,,98.188,34.902,10.0,0.0,1.0,1.011,-0.008,14120,28.235,16.078,10,,,2.344,,,,,,,,,,
2026-09-28T16:23:50.083,27.086,0,1125.0,62,,98.188,34.51,10.0,0.0,1.0,1.008,-0.012,14040,27.059,15.294,10,,,,13.769,,,,,,,,,
2026-09-28T16:23:50.213,27.216,0,1120.5,60,,98.188,33.725,10.5,0.0,1.0,0.994,-0.035,13860,24.706,14.118,11,,,,,97,,,,,,,,
2026-09-28T16:23:50.344,27.347,0,1106.25,52,,98.469,28.235,11.0,-0.781,1.0,0.975,-0.086,13480,24.314,13.725,11,,,,,,23,,,,,,,
2026-09-28T16:23:50.475,27.479,0,1114.75,47,,98.5,25.49,11.5,-2.344,1.0,0.954,-0.133,12910,24.314,14.118,11,,,,,,,78.824,,,,,,
2026-09-28T16:23:50.603,27.606,0,1123.0,46,,98.281,24.706,11.5,-3.125,1.0,0.951,-0.141,12340,24.706,14.118,11,,,,,,,,384.8,,,,,
2026-09-28T16:23:50.734,27.737,0,1127.5,45,,98.188,24.314,11.5,-3.906,1.0,0.957,-0.125,11710,25.098,14.51,11,,,,,,,,,1.275,,,,
2026-09-28T16:23:50.863,27.866,0,1120.0,45,,98.156,25.098,11.5,-4.688,1.0,0.942,-0.156,11230,25.098,14.118,11,,,,,,,,,,,0.781,,
2026-09-28T16:23:50.993,27.996,0,1115.0,45,,98.156,25.098,11.5,-6.25,1.0,0.93,-0.188,10950,26.667,14.902,11,,,,,,,,,,,,32.941,
2026-09-28T16:23:51.123,28.126,0,1109.0,46,,97.875,28.627,11.0,-7.812,1.0,0.911,-0.234,10520,27.843,15.686,11,,,,,,,,,,,,,63
2026-09-28T16:23:51.253,28.256,0,1112.75,54,,97.812,31.373,10.5,-9.375,1.0,0.911,-0.234,10590,28.235,15.686,12,103,,,,,,,,,,,,
2026-09-28T16:23:51.383,28.386,0,1108.25,57,,97.844,31.765,10.0,-10.156,1.0,0.925,-0.199,10870,28.627,16.078,12,,52,,,,,,,,,,,
2026-09-28T16:23:51.513,28.517,0,1107.75,59,,97.781,33.333,9.5,-9.375,1.0,0.947,-0.148,11420,28.627,16.078,12,,,2.344,,,,,,,,,,
2026-09-28T16:23:51.643,28.646,0,1104.25,60,,97.812,34.51,9.5,-10.156,1.0,0.955,-0.129,12050,28.235,16.078,12,,,,13.789,,,,,,,,,
2026-09-28T16:23:51.775,28.778,0,1105.75,60,,97.875,34.51,9.5,-10.156,1.0,0.972,-0.094,12860,28.235,16.078,13,,,,,97,,,,,,,,
2026-09-28T16:23:51.903,28.906,0,1105.75,61,,97.875,34.902,9.5,-9.375,1.0,0.99,-0.043,13360,28.235,16.078,13,,,,,,23,,,,,,,
2026-09-28T16:23:52.033,29.036,0,1112.5,61,,97.875,34.51,9.5,-8.594,1.0,1.0,-0.02,13420,28.235,16.078,13,,,,,,,78.824,,,,,,
2026-09-28T16:23:52.163,29.166,0,1105.75,61,,98.094,34.118,9.5,-7.812,1.0,1.03,0.012,13290,28.235,15.686,13,,,,,,,,384.5,,,,,
2026-09-28T16:23:52.293,29.296,0,1107.75,61,,98.062,34.51,9.5,-6.25,1.0,1.038,0.02,13190,28.235,15.686,14,,,,,,,,,1.275,,,,
2026-09-28T16:23:52.423,29.426,0,1117.0,61,,98.125,33.333,10.0,-6.25,1.0,1.034,0.016,13010,27.843,15.686,14,,,,,,,,,,,0.781,,
2026-09-28T16:23:52.554,29.557,0,1113.75,59,,98.188,32.549,9.5,-5.469,1.0,1.043,0.027,12600,27.451,15.294,14,,,,,,,,,,,,40.392,
2026-09-28T16:23:52.683,29.686,0,1108.25,58,,98.188,32.157,10.0,-4.688,1.0,1.047,0.031,12210,25.882,14.51,14,,,,,,,,,,,,,65
2026-09-28T16:23:52.814,29.817,0,1107.0,56,,98.188,30.98,10.5,-3.906,1.0,1.047,0.031,11850,24.706,13.725,14,102,,,,,,,,,,,,
2026-09-28T16:23:52.943,29.946,0,1112.75,48,,98.188,25.882,11.0,-3.906,1.0,1.049,0.031,11560,23.529,13.333,15,,52,,,,,,,,,,,
2026-09-28T16:23:53.075,30.078,0,1121.75,44,,98.188,23.922,12.0,-3.125,1.0,1.043,0.027,11260,21.569,12.157,15,,,4.688,,,,,,,,,,
2026-09-28T16:23:53.203,30.207,0,1116.0,39,,98.188,20.392,-4.0,-2.344,1.0,1.061,0.047,10890,16.471,11.765,15,,,,13.847,,,,,,,,,
2026-09-28T16:23:53.333,30.336,0,1086.5,33,,98.188,14.51,-4.5,-1.562,1.0,1.055,0.039,10580,14.51,11.765,15,,,,,97,,,,,,,,
2026-09-28T16:23:53.463,30.466,0,1019.25,26,,97.969,12.941,8.5,-1.562,1.0,1.05,0.035,10360,14.51,12.941,15,,,,,,23,,,,,,,
2026-09-28T16:23:53.603,30.606,0,966.0,25,,97.875,13.725,5.0,0.0,1.0,1.097,0.086,10000,14.51,12.549,15,,,,,,,78.824,,,,,,
2026-09-28T16:23:53.734,30.737,0,955.5,27,,97.844,15.686,2.0,0.781,1.001,1.118,0.105,9610,14.51,12.157,15,,,,,,,,384.8,,,,,
2026-09-28T16:23:53.863,30.866,0,968.25,28,,97.781,14.902,2.5,0.0,1.001,1.063,0.051,9230,14.902,11.765,15,,,,,,,,,0.81,,,,
2026-09-28T16:23:53.993,30.996,0,974.25,27,,97.562,14.51,2.5,-1.562,1.001,0.978,-0.078,8900,14.902,11.765,14,,,,,,,,,,,0.781,,
2026-09-28T16:23:54.124,31.127,0,968.5,26,,97.531,13.333,3.5,-4.688,1.001,0.934,-0.18,8610,15.294,11.765,14,,,,,,,,,,,,14.902,
2026-09-28T16:23:54.253,31.256,0,952.25,25,,97.531,13.333,5.5,-5.469,1.001,0.939,-0.164,8360,15.294,12.157,14,,,,,,,,,,,,,66
2026-09-28T16:23:54.383,31.386,0,927.5,26,,97.531,14.902,3.5,-4.688,1.001,0.971,-0.094,8050,15.294,12.549,14,102,,,,,,,,,,,,
2026-09-28T16:23:54.513,31.516,0,919.25,28,,97.281,16.078,-0.5,-3.906,1.002,0.989,-0.051,7720,15.294,12.157,14,,52,,,,,,,,,,,
2026-09-28T16:23:54.643,31.646,0,918.5,28,,97.219,16.078,-0.5,-3.906,1.001,0.989,-0.047,7380,16.471,11.765,14,,,7.812,,,,,,,,,,
2026-09-28T16:23:54.775,31.779,0,922.25,28,,97.219,15.294,3.5,-3.906,1.001,0.989,-0.047,7060,20.784,13.725,14,,,,13.867,,,,,,,,,
2026-09-28T16:23:54.903,31.906,0,927.0,27,,97.219,16.078,15.0,-3.906,1.001,0.99,-0.047,6710,22.353,14.118,14,,,,,97,,,,,,,,
2026-09-28T16:23:55.033,32.036,0,965.25,33,,96.969,25.098,6.5,-3.906,1.001,0.989,-0.047,6120,23.137,14.51,14,,,,,,23,,,,,,,
2026-09-28T16:23:55.163,32.166,0,1068.25,41,,96.906,23.529,3.0,-3.906,1.001,1.0,-0.02,5710,23.529,14.118,14,,,,,,,78.824,,,,,,
2026-09-28T16:23:55.296,32.299,0,1083.75,42,,96.906,23.529,3.5,-2.344,1.0,1.025,0.004,5860,23.922,14.118,14,,,,,,,,385.3,,,,,
2026-09-28T16:23:55.423,32.426,0,1089.0,42,,96.906,23.529,8.0,-1.562,1.0,1.021,0.0,6200,24.314,14.51,14,,,,,,,,,0.79,,,,
2026-09-28T16:23:55.553,32.556,0,1067.25,43,,97.031,25.098,10.5,-2.344,1.0,1.014,-0.008,6510,25.49,15.294,14,,,,,,,,,,,0.781,,
2026-09-28T16:23:55.683,32.686,0,1058.75,45,,96.906,27.451,10.0,-2.344,1.0,1.013,-0.008,6980,26.275,15.294,14,,,,,,,,,,,,35.294,
2026-09-28T16:23:55.813,32.816,0,1064.75,49,,96.906,29.412,4.5,-2.344,1.0,0.999,-0.023,7600,26.275,14.902,15,,,,,,,,,,,,,68
2026-09-28T16:23:55.943,32.946,0,1076.5,51,,96.906,29.412,5.0,-2.344,1.0,0.993,-0.039,8120,26.667,15.294,15,102,,,,,,,,,,,,
2026-09-28T16:23:56.075,33.078,0,1095.5,51,,96.969,29.412,10.5,-3.125,1.0,0.996,-0.031,8830,27.843,15.686,15,,53,,,,,,,,,,,
2026-09-28T16:23:56.203,33.206,0,1108.75,51,,96.906,30.196,10.5,-2.344,1.0,1.01,-0.012,9480,29.02,16.078,15,,,2.344,,,,,,,,,,
2026-09-28T16:23:56.333,33.336,0,1124.25,54,,96.906,32.157,10.0,-1.562,1.0,1.021,0.0,10180,29.02,16.078,15,,,,13.75,,,,,,,,,
2026-09-28T16:23:56.463,33.466,0,1140.5,59,,97.094,32.157,10.5,-1.562,1.0,1.005,-0.016,10890,29.804,16.471,15,,,,,97,,,,,,,,
2026-09-28T16:23:56.593,33.596,0,1152.75,61,,97.094,33.333,10.5,-1.562,1.0,1.006,-0.016,11510,30.98,18.824,16,,,,,,23,,,,,,,
2026-09-28T16:23:56.724,33.727,0,1188.0,66,,96.906,37.647,11.5,-0.781,1.0,1.021,0.0,12180,30.98,19.608,16,,,,,,,78.824,,,,,,
2026-09-28T16:23:56.853,33.857,0,1212.0,78,,97.125,38.824,11.5,-0.781,1.0,1.016,-0.004,12870,30.98,20.0,16,,,,,,,,385.1,,,,,
2026-09-28T16:23:56.983,33.986,0,1252.5,80,,97.344,38.039,12.0,0.0,0.999,1.027,0.008,13690,30.98,20.784,17,,,,,,,,,0.785,,,,
2026-09-28T16:23:57.113,34.116,0,1273.5,81,,97.562,37.255,12.0,1.562,0.993,1.026,0.008,14380,30.98,20.0,17,,,,,,,,,,,0.781,,
2026-09-28T16:23:57.243,34.246,0,1307.25,81,,98.188,35.294,12.5,2.344,0.999,1.026,0.008,14860,30.588,19.608,18,,,,,,,,,,,,51.373,
2026-09-28T16:23:57.376,34.379,0,1332.75,79,,98.562,33.333,12.5,3.125,1.006,1.027,0.008,14960,30.588,20.0,18,,,,,,,,,,,,,69
2026-09-28T16:23:57.504,34.507,0,1355.75,78,,98.812,32.941,13.0,4.688,1.008,1.025,0.004,15000,30.588,20.392,19,102,,,,,,,,,,,,
2026-09-28T16:23:57.633,34.636,0,1389.0,78,,99.281,32.157,13.5,4.688,0.997,0.998,-0.027,15160,30.588,20.392,19,,52,,,,,,,,,,,
2026-09-28T16:23:57.763,34.766,0,1428.75,80,,99.469,30.98,14.0,3.906,0.994,0.995,-0.031,15160,30.196,20.392,20,,,0.781,,,,,,,,,,
2026-09-28T16:23:57.895,34.898,0,1478.5,80,,99.844,29.02,14.5,4.688,0.997,1.0,-0.02,14990,28.627,18.039,20,,,,13.925,,,,,,,,,
2026-09-28T16:23:58.023,35.026,0,1505.25,78,,100.406,23.137,15.0,3.906,1.0,0.991,-0.043,14570,27.059,16.863,21,,,,,97,,,,,,,,
2026-09-28T16:23:58.154,35.157,0,1510.25,63,,101.125,21.176,15.0,3.906,1.001,0.992,-0.039,13950,26.667,16.863,21,,,,,,23,,,,,,,
2026-09-28T16:23:58.283,35.286,0,1532.0,56,,101.094,19.216,15.5,3.125,1.001,0.983,-0.062,13460,26.275,16.471,21,,,,,,,78.824,,,,,,
2026-09-28T16:23:58.413,35.416,0,1570.5,55,,101.031,18.431,15.5,2.344,1.001,0.975,-0.086,12970,26.275,16.471,21,,,,,,,,384.9,,,,,
2026-09-28T16:23:58.543,35.546,0,1591.5,53,,100.75,16.471,15.5,2.344,1.0,0.979,-0.074,12570,26.667,16.471,22,,,,,,,,,0.775,,,,
2026-09-28T16:23:58.677,35.68,0,1613.25,53,,100.469,15.686,15.5,2.344,1.0,0.99,-0.043,11970,26.275,16.863,22,,,,,,,,,,,0.781,,
2026-09-28T16:23:58.803,35.806,0,1634.25,54,,100.406,16.078,15.5,2.344,1.0,0.995,-0.031,11090,25.882,16.078,22,,,,,,,,,,,,34.51,
2026-09-28T16:23:58.934,35.937,0,1660.25,55,,100.125,14.902,16.0,3.125,1.0,0.998,-0.023,10510,22.353,14.51,22,,,,,,,,,,,,,71
2026-09-28T16:23:59.063,36.066,0,1662.5,46,,100.438,13.333,15.5,2.344,1.0,0.999,-0.023,10290,20.0,14.118,23,102,,,,,,,,,,,,
2026-09-28T16:23:59.193,36.196,0,1650.25,38,,100.125,11.373,16.5,2.344,1.0,1.007,-0.012,9960,20.0,13.333,22,,51,,,,,,,,,,,
2026-09-28T16:23:59.323,36.326,0,1650.25,33,,100.125,8.235,18.5,3.906,1.0,1.024,0.004,9310,20.0,13.333,22,,,3.906,,,,,,,,,,
2026-09-28T16:23:59.453,36.457,0,1648.0,27,,99.781,7.451,22.5,2.344,0.999,0.981,-0.07,9120,19.608,12.941,23,,,,13.828,,,,,,,,,
2026-09-28T16:23:59.583,36.586,0,1628.5,24,,99.469,6.667,30.5,3.906,0.999,1.027,0.008,8740,20.0,12.941,23,,,,,97,,,,,,,,
2026-09-28T16:23:59.713,36.716,0,1644.0,22,,99.438,5.882,31.0,5.469,1.0,1.061,0.047,8330,18.431,13.333,22,,,,,,23,,,,,,,
2026-09-28T16:23:59.843,36.846,0,1645.5,23,,99.094,0.0,31.0,6.25,1.0,1.053,0.039,7880,14.51,13.333,22,,,,,,,78.824,,,,,,
2026-09-28T16:23:59.975,36.979,0,1631.25,23,,98.844,0.0,23.0,5.469,1.001,1.022,0.0,7400,14.51,13.333,22,,,,,,,,387.1,,,,,
2026-09-28T16:24:00.103,37.107,0,1636.5,23,,98.812,0.0,17.0,3.906,1.001,0.989,-0.047,6920,14.902,13.333,22,,,,,,,,,0.77,,,,
2026-09-28T16:24:00.234,37.237,0,1617.75,23,,98.5,0.0,11.0,3.125,1.001,0.954,-0.133,6410,18.431,13.333,22,,,,,,,,,,,0.781,,
2026-09-28T16:24:00.364,37.367,0,1619.75,23,,98.5,0.0,18.5,0.781,1.001,0.936,-0.172,5960,22.353,14.51,22,,,,,,,,,,,,13.725,
2026-09-28T16:24:00.493,37.497,0,1614.5,23,,98.375,6.275,18.5,0.781,1.002,0.959,-0.121,5430,24.706,16.078,22,,,,,,,,,,,,,72
2026-09-28T16:24:00.623,37.626,0,1643.25,30,,97.938,12.157,16.0,0.781,1.001,0.987,-0.051,4910,25.49,16.471,22,101,,,,,,,,,,,,
2026-09-28T16:24:00.753,37.756,0,1654.75,46,,97.875,12.941,15.5,0.781,1.005,0.983,-0.062,5120,25.098,16.863,22,,51,,,,,,,,,,,
2026-09-28T16:24:00.883,37.887,0,1627.5,47,,97.844,14.118,15.5,0.0,1.007,0.989,-0.047,6090,24.706,16.471,22,,,1.562,,,,,,,,,,
2026-09-28T16:24:01.013,38.016,0,1642.75,46,,97.875,14.118,15.5,0.0,0.997,0.982,-0.066,7240,24.706,16.471,22,,,,13.828,,,,,,,,,
2026-09-28T16:24:01.143,38.146,0,1657.75,47,,97.906,13.725,15.5,-1.562,0.993,0.976,-0.086,7690,24.314,16.471,23,,,,,97,,,,,,,,
2026-09-28T16:24:01.276,38.279,0,1665.75,45,,97.875,13.333,15.5,-0.781,0.992,0.993,-0.035,8110,23.529,16.078,23,,,,,,23,,,,,,,
2026-09-28T16:24:01.403,38.406,0,1671.0,43,,97.938,12.549,15.5,-0.781,1.001,0.997,-0.027,7530,22.353,14.902,23,,,,,,,78.824,,,,,,
2026-09-28T16:24:01.534,38.537,0,1680.5,41,,98.188,10.588,16.5,-0.781,1.006,1.023,0.004,7200,14.51,13.333,23,,,,,,,,389.6,,,,,
2026-09-28T16:24:01.663,38.666,0,1658.5,28,,97.625,0.0,21.5,0.0,1.007,1.024,0.004,7050,14.51,12.941,23,,,,,,,,,0.765,,,,
2026-09-28T16:24:01.793,38.796,0,1646.75,24,,97.781,0.0,30.5,0.0,1.008,0.991,-0.043,6620,14.51,13.333,23,,,,,,,,,,,0.781,,
2026-09-28T16:24:01.924,38.927,0,1651.0,23,,97.531,0.0,31.0,-1.562,1.005,0.989,-0.047,6190,14.51,13.333,22,,,,,,,,,,,,12.941,
2026-09-28T16:24:02.053,39.056,0,1670.0,23,,97.531,0.0,26.0,0.0,1.003,1.007,-0.012,5650,14.51,13.333,22,,,,,,,,,,,,,74
2026-09-28T16:24:02.183,39.186,0,1646.5,24,,97.531,0.0,21.0,-0.781,1.002,0.986,-0.055,5190,14.51,13.333,22,100,,,,,,,,,,,,
2026-09-28T16:24:02.313,39.316,0,1633.75,23,,97.531,0.0,15.0,-1.562,1.002,0.986,-0.055,4750,14.51,13.333,22,,51,,,,,,,,,,,
2026-09-28T16:24:02.443,39.446,0,1626.5,22,,97.406,0.0,9.5,-1.562,1.001,0.989,-0.047,4350,14.51,13.333,22,,,4.688,,,,,,,,,,
2026-09-28T16:24:02.576,39.579,0,1604.0,22,,97.281,0.0,5.5,-0.781,1.001,0.998,-0.023,3940,14.51,13.333,22,,,,13.808,,,,,,,,,
2026-09-28T16:24:02.703,39.706,0,1593.5,22,,97.281,0.0,2.0,0.0,1.001,1.025,0.004,3710,14.51,13.333,21,,,,,97,,,,,,,,
2026-09-28T16:24:02.833,39.836,0,1561.25,22,,97.219,0.0,-1.0,0.0,1.001,1.068,0.055,4480,14.51,13.333,21,,,,,,23,,,,,,,
2026-09-28T16:24:02.963,39.966,0,1534.5,22,,97.312,0.0,-1.5,0.0,1.003,1.194,0.188,5790,14.51,12.941,21,,,,,,,78.824,,,,,,
2026-09-28T16:24:03.093,40.096,0,1498.5,23,,97.531,0.0,-2.0,0.0,0.995,1.584,0.488,7450,14.51,12.941,20,,,,,,,,391.3,,,,,
2026-09-28T16:24:03.223,40.226,0,1445.25,24,,97.531,0.0,-2.5,0.0,1.006,2.0,0.773,8890,14.51,12.941,20,,,,,,,,,0.765,,,,
2026-09-28T16:24:03.353,40.356,0,1403.0,24,,97.531,0.0,-3.0,0.0,1.065,2.0,0.953,9100,14.51,12.549,19,,,,,,,,,,,0.781,,
2026-09-28T16:24:03.483,40.486,0,1355.0,25,,97.531,0.0,-4.0,0.0,1.13,2.0,1.062,9380,14.51,12.549,18,,,,,,,,,,,,13.333,
2026-09-28T16:24:03.613,40.616,0,1301.75,25,,97.531,0.0,-4.5,0.0,1.191,2.0,1.121,9700,14.51,12.549,17,,,,,,,,,,,,,75
2026-09-28T16:24:03.743,40.747,0,1257.25,24,,97.531,0.0,-5.5,0.0,1.241,2.0,1.176,9680,14.51,12.549,17,100,,,,,,,,,,,,
2026-09-28T16:24:03.875,40.878,0,1213.25,25,,97.531,0.0,-6.0,0.0,1.32,2.0,1.199,9670,14.51,12.157,16,,52,,,,,,,,,,,
2026-09-28T16:24:04.003,41.007,0,1154.5,25,,97.531,0.0,-7.0,0.0,1.402,2.0,1.215,9660,14.51,12.157,15,,,6.25,,,,,,,,,,
2026-09-28T16:24:04.133,41.136,0,1108.0,25,,97.531,11.373,-8.5,0.0,1.493,2.0,1.23,9650,14.51,12.157,15,,,,13.847,,,,,,,,,
2026-09-28T16:24:04.263,41.266,0,1048.25,25,,97.531,12.157,-8.5,0.0,1.672,2.0,1.242,9570,14.51,11.765,14,,,,,97,,,,,,,,
2026-09-28T16:24:04.393,41.396,0,1016.25,25,,97.531,12.549,-5.5,0.0,1.57,2.0,1.195,9420,14.51,11.765,14,,,,,,23,,,,,,,
2026-09-28T16:24:04.524,41.527,0,973.5,25,,97.531,12.941,8.5,0.0,1.394,2.0,1.02,9700,14.51,11.765,13,,,,,,,78.824,,,,,,
2026-09-28T16:24:04.653,41.656,0,989.75,24,,97.344,12.157,8.0,0.0,1.246,2.0,0.809,9350,14.51,12.157,13,,,,,,,,392.8,,,,,
2026-09-28T16:24:04.783,41.786,0,969.25,24,,97.25,12.941,9.0,0.0,1.15,1.494,0.434,8980,14.51,12.549,13,,,,,,,,,0.1,,,,
2026-09-28T16:24:04.913,41.916,0,949.0,24,,97.219,13.725,4.5,0.0,1.057,1.183,0.176,8600,14.51,12.549,13,,,,,,,,,,,0.781,,
2026-09-28T16:24:05.043,42.046,0,943.25,27,,97.219,14.902,4.0,0.0,0.999,1.059,0.043,8220,14.51,12.549,13,,,,,,,,,,,,16.471,
2026-09-28T16:24:05.177,42.18,0,937.25,27,,97.219,15.294,3.0,0.0,0.959,0.989,-0.047,7840,14.51,12.549,13,,,,,,,,,,,,,77
2026-09-28T16:24:05.303,42.306,0,927.5,28,,97.219,15.686,2.5,0.0,0.938,0.967,-0.105,7480,14.51,12.549,13,100,,,,,,,,,,,,
2026-09-28T16:24:05.433,42.436,0,917.0,28,,97.219,16.078,2.0,1.562,0.924,0.959,-0.121,7110,14.51,12.549,13,,52,,,,,,,,,,,
2026-09-28T16:24:05.563,42.567,0,908.5,28,,97.156,16.078,1.0,2.344,0.917,0.96,-0.117,6710,14.51,12.549,12,,,5.469,,,,,,,,,,
2026-09-28T16:24:05.693,42.696,0,903.25,29,,97.125,16.863,-0.5,2.344,0.912,0.951,-0.141,6300,14.51,12.549,12,,,,13.867,,,,,,,,,
2026-09-28T16:24:05.824,42.827,0,893.5,29,,97.188,16.863,2.5,2.344,0.909,0.935,-0.176,5890,14.51,12.549,12,,,,,97,,,,,,,,
2026-09-28T16:24:05.954,42.957,0,887.0,30,,97.0,18.039,-0.5,1.562,0.907,0.914,-0.227,5590,14.51,12.549,12,,,,,,23,,,,,,,
2026-09-28T16:24:06.083,43.086,0,889.5,30,,96.938,17.647,-0.5,1.562,0.905,0.913,-0.23,5200,15.294,12.549,12,,,,,,,78.824,,,,,,
2026-09-28T16:24:06.213,43.216,0,888.75,30,,96.906,16.863,1.0,1.562,0.904,0.915,-0.223,4820,15.294,12.549,12,,,,,,,,392.6,,,,,
2026-09-28T16:24:06.343,43.346,0,885.25,31,,96.906,18.039,-3.0,2.344,0.902,0.92,-0.211,4420,15.294,12.549,12,,,,,,,,,0.16,,,,
2026-09-28T16:24:06.474,43.477,0,882.0,31,,96.906,18.039,-1.5,2.344,0.9,0.919,-0.215,4010,15.686,12.941,12,,,,,,,,,,,0.781,,
2026-09-28T16:24:06.603,43.606,0,877.0,31,,96.906,18.039,-3.0,2.344,0.898,0.91,-0.234,3610,16.863,12.549,12,,,,,,,,,,,,20.0,
2026-09-28T16:24:06.735,43.738,0,883.75,32,,96.906,18.431,-2.5,2.344,0.896,0.903,-0.254,3310,19.216,12.549,12,,,,,,,,,,,,,79
2026-09-28T16:24:06.863,43.866,0,889.25,31,,96.906,18.431,0.0,2.344,0.894,0.904,-0.25,2910,19.608,12.549,12,100,,,,,,,,,,,,
2026-09-28T16:24:06.993,43.996,0,891.0,32,,96.906,18.824,12.0,2.344,0.891,0.907,-0.246,2630,20.0,13.333,12,,52,,,,,,,,,,,
2026-09-28T16:24:07.123,44.127,0,891.75,33,,96.812,21.569,0.5,3.125,0.889,0.91,-0.238,2750,20.0,13.333,12,,,3.906,,,,,,,,,,
2026-09-28T16:24:07.253,44.257,0,903.75,36,,96.906,21.961,-2.5,3.906,0.886,0.912,-0.23,3180,17.647,12.549,12,,,,13.828,,,,,,,,,
2026-09-28T16:24:07.383,44.386,0,911.0,36,,96.906,20.784,-6.5,3.906,0.884,0.902,-0.254,3340,14.51,12.549,12,,,,,97,,,,,,,,
2026-09-28T16:24:07.513,44.516,0,900.75,33,,96.906,19.216,-4.0,3.125,0.882,0.889,-0.293,3270,14.51,12.549,13,,,,,,23,,,,,,,
2026-09-28T16:24:07.643,44.646,0,905.75,31,,96.906,18.431,-2.0,2.344,0.882,0.878,-0.324,3140,14.51,12.549,12,,,,,,,78.824,,,,,,
2026-09-28T16:24:07.774,44.777,0,920.0,31,,96.906,18.039,-2.0,2.344,0.881,0.872,-0.344,3050,14.51,12.549,13,,,,,,,,392.1,,,,,
2026-09-28T16:24:07.903,44.906,0,924.75,30,,96.875,17.647,-2.5,1.562,0.881,0.867,-0.359,3030,14.51,12.549,13,,,,,,,,,0.215,,,,
2026-09-28T16:24:08.034,45.037,0,919.5,30,,96.906,17.255,-2.5,1.562,0.881,0.866,-0.363,3060,14.51,12.549,13,,,,,,,,,,,0.781,,
2026-09-28T16:24:08.163,45.166,0,921.0,30,,96.906,17.255,-1.5,1.562,0.881,0.868,-0.355,3130,14.51,12.157,13,,,,,,,,,,,,17.647,
2026-09-28T16:24:08.293,45.296,0,923.0,29,,96.875,16.471,0.0,1.562,0.881,0.873,-0.34,3200,14.51,12.549,12,,,,,,,,,,,,,80
2026-09-28T16:24:08.423,45.426,0,918.25,29,,96.906,16.471,0.5,1.562,0.881,0.877,-0.328,3290,14.51,12.549,12,101,,,,,,,,,,,,
2026-09-28T16:24:08.553,45.556,0,908.75,30,,96.875,16.863,-0.5,2.344,0.881,0.88,-0.316,3420,14.51,12.549,12,,53,,,,,,,,,,,
2026-09-28T16:24:08.683,45.687,0,897.25,30,,96.906,17.255,-0.5,2.344,0.881,0.882,-0.312,3520,14.51,12.549,12,,,5.469,,,,,,,,,,
2026-09-28T16:24:08.813,45.816,0,881.5,31,,96.844,18.039,-0.5,2.344,0.881,0.882,-0.312,3630,14.51,12.549,12,,,,13.886,,,,,,,,,
2026-09-28T16:24:08.943,45.947,0,869.0,33,,96.844,19.216,-4.0,2.344,0.881,0.883,-0.312,3750,14.51,12.549,12,,,,,97,,,,,,,,
2026-09-28T16:24:09.074,46.077,0,860.25,33,,96.875,18.824,-4.0,2.344,0.881,0.884,-0.309,3770,14.51,12.549,11,,,,,,23,,,,,,,
2026-09-28T16:24:09.203,46.206,0,841.75,33,,96.844,19.608,-3.0,2.344,0.881,0.885,-0.305,3800,14.51,12.549,11,,,,,,,78.824,,,,,,
2026-09-28T16:24:09.333,46.336,0,821.75,33,,96.812,20.0,-3.5,2.344,0.881,0.886,-0.301,3820,14.51,12.549,11,,,,,,,,391.6,,,,,
2026-09-28T16:24:09.463,46.466,0,807.75,34,,96.75,20.392,-2.5,3.125,0.881,0.888,-0.297,3840,14.51,12.549,10,,,,,,,,,0.295,,,,
2026-09-28T16:24:09.593,46.596,0,795.75,34,,96.812,20.784,-4.0,3.125,0.881,0.887,-0.297,3860,14.51,12.549,10,,,,,,,,,,,0.781,,
2026-09-28T16:24:09.724,46.727,0,787.25,35,,96.75,21.961,0.0,3.125,0.881,0.89,-0.293,3870,14.51,12.549,9,,,,,,,,,,,,22.353,
2026-09-28T16:24:09.853,46.856,0,787.25,36,,96.719,22.353,-3.5,3.125,0.881,0.891,-0.289,4010,14.51,12.549,9,,,,,,,,,,,,,82
2026-09-28T16:24:09.983,46.986,0,796.25,36,,96.781,21.961,-2.5,3.125,0.881,0.89,-0.293,4140,14.51,12.549,8,102,,,,,,,,,,,,
2026-09-28T16:24:10.113,47.116,0,804.0,36,,96.688,21.961,-4.5,3.125,0.881,0.885,-0.305,4290,14.51,12.549,8,,53,,,,,,,,,,,
2026-09-28T16:24:10.243,47.247,0,810.0,36,,96.656,22.353,-5.5,3.125,0.881,0.881,-0.316,4430,14.51,12.549,7,,,4.688,,,,,,,,,,
2026-09-28T16:24:10.374,47.377,0,817.0,37,,96.688,22.353,-6.5,2.344,0.88,0.877,-0.328,4600,14.51,12.549,7,,,,13.828,,,,,,,,,
2026-09-28T16:24:10.503,47.506,0,821.0,36,,96.656,22.353,-6.0,2.344,0.88,0.877,-0.328,4660,14.51,12.549,6,,,,,97,,,,,,,,
2026-09-28T16:24:10.633,47.636,0,814.5,36,,96.688,21.961,-5.5,2.344,0.88,0.877,-0.328,4660,14.51,12.549,6,,,,,,23,,,,,,,
2026-09-28T16:24:10.763,47.767,0,806.5,36,,96.719,21.961,-5.5,2.344,0.88,0.875,-0.332,4640,14.51,12.157,6,,,,,,,78.824,,,,,,
2026-09-28T16:24:10.893,47.897,0,799.5,36,,96.75,22.353,-5.5,2.344,0.88,0.878,-0.324,4560,14.51,12.549,6,,,,,,,,390.9,,,,,
2026-09-28T16:24:11.023,48.026,0,780.75,35,,96.75,21.961,-2.0,2.344,0.88,0.874,-0.336,4400,14.51,12.157,6,,,,,,,,,0.69,,,,
2026-09-28T16:24:11.153,48.156,0,778.75,36,,96.719,21.961,12.0,2.344,0.88,0.877,-0.328,4360,14.51,13.725,6,,,,,,,,,,,0.781,,
2026-09-28T16:24:11.283,48.286,0,783.75,41,,96.562,29.02,-0.5,2.344,0.881,0.88,-0.32,4440,14.51,12.549,6,,,,,,,,,,,,27.451,
2026-09-28T16:24:11.414,48.417,0,824.25,42,,96.688,26.667,-9.0,3.125,0.88,0.889,-0.293,4730,14.51,12.157,6,,,,,,,,,,,,,83
2026-09-28T16:24:11.543,48.546,0,861.5,37,,96.781,21.569,-9.5,3.906,0.88,0.891,-0.289,5060,14.51,12.157,5,102,,,,,,,,,,,,
2026-09-28T16:24:11.677,48.681,0,858.75,35,,96.844,20.392,-4.0,3.125,0.88,0.878,-0.324,5040,14.51,12.157,5,,53,,,,,,,,,,,
2026-09-28T16:24:11.803,48.806,0,849.25,34,,96.812,20.392,-3.0,2.344,0.88,0.865,-0.367,4800,14.51,12.157,5,,,5.469,,,,,,,,,,
2026-09-28T16:24:11.933,48.936,0,839.75,33,,96.719,20.784,0.5,1.562,0.88,0.86,-0.379,4520,14.51,12.157,5,,,,13.886,,,,,,,,,
2026-09-28T16:24:12.063,49.066,0,838.25,35,,96.75,21.176,-0.5,1.562,0.881,0.859,-0.383,4250,15.294,12.941,6,,,,,97,,,,,,,,
2026-09-28T16:24:12.194,49.197,0,842.25,34,,96.719,20.392,0.5,1.562,0.881,0.865,-0.363,4090,19.608,12.549,6,,,,,,23,,,,,,,
2026-09-28T16:24:12.323,49.326,0,852.25,37,,96.75,22.745,10.5,1.562,0.881,0.875,-0.336,4170,29.02,14.118,6,,,,,,,78.824,,,,,,
2026-09-28T16:24:12.453,49.456,0,878.0,41,,96.562,27.451,3.5,2.344,0.881,0.89,-0.293,4480,29.804,16.078,6,,,,,,,,389.8,,,,,
2026-09-28T16:24:12.583,49.586,0,949.0,49,,96.438,34.902,8.0,3.125,0.88,0.894,-0.277,4900,30.196,18.824,6,,,,,,,,,0.79,,,,
2026-09-28T16:24:12.713,49.716,0,1040.75,63,,96.188,46.667,2.5,2.344,0.889,0.872,-0.344,5820,29.412,17.647,7,,,,,,,,,,,0.781,,
2026-09-28T16:24:12.843,49.846,0,1104.0,73,,96.531,40.392,10.0,0.781,0.881,0.858,-0.387,6470,29.412,16.863,7,,,,,,,,,,,,47.843,
2026-09-28T16:24:12.974,49.977,0,1132.25,70,,96.594,37.255,10.5,0.0,0.942,0.922,-0.207,7110,29.412,16.863,8,,,,,,,,,,,,,85
2026-09-28T16:24:13.103,50.106,0,1135.0,69,,96.812,36.863,10.5,0.0,0.976,0.963,-0.113,7790,29.412,16.863,8,103,,,,,,,,,,,,
2026-09-28T16:24:13.233,50.237,0,1142.0,69,,96.906,36.078,11.0,0.0,0.993,0.974,-0.09,8500,30.196,17.647,9,,54,,,,,,,,,,,
2026-09-28T16:24:13.363,50.366,0,1149.75,68,,96.906,36.863,11.0,0.0,0.999,0.977,-0.078,9200,30.196,17.647,9,,,1.562,,,,,,,,,,
2026-09-28T16:24:13.494,50.497,0,1165.75,70,,97.219,37.647,11.0,0.0,1.005,0.982,-0.066,10140,30.588,18.039,10,,,,13.808,,,,,,,,,
2026-09-28T16:24:13.623,50.626,0,1166.5,70,,97.281,40.392,11.0,0.0,1.007,0.974,-0.09,10850,32.157,22.745,10,,,,,97,,,,,,,,
2026-09-28T16:24:13.754,50.757,0,1199.5,86,,97.156,44.706,9.5,-0.781,1.007,0.978,-0.078,11150,31.765,23.529,11,,,,,,23,,,,,,,
2026-09-28T16:24:13.893,50.897,0,1226.5,88,,97.469,45.49,9.5,-1.562,1.007,0.993,-0.039,11720,31.765,23.137,12,,,,,,,78.824,,,,,,
2026-09-28T16:24:14.024,51.027,0,1227.0,88,,97.938,43.137,9.5,-0.781,1.006,1.009,-0.012,12350,31.765,22.353,12,,,,,,,,388.3,,,,,
2026-09-28T16:24:14.153,51.156,0,1238.0,88,,98.719,43.137,9.5,-0.781,1.002,0.999,-0.023,12980,31.765,21.961,13,,,,,,,,,0.865,,,,
2026-09-28T16:24:14.283,51.286,0,1237.25,87,,99.188,42.745,8.0,-0.781,1.006,1.02,0.0,13730,31.765,21.569,14,,,,,,,,,,,0.781,,
2026-09-28T16:24:14.413,51.416,0,1235.25,88,,99.531,43.529,8.0,0.0,1.009,1.03,0.012,14350,31.765,21.569,14,,,,,,,,,,,,60.0,
2026-09-28T16:24:14.543,51.547,0,1243.25,86,,100.312,41.961,6.5,0.781,1.009,1.023,0.004,15010,32.157,21.569,15,,,,,,,,,,,,,86
2026-09-28T16:24:14.677,51.681,0,1254.25,86,,100.469,41.961,6.5,0.781,1.01,1.011,-0.008,16160,32.549,22.353,16,103,,,,,,,,,,,,
2026-09-28T16:24:14.803,51.807,0,1262.25,88,,100.812,43.529,6.0,0.781,1.0,0.991,-0.043,16520,32.549,22.353,16,,53,,,,,,,,,,,
2026-09-28T16:24:14.934,51.937,0,1276.25,89,,101.406,41.961,6.5,0.0,0.994,0.989,-0.047,16350,32.549,22.745,17,,,0.781,,,,,,,,,,
2026-09-28T16:24:15.063,52.066,0,1291.5,89,,101.719,42.353,6.5,0.781,0.991,1.001,-0.02,16340,32.941,22.745,18,,,,13.847,,,,,,,,,
2026-09-28T16:24:15.193,52.196,0,1324.5,89,,102.031,41.961,6.5,2.344,0.998,1.017,-0.004,16650,34.118,25.49,18,,,,,97,,,,,,,,
2026-09-28T16:24:15.324,52.327,0,1365.25,91,,102.125,45.49,4.5,1.562,1.005,1.003,-0.016,16320,34.902,27.059,19,,,,,,23,,,,,,,
2026-09-28T16:24:15.453,52.456,0,1403.5,96,,102.75,43.922,4.5,1.562,1.008,1.007,-0.012,16650,36.471,30.98,19,,,,,,,78.824,,,,,,
2026-09-28T16:24:15.583,52.586,0,1448.0,99,,103.125,45.882,3.5,2.344,1.005,1.018,-0.004,17170,37.255,36.078,20,,,,,,,,388.0,,,,,
2026-09-28T16:24:15.713,52.716,0,1503.5,101,,103.625,44.706,3.5,2.344,1.002,1.023,0.004,17500,37.647,43.137,20,,,,,,,,,0.83,,,,
2026-09-28T16:24:15.843,52.846,0,1561.5,105,,105.5,41.961,2.0,3.906,1.001,1.034,0.016,17710,37.647,45.098,21,,,,,,,,,,,0.781,,
2026-09-28T16:24:15.974,52.977,0,1605.0,106,,106.875,40.784,2.0,4.688,1.001,1.039,0.02,17960,38.039,45.49,22,,,,,,,,,,,,86.667,
2026-09-28T16:24:16.104,53.107,0,1651.75,108,,108.406,41.569,1.5,4.688,1.001,1.03,0.012,18010,38.431,45.882,23,,,,,,,,,,,,,88
2026-09-28T16:24:16.233,53.236,0,1715.0,109,,111.938,42.353,1.5,4.688,1.0,1.013,-0.008,18260,38.431,33.725,24,103,,,,,,,,,,,,
2026-09-28T16:24:16.363,53.367,0,1779.25,108,,112.312,38.431,2.0,4.688,1.0,1.023,0.004,17960,38.431,38.431,25,,51,,,,,,,,,,,
2026-09-28T16:24:16.493,53.496,0,1855.0,108,,110.656,38.824,3.5,5.469,1.001,1.017,-0.004,17900,38.431,40.392,26,,,0.0,,,,,,,,,,
2026-09-28T16:24:16.623,53.627,0,1915.5,107,,109.688,39.216,4.5,5.469,1.003,1.002,-0.02,17800,38.431,42.353,26,,,,13.847,,,,,,,,,
2026-09-28T16:24:16.753,53.756,0,1984.25,107,,108.5,38.824,5.0,4.688,1.002,0.999,-0.023,17790,38.824,45.882,27,,,,,97,,,,,,,,
2026-09-28T16:24:16.883,53.886,0,2025.25,107,,108.188,39.216,5.0,4.688,1.002,0.998,-0.027,17860,40.0,65.882,28,,,,,,23,,,,,,,
2026-09-28T16:24:17.014,54.017,0,2079.75,108,,108.031,39.608,6.0,4.688,1.001,1.0,-0.02,17960,40.392,70.196,29,,,,,,,78.824,,,,,,
2026-09-28T16:24:17.143,54.146,0,2141.25,111,,111.156,41.569,6.5,4.688,1.001,0.989,-0.047,18120,40.392,71.373,29,,,,,,,,401.0,,,,,
2026-09-28T16:24:17.274,54.278,0,2170.75,113,,113.375,43.137,6.0,4.688,1.001,0.997,-0.027,18340,40.0,70.98,30,,,,,,,,,0.795,,,,
2026-09-28T16:24:17.403,54.406,0,2051.25,115,,114.969,43.922,-15.0,4.688,1.001,0.998,-0.023,18690,40.392,63.137,31,,,,,,,,,,,0.781,,
2026-09-28T16:24:17.534,54.537,0,1756.5,118,,119.094,45.098,-9.0,4.688,1.001,0.998,-0.027,18990,40.392,58.824,32,,,,,,,,,,,,103.529,
2026-09-28T16:24:17.664,54.667,0,1652.0,120,,119.906,47.843,-5.5,4.688,1.001,0.995,-0.035,19120,40.392,57.647,32,,,,,,,,,,,,,90
2026-09-28T16:24:17.793,54.796,0,1638.75,119,,119.281,48.235,-2.5,4.688,1.001,0.998,-0.023,18990,40.0,57.255,33,103,,,,,,,,,,,,
2026-09-28T16:24:17.924,54.927,0,1604.25,118,,118.406,49.02,-2.5,4.688,1.001,0.996,-0.027,19020,38.431,42.745,34,,50,,,,,,,,,,,
2026-09-28T16:24:18.053,55.056,0,1557.5,115,,117.25,49.412,0.5,4.688,1.0,0.99,-0.047,18780,32.549,21.176,34,,,0.781,,,,,,,,,,
2026-09-28T16:24:18.183,55.186,0,1546.5,92,,111.375,30.588,8.0,0.781,1.005,0.976,-0.086,18200,32.157,22.353,35,,,,13.71,,,,,,,,,
2026-09-28T16:24:18.313,55.316,0,1619.0,90,,108.75,29.804,9.5,2.344,0.997,0.987,-0.051,17970,32.157,23.137,35,,,,,97,,,,,,,,
2026-09-28T16:24:18.443,55.446,0,1632.0,91,,105.094,27.843,11.5,0.781,1.005,0.979,-0.074,17030,31.373,22.745,35,,,,,,23,,,,,,,
2026-09-28T16:24:18.574,55.577,0,1649.5,90,,104.719,26.667,12.5,0.0,1.008,0.998,-0.023,16150,29.804,20.0,36,,,,,,,78.824,,,,,,
2026-09-28T16:24:18.703,55.706,0,1661.5,87,,104.656,24.706,14.5,0.781,0.997,1.008,-0.012,15720,27.843,17.255,36,,,,,,,,420.5,,,,,
2026-09-28T16:24:18.833,55.836,0,1670.0,79,,104.656,19.608,15.5,1.562,0.993,0.996,-0.031,15470,25.882,16.078,36,,,,,,,,,0.775,,,,
2026-09-28T16:24:18.974,55.977,0,1673.75,59,,104.25,16.471,16.5,0.781,0.992,0.979,-0.074,14900,24.706,16.078,36,,,,,,,,,,,0.781,,
2026-09-28T16:24:19.103,56.106,0,1696.75,53,,103.344,15.294,16.0,0.781,0.991,0.991,-0.043,14260,22.745,15.686,37,,,,,,,,,,,,29.804,
2026-09-28T16:24:19.234,56.237,0,1725.0,48,,102.375,10.98,15.5,0.781,1.001,0.999,-0.023,13680,14.902,12.941,37,,,,,,,,,,,,,91
2026-09-28T16:24:19.363,56.366,0,1685.5,29,,101.969,0.0,20.5,0.781,1.005,0.993,-0.039,13190,14.902,12.941,37,103,,,,,,,,,,,,
2026-09-28T16:24:19.493,56.497,0,1654.75,24,,101.344,0.0,29.0,0.0,1.007,0.986,-0.055,12800,16.863,12.941,36,,48,,,,,,,,,,,
2026-09-28T16:24:19.623,56.626,0,1625.75,23,,100.75,0.0,32.0,0.0,1.005,1.005,-0.016,12350,14.51,12.941,36,,,4.688,,,,,,,,,,
2026-09-28T16:24:19.753,56.756,0,1591.25,22,,100.0,0.0,23.5,0.781,1.003,1.021,0.0,11910,14.51,12.941,36,,,,13.847,,,,,,,,,
2026-09-28T16:24:19.883,56.886,0,1551.75,22,,99.688,0.0,17.0,1.562,1.003,1.024,0.004,11520,14.51,12.549,36,,,,,97,,,,,,,,
2026-09-28T16:24:20.014,57.017,0,1478.5,22,,99.438,0.0,10.5,1.562,1.003,1.018,-0.004,11100,14.51,12.549,36,,,,,,23,,,,,,,
2026-09-28T16:24:20.143,57.146,0,1385.75,21,,98.812,0.0,3.5,1.562,1.003,1.021,0.0,10730,14.51,12.157,36,,,,,,,78.824,,,,,,
2026-09-28T16:24:20.273,57.277,0,1263.5,21,,98.812,0.0,-2.5,0.0,1.002,1.026,0.008,10440,14.51,12.157,36,,,,,,,,424.6,,,,,
2026-09-28T16:24:20.403,57.406,0,1147.0,22,,98.5,0.0,-7.0,0.0,1.003,1.048,0.031,10210,14.51,12.157,36,,,,,,,,,0.77,,,,
2026-09-28T16:24:20.533,57.536,0,1133.5,22,,98.188,0.0,-6.5,0.0,1.003,1.111,0.102,10030,14.51,12.549,36,,,,,,,,,,,0.781,,
2026-09-28T16:24:20.663,57.666,0,1210.25,23,,98.406,0.0,-5.5,0.0,1.004,1.187,0.18,9930,27.451,12.549,35,,,,,,,,,,,,12.157,
2026-09-28T16:24:20.793,57.796,0,1278.0,23,,98.375,0.0,19.0,0.0,0.996,1.562,0.473,9540,31.373,16.078,35,,,,,,,,,,,,,93
2026-09-28T16:24:20.923,57.926,0,1454.0,32,,98.0,14.51,14.0,0.0,1.009,1.427,0.387,8680,36.078,18.824,35,103,,,,,,,,,,,,
2026-09-28T16:24:21.053,58.056,0,1539.75,54,,97.219,21.176,14.0,0.0,0.945,0.993,-0.035,7850,39.216,25.098,35,,49,,,,,,,,,,,
2026-09-28T16:24:21.184,58.187,0,1668.0,77,,96.531,26.667,12.0,0.0,0.916,0.926,-0.199,9230,42.353,36.863,36,,,0.781,,,,,,,,,,
2026-09-28T16:24:21.313,58.316,0,1617.25,94,,96.562,31.373,9.5,0.781,0.914,0.95,-0.141,9430,41.961,59.608,36,,,,13.828,,,,,,,,,
2026-09-28T16:24:21.444,58.447,0,1692.5,98,,98.062,34.118,6.5,5.469,0.912,0.997,-0.027,10430,41.569,60.392,37,,,,,97,,,,,,,,
2026-09-28T16:24:21.575,58.578,0,1706.25,100,,99.625,35.294,6.5,5.469,0.922,0.968,-0.102,11730,39.216,58.431,37,,,,,,23,,,,,,,
2026-09-28T16:24:21.703,58.706,0,1731.75,101,,101.25,36.078,4.0,5.469,0.928,0.97,-0.098,12730,36.863,54.118,38,,,,,,,78.824,,,,,,
2026-09-28T16:24:21.833,58.836,0,1759.0,103,,105.438,37.255,4.0,7.031,0.935,0.982,-0.066,13720,36.863,51.373,39,,,,,,,,424.0,,,,,
2026-09-28T16:24:21.963,58.966,0,1793.0,107,,107.75,38.431,3.5,7.031,0.938,0.962,-0.113,14590,36.863,31.765,39,,,,,,,,,0.815,,,,
2026-09-28T16:24:22.094,59.097,0,1813.5,105,,110.656,36.078,4.5,7.031,0.937,0.957,-0.125,15560,36.471,30.98,40,,,,,,,,,,,0.781,,
2026-09-28T16:24:22.224,59.227,0,1844.25,106,,112.406,34.902,6.0,7.031,0.988,0.997,-0.027,16520,36.471,27.451,40,,,,,,,,,,,,79.216,
2026-09-28T16:24:22.353,59.356,0,1850.75,103,,115.688,34.51,7.0,7.031,0.994,0.992,-0.039,16610,36.078,27.059,41,,,,,,,,,,,,,94
2026-09-28T16:24:22.483,59.487,0,1886.0,102,,116.531,34.51,9.0,6.25,1.003,0.998,-0.027,16770,34.902,24.706,41,102,,,,,,,,,,,,
2026-09-28T16:24:22.613,59.616,0,1897.25,98,,117.75,30.98,10.5,7.031,1.0,1.008,-0.012,16230,34.51,24.314,41,,49,,,,,,,,,,,
2026-09-28T16:24:22.744,59.747,0,1918.5,95,,117.656,29.412,11.0,7.031,1.0,0.999,-0.023,16020,34.51,24.314,42,,,0.0,,,,,,,,,,
2026-09-28T16:24:22.874,59.877,0,1928.25,96,,117.219,30.196,-20.0,6.25,1.0,0.992,-0.039,16260,34.51,24.314,42,,,,13.886,,,,,,,,,
2026-09-28T16:24:23.004,60.007,0,1708.75,97,,117.25,30.196,-8.0,6.25,1.0,1.013,-0.008,16630,34.902,23.922,42,,,,,97,,,,,,,,
2026-09-28T16:24:23.134,60.137,0,1627.0,98,,118.219,33.333,-4.0,8.594,0.999,1.013,-0.008,16800,34.51,23.137,43,,,,,,23,,,,,,,
2026-09-28T16:24:23.263,60.266,0,1589.5,98,,117.844,34.118,-4.0,7.031,0.998,0.986,-0.055,16970,34.51,23.529,43,,,,,,,78.824,,,,,,
2026-09-28T16:24:23.393,60.396,0,1551.25,98,,117.281,36.078,-1.0,5.469,1.007,0.977,-0.082,16990,34.51,23.137,44,,,,,,,,430.8,,,,,
2026-09-28T16:24:23.523,60.527,0,1492.25,99,,116.594,41.176,2.0,3.125,0.996,0.958,-0.121,17030,34.51,22.745,44,,,,,,,,,0.815,,,,
2026-09-28T16:24:23.653,60.656,0,1415.75,98,,115.344,42.353,7.5,2.344,1.002,0.968,-0.102,17120,34.51,22.353,45,,,,,,,,,,,0.781,,
2026-09-28T16:24:23.783,60.786,0,1413.75,97,,114.625,43.529,4.5,0.781,0.999,0.968,-0.102,16860,32.941,21.176,45,,,,,,,,,,,,68.235,
2026-09-28T16:24:23.914,60.917,0,1416.25,96,,113.906,41.176,5.5,0.0,1.004,0.983,-0.062,16390,30.98,19.216,45,,,,,,,,,,,,,96
2026-09-28T16:24:24.053,61.056,0,1416.5,88,,108.281,32.549,7.0,0.0,1.001,1.017,-0.004,15760,30.196,18.431,45,102,,,,,,,,,,,,
2026-09-28T16:24:24.184,61.187,0,1434.5,85,,107.281,30.196,8.5,2.344,0.996,1.024,0.004,15080,30.196,18.824,45,,49,,,,,,,,,,,
2026-09-28T16:24:24.313,61.316,0,1448.5,82,,106.469,29.412,10.0,3.125,1.005,1.014,-0.008,14720,30.588,19.216,46,,,0.781,,,,,,,,,,
2026-09-28T16:24:24.443,61.446,0,1463.25,81,,104.438,29.02,10.0,2.344,1.007,0.996,-0.027,14800,30.196,19.216,46,,,,13.847,,,,,,,,,
2026-09-28T16:24:24.577,61.58,0,1472.75,80,,103.812,28.235,10.5,2.344,0.997,0.993,-0.039,15080,30.196,19.608,46,,,,,97,,,,,,,,
2026-09-28T16:24:24.703,61.707,0,1463.25,79,,103.219,27.843,10.5,2.344,0.993,0.991,-0.043,15070,30.196,19.608,46,,,,,,23,,,,,,,
2026-09-28T16:24:24.833,61.836,0,1470.25,80,,102.375,27.451,11.0,2.344,0.994,0.991,-0.043,15000,30.196,19.608,46,,,,,,,78.824,,,,,,
2026-09-28T16:24:24.963,61.966,0,1479.5,79,,102.031,27.451,11.0,1.562,1.003,0.993,-0.035,14980,30.196,20.0,47,,,,,,,,435.5,,,,,
2026-09-28T16:24:25.093,62.096,0,1493.0,80,,101.719,27.451,11.0,0.781,1.007,0.996,-0.031,14920,30.196,20.392,47,,,,,,,,,0.83,,,,
2026-09-28T16:24:25.223,62.226,0,1498.25,81,,101.438,26.667,11.0,0.781,1.008,1.005,-0.016,14840,30.196,20.392,47,,,,,,,,,,,0.781,,
2026-09-28T16:24:25.353,62.356,0,1506.75,80,,101.094,26.275,11.5,1.562,0.997,1.003,-0.016,14900,30.588,20.392,47,,,,,,,,,,,,50.196,
2026-09-28T16:24:25.483,62.486,0,1513.75,80,,103.188,26.667,11.5,1.562,0.994,0.998,-0.023,15010,30.588,20.392,47,,,,,,,,,,,,,97
2026-09-28T16:24:25.614,62.617,0,1514.25,80,,103.094,26.275,11.5,1.562,0.999,1.005,-0.016,15090,30.588,20.784,48,102,,,,,,,,,,,,
2026-09-28T16:24:25.743,62.747,0,1522.25,83,,103.344,27.059,12.0,2.344,1.006,1.012,-0.008,15130,30.98,21.176,48,,49,,,,,,,,,,,
2026-09-28T16:24:25.873,62.877,0,1531.25,84,,103.344,27.059,11.5,2.344,1.009,1.019,0.0,15120,30.98,21.176,48,,,0.781,,,,,,,,,,
2026-09-28T16:24:26.003,63.006,0,1539.75,84,,103.469,27.059,11.5,3.906,1.0,1.015,-0.004,15070,30.98,21.569,48,,,,13.945,,,,,,,,,
2026-09-28T16:24:26.133,63.136,0,1548.5,85,,103.781,27.059,11.5,4.688,0.993,0.999,-0.023,15220,31.373,21.569,49,,,,,97,,,,,,,,
2026-09-28T16:24:26.263,63.266,0,1555.75,85,,103.969,27.059,12.0,3.906,0.991,0.994,-0.035,15400,31.373,21.961,49,,,,,,23,,,,,,,
2026-09-28T16:24:26.393,63.396,0,1561.0,86,,104.031,27.059,12.0,3.906,1.003,1.011,-0.008,15400,30.98,21.569,49,,,,,,,78.824,,,,,,
2026-09-28T16:24:26.524,63.527,0,1567.5,86,,104.25,25.882,12.5,4.688,1.007,1.016,-0.004,15410,29.412,19.216,49,,,,,,,,438.4,,,,,
2026-09-28T16:24:26.653,63.656,0,1569.25,80,,105.094,23.137,12.5,4.688,1.007,1.006,-0.016,14890,29.02,18.039,49,,,,,,,,,0.83,,,,
2026-09-28T16:24:26.783,63.786,0,1570.0,72,,105.25,21.569,13.5,3.906,0.998,0.984,-0.059,14130,29.02,18.039,50,,,,,,,,,,,0.781,,
2026-09-28T16:24:26.913,63.917,0,1578.0,67,,104.938,21.176,14.0,3.125,0.994,0.976,-0.086,13740,27.451,16.863,50,,,,,,,,,,,,42.353,
2026-09-28T16:24:27.043,64.046,0,1580.75,61,,104.281,18.039,14.5,1.562,0.992,0.975,-0.086,13290,24.314,16.471,50,,,,,,,,,,,,,99
2026-09-28T16:24:27.178,64.181,0,1591.5,59,,104.031,18.039,15.5,2.344,0.999,0.992,-0.039,12650,24.314,15.686,50,102,,,,,,,,,,,,
2026-09-28T16:24:27.303,64.306,0,1594.5,49,,101.875,15.294,15.5,0.781,1.005,0.984,-0.059,12130,23.922,14.902,50,,48,,,,,,,,,,,
2026-09-28T16:24:27.433,64.436,0,1606.0,43,,100.75,12.549,15.0,0.0,1.008,0.984,-0.059,11610,23.529,15.294,50,,,2.344,,,,,,,,,,
2026-09-28T16:24:27.564,64.567,0,1589.5,39,,100.406,12.157,15.0,0.0,1.008,1.01,-0.012,11080,23.529,15.294,50,,,,13.886,,,,,,,,,
2026-09-28T16:24:27.693,64.696,0,1589.0,39,,99.938,12.157,15.0,1.562,1.01,1.03,0.012,10510,23.529,15.686,50,,,,,97,,,,,,,,
2026-09-28T16:24:27.823,64.826,0,1592.0,39,,99.594,12.157,15.0,0.781,1.002,0.987,-0.051,9970,24.314,16.078,50,,,,,,22,,,,,,,
2026-09-28T16:24:27.953,64.956,0,1592.75,40,,98.969,12.941,15.5,0.0,0.995,0.974,-0.086,9620,24.706,16.078,50,,,,,,,78.824,,,,,,
2026-09-28T16:24:28.083,65.086,0,1603.75,42,,98.812,13.333,15.5,0.0,0.992,0.982,-0.062,9030,25.882,16.863,50,,,,,,,,442.3,,,,,
2026-09-28T16:24:28.213,65.216,0,1609.75,46,,98.5,14.118,15.5,0.0,0.991,0.973,-0.09,8740,26.275,16.471,50,,,,,,,,,0.815,,,,
2026-09-28T16:24:28.343,65.346,0,1596.0,50,,98.188,15.294,15.5,-1.562,0.997,0.984,-0.059,9330,26.275,16.863,50,,,,,,,,,,,0.781,,
2026-09-28T16:24:28.474,65.477,0,1597.5,52,,98.156,15.686,15.5,-1.562,1.005,0.992,-0.039,10310,26.667,16.863,50,,,,,,,,,,,,33.333,
2026-09-28T16:24:28.603,65.607,0,1618.25,54,,98.844,15.686,15.5,-3.125,1.008,0.984,-0.059,10190,26.667,17.255,51,,,,,,,,,,,,,100
2026-09-28T16:24:28.733,65.737,0,1632.0,55,,98.812,16.078,-11.5,-3.125,1.005,0.999,-0.023,10870,26.667,17.255,50,102,,,,,,,,,,,,
2026-09-28T16:24:28.863,65.866,0,1526.25,57,,98.812,17.647,-5.0,-2.344,0.997,0.99,-0.043,11550,26.667,16.471,51,,49,,,,,,,,,,,
2026-09-28T16:24:28.993,65.996,0,1399.25,60,,99.156,20.392,-5.0,-4.688,0.993,0.97,-0.098,11050,27.059,16.078,51,,,2.344,,,,,,,,,,
2026-09-28T16:24:29.123,66.126,0,1336.25,57,,99.156,23.137,2.0,-3.906,0.991,0.992,-0.043,11000,27.059,16.078,51,,,,13.847,,,,,,,,,
2026-09-28T16:24:29.253,66.256,0,1296.75,54,,99.156,23.922,5.0,-3.906,1.001,1.011,-0.008,11280,27.059,15.686,51,,,,,97,,,,,,,,
2026-09-28T16:24:29.383,66.386,0,1253.25,54,,99.156,24.314,12.5,-3.125,1.005,1.005,-0.016,11300,27.059,15.686,51,,,,,,22,,,,,,,
2026-09-28T16:24:29.513,66.517,0,1222.25,54,,99.156,24.706,11.0,-3.906,1.007,0.995,-0.035,10800,27.059,15.686,51,,,,,,,78.824,,,,,,
2026-09-28T16:24:29.643,66.646,0,1229.5,53,,98.812,25.49,8.0,-3.906,1.005,0.998,-0.023,10350,26.275,15.686,51,,,,,,,,444.5,,,,,
2026-09-28T16:24:29.783,66.786,0,1240.25,52,,98.812,24.706,13.5,-3.125,1.004,1.014,-0.008,10870,23.922,14.51,51,,,,,,,,,0.81,,,,
2026-09-28T16:24:29.914,66.917,0,1233.25,50,,98.812,23.137,13.0,-3.906,1.004,0.985,-0.059,10360,23.529,14.118,51,,,,,,,,,,,0.781,,
2026-09-28T16:24:30.043,67.046,0,1241.25,43,,98.812,20.392,14.0,-4.688,1.004,0.986,-0.055,9740,23.137,14.118,51,,,,,,,,,,,,26.667,
2026-09-28T16:24:30.179,67.182,0,1239.5,40,,98.75,18.824,14.0,-4.688,1.004,0.995,-0.031,9610,21.961,14.118,51,,,,,,,,,,,,,102
2026-09-28T16:24:30.304,67.307,0,1233.75,39,,98.5,18.039,14.0,-5.469,1.004,0.985,-0.059,9050,21.176,12.941,51,102,,,,,,,,,,,,
2026-09-28T16:24:30.433,67.436,0,1222.0,37,,98.5,13.725,11.5,-5.469,0.998,0.988,-0.051,8570,21.176,12.549,51,,49,,,,,,,,,,,
2026-09-28T16:24:30.563,67.566,0,1230.75,28,,98.312,11.765,18.5,-4.688,0.996,1.013,-0.008,8480,21.961,13.333,51,,,4.688,,,,,,,,,,
2026-09-28T16:24:30.694,67.697,0,1233.5,29,,98.188,13.333,17.5,-4.688,0.999,0.994,-0.035,8050,21.961,13.333,52,,,,13.906,,,,,,,,,
2026-09-28T16:24:30.823,67.826,0,1250.0,30,,98.188,12.941,17.0,-6.25,1.002,0.981,-0.07,7620,22.353,13.333,51,,,,,97,,,,,,,,
2026-09-28T16:24:30.953,67.956,0,1232.0,31,,97.969,14.118,17.5,-5.469,1.004,0.996,-0.031,7100,22.353,13.725,51,,,,,,22,,,,,,,
2026-09-28T16:24:31.084,68.087,0,1229.25,31,,97.875,14.118,16.5,-4.688,1.004,1.027,0.008,6680,25.098,14.902,51,,,,,,,78.824,,,,,,
2026-09-28T16:24:31.213,68.216,0,1233.5,33,,97.688,16.471,13.5,-2.344,1.004,1.052,0.035,6130,25.49,15.294,51,,,,,,,,446.1,,,,,
2026-09-28T16:24:31.343,68.346,0,1230.5,43,,97.531,20.784,13.0,0.0,1.006,1.043,0.027,5510,25.882,15.686,51,,,,,,,,,0.81,,,,
2026-09-28T16:24:31.474,68.477,0,1234.75,46,,97.531,22.353,13.0,0.0,1.009,1.025,0.004,5850,26.275,15.294,51,,,,,,,,,,,0.781,,
2026-09-28T16:24:31.603,68.606,0,1236.5,47,,97.531,22.745,13.0,-0.781,1.003,0.989,-0.047,6640,26.667,15.686,51,,,,,,,,,,,,31.765,
2026-09-28T16:24:31.733,68.736,0,1236.0,48,,97.531,23.922,13.5,-2.344,0.996,0.96,-0.117,7010,27.059,16.078,51,,,,,,,,,,,,,104
2026-09-28T16:24:31.863,68.866,0,1244.0,50,,97.469,23.922,13.5,-3.906,0.994,0.969,-0.098,8120,27.451,15.686,51,102,,,,,,,,,,,,
2026-09-28T16:24:31.993,68.996,0,1244.75,52,,97.531,24.314,13.0,-4.688,0.993,0.969,-0.102,8630,27.451,16.078,51,,50,,,,,,,,,,,
2026-09-28T16:24:32.124,69.127,0,1244.25,53,,97.531,25.49,13.0,-5.469,1.001,0.989,-0.047,9200,27.451,16.078,51,,,2.344,,,,,,,,,,
2026-09-28T16:24:32.253,69.256,0,1238.75,54,,97.531,25.49,13.0,-4.688,1.006,1.019,0.0,10550,27.843,16.078,52,,,,13.847,,,,,,,,,
2026-09-28T16:24:32.383,69.386,0,1245.0,56,,97.531,25.49,13.0,-3.906,1.009,1.002,-0.02,10530,27.843,16.078,52,,,,,97,,,,,,,,
2026-09-28T16:24:32.513,69.516,0,1254.0,57,,97.531,25.098,12.5,-5.469,1.001,0.989,-0.047,10510,27.843,16.078,52,,,,,,22,,,,,,,
2026-09-28T16:24:32.643,69.646,0,1256.5,55,,97.531,26.275,12.5,-4.688,0.995,1.008,-0.012,11030,27.843,16.078,52,,,,,,,78.824,,,,,,
2026-09-28T16:24:32.773,69.776,0,1254.75,55,,97.531,25.882,12.5,-3.125,0.992,1.013,-0.008,11700,27.843,16.078,52,,,,,,,,447.0,,,,,
2026-09-28T16:24:32.903,69.907,0,1253.0,57,,97.594,25.882,12.5,-3.125,0.995,0.995,-0.031,11340,27.843,16.078,52,,,,,,,,,0.805,,,,
2026-09-28T16:24:33.034,70.037,0,1258.5,57,,97.656,25.882,12.5,-3.906,1.003,0.997,-0.027,11280,27.843,16.078,52,,,,,,,,,,,0.781,,
2026-09-28T16:24:33.163,70.166,0,1260.25,56,,97.781,25.49,12.5,-3.125,1.007,1.015,-0.004,11800,28.627,16.863,52,,,,,,,,,,,,39.608,
2026-09-28T16:24:33.294,70.297,0,1272.75,59,,97.562,27.059,12.5,-3.125,1.008,1.009,-0.012,11780,28.627,16.471,52,,,,,,,,,,,,,105
2026-09-28T16:24:33.423,70.427,0,1281.25,60,,97.844,26.275,12.5,-3.125,0.999,1.003,-0.016,11790,28.235,16.471,53,102,,,,,,,,,,,,
2026-09-28T16:24:33.553,70.556,0,1274.75,59,,97.875,26.667,12.5,-1.562,0.994,1.021,0.0,12440,27.843,16.078,53,,50,,,,,,,,,,,
2026-09-28T16:24:33.683,70.686,0,1279.0,60,,97.875,25.49,13.0,-0.781,0.991,0.998,-0.023,11820,27.843,16.078,53,,,1.562,,,,,,,,,,
2026-09-28T16:24:33.813,70.816,0,1304.25,58,,97.875,25.098,13.0,-1.562,1.0,0.999,-0.02,11590,26.667,16.078,53,,,,13.828,,,,,,,,,
2026-09-28T16:24:33.944,70.947,0,1294.75,57,,98.156,24.314,13.5,-0.781,1.005,1.013,-0.008,11790,26.275,15.686,53,,,,,97,,,,,,,,
2026-09-28T16:24:34.074,71.077,0,1293.0,56,,98.188,23.922,13.5,-3.125,1.008,0.978,-0.078,10890,25.882,15.686,53,,,,,,22,,,,,,,
2026-09-28T16:24:34.224,71.227,0,1293.75,53,,98.125,22.745,14.0,-3.125,1.004,0.992,-0.039,10350,26.275,15.686,54,,,,,,,78.824,,,,,,
2026-09-28T16:24:34.353,71.356,0,1290.25,49,,98.125,22.353,14.0,-3.125,0.996,0.994,-0.035,10560,26.667,15.686,54,,,,,,,,447.2,,,,,
2026-09-28T16:24:34.483,71.486,0,1303.25,52,,98.094,21.961,14.0,-3.906,0.993,0.973,-0.09,9610,26.667,16.078,54,,,,,,,,,0.82,,,,
2026-09-28T16:24:34.614,71.617,0,1306.75,52,,97.969,22.353,13.5,-4.688,0.992,0.989,-0.047,9480,26.667,16.078,54,,,,,,,,,,,0.781,,
2026-09-28T16:24:34.743,71.746,0,1302.75,51,,97.906,23.137,13.5,-3.906,1.001,1.011,-0.008,10100,27.059,16.078,54,,,,,,,,,,,,34.902,
2026-09-28T16:24:34.873,71.876,0,1307.0,52,,97.875,23.137,14.0,-3.125,1.006,1.001,-0.02,10430,27.843,16.471,54,,,,,,,,,,,,,107
2026-09-28T16:24:35.004,72.007,0,1315.75,53,,97.875,23.137,13.5,-4.688,1.009,0.99,-0.043,10440,29.412,17.255,54,102,,,,,,,,,,,,
2026-09-28T16:24:35.133,72.136,0,1322.5,56,,97.719,27.451,12.5,-4.688,1.004,1.02,0.0,11800,29.804,18.039,54,,50,,,,,,,,,,,
2026-09-28T16:24:35.263,72.267,0,1322.75,67,,97.875,28.235,12.5,-2.344,0.996,1.005,-0.016,12230,29.804,18.039,54,,,1.562,,,,,,,,,,
2026-09-28T16:24:35.393,72.396,0,1326.25,68,,97.875,28.627,12.5,-3.125,0.992,1.0,-0.02,12840,30.196,18.824,55,,,,13.828,,,,,,,,,
2026-09-28T16:24:35.524,72.527,0,1324.75,69,,97.875,31.373,13.0,-1.562,1.0,1.029,0.008,14100,30.98,19.608,55,,,,,97,,,,,,,,
2026-09-28T16:24:35.653,72.656,0,1335.25,77,,98.188,33.333,13.0,-0.781,1.005,1.015,-0.004,14980,31.373,21.961,55,,,,,,22,,,,,,,
2026-09-28T16:24:35.783,72.786,0,1344.75,84,,98.156,34.902,12.0,-1.562,1.008,1.011,-0.008,15400,31.765,22.353,55,,,,,,,78.824,,,,,,
2026-09-28T16:24:35.913,72.917,0,1341.5,86,,98.469,36.863,11.0,0.0,0.999,1.029,0.008,15940,32.157,22.745,55,,,,,,,,446.7,,,,,
2026-09-28T16:24:36.043,73.046,0,1341.25,87,,99.219,39.216,9.0,1.562,0.994,1.021,0.0,16080,32.549,23.137,56,,,,,,,,,0.835,,,,
2026-09-28T16:24:36.178,73.181,0,1347.75,88,,99.781,39.216,9.0,1.562,1.003,1.015,-0.004,16360,32.941,23.529,56,,,,,,,,,,,0.781,,
2026-09-28T16:24:36.304,73.307,0,1349.25,89,,100.156,40.392,7.5,2.344,1.007,1.015,-0.004,16410,32.941,23.922,56,,,,,,,,,,,,61.569,
2026-09-28T16:24:36.433,73.436,0,1356.5,89,,101.031,40.784,7.0,1.562,1.005,1.007,-0.012,16190,33.333,24.314,56,,,,,,,,,,,,,108
2026-09-28T16:24:36.563,73.566,0,1364.75,92,,101.469,41.176,5.0,2.344,0.996,1.0,-0.02,16050,33.725,24.706,57,102,,,,,,,,,,,,
2026-09-28T16:24:36.693,73.696,0,1372.25,92,,101.875,41.176,4.5,2.344,0.993,1.003,-0.016,16290,34.118,25.49,57,,50,,,,,,,,,,,
2026-09-28T16:24:36.823,73.826,0,1376.75,93,,102.312,44.314,3.5,2.344,0.996,0.996,-0.031,16590,34.51,25.882,57,,,0.781,,,,,,,,,,
2026-09-28T16:24:36.953,73.956,0,1379.75,96,,103.312,43.922,3.5,1.562,1.005,0.994,-0.035,16800,34.51,26.275,57,,,,13.886,,,,,,,,,
2026-09-28T16:24:37.083,74.086,0,1377.75,96,,103.719,44.706,3.5,1.562,1.008,0.999,-0.023,16890,34.51,25.882,57,,,,,97,,,,,,,,
2026-09-28T16:24:37.213,74.216,0,1389.25,96,,104.375,44.706,3.5,1.562,0.997,0.996,-0.031,16750,34.902,26.275,58,,,,,,22,,,,,,,
2026-09-28T16:24:37.343,74.346,0,1392.0,97,,105.219,45.49,3.5,1.562,0.991,0.992,-0.039,16730,35.294,26.667,58,,,,,,,78.824,,,,,,
2026-09-28T16:24:37.473,74.476,0,1397.5,98,,105.688,46.667,3.0,1.562,0.999,0.997,-0.027,16920,36.078,27.059,58,,,,,,,,446.5,,,,,
2026-09-28T16:24:37.603,74.606,0,1402.5,99,,106.0,47.059,2.0,1.562,1.003,0.992,-0.039,17080,36.471,27.843,58,,,,,,,,,0.825,,,,
2026-09-28T16:24:37.734,74.737,0,1411.0,100,,106.969,47.843,2.0,0.0,1.002,0.984,-0.062,17330,37.647,29.412,58,,,,,,,,,,,0.781,,
2026-09-28T16:24:37.863,74.866,0,1414.5,102,,107.344,49.02,-0.5,0.0,0.996,0.982,-0.062,17570,38.824,33.333,59,,,,,,,,,,,,85.882,
2026-09-28T16:24:37.993,74.996,0,1426.5,104,,107.812,50.98,-1.5,0.0,1.001,0.997,-0.027,17960,39.216,36.078,59,,,,,,,,,,,,,110
2026-09-28T16:24:38.123,75.126,0,1424.75,106,,108.594,54.118,-3.0,0.781,0.999,1.01,-0.012,18150,39.216,35.686,59,102,,,,,,,,,,,,
2026-09-28T16:24:38.253,75.256,0,1429.0,109,,110.812,54.902,-4.0,0.781,0.995,0.992,-0.039,18190,39.216,35.294,59,,48,,,,,,,,,,,
2026-09-28T16:24:38.384,75.387,0,1428.0,108,,110.688,53.333,-2.5,0.0,1.002,0.996,-0.031,18220,39.216,36.863,60,,,0.781,,,,,,,,,,
2026-09-28T16:24:38.513,75.516,0,1444.25,108,,109.938,52.549,-2.5,0.0,0.999,0.996,-0.027,18250,40.784,43.922,60,,,,13.808,,,,,,,,,
2026-09-28T16:24:38.643,75.646,0,1446.0,108,,108.531,52.941,-2.5,0.781,0.995,1.008,-0.012,18310,42.353,55.294,60,,,,,97,,,,,,,,
2026-09-28T16:24:38.773,75.776,0,1454.75,109,,109.031,52.157,-3.5,2.344,1.002,1.028,0.008,18370,42.745,55.686,60,,,,,,22,,,,,,,
2026-09-28T16:24:38.903,75.906,0,1477.75,110,,110.594,52.941,-3.0,2.344,0.997,1.007,-0.012,18270,44.314,59.216,61,,,,,,,78.824,,,,,,
2026-09-28T16:24:39.033,76.036,0,1476.0,112,,113.906,52.941,-4.0,2.344,0.995,0.991,-0.043,18480,44.706,60.0,61,,,,,,,,457.1,,,,,
2026-09-28T16:24:39.163,76.167,0,1476.75,115,,115.219,54.902,-5.0,2.344,0.997,0.998,-0.027,18890,45.49,61.569,61,,,,,,,,,0.82,,,,
2026-09-28T16:24:39.304,76.307,0,1481.25,116,,116.562,56.078,-6.0,2.344,1.0,0.997,-0.027,18940,46.275,62.353,61,,,,,,,,,,,0.781,,
2026-09-28T16:24:39.433,76.437,0,1490.25,118,,119.812,57.647,-2.5,2.344,1.003,0.997,-0.027,19240,46.667,62.745,62,,,,,,,,,,,,112.549,
2026-09-28T16:24:39.564,76.567,0,1492.0,121,,120.781,61.176,-2.5,4.688,1.0,1.076,0.062,19520,47.059,62.353,62,,,,,,,,,,,,,111
2026-09-28T16:24:39.693,76.697,0,1497.75,122,,122.469,64.706,-2.0,8.594,0.997,1.02,0.0,19750,47.451,62.745,62,102,,,,,,,,,,,,
2026-09-28T16:24:39.824,76.827,0,1508.25,125,,124.375,64.706,-2.0,5.469,0.996,0.98,-0.07,19970,47.451,62.745,62,,47,,,,,,,,,,,
2026-09-28T16:24:39.953,76.956,0,1512.75,128,,127.562,64.314,-2.5,5.469,0.997,1.002,-0.02,19990,47.451,63.137,63,,,0.0,,,,,,,,,,
2026-09-28T16:24:40.083,77.086,0,1523.5,129,,128.906,64.314,-4.0,6.25,1.004,1.016,-0.004,19950,47.451,63.137,63,,,,13.71,,,,,,,,,
2026-09-28T16:24:40.213,77.216,0,1533.75,130,,130.25,63.922,-4.0,6.25,1.002,1.006,-0.016,19900,47.451,63.922,63,,,,,97,,,,,,,,
2026-09-28T16:24:40.343,77.347,0,1539.75,132,,132.5,63.137,-4.5,6.25,0.998,0.999,-0.023,20060,47.843,63.529,64,,,,,,22,,,,,,,
2026-09-28T16:24:40.473,77.477,0,1543.0,133,,133.438,65.098,-5.5,7.031,0.994,1.002,-0.02,20030,48.235,64.314,64,,,,,,,78.824,,,,,,
2026-09-28T16:24:40.604,77.607,0,1546.75,135,,134.719,66.275,-5.5,6.25,0.996,0.985,-0.059,19880,49.02,64.314,64,,,,,,,,508.5,,,,,
2026-09-28T16:24:40.733,77.736,0,1557.75,136,,137.375,65.882,-5.5,6.25,0.998,0.989,-0.047,19880,49.412,64.706,65,,,,,,,,,0.81,,,,
2026-09-28T16:24:40.863,77.867,0,1564.25,139,,138.656,65.882,-5.5,4.688,0.997,0.982,-0.066,19970,49.412,64.706,65,,,,,,,,,,,0.781,,
2026-09-28T16:24:40.993,77.996,0,1572.5,140,,139.531,66.275,-7.0,4.688,1.0,0.996,-0.027,20070,49.804,65.098,65,,,,,,,,,,,,136.078,
2026-09-28T16:24:41.123,78.126,0,1573.0,141,,140.562,68.627,-7.0,5.469,0.997,0.997,-0.027,19870,49.804,65.49,66,,,,,,,,,,,,,113
2026-09-28T16:24:41.253,78.256,0,1583.5,144,,143.781,68.235,-6.0,4.688,0.999,0.988,-0.051,19790,50.196,66.275,66,102,,,,,,,,,,,,
2026-09-28T16:24:41.383,78.387,0,1599.25,145,,145.062,67.451,-6.5,4.688,0.999,0.998,-0.027,19830,50.588,65.882,66,,45,,,,,,,,,,,
2026-09-28T16:24:41.514,78.517,0,1612.75,147,,146.438,67.843,-5.5,4.688,0.999,0.991,-0.043,20040,50.98,66.667,66,,,0.0,,,,,,,,,,
2026-09-28T16:24:41.644,78.647,0,1607.75,148,,148.094,69.02,-7.0,5.469,0.999,1.015,-0.004,19950,51.765,66.275,67,,,,13.808,,,,,,,,,
2026-09-28T16:24:41.775,78.778,0,1614.0,150,,149.531,71.373,-7.5,6.25,0.999,0.999,-0.023,19820,52.157,66.275,67,,,,,97,,,,,,,,
2026-09-28T16:24:41.903,78.906,0,1625.75,152,,151.344,72.549,-7.5,5.469,0.999,0.998,-0.023,19860,53.333,66.667,67,,,,,,22,,,,,,,
2026-09-28T16:24:42.033,79.036,0,1634.25,153,,154.906,72.941,-7.5,5.469,0.999,0.989,-0.047,19790,54.118,68.627,68,,,,,,,78.824,,,,,,
2026-09-28T16:24:42.164,79.167,0,1718.5,157,,156.406,70.588,-7.0,5.469,0.999,0.997,-0.027,19780,54.118,72.549,68,,,,,,,,564.5,,,,,
2026-09-28T16:24:42.293,79.296,0,1823.0,158,,157.812,67.843,-7.0,4.688,0.999,0.99,-0.043,19730,54.51,76.863,68,,,,,,,,,0.81,,,,
2026-09-28T16:24:42.424,79.427,0,1943.0,161,,160.75,69.412,-5.5,4.688,0.999,0.991,-0.043,19760,54.51,81.176,68,,,,,,,,,,,0.781,,
2026-09-28T16:24:42.553,79.556,0,2065.5,168,,167.562,71.765,-5.5,4.688,0.999,0.989,-0.051,19780,54.51,81.569,68,,,,,,,,,,,,163.137,
2026-09-28T16:24:42.683,79.686,0,2214.75,173,,172.594,75.294,-5.5,3.906,0.999,0.982,-0.066,19870,54.51,81.569,69,,,,,,,,,,,,,115
2026-09-28T16:24:42.813,79.816,0,2206.25,180,,179.281,78.824,-6.5,3.906,0.999,0.989,-0.047,19920,54.902,81.569,69,101,,,,,,,,,,,,
2026-09-28T16:24:42.944,79.947,0,2221.75,193,,191.812,85.882,-6.0,3.906,0.999,0.986,-0.055,19890,55.294,81.961,70,,43,,,,,,,,,,,
2026-09-28T16:24:43.073,80.076,0,2227.0,199,,198.219,88.235,-7.0,3.125,0.999,0.986,-0.055,19930,55.686,81.961,71,,,0.0,,,,,,,,,,
2026-09-28T16:24:43.204,80.207,0,2249.25,206,,204.75,91.373,-7.0,3.125,0.999,0.981,-0.07,19860,56.078,81.961,71,,,,13.75,,,,,,,,,
2026-09-28T16:24:43.334,80.337,0,2281.75,212,,216.938,99.608,-7.0,2.344,0.999,0.978,-0.078,19970,56.471,82.353,72,,,,,96,,,,,,,,
2026-09-28T16:24:43.463,80.466,0,2297.25,214,,213.531,97.647,-7.5,2.344,0.999,0.988,-0.051,19960,57.647,82.353,73,,,,,,22,,,,,,,
2026-09-28T16:24:43.594,80.597,0,2316.5,212,,211.125,97.255,-7.5,2.344,0.999,0.983,-0.062,19950,58.039,82.353,73,,,,,,,78.824,,,,,,
2026-09-28T16:24:43.723,80.726,0,2352.0,213,,212.406,100.0,-6.5,1.562,0.999,0.989,-0.047,20000,58.039,82.745,74,,,,,,,,577.2,,,,,
2026-09-28T16:24:43.854,80.857,0,2372.75,218,,217.719,100.0,-6.5,2.344,0.999,0.995,-0.035,19980,58.039,82.745,75,,,,,,,,,0.88,,,,
2026-09-28T16:24:43.983,80.986,0,2400.25,217,,216.625,100.0,-5.5,2.344,0.999,0.993,-0.035,19960,58.039,83.137,76,,,,,,,,,,,0.781,,
2026-09-28T16:24:44.113,81.116,0,2432.75,216,,215.531,100.0,-5.5,1.562,0.999,0.991,-0.043,20020,58.431,82.745,77,,,,,,,,,,,,205.882,
2026-09-28T16:24:44.243,81.246,0,2434.75,214,,213.875,100.0,-5.5,1.562,0.999,0.994,-0.035,19930,58.431,83.137,77,,,,,,,,,,,,,116
2026-09-28T16:24:44.375,81.378,0,2469.75,216,,214.875,100.0,-5.5,1.562,0.999,0.987,-0.051,19980,58.431,83.137,78,97,,,,,,,,,,,,
2026-09-28T16:24:44.503,81.507,0,2491.75,216,,215.438,100.0,-4.5,1.562,0.999,0.992,-0.039,20040,58.431,83.529,79,,41,,,,,,,,,,,
2026-09-28T16:24:44.634,81.637,0,2510.75,216,,215.094,100.0,-4.5,1.562,0.997,0.993,-0.035,19920,58.431,83.529,80,,,0.0,,,,,,,,,,
2026-09-28T16:24:44.763,81.767,0,2537.75,215,,214.812,100.0,-7.0,1.562,0.997,0.991,-0.043,19910,58.431,83.922,80,,,,13.691,,,,,,,,,
2026-09-28T16:24:44.893,81.896,0,2575.75,215,,214.625,100.0,-7.0,1.562,0.997,0.99,-0.047,19940,58.431,83.922,81,,,,,97,,,,,,,,
2026-09-28T16:24:45.024,82.027,0,2599.5,215,,214.656,100.0,-7.0,0.781,0.997,0.989,-0.047,19900,58.431,83.922,82,,,,,,22,,,,,,,
2026-09-28T16:24:45.154,82.157,0,2621.5,215,,214.438,100.0,-7.0,0.781,0.997,0.991,-0.043,19960,58.431,84.314,83,,,,,,,78.824,,,,,,
2026-09-28T16:24:45.284,82.287,0,2635.0,215,,214.469,100.0,-6.5,0.781,0.997,0.99,-0.043,19990,58.431,84.314,83,,,,,,,,604.6,,,,,
2026-09-28T16:24:45.414,82.417,0,2657.75,215,,214.406,100.0,-7.0,0.781,0.997,0.994,-0.035,20020,58.431,84.314,84,,,,,,,,,0.865,,,,
2026-09-28T16:24:45.544,82.547,0,2680.75,217,,216.75,100.0,-7.0,0.781,0.997,0.992,-0.039,19910,58.431,84.314,85,,,,,,,,,,,0.781,,
2026-09-28T16:24:45.678,82.681,0,2711.5,219,,217.406,100.0,-7.0,0.0,0.997,0.988,-0.051,19960,58.431,84.706,86,,,,,,,,,,,,200.0,
2026-09-28T16:24:45.803,82.806,0,2731.75,218,,217.438,100.0,-6.5,0.0,0.997,0.993,-0.039,19960,58.431,84.706,86,,,,,,,,,,,,,118
2026-09-28T16:24:45.933,82.936,0,2753.0,217,,217.375,100.0,-6.0,0.0,0.997,0.992,-0.043,19930,58.039,85.098,87,93,,,,,,,,,,,,
2026-09-28T16:24:46.064,83.067,0,2776.5,220,,218.844,100.0,-6.0,0.0,0.997,0.992,-0.039,19990,58.431,85.098,88,,40,,,,,,,,,,,
2026-09-28T16:24:46.194,83.197,0,2805.5,220,,219.594,100.0,-6.0,0.0,0.998,0.995,-0.035,19980,58.039,85.098,88,,,0.0,,,,,,,,,,
2026-09-28T16:24:46.324,83.327,0,2827.25,220,,219.406,100.0,-6.0,0.0,0.998,0.995,-0.031,20050,58.431,85.49,89,,,,13.769,,,,,,,,,
2026-09-28T16:24:46.453,83.456,0,2847.75,219,,219.188,100.0,-5.5,0.0,0.998,0.993,-0.039,19830,58.431,85.49,90,,,,,96,,,,,,,,
2026-09-28T16:24:46.583,83.586,0,2863.0,220,,219.938,100.0,-5.5,0.0,0.998,0.993,-0.039,19940,58.039,85.49,91,,,,,,21,,,,,,,
2026-09-28T16:24:46.714,83.717,0,2881.0,221,,220.562,100.0,-5.5,0.0,0.998,0.994,-0.035,19950,58.431,85.49,91,,,,,,,78.824,,,,,,
2026-09-28T16:24:46.843,83.846,0,2909.5,222,,221.0,100.0,-5.5,0.0,0.998,0.993,-0.039,19820,58.431,85.882,92,,,,,,,,652.7,,,,,
2026-09-28T16:24:46.974,83.977,0,2938.25,222,,221.75,100.0,-5.5,0.0,0.998,0.995,-0.031,20010,58.039,85.882,93,,,,,,,,,0.85,,,,
2026-09-28T16:24:47.104,84.107,0,2961.75,222,,221.094,100.0,-5.5,0.0,0.998,0.996,-0.031,19840,58.039,86.275,94,,,,,,,,,,,0.781,,
2026-09-28T16:24:47.234,84.237,0,2978.25,220,,220.562,100.0,-5.5,0.0,0.998,0.992,-0.039,19880,58.039,86.275,94,,,,,,,,,,,,201.176,
2026-09-28T16:24:47.364,84.367,0,3004.25,222,,222.062,100.0,-5.5,0.0,0.998,0.995,-0.035,19990,58.431,86.275,95,,,,,,,,,,,,,119
2026-09-28T16:24:47.494,84.497,0,3028.5,224,,222.812,100.0,-5.5,0.0,0.998,0.996,-0.031,19990,58.039,86.275,96,93,,,,,,,,,,,,
2026-09-28T16:24:47.624,84.627,0,3045.25,224,,223.062,100.0,-5.5,0.0,0.998,0.994,-0.035,19840,58.039,86.275,96,,40,,,,,,,,,,,
2026-09-28T16:24:47.754,84.757,0,3070.0,228,,227.25,96.863,-5.0,0.781,0.938,0.955,-0.129,19860,58.039,86.275,97,,,0.0,,,,,,,,,,
2026-09-28T16:24:47.883,84.887,0,3090.25,225,,224.844,95.686,-7.0,0.781,0.953,0.961,-0.117,19760,58.039,86.275,98,,,,13.73,,,,,,,,,
2026-09-28T16:24:48.014,85.017,0,3109.75,228,,228.312,96.863,-7.0,0.0,0.995,0.987,-0.055,19880,58.039,86.275,98,,,,,96,,,,,,,,
2026-09-28T16:24:48.144,85.147,0,3119.25,236,,234.062,100.0,-7.5,0.0,0.998,0.99,-0.047,19840,58.039,86.275,99,,,,,,21,,,,,,,
2026-09-28T16:24:48.283,85.286,0,3151.5,233,,232.25,100.0,-7.5,0.0,0.985,0.987,-0.055,19730,58.039,86.275,100,,,,,,,78.824,,,,,,
2026-09-28T16:24:48.414,85.417,0,3178.25,230,,229.531,98.824,-7.0,0.781,0.976,0.98,-0.07,19940,58.039,86.275,100,,,,,,,,705.2,,,,,
2026-09-28T16:24:48.544,85.547,0,3201.5,230,,229.5,99.216,-7.0,0.0,0.985,0.981,-0.066,19870,58.039,86.275,101,,,,,,,,,0.885,,,,
2026-09-28T16:24:48.677,85.681,0,3216.0,231,,230.0,100.0,-6.5,0.0,0.982,0.98,-0.07,19750,58.039,86.275,102,,,,,,,,,,,0.781,,
2026-09-28T16:24:48.804,85.807,0,3250.5,230,,230.344,98.824,-6.5,0.0,0.985,0.985,-0.059,19900,58.039,86.275,102,,,,,,,,,,,,198.431,
2026-09-28T16:24:48.934,85.937,0,3255.75,230,,229.312,100.0,-7.0,0.0,0.996,0.986,-0.055,19710,58.039,86.275,103,,,,,,,,,,,,,121
2026-09-28T16:24:49.064,86.067,0,3292.75,231,,229.531,100.0,-6.5,0.0,0.989,0.983,-0.062,19750,57.255,86.275,104,93,,,,,,,,,,,,
2026-09-28T16:24:49.194,86.197,0,3313.75,230,,230.094,100.0,-6.0,0.0,0.986,0.982,-0.066,19800,53.333,86.275,104,,40,,,,,,,,,,,
2026-09-28T16:24:49.323,86.326,0,3350.25,230,,230.719,94.51,-4.5,0.0,0.984,0.994,-0.035,19890,46.275,86.275,105,,,0.0,,,,,,,,,,
2026-09-28T16:24:49.454,86.457,0,3357.75,197,,197.031,87.059,-2.0,0.781,0.986,1.003,-0.016,19730,44.314,84.706,106,,,,13.75,,,,,,,,,
2026-09-28T16:24:49.584,86.587,0,3362.0,179,,179.344,78.431,0.5,0.781,0.993,1.012,-0.008,19830,44.314,84.706,106,,,,,96,,,,,,,,
2026-09-28T16:24:49.713,86.717,0,3385.25,164,,164.406,71.373,3.0,1.562,0.997,1.01,-0.012,19780,40.784,49.02,107,,,,,,21,,,,,,,
2026-09-28T16:24:49.844,86.847,0,3394.25,133,,146.938,54.902,8.5,0.781,0.998,0.984,-0.059,19840,40.392,28.627,107,,,,,,,78.824,,,,,,
2026-09-28T16:24:49.974,86.977,0,3384.0,110,,141.281,45.098,12.0,0.0,0.998,0.983,-0.062,18520,40.392,32.157,107,,,,,,,,758.3,,,,,
2026-09-28T16:24:50.103,87.106,0,3401.75,111,,131.75,45.098,12.0,0.0,0.998,0.98,-0.07,18000,40.392,35.686,107,,,,,,,,,0.85,,,,
2026-09-28T16:24:50.233,87.236,0,3410.75,111,,120.094,45.49,12.0,0.0,0.998,0.982,-0.066,17990,40.0,39.216,107,,,,,,,,,,,0.781,,
2026-09-28T16:24:50.363,87.367,0,3415.5,111,,117.5,45.098,12.5,0.0,0.998,0.982,-0.066,18030,40.0,40.392,107,,,,,,,,,,,,87.451,
2026-09-28T16:24:50.493,87.497,0,3457.75,110,,115.688,44.314,-18.5,0.0,0.998,0.985,-0.059,18200,40.0,45.49,108,,,,,,,,,,,,,122
2026-09-28T16:24:50.623,87.627,0,3018.75,112,,115.125,46.275,-9.5,-1.562,1.022,0.981,-0.07,18120,40.0,43.137,108,92,,,,,,,,,,,,
2026-09-28T16:24:50.753,87.756,0,2927.25,113,,116.625,45.49,-8.0,0.781,0.797,0.831,-0.477,18280,40.0,43.922,108,,40,,,,,,,,,,,
2026-09-28T16:24:50.883,87.886,0,2833.25,113,,115.719,45.49,-5.0,0.0,0.974,0.99,-0.047,18160,40.0,30.588,108,,,0.0,,,,,,,,,,
2026-09-28T16:24:51.013,88.016,0,2711.0,104,,116.531,44.706,5.0,-0.781,0.945,0.932,-0.184,18120,39.608,34.51,108,,,,13.789,,,,,,,,,
2026-09-28T16:24:51.143,88.146,0,2631.0,105,,112.438,43.529,10.5,-0.781,0.986,0.991,-0.043,18140,39.608,39.216,108,,,,,96,,,,,,,,
2026-09-28T16:24:51.274,88.277,0,2607.25,107,,111.031,44.314,10.0,-0.781,0.997,0.998,-0.027,18380,39.608,49.412,108,,,,,,21,,,,,,,
2026-09-28T16:24:51.403,88.407,0,2601.25,108,,109.938,46.275,9.5,0.0,0.998,1.013,-0.008,18290,39.608,50.588,108,,,,,,,78.039,,,,,,
2026-09-28T16:24:51.533,88.537,0,2603.0,109,,110.438,46.667,9.5,0.0,0.998,1.005,-0.016,18140,40.0,50.98,109,,,,,,,,784.6,,,,,
2026-09-28T16:24:51.663,88.666,0,2609.5,109,,110.469,45.882,10.5,0.0,0.998,1.007,-0.012,18450,39.608,50.98,108,,,,,,,,,0.855,,,,
2026-09-28T16:24:51.794,88.797,0,2607.75,109,,110.5,47.059,10.5,0.0,1.001,1.001,-0.02,18340,40.0,50.588,109,,,,,,,,,,,0.781,,
2026-09-28T16:24:51.923,88.926,0,2582.0,110,,110.938,47.059,-13.0,0.0,1.003,1.005,-0.016,18180,40.0,50.588,109,,,,,,,,,,,,94.118,
2026-09-28T16:24:52.053,89.056,0,2362.0,111,,112.25,47.451,-4.0,0.0,1.003,1.007,-0.012,18600,39.608,42.353,109,,,,,,,,,,,,,124
2026-09-28T16:24:52.183,89.186,0,2267.0,110,,112.75,46.667,-0.5,0.0,1.003,0.998,-0.027,18430,39.608,35.686,109,91,,,,,,,,,,,,
2026-09-28T16:24:52.313,89.316,0,2186.75,109,,113.062,45.098,6.5,0.0,1.004,0.996,-0.031,18160,40.0,38.431,109,,40,,,,,,,,,,,
2026-09-28T16:24:52.443,89.446,0,2108.5,108,,111.281,43.922,6.5,-0.781,1.004,0.985,-0.059,18620,40.0,44.314,109,,,0.0,,,,,,,,,,
2026-09-28T16:24:52.574,89.577,0,2066.25,109,,110.5,42.353,5.5,-0.781,1.005,0.997,-0.027,18420,40.0,43.922,109,,,,13.828,,,,,,,,,
2026-09-28T16:24:52.703,89.706,0,2064.5,108,,110.094,41.961,5.5,0.0,1.005,1.03,0.012,17930,40.0,45.098,109,,,,,96,,,,,,,,
2026-09-28T16:24:52.833,89.836,0,2071.0,108,,109.688,41.176,5.5,0.0,1.005,1.017,-0.004,17930,40.0,49.804,110,,,,,,21,,,,,,,
2026-09-28T16:24:52.963,89.966,0,2072.25,109,,109.75,41.176,4.0,0.0,1.004,1.013,-0.008,18240,40.0,56.863,109,,,,,,,78.039,,,,,,
2026-09-28T16:24:53.093,90.097,0,2071.25,109,,109.812,41.569,4.5,0.781,1.004,1.016,-0.004,18370,40.0,58.431,109,,,,,,,,780.5,,,,,
2026-09-28T16:24:53.224,90.227,0,2075.25,110,,110.219,42.745,3.5,0.781,1.004,1.017,-0.004,18270,40.0,58.824,110,,,,,,,,,0.82,,,,
2026-09-28T16:24:53.353,90.356,0,2079.0,110,,110.719,42.745,4.0,0.781,1.003,1.0,-0.02,18290,40.0,60.0,110,,,,,,,,,,,0.781,,
2026-09-28T16:24:53.483,90.486,0,2077.75,111,,110.938,42.353,5.0,0.781,1.003,1.006,-0.016,18200,40.0,61.569,110,,,,,,,,,,,,91.765,
2026-09-28T16:24:53.613,90.617,0,2074.75,111,,110.969,41.961,5.0,0.781,1.002,1.006,-0.016,18330,40.0,63.529,110,,,,,,,,,,,,,125
2026-09-28T16:24:53.743,90.747,0,2080.0,111,,110.969,42.353,4.5,0.781,1.002,1.006,-0.016,18500,40.0,64.314,110,92,,,,,,,,,,,,
2026-09-28T16:24:53.873,90.876,0,2085.25,111,,111.188,43.137,4.5,0.781,1.002,1.004,-0.016,18440,40.0,64.314,110,,40,,,,,,,,,,,
2026-09-28T16:24:54.003,91.006,0,2087.5,111,,111.406,43.529,5.0,1.562,1.001,1.005,-0.016,18270,40.0,64.314,110,,,0.0,,,,,,,,,,
2026-09-28T16:24:54.133,91.136,0,2087.0,112,,111.75,42.745,5.0,0.781,1.001,1.001,-0.02,18230,40.0,65.882,111,,,,13.828,,,,,,,,,
2026-09-28T16:24:54.263,91.266,0,2093.75,112,,111.812,42.353,5.0,0.781,1.001,1.0,-0.02,18420,40.0,67.843,111,,,,,96,,,,,,,,
2026-09-28T16:24:54.394,91.397,0,2095.0,112,,111.812,42.353,5.0,1.562,1.001,1.006,-0.016,18490,40.0,67.451,111,,,,,,21,,,,,,,
2026-09-28T16:24:54.533,91.536,0,2097.75,112,,112.031,43.922,5.0,0.781,1.001,1.004,-0.016,18360,40.0,67.451,111,,,,,,,78.039,,,,,,
2026-09-28T16:24:54.663,91.666,0,2102.5,112,,112.312,43.922,5.0,1.562,1.001,0.999,-0.023,18290,40.0,68.627,111,,,,,,,,768.7,,,,,
2026-09-28T16:24:54.794,91.797,0,2102.25,112,,112.469,43.137,5.0,1.562,0.996,0.994,-0.035,18340,40.0,70.196,111,,,,,,,,,0.79,,,,
2026-09-28T16:24:54.924,91.927,0,2106.25,112,,112.438,43.137,5.5,1.562,1.003,1.0,-0.02,18580,40.0,69.804,111,,,,,,,,,,,0.781,,
2026-09-28T16:24:55.053,92.056,0,2104.75,113,,112.625,43.922,5.0,1.562,1.003,1.013,-0.008,18470,40.0,69.804,111,,,,,,,,,,,,96.471,
2026-09-28T16:24:55.183,92.186,0,2106.75,113,,113.0,44.314,5.0,1.562,1.0,0.999,-0.023,18340,40.0,69.804,111,,,,,,,,,,,,,127
2026-09-28T16:24:55.313,92.317,0,2111.0,113,,113.219,43.922,6.0,1.562,0.995,0.995,-0.031,18300,39.608,69.02,111,93,,,,,,,,,,,,
2026-09-28T16:24:55.443,92.446,0,2112.25,113,,113.031,43.529,6.0,1.562,0.995,0.998,-0.027,18580,39.608,69.02,112,,40,,,,,,,,,,,
2026-09-28T16:24:55.573,92.576,0,2114.25,113,,113.031,43.922,5.5,2.344,0.998,1.013,-0.008,18470,39.608,67.059,112,,,0.0,,,,,,,,,,
2026-09-28T16:24:55.704,92.707,0,2114.0,113,,112.906,44.706,5.5,2.344,1.003,0.996,-0.031,18340,39.216,67.451,112,,,,13.906,,,,,,,,,
2026-09-28T16:24:55.833,92.836,0,2120.0,113,,112.375,43.137,6.5,1.562,1.003,0.999,-0.023,18220,38.824,67.451,112,,,,,96,,,,,,,,
2026-09-28T16:24:55.963,92.966,0,2117.75,112,,112.188,42.745,6.5,1.562,0.995,0.998,-0.023,18490,38.039,48.627,112,,,,,,21,,,,,,,
2026-09-28T16:24:56.093,93.096,0,2120.25,112,,111.625,43.137,6.5,1.562,0.995,0.988,-0.051,18310,35.686,24.706,112,,,,,,,78.039,,,,,,
2026-09-28T16:24:56.223,93.226,0,2110.25,101,,112.969,30.98,11.0,0.781,1.003,0.989,-0.051,17400,33.725,23.529,112,,,,,,,,756.2,,,,,
2026-09-28T16:24:56.353,93.356,0,2112.25,89,,110.344,28.235,12.5,0.0,1.0,0.986,-0.055,16640,32.549,22.745,112,,,,,,,,,0.785,,,,
2026-09-28T16:24:56.484,93.487,0,2117.0,88,,109.188,27.059,13.5,0.0,1.007,0.98,-0.07,16110,30.98,21.961,112,,,,,,,,,,,0.781,,
2026-09-28T16:24:56.613,93.616,0,2114.75,87,,109.656,25.49,14.5,-1.562,1.002,0.981,-0.07,15340,31.373,22.353,112,,,,,,,,,,,,52.549,
2026-09-28T16:24:56.743,93.746,0,2129.0,86,,110.031,25.098,15.5,-0.781,0.993,0.995,-0.035,15050,31.765,22.745,112,,,,,,,,,,,,,129
2026-09-28T16:24:56.874,93.877,0,2141.5,87,,110.25,25.49,15.5,-0.781,0.991,0.989,-0.047,15360,31.765,22.745,112,92,,,,,,,,,,,,
2026-09-28T16:24:57.004,94.007,0,2134.5,88,,110.469,25.49,15.5,-0.781,0.991,0.99,-0.043,15390,31.765,22.353,112,,40,,,,,,,,,,,
2026-09-28T16:24:57.134,94.137,0,2120.25,87,,110.969,25.098,15.0,-0.781,1.005,1.008,-0.012,15370,31.765,22.353,112,,,0.781,,,,,,,,,,
2026-09-28T16:24:57.263,94.266,0,2116.25,87,,111.062,25.098,15.0,-0.781,1.008,1.007,-0.012,15300,31.765,22.353,112,,,,13.847,,,,,,,,,
2026-09-28T16:24:57.393,94.396,0,2116.0,86,,111.094,25.098,15.5,0.0,1.009,1.02,0.0,15360,31.765,22.353,112,,,,,96,,,,,,,,
2026-09-28T16:24:57.523,94.526,0,2119.25,86,,111.312,25.098,15.0,0.0,1.004,0.999,-0.023,15330,31.765,22.353,112,,,,,,21,,,,,,,
2026-09-28T16:24:57.653,94.656,0,2115.25,86,,111.25,25.098,15.0,0.0,0.993,0.998,-0.023,15450,31.765,22.353,112,,,,,,,78.039,,,,,,
2026-09-28T16:24:57.784,94.787,0,2118.0,86,,111.156,25.098,15.0,0.0,0.992,0.999,-0.023,15430,31.765,22.353,111,,,,,,,,742.5,,,,,
2026-09-28T16:24:57.913,94.916,0,2115.5,86,,111.25,25.098,15.5,0.0,0.991,0.992,-0.039,15390,31.765,22.353,112,,,,,,,,,0.78,,,,
2026-09-28T16:24:58.043,95.046,0,2117.0,86,,111.0,25.098,15.0,0.0,0.996,0.997,-0.027,15510,31.765,22.353,111,,,,,,,,,,,0.781,,
2026-09-28T16:24:58.179,95.182,0,2115.5,87,,111.156,25.098,15.0,0.0,1.007,1.01,-0.012,15460,31.765,22.353,112,,,,,,,,,,,,55.686,
2026-09-28T16:24:58.303,95.306,0,2112.75,87,,111.062,25.49,15.0,0.0,1.008,1.011,-0.008,15460,31.765,22.353,112,,,,,,,,,,,,,130
2026-09-28T16:24:58.433,95.436,0,2115.75,87,,111.094,25.098,15.0,0.0,1.009,1.005,-0.016,15470,31.765,22.353,111,90,,,,,,,,,,,,
2026-09-28T16:24:58.564,95.567,0,2110.75,86,,111.25,25.098,15.0,0.0,1.004,1.0,-0.02,15350,31.765,22.353,112,,41,,,,,,,,,,,
2026-09-28T16:24:58.694,95.697,0,2114.25,86,,111.219,25.098,15.5,0.0,0.993,0.989,-0.047,15330,31.765,22.353,112,,,0.781,,,,,,,,,,
2026-09-28T16:24:58.823,95.826,0,2110.5,86,,111.156,25.49,15.0,0.0,0.992,0.995,-0.031,15410,31.765,22.353,112,,,,13.789,,,,,,,,,
2026-09-28T16:24:58.953,95.956,0,2111.0,86,,111.188,25.098,15.0,0.0,0.991,0.991,-0.043,15440,31.765,22.353,112,,,,,96,,,,,,,,
2026-09-28T16:24:59.083,96.086,0,2114.5,87,,111.219,25.49,15.0,0.0,0.996,0.999,-0.023,15490,31.765,22.353,112,,,,,,21,,,,,,,
2026-09-28T16:24:59.213,96.216,0,2107.75,86,,111.188,25.098,15.0,0.781,1.007,1.012,-0.008,15380,31.765,22.353,112,,,,,,,78.039,,,,,,
2026-09-28T16:24:59.343,96.346,0,2112.0,86,,111.156,25.49,15.0,0.781,1.008,1.011,-0.008,15430,31.765,22.353,111,,,,,,,,726.0,,,,,
2026-09-28T16:24:59.474,96.477,0,2108.25,86,,111.219,25.49,15.0,0.781,1.009,1.013,-0.008,15470,31.765,22.353,111,,,,,,,,,0.775,,,,
2026-09-28T16:24:59.603,96.606,0,2111.75,86,,111.094,25.098,15.0,0.781,1.004,0.996,-0.031,15470,32.157,22.745,111,,,,,,,,,,,0.781,,
2026-09-28T16:24:59.733,96.736,0,2112.0,86,,111.062,25.49,15.0,0.781,0.993,0.991,-0.043,15520,32.157,22.745,111,,,,,,,,,,,,56.471,
2026-09-28T16:24:59.863,96.866,0,2109.75,87,,111.0,25.882,14.5,0.0,0.992,0.986,-0.055,15550,32.157,22.353,111,,,,,,,,,,,,,132
2026-09-28T16:24:59.993,96.997,0,2110.0,87,,111.188,25.49,15.0,0.781,0.991,0.996,-0.031,15430,32.157,22.745,111,90,,,,,,,,,,,,
2026-09-28T16:25:00.123,97.126,0,2111.25,87,,111.156,25.882,15.0,0.781,0.996,0.989,-0.047,15530,31.765,22.745,111,,41,,,,,,,,,,,
2026-09-28T16:25:00.253,97.256,0,2110.75,87,,111.469,25.49,15.0,0.0,1.007,0.999,-0.023,15490,32.157,22.745,111,,,0.781,,,,,,,,,,
2026-09-28T16:25:00.384,97.387,0,2105.75,87,,111.406,25.882,15.0,0.0,1.008,1.004,-0.016,15350,32.157,22.745,111,,,,13.828,,,,,,,,,
2026-09-28T16:25:00.513,97.516,0,2109.5,88,,111.469,25.882,14.5,0.0,1.008,1.011,-0.008,15440,32.157,22.745,111,,,,,96,,,,,,,,
2026-09-28T16:25:00.643,97.646,0,2105.75,87,,111.594,25.49,15.0,0.0,1.002,0.999,-0.023,15490,32.157,22.353,111,,,,,,21,,,,,,,
2026-09-28T16:25:00.773,97.776,0,2103.75,87,,111.562,25.49,15.0,0.0,0.993,0.991,-0.043,15490,32.157,22.353,111,,,,,,,78.039,,,,,,
2026-09-28T16:25:00.903,97.907,0,2111.25,87,,111.469,25.49,14.5,0.781,0.991,0.995,-0.031,15430,31.765,22.353,111,,,,,,,,711.4,,,,,
2026-09-28T16:25:01.033,98.036,0,2108.0,86,,111.5,25.49,15.0,0.781,0.99,0.989,-0.047,15410,32.157,22.745,111,,,,,,,,,0.785,,,,
2026-09-28T16:25:01.163,98.166,0,2113.25,87,,111.5,25.49,15.0,0.781,1.002,1.01,-0.012,15480,32.157,22.745,111,,,,,,,,,,,0.781,,
2026-09-28T16:25:01.294,98.297,0,2107.75,86,,111.406,25.49,15.0,1.562,1.008,1.015,-0.004,15500,32.157,22.745,111,,,,,,,,,,,,55.686,
2026-09-28T16:25:01.423,98.426,0,2111.0,86,,111.531,25.49,15.0,0.781,1.009,1.003,-0.016,15520,32.157,22.745,111,,,,,,,,,,,,,133
2026-09-28T16:25:01.553,98.556,0,2109.5,87,,111.469,25.882,15.0,0.781,1.007,0.998,-0.023,15510,32.157,22.745,111,92,,,,,,,,,,,,
2026-09-28T16:25:01.683,98.687,0,2107.0,87,,111.438,25.882,14.5,0.0,0.995,0.99,-0.043,15480,32.157,22.353,111,,41,,,,,,,,,,,
2026-09-28T16:25:01.813,98.817,0,2105.75,87,,111.625,25.49,15.0,0.781,0.992,0.991,-0.043,15450,32.157,22.745,111,,,0.781,,,,,,,,,,
2026-09-28T16:25:01.943,98.946,0,2104.0,87,,111.562,25.882,15.0,0.781,0.991,0.985,-0.059,15490,32.157,22.745,111,,,,13.828,,,,,,,,,
2026-09-28T16:25:02.074,99.077,0,2105.75,87,,111.469,25.49,15.0,0.0,0.998,0.995,-0.035,15520,32.157,22.745,111,,,,,96,,,,,,,,
2026-09-28T16:25:02.203,99.206,0,2103.0,88,,111.469,25.882,15.0,0.0,1.008,1.006,-0.016,15480,31.765,22.745,111,,,,,,21,,,,,,,
2026-09-28T16:25:02.334,99.337,0,2104.75,87,,111.562,25.882,15.0,0.0,1.009,1.01,-0.012,15440,31.765,22.745,111,,,,,,,78.039,,,,,,
2026-09-28T16:25:02.463,99.467,0,2101.0,87,,111.562,25.49,15.0,0.0,1.01,1.005,-0.016,15360,31.765,22.353,111,,,,,,,,695.7,,,,,
2026-09-28T16:25:02.593,99.596,0,2103.5,87,,111.625,25.098,15.0,0.781,0.998,1.0,-0.02,15370,32.549,22.745,111,,,,,,,,,0.77,,,,
2026-09-28T16:25:02.723,99.726,0,2105.5,87,,111.562,27.059,14.0,0.0,0.992,0.987,-0.055,15580,33.333,23.922,111,,,,,,,,,,,0.781,,
2026-09-28T16:25:02.853,99.856,0,2103.25,90,,111.25,27.843,14.0,0.0,0.991,0.983,-0.062,15920,33.333,23.922,111,,,,,,,,,,,,60.0,
2026-09-28T16:25:02.983,99.986,0,2103.5,90,,111.656,27.451,14.0,0.0,0.994,0.993,-0.039,15930,33.333,23.529,111,,,,,,,,,,,,,135
2026-09-28T16:25:03.113,100.116,0,2099.5,89,,111.938,27.451,14.0,0.0,1.009,1.021,0.0,15920,33.725,23.922,111,93,,,,,,,,,,,,
2026-09-28T16:25:03.243,100.246,0,2104.5,90,,112.125,28.235,14.0,0.781,1.008,1.012,-0.008,15940,33.725,23.922,111,,41,,,,,,,,,,,
2026-09-28T16:25:03.374,100.377,0,2102.5,91,,112.469,28.235,14.0,0.781,1.009,1.008,-0.012,16010,33.333,23.922,111,,,0.781,,,,,,,,,,
2026-09-28T16:25:03.504,100.507,0,2104.0,90,,112.75,27.843,14.0,0.781,0.998,0.999,-0.023,15940,33.333,23.529,111,,,,13.886,,,,,,,,,
2026-09-28T16:25:03.633,100.637,0,2099.25,91,,113.0,28.235,14.0,0.781,0.991,0.994,-0.035,15970,33.333,23.529,111,,,,,96,,,,,,,,
2026-09-28T16:25:03.762,100.766,0,2101.5,90,,113.25,27.843,14.0,0.781,0.99,0.992,-0.039,15930,32.941,23.137,111,,,,,,21,,,,,,,
2026-09-28T16:25:03.893,100.896,0,2102.0,89,,113.469,27.059,14.0,1.562,0.996,0.998,-0.023,15780,32.941,23.137,111,,,,,,,78.039,,,,,,
2026-09-28T16:25:04.023,101.026,0,2101.5,90,,113.469,27.451,14.0,0.781,1.006,0.999,-0.023,15680,32.941,23.137,111,,,,,,,,680.9,,,,,
2026-09-28T16:25:04.154,101.157,0,2104.75,89,,113.406,27.059,14.0,0.0,1.008,0.999,-0.023,15690,32.941,23.137,111,,,,,,,,,0.77,,,,
2026-09-28T16:25:04.283,101.286,0,2103.25,90,,113.375,27.451,14.0,0.0,1.01,0.999,-0.02,15720,30.98,21.569,111,,,,,,,,,,,0.781,,
2026-09-28T16:25:04.413,101.416,0,2100.0,88,,113.656,25.882,16.0,0.0,0.998,0.999,-0.023,15070,29.412,19.608,111,,,,,,,,,,,,49.804,
2026-09-28T16:25:04.543,101.546,0,2096.75,80,,113.719,20.784,17.5,0.0,0.993,0.982,-0.066,14280,29.02,19.216,111,,,,,,,,,,,,,136
2026-09-28T16:25:04.675,101.678,0,2101.75,75,,113.094,20.0,18.0,0.0,0.992,0.987,-0.051,13610,28.235,18.824,111,92,,,,,,,,,,,,
2026-09-28T16:25:04.803,101.807,0,2095.0,72,,112.344,19.216,18.5,0.0,0.993,0.991,-0.043,12960,23.529,16.078,111,,41,,,,,,,,,,,
2026-09-28T16:25:04.934,101.937,0,2093.5,68,,106.594,14.902,19.5,0.0,0.998,0.982,-0.066,12270,18.824,13.725,111,,,2.344,,,,,,,,,,
2026-09-28T16:25:05.063,102.067,0,2088.0,37,,106.25,10.588,21.5,-2.344,1.005,0.979,-0.074,11560,14.51,13.725,110,,,,13.847,,,,,,,,,
2026-09-28T16:25:05.194,102.197,0,2073.0,28,,104.969,0.0,22.5,-3.125,1.007,0.968,-0.102,11260,14.51,13.333,110,,,,,96,,,,,,,,
2026-09-28T16:25:05.324,102.327,0,2069.25,24,,103.875,0.0,30.0,-3.906,1.009,1.004,-0.016,10700,14.51,13.725,110,,,,,,21,,,,,,,
2026-09-28T16:25:05.454,102.457,0,2071.5,23,,102.156,0.0,31.5,-1.562,1.01,1.054,0.039,10160,14.51,13.725,110,,,,,,,78.039,,,,,,
2026-09-28T16:25:05.583,102.587,0,2065.25,23,,101.469,0.0,28.5,0.0,1.01,1.047,0.031,9590,14.51,13.725,110,,,,,,,,676.4,,,,,
2026-09-28T16:25:05.714,102.717,0,2072.0,23,,101.062,0.0,21.5,0.781,1.01,1.017,-0.004,9010,14.51,13.725,109,,,,,,,,,0.77,,,,
2026-09-28T16:25:05.842,102.846,0,2066.5,23,,100.125,0.0,18.0,0.0,1.01,1.005,-0.016,8450,14.51,13.725,109,,,,,,,,,,,0.781,,
2026-09-28T16:25:05.973,102.976,0,2062.25,23,,99.781,0.0,13.0,0.0,1.009,1.005,-0.016,7890,14.51,13.725,109,,,,,,,,,,,,13.333,
2026-09-28T16:25:06.103,103.106,0,2061.5,23,,99.469,0.0,9.0,0.0,1.009,1.017,-0.004,7380,14.51,13.725,109,,,,,,,,,,,,,138
2026-09-28T16:25:06.233,103.236,0,2061.0,22,,99.0,0.0,5.5,0.781,1.01,1.029,0.008,6910,14.51,13.725,109,92,,,,,,,,,,,,
2026-09-28T16:25:06.363,103.366,0,2043.25,22,,99.062,0.0,2.5,0.0,1.008,1.037,0.02,6480,14.51,13.725,109,,41,,,,,,,,,,,
2026-09-28T16:25:06.493,103.496,0,2041.75,22,,99.469,0.0,2.0,0.0,1.006,1.187,0.18,6930,14.51,13.725,108,,,3.906,,,,,,,,,,
2026-09-28T16:25:06.624,103.627,0,2027.25,23,,99.156,0.0,2.0,0.0,0.999,1.904,0.641,8350,14.51,13.725,108,,,,13.906,,,,,,,,,
2026-09-28T16:25:06.753,103.756,0,2024.0,25,,99.156,0.0,2.0,0.0,1.058,2.0,0.949,8570,14.51,13.725,108,,,,,96,,,,,,,,
2026-09-28T16:25:06.883,103.886,0,2022.75,25,,99.125,0.0,2.0,0.0,1.148,2.0,1.09,8660,14.51,13.725,108,,,,,,21,,,,,,,
2026-09-28T16:25:07.013,104.016,0,2017.25,24,,99.125,0.0,2.0,0.0,1.238,2.0,1.164,8740,14.51,13.725,108,,,,,,,78.039,,,,,,
2026-09-28T16:25:07.144,104.147,0,2011.25,25,,99.031,0.0,2.0,0.0,1.354,2.0,1.207,8840,14.51,13.333,107,,,,,,,,677.5,,,,,
2026-09-28T16:25:07.273,104.276,0,2007.75,25,,98.844,0.0,2.0,0.0,1.528,2.0,1.227,9360,14.51,13.333,107,,,,,,,,,0.61,,,,
2026-09-28T16:25:07.403,104.406,0,2002.0,25,,98.812,0.0,2.0,0.0,1.676,2.0,1.238,9520,14.51,13.333,107,,,,,,,,,,,0.781,,
2026-09-28T16:25:07.534,104.537,0,2000.25,25,,98.812,0.0,2.0,0.0,1.758,2.0,1.25,9530,14.51,13.333,107,,,,,,,,,,,,12.941,
2026-09-28T16:25:07.663,104.666,0,1999.0,24,,98.812,0.0,2.0,0.0,1.784,2.0,1.254,9540,14.51,13.333,106,,,,,,,,,,,,,140
2026-09-28T16:25:07.793,104.796,0,1992.25,24,,98.812,0.0,2.0,0.0,1.795,2.0,1.254,9540,14.51,13.333,106,92,,,,,,,,,,,,
2026-09-28T16:25:07.923,104.926,0,1989.0,24,,98.812,0.0,2.0,0.0,1.798,2.0,1.254,9550,14.51,13.333,106,,42,,,,,,,,,,,
2026-09-28T16:25:08.053,105.056,0,1982.5,25,,98.719,0.0,1.5,0.0,1.799,2.0,1.258,9550,14.51,13.333,105,,,3.906,,,,,,,,,,
2026-09-28T16:25:08.183,105.187,0,1972.5,24,,98.719,0.0,1.5,0.0,1.8,2.0,1.258,9560,14.51,13.333,105,,,,13.945,,,,,,,,,
2026-09-28T16:25:08.313,105.317,0,1968.75,24,,98.812,0.0,1.5,0.0,1.8,2.0,1.262,9560,15.686,13.333,105,,,,,96,,,,,,,,
2026-09-28T16:25:08.443,105.447,0,1970.0,24,,98.75,0.0,4.0,0.0,1.741,2.0,1.262,9450,24.314,16.078,105,,,,,,21,,,,,,,
2026-09-28T16:25:08.573,105.576,0,1994.75,27,,98.188,8.235,12.5,0.0,1.655,2.0,0.992,9710,26.667,17.255,105,,,,,,,78.039,,,,,,
2026-09-28T16:25:08.703,105.706,0,1969.0,33,,98.25,10.196,16.0,0.0,1.192,1.306,0.293,8520,27.843,17.647,104,,,,,,,,677.5,,,,,
2026-09-28T16:25:08.833,105.836,0,1969.75,41,,97.875,13.333,18.5,0.0,0.986,0.975,-0.086,8070,27.843,18.824,104,,,,,,,,,0.135,,,,
2026-09-28T16:25:08.963,105.966,0,1972.5,54,,97.844,15.294,18.5,0.0,0.929,0.916,-0.219,9190,27.451,18.824,104,,,,,,,,,,,0.781,,
2026-09-28T16:25:09.094,106.097,0,1971.0,61,,97.938,16.078,18.5,-0.781,0.91,0.892,-0.285,10250,27.451,18.824,104,,,,,,,,,,,,36.078,
2026-09-28T16:25:09.223,106.226,0,1972.0,62,,98.188,16.471,18.5,-0.781,0.903,0.896,-0.273,11180,27.059,18.039,104,,,,,,,,,,,,,141
2026-09-28T16:25:09.354,106.357,0,1972.25,58,,98.812,16.078,18.5,0.0,0.896,0.901,-0.258,11330,26.667,17.647,104,93,,,,,,,,,,,,
2026-09-28T16:25:09.483,106.487,0,1968.5,55,,98.875,15.294,18.5,0.0,0.89,0.89,-0.293,10800,26.667,18.431,104,,44,,,,,,,,,,,
2026-09-28T16:25:09.613,106.617,0,1968.0,57,,98.938,15.294,18.5,0.0,0.883,0.878,-0.328,10730,26.667,17.647,104,,,0.781,,,,,,,,,,
2026-09-28T16:25:09.743,106.746,0,1965.5,56,,99.281,14.902,18.5,-0.781,0.881,0.874,-0.336,10460,22.353,16.078,104,,,,13.847,,,,,,,,,
2026-09-28T16:25:09.874,106.878,0,1963.0,50,,99.781,13.725,20.0,0.0,0.88,0.874,-0.34,9990,14.51,13.725,104,,,,,96,,,,,,,,
2026-09-28T16:25:10.003,107.006,0,1956.0,35,,99.0,0.0,21.0,-1.562,0.88,0.862,-0.375,9130,14.51,13.333,104,,,,,,21,,,,,,,
2026-09-28T16:25:10.134,107.137,0,1950.75,27,,98.688,0.0,26.5,0.0,0.879,0.887,-0.301,8400,14.51,13.333,104,,,,,,,78.039,,,,,,
2026-09-28T16:25:10.263,107.266,0,1937.0,22,,98.5,0.0,30.5,-1.562,0.88,0.845,-0.43,7830,14.51,13.333,103,,,,,,,,669.1,,,,,
2026-09-28T16:25:10.393,107.396,0,1956.5,22,,98.469,0.0,31.0,-2.344,0.881,0.859,-0.383,7270,14.51,13.333,103,,,,,,,,,0.225,,,,
2026-09-28T16:25:10.522,107.526,0,1932.5,23,,98.188,0.0,26.0,-2.344,0.882,0.858,-0.383,6830,14.51,13.333,103,,,,,,,,,,,0.781,,
2026-09-28T16:25:10.653,107.656,0,1936.75,22,,98.031,0.0,21.0,-3.906,0.882,0.838,-0.453,6170,14.51,13.333,103,,,,,,,,,,,,12.549,
2026-09-28T16:25:10.783,107.787,0,1930.75,22,,97.875,0.0,15.5,-4.688,0.882,0.845,-0.434,5610,14.51,13.333,102,,,,,,,,,,,,,143
2026-09-28T16:25:10.913,107.916,0,1927.0,22,,97.875,0.0,11.5,-4.688,0.882,0.856,-0.395,5100,14.51,13.333,102,94,,,,,,,,,,,,
2026-09-28T16:25:11.043,108.046,0,1926.5,22,,97.875,0.0,7.5,-3.906,0.882,0.875,-0.336,4540,14.51,13.333,102,,44,,,,,,,,,,,
2026-09-28T16:25:11.175,108.178,0,1923.75,22,,97.75,0.0,3.5,-2.344,0.891,0.903,-0.254,4050,14.51,13.333,102,,,3.906,,,,,,,,,,
2026-09-28T16:25:11.302,108.306,0,1915.75,21,,98.188,0.0,1.0,0.0,0.875,0.942,-0.156,4310,14.51,13.333,102,,,,13.945,,,,,,,,,
2026-09-28T16:25:11.433,108.436,0,1906.75,22,,97.875,0.0,1.0,0.0,0.94,1.133,0.121,6360,14.51,13.333,101,,,,,96,,,,,,,,
2026-09-28T16:25:11.563,108.566,0,1894.5,23,,97.875,0.0,1.0,0.0,0.97,1.854,0.621,7830,14.51,13.333,101,,,,,,21,,,,,,,
2026-09-28T16:25:11.693,108.696,0,1894.75,24,,97.875,0.0,1.0,0.0,1.035,2.0,0.902,9240,14.51,13.333,101,,,,,,,78.039,,,,,,
2026-09-28T16:25:11.824,108.827,0,1890.5,24,,97.875,0.0,1.0,0.0,1.124,2.0,1.082,9110,14.51,13.333,101,,,,,,,,667.7,,,,,
2026-09-28T16:25:11.953,108.956,0,1885.5,25,,97.938,0.0,1.0,0.0,1.211,2.0,1.148,9430,14.51,13.333,100,,,,,,,,,0.25,,,,
2026-09-28T16:25:12.083,109.086,0,1882.5,25,,98.094,0.0,1.0,0.0,1.304,2.0,1.191,9620,14.51,13.333,100,,,,,,,,,,,0.781,,
2026-09-28T16:25:12.213,109.216,0,1877.0,24,,98.156,0.0,1.0,0.0,1.447,2.0,1.219,9620,14.51,13.333,100,,,,,,,,,,,,13.333,
2026-09-28T16:25:12.343,109.346,0,1872.25,24,,98.125,0.0,1.0,0.0,1.601,2.0,1.234,9620,14.51,13.333,100,,,,,,,,,,,,,144
2026-09-28T16:25:12.473,109.476,0,1867.25,24,,98.156,0.0,1.0,0.0,1.726,2.0,1.246,9610,14.51,13.333,100,95,,,,,,,,,,,,
2026-09-28T16:25:12.603,109.606,0,1863.0,24,,98.188,0.0,1.0,0.0,1.77,2.0,1.254,9610,14.51,13.333,99,,44,,,,,,,,,,,
2026-09-28T16:25:12.733,109.736,0,1858.75,24,,98.156,0.0,1.0,0.0,1.79,2.0,1.254,9600,14.51,13.333,99,,,3.906,,,,,,,,,,
2026-09-28T16:25:12.863,109.866,0,1855.0,24,,98.188,0.0,0.5,0.0,1.796,2.0,1.258,9610,14.51,13.333,99,,,,13.886,,,,,,,,,
2026-09-28T16:25:12.993,109.996,0,1850.75,23,,98.188,0.0,0.5,0.0,1.799,2.0,1.262,9610,14.51,13.333,98,,,,,96,,,,,,,,
2026-09-28T16:25:13.123,110.126,0,1844.5,23,,98.188,0.0,0.5,0.0,1.799,2.0,1.262,9610,14.51,13.333,98,,,,,,21,,,,,,,
2026-09-28T16:25:13.253,110.256,0,1837.75,24,,98.156,0.0,0.5,0.0,1.8,2.0,1.266,9610,14.51,13.333,98,,,,,,,78.039,,,,,,
2026-09-28T16:25:13.383,110.386,0,1837.25,24,,98.188,0.0,0.5,0.0,1.8,2.0,1.262,9610,14.51,13.333,98,,,,,,,,668.7,,,,,
2026-09-28T16:25:13.513,110.516,0,1836.5,23,,98.156,0.0,0.5,0.0,1.8,2.0,1.262,9590,14.51,13.333,98,,,,,,,,,0.095,,,,
2026-09-28T16:25:13.643,110.646,0,1830.0,24,,98.094,0.0,0.5,0.0,1.8,2.0,1.266,9600,14.51,13.333,97,,,,,,,,,,,0.781,,
2026-09-28T16:25:13.773,110.776,0,1821.5,24,,98.188,0.0,0.5,0.0,1.8,2.0,1.262,9600,14.51,13.333,97,,,,,,,,,,,,12.941,
2026-09-28T16:25:13.903,110.906,0,1820.75,24,,98.188,0.0,0.5,0.0,1.8,2.0,1.266,9610,14.51,12.941,97,,,,,,,,,,,,,146
2026-09-28T16:25:14.033,111.036,0,1819.5,24,,98.188,0.0,0.5,0.0,1.8,2.0,1.266,9590,14.51,12.941,97,95,,,,,,,,,,,,
2026-09-28T16:25:14.163,111.167,0,1809.0,23,,98.188,0.0,0.5,0.0,1.8,2.0,1.266,9600,14.51,12.941,96,,45,,,,,,,,,,,
2026-09-28T16:25:14.293,111.296,0,1803.25,24,,98.188,0.0,0.5,0.0,1.8,2.0,1.266,9600,14.51,12.941,96,,,3.906,,,,,,,,,,
2026-09-28T16:25:14.423,111.426,0,1799.75,23,,98.156,0.0,0.5,0.0,1.8,2.0,1.262,9590,14.51,12.941,96,,,,13.964,,,,,,,,,
2026-09-28T16:25:14.553,111.556,0,1796.0,24,,98.125,0.0,0.5,0.0,1.8,2.0,1.266,9600,14.51,12.941,96,,,,,96,,,,,,,,
2026-09-28T16:25:14.683,111.687,0,1786.25,24,,98.156,0.0,0.5,0.0,1.8,2.0,1.266,9590,14.51,12.941,95,,,,,,21,,,,,,,
2026-09-28T16:25:14.813,111.816,0,1778.0,23,,98.156,0.0,0.5,0.0,1.8,2.0,1.262,9590,14.51,12.941,95,,,,,,,78.039,,,,,,
2026-09-28T16:25:14.943,111.946,0,1772.75,23,,98.156,0.0,0.5,0.0,1.8,2.0,1.262,9590,14.51,12.941,94,,,,,,,,669.5,,,,,
2026-09-28T16:25:15.074,112.077,0,1758.75,24,,98.156,0.0,0.0,0.0,1.8,2.0,1.266,9590,14.51,12.941,94,,,,,,,,,0.095,,,,
2026-09-28T16:25:15.203,112.206,0,1749.0,24,,98.125,0.0,0.0,0.0,1.8,2.0,1.266,9590,14.51,12.941,93,,,,,,,,,,,0.781,,
2026-09-28T16:25:15.333,112.336,0,1741.25,24,,98.156,0.0,0.0,0.0,1.8,2.0,1.266,9590,14.51,12.941,92,,,,,,,,,,,,12.157,
2026-09-28T16:25:15.463,112.466,0,1735.75,23,,98.094,0.0,0.0,0.0,1.8,2.0,1.266,9590,14.51,12.941,92,,,,,,,,,,,,,147
2026-09-28T16:25:15.593,112.597,0,1725.0,24,,98.094,0.0,0.0,0.0,1.8,2.0,1.266,9580,14.51,12.941,92,96,,,,,,,,,,,,
2026-09-28T16:25:15.723,112.726,0,1713.75,24,,98.094,0.0,0.0,0.0,1.8,2.0,1.266,9580,14.51,12.941,91,,45,,,,,,,,,,,
2026-09-28T16:25:15.853,112.856,0,1696.75,23,,98.156,0.0,-0.5,0.0,1.8,2.0,1.266,9570,14.51,12.941,90,,,3.906,,,,,,,,,,
2026-09-28T16:25:15.984,112.987,0,1684.25,22,,98.062,0.0,-0.5,0.0,1.8,2.0,1.266,9580,14.51,12.941,89,,,,13.945,,,,,,,,,
2026-09-28T16:25:16.112,113.116,0,1670.5,23,,97.938,0.0,-0.5,0.0,1.8,2.0,1.266,9570,14.51,12.941,88,,,,,96,,,,,,,,
2026-09-28T16:25:16.243,113.246,0,1659.75,23,,97.938,0.0,-0.5,0.0,1.8,2.0,1.262,9570,14.51,12.941,88,,,,,,21,,,,,,,
2026-09-28T16:25:16.373,113.377,0,1644.0,23,,97.938,0.0,-0.5,0.0,1.8,2.0,1.266,9560,14.51,12.941,87,,,,,,,78.039,,,,,,
2026-09-28T16:25:16.503,113.506,0,1628.25,24,,97.875,0.0,-1.0,0.0,1.8,2.0,1.262,9560,14.51,12.941,86,,,,,,,,670.2,,,,,
2026-09-28T16:25:16.633,113.637,0,1619.75,23,,97.906,0.0,-1.0,0.0,1.8,2.0,1.266,9570,14.51,12.941,86,,,,,,,,,0.095,,,,
2026-09-28T16:25:16.763,113.766,0,1604.25,23,,97.906,0.0,-1.0,0.0,1.8,2.0,1.266,9560,14.51,12.549,85,,,,,,,,,,,0.781,,
2026-09-28T16:25:16.893,113.896,0,1596.5,23,,97.875,0.0,-1.0,0.0,1.8,2.0,1.266,9560,14.51,12.549,84,,,,,,,,,,,,12.157,
2026-09-28T16:25:17.022,114.026,0,1586.5,22,,97.875,0.0,-1.0,0.0,1.8,2.0,1.262,9560,14.51,12.549,84,,,,,,,,,,,,,149
2026-09-28T16:25:17.154,114.157,0,1573.5,23,,97.875,0.0,-1.0,0.0,1.8,2.0,1.262,9560,14.51,12.549,83,97,,,,,,,,,,,,
2026-09-28T16:25:17.282,114.286,0,1562.0,23,,97.875,0.0,-1.0,0.0,1.8,2.0,1.266,9550,14.51,12.549,83,,46,,,,,,,,,,,
2026-09-28T16:25:17.413,114.416,0,1547.25,23,,97.875,0.0,-1.0,0.0,1.8,2.0,1.262,9560,14.51,12.549,82,,,4.688,,,,,,,,,,
2026-09-28T16:25:17.543,114.546,0,1540.0,23,,97.875,0.0,-1.0,0.0,1.8,2.0,1.266,9550,14.51,12.549,82,,,,13.945,,,,,,,,,
2026-09-28T16:25:17.675,114.678,0,1532.5,23,,97.875,0.0,-1.5,0.0,1.8,2.0,1.266,9550,14.51,12.549,81,,,,,96,,,,,,,,
2026-09-28T16:25:17.802,114.806,0,1523.75,23,,97.875,0.0,-1.5,0.0,1.8,2.0,1.266,9540,14.51,12.549,81,,,,,,21,,,,,,,
2026-09-28T16:25:17.933,114.936,0,1518.5,23,,97.875,0.0,-1.5,0.0,1.8,2.0,1.266,9550,14.51,12.549,81,,,,,,,78.039,,,,,,
2026-09-28T16:25:18.063,115.066,0,1515.25,23,,97.875,0.0,-1.5,0.0,1.8,2.0,1.266,9540,14.51,12.549,81,,,,,,,,671.1,,,,,
2026-09-28T16:25:18.193,115.197,0,1512.25,23,,97.875,0.0,-1.5,0.0,1.8,2.0,1.262,9530,14.51,12.549,80,,,,,,,,,0.095,,,,
2026-09-28T16:25:18.323,115.326,0,1505.0,23,,97.875,0.0,-2.0,0.0,1.8,2.0,1.266,9530,14.51,12.549,80,,,,,,,,,,,0.781,,
2026-09-28T16:25:18.453,115.457,0,1500.0,23,,97.875,0.0,-2.0,0.0,1.8,2.0,1.266,9540,14.51,12.549,80,,,,,,,,,,,,12.157,
2026-09-28T16:25:18.583,115.586,0,1497.25,23,,97.844,0.0,-2.0,0.0,1.8,2.0,1.262,9520,14.51,12.549,80,,,,,,,,,,,,,150
2026-09-28T16:25:18.713,115.716,0,1493.5,23,,97.875,0.0,-2.0,0.0,1.8,2.0,1.266,9530,14.51,12.549,79,97,,,,,,,,,,,,
2026-09-28T16:25:18.842,115.846,0,1488.75,23,,97.875,0.0,-2.0,0.0,1.8,2.0,1.266,9520,14.51,12.549,79,,46,,,,,,,,,,,
2026-09-28T16:25:18.973,115.976,0,1486.0,23,,97.781,0.0,-2.0,0.0,1.8,2.0,1.266,9520,14.51,12.549,79,,,5.469,,,,,,,,,,
2026-09-28T16:25:19.102,116.106,0,1481.0,23,,97.875,0.0,-2.0,0.0,1.8,2.0,1.266,9520,14.51,12.549,79,,,,13.945,,,,,,,,,
2026-09-28T16:25:19.233,116.237,0,1478.5,24,,97.844,0.0,-2.0,0.0,1.8,2.0,1.266,9520,14.51,12.549,78,,,,,96,,,,,,,,
2026-09-28T16:25:19.362,116.366,0,1469.75,24,,97.812,0.0,-2.5,0.0,1.8,2.0,1.262,9510,14.51,12.549,78,,,,,,21,,,,,,,
2026-09-28T16:25:19.493,116.496,0,1466.25,23,,97.844,0.0,-2.5,0.0,1.8,2.0,1.266,9500,14.51,12.549,78,,,,,,,78.039,,,,,,
2026-09-28T16:25:19.623,116.626,0,1462.5,23,,97.812,0.0,-2.5,0.0,1.8,2.0,1.266,9500,14.51,12.549,78,,,,,,,,671.9,,,,,
2026-09-28T16:25:19.753,116.756,0,1459.5,24,,97.781,0.0,-2.5,0.0,1.8,2.0,1.266,9500,14.51,12.549,78,,,,,,,,,0.095,,,,
2026-09-28T16:25:19.882,116.886,0,1456.0,23,,97.688,0.0,-2.5,0.0,1.8,2.0,1.262,9500,14.51,12.549,77,,,,,,,,,,,0.781,,
2026-09-28T16:25:20.013,117.016,0,1452.75,24,,97.781,0.0,-2.5,0.0,1.8,2.0,1.27,9490,14.51,12.549,77,,,,,,,,,,,,12.941,
2026-09-28T16:25:20.142,117.146,0,1448.25,24,,97.812,0.0,-2.5,0.0,1.8,2.0,1.266,9490,14.51,12.549,77,,,,,,,,,,,,,152
2026-09-28T16:25:20.273,117.277,0,1446.5,23,,97.75,0.0,-2.5,0.0,1.8,2.0,1.266,9490,14.51,12.549,77,98,,,,,,,,,,,,
2026-09-28T16:25:20.402,117.406,0,1439.75,24,,97.656,0.0,-2.5,0.0,1.8,2.0,1.266,9480,14.51,12.549,77,,46,,,,,,,,,,,
2026-09-28T16:25:20.533,117.536,0,1437.25,24,,97.719,0.0,-2.5,0.0,1.8,2.0,1.266,9480,14.51,12.549,76,,,5.469,,,,,,,,,,
2026-09-28T16:25:20.663,117.666,0,1434.5,24,,97.656,0.0,-2.5,0.0,1.8,2.0,1.266,9480,14.51,12.549,76,,,,13.925,,,,,,,,,
2026-09-28T16:25:20.793,117.796,0,1430.75,24,,97.656,0.0,-2.5,0.0,1.8,2.0,1.27,9470,14.51,12.549,76,,,,,96,,,,,,,,
2026-09-28T16:25:20.923,117.927,0,1428.25,24,,97.625,0.0,-2.5,0.0,1.8,2.0,1.266,9460,14.51,12.549,76,,,,,,21,,,,,,,
2026-09-28T16:25:21.052,118.056,0,1426.0,24,,97.562,0.0,-2.5,0.0,1.8,2.0,1.262,9460,14.51,12.549,76,,,,,,,78.039,,,,,,
2026-09-28T16:25:21.183,118.186,0,1422.5,24,,97.531,0.0,-2.5,0.0,1.8,2.0,1.266,9460,14.51,12.549,75,,,,,,,,672.5,,,,,
2026-09-28T16:25:21.313,118.316,0,1419.0,24,,97.562,0.0,-2.5,0.0,1.8,2.0,1.266,9450,14.51,12.549,75,,,,,,,,,0.095,,,,
2026-09-28T16:25:21.443,118.446,0,1412.5,24,,97.625,0.0,-2.5,0.0,1.8,2.0,1.266,9450,14.51,12.549,75,,,,,,,,,,,0.781,,
2026-09-28T16:25:21.573,118.576,0,1410.25,24,,97.562,0.0,-2.5,0.0,1.8,2.0,1.266,9450,14.51,12.549,75,,,,,,,,,,,,12.941,
2026-09-28T16:25:21.702,118.706,0,1403.0,24,,97.531,0.0,-3.0,0.0,1.8,2.0,1.266,9440,14.51,12.549,75,,,,,,,,,,,,,154
2026-09-28T16:25:21.833,118.836,0,1401.0,23,,97.531,0.0,-3.0,0.0,1.8,2.0,1.266,9440,14.51,12.549,75,99,,,,,,,,,,,,
2026-09-28T16:25:21.962,118.966,0,1399.25,24,,97.531,0.0,-3.0,0.0,1.8,2.0,1.27,9440,14.51,12.549,74,,46,,,,,,,,,,,
2026-09-28T16:25:22.093,119.097,0,1396.75,24,,97.531,0.0,-3.0,0.0,1.8,2.0,1.262,9430,14.51,12.549,74,,,5.469,,,,,,,,,,
2026-09-28T16:25:22.223,119.227,0,1390.5,24,,97.531,0.0,-3.0,0.0,1.8,2.0,1.27,9420,14.51,12.549,74,,,,13.945,,,,,,,,,
2026-09-28T16:25:22.353,119.357,0,1384.75,24,,97.531,0.0,-3.0,0.0,1.8,2.0,1.266,9420,14.51,12.549,74,,,,,96,,,,,,,,
2026-09-28T16:25:22.484,119.487,0,1382.25,24,,97.531,0.0,-3.0,0.0,1.8,2.0,1.266,9420,14.51,12.549,73,,,,,,21,,,,,,,
2026-09-28T16:25:22.613,119.617,0,1379.25,24,,97.531,0.0,-3.0,0.0,1.8,2.0,1.266,9420,14.51,12.549,73,,,,,,,78.039,,,,,,
2026-09-28T16:25:22.742,119.746,0,1376.5,24,,97.531,0.0,-4.0,0.0,1.8,2.0,1.266,9420,14.51,12.549,73,,,,,,,,673.0,,,,,
2026-09-28T16:25:22.873,119.876,0,1373.75,24,,97.531,0.0,-4.0,0.0,1.8,2.0,1.266,9410,14.51,12.549,73,,,,,,,,,0.095,,,,
2026-09-28T16:25:23.002,120.006,0,1369.0,24,,97.531,0.0,-4.0,0.0,1.8,2.0,1.27,9690,14.51,12.549,73,,,,,,,,,,,0.781,,
2026-09-28T16:25:23.133,120.136,0,1364.25,24,,97.531,0.0,-4.0,0.0,1.8,2.0,1.262,9670,14.51,12.549,72,,,,,,,,,,,,12.941,
2026-09-28T16:25:23.263,120.266,0,1357.75,24,,97.531,0.0,-4.0,0.0,1.8,2.0,1.266,9660,14.51,12.549,72,,,,,,,,,,,,,155
2026-09-28T16:25:23.393,120.396,0,1350.25,24,,97.531,0.0,-4.0,0.0,1.8,2.0,1.266,9660,14.51,12.549,72,100,,,,,,,,,,,,
2026-09-28T16:25:23.522,120.526,0,1343.75,24,,97.531,0.0,-4.0,0.0,1.8,2.0,1.266,9660,14.51,12.549,71,,46,,,,,,,,,,,
2026-09-28T16:25:23.652,120.656,0,1331.75,24,,97.531,0.0,-4.0,0.0,1.8,2.0,1.266,9660,14.51,12.549,70,,,6.25,,,,,,,,,,
2026-09-28T16:25:23.783,120.786,0,1309.5,24,,97.531,0.0,-4.0,0.0,1.8,2.0,1.266,9660,14.51,12.549,70,,,,13.925,,,,,,,,,
2026-09-28T16:25:23.912,120.916,0,1314.5,24,,97.531,0.0,-4.5,0.0,1.8,2.0,1.266,9650,14.51,12.549,70,,,,,96,,,,,,,,
2026-09-28T16:25:24.042,121.046,0,1305.0,24,,97.531,0.0,-4.5,0.0,1.8,2.0,1.266,9640,14.51,12.549,69,,,,,,21,,,,,,,
2026-09-28T16:25:24.174,121.178,0,1291.25,24,,97.531,0.0,-4.5,0.0,1.8,2.0,1.266,9630,14.51,12.549,68,,,,,,,78.039,,,,,,
2026-09-28T16:25:24.303,121.306,0,1279.25,24,,97.531,0.0,-5.0,0.0,1.8,2.0,1.262,9630,14.51,12.549,68,,,,,,,,673.5,,,,,
2026-09-28T16:25:24.433,121.436,0,1266.75,24,,97.531,0.0,-5.0,0.0,1.8,2.0,1.266,9630,14.51,12.157,67,,,,,,,,,0.095,,,,
2026-09-28T16:25:24.562,121.566,0,1256.25,25,,97.531,0.0,-5.0,0.0,1.8,2.0,1.266,9630,14.51,12.157,66,,,,,,,,,,,0.781,,
2026-09-28T16:25:24.693,121.696,0,1244.25,24,,97.531,0.0,-5.5,0.0,1.8,2.0,1.266,9620,14.51,12.157,66,,,,,,,,,,,,12.941,
2026-09-28T16:25:24.823,121.826,0,1230.25,24,,97.469,0.0,-5.5,0.0,1.8,2.0,1.266,9610,14.51,12.157,65,,,,,,,,,,,,,157
2026-09-28T16:25:24.952,121.956,0,1217.75,24,,97.531,0.0,-6.0,0.0,1.8,2.0,1.266,9610,14.51,12.157,64,100,,,,,,,,,,,,
2026-09-28T16:25:25.083,122.086,0,1206.75,24,,97.531,0.0,-6.0,0.0,1.8,2.0,1.266,9600,14.51,12.157,64,,46,,,,,,,,,,,
2026-09-28T16:25:25.213,122.216,0,1238.25,24,,97.469,0.0,-5.0,0.0,1.8,2.0,1.266,9590,14.51,12.157,63,,,6.25,,,,,,,,,,
2026-09-28T16:25:25.343,122.346,0,1320.75,24,,97.5,0.0,-4.0,0.0,1.8,2.0,1.266,9590,14.51,12.549,62,,,,13.964,,,,,,,,,
2026-09-28T16:25:25.473,122.476,0,1393.0,24,,97.375,0.0,-3.0,0.0,1.8,2.0,1.262,9590,14.51,12.549,61,,,,,96,,,,,,,,
2026-09-28T16:25:25.603,122.607,0,1452.25,24,,97.469,0.0,-2.5,0.0,1.8,2.0,1.262,9580,14.51,12.549,61,,,,,,21,,,,,,,
2026-09-28T16:25:25.733,122.736,0,1456.5,24,,97.531,0.0,-2.5,0.0,1.8,2.0,1.262,9570,14.51,12.549,61,,,,,,,78.039,,,,,,
2026-09-28T16:25:25.863,122.866,0,1444.0,23,,97.531,0.0,-2.5,0.0,1.8,2.0,1.262,9570,14.51,12.549,60,,,,,,,,673.9,,,,,
2026-09-28T16:25:25.993,122.996,0,1425.5,23,,97.531,0.0,-2.5,0.0,1.8,2.0,1.266,9560,14.51,12.549,59,,,,,,,,,0.095,,,,
2026-09-28T16:25:26.123,123.126,0,1409.5,24,,97.531,0.0,-2.5,0.0,1.8,2.0,1.266,9560,14.51,12.549,59,,,,,,,,,,,0.781,,
2026-09-28T16:25:26.253,123.256,0,1397.5,24,,97.531,0.0,-3.0,0.0,1.8,2.0,1.266,9560,14.51,12.549,58,,,,,,,,,,,,12.549,
2026-09-28T16:25:26.392,123.396,0,1386.5,23,,97.531,0.0,-3.0,0.0,1.8,2.0,1.27,9550,14.51,12.549,57,,,,,,,,,,,,,158
2026-09-28T16:25:26.523,123.527,0,1371.75,23,,97.531,0.0,-4.0,0.0,1.8,2.0,1.266,9550,14.51,12.549,57,100,,,,,,,,,,,,
2026-09-28T16:25:26.652,123.656,0,1358.25,24,,97.531,0.0,-4.0,0.0,1.8,2.0,1.266,9540,14.51,12.549,56,,47,,,,,,,,,,,
2026-09-28T16:25:26.782,123.786,0,1345.5,23,,97.531,0.0,-4.0,0.0,1.8,2.0,1.262,9530,14.51,12.549,56,,,6.25,,,,,,,,,,
2026-09-28T16:25:26.913,123.916,0,1330.25,24,,97.531,0.0,-4.0,0.0,1.8,2.0,1.27,9540,14.51,12.549,55,,,,13.945,,,,,,,,,
2026-09-28T16:25:27.042,124.046,0,1319.75,24,,97.531,0.0,-4.5,0.0,1.8,2.0,1.262,9520,14.51,12.549,54,,,,,96,,,,,,,,
2026-09-28T16:25:27.175,124.178,0,1301.75,24,,97.531,0.0,-4.5,0.0,1.8,2.0,1.262,9520,14.51,12.157,54,,,,,,21,,,,,,,
2026-09-28T16:25:27.302,124.306,0,1288.25,24,,97.531,0.0,-4.5,0.0,1.8,2.0,1.266,9520,14.51,12.157,53,,,,,,,78.039,,,,,,
2026-09-28T16:25:27.432,124.436,0,1276.5,24,,97.531,0.0,-5.0,0.0,1.8,2.0,1.266,9520,14.51,12.157,53,,,,,,,,674.1,,,,,
2026-09-28T16:25:27.562,124.566,0,1260.75,24,,97.5,0.0,-5.0,0.0,1.8,2.0,1.262,9510,14.51,12.157,52,,,,,,,,,0.095,,,,
2026-09-28T16:25:27.693,124.696,0,1246.75,24,,97.531,0.0,-5.5,0.0,1.8,2.0,1.262,9510,14.51,12.157,51,,,,,,,,,,,0.781,,
2026-09-28T16:25:27.822,124.826,0,1231.25,24,,97.469,0.0,-5.5,0.0,1.8,2.0,1.266,9490,14.51,12.157,51,,,,,,,,,,,,13.333,
2026-09-28T16:25:27.953,124.956,0,1232.5,24,,97.5,0.0,-5.5,0.0,1.8,2.0,1.262,9490,14.51,12.549,50,,,,,,,,,,,,,160
2026-09-28T16:25:28.082,125.086,0,1308.75,23,,97.469,0.0,-4.0,0.0,1.8,2.0,1.262,9490,14.51,12.549,50,101,,,,,,,,,,,,
2026-09-28T16:25:28.213,125.217,0,1392.75,24,,97.406,0.0,-2.5,0.0,1.8,2.0,1.262,9480,14.51,12.549,49,,47,,,,,,,,,,,
2026-09-28T16:25:28.343,125.346,0,1482.25,24,,97.469,0.0,-1.5,0.0,1.8,2.0,1.262,9480,14.51,12.941,49,,,4.688,,,,,,,,,,
2026-09-28T16:25:28.473,125.476,0,1543.0,24,,97.469,0.0,-1.0,0.0,1.8,2.0,1.262,9460,14.51,12.941,48,,,,13.925,,,,,,,,,
2026-09-28T16:25:28.603,125.606,0,1526.5,24,,97.531,0.0,-1.5,0.0,1.8,2.0,1.262,9460,14.51,12.549,48,,,,,96,,,,,,,,
2026-09-28T16:25:28.732,125.736,0,1512.25,24,,97.531,0.0,-1.5,0.0,1.8,2.0,1.266,9460,14.51,12.549,48,,,,,,21,,,,,,,
2026-09-28T16:25:28.862,125.866,0,1490.75,23,,97.531,0.0,-2.0,0.0,1.8,2.0,1.266,9450,14.51,12.549,47,,,,,,,78.824,,,,,,
2026-09-28T16:25:28.993,125.996,0,1478.5,23,,97.531,0.0,-2.0,0.0,1.8,2.0,1.266,9450,14.51,12.549,47,,,,,,,,674.0,,,,,
2026-09-28T16:25:29.123,126.126,0,1469.0,23,,97.531,0.0,-2.5,0.0,1.8,2.0,1.266,9440,14.51,12.549,46,,,,,,,,,0.095,,,,
2026-09-28T16:25:29.252,126.256,0,1457.0,24,,97.531,0.0,-2.5,0.0,1.8,2.0,1.266,9450,14.51,12.549,46,,,,,,,,,,,0.781,,
2026-09-28T16:25:29.383,126.386,0,1443.5,23,,97.531,0.0,-2.5,0.0,1.8,2.0,1.266,9430,14.51,12.549,45,,,,,,,,,,,,12.549,
2026-09-28T16:25:29.513,126.516,0,1425.75,24,,97.531,0.0,-2.5,0.0,1.8,2.0,1.27,9430,14.51,12.549,45,,,,,,,,,,,,,161
2026-09-28T16:25:29.642,126.646,0,1412.5,24,,97.531,0.0,-3.0,0.0,1.8,2.0,1.266,9430,14.51,12.549,44,101,,,,,,,,,,,,
2026-09-28T16:25:29.773,126.776,0,1400.25,23,,97.531,0.0,-3.0,0.0,1.8,2.0,1.27,9420,14.51,12.549,44,,47,,,,,,,,,,,
2026-09-28T16:25:29.902,126.906,0,1389.25,23,,97.531,0.0,-3.0,0.0,1.8,2.0,1.27,9430,14.51,12.549,43,,,5.469,,,,,,,,,,
2026-09-28T16:25:30.033,127.036,0,1376.5,24,,97.531,0.0,-4.0,0.0,1.8,2.0,1.266,9420,14.51,12.549,43,,,,13.945,,,,,,,,,
2026-09-28T16:25:30.163,127.166,0,1360.0,23,,97.531,0.0,-4.0,0.0,1.8,2.0,1.266,9410,14.51,12.549,43,,,,,96,,,,,,,,
2026-09-28T16:25:30.293,127.296,0,1342.5,24,,97.531,0.0,-4.0,0.0,1.8,2.0,1.27,9400,14.51,12.549,42,,,,,,21,,,,,,,
2026-09-28T16:25:30.423,127.427,0,1330.75,24,,97.531,0.0,-4.0,0.0,1.8,2.0,1.27,9980,14.51,12.549,42,,,,,,,78.824,,,,,,
2026-09-28T16:25:30.552,127.556,0,1314.75,23,,97.531,0.0,-4.5,0.0,1.8,2.0,1.27,9960,14.51,12.549,41,,,,,,,,673.8,,,,,
2026-09-28T16:25:30.682,127.686,0,1300.75,24,,97.531,0.0,-4.5,0.0,1.8,2.0,1.27,9960,14.51,12.157,41,,,,,,,,,0.095,,,,
2026-09-28T16:25:30.812,127.816,0,1281.75,24,,97.531,0.0,-5.0,0.0,1.8,2.0,1.27,9960,14.51,12.157,40,,,,,,,,,,,0.781,,
2026-09-28T16:25:30.942,127.946,0,1258.0,24,,97.531,0.0,-5.0,0.0,1.8,2.0,1.266,9950,14.51,12.157,39,,,,,,,,,,,,12.941,
2026-09-28T16:25:31.073,128.076,0,1242.5,24,,97.531,0.0,-5.5,0.0,1.8,2.0,1.27,9940,14.51,12.157,39,,,,,,,,,,,,,163
2026-09-28T16:25:31.202,128.206,0,1219.75,24,,97.531,0.0,-6.0,0.0,1.8,2.0,1.273,9930,14.51,12.157,38,101,,,,,,,,,,,,
2026-09-28T16:25:31.332,128.336,0,1221.5,24,,97.531,0.0,-5.5,0.0,1.8,2.0,1.27,9930,14.51,12.549,37,,47,,,,,,,,,,,
2026-09-28T16:25:31.462,128.466,0,1305.5,24,,97.531,0.0,-4.0,0.0,1.8,2.0,1.27,9920,14.51,12.549,36,,,6.25,,,,,,,,,,
2026-09-28T16:25:31.593,128.596,0,1387.5,24,,97.531,0.0,-2.5,0.0,1.8,2.0,1.27,9910,14.51,12.549,35,,,,14.003,,,,,,,,,
2026-09-28T16:25:31.722,128.726,0,1453.25,24,,97.531,0.0,-2.0,0.0,1.8,2.0,1.266,9900,14.51,12.941,34,,,,,96,,,,,,,,
2026-09-28T16:25:31.853,128.856,0,1522.25,24,,97.531,0.0,-1.0,0.0,1.8,2.0,1.273,9900,14.51,12.941,33,,,,,,21,,,,,,,
2026-09-28T16:25:31.983,128.986,0,1523.75,24,,97.531,0.0,-2.0,0.0,1.8,2.0,1.27,9900,14.51,12.549,32,,,,,,,78.824,,,,,,
2026-09-28T16:25:32.113,129.116,0,1485.25,24,,97.531,0.0,-2.0,0.0,1.8,2.0,1.27,9880,14.51,12.549,32,,,,,,,,673.6,,,,,
2026-09-28T16:25:32.243,129.246,0,1443.75,23,,97.531,0.0,-2.5,0.0,1.8,2.0,1.27,9880,14.51,12.549,31,,,,,,,,,0.095,,,,
2026-09-28T16:25:32.373,129.376,0,1398.0,24,,97.531,0.0,-3.0,0.0,1.8,2.0,1.273,9880,14.51,12.549,30,,,,,,,,,,,0.781,,
2026-09-28T16:25:32.502,129.506,0,1362.5,23,,97.531,0.0,-4.0,0.0,1.8,2.0,1.27,9870,14.51,12.549,29,,,,,,,,,,,,12.941,
2026-09-28T16:25:32.633,129.636,0,1317.25,23,,97.531,0.0,-4.5,0.0,1.8,2.0,1.273,9860,14.51,12.549,28,,,,,,,,,,,,,165
2026-09-28T16:25:32.762,129.766,0,1277.75,24,,97.531,0.0,-5.0,0.0,1.8,2.0,1.273,9860,14.51,12.157,27,102,,,,,,,,,,,,
2026-09-28T16:25:32.892,129.896,0,1276.5,24,,97.531,0.0,-5.0,0.0,1.8,2.0,1.27,9860,14.51,12.157,26,,47,,,,,,,,,,,
2026-09-28T16:25:33.023,130.026,0,1278.5,24,,97.531,0.0,-4.5,0.0,1.8,2.0,1.273,9850,14.51,12.549,25,,,6.25,,,,,,,,,,
2026-09-28T16:25:33.153,130.156,0,1284.0,24,,97.531,0.0,-4.5,0.0,1.8,2.0,1.27,9840,14.51,12.157,24,,,,13.964,,,,,,,,,
2026-09-28T16:25:33.283,130.286,0,1282.0,24,,97.531,0.0,-5.0,0.0,1.8,2.0,1.27,9840,14.51,12.549,23,,,,,96,,,,,,,,
2026-09-28T16:25:33.413,130.417,0,1275.0,24,,97.531,0.0,-5.0,0.0,1.8,2.0,1.273,9830,14.51,12.549,22,,,,,,21,,,,,,,
2026-09-28T16:25:33.543,130.546,0,1269.5,24,,97.531,0.0,-5.0,0.0,1.8,2.0,1.27,9830,14.51,12.157,21,,,,,,,78.824,,,,,,
2026-09-28T16:25:33.674,130.677,0,1265.5,24,,97.531,0.0,-5.0,0.0,1.8,2.0,1.27,9820,14.51,12.157,20,,,,,,,,673.4,,,,,
2026-09-28T16:25:33.803,130.806,0,1264.5,24,,97.531,0.0,-5.0,0.0,1.8,2.0,1.27,9820,14.51,12.157,19,,,,,,,,,0.095,,,,
2026-09-28T16:25:33.932,130.936,0,1258.75,24,,97.531,0.0,-5.0,0.0,1.8,2.0,1.273,9820,14.51,12.157,18,,,,,,,,,,,0.781,,
2026-09-28T16:25:34.062,131.066,0,1239.5,24,,97.531,0.0,-5.5,0.0,1.8,2.0,1.27,9810,14.51,12.157,17,,,,,,,,,,,,13.333,
2026-09-28T16:25:34.192,131.196,0,1162.75,24,,97.531,0.0,-7.5,0.0,1.751,2.0,1.273,9790,14.51,11.765,17,,,,,,,,,,,,,166
2026-09-28T16:25:34.323,131.326,0,1019.75,24,,97.406,12.157,-1.0,0.0,1.862,2.0,1.297,9800,14.51,11.373,16,102,,,,,,,,,,,,
2026-09-28T16:25:34.452,131.456,0,972.0,23,,97.312,11.765,0.5,0.0,1.831,2.0,1.172,10110,14.51,11.373,15,,47,,,,,,,,,,,
2026-09-28T16:25:34.582,131.586,0,941.25,22,,97.281,11.765,5.0,0.0,1.623,2.0,0.68,9890,14.51,12.157,14,,,7.031,,,,,,,,,,
2026-09-28T16:25:34.712,131.716,0,894.75,23,,97.219,12.549,2.5,0.0,1.37,1.417,0.379,9540,14.51,12.157,14,,,,13.925,,,,,,,,,
2026-09-28T16:25:34.843,131.846,0,857.0,26,,97.219,14.902,3.0,0.0,1.208,1.26,0.254,9130,14.51,12.157,13,,,,,96,,,,,,,,
2026-09-28T16:25:34.973,131.976,0,838.0,27,,97.219,16.078,0.5,0.0,1.085,1.093,0.082,8730,14.51,12.157,13,,,,,,21,,,,,,,
2026-09-28T16:25:35.103,132.106,0,819.5,28,,97.125,16.471,3.0,0.0,1.02,1.035,0.016,8440,14.51,12.549,12,,,,,,,78.824,,,,,,
2026-09-28T16:25:35.232,132.236,0,808.25,29,,97.062,18.431,-2.5,0.781,0.973,0.996,-0.031,8030,14.51,12.157,11,,,,,,,,671.9,,,,,
2026-09-28T16:25:35.363,132.366,0,796.25,31,,97.0,18.431,-0.5,1.562,0.948,0.983,-0.062,7730,14.51,12.157,10,,,,,,,,,0.115,,,,
2026-09-28T16:25:35.492,132.496,0,790.0,31,,96.906,19.216,0.0,3.125,0.93,0.986,-0.055,7390,14.51,12.157,10,,,,,,,,,,,0.781,,
2026-09-28T16:25:35.622,132.625,0,778.0,31,,96.906,20.0,4.5,3.906,0.921,0.988,-0.051,6940,14.51,12.549,9,,,,,,,,,,,,20.392,
2026-09-28T16:25:35.753,132.756,0,775.25,34,,96.906,21.961,-1.5,4.688,0.914,0.979,-0.074,6570,14.51,12.157,9,,,,,,,,,,,,,168
2026-09-28T16:25:35.882,132.885,0,800.0,33,,96.906,20.392,-4.0,4.688,0.911,0.961,-0.117,6110,14.51,12.549,8,102,,,,,,,,,,,,
2026-09-28T16:25:36.012,133.016,0,819.5,33,,96.906,20.392,0.0,4.688,0.908,0.951,-0.141,5740,14.51,12.549,8,,47,,,,,,,,,,,
2026-09-28T16:25:36.143,133.146,0,855.0,35,,96.906,20.784,-4.5,4.688,0.907,0.941,-0.16,5250,14.51,12.549,7,,,4.688,,,,,,,,,,
2026-09-28T16:25:36.273,133.276,0,880.25,34,,96.906,20.0,-5.5,3.906,0.906,0.932,-0.184,4790,14.51,12.157,7,,,,13.886,,,,,,,,,
2026-09-28T16:25:36.402,133.406,0,890.0,32,,96.906,18.431,-2.0,3.906,0.905,0.924,-0.203,4360,14.51,12.549,7,,,,,96,,,,,,,,
2026-09-28T16:25:36.532,133.536,0,889.25,31,,96.906,18.431,-3.5,3.906,0.905,0.913,-0.23,3950,14.51,12.549,6,,,,,,21,,,,,,,
2026-09-28T16:25:36.662,133.666,0,877.75,31,,96.875,18.431,-0.5,3.125,0.904,0.902,-0.258,3660,14.51,13.333,6,,,,,,,78.824,,,,,,
2026-09-28T16:25:36.792,133.796,0,868.75,31,,96.844,18.824,-2.5,3.125,0.904,0.904,-0.25,3240,14.51,12.549,5,,,,,,,,667.9,,,,,
2026-09-28T16:25:36.923,133.926,0,874.25,33,,96.906,20.0,-3.5,3.906,0.903,0.914,-0.227,2870,14.51,12.549,5,,,,,,,,,0.17,,,,
2026-09-28T16:25:37.052,134.056,0,879.0,33,,96.875,20.392,-9.0,3.906,0.902,0.922,-0.207,2740,14.51,12.157,4,,,,,,,,,,,0.781,,
2026-09-28T16:25:37.182,134.186,0,874.0,31,,96.844,18.431,-3.5,4.688,0.901,0.925,-0.199,2620,14.51,12.549,4,,,,,,,,,,,,19.608,
2026-09-28T16:25:37.312,134.316,0,855.0,30,,96.844,18.039,1.5,4.688,0.9,0.922,-0.207,2530,14.51,12.549,4,,,,,,,,,,,,,169
2026-09-28T16:25:37.442,134.446,0,834.75,33,,96.781,20.0,1.0,4.688,0.899,0.914,-0.227,2600,14.51,12.549,3,102,,,,,,,,,,,,
2026-09-28T16:25:37.573,134.577,0,835.0,33,,96.781,20.0,2.0,4.688,0.898,0.909,-0.238,2660,14.51,12.549,3,,47,,,,,,,,,,,
2026-09-28T16:25:37.702,134.705,0,851.5,33,,96.719,20.0,-1.0,4.688,0.897,0.899,-0.262,2710,14.51,12.549,3,,,4.688,,,,,,,,,,
2026-09-28T16:25:37.833,134.836,0,862.75,32,,96.719,20.0,0.0,4.688,0.896,0.896,-0.27,2790,14.51,12.941,3,,,,13.847,,,,,,,,,
2026-09-28T16:25:37.963,134.966,0,869.0,34,,96.656,20.784,-2.5,3.906,0.895,0.896,-0.273,2930,14.51,12.941,2,,,,,96,,,,,,,,
2026-09-28T16:25:38.093,135.096,0,873.5,33,,96.688,20.0,-1.5,4.688,0.894,0.896,-0.27,2970,14.51,12.941,2,,,,,,21,,,,,,,
2026-09-28T16:25:38.222,135.226,0,874.0,34,,96.656,21.569,-0.5,4.688,0.892,0.896,-0.27,3170,14.51,12.941,2,,,,,,,78.824,,,,,,
2026-09-28T16:25:38.353,135.356,0,871.0,37,,96.625,22.353,-4.0,4.688,0.891,0.898,-0.266,3510,14.51,12.941,2,,,,,,,,663.0,,,,,
2026-09-28T16:25:38.482,135.485,0,865.25,36,,96.719,22.353,-2.5,4.688,0.89,0.894,-0.281,3940,14.51,12.941,2,,,,,,,,,0.195,,,,
2026-09-28T16:25:38.613,135.616,0,862.5,37,,96.562,23.137,-5.0,4.688,0.888,0.886,-0.301,4330,14.51,12.941,2,,,,,,,,,,,0.781,,
2026-09-28T16:25:38.743,135.746,0,860.75,39,,96.594,24.314,-6.5,3.906,0.886,0.878,-0.324,4800,14.51,12.941,1,,,,,,,,,,,,25.49,
2026-09-28T16:25:38.873,135.876,0,855.75,38,,96.594,23.922,-4.0,3.906,0.885,0.87,-0.352,5010,14.51,12.941,1,,,,,,,,,,,,,171
2026-09-28T16:25:39.002,136.005,0,852.25,38,,96.594,23.922,-3.5,3.125,0.883,0.862,-0.375,5170,14.51,12.941,1,102,,,,,,,,,,,,
2026-09-28T16:25:39.132,136.136,0,846.5,38,,96.594,24.314,-3.5,2.344,0.882,0.855,-0.395,5320,14.51,12.941,1,,47,,,,,,,,,,,
2026-09-28T16:25:39.263,136.266,0,843.0,39,,96.594,24.706,-4.0,2.344,0.881,0.854,-0.398,5590,14.51,12.941,1,,,3.906,,,,,,,,,,
2026-09-28T16:25:39.392,136.396,0,839.75,39,,96.656,25.098,-0.5,2.344,0.881,0.854,-0.402,5830,14.51,13.333,1,,,,13.886,,,,,,,,,
2026-09-28T16:25:39.522,136.525,0,837.5,38,,96.625,25.098,-2.0,1.562,0.88,0.853,-0.402,5910,14.51,12.941,1,,,,,96,,,,,,,,
2026-09-28T16:25:39.652,136.656,0,838.0,39,,96.656,24.706,-2.0,1.562,0.88,0.863,-0.367,6040,14.51,12.941,1,,,,,,21,,,,,,,
2026-09-28T16:25:39.783,136.786,0,839.0,39,,96.656,24.314,-1.0,2.344,0.88,0.872,-0.344,6070,14.51,12.941,1,,,,,,,78.824,,,,,,
2026-09-28T16:25:39.913,136.916,0,836.0,39,,96.656,25.098,-1.0,2.344,0.88,0.874,-0.34,6090,14.51,12.941,1,,,,,,,,656.8,,,,,
2026-09-28T16:25:40.042,137.045,0,832.5,39,,96.594,25.098,0.5,2.344,0.88,0.88,-0.32,6120,14.51,12.941,1,,,,,,,,,0.21,,,,
2026-09-28T16:25:40.183,137.186,0,828.75,40,,96.625,25.882,-1.0,2.344,0.88,0.878,-0.324,6180,14.51,12.941,1,,,,,,,,,,,0.781,,
2026-09-28T16:25:40.313,137.316,0,828.75,40,,96.625,25.49,0.5,2.344,0.88,0.877,-0.328,6350,14.51,12.941,1,,,,,,,,,,,,27.451,
2026-09-28T16:25:40.442,137.445,0,831.25,41,,96.594,26.667,-2.5,2.344,0.88,0.872,-0.344,6560,14.51,12.941,1,,,,,,,,,,,,,172
2026-09-28T16:25:40.573,137.576,0,834.0,41,,96.656,26.275,-1.5,2.344,0.88,0.871,-0.348,6750,14.51,12.941,1,103,,,,,,,,,,,,
2026-09-28T16:25:40.703,137.706,0,839.75,41,,96.625,25.882,-1.0,1.562,0.88,0.865,-0.363,6780,14.51,12.941,1,,47,,,,,,,,,,,
2026-09-28T16:25:40.832,137.836,0,842.25,41,,96.656,26.667,-2.5,1.562,0.88,0.862,-0.371,6790,14.51,12.941,1,,,3.906,,,,,,,,,,
2026-09-28T16:25:40.963,137.966,0,841.25,41,,96.594,26.275,-2.0,0.781,0.88,0.857,-0.391,6790,14.51,12.941,1,,,,13.906,,,,,,,,,
2026-09-28T16:25:41.093,138.096,0,843.0,41,,96.656,25.882,-1.0,0.781,0.88,0.854,-0.398,6730,14.51,12.941,1,,,,,96,,,,,,,,
2026-09-28T16:25:41.222,138.225,0,843.0,41,,96.594,27.059,-2.0,0.0,0.88,0.851,-0.41,6740,14.51,12.941,0,,,,,,21,,,,,,,
2026-09-28T16:25:41.352,138.356,0,843.0,42,,96.656,27.059,-1.0,0.0,0.88,0.852,-0.41,6850,14.51,12.941,0,,,,,,,78.824,,,,,,
2026-09-28T16:25:41.483,138.486,0,843.5,42,,96.625,27.843,-2.5,0.0,0.88,0.847,-0.422,7030,14.51,12.941,0,,,,,,,,649.3,,,,,
2026-09-28T16:25:41.612,138.616,0,844.5,43,,96.562,27.059,-1.0,-0.781,0.879,0.842,-0.441,7050,14.51,12.941,0,,,,,,,,,0.225,,,,
2026-09-28T16:25:41.743,138.746,0,841.25,42,,96.594,27.059,-1.0,-1.562,0.879,0.838,-0.453,7050,14.51,12.941,0,,,,,,,,,,,0.781,,
2026-09-28T16:25:41.873,138.876,0,835.5,43,,96.656,27.843,-0.5,-2.344,0.879,0.832,-0.473,7110,14.51,12.941,0,,,,,,,,,,,,29.02,
2026-09-28T16:25:42.003,139.006,0,833.25,43,,96.594,27.451,0.5,-3.125,0.879,0.828,-0.488,7180,14.51,12.941,0,,,,,,,,,,,,,174
2026-09-28T16:25:42.132,139.136,0,834.5,43,,96.656,27.843,-1.0,-3.906,0.879,0.823,-0.504,7310,14.51,12.941,0,103,,,,,,,,,,,,
2026-09-28T16:25:42.262,139.266,0,835.5,44,,96.625,28.235,-1.5,-4.688,0.879,0.822,-0.508,7400,14.51,12.941,0,,47,,,,,,,,,,,
2026-09-28T16:25:42.392,139.396,0,833.75,43,,96.688,27.843,0.5,-5.469,0.879,0.819,-0.52,7410,14.51,12.941,0,,,3.906,,,,,,,,,,
2026-09-28T16:25:42.522,139.526,0,830.75,43,,96.688,27.451,2.0,-6.25,0.879,0.814,-0.539,7320,14.51,13.333,0,,,,13.808,,,,,,,,,
2026-09-28T16:25:42.653,139.656,0,825.75,44,,96.656,28.627,-1.0,-7.031,0.879,0.815,-0.531,7310,14.51,12.941,0,,,,,96,,,,,,,,
2026-09-28T16:25:42.783,139.786,0,825.25,44,,96.656,28.235,1.5,-7.812,0.879,0.82,-0.516,7380,14.51,12.941,0,,,,,,21,,,,,,,
2026-09-28T16:25:42.912,139.916,0,829.0,45,,96.656,29.412,0.5,-8.594,0.879,0.814,-0.535,7550,14.51,13.333,0,,,,,,,78.824,,,,,,
2026-09-28T16:25:43.042,140.046,0,835.25,44,,96.75,28.235,-1.0,-9.375,0.879,0.812,-0.543,7680,14.51,12.941,0,,,,,,,,641.6,,,,,
2026-09-28T16:25:43.174,140.178,0,835.75,44,,96.719,28.235,0.0,-10.156,0.879,0.811,-0.551,7700,14.51,12.941,0,,,,,,,,,0.245,,,,
2026-09-28T16:25:43.303,140.306,0,835.0,44,,96.656,28.627,-1.0,-10.938,0.879,0.819,-0.52,7670,14.51,12.941,0,,,,,,,,,,,0.781,,
2026-09-28T16:25:43.433,140.436,0,838.0,44,,96.719,27.843,-0.5,-10.938,0.879,0.826,-0.492,7740,14.51,13.333,0,,,,,,,,,,,,30.196,
2026-09-28T16:25:43.562,140.566,0,842.5,44,,96.594,28.235,-1.0,-10.156,0.872,0.834,-0.465,7690,14.51,13.333,0,,,,,,,,,,,,,175
2026-09-28T16:25:43.693,140.697,0,846.0,45,,96.656,29.412,-3.5,-10.938,0.888,0.847,-0.422,7820,14.51,12.941,0,103,,,,,,,,,,,,
2026-09-28T16:25:43.822,140.826,0,850.75,45,,96.719,28.627,-3.5,-11.719,0.928,0.881,-0.316,7970,14.51,12.941,0,,47,,,,,,,,,,,
2026-09-28T16:25:43.952,140.956,0,853.5,45,,96.781,28.627,-2.5,-12.5,0.963,0.91,-0.234,7920,14.51,13.333,0,,,4.688,,,,,,,,,,
2026-09-28T16:25:44.082,141.086,0,855.25,45,,96.781,29.02,-4.5,-13.281,0.981,0.928,-0.191,7940,14.51,12.941,0,,,,13.867,,,,,,,,,
2026-09-28T16:25:44.212,141.216,0,855.75,45,,96.844,29.02,-3.0,-13.281,0.992,0.94,-0.164,8020,14.51,12.941,0,,,,,96,,,,,,,,
2026-09-28T16:25:44.343,141.346,0,853.0,45,,96.781,29.02,-3.0,-13.281,0.996,0.954,-0.133,7970,14.51,13.333,0,,,,,,21,,,,,,,
2026-09-28T16:25:44.473,141.476,0,847.75,45,,96.75,29.02,-2.5,-13.281,0.999,0.969,-0.098,7920,14.51,13.333,0,,,,,,,78.824,,,,,,
2026-09-28T16:25:44.602,141.606,0,848.25,45,,96.906,29.02,-2.5,-13.281,1.001,0.979,-0.078,7950,14.51,13.333,0,,,,,,,,635.3,,,,,
2026-09-28T16:25:44.733,141.736,0,842.25,45,,96.812,29.02,-1.5,-12.5,1.001,0.986,-0.055,7980,14.51,13.333,0,,,,,,,,,0.95,,,,
2026-09-28T16:25:44.862,141.866,0,842.5,45,,96.875,29.412,-1.5,-12.5,1.003,0.998,-0.027,7960,14.51,12.941,0,,,,,,,,,,,0.781,,
2026-09-28T16:25:44.992,141.996,0,840.5,45,,96.875,29.412,-1.0,-12.5,1.007,1.017,-0.004,7970,14.51,13.333,0,,,,,,,,,,,,30.588,
2026-09-28T16:25:45.122,142.126,0,836.0,45,,96.875,29.02,0.5,-11.719,1.009,1.025,0.004,8040,14.51,13.333,0,,,,,,,,,,,,,177
2026-09-28T16:25:45.253,142.257,0,833.0,45,,96.844,29.02,-2.5,-10.938,1.011,1.034,0.016,8050,14.51,12.941,0,104,,,,,,,,,,,,
2026-09-28T16:25:45.382,142.386,0,828.0,45,,96.844,28.627,-1.0,-10.938,1.01,1.039,0.023,7930,14.51,12.549,0,,47,,,,,,,,,,,
2026-09-28T16:25:45.512,142.516,0,824.5,44,,96.875,27.843,-8.0,-10.156,1.01,1.047,0.031,7630,14.51,12.157,0,,,6.25,,,,,,,,,,
2026-09-28T16:25:45.643,142.646,0,820.25,39,,96.906,23.922,-6.5,-9.375,1.009,1.058,0.043,7360,14.51,12.157,0,,,,13.906,,,,,,,,,
2026-09-28T16:25:45.773,142.776,0,807.5,37,,96.906,23.137,-5.5,-8.594,1.008,1.078,0.066,7000,14.51,12.157,0,,,,,96,,,,,,,,
2026-09-28T16:25:45.903,142.906,0,801.5,37,,96.875,22.745,-4.0,-7.812,1.007,1.082,0.07,6750,14.51,12.157,0,,,,,,21,,,,,,,
2026-09-28T16:25:46.032,143.035,0,786.75,35,,96.875,21.569,-1.0,-7.031,1.006,1.081,0.07,6510,14.51,12.157,0,,,,,,,78.824,,,,,,
2026-09-28T16:25:46.162,143.165,0,778.75,35,,96.906,21.569,0.5,-6.25,1.005,1.079,0.066,6190,14.51,12.157,0,,,,,,,,630.6,,,,,
2026-09-28T16:25:46.293,143.296,0,770.0,36,,96.812,23.137,-13.0,0.0,1.004,1.076,0.062,6040,14.51,10.196,0,,,,,,,,,0.915,,,,
2026-09-28T16:25:46.422,143.426,0,740.75,33,,96.906,9.804,-10.0,0.0,1.005,1.099,0.09,6050,14.51,10.196,0,,,,,,,,,,,0.781,,
2026-09-28T16:25:46.552,143.555,0,547.75,24,,96.844,10.196,-11.5,0.0,1.004,1.275,0.266,6060,14.51,10.196,0,,,,,,,,,,,,9.804,
2026-09-28T16:25:46.682,143.685,0,387.5,24,,96.875,10.98,-11.5,0.0,1.004,1.375,0.348,6060,14.51,10.98,0,,,,,,,,,,,,,179
2026-09-28T16:25:46.812,143.816,0,387.0,25,,96.875,12.157,-11.5,0.0,1.003,1.422,0.383,6060,14.51,13.725,0,104,,,,,,,,,,,,
2026-09-28T16:25:46.942,143.945,0,387.0,25,,96.875,12.157,-11.5,0.0,1.003,1.435,0.391,6060,14.51,13.333,0,,47,,,,,,,,,,,
2026-09-28T16:25:47.073,144.076,0,387.0,25,,96.875,12.157,0.0,0.0,1.003,1.437,0.395,6070,14.51,13.333,0,,,10.156,,,,,,,,,,
2026-09-28T16:25:47.202,144.206,0,0.0,83,,96.594,0.0,-30.0,0.0,1.003,1.439,0.395,6080,14.51,13.333,0,,,,12.792,,,,,,,,,
2026-09-28T16:25:47.332,144.336,0,0.0,91,,96.812,0.0,-30.0,0.0,1.003,1.442,0.398,6090,14.51,13.333,0,,,,,96,,,,,,,,
2026-09-28T16:25:47.462,144.466,0,0.0,97,,96.719,0.0,-30.0,0.0,1.003,1.448,0.402,6090,14.51,13.333,0,,,,,,21,,,,,,,
2026-09-28T16:25:47.592,144.596,0,0.0,97,,96.656,0.0,-30.0,0.0,1.003,1.453,0.406,6100,14.51,13.333,0,,,,,,,78.824,,,,,,
2026-09-28T16:25:47.722,144.726,0,0.0,97,,96.594,0.0,-30.0,0.0,1.003,1.456,0.406,6090,14.51,13.333,0,,,,,,,,630.9,,,,,
2026-09-28T16:25:47.852,144.856,0,0.0,97,,96.688,0.0,-30.0,0.0,1.003,1.457,0.406,6090,14.51,13.333,0,,,,,,,,,0.92,,,,
2026-09-28T16:25:47.982,144.986,0,0.0,97,,96.625,0.0,-30.0,0.0,1.003,1.458,0.406,6100,14.51,13.333,0,,,,,,,,,,,0.781,,
2026-09-28T16:25:48.112,145.116,0,0.0,97,,96.656,0.0,-30.0,0.0,1.003,1.461,0.41,6100,14.51,13.333,0,,,,,,,,,,,,0.0,
2026-09-28T16:25:48.242,145.246,0,0.0,97,,96.594,0.0,-30.0,0.0,1.003,1.461,0.41,6100,14.51,13.333,0,,,,,,,,,,,,,180
2026-09-28T16:25:48.373,145.376,0,0.0,97,,96.562,0.0,-30.0,0.0,1.003,1.461,0.41,6100,14.51,13.333,0,104,,,,,,,,,,,,
2026-09-28T16:25:48.502,145.505,0,0.0,97,,96.594,0.0,-30.0,0.0,1.003,1.46,0.41,6100,14.51,13.333,0,,48,,,,,,,,,,,
2026-09-28T16:25:48.632,145.636,0,0.0,97,,96.562,0.0,-30.0,0.0,1.003,1.458,0.406,6100,14.51,13.333,0,,,10.156,,,,,,,,,,
2026-09-28T16:25:48.762,145.766,0,0.0,97,,96.562,0.0,-30.0,0.0,1.003,1.446,0.398,6110,14.51,13.333,0,,,,12.695,,,,,,,,,
2026-09-28T16:25:48.892,145.896,0,0.0,97,,96.562,0.0,-30.0,0.0,1.003,1.434,0.391,6110,14.51,13.333,0,,,,,96,,,,,,,,
2026-09-28T16:25:49.022,146.025,0,0.0,97,,96.594,0.0,-30.0,0.0,1.003,1.429,0.387,6110,14.51,13.333,0,,,,,,21,,,,,,,
2026-09-28T16:25:49.152,146.156,0,0.0,97,,96.562,0.0,-30.0,0.0,1.003,1.426,0.387,6100,14.51,13.333,0,,,,,,,78.824,,,,,,
2026-09-28T16:25:49.282,146.285,0,0.0,97,,96.562,0.0,-30.0,0.0,1.003,1.421,0.383,6100,14.51,13.333,0,,,,,,,,630.6,,,,,
2026-09-28T16:25:49.412,146.416,0,0.0,97,,96.562,0.0,-30.0,0.0,1.003,1.412,0.375,6110,14.51,13.333,0,,,,,,,,,0.915,,,,
2026-09-28T16:25:49.542,146.546,0,0.0,97,,96.562,0.0,-30.0,0.0,1.003,1.405,0.371,6110,14.51,13.333,0,,,,,,,,,,,0.781,,
2026-09-28T16:25:49.675,146.678,0,0.0,97,,96.562,0.0,-30.0,0.0,1.003,1.396,0.363,6110,14.51,13.333,0,,,,,,,,,,,,0.0,
2026-09-28T16:25:49.802,146.806,0,0.0,97,,96.562,0.0,-30.0,0.0,1.003,1.384,0.355,6100,14.51,13.333,0,,,,,,,,,,,,,182
2026-09-28T16:25:49.932,146.936,0,0.0,97,,96.562,0.0,-30.0,0.0,1.003,1.375,0.348,6120,14.51,13.333,0,105,,,,,,,,,,,,
2026-09-28T16:25:50.062,147.065,0,0.0,97,,96.562,0.0,-30.0,0.0,1.003,1.366,0.34,6110,14.51,12.549,0,,48,,,,,,,,,,,
2026-09-28T16:25:50.192,147.196,0,0.0,97,,96.562,0.0,-30.0,0.0,1.003,1.358,0.336,6110,14.51,15.686,0,,,10.156,,,,,,,,,,
2026-09-28T16:25:50.322,147.325,0,0.0,97,,96.562,0.0,-30.0,0.0,1.003,1.353,0.332,6110,14.51,15.686,0,,,,12.656,,,,,,,,,
2026-09-28T16:25:50.452,147.456,0,0.0,97,,96.562,0.0,-30.0,0.0,1.003,1.347,0.328,6110,14.51,15.686,0,,,,,96,,,,,,,,
2026-09-28T16:25:50.582,147.585,0,0.0,97,,96.562,0.0,-30.0,0.0,1.003,1.342,0.324,6110,14.51,15.686,0,,,,,,21,,,,,,,
2026-09-28T16:25:50.712,147.716,0,0.0,97,,96.562,0.0,-30.0,0.0,1.003,1.336,0.316,6120,14.51,15.686,0,,,,,,,78.824,,,,,,
2026-09-28T16:25:50.842,147.845,0,0.0,97,,96.562,0.0,-30.0,0.0,1.003,1.334,0.316,6110,14.51,15.686,0,,,,,,,,630.1,,,,,
2026-09-28T16:25:50.973,147.976,0,0.0,97,,96.562,0.0,-30.0,0.0,1.003,1.33,0.312,6110,14.51,15.686,0,,,,,,,,,0.91,,,,
2026-09-28T16:25:51.102,148.106,0,0.0,97,,96.562,0.0,-30.0,0.0,1.003,1.324,0.309,6120,14.51,15.686,0,,,,,,,,,,,0.781,,
2026-09-28T16:25:51.232,148.236,0,0.0,97,,96.562,0.0,-30.0,0.0,1.003,1.323,0.309,6120,14.51,15.686,0,,,,,,,,,,,,0.0,
2026-09-28T16:25:51.362,148.366,0,0.0,97,,96.562,0.0,-30.0,0.0,1.003,1.321,0.305,6120,14.51,15.686,0,,,,,,,,,,,,,183
2026-09-28T16:25:51.492,148.496,0,0.0,97,,96.562,0.0,-30.0,0.0,1.003,1.319,0.305,6120,14.51,15.686,0,105,,,,,,,,,,,,
2026-09-28T16:25:51.622,148.625,0,0.0,97,,96.562,0.0,-30.0,0.0,1.003,1.317,0.301,6110,14.51,15.686,0,,48,,,,,,,,,,,
2026-09-28T16:25:51.752,148.756,0,0.0,97,,96.562,0.0,-30.0,0.0,1.003,1.317,0.301,6120,14.51,15.686,0,,,10.156,,,,,,,,,,
2026-09-28T16:25:51.882,148.886,0,0.0,97,,96.562,0.0,-30.0,0.0,1.003,1.315,0.301,6120,14.51,15.686,0,,,,12.597,,,,,,,,,
2026-09-28T16:25:52.012,149.016,0,0.0,97,,96.562,0.0,-30.0,0.0,1.003,1.312,0.297,6110,14.51,16.078,0,,,,,96,,,,,,,,
2026-09-28T16:25:52.142,149.146,0,0.0,97,,96.562,0.0,-30.0,0.0,1.003,1.311,0.297,6120,14.51,15.686,0,,,,,,21,,,,,,,
2026-09-28T16:25:52.273,149.276,0,0.0,97,,96.562,0.0,-30.0,0.0,1.003,1.311,0.297,6130,14.51,15.686,0,,,,,,,78.824,,,,,,
2026-09-28T16:25:52.402,149.405,0,0.0,97,,96.562,0.0,-30.0,0.0,1.003,1.311,0.297,6130,14.51,15.686,0,,,,,,,,629.8,,,,,
2026-09-28T16:25:52.532,149.536,0,0.0,97,,96.562,0.0,-30.0,0.0,1.003,1.308,0.293,6120,14.51,15.686,0,,,,,,,,,0.91,,,,
2026-09-28T16:25:52.662,149.665,0,0.0,97,,96.562,0.0,-30.0,0.0,1.003,1.307,0.293,6120,14.51,15.686,0,,,,,,,,,,,0.781,,
2026-09-28T16:25:52.792,149.796,0,0.0,97,,96.562,0.0,-30.0,0.0,1.003,1.307,0.293,6120,14.51,15.686,0,,,,,,,,,,,,0.0,
2026-09-28T16:25:52.922,149.926,0,0.0,97,,96.562,0.0,-30.0,0.0,1.003,1.305,0.293,6120,14.51,16.078,0,,,,,,,,,,,,,185
2026-09-28T16:25:53.052,150.056,0,0.0,97,,96.562,0.0,-30.0,0.0,1.003,1.304,0.289,6120,14.51,15.686,0,105,,,,,,,,,,,,
2026-09-28T16:25:53.182,150.185,0,0.0,97,,96.562,0.0,-30.0,0.0,1.003,1.303,0.289,6120,14.51,15.686,0,,48,,,,,,,,,,,
2026-09-28T16:25:53.312,150.316,0,0.0,97,,96.562,0.0,-30.0,0.0,1.003,1.302,0.289,6120,14.51,16.078,0,,,10.156,,,,,,,,,,
2026-09-28T16:25:53.442,150.445,0,0.0,97,,96.562,0.0,-30.0,0.0,1.003,1.301,0.289,6130,14.51,15.686,0,,,,12.558,,,,,,,,,
2026-09-28T16:25:53.573,150.576,0,0.0,97,,96.562,0.0,-30.0,0.0,1.003,1.298,0.285,6130,14.51,15.686,0,,,,,96,,,,,,,,
2026-09-28T16:25:53.702,150.705,0,0.0,97,,96.562,0.0,-30.0,0.0,1.003,1.296,0.285,6130,14.51,15.686,0,,,,,,21,,,,,,,
2026-09-28T16:25:53.832,150.836,0,0.0,97,,96.562,0.0,-30.0,0.0,1.003,1.296,0.285,6140,14.51,15.686,0,,,,,,,78.824,,,,,,
2026-09-28T16:25:53.962,150.966,0,0.0,97,,96.562,0.0,-30.0,0.0,1.003,1.295,0.285,6120,14.51,15.686,0,,,,,,,,629.3,,,,,
2026-09-28T16:25:54.092,151.096,0,0.0,97,,96.562,0.0,-30.0,0.0,1.003,1.294,0.281,6130,14.51,15.686,0,,,,,,,,,0.905,,,,
2026-09-28T16:25:54.222,151.226,0,0.0,97,,96.562,0.0,-30.0,0.0,1.003,1.293,0.281,6130,14.51,15.686,0,,,,,,,,,,,0.781,,
2026-09-28T16:25:54.352,151.356,0,0.0,97,,96.562,0.0,-30.0,0.0,1.003,1.292,0.281,6120,14.51,15.686,0,,,,,,,,,,,,0.0,
2026-09-28T16:25:54.482,151.485,0,0.0,97,,96.562,0.0,-30.0,0.0,1.003,1.291,0.281,6130,14.51,15.686,0,,,,,,,,,,,,,186
2026-09-28T16:25:54.612,151.616,0,0.0,97,,96.562,0.0,-30.0,0.0,1.003,1.29,0.277,6130,14.51,15.686,0,105,,,,,,,,,,,,
2026-09-28T16:25:54.742,151.745,0,0.0,97,,96.562,0.0,-30.0,0.0,1.003,1.288,0.277,6130,14.51,15.686,0,,48,,,,,,,,,,,
2026-09-28T16:25:54.873,151.876,0,0.0,97,,96.562,0.0,-30.0,0.0,1.003,1.285,0.273,6130,14.51,15.686,0,,,10.156,,,,,,,,,,
2026-09-28T16:25:55.002,152.005,0,0.0,97,,96.562,0.0,-30.0,0.0,1.003,1.284,0.273,6130,14.51,15.686,0,,,,12.539,,,,,,,,,
2026-09-28T16:25:55.132,152.136,0,0.0,97,,96.562,0.0,-30.0,0.0,1.003,1.283,0.273,6130,14.51,16.078,0,,,,,96,,,,,,,,
2026-09-28T16:25:55.262,152.265,0,0.0,97,,96.562,0.0,-30.0,0.0,1.003,1.279,0.27,6130,14.51,15.686,0,,,,,,21,,,,,,,
2026-09-28T16:25:55.402,152.405,0,0.0,97,,96.562,0.0,-30.0,0.0,1.003,1.278,0.27,6130,14.51,15.686,0,,,,,,,78.824,,,,,,
2026-09-28T16:25:55.532,152.536,0,0.0,97,,96.562,0.0,-30.0,0.0,1.003,1.276,0.266,6130,14.51,16.078,0,,,,,,,,629.0,,,,,
2026-09-28T16:25:55.662,152.665,0,0.0,97,,96.562,0.0,-30.0,0.0,1.003,1.275,0.266,6140,14.51,15.686,0,,,,,,,,,0.905,,,,
2026-09-28T16:25:55.792,152.795,0,0.0,97,,96.562,0.0,-30.0,0.0,1.003,1.273,0.266,6130,14.51,15.686,0,,,,,,,,,,,0.781,,
2026-09-28T16:25:55.922,152.926,0,0.0,97,,96.562,0.0,-30.0,0.0,1.003,1.271,0.262,6130,14.51,15.686,0,,,,,,,,,,,,0.0,
2026-09-28T16:25:56.052,153.056,0,0.0,97,,96.562,0.0,-30.0,0.0,1.003,1.269,0.258,6130,14.51,15.686,0,,,,,,,,,,,,,188
2026-09-28T16:25:56.182,153.185,0,0.0,97,,96.562,0.0,-30.0,0.0,1.003,1.267,0.258,6140,14.51,15.686,0,105,,,,,,,,,,,,
2026-09-28T16:25:56.312,153.315,0,0.0,97,,96.562,0.0,-30.0,0.0,1.003,1.266,0.258,6140,14.51,15.686,0,,48,,,,,,,,,,,
2026-09-28T16:25:56.442,153.445,0,0.0,97,,96.562,0.0,-30.0,0.0,1.003,1.263,0.254,6130,14.51,15.686,0,,,10.156,,,,,,,,,,
2026-09-28T16:25:56.573,153.576,0,0.0,97,,96.562,0.0,-30.0,0.0,1.003,1.261,0.254,6130,14.51,15.686,0,,,,12.519,,,,,,,,,
2026-09-28T16:25:56.702,153.705,0,0.0,97,,96.562,0.0,-30.0,0.0,1.003,1.259,0.25,6130,14.51,15.686,0,,,,,96,,,,,,,,
2026-09-28T16:25:56.832,153.835,0,0.0,97,,96.562,0.0,-30.0,0.0,1.003,1.258,0.25,6130,14.51,15.686,0,,,,,,21,,,,,,,
2026-09-28T16:25:56.962,153.966,0,0.0,97,,96.562,0.0,-30.0,0.0,1.003,1.256,0.25,6130,14.51,15.686,0,,,,,,,78.824,,,,,,
2026-09-28T16:25:57.092,154.096,0,0.0,97,,96.562,0.0,-30.0,0.0,1.003,1.253,0.246,6140,14.51,15.686,0,,,,,,,,628.5,,,,,
2026-09-28T16:25:57.222,154.225,0,0.0,97,,96.562,0.0,-30.0,0.0,1.003,1.255,0.246,6130,14.51,15.686,0,,,,,,,,,0.9,,,,
2026-09-28T16:25:57.352,154.356,0,0.0,97,,96.562,0.0,-30.0,0.0,1.003,1.256,0.25,6130,14.51,15.686,0,,,,,,,,,,,0.781,,
2026-09-28T16:25:57.482,154.485,0,0.0,97,,96.562,0.0,-30.0,0.0,1.003,1.254,0.246,6140,14.51,15.686,0,,,,,,,,,,,,0.0,
2026-09-28T16:25:57.612,154.616,0,0.0,97,,96.562,0.0,-30.0,0.0,1.003,1.253,0.246,6140,14.51,15.686,0,,,,,,,,,,,,,189
2026-09-28T16:25:57.742,154.745,0,0.0,97,,96.562,0.0,-30.0,0.0,1.003,1.253,0.246,6130,14.51,15.686,0,105,,,,,,,,,,,,
2026-09-28T16:25:57.873,154.876,0,0.0,97,,96.562,0.0,-30.0,0.0,1.003,1.251,0.242,6140,14.51,15.686,0,,48,,,,,,,,,,,
2026-09-28T16:25:58.002,155.005,0,0.0,97,,96.562,0.0,-30.0,0.0,1.003,1.25,0.242,6140,14.51,15.686,0,,,10.156,,,,,,,,,,
2026-09-28T16:25:58.132,155.136,0,0.0,97,,96.562,0.0,-30.0,0.0,1.003,1.249,0.242,6140,14.51,15.686,0,,,,12.519,,,,,,,,,
2026-09-28T16:25:58.262,155.265,0,0.0,97,,96.562,0.0,-30.0,0.0,1.003,1.247,0.242,6130,14.51,15.686,0,,,,,96,,,,,,,,
2026-09-28T16:25:58.392,155.395,0,0.0,97,,96.562,0.0,-30.0,0.0,1.003,1.246,0.238,6140,14.51,15.686,0,,,,,,21,,,,,,,
2026-09-28T16:25:58.522,155.525,0,0.0,97,,96.562,0.0,-30.0,0.0,1.003,1.246,0.238,6130,14.51,16.078,0,,,,,,,78.824,,,,,,
2026-09-28T16:25:58.653,155.656,0,0.0,97,,96.562,0.0,-30.0,0.0,1.003,1.245,0.238,6130,14.51,15.686,0,,,,,,,,627.9,,,,,
2026-09-28T16:25:58.782,155.785,0,0.0,97,,96.562,0.0,-30.0,0.0,1.003,1.244,0.238,6140,14.51,15.686,0,,,,,,,,,0.9,,,,
2026-09-28T16:25:58.912,155.915,0,0.0,97,,96.562,0.0,-30.0,0.0,1.003,1.243,0.238,6130,14.51,15.686,0,,,,,,,,,,,0.781,,
2026-09-28T16:25:59.042,156.045,0,0.0,97,,96.562,0.0,-30.0,0.0,1.003,1.242,0.234,6130,14.51,15.686,0,,,,,,,,,,,,0.0,
2026-09-28T16:25:59.175,156.178,0,0.0,97,,96.562,0.0,-30.0,0.0,1.003,1.243,0.238,6140,14.51,15.686,0,,,,,,,,,,,,,191
2026-09-28T16:25:59.302,156.305,0,0.0,97,,96.562,0.0,-30.0,0.0,1.003,1.242,0.234,6130,14.51,15.686,0,105,,,,,,,,,,,,
2026-09-28T16:25:59.432,156.436,0,0.0,97,,96.562,0.0,-30.0,0.0,1.003,1.242,0.234,6140,14.51,15.686,0,,48,,,,,,,,,,,
2026-09-28T16:25:59.562,156.565,0,0.0,97,,96.562,0.0,-30.0,0.0,1.003,1.242,0.234,6140,14.51,15.686,0,,,10.156,,,,,,,,,,
2026-09-28T16:25:59.693,156.696,0,0.0,97,,96.562,0.0,-30.0,0.0,1.003,1.242,0.234,6140,14.51,15.686,0,,,,12.5,,,,,,,,,
2026-09-28T16:25:59.822,156.825,0,0.0,97,,96.562,0.0,-30.0,0.0,1.003,1.242,0.234,6140,14.51,15.686,0,,,,,96,,,,,,,,
2026-09-28T16:25:59.952,156.956,0,0.0,97,,96.562,0.0,-30.0,0.0,1.003,1.242,0.234,6130,14.51,15.686,0,,,,,,21,,,,,,,
2026-09-28T16:26:00.082,157.085,0,0.0,97,,96.562,0.0,-30.0,0.0,1.003,1.242,0.234,6140,14.51,15.686,0,,,,,,,78.824,,,,,,
2026-09-28T16:26:00.212,157.216,0,0.0,97,,96.562,0.0,-30.0,0.0,1.003,1.243,0.238,6140,14.51,15.686,0,,,,,,,,627.6,,,,,
2026-09-28T16:26:00.342,157.345,0,0.0,97,,96.562,0.0,-30.0,0.0,1.003,1.243,0.238,6140,14.51,15.686,0,,,,,,,,,0.895,,,,
2026-09-28T16:26:00.482,157.485,0,0.0,97,,96.562,0.0,-30.0,0.0,1.003,1.244,0.238,6130,14.51,15.686,0,,,,,,,,,,,0.781,,
2026-09-28T16:26:00.612,157.616,0,0.0,97,,96.562,0.0,-30.0,0.0,1.003,1.244,0.238,6130,14.51,15.686,0,,,,,,,,,,,,0.0,
2026-09-28T16:26:00.742,157.745,0,0.0,97,,96.562,0.0,-30.0,0.0,1.003,1.246,0.238,6140,14.51,15.686,0,,,,,,,,,,,,,193
2026-09-28T16:26:00.873,157.877,0,0.0,97,,96.562,0.0,-30.0,0.0,1.003,1.248,0.242,6140,14.51,16.078,0,105,,,,,,,,,,,,
2026-09-28T16:26:01.002,158.005,0,0.0,97,,96.562,0.0,-30.0,0.0,1.003,1.248,0.242,6140,14.51,15.686,0,,48,,,,,,,,,,,
2026-09-28T16:26:01.132,158.136,0,0.0,97,,96.562,0.0,-30.0,0.0,1.003,1.249,0.242,6130,14.51,16.078,0,,,10.156,,,,,,,,,,
2026-09-28T16:26:01.262,158.265,0,0.0,97,,96.562,0.0,-30.0,0.0,1.003,1.25,0.242,6140,14.51,15.686,0,,,,12.304,,,,,,,,,
2026-09-28T16:26:01.392,158.396,0,0.0,97,,96.562,0.0,-30.0,0.0,1.003,1.252,0.246,6130,14.51,12.941,0,,,,,96,,,,,,,,
2026-09-28T16:26:01.522,158.525,0,189.5,97,,96.562,53.333,-30.0,0.0,1.003,1.266,0.258,7260,14.51,12.549,0,,,,,,21,,,,,,,
2026-09-28T16:26:01.652,158.656,0,235.25,93,,96.5,81.176,-16.0,0.0,1.003,1.369,0.344,9220,14.51,12.549,0,,,,,,,78.824,,,,,,
2026-09-28T16:26:01.782,158.785,0,478.0,91,,96.531,58.824,-16.0,0.0,1.003,1.485,0.426,10760,14.51,12.549,0,,,,,,,,626.1,,,,,
2026-09-28T16:26:01.913,158.916,0,800.5,84,,96.438,58.431,-22.5,0.0,1.005,1.16,0.152,10530,14.51,12.157,0,,,,,,,,,0.885,,,,
2026-09-28T16:26:02.042,159.045,0,1067.0,59,,96.594,31.765,-25.0,0.0,0.999,0.921,-0.211,11980,14.51,10.98,0,,,,,,,,,,,0.781,,
2026-09-28T16:26:02.175,159.178,0,1081.75,45,,96.719,19.608,-10.5,0.0,0.994,0.88,-0.316,11870,14.51,12.157,0,,,,,,,,,,,,20.784,
2026-09-28T16:26:02.303,159.306,0,1048.25,36,,96.75,17.255,-6.5,0.0,0.996,0.891,-0.289,11410,14.51,12.549,0,,,,,,,,,,,,,194
2026-09-28T16:26:02.433,159.436,0,948.0,34,,96.688,17.647,0.0,0.0,0.998,0.914,-0.227,10950,14.51,13.333,0,104,,,,,,,,,,,,
2026-09-28T16:26:02.562,159.565,0,896.0,36,,96.562,20.392,-1.0,0.0,0.999,0.93,-0.188,10480,14.51,13.333,0,,48,,,,,,,,,,,
2026-09-28T16:26:02.693,159.696,0,844.75,38,,96.594,22.353,6.0,0.0,1.0,0.948,-0.145,10110,14.51,14.118,0,,,3.906,,,,,,,,,,
2026-09-28T16:26:02.823,159.826,0,830.25,40,,96.594,29.412,5.5,-0.781,1.0,0.977,-0.082,9520,14.51,14.118,1,,,,12.343,,,,,,,,,
2026-09-28T16:26:02.953,159.956,0,821.25,49,,96.562,30.588,-1.5,0.0,1.0,0.999,-0.023,8850,14.51,13.725,1,,,,,96,,,,,,,,
2026-09-28T16:26:03.082,160.085,0,836.0,49,,96.562,29.804,-2.5,0.0,1.0,1.003,-0.016,8650,14.51,14.118,1,,,,,,21,,,,,,,
2026-09-28T16:26:03.212,160.216,0,844.5,48,,96.562,30.98,-3.5,0.0,0.999,0.998,-0.027,8120,14.51,14.118,2,,,,,,,78.824,,,,,,
2026-09-28T16:26:03.343,160.346,0,844.25,49,,96.562,32.549,-2.5,0.0,0.999,0.998,-0.023,7960,14.51,14.118,2,,,,,,,,620.6,,,,,
2026-09-28T16:26:03.473,160.476,0,840.5,50,,96.562,32.549,-4.0,0.0,1.0,0.997,-0.027,8230,14.51,13.725,3,,,,,,,,,0.88,,,,
2026-09-28T16:26:03.602,160.605,0,836.75,49,,96.594,31.373,-3.0,0.0,1.0,0.995,-0.035,9190,14.51,13.725,3,,,,,,,,,,,0.781,,
2026-09-28T16:26:03.732,160.735,0,837.25,48,,96.656,30.588,-5.0,0.0,1.0,0.993,-0.039,9240,14.51,13.333,3,,,,,,,,,,,,30.98,
2026-09-28T16:26:03.862,160.866,0,835.0,46,,96.75,29.412,-4.0,0.0,1.0,0.989,-0.047,8610,14.51,13.333,4,,,,,,,,,,,,,196
2026-09-28T16:26:03.992,160.995,0,836.5,44,,96.844,28.627,-5.5,-0.781,0.999,0.987,-0.051,8030,14.51,13.333,4,103,,,,,,,,,,,,
2026-09-28T16:26:04.122,161.125,0,838.5,44,,96.875,26.667,-5.0,-0.781,0.999,0.987,-0.051,7780,14.51,13.333,4,,47,,,,,,,,,,,
2026-09-28T16:26:04.253,161.256,0,836.0,41,,96.844,26.275,-5.5,-0.781,0.999,0.994,-0.035,7840,14.51,12.941,4,,,4.688,,,,,,,,,,
2026-09-28T16:26:04.383,161.386,0,831.75,40,,96.875,25.49,-2.5,0.0,0.999,0.999,-0.02,7490,14.51,12.941,5,,,,12.363,,,,,,,,,
2026-09-28T16:26:04.512,161.516,0,824.0,40,,96.844,25.49,-4.0,0.0,0.999,1.01,-0.012,6970,14.51,12.941,5,,,,,96,,,,,,,,
2026-09-28T16:26:04.642,161.645,0,827.25,40,,96.875,24.706,-3.5,0.0,1.0,1.016,-0.004,6460,14.51,12.941,5,,,,,,21,,,,,,,
2026-09-28T16:26:04.773,161.777,0,829.75,38,,96.844,23.922,-2.5,0.0,1.0,1.013,-0.008,6100,14.51,12.549,5,,,,,,,78.824,,,,,,
2026-09-28T16:26:04.902,161.906,0,821.75,37,,96.844,23.529,-1.0,0.0,1.0,1.01,-0.012,5630,14.51,12.549,5,,,,,,,,616.0,,,,,
2026-09-28T16:26:05.032,162.036,0,817.0,37,,96.875,23.137,-7.0,0.0,1.0,1.011,-0.008,5290,14.51,12.157,5,,,,,,,,,0.865,,,,
2026-09-28T16:26:05.162,162.165,0,805.0,36,,96.875,21.569,-4.0,0.0,1.0,1.013,-0.008,4880,14.51,12.157,5,,,,,,,,,,,0.781,,
2026-09-28T16:26:05.293,162.296,0,811.5,33,,96.875,19.608,-2.5,0.0,1.0,1.007,-0.012,4640,14.51,12.157,5,,,,,,,,,,,,20.392,
2026-09-28T16:26:05.422,162.426,0,818.5,32,,96.844,19.216,-2.5,0.0,1.0,1.006,-0.016,4360,14.51,12.157,5,,,,,,,,,,,,,197
2026-09-28T16:26:05.553,162.556,0,812.75,32,,96.75,19.216,2.0,0.0,1.0,1.004,-0.016,4140,14.51,12.549,5,103,,,,,,,,,,,,
2026-09-28T16:26:05.682,162.686,0,810.5,32,,96.719,20.0,1.0,0.0,1.001,1.006,-0.016,3810,14.51,12.549,5,,47,,,,,,,,,,,
2026-09-28T16:26:05.813,162.816,0,814.25,33,,96.75,20.392,1.0,0.0,1.001,1.013,-0.008,3590,14.51,12.549,5,,,5.469,,,,,,,,,,
2026-09-28T16:26:05.943,162.946,0,819.5,34,,96.656,21.176,-0.5,0.781,1.001,1.015,-0.004,3530,14.51,12.549,5,,,,13.007,,,,,,,,,
2026-09-28T16:26:06.073,163.077,0,816.5,34,,96.656,21.176,0.5,0.781,1.001,1.016,-0.004,3730,14.51,12.549,5,,,,,96,,,,,,,,
2026-09-28T16:26:06.203,163.206,0,817.75,35,,96.594,21.961,-1.0,0.781,1.001,1.019,0.0,3920,14.51,12.549,5,,,,,,21,,,,,,,
2026-09-28T16:26:06.332,163.335,0,824.25,35,,96.562,22.353,-1.0,0.781,1.001,1.013,-0.008,4150,14.51,12.549,5,,,,,,,78.824,,,,,,
2026-09-28T16:26:06.462,163.465,0,826.0,36,,96.594,22.353,0.5,0.781,1.001,1.005,-0.016,4300,14.51,12.941,5,,,,,,,,612.8,,,,,
2026-09-28T16:26:06.592,163.596,0,826.5,36,,96.594,23.137,-1.5,0.781,1.0,0.999,-0.023,4590,14.51,12.941,5,,,,,,,,,0.855,,,,
2026-09-28T16:26:06.722,163.725,0,825.0,37,,96.594,24.314,-2.0,0.781,1.0,0.999,-0.023,4840,14.51,12.549,5,,,,,,,,,,,0.781,,
2026-09-28T16:26:06.853,163.856,0,827.5,38,,96.594,23.529,-2.0,0.0,1.0,0.995,-0.031,5240,14.51,12.941,5,,,,,,,,,,,,26.275,
2026-09-28T16:26:06.982,163.985,0,831.0,39,,96.562,25.098,-1.5,0.0,1.0,0.991,-0.043,5680,14.51,12.941,5,,,,,,,,,,,,,199
2026-09-28T16:26:07.113,164.116,0,833.5,39,,96.594,24.314,-3.0,0.0,1.0,0.985,-0.055,5950,14.51,12.941,5,103,,,,,,,,,,,,
2026-09-28T16:26:07.242,164.245,0,831.25,40,,96.562,24.706,-1.0,0.0,1.0,0.978,-0.078,6370,14.51,12.941,5,,47,,,,,,,,,,,
2026-09-28T16:26:07.373,164.377,0,831.75,41,,96.594,26.275,-2.0,-0.781,1.0,0.973,-0.09,6640,17.255,12.941,5,,,4.688,,,,,,,,,,
2026-09-28T16:26:07.503,164.506,0,838.75,41,,96.562,25.882,9.5,-0.781,1.0,0.972,-0.094,6950,21.569,14.118,5,,,,14.57,,,,,,,,,
2026-09-28T16:26:07.632,164.636,0,869.75,41,,96.562,30.588,-1.5,-0.781,1.0,0.974,-0.086,7210,21.961,13.725,5,,,,,96,,,,,,,,
2026-09-28T16:26:07.762,164.765,0,912.0,46,,96.562,29.02,0.5,-0.781,0.999,0.981,-0.07,7650,21.961,14.118,5,,,,,,21,,,,,,,
2026-09-28T16:26:07.893,164.896,0,987.5,46,,96.562,29.412,-3.5,-0.781,0.999,0.98,-0.07,8130,22.353,13.725,5,,,,,,,78.824,,,,,,
2026-09-28T16:26:08.022,165.026,0,1027.75,46,,96.562,26.275,-1.0,-1.562,0.999,0.97,-0.098,8780,23.922,14.51,5,,,,,,,,608.0,,,,,
2026-09-28T16:26:08.153,165.156,0,1052.0,45,,96.562,27.451,10.0,-2.344,0.999,0.958,-0.121,8950,25.098,14.902,5,,,,,,,,,0.85,,,,
2026-09-28T16:26:08.282,165.285,0,1024.75,48,,96.562,30.196,7.0,-3.125,1.0,0.962,-0.113,9380,25.098,14.902,5,,,,,,,,,,,0.781,,
2026-09-28T16:26:08.413,165.416,0,970.0,50,,96.562,32.549,3.0,-2.344,1.0,0.975,-0.086,9830,24.706,14.51,5,,,,,,,,,,,,38.039,
2026-09-28T16:26:08.542,165.545,0,944.0,53,,96.812,34.51,1.5,-2.344,1.0,0.982,-0.062,10350,24.706,14.902,5,,,,,,,,,,,,,200
2026-09-28T16:26:08.676,165.679,0,978.25,53,,96.688,34.902,-3.5,-2.344,1.0,0.987,-0.051,10910,24.706,14.51,5,104,,,,,,,,,,,,
2026-09-28T16:26:08.803,165.806,0,1011.75,52,,96.875,32.941,-1.0,-2.344,1.0,0.984,-0.059,11480,24.706,14.51,6,,47,,,,,,,,,,,
2026-09-28T16:26:08.933,165.936,0,1031.25,51,,96.906,30.98,-1.0,-3.125,1.0,0.973,-0.09,11570,24.706,14.51,6,,,3.125,,,,,,,,,,
2026-09-28T16:26:09.063,166.066,0,1043.75,49,,96.906,30.196,0.0,-3.906,1.0,0.969,-0.098,11290,24.706,14.51,6,,,,14.257,,,,,,,,,
2026-09-28T16:26:09.193,166.196,0,1039.25,49,,96.906,29.804,2.0,-4.688,1.0,0.974,-0.09,10980,24.706,14.51,6,,,,,96,,,,,,,,
2026-09-28T16:26:09.322,166.325,0,1020.25,48,,96.906,30.196,1.5,-4.688,1.0,0.975,-0.086,10590,24.314,14.51,6,,,,,,21,,,,,,,
2026-09-28T16:26:09.453,166.456,0,1006.0,48,,96.938,30.588,1.5,-4.688,1.0,0.968,-0.102,10410,24.314,14.118,6,,,,,,,78.824,,,,,,
2026-09-28T16:26:09.583,166.586,0,995.25,49,,96.969,31.373,3.0,-5.469,1.0,0.959,-0.121,10270,24.314,14.118,7,,,,,,,,602.2,,,,,
2026-09-28T16:26:09.713,166.716,0,992.75,49,,96.969,31.373,2.0,-7.031,1.0,0.947,-0.148,10120,24.314,14.51,7,,,,,,,,,0.845,,,,
2026-09-28T16:26:09.842,166.846,0,997.75,50,,96.969,31.765,-1.0,-7.031,1.0,0.947,-0.148,10200,24.314,14.51,7,,,,,,,,,,,0.781,,
2026-09-28T16:26:09.974,166.977,0,1010.75,49,,97.031,31.373,-1.0,-7.812,1.0,0.943,-0.156,10280,24.314,14.118,7,,,,,,,,,,,,34.902,
2026-09-28T16:26:10.103,167.106,0,1019.25,49,,97.094,30.98,0.5,-9.375,1.0,0.936,-0.176,10190,24.314,14.118,7,,,,,,,,,,,,,202
2026-09-28T16:26:10.232,167.236,0,1021.75,49,,97.219,29.804,1.5,-10.156,1.0,0.941,-0.16,9950,24.314,14.118,7,104,,,,,,,,,,,,
2026-09-28T16:26:10.362,167.365,0,1022.25,47,,97.156,29.412,2.0,-10.156,1.0,0.944,-0.152,9620,24.314,14.118,7,,47,,,,,,,,,,,
2026-09-28T16:26:10.493,167.496,0,1021.5,47,,97.188,29.412,1.0,-10.938,1.0,0.95,-0.141,9510,24.314,14.118,7,,,3.125,,,,,,,,,,
2026-09-28T16:26:10.633,167.636,0,1020.75,47,,97.219,29.804,0.5,-10.938,1.0,0.952,-0.137,9510,24.314,14.118,7,,,,14.218,,,,,,,,,
2026-09-28T16:26:10.762,167.765,0,1017.25,48,,97.188,30.196,-1.5,-11.719,1.0,0.948,-0.145,9530,23.529,13.725,7,,,,,96,,,,,,,,
2026-09-28T16:26:10.893,167.896,0,1013.75,47,,97.219,28.627,-9.5,-12.5,1.0,0.947,-0.148,9370,14.51,11.765,8,,,,,,21,,,,,,,
2026-09-28T16:26:11.022,168.025,0,977.0,43,,97.219,20.392,-6.5,-13.281,1.0,0.943,-0.156,9060,14.51,12.157,8,,,,,,,78.824,,,,,,
2026-09-28T16:26:11.153,168.156,0,932.75,35,,97.0,21.569,0.5,-14.062,1.0,0.939,-0.164,8740,14.51,12.941,8,,,,,,,,598.0,,,,,
2026-09-28T16:26:11.283,168.286,0,888.0,36,,96.938,21.961,-2.5,-14.844,1.0,0.928,-0.191,8460,14.51,13.725,7,,,,,,,,,0.855,,,,
2026-09-28T16:26:11.413,168.416,0,870.75,37,,96.906,23.529,-3.0,-15.625,1.0,0.934,-0.18,8090,14.51,13.333,7,,,,,,,,,,,0.781,,
2026-09-28T16:26:11.542,168.545,0,847.0,40,,96.875,24.706,4.5,-14.844,1.0,0.969,-0.102,7700,14.51,14.118,7,,,,,,,,,,,,29.412,
2026-09-28T16:26:11.676,168.679,0,813.75,42,,96.75,28.235,4.5,-13.281,1.0,1.027,0.008,7380,14.51,13.725,7,,,,,,,,,,,,,204
2026-09-28T16:26:11.802,168.806,0,818.25,45,,96.844,29.02,-1.0,-9.375,1.0,1.098,0.086,7330,14.51,12.941,7,104,,,,,,,,,,,,
2026-09-28T16:26:11.933,168.936,0,831.0,45,,96.875,27.059,-2.5,-7.031,1.0,1.125,0.113,7310,14.51,12.941,7,,47,,,,,,,,,,,
2026-09-28T16:26:12.062,169.066,0,830.0,42,,96.844,26.275,2.0,-6.25,0.999,1.116,0.105,7140,14.51,13.725,7,,,3.906,,,,,,,,,,
2026-09-28T16:26:12.193,169.196,0,816.5,42,,96.75,27.451,1.5,-6.25,0.999,1.101,0.09,6980,14.902,13.333,7,,,,14.082,,,,,,,,,
2026-09-28T16:26:12.322,169.325,0,824.0,43,,96.781,27.451,-1.5,-5.469,0.999,1.091,0.078,7020,15.294,13.333,7,,,,,96,,,,,,,,
2026-09-28T16:26:12.452,169.456,0,833.5,43,,96.906,26.667,-2.5,-5.469,0.999,1.076,0.062,6910,18.039,13.333,7,,,,,,21,,,,,,,
2026-09-28T16:26:12.583,169.586,0,831.0,42,,96.906,26.275,2.5,-5.469,0.999,1.062,0.051,6690,18.824,13.333,7,,,,,,,78.824,,,,,,
2026-09-28T16:26:12.713,169.716,0,832.25,42,,96.906,27.059,0.5,-4.688,0.999,1.065,0.051,6670,19.608,13.333,7,,,,,,,,595.1,,,,,
2026-09-28T16:26:12.842,169.845,0,841.75,43,,96.844,27.843,9.0,-3.906,0.999,1.069,0.055,6900,23.137,14.902,6,,,,,,,,,0.885,,,,
2026-09-28T16:26:12.974,169.977,0,879.75,46,,96.656,30.588,5.0,-3.906,0.999,1.061,0.047,7320,23.529,14.51,6,,,,,,,,,,,0.781,,
2026-09-28T16:26:13.103,170.106,0,954.0,49,,96.688,31.373,2.5,-3.906,0.999,1.045,0.027,7830,24.706,14.902,6,,,,,,,,,,,,33.333,
2026-09-28T16:26:13.233,170.236,0,1051.75,48,,96.625,30.196,9.5,-4.688,1.001,1.021,0.0,8650,27.059,16.078,6,,,,,,,,,,,,,205
2026-09-28T16:26:13.362,170.365,0,1057.5,53,,96.562,32.549,9.0,-4.688,1.002,1.016,-0.004,9310,27.843,16.471,7,105,,,,,,,,,,,,
2026-09-28T16:26:13.493,170.496,0,1003.0,58,,96.562,36.863,8.0,-4.688,1.003,1.008,-0.012,9900,28.235,16.471,7,,47,,,,,,,,,,,
2026-09-28T16:26:13.623,170.626,0,994.5,62,,96.562,42.353,8.0,-4.688,1.005,1.015,-0.004,10570,29.02,17.255,7,,,1.562,,,,,,,,,,
2026-09-28T16:26:13.753,170.756,0,1008.5,67,,96.562,43.922,8.5,-3.906,1.005,1.023,0.004,11080,30.196,18.824,7,,,,14.062,,,,,,,,,
2026-09-28T16:26:13.883,170.886,0,1049.0,71,,96.562,47.059,9.0,-3.906,1.005,1.027,0.008,11690,31.373,21.569,8,,,,,96,,,,,,,,
2026-09-28T16:26:14.013,171.016,0,1117.25,80,,96.562,48.627,6.5,-3.125,1.004,1.038,0.02,12330,31.765,21.176,8,,,,,,21,,,,,,,
2026-09-28T16:26:14.143,171.146,0,1159.75,84,,96.969,46.275,8.0,-2.344,1.002,1.035,0.016,13000,32.157,22.745,9,,,,,,,78.824,,,,,,
2026-09-28T16:26:14.274,171.277,0,1161.5,86,,97.25,47.451,7.0,-1.562,1.0,1.038,0.02,13590,32.157,22.745,9,,,,,,,,588.3,,,,,
2026-09-28T16:26:14.403,171.406,0,1157.0,87,,97.531,47.059,7.0,-0.781,1.003,1.051,0.035,14250,32.549,22.353,10,,,,,,,,,0.885,,,,
2026-09-28T16:26:14.533,171.536,0,1156.0,87,,98.188,47.451,7.0,0.0,1.009,1.06,0.047,14860,32.549,22.745,10,,,,,,,,,,,0.781,,
2026-09-28T16:26:14.662,171.666,0,1171.5,88,,98.531,47.451,7.0,0.0,1.011,1.058,0.043,15480,32.941,22.353,11,,,,,,,,,,,,62.745,
2026-09-28T16:26:14.793,171.796,0,1195.0,88,,98.812,46.667,7.5,0.0,1.011,1.054,0.039,16010,33.333,23.137,11,,,,,,,,,,,,,207
2026-09-28T16:26:14.922,171.926,0,1216.75,88,,99.094,46.667,7.5,0.781,1.012,1.042,0.023,16610,33.333,23.529,12,105,,,,,,,,,,,,
2026-09-28T16:26:15.053,172.056,0,1218.5,90,,99.844,47.451,7.5,1.562,1.013,1.038,0.02,16910,33.333,23.137,12,,46,,,,,,,,,,,
2026-09-28T16:26:15.183,172.186,0,1224.5,90,,100.344,46.667,7.5,2.344,1.013,1.029,0.012,16720,33.725,23.529,13,,,0.781,,,,,,,,,,
2026-09-28T16:26:15.313,172.316,0,1239.0,90,,100.5,47.059,8.0,1.562,1.002,0.994,-0.035,16570,33.333,23.529,13,,,,13.984,,,,,,,,,
2026-09-28T16:26:15.442,172.445,0,1250.5,91,,101.438,46.667,8.0,0.781,0.995,0.984,-0.062,16470,33.333,22.745,14,,,,,96,,,,,,,,
2026-09-28T16:26:15.574,172.577,0,1251.25,90,,101.781,45.49,7.5,0.781,0.991,0.983,-0.062,16360,33.333,22.745,15,,,,,,21,,,,,,,
2026-09-28T16:26:15.713,172.716,0,1254.0,91,,102.062,45.49,5.5,0.781,1.0,0.996,-0.027,16320,33.333,22.353,15,,,,,,,78.824,,,,,,
2026-09-28T16:26:15.843,172.846,0,1261.0,90,,102.656,44.706,6.0,0.0,1.006,0.998,-0.027,16280,33.333,22.745,16,,,,,,,,578.0,,,,,
2026-09-28T16:26:15.974,172.977,0,1258.5,90,,102.812,45.098,6.0,0.0,1.009,1.0,-0.02,16250,33.333,22.353,17,,,,,,,,,0.85,,,,
2026-09-28T16:26:16.103,173.106,0,1266.0,91,,103.094,44.706,6.5,0.0,1.001,0.992,-0.039,16250,32.941,21.961,17,,,,,,,,,,,0.781,,
2026-09-28T16:26:16.233,173.236,0,1288.5,90,,103.531,43.529,6.5,0.0,0.994,0.991,-0.043,16180,32.941,22.745,18,,,,,,,,,,,,64.314,
2026-09-28T16:26:16.362,173.365,0,1325.75,90,,103.688,42.353,6.5,0.0,0.991,0.994,-0.035,16130,32.941,23.137,18,,,,,,,,,,,,,208
2026-09-28T16:26:16.493,173.496,0,1372.5,91,,103.875,41.176,7.0,0.0,1.0,1.0,-0.02,16120,32.549,22.745,19,105,,,,,,,,,,,,
2026-09-28T16:26:16.622,173.626,0,1410.0,91,,104.188,38.039,8.0,0.781,1.006,1.016,-0.004,15970,32.549,23.137,19,,45,,,,,,,,,,,
2026-09-28T16:26:16.753,173.756,0,1452.5,91,,104.625,35.686,8.0,0.781,1.008,1.015,-0.004,15910,31.765,21.961,20,,,0.781,,,,,,,,,,
2026-09-28T16:26:16.882,173.885,0,1495.0,89,,105.031,33.333,9.5,0.781,1.007,1.02,0.0,15680,31.373,21.176,21,,,,13.886,,,,,,,,,
2026-09-28T16:26:17.013,174.016,0,1515.5,87,,105.375,30.196,10.5,2.344,1.007,1.038,0.02,15410,30.98,21.176,21,,,,,96,,,,,,,,
2026-09-28T16:26:17.142,174.145,0,1561.5,86,,105.5,27.843,11.0,2.344,1.007,1.029,0.012,15270,30.98,20.784,21,,,,,,22,,,,,,,
2026-09-28T16:26:17.274,174.277,0,1602.0,85,,105.656,26.275,11.5,2.344,1.007,1.021,0.0,15180,30.196,19.216,22,,,,,,,78.824,,,,,,
2026-09-28T16:26:17.403,174.406,0,1633.5,83,,105.906,24.706,13.0,3.125,1.007,1.019,0.0,14860,29.804,18.824,22,,,,,,,,569.7,,,,,
2026-09-28T16:26:17.533,174.536,0,1651.75,79,,106.0,21.176,13.5,1.562,1.006,0.997,-0.027,14200,29.804,19.216,23,,,,,,,,,0.83,,,,
2026-09-28T16:26:17.663,174.666,0,1683.25,72,,105.719,21.176,14.0,2.344,1.006,1.006,-0.016,13860,29.804,19.608,23,,,,,,,,,,,0.781,,
2026-09-28T16:26:17.793,174.796,0,1712.0,74,,105.25,21.176,14.0,1.562,1.006,0.992,-0.039,13980,29.412,19.608,23,,,,,,,,,,,,46.275,
2026-09-28T16:26:17.922,174.926,0,1741.5,74,,105.219,20.0,15.0,1.562,1.006,0.996,-0.031,14080,29.02,18.824,24,,,,,,,,,,,,,210
2026-09-28T16:26:18.052,175.056,0,1755.75,70,,104.938,19.216,15.5,0.781,1.006,0.999,-0.023,13480,28.627,18.431,24,103,,,,,,,,,,,,
2026-09-28T16:26:18.183,175.186,0,1780.5,68,,104.906,18.431,16.5,2.344,1.006,1.019,0.0,12840,28.235,18.824,24,,44,,,,,,,,,,,
2026-09-28T16:26:18.313,175.316,0,1780.5,66,,104.406,18.431,16.5,2.344,1.005,0.997,-0.027,12690,26.667,17.255,24,,,0.781,,,,,,,,,,
2026-09-28T16:26:18.442,175.446,0,1797.25,59,,104.281,15.686,16.5,0.781,1.005,0.991,-0.043,12160,26.275,17.255,25,,,,13.906,,,,,,,,,
2026-09-28T16:26:18.574,175.577,0,1811.25,55,,103.969,14.902,16.5,0.781,1.004,0.985,-0.059,11430,26.667,17.647,25,,,,,96,,,,,,,,
2026-09-28T16:26:18.703,175.706,0,1842.0,56,,103.406,15.686,-14.5,0.0,1.004,0.987,-0.051,10870,26.667,17.255,25,,,,,,22,,,,,,,
2026-09-28T16:26:18.833,175.836,0,1706.0,55,,103.312,15.294,-14.5,0.0,1.004,0.989,-0.051,10770,26.667,16.863,25,,,,,,,78.824,,,,,,
2026-09-28T16:26:18.963,175.966,0,1504.75,55,,103.125,18.039,-7.5,0.0,1.004,1.004,-0.016,10890,27.059,16.471,25,,,,,,,,566.1,,,,,
2026-09-28T16:26:19.093,176.096,0,1432.0,55,,103.0,20.392,-4.5,0.781,1.005,1.008,-0.012,11400,26.667,16.078,25,,,,,,,,,0.815,,,,
2026-09-28T16:26:19.222,176.226,0,1367.5,54,,102.688,22.353,-2.5,0.0,1.005,0.989,-0.047,11270,26.667,15.686,25,,,,,,,,,,,0.781,,
2026-09-28T16:26:19.353,176.356,0,1288.0,53,,102.031,24.314,-1.5,0.0,1.004,0.987,-0.051,11200,26.667,15.686,25,,,,,,,,,,,,36.078,
2026-09-28T16:26:19.483,176.486,0,1221.0,52,,101.719,25.098,10.0,0.0,1.004,0.991,-0.043,11230,26.667,15.294,25,,,,,,,,,,,,,211
2026-09-28T16:26:19.613,176.616,0,1158.75,51,,101.406,26.275,8.0,0.0,0.998,0.983,-0.062,10870,26.667,15.294,25,102,,,,,,,,,,,,
2026-09-28T16:26:19.742,176.745,0,1177.5,50,,100.844,27.451,8.5,-0.781,1.001,0.987,-0.051,10920,27.059,15.686,25,,43,,,,,,,,,,,
2026-09-28T16:26:19.874,176.877,0,1179.75,51,,100.594,27.843,11.5,-0.781,1.003,0.986,-0.055,11250,27.451,15.686,26,,,2.344,,,,,,,,,,
2026-09-28T16:26:20.002,177.006,0,1185.25,52,,100.375,27.843,11.5,-0.781,1.004,0.982,-0.066,11410,27.451,15.686,26,,,,13.984,,,,,,,,,
2026-09-28T16:26:20.133,177.136,0,1191.75,53,,99.906,27.843,12.0,-1.562,1.004,0.987,-0.051,11600,27.451,15.686,26,,,,,96,,,,,,,,
2026-09-28T16:26:20.263,177.266,0,1198.5,53,,99.781,27.059,12.0,-0.781,1.004,0.993,-0.039,11530,27.059,15.686,26,,,,,,22,,,,,,,
2026-09-28T16:26:20.393,177.396,0,1203.5,53,,99.594,27.059,12.0,-0.781,1.004,0.996,-0.031,11350,26.667,15.294,26,,,,,,,78.824,,,,,,
2026-09-28T16:26:20.523,177.526,0,1212.0,53,,99.469,25.49,12.5,-0.781,1.004,0.996,-0.027,11080,26.667,15.686,26,,,,,,,,564.6,,,,,
2026-09-28T16:26:20.652,177.655,0,1221.0,51,,99.156,25.098,12.5,-1.562,1.005,0.994,-0.035,10650,26.667,15.686,26,,,,,,,,,0.81,,,,
2026-09-28T16:26:20.783,177.786,0,1230.25,51,,99.156,25.098,12.5,-1.562,1.0,0.991,-0.043,10440,26.275,15.294,26,,,,,,,,,,,0.781,,
2026-09-28T16:26:20.913,177.916,0,1238.25,51,,99.094,24.706,13.0,-1.562,0.993,0.991,-0.043,10330,24.706,14.902,27,,,,,,,,,,,,34.118,
2026-09-28T16:26:21.042,178.045,0,1237.5,47,,98.844,21.961,13.0,-2.344,0.998,0.989,-0.051,10030,23.922,14.51,27,,,,,,,,,,,,,213
2026-09-28T16:26:21.175,178.178,0,1231.25,44,,98.812,21.176,13.0,-3.125,1.004,0.989,-0.047,9600,16.863,12.157,27,101,,,,,,,,,,,,
2026-09-28T16:26:21.303,178.306,0,1231.75,40,,98.875,18.431,17.0,-3.125,1.006,0.994,-0.035,9180,14.51,12.157,27,,44,,,,,,,,,,,
2026-09-28T16:26:21.432,178.436,0,1222.5,30,,98.156,0.0,23.5,-3.125,1.008,0.991,-0.043,8810,14.51,12.157,27,,,6.25,,,,,,,,,,
2026-09-28T16:26:21.563,178.566,0,1202.25,24,,97.906,0.0,21.5,-3.906,1.008,0.985,-0.059,8430,15.294,12.157,27,,,,13.769,,,,,,,,,
2026-09-28T16:26:21.693,178.696,0,1233.0,23,,97.875,0.0,18.5,-3.906,1.007,0.999,-0.023,8130,18.039,12.157,27,,,,,96,,,,,,,,
2026-09-28T16:26:21.822,178.825,0,1225.5,23,,97.812,0.0,12.5,-2.344,1.006,1.024,0.004,7820,14.51,12.157,26,,,,,,22,,,,,,,
2026-09-28T16:26:21.953,178.956,0,1214.75,22,,97.531,0.0,6.5,-2.344,1.007,1.029,0.012,7530,14.51,12.157,26,,,,,,,78.824,,,,,,
2026-09-28T16:26:22.083,179.086,0,1211.5,22,,97.531,0.0,2.0,-1.562,1.007,1.034,0.016,7180,14.51,12.157,26,,,,,,,,564.6,,,,,
2026-09-28T16:26:22.213,179.216,0,1190.5,22,,97.438,0.0,-4.0,0.0,1.006,1.036,0.02,6890,14.51,12.157,26,,,,,,,,,0.81,,,,
2026-09-28T16:26:22.343,179.346,0,1187.75,22,,97.188,0.0,-6.0,0.0,1.008,1.062,0.047,6680,14.51,12.157,26,,,,,,,,,,,0.781,,
2026-09-28T16:26:22.474,179.477,0,1176.5,22,,97.219,0.0,-6.5,0.0,1.006,1.163,0.156,7190,14.51,12.157,26,,,,,,,,,,,,12.549,
2026-09-28T16:26:22.602,179.605,0,1169.0,22,,97.219,0.0,-6.5,0.0,1.006,1.199,0.195,8100,14.51,12.157,26,,,,,,,,,,,,,214
2026-09-28T16:26:22.732,179.736,0,1170.0,23,,97.469,0.0,-6.5,0.0,0.998,1.492,0.43,8850,14.51,12.157,25,101,,,,,,,,,,,,
2026-09-28T16:26:22.862,179.865,0,1161.5,24,,97.312,0.0,-6.5,0.0,1.002,2.0,0.703,9110,14.51,12.157,25,,44,,,,,,,,,,,
2026-09-28T16:26:22.992,179.996,0,1154.75,24,,97.219,0.0,-7.0,0.0,1.037,2.0,0.875,9300,14.51,12.157,25,,,7.031,,,,,,,,,,
2026-09-28T16:26:23.122,180.125,0,1145.25,24,,97.25,0.0,-7.0,0.0,1.089,2.0,0.996,9480,14.51,12.157,25,,,,13.906,,,,,,,,,
2026-09-28T16:26:23.253,180.256,0,1137.5,25,,97.219,0.0,-7.0,0.0,1.153,2.0,1.066,9490,14.51,12.157,25,,,,,96,,,,,,,,
2026-09-28T16:26:23.382,180.385,0,1127.5,25,,97.219,0.0,-7.0,0.0,1.195,2.0,1.113,9480,14.51,12.157,24,,,,,,22,,,,,,,
2026-09-28T16:26:23.513,180.516,0,1118.75,25,,97.219,0.0,-7.5,0.0,1.251,2.0,1.156,9480,14.51,12.157,24,,,,,,,78.824,,,,,,
2026-09-28T16:26:23.643,180.646,0,1107.0,25,,97.219,0.0,-7.5,0.0,1.313,2.0,1.18,9480,14.51,12.157,24,,,,,,,,567.3,,,,,
2026-09-28T16:26:23.774,180.777,0,1095.75,25,,97.219,0.0,-7.5,0.0,1.399,2.0,1.199,9470,14.51,12.157,24,,,,,,,,,0.815,,,,
2026-09-28T16:26:23.902,180.906,0,1089.75,24,,97.219,0.0,-8.5,0.0,1.478,2.0,1.215,9470,14.51,12.157,24,,,,,,,,,,,0.781,,
2026-09-28T16:26:24.033,181.036,0,1083.75,24,,97.219,0.0,-8.5,0.0,1.587,2.0,1.223,9470,14.51,12.157,24,,,,,,,,,,,,14.51,
2026-09-28T16:26:24.162,181.165,0,1082.0,24,,97.219,11.765,-8.5,0.0,1.682,2.0,1.23,9460,14.51,11.765,23,,,,,,,,,,,,,216
2026-09-28T16:26:24.293,181.296,0,1075.25,24,,97.219,11.765,-8.5,0.0,1.76,2.0,1.262,9680,14.51,11.765,23,101,,,,,,,,,,,,
2026-09-28T16:26:24.423,181.426,0,1061.0,24,,97.219,11.373,-8.5,0.0,1.588,2.0,1.109,9460,14.51,11.765,23,,44,,,,,,,,,,,
2026-09-28T16:26:24.553,181.556,0,1057.0,22,,97.219,10.588,-8.5,0.0,1.358,2.0,0.945,9180,14.51,12.157,23,,,7.031,,,,,,,,,,
2026-09-28T16:26:24.682,181.685,0,1061.0,22,,97.125,10.588,-8.5,0.0,1.226,2.0,0.695,8810,14.51,12.157,23,,,,13.906,,,,,,,,,
2026-09-28T16:26:24.813,181.816,0,1081.75,23,,97.094,10.588,-8.5,0.0,1.102,1.625,0.512,8450,14.51,12.157,23,,,,,96,,,,,,,,
2026-09-28T16:26:24.942,181.945,0,1076.0,22,,97.0,10.588,-8.5,0.0,1.026,1.299,0.285,8150,14.51,12.157,22,,,,,,22,,,,,,,
2026-09-28T16:26:25.074,182.077,0,1073.5,22,,96.906,10.98,-8.5,0.0,0.97,1.12,0.109,7770,14.51,12.157,22,,,,,,,78.824,,,,,,
2026-09-28T16:26:25.202,182.206,0,1084.75,22,,96.906,10.588,-7.5,0.0,0.944,1.029,0.012,7370,14.51,12.157,22,,,,,,,,568.0,,,,,
2026-09-28T16:26:25.332,182.335,0,1098.25,22,,96.906,10.196,-7.5,0.0,0.926,0.965,-0.105,7070,14.51,12.157,22,,,,,,,,,0.125,,,,
2026-09-28T16:26:25.462,182.466,0,1101.75,22,,96.906,10.588,-7.5,0.0,0.917,0.92,-0.211,6690,14.51,12.157,22,,,,,,,,,,,0.781,,
2026-09-28T16:26:25.593,182.596,0,1107.75,22,,96.906,10.588,-7.5,0.0,0.912,0.903,-0.254,6310,14.51,12.157,22,,,,,,,,,,,,13.333,
2026-09-28T16:26:25.722,182.725,0,1115.25,23,,96.906,10.588,-7.5,0.0,0.909,0.899,-0.262,5950,14.51,12.157,22,,,,,,,,,,,,,218
2026-09-28T16:26:25.862,182.865,0,1111.5,22,,96.906,10.588,-7.5,0.0,0.908,0.904,-0.25,5600,14.51,12.157,21,101,,,,,,,,,,,,
2026-09-28T16:26:25.992,182.995,0,1112.25,22,,96.906,10.588,-7.5,0.0,0.906,0.907,-0.242,5250,14.51,12.157,21,,45,,,,,,,,,,,
2026-09-28T16:26:26.123,183.126,0,1101.5,22,,96.906,10.196,-7.5,0.0,0.904,0.916,-0.223,4920,14.51,12.157,21,,,6.25,,,,,,,,,,
2026-09-28T16:26:26.252,183.255,0,1100.5,22,,96.906,10.588,-7.5,0.781,0.902,0.928,-0.191,4650,14.51,12.157,21,,,,13.828,,,,,,,,,
2026-09-28T16:26:26.382,183.385,0,1108.25,22,,96.875,10.588,-7.5,1.562,0.9,0.938,-0.172,4320,14.51,12.157,21,,,,,96,,,,,,,,
2026-09-28T16:26:26.512,183.515,0,1110.75,22,,96.875,10.196,-7.5,2.344,0.898,0.944,-0.152,4010,14.51,12.157,21,,,,,,22,,,,,,,
2026-09-28T16:26:26.642,183.646,0,1111.0,22,,96.844,10.588,-7.5,3.125,0.897,0.956,-0.125,3680,14.902,12.157,20,,,,,,,78.824,,,,,,
2026-09-28T16:26:26.774,183.777,0,1117.25,23,,96.812,10.588,-7.5,4.688,0.895,0.963,-0.113,3320,15.686,12.157,20,,,,,,,,567.5,,,,,
2026-09-28T16:26:26.903,183.906,0,1134.25,22,,96.812,10.588,-7.0,3.906,0.894,0.924,-0.203,2980,19.216,12.157,20,,,,,,,,,0.195,,,,
2026-09-28T16:26:27.033,184.036,0,1128.25,22,,96.656,9.804,6.0,2.344,0.892,0.899,-0.266,2730,22.353,12.549,20,,,,,,,,,,,0.781,,
2026-09-28T16:26:27.163,184.166,0,1152.25,22,,96.656,10.196,24.5,2.344,0.891,0.907,-0.246,2540,23.137,14.51,20,,,,,,,,,,,,20.784,
2026-09-28T16:26:27.293,184.296,0,1197.25,29,,96.562,15.686,15.5,3.906,0.89,0.921,-0.211,2720,23.529,14.51,20,,,,,,,,,,,,,219
2026-09-28T16:26:27.422,184.426,0,1293.5,34,,96.562,16.471,14.5,3.906,0.887,0.896,-0.27,3180,24.706,15.686,20,100,,,,,,,,,,,,
2026-09-28T16:26:27.552,184.555,0,1314.25,40,,96.531,18.431,14.0,2.344,0.883,0.869,-0.352,4000,25.49,15.686,20,,45,,,,,,,,,,,
2026-09-28T16:26:27.683,184.686,0,1311.25,44,,96.531,20.0,14.0,0.781,0.881,0.846,-0.43,4930,25.882,15.686,20,,,2.344,,,,,,,,,,
2026-09-28T16:26:27.814,184.817,0,1344.75,45,,96.562,19.608,14.0,0.0,0.88,0.845,-0.43,5550,26.667,16.078,20,,,,13.867,,,,,,,,,
2026-09-28T16:26:27.943,184.946,0,1403.25,48,,96.562,20.0,14.5,0.0,0.88,0.854,-0.402,6220,27.059,16.863,20,,,,,96,,,,,,,,
2026-09-28T16:26:28.074,185.077,0,1480.5,50,,96.562,19.216,15.0,0.0,0.88,0.859,-0.383,7460,27.451,17.255,21,,,,,,22,,,,,,,
2026-09-28T16:26:28.202,185.205,0,1543.25,55,,96.5,19.216,15.5,-2.344,0.88,0.833,-0.469,7860,27.451,17.255,21,,,,,,,78.824,,,,,,
2026-09-28T16:26:28.333,185.336,0,1582.75,57,,96.75,17.255,15.5,-1.562,0.881,0.865,-0.363,8980,27.451,17.255,21,,,,,,,,563.1,,,,,
2026-09-28T16:26:28.463,185.466,0,1576.0,55,,96.906,18.039,15.5,0.0,0.88,0.887,-0.301,10220,27.451,17.647,22,,,,,,,,,0.24,,,,
2026-09-28T16:26:28.593,185.596,0,1606.25,56,,96.875,16.863,15.5,-0.781,0.88,0.868,-0.355,10910,27.451,17.255,22,,,,,,,,,,,0.781,,
2026-09-28T16:26:28.723,185.726,0,1622.25,57,,97.125,17.255,16.0,-0.781,0.88,0.882,-0.316,11180,27.451,17.647,22,,,,,,,,,,,,36.078,
2026-09-28T16:26:28.852,185.855,0,1655.25,56,,97.219,16.863,16.0,0.0,0.88,0.893,-0.281,12120,28.235,18.431,23,,,,,,,,,,,,,221
2026-09-28T16:26:28.982,185.985,0,1680.5,61,,97.219,18.039,16.5,-0.781,0.881,0.871,-0.344,12300,28.627,18.431,23,101,,,,,,,,,,,,
2026-09-28T16:26:29.113,186.116,0,1715.25,63,,97.438,18.039,17.0,-0.781,0.881,0.884,-0.309,12680,29.412,19.608,23,,46,,,,,,,,,,,
2026-09-28T16:26:29.242,186.245,0,1738.75,66,,97.531,19.608,17.5,0.0,0.881,0.896,-0.27,13680,30.98,21.961,24,,,0.781,,,,,,,,,,
2026-09-28T16:26:29.374,186.377,0,1769.25,75,,97.5,21.176,15.5,0.0,0.883,0.897,-0.27,14620,31.373,23.922,24,,,,13.828,,,,,,,,,
2026-09-28T16:26:29.503,186.506,0,1815.25,83,,97.75,22.745,15.0,0.781,0.89,0.916,-0.223,15350,32.157,27.059,25,,,,,96,,,,,,,,
2026-09-28T16:26:29.632,186.635,0,1870.75,88,,99.0,25.49,14.5,2.344,0.904,0.938,-0.168,15940,32.157,26.667,25,,,,,,22,,,,,,,
2026-09-28T16:26:29.762,186.765,0,1863.75,89,,99.875,26.275,13.5,2.344,0.93,0.975,-0.086,15920,32.157,25.49,26,,,,,,,78.824,,,,,,
2026-09-28T16:26:29.894,186.897,0,1912.5,88,,101.156,25.882,14.0,2.344,0.987,1.006,-0.016,15830,32.549,25.098,26,,,,,,,,554.8,,,,,
2026-09-28T16:26:30.024,187.027,0,1918.25,89,,102.031,26.275,14.0,3.125,1.003,1.022,0.0,15960,32.941,25.098,27,,,,,,,,,0.885,,,,
2026-09-28T16:26:30.153,187.156,0,1956.25,89,,104.0,27.059,14.0,3.125,1.009,1.019,0.0,16050,32.941,25.49,27,,,,,,,,,,,0.781,,
2026-09-28T16:26:30.283,187.286,0,1970.0,90,,104.969,27.451,14.0,2.344,1.009,1.01,-0.012,15670,32.941,25.098,27,,,,,,,,,,,,60.784,
2026-09-28T16:26:30.412,187.416,0,1970.0,90,,106.0,27.451,-17.5,3.125,1.007,1.021,0.0,16040,33.333,24.314,27,,,,,,,,,,,,,222
2026-09-28T16:26:30.542,187.546,0,1638.5,93,,108.844,30.196,-7.0,4.688,1.004,1.036,0.02,16520,33.725,23.922,28,102,,,,,,,,,,,,
2026-09-28T16:26:30.675,187.678,0,1573.25,94,,109.438,31.765,-2.5,4.688,1.003,1.023,0.004,16690,33.725,23.922,28,,45,,,,,,,,,,,
2026-09-28T16:26:30.803,187.806,0,1547.0,94,,109.875,33.725,-2.5,4.688,1.002,1.007,-0.012,16660,34.118,24.314,28,,,0.781,,,,,,,,,,
2026-09-28T16:26:30.932,187.935,0,1492.5,95,,110.125,40.392,-1.0,3.906,1.002,0.996,-0.027,16880,34.51,24.314,29,,,,13.828,,,,,,,,,
2026-09-28T16:26:31.062,188.065,0,1441.75,97,,110.188,41.569,2.5,3.125,1.001,0.98,-0.07,17130,35.294,24.314,29,,,,,96,,,,,,,,
2026-09-28T16:26:31.192,188.195,0,1368.5,98,,110.25,45.882,6.5,0.781,1.005,0.962,-0.113,17330,35.294,23.137,29,,,,,,22,,,,,,,
2026-09-28T16:26:31.322,188.325,0,1363.5,97,,110.094,46.667,5.0,-0.781,0.996,0.967,-0.105,17050,35.294,23.922,29,,,,,,,78.824,,,,,,
2026-09-28T16:26:31.452,188.455,0,1376.75,97,,109.531,46.667,5.0,-0.781,0.999,0.99,-0.047,16990,36.078,24.706,30,,,,,,,,551.1,,,,,
2026-09-28T16:26:31.582,188.585,0,1391.0,97,,109.25,46.667,4.0,-0.781,1.001,0.99,-0.043,17060,37.647,27.451,30,,,,,,,,,0.845,,,,
2026-09-28T16:26:31.712,188.716,0,1408.25,101,,108.969,50.588,2.0,-1.562,0.997,0.975,-0.086,17580,38.039,28.235,31,,,,,,,,,,,0.781,,
2026-09-28T16:26:31.842,188.846,0,1425.25,103,,109.406,50.196,2.0,-2.344,1.003,0.984,-0.062,17850,38.039,29.02,31,,,,,,,,,,,,85.098,
2026-09-28T16:26:31.974,188.977,0,1442.5,104,,109.875,49.412,2.0,-2.344,0.999,1.0,-0.02,17910,38.039,29.412,32,,,,,,,,,,,,,224
2026-09-28T16:26:32.102,189.105,0,1470.25,104,,110.344,48.627,2.0,-0.781,0.995,1.011,-0.008,17900,38.039,29.804,32,103,,,,,,,,,,,,
2026-09-28T16:26:32.232,189.235,0,1486.75,105,,111.344,47.451,2.0,0.0,1.002,1.021,0.0,17930,38.039,29.804,32,,43,,,,,,,,,,,
2026-09-28T16:26:32.363,189.366,0,1518.5,106,,112.094,45.882,2.0,0.0,0.997,1.011,-0.008,17930,38.039,29.412,33,,,0.0,,,,,,,,,,
2026-09-28T16:26:32.492,189.495,0,1536.75,107,,112.75,45.882,2.5,0.0,0.995,0.998,-0.023,17980,38.039,29.02,33,,,,13.847,,,,,,,,,
2026-09-28T16:26:32.623,189.626,0,1553.25,107,,113.375,43.529,2.5,0.0,1.002,1.013,-0.008,17960,38.039,28.627,34,,,,,96,,,,,,,,
2026-09-28T16:26:32.752,189.755,0,1576.0,107,,114.438,42.745,3.5,0.0,0.999,1.0,-0.02,18030,38.039,28.235,34,,,,,,22,,,,,,,
2026-09-28T16:26:32.882,189.885,0,1591.25,107,,114.969,42.353,3.5,0.781,0.997,0.996,-0.031,17970,38.039,28.235,34,,,,,,,78.824,,,,,,
2026-09-28T16:26:33.012,190.016,0,1614.25,106,,115.5,41.176,3.5,0.781,1.003,1.009,-0.012,17960,38.039,27.843,35,,,,,,,,553.5,,,,,
2026-09-28T16:26:33.143,190.146,0,1635.25,106,,116.312,40.392,3.5,0.781,0.995,1.001,-0.02,17840,38.431,27.451,36,,,,,,,,,0.84,,,,
2026-09-28T16:26:33.274,190.277,0,1658.25,106,,116.719,40.0,4.0,1.562,0.996,1.008,-0.012,17900,38.431,29.02,36,,,,,,,,,,,0.781,,
2026-09-28T16:26:33.403,190.406,0,1680.5,108,,117.094,40.784,4.0,1.562,1.003,1.0,-0.02,18010,38.824,29.412,36,,,,,,,,,,,,89.804,
2026-09-28T16:26:33.533,190.536,0,1709.25,108,,118.125,41.569,3.5,0.781,1.002,0.996,-0.031,18100,39.216,30.588,37,,,,,,,,,,,,,225
2026-09-28T16:26:33.663,190.666,0,1731.5,109,,116.688,41.569,4.5,1.562,0.995,1.0,-0.02,18150,40.0,37.255,37,103,,,,,,,,,,,,
2026-09-28T16:26:33.792,190.795,0,1755.0,111,,114.094,41.961,4.0,2.344,0.996,0.999,-0.023,18240,40.392,43.529,38,,42,,,,,,,,,,,
2026-09-28T16:26:33.923,190.926,0,1772.75,111,,112.969,41.569,4.0,2.344,0.999,0.995,-0.031,18260,40.784,56.078,39,,,0.0,,,,,,,,,,
2026-09-28T16:26:34.052,191.055,0,1794.0,113,,112.781,41.569,3.5,1.562,1.003,1.002,-0.02,18320,41.176,64.314,39,,,,13.847,,,,,,,,,
2026-09-28T16:26:34.182,191.185,0,1823.25,114,,113.969,42.353,4.5,2.344,1.002,0.999,-0.023,18470,41.176,65.49,40,,,,,96,,,,,,,,
2026-09-28T16:26:34.312,191.316,0,1852.0,116,,115.75,43.137,5.0,1.562,0.999,0.987,-0.051,18610,41.176,65.882,40,,,,,,22,,,,,,,
2026-09-28T16:26:34.443,191.446,0,1872.0,120,,119.344,45.098,5.0,1.562,0.995,0.993,-0.039,18830,41.176,67.059,41,,,,,,,78.824,,,,,,
2026-09-28T16:26:34.574,191.577,0,1905.75,120,,120.25,45.882,4.5,1.562,0.995,0.995,-0.031,18990,40.784,67.059,41,,,,,,,,565.6,,,,,
2026-09-28T16:26:34.702,191.705,0,1920.25,121,,121.156,47.059,5.0,0.781,1.003,0.995,-0.031,19040,40.392,43.922,42,,,,,,,,,0.82,,,,
2026-09-28T16:26:34.832,191.836,0,1944.5,122,,122.688,45.49,5.0,1.562,1.003,0.996,-0.031,18820,40.0,33.725,42,,,,,,,,,,,0.781,,
2026-09-28T16:26:34.962,191.965,0,1964.75,116,,121.656,44.314,6.0,0.781,0.999,1.003,-0.016,18370,40.0,35.686,43,,,,,,,,,,,,97.255,
2026-09-28T16:26:35.093,192.096,0,1994.75,115,,120.0,43.922,6.5,1.562,0.996,0.992,-0.043,18480,40.0,40.0,43,,,,,,,,,,,,,227
2026-09-28T16:26:35.222,192.225,0,1976.25,116,,118.688,43.922,-20.0,0.781,1.002,1.003,-0.016,18770,38.824,37.255,44,103,,,,,,,,,,,,
2026-09-28T16:26:35.352,192.355,0,1683.0,116,,119.156,45.098,-8.0,1.562,1.003,1.013,-0.008,19110,37.255,24.314,44,,41,,,,,,,,,,,
2026-09-28T16:26:35.482,192.485,0,1577.75,103,,119.156,40.784,5.0,0.781,1.003,0.994,-0.035,18650,36.078,23.922,44,,,0.781,,,,,,,,,,
2026-09-28T16:26:35.612,192.615,0,1487.75,99,,115.938,40.392,5.5,0.0,1.004,0.981,-0.07,17850,33.333,21.569,44,,,,13.867,,,,,,,,,
2026-09-28T16:26:35.742,192.745,0,1430.0,93,,111.75,39.216,8.5,-0.781,1.005,0.978,-0.078,17340,29.412,16.863,45,,,,,96,,,,,,,,
2026-09-28T16:26:35.874,192.877,0,1414.5,82,,107.281,29.804,11.5,-0.781,0.997,0.988,-0.051,17100,27.843,16.471,45,,,,,,22,,,,,,,
2026-09-28T16:26:36.002,193.005,0,1433.5,77,,106.469,28.627,13.5,-1.562,1.002,0.981,-0.066,16370,23.137,14.51,45,,,,,,,78.824,,,,,,
2026-09-28T16:26:36.132,193.135,0,1434.75,71,,105.062,21.961,14.0,-3.125,1.008,0.965,-0.109,15580,20.0,12.157,45,,,,,,,,573.7,,,,,
2026-09-28T16:26:36.262,193.265,0,1444.5,42,,104.438,15.294,14.0,-3.906,1.005,0.97,-0.098,15010,20.0,12.549,45,,,,,,,,,0.815,,,,
2026-09-28T16:26:36.392,193.395,0,1421.75,31,,103.438,10.98,18.5,-3.125,1.002,0.978,-0.078,15480,20.392,12.549,45,,,,,,,,,,,0.781,,
2026-09-28T16:26:36.522,193.525,0,1397.0,27,,102.594,8.627,23.5,-3.125,1.002,0.992,-0.039,15050,20.392,12.549,45,,,,,,,,,,,,14.51,
2026-09-28T16:26:36.653,193.656,0,1420.5,23,,101.062,7.843,23.0,-3.125,1.004,1.009,-0.012,14620,20.392,12.549,44,,,,,,,,,,,,,229
2026-09-28T16:26:36.782,193.786,0,1405.25,23,,100.719,7.843,29.0,-2.344,1.005,1.011,-0.008,14200,27.059,15.686,44,102,,,,,,,,,,,,
2026-09-28T16:26:36.912,193.916,0,1406.25,23,,100.125,9.02,12.5,-2.344,1.006,1.014,-0.008,13520,32.157,16.863,44,,40,,,,,,,,,,,
2026-09-28T16:26:37.042,194.045,0,1418.25,43,,98.812,18.824,12.5,-2.344,1.006,1.005,-0.016,12810,33.725,18.039,44,,,1.562,,,,,,,,,,
2026-09-28T16:26:37.175,194.178,0,1397.0,60,,98.281,24.706,7.5,-3.125,1.005,0.972,-0.094,11520,34.118,19.608,44,,,,13.867,,,,,,,,,
2026-09-28T16:26:37.303,194.307,0,1403.0,68,,98.188,26.275,13.5,-6.25,1.001,0.972,-0.094,11610,34.118,23.529,44,,,,,96,,,,,,,,
2026-09-28T16:26:37.434,194.437,0,1411.75,77,,97.625,37.647,11.0,-4.688,0.995,1.016,-0.004,12550,34.118,28.235,44,,,,,,22,,,,,,,
2026-09-28T16:26:37.562,194.565,0,1408.75,92,,97.688,41.569,8.0,-1.562,1.004,1.041,0.023,13720,34.118,28.627,45,,,,,,,78.824,,,,,,
2026-09-28T16:26:37.692,194.696,0,1415.25,96,,99.625,43.529,6.0,-0.781,1.009,1.029,0.008,14100,34.118,27.843,45,,,,,,,,575.0,,,,,
2026-09-28T16:26:37.822,194.826,0,1417.0,95,,100.406,41.961,6.0,0.0,1.002,1.025,0.004,14860,34.118,27.059,45,,,,,,,,,0.81,,,,
2026-09-28T16:26:37.952,194.955,0,1427.0,95,,102.031,41.961,6.0,0.781,0.994,1.017,-0.004,15850,34.118,26.667,45,,,,,,,,,,,0.781,,
2026-09-28T16:26:38.082,195.085,0,1434.5,95,,102.781,41.176,6.0,0.781,0.991,1.0,-0.02,15880,33.725,25.49,45,,,,,,,,,,,,70.588,
2026-09-28T16:26:38.212,195.215,0,1439.5,96,,103.5,41.569,7.0,0.781,1.003,1.011,-0.008,15760,33.333,23.922,45,,,,,,,,,,,,,230
2026-09-28T16:26:38.342,195.346,0,1442.75,92,,104.844,36.863,8.5,1.562,1.008,1.014,-0.008,16220,32.157,22.353,45,101,,,,,,,,,,,,
2026-09-28T16:26:38.474,195.477,0,1444.25,91,,105.25,34.902,8.5,2.344,1.0,1.004,-0.016,15580,31.765,21.961,46,,42,,,,,,,,,,,
2026-09-28T16:26:38.603,195.606,0,1451.25,90,,105.5,35.294,9.5,2.344,0.996,1.012,-0.008,15430,31.765,20.392,46,,,0.781,,,,,,,,,,
2026-09-28T16:26:38.732,195.735,0,1450.75,89,,105.969,32.157,10.5,3.125,1.005,1.011,-0.008,15670,28.627,17.255,46,,,,13.867,,,,,,,,,
2026-09-28T16:26:38.862,195.865,0,1456.5,81,,106.469,26.667,12.0,1.562,1.009,0.994,-0.035,15060,25.098,15.294,46,,,,,96,,,,,,,,
2026-09-28T16:26:38.992,195.995,0,1460.5,69,,106.438,24.314,12.5,0.781,1.002,0.979,-0.074,14540,24.314,14.902,46,,,,,,22,,,,,,,
2026-09-28T16:26:39.122,196.125,0,1457.5,55,,105.688,18.039,14.0,0.0,0.996,0.968,-0.102,14520,24.314,15.294,46,,,,,,,78.824,,,,,,
2026-09-28T16:26:39.252,196.255,0,1468.75,46,,104.656,17.255,15.0,0.0,0.993,0.978,-0.078,13740,24.314,15.294,46,,,,,,,,575.1,,,,,
2026-09-28T16:26:39.383,196.387,0,1477.75,44,,104.0,16.471,14.5,-0.781,0.992,0.976,-0.086,12990,23.922,14.902,46,,,,,,,,,0.805,,,,
2026-09-28T16:26:39.513,196.516,0,1475.5,42,,103.375,15.294,14.5,-2.344,0.991,0.97,-0.098,13270,23.922,15.294,46,,,,,,,,,,,0.781,,
2026-09-28T16:26:39.642,196.645,0,1464.0,43,,102.406,15.294,14.5,-3.906,0.99,0.961,-0.117,12420,24.314,15.294,46,,,,,,,,,,,,28.235,
2026-09-28T16:26:39.774,196.777,0,1456.75,42,,101.969,16.078,14.5,-3.906,0.997,0.995,-0.031,11380,25.098,15.686,46,,,,,,,,,,,,,232
2026-09-28T16:26:39.903,196.906,0,1466.0,44,,101.406,16.863,14.5,-1.562,1.004,1.023,0.004,10990,25.49,15.686,46,100,,,,,,,,,,,,
2026-09-28T16:26:40.032,197.035,0,1466.0,45,,100.812,17.255,14.5,-1.562,1.007,1.013,-0.008,10640,24.314,15.294,46,,42,,,,,,,,,,,
2026-09-28T16:26:40.162,197.166,0,1466.5,46,,100.75,16.863,14.5,-3.125,1.008,0.993,-0.035,9900,14.51,12.941,46,,,3.125,,,,,,,,,,
2026-09-28T16:26:40.292,197.296,0,1449.75,36,,99.531,0.0,17.0,-3.125,1.009,0.993,-0.035,10050,14.51,12.157,45,,,,13.847,,,,,,,,,
2026-09-28T16:26:40.422,197.426,0,1442.25,28,,99.438,0.0,27.5,-3.125,1.009,0.989,-0.047,9690,14.51,12.549,46,,,,,96,,,,,,,,
2026-09-28T16:26:40.553,197.556,0,1451.25,22,,98.812,0.0,31.5,-3.906,1.006,0.997,-0.027,9280,14.51,12.549,46,,,,,,22,,,,,,,
2026-09-28T16:26:40.682,197.685,0,1443.75,22,,98.594,0.0,31.5,-2.344,1.005,1.028,0.008,8980,14.51,12.549,45,,,,,,,78.824,,,,,,
2026-09-28T16:26:40.812,197.815,0,1437.5,22,,98.5,0.0,25.5,-1.562,1.005,1.039,0.023,8620,14.51,12.549,45,,,,,,,,576.8,,,,,
2026-09-28T16:26:40.942,197.946,0,1438.0,22,,98.188,0.0,17.0,-1.562,1.005,1.035,0.016,8270,20.392,12.549,45,,,,,,,,,0.805,,,,
2026-09-28T16:26:41.073,198.077,0,1432.0,22,,98.125,7.059,29.0,-1.562,1.005,1.025,0.004,7910,21.961,13.725,45,,,,,,,,,,,0.781,,
2026-09-28T16:26:41.203,198.206,0,1430.25,24,,97.875,8.627,18.5,-0.781,1.005,1.025,0.004,7320,22.353,14.51,45,,,,,,,,,,,,18.039,
2026-09-28T16:26:41.332,198.335,0,1444.0,27,,97.531,12.549,16.5,-2.344,1.005,0.994,-0.035,6730,24.314,15.294,45,,,,,,,,,,,,,233
2026-09-28T16:26:41.463,198.466,0,1425.75,36,,97.281,14.902,15.0,-2.344,1.002,1.006,-0.016,5990,26.275,16.078,45,100,,,,,,,,,,,,
2026-09-28T16:26:41.592,198.595,0,1434.5,43,,97.281,16.471,14.5,-2.344,0.996,0.987,-0.051,5560,27.451,16.863,45,,42,,,,,,,,,,,
2026-09-28T16:26:41.722,198.725,0,1437.0,49,,97.531,21.176,14.5,-3.125,0.996,0.982,-0.062,6140,28.627,17.647,45,,,1.562,,,,,,,,,,
2026-09-28T16:26:41.852,198.855,0,1434.75,59,,97.375,23.529,14.0,-3.906,1.005,0.989,-0.051,7210,31.373,20.0,45,,,,13.847,,,,,,,,,
2026-09-28T16:26:41.982,198.985,0,1442.75,68,,97.219,26.275,14.0,-4.688,1.009,0.995,-0.031,7840,32.941,24.314,45,,,,,96,,,,,,,,
2026-09-28T16:26:42.112,199.115,0,1452.25,81,,97.0,30.98,11.5,-3.906,1.001,1.02,0.0,8410,34.902,30.196,45,,,,,,22,,,,,,,
2026-09-28T16:26:42.243,199.246,0,1457.25,94,,97.438,40.0,8.5,-0.781,0.994,1.04,0.023,9620,36.863,38.431,46,,,,,,,78.824,,,,,,
2026-09-28T16:26:42.373,199.377,0,1465.5,97,,98.062,41.176,8.0,0.0,1.004,1.034,0.016,10390,36.863,42.353,46,,,,,,,,576.0,,,,,
2026-09-28T16:26:42.502,199.505,0,1471.5,98,,98.969,41.961,6.5,2.344,1.004,1.061,0.047,11000,36.863,43.922,46,,,,,,,,,0.8,,,,
2026-09-28T16:26:42.632,199.635,0,1488.25,99,,101.281,42.745,5.5,4.688,1.0,1.049,0.031,11930,36.471,43.922,47,,,,,,,,,,,0.781,,
2026-09-28T16:26:42.762,199.765,0,1495.5,102,,102.656,43.529,3.5,5.469,0.998,1.022,0.004,13060,35.686,43.529,47,,,,,,,,,,,,82.745,
2026-09-28T16:26:42.892,199.896,0,1509.0,103,,104.031,44.706,3.0,5.469,1.002,1.013,-0.008,13890,34.118,26.667,47,,,,,,,,,,,,,235
2026-09-28T16:26:43.022,200.025,0,1504.25,102,,106.094,32.941,6.5,5.469,0.997,0.988,-0.051,14680,29.804,18.431,48,99,,,,,,,,,,,,
2026-09-28T16:26:43.153,200.156,0,1508.75,84,,109.469,26.275,12.0,5.469,1.003,1.021,0.0,15390,28.627,16.863,48,,43,,,,,,,,,,,
2026-09-28T16:26:43.283,200.286,0,1514.5,74,,105.75,23.922,12.5,5.469,0.995,0.965,-0.109,14960,28.627,17.255,48,,,0.781,,,,,,,,,,
2026-09-28T16:26:43.412,200.416,0,1526.5,72,,104.812,23.137,14.0,0.781,1.003,0.938,-0.168,14140,28.627,17.647,48,,,,13.808,,,,,,,,,
2026-09-28T16:26:43.542,200.545,0,1531.5,65,,103.156,21.569,14.0,1.562,1.007,0.984,-0.062,13630,27.843,17.255,48,,,,,96,,,,,,,,
2026-09-28T16:26:43.675,200.678,0,1536.25,64,,102.406,21.176,14.0,1.562,1.006,0.993,-0.035,13490,24.706,16.078,48,,,,,,22,,,,,,,
2026-09-28T16:26:43.803,200.806,0,1534.25,60,,102.281,18.824,14.0,0.781,1.01,0.976,-0.086,12870,14.51,13.333,48,,,,,,,78.824,,,,,,
2026-09-28T16:26:43.932,200.935,0,1546.0,51,,101.719,0.0,16.0,0.781,1.004,0.951,-0.141,12230,14.51,12.549,48,,,,,,,,574.6,,,,,
2026-09-28T16:26:44.062,201.065,0,1528.0,28,,101.062,0.0,19.5,0.0,1.001,0.968,-0.102,11900,14.51,12.549,48,,,,,,,,,0.795,,,,
2026-09-28T16:26:44.193,201.196,0,1515.75,23,,100.75,0.0,31.5,0.0,1.002,0.96,-0.117,12030,14.51,12.549,48,,,,,,,,,,,0.781,,
2026-09-28T16:26:44.323,201.326,0,1538.75,22,,100.188,0.0,31.5,0.0,1.003,0.986,-0.055,11590,14.51,12.941,48,,,,,,,,,,,,11.765,
2026-09-28T16:26:44.452,201.456,0,1524.5,22,,99.469,0.0,32.0,0.781,1.004,1.011,-0.008,11210,16.471,12.941,48,,,,,,,,,,,,,236
2026-09-28T16:26:44.582,201.585,0,1521.75,22,,99.156,0.0,31.5,1.562,1.004,1.014,-0.008,10780,22.353,14.118,48,99,,,,,,,,,,,,
2026-09-28T16:26:44.713,201.716,0,1523.25,23,,98.75,7.451,18.0,1.562,1.005,1.021,0.0,10200,22.745,14.51,48,,42,,,,,,,,,,,
2026-09-28T16:26:44.842,201.846,0,1554.0,31,,98.375,10.588,17.0,0.0,1.005,0.983,-0.062,9450,22.745,14.902,48,,,2.344,,,,,,,,,,
2026-09-28T16:26:44.973,201.976,0,1520.75,33,,98.188,11.765,16.0,0.0,1.007,0.993,-0.039,8710,22.745,14.51,48,,,,13.886,,,,,,,,,
2026-09-28T16:26:45.102,202.105,0,1520.25,34,,98.125,11.765,15.5,0.0,1.008,1.012,-0.008,8000,23.529,15.294,48,,,,,96,,,,,,,,
2026-09-28T16:26:45.233,202.236,0,1524.0,35,,98.531,13.333,14.5,0.0,0.999,0.984,-0.059,7110,25.098,16.078,48,,,,,,22,,,,,,,
2026-09-28T16:26:45.363,202.366,0,1529.5,40,,98.156,14.902,14.5,-0.781,0.994,0.981,-0.07,6560,26.275,17.255,48,,,,,,,78.824,,,,,,
2026-09-28T16:26:45.492,202.495,0,1536.25,46,,97.938,16.863,15.5,-1.562,0.991,0.967,-0.105,7050,27.059,16.863,48,,,,,,,,575.9,,,,,
2026-09-28T16:26:45.622,202.626,0,1538.75,52,,97.875,18.039,15.5,-4.688,0.997,0.96,-0.121,7790,29.02,18.039,48,,,,,,,,,0.79,,,,
2026-09-28T16:26:45.753,202.756,0,1542.25,58,,97.844,20.0,15.5,-4.688,1.006,0.996,-0.031,9230,31.373,20.392,48,,,,,,,,,,,0.781,,
2026-09-28T16:26:45.882,202.885,0,1546.25,70,,97.531,22.745,15.0,-4.688,1.01,0.999,-0.02,9520,31.765,23.922,49,,,,,,,,,,,,52.549,
2026-09-28T16:26:46.013,203.016,0,1566.5,81,,97.344,26.667,13.5,-3.125,0.998,1.025,0.004,10770,32.157,24.706,49,,,,,,,,,,,,,238
2026-09-28T16:26:46.142,203.146,0,1554.25,89,,98.5,29.02,13.0,0.0,0.992,1.026,0.008,11800,32.549,26.275,49,99,,,,,,,,,,,,
2026-09-28T16:26:46.273,203.276,0,1564.5,91,,99.062,30.196,12.0,-0.781,1.003,1.022,0.0,12180,32.549,25.098,49,,43,,,,,,,,,,,
2026-09-28T16:26:46.403,203.406,0,1570.25,91,,99.906,30.588,12.5,0.781,1.007,1.041,0.023,13360,32.549,25.098,49,,,0.781,,,,,,,,,,
2026-09-28T16:26:46.532,203.535,0,1578.75,90,,101.344,30.196,12.5,1.562,1.007,1.025,0.004,14500,32.549,25.098,50,,,,13.886,,,,,,,,,
2026-09-28T16:26:46.662,203.665,0,1592.5,91,,102.094,29.804,12.0,0.781,0.996,0.993,-0.039,15070,32.157,23.922,50,,,,,96,,,,,,,,
2026-09-28T16:26:46.792,203.796,0,1596.5,91,,102.844,29.02,12.5,1.562,0.992,1.003,-0.016,15050,30.98,21.569,50,,,,,,22,,,,,,,
2026-09-28T16:26:46.922,203.926,0,1603.5,88,,103.75,25.098,14.0,3.125,0.99,1.013,-0.008,14980,29.412,18.824,51,,,,,,,78.824,,,,,,
2026-09-28T16:26:47.052,204.056,0,1608.5,80,,105.0,22.745,15.0,3.125,1.001,1.005,-0.016,14830,28.627,17.647,51,,,,,,,,572.3,,,,,
2026-09-28T16:26:47.182,204.185,0,1612.5,70,,105.25,20.392,16.0,1.562,1.007,0.983,-0.062,14350,25.882,16.078,51,,,,,,,,,0.79,,,,
2026-09-28T16:26:47.312,204.315,0,1613.5,63,,105.0,18.431,15.5,0.0,1.009,0.984,-0.062,13350,23.922,15.686,51,,,,,,,,,,,0.781,,
2026-09-28T16:26:47.442,204.445,0,1626.0,47,,104.281,14.51,15.5,0.0,1.009,0.997,-0.027,12950,23.529,14.902,51,,,,,,,,,,,,27.059,
2026-09-28T16:26:47.574,204.577,0,1631.5,41,,103.656,12.549,15.5,0.0,1.004,0.994,-0.035,12900,23.529,15.294,51,,,,,,,,,,,,,239
2026-09-28T16:26:47.702,204.705,0,1633.75,41,,103.281,12.549,15.5,0.0,0.997,1.003,-0.016,11920,23.529,15.294,51,100,,,,,,,,,,,,
2026-09-28T16:26:47.832,204.835,0,1621.25,39,,102.188,12.157,15.0,1.562,0.993,1.021,0.0,11570,23.529,15.294,51,,42,,,,,,,,,,,
2026-09-28T16:26:47.963,204.966,0,1628.25,39,,101.719,12.157,15.5,1.562,0.992,0.982,-0.066,10510,23.529,15.294,51,,,2.344,,,,,,,,,,
2026-09-28T16:26:48.093,205.096,0,1623.5,38,,101.375,11.765,15.0,-0.781,0.991,0.954,-0.133,10440,23.529,15.294,51,,,,13.906,,,,,,,,,
2026-09-28T16:26:48.222,205.225,0,1632.75,38,,101.062,11.765,-10.0,-2.344,0.992,0.954,-0.133,10020,23.529,15.294,51,,,,,96,,,,,,,,
2026-09-28T16:26:48.352,205.355,0,1550.0,39,,100.5,12.549,-7.0,-3.906,0.992,0.968,-0.102,9170,23.529,15.294,51,,,,,,22,,,,,,,
2026-09-28T16:26:48.483,205.486,0,1458.75,39,,100.406,14.118,-3.5,-3.125,1.001,0.997,-0.027,8760,23.922,14.902,51,,,,,,,78.039,,,,,,
2026-09-28T16:26:48.613,205.616,0,1396.5,39,,100.125,15.294,-0.5,-2.344,1.006,1.022,0.0,8610,24.314,15.294,51,,,,,,,,573.6,,,,,
2026-09-28T16:26:48.742,205.745,0,1353.25,42,,99.781,18.039,0.0,-1.562,1.008,1.02,0.0,7900,28.235,16.078,51,,,,,,,,,0.79,,,,
2026-09-28T16:26:48.873,205.876,0,1317.5,46,,99.469,20.784,0.5,-0.781,1.008,1.013,-0.008,8270,29.412,16.471,52,,,,,,,,,,,0.781,,
2026-09-28T16:26:49.002,206.005,0,1289.5,50,,99.156,22.745,12.5,-2.344,1.01,0.992,-0.039,8920,29.804,16.863,52,,,,,,,,,,,,37.647,
2026-09-28T16:26:49.132,206.135,0,1252.5,55,,98.812,29.02,12.0,-3.906,1.001,0.964,-0.109,9440,29.804,17.255,52,,,,,,,,,,,,,241
2026-09-28T16:26:49.262,206.265,0,1253.75,63,,98.812,30.588,12.0,-4.688,0.995,0.987,-0.051,10400,30.196,17.647,52,101,,,,,,,,,,,,
2026-09-28T16:26:49.392,206.396,0,1253.0,66,,98.812,31.765,12.0,-3.125,0.991,0.999,-0.023,11590,30.588,18.431,52,,43,,,,,,,,,,,
2026-09-28T16:26:49.522,206.525,0,1263.25,69,,98.812,33.333,12.5,-3.906,0.998,0.998,-0.023,11930,30.588,18.431,52,,,1.562,,,,,,,,,,
2026-09-28T16:26:49.652,206.656,0,1270.0,72,,98.875,34.118,12.5,-2.344,1.005,1.029,0.012,13030,30.98,18.431,52,,,,13.847,,,,,,,,,
2026-09-28T16:26:49.782,206.785,0,1270.0,72,,99.094,33.725,11.0,-0.781,1.008,1.027,0.008,14060,30.98,19.216,53,,,,,96,,,,,,,,
2026-09-28T16:26:49.912,206.915,0,1279.5,77,,99.125,35.294,11.0,-1.562,0.999,0.997,-0.027,14260,24.314,15.686,53,,,,,,22,,,,,,,
2026-09-28T16:26:50.042,207.045,0,1277.0,64,,98.844,27.059,11.0,-0.781,0.994,1.005,-0.016,14770,16.078,12.941,53,,,,,,,78.039,,,,,,
2026-09-28T16:26:50.175,207.178,0,1264.75,49,,99.156,0.0,10.5,-0.781,0.994,0.99,-0.043,14720,14.51,12.157,53,,,,,,,,572.5,,,,,
2026-09-28T16:26:50.302,207.305,0,1268.5,36,,99.156,0.0,18.5,-1.562,1.0,0.986,-0.055,14340,14.51,12.157,53,,,,,,,,,0.785,,,,
2026-09-28T16:26:50.432,207.436,0,1261.75,27,,98.812,0.0,24.5,-2.344,1.004,0.985,-0.059,13880,14.51,12.157,53,,,,,,,,,,,0.781,,
2026-09-28T16:26:50.562,207.565,0,1255.0,23,,98.5,0.0,21.5,-1.562,1.004,1.007,-0.012,13530,14.51,12.157,53,,,,,,,,,,,,12.549,
2026-09-28T16:26:50.692,207.696,0,1273.5,22,,98.344,0.0,17.5,-0.781,1.004,1.021,0.0,13180,14.51,12.157,53,,,,,,,,,,,,,243
2026-09-28T16:26:50.822,207.825,0,1268.5,22,,98.188,0.0,12.5,-0.781,1.004,1.014,-0.008,12790,14.51,12.157,53,102,,,,,,,,,,,,
2026-09-28T16:26:50.952,207.956,0,1266.0,22,,97.875,0.0,8.0,-0.781,1.004,1.01,-0.012,12460,14.51,12.157,53,,42,,,,,,,,,,,
2026-09-28T16:26:51.083,208.086,0,1265.0,22,,97.875,0.0,3.0,-0.781,1.005,1.011,-0.008,12070,14.51,12.157,53,,,6.25,,,,,,,,,,
2026-09-28T16:26:51.213,208.216,0,1261.75,22,,97.781,0.0,-1.0,-0.781,1.004,1.02,0.0,11760,14.51,12.157,53,,,,13.828,,,,,,,,,
2026-09-28T16:26:51.343,208.346,0,1260.25,22,,97.531,0.0,-4.5,0.0,1.005,1.034,0.016,11460,14.51,12.157,53,,,,,96,,,,,,,,
2026-09-28T16:26:51.473,208.476,0,1246.0,21,,97.531,0.0,-5.5,0.0,1.004,1.126,0.117,11310,14.51,12.549,53,,,,,,22,,,,,,,
2026-09-28T16:26:51.602,208.605,0,1255.5,22,,97.625,0.0,-5.0,0.0,1.005,1.204,0.199,11200,14.51,12.549,52,,,,,,,78.039,,,,,,
2026-09-28T16:26:51.732,208.735,0,1244.75,23,,97.562,0.0,-5.5,0.0,0.997,1.654,0.527,11220,14.51,12.549,52,,,,,,,,574.5,,,,,
2026-09-28T16:26:51.863,208.866,0,1242.25,24,,97.562,0.0,-5.5,0.0,1.005,2.0,0.758,11210,14.51,12.157,52,,,,,,,,,0.79,,,,
2026-09-28T16:26:51.993,208.996,0,1240.5,25,,97.531,0.0,-5.5,0.0,1.052,2.0,0.906,11220,14.51,12.157,52,,,,,,,,,,,0.781,,
2026-09-28T16:26:52.122,209.125,0,1239.5,24,,97.531,0.0,-5.5,0.0,1.11,2.0,1.023,11220,14.51,12.157,52,,,,,,,,,,,,13.333,
2026-09-28T16:26:52.252,209.256,0,1230.75,24,,97.531,0.0,-5.5,0.0,1.174,2.0,1.082,11220,14.51,12.157,52,,,,,,,,,,,,,244
2026-09-28T16:26:52.383,209.386,0,1228.75,24,,97.531,0.0,-5.5,0.0,1.219,2.0,1.133,11230,14.51,12.157,52,102,,,,,,,,,,,,
2026-09-28T16:26:52.512,209.515,0,1232.75,24,,97.531,0.0,-5.5,0.0,1.291,2.0,1.164,11220,14.51,12.157,52,,43,,,,,,,,,,,
2026-09-28T16:26:52.642,209.645,0,1232.75,24,,97.531,0.0,-5.5,0.0,1.37,2.0,1.195,11220,14.51,12.157,52,,,7.031,,,,,,,,,,
2026-09-28T16:26:52.773,209.776,0,1229.5,24,,97.531,0.0,-5.5,0.0,1.47,2.0,1.211,11230,14.51,12.157,52,,,,13.867,,,,,,,,,
2026-09-28T16:26:52.902,209.905,0,1229.0,24,,97.531,0.0,-5.5,0.0,1.575,2.0,1.227,11220,14.51,12.157,52,,,,,96,,,,,,,,
2026-09-28T16:26:53.033,210.036,0,1223.0,24,,97.5,0.0,-5.5,0.0,1.681,2.0,1.23,11220,14.51,12.157,51,,,,,,22,,,,,,,
2026-09-28T16:26:53.162,210.165,0,1217.75,24,,97.469,0.0,-5.5,0.0,1.736,2.0,1.23,11220,14.51,12.157,51,,,,,,,78.039,,,,,,
2026-09-28T16:26:53.292,210.295,0,1216.75,24,,97.469,0.0,-6.0,0.0,1.771,2.0,1.242,11230,14.51,12.157,51,,,,,,,,576.9,,,,,
2026-09-28T16:26:53.422,210.425,0,1216.25,24,,97.375,0.0,-5.5,0.0,1.785,2.0,1.246,11220,14.51,12.157,51,,,,,,,,,0.13,,,,
2026-09-28T16:26:53.552,210.556,0,1217.25,24,,97.469,0.0,-5.5,0.0,1.793,2.0,1.246,11220,14.51,12.157,51,,,,,,,,,,,0.781,,
2026-09-28T16:26:53.682,210.685,0,1214.75,24,,97.469,0.0,-6.0,0.0,1.797,2.0,1.25,11220,14.51,12.157,51,,,,,,,,,,,,13.333,
2026-09-28T16:26:53.812,210.815,0,1211.5,24,,97.344,0.0,-6.0,0.0,1.798,2.0,1.25,11220,14.51,12.157,51,,,,,,,,,,,,,246
2026-09-28T16:26:53.942,210.945,0,1209.5,24,,97.375,0.0,-6.0,0.0,1.799,2.0,1.25,11210,14.51,12.157,51,102,,,,,,,,,,,,
2026-09-28T16:26:54.073,211.076,0,1204.25,24,,97.281,0.0,-6.0,0.0,1.8,2.0,1.254,11220,14.51,12.157,51,,44,,,,,,,,,,,
2026-09-28T16:26:54.202,211.205,0,1203.25,24,,97.281,0.0,-6.0,0.0,1.8,2.0,1.254,11220,14.51,12.157,51,,,7.031,,,,,,,,,,
2026-09-28T16:26:54.333,211.337,0,1207.25,24,,97.219,0.0,-6.0,0.0,1.8,2.0,1.254,11210,14.51,12.157,51,,,,13.906,,,,,,,,,
2026-09-28T16:26:54.462,211.465,0,1207.75,24,,97.219,0.0,-6.0,0.0,1.8,2.0,1.254,11220,14.51,12.157,51,,,,,96,,,,,,,,
2026-09-28T16:26:54.592,211.596,0,1208.25,24,,97.219,0.0,-6.0,0.0,1.8,2.0,1.258,11220,14.51,12.157,50,,,,,,22,,,,,,,
2026-09-28T16:26:54.722,211.725,0,1203.5,24,,97.25,0.0,-6.0,0.0,1.8,2.0,1.258,11210,14.51,12.157,51,,,,,,,78.039,,,,,,
2026-09-28T16:26:54.852,211.855,0,1199.75,24,,97.25,0.0,-6.0,0.0,1.8,2.0,1.258,11210,14.51,12.157,50,,,,,,,,579.5,,,,,
2026-09-28T16:26:54.982,211.985,0,1199.5,24,,97.219,0.0,-6.0,0.0,1.8,2.0,1.258,11200,14.51,12.157,50,,,,,,,,,0.1,,,,
2026-09-28T16:26:55.112,212.115,0,1196.25,24,,97.219,0.0,-6.0,0.0,1.8,2.0,1.258,11210,14.51,12.157,50,,,,,,,,,,,0.781,,
2026-09-28T16:26:55.242,212.246,0,1194.5,24,,97.219,0.0,-6.0,0.0,1.8,2.0,1.258,11210,14.51,12.157,50,,,,,,,,,,,,13.333,
2026-09-28T16:26:55.372,212.376,0,1189.0,24,,97.219,0.0,-6.0,0.0,1.8,2.0,1.258,11200,14.51,12.157,50,,,,,,,,,,,,,247
2026-09-28T16:26:55.502,212.505,0,1185.0,24,,97.219,0.0,-6.0,0.0,1.8,2.0,1.258,11200,14.51,12.157,50,102,,,,,,,,,,,,
2026-09-28T16:26:55.632,212.635,0,1184.5,24,,97.219,0.0,-6.5,0.0,1.8,2.0,1.258,11200,14.51,12.157,50,,44,,,,,,,,,,,
2026-09-28T16:26:55.763,212.766,0,1182.0,24,,97.219,0.0,-6.5,0.0,1.8,2.0,1.258,11200,14.51,12.157,50,,,7.031,,,,,,,,,,
2026-09-28T16:26:55.892,212.895,0,1183.0,24,,97.219,0.0,-6.5,0.0,1.8,2.0,1.258,11200,14.51,12.157,50,,,,13.925,,,,,,,,,
2026-09-28T16:26:56.022,213.025,0,1179.5,24,,97.219,0.0,-6.5,0.0,1.8,2.0,1.262,11190,14.51,12.157,50,,,,,96,,,,,,,,
2026-09-28T16:26:56.152,213.155,0,1178.0,24,,97.219,0.0,-6.5,0.0,1.8,2.0,1.258,11190,14.51,12.157,49,,,,,,22,,,,,,,
2026-09-28T16:26:56.282,213.285,0,1174.5,24,,97.219,0.0,-6.5,0.0,1.8,2.0,1.258,11190,14.51,12.157,49,,,,,,,78.039,,,,,,
2026-09-28T16:26:56.413,213.416,0,1170.25,24,,97.219,0.0,-6.5,0.0,1.8,2.0,1.262,11190,14.51,12.157,49,,,,,,,,582.0,,,,,
2026-09-28T16:26:56.542,213.546,0,1164.75,24,,97.219,0.0,-6.5,0.0,1.8,2.0,1.262,11190,14.51,12.157,49,,,,,,,,,0.1,,,,
2026-09-28T16:26:56.675,213.679,0,1163.75,24,,97.219,0.0,-6.5,0.0,1.8,2.0,1.258,11180,14.51,12.157,49,,,,,,,,,,,0.781,,
2026-09-28T16:26:56.802,213.806,0,1161.25,24,,97.219,0.0,-6.5,0.0,1.8,2.0,1.262,11180,14.51,12.157,49,,,,,,,,,,,,13.333,
2026-09-28T16:26:56.933,213.936,0,1161.0,24,,97.188,0.0,-6.5,0.0,1.8,2.0,1.262,11180,14.51,12.157,49,,,,,,,,,,,,,249
2026-09-28T16:26:57.063,214.066,0,1156.5,24,,97.219,0.0,-6.5,0.0,1.8,2.0,1.262,11180,14.51,12.157,49,102,,,,,,,,,,,,
2026-09-28T16:26:57.193,214.197,0,1153.5,24,,97.188,0.0,-6.5,0.0,1.8,2.0,1.262,11170,14.51,12.157,49,,44,,,,,,,,,,,
2026-09-28T16:26:57.323,214.326,0,1150.75,24,,97.219,0.0,-7.0,0.0,1.8,2.0,1.266,11170,14.51,12.157,48,,,7.031,,,,,,,,,,
2026-09-28T16:26:57.453,214.456,0,1151.75,25,,97.188,0.0,-6.5,0.0,1.8,2.0,1.262,11170,14.51,12.157,48,,,,13.886,,,,,,,,,
2026-09-28T16:26:57.582,214.585,0,1151.25,25,,97.219,0.0,-7.0,0.0,1.8,2.0,1.262,11170,14.51,12.157,48,,,,,96,,,,,,,,
2026-09-28T16:26:57.713,214.716,0,1149.25,25,,97.219,0.0,-7.0,0.0,1.8,2.0,1.266,11170,14.51,12.157,48,,,,,,22,,,,,,,
2026-09-28T16:26:57.843,214.846,0,1144.0,24,,97.219,0.0,-7.0,0.0,1.8,2.0,1.266,11170,14.51,12.157,48,,,,,,,78.039,,,,,,
2026-09-28T16:26:57.972,214.976,0,1142.75,24,,97.219,0.0,-7.0,0.0,1.8,2.0,1.266,11160,14.51,12.157,48,,,,,,,,584.5,,,,,
2026-09-28T16:26:58.102,215.105,0,1138.75,24,,97.219,0.0,-7.0,0.0,1.8,2.0,1.266,11150,14.51,12.157,48,,,,,,,,,0.095,,,,
2026-09-28T16:26:58.232,215.235,0,1140.0,24,,97.219,0.0,-7.0,0.0,1.8,2.0,1.266,11150,14.51,12.157,48,,,,,,,,,,,0.781,,
2026-09-28T16:26:58.362,215.365,0,1138.0,24,,97.219,0.0,-7.0,0.0,1.8,2.0,1.262,11150,14.51,12.157,47,,,,,,,,,,,,12.549,
2026-09-28T16:26:58.492,215.495,0,1140.5,24,,97.219,0.0,-7.0,0.0,1.8,2.0,1.266,11150,14.51,12.157,47,,,,,,,,,,,,,250
2026-09-28T16:26:58.622,215.625,0,1163.5,24,,97.219,0.0,-6.0,0.0,1.8,2.0,1.266,11140,14.51,12.157,47,103,,,,,,,,,,,,
2026-09-28T16:26:58.753,215.756,0,1230.0,24,,97.219,0.0,-5.0,0.0,1.8,2.0,1.262,11130,14.51,12.549,47,,45,,,,,,,,,,,
2026-09-28T16:26:58.882,215.885,0,1320.0,24,,97.188,0.0,-4.0,0.0,1.8,2.0,1.262,11140,14.51,12.549,47,,,5.469,,,,,,,,,,
2026-09-28T16:26:59.013,216.016,0,1395.75,24,,97.219,0.0,-2.5,0.0,1.8,2.0,1.266,11130,14.51,12.549,46,,,,13.945,,,,,,,,,
2026-09-28T16:26:59.142,216.145,0,1457.75,24,,97.219,0.0,-2.5,0.0,1.8,2.0,1.266,11130,14.51,12.549,46,,,,,96,,,,,,,,
2026-09-28T16:26:59.273,216.276,0,1455.5,24,,97.219,0.0,-2.5,0.0,1.8,2.0,1.262,11120,14.51,12.549,46,,,,,,22,,,,,,,
2026-09-28T16:26:59.402,216.405,0,1444.0,24,,97.219,0.0,-2.5,0.0,1.8,2.0,1.27,11120,14.51,12.549,45,,,,,,,78.824,,,,,,
2026-09-28T16:26:59.532,216.535,0,1433.25,24,,97.219,0.0,-2.5,0.0,1.8,2.0,1.27,11120,14.51,12.549,45,,,,,,,,586.5,,,,,
2026-09-28T16:26:59.662,216.665,0,1421.75,23,,97.219,0.0,-2.5,0.0,1.8,2.0,1.27,11120,14.51,12.549,45,,,,,,,,,0.1,,,,
2026-09-28T16:26:59.792,216.795,0,1409.0,23,,97.344,0.0,-3.0,0.0,1.8,2.0,1.27,11120,14.51,12.549,44,,,,,,,,,,,0.781,,
2026-09-28T16:26:59.922,216.925,0,1394.25,23,,97.312,0.0,-3.0,0.0,1.8,2.0,1.273,11110,14.51,12.549,44,,,,,,,,,,,,12.549,
2026-09-28T16:27:00.052,217.055,0,1377.25,23,,97.438,0.0,-4.0,0.0,1.8,2.0,1.27,11100,14.51,12.549,44,,,,,,,,,,,,,252
2026-09-28T16:27:00.183,217.186,0,1358.5,24,,97.531,0.0,-4.0,0.0,1.8,2.0,1.277,11100,14.51,12.549,43,103,,,,,,,,,,,,
2026-09-28T16:27:00.312,217.315,0,1340.0,24,,97.406,0.0,-4.0,0.0,1.8,2.0,1.27,11110,14.51,12.549,42,,45,,,,,,,,,,,
2026-09-28T16:27:00.442,217.446,0,1326.75,23,,97.438,0.0,-4.0,0.0,1.8,2.0,1.273,11100,14.51,12.549,42,,,6.25,,,,,,,,,,
2026-09-28T16:27:00.572,217.575,0,1312.25,23,,97.469,0.0,-4.5,0.0,1.8,2.0,1.27,11100,14.51,12.549,41,,,,13.906,,,,,,,,,
2026-09-28T16:27:00.702,217.705,0,1297.75,24,,97.406,0.0,-4.5,0.0,1.8,2.0,1.273,11090,14.51,12.549,41,,,,,96,,,,,,,,
2026-09-28T16:27:00.832,217.835,0,1277.25,24,,97.531,0.0,-5.0,0.0,1.8,2.0,1.273,11090,14.51,12.549,40,,,,,,22,,,,,,,
2026-09-28T16:27:00.962,217.965,0,1258.25,24,,97.469,0.0,-5.0,0.0,1.8,2.0,1.273,11090,14.51,12.157,39,,,,,,,78.824,,,,,,
2026-09-28T16:27:01.093,218.096,0,1238.0,24,,97.531,0.0,-5.5,0.0,1.8,2.0,1.273,11090,14.51,12.157,39,,,,,,,,588.1,,,,,
2026-09-28T16:27:01.222,218.225,0,1221.5,24,,97.469,0.0,-5.5,0.0,1.8,2.0,1.27,11080,14.51,12.157,38,,,,,,,,,0.095,,,,
2026-09-28T16:27:01.353,218.356,0,1251.25,24,,97.469,0.0,-4.5,0.0,1.8,2.0,1.273,11080,14.51,12.549,38,,,,,,,,,,,0.781,,
2026-09-28T16:27:01.483,218.486,0,1347.5,24,,97.469,0.0,-4.0,0.0,1.8,2.0,1.273,11080,14.51,12.941,37,,,,,,,,,,,,12.941,
2026-09-28T16:27:01.612,218.615,0,1416.75,24,,97.469,0.0,-2.5,0.0,1.8,2.0,1.27,11070,14.51,12.941,36,,,,,,,,,,,,,253
2026-09-28T16:27:01.742,218.745,0,1471.5,24,,97.531,0.0,-2.0,0.0,1.8,2.0,1.27,11070,14.51,12.941,35,103,,,,,,,,,,,,
2026-09-28T16:27:01.872,218.875,0,1548.0,24,,97.406,0.0,-1.0,0.0,1.8,2.0,1.273,11060,14.51,12.941,35,,45,,,,,,,,,,,
2026-09-28T16:27:02.002,219.005,0,1606.25,24,,97.531,0.0,-1.0,0.0,1.8,2.0,1.273,11070,14.51,12.941,34,,,4.688,,,,,,,,,,
2026-09-28T16:27:02.133,219.136,0,1575.0,24,,97.531,0.0,-1.0,0.0,1.8,2.0,1.273,11060,14.51,12.941,34,,,,13.925,,,,,,,,,
2026-09-28T16:27:02.262,219.265,0,1548.0,24,,97.531,0.0,-1.0,0.0,1.8,2.0,1.273,11060,14.51,12.941,33,,,,,96,,,,,,,,
2026-09-28T16:27:02.392,219.395,0,1528.25,24,,97.531,0.0,-1.5,0.0,1.8,2.0,1.273,11050,14.51,12.941,33,,,,,,22,,,,,,,
2026-09-28T16:27:02.522,219.525,0,1497.5,23,,97.531,0.0,-2.0,0.0,1.8,2.0,1.273,11050,14.51,12.549,32,,,,,,,78.824,,,,,,
2026-09-28T16:27:02.652,219.655,0,1471.5,23,,97.531,0.0,-2.5,0.0,1.8,2.0,1.277,11040,14.51,12.549,31,,,,,,,,589.8,,,,,
2026-09-28T16:27:02.783,219.786,0,1441.0,23,,97.562,0.0,-2.5,0.0,1.8,2.0,1.277,11050,14.51,12.549,31,,,,,,,,,0.095,,,,
2026-09-28T16:27:02.913,219.916,0,1400.5,23,,97.531,0.0,-3.0,0.0,1.8,2.0,1.273,11030,14.51,12.549,30,,,,,,,,,,,0.781,,
2026-09-28T16:27:03.042,220.045,0,1371.75,24,,97.594,0.0,-4.0,0.0,1.8,2.0,1.277,11030,14.51,12.549,30,,,,,,,,,,,,12.941,
2026-09-28T16:27:03.175,220.178,0,1345.5,24,,97.531,0.0,-4.0,0.0,1.8,2.0,1.277,11030,14.51,12.549,29,,,,,,,,,,,,,255
2026-09-28T16:27:03.302,220.305,0,1308.75,23,,97.531,0.0,-4.5,0.0,1.8,2.0,1.277,11030,14.51,12.157,28,103,,,,,,,,,,,,
2026-09-28T16:27:03.432,220.435,0,1268.25,24,,97.531,0.0,-5.0,0.0,1.8,2.0,1.281,11030,14.51,12.157,27,,45,,,,,,,,,,,
2026-09-28T16:27:03.562,220.566,0,1246.5,24,,97.531,0.0,-5.5,0.0,1.8,2.0,1.277,11020,14.51,12.157,26,,,6.25,,,,,,,,,,
2026-09-28T16:27:03.692,220.695,0,1228.0,24,,97.531,0.0,-5.5,0.0,1.8,2.0,1.277,11020,14.51,12.157,25,,,,13.906,,,,,,,,,
2026-09-28T16:27:03.822,220.825,0,1229.75,23,,97.531,0.0,-5.5,0.0,1.8,2.0,1.273,11010,14.51,12.157,25,,,,,96,,,,,,,,
2026-09-28T16:27:03.953,220.956,0,1234.75,24,,97.531,0.0,-5.5,0.0,1.8,2.0,1.273,11020,14.51,12.157,24,,,,,,22,,,,,,,
2026-09-28T16:27:04.082,221.085,0,1238.75,24,,97.531,0.0,-5.5,0.0,1.8,2.0,1.273,11000,14.51,12.157,23,,,,,,,78.824,,,,,,
2026-09-28T16:27:04.212,221.215,0,1241.0,24,,97.531,0.0,-5.5,0.0,1.8,2.0,1.273,11000,14.51,12.157,23,,,,,,,,591.3,,,,,
2026-09-28T16:27:04.342,221.345,0,1238.5,24,,97.531,0.0,-5.5,0.0,1.8,2.0,1.273,10990,14.51,12.157,22,,,,,,,,,0.095,,,,
2026-09-28T16:27:04.473,221.476,0,1232.5,24,,97.531,0.0,-5.5,0.0,1.8,2.0,1.27,10990,14.51,12.157,22,,,,,,,,,,,0.781,,
2026-09-28T16:27:04.602,221.605,0,1231.5,24,,97.531,0.0,-5.5,0.0,1.8,2.0,1.27,10990,14.51,12.157,21,,,,,,,,,,,,13.333,
2026-09-28T16:27:04.733,221.736,0,1229.25,24,,97.469,0.0,-5.5,0.0,1.8,2.0,1.273,10990,14.51,12.157,21,,,,,,,,,,,,,257
2026-09-28T16:27:04.863,221.866,0,1233.25,24,,97.5,0.0,-5.5,0.0,1.8,2.0,1.27,10980,14.51,12.157,20,103,,,,,,,,,,,,
2026-09-28T16:27:04.992,221.995,0,1229.25,24,,97.469,0.0,-5.5,0.0,1.8,2.0,1.27,10980,14.51,12.157,19,,45,,,,,,,,,,,
2026-09-28T16:27:05.122,222.125,0,1228.75,24,,97.469,0.0,-5.5,0.0,1.8,2.0,1.27,10980,14.51,12.157,18,,,7.031,,,,,,,,,,
2026-09-28T16:27:05.252,222.255,0,1221.5,24,,97.469,0.0,-5.5,0.0,1.8,2.0,1.27,10970,14.51,12.157,18,,,,13.847,,,,,,,,,
2026-09-28T16:27:05.382,222.385,0,1198.25,24,,97.438,0.0,-6.0,0.0,1.8,2.0,1.273,10970,14.51,12.157,17,,,,,96,,,,,,,,
2026-09-28T16:27:05.513,222.516,0,1120.5,24,,97.344,0.0,-7.5,0.0,1.745,2.0,1.27,10880,14.51,11.765,17,,,,,,22,,,,,,,
2026-09-28T16:27:05.642,222.645,0,1028.25,24,,97.375,12.157,-2.5,0.0,1.877,2.0,1.281,10940,14.51,11.765,16,,,,,,,78.824,,,,,,
2026-09-28T16:27:05.773,222.776,0,988.0,23,,97.25,11.765,2.0,0.0,1.794,2.0,1.023,10980,14.51,11.765,16,,,,,,,,592.3,,,,,
2026-09-28T16:27:05.903,222.906,0,949.5,23,,97.219,11.765,4.0,0.0,1.575,1.782,0.59,10740,14.51,12.157,16,,,,,,,,,0.095,,,,
2026-09-28T16:27:06.032,223.035,0,908.0,23,,97.219,13.725,5.0,0.0,1.328,1.38,0.352,10400,14.51,12.157,15,,,,,,,,,,,0.781,,
2026-09-28T16:27:06.162,223.165,0,870.25,26,,97.219,14.902,1.0,0.0,1.174,1.258,0.25,9990,14.51,12.157,15,,,,,,,,,,,,16.863,
2026-09-28T16:27:06.292,223.295,0,853.25,27,,97.219,15.686,2.0,0.0,1.063,1.104,0.094,9580,14.51,12.157,15,,,,,,,,,,,,,258
2026-09-28T16:27:06.422,223.425,0,839.25,27,,97.156,17.255,0.5,0.781,1.005,1.021,0.0,9280,14.51,12.157,14,104,,,,,,,,,,,,
2026-09-28T16:27:06.552,223.555,0,832.25,29,,97.062,16.863,0.0,0.781,0.964,0.982,-0.066,8870,14.51,12.157,14,,45,,,,,,,,,,,
2026-09-28T16:27:06.683,223.686,0,830.0,29,,96.938,16.863,0.0,1.562,0.943,0.966,-0.105,8560,14.51,12.549,14,,,5.469,,,,,,,,,,
2026-09-28T16:27:06.812,223.815,0,826.5,29,,96.906,17.647,-3.5,1.562,0.927,0.965,-0.105,8160,14.51,12.157,13,,,,13.867,,,,,,,,,
2026-09-28T16:27:06.942,223.945,0,824.75,30,,96.906,17.647,-2.5,3.125,0.919,0.97,-0.098,7750,14.51,12.157,13,,,,,96,,,,,,,,
2026-09-28T16:27:07.072,224.075,0,817.75,30,,96.906,17.647,-2.0,3.906,0.913,0.976,-0.082,7430,14.51,12.157,13,,,,,,22,,,,,,,
2026-09-28T16:27:07.202,224.205,0,817.0,30,,96.906,18.039,-2.5,4.688,0.91,0.97,-0.098,6980,14.51,12.157,12,,,,,,,78.824,,,,,,
2026-09-28T16:27:07.332,224.335,0,819.0,30,,96.906,18.039,-2.5,3.906,0.908,0.942,-0.16,6660,14.51,12.157,12,,,,,,,,591.0,,,,,
2026-09-28T16:27:07.462,224.465,0,811.25,30,,96.875,18.039,-2.5,3.125,0.907,0.921,-0.211,6240,14.51,12.549,12,,,,,,,,,0.15,,,,
2026-09-28T16:27:07.592,224.595,0,802.25,30,,96.906,18.431,-4.0,2.344,0.906,0.907,-0.246,5920,14.51,12.157,11,,,,,,,,,,,0.781,,
2026-09-28T16:27:07.722,224.725,0,795.75,31,,96.875,18.824,-3.5,2.344,0.905,0.902,-0.258,5510,14.51,12.157,11,,,,,,,,,,,,19.216,
2026-09-28T16:27:07.852,224.856,0,799.25,31,,96.906,18.431,-1.0,2.344,0.905,0.904,-0.25,5210,14.51,12.157,11,,,,,,,,,,,,,260
2026-09-28T16:27:07.983,224.986,0,791.5,31,,96.875,18.824,15.5,2.344,0.904,0.911,-0.234,4780,14.51,14.118,10,104,,,,,,,,,,,,
2026-09-28T16:27:08.112,225.115,0,792.0,35,,96.562,24.706,0.5,3.125,0.903,0.914,-0.227,4360,14.51,12.941,9,,46,,,,,,,,,,,
2026-09-28T16:27:08.242,225.245,0,826.0,39,,96.75,23.922,-7.0,3.125,0.902,0.915,-0.223,3950,14.51,12.549,9,,,3.906,,,,,,,,,,
2026-09-28T16:27:08.372,225.375,0,878.5,36,,96.781,21.961,-9.5,3.125,0.901,0.915,-0.223,3660,14.51,12.157,9,,,,13.808,,,,,,,,,
2026-09-28T16:27:08.503,225.506,0,891.0,33,,96.781,19.608,-4.0,3.906,0.899,0.913,-0.227,3450,14.51,12.157,8,,,,,96,,,,,,,,
2026-09-28T16:27:08.632,225.635,0,891.25,31,,96.719,17.647,-0.5,3.125,0.898,0.899,-0.262,3220,14.51,12.549,7,,,,,,22,,,,,,,
2026-09-28T16:27:08.762,225.765,0,887.0,31,,96.719,18.431,-2.5,2.344,0.897,0.891,-0.285,3000,14.51,12.549,7,,,,,,,78.824,,,,,,
2026-09-28T16:27:08.892,225.895,0,885.0,31,,96.656,18.431,-3.5,2.344,0.896,0.887,-0.301,2800,14.51,12.157,6,,,,,,,,589.0,,,,,
2026-09-28T16:27:09.022,226.025,0,884.0,31,,96.656,18.039,-2.0,2.344,0.895,0.889,-0.293,2680,14.51,12.549,6,,,,,,,,,0.185,,,,
2026-09-28T16:27:09.152,226.155,0,885.25,31,,96.656,18.431,-2.0,2.344,0.894,0.893,-0.281,2670,14.51,12.549,5,,,,,,,,,,,0.781,,
2026-09-28T16:27:09.283,226.286,0,883.25,31,,96.594,18.824,-3.0,3.125,0.893,0.896,-0.273,2700,14.51,12.941,5,,,,,,,,,,,,20.0,
2026-09-28T16:27:09.412,226.415,0,882.25,31,,96.656,18.824,-2.5,3.125,0.891,0.894,-0.281,2720,14.51,12.549,5,,,,,,,,,,,,,261
2026-09-28T16:27:09.542,226.545,0,878.75,32,,96.594,19.608,-2.5,2.344,0.89,0.886,-0.301,2780,14.51,12.549,4,104,,,,,,,,,,,,
2026-09-28T16:27:09.674,226.678,0,877.25,32,,96.656,19.608,-7.0,2.344,0.889,0.881,-0.316,2850,14.51,12.157,4,,46,,,,,,,,,,,
2026-09-28T16:27:09.803,226.806,0,856.75,32,,96.719,19.608,-1.0,2.344,0.887,0.875,-0.332,2900,14.51,12.941,4,,,4.688,,,,,,,,,,
2026-09-28T16:27:09.932,226.936,0,838.0,32,,96.625,20.784,-0.5,1.562,0.886,0.874,-0.336,3020,14.51,12.157,4,,,,13.886,,,,,,,,,
2026-09-28T16:27:10.062,227.065,0,831.25,33,,96.594,20.392,0.5,2.344,0.885,0.878,-0.324,3180,14.51,12.549,3,,,,,96,,,,,,,,
2026-09-28T16:27:10.192,227.195,0,833.25,33,,96.594,20.392,-0.5,2.344,0.883,0.881,-0.316,3280,14.51,12.549,3,,,,,,22,,,,,,,
2026-09-28T16:27:10.322,227.326,0,848.0,34,,96.562,20.784,-4.0,2.344,0.882,0.877,-0.328,3530,14.51,12.549,3,,,,,,,78.824,,,,,,
2026-09-28T16:27:10.452,227.455,0,859.25,33,,96.562,20.0,-3.5,1.562,0.882,0.871,-0.344,3660,14.51,12.549,2,,,,,,,,586.2,,,,,
2026-09-28T16:27:10.582,227.585,0,869.0,33,,96.562,20.0,-2.5,1.562,0.881,0.866,-0.363,3710,14.51,12.549,2,,,,,,,,,0.2,,,,
2026-09-28T16:27:10.713,227.716,0,874.75,33,,96.562,20.392,-4.5,0.781,0.881,0.86,-0.379,3800,14.51,12.549,2,,,,,,,,,,,0.781,,
2026-09-28T16:27:10.842,227.845,0,878.25,34,,96.562,21.176,-4.0,0.781,0.881,0.86,-0.379,4030,14.51,12.549,2,,,,,,,,,,,,22.353,
2026-09-28T16:27:10.972,227.976,0,878.5,34,,96.562,21.176,-2.5,0.0,0.881,0.855,-0.395,4160,14.51,12.549,1,,,,,,,,,,,,,263
2026-09-28T16:27:11.102,228.105,0,877.5,34,,96.562,20.784,-2.0,0.0,0.881,0.854,-0.402,4190,14.51,12.549,1,105,,,,,,,,,,,,
2026-09-28T16:27:11.232,228.235,0,870.75,34,,96.562,21.961,-2.5,0.0,0.881,0.855,-0.395,4320,14.51,12.941,1,,46,,,,,,,,,,,
2026-09-28T16:27:11.362,228.365,0,865.25,36,,96.562,22.353,-3.0,0.0,0.881,0.858,-0.387,4470,14.51,12.941,1,,,4.688,,,,,,,,,,
2026-09-28T16:27:11.502,228.505,0,864.25,37,,96.562,23.137,-4.5,0.0,0.881,0.86,-0.379,4900,14.51,12.549,1,,,,13.925,,,,,,,,,
2026-09-28T16:27:11.632,228.636,0,859.25,38,,96.562,23.137,-2.5,0.0,0.88,0.858,-0.383,5280,14.51,12.941,1,,,,,96,,,,,,,,
2026-09-28T16:27:11.762,228.765,0,855.5,39,,96.562,24.314,-3.0,-0.781,0.88,0.854,-0.402,5560,14.51,12.941,1,,,,,,22,,,,,,,
2026-09-28T16:27:11.893,228.896,0,852.25,40,,96.562,25.098,-3.5,-0.781,0.88,0.86,-0.379,5810,14.51,12.941,0,,,,,,,78.824,,,,,,
2026-09-28T16:27:12.022,229.026,0,848.25,40,,96.562,25.49,-2.5,0.0,0.88,0.869,-0.352,6260,14.51,12.941,0,,,,,,,,582.3,,,,,
2026-09-28T16:27:12.152,229.155,0,844.5,41,,96.594,25.882,-3.0,0.0,0.88,0.871,-0.348,6570,14.51,12.549,0,,,,,,,,,0.22,,,,
2026-09-28T16:27:12.282,229.285,0,837.25,40,,96.562,25.098,-0.5,0.0,0.88,0.869,-0.352,6700,14.51,12.941,0,,,,,,,,,,,0.781,,
2026-09-28T16:27:12.412,229.416,0,834.75,41,,96.562,26.275,-1.5,-0.781,0.88,0.863,-0.371,6710,14.51,12.941,0,,,,,,,,,,,,27.059,
2026-09-28T16:27:12.542,229.545,0,831.0,41,,96.562,25.882,0.0,-0.781,0.88,0.857,-0.391,6600,14.51,12.941,0,,,,,,,,,,,,,264
2026-09-28T16:27:12.675,229.679,0,828.75,41,,96.594,25.882,-1.0,-1.562,0.88,0.852,-0.406,6530,14.51,12.941,0,105,,,,,,,,,,,,
2026-09-28T16:27:12.802,229.805,0,831.5,42,,96.562,26.667,-1.0,-2.344,0.88,0.852,-0.406,6590,14.51,12.549,0,,46,,,,,,,,,,,
2026-09-28T16:27:12.932,229.935,0,835.25,41,,96.594,25.882,-1.0,-2.344,0.88,0.852,-0.41,6600,14.51,12.941,0,,,4.688,,,,,,,,,,
2026-09-28T16:27:13.062,230.065,0,835.75,41,,96.562,25.882,-1.0,-3.125,0.88,0.843,-0.438,6550,14.51,12.941,0,,,,13.828,,,,,,,,,
2026-09-28T16:27:13.192,230.195,0,836.0,41,,96.625,25.882,-1.0,-3.125,0.88,0.839,-0.453,6510,14.51,12.941,0,,,,,96,,,,,,,,
2026-09-28T16:27:13.322,230.325,0,838.25,41,,96.562,26.667,-2.0,-4.688,0.88,0.836,-0.461,6560,14.51,12.941,0,,,,,,22,,,,,,,
2026-09-28T16:27:13.452,230.456,0,838.25,41,,96.594,26.275,-1.0,-4.688,0.88,0.833,-0.469,6640,14.51,12.941,0,,,,,,,78.824,,,,,,
2026-09-28T16:27:13.582,230.585,0,840.75,41,,96.594,26.275,-0.5,-6.25,0.88,0.826,-0.492,6720,14.51,12.941,0,,,,,,,,577.6,,,,,
2026-09-28T16:27:13.712,230.715,0,839.0,43,,96.562,27.843,0.0,-6.25,0.88,0.827,-0.488,6900,14.51,12.941,0,,,,,,,,,0.23,,,,
2026-09-28T16:27:13.842,230.845,0,837.75,43,,96.625,27.843,-1.0,-7.031,0.88,0.826,-0.492,7050,14.51,12.941,0,,,,,,,,,,,0.781,,
2026-09-28T16:27:13.973,230.976,0,835.75,43,,96.656,27.451,-1.0,-7.812,0.879,0.825,-0.496,7180,14.51,12.941,0,,,,,,,,,,,,28.627,
2026-09-28T16:27:14.102,231.106,0,835.5,42,,96.656,27.059,0.0,-8.594,0.879,0.822,-0.508,7200,14.51,12.941,0,,,,,,,,,,,,,266
2026-09-28T16:27:14.232,231.235,0,834.25,43,,96.594,28.627,-1.0,-9.375,0.879,0.827,-0.492,7350,14.51,12.941,0,105,,,,,,,,,,,,
2026-09-28T16:27:14.362,231.365,0,833.5,43,,96.656,27.843,0.0,-9.375,0.879,0.829,-0.484,7440,14.51,12.941,0,,46,,,,,,,,,,,
2026-09-28T16:27:14.492,231.495,0,835.25,43,,96.594,27.843,-1.0,-9.375,0.879,0.83,-0.48,7470,14.51,12.941,0,,,4.688,,,,,,,,,,
2026-09-28T16:27:14.622,231.625,0,838.25,44,,96.656,28.235,-1.5,-10.156,0.879,0.831,-0.477,7530,14.51,12.941,0,,,,13.886,,,,,,,,,
2026-09-28T16:27:14.752,231.755,0,840.5,44,,96.719,27.451,-3.5,-10.156,0.879,0.839,-0.449,7570,14.51,12.549,1,,,,,96,,,,,,,,
2026-09-28T16:27:14.882,231.885,0,836.0,42,,96.656,26.667,-2.0,-10.938,0.879,0.837,-0.457,7370,14.51,12.549,1,,,,,,22,,,,,,,
2026-09-28T16:27:15.012,232.015,0,831.25,41,,96.812,26.275,1.5,-10.938,0.879,0.84,-0.445,7110,14.51,12.941,1,,,,,,,78.824,,,,,,
2026-09-28T16:27:15.142,232.146,0,825.75,42,,96.656,27.451,-0.5,-11.719,0.879,0.843,-0.438,6730,14.51,12.941,1,,,,,,,,572.8,,,,,
2026-09-28T16:27:15.272,232.276,0,827.5,42,,96.688,27.059,-1.0,-10.938,0.879,0.855,-0.395,6660,14.51,12.941,1,,,,,,,,,0.25,,,,
2026-09-28T16:27:15.402,232.405,0,830.5,42,,96.656,27.059,-0.5,-10.938,0.879,0.862,-0.375,6640,14.51,12.941,1,,,,,,,,,,,0.781,,
2026-09-28T16:27:15.532,232.535,0,833.5,42,,96.625,26.667,0.0,-10.938,0.879,0.869,-0.352,6580,14.51,12.941,1,,,,,,,,,,,,28.627,
2026-09-28T16:27:15.663,232.666,0,836.25,42,,96.656,27.059,-3.0,-10.938,0.879,0.87,-0.348,6590,14.51,12.549,1,,,,,,,,,,,,,268
2026-09-28T16:27:15.792,232.795,0,840.25,41,,96.656,26.275,-1.0,-10.156,0.879,0.876,-0.332,6580,14.51,12.941,1,105,,,,,,,,,,,,
2026-09-28T16:27:15.922,232.925,0,838.75,41,,96.656,25.882,-1.5,-10.156,0.879,0.878,-0.324,6400,14.51,12.941,1,,46,,,,,,,,,,,
2026-09-28T16:27:16.052,233.055,0,837.25,41,,96.625,26.275,-1.0,-10.156,0.873,0.882,-0.312,6330,14.51,12.941,1,,,5.469,,,,,,,,,,
2026-09-28T16:27:16.182,233.185,0,838.5,43,,96.656,27.451,-1.5,-9.375,0.879,0.895,-0.277,6520,14.51,12.941,1,,,,13.808,,,,,,,,,
2026-09-28T16:27:16.312,233.315,0,842.75,42,,96.656,26.667,-2.0,-10.156,0.92,0.927,-0.195,6650,14.51,12.941,1,,,,,96,,,,,,,,
2026-09-28T16:27:16.442,233.445,0,842.25,42,,96.594,26.667,-2.5,-10.156,0.953,0.959,-0.121,6660,14.51,12.941,1,,,,,,22,,,,,,,
2026-09-28T16:27:16.573,233.576,0,842.5,42,,96.688,27.059,-2.0,-10.156,0.977,0.975,-0.086,6790,14.51,12.941,1,,,,,,,78.824,,,,,,
2026-09-28T16:27:16.702,233.705,0,843.25,42,,96.688,26.667,-3.0,-10.156,0.988,0.986,-0.055,6860,14.51,12.941,1,,,,,,,,569.8,,,,,
2026-09-28T16:27:16.832,233.835,0,845.25,42,,96.594,26.275,-0.5,-10.156,0.995,0.995,-0.031,6910,15.294,13.333,1,,,,,,,,,0.955,,,,
2026-09-28T16:27:16.962,233.965,0,845.5,43,,96.656,27.843,-1.0,-10.156,0.998,1.002,-0.02,7060,16.863,13.333,2,,,,,,,,,,,0.781,,
2026-09-28T16:27:17.092,234.095,0,844.5,45,,96.594,28.627,4.5,-8.594,1.001,1.026,0.008,7470,21.569,14.118,2,,,,,,,,,,,,32.157,
2026-09-28T16:27:17.222,234.225,0,849.5,46,,96.594,33.725,8.0,-7.812,1.0,1.046,0.031,7880,23.922,15.294,2,,,,,,,,,,,,,269
2026-09-28T16:27:17.352,234.355,0,869.25,56,,96.562,40.0,7.5,-7.031,1.004,1.052,0.035,8470,25.098,15.686,2,106,,,,,,,,,,,,
2026-09-28T16:27:17.482,234.485,0,945.5,62,,96.562,42.745,4.0,-7.031,1.009,1.043,0.027,9100,27.451,16.471,2,,46,,,,,,,,,,,
2026-09-28T16:27:17.612,234.615,0,1068.0,63,,96.562,41.176,6.5,-7.031,1.012,1.032,0.016,9960,28.235,16.078,3,,,2.344,,,,,,,,,,
2026-09-28T16:27:17.743,234.746,0,1148.0,61,,96.594,33.333,10.5,-7.812,1.012,1.027,0.008,10760,28.627,16.471,3,,,,13.847,,,,,,,,,
2026-09-28T16:27:17.873,234.876,0,1129.25,63,,96.812,34.51,10.0,-6.25,1.012,1.048,0.031,11430,30.196,17.647,4,,,,,96,,,,,,,,
2026-09-28T16:27:18.002,235.005,0,1121.25,64,,96.781,36.078,10.5,-5.469,1.011,1.055,0.039,11970,32.941,22.353,5,,,,,,22,,,,,,,
2026-09-28T16:27:18.133,235.136,0,1160.0,71,,96.25,50.196,9.0,-4.688,1.009,1.053,0.039,12450,33.725,26.275,6,,,,,,,78.824,,,,,,
2026-09-28T16:27:18.262,235.265,0,1233.5,91,,96.562,48.235,8.0,-4.688,1.008,1.055,0.039,13040,33.725,27.059,6,,,,,,,,564.6,,,,,
2026-09-28T16:27:18.392,235.395,0,1275.0,91,,96.969,46.275,8.0,-3.125,1.005,1.077,0.066,13620,34.902,29.412,7,,,,,,,,,0.895,,,,
2026-09-28T16:27:18.523,235.526,0,1320.25,92,,97.406,46.667,6.5,-1.562,1.003,1.072,0.059,14270,36.863,34.902,8,,,,,,,,,,,0.781,,
2026-09-28T16:27:18.652,235.655,0,1373.5,96,,98.219,46.667,6.5,-0.781,1.002,1.071,0.059,15320,37.255,40.392,10,,,,,,,,,,,,74.902,
2026-09-28T16:27:18.783,235.786,0,1433.25,98,,98.844,45.49,6.5,0.0,1.001,1.079,0.066,16100,37.255,43.137,11,,,,,,,,,,,,,271
2026-09-28T16:27:18.912,235.915,0,1499.0,99,,99.719,43.137,6.5,2.344,1.001,1.106,0.098,16450,37.255,45.49,12,105,,,,,,,,,,,,
2026-09-28T16:27:19.042,236.045,0,1571.75,101,,101.844,39.608,6.5,3.906,1.002,1.086,0.074,17260,37.255,47.059,13,,45,,,,,,,,,,,
2026-09-28T16:27:19.174,236.177,0,1674.0,103,,103.25,37.647,6.5,3.906,1.001,1.043,0.027,17680,37.255,48.235,15,,,0.0,,,,,,,,,,
2026-09-28T16:27:19.303,236.306,0,1806.5,104,,104.938,36.863,5.0,3.125,1.001,1.031,0.012,17930,37.255,48.627,16,,,,13.847,,,,,,,,,
2026-09-28T16:27:19.432,236.435,0,1937.5,106,,109.344,38.824,6.0,3.906,1.001,1.017,-0.004,18010,37.255,32.941,17,,,,,96,,,,,,,,
2026-09-28T16:27:19.563,236.566,0,2082.0,106,,112.344,38.824,8.0,2.344,1.0,0.992,-0.039,17690,37.255,28.235,18,,,,,,22,,,,,,,
2026-09-28T16:27:19.692,236.695,0,2161.75,102,,114.906,36.471,9.5,3.125,1.0,1.027,0.008,17200,37.647,31.373,19,,,,,,,78.824,,,,,,
2026-09-28T16:27:19.822,236.825,0,1998.0,101,,112.562,38.824,-17.0,3.906,1.0,1.013,-0.008,17690,37.647,31.765,20,,,,,,,,563.1,,,,,
2026-09-28T16:27:19.952,236.955,0,1754.0,106,,111.562,38.431,-6.5,3.906,1.0,0.998,-0.023,18270,37.647,30.98,21,,,,,,,,,0.815,,,,
2026-09-28T16:27:20.082,237.085,0,1685.25,105,,110.812,38.431,3.5,3.906,1.0,1.002,-0.02,18010,37.647,30.98,22,,,,,,,,,,,0.781,,
2026-09-28T16:27:20.213,237.216,0,1654.75,104,,109.875,39.216,5.0,3.125,1.002,0.991,-0.043,17910,37.647,32.157,23,,,,,,,,,,,,84.706,
2026-09-28T16:27:20.342,237.346,0,1677.5,103,,107.625,38.824,5.0,3.125,1.002,0.992,-0.039,17780,37.647,36.078,23,,,,,,,,,,,,,272
2026-09-28T16:27:20.472,237.476,0,1767.0,103,,106.406,38.039,5.5,3.125,1.002,1.0,-0.02,17760,37.647,38.824,25,104,,,,,,,,,,,,
2026-09-28T16:27:20.603,237.606,0,1836.0,104,,105.75,37.255,6.5,3.906,1.002,1.011,-0.008,17660,37.647,40.392,25,,43,,,,,,,,,,,
2026-09-28T16:27:20.732,237.735,0,1888.75,103,,104.875,36.863,8.0,3.906,1.001,1.003,-0.016,17560,37.647,41.569,26,,,0.0,,,,,,,,,,
2026-09-28T16:27:20.862,237.865,0,1934.75,103,,104.688,37.255,8.5,3.906,1.001,0.997,-0.027,17470,37.647,42.745,27,,,,13.847,,,,,,,,,
2026-09-28T16:27:20.993,237.996,0,2002.75,103,,104.406,37.255,9.0,3.906,1.001,1.004,-0.016,17450,37.255,43.529,28,,,,,96,,,,,,,,
2026-09-28T16:27:21.123,238.126,0,2056.5,103,,104.25,37.647,9.5,3.906,1.001,0.999,-0.023,17580,37.647,43.922,28,,,,,,22,,,,,,,
2026-09-28T16:27:21.252,238.255,0,2109.5,103,,104.0,37.647,9.5,3.906,1.0,1.0,-0.02,17560,37.255,43.922,29,,,,,,,78.824,,,,,,
2026-09-28T16:27:21.382,238.386,0,2129.0,103,,104.094,38.039,-23.0,3.906,1.0,0.999,-0.02,17600,37.647,43.529,30,,,,,,,,569.4,,,,,
2026-09-28T16:27:21.512,238.515,0,1879.0,103,,104.156,38.039,-13.0,3.906,1.0,0.999,-0.023,18010,37.647,41.961,30,,,,,,,,,0.775,,,,
2026-09-28T16:27:21.643,238.646,0,1693.75,105,,106.031,39.608,-8.0,3.906,1.0,0.999,-0.023,18160,37.255,35.294,31,,,,,,,,,,,0.781,,
2026-09-28T16:27:21.773,238.776,0,1630.0,103,,106.219,40.392,-3.5,3.906,1.0,0.993,-0.039,18030,37.647,32.549,31,,,,,,,,,,,,84.706,
2026-09-28T16:27:21.902,238.905,0,1605.0,102,,106.188,40.0,1.5,3.125,1.0,0.978,-0.078,17730,37.647,33.725,32,,,,,,,,,,,,,274
2026-09-28T16:27:22.032,239.035,0,1547.75,102,,105.438,42.353,4.5,2.344,1.0,0.976,-0.086,18070,37.647,33.725,32,102,,,,,,,,,,,,
2026-09-28T16:27:22.162,239.165,0,1510.75,102,,105.094,45.098,4.0,1.562,0.997,0.979,-0.074,18040,37.647,31.765,33,,41,,,,,,,,,,,
2026-09-28T16:27:22.292,239.296,0,1532.0,101,,104.938,44.706,4.0,0.781,1.003,0.977,-0.082,17660,37.255,32.157,33,,,0.0,,,,,,,,,,
2026-09-28T16:27:22.422,239.426,0,1557.25,100,,104.75,42.353,5.0,-0.781,0.999,0.976,-0.086,17550,37.255,33.725,34,,,,13.789,,,,,,,,,
2026-09-28T16:27:22.552,239.555,0,1587.75,101,,104.094,40.392,5.0,-0.781,0.996,0.986,-0.055,17520,36.863,34.902,34,,,,,96,,,,,,,,
2026-09-28T16:27:22.682,239.685,0,1603.5,101,,103.844,39.608,5.0,-0.781,1.003,1.0,-0.02,17580,36.078,32.941,35,,,,,,22,,,,,,,
2026-09-28T16:27:22.812,239.816,0,1633.5,101,,103.781,38.431,6.0,-0.781,1.0,1.0,-0.02,17480,34.51,26.275,36,,,,,,,78.824,,,,,,
2026-09-28T16:27:22.942,239.945,0,1643.0,95,,104.438,33.333,8.0,-0.781,0.998,0.999,-0.023,17060,34.51,27.059,36,,,,,,,,573.8,,,,,
2026-09-28T16:27:23.073,240.076,0,1678.5,96,,105.0,32.941,8.0,-0.781,1.005,0.992,-0.039,16440,33.333,24.706,36,,,,,,,,,0.76,,,,
2026-09-28T16:27:23.202,240.206,0,1698.5,95,,106.25,30.588,10.5,-0.781,0.995,0.998,-0.023,15960,31.373,21.569,37,,,,,,,,,,,0.781,,
2026-09-28T16:27:23.332,240.335,0,1701.0,91,,108.375,24.706,14.0,0.0,1.003,1.021,0.0,15470,30.588,19.608,37,,,,,,,,,,,,50.196,
2026-09-28T16:27:23.462,240.465,0,1719.5,84,,108.688,22.745,15.0,1.562,1.007,1.036,0.02,14890,30.196,19.608,37,,,,,,,,,,,,,275
2026-09-28T16:27:23.593,240.596,0,1772.0,82,,108.531,22.745,15.5,0.781,1.006,0.998,-0.023,14750,29.804,18.824,38,102,,,,,,,,,,,,
2026-09-28T16:27:23.722,240.726,0,1753.5,80,,108.469,20.784,16.0,0.0,0.996,0.988,-0.051,14600,29.02,18.039,38,,41,,,,,,,,,,,
2026-09-28T16:27:23.852,240.855,0,1755.0,71,,108.156,19.216,17.0,0.0,0.993,0.981,-0.066,14100,27.843,17.647,38,,,0.781,,,,,,,,,,
2026-09-28T16:27:23.982,240.985,0,1756.25,68,,107.656,18.824,17.0,0.0,0.992,0.994,-0.035,13330,25.882,16.471,38,,,,13.847,,,,,,,,,
2026-09-28T16:27:24.112,241.116,0,1757.0,61,,107.188,16.471,17.0,0.0,0.992,0.981,-0.066,12570,23.137,16.078,38,,,,,96,,,,,,,,
2026-09-28T16:27:24.242,241.246,0,1777.0,47,,106.062,12.549,16.5,0.0,0.996,0.993,-0.039,11940,17.647,13.725,38,,,,,,22,,,,,,,
2026-09-28T16:27:24.372,241.376,0,1755.5,33,,103.344,0.0,-1.0,0.0,1.005,0.999,-0.023,11490,14.51,12.549,38,,,,,,,78.824,,,,,,
2026-09-28T16:27:24.502,241.505,0,1700.5,26,,102.688,0.0,-0.5,-0.781,1.004,0.981,-0.066,11540,14.51,12.549,38,,,,,,,,573.7,,,,,
2026-09-28T16:27:24.632,241.635,0,1590.5,22,,101.281,0.0,-1.0,0.0,1.002,0.994,-0.035,11270,14.51,12.549,38,,,,,,,,,0.75,,,,
2026-09-28T16:27:24.763,241.766,0,1437.5,21,,100.75,0.0,-3.0,0.0,1.001,1.131,0.121,11130,14.51,12.549,38,,,,,,,,,,,0.781,,
2026-09-28T16:27:24.893,241.896,0,1250.0,22,,100.312,0.0,-6.5,0.0,1.002,1.403,0.367,11490,14.51,12.157,38,,,,,,,,,,,,12.157,
2026-09-28T16:27:25.022,242.025,0,1106.25,22,,99.938,0.0,-8.5,0.0,0.994,1.681,0.539,11500,14.51,11.765,38,,,,,,,,,,,,,277
2026-09-28T16:27:25.152,242.155,0,1029.75,23,,99.188,0.0,-8.5,0.0,1.006,2.0,0.734,11500,14.51,11.765,38,101,,,,,,,,,,,,
2026-09-28T16:27:25.282,242.285,0,1109.5,23,,99.0,0.0,-7.0,0.0,1.042,2.0,0.887,11500,14.51,12.157,38,,40,,,,,,,,,,,
2026-09-28T16:27:25.412,242.415,0,1178.25,24,,98.781,0.0,-6.0,0.0,1.102,2.0,0.992,11510,14.51,12.157,38,,,6.25,,,,,,,,,,
2026-09-28T16:27:25.542,242.545,0,1182.25,24,,98.438,0.0,-6.5,0.0,1.155,2.0,1.066,11510,14.51,12.157,37,,,,13.925,,,,,,,,,
2026-09-28T16:27:25.674,242.677,0,1174.25,24,,98.188,0.0,-6.5,0.0,1.206,2.0,1.125,11510,14.51,12.157,37,,,,,96,,,,,,,,
2026-09-28T16:27:25.802,242.805,0,1165.5,24,,98.156,0.0,-6.5,0.0,1.257,2.0,1.16,11510,14.51,12.157,37,,,,,,21,,,,,,,
2026-09-28T16:27:25.932,242.936,0,1156.75,25,,98.219,0.0,-6.5,0.0,1.337,2.0,1.176,11520,14.51,12.157,37,,,,,,,78.039,,,,,,
2026-09-28T16:27:26.062,243.065,0,1143.25,24,,98.438,0.0,-7.0,0.0,1.418,2.0,1.203,11510,14.51,12.157,36,,,,,,,,576.6,,,,,
2026-09-28T16:27:26.192,243.196,0,1137.0,24,,98.188,0.0,-7.0,0.0,1.52,2.0,1.219,11520,14.51,12.157,36,,,,,,,,,0.58,,,,
2026-09-28T16:27:26.322,243.325,0,1129.25,24,,98.188,0.0,-7.0,0.0,1.615,2.0,1.227,11510,14.51,12.157,36,,,,,,,,,,,0.781,,
2026-09-28T16:27:26.452,243.456,0,1113.25,24,,98.031,0.0,-7.5,0.0,1.699,2.0,1.238,11510,14.51,11.765,35,,,,,,,,,,,,13.333,
2026-09-28T16:27:26.582,243.585,0,1096.25,24,,97.875,0.0,-7.5,0.0,1.742,2.0,1.242,11510,14.51,11.765,34,,,,,,,,,,,,,278
2026-09-28T16:27:26.722,243.725,0,1071.5,24,,97.875,0.0,-8.5,0.0,1.77,2.0,1.246,11510,14.51,11.765,34,101,,,,,,,,,,,,
2026-09-28T16:27:26.852,243.855,0,1052.75,24,,97.875,0.0,-8.5,0.0,1.784,2.0,1.25,11510,14.51,11.765,33,,41,,,,,,,,,,,
2026-09-28T16:27:26.982,243.985,0,1039.25,24,,97.781,0.0,-8.5,0.0,1.791,2.0,1.254,11520,14.51,11.765,32,,,7.812,,,,,,,,,,
2026-09-28T16:27:27.112,244.115,0,1021.25,25,,97.688,0.0,-8.5,0.0,1.752,2.0,1.254,11510,14.51,11.765,32,,,,13.925,,,,,,,,,
2026-09-28T16:27:27.242,244.245,0,1074.75,24,,97.562,0.0,-7.5,0.0,1.861,2.0,1.25,11450,14.51,12.157,31,,,,,96,,,,,,,,
2026-09-28T16:27:27.372,244.375,0,1160.25,24,,97.531,0.0,0.0,0.0,1.696,2.0,1.207,11390,14.51,12.157,30,,,,,,21,,,,,,,
2026-09-28T16:27:27.503,244.506,0,1236.75,24,,97.531,0.0,-5.0,0.0,1.445,2.0,1.031,12450,14.51,12.549,30,,,,,,,78.039,,,,,,
2026-09-28T16:27:27.632,244.635,0,1329.5,23,,97.531,0.0,4.5,0.0,1.216,2.0,0.723,12520,14.51,12.549,29,,,,,,,,579.3,,,,,
2026-09-28T16:27:27.762,244.766,0,1329.75,22,,97.531,0.0,0.5,0.0,1.1,1.536,0.457,12630,14.51,12.549,29,,,,,,,,,0.105,,,,
2026-09-28T16:27:27.892,244.896,0,1297.0,22,,97.375,0.0,-4.5,0.0,1.047,1.529,0.453,13290,14.51,12.157,28,,,,,,,,,,,0.781,,
2026-09-28T16:27:28.022,245.025,0,1272.0,23,,97.375,0.0,-5.0,0.0,1.061,1.841,0.613,13330,14.51,12.157,28,,,,,,,,,,,,12.157,
2026-09-28T16:27:28.152,245.155,0,1275.75,23,,97.375,0.0,-5.0,0.0,1.117,2.0,0.809,13320,14.51,12.157,28,,,,,,,,,,,,,280
2026-09-28T16:27:28.282,245.285,0,1270.5,24,,97.312,0.0,-5.0,0.0,1.17,2.0,0.957,13320,14.51,12.549,27,100,,,,,,,,,,,,
2026-09-28T16:27:28.413,245.416,0,1255.75,24,,97.281,0.0,-5.0,0.0,1.219,2.0,1.047,13310,14.51,12.157,27,,42,,,,,,,,,,,
2026-09-28T16:27:28.542,245.545,0,1241.25,24,,97.312,0.0,-5.5,0.0,1.272,2.0,1.125,13290,19.216,12.157,27,,,7.031,,,,,,,,,,
2026-09-28T16:27:28.674,245.677,0,1230.75,24,,97.312,0.0,-5.5,0.0,1.354,2.0,1.168,13300,18.824,12.157,27,,,,13.886,,,,,,,,,
2026-09-28T16:27:28.803,245.806,0,1221.0,24,,97.344,0.0,-5.5,0.0,1.38,2.0,1.195,13210,20.0,12.157,26,,,,,96,,,,,,,,
2026-09-28T16:27:28.932,245.935,0,1234.5,23,,97.219,9.412,27.5,0.0,1.631,2.0,1.145,13130,22.745,14.118,26,,,,,,21,,,,,,,
2026-09-28T16:27:29.062,246.065,0,1205.75,27,,97.188,12.941,12.5,0.0,1.478,2.0,0.699,13410,24.706,14.51,26,,,,,,,78.039,,,,,,
2026-09-28T16:27:29.192,246.195,0,1216.75,32,,97.219,15.294,14.5,0.0,1.167,1.412,0.375,12690,25.882,15.294,26,,,,,,,,580.9,,,,,
2026-09-28T16:27:29.322,246.325,0,1237.25,36,,97.219,20.0,13.5,0.0,1.021,1.102,0.09,11830,28.627,15.686,26,,,,,,,,,0.115,,,,
2026-09-28T16:27:29.452,246.456,0,1230.75,45,,96.906,22.745,12.5,0.0,0.947,0.991,-0.043,11330,29.412,16.078,26,,,,,,,,,,,0.781,,
2026-09-28T16:27:29.582,246.585,0,1196.5,49,,96.906,25.49,12.5,0.0,0.923,0.937,-0.172,10900,31.765,17.255,26,,,,,,,,,,,,38.431,
2026-09-28T16:27:29.712,246.715,0,1211.75,54,,96.812,27.843,11.0,0.0,0.911,0.914,-0.227,10510,33.333,19.608,26,,,,,,,,,,,,,282
2026-09-28T16:27:29.842,246.845,0,1213.5,74,,96.531,38.431,11.5,0.781,0.906,0.924,-0.203,11570,34.118,26.275,26,101,,,,,,,,,,,,
2026-09-28T16:27:29.972,246.975,0,1234.0,90,,96.25,48.235,8.0,0.0,0.9,0.886,-0.301,12320,35.294,27.843,27,,44,,,,,,,,,,,
2026-09-28T16:27:30.103,247.106,0,1239.0,92,,96.719,47.451,7.5,0.0,0.898,0.893,-0.281,12660,36.863,31.765,27,,,0.781,,,,,,,,,,
2026-09-28T16:27:30.232,247.236,0,1258.25,94,,97.5,50.196,6.0,1.562,0.893,0.924,-0.199,13340,37.647,34.51,27,,,,13.828,,,,,,,,,
2026-09-28T16:27:30.363,247.366,0,1265.0,96,,98.094,51.373,5.0,2.344,0.893,0.933,-0.18,14630,39.216,37.647,28,,,,,96,,,,,,,,
2026-09-28T16:27:30.492,247.495,0,1289.5,98,,98.812,51.765,3.5,3.125,0.896,0.929,-0.191,15500,40.0,42.745,28,,,,,,21,,,,,,,
2026-09-28T16:27:30.622,247.625,0,1321.0,98,,99.344,52.941,0.5,4.688,0.899,0.946,-0.152,15930,40.392,50.588,29,,,,,,,78.039,,,,,,
2026-09-28T16:27:30.752,247.755,0,1349.0,101,,101.281,53.333,-0.5,5.469,0.903,0.95,-0.141,16820,41.176,51.765,29,,,,,,,,573.8,,,,,
2026-09-28T16:27:30.882,247.885,0,1358.75,102,,102.5,54.118,0.0,5.469,0.908,0.935,-0.176,17600,41.569,52.157,29,,,,,,,,,0.23,,,,
2026-09-28T16:27:31.012,248.015,0,1374.5,104,,103.75,53.725,-0.5,3.906,0.913,0.909,-0.238,18230,41.961,52.549,30,,,,,,,,,,,0.781,,
2026-09-28T16:27:31.142,248.145,0,1394.25,106,,106.375,54.902,-1.5,3.906,0.916,0.916,-0.223,18500,42.353,53.725,30,,,,,,,,,,,,90.98,
2026-09-28T16:27:31.272,248.275,0,1417.0,107,,107.562,55.294,-3.0,3.906,0.921,0.916,-0.223,18520,42.745,54.51,31,,,,,,,,,,,,,283
2026-09-28T16:27:31.403,248.406,0,1445.0,109,,108.906,55.294,-3.5,3.906,0.925,0.914,-0.227,18370,42.745,56.078,31,102,,,,,,,,,,,,
2026-09-28T16:27:31.532,248.535,0,1475.75,110,,112.062,53.333,-3.5,3.125,0.932,0.92,-0.211,18380,43.137,56.471,32,,43,,,,,,,,,,,
2026-09-28T16:27:31.663,248.666,0,1496.0,113,,113.625,52.549,-3.5,3.125,0.936,0.937,-0.172,18620,43.922,59.216,32,,,0.0,,,,,,,,,,
2026-09-28T16:27:31.802,248.805,0,1525.5,115,,115.156,52.549,-5.0,3.125,0.938,0.935,-0.176,18720,43.922,60.784,33,,,,13.847,,,,,,,,,
2026-09-28T16:27:31.933,248.936,0,1555.0,117,,118.75,52.549,-5.0,3.125,0.944,0.94,-0.164,18860,43.922,61.569,33,,,,,96,,,,,,,,
2026-09-28T16:27:32.062,249.065,0,1581.5,121,,120.719,51.373,-4.0,2.344,0.985,0.982,-0.066,18900,43.922,61.961,34,,,,,,21,,,,,,,
2026-09-28T16:27:32.192,249.195,0,1593.25,123,,122.406,50.98,-4.0,1.562,1.012,1.01,-0.012,19190,43.922,62.745,35,,,,,,,78.039,,,,,,
2026-09-28T16:27:32.323,249.326,0,1631.75,124,,124.0,52.157,-3.0,2.344,1.019,1.018,-0.004,19310,43.922,64.706,36,,,,,,,,579.8,,,,,
2026-09-28T16:27:32.452,249.455,0,1674.0,128,,127.531,52.549,-2.5,1.562,1.012,1.005,-0.016,19340,43.922,65.49,36,,,,,,,,,0.88,,,,
2026-09-28T16:27:32.582,249.585,0,1699.25,129,,129.219,52.157,-2.0,1.562,1.003,0.992,-0.039,19460,43.529,65.882,37,,,,,,,,,,,0.781,,
2026-09-28T16:27:32.712,249.715,0,1721.5,132,,131.125,52.157,-1.5,1.562,1.0,0.992,-0.039,19750,43.529,66.667,38,,,,,,,,,,,,115.294,
2026-09-28T16:27:32.843,249.846,0,1757.0,135,,134.219,53.333,0.0,1.562,1.0,0.998,-0.023,20130,43.137,67.451,38,,,,,,,,,,,,,285
2026-09-28T16:27:32.972,249.975,0,1799.25,135,,135.156,53.333,1.0,1.562,0.999,0.997,-0.027,19870,42.353,67.451,39,102,,,,,,,,,,,,
2026-09-28T16:27:33.102,250.105,0,1831.5,135,,135.312,53.333,1.5,1.562,0.999,0.996,-0.031,19830,41.569,40.0,40,,41,,,,,,,,,,,
2026-09-28T16:27:33.232,250.235,0,1848.5,135,,132.875,46.667,3.5,2.344,0.999,1.006,-0.016,19350,40.784,28.627,40,,,0.0,,,,,,,,,,
2026-09-28T16:27:33.362,250.365,0,1877.25,115,,127.938,43.529,5.0,3.125,1.0,1.021,0.0,18840,40.784,33.333,41,,,,13.867,,,,,,,,,
2026-09-28T16:27:33.493,250.496,0,1913.5,116,,123.594,43.529,5.5,2.344,1.0,0.993,-0.039,18480,39.216,34.118,42,,,,,96,,,,,,,,
2026-09-28T16:27:33.623,250.626,0,1936.25,115,,121.219,42.745,5.5,2.344,1.004,1.005,-0.016,18390,38.431,31.373,42,,,,,,21,,,,,,,
2026-09-28T16:27:33.752,250.755,0,1970.0,108,,117.531,40.0,7.5,2.344,1.005,1.0,-0.02,17900,36.863,26.667,43,,,,,,,78.039,,,,,,
2026-09-28T16:27:33.882,250.885,0,1989.75,99,,115.906,35.686,9.5,2.344,1.005,1.005,-0.016,17290,36.863,28.627,44,,,,,,,,598.6,,,,,
2026-09-28T16:27:34.012,251.016,0,2020.75,98,,112.906,35.294,9.5,2.344,1.005,1.0,-0.02,17100,36.078,27.451,44,,,,,,,,,0.835,,,,
2026-09-28T16:27:34.143,251.146,0,2030.0,96,,109.031,33.725,11.0,1.562,1.005,0.998,-0.023,16810,35.686,27.451,44,,,,,,,,,,,0.781,,
2026-09-28T16:27:34.273,251.276,0,2061.75,95,,107.812,32.941,11.5,1.562,1.005,0.994,-0.035,16840,33.725,25.098,45,,,,,,,,,,,,70.588,
2026-09-28T16:27:34.402,251.405,0,2060.5,94,,107.469,32.157,13.0,0.781,1.005,0.974,-0.086,16290,30.98,21.569,45,,,,,,,,,,,,,286
2026-09-28T16:27:34.532,251.535,0,1904.75,89,,110.969,23.137,-13.5,0.0,1.005,0.984,-0.059,15760,29.412,18.431,45,100,,,,,,,,,,,,
2026-09-28T16:27:34.662,251.666,0,1683.0,82,,112.469,21.176,-4.0,1.562,1.005,1.023,0.004,15130,29.02,17.647,45,,39,,,,,,,,,,,
2026-09-28T16:27:34.792,251.795,0,1653.75,75,,107.844,21.176,-1.5,1.562,1.006,1.004,-0.016,14420,25.882,16.863,45,,,0.781,,,,,,,,,,
2026-09-28T16:27:34.923,251.926,0,1625.75,72,,106.875,17.647,0.5,0.0,1.006,0.981,-0.066,13840,14.51,13.725,45,,,,13.808,,,,,,,,,
2026-09-28T16:27:35.053,252.056,0,1546.25,47,,105.812,0.0,12.5,0.0,1.006,0.985,-0.059,13390,16.078,12.941,46,,,,,96,,,,,,,,
2026-09-28T16:27:35.182,252.185,0,1479.25,35,,104.781,0.0,17.0,0.0,1.006,0.991,-0.043,13410,21.569,13.333,45,,,,,,21,,,,,,,
2026-09-28T16:27:35.312,252.315,0,1420.0,28,,103.688,9.804,18.0,0.0,1.006,0.975,-0.086,12880,24.314,15.294,45,,,,,,,78.039,,,,,,
2026-09-28T16:27:35.442,252.445,0,1456.0,36,,101.656,14.118,14.0,-2.344,1.006,0.971,-0.094,12120,25.49,16.078,45,,,,,,,,599.4,,,,,
2026-09-28T16:27:35.573,252.576,0,1438.75,42,,100.75,16.863,14.5,-3.125,1.008,0.995,-0.035,11760,25.882,16.078,45,,,,,,,,,0.82,,,,
2026-09-28T16:27:35.702,252.705,0,1436.25,48,,100.219,17.647,14.5,-3.125,1.009,0.987,-0.055,10740,26.275,16.078,45,,,,,,,,,,,0.781,,
2026-09-28T16:27:35.832,252.835,0,1445.5,51,,99.469,19.216,14.5,-4.688,0.998,0.973,-0.09,9890,32.157,17.255,45,,,,,,,,,,,,38.431,
2026-09-28T16:27:35.962,252.965,0,1444.25,53,,98.844,22.353,14.0,-5.469,0.994,0.98,-0.07,9920,34.902,20.392,45,,,,,,,,,,,,,288
2026-09-28T16:27:36.092,253.095,0,1454.75,71,,98.188,28.627,14.0,-4.688,0.995,0.993,-0.039,11110,34.902,23.922,46,99,,,,,,,,,,,,
2026-09-28T16:27:36.222,253.225,0,1458.75,84,,99.188,37.255,9.0,-3.906,1.004,1.025,0.004,11430,34.51,28.235,46,,40,,,,,,,,,,,
2026-09-28T16:27:36.352,253.355,0,1465.25,94,,99.781,39.608,7.0,-1.562,1.008,1.043,0.027,12420,34.51,29.804,46,,,0.781,,,,,,,,,,
2026-09-28T16:27:36.482,253.485,0,1471.75,96,,100.531,40.392,5.0,0.0,0.997,1.026,0.008,13450,34.51,29.412,46,,,,13.847,,,,,,,,,
2026-09-28T16:27:36.612,253.615,0,1479.75,97,,101.5,40.784,5.5,0.0,0.996,1.027,0.008,14070,34.118,28.235,47,,,,,96,,,,,,,,
2026-09-28T16:27:36.743,253.746,0,1484.75,97,,103.469,39.216,6.5,1.562,1.006,1.027,0.008,15270,32.549,23.529,47,,,,,,21,,,,,,,
2026-09-28T16:27:36.872,253.876,0,1488.5,92,,104.75,34.902,10.0,2.344,0.997,1.015,-0.004,16330,29.804,18.039,47,,,,,,,78.039,,,,,,
2026-09-28T16:27:37.003,254.006,0,1493.25,88,,105.75,28.627,12.0,3.906,1.003,1.031,0.012,15490,29.02,16.863,47,,,,,,,,597.3,,,,,
2026-09-28T16:27:37.132,254.136,0,1498.5,77,,105.906,23.922,12.0,3.906,1.008,0.998,-0.023,15310,29.02,17.647,47,,,,,,,,,0.81,,,,
2026-09-28T16:27:37.263,254.266,0,1500.0,69,,105.469,23.922,12.5,0.781,1.01,0.973,-0.09,14360,29.02,18.039,47,,,,,,,,,,,0.781,,
2026-09-28T16:27:37.392,254.395,0,1508.5,69,,104.938,23.137,12.5,0.0,0.999,0.977,-0.082,13660,29.412,18.039,47,,,,,,,,,,,,43.137,
2026-09-28T16:27:37.522,254.525,0,1520.0,68,,104.625,22.745,12.5,0.781,0.994,0.993,-0.039,13550,29.02,18.039,48,,,,,,,,,,,,,289
2026-09-28T16:27:37.652,254.655,0,1526.0,69,,103.969,22.745,13.0,0.0,0.993,0.977,-0.082,13220,27.843,17.255,48,99,,,,,,,,,,,,
2026-09-28T16:27:37.782,254.786,0,1526.75,67,,103.906,21.569,13.0,-1.562,0.992,0.97,-0.098,12890,26.667,16.471,48,,40,,,,,,,,,,,
2026-09-28T16:27:37.913,254.916,0,1524.0,62,,103.656,20.784,13.5,-0.781,0.991,0.996,-0.031,12550,14.51,14.118,48,,,1.562,,,,,,,,,,
2026-09-28T16:27:38.042,255.045,0,1518.5,42,,101.688,0.0,14.0,-0.781,0.998,0.988,-0.051,12300,14.51,12.941,48,,,,13.808,,,,,,,,,
2026-09-28T16:27:38.174,255.177,0,1516.75,33,,101.094,0.0,18.0,-1.562,1.004,0.987,-0.051,11820,14.51,12.549,48,,,,,96,,,,,,,,
2026-09-28T16:27:38.302,255.305,0,1497.0,27,,100.75,0.0,27.0,-2.344,1.007,0.98,-0.07,11350,14.51,12.549,47,,,,,,21,,,,,,,
2026-09-28T16:27:38.432,255.435,0,1490.0,23,,99.812,0.0,32.0,-1.562,1.006,0.994,-0.035,10920,14.51,12.549,47,,,,,,,78.039,,,,,,
2026-09-28T16:27:38.562,255.565,0,1511.0,22,,99.5,0.0,32.0,-0.781,1.006,1.021,0.0,10560,16.471,12.549,47,,,,,,,,597.0,,,,,
2026-09-28T16:27:38.692,255.695,0,1501.25,22,,99.156,0.0,25.0,0.0,1.005,1.038,0.02,10140,19.216,12.549,47,,,,,,,,,0.805,,,,
2026-09-28T16:27:38.822,255.825,0,1497.25,22,,99.031,6.667,17.0,0.0,1.005,1.04,0.023,9770,20.784,12.549,47,,,,,,,,,,,0.781,,
2026-09-28T16:27:38.953,255.956,0,1496.25,21,,98.5,6.667,32.0,0.0,1.005,1.033,0.016,9330,21.569,13.725,47,,,,,,,,,,,,14.118,
2026-09-28T16:27:39.082,256.086,0,1497.0,23,,98.312,7.843,21.5,0.0,1.006,1.029,0.012,8840,21.961,14.51,47,,,,,,,,,,,,,291
2026-09-28T16:27:39.213,256.216,0,1506.75,27,,98.094,9.412,17.5,-0.781,1.006,0.985,-0.059,8160,21.961,14.118,47,98,,,,,,,,,,,,
2026-09-28T16:27:39.342,256.345,0,1476.5,30,,98.625,10.98,17.0,-2.344,1.003,0.984,-0.062,7590,21.961,14.118,47,,40,,,,,,,,,,,
2026-09-28T16:27:39.472,256.475,0,1481.25,30,,98.312,10.588,17.5,-1.562,0.996,1.01,-0.012,7030,21.961,14.118,47,,,3.125,,,,,,,,,,
2026-09-28T16:27:39.602,256.605,0,1480.75,30,,98.188,10.98,17.0,0.781,0.992,1.033,0.016,6330,22.353,14.51,47,,,,13.906,,,,,,,,,
2026-09-28T16:27:39.732,256.735,0,1477.75,31,,98.062,11.765,16.0,2.344,0.997,1.019,0.0,5720,22.353,14.118,46,,,,,96,,,,,,,,
2026-09-28T16:27:39.863,256.866,0,1473.5,32,,97.938,11.373,17.0,0.781,1.003,0.999,-0.023,5000,23.137,14.902,46,,,,,,21,,,,,,,
2026-09-28T16:27:39.992,256.996,0,1475.75,33,,97.875,12.549,15.5,0.781,1.006,0.997,-0.027,4490,23.529,14.902,46,,,,,,,78.039,,,,,,
2026-09-28T16:27:40.122,257.125,0,1477.75,35,,97.875,13.333,15.0,0.0,1.007,0.989,-0.047,4750,23.529,14.902,46,,,,,,,,597.6,,,,,
2026-09-28T16:27:40.252,257.255,0,1477.25,37,,97.656,13.725,14.5,-0.781,1.005,0.978,-0.078,5170,24.314,15.686,46,,,,,,,,,0.8,,,,
2026-09-28T16:27:40.382,257.385,0,1479.75,39,,97.531,14.902,14.5,-3.125,0.997,0.962,-0.113,5650,25.882,16.078,46,,,,,,,,,,,0.781,,
2026-09-28T16:27:40.512,257.515,0,1487.0,42,,97.531,16.078,15.0,-3.906,0.993,0.967,-0.105,6540,27.451,17.255,46,,,,,,,,,,,,32.157,
2026-09-28T16:27:40.642,257.645,0,1490.25,52,,97.219,19.216,15.0,-4.688,0.991,0.971,-0.094,7330,28.627,18.039,46,,,,,,,,,,,,,293
2026-09-28T16:27:40.773,257.776,0,1482.0,58,,97.219,21.176,14.5,-4.688,1.002,0.993,-0.035,8290,30.196,20.0,46,99,,,,,,,,,,,,
2026-09-28T16:27:40.902,257.905,0,1485.0,65,,97.188,23.922,14.5,-3.906,1.006,1.023,0.004,9060,31.373,23.137,47,,42,,,,,,,,,,,
2026-09-28T16:27:41.033,258.036,0,1499.75,78,,97.25,30.196,13.0,-2.344,1.004,1.022,0.004,9950,32.549,25.098,47,,,0.781,,,,,,,,,,
2026-09-28T16:27:41.162,258.165,0,1496.5,88,,97.625,32.549,12.0,0.0,0.997,1.037,0.02,10810,33.333,27.451,47,,,,13.769,,,,,,,,,
2026-09-28T16:27:41.293,258.296,0,1506.0,91,,98.031,34.902,10.5,0.781,0.998,1.036,0.02,11800,33.725,28.627,47,,,,,96,,,,,,,,
2026-09-28T16:27:41.422,258.426,0,1510.5,93,,98.688,36.471,9.5,2.344,1.006,1.031,0.012,12620,34.118,29.412,47,,,,,,21,,,,,,,
2026-09-28T16:27:41.552,258.555,0,1524.0,96,,100.344,36.471,9.0,2.344,1.01,1.022,0.004,13480,34.118,29.02,47,,,,,,,78.039,,,,,,
2026-09-28T16:27:41.682,258.685,0,1528.75,96,,101.312,36.863,9.0,3.125,0.999,1.012,-0.008,14250,34.51,28.627,48,,,,,,,,593.4,,,,,
2026-09-28T16:27:41.812,258.816,0,1533.0,97,,102.469,37.255,8.5,3.125,0.993,0.993,-0.039,15280,34.51,27.843,48,,,,,,,,,0.795,,,,
2026-09-28T16:27:41.942,258.945,0,1536.25,97,,104.312,37.255,8.5,3.125,0.991,0.995,-0.031,16180,34.51,27.059,49,,,,,,,,,,,0.781,,
2026-09-28T16:27:42.072,259.075,0,1546.0,97,,105.125,36.863,8.5,3.125,0.999,1.008,-0.012,16510,33.725,25.49,49,,,,,,,,,,,,69.804,
2026-09-28T16:27:42.202,259.205,0,1553.25,97,,106.125,35.686,9.5,3.906,1.005,1.009,-0.012,16380,33.333,24.314,49,,,,,,,,,,,,,294
2026-09-28T16:27:42.333,259.336,0,1561.75,95,,107.438,32.941,10.5,3.906,1.002,1.007,-0.012,16200,32.941,22.745,49,100,,,,,,,,,,,,
2026-09-28T16:27:42.462,259.465,0,1568.75,92,,107.938,31.373,10.5,3.906,1.0,1.014,-0.008,15930,32.941,23.137,49,,41,,,,,,,,,,,
2026-09-28T16:27:42.593,259.596,0,1576.75,92,,107.969,31.373,10.5,4.688,1.006,1.006,-0.016,15910,32.549,22.353,50,,,0.781,,,,,,,,,,
2026-09-28T16:27:42.723,259.726,0,1582.75,92,,108.25,29.02,11.5,3.906,1.004,0.992,-0.043,15850,32.157,21.961,50,,,,13.984,,,,,,,,,
2026-09-28T16:27:42.852,259.855,0,1591.5,90,,108.531,29.412,11.5,3.906,0.994,0.993,-0.035,15760,32.157,22.353,50,,,,,96,,,,,,,,
2026-09-28T16:27:42.982,259.985,0,1599.5,90,,108.531,29.02,12.0,3.125,0.992,0.985,-0.059,15880,32.157,22.353,51,,,,,,21,,,,,,,
2026-09-28T16:27:43.112,260.115,0,1609.75,90,,108.531,29.02,12.0,3.125,0.991,0.982,-0.066,15850,32.157,21.961,51,,,,,,,78.039,,,,,,
2026-09-28T16:27:43.242,260.245,0,1614.0,89,,108.688,27.843,12.5,2.344,1.003,0.99,-0.047,15750,31.765,21.569,51,,,,,,,,587.5,,,,,
2026-09-28T16:27:43.372,260.375,0,1623.0,89,,108.594,27.451,13.0,1.562,1.008,0.992,-0.043,15630,31.765,21.176,51,,,,,,,,,0.79,,,,
2026-09-28T16:27:43.503,260.506,0,1626.75,89,,108.562,27.451,13.5,0.781,1.007,0.993,-0.039,15490,29.412,17.647,51,,,,,,,,,,,0.781,,
2026-09-28T16:27:43.633,260.636,0,1628.25,87,,106.281,21.176,15.5,0.781,1.003,0.995,-0.035,15030,29.02,18.039,52,,,,,,,,,,,,45.098,
2026-09-28T16:27:43.762,260.765,0,1637.5,71,,104.906,21.176,15.5,0.0,0.995,0.979,-0.078,14320,29.02,18.039,52,,,,,,,,,,,,,296
2026-09-28T16:27:43.892,260.895,0,1635.75,69,,104.031,20.392,16.0,0.0,0.993,0.979,-0.074,13820,18.431,15.294,52,101,,,,,,,,,,,,
2026-09-28T16:27:44.022,261.025,0,1642.75,67,,103.562,0.0,7.5,0.0,0.992,0.988,-0.051,13260,14.51,13.333,52,,40,,,,,,,,,,,
2026-09-28T16:27:44.152,261.155,0,1653.0,36,,102.969,0.0,17.0,0.0,0.992,0.981,-0.066,12890,16.078,12.941,52,,,3.125,,,,,,,,,,
2026-09-28T16:27:44.282,261.285,0,1609.5,29,,102.312,0.0,18.5,0.0,0.99,0.979,-0.074,12340,20.784,12.549,52,,,,13.847,,,,,,,,,
2026-09-28T16:27:44.412,261.416,0,1617.5,24,,101.719,0.0,23.5,-1.562,0.999,0.975,-0.086,11730,24.706,16.471,51,,,,,96,,,,,,,,
2026-09-28T16:27:44.542,261.545,0,1627.5,34,,100.125,11.373,-9.5,-1.562,1.002,0.991,-0.043,11320,26.667,16.863,51,,,,,,21,,,,,,,
2026-09-28T16:27:44.674,261.677,0,1552.75,42,,99.469,13.333,-8.5,-0.781,1.005,1.016,-0.004,10600,27.843,16.471,51,,,,,,,78.039,,,,,,
2026-09-28T16:27:44.803,261.806,0,1459.0,49,,99.406,17.255,-6.5,-0.781,1.009,0.998,-0.027,9830,28.235,17.255,51,,,,,,,,586.6,,,,,
2026-09-28T16:27:44.933,261.936,0,1413.75,52,,98.781,23.529,-1.5,-1.562,0.999,0.991,-0.043,10510,28.627,16.863,51,,,,,,,,,0.785,,,,
2026-09-28T16:27:45.062,262.065,0,1365.25,60,,98.812,23.922,3.5,-2.344,0.994,0.973,-0.09,11180,28.627,16.863,51,,,,,,,,,,,0.781,,
2026-09-28T16:27:45.192,262.195,0,1295.5,61,,98.531,25.49,8.5,-3.125,0.991,0.98,-0.07,11720,28.627,16.078,51,,,,,,,,,,,,40.392,
2026-09-28T16:27:45.322,262.325,0,1219.25,60,,98.688,28.627,11.5,-2.344,1.0,1.013,-0.008,12480,29.02,16.471,51,,,,,,,,,,,,,297
2026-09-28T16:27:45.452,262.455,0,1221.75,60,,99.469,29.02,12.0,-2.344,1.002,1.002,-0.02,12490,29.02,16.471,51,101,,,,,,,,,,,,
2026-09-28T16:27:45.582,262.585,0,1229.75,60,,99.438,29.412,11.5,-2.344,1.002,1.003,-0.016,12620,29.412,16.863,51,,41,,,,,,,,,,,
2026-09-28T16:27:45.712,262.715,0,1229.25,60,,99.406,29.804,11.5,-2.344,1.002,1.007,-0.012,13550,29.804,17.255,51,,,1.562,,,,,,,,,,
2026-09-28T16:27:45.842,262.845,0,1232.0,67,,99.156,31.765,11.5,-3.125,1.001,0.978,-0.078,13670,30.196,17.255,51,,,,13.945,,,,,,,,,
2026-09-28T16:27:45.972,262.975,0,1237.5,68,,99.156,31.765,12.5,-3.906,1.001,0.985,-0.059,13740,30.196,16.863,51,,,,,96,,,,,,,,
2026-09-28T16:27:46.102,263.105,0,1242.25,67,,99.156,32.549,12.5,-3.125,1.001,1.003,-0.016,14170,30.196,17.647,51,,,,,,21,,,,,,,
2026-09-28T16:27:46.233,263.236,0,1244.5,65,,99.312,32.941,12.5,-2.344,1.002,1.005,-0.016,14640,30.196,17.647,51,,,,,,,78.039,,,,,,
2026-09-28T16:27:46.362,263.365,0,1251.25,69,,99.406,32.157,12.5,-3.125,0.998,0.987,-0.051,14700,30.196,18.039,52,,,,,,,,584.6,,,,,
2026-09-28T16:27:46.493,263.496,0,1257.0,70,,99.469,32.941,12.5,-3.125,0.995,0.996,-0.031,14520,30.196,18.039,52,,,,,,,,,0.78,,,,
2026-09-28T16:27:46.622,263.625,0,1257.5,68,,99.469,33.333,12.5,-2.344,1.002,1.015,-0.004,14980,30.196,18.039,52,,,,,,,,,,,0.781,,
2026-09-28T16:27:46.752,263.755,0,1253.5,71,,99.469,33.333,12.5,-2.344,1.007,0.998,-0.023,14710,30.196,18.039,52,,,,,,,,,,,,47.843,
2026-09-28T16:27:46.882,263.885,0,1261.5,71,,99.594,32.941,12.5,-3.125,1.005,1.002,-0.02,14540,30.588,17.647,52,,,,,,,,,,,,,299
2026-09-28T16:27:47.012,264.015,0,1262.0,70,,99.75,33.333,12.5,-1.562,0.996,1.009,-0.012,15020,30.196,17.647,52,101,,,,,,,,,,,,
2026-09-28T16:27:47.142,264.145,0,1256.25,70,,99.781,32.941,12.5,-2.344,0.992,0.987,-0.055,14860,30.196,18.039,52,,41,,,,,,,,,,,
2026-09-28T16:27:47.272,264.275,0,1258.25,72,,99.781,33.333,12.5,-3.125,0.998,0.99,-0.047,14340,30.196,17.647,52,,,1.562,,,,,,,,,,
2026-09-28T16:27:47.402,264.405,0,1267.0,72,,99.812,33.333,12.5,-2.344,1.005,1.016,-0.004,14580,30.196,17.647,52,,,,13.906,,,,,,,,,
2026-09-28T16:27:47.532,264.535,0,1268.75,70,,100.094,31.765,12.5,-1.562,1.009,1.016,-0.004,14720,30.196,18.039,52,,,,,96,,,,,,,,
2026-09-28T16:27:47.662,264.665,0,1269.0,72,,100.094,32.549,12.5,-2.344,1.002,0.987,-0.051,14150,30.196,17.647,53,,,,,,21,,,,,,,
2026-09-28T16:27:47.792,264.795,0,1275.5,71,,100.125,32.549,12.5,-2.344,0.995,0.999,-0.023,14440,30.196,17.647,53,,,,,,,78.039,,,,,,
2026-09-28T16:27:47.922,264.925,0,1273.75,69,,100.094,32.157,12.5,-1.562,0.992,0.995,-0.031,14740,30.196,18.039,53,,,,,,,,582.2,,,,,
2026-09-28T16:27:48.052,265.055,0,1272.75,73,,100.125,32.549,12.5,-2.344,1.001,0.992,-0.039,14270,29.804,17.647,53,,,,,,,,,0.775,,,,
2026-09-28T16:27:48.182,265.185,0,1278.75,71,,100.125,31.765,12.5,-2.344,1.006,1.013,-0.008,14240,18.431,15.294,53,,,,,,,,,,,0.781,,
2026-09-28T16:27:48.312,265.315,0,1274.25,67,,100.406,30.588,0.5,-1.562,1.008,1.022,0.0,14370,14.51,13.333,53,,,,,,,,,,,,34.902,
2026-09-28T16:27:48.442,265.445,0,1276.75,45,,99.562,0.0,12.5,-1.562,1.0,0.986,-0.055,13690,21.569,12.157,53,,,,,,,,,,,,,300
2026-09-28T16:27:48.572,265.575,0,1293.0,33,,99.438,13.333,17.0,-2.344,0.995,0.985,-0.059,12960,25.882,14.902,53,101,,,,,,,,,,,,
2026-09-28T16:27:48.702,265.705,0,1273.5,34,,98.812,16.863,12.5,-2.344,0.994,0.989,-0.047,12500,29.02,15.686,53,,41,,,,,,,,,,,
2026-09-28T16:27:48.833,265.836,0,1282.75,39,,98.188,21.176,13.5,-1.562,1.001,1.013,-0.008,12360,29.804,16.078,53,,,2.344,,,,,,,,,,
2026-09-28T16:27:48.962,265.965,0,1283.0,50,,98.062,22.353,13.5,-1.562,1.007,0.998,-0.023,11650,30.196,16.863,53,,,,13.847,,,,,,,,,
2026-09-28T16:27:49.092,266.095,0,1288.5,54,,97.844,25.49,12.5,-2.344,1.0,0.992,-0.039,11060,30.196,18.039,53,,,,,96,,,,,,,,
2026-09-28T16:27:49.222,266.225,0,1289.75,58,,97.562,30.588,12.5,-2.344,0.995,0.991,-0.043,12140,30.588,18.039,53,,,,,,21,,,,,,,
2026-09-28T16:27:49.352,266.355,0,1289.25,71,,97.531,30.98,12.5,-3.125,0.992,0.97,-0.098,12410,30.588,18.431,53,,,,,,,78.039,,,,,,
2026-09-28T16:27:49.483,266.486,0,1298.5,72,,97.562,31.373,12.5,-3.906,1.0,0.994,-0.035,13090,30.588,18.431,53,,,,,,,,581.0,,,,,
2026-09-28T16:27:49.612,266.615,0,1300.25,71,,97.625,31.765,12.5,-2.344,1.006,1.021,0.0,14310,29.02,17.647,54,,,,,,,,,0.775,,,,
2026-09-28T16:27:49.742,266.745,0,1295.5,71,,99.0,28.235,8.0,-3.125,1.006,0.99,-0.047,14360,14.51,14.51,54,,,,,,,,,,,0.781,,
2026-09-28T16:27:49.872,266.875,0,1284.75,57,,98.5,0.0,1.0,-3.906,0.997,0.994,-0.035,13780,20.392,12.549,54,,,,,,,,,,,,29.02,
2026-09-28T16:27:50.002,267.005,0,1306.5,44,,98.625,0.0,14.0,-2.344,0.994,1.009,-0.012,14070,27.059,15.686,54,,,,,,,,,,,,,302
2026-09-28T16:27:50.132,267.135,0,1297.0,36,,98.094,18.824,14.0,-0.781,0.991,1.02,0.0,13320,28.627,16.078,54,101,,,,,,,,,,,,
2026-09-28T16:27:50.262,267.265,0,1307.75,47,,97.875,21.176,12.5,0.781,0.996,1.035,0.016,12380,29.412,16.078,54,,41,,,,,,,,,,,
2026-09-28T16:27:50.393,267.396,0,1318.75,50,,97.844,21.961,13.0,0.0,1.004,0.991,-0.043,12140,29.804,17.647,54,,,1.562,,,,,,,,,,
2026-09-28T16:27:50.522,267.525,0,1315.5,54,,97.531,28.627,13.0,-1.562,1.007,0.984,-0.059,11760,30.196,18.039,54,,,,13.867,,,,,,,,,
2026-09-28T16:27:50.653,267.656,0,1322.5,67,,97.438,29.02,12.5,-3.125,1.008,0.981,-0.066,12030,30.196,17.647,54,,,,,96,,,,,,,,
2026-09-28T16:27:50.782,267.785,0,1318.75,66,,97.531,29.02,12.5,-2.344,0.999,0.995,-0.031,13230,30.196,18.039,55,,,,,,21,,,,,,,
2026-09-28T16:27:50.912,267.916,0,1322.5,68,,97.531,29.804,12.5,-2.344,0.992,0.982,-0.066,13550,30.196,18.431,55,,,,,,,78.039,,,,,,
2026-09-28T16:27:51.042,268.045,0,1327.25,71,,97.562,30.588,13.0,-3.125,0.998,0.998,-0.023,13850,29.804,18.039,55,,,,,,,,579.6,,,,,
2026-09-28T16:27:51.174,268.177,0,1337.25,70,,98.781,29.804,13.0,-1.562,1.005,1.018,-0.004,14430,14.51,15.294,55,,,,,,,,,0.77,,,,
2026-09-28T16:27:51.302,268.305,0,1326.0,65,,98.594,0.0,3.0,-1.562,1.008,1.013,-0.008,13970,16.471,13.333,55,,,,,,,,,,,0.781,,
2026-09-28T16:27:51.432,268.436,0,1330.0,55,,98.562,16.863,14.5,-2.344,1.0,0.989,-0.047,13280,25.882,15.294,55,,,,,,,,,,,,28.235,
2026-09-28T16:27:51.562,268.565,0,1330.25,38,,98.188,18.039,14.0,-2.344,0.995,0.998,-0.023,12990,27.843,16.078,55,,,,,,,,,,,,,303
2026-09-28T16:27:51.692,268.695,0,1346.0,42,,97.875,18.824,14.0,0.0,0.992,1.02,0.0,12700,29.412,16.863,55,101,,,,,,,,,,,,
2026-09-28T16:27:51.823,268.826,0,1357.25,49,,97.844,23.137,14.0,-1.562,0.99,0.978,-0.078,11580,30.98,18.039,55,,41,,,,,,,,,,,
2026-09-28T16:27:51.952,268.955,0,1345.25,59,,97.25,27.059,12.5,-2.344,1.0,0.991,-0.043,11930,31.373,19.216,55,,,1.562,,,,,,,,,,
2026-09-28T16:27:52.082,269.085,0,1340.75,68,,97.219,29.804,13.0,-2.344,1.006,0.988,-0.051,12130,32.157,22.745,56,,,,13.906,,,,,,,,,
2026-09-28T16:27:52.212,269.215,0,1360.5,79,,96.906,34.118,11.5,-3.906,1.008,0.998,-0.023,12610,32.157,22.353,56,,,,,96,,,,,,,,
2026-09-28T16:27:52.342,269.345,0,1347.75,85,,97.531,36.863,11.5,-0.781,0.999,1.035,0.016,13890,19.608,16.471,56,,,,,,21,,,,,,,
2026-09-28T16:27:52.472,269.475,0,1347.0,79,,98.719,30.98,-1.0,0.0,0.993,1.016,-0.004,14620,14.51,13.333,56,,,,,,,78.039,,,,,,
2026-09-28T16:27:52.602,269.605,0,1328.5,62,,98.906,0.0,3.5,0.0,1.0,0.997,-0.027,14310,27.843,15.686,56,,,,,,,,578.1,,,,,
2026-09-28T16:27:52.733,269.736,0,1372.5,42,,98.688,18.824,6.5,-0.781,1.006,0.998,-0.027,14150,29.02,15.686,56,,,,,,,,,0.77,,,,
2026-09-28T16:27:52.862,269.865,0,1349.25,44,,98.5,19.216,14.0,0.0,1.008,1.019,0.0,13860,30.196,16.863,56,,,,,,,,,,,0.781,,
2026-09-28T16:27:52.992,269.995,0,1350.75,51,,98.188,21.961,13.5,-1.562,1.008,0.979,-0.078,12870,27.451,17.255,56,,,,,,,,,,,,37.647,
2026-09-28T16:27:53.122,270.125,0,1356.75,57,,97.906,0.0,8.5,-2.344,0.999,0.979,-0.074,12130,14.51,14.118,56,,,,,,,,,,,,,305
2026-09-28T16:27:53.252,270.255,0,1347.5,46,,98.219,0.0,14.0,-2.344,0.994,0.984,-0.062,12020,14.902,12.941,56,101,,,,,,,,,,,,
2026-09-28T16:27:53.382,270.385,0,1346.25,37,,98.344,0.0,17.0,-3.125,0.993,0.982,-0.066,11560,14.51,12.157,56,,41,,,,,,,,,,,
2026-09-28T16:27:53.513,270.516,0,1341.5,29,,98.188,0.0,25.0,-2.344,0.991,0.985,-0.059,11120,20.0,12.157,56,,,6.25,,,,,,,,,,
2026-09-28T16:27:53.642,270.645,0,1332.75,23,,97.875,9.412,24.0,-2.344,0.993,0.991,-0.043,10970,22.353,13.333,56,,,,13.964,,,,,,,,,
2026-09-28T16:27:53.772,270.775,0,1365.0,26,,97.875,10.196,18.0,-2.344,0.998,0.996,-0.027,10380,23.137,14.51,56,,,,,96,,,,,,,,
2026-09-28T16:27:53.902,270.905,0,1356.75,31,,97.531,13.333,15.0,-3.125,1.0,0.987,-0.051,9830,14.51,12.157,56,,,,,,21,,,,,,,
2026-09-28T16:27:54.032,271.035,0,1341.5,33,,97.562,0.0,24.5,-3.125,1.003,0.994,-0.035,9360,17.255,12.157,56,,,,,,,78.039,,,,,,
2026-09-28T16:27:54.162,271.165,0,1327.5,23,,97.531,0.0,27.5,-3.906,1.005,0.99,-0.047,8970,14.51,12.157,56,,,,,,,,578.6,,,,,
2026-09-28T16:27:54.293,271.296,0,1342.0,22,,97.531,0.0,22.5,-2.344,1.003,1.012,-0.008,8630,14.51,12.549,56,,,,,,,,,0.77,,,,
2026-09-28T16:27:54.422,271.425,0,1336.5,22,,97.406,0.0,21.0,-1.562,1.003,1.026,0.008,8250,23.137,14.51,56,,,,,,,,,,,0.781,,
2026-09-28T16:27:54.552,271.555,0,1340.25,27,,97.188,11.373,17.0,-1.562,1.003,1.028,0.008,7790,21.569,14.118,56,,,,,,,,,,,,20.392,
2026-09-28T16:27:54.682,271.685,0,1358.0,31,,97.188,12.941,18.5,-2.344,1.001,1.0,-0.02,7240,14.51,12.157,56,,,,,,,,,,,,,307
2026-09-28T16:27:54.812,271.815,0,1329.5,27,,97.219,0.0,26.0,-1.562,1.003,1.01,-0.012,6790,19.608,12.549,56,101,,,,,,,,,,,,
2026-09-28T16:27:54.942,271.945,0,1321.75,23,,97.219,8.627,22.0,-2.344,1.003,0.985,-0.059,6400,14.51,12.549,55,,41,,,,,,,,,,,
2026-09-28T16:27:55.072,272.075,0,1338.75,23,,97.219,0.0,15.5,-3.125,1.003,0.979,-0.078,6090,16.078,12.549,55,,,6.25,,,,,,,,,,
2026-09-28T16:27:55.202,272.205,0,1332.75,22,,97.188,0.0,9.5,-3.125,1.002,0.99,-0.043,5730,16.078,12.549,55,,,,13.964,,,,,,,,,
2026-09-28T16:27:55.332,272.335,0,1325.75,22,,97.0,0.0,5.0,-3.125,1.003,0.993,-0.039,5380,14.51,12.549,55,,,,,96,,,,,,,,
2026-09-28T16:27:55.462,272.465,0,1326.0,22,,97.031,0.0,1.0,-3.125,1.003,0.992,-0.039,5010,14.51,12.549,55,,,,,,21,,,,,,,
2026-09-28T16:27:55.592,272.595,0,1320.0,22,,96.969,0.0,-3.0,0.0,1.003,0.984,-0.059,4700,14.51,12.549,55,,,,,,,78.039,,,,,,
2026-09-28T16:27:55.722,272.725,0,1302.5,22,,96.906,0.0,-4.5,0.0,1.003,0.981,-0.066,4930,15.294,12.549,55,,,,,,,,579.8,,,,,
2026-09-28T16:27:55.853,272.856,0,1317.0,22,,96.906,0.0,-4.0,0.0,1.004,1.072,0.059,6220,14.51,12.549,55,,,,,,,,,0.77,,,,
2026-09-28T16:27:55.982,272.985,0,1303.5,23,,96.906,0.0,-4.5,0.0,0.998,1.402,0.367,6990,18.039,12.549,55,,,,,,,,,,,0.781,,
2026-09-28T16:27:56.112,273.115,0,1297.75,23,,97.125,0.0,-4.5,0.0,1.003,2.0,0.691,8760,14.51,12.157,54,,,,,,,,,,,,12.941,
2026-09-28T16:27:56.242,273.245,0,1298.25,23,,97.188,0.0,-4.5,0.0,1.041,2.0,0.879,9310,14.51,12.157,54,,,,,,,,,,,,,308
2026-09-28T16:27:56.372,273.376,0,1295.25,23,,97.219,0.0,-4.5,0.0,1.11,2.0,0.992,9300,16.078,12.157,54,101,,,,,,,,,,,,
2026-09-28T16:27:56.502,273.506,0,1292.0,23,,97.219,0.0,-4.5,0.0,1.169,2.0,1.078,9420,14.51,12.157,54,,42,,,,,,,,,,,
2026-09-28T16:27:56.632,273.635,0,1285.25,24,,97.219,0.0,-4.5,0.0,1.224,2.0,1.121,9510,14.51,12.157,54,,,6.25,,,,,,,,,,
2026-09-28T16:27:56.762,273.765,0,1279.5,24,,97.219,0.0,-5.0,0.0,1.284,2.0,1.164,9520,14.51,12.157,54,,,,13.945,,,,,,,,,
2026-09-28T16:27:56.892,273.895,0,1271.5,23,,97.219,0.0,-5.0,0.0,1.376,2.0,1.191,9510,16.078,12.157,53,,,,,96,,,,,,,,
2026-09-28T16:27:57.022,274.025,0,1264.5,24,,97.219,0.0,-5.0,0.0,1.465,2.0,1.211,9510,14.51,12.157,53,,,,,,21,,,,,,,
2026-09-28T16:27:57.162,274.166,0,1261.0,24,,97.219,0.0,-5.0,0.0,1.584,2.0,1.219,9500,16.471,12.157,53,,,,,,,78.039,,,,,,
2026-09-28T16:27:57.292,274.295,0,1256.25,24,,97.219,0.0,-5.0,0.0,1.633,2.0,1.234,9500,21.961,12.941,52,,,,,,,,582.3,,,,,
2026-09-28T16:27:57.423,274.426,0,1264.25,24,,97.219,11.765,19.5,0.0,1.8,2.0,1.207,10320,25.098,15.294,53,,,,,,,,,0.695,,,,
2026-09-28T16:27:57.552,274.556,0,1277.25,34,,96.906,16.471,14.0,0.0,1.51,2.0,0.82,9720,27.451,15.294,52,,,,,,,,,,,0.781,,
2026-09-28T16:27:57.682,274.685,0,1265.25,38,,96.906,18.039,11.5,0.0,1.201,1.326,0.309,8900,31.373,16.078,52,,,,,,,,,,,,30.588,
2026-09-28T16:27:57.812,274.815,0,1248.5,43,,96.906,20.784,12.5,0.0,1.012,1.031,0.012,9270,33.725,17.255,52,,,,,,,,,,,,,310
2026-09-28T16:27:57.942,274.945,0,1250.25,62,,96.562,29.804,12.0,0.0,0.949,0.902,-0.254,9490,34.118,19.216,52,101,,,,,,,,,,,,
2026-09-28T16:27:58.072,275.075,0,1251.25,69,,96.562,32.549,12.5,0.0,0.919,0.899,-0.266,9820,34.51,23.137,52,,43,,,,,,,,,,,
2026-09-28T16:27:58.202,275.205,0,1261.5,79,,96.375,39.216,10.0,0.781,0.908,0.929,-0.191,10740,34.902,27.059,52,,,0.781,,,,,,,,,,
2026-09-28T16:27:58.332,275.335,0,1261.25,88,,96.906,47.059,9.5,2.344,0.899,0.934,-0.18,11920,34.902,28.627,52,,,,13.847,,,,,,,,,
2026-09-28T16:27:58.462,275.465,0,1258.25,94,,97.406,48.235,9.5,0.781,0.896,0.903,-0.254,12380,34.902,28.235,52,,,,,96,,,,,,,,
2026-09-28T16:27:58.592,275.595,0,1262.5,94,,97.938,47.843,9.0,2.344,0.893,0.92,-0.211,13020,34.118,26.667,53,,,,,,21,,,,,,,
2026-09-28T16:27:58.722,275.725,0,1265.75,94,,98.562,41.569,10.5,2.344,0.893,0.912,-0.23,14610,32.549,22.353,53,,,,,,,78.039,,,,,,
2026-09-28T16:27:58.852,275.855,0,1268.0,89,,100.031,41.569,10.0,2.344,0.892,0.904,-0.25,14730,32.157,20.784,53,,,,,,,,576.1,,,,,
2026-09-28T16:27:58.982,275.985,0,1269.25,87,,100.562,39.608,11.0,2.344,0.888,0.897,-0.27,15190,30.98,17.647,53,,,,,,,,,0.245,,,,
2026-09-28T16:27:59.112,276.115,0,1270.0,83,,101.062,37.255,12.0,2.344,0.885,0.889,-0.293,15880,30.98,17.647,53,,,,,,,,,,,0.781,,
2026-09-28T16:27:59.242,276.245,0,1272.25,74,,101.406,32.941,12.5,1.562,0.882,0.867,-0.359,15830,29.804,16.863,53,,,,,,,,,,,,45.49,
2026-09-28T16:27:59.372,276.375,0,1281.75,73,,101.531,30.588,12.5,1.562,0.881,0.867,-0.359,15250,28.235,16.078,53,,,,,,,,,,,,,311
2026-09-28T16:27:59.502,276.505,0,1276.5,65,,101.438,27.843,12.5,2.344,0.88,0.882,-0.312,14850,28.235,16.078,53,102,,,,,,,,,,,,
2026-09-28T16:27:59.632,276.635,0,1279.0,59,,101.25,26.275,12.5,1.562,0.88,0.872,-0.344,14710,28.235,16.078,53,,42,,,,,,,,,,,
2026-09-28T16:27:59.763,276.766,0,1285.5,58,,101.0,25.882,13.0,0.0,0.88,0.85,-0.414,13530,28.235,16.078,53,,,1.562,,,,,,,,,,
2026-09-28T16:27:59.892,276.895,0,1308.0,57,,100.75,25.49,13.0,0.0,0.88,0.86,-0.379,13140,28.235,16.471,53,,,,13.886,,,,,,,,,
2026-09-28T16:28:00.022,277.025,0,1305.75,56,,100.531,25.098,13.0,0.0,0.88,0.863,-0.371,12830,25.098,15.686,53,,,,,96,,,,,,,,
2026-09-28T16:28:00.152,277.155,0,1286.25,55,,100.406,23.922,11.0,0.0,0.88,0.851,-0.41,11840,14.51,12.941,53,,,,,,21,,,,,,,
2026-09-28T16:28:00.282,277.285,0,1279.0,44,,99.344,0.0,13.5,-0.781,0.88,0.852,-0.406,11410,14.51,12.157,53,,,,,,,78.039,,,,,,
2026-09-28T16:28:00.412,277.415,0,1276.75,33,,99.156,0.0,19.0,-1.562,0.88,0.853,-0.406,11530,18.039,12.157,53,,,,,,,,571.5,,,,,
2026-09-28T16:28:00.542,277.545,0,1272.5,23,,98.812,9.412,27.5,-0.781,0.88,0.851,-0.41,11090,21.569,12.941,53,,,,,,,,,0.755,,,,
2026-09-28T16:28:00.674,277.677,0,1263.25,23,,98.5,9.412,22.0,-1.562,0.88,0.861,-0.375,10550,23.137,14.51,53,,,,,,,,,,,0.781,,
2026-09-28T16:28:00.802,277.805,0,1300.25,28,,98.188,12.941,17.0,-1.562,0.881,0.863,-0.367,10090,23.922,14.902,53,,,,,,,,,,,,21.176,
2026-09-28T16:28:00.932,277.935,0,1278.75,32,,97.875,16.863,14.0,-0.781,0.873,0.878,-0.324,9330,24.706,14.902,54,,,,,,,,,,,,,313
2026-09-28T16:28:01.062,278.065,0,1294.25,37,,97.562,17.255,14.0,-0.781,0.914,0.926,-0.199,8960,24.706,14.902,54,102,,,,,,,,,,,,
2026-09-28T16:28:01.192,278.195,0,1295.0,40,,97.531,18.431,14.0,-0.781,0.966,0.968,-0.102,8630,14.51,12.549,54,,41,,,,,,,,,,,
2026-09-28T16:28:01.323,278.326,0,1296.5,41,,97.531,0.0,17.5,-0.781,0.986,0.975,-0.086,7970,14.51,12.157,54,,,4.688,,,,,,,,,,
2026-09-28T16:28:01.452,278.456,0,1291.25,26,,97.562,0.0,24.5,-1.562,0.998,0.984,-0.059,7620,14.51,12.549,54,,,,13.828,,,,,,,,,
2026-09-28T16:28:01.582,278.585,0,1286.25,24,,97.531,0.0,27.5,-1.562,1.001,0.977,-0.082,7570,14.902,12.157,54,,,,,96,,,,,,,,
2026-09-28T16:28:01.712,278.715,0,1310.75,23,,97.531,0.0,22.0,-1.562,1.003,0.989,-0.047,7220,17.255,12.157,54,,,,,,21,,,,,,,
2026-09-28T16:28:01.842,278.845,0,1300.75,22,,97.219,0.0,17.0,-1.562,1.004,1.002,-0.02,6920,18.431,12.157,54,,,,,,,78.039,,,,,,
2026-09-28T16:28:01.972,278.975,0,1305.75,22,,97.219,0.0,11.0,-0.781,1.005,1.022,0.0,6590,19.608,12.549,55,,,,,,,,572.0,,,,,
2026-09-28T16:28:02.102,279.105,0,1310.0,22,,97.219,8.235,11.0,0.0,1.006,1.031,0.012,6240,19.608,12.549,55,,,,,,,,,0.94,,,,
2026-09-28T16:28:02.232,279.235,0,1312.5,22,,97.219,8.235,9.5,0.0,1.004,1.036,0.02,5950,14.51,12.549,55,,,,,,,,,,,0.781,,
2026-09-28T16:28:02.362,279.365,0,1313.25,22,,97.219,0.0,5.0,0.0,1.008,1.022,0.0,5580,14.51,12.549,55,,,,,,,,,,,,12.549,
2026-09-28T16:28:02.492,279.495,0,1320.5,22,,97.219,0.0,0.5,-0.781,1.008,0.998,-0.023,5200,14.902,12.549,55,,,,,,,,,,,,,314
2026-09-28T16:28:02.622,279.625,0,1321.25,22,,97.094,0.0,-3.0,0.0,1.008,0.978,-0.078,4880,14.902,12.549,55,102,,,,,,,,,,,,
2026-09-28T16:28:02.752,279.755,0,1314.0,22,,97.219,0.0,-4.0,0.0,1.009,0.985,-0.059,5320,14.51,12.549,55,,42,,,,,,,,,,,
2026-09-28T16:28:02.882,279.886,0,1320.0,22,,97.219,0.0,-4.0,0.0,1.008,1.08,0.066,6050,14.51,12.549,55,,,6.25,,,,,,,,,,
2026-09-28T16:28:03.012,280.015,0,1311.75,22,,97.219,0.0,-4.5,0.0,0.999,1.359,0.336,7270,15.294,12.549,56,,,,13.925,,,,,,,,,
2026-09-28T16:28:03.142,280.145,0,1314.75,24,,97.219,0.0,-4.0,0.0,1.004,1.964,0.664,8800,16.078,12.549,55,,,,,96,,,,,,,,
2026-09-28T16:28:03.272,280.275,0,1325.5,24,,97.219,0.0,-4.0,0.0,1.049,2.0,0.852,9310,18.431,12.549,55,,,,,,21,,,,,,,
2026-09-28T16:28:03.402,280.406,0,1330.5,24,,97.219,0.0,-3.0,0.0,1.089,2.0,0.996,9280,20.0,12.549,56,,,,,,,78.039,,,,,,
2026-09-28T16:28:03.532,280.535,0,1356.25,24,,97.219,8.627,12.5,0.0,1.209,2.0,0.992,9390,20.392,12.549,56,,,,,,,,573.5,,,,,
2026-09-28T16:28:03.662,280.665,0,1344.25,22,,97.219,8.235,20.0,0.0,1.189,1.553,0.469,9180,20.784,12.549,56,,,,,,,,,0.92,,,,
2026-09-28T16:28:03.792,280.795,0,1323.75,22,,97.219,8.627,30.0,0.0,1.069,1.128,0.117,8720,21.176,12.941,56,,,,,,,,,,,0.781,,
2026-09-28T16:28:03.922,280.925,0,1348.5,23,,97.219,9.412,20.5,0.0,0.988,0.982,-0.066,8400,14.51,12.157,56,,,,,,,,,,,,14.51,
2026-09-28T16:28:04.052,281.055,0,1346.75,23,,96.906,0.0,26.5,0.0,0.932,0.912,-0.23,7960,14.51,12.157,56,,,,,,,,,,,,,316
2026-09-28T16:28:04.182,281.186,0,1345.25,22,,96.906,0.0,19.5,0.0,0.927,0.918,-0.215,7590,14.51,12.549,56,102,,,,,,,,,,,,
2026-09-28T16:28:04.312,281.315,0,1346.75,22,,96.906,0.0,13.5,0.0,0.958,0.966,-0.105,7220,14.902,12.549,56,,42,,,,,,,,,,,
2026-09-28T16:28:04.442,281.445,0,1346.25,22,,96.906,0.0,8.0,0.0,0.979,0.986,-0.055,6890,15.686,12.549,56,,,6.25,,,,,,,,,,
2026-09-28T16:28:04.572,281.575,0,1344.25,22,,96.906,0.0,3.5,0.0,0.992,0.999,-0.02,6540,16.471,12.549,56,,,,13.906,,,,,,,,,
2026-09-28T16:28:04.702,281.705,0,1350.0,22,,96.906,0.0,-0.5,0.0,0.997,1.018,-0.004,6170,16.863,12.549,56,,,,,96,,,,,,,,
2026-09-28T16:28:04.832,281.835,0,1342.25,21,,96.906,0.0,-4.0,0.0,1.005,1.031,0.012,5890,17.255,12.549,56,,,,,,21,,,,,,,
2026-09-28T16:28:04.962,281.965,0,1341.0,22,,96.906,0.0,-4.0,0.0,1.019,1.132,0.121,6500,17.647,12.549,56,,,,,,,78.039,,,,,,
2026-09-28T16:28:05.092,282.095,0,1325.5,23,,96.906,0.0,-4.0,0.0,1.015,1.404,0.371,7750,18.431,12.549,56,,,,,,,,574.6,,,,,
2026-09-28T16:28:05.222,282.225,0,1332.25,23,,96.906,9.02,-1.0,0.0,0.992,1.79,0.594,8460,20.0,12.549,56,,,,,,,,,0.91,,,,
2026-09-28T16:28:05.352,282.355,0,1358.5,24,,96.906,9.02,15.5,0.0,1.042,1.943,0.656,8800,21.176,12.941,56,,,,,,,,,,,0.781,,
2026-09-28T16:28:05.482,282.485,0,1341.5,23,,96.969,8.627,26.0,0.0,1.039,1.22,0.215,8620,21.569,13.333,56,,,,,,,,,,,,15.686,
2026-09-28T16:28:05.613,282.616,0,1331.5,25,,96.906,10.196,21.5,0.0,0.979,0.973,-0.09,8040,21.569,13.725,56,,,,,,,,,,,,,317
2026-09-28T16:28:05.742,282.745,0,1348.75,27,,96.906,10.98,18.5,0.0,0.934,0.925,-0.199,7740,21.961,13.333,56,102,,,,,,,,,,,,
2026-09-28T16:28:05.872,282.876,0,1335.5,28,,96.906,11.765,18.5,0.0,0.933,0.945,-0.152,7850,21.961,13.333,56,,43,,,,,,,,,,,
2026-09-28T16:28:06.001,283.005,0,1334.5,28,,96.906,10.98,18.5,0.0,0.96,0.979,-0.074,7310,21.961,13.725,56,,,3.906,,,,,,,,,,
2026-09-28T16:28:06.132,283.135,0,1334.75,29,,96.906,12.157,17.0,0.0,0.983,0.999,-0.023,6750,21.961,13.333,55,,,,13.886,,,,,,,,,
2026-09-28T16:28:06.262,283.265,0,1331.25,28,,96.906,11.765,18.5,0.781,0.992,1.026,0.008,6370,21.961,13.333,55,,,,,96,,,,,,,,
2026-09-28T16:28:06.392,283.395,0,1328.75,28,,96.906,11.373,18.0,1.562,0.996,1.034,0.016,5920,21.961,13.725,55,,,,,,21,,,,,,,
2026-09-28T16:28:06.522,283.525,0,1327.25,29,,96.906,12.157,18.0,2.344,0.998,1.027,0.008,5400,21.569,13.725,55,,,,,,,78.039,,,,,,
2026-09-28T16:28:06.652,283.655,0,1325.75,29,,96.906,12.157,18.0,1.562,0.999,0.998,-0.027,5140,21.569,13.725,55,,,,,,,,574.8,,,,,
2026-09-28T16:28:06.781,283.785,0,1324.0,29,,96.906,12.157,17.0,0.0,1.0,0.987,-0.055,4590,21.569,13.725,55,,,,,,,,,0.88,,,,
2026-09-28T16:28:06.912,283.915,0,1319.75,29,,96.906,12.157,18.5,0.0,1.0,0.994,-0.035,4480,21.569,13.333,55,,,,,,,,,,,0.781,,
2026-09-28T16:28:07.042,284.045,0,1317.25,29,,96.906,11.765,18.5,0.781,1.0,1.005,-0.016,4380,21.569,13.333,55,,,,,,,,,,,,18.039,
2026-09-28T16:28:07.174,284.177,0,1316.0,28,,96.906,11.765,13.5,0.781,1.0,0.998,-0.023,4270,20.0,12.549,55,,,,,,,,,,,,,319
2026-09-28T16:28:07.301,284.305,0,1312.25,27,,96.906,10.196,18.5,0.781,1.0,0.999,-0.023,4430,14.51,12.549,55,102,,,,,,,,,,,,
2026-09-28T16:28:07.432,284.435,0,1308.0,24,,96.906,0.0,15.5,0.781,1.0,0.999,-0.02,4290,14.51,12.549,55,,43,,,,,,,,,,,
2026-09-28T16:28:07.562,284.566,0,1296.5,23,,96.906,0.0,12.0,0.781,1.001,1.002,-0.02,3930,14.51,12.549,55,,,6.25,,,,,,,,,,
2026-09-28T16:28:07.692,284.695,0,1304.5,22,,96.906,0.0,7.0,0.781,1.001,1.003,-0.016,3620,14.51,12.549,55,,,,13.906,,,,,,,,,
2026-09-28T16:28:07.822,284.825,0,1301.0,22,,96.906,0.0,2.0,0.781,1.002,1.015,-0.004,3500,14.51,12.549,54,,,,,96,,,,,,,,
2026-09-28T16:28:07.952,284.956,0,1299.0,22,,96.906,0.0,-1.5,0.0,1.002,1.033,0.016,3330,14.51,12.549,54,,,,,,21,,,,,,,
2026-09-28T16:28:08.082,285.085,0,1294.25,22,,96.906,0.0,-4.5,0.0,1.002,1.071,0.059,4040,14.51,12.549,54,,,,,,,78.039,,,,,,
2026-09-28T16:28:08.212,285.215,0,1294.75,22,,96.906,0.0,-4.5,0.0,1.002,1.126,0.113,5150,14.51,12.549,54,,,,,,,,575.8,,,,,
2026-09-28T16:28:08.342,285.345,0,1284.25,23,,96.906,0.0,-5.0,0.0,1.003,1.294,0.281,6540,14.51,12.549,54,,,,,,,,,0.87,,,,
2026-09-28T16:28:08.472,285.475,0,1270.0,24,,96.906,0.0,-5.0,0.0,0.997,1.654,0.527,8330,14.51,12.549,53,,,,,,,,,,,0.781,,
2026-09-28T16:28:08.602,285.605,0,1257.0,24,,96.906,0.0,-5.0,0.0,1.009,2.0,0.754,8990,14.51,12.549,53,,,,,,,,,,,,14.118,
2026-09-28T16:28:08.733,285.736,0,1263.25,24,,96.906,0.0,-5.0,0.0,1.063,2.0,0.93,9650,14.51,12.549,53,,,,,,,,,,,,,321
2026-09-28T16:28:08.862,285.865,0,1267.75,25,,96.906,0.0,-5.0,0.0,1.124,2.0,1.043,9640,14.51,12.157,53,103,,,,,,,,,,,,
2026-09-28T16:28:08.992,285.996,0,1263.25,24,,96.906,0.0,-5.0,0.0,1.185,2.0,1.109,9620,14.51,12.157,53,,43,,,,,,,,,,,
2026-09-28T16:28:09.122,286.125,0,1258.5,24,,96.938,0.0,-5.0,0.0,1.234,2.0,1.152,9620,14.51,12.157,52,,,6.25,,,,,,,,,,
2026-09-28T16:28:09.252,286.255,0,1251.5,24,,97.0,0.0,-5.0,0.0,1.312,2.0,1.191,9600,14.51,12.157,52,,,,13.886,,,,,,,,,
2026-09-28T16:28:09.381,286.385,0,1244.25,24,,97.062,0.0,-5.5,0.0,1.398,2.0,1.203,9590,14.51,12.157,52,,,,,96,,,,,,,,
2026-09-28T16:28:09.512,286.515,0,1240.25,24,,97.062,0.0,-5.5,0.0,1.504,2.0,1.227,9580,14.51,12.549,52,,,,,,21,,,,,,,
2026-09-28T16:28:09.641,286.645,0,1231.5,25,,97.125,0.0,-5.5,0.0,1.608,2.0,1.234,9570,14.51,12.157,51,,,,,,,78.039,,,,,,
2026-09-28T16:28:09.772,286.775,0,1226.0,25,,97.156,0.0,-5.5,0.0,1.704,2.0,1.246,9560,14.51,12.157,51,,,,,,,,578.1,,,,,
2026-09-28T16:28:09.902,286.905,0,1223.0,24,,97.188,0.0,-5.5,0.0,1.75,2.0,1.242,9560,14.51,12.157,51,,,,,,,,,0.105,,,,
2026-09-28T16:28:10.032,287.035,0,1215.75,24,,97.219,0.0,-6.0,0.0,1.777,2.0,1.254,9550,14.51,12.157,51,,,,,,,,,,,0.781,,
2026-09-28T16:28:10.162,287.166,0,1207.75,24,,97.219,0.0,-6.0,0.0,1.788,2.0,1.258,9530,14.51,12.157,51,,,,,,,,,,,,13.333,
2026-09-28T16:28:10.292,287.295,0,1203.0,24,,97.219,0.0,-6.0,0.0,1.794,2.0,1.258,9530,14.51,12.157,50,,,,,,,,,,,,,322
2026-09-28T16:28:10.422,287.425,0,1195.75,24,,97.219,0.0,-6.0,0.0,1.797,2.0,1.262,9520,14.51,12.157,50,103,,,,,,,,,,,,
2026-09-28T16:28:10.552,287.555,0,1193.5,24,,97.219,0.0,-6.0,0.0,1.799,2.0,1.262,9520,14.51,12.157,49,,43,,,,,,,,,,,
2026-09-28T16:28:10.682,287.685,0,1185.25,24,,97.219,0.0,-6.5,0.0,1.799,2.0,1.266,9520,14.51,12.157,49,,,7.031,,,,,,,,,,
2026-09-28T16:28:10.812,287.815,0,1173.5,24,,97.219,0.0,-6.5,0.0,1.8,2.0,1.262,9510,14.51,12.157,49,,,,13.886,,,,,,,,,
2026-09-28T16:28:10.941,287.945,0,1166.5,24,,97.219,0.0,-6.5,0.0,1.8,2.0,1.266,9500,14.51,12.157,48,,,,,96,,,,,,,,
2026-09-28T16:28:11.072,288.075,0,1156.75,24,,97.188,0.0,-6.5,0.0,1.8,2.0,1.266,9500,14.51,12.157,48,,,,,,21,,,,,,,
2026-09-28T16:28:11.202,288.205,0,1146.5,24,,97.219,0.0,-7.0,0.0,1.8,2.0,1.262,9490,14.51,12.157,47,,,,,,,78.039,,,,,,
2026-09-28T16:28:11.332,288.335,0,1133.5,24,,97.219,0.0,-7.0,0.0,1.8,2.0,1.262,9490,14.51,12.157,47,,,,,,,,580.6,,,,,
2026-09-28T16:28:11.462,288.466,0,1193.5,24,,97.188,0.0,-6.0,0.0,1.8,2.0,1.266,9480,14.51,12.549,46,,,,,,,,,0.1,,,,
2026-09-28T16:28:11.592,288.595,0,1267.5,24,,97.188,0.0,-4.5,0.0,1.8,2.0,1.262,9480,14.51,12.549,46,,,,,,,,,,,0.781,,
2026-09-28T16:28:11.722,288.725,0,1347.5,24,,97.219,0.0,-4.0,0.0,1.8,2.0,1.258,9470,14.51,12.549,45,,,,,,,,,,,,12.941,
2026-09-28T16:28:11.852,288.855,0,1420.25,24,,97.219,0.0,-2.5,0.0,1.8,2.0,1.266,9460,14.51,12.549,45,,,,,,,,,,,,,324
2026-09-28T16:28:11.982,288.986,0,1416.25,24,,97.219,0.0,-2.5,0.0,1.8,2.0,1.266,9450,14.51,12.549,45,103,,,,,,,,,,,,
2026-09-28T16:28:12.113,289.116,0,1397.25,24,,97.219,0.0,-3.0,0.0,1.8,2.0,1.266,9450,14.51,12.549,44,,43,,,,,,,,,,,
2026-09-28T16:28:12.241,289.245,0,1381.5,24,,97.219,0.0,-4.0,0.0,1.8,2.0,1.27,9450,14.51,12.549,43,,,6.25,,,,,,,,,,
2026-09-28T16:28:12.372,289.375,0,1360.0,23,,97.219,0.0,-4.0,0.0,1.8,2.0,1.266,9440,14.51,12.549,43,,,,13.906,,,,,,,,,
2026-09-28T16:28:12.502,289.505,0,1346.25,23,,97.219,0.0,-4.0,0.0,1.8,2.0,1.27,9430,14.51,12.549,42,,,,,96,,,,,,,,
2026-09-28T16:28:12.632,289.635,0,1331.0,23,,97.219,0.0,-4.0,0.0,1.8,2.0,1.27,9420,14.51,12.549,42,,,,,,21,,,,,,,
2026-09-28T16:28:12.762,289.766,0,1318.5,23,,97.375,0.0,-4.0,0.0,1.8,2.0,1.27,9420,14.51,12.549,41,,,,,,,78.039,,,,,,
2026-09-28T16:28:12.892,289.895,0,1301.5,24,,97.375,0.0,-4.5,0.0,1.8,2.0,1.27,9420,14.51,12.549,41,,,,,,,,582.4,,,,,
2026-09-28T16:28:13.022,290.025,0,1281.75,23,,97.438,0.0,-5.0,0.0,1.8,2.0,1.27,9410,14.51,12.549,40,,,,,,,,,0.1,,,,
2026-09-28T16:28:13.152,290.155,0,1265.25,24,,97.438,0.0,-5.0,0.0,1.8,2.0,1.27,9740,14.51,12.157,40,,,,,,,,,,,0.781,,
2026-09-28T16:28:13.281,290.285,0,1247.75,24,,97.375,0.0,-5.5,0.0,1.8,2.0,1.27,9790,14.51,12.157,39,,,,,,,,,,,,13.333,
2026-09-28T16:28:13.412,290.415,0,1244.75,24,,97.438,0.0,-5.0,0.0,1.8,2.0,1.27,9770,14.51,12.549,38,,,,,,,,,,,,,325
2026-09-28T16:28:13.542,290.545,0,1303.75,24,,97.281,0.0,-4.0,0.0,1.8,2.0,1.273,9770,14.51,12.549,37,104,,,,,,,,,,,,
2026-09-28T16:28:13.674,290.677,0,1379.5,25,,97.406,0.0,-3.0,0.0,1.8,2.0,1.273,9760,14.51,12.549,37,,43,,,,,,,,,,,
2026-09-28T16:28:13.801,290.805,0,1455.75,24,,97.469,0.0,-2.5,0.0,1.8,2.0,1.27,9750,14.51,12.941,36,,,4.688,,,,,,,,,,
2026-09-28T16:28:13.932,290.935,0,1518.0,23,,97.531,0.0,-1.0,0.0,1.8,2.0,1.27,9750,14.51,12.941,35,,,,13.945,,,,,,,,,
2026-09-28T16:28:14.062,291.065,0,1584.25,24,,97.531,0.0,-1.0,0.0,1.8,2.0,1.273,9740,14.51,12.941,35,,,,,96,,,,,,,,
2026-09-28T16:28:14.192,291.195,0,1599.0,24,,97.531,0.0,-1.0,0.0,1.8,2.0,1.273,9730,14.51,12.941,34,,,,,,21,,,,,,,
2026-09-28T16:28:14.322,291.325,0,1568.5,24,,97.531,0.0,-1.0,0.0,1.8,2.0,1.273,9720,14.51,12.941,34,,,,,,,78.039,,,,,,
2026-09-28T16:28:14.452,291.455,0,1537.5,24,,97.531,0.0,-1.5,0.0,1.8,2.0,1.281,9720,14.51,12.941,33,,,,,,,,584.3,,,,,
2026-09-28T16:28:14.581,291.585,0,1509.75,23,,97.531,0.0,-2.0,0.0,1.8,2.0,1.277,9700,14.51,12.549,32,,,,,,,,,0.095,,,,
2026-09-28T16:28:14.712,291.716,0,1482.0,23,,97.531,0.0,-2.0,0.0,1.8,2.0,1.273,9700,14.51,12.549,32,,,,,,,,,,,0.781,,
2026-09-28T16:28:14.842,291.845,0,1447.0,23,,97.562,0.0,-2.5,0.0,1.8,2.0,1.277,9690,14.51,12.549,31,,,,,,,,,,,,12.549,
2026-09-28T16:28:14.972,291.975,0,1418.25,23,,97.562,0.0,-3.0,0.0,1.8,2.0,1.277,9690,14.51,12.549,30,,,,,,,,,,,,,327
2026-09-28T16:28:15.102,292.105,0,1384.0,23,,97.594,0.0,-4.0,0.0,1.8,2.0,1.277,9680,14.51,12.549,30,104,,,,,,,,,,,,
2026-09-28T16:28:15.232,292.235,0,1353.25,23,,97.594,0.0,-4.0,0.0,1.8,2.0,1.277,9670,14.51,12.549,29,,43,,,,,,,,,,,
2026-09-28T16:28:15.362,292.365,0,1325.75,24,,97.625,0.0,-4.0,0.0,1.8,2.0,1.277,9670,14.51,12.549,28,,,6.25,,,,,,,,,,
2026-09-28T16:28:15.492,292.495,0,1300.25,23,,97.562,0.0,-4.5,0.0,1.8,2.0,1.277,9660,14.51,12.157,28,,,,13.925,,,,,,,,,
2026-09-28T16:28:15.621,292.625,0,1264.75,24,,97.562,0.0,-5.0,0.0,1.8,2.0,1.281,9660,14.51,12.157,27,,,,,96,,,,,,,,
2026-09-28T16:28:15.752,292.755,0,1229.25,24,,97.562,0.0,-6.0,0.0,1.8,2.0,1.273,9650,14.51,12.157,26,,,,,,21,,,,,,,
2026-09-28T16:28:15.882,292.885,0,1195.5,24,,97.531,0.0,-6.5,0.0,1.8,2.0,1.277,9650,14.51,12.157,25,,,,,,,78.824,,,,,,
2026-09-28T16:28:16.012,293.015,0,1158.75,24,,97.531,0.0,-7.0,0.0,1.8,2.0,1.277,9640,14.51,12.157,24,,,,,,,,586.1,,,,,
2026-09-28T16:28:16.141,293.145,0,1122.75,24,,97.531,0.0,-7.5,0.0,1.8,2.0,1.277,9640,14.51,12.157,24,,,,,,,,,0.1,,,,
2026-09-28T16:28:16.272,293.275,0,1079.25,24,,97.531,11.765,-8.5,0.0,1.864,2.0,1.273,9650,14.51,11.765,23,,,,,,,,,,,0.781,,
2026-09-28T16:28:16.401,293.405,0,1053.75,24,,97.531,12.157,-8.5,0.0,1.811,2.0,1.266,9610,14.51,11.765,22,,,,,,,,,,,,14.118,
2026-09-28T16:28:16.532,293.535,0,1025.0,24,,97.438,12.157,-8.5,0.0,1.565,2.0,1.152,9440,14.51,11.765,21,,,,,,,,,,,,,328
2026-09-28T16:28:16.661,293.665,0,1013.75,23,,97.281,11.765,-9.5,0.0,1.362,2.0,1.027,9280,14.51,11.765,20,104,,,,,,,,,,,,
2026-09-28T16:28:16.792,293.795,0,1066.5,23,,97.25,12.157,-7.5,0.0,1.209,2.0,0.863,8860,14.51,12.157,19,,43,,,,,,,,,,,
2026-09-28T16:28:16.922,293.925,0,1079.5,22,,97.219,10.588,-8.5,0.0,1.106,1.575,0.48,8480,14.51,12.157,19,,,7.031,,,,,,,,,,
2026-09-28T16:28:17.052,294.055,0,1068.5,22,,97.219,10.588,-8.5,0.0,1.021,1.219,0.215,8180,14.51,11.765,18,,,,13.828,,,,,,,,,
2026-09-28T16:28:17.182,294.185,0,1056.5,22,,97.219,10.98,-8.5,0.0,0.974,1.147,0.141,7810,14.51,11.765,17,,,,,96,,,,,,,,
2026-09-28T16:28:17.312,294.315,0,1008.25,22,,97.219,10.98,-10.0,0.0,0.943,1.065,0.051,7490,14.51,11.765,16,,,,,,21,,,,,,,
2026-09-28T16:28:17.441,294.445,0,921.25,22,,97.188,11.765,-10.0,0.0,0.929,1.023,0.004,7170,14.51,11.765,16,,,,,,,78.824,,,,,,
2026-09-28T16:28:17.572,294.575,0,833.75,23,,97.125,12.157,1.5,0.0,0.92,0.957,-0.125,6930,14.51,12.157,15,,,,,,,,585.8,,,,,
2026-09-28T16:28:17.701,294.705,0,782.0,24,,97.094,12.941,21.5,1.562,0.915,0.933,-0.184,6610,14.51,12.549,14,,,,,,,,,0.13,,,,
2026-09-28T16:28:17.832,294.835,0,761.25,27,,96.906,18.039,15.5,0.781,0.912,0.925,-0.199,6290,14.51,12.157,14,,,,,,,,,,,0.781,,
2026-09-28T16:28:17.961,294.965,0,760.0,32,,96.906,19.608,-1.5,0.781,0.909,0.928,-0.191,5950,14.51,11.765,13,,,,,,,,,,,,19.216,
2026-09-28T16:28:18.092,295.095,0,779.75,31,,96.906,18.824,-3.5,1.562,0.908,0.928,-0.191,5520,14.51,11.765,12,,,,,,,,,,,,,330
2026-09-28T16:28:18.222,295.225,0,780.75,30,,96.906,16.863,0.5,1.562,0.907,0.933,-0.184,5240,14.51,12.157,12,104,,,,,,,,,,,,
2026-09-28T16:28:18.352,295.355,0,773.25,29,,96.906,17.255,3.0,1.562,0.906,0.93,-0.188,4940,14.51,12.157,11,,44,,,,,,,,,,,
2026-09-28T16:28:18.481,295.485,0,763.5,30,,96.906,18.039,3.0,1.562,0.905,0.922,-0.207,4530,14.51,12.157,11,,,5.469,,,,,,,,,,
2026-09-28T16:28:18.612,295.615,0,761.75,31,,96.906,18.431,6.0,1.562,0.904,0.913,-0.23,4210,14.51,12.549,10,,,,13.906,,,,,,,,,
2026-09-28T16:28:18.742,295.745,0,749.25,32,,96.906,19.608,14.0,1.562,0.904,0.908,-0.242,3890,14.51,12.941,9,,,,,96,,,,,,,,
2026-09-28T16:28:18.872,295.875,0,740.0,35,,96.844,23.529,1.0,0.781,0.903,0.904,-0.25,3550,14.51,12.549,8,,,,,,21,,,,,,,
2026-09-28T16:28:19.001,296.005,0,773.75,36,,96.844,22.353,-5.5,1.562,0.902,0.906,-0.246,3140,14.51,12.157,8,,,,,,,78.824,,,,,,
2026-09-28T16:28:19.132,296.135,0,799.25,35,,96.906,20.0,-8.5,1.562,0.901,0.916,-0.219,2930,14.51,12.157,7,,,,,,,,584.1,,,,,
2026-09-28T16:28:19.262,296.265,0,806.0,32,,96.812,19.216,-4.0,2.344,0.9,0.925,-0.199,2690,14.51,12.157,6,,,,,,,,,0.18,,,,
2026-09-28T16:28:19.392,296.395,0,807.0,31,,96.875,18.431,-3.0,3.125,0.899,0.93,-0.188,2620,14.51,12.157,6,,,,,,,,,,,0.781,,
2026-09-28T16:28:19.521,296.525,0,795.5,31,,96.844,19.216,-3.0,3.125,0.898,0.928,-0.191,2740,14.51,12.157,5,,,,,,,,,,,,20.0,
2026-09-28T16:28:19.652,296.655,0,793.75,32,,96.812,19.216,-8.0,3.125,0.897,0.923,-0.207,2850,14.51,11.765,4,,,,,,,,,,,,,332
2026-09-28T16:28:19.782,296.785,0,782.25,31,,96.812,18.039,3.0,3.125,0.896,0.915,-0.223,2910,14.51,12.549,4,104,,,,,,,,,,,,
2026-09-28T16:28:19.912,296.915,0,771.25,30,,96.656,18.824,6.5,3.125,0.895,0.909,-0.238,2880,14.51,12.549,3,,44,,,,,,,,,,,
2026-09-28T16:28:20.041,297.045,0,770.75,33,,96.594,21.961,13.0,3.125,0.894,0.902,-0.254,2920,14.51,13.333,3,,,3.125,,,,,,,,,,
2026-09-28T16:28:20.174,297.177,0,789.75,41,,96.562,27.843,-1.5,3.125,0.893,0.897,-0.27,3210,14.51,12.549,3,,,,13.769,,,,,,,,,
2026-09-28T16:28:20.301,297.305,0,848.0,39,,96.594,24.314,-10.0,3.125,0.892,0.898,-0.266,3740,14.51,12.157,2,,,,,96,,,,,,,,
2026-09-28T16:28:20.432,297.435,0,880.0,38,,96.656,20.392,-6.5,3.125,0.89,0.896,-0.273,4050,14.51,12.157,2,,,,,,21,,,,,,,
2026-09-28T16:28:20.561,297.565,0,876.0,32,,96.656,19.216,-1.0,2.344,0.889,0.882,-0.312,4230,14.51,12.941,2,,,,,,,78.824,,,,,,
2026-09-28T16:28:20.692,297.695,0,867.0,33,,96.562,20.784,-1.5,1.562,0.887,0.868,-0.355,4250,14.51,12.941,2,,,,,,,,581.9,,,,,
2026-09-28T16:28:20.821,297.825,0,862.75,36,,96.562,23.137,-3.0,0.781,0.886,0.864,-0.367,4430,14.51,13.333,2,,,,,,,,,0.2,,,,
2026-09-28T16:28:20.951,297.955,0,857.25,37,,96.562,23.529,-2.5,1.562,0.884,0.866,-0.363,4640,16.078,13.333,2,,,,,,,,,,,0.781,,
2026-09-28T16:28:21.082,298.085,0,854.0,39,,96.562,24.706,1.0,1.562,0.883,0.871,-0.348,5080,20.392,14.118,2,,,,,,,,,,,,28.235,
2026-09-28T16:28:21.211,298.215,0,850.25,41,,96.562,26.667,9.5,1.562,0.882,0.876,-0.332,5630,29.02,14.902,2,,,,,,,,,,,,,333
2026-09-28T16:28:21.341,298.345,0,854.5,49,,96.5,34.51,7.5,1.562,0.881,0.874,-0.336,6180,28.627,16.078,2,105,,,,,,,,,,,,
2026-09-28T16:28:21.472,298.475,0,898.5,58,,96.312,40.392,7.0,1.562,0.88,0.866,-0.359,7290,28.627,18.039,2,,44,,,,,,,,,,,
2026-09-28T16:28:21.602,298.605,0,1037.75,69,,95.938,49.804,-0.5,0.781,0.88,0.863,-0.371,7770,29.02,16.471,3,,,1.562,,,,,,,,,,
2026-09-28T16:28:21.732,298.735,0,1194.25,71,,96.562,32.157,11.0,0.0,0.88,0.853,-0.406,8520,29.02,16.863,3,,,,13.808,,,,,,,,,
2026-09-28T16:28:21.861,298.865,0,1213.0,64,,96.656,31.373,11.5,0.0,0.88,0.871,-0.344,9260,29.02,16.471,4,,,,,96,,,,,,,,
2026-09-28T16:28:21.993,298.996,0,1194.75,63,,96.875,30.588,11.0,0.0,0.88,0.868,-0.355,9950,25.882,16.078,4,,,,,,21,,,,,,,
2026-09-28T16:28:22.122,299.126,0,1184.25,61,,96.906,27.451,-4.5,0.0,0.88,0.874,-0.34,10640,14.51,13.725,5,,,,,,,78.824,,,,,,
2026-09-28T16:28:22.251,299.255,0,1168.0,47,,97.219,23.529,-1.5,0.0,0.88,0.868,-0.355,11270,14.51,11.373,5,,,,,,,,575.3,,,,,
2026-09-28T16:28:22.382,299.385,0,1246.0,35,,97.25,14.902,-5.0,-0.781,0.88,0.852,-0.406,11210,14.51,12.157,5,,,,,,,,,0.225,,,,
2026-09-28T16:28:22.521,299.525,0,1215.0,27,,97.219,10.588,-6.0,-0.781,0.88,0.852,-0.406,10740,14.51,12.157,5,,,,,,,,,,,0.781,,
2026-09-28T16:28:22.651,299.655,0,1134.25,22,,97.219,10.196,-2.5,-1.562,0.88,0.847,-0.426,10370,14.51,11.765,5,,,,,,,,,,,,13.333,
2026-09-28T16:28:22.782,299.786,0,1026.0,22,,97.188,10.98,6.0,-0.781,0.88,0.871,-0.348,10060,14.51,12.549,5,,,,,,,,,,,,,335
2026-09-28T16:28:22.912,299.916,0,952.75,23,,96.969,13.333,3.0,0.0,0.881,0.895,-0.277,9650,14.51,12.549,5,105,,,,,,,,,,,,
2026-09-28T16:28:23.041,300.045,0,891.75,29,,96.906,16.863,12.5,0.0,0.881,0.874,-0.336,9210,29.02,13.725,5,,43,,,,,,,,,,,
2026-09-28T16:28:23.174,300.177,0,869.75,32,,96.906,20.784,11.5,-0.781,0.881,0.867,-0.355,8690,32.157,16.078,5,,,2.344,,,,,,,,,,
2026-09-28T16:28:23.302,300.305,0,878.25,41,,96.594,31.765,8.0,-0.781,0.881,0.879,-0.324,8320,32.941,20.392,5,,,,13.867,,,,,,,,,
2026-09-28T16:28:23.432,300.435,0,1012.5,53,,95.625,61.176,4.0,0.0,0.881,0.879,-0.324,8300,33.333,21.569,5,,,,,96,,,,,,,,
2026-09-28T16:28:23.562,300.565,0,1331.75,83,,96.438,41.176,11.5,0.0,0.881,0.886,-0.305,9170,33.333,29.02,6,,,,,,21,,,,,,,
2026-09-28T16:28:23.693,300.696,0,1532.0,88,,96.344,36.863,11.5,0.0,0.885,0.904,-0.25,9970,33.725,29.412,6,,,,,,,78.824,,,,,,
2026-09-28T16:28:23.822,300.826,0,1620.75,91,,96.688,30.588,10.5,2.344,0.896,0.948,-0.145,11010,33.725,29.02,7,,,,,,,,568.8,,,,,
2026-09-28T16:28:23.951,300.955,0,1606.0,93,,98.5,31.373,10.5,3.125,0.905,0.947,-0.148,12230,33.333,28.235,9,,,,,,,,,0.3,,,,
2026-09-28T16:28:24.082,301.085,0,1570.25,93,,99.625,31.765,10.5,3.906,0.907,0.934,-0.18,13090,33.333,27.451,10,,,,,,,,,,,0.781,,
2026-09-28T16:28:24.212,301.215,0,1561.25,94,,100.562,32.941,10.5,3.906,0.913,0.94,-0.164,13560,33.725,27.059,11,,,,,,,,,,,,65.882,
2026-09-28T16:28:24.342,301.345,0,1584.0,94,,102.312,32.941,10.5,4.688,0.93,0.974,-0.086,14800,33.333,26.275,12,,,,,,,,,,,,,336
2026-09-28T16:28:24.472,301.475,0,1636.25,94,,103.281,31.373,11.0,3.906,0.985,0.987,-0.051,15310,33.333,25.882,13,105,,,,,,,,,,,,
2026-09-28T16:28:24.601,301.605,0,1699.25,94,,104.25,30.196,11.0,3.906,1.001,1.0,-0.02,15840,33.333,25.098,14,,43,,,,,,,,,,,
2026-09-28T16:28:24.732,301.736,0,1769.75,93,,106.031,28.627,11.5,3.906,1.008,0.999,-0.023,16720,33.333,25.49,15,,,0.781,,,,,,,,,,
2026-09-28T16:28:24.861,301.865,0,1863.5,93,,106.688,28.235,12.5,3.125,1.008,1.006,-0.016,16520,33.333,25.098,16,,,,13.828,,,,,,,,,
2026-09-28T16:28:24.992,301.996,0,1964.75,92,,107.719,27.843,13.0,3.906,1.003,1.005,-0.016,15850,33.333,24.706,17,,,,,96,,,,,,,,
2026-09-28T16:28:25.122,302.125,0,2030.25,92,,108.719,28.235,14.0,3.906,1.001,1.003,-0.016,15770,33.725,24.706,17,,,,,,21,,,,,,,
2026-09-28T16:28:25.252,302.255,0,2096.0,91,,110.375,28.235,14.0,3.906,1.001,1.007,-0.012,15840,33.725,24.706,18,,,,,,,78.824,,,,,,
2026-09-28T16:28:25.382,302.386,0,2135.0,91,,111.156,29.02,-17.5,4.688,1.0,1.018,-0.004,16050,33.725,24.314,18,,,,,,,,561.8,,,,,
2026-09-28T16:28:25.512,302.515,0,1851.75,92,,111.906,29.412,-8.0,4.688,1.0,1.021,0.0,16430,34.118,24.314,19,,,,,,,,,0.865,,,,
2026-09-28T16:28:25.642,302.645,0,1702.75,96,,114.719,30.98,-4.5,7.031,1.001,1.036,0.02,16560,34.51,24.314,19,,,,,,,,,,,0.781,,
2026-09-28T16:28:25.773,302.776,0,1670.5,97,,115.094,33.333,-1.5,5.469,1.001,0.993,-0.035,16810,34.51,23.529,20,,,,,,,,,,,,72.157,
2026-09-28T16:28:25.901,302.905,0,1639.75,98,,115.344,33.725,2.5,4.688,1.001,0.99,-0.047,16870,34.51,23.529,21,,,,,,,,,,,,,338
2026-09-28T16:28:26.032,303.035,0,1582.75,97,,115.25,34.902,8.5,4.688,1.002,0.992,-0.039,16960,34.51,23.922,21,105,,,,,,,,,,,,
2026-09-28T16:28:26.162,303.165,0,1567.25,98,,114.688,36.863,9.0,3.906,1.002,0.979,-0.074,17000,34.902,24.314,21,,40,,,,,,,,,,,
2026-09-28T16:28:26.292,303.295,0,1610.0,97,,114.156,35.686,8.5,2.344,0.998,0.971,-0.094,16970,34.902,24.706,22,,,0.0,,,,,,,,,,
2026-09-28T16:28:26.421,303.425,0,1652.0,98,,113.719,34.51,9.0,1.562,1.004,0.982,-0.066,16920,35.686,26.275,23,,,,13.886,,,,,,,,,
2026-09-28T16:28:26.552,303.555,0,1691.0,101,,113.594,36.078,8.0,1.562,1.003,0.989,-0.047,17240,36.863,28.235,23,,,,,96,,,,,,,,
2026-09-28T16:28:26.682,303.686,0,1735.5,103,,113.469,36.863,5.5,0.781,0.996,0.995,-0.031,17700,37.647,28.627,24,,,,,,21,,,,,,,
2026-09-28T16:28:26.812,303.815,0,1769.5,104,,114.406,36.863,5.0,2.344,1.003,1.023,0.004,17800,38.039,29.804,25,,,,,,,78.824,,,,,,
2026-09-28T16:28:26.942,303.945,0,1820.25,107,,116.438,38.431,6.0,3.125,1.001,1.013,-0.008,17910,38.039,29.412,25,,,,,,,,563.9,,,,,
2026-09-28T16:28:27.073,304.076,0,1862.25,108,,117.812,38.824,6.5,2.344,0.999,0.992,-0.039,18000,38.824,30.588,26,,,,,,,,,0.835,,,,
2026-09-28T16:28:27.202,304.205,0,1891.75,111,,118.906,40.392,7.5,2.344,0.995,0.991,-0.043,18240,40.0,34.902,26,,,,,,,,,,,0.781,,
2026-09-28T16:28:27.332,304.335,0,1919.0,109,,115.094,42.745,6.5,2.344,1.002,1.013,-0.008,18350,41.961,60.784,27,,,,,,,,,,,,97.647,
2026-09-28T16:28:27.461,304.465,0,1949.75,115,,114.438,43.922,6.0,2.344,1.004,0.995,-0.031,18730,42.353,70.98,27,,,,,,,,,,,,,339
2026-09-28T16:28:27.602,304.605,0,1784.0,118,,117.25,45.49,-16.0,1.562,1.005,0.99,-0.043,19230,43.529,61.176,27,106,,,,,,,,,,,,
2026-09-28T16:28:27.733,304.736,0,1555.0,123,,125.531,57.255,-9.0,1.562,1.005,0.997,-0.027,19780,44.314,61.176,28,,39,,,,,,,,,,,
2026-09-28T16:28:27.862,304.865,0,1509.5,128,,127.531,61.176,-5.5,2.344,1.005,1.003,-0.016,20200,45.098,61.569,28,,,0.0,,,,,,,,,,
2026-09-28T16:28:27.991,304.995,0,1455.75,129,,129.188,63.922,-3.0,3.125,1.004,1.039,0.023,19960,45.882,61.569,29,,,,13.886,,,,,,,,,
2026-09-28T16:28:28.121,305.125,0,1416.25,130,,130.219,71.765,-2.0,3.125,1.003,1.014,-0.008,19950,46.667,60.784,29,,,,,96,,,,,,,,
2026-09-28T16:28:28.252,305.255,0,1376.75,130,,130.5,76.863,-4.5,3.906,1.009,1.022,0.004,20340,47.843,60.392,30,,,,,,21,,,,,,,
2026-09-28T16:28:28.381,305.385,0,1393.0,130,,130.5,80.784,-4.0,4.688,1.001,0.996,-0.027,19960,48.627,61.176,30,,,,,,,78.824,,,,,,
2026-09-28T16:28:28.513,305.516,0,1407.25,131,,130.938,80.784,-3.5,3.906,1.003,0.987,-0.051,19740,49.02,61.569,31,,,,,,,,594.5,,,,,
2026-09-28T16:28:28.641,305.645,0,1429.25,132,,132.219,76.471,-2.5,3.125,1.003,0.997,-0.027,19780,49.804,61.961,31,,,,,,,,,0.83,,,,
2026-09-28T16:28:28.772,305.776,0,1458.0,133,,132.812,73.725,-2.0,3.125,1.001,0.998,-0.023,19770,50.196,62.353,32,,,,,,,,,,,0.781,,
2026-09-28T16:28:28.902,305.905,0,1476.0,134,,133.594,70.98,-4.5,3.906,1.003,1.013,-0.008,19900,50.588,62.745,32,,,,,,,,,,,,128.627,
2026-09-28T16:28:29.032,306.035,0,1514.25,134,,134.938,69.804,-5.0,4.688,1.0,1.026,0.008,19870,50.196,63.529,33,,,,,,,,,,,,,341
2026-09-28T16:28:29.162,306.165,0,1535.25,136,,136.156,69.804,-5.5,5.469,1.0,0.999,-0.023,19710,50.196,64.314,34,106,,,,,,,,,,,,
2026-09-28T16:28:29.292,306.295,0,1568.25,138,,137.531,68.627,-5.5,4.688,0.998,0.988,-0.051,19760,50.196,65.49,34,,37,,,,,,,,,,,
2026-09-28T16:28:29.422,306.425,0,1597.25,139,,138.688,65.098,-5.0,4.688,0.999,0.982,-0.062,19790,50.196,66.667,35,,,0.0,,,,,,,,,,
2026-09-28T16:28:29.552,306.555,0,1618.25,142,,141.781,64.706,-4.5,3.906,0.999,0.983,-0.062,19830,50.196,67.451,35,,,,13.691,,,,,,,,,
2026-09-28T16:28:29.682,306.685,0,1655.0,143,,143.094,64.706,-4.5,3.906,0.999,0.981,-0.07,19890,50.196,68.627,36,,,,,96,,,,,,,,
2026-09-28T16:28:29.813,306.816,0,1682.5,145,,144.406,64.706,-4.5,3.906,0.999,0.99,-0.047,19920,50.196,69.412,37,,,,,,21,,,,,,,
2026-09-28T16:28:29.942,306.945,0,1711.75,148,,147.469,66.667,-5.0,3.906,0.999,0.995,-0.031,19840,50.196,70.98,37,,,,,,,78.824,,,,,,
2026-09-28T16:28:30.073,307.076,0,1746.75,150,,149.75,67.451,-5.5,3.906,0.999,1.0,-0.02,19890,50.196,71.765,38,,,,,,,,642.9,,,,,
2026-09-28T16:28:30.202,307.206,0,1773.5,153,,152.375,68.627,-6.5,4.688,0.999,1.022,0.004,19900,50.196,72.941,39,,,,,,,,,0.815,,,,
2026-09-28T16:28:30.332,307.335,0,1809.25,155,,158.344,70.98,-5.5,4.688,0.999,1.024,0.004,19800,50.196,74.118,40,,,,,,,,,,,0.781,,
2026-09-28T16:28:30.462,307.466,0,1844.5,163,,162.188,72.941,-6.0,4.688,0.999,1.013,-0.008,19820,49.804,75.294,40,,,,,,,,,,,,167.451,
2026-09-28T16:28:30.592,307.595,0,1883.5,166,,165.688,74.51,-6.5,5.469,0.999,1.016,-0.004,19830,49.412,76.863,41,,,,,,,,,,,,,342
2026-09-28T16:28:30.722,307.725,0,1913.75,169,,168.156,75.294,-6.0,5.469,0.999,0.998,-0.027,19800,49.412,78.039,42,105,,,,,,,,,,,,
2026-09-28T16:28:30.852,307.855,0,1959.25,170,,169.281,74.51,-5.5,5.469,0.999,0.997,-0.027,19690,49.412,79.608,43,,36,,,,,,,,,,,
2026-09-28T16:28:30.981,307.985,0,1994.25,170,,169.281,73.333,-5.0,4.688,0.999,0.986,-0.055,19750,49.412,80.784,43,,,0.0,,,,,,,,,,
2026-09-28T16:28:31.112,308.115,0,2034.5,169,,169.031,72.157,-4.0,4.688,0.999,0.99,-0.043,19760,49.02,80.784,44,,,,13.886,,,,,,,,,
2026-09-28T16:28:31.241,308.245,0,2077.0,171,,170.844,72.549,-3.5,4.688,0.999,0.989,-0.047,19910,48.235,81.176,45,,,,,96,,,,,,,,
2026-09-28T16:28:31.373,308.376,0,2114.75,173,,172.281,72.941,-3.5,3.906,0.999,0.988,-0.051,19850,48.235,81.176,46,,,,,,21,,,,,,,
2026-09-28T16:28:31.502,308.505,0,2170.25,173,,172.688,72.941,-3.5,3.906,0.999,0.982,-0.066,19840,47.451,81.569,47,,,,,,,78.824,,,,,,
2026-09-28T16:28:31.632,308.635,0,2200.25,172,,171.188,73.333,-3.0,3.906,0.999,0.984,-0.059,19850,45.882,81.961,48,,,,,,,,661.6,,,,,
2026-09-28T16:28:31.763,308.766,0,2224.0,166,,166.406,70.98,-1.0,3.125,0.999,0.982,-0.066,19890,45.098,80.784,48,,,,,,,,,0.885,,,,
2026-09-28T16:28:31.892,308.895,0,2251.0,157,,157.094,66.667,1.5,2.344,0.999,0.978,-0.078,19870,44.706,80.784,49,,,,,,,,,,,0.781,,
2026-09-28T16:28:32.022,309.025,0,2289.5,150,,149.75,65.098,-1.0,2.344,0.999,0.978,-0.078,19870,44.706,80.784,50,,,,,,,,,,,,136.863,
2026-09-28T16:28:32.153,309.156,0,2323.75,144,,144.188,64.314,1.5,2.344,0.999,0.978,-0.078,19840,44.706,80.392,51,,,,,,,,,,,,,344
2026-09-28T16:28:32.281,309.285,0,2361.0,143,,142.875,63.922,2.0,1.562,0.998,0.979,-0.078,19920,44.706,80.0,51,100,,,,,,,,,,,,
2026-09-28T16:28:32.412,309.415,0,2398.0,141,,141.406,63.529,2.5,1.562,0.998,0.979,-0.074,19860,43.922,79.608,52,,35,,,,,,,,,,,
2026-09-28T16:28:32.541,309.545,0,2427.0,138,,138.219,61.569,3.5,0.781,0.997,0.985,-0.059,19860,42.745,78.039,53,,,0.0,,,,,,,,,,
2026-09-28T16:28:32.674,309.677,0,2458.0,137,,137.031,61.569,3.5,0.781,1.003,0.995,-0.035,20150,39.608,29.804,54,,,,13.847,,,,,,,,,
2026-09-28T16:28:32.802,309.805,0,2474.5,129,,135.344,57.647,9.0,0.781,1.004,0.999,-0.023,19350,38.431,26.667,54,,,,,96,,,,,,,,
2026-09-28T16:28:32.932,309.935,0,2484.5,105,,126.625,42.745,9.5,0.781,1.005,0.986,-0.055,18420,38.431,28.627,54,,,,,,21,,,,,,,
2026-09-28T16:28:33.062,310.065,0,2504.25,103,,121.0,43.137,10.0,0.0,1.005,0.989,-0.047,17730,38.039,30.196,54,,,,,,,78.824,,,,,,
2026-09-28T16:28:33.192,310.195,0,2521.0,102,,117.062,42.745,10.0,0.0,1.005,0.99,-0.047,17600,36.078,27.843,55,,,,,,,,664.0,,,,,
2026-09-28T16:28:33.323,310.326,0,2515.75,100,,114.312,37.255,11.0,0.0,1.006,0.994,-0.035,16940,34.51,25.49,55,,,,,,,,,0.87,,,,
2026-09-28T16:28:33.452,310.455,0,2433.25,90,,111.625,34.118,-22.0,0.0,1.006,0.98,-0.07,16450,32.157,22.353,55,,,,,,,,,,,0.781,,
2026-09-28T16:28:33.581,310.585,0,2043.25,87,,111.344,27.059,-6.0,0.0,1.007,1.005,-0.016,15410,30.196,21.176,55,,,,,,,,,,,,56.863,
2026-09-28T16:28:33.712,310.715,0,1978.0,87,,109.906,25.882,-2.0,0.0,1.008,1.021,0.0,14780,19.216,14.902,55,,,,,,,,,,,,,346
2026-09-28T16:28:33.841,310.845,0,1895.25,62,,106.312,0.0,-2.5,0.0,1.009,0.987,-0.051,14170,14.51,12.941,55,94,,,,,,,,,,,,
2026-09-28T16:28:33.973,310.976,0,1876.5,40,,105.938,0.0,19.5,-1.562,1.01,0.979,-0.078,13480,14.51,12.941,55,,34,,,,,,,,,,,
2026-09-28T16:28:34.101,311.105,0,1846.25,29,,104.625,0.0,20.5,-1.562,1.011,0.977,-0.078,13740,14.51,12.941,55,,,3.906,,,,,,,,,,
2026-09-28T16:28:34.232,311.235,0,1773.0,25,,102.688,0.0,29.0,-1.562,1.012,0.998,-0.023,13130,14.51,12.941,54,,,,13.886,,,,,,,,,
2026-09-28T16:28:34.362,311.365,0,1712.75,22,,101.969,0.0,21.5,0.0,1.014,1.026,0.008,12660,14.51,12.941,54,,,,,96,,,,,,,,
2026-09-28T16:28:34.492,311.496,0,1696.5,22,,101.375,0.0,17.5,-0.781,1.016,1.012,-0.008,12200,14.51,12.941,54,,,,,,21,,,,,,,
2026-09-28T16:28:34.622,311.625,0,1712.75,22,,100.75,0.0,12.0,-1.562,1.017,0.999,-0.023,11700,14.51,12.941,54,,,,,,,78.039,,,,,,
2026-09-28T16:28:34.752,311.755,0,1700.25,22,,99.969,0.0,8.0,-0.781,1.017,1.017,-0.004,11250,14.51,12.941,54,,,,,,,,664.1,,,,,
2026-09-28T16:28:34.882,311.886,0,1694.25,21,,99.656,0.0,3.5,-0.781,1.017,1.023,0.004,10830,14.51,12.941,53,,,,,,,,,0.865,,,,
2026-09-28T16:28:35.012,312.015,0,1689.75,21,,99.312,0.0,-0.5,0.0,1.019,1.04,0.023,10400,14.51,12.941,53,,,,,,,,,,,0.781,,
2026-09-28T16:28:35.142,312.145,0,1675.25,22,,98.812,0.0,-0.5,0.0,1.014,1.123,0.113,10240,14.51,12.941,53,,,,,,,,,,,,12.157,
2026-09-28T16:28:35.273,312.276,0,1661.25,22,,98.562,0.0,-0.5,0.0,1.005,1.438,0.395,10200,14.51,12.941,53,,,,,,,,,,,,,347
2026-09-28T16:28:35.402,312.405,0,1656.25,23,,99.281,0.0,-0.5,0.0,1.004,2.0,0.742,10210,14.51,12.941,52,93,,,,,,,,,,,,
2026-09-28T16:28:35.533,312.536,0,1646.75,23,,98.844,0.0,-0.5,0.0,1.064,2.0,0.965,10220,18.039,12.941,52,,35,,,,,,,,,,,
2026-09-28T16:28:35.661,312.664,0,1638.5,24,,98.812,0.0,19.0,0.0,1.137,2.0,1.078,9860,26.667,15.686,52,,,2.344,,,,,,,,,,
2026-09-28T16:28:35.792,312.795,0,1689.25,29,,98.5,9.02,12.5,0.0,1.152,2.0,0.809,8960,28.235,16.863,52,,,,13.886,,,,,,,,,
2026-09-28T16:28:35.922,312.925,0,1638.75,35,,98.438,13.333,15.0,0.0,1.01,1.14,0.129,7960,29.02,17.255,52,,,,,96,,,,,,,,
2026-09-28T16:28:36.052,313.055,0,1644.0,50,,98.031,15.294,15.5,0.0,0.941,0.938,-0.168,7970,29.412,18.431,52,,,,,,21,,,,,,,
2026-09-28T16:28:36.181,313.185,0,1646.25,57,,97.875,17.647,16.5,0.0,0.932,0.928,-0.191,8870,29.412,18.824,52,,,,,,,78.039,,,,,,
2026-09-28T16:28:36.312,313.316,0,1647.25,65,,97.875,19.608,16.5,-0.781,0.981,0.972,-0.094,9790,29.412,18.824,52,,,,,,,,663.1,,,,,
2026-09-28T16:28:36.442,313.445,0,1647.75,66,,98.188,20.0,16.5,-0.781,0.998,0.995,-0.031,10750,29.412,18.824,52,,,,,,,,,0.855,,,,
2026-09-28T16:28:36.573,313.576,0,1652.75,67,,98.5,20.0,16.5,-0.781,1.008,1.0,-0.02,11900,29.412,18.824,52,,,,,,,,,,,0.781,,
2026-09-28T16:28:36.702,313.705,0,1652.0,67,,98.812,20.0,16.5,-1.562,1.001,0.992,-0.039,12570,29.412,18.824,52,,,,,,,,,,,,42.745,
2026-09-28T16:28:36.832,313.836,0,1692.75,67,,99.188,19.608,17.0,-0.781,0.994,0.995,-0.035,12770,29.412,19.216,52,,,,,,,,,,,,,349
2026-09-28T16:28:36.962,313.965,0,1720.0,68,,99.438,19.608,17.0,-0.781,0.992,0.992,-0.039,13050,29.412,19.216,52,96,,,,,,,,,,,,
2026-09-28T16:28:37.092,314.095,0,1693.5,69,,99.562,19.608,-10.5,-0.781,1.0,1.0,-0.02,13550,29.02,18.431,52,,37,,,,,,,,,,,
2026-09-28T16:28:37.221,314.225,0,1534.75,70,,100.125,21.961,-1.5,0.0,1.007,1.024,0.004,13610,29.02,18.039,52,,,1.562,,,,,,,,,,
2026-09-28T16:28:37.352,314.355,0,1471.75,68,,100.75,23.529,0.0,0.0,1.009,1.023,0.004,13340,29.02,17.255,52,,,,13.925,,,,,,,,,
2026-09-28T16:28:37.481,314.484,0,1445.75,68,,101.062,24.314,0.5,0.0,1.009,0.996,-0.031,13250,28.627,17.255,52,,,,,96,,,,,,,,
2026-09-28T16:28:37.612,314.615,0,1404.25,65,,101.125,25.098,2.0,0.0,0.999,0.989,-0.047,12940,28.627,16.863,52,,,,,,20,,,,,,,
2026-09-28T16:28:37.742,314.746,0,1356.75,63,,101.062,25.882,5.0,0.0,0.999,0.995,-0.031,12740,28.235,16.471,52,,,,,,,78.039,,,,,,
2026-09-28T16:28:37.873,314.876,0,1311.25,62,,101.094,25.882,5.0,0.0,1.0,1.0,-0.02,12520,26.667,15.686,52,,,,,,,,657.7,,,,,
2026-09-28T16:28:38.002,315.005,0,1256.25,58,,101.062,26.667,12.5,0.0,1.0,0.993,-0.035,12090,26.667,15.294,52,,,,,,,,,0.825,,,,
2026-09-28T16:28:38.133,315.136,0,1253.75,54,,100.75,24.706,13.0,-0.781,1.0,0.982,-0.066,11610,26.275,15.294,52,,,,,,,,,,,0.781,,
2026-09-28T16:28:38.261,315.264,0,1253.75,49,,100.438,23.137,13.5,-1.562,1.0,0.968,-0.102,11100,25.49,14.902,52,,,,,,,,,,,,33.333,
2026-09-28T16:28:38.392,315.395,0,1258.5,49,,100.312,23.137,13.5,-2.344,1.0,0.957,-0.125,10790,24.314,14.51,52,,,,,,,,,,,,,350
2026-09-28T16:28:38.521,315.525,0,1258.75,46,,100.125,20.0,14.0,-3.125,1.0,0.969,-0.102,10370,21.961,13.725,52,98,,,,,,,,,,,,
2026-09-28T16:28:38.652,315.655,0,1260.0,38,,99.781,17.647,14.0,-2.344,1.0,0.98,-0.07,9960,16.863,12.157,52,,38,,,,,,,,,,,
2026-09-28T16:28:38.782,315.785,0,1245.25,30,,99.438,0.0,20.0,-2.344,1.0,0.979,-0.074,9560,14.51,12.157,51,,,6.25,,,,,,,,,,
2026-09-28T16:28:38.912,315.915,0,1230.5,25,,99.156,0.0,15.0,-3.125,1.0,0.967,-0.102,9130,14.51,12.157,51,,,,13.945,,,,,,,,,
2026-09-28T16:28:39.041,316.044,0,1230.25,23,,98.812,0.0,11.0,-3.906,1.0,0.973,-0.09,8800,14.51,12.157,51,,,,,96,,,,,,,,
2026-09-28T16:28:39.175,316.178,0,1212.75,22,,99.0,0.0,8.0,-3.125,1.0,0.986,-0.055,8490,14.51,12.157,51,,,,,,20,,,,,,,
2026-09-28T16:28:39.302,316.305,0,1219.75,22,,98.562,0.0,5.0,-3.125,1.001,0.994,-0.035,8140,14.51,12.157,50,,,,,,,78.039,,,,,,
2026-09-28T16:28:39.433,316.436,0,1203.5,22,,98.5,0.0,0.5,-2.344,1.001,0.999,-0.023,7840,14.51,12.157,50,,,,,,,,656.6,,,,,
2026-09-28T16:28:39.562,316.566,0,1202.5,21,,98.25,0.0,-4.0,0.0,1.002,1.015,-0.004,7570,14.51,12.157,50,,,,,,,,,0.82,,,,
2026-09-28T16:28:39.692,316.695,0,1185.0,21,,98.219,0.0,-6.5,0.0,1.002,1.059,0.043,7590,16.471,12.157,49,,,,,,,,,,,0.781,,
2026-09-28T16:28:39.821,316.824,0,1179.5,22,,98.156,0.0,-5.5,0.0,1.002,1.101,0.09,8480,20.392,12.157,49,,,,,,,,,,,,11.765,
2026-09-28T16:28:39.952,316.955,0,1194.0,22,,97.875,9.412,26.5,0.0,1.003,1.216,0.211,9000,21.569,13.333,49,,,,,,,,,,,,,352
2026-09-28T16:28:40.082,317.085,0,1176.25,26,,97.875,12.157,19.0,0.0,1.001,1.127,0.117,8920,22.353,13.725,49,98,,,,,,,,,,,,
2026-09-28T16:28:40.212,317.216,0,1188.0,28,,97.844,13.333,17.0,0.0,0.961,0.991,-0.043,8570,22.353,13.333,49,,38,,,,,,,,,,,
2026-09-28T16:28:40.342,317.345,0,1166.75,31,,97.594,15.294,17.0,0.0,0.931,0.96,-0.117,8210,22.353,13.333,48,,,3.906,,,,,,,,,,
2026-09-28T16:28:40.473,317.476,0,1163.75,31,,97.531,15.686,16.5,0.0,0.923,0.947,-0.148,7840,22.353,13.333,48,,,,13.867,,,,,,,,,
2026-09-28T16:28:40.601,317.604,0,1165.25,31,,97.531,15.686,16.0,0.0,0.951,0.981,-0.066,7450,22.353,13.333,48,,,,,96,,,,,,,,
2026-09-28T16:28:40.733,317.736,0,1185.25,31,,97.5,15.294,16.5,0.781,0.976,0.998,-0.023,7030,22.353,13.725,47,,,,,,20,,,,,,,
2026-09-28T16:28:40.861,317.864,0,1258.75,31,,97.312,14.51,17.0,0.0,0.988,0.991,-0.043,6530,22.353,14.118,47,,,,,,,78.039,,,,,,
2026-09-28T16:28:40.992,317.996,0,1355.5,31,,97.25,13.725,17.0,0.0,0.995,0.972,-0.094,6160,22.745,14.118,47,,,,,,,,656.2,,,,,
2026-09-28T16:28:41.121,318.125,0,1439.5,31,,97.219,12.941,16.0,-2.344,0.998,0.974,-0.086,5640,23.922,15.686,47,,,,,,,,,0.81,,,,
2026-09-28T16:28:41.252,318.255,0,1499.25,37,,97.0,13.725,14.5,-2.344,1.004,0.996,-0.031,5720,23.922,15.294,46,,,,,,,,,,,0.781,,
2026-09-28T16:28:41.381,318.385,0,1499.75,38,,97.188,13.333,14.5,-2.344,1.007,0.99,-0.043,6530,23.529,14.902,46,,,,,,,,,,,,26.667,
2026-09-28T16:28:41.512,318.516,0,1465.25,39,,97.156,14.51,14.5,-3.906,0.999,0.973,-0.09,7000,23.529,14.902,46,,,,,,,,,,,,,353
2026-09-28T16:28:41.641,318.644,0,1461.75,38,,97.188,14.118,14.5,-5.469,0.995,0.963,-0.113,6890,21.569,14.118,46,98,,,,,,,,,,,,
2026-09-28T16:28:41.774,318.777,0,1457.75,36,,97.219,12.941,17.0,-6.25,0.994,0.982,-0.066,6600,14.51,12.549,45,,39,,,,,,,,,,,
2026-09-28T16:28:41.901,318.905,0,1437.0,28,,96.906,0.0,26.0,-4.688,0.99,0.993,-0.039,6230,14.51,12.549,45,,,5.469,,,,,,,,,,
2026-09-28T16:28:42.033,319.036,0,1426.0,23,,96.906,0.0,30.5,-4.688,0.993,0.994,-0.035,5850,14.51,12.549,45,,,,13.886,,,,,,,,,
2026-09-28T16:28:42.162,319.165,0,1421.75,22,,96.906,0.0,21.5,-5.469,0.997,0.996,-0.027,5520,14.51,12.549,45,,,,,96,,,,,,,,
2026-09-28T16:28:42.292,319.295,0,1409.75,22,,96.906,0.0,14.0,-4.688,0.999,1.01,-0.012,5170,14.51,12.549,44,,,,,,20,,,,,,,
2026-09-28T16:28:42.421,319.425,0,1409.0,22,,96.906,0.0,8.5,-3.906,1.0,1.019,0.0,4810,14.51,12.549,44,,,,,,,78.039,,,,,,
2026-09-28T16:28:42.552,319.555,0,1400.75,22,,96.906,0.0,4.5,-4.688,1.001,0.999,-0.023,4390,14.51,12.549,44,,,,,,,,655.4,,,,,
2026-09-28T16:28:42.681,319.685,0,1388.5,22,,96.906,0.0,0.0,0.0,1.001,0.99,-0.047,4040,14.51,12.549,44,,,,,,,,,0.81,,,,
2026-09-28T16:28:42.821,319.824,0,1381.5,22,,96.906,0.0,-4.0,0.0,1.002,0.996,-0.027,4130,14.51,12.549,43,,,,,,,,,,,0.781,,
2026-09-28T16:28:42.952,319.955,0,1361.5,22,,96.875,0.0,-4.0,0.0,1.001,1.128,0.117,5210,14.51,12.549,43,,,,,,,,,,,,12.157,
2026-09-28T16:28:43.081,320.084,0,1343.75,22,,96.906,0.0,-4.0,0.0,1.001,1.384,0.355,6580,14.51,12.549,43,,,,,,,,,,,,,355
2026-09-28T16:28:43.213,320.216,0,1335.0,23,,96.875,0.0,-4.0,0.0,0.998,1.857,0.621,7770,14.51,12.549,42,99,,,,,,,,,,,,
2026-09-28T16:28:43.341,320.345,0,1321.75,24,,97.0,0.0,-4.0,0.0,1.023,2.0,0.82,9130,14.51,12.549,42,,40,,,,,,,,,,,
2026-09-28T16:28:43.473,320.476,0,1310.0,24,,97.094,0.0,-4.5,0.0,1.089,2.0,0.977,9570,14.51,12.549,41,,,5.469,,,,,,,,,,
2026-09-28T16:28:43.602,320.605,0,1285.75,25,,97.0,0.0,-5.0,0.0,1.152,2.0,1.059,9560,14.51,12.157,40,,,,13.964,,,,,,,,,
2026-09-28T16:28:43.733,320.736,0,1262.75,24,,97.156,0.0,-5.0,0.0,1.206,2.0,1.121,9550,14.51,12.157,40,,,,,96,,,,,,,,
2026-09-28T16:28:43.861,320.864,0,1236.0,24,,97.094,0.0,-5.5,0.0,1.26,2.0,1.164,9550,14.51,12.157,39,,,,,,20,,,,,,,
2026-09-28T16:28:43.993,320.996,0,1215.0,24,,97.188,0.0,-6.0,0.0,1.346,2.0,1.188,9540,14.51,12.157,38,,,,,,,78.039,,,,,,
2026-09-28T16:28:44.122,321.125,0,1188.5,24,,97.188,0.0,-6.5,0.0,1.431,2.0,1.211,9540,14.51,12.157,37,,,,,,,,657.1,,,,,
2026-09-28T16:28:44.252,321.255,0,1168.0,24,,97.156,0.0,-6.5,0.0,1.539,2.0,1.223,9540,14.51,12.157,36,,,,,,,,,0.18,,,,
2026-09-28T16:28:44.382,321.385,0,1142.25,24,,97.188,0.0,-7.0,0.0,1.634,2.0,1.23,9520,14.51,12.157,35,,,,,,,,,,,0.781,,
2026-09-28T16:28:44.512,321.516,0,1180.0,24,,97.188,0.0,-6.0,0.0,1.714,2.0,1.238,9530,14.51,12.549,34,,,,,,,,,,,,12.941,
2026-09-28T16:28:44.642,321.645,0,1281.25,24,,97.188,0.0,-4.5,0.0,1.756,2.0,1.238,9530,14.51,12.549,34,,,,,,,,,,,,,357
2026-09-28T16:28:44.774,321.777,0,1357.5,24,,97.219,0.0,-4.0,0.0,1.781,2.0,1.242,9530,14.51,12.549,32,100,,,,,,,,,,,,
2026-09-28T16:28:44.901,321.905,0,1420.5,24,,97.219,0.0,-2.5,0.0,1.791,2.0,1.246,9520,14.51,12.549,32,,40,,,,,,,,,,,
2026-09-28T16:28:45.033,322.036,0,1457.75,24,,97.219,0.0,-2.5,0.0,1.796,2.0,1.246,9520,14.51,12.549,31,,,5.469,,,,,,,,,,
2026-09-28T16:28:45.162,322.165,0,1408.25,24,,97.219,0.0,-3.0,0.0,1.798,2.0,1.254,9520,14.51,12.549,30,,,,13.964,,,,,,,,,
2026-09-28T16:28:45.292,322.296,0,1376.5,24,,97.219,0.0,-4.0,0.0,1.799,2.0,1.258,9520,14.51,12.157,29,,,,,96,,,,,,,,
2026-09-28T16:28:45.422,322.425,0,1346.5,23,,97.219,0.0,-4.0,0.0,1.8,2.0,1.258,9520,14.51,12.157,29,,,,,,20,,,,,,,
2026-09-28T16:28:45.552,322.556,0,1318.5,23,,97.219,0.0,-4.0,0.0,1.8,2.0,1.258,9520,14.51,12.157,28,,,,,,,78.039,,,,,,
2026-09-28T16:28:45.682,322.685,0,1300.0,23,,97.219,0.0,-4.5,0.0,1.8,2.0,1.258,9510,14.51,12.157,28,,,,,,,,659.0,,,,,
2026-09-28T16:28:45.812,322.816,0,1279.0,23,,97.219,0.0,-5.0,0.0,1.8,2.0,1.258,9510,14.51,12.157,27,,,,,,,,,0.1,,,,
2026-09-28T16:28:45.941,322.945,0,1266.25,23,,97.219,0.0,-5.0,0.0,1.8,2.0,1.262,9510,14.51,12.157,27,,,,,,,,,,,0.781,,
2026-09-28T16:28:46.073,323.077,0,1255.25,23,,97.219,0.0,-5.0,0.0,1.8,2.0,1.262,9510,14.51,12.157,27,,,,,,,,,,,,12.941,
2026-09-28T16:28:46.201,323.205,0,1244.0,23,,97.219,0.0,-5.5,0.0,1.8,2.0,1.262,9500,14.51,12.157,27,,,,,,,,,,,,,358
2026-09-28T16:28:46.333,323.336,0,1223.75,24,,97.219,0.0,-5.5,0.0,1.8,2.0,1.262,9500,14.51,12.157,27,100,,,,,,,,,,,,
2026-09-28T16:28:46.461,323.464,0,1216.25,24,,97.219,0.0,-6.0,0.0,1.8,2.0,1.262,9500,14.51,12.157,26,,41,,,,,,,,,,,
2026-09-28T16:28:46.592,323.596,0,1193.0,24,,97.219,0.0,-6.0,0.0,1.8,2.0,1.258,9500,14.902,12.157,26,,,7.031,,,,,,,,,,
2026-09-28T16:28:46.722,323.725,0,1181.75,24,,97.219,0.0,-6.5,0.0,1.8,2.0,1.262,9490,16.078,12.157,25,,,,13.925,,,,,,,,,
2026-09-28T16:28:46.852,323.855,0,1158.5,24,,97.219,0.0,-7.0,0.0,1.8,2.0,1.262,9490,19.608,12.157,25,,,,,96,,,,,,,,
2026-09-28T16:28:46.981,323.984,0,1134.25,24,,97.219,0.0,8.5,0.0,1.788,2.0,1.262,9490,23.922,12.549,25,,,,,,20,,,,,,,
2026-09-28T16:28:47.113,324.116,0,1198.75,24,,97.219,10.98,22.0,0.0,1.823,2.0,1.133,9830,24.706,14.902,25,,,,,,,78.039,,,,,,
2026-09-28T16:28:47.241,324.245,0,1283.5,32,,96.906,15.294,15.5,0.0,1.459,1.851,0.617,9480,27.059,15.686,24,,,,,,,,659.8,,,,,
2026-09-28T16:28:47.373,324.377,0,1400.0,37,,96.906,16.078,14.0,0.0,1.106,1.211,0.207,8800,28.235,16.471,24,,,,,,,,,0.11,,,,
2026-09-28T16:28:47.502,324.505,0,1410.5,43,,96.906,17.647,14.0,0.0,0.983,0.998,-0.023,8420,28.627,17.255,24,,,,,,,,,,,0.781,,
2026-09-28T16:28:47.633,324.637,0,1470.75,49,,96.562,21.176,15.0,0.0,0.929,0.918,-0.215,8820,28.627,18.039,24,,,,,,,,,,,,39.216,
2026-09-28T16:28:47.762,324.765,0,1574.0,60,,96.594,20.0,15.5,0.0,0.913,0.909,-0.238,9720,28.627,18.039,24,,,,,,,,,,,,,360
2026-09-28T16:28:47.901,324.905,0,1626.25,61,,96.906,18.431,16.0,0.0,0.905,0.908,-0.242,10960,29.804,19.608,24,101,,,,,,,,,,,,
2026-09-28T16:28:48.033,325.037,0,1691.75,62,,96.781,20.0,17.0,0.781,0.899,0.919,-0.215,12070,30.98,22.353,24,,41,,,,,,,,,,,
2026-09-28T16:28:48.162,325.165,0,1776.75,78,,96.688,21.569,15.5,1.562,0.895,0.918,-0.219,13330,31.373,23.922,24,,,0.781,,,,,,,,,,
2026-09-28T16:28:48.293,325.296,0,1802.5,83,,97.188,22.745,15.0,2.344,0.898,0.942,-0.16,14400,34.902,31.373,25,,,,13.789,,,,,,,,,
2026-09-28T16:28:48.422,325.425,0,1844.5,89,,97.188,30.196,11.5,3.906,0.901,0.932,-0.184,15260,35.294,36.471,25,,,,,96,,,,,,,,
2026-09-28T16:28:48.553,325.556,0,1862.0,97,,99.031,31.765,11.5,3.125,0.918,0.94,-0.164,16220,35.294,37.647,26,,,,,,20,,,,,,,
2026-09-28T16:28:48.682,325.685,0,1925.25,99,,100.688,33.333,11.0,4.688,0.927,0.955,-0.129,17080,35.294,33.725,26,,,,,,,78.039,,,,,,
2026-09-28T16:28:48.812,325.816,0,1967.75,99,,102.75,32.941,11.0,4.688,0.935,0.943,-0.156,17110,35.686,30.588,27,,,,,,,,648.2,,,,,
2026-09-28T16:28:48.942,325.945,0,2033.0,100,,107.094,33.333,11.0,3.906,0.938,0.937,-0.172,16980,37.255,32.157,28,,,,,,,,,0.23,,,,
2026-09-28T16:28:49.073,326.077,0,2096.5,102,,108.688,35.686,10.0,3.906,0.939,0.932,-0.184,17530,38.039,34.51,29,,,,,,,,,,,0.781,,
2026-09-28T16:28:49.202,326.205,0,2139.5,106,,110.656,37.647,9.0,3.125,0.939,0.933,-0.184,17980,38.824,33.725,30,,,,,,,,,,,,85.882,
2026-09-28T16:28:49.333,326.336,0,2216.5,107,,111.625,40.392,9.0,3.906,0.939,0.952,-0.137,17990,40.0,41.961,30,,,,,,,,,,,,,361
2026-09-28T16:28:49.462,326.465,0,2249.75,108,,110.469,41.569,9.5,3.906,0.939,0.942,-0.16,18150,42.353,60.784,31,101,,,,,,,,,,,,
2026-09-28T16:28:49.593,326.596,0,2310.25,110,,110.438,42.353,9.5,3.906,0.943,0.927,-0.195,18420,43.529,76.471,32,,40,,,,,,,,,,,
2026-09-28T16:28:49.722,326.725,0,2318.5,113,,112.375,50.196,-16.0,3.125,0.974,0.962,-0.113,19180,43.137,75.686,33,,,0.0,,,,,,,,,,
2026-09-28T16:28:49.852,326.856,0,2020.25,125,,124.031,50.196,-14.5,1.562,1.004,0.959,-0.121,19710,43.529,70.196,33,,,,13.789,,,,,,,,,
2026-09-28T16:28:49.981,326.985,0,1840.25,128,,126.969,50.196,-7.5,2.344,1.007,1.022,0.0,19710,43.137,67.843,34,,,,,96,,,,,,,,
2026-09-28T16:28:50.113,327.116,0,1786.25,129,,128.438,50.588,-4.5,2.344,1.006,1.005,-0.016,19750,43.137,66.667,35,,,,,,20,,,,,,,
2026-09-28T16:28:50.242,327.245,0,1743.25,130,,129.594,52.157,1.0,2.344,1.002,0.998,-0.023,19810,43.137,65.49,36,,,,,,,78.039,,,,,,
2026-09-28T16:28:50.373,327.377,0,1708.0,130,,129.344,52.157,-0.5,2.344,1.0,0.999,-0.023,19700,43.137,64.314,37,,,,,,,,660.8,,,,,
2026-09-28T16:28:50.502,327.505,0,1708.0,129,,129.406,52.549,0.5,2.344,1.005,0.999,-0.02,19620,43.137,66.275,38,,,,,,,,,0.87,,,,
2026-09-28T16:28:50.633,327.637,0,1746.0,130,,131.281,51.373,0.5,2.344,0.999,0.993,-0.039,19710,43.137,67.843,38,,,,,,,,,,,0.781,,
2026-09-28T16:28:50.761,327.764,0,1797.0,133,,132.531,51.765,0.5,1.562,1.0,0.995,-0.035,19860,43.137,69.02,39,,,,,,,,,,,,120.0,
2026-09-28T16:28:50.894,327.897,0,1836.75,134,,133.969,52.941,0.5,1.562,1.0,0.991,-0.043,20210,43.137,70.196,40,,,,,,,,,,,,,363
2026-09-28T16:28:51.022,328.025,0,1874.0,136,,135.688,55.294,1.0,1.562,0.999,0.996,-0.031,19840,43.137,71.373,41,102,,,,,,,,,,,,
2026-09-28T16:28:51.152,328.156,0,1918.75,137,,136.938,55.294,1.5,2.344,1.0,1.002,-0.02,19830,43.137,72.549,42,,37,,,,,,,,,,,
2026-09-28T16:28:51.282,328.285,0,1962.25,137,,136.469,55.294,2.0,2.344,1.003,1.005,-0.016,19720,42.745,74.118,43,,,0.0,,,,,,,,,,
2026-09-28T16:28:51.413,328.416,0,2017.25,136,,135.75,55.294,3.5,2.344,1.004,1.011,-0.008,19760,42.353,72.549,44,,,,13.886,,,,,,,,,
2026-09-28T16:28:51.542,328.545,0,2040.0,134,,133.625,54.118,3.5,2.344,1.004,1.011,-0.008,19730,42.353,73.333,44,,,,,96,,,,,,,,
2026-09-28T16:28:51.676,328.679,0,2061.5,132,,132.5,52.941,4.0,2.344,1.004,1.011,-0.008,19480,42.353,73.725,45,,,,,,20,,,,,,,
2026-09-28T16:28:51.802,328.805,0,2096.25,131,,131.25,52.549,3.5,2.344,1.004,0.994,-0.035,19620,42.353,74.118,46,,,,,,,78.039,,,,,,
2026-09-28T16:28:51.933,328.936,0,2128.0,130,,129.656,52.549,2.0,1.562,1.004,0.998,-0.027,19590,42.353,73.725,47,,,,,,,,683.4,,,,,
2026-09-28T16:28:52.062,329.065,0,2136.0,130,,129.531,52.941,-17.5,2.344,1.004,1.003,-0.016,19540,42.353,72.941,47,,,,,,,,,0.83,,,,
2026-09-28T16:28:52.193,329.196,0,1873.5,130,,130.0,52.549,-8.0,1.562,1.004,0.995,-0.031,19910,42.353,65.098,48,,,,,,,,,,,0.781,,
2026-09-28T16:28:52.321,329.325,0,1753.25,132,,131.438,51.765,-4.0,1.562,1.004,0.994,-0.035,19780,42.353,63.529,48,,,,,,,,,,,,114.902,
2026-09-28T16:28:52.453,329.456,0,1703.0,129,,129.062,51.765,-0.5,1.562,1.004,0.995,-0.031,19640,41.961,61.569,49,,,,,,,,,,,,,364
2026-09-28T16:28:52.582,329.585,0,1642.0,128,,127.781,52.549,-1.0,1.562,1.003,0.996,-0.031,19710,41.961,59.216,49,102,,,,,,,,,,,,
2026-09-28T16:28:52.712,329.716,0,1583.5,127,,127.031,53.725,-1.0,1.562,0.997,0.996,-0.031,19600,41.569,59.216,50,,35,,,,,,,,,,,
2026-09-28T16:28:52.842,329.845,0,1598.5,126,,126.0,54.51,0.0,0.781,0.997,0.987,-0.051,19420,41.569,59.216,51,,,0.0,,,,,,,,,,
2026-09-28T16:28:52.982,329.985,0,1623.25,126,,125.625,52.941,0.0,0.0,1.0,0.987,-0.055,19300,40.784,42.353,51,,,,13.71,,,,,,,,,
2026-09-28T16:28:53.113,330.116,0,1636.25,125,,125.406,51.765,0.5,0.0,1.004,0.99,-0.043,19320,38.824,25.882,52,,,,,96,,,,,,,,
2026-09-28T16:28:53.241,330.245,0,1647.5,107,,124.719,41.961,3.5,0.0,1.001,0.989,-0.047,18830,37.255,23.922,52,,,,,,20,,,,,,,
2026-09-28T16:28:53.373,330.377,0,1661.25,100,,120.75,38.039,5.0,0.0,0.996,0.981,-0.066,18110,36.863,25.098,53,,,,,,,78.039,,,,,,
2026-09-28T16:28:53.501,330.505,0,1677.5,100,,116.438,37.647,5.0,-1.562,1.003,0.979,-0.074,17640,36.471,26.275,53,,,,,,,,696.1,,,,,
2026-09-28T16:28:53.633,330.636,0,1693.75,100,,111.031,36.078,6.0,-2.344,1.003,0.99,-0.047,17270,36.078,26.275,54,,,,,,,,,0.82,,,,
2026-09-28T16:28:53.762,330.765,0,1705.25,98,,109.844,35.686,6.5,-2.344,0.996,0.98,-0.07,17120,36.078,27.059,54,,,,,,,,,,,0.781,,
2026-09-28T16:28:53.893,330.896,0,1716.75,100,,110.219,35.294,6.5,-3.125,1.003,0.996,-0.031,16920,36.078,26.667,54,,,,,,,,,,,,77.255,
2026-09-28T16:28:54.021,331.025,0,1730.75,101,,110.938,34.118,7.5,-1.562,1.0,1.025,0.004,16890,35.294,25.882,55,,,,,,,,,,,,,366
2026-09-28T16:28:54.152,331.156,0,1751.5,99,,112.688,32.941,8.0,0.0,0.996,1.013,-0.008,17020,34.902,24.706,55,101,,,,,,,,,,,,
2026-09-28T16:28:54.281,331.285,0,1739.5,97,,113.406,31.765,9.0,0.0,1.004,1.018,-0.004,16510,35.294,25.098,55,,35,,,,,,,,,,,
2026-09-28T16:28:54.412,331.416,0,1754.5,98,,113.594,32.157,9.5,0.0,1.0,1.014,-0.008,16450,34.902,25.098,56,,,0.0,,,,,,,,,,
2026-09-28T16:28:54.542,331.545,0,1786.0,98,,114.312,30.98,11.0,0.0,0.997,0.993,-0.035,16490,33.333,22.745,56,,,,13.847,,,,,,,,,
2026-09-28T16:28:54.676,331.679,0,1825.25,94,,115.094,27.843,12.0,0.0,1.003,1.014,-0.008,15920,32.157,21.569,56,,,,,96,,,,,,,,
2026-09-28T16:28:54.802,331.805,0,1869.5,92,,115.281,26.667,-16.5,0.0,0.995,0.993,-0.035,15670,29.804,18.431,56,,,,,,20,,,,,,,
2026-09-28T16:28:54.933,331.936,0,1652.25,89,,110.781,21.569,-6.0,0.0,1.004,1.021,0.0,15640,26.275,16.078,56,,,,,,,78.039,,,,,,
2026-09-28T16:28:55.062,332.065,0,1559.0,76,,110.125,21.569,-10.0,0.781,1.004,1.009,-0.012,14580,18.824,12.549,56,,,,,,,,686.6,,,,,
2026-09-28T16:28:55.192,332.196,0,1541.5,60,,109.438,19.216,-3.0,0.0,1.004,0.969,-0.102,14230,14.51,12.549,56,,,,,,,,,0.815,,,,
2026-09-28T16:28:55.322,332.325,0,1559.75,40,,108.312,0.0,7.0,-1.562,1.004,0.971,-0.094,14090,14.51,12.549,56,,,,,,,,,,,0.781,,
2026-09-28T16:28:55.453,332.456,0,1515.25,26,,105.219,0.0,11.5,-1.562,1.004,0.971,-0.094,13520,14.51,12.549,56,,,,,,,,,,,,13.333,
2026-09-28T16:28:55.581,332.585,0,1445.0,23,,103.969,0.0,27.5,-0.781,1.004,0.993,-0.039,13250,14.51,12.157,56,,,,,,,,,,,,,367
2026-09-28T16:28:55.712,332.716,0,1376.75,23,,103.031,0.0,20.0,0.0,1.005,1.016,-0.004,12830,14.51,12.157,56,99,,,,,,,,,,,,
2026-09-28T16:28:55.841,332.845,0,1333.5,22,,101.438,0.0,16.0,0.0,1.005,0.997,-0.027,12420,14.51,12.157,56,,34,,,,,,,,,,,
2026-09-28T16:28:55.973,332.977,0,1344.25,22,,100.844,0.0,12.0,-0.781,1.006,0.994,-0.035,12030,14.51,12.157,56,,,6.25,,,,,,,,,,
2026-09-28T16:28:56.101,333.105,0,1349.25,22,,100.438,0.0,7.0,-0.781,1.007,0.993,-0.035,11710,14.51,12.549,56,,,,13.867,,,,,,,,,
2026-09-28T16:28:56.234,333.237,0,1346.75,22,,99.5,0.0,2.5,-0.781,1.007,0.997,-0.027,11330,14.51,12.549,56,,,,,96,,,,,,,,
2026-09-28T16:28:56.361,333.365,0,1349.75,22,,99.375,0.0,-2.0,0.0,1.007,0.999,-0.023,10940,14.51,12.549,56,,,,,,20,,,,,,,
2026-09-28T16:28:56.492,333.496,0,1348.25,22,,99.938,0.0,-4.0,0.0,1.007,1.029,0.008,10700,14.51,12.549,56,,,,,,,78.039,,,,,,
2026-09-28T16:28:56.622,333.625,0,1337.0,21,,98.469,0.0,-4.0,0.0,1.006,1.143,0.133,10590,14.51,12.549,56,,,,,,,,686.8,,,,,
2026-09-28T16:28:56.752,333.756,0,1316.75,23,,98.594,0.0,-4.0,0.0,1.0,1.488,0.43,10550,14.51,12.549,56,,,,,,,,,0.81,,,,
2026-09-28T16:28:56.882,333.885,0,1335.0,23,,99.031,0.0,-4.0,0.0,1.002,1.986,0.672,10560,14.51,12.549,56,,,,,,,,,,,0.781,,
2026-09-28T16:28:57.013,334.016,0,1336.25,23,,98.969,0.0,-4.0,0.0,1.039,2.0,0.863,10570,14.902,12.549,56,,,,,,,,,,,,12.941,
2026-09-28T16:28:57.142,334.145,0,1333.75,24,,98.812,0.0,-4.0,0.0,1.099,2.0,0.984,10580,14.51,12.549,56,,,,,,,,,,,,,369
2026-09-28T16:28:57.273,334.277,0,1329.5,24,,98.5,0.0,-4.0,0.0,1.167,2.0,1.07,10590,14.51,12.157,56,98,,,,,,,,,,,,
2026-09-28T16:28:57.402,334.405,0,1325.25,24,,98.5,0.0,-4.0,0.0,1.215,2.0,1.129,10600,14.51,12.157,56,,36,,,,,,,,,,,
2026-09-28T16:28:57.533,334.536,0,1326.25,24,,98.312,0.0,-4.0,0.0,1.287,2.0,1.164,10610,14.51,12.157,56,,,6.25,,,,,,,,,,
2026-09-28T16:28:57.661,334.665,0,1324.5,23,,98.188,0.0,-4.0,0.0,1.369,2.0,1.188,10610,14.51,12.157,55,,,,13.906,,,,,,,,,
2026-09-28T16:28:57.793,334.796,0,1319.0,23,,98.188,0.0,-4.0,0.0,1.48,2.0,1.203,10620,14.51,12.157,55,,,,,96,,,,,,,,
2026-09-28T16:28:57.922,334.925,0,1316.25,23,,98.188,0.0,-4.0,0.0,1.591,2.0,1.223,10620,14.51,12.157,55,,,,,,20,,,,,,,
2026-09-28T16:28:58.062,335.065,0,1316.5,23,,98.062,0.0,-4.0,0.0,1.695,2.0,1.227,10620,14.902,12.157,55,,,,,,,78.039,,,,,,
2026-09-28T16:28:58.192,335.196,0,1313.5,23,,97.938,0.0,-4.0,0.0,1.753,2.0,1.234,10630,14.902,12.157,55,,,,,,,,688.8,,,,,
2026-09-28T16:28:58.321,335.325,0,1312.75,24,,97.938,0.0,-4.0,0.0,1.777,2.0,1.242,10630,14.902,12.157,55,,,,,,,,,0.35,,,,
2026-09-28T16:28:58.453,335.456,0,1311.75,23,,97.875,0.0,-4.5,0.0,1.79,2.0,1.238,10640,14.51,12.157,55,,,,,,,,,,,0.781,,
2026-09-28T16:28:58.582,335.585,0,1309.0,23,,97.875,0.0,-4.5,0.0,1.795,2.0,1.242,10640,14.51,12.157,55,,,,,,,,,,,,12.549,
2026-09-28T16:28:58.712,335.716,0,1307.25,23,,97.875,0.0,-4.5,0.0,1.798,2.0,1.246,10640,14.51,12.157,55,,,,,,,,,,,,,371
2026-09-28T16:28:58.842,335.845,0,1306.0,23,,97.875,0.0,-4.5,0.0,1.799,2.0,1.246,10640,14.51,12.157,55,98,,,,,,,,,,,,
2026-09-28T16:28:58.974,335.977,0,1306.5,23,,97.844,0.0,-4.5,0.0,1.799,2.0,1.25,10650,14.902,12.157,55,,37,,,,,,,,,,,
2026-09-28T16:28:59.102,336.105,0,1302.0,23,,97.719,0.0,-4.5,0.0,1.8,2.0,1.25,10650,14.902,12.157,55,,,6.25,,,,,,,,,,
2026-09-28T16:28:59.233,336.236,0,1301.0,23,,97.625,0.0,-4.5,0.0,1.8,2.0,1.25,10650,14.902,12.157,54,,,,13.984,,,,,,,,,
2026-09-28T16:28:59.362,336.365,0,1301.75,23,,97.656,0.0,-4.5,0.0,1.8,2.0,1.25,10650,14.902,12.157,54,,,,,96,,,,,,,,
2026-09-28T16:28:59.493,336.496,0,1296.75,23,,97.562,0.0,-4.5,0.0,1.8,2.0,1.25,10650,14.902,12.157,54,,,,,,20,,,,,,,
2026-09-28T16:28:59.622,336.625,0,1294.5,24,,97.531,0.0,-4.5,0.0,1.8,2.0,1.254,10660,14.902,12.157,54,,,,,,,78.039,,,,,,
2026-09-28T16:28:59.752,336.756,0,1293.0,23,,97.531,0.0,-4.5,0.0,1.8,2.0,1.25,10660,14.902,12.157,54,,,,,,,,690.6,,,,,
2026-09-28T16:28:59.882,336.885,0,1292.75,23,,97.531,0.0,-4.5,0.0,1.8,2.0,1.25,10660,14.51,12.157,54,,,,,,,,,0.1,,,,
2026-09-28T16:29:00.013,337.016,0,1292.5,23,,97.531,0.0,-4.5,0.0,1.8,2.0,1.258,10670,14.51,12.157,54,,,,,,,,,,,0.781,,
2026-09-28T16:29:00.142,337.145,0,1292.75,23,,97.531,0.0,-4.5,0.0,1.8,2.0,1.254,10670,14.51,12.157,54,,,,,,,,,,,,12.549,
2026-09-28T16:29:00.274,337.277,0,1289.5,23,,97.531,0.0,-4.5,0.0,1.8,2.0,1.254,10660,14.51,12.157,54,,,,,,,,,,,,,372
2026-09-28T16:29:00.402,337.406,0,1284.75,23,,97.531,0.0,-4.5,0.0,1.8,2.0,1.258,10670,14.51,12.157,54,98,,,,,,,,,,,,
2026-09-28T16:29:00.533,337.536,0,1282.25,24,,97.531,0.0,-4.5,0.0,1.8,2.0,1.254,10670,14.51,12.157,54,,38,,,,,,,,,,,
2026-09-28T16:29:00.662,337.665,0,1283.5,23,,97.531,0.0,-4.5,0.0,1.8,2.0,1.258,10680,14.51,12.157,54,,,6.25,,,,,,,,,,
2026-09-28T16:29:00.793,337.796,0,1281.5,23,,97.531,0.0,-4.5,0.0,1.8,2.0,1.258,10670,14.51,12.157,53,,,,14.003,,,,,,,,,
2026-09-28T16:29:00.922,337.926,0,1277.75,24,,97.5,0.0,-5.0,0.0,1.8,2.0,1.258,10680,14.51,12.157,53,,,,,96,,,,,,,,
2026-09-28T16:29:01.053,338.056,0,1274.75,23,,97.5,0.0,-5.0,0.0,1.8,2.0,1.254,10670,14.51,12.157,54,,,,,,20,,,,,,,
2026-09-28T16:29:01.182,338.185,0,1274.25,24,,97.406,0.0,-5.0,0.0,1.8,2.0,1.258,10680,14.51,12.157,54,,,,,,,78.039,,,,,,
2026-09-28T16:29:01.313,338.316,0,1275.0,24,,97.406,0.0,-5.0,0.0,1.8,2.0,1.258,10680,14.51,12.157,53,,,,,,,,692.0,,,,,
2026-09-28T16:29:01.442,338.445,0,1271.25,23,,97.406,0.0,-5.0,0.0,1.8,2.0,1.258,10680,14.51,12.157,53,,,,,,,,,0.1,,,,
2026-09-28T16:29:01.574,338.578,0,1264.75,23,,97.375,0.0,-5.0,0.0,1.8,2.0,1.258,10680,14.51,12.157,53,,,,,,,,,,,0.781,,
2026-09-28T16:29:01.702,338.705,0,1258.5,23,,97.375,0.0,-5.0,0.0,1.8,2.0,1.258,10680,14.51,12.157,53,,,,,,,,,,,,12.549,
2026-09-28T16:29:01.833,338.836,0,1255.0,23,,97.375,0.0,-5.0,0.0,1.8,2.0,1.258,10680,14.51,12.157,52,,,,,,,,,,,,,374
2026-09-28T16:29:01.962,338.965,0,1247.5,23,,97.312,0.0,-5.5,0.0,1.8,2.0,1.258,10680,14.51,12.157,52,99,,,,,,,,,,,,
2026-09-28T16:29:02.093,339.096,0,1238.75,24,,97.281,0.0,-5.5,0.0,1.8,2.0,1.262,10680,14.51,12.157,52,,39,,,,,,,,,,,
2026-09-28T16:29:02.222,339.225,0,1236.25,24,,97.25,0.0,-5.5,0.0,1.8,2.0,1.258,10680,14.51,12.157,52,,,7.031,,,,,,,,,,
2026-09-28T16:29:02.353,339.356,0,1233.75,23,,97.281,0.0,-5.5,0.0,1.8,2.0,1.262,10680,14.51,12.157,51,,,,13.886,,,,,,,,,
2026-09-28T16:29:02.481,339.485,0,1227.0,23,,97.219,0.0,-5.5,0.0,1.8,2.0,1.258,10680,14.51,12.157,51,,,,,96,,,,,,,,
2026-09-28T16:29:02.613,339.616,0,1218.75,23,,97.219,0.0,-5.5,0.0,1.8,2.0,1.262,10680,14.51,12.157,51,,,,,,20,,,,,,,
2026-09-28T16:29:02.742,339.745,0,1213.5,23,,97.219,0.0,-6.0,0.0,1.8,2.0,1.258,10680,14.51,12.157,51,,,,,,,78.039,,,,,,
2026-09-28T16:29:02.874,339.877,0,1209.75,23,,97.219,0.0,-6.0,0.0,1.8,2.0,1.262,10680,14.51,12.157,51,,,,,,,,693.5,,,,,
2026-09-28T16:29:03.001,340.004,0,1210.5,24,,97.219,0.0,-6.0,0.0,1.8,2.0,1.262,10680,14.51,12.157,51,,,,,,,,,0.095,,,,
2026-09-28T16:29:03.142,340.145,0,1210.5,23,,97.219,0.0,-6.0,0.0,1.8,2.0,1.262,10670,14.51,12.157,50,,,,,,,,,,,0.781,,
2026-09-28T16:29:03.274,340.277,0,1205.5,23,,97.219,0.0,-6.0,0.0,1.8,2.0,1.258,10680,14.51,12.157,50,,,,,,,,,,,,12.941,
2026-09-28T16:29:03.402,340.405,0,1200.25,23,,97.219,0.0,-6.0,0.0,1.8,2.0,1.262,10680,14.51,12.157,50,,,,,,,,,,,,,375
2026-09-28T16:29:03.533,340.537,0,1194.75,24,,97.219,0.0,-6.0,0.0,1.8,2.0,1.262,10680,14.51,12.157,50,100,,,,,,,,,,,,
2026-09-28T16:29:03.661,340.665,0,1192.75,23,,97.219,0.0,-6.0,0.0,1.8,2.0,1.262,10680,14.51,12.157,50,,39,,,,,,,,,,,
2026-09-28T16:29:03.793,340.796,0,1188.75,24,,97.219,0.0,-6.0,0.0,1.8,2.0,1.262,10670,14.51,12.157,49,,,7.031,,,,,,,,,,
2026-09-28T16:29:03.921,340.924,0,1178.75,24,,97.219,0.0,-6.5,0.0,1.8,2.0,1.262,10670,14.51,12.157,49,,,,13.964,,,,,,,,,
2026-09-28T16:29:04.052,341.056,0,1168.75,23,,97.219,0.0,-6.5,0.0,1.8,2.0,1.262,10660,14.51,12.157,48,,,,,96,,,,,,,,
2026-09-28T16:29:04.182,341.185,0,1166.75,23,,97.219,0.0,-6.5,0.0,1.8,2.0,1.262,10670,14.51,12.157,48,,,,,,20,,,,,,,
2026-09-28T16:29:04.312,341.316,0,1242.25,23,,97.219,0.0,-5.0,0.0,1.8,2.0,1.262,10670,14.51,12.157,47,,,,,,,78.039,,,,,,
2026-09-28T16:29:04.442,341.445,0,1330.5,23,,97.219,0.0,-4.0,0.0,1.8,2.0,1.262,10660,14.51,12.549,46,,,,,,,,694.8,,,,,
2026-09-28T16:29:04.574,341.577,0,1411.0,23,,97.219,0.0,-2.5,0.0,1.8,2.0,1.258,10670,14.51,12.549,46,,,,,,,,,0.1,,,,
2026-09-28T16:29:04.702,341.705,0,1446.25,23,,97.219,0.0,-2.5,0.0,1.8,2.0,1.262,10670,14.51,12.549,45,,,,,,,,,,,0.781,,
2026-09-28T16:29:04.832,341.836,0,1425.75,23,,97.219,0.0,-2.5,0.0,1.8,2.0,1.266,10660,14.51,12.549,44,,,,,,,,,,,,12.549,
2026-09-28T16:29:04.962,341.965,0,1402.5,23,,97.219,0.0,-3.0,0.0,1.8,2.0,1.266,10660,14.51,12.549,44,,,,,,,,,,,,,377
2026-09-28T16:29:05.093,342.097,0,1374.5,24,,97.219,0.0,-4.0,0.0,1.8,2.0,1.27,10670,14.51,12.157,43,101,,,,,,,,,,,,
2026-09-28T16:29:05.222,342.225,0,1354.0,23,,97.219,0.0,-4.0,0.0,1.8,2.0,1.266,10660,14.51,12.157,43,,40,,,,,,,,,,,
2026-09-28T16:29:05.353,342.356,0,1343.0,22,,97.25,0.0,-4.0,0.0,1.8,2.0,1.27,10660,14.51,12.157,42,,,6.25,,,,,,,,,,
2026-09-28T16:29:05.481,342.485,0,1336.0,22,,97.25,0.0,-4.0,0.0,1.8,2.0,1.27,10650,14.51,12.549,42,,,,14.003,,,,,,,,,
2026-09-28T16:29:05.613,342.616,0,1322.75,23,,97.25,0.0,-4.0,0.0,1.8,2.0,1.27,10650,14.51,12.549,41,,,,,96,,,,,,,,
2026-09-28T16:29:05.742,342.745,0,1303.0,23,,97.281,0.0,-4.5,0.0,1.8,2.0,1.266,10650,14.51,12.157,41,,,,,,20,,,,,,,
2026-09-28T16:29:05.874,342.877,0,1289.25,23,,97.281,0.0,-4.5,0.0,1.8,2.0,1.266,10650,14.51,12.157,41,,,,,,,78.039,,,,,,
2026-09-28T16:29:06.002,343.005,0,1281.25,24,,97.219,0.0,-5.0,0.0,1.8,2.0,1.27,10650,14.51,12.157,40,,,,,,,,695.8,,,,,
2026-09-28T16:29:06.133,343.136,0,1267.75,24,,97.219,0.0,-5.0,0.0,1.8,2.0,1.27,10650,14.51,12.157,40,,,,,,,,,0.1,,,,
2026-09-28T16:29:06.262,343.265,0,1249.25,23,,97.25,0.0,-5.5,0.0,1.8,2.0,1.27,10650,14.51,12.157,39,,,,,,,,,,,0.781,,
2026-09-28T16:29:06.392,343.396,0,1230.5,24,,97.25,0.0,-5.5,0.0,1.8,2.0,1.27,10650,14.51,12.157,39,,,,,,,,,,,,12.941,
2026-09-28T16:29:06.521,343.524,0,1219.25,24,,97.219,0.0,-5.5,0.0,1.8,2.0,1.27,10650,14.51,12.157,38,,,,,,,,,,,,,378
2026-09-28T16:29:06.652,343.656,0,1214.5,23,,97.219,0.0,-5.5,0.0,1.8,2.0,1.266,10650,14.51,12.157,38,101,,,,,,,,,,,,
2026-09-28T16:29:06.782,343.785,0,1310.5,23,,97.219,0.0,-4.0,0.0,1.8,2.0,1.266,10650,14.51,12.549,37,,40,,,,,,,,,,,
2026-09-28T16:29:06.913,343.916,0,1394.0,24,,97.219,0.0,-2.5,0.0,1.8,2.0,1.27,10650,14.51,12.549,37,,,5.469,,,,,,,,,,
2026-09-28T16:29:07.041,344.044,0,1462.5,23,,97.219,0.0,-2.0,0.0,1.8,2.0,1.266,10640,14.51,12.549,36,,,,14.003,,,,,,,,,
2026-09-28T16:29:07.175,344.179,0,1526.25,23,,97.344,0.0,-1.0,0.0,1.8,2.0,1.266,10640,14.51,12.941,36,,,,,96,,,,,,,,
2026-09-28T16:29:07.302,344.305,0,1593.25,24,,97.25,0.0,-1.0,0.0,1.8,2.0,1.266,10650,14.51,12.941,35,,,,,,20,,,,,,,
2026-09-28T16:29:07.432,344.436,0,1624.25,24,,97.531,0.0,-1.0,0.0,1.8,2.0,1.27,10640,14.51,12.941,35,,,,,,,78.039,,,,,,
2026-09-28T16:29:07.561,344.564,0,1600.5,23,,97.531,0.0,-1.0,0.0,1.8,2.0,1.273,10640,14.51,12.941,34,,,,,,,,696.4,,,,,
2026-09-28T16:29:07.693,344.696,0,1576.5,24,,97.531,0.0,-1.0,0.0,1.8,2.0,1.273,10630,14.51,12.941,34,,,,,,,,,0.095,,,,
2026-09-28T16:29:07.822,344.825,0,1555.0,23,,97.531,0.0,-1.0,0.0,1.8,2.0,1.273,10630,14.51,12.549,34,,,,,,,,,,,0.781,,
2026-09-28T16:29:07.952,344.955,0,1537.75,23,,97.531,0.0,-1.5,0.0,1.8,2.0,1.27,10630,14.51,12.549,33,,,,,,,,,,,,12.549,
2026-09-28T16:29:08.082,345.085,0,1523.0,23,,97.531,0.0,-1.5,0.0,1.8,2.0,1.273,10630,14.51,12.549,33,,,,,,,,,,,,,380
2026-09-28T16:29:08.222,345.225,0,1506.5,23,,97.531,0.0,-2.0,0.0,1.8,2.0,1.273,10630,14.51,12.549,32,101,,,,,,,,,,,,
2026-09-28T16:29:08.351,345.354,0,1481.25,23,,97.531,0.0,-2.0,0.0,1.8,2.0,1.273,10620,14.51,12.549,32,,40,,,,,,,,,,,
2026-09-28T16:29:08.481,345.484,0,1470.0,23,,97.531,0.0,-2.5,0.0,1.8,2.0,1.273,10620,14.51,12.549,32,,,5.469,,,,,,,,,,
2026-09-28T16:29:08.612,345.616,0,1453.25,23,,97.531,0.0,-2.5,0.0,1.8,2.0,1.273,10610,14.51,12.549,31,,,,13.925,,,,,,,,,
2026-09-28T16:29:08.742,345.746,0,1439.25,23,,97.531,0.0,-2.5,0.0,1.8,2.0,1.281,10610,14.51,12.549,31,,,,,96,,,,,,,,
2026-09-28T16:29:08.874,345.877,0,1427.0,23,,97.531,0.0,-2.5,0.0,1.8,2.0,1.273,10620,14.51,12.549,31,,,,,,20,,,,,,,
2026-09-28T16:29:09.002,346.005,0,1413.5,23,,97.531,0.0,-2.5,0.0,1.8,2.0,1.273,10610,14.51,12.549,30,,,,,,,78.039,,,,,,
2026-09-28T16:29:09.132,346.136,0,1400.0,23,,97.531,0.0,-3.0,0.0,1.8,2.0,1.273,10610,14.51,12.549,30,,,,,,,,696.8,,,,,
2026-09-28T16:29:09.262,346.265,0,1387.75,24,,97.531,0.0,-3.0,0.0,1.8,2.0,1.273,10610,14.51,12.549,30,,,,,,,,,0.1,,,,
2026-09-28T16:29:09.393,346.396,0,1372.0,23,,97.531,0.0,-4.0,0.0,1.8,2.0,1.273,10600,14.51,12.549,29,,,,,,,,,,,0.781,,
2026-09-28T16:29:09.521,346.524,0,1356.25,23,,97.531,0.0,-4.0,0.0,1.8,2.0,1.273,10600,14.51,12.549,29,,,,,,,,,,,,12.941,
2026-09-28T16:29:09.652,346.655,0,1342.75,24,,97.531,0.0,-4.0,0.0,1.8,2.0,1.277,10600,14.51,12.549,29,,,,,,,,,,,,,382
2026-09-28T16:29:09.781,346.784,0,1330.0,23,,97.531,0.0,-4.0,0.0,1.8,2.0,1.273,10600,14.51,12.549,29,101,,,,,,,,,,,,
2026-09-28T16:29:09.911,346.914,0,1316.75,23,,97.531,0.0,-4.5,0.0,1.8,2.0,1.273,10600,14.51,12.549,28,,41,,,,,,,,,,,
2026-09-28T16:29:10.042,347.045,0,1300.5,23,,97.531,0.0,-4.5,0.0,1.8,2.0,1.273,10590,14.51,12.157,28,,,6.25,,,,,,,,,,
2026-09-28T16:29:10.176,347.179,0,1285.75,24,,97.531,0.0,-4.5,0.0,1.8,2.0,1.273,10580,14.51,12.157,27,,,,13.886,,,,,,,,,
2026-09-28T16:29:10.302,347.306,0,1269.0,23,,97.531,0.0,-5.0,0.0,1.8,2.0,1.27,10590,14.51,12.157,27,,,,,96,,,,,,,,
2026-09-28T16:29:10.431,347.435,0,1256.25,23,,97.531,0.0,-5.0,0.0,1.8,2.0,1.273,10580,14.51,12.157,27,,,,,,20,,,,,,,
2026-09-28T16:29:10.561,347.564,0,1236.25,24,,97.531,0.0,-5.5,0.0,1.8,2.0,1.27,10580,14.51,12.157,27,,,,,,,78.039,,,,,,
2026-09-28T16:29:10.691,347.695,0,1221.0,23,,97.531,0.0,-6.0,0.0,1.8,2.0,1.273,10580,14.51,12.157,26,,,,,,,,697.2,,,,,
2026-09-28T16:29:10.821,347.825,0,1202.25,24,,97.531,0.0,-6.0,0.0,1.8,2.0,1.273,10570,14.51,12.157,26,,,,,,,,,0.095,,,,
2026-09-28T16:29:10.952,347.955,0,1183.0,24,,97.469,0.0,-6.5,0.0,1.8,2.0,1.27,10580,14.51,12.157,25,,,,,,,,,,,0.781,,
2026-09-28T16:29:11.081,348.084,0,1167.0,24,,97.469,0.0,-6.5,0.0,1.8,2.0,1.273,10570,14.51,12.157,25,,,,,,,,,,,,13.333,
2026-09-28T16:29:11.212,348.215,0,1153.25,24,,97.312,0.0,-6.5,0.0,1.8,2.0,1.273,10560,14.51,12.157,25,,,,,,,,,,,,,383
2026-09-28T16:29:11.341,348.345,0,1140.25,24,,97.281,0.0,-7.0,0.0,1.8,2.0,1.273,10560,14.51,12.157,24,102,,,,,,,,,,,,
2026-09-28T16:29:11.474,348.478,0,1141.5,24,,97.25,0.0,-7.0,0.0,1.8,2.0,1.27,10550,14.51,12.157,24,,41,,,,,,,,,,,
2026-09-28T16:29:11.602,348.606,0,1143.5,23,,97.281,0.0,-7.0,0.0,1.8,2.0,1.27,10560,14.51,12.157,23,,,7.031,,,,,,,,,,
2026-09-28T16:29:11.732,348.735,0,1143.5,24,,97.219,0.0,-7.0,0.0,1.8,2.0,1.273,10550,14.51,12.157,23,,,,13.925,,,,,,,,,
2026-09-28T16:29:11.861,348.865,0,1141.25,24,,97.219,0.0,-7.0,0.0,1.8,2.0,1.27,10550,14.51,12.157,22,,,,,96,,,,,,,,
2026-09-28T16:29:11.991,348.995,0,1138.5,23,,97.219,0.0,-7.0,0.0,1.8,2.0,1.27,10550,14.51,12.157,22,,,,,,20,,,,,,,
2026-09-28T16:29:12.121,349.124,0,1138.0,24,,97.219,0.0,-7.0,0.0,1.8,2.0,1.273,10540,14.51,12.157,21,,,,,,,78.824,,,,,,
2026-09-28T16:29:12.251,349.254,0,1142.25,24,,97.219,0.0,-7.0,0.0,1.8,2.0,1.27,10550,14.51,12.157,21,,,,,,,,697.8,,,,,
2026-09-28T16:29:12.381,349.384,0,1143.25,24,,97.219,0.0,-7.0,0.0,1.8,2.0,1.27,10540,14.51,12.157,20,,,,,,,,,0.095,,,,
2026-09-28T16:29:12.511,349.514,0,1145.5,23,,97.219,0.0,-7.0,0.0,1.8,2.0,1.27,10530,14.51,12.157,20,,,,,,,,,,,0.781,,
2026-09-28T16:29:12.641,349.645,0,1143.75,24,,97.219,0.0,-7.0,0.0,1.8,2.0,1.27,10540,14.51,12.157,20,,,,,,,,,,,,13.333,
2026-09-28T16:29:12.774,349.777,0,1139.0,23,,97.219,0.0,-7.0,0.0,1.8,2.0,1.27,10530,14.51,12.157,19,,,,,,,,,,,,,385
2026-09-28T16:29:12.902,349.905,0,1140.25,23,,97.219,0.0,-7.0,0.0,1.8,2.0,1.27,10520,14.51,12.157,19,103,,,,,,,,,,,,
2026-09-28T16:29:13.031,350.034,0,1138.0,23,,97.219,0.0,-7.0,0.0,1.8,2.0,1.273,10520,14.51,12.157,18,,41,,,,,,,,,,,
2026-09-28T16:29:13.161,350.164,0,1137.5,24,,97.219,0.0,-7.0,0.0,1.8,2.0,1.27,10520,14.51,12.157,18,,,6.25,,,,,,,,,,
2026-09-28T16:29:13.301,350.305,0,1102.25,24,,97.219,0.0,-8.5,0.0,1.818,2.0,1.27,10510,14.51,11.765,17,,,,13.789,,,,,,,,,
2026-09-28T16:29:13.431,350.434,0,1003.25,24,,97.219,12.157,-1.0,0.0,1.856,2.0,1.293,10450,14.51,11.373,17,,,,,96,,,,,,,,
2026-09-28T16:29:13.562,350.566,0,932.5,23,,97.219,11.765,5.0,0.0,1.678,2.0,1.188,10410,14.51,12.157,17,,,,,,20,,,,,,,
2026-09-28T16:29:13.691,350.695,0,910.75,23,,97.062,12.549,2.5,0.0,1.454,2.0,0.914,10250,14.51,12.157,17,,,,,,,78.824,,,,,,
2026-09-28T16:29:13.821,350.824,0,898.25,24,,97.031,13.725,0.5,0.0,1.285,1.737,0.566,9830,14.51,11.765,16,,,,,,,,697.6,,,,,
2026-09-28T16:29:13.951,350.954,0,886.75,25,,96.906,14.118,3.5,0.0,1.138,1.321,0.305,9430,14.51,12.157,16,,,,,,,,,0.1,,,,
2026-09-28T16:29:14.082,351.086,0,862.25,26,,96.906,14.51,2.5,0.0,1.055,1.102,0.09,9130,14.51,12.157,16,,,,,,,,,,,0.781,,
2026-09-28T16:29:14.212,351.215,0,839.25,27,,96.906,15.294,2.0,0.0,0.994,1.021,0.0,8730,14.51,12.157,15,,,,,,,,,,,,16.863,
2026-09-28T16:29:14.341,351.344,0,827.5,28,,96.906,17.255,0.5,0.781,0.963,0.978,-0.078,8320,14.51,12.157,14,,,,,,,,,,,,,386
2026-09-28T16:29:14.474,351.477,0,817.25,29,,96.906,17.255,-0.5,0.781,0.94,0.961,-0.117,8010,14.51,12.157,14,103,,,,,,,,,,,,
2026-09-28T16:29:14.601,351.604,0,817.0,29,,96.906,17.255,-1.0,1.562,0.927,0.954,-0.133,7600,14.51,12.157,14,,41,,,,,,,,,,,
2026-09-28T16:29:14.731,351.735,0,812.25,29,,96.875,17.255,-1.0,2.344,0.918,0.954,-0.129,7290,14.51,12.157,13,,,5.469,,,,,,,,,,
2026-09-28T16:29:14.861,351.864,0,808.25,29,,96.875,17.255,-1.0,2.344,0.914,0.951,-0.137,6850,14.51,12.157,13,,,,13.847,,,,,,,,,
2026-09-28T16:29:14.991,351.995,0,799.5,30,,96.906,18.039,-1.0,2.344,0.91,0.938,-0.168,6520,14.51,12.157,12,,,,,96,,,,,,,,
2026-09-28T16:29:15.121,352.124,0,797.5,29,,96.875,17.647,2.0,1.562,0.908,0.922,-0.207,6090,14.51,12.157,12,,,,,,20,,,,,,,
2026-09-28T16:29:15.252,352.255,0,791.25,31,,96.844,18.824,-0.5,1.562,0.907,0.906,-0.246,5780,14.51,12.157,11,,,,,,,78.824,,,,,,
2026-09-28T16:29:15.381,352.384,0,791.75,30,,96.781,18.431,1.0,0.781,0.906,0.9,-0.258,5460,14.51,12.549,10,,,,,,,,694.7,,,,,
2026-09-28T16:29:15.511,352.514,0,780.0,30,,96.719,18.431,0.5,0.781,0.905,0.905,-0.246,5030,14.51,12.549,10,,,,,,,,,0.16,,,,
2026-09-28T16:29:15.641,352.644,0,771.75,33,,96.562,20.784,8.0,1.562,0.904,0.91,-0.234,4690,14.51,12.549,9,,,,,,,,,,,0.781,,
2026-09-28T16:29:15.774,352.778,0,768.75,35,,96.594,22.353,-1.0,1.562,0.903,0.91,-0.238,4310,14.51,12.549,9,,,,,,,,,,,,22.353,
2026-09-28T16:29:15.901,352.904,0,801.25,35,,96.656,21.569,-5.5,1.562,0.902,0.91,-0.234,3860,14.51,12.157,8,,,,,,,,,,,,,388
2026-09-28T16:29:16.033,353.036,0,819.5,34,,96.625,19.608,-6.0,1.562,0.901,0.914,-0.227,3420,14.51,12.157,8,103,,,,,,,,,,,,
2026-09-28T16:29:16.161,353.164,0,826.75,32,,96.625,19.216,-3.0,2.344,0.9,0.913,-0.227,3100,14.51,12.549,7,,41,,,,,,,,,,,
2026-09-28T16:29:16.291,353.295,0,835.25,31,,96.625,19.216,-4.0,2.344,0.899,0.914,-0.227,2720,14.51,12.549,6,,,4.688,,,,,,,,,,
2026-09-28T16:29:16.421,353.424,0,834.75,31,,96.594,18.824,-4.0,2.344,0.898,0.913,-0.23,2600,14.51,12.549,6,,,,13.847,,,,,,,,,
2026-09-28T16:29:16.552,353.555,0,829.25,31,,96.562,19.216,-3.0,2.344,0.897,0.914,-0.227,2580,14.51,12.549,6,,,,,96,,,,,,,,
2026-09-28T16:29:16.682,353.685,0,826.0,31,,96.562,19.216,-4.0,3.125,0.896,0.917,-0.219,2630,14.51,12.549,5,,,,,,20,,,,,,,
2026-09-28T16:29:16.812,353.815,0,821.0,32,,96.562,19.608,-4.5,3.125,0.895,0.916,-0.223,2690,14.51,12.549,5,,,,,,,78.824,,,,,,
2026-09-28T16:29:16.941,353.944,0,822.75,32,,96.562,20.0,-9.5,3.125,0.894,0.911,-0.234,2750,14.51,11.765,4,,,,,,,,690.6,,,,,
2026-09-28T16:29:17.074,354.077,0,816.0,31,,96.562,18.431,-2.5,3.125,0.893,0.905,-0.25,2720,14.51,12.157,4,,,,,,,,,0.185,,,,
2026-09-28T16:29:17.201,354.204,0,798.25,30,,96.562,18.431,-2.5,3.125,0.892,0.898,-0.266,2710,14.51,12.549,4,,,,,,,,,,,0.781,,
2026-09-28T16:29:17.332,354.335,0,782.0,31,,96.469,23.137,13.0,3.125,0.891,0.896,-0.273,2760,14.51,13.725,3,,,,,,,,,,,,29.02,
2026-09-28T16:29:17.461,354.464,0,783.0,42,,96.562,28.235,0.5,3.125,0.89,0.896,-0.27,3090,14.51,12.941,3,,,,,,,,,,,,,389
2026-09-28T16:29:17.591,354.594,0,854.25,41,,96.562,25.098,-11.5,3.125,0.888,0.896,-0.27,3490,14.51,12.157,3,104,,,,,,,,,,,,
2026-09-28T16:29:17.721,354.724,0,884.0,38,,96.562,20.784,-8.5,3.125,0.886,0.889,-0.293,3840,20.784,12.549,3,,42,,,,,,,,,,,
2026-09-28T16:29:17.852,354.855,0,885.25,33,,96.562,20.0,6.0,2.344,0.885,0.876,-0.332,3900,33.725,16.078,3,,,2.344,,,,,,,,,,
2026-09-28T16:29:17.981,354.984,0,894.25,39,,96.25,33.333,8.0,1.562,0.883,0.861,-0.375,3900,33.333,41.961,3,,,,13.964,,,,,,,,,
2026-09-28T16:29:18.111,355.114,0,1043.0,70,,94.281,65.098,-11.0,-1.562,0.882,0.809,-0.559,4870,33.333,23.922,4,,,,,96,,,,,,,,
2026-09-28T16:29:18.241,355.244,0,1409.5,86,,96.031,38.431,12.5,0.781,0.883,0.899,-0.262,5260,33.333,29.412,4,,,,,,20,,,,,,,
2026-09-28T16:29:18.374,355.377,0,1598.5,91,,96.156,30.98,11.5,3.906,0.889,0.935,-0.176,5790,33.333,29.412,6,,,,,,,78.824,,,,,,
2026-09-28T16:29:18.502,355.505,0,1654.75,92,,96.844,30.588,11.0,4.688,0.901,0.938,-0.168,7320,33.333,29.02,7,,,,,,,,677.8,,,,,
2026-09-28T16:29:18.632,355.635,0,1620.0,93,,98.844,30.98,10.5,4.688,0.907,0.927,-0.195,8140,33.333,28.235,8,,,,,,,,,0.235,,,,
2026-09-28T16:29:18.762,355.765,0,1605.25,93,,99.969,31.373,10.5,5.469,0.909,0.934,-0.18,9240,33.333,25.49,10,,,,,,,,,,,0.781,,
2026-09-28T16:29:18.891,355.894,0,1590.5,92,,101.281,30.588,11.5,5.469,0.91,0.928,-0.191,10530,33.333,25.882,11,,,,,,,,,,,,63.137,
2026-09-28T16:29:19.021,356.025,0,1593.5,92,,102.125,30.588,11.0,5.469,0.906,0.908,-0.242,11470,33.333,25.098,12,,,,,,,,,,,,,391
2026-09-28T16:29:19.151,356.155,0,1619.0,93,,103.719,30.196,12.0,5.469,0.906,0.909,-0.238,12140,33.333,24.706,13,104,,,,,,,,,,,,
2026-09-28T16:29:19.281,356.284,0,1663.25,92,,104.406,29.412,12.5,5.469,0.906,0.912,-0.23,13050,33.333,24.314,14,,41,,,,,,,,,,,
2026-09-28T16:29:19.411,356.415,0,1746.0,91,,105.0,28.627,11.5,5.469,0.909,0.914,-0.227,14100,33.333,24.706,15,,,0.0,,,,,,,,,,
2026-09-28T16:29:19.543,356.546,0,1872.25,91,,106.312,27.451,13.0,4.688,0.914,0.904,-0.25,15200,33.333,25.098,16,,,,13.828,,,,,,,,,
2026-09-28T16:29:19.675,356.678,0,1966.0,91,,107.062,27.451,14.0,4.688,0.915,0.912,-0.23,15720,33.333,25.49,17,,,,,96,,,,,,,,
2026-09-28T16:29:19.802,356.805,0,2080.5,91,,107.719,28.235,14.0,3.906,0.962,0.959,-0.121,16260,33.333,25.49,18,,,,,,20,,,,,,,
2026-09-28T16:29:19.932,356.936,0,2157.0,92,,109.719,28.235,14.0,3.906,0.997,0.989,-0.047,16050,33.333,25.098,18,,,,,,,78.824,,,,,,
2026-09-28T16:29:20.061,357.065,0,2227.25,91,,110.688,28.235,14.0,4.688,1.006,1.009,-0.012,16040,33.333,24.706,19,,,,,,,,649.6,,,,,
2026-09-28T16:29:20.191,357.195,0,2199.0,91,,111.75,29.02,-19.0,4.688,1.008,1.009,-0.012,16180,33.333,23.137,20,,,,,,,,,0.905,,,,
2026-09-28T16:29:20.321,357.324,0,1831.5,92,,113.719,26.275,-6.0,5.469,1.007,1.029,0.008,16010,33.333,23.137,20,,,,,,,,,,,0.781,,
2026-09-28T16:29:20.451,357.454,0,1773.25,94,,115.75,27.451,-0.5,7.031,1.005,1.033,0.016,16100,33.333,22.745,21,,,,,,,,,,,,62.745,
2026-09-28T16:29:20.582,357.585,0,1757.75,93,,115.781,27.843,-0.5,5.469,1.002,0.984,-0.059,16170,33.333,22.745,22,,,,,,,,,,,,,392
2026-09-28T16:29:20.711,357.715,0,1719.25,94,,115.5,29.804,6.5,4.688,1.002,0.978,-0.078,16290,32.941,21.961,22,104,,,,,,,,,,,,
2026-09-28T16:29:20.842,357.845,0,1674.0,92,,115.031,28.627,10.5,3.906,1.002,0.988,-0.051,16020,32.549,21.569,23,,39,,,,,,,,,,,
2026-09-28T16:29:20.973,357.977,0,1731.0,90,,114.5,27.451,12.5,3.906,1.001,0.992,-0.039,15790,32.549,22.353,24,,,0.781,,,,,,,,,,
2026-09-28T16:29:21.101,358.105,0,1756.25,90,,113.594,27.451,13.0,3.125,1.005,0.983,-0.062,15870,32.157,21.961,24,,,,13.828,,,,,,,,,
2026-09-28T16:29:21.231,358.235,0,1812.5,89,,112.906,26.275,13.5,1.562,1.01,0.99,-0.043,15660,31.765,22.353,25,,,,,96,,,,,,,,
2026-09-28T16:29:21.361,358.364,0,1843.5,89,,112.531,25.882,14.0,1.562,0.999,0.986,-0.055,15620,30.98,20.392,25,,,,,,20,,,,,,,
2026-09-28T16:29:21.492,358.495,0,1879.25,87,,112.875,23.922,15.5,1.562,0.992,0.985,-0.059,15130,30.588,20.0,26,,,,,,,78.824,,,,,,
2026-09-28T16:29:21.622,358.625,0,1908.0,85,,112.531,22.353,15.5,1.562,0.991,0.99,-0.047,14730,29.412,20.0,26,,,,,,,,631.7,,,,,
2026-09-28T16:29:21.752,358.755,0,1954.25,80,,111.875,21.176,17.0,1.562,0.995,0.992,-0.039,14550,28.627,18.431,27,,,,,,,,,0.85,,,,
2026-09-28T16:29:21.882,358.886,0,1974.0,70,,111.562,19.216,18.0,0.781,1.0,0.991,-0.043,14020,28.627,18.824,27,,,,,,,,,,,0.781,,
2026-09-28T16:29:22.011,359.015,0,1950.25,68,,110.719,18.824,-20.0,0.781,1.002,0.989,-0.047,13730,28.235,17.255,28,,,,,,,,,,,,42.745,
2026-09-28T16:29:22.141,359.145,0,1662.25,65,,106.0,18.431,-7.0,0.781,1.003,1.009,-0.012,13310,27.843,16.863,28,,,,,,,,,,,,,394
2026-09-28T16:29:22.274,359.277,0,1555.75,63,,105.844,18.824,-3.5,2.344,1.003,1.012,-0.008,12480,26.275,16.078,28,105,,,,,,,,,,,,
2026-09-28T16:29:22.401,359.404,0,1533.25,59,,104.938,18.824,-5.0,0.781,1.003,0.99,-0.047,11730,25.49,15.686,28,,38,,,,,,,,,,,
2026-09-28T16:29:22.531,359.535,0,1488.5,54,,103.344,18.431,-2.5,0.781,1.003,0.984,-0.059,11460,25.49,15.686,28,,,1.562,,,,,,,,,,
2026-09-28T16:29:22.661,359.664,0,1442.0,48,,102.688,18.431,5.5,0.0,1.003,0.964,-0.109,11210,24.706,15.294,29,,,,13.847,,,,,,,,,
2026-09-28T16:29:22.793,359.796,0,1371.0,48,,101.938,19.608,7.0,-2.344,1.0,0.956,-0.129,10360,22.745,14.118,29,,,,,96,,,,,,,,
2026-09-28T16:29:22.921,359.924,0,1321.75,45,,101.406,17.647,14.0,-1.562,0.996,0.983,-0.062,9840,21.176,13.333,29,,,,,,20,,,,,,,
2026-09-28T16:29:23.052,360.055,0,1321.75,34,,100.656,13.725,13.0,-0.781,0.998,0.992,-0.039,9820,20.0,12.549,29,,,,,,,78.824,,,,,,
2026-09-28T16:29:23.181,360.184,0,1322.75,27,,100.281,10.98,11.0,-1.562,1.001,0.986,-0.055,9460,20.392,12.549,29,,,,,,,,625.6,,,,,
2026-09-28T16:29:23.311,360.314,0,1315.25,24,,99.781,9.804,20.0,-2.344,1.007,0.974,-0.09,9040,20.0,12.157,29,,,,,,,,,0.845,,,,
2026-09-28T16:29:23.441,360.444,0,1322.25,23,,99.156,8.235,15.5,-2.344,1.011,0.99,-0.043,8780,20.0,12.157,29,,,,,,,,,,,0.781,,
2026-09-28T16:29:23.573,360.577,0,1331.25,22,,100.156,8.235,21.5,-0.781,1.014,1.028,0.008,8440,20.784,12.549,29,,,,,,,,,,,,12.941,
2026-09-28T16:29:23.701,360.704,0,1327.5,22,,99.438,8.235,27.5,0.0,1.015,1.053,0.039,8040,22.745,14.51,29,,,,,,,,,,,,,396
2026-09-28T16:29:23.832,360.835,0,1336.0,24,,99.094,13.725,16.5,0.0,1.017,1.039,0.02,7440,23.922,14.902,29,105,,,,,,,,,,,,
2026-09-28T16:29:23.961,360.964,0,1364.0,35,,98.812,14.902,14.0,0.0,1.017,1.015,-0.004,6680,23.922,14.51,29,,37,,,,,,,,,,,
2026-09-28T16:29:24.091,361.095,0,1328.0,38,,98.781,16.863,14.0,-0.781,1.013,0.999,-0.023,6070,23.922,14.902,29,,,2.344,,,,,,,,,,
2026-09-28T16:29:24.222,361.225,0,1335.25,38,,98.5,17.255,14.0,-2.344,1.012,0.984,-0.059,5860,23.922,14.902,29,,,,13.847,,,,,,,,,
2026-09-28T16:29:24.352,361.355,0,1349.0,40,,98.406,17.255,14.0,-3.125,1.001,0.984,-0.059,5840,23.922,14.902,29,,,,,96,,,,,,,,
2026-09-28T16:29:24.481,361.484,0,1346.0,40,,98.188,17.255,14.0,-3.125,0.996,0.994,-0.035,6590,24.314,14.902,29,,,,,,20,,,,,,,
2026-09-28T16:29:24.612,361.616,0,1351.75,40,,98.188,16.863,14.0,-3.125,0.994,0.983,-0.062,6190,24.314,14.902,29,,,,,,,78.824,,,,,,
2026-09-28T16:29:24.742,361.745,0,1355.75,41,,97.906,18.039,14.0,-3.906,0.992,0.982,-0.066,6280,25.49,15.686,29,,,,,,,,623.6,,,,,
2026-09-28T16:29:24.872,361.875,0,1366.75,44,,97.875,19.608,14.0,-3.906,1.001,1.004,-0.016,7430,26.667,16.078,29,,,,,,,,,0.845,,,,
2026-09-28T16:29:25.001,362.004,0,1369.25,47,,97.875,20.0,14.0,-3.906,1.006,0.994,-0.035,7990,27.843,16.863,29,,,,,,,,,,,0.781,,
2026-09-28T16:29:25.131,362.134,0,1370.25,51,,97.562,23.137,14.0,-4.688,1.009,0.989,-0.051,8530,29.02,17.255,30,,,,,,,,,,,,39.608,
2026-09-28T16:29:25.261,362.264,0,1369.5,57,,97.562,25.098,13.5,-4.688,1.002,0.998,-0.023,9530,30.196,18.824,30,,,,,,,,,,,,,397
2026-09-28T16:29:25.391,362.394,0,1381.25,63,,97.469,28.235,13.5,-3.906,0.995,1.005,-0.016,10650,30.98,20.784,30,106,,,,,,,,,,,,
2026-09-28T16:29:25.521,362.524,0,1399.75,75,,97.281,32.157,13.5,-3.906,0.992,0.993,-0.039,11210,31.373,21.176,30,,39,,,,,,,,,,,
2026-09-28T16:29:25.652,362.655,0,1404.25,81,,98.0,32.941,13.0,-2.344,1.003,1.041,0.023,12000,31.765,21.176,30,,,0.781,,,,,,,,,,
2026-09-28T16:29:25.782,362.785,0,1406.25,81,,98.344,33.725,13.0,0.0,1.008,1.053,0.039,13540,33.333,24.314,31,,,,13.867,,,,,,,,,
2026-09-28T16:29:25.911,362.914,0,1437.0,84,,98.469,36.078,10.5,0.781,1.001,1.002,-0.02,14000,33.725,27.451,31,,,,,96,,,,,,,,
2026-09-28T16:29:26.041,363.044,0,1457.0,93,,99.469,38.824,10.0,0.0,0.995,0.999,-0.023,14650,34.118,28.235,32,,,,,,20,,,,,,,
2026-09-28T16:29:26.175,363.179,0,1475.0,95,,100.219,39.216,9.5,0.781,0.996,1.021,0.0,15820,34.51,29.02,32,,,,,,,78.824,,,,,,
2026-09-28T16:29:26.301,363.304,0,1480.5,96,,100.906,39.608,9.0,2.344,1.005,1.026,0.008,16980,36.078,32.941,32,,,,,,,,616.2,,,,,
2026-09-28T16:29:26.431,363.435,0,1502.5,97,,102.406,41.569,8.0,2.344,1.004,1.013,-0.008,17260,36.078,34.902,33,,,,,,,,,0.85,,,,
2026-09-28T16:29:26.561,363.564,0,1533.25,101,,103.438,40.784,5.5,2.344,0.996,0.997,-0.027,17650,36.078,32.549,33,,,,,,,,,,,0.781,,
2026-09-28T16:29:26.691,363.695,0,1549.0,102,,104.969,41.176,5.0,2.344,0.998,0.996,-0.031,18090,36.078,30.588,33,,,,,,,,,,,,81.176,
2026-09-28T16:29:26.822,363.825,0,1557.0,102,,106.188,40.392,5.0,2.344,1.006,0.998,-0.027,17540,36.078,28.627,34,,,,,,,,,,,,,399
2026-09-28T16:29:26.952,363.955,0,1579.0,102,,108.75,39.216,5.5,1.562,1.003,0.996,-0.027,17300,36.078,27.059,35,106,,,,,,,,,,,,
2026-09-28T16:29:27.081,364.085,0,1602.5,101,,109.781,37.255,6.0,1.562,0.996,0.993,-0.039,17520,36.078,26.667,35,,38,,,,,,,,,,,
2026-09-28T16:29:27.212,364.215,0,1619.75,100,,110.531,36.471,6.5,2.344,1.004,1.012,-0.008,16870,36.078,26.667,35,,,0.0,,,,,,,,,,
2026-09-28T16:29:27.341,364.345,0,1652.0,101,,111.969,35.686,6.5,2.344,1.0,0.997,-0.027,16710,36.078,26.275,36,,,,13.847,,,,,,,,,
2026-09-28T16:29:27.472,364.475,0,1672.25,101,,112.562,35.686,6.5,1.562,0.996,0.984,-0.059,17120,36.078,26.667,36,,,,,96,,,,,,,,
2026-09-28T16:29:27.601,364.605,0,1693.75,101,,112.906,35.686,6.5,0.781,1.003,0.988,-0.051,17470,37.255,28.235,37,,,,,,20,,,,,,,
2026-09-28T16:29:27.731,364.734,0,1723.0,104,,113.719,36.863,6.5,0.781,1.001,0.998,-0.027,17680,36.863,27.843,37,,,,,,,78.824,,,,,,
2026-09-28T16:29:27.861,364.865,0,1739.0,104,,114.562,36.863,6.5,1.562,0.996,1.005,-0.016,17570,36.863,27.059,38,,,,,,,,610.4,,,,,
2026-09-28T16:29:27.992,364.995,0,1749.75,103,,115.312,36.471,6.5,1.562,1.004,1.014,-0.008,17360,36.471,26.667,38,,,,,,,,,0.83,,,,
2026-09-28T16:29:28.121,365.124,0,1773.0,103,,116.031,35.294,6.5,1.562,0.997,0.997,-0.027,17250,36.471,26.275,39,,,,,,,,,,,0.781,,
2026-09-28T16:29:28.252,365.255,0,1810.0,102,,117.219,34.902,7.5,1.562,0.996,0.99,-0.047,17270,36.078,25.882,39,,,,,,,,,,,,77.647,
2026-09-28T16:29:28.382,365.385,0,1815.5,102,,117.594,34.118,9.0,0.781,1.004,1.001,-0.02,17290,35.294,24.314,40,,,,,,,,,,,,,400
2026-09-28T16:29:28.521,365.524,0,1839.5,100,,117.906,31.373,10.5,1.562,0.998,1.013,-0.008,16510,35.294,25.098,40,106,,,,,,,,,,,,
2026-09-28T16:29:28.651,365.654,0,1858.25,99,,117.75,32.157,11.0,3.125,1.001,0.998,-0.023,16660,35.294,24.706,40,,37,,,,,,,,,,,
2026-09-28T16:29:28.781,365.784,0,1865.75,99,,117.812,31.765,11.0,1.562,0.997,0.992,-0.043,16570,34.902,24.706,41,,,0.0,,,,,,,,,,
2026-09-28T16:29:28.911,365.914,0,1880.5,98,,117.938,30.98,11.0,1.562,0.996,0.997,-0.027,16470,35.294,24.706,41,,,,13.867,,,,,,,,,
2026-09-28T16:29:29.041,366.044,0,1740.5,100,,118.25,33.333,-10.0,1.562,1.003,1.003,-0.016,16890,35.686,23.137,41,,,,,96,,,,,,,,
2026-09-28T16:29:29.176,366.179,0,1576.25,100,,119.156,36.078,-8.5,1.562,0.999,0.992,-0.039,17180,35.686,23.137,41,,,,,,20,,,,,,,
2026-09-28T16:29:29.302,366.305,0,1519.75,100,,118.906,38.431,-1.0,0.781,0.995,0.978,-0.078,17270,35.686,23.137,42,,,,,,,78.824,,,,,,
2026-09-28T16:29:29.431,366.434,0,1472.5,101,,117.562,42.745,2.0,0.0,1.005,0.983,-0.062,17690,35.686,23.137,42,,,,,,,,607.1,,,,,
2026-09-28T16:29:29.561,366.564,0,1411.25,100,,116.75,45.098,5.5,-0.781,0.996,0.973,-0.09,17590,35.686,22.353,42,,,,,,,,,0.82,,,,
2026-09-28T16:29:29.692,366.695,0,1357.5,99,,116.094,45.882,8.0,-1.562,1.003,0.984,-0.059,16890,35.686,21.961,42,,,,,,,,,,,0.781,,
2026-09-28T16:29:29.822,366.825,0,1358.5,98,,115.188,49.02,8.5,-1.562,0.996,0.981,-0.066,17020,35.686,22.353,43,,,,,,,,,,,,76.863,
2026-09-28T16:29:29.951,366.954,0,1359.25,98,,113.375,47.451,8.5,-3.125,1.003,0.971,-0.094,17240,34.902,22.353,43,,,,,,,,,,,,,402
2026-09-28T16:29:30.081,367.084,0,1369.25,97,,112.656,45.882,9.0,-3.906,0.995,0.98,-0.07,16720,34.51,21.961,44,105,,,,,,,,,,,,
2026-09-28T16:29:30.211,367.215,0,1385.25,96,,112.344,44.314,9.0,-3.906,1.0,0.998,-0.023,16410,35.294,23.137,44,,36,,,,,,,,,,,
2026-09-28T16:29:30.342,367.345,0,1397.25,98,,111.094,46.667,9.0,-3.906,0.999,0.995,-0.031,17090,35.294,23.922,44,,,0.781,,,,,,,,,,
2026-09-28T16:29:30.474,367.477,0,1405.75,98,,110.875,46.275,8.5,-4.688,1.004,0.982,-0.066,16850,35.294,23.529,44,,,,13.847,,,,,,,,,
2026-09-28T16:29:30.601,367.605,0,1410.75,98,,110.719,45.49,8.5,-4.688,1.004,1.0,-0.02,16910,35.294,23.922,44,,,,,96,,,,,,,,
2026-09-28T16:29:30.731,367.735,0,1415.75,98,,110.469,44.314,8.5,-3.906,1.004,0.999,-0.023,17220,35.294,24.314,45,,,,,,20,,,,,,,
2026-09-28T16:29:30.862,367.866,0,1426.75,98,,110.344,43.922,9.0,-4.688,1.005,1.003,-0.016,16650,35.294,23.922,45,,,,,,,78.824,,,,,,
2026-09-28T16:29:30.991,367.995,0,1444.5,98,,110.406,43.529,9.0,-3.906,1.005,1.018,-0.004,16790,35.294,24.314,46,,,,,,,,602.8,,,,,
2026-09-28T16:29:31.121,368.124,0,1462.0,97,,110.281,41.569,8.5,-3.125,1.005,1.013,-0.008,17140,35.294,24.706,46,,,,,,,,,0.815,,,,
2026-09-28T16:29:31.252,368.255,0,1466.5,98,,110.25,41.176,8.5,-3.125,1.005,1.013,-0.008,16680,35.294,24.706,46,,,,,,,,,,,0.781,,
2026-09-28T16:29:31.382,368.385,0,1473.25,98,,110.312,41.569,8.5,-3.125,1.005,1.021,0.0,16850,35.686,25.49,47,,,,,,,,,,,,74.902,
2026-09-28T16:29:31.512,368.515,0,1497.5,99,,110.312,41.569,8.5,-2.344,1.005,1.019,0.0,17360,35.686,25.49,47,,,,,,,,,,,,,403
2026-09-28T16:29:31.641,368.645,0,1508.0,100,,110.656,40.784,8.5,-2.344,1.005,1.018,-0.004,17060,35.294,25.49,47,105,,,,,,,,,,,,
2026-09-28T16:29:31.772,368.775,0,1510.25,100,,110.844,41.176,8.5,-1.562,1.005,1.022,0.004,16890,34.51,24.314,48,,36,,,,,,,,,,,
2026-09-28T16:29:31.901,368.904,0,1522.5,99,,111.156,39.216,9.5,-1.562,1.005,1.021,0.0,16980,34.902,24.706,48,,,0.781,,,,,,,,,,
2026-09-28T16:29:32.032,369.035,0,1538.75,98,,111.25,37.647,9.0,-1.562,1.005,1.011,-0.008,16750,34.902,24.706,49,,,,13.847,,,,,,,,,
2026-09-28T16:29:32.161,369.164,0,1544.0,98,,111.281,37.255,9.0,-1.562,1.005,1.01,-0.012,16470,34.902,24.706,49,,,,,96,,,,,,,,
2026-09-28T16:29:32.292,369.295,0,1551.5,98,,111.438,37.255,9.0,-1.562,1.005,1.016,-0.004,17120,34.902,24.706,49,,,,,,20,,,,,,,
2026-09-28T16:29:32.421,369.424,0,1566.75,98,,111.406,36.471,9.5,-1.562,1.005,1.004,-0.016,16680,34.902,24.706,49,,,,,,,78.824,,,,,,
2026-09-28T16:29:32.551,369.555,0,1572.25,98,,111.688,35.686,9.5,-1.562,1.005,1.013,-0.008,16640,34.902,24.706,49,,,,,,,,600.1,,,,,
2026-09-28T16:29:32.682,369.685,0,1591.0,97,,111.75,34.902,9.5,-1.562,1.005,1.001,-0.02,17200,34.902,25.49,50,,,,,,,,,0.82,,,,
2026-09-28T16:29:32.812,369.815,0,1604.75,99,,111.625,35.294,9.5,-2.344,1.005,1.002,-0.02,16740,35.294,25.098,51,,,,,,,,,,,0.781,,
2026-09-28T16:29:32.941,369.945,0,1618.25,98,,112.094,34.902,7.5,-0.781,1.005,1.022,0.004,16790,34.902,24.706,51,,,,,,,,,,,,72.549,
2026-09-28T16:29:33.071,370.075,0,1623.25,98,,112.219,34.51,8.0,-0.781,1.004,1.002,-0.02,17140,34.118,23.922,51,,,,,,,,,,,,,405
2026-09-28T16:29:33.201,370.204,0,1632.5,98,,112.375,32.941,9.0,-0.781,1.005,1.017,-0.004,16450,33.725,22.745,51,104,,,,,,,,,,,,
2026-09-28T16:29:33.331,370.334,0,1642.0,95,,112.781,31.373,9.0,0.0,1.005,1.023,0.004,15990,33.725,22.745,52,,36,,,,,,,,,,,
2026-09-28T16:29:33.462,370.465,0,1659.75,94,,112.562,31.373,9.0,-1.562,1.005,0.991,-0.043,16270,34.118,23.529,52,,,0.781,,,,,,,,,,
2026-09-28T16:29:33.601,370.604,0,1664.25,95,,112.281,32.157,9.0,-1.562,1.004,0.988,-0.051,16670,34.51,24.314,53,,,,13.945,,,,,,,,,
2026-09-28T16:29:33.731,370.734,0,1677.25,96,,112.219,32.941,8.5,-2.344,1.004,0.987,-0.051,16690,34.51,23.922,53,,,,,96,,,,,,,,
2026-09-28T16:29:33.862,370.865,0,1683.25,96,,112.438,32.157,9.5,-1.562,1.004,0.999,-0.023,16540,34.118,23.922,53,,,,,,20,,,,,,,
2026-09-28T16:29:33.991,370.994,0,1694.0,96,,112.531,32.157,9.0,-1.562,1.004,0.996,-0.027,16520,33.725,22.745,53,,,,,,,78.824,,,,,,
2026-09-28T16:29:34.121,371.124,0,1694.5,95,,112.812,30.588,9.5,-2.344,1.004,0.998,-0.023,16530,34.118,23.529,54,,,,,,,,598.3,,,,,
2026-09-28T16:29:34.251,371.254,0,1718.0,95,,112.5,30.588,10.0,-1.562,1.004,1.0,-0.02,16170,33.725,23.137,54,,,,,,,,,0.81,,,,
2026-09-28T16:29:34.381,371.384,0,1739.25,95,,112.656,30.196,10.5,-2.344,1.004,0.994,-0.035,16170,34.118,24.314,54,,,,,,,,,,,0.781,,
2026-09-28T16:29:34.512,371.515,0,1750.5,95,,112.406,31.373,-10.0,-2.344,1.004,0.99,-0.047,16820,34.118,23.529,55,,,,,,,,,,,,69.412,
2026-09-28T16:29:34.641,371.644,0,1587.25,96,,113.469,34.118,-3.0,-2.344,1.004,0.995,-0.035,16980,33.725,23.137,55,,,,,,,,,,,,,407
2026-09-28T16:29:34.771,371.775,0,1524.25,97,,113.656,36.863,-4.0,-2.344,1.003,1.007,-0.012,16730,30.588,18.824,55,102,,,,,,,,,,,,
2026-09-28T16:29:34.901,371.904,0,1452.25,91,,114.531,30.98,-3.0,-1.562,1.003,1.029,0.012,16700,30.588,17.647,55,,36,,,,,,,,,,,
2026-09-28T16:29:35.031,372.034,0,1389.75,85,,107.938,31.765,0.5,0.0,1.003,1.031,0.012,15910,31.373,18.431,56,,,0.781,,,,,,,,,,
2026-09-28T16:29:35.161,372.164,0,1401.5,81,,106.625,32.941,2.5,-0.781,1.003,1.007,-0.012,15210,30.98,19.216,55,,,,13.925,,,,,,,,,
2026-09-28T16:29:35.291,372.294,0,1395.75,82,,105.719,32.549,9.0,-0.781,1.003,1.007,-0.012,15630,30.98,19.608,56,,,,,96,,,,,,,,
2026-09-28T16:29:35.421,372.424,0,1366.0,84,,104.781,32.549,9.0,-1.562,1.003,0.996,-0.031,15070,30.196,18.431,56,,,,,,20,,,,,,,
2026-09-28T16:29:35.552,372.555,0,1348.25,81,,103.75,32.157,13.0,-0.781,1.003,1.015,-0.004,14700,30.196,17.647,56,,,,,,,78.824,,,,,,
2026-09-28T16:29:35.682,372.685,0,1349.75,76,,103.312,30.196,13.0,-0.781,1.003,1.002,-0.02,14270,30.196,18.039,56,,,,,,,,596.8,,,,,
2026-09-28T16:29:35.811,372.814,0,1356.75,72,,102.719,30.196,13.5,-0.781,1.003,1.003,-0.016,14530,30.196,18.039,57,,,,,,,,,0.8,,,,
2026-09-28T16:29:35.941,372.944,0,1361.5,73,,101.656,30.196,13.5,-1.562,1.003,0.985,-0.059,14510,29.804,18.431,57,,,,,,,,,,,0.781,,
2026-09-28T16:29:36.072,373.075,0,1370.25,74,,101.062,30.196,13.5,-2.344,1.003,0.984,-0.059,14260,30.196,18.039,57,,,,,,,,,,,,46.667,
2026-09-28T16:29:36.201,373.204,0,1378.0,72,,101.062,29.02,13.5,-1.562,1.002,0.997,-0.027,14600,21.961,15.294,57,,,,,,,,,,,,,408
2026-09-28T16:29:36.331,373.334,0,1371.0,69,,101.062,0.0,5.0,-2.344,1.002,0.99,-0.043,13920,14.51,12.941,57,101,,,,,,,,,,,,
2026-09-28T16:29:36.461,373.465,0,1373.0,43,,101.031,0.0,14.5,-2.344,1.003,0.994,-0.035,13190,22.745,13.725,57,,36,,,,,,,,,,,
2026-09-28T16:29:36.592,373.595,0,1370.0,31,,100.719,11.765,15.5,-2.344,1.003,0.999,-0.023,13220,25.49,14.902,57,,,3.125,,,,,,,,,,
2026-09-28T16:29:36.722,373.725,0,1375.75,34,,99.938,16.863,14.0,-2.344,1.003,0.998,-0.027,12620,26.667,15.686,57,,,,13.964,,,,,,,,,
2026-09-28T16:29:36.852,373.855,0,1373.5,46,,99.125,18.824,14.0,-2.344,1.003,0.995,-0.031,11630,27.451,16.078,57,,,,,96,,,,,,,,
2026-09-28T16:29:36.981,373.984,0,1373.5,48,,98.781,20.784,14.0,-2.344,1.003,0.993,-0.039,11200,28.235,16.863,57,,,,,,20,,,,,,,
2026-09-28T16:29:37.112,374.115,0,1385.75,51,,98.5,22.745,14.0,-3.125,1.003,0.979,-0.074,11030,29.412,18.039,58,,,,,,,78.824,,,,,,
2026-09-28T16:29:37.242,374.245,0,1393.0,63,,98.031,25.882,14.0,-3.906,1.003,0.98,-0.07,11190,29.412,17.647,57,,,,,,,,597.1,,,,,
2026-09-28T16:29:37.375,374.378,0,1386.25,65,,98.156,26.275,13.5,-3.906,1.002,0.992,-0.039,12380,29.412,17.647,57,,,,,,,,,0.795,,,,
2026-09-28T16:29:37.502,374.505,0,1381.25,66,,98.156,26.275,13.5,-3.906,1.002,0.987,-0.051,12950,29.02,17.255,58,,,,,,,,,,,0.781,,
2026-09-28T16:29:37.632,374.635,0,1393.0,69,,98.219,25.098,12.5,-3.906,1.002,0.997,-0.027,13080,14.51,14.902,58,,,,,,,,,,,,35.294,
2026-09-28T16:29:37.762,374.765,0,1385.5,53,,98.625,0.0,7.0,-2.344,1.002,1.015,-0.004,13360,18.824,12.941,58,,,,,,,,,,,,,410
2026-09-28T16:29:37.892,374.896,0,1403.75,42,,98.812,0.0,16.0,-3.906,1.002,0.991,-0.043,12630,25.882,15.294,58,101,,,,,,,,,,,,
2026-09-28T16:29:38.021,375.024,0,1385.75,34,,98.188,16.863,14.0,-3.906,1.003,1.003,-0.016,12130,26.667,16.078,58,,36,,,,,,,,,,,
2026-09-28T16:29:38.151,375.154,0,1393.5,47,,97.875,18.824,14.0,-2.344,1.003,1.024,0.004,11610,27.451,16.471,58,,,1.562,,,,,,,,,,
2026-09-28T16:29:38.281,375.284,0,1407.5,51,,97.594,21.176,14.0,-3.906,1.003,0.986,-0.055,10560,28.235,17.255,58,,,,13.886,,,,,,,,,
2026-09-28T16:29:38.411,375.414,0,1405.0,56,,97.531,23.137,14.0,-3.906,1.003,0.988,-0.051,11060,28.235,16.863,58,,,,,96,,,,,,,,
2026-09-28T16:29:38.542,375.545,0,1396.75,61,,97.531,23.529,14.0,-3.906,1.003,0.995,-0.035,11670,14.51,15.294,58,,,,,,20,,,,,,,
2026-09-28T16:29:38.682,375.685,0,1405.25,58,,97.875,0.0,12.5,-4.688,1.002,0.983,-0.062,11280,15.294,13.725,58,,,,,,,78.039,,,,,,
2026-09-28T16:29:38.812,375.815,0,1400.75,46,,97.906,0.0,15.5,-4.688,1.002,0.991,-0.043,11120,22.353,13.333,58,,,,,,,,597.3,,,,,
2026-09-28T16:29:38.942,375.945,0,1393.0,31,,97.656,12.941,16.5,-3.906,1.002,0.999,-0.023,11220,23.529,14.51,58,,,,,,,,,0.79,,,,
2026-09-28T16:29:39.072,376.075,0,1399.0,33,,97.812,13.333,15.5,-3.906,1.003,0.999,-0.023,10500,25.49,15.294,58,,,,,,,,,,,0.781,,
2026-09-28T16:29:39.201,376.204,0,1411.25,38,,97.531,16.471,14.0,-3.906,1.003,1.017,-0.004,9990,25.882,16.078,59,,,,,,,,,,,,28.627,
2026-09-28T16:29:39.332,376.335,0,1416.5,41,,97.219,18.431,14.5,-3.125,1.003,1.015,-0.004,9280,14.51,13.725,58,,,,,,,,,,,,,411
2026-09-28T16:29:39.461,376.465,0,1417.25,43,,97.562,0.0,14.0,-4.688,1.002,0.976,-0.082,8560,15.294,12.549,59,100,,,,,,,,,,,,
2026-09-28T16:29:39.592,376.595,0,1402.75,33,,97.531,0.0,18.5,-5.469,1.002,0.98,-0.07,8280,20.392,12.157,58,,37,,,,,,,,,,,
2026-09-28T16:29:39.721,376.725,0,1392.25,26,,97.531,9.412,26.0,-4.688,1.002,0.993,-0.035,8330,22.353,14.118,58,,,3.906,,,,,,,,,,
2026-09-28T16:29:39.851,376.854,0,1409.0,28,,97.219,11.373,17.0,-4.688,1.003,0.994,-0.035,7800,23.137,14.51,58,,,,13.867,,,,,,,,,
2026-09-28T16:29:39.981,376.984,0,1410.0,32,,97.219,12.549,15.0,-5.469,1.003,0.991,-0.043,7240,14.51,12.157,59,,,,,96,,,,,,,,
2026-09-28T16:29:40.112,377.115,0,1402.0,32,,97.375,0.0,22.0,-3.906,1.003,1.021,0.0,6840,18.039,12.549,58,,,,,,20,,,,,,,
2026-09-28T16:29:40.242,377.245,0,1399.5,22,,97.219,8.235,30.5,-4.688,1.003,0.996,-0.031,6450,20.392,12.549,58,,,,,,,78.039,,,,,,
2026-09-28T16:29:40.376,377.379,0,1388.25,22,,97.219,7.843,29.0,-4.688,1.003,0.994,-0.035,6130,21.961,13.725,58,,,,,,,,598.3,,,,,
2026-09-28T16:29:40.501,377.504,0,1408.5,24,,97.125,9.02,19.0,-3.906,1.004,1.012,-0.008,5670,20.0,13.333,58,,,,,,,,,0.79,,,,
2026-09-28T16:29:40.631,377.634,0,1422.0,27,,97.219,0.0,20.0,-4.688,1.005,1.012,-0.008,5210,14.51,12.157,58,,,,,,,,,,,0.781,,
2026-09-28T16:29:40.761,377.764,0,1394.75,22,,97.156,0.0,24.5,-3.906,1.003,1.021,0.0,4820,19.216,12.549,59,,,,,,,,,,,,12.941,
2026-09-28T16:29:40.891,377.895,0,1398.25,22,,97.125,7.843,20.0,-3.906,1.004,0.996,-0.031,4450,21.569,12.941,58,,,,,,,,,,,,,413
2026-09-28T16:29:41.021,378.025,0,1399.75,22,,96.969,9.412,25.5,-5.469,1.004,0.979,-0.074,4070,23.922,15.686,59,100,,,,,,,,,,,,
2026-09-28T16:29:41.151,378.155,0,1426.25,32,,96.562,13.333,15.5,-5.469,1.005,0.993,-0.035,3700,24.706,15.686,59,,37,,,,,,,,,,,
2026-09-28T16:29:41.281,378.284,0,1399.75,38,,96.562,14.51,14.0,-4.688,1.004,1.014,-0.008,4060,24.706,15.686,58,,,2.344,,,,,,,,,,
2026-09-28T16:29:41.411,378.414,0,1405.5,40,,96.812,16.078,14.0,-3.125,1.003,1.023,0.004,5160,24.706,15.686,58,,,,13.906,,,,,,,,,
2026-09-28T16:29:41.542,378.545,0,1410.0,43,,96.656,17.647,14.0,-4.688,1.002,0.989,-0.047,6090,16.863,13.333,59,,,,,96,,,,,,,,
2026-09-28T16:29:41.676,378.679,0,1414.25,42,,96.906,0.0,15.0,-5.469,1.002,0.975,-0.086,6430,14.51,12.549,59,,,,,,20,,,,,,,
2026-09-28T16:29:41.801,378.804,0,1413.0,31,,96.906,0.0,21.0,-6.25,1.002,0.975,-0.086,6360,21.961,13.725,59,,,,,,,78.039,,,,,,
2026-09-28T16:29:41.931,378.934,0,1404.5,25,,96.906,10.98,18.5,-5.469,1.002,0.992,-0.043,6520,25.098,15.294,59,,,,,,,,599.1,,,,,
2026-09-28T16:29:42.061,379.065,0,1438.0,35,,96.594,14.51,14.0,-5.469,1.003,0.999,-0.023,5960,25.882,15.686,59,,,,,,,,,0.785,,,,
2026-09-28T16:29:42.191,379.195,0,1416.0,41,,96.562,16.471,14.5,-4.688,1.002,1.013,-0.008,6000,26.667,16.078,59,,,,,,,,,,,0.781,,
2026-09-28T16:29:42.321,379.324,0,1417.75,44,,96.562,20.784,14.5,-3.906,1.002,1.02,0.0,7470,28.235,17.647,59,,,,,,,,,,,,34.51,
2026-09-28T16:29:42.452,379.455,0,1427.5,58,,96.344,23.137,14.0,-6.25,1.002,0.959,-0.121,7770,29.02,18.039,59,,,,,,,,,,,,,414
2026-09-28T16:29:42.581,379.584,0,1433.25,63,,96.438,23.922,14.0,-6.25,1.002,0.992,-0.039,8670,26.275,17.255,59,101,,,,,,,,,,,,
2026-09-28T16:29:42.712,379.715,0,1431.25,65,,96.562,24.706,12.5,-3.906,1.003,1.031,0.012,9870,14.51,14.51,60,,39,,,,,,,,,,,
2026-09-28T16:29:42.841,379.844,0,1433.5,48,,97.219,0.0,10.0,-4.688,1.003,1.01,-0.012,10420,16.863,12.941,59,,,3.125,,,,,,,,,,
2026-09-28T16:29:42.972,379.975,0,1440.5,36,,97.281,0.0,17.0,-5.469,1.002,0.992,-0.039,9870,18.824,12.549,59,,,,13.886,,,,,,,,,
2026-09-28T16:29:43.102,380.105,0,1422.0,28,,97.438,10.588,21.5,-5.469,1.002,1.0,-0.02,9570,14.51,12.549,60,,,,,96,,,,,,,,
2026-09-28T16:29:43.231,380.234,0,1419.0,24,,97.219,0.0,29.0,-5.469,1.002,0.999,-0.023,9270,22.745,14.118,60,,,,,,20,,,,,,,
2026-09-28T16:29:43.362,380.365,0,1435.0,23,,97.094,9.02,17.5,-3.906,1.002,1.039,0.023,8750,23.922,14.902,59,,,,,,,78.039,,,,,,
2026-09-28T16:29:43.491,380.494,0,1457.0,32,,96.906,12.549,15.5,-2.344,1.003,1.039,0.023,8150,25.882,15.686,59,,,,,,,,598.7,,,,,
2026-09-28T16:29:43.621,380.624,0,1430.25,38,,96.906,16.471,14.5,-2.344,1.002,1.031,0.012,7280,27.059,16.078,59,,,,,,,,,0.785,,,,
2026-09-28T16:29:43.752,380.755,0,1432.5,45,,96.812,18.431,14.5,-3.125,1.002,1.0,-0.02,7830,29.02,17.647,59,,,,,,,,,,,0.781,,
2026-09-28T16:29:43.881,380.884,0,1437.75,52,,96.562,20.392,14.5,-4.688,1.002,0.984,-0.062,8850,29.804,18.824,59,,,,,,,,,,,,40.392,
2026-09-28T16:29:44.012,381.015,0,1434.25,62,,96.562,23.529,14.0,-6.25,1.002,0.969,-0.098,9210,30.588,20.392,59,,,,,,,,,,,,,416
2026-09-28T16:29:44.141,381.144,0,1438.25,76,,96.938,29.412,14.0,-4.688,1.002,1.009,-0.012,10090,30.98,20.392,60,102,,,,,,,,,,,,
2026-09-28T16:29:44.273,381.276,0,1438.5,77,,97.188,29.804,14.0,-3.906,1.002,1.022,0.0,11470,31.373,22.353,60,,39,,,,,,,,,,,
2026-09-28T16:29:44.401,381.404,0,1450.0,82,,97.531,30.588,13.5,-3.125,1.002,1.019,0.0,12000,22.745,16.863,60,,,1.562,,,,,,,,,,
2026-09-28T16:29:44.532,381.535,0,1444.75,85,,98.156,0.0,0.5,-2.344,1.001,1.034,0.016,13160,14.902,13.725,60,,,,13.828,,,,,,,,,
2026-09-28T16:29:44.661,381.664,0,1431.5,51,,98.781,0.0,12.5,-2.344,1.002,1.003,-0.016,13640,26.275,15.686,59,,,,,96,,,,,,,,
2026-09-28T16:29:44.792,381.795,0,1445.5,38,,98.469,15.294,14.5,-3.906,1.002,0.99,-0.043,12890,29.02,16.078,60,,,,,,20,,,,,,,
2026-09-28T16:29:44.921,381.924,0,1435.5,41,,98.188,19.216,13.0,-2.344,1.002,1.024,0.004,12800,30.588,17.255,59,,,,,,,78.824,,,,,,
2026-09-28T16:29:45.052,382.055,0,1442.5,57,,97.781,21.569,14.0,-3.906,1.002,0.978,-0.078,11760,30.98,18.824,59,,,,,,,,596.3,,,,,
2026-09-28T16:29:45.181,382.184,0,1436.5,63,,97.531,24.706,14.0,-3.906,1.002,1.009,-0.012,12350,14.51,16.078,59,,,,,,,,,0.78,,,,
2026-09-28T16:29:45.311,382.314,0,1426.5,67,,97.938,23.922,9.5,-2.344,1.002,1.007,-0.012,13070,17.647,14.118,59,,,,,,,,,,,0.781,,
2026-09-28T16:29:45.442,382.445,0,1424.25,44,,98.469,16.863,14.0,-3.906,1.002,0.993,-0.039,12320,24.706,15.294,59,,,,,,,,,,,,27.451,
2026-09-28T16:29:45.572,382.575,0,1421.0,40,,98.188,16.471,14.0,-3.906,1.002,1.011,-0.008,12010,28.627,16.078,59,,,,,,,,,,,,,417
2026-09-28T16:29:45.702,382.705,0,1436.25,44,,97.875,18.431,14.0,-2.344,1.001,1.005,-0.016,11630,32.157,17.255,59,102,,,,,,,,,,,,
2026-09-28T16:29:45.831,382.834,0,1446.75,54,,97.281,22.745,14.0,-4.688,1.001,0.963,-0.113,10990,33.333,19.608,59,,38,,,,,,,,,,,
2026-09-28T16:29:45.961,382.964,0,1423.25,71,,97.156,27.451,13.5,-4.688,1.002,0.989,-0.047,11480,34.118,23.529,59,,,0.781,,,,,,,,,,
2026-09-28T16:29:46.092,383.095,0,1424.25,81,,96.844,33.725,12.0,-3.906,1.002,1.021,0.0,12700,34.51,27.843,59,,,,13.906,,,,,,,,,
2026-09-28T16:29:46.221,383.224,0,1418.75,88,,96.875,41.569,8.5,-2.344,1.002,1.032,0.012,13670,34.118,31.765,59,,,,,96,,,,,,,,
2026-09-28T16:29:46.351,383.354,0,1419.0,95,,97.562,41.961,8.0,-2.344,1.002,1.027,0.008,14320,34.118,32.157,58,,,,,,20,,,,,,,
2026-09-28T16:29:46.481,383.484,0,1410.5,96,,98.031,43.529,7.5,-0.781,1.002,1.046,0.027,15480,34.51,30.588,58,,,,,,,78.824,,,,,,
2026-09-28T16:29:46.612,383.615,0,1415.25,95,,98.656,42.353,7.5,0.0,1.002,1.033,0.016,16700,34.902,29.412,59,,,,,,,,592.8,,,,,
2026-09-28T16:29:46.741,383.744,0,1423.5,97,,101.906,43.922,8.0,0.0,1.001,1.021,0.0,16940,36.078,30.196,59,,,,,,,,,0.775,,,,
2026-09-28T16:29:46.872,383.875,0,1421.75,98,,102.656,45.49,6.5,0.0,1.001,1.021,0.0,17360,37.255,32.157,59,,,,,,,,,,,0.781,,
2026-09-28T16:29:47.002,384.005,0,1422.75,100,,103.406,47.451,4.0,-0.781,1.001,0.993,-0.039,18110,38.431,34.51,59,,,,,,,,,,,,82.745,
2026-09-28T16:29:47.131,384.134,0,1420.5,102,,105.094,50.98,3.5,-0.781,1.001,1.013,-0.008,17940,38.824,35.294,59,,,,,,,,,,,,,419
2026-09-28T16:29:47.261,384.264,0,1424.0,104,,106.25,51.373,3.5,0.0,1.0,1.02,0.0,17920,39.216,36.078,59,102,,,,,,,,,,,,
2026-09-28T16:29:47.392,384.395,0,1427.5,105,,107.469,51.373,2.0,0.0,1.0,1.0,-0.02,18370,38.824,34.902,59,,38,,,,,,,,,,,
2026-09-28T16:29:47.521,384.524,0,1425.0,106,,108.438,53.725,1.0,0.0,1.0,1.007,-0.012,18280,33.333,23.529,59,,,0.781,,,,,,,,,,
2026-09-28T16:29:47.651,384.654,0,1405.0,94,,107.125,38.039,9.0,-0.781,1.0,1.01,-0.012,17790,33.725,23.922,59,,,,13.906,,,,,,,,,
2026-09-28T16:29:47.781,384.784,0,1437.0,94,,106.219,38.824,8.5,0.781,1.001,1.03,0.012,17330,34.51,24.706,59,,,,,96,,,,,,,,
2026-09-28T16:29:47.911,384.914,0,1440.75,95,,105.375,40.392,8.5,0.0,1.001,0.986,-0.055,17240,36.078,27.843,59,,,,,,20,,,,,,,
2026-09-28T16:29:48.042,385.045,0,1435.25,98,,104.188,44.706,8.0,-0.781,1.001,0.978,-0.078,16660,38.039,31.765,59,,,,,,,78.824,,,,,,
2026-09-28T16:29:48.175,385.178,0,1439.0,100,,103.781,46.667,3.0,-0.781,1.001,0.989,-0.047,16930,38.431,35.686,59,,,,,,,,589.3,,,,,
2026-09-28T16:29:48.302,385.305,0,1437.25,102,,103.75,47.451,2.5,-0.781,1.0,0.988,-0.051,17720,38.431,37.647,59,,,,,,,,,0.77,,,,
2026-09-28T16:29:48.431,385.434,0,1435.75,102,,103.844,48.235,2.0,-0.781,1.0,1.009,-0.012,17740,38.039,38.431,60,,,,,,,,,,,0.781,,
2026-09-28T16:29:48.561,385.565,0,1435.75,103,,104.094,48.627,2.5,0.781,1.0,1.033,0.016,17500,35.686,37.647,60,,,,,,,,,,,,83.529,
2026-09-28T16:29:48.691,385.694,0,1441.25,103,,104.438,48.235,3.5,0.781,1.0,1.025,0.004,17560,32.941,22.745,60,,,,,,,,,,,,,421
2026-09-28T16:29:48.822,385.825,0,1429.0,96,,106.031,36.471,7.5,0.0,1.0,1.021,0.0,17480,33.725,23.922,60,102,,,,,,,,,,,,
2026-09-28T16:29:48.951,385.954,0,1440.75,94,,105.062,38.824,8.0,0.781,1.001,1.001,-0.02,16830,34.118,25.49,60,,37,,,,,,,,,,,
2026-09-28T16:29:49.081,386.085,0,1452.25,95,,104.5,40.0,7.0,0.0,1.001,0.985,-0.055,16150,35.294,27.059,60,,,0.781,,,,,,,,,,
2026-09-28T16:29:49.211,386.214,0,1458.5,97,,104.094,41.176,7.5,0.0,1.001,0.979,-0.074,16770,35.686,28.627,60,,,,13.925,,,,,,,,,
2026-09-28T16:29:49.341,386.344,0,1454.25,98,,103.531,42.745,7.0,-0.781,1.001,0.981,-0.066,17140,36.078,30.196,60,,,,,96,,,,,,,,
2026-09-28T16:29:49.472,386.475,0,1451.5,99,,103.5,44.706,6.5,-0.781,1.001,0.996,-0.031,16990,35.686,29.804,60,,,,,,20,,,,,,,
2026-09-28T16:29:49.601,386.604,0,1454.25,100,,103.594,44.706,5.0,0.0,1.001,0.998,-0.023,17140,35.686,29.02,60,,,,,,,78.039,,,,,,
2026-09-28T16:29:49.732,386.735,0,1448.0,99,,103.875,43.137,5.0,0.0,1.001,0.998,-0.027,17470,34.902,29.02,60,,,,,,,,587.1,,,,,
2026-09-28T16:29:49.861,386.864,0,1454.5,99,,103.844,42.353,6.5,0.0,1.001,1.007,-0.012,16780,27.843,16.471,60,,,,,,,,,0.765,,,,
2026-09-28T16:29:49.992,386.995,0,1438.25,86,,105.625,27.843,10.0,0.0,1.001,1.048,0.031,16310,29.02,16.863,60,,,,,,,,,,,0.781,,
2026-09-28T16:29:50.121,387.124,0,1449.5,77,,105.281,27.843,11.0,0.781,1.001,0.997,-0.027,16290,30.196,18.039,60,,,,,,,,,,,,48.235,
2026-09-28T16:29:50.251,387.254,0,1452.75,77,,103.562,27.843,11.5,-1.562,1.001,0.943,-0.156,15300,30.588,19.608,60,,,,,,,,,,,,,422
2026-09-28T16:29:50.381,387.384,0,1474.0,80,,102.781,28.627,11.5,-2.344,1.001,0.973,-0.09,14790,31.373,20.392,60,102,,,,,,,,,,,,
2026-09-28T16:29:50.511,387.514,0,1495.25,80,,102.281,28.627,12.0,-0.781,1.001,1.004,-0.016,15390,30.98,22.353,60,,36,,,,,,,,,,,
2026-09-28T16:29:50.641,387.645,0,1489.5,88,,101.594,30.196,11.5,-0.781,1.0,0.999,-0.02,14950,30.98,21.569,60,,,0.781,,,,,,,,,,
2026-09-28T16:29:50.771,387.775,0,1454.5,87,,101.75,30.98,11.0,0.0,1.0,1.026,0.008,15020,29.412,19.608,60,,,,13.886,,,,,,,,,
2026-09-28T16:29:50.902,387.905,0,1455.0,85,,101.688,30.98,12.0,0.0,1.0,1.023,0.004,15220,14.51,14.118,60,,,,,96,,,,,,,,
2026-09-28T16:29:51.031,388.034,0,1436.5,73,,102.656,0.0,-4.0,0.0,1.001,0.994,-0.035,15010,21.569,12.157,60,,,,,,20,,,,,,,
2026-09-28T16:29:51.161,388.164,0,1465.5,35,,102.344,12.157,15.0,-1.562,1.001,0.976,-0.082,14420,33.333,16.471,60,,,,,,,78.039,,,,,,
2026-09-28T16:29:51.292,388.295,0,1454.75,42,,101.031,17.647,11.5,-0.781,1.0,0.996,-0.031,13620,34.118,18.039,60,,,,,,,,587.0,,,,,
2026-09-28T16:29:51.421,388.424,0,1459.0,50,,100.125,23.529,14.0,-0.781,1.0,0.99,-0.047,12990,34.51,20.392,60,,,,,,,,,0.76,,,,
2026-09-28T16:29:51.551,388.554,0,1456.5,77,,98.906,28.627,14.0,-2.344,1.001,0.969,-0.098,13310,34.118,23.922,60,,,,,,,,,,,0.781,,
2026-09-28T16:29:51.682,388.685,0,1471.5,86,,98.656,32.941,12.5,-2.344,1.0,0.992,-0.039,14110,14.51,16.471,60,,,,,,,,,,,,49.02,
2026-09-28T16:29:51.811,388.814,0,1446.5,83,,99.938,0.0,-2.5,-0.781,1.0,1.02,0.0,14530,25.098,14.118,60,,,,,,,,,,,,,424
2026-09-28T16:29:51.941,388.944,0,1446.75,49,,100.312,20.0,5.0,-1.562,1.001,0.988,-0.051,14350,32.157,16.863,60,102,,,,,,,,,,,,
2026-09-28T16:29:52.072,389.075,0,1481.0,49,,99.781,20.0,15.0,-1.562,1.0,0.99,-0.047,14010,32.941,18.824,60,,36,,,,,,,,,,,
2026-09-28T16:29:52.201,389.204,0,1456.25,61,,99.219,22.353,14.5,-3.125,1.0,0.972,-0.094,13440,33.725,20.784,60,,,1.562,,,,,,,,,,
2026-09-28T16:29:52.331,389.334,0,1457.25,69,,98.281,30.588,13.5,-2.344,1.001,0.984,-0.059,13290,33.725,24.706,61,,,,13.847,,,,,,,,,
2026-09-28T16:29:52.462,389.465,0,1473.5,88,,98.312,34.118,11.0,-2.344,1.0,1.013,-0.008,14520,34.118,27.843,61,,,,,96,,,,,,,,
2026-09-28T16:29:52.591,389.595,0,1474.5,93,,98.625,38.039,10.5,-1.562,1.001,1.012,-0.008,15380,33.725,29.412,61,,,,,,20,,,,,,,
2026-09-28T16:29:52.721,389.724,0,1475.5,95,,99.0,38.431,10.0,-1.562,1.001,1.014,-0.008,16110,33.333,29.02,61,,,,,,,78.039,,,,,,
2026-09-28T16:29:52.851,389.855,0,1475.5,95,,99.906,38.039,11.5,-0.781,1.001,1.027,0.008,16570,14.51,16.471,61,,,,,,,,586.4,,,,,
2026-09-28T16:29:52.981,389.985,0,1460.5,82,,101.719,0.0,-8.0,0.0,1.001,1.053,0.039,16100,21.176,12.549,61,,,,,,,,,0.76,,,,
2026-09-28T16:29:53.112,390.115,0,1485.5,63,,102.125,0.0,4.5,0.0,1.001,0.994,-0.035,15800,29.804,16.078,61,,,,,,,,,,,0.781,,
2026-09-28T16:29:53.241,390.245,0,1510.75,47,,101.188,17.255,15.0,-0.781,1.0,0.988,-0.051,15530,32.549,18.039,62,,,,,,,,,,,,38.039,
2026-09-28T16:29:53.372,390.375,0,1472.75,60,,100.344,21.176,8.0,-1.562,1.0,0.964,-0.109,14200,32.549,18.824,62,,,,,,,,,,,,,425
2026-09-28T16:29:53.501,390.504,0,1486.5,64,,99.875,22.353,14.0,-2.344,1.0,0.985,-0.059,13610,32.549,21.961,62,102,,,,,,,,,,,,
2026-09-28T16:29:53.632,390.635,0,1491.25,72,,98.875,29.804,14.0,-1.562,1.001,0.991,-0.043,15190,32.549,25.49,62,,36,,,,,,,,,,,
2026-09-28T16:29:53.762,390.765,0,1506.0,91,,98.938,33.333,12.0,-2.344,1.0,0.985,-0.055,15150,32.549,25.49,62,,,0.781,,,,,,,,,,
2026-09-28T16:29:53.891,390.894,0,1495.25,91,,99.25,33.333,12.5,-1.562,1.0,1.021,0.0,15560,17.647,17.255,62,,,,13.925,,,,,,,,,
2026-09-28T16:29:54.021,391.024,0,1494.0,90,,99.875,0.0,-1.0,0.0,1.0,1.031,0.012,15500,15.294,12.941,62,,,,,96,,,,,,,,
2026-09-28T16:29:54.152,391.155,0,1489.0,48,,101.75,0.0,11.5,0.0,1.001,0.995,-0.035,15480,26.667,16.078,63,,,,,,20,,,,,,,
2026-09-28T16:29:54.281,391.285,0,1514.25,40,,101.062,14.902,14.0,-1.562,1.0,0.992,-0.039,15100,28.235,16.078,63,,,,,,,78.039,,,,,,
2026-09-28T16:29:54.412,391.415,0,1501.75,44,,100.438,16.078,14.0,0.0,1.0,1.015,-0.004,13870,29.412,17.647,63,,,,,,,,586.8,,,,,
2026-09-28T16:29:54.541,391.544,0,1515.25,57,,99.188,19.608,15.0,-1.562,1.0,0.985,-0.059,14140,29.804,18.431,63,,,,,,,,,0.755,,,,
2026-09-28T16:29:54.676,391.679,0,1525.25,66,,99.094,21.569,15.5,-3.906,1.0,0.951,-0.137,12830,29.412,18.431,63,,,,,,,,,,,0.781,,
2026-09-28T16:29:54.801,391.804,0,1523.25,70,,98.812,23.529,15.0,-3.125,1.001,0.98,-0.07,12990,22.745,14.902,63,,,,,,,,,,,,38.039,
2026-09-28T16:29:54.931,391.935,0,1511.25,65,,99.5,16.471,15.0,-2.344,1.001,0.997,-0.027,13180,28.627,16.471,63,,,,,,,,,,,,,427
2026-09-28T16:29:55.062,392.065,0,1520.25,47,,99.156,17.647,14.5,-2.344,1.0,0.997,-0.027,12770,30.588,18.039,63,102,,,,,,,,,,,,
2026-09-28T16:29:55.191,392.194,0,1534.0,58,,98.5,20.0,14.0,-3.125,1.0,0.976,-0.082,11930,31.765,19.608,63,,36,,,,,,,,,,,
2026-09-28T16:29:55.321,392.324,0,1544.75,64,,98.219,24.314,14.5,-3.125,1.001,1.005,-0.016,13130,32.157,23.137,64,,,0.781,,,,,,,,,,
2026-09-28T16:29:55.451,392.454,0,1547.5,85,,97.656,27.843,13.5,-2.344,1.001,0.983,-0.062,13660,31.765,24.314,64,,,,13.867,,,,,,,,,
2026-09-28T16:29:55.581,392.584,0,1552.5,88,,98.031,28.627,12.0,-3.125,1.0,1.008,-0.012,14460,22.353,16.471,64,,,,,96,,,,,,,,
2026-09-28T16:29:55.712,392.715,0,1534.5,86,,99.0,26.275,1.5,-0.781,1.0,1.038,0.02,15120,14.51,12.941,64,,,,,,20,,,,,,,
2026-09-28T16:29:55.841,392.844,0,1540.75,44,,100.438,0.0,12.5,-0.781,1.0,0.998,-0.023,14970,27.451,16.078,64,,,,,,,78.039,,,,,,
2026-09-28T16:29:55.972,392.975,0,1544.0,37,,99.5,13.725,14.0,-2.344,1.0,1.005,-0.016,14430,29.02,16.863,64,,,,,,,,587.1,,,,,
2026-09-28T16:29:56.101,393.105,0,1548.75,42,,99.344,14.902,15.5,-0.781,1.0,1.025,0.004,13390,29.02,17.647,64,,,,,,,,,0.75,,,,
2026-09-28T16:29:56.231,393.234,0,1561.0,49,,98.5,18.431,15.5,-1.562,1.0,0.99,-0.047,12710,28.627,18.431,64,,,,,,,,,,,0.781,,
2026-09-28T16:29:56.362,393.365,0,1562.25,62,,98.344,20.0,15.5,-2.344,1.0,0.983,-0.062,12300,25.49,16.078,65,,,,,,,,,,,,34.51,
2026-09-28T16:29:56.491,393.494,0,1549.75,58,,98.812,17.255,15.5,-2.344,1.001,0.996,-0.027,12090,25.882,16.471,65,,,,,,,,,,,,,428
2026-09-28T16:29:56.622,393.625,0,1556.5,52,,98.75,16.471,15.5,-2.344,1.0,0.99,-0.043,11580,14.51,13.725,65,102,,,,,,,,,,,,
2026-09-28T16:29:56.751,393.754,0,1551.5,39,,98.812,0.0,16.0,-3.125,1.0,0.971,-0.094,11150,14.51,12.941,65,,36,,,,,,,,,,,
2026-09-28T16:29:56.882,393.885,0,1551.0,30,,98.812,0.0,18.5,-3.125,1.0,0.984,-0.059,10650,14.51,12.549,65,,,4.688,,,,,,,,,,
2026-09-28T16:29:57.011,394.014,0,1545.0,25,,98.5,0.0,31.5,-3.906,1.0,0.978,-0.078,10280,14.51,12.549,65,,,,13.847,,,,,,,,,
2026-09-28T16:29:57.142,394.145,0,1536.75,21,,98.312,0.0,32.0,-3.125,1.0,0.995,-0.035,9860,15.686,12.941,65,,,,,96,,,,,,,,
2026-09-28T16:29:57.272,394.275,0,1547.5,22,,98.188,0.0,29.5,-2.344,1.0,1.027,0.008,9430,15.686,12.549,65,,,,,,20,,,,,,,
2026-09-28T16:29:57.401,394.404,0,1549.25,21,,98.0,0.0,20.5,-1.562,1.001,1.028,0.008,9080,14.51,12.549,65,,,,,,,78.039,,,,,,
2026-09-28T16:29:57.532,394.535,0,1553.0,21,,97.875,0.0,14.0,-1.562,1.001,1.025,0.004,8670,14.902,12.549,65,,,,,,,,588.7,,,,,
2026-09-28T16:29:57.661,394.664,0,1557.5,21,,97.812,0.0,8.5,-0.781,1.001,1.026,0.008,8250,15.686,12.941,65,,,,,,,,,0.755,,,,
2026-09-28T16:29:57.792,394.795,0,1555.0,21,,97.531,0.0,4.0,-0.781,1.001,1.021,0.0,7820,14.51,12.941,65,,,,,,,,,,,0.781,,
2026-09-28T16:29:57.921,394.924,0,1548.75,21,,97.531,0.0,0.5,0.0,1.001,1.022,0.004,7520,14.51,12.941,64,,,,,,,,,,,,11.765,
2026-09-28T16:29:58.052,395.055,0,1540.25,21,,97.875,0.0,-1.0,0.0,1.001,1.098,0.086,7680,15.686,12.941,64,,,,,,,,,,,,,430
2026-09-28T16:29:58.182,395.185,0,1541.25,22,,97.75,0.0,-1.5,0.0,1.002,1.336,0.316,8660,17.255,12.941,64,102,,,,,,,,,,,,
2026-09-28T16:29:58.311,395.315,0,1534.0,23,,97.656,0.0,-1.5,0.0,0.997,1.819,0.605,8880,19.216,12.941,64,,37,,,,,,,,,,,
2026-09-28T16:29:58.442,395.445,0,1533.0,24,,97.75,7.059,2.0,0.0,1.022,2.0,0.879,8710,19.608,12.941,64,,,3.906,,,,,,,,,,
2026-09-28T16:29:58.572,395.576,0,1561.25,23,,97.656,6.667,3.0,0.0,1.094,1.777,0.586,8450,20.0,12.941,64,,,,13.886,,,,,,,,,
2026-09-28T16:29:58.701,395.704,0,1517.5,22,,97.656,6.275,4.0,0.0,1.032,1.064,0.051,8210,14.51,12.941,64,,,,,96,,,,,,,,
2026-09-28T16:29:58.831,395.835,0,1541.75,21,,97.562,0.0,0.0,0.0,0.961,0.983,-0.062,7880,14.902,12.941,64,,,,,,20,,,,,,,
2026-09-28T16:29:58.972,395.975,0,1536.75,21,,97.531,0.0,-1.5,0.0,0.92,0.972,-0.094,7840,16.078,12.941,64,,,,,,,78.039,,,,,,
2026-09-28T16:29:59.101,396.104,0,1528.75,21,,97.531,0.0,-1.5,0.0,0.918,0.982,-0.066,8250,16.863,12.941,64,,,,,,,,590.1,,,,,
2026-09-28T16:29:59.231,396.234,0,1527.25,21,,97.531,0.0,-1.5,0.0,0.962,1.161,0.152,9900,17.255,12.941,64,,,,,,,,,0.76,,,,
2026-09-28T16:29:59.361,396.364,0,1515.5,23,,97.469,0.0,-1.5,0.0,0.981,1.509,0.441,10300,14.51,12.941,64,,,,,,,,,,,0.781,,
2026-09-28T16:29:59.491,396.494,0,1512.75,23,,97.531,0.0,-1.5,0.0,0.997,2.0,0.777,10300,14.51,12.941,64,,,,,,,,,,,,13.333,
2026-09-28T16:29:59.621,396.625,0,1515.5,24,,97.531,0.0,-1.5,0.0,1.049,2.0,0.953,10300,15.294,12.549,64,,,,,,,,,,,,,431
2026-09-28T16:29:59.752,396.755,0,1513.0,24,,97.531,0.0,-1.5,0.0,1.132,2.0,1.066,10300,14.51,12.549,63,102,,,,,,,,,,,,
2026-09-28T16:29:59.882,396.885,0,1509.0,23,,97.531,0.0,-1.5,0.0,1.19,2.0,1.137,10300,14.51,12.549,63,,37,,,,,,,,,,,
2026-09-28T16:30:00.012,397.015,0,1507.0,24,,97.531,0.0,-1.5,0.0,1.265,2.0,1.176,10300,15.294,12.549,63,,,5.469,,,,,,,,,,
2026-09-28T16:30:00.142,397.145,0,1504.0,23,,97.531,0.0,-2.0,0.0,1.355,2.0,1.203,10290,16.078,12.549,63,,,,13.906,,,,,,,,,
2026-09-28T16:30:00.273,397.276,0,1500.5,24,,97.531,0.0,-2.0,0.0,1.474,2.0,1.223,10290,18.039,12.549,63,,,,,96,,,,,,,,
2026-09-28T16:30:00.402,397.405,0,1499.75,23,,97.531,0.0,-2.0,0.0,1.594,2.0,1.23,10290,18.824,12.549,63,,,,,,20,,,,,,,
2026-09-28T16:30:00.532,397.535,0,1496.5,23,,97.562,0.0,-2.0,0.0,1.706,2.0,1.238,10290,20.0,12.549,62,,,,,,,78.039,,,,,,
2026-09-28T16:30:00.661,397.664,0,1500.25,23,,97.562,7.451,8.5,0.0,1.827,2.0,1.215,10440,20.392,12.549,62,,,,,,,,592.6,,,,,
2026-09-28T16:30:00.791,397.795,0,1506.75,22,,97.531,6.667,20.5,0.0,1.638,1.98,0.668,10080,20.784,12.549,63,,,,,,,,,0.1,,,,
2026-09-28T16:30:00.922,397.925,0,1489.5,21,,97.531,6.667,27.5,0.0,1.307,1.212,0.207,9640,20.784,12.549,62,,,,,,,,,,,0.781,,
2026-09-28T16:30:01.052,398.055,0,1508.25,22,,97.531,6.667,27.0,0.0,1.073,1.051,0.035,9120,14.51,12.549,62,,,,,,,,,,,,12.549,
2026-09-28T16:30:01.182,398.185,0,1494.0,22,,97.531,0.0,18.5,0.0,0.981,1.009,-0.012,8690,14.902,12.549,62,,,,,,,,,,,,,433
2026-09-28T16:30:01.312,398.315,0,1492.75,22,,97.531,0.0,12.5,0.0,0.936,0.974,-0.086,8180,18.431,12.549,62,102,,,,,,,,,,,,
2026-09-28T16:30:01.441,398.445,0,1491.5,22,,97.5,6.667,9.0,0.0,0.919,0.942,-0.16,7730,21.961,13.725,62,,38,,,,,,,,,,,
2026-09-28T16:30:01.572,398.575,0,1493.0,22,,97.281,7.059,23.0,0.781,0.911,0.934,-0.18,7120,23.137,15.686,62,,,2.344,,,,,,,,,,
2026-09-28T16:30:01.701,398.705,0,1521.0,28,,97.219,10.196,15.5,0.781,0.907,0.923,-0.203,6360,14.51,12.549,62,,,,13.847,,,,,,,,,
2026-09-28T16:30:01.832,398.835,0,1475.75,34,,97.062,0.0,19.0,0.781,0.904,0.9,-0.262,5600,14.51,12.549,62,,,,,96,,,,,,,,
2026-09-28T16:30:01.961,398.964,0,1484.0,24,,97.156,0.0,28.5,-0.781,0.903,0.875,-0.332,5130,15.686,12.549,62,,,,,,20,,,,,,,
2026-09-28T16:30:02.091,399.094,0,1479.25,23,,96.938,0.0,27.5,0.0,0.901,0.894,-0.281,4700,15.686,12.549,62,,,,,,,78.039,,,,,,
2026-09-28T16:30:02.221,399.224,0,1493.75,22,,97.0,0.0,19.0,0.0,0.9,0.897,-0.27,4250,14.51,12.549,62,,,,,,,,592.3,,,,,
2026-09-28T16:30:02.351,399.355,0,1487.75,22,,96.906,0.0,13.0,0.0,0.898,0.9,-0.262,3870,14.51,12.941,62,,,,,,,,,0.2,,,,
2026-09-28T16:30:02.481,399.484,0,1486.5,22,,96.906,0.0,7.5,0.781,0.897,0.909,-0.238,3570,14.51,12.941,62,,,,,,,,,,,0.781,,
2026-09-28T16:30:02.612,399.615,0,1487.75,22,,96.938,0.0,3.5,1.562,0.895,0.917,-0.219,3210,14.51,12.549,62,,,,,,,,,,,,12.549,
2026-09-28T16:30:02.742,399.745,0,1488.5,22,,96.906,0.0,0.5,0.0,0.89,0.905,-0.25,3560,14.902,12.549,61,,,,,,,,,,,,,435
2026-09-28T16:30:02.872,399.875,0,1480.5,22,,96.906,0.0,-2.0,0.0,0.896,0.934,-0.18,5040,14.51,12.549,62,102,,,,,,,,,,,,
2026-09-28T16:30:03.001,400.004,0,1475.0,21,,96.906,0.0,-2.0,0.0,0.94,1.084,0.07,6040,14.51,12.941,62,,38,,,,,,,,,,,
2026-09-28T16:30:03.132,400.135,0,1463.0,22,,97.0,0.0,-2.5,0.0,0.968,1.492,0.43,7850,15.294,12.549,61,,,5.469,,,,,,,,,,
2026-09-28T16:30:03.261,400.265,0,1458.5,23,,97.156,0.0,-2.5,0.0,0.995,2.0,0.762,9090,16.863,12.549,61,,,,13.847,,,,,,,,,
2026-09-28T16:30:03.391,400.394,0,1458.0,24,,97.188,0.0,-2.5,0.0,1.062,2.0,0.934,9430,20.392,12.549,61,,,,,96,,,,,,,,
2026-09-28T16:30:03.521,400.524,0,1468.5,24,,97.219,7.843,15.5,0.0,1.151,2.0,1.043,9860,20.784,12.549,61,,,,,,20,,,,,,,
2026-09-28T16:30:03.652,400.655,0,1481.5,22,,97.219,7.059,21.0,0.0,1.165,1.672,0.535,9370,20.784,12.549,61,,,,,,,78.039,,,,,,
2026-09-28T16:30:03.781,400.784,0,1451.5,22,,97.219,7.451,21.5,0.0,1.066,1.146,0.137,8890,14.51,12.549,61,,,,,,,,593.5,,,,,
2026-09-28T16:30:03.911,400.914,0,1467.5,22,,97.219,0.0,15.0,0.0,0.976,0.99,-0.043,8320,14.51,12.549,61,,,,,,,,,0.12,,,,
2026-09-28T16:30:04.041,401.045,0,1459.0,22,,97.219,0.0,9.5,0.0,0.938,0.94,-0.16,7870,14.51,12.549,61,,,,,,,,,,,0.781,,
2026-09-28T16:30:04.173,401.176,0,1461.5,22,,97.219,0.0,5.0,0.0,0.918,0.922,-0.207,7400,14.51,12.549,61,,,,,,,,,,,,12.549,
2026-09-28T16:30:04.301,401.304,0,1464.0,22,,97.219,0.0,1.0,0.0,0.918,0.904,-0.25,6840,14.902,12.549,61,,,,,,,,,,,,,436
2026-09-28T16:30:04.432,401.435,0,1459.75,22,,97.219,0.0,-2.5,0.0,0.899,0.881,-0.316,6560,15.686,12.549,61,103,,,,,,,,,,,,
2026-09-28T16:30:04.561,401.564,0,1453.25,22,,97.156,0.0,-2.5,0.0,0.927,0.967,-0.105,8200,16.078,12.549,61,,39,,,,,,,,,,,
2026-09-28T16:30:04.691,401.694,0,1439.75,22,,97.156,0.0,-2.5,0.0,0.965,1.361,0.336,8710,14.51,12.549,60,,,5.469,,,,,,,,,,
2026-09-28T16:30:04.821,401.824,0,1434.25,23,,97.125,0.0,-2.5,0.0,0.981,1.876,0.629,8820,15.294,12.549,60,,,,13.945,,,,,,,,,
2026-09-28T16:30:04.951,401.954,0,1430.0,24,,97.188,0.0,-2.5,0.0,1.027,2.0,0.852,9410,16.471,12.549,60,,,,,96,,,,,,,,
2026-09-28T16:30:05.081,402.085,0,1436.5,24,,97.219,0.0,-2.5,0.0,1.093,2.0,1.0,9430,18.431,12.549,60,,,,,,20,,,,,,,
2026-09-28T16:30:05.211,402.214,0,1436.25,24,,97.219,0.0,0.5,0.0,1.142,2.0,1.09,9330,20.0,12.549,60,,,,,,,78.039,,,,,,
2026-09-28T16:30:05.341,402.345,0,1459.5,24,,97.219,7.843,27.5,0.0,1.266,2.0,1.023,9620,21.569,13.333,60,,,,,,,,594.8,,,,,
2026-09-28T16:30:05.472,402.475,0,1434.75,23,,97.219,7.843,25.0,0.0,1.176,1.369,0.344,9060,23.529,15.294,60,,,,,,,,,0.105,,,,
2026-09-28T16:30:05.601,402.604,0,1450.0,27,,96.938,11.373,16.0,0.0,1.018,1.086,0.074,8320,24.314,15.686,60,,,,,,,,,,,0.781,,
2026-09-28T16:30:05.731,402.734,0,1436.25,35,,96.906,15.294,14.0,0.0,0.941,0.978,-0.078,7760,24.314,15.294,60,,,,,,,,,,,,26.275,
2026-09-28T16:30:05.861,402.864,0,1443.5,40,,96.906,15.294,14.5,0.0,0.92,0.918,-0.219,6910,24.314,15.294,60,,,,,,,,,,,,,438
2026-09-28T16:30:05.991,402.994,0,1442.5,41,,96.906,16.078,14.5,0.0,0.91,0.917,-0.219,7730,24.314,15.294,60,103,,,,,,,,,,,,
2026-09-28T16:30:06.121,403.124,0,1438.75,40,,96.938,15.294,14.0,0.0,0.907,0.895,-0.277,7260,14.51,12.549,60,,39,,,,,,,,,,,
2026-09-28T16:30:06.251,403.254,0,1447.0,34,,97.0,0.0,18.0,-1.562,0.904,0.873,-0.34,6750,14.902,12.549,60,,,3.906,,,,,,,,,,
2026-09-28T16:30:06.381,403.385,0,1435.0,26,,96.969,0.0,27.0,-0.781,0.902,0.895,-0.277,6550,18.824,12.549,60,,,,13.886,,,,,,,,,
2026-09-28T16:30:06.511,403.514,0,1434.25,23,,96.938,0.0,30.5,0.0,0.9,0.898,-0.266,6430,20.392,12.549,60,,,,,96,,,,,,,,
2026-09-28T16:30:06.642,403.645,0,1439.0,22,,96.906,7.059,23.5,-0.781,0.898,0.872,-0.344,5970,20.392,12.941,60,,,,,,20,,,,,,,
2026-09-28T16:30:06.772,403.775,0,1431.5,22,,96.906,7.451,17.5,-2.344,0.896,0.855,-0.395,5590,14.51,12.549,60,,,,,,,78.824,,,,,,
2026-09-28T16:30:06.902,403.905,0,1443.5,22,,96.906,0.0,12.5,-3.125,0.895,0.863,-0.367,5110,14.51,12.549,60,,,,,,,,593.3,,,,,
2026-09-28T16:30:07.031,404.034,0,1442.0,22,,96.906,0.0,8.0,-2.344,0.894,0.878,-0.324,4700,15.686,12.549,60,,,,,,,,,0.21,,,,
2026-09-28T16:30:07.162,404.165,0,1437.5,22,,96.906,0.0,4.0,-1.562,0.892,0.893,-0.281,4290,17.647,12.549,60,,,,,,,,,,,0.781,,
2026-09-28T16:30:07.291,404.294,0,1439.5,22,,96.906,0.0,0.0,0.0,0.898,0.91,-0.234,3910,18.431,12.549,60,,,,,,,,,,,,12.157,
2026-09-28T16:30:07.422,404.425,0,1432.5,22,,96.906,0.0,-2.5,0.0,0.878,0.936,-0.176,4160,18.824,12.549,60,,,,,,,,,,,,,439
2026-09-28T16:30:07.551,404.554,0,1438.75,22,,97.219,0.0,-2.5,0.0,0.919,1.031,0.012,5510,15.686,12.549,60,103,,,,,,,,,,,,
2026-09-28T16:30:07.681,404.684,0,1425.5,22,,97.031,0.0,-2.5,0.0,0.956,1.33,0.312,6490,14.51,12.549,60,,39,,,,,,,,,,,
2026-09-28T16:30:07.812,404.815,0,1419.25,22,,97.062,0.0,-2.5,0.0,0.982,1.905,0.641,8080,16.471,12.549,60,,,5.469,,,,,,,,,,
2026-09-28T16:30:07.941,404.944,0,1422.25,24,,97.219,0.0,-2.5,0.0,1.026,2.0,0.859,9470,18.431,12.549,60,,,,13.906,,,,,,,,,
2026-09-28T16:30:08.072,405.075,0,1431.25,24,,97.219,0.0,-2.5,0.0,1.104,2.0,1.012,9450,19.216,12.549,60,,,,,96,,,,,,,,
2026-09-28T16:30:08.201,405.204,0,1429.5,24,,97.219,0.0,-1.0,0.0,1.181,2.0,1.121,9540,18.824,12.549,60,,,,,,20,,,,,,,
2026-09-28T16:30:08.331,405.334,0,1436.0,24,,97.219,0.0,-2.5,0.0,1.214,2.0,0.754,9490,14.51,12.549,59,,,,,,,78.824,,,,,,
2026-09-28T16:30:08.462,405.465,0,1437.25,22,,97.219,0.0,-2.5,0.0,1.1,1.307,0.293,9040,15.294,12.549,60,,,,,,,,594.3,,,,,
2026-09-28T16:30:08.591,405.594,0,1437.75,21,,97.156,0.0,-2.5,0.0,0.984,1.104,0.094,9120,15.294,12.549,60,,,,,,,,,0.12,,,,
2026-09-28T16:30:08.722,405.725,0,1426.75,21,,97.188,0.0,-2.5,0.0,0.954,1.112,0.102,9250,14.51,12.549,60,,,,,,,,,,,0.781,,
2026-09-28T16:30:08.851,405.854,0,1424.75,22,,97.156,0.0,-2.5,0.0,0.973,1.322,0.305,9700,15.294,12.549,60,,,,,,,,,,,,12.549,
2026-09-28T16:30:08.981,405.984,0,1420.0,23,,97.188,0.0,-2.5,0.0,0.981,1.792,0.594,9700,16.078,12.549,60,,,,,,,,,,,,,441
2026-09-28T16:30:09.111,406.114,0,1416.75,23,,97.219,0.0,-2.5,0.0,1.009,2.0,0.859,9690,14.51,12.549,60,103,,,,,,,,,,,,
2026-09-28T16:30:09.241,406.245,0,1426.25,24,,97.219,0.0,-2.5,0.0,1.068,2.0,0.996,9690,14.902,12.549,60,,39,,,,,,,,,,,
2026-09-28T16:30:09.372,406.375,0,1430.75,24,,97.219,0.0,-2.5,0.0,1.148,2.0,1.094,9690,15.686,12.549,60,,,5.469,,,,,,,,,,
2026-09-28T16:30:09.502,406.505,0,1429.0,24,,97.219,0.0,-2.5,0.0,1.2,2.0,1.152,9680,14.51,12.549,60,,,,13.925,,,,,,,,,
2026-09-28T16:30:09.631,406.634,0,1428.25,24,,97.219,0.0,-2.5,0.0,1.273,2.0,1.195,9670,16.471,12.549,60,,,,,96,,,,,,,,
2026-09-28T16:30:09.761,406.764,0,1426.5,24,,97.219,0.0,-2.5,0.0,1.362,2.0,1.219,9670,18.824,12.549,60,,,,,,20,,,,,,,
2026-09-28T16:30:09.891,406.894,0,1425.5,24,,97.219,0.0,10.5,0.0,1.489,2.0,1.234,9650,20.784,12.549,60,,,,,,,78.824,,,,,,
2026-09-28T16:30:10.021,407.024,0,1467.75,24,,97.25,7.059,31.5,0.0,1.625,2.0,0.918,9910,21.569,13.333,60,,,,,,,,596.3,,,,,
2026-09-28T16:30:10.151,407.154,0,1430.0,25,,97.219,9.02,21.0,0.0,1.336,1.382,0.352,9920,22.353,14.902,60,,,,,,,,,0.1,,,,
2026-09-28T16:30:10.281,407.285,0,1456.75,27,,97.188,10.588,17.0,0.0,1.094,1.035,0.016,9220,22.745,14.51,60,,,,,,,,,,,0.781,,
2026-09-28T16:30:10.411,407.414,0,1444.0,32,,97.219,11.373,16.5,0.0,0.968,0.991,-0.043,8460,22.745,14.51,60,,,,,,,,,,,,22.353,
2026-09-28T16:30:10.542,407.545,0,1452.5,33,,97.219,12.549,16.5,0.0,0.932,0.981,-0.07,7760,22.745,14.51,60,,,,,,,,,,,,,442
2026-09-28T16:30:10.673,407.676,0,1453.0,33,,97.219,12.549,15.0,0.0,0.915,0.966,-0.105,7120,14.51,12.549,60,104,,,,,,,,,,,,
2026-09-28T16:30:10.801,407.805,0,1446.5,28,,96.875,0.0,25.5,0.0,0.91,0.946,-0.152,6570,19.216,12.549,61,,39,,,,,,,,,,,
2026-09-28T16:30:10.931,407.934,0,1445.75,24,,97.0,7.451,25.0,0.781,0.907,0.926,-0.195,6210,19.216,12.549,60,,,4.688,,,,,,,,,,
2026-09-28T16:30:11.061,408.064,0,1456.5,22,,96.938,7.059,18.5,0.0,0.905,0.899,-0.266,5770,18.431,12.549,61,,,,13.867,,,,,,,,,
2026-09-28T16:30:11.192,408.195,0,1455.5,22,,96.906,7.059,12.5,0.0,0.905,0.879,-0.32,5330,14.51,12.941,61,,,,,96,,,,,,,,
2026-09-28T16:30:11.321,408.324,0,1461.5,22,,96.938,0.0,8.0,-0.781,0.904,0.881,-0.316,4910,15.294,12.549,61,,,,,,20,,,,,,,
2026-09-28T16:30:11.451,408.454,0,1463.0,22,,96.906,0.0,3.5,-0.781,0.903,0.896,-0.273,4450,15.686,12.941,61,,,,,,,78.824,,,,,,
2026-09-28T16:30:11.581,408.585,0,1462.5,22,,96.906,0.0,0.0,0.0,0.905,0.912,-0.23,4040,16.078,12.941,61,,,,,,,,595.6,,,,,
2026-09-28T16:30:11.711,408.714,0,1456.75,22,,96.906,0.0,-2.5,0.0,0.898,0.945,-0.152,4380,16.863,12.549,61,,,,,,,,,0.195,,,,
2026-09-28T16:30:11.841,408.844,0,1459.75,22,,96.906,0.0,-2.5,0.0,0.936,1.096,0.086,5800,17.255,12.941,61,,,,,,,,,,,0.781,,
2026-09-28T16:30:11.972,408.975,0,1461.5,22,,96.906,0.0,-2.5,0.0,0.967,1.488,0.43,6890,14.51,12.941,61,,,,,,,,,,,,12.549,
2026-09-28T16:30:12.101,409.104,0,1456.25,23,,96.938,0.0,-2.5,0.0,0.991,2.0,0.734,8910,14.51,12.549,61,,,,,,,,,,,,,444
2026-09-28T16:30:12.232,409.235,0,1457.0,24,,97.219,0.0,-2.5,0.0,1.052,2.0,0.93,9130,14.51,12.549,61,104,,,,,,,,,,,,
2026-09-28T16:30:12.361,409.364,0,1453.75,24,,97.219,0.0,-2.5,0.0,1.123,2.0,1.047,9220,14.51,12.549,61,,39,,,,,,,,,,,
2026-09-28T16:30:12.491,409.494,0,1459.75,24,,97.219,0.0,-2.5,0.0,1.191,2.0,1.129,9640,15.294,12.549,61,,,5.469,,,,,,,,,,
2026-09-28T16:30:12.622,409.625,0,1465.5,24,,97.219,0.0,-2.5,0.0,1.251,2.0,1.176,9620,15.294,12.549,61,,,,13.925,,,,,,,,,
2026-09-28T16:30:12.751,409.754,0,1461.0,24,,97.312,0.0,-2.5,0.0,1.348,2.0,1.211,9620,15.294,12.549,61,,,,,96,,,,,,,,
2026-09-28T16:30:12.881,409.884,0,1457.25,24,,97.281,0.0,-2.5,0.0,1.447,2.0,1.223,9610,15.294,12.549,61,,,,,,20,,,,,,,
2026-09-28T16:30:13.012,410.015,0,1447.0,24,,97.344,0.0,-2.5,0.0,1.581,2.0,1.238,9600,15.686,12.549,61,,,,,,,78.824,,,,,,
2026-09-28T16:30:13.141,410.144,0,1452.5,24,,97.5,0.0,-2.5,0.0,1.682,2.0,1.246,9590,16.078,12.549,62,,,,,,,,598.0,,,,,
2026-09-28T16:30:13.272,410.275,0,1465.75,23,,97.531,0.0,-2.5,0.0,1.75,2.0,1.254,9590,16.471,12.549,62,,,,,,,,,0.1,,,,
2026-09-28T16:30:13.402,410.405,0,1466.25,23,,97.531,0.0,-2.5,0.0,1.777,2.0,1.258,9590,15.294,12.549,61,,,,,,,,,,,0.781,,
2026-09-28T16:30:13.531,410.534,0,1463.75,23,,97.531,0.0,-2.5,0.0,1.79,2.0,1.262,9580,15.294,12.549,61,,,,,,,,,,,,12.549,
2026-09-28T16:30:13.661,410.664,0,1456.75,23,,97.531,0.0,-2.5,0.0,1.796,2.0,1.262,9580,15.294,12.549,61,,,,,,,,,,,,,446
2026-09-28T16:30:13.791,410.794,0,1450.25,23,,97.531,0.0,-2.5,0.0,1.798,2.0,1.266,9570,15.294,12.549,61,104,,,,,,,,,,,,
2026-09-28T16:30:13.921,410.924,0,1448.5,23,,97.531,0.0,-2.5,0.0,1.799,2.0,1.266,9560,14.51,12.549,61,,39,,,,,,,,,,,
2026-09-28T16:30:14.051,411.055,0,1449.25,23,,97.531,0.0,-2.5,0.0,1.8,2.0,1.27,9560,14.51,12.549,61,,,5.469,,,,,,,,,,
2026-09-28T16:30:14.181,411.184,0,1453.0,24,,97.531,0.0,-2.5,0.0,1.8,2.0,1.273,9560,14.902,12.549,61,,,,13.925,,,,,,,,,
2026-09-28T16:30:14.312,411.315,0,1456.75,24,,97.531,0.0,-2.5,0.0,1.8,2.0,1.27,9550,14.51,12.549,61,,,,,96,,,,,,,,
2026-09-28T16:30:14.441,411.444,0,1458.5,23,,97.531,0.0,-2.5,0.0,1.8,2.0,1.27,9550,14.51,12.549,61,,,,,,20,,,,,,,
2026-09-28T16:30:14.572,411.575,0,1453.0,24,,97.531,0.0,-2.5,0.0,1.8,2.0,1.273,9550,14.51,12.549,61,,,,,,,78.824,,,,,,
2026-09-28T16:30:14.702,411.705,0,1448.25,23,,97.562,0.0,-2.5,0.0,1.8,2.0,1.266,9540,14.51,12.549,61,,,,,,,,599.9,,,,,
2026-09-28T16:30:14.831,411.834,0,1446.25,23,,97.531,0.0,-2.5,0.0,1.8,2.0,1.273,9530,14.902,12.549,61,,,,,,,,,0.1,,,,
2026-09-28T16:30:14.961,411.965,0,1446.75,24,,97.531,0.0,-2.5,0.0,1.8,2.0,1.27,9520,15.294,12.549,61,,,,,,,,,,,0.781,,
2026-09-28T16:30:15.091,412.094,0,1458.25,23,,97.531,0.0,-2.5,0.0,1.8,2.0,1.27,9530,15.294,12.549,61,,,,,,,,,,,,12.549,
2026-09-28T16:30:15.221,412.224,0,1463.5,23,,97.531,0.0,-2.5,0.0,1.8,2.0,1.27,9520,14.51,12.549,61,,,,,,,,,,,,,447
2026-09-28T16:30:15.351,412.355,0,1460.0,23,,97.688,0.0,-2.5,0.0,1.8,2.0,1.273,9510,14.51,12.549,61,104,,,,,,,,,,,,
2026-09-28T16:30:15.481,412.484,0,1458.5,23,,97.562,0.0,-2.5,0.0,1.8,2.0,1.27,9510,14.902,12.549,61,,40,,,,,,,,,,,
2026-09-28T16:30:15.611,412.614,0,1457.0,23,,97.719,0.0,-2.5,0.0,1.8,2.0,1.27,9500,14.902,12.549,61,,,5.469,,,,,,,,,,
2026-09-28T16:30:15.741,412.745,0,1455.0,23,,97.688,0.0,-2.5,0.0,1.8,2.0,1.273,9500,14.51,12.549,61,,,,13.925,,,,,,,,,
2026-09-28T16:30:15.872,412.875,0,1452.75,23,,97.781,0.0,-2.5,0.0,1.8,2.0,1.27,9490,14.51,12.549,61,,,,,96,,,,,,,,
2026-09-28T16:30:16.002,413.005,0,1456.0,24,,97.719,0.0,-2.5,0.0,1.8,2.0,1.273,9490,14.51,12.549,61,,,,,,20,,,,,,,
2026-09-28T16:30:16.131,413.134,0,1457.5,24,,97.656,0.0,-2.5,0.0,1.8,2.0,1.27,9480,14.51,12.549,61,,,,,,,78.824,,,,,,
2026-09-28T16:30:16.261,413.264,0,1459.25,23,,97.625,0.0,-2.5,0.0,1.8,2.0,1.27,9480,14.51,12.549,61,,,,,,,,601.9,,,,,
2026-09-28T16:30:16.392,413.395,0,1461.0,23,,97.75,0.0,-2.5,0.0,1.8,2.0,1.273,9460,14.51,12.549,61,,,,,,,,,0.095,,,,
2026-09-28T16:30:16.521,413.524,0,1460.0,24,,97.719,0.0,-2.5,0.0,1.8,2.0,1.273,9470,14.902,12.549,61,,,,,,,,,,,0.781,,
2026-09-28T16:30:16.651,413.654,0,1456.75,23,,97.812,0.0,-2.5,0.0,1.8,2.0,1.273,9460,14.902,12.549,61,,,,,,,,,,,,12.941,
2026-09-28T16:30:16.782,413.785,0,1455.25,24,,97.656,0.0,-2.5,0.0,1.8,2.0,1.273,9460,14.902,12.549,61,,,,,,,,,,,,,449
2026-09-28T16:30:16.911,413.914,0,1452.5,23,,97.781,0.0,-2.5,0.0,1.8,2.0,1.273,9460,15.686,12.549,61,104,,,,,,,,,,,,
2026-09-28T16:30:17.041,414.045,0,1453.25,23,,97.75,0.0,-2.5,0.0,1.8,2.0,1.273,9450,16.078,12.549,61,,40,,,,,,,,,,,
2026-09-28T16:30:17.173,414.176,0,1455.25,24,,97.812,0.0,-2.5,0.0,1.8,2.0,1.27,9450,16.863,12.549,61,,,5.469,,,,,,,,,,
2026-09-28T16:30:17.301,414.304,0,1457.0,23,,97.812,0.0,-2.5,0.0,1.8,2.0,1.273,9450,16.863,12.549,61,,,,13.925,,,,,,,,,
2026-09-28T16:30:17.431,414.435,0,1459.25,24,,97.812,0.0,-2.5,0.0,1.8,2.0,1.277,9440,16.863,12.549,61,,,,,96,,,,,,,,
2026-09-28T16:30:17.561,414.564,0,1457.75,23,,97.75,0.0,-2.5,0.0,1.8,2.0,1.273,9430,18.824,12.549,61,,,,,,20,,,,,,,
2026-09-28T16:30:17.691,414.694,0,1455.75,23,,97.781,0.0,-2.5,0.0,1.8,2.0,1.273,9420,18.824,12.549,61,,,,,,,78.824,,,,,,
2026-09-28T16:30:17.821,414.825,0,1456.0,23,,97.75,0.0,-2.5,0.0,1.8,2.0,1.277,9420,18.824,12.549,61,,,,,,,,603.8,,,,,
2026-09-28T16:30:17.951,414.954,0,1456.25,23,,97.812,0.0,-2.5,0.0,1.8,2.0,1.273,9420,14.51,12.549,61,,,,,,,,,0.1,,,,
2026-09-28T16:30:18.082,415.085,0,1459.25,23,,97.812,0.0,-2.5,0.0,1.8,2.0,1.273,9420,14.51,12.549,61,,,,,,,,,,,0.781,,
2026-09-28T16:30:18.211,415.215,0,1461.75,23,,97.844,0.0,-2.5,0.0,1.8,2.0,1.277,9420,15.294,12.549,61,,,,,,,,,,,,12.549,
2026-09-28T16:30:18.341,415.344,0,1460.75,23,,97.875,0.0,-2.5,0.0,1.8,2.0,1.281,9720,16.078,12.549,61,,,,,,,,,,,,,450
2026-09-28T16:30:18.472,415.475,0,1463.75,23,,97.75,0.0,-2.5,0.0,1.8,2.0,1.277,9720,17.255,12.549,61,104,,,,,,,,,,,,
2026-09-28T16:30:18.601,415.605,0,1463.5,23,,97.875,0.0,-2.5,0.0,1.8,2.0,1.277,9710,18.431,12.549,61,,40,,,,,,,,,,,
2026-09-28T16:30:18.731,415.734,0,1458.75,23,,97.812,0.0,-2.5,0.0,1.8,2.0,1.277,9700,18.824,12.549,61,,,5.469,,,,,,,,,,
2026-09-28T16:30:18.862,415.865,0,1454.0,23,,97.812,0.0,-2.5,0.0,1.8,2.0,1.277,9700,19.216,12.549,61,,,,13.906,,,,,,,,,
2026-09-28T16:30:18.991,415.994,0,1456.5,23,,97.812,0.0,1.0,0.0,1.843,2.0,1.312,9680,19.216,12.549,61,,,,,96,,,,,,,,
2026-09-28T16:30:19.121,416.124,0,1467.25,23,,97.719,6.667,0.5,0.0,1.781,2.0,1.047,9860,19.608,12.549,61,,,,,,20,,,,,,,
2026-09-28T16:30:19.251,416.254,0,1472.0,21,,97.625,6.667,2.0,0.0,1.394,1.498,0.434,9440,19.608,12.941,61,,,,,,,78.824,,,,,,
2026-09-28T16:30:19.382,416.385,0,1476.75,21,,97.562,6.667,5.5,0.0,1.144,1.188,0.184,9000,18.824,12.941,61,,,,,,,,604.5,,,,,
2026-09-28T16:30:19.511,416.514,0,1474.5,21,,97.531,6.667,2.0,0.0,1.002,1.126,0.117,8520,14.51,12.941,61,,,,,,,,,0.11,,,,
2026-09-28T16:30:19.641,416.644,0,1477.75,21,,97.531,0.0,-2.0,0.0,0.95,1.061,0.047,8060,18.431,12.941,61,,,,,,,,,,,0.781,,
2026-09-28T16:30:19.772,416.775,0,1474.25,21,,97.531,0.0,21.5,0.0,0.912,1.038,0.02,7640,21.176,12.941,61,,,,,,,,,,,,12.157,
2026-09-28T16:30:19.901,416.904,0,1471.5,21,,97.406,6.667,25.5,0.0,0.928,1.005,-0.016,7050,23.137,15.686,61,,,,,,,,,,,,,452
2026-09-28T16:30:20.031,417.035,0,1502.0,25,,97.156,12.549,15.5,0.0,0.92,0.985,-0.059,6280,23.922,15.686,62,104,,,,,,,,,,,,
2026-09-28T16:30:20.162,417.165,0,1472.75,37,,97.188,14.118,14.5,0.0,0.91,0.956,-0.129,6180,23.529,15.294,62,,40,,,,,,,,,,,
2026-09-28T16:30:20.291,417.294,0,1478.25,38,,97.219,14.118,14.0,0.0,0.906,0.93,-0.188,6280,14.51,12.549,62,,,3.125,,,,,,,,,,
2026-09-28T16:30:20.421,417.424,0,1476.5,36,,97.438,0.0,18.5,0.0,0.905,0.896,-0.27,6140,16.078,12.549,62,,,,13.886,,,,,,,,,
2026-09-28T16:30:20.551,417.554,0,1475.25,24,,97.219,0.0,29.0,0.0,0.904,0.909,-0.238,6200,17.255,12.549,62,,,,,96,,,,,,,,
2026-09-28T16:30:20.681,417.684,0,1474.75,23,,97.188,0.0,28.0,0.0,0.903,0.912,-0.23,5920,18.039,12.549,62,,,,,,20,,,,,,,
2026-09-28T16:30:20.812,417.815,0,1483.0,22,,97.0,0.0,20.0,0.0,0.902,0.898,-0.266,5410,19.216,12.549,62,,,,,,,78.824,,,,,,
2026-09-28T16:30:20.941,417.945,0,1480.75,22,,97.062,6.667,14.0,0.0,0.901,0.891,-0.289,5120,20.784,12.549,62,,,,,,,,602.5,,,,,
2026-09-28T16:30:21.072,418.075,0,1487.75,22,,96.969,6.667,20.0,0.0,0.9,0.892,-0.285,4730,20.392,12.549,62,,,,,,,,,0.19,,,,
2026-09-28T16:30:21.201,418.204,0,1486.0,22,,96.969,6.667,17.0,0.0,0.899,0.904,-0.25,4260,14.51,12.941,62,,,,,,,,,,,0.781,,
2026-09-28T16:30:21.331,418.334,0,1488.5,22,,96.906,0.0,10.0,0.0,0.898,0.916,-0.223,3940,16.078,12.941,62,,,,,,,,,,,,12.941,
2026-09-28T16:30:21.461,418.464,0,1482.5,22,,96.938,0.0,27.5,1.562,0.896,0.937,-0.172,3580,21.569,13.333,62,,,,,,,,,,,,,453
2026-09-28T16:30:21.591,418.594,0,1484.75,22,,96.906,7.451,24.5,3.125,0.895,0.943,-0.156,3810,22.353,14.902,62,104,,,,,,,,,,,,
2026-09-28T16:30:21.721,418.724,0,1508.0,25,,96.906,10.98,16.5,3.125,0.893,0.916,-0.223,4710,21.961,14.118,62,,40,,,,,,,,,,,
2026-09-28T16:30:21.851,418.854,0,1486.75,32,,97.156,10.98,17.5,1.562,0.891,0.89,-0.293,4970,14.51,12.549,62,,,3.906,,,,,,,,,,
2026-09-28T16:30:21.982,418.985,0,1481.25,25,,97.031,0.0,28.5,0.0,0.89,0.865,-0.367,4910,14.51,12.549,62,,,,13.886,,,,,,,,,
2026-09-28T16:30:22.111,419.115,0,1472.5,23,,96.906,0.0,25.5,0.0,0.889,0.869,-0.352,4790,14.902,12.549,62,,,,,96,,,,,,,,
2026-09-28T16:30:22.241,419.244,0,1496.5,22,,96.906,0.0,17.5,0.781,0.888,0.89,-0.289,4290,14.902,12.549,62,,,,,,20,,,,,,,
2026-09-28T16:30:22.371,419.375,0,1489.0,22,,96.906,0.0,12.0,1.562,0.887,0.903,-0.254,3980,15.294,12.941,62,,,,,,,78.824,,,,,,
2026-09-28T16:30:22.501,419.504,0,1492.5,22,,96.906,0.0,7.0,2.344,0.885,0.916,-0.223,4070,15.686,12.941,62,,,,,,,,601.1,,,,,
2026-09-28T16:30:22.631,419.634,0,1487.75,22,,96.906,0.0,3.0,3.125,0.884,0.92,-0.211,3840,16.471,12.941,62,,,,,,,,,0.21,,,,
2026-09-28T16:30:22.761,419.764,0,1488.0,22,,96.906,0.0,-0.5,0.0,0.872,0.925,-0.199,4420,16.863,12.941,62,,,,,,,,,,,0.781,,
2026-09-28T16:30:22.891,419.894,0,1489.25,22,,96.906,0.0,-2.0,0.0,0.902,0.973,-0.09,5850,16.863,12.941,62,,,,,,,,,,,,12.157,
2026-09-28T16:30:23.021,420.025,0,1486.5,22,,96.906,0.0,-2.0,0.0,0.949,1.195,0.191,7110,17.255,12.941,62,,,,,,,,,,,,,455
2026-09-28T16:30:23.152,420.155,0,1473.5,23,,96.906,0.0,-2.0,0.0,0.974,1.812,0.602,8740,17.255,12.941,62,105,,,,,,,,,,,,
2026-09-28T16:30:23.281,420.284,0,1478.5,25,,97.219,0.0,-2.0,0.0,1.008,2.0,0.84,9900,17.647,12.941,62,,40,,,,,,,,,,,
2026-09-28T16:30:23.411,420.414,0,1480.25,24,,97.219,0.0,-2.0,0.0,1.085,2.0,1.0,9880,18.039,12.941,62,,,5.469,,,,,,,,,,
2026-09-28T16:30:23.541,420.544,0,1478.5,24,,97.219,0.0,-2.0,0.0,1.155,2.0,1.105,9870,18.039,12.941,62,,,,13.906,,,,,,,,,
2026-09-28T16:30:23.673,420.677,0,1476.25,24,,97.25,0.0,-2.0,0.0,1.219,2.0,1.16,9850,19.216,12.549,61,,,,,96,,,,,,,,
2026-09-28T16:30:23.801,420.804,0,1440.75,24,,97.219,0.0,-2.5,0.0,1.304,2.0,1.211,9750,18.824,12.549,61,,,,,,20,,,,,,,
2026-09-28T16:30:23.931,420.935,0,1489.75,24,,97.312,6.667,12.5,0.0,1.395,2.0,0.973,10420,20.0,12.549,62,,,,,,,78.824,,,,,,
2026-09-28T16:30:24.061,421.064,0,1478.25,21,,97.25,6.667,7.5,0.0,1.23,1.34,0.32,10000,19.608,12.549,61,,,,,,,,602.0,,,,,
2026-09-28T16:30:24.191,421.194,0,1489.75,21,,97.25,7.059,11.5,0.0,1.053,1.099,0.086,9450,20.0,12.941,62,,,,,,,,,0.11,,,,
2026-09-28T16:30:24.332,421.335,0,1481.75,22,,97.219,7.059,11.0,0.0,0.964,1.023,0.004,8890,20.0,12.941,62,,,,,,,,,,,0.781,,
2026-09-28T16:30:24.461,421.464,0,1478.5,22,,97.219,7.059,12.0,0.0,0.932,0.98,-0.07,8380,18.039,12.941,62,,,,,,,,,,,,12.941,
2026-09-28T16:30:24.591,421.594,0,1482.75,22,,97.219,7.059,7.5,0.0,0.916,0.938,-0.168,7900,14.51,12.941,62,,,,,,,,,,,,,456
2026-09-28T16:30:24.721,421.724,0,1484.75,22,,97.219,0.0,3.5,0.781,0.91,0.918,-0.219,7340,17.255,12.941,62,105,,,,,,,,,,,,
2026-09-28T16:30:24.851,421.854,0,1483.0,22,,97.219,0.0,-0.5,0.0,0.901,0.903,-0.254,6930,18.431,12.941,61,,40,,,,,,,,,,,
2026-09-28T16:30:24.982,421.985,0,1471.5,22,,97.219,0.0,-2.5,0.0,0.91,0.971,-0.094,7270,19.608,12.941,62,,,5.469,,,,,,,,,,
2026-09-28T16:30:25.112,422.115,0,1470.0,22,,97.219,7.059,23.5,0.0,0.949,1.162,0.156,7730,21.176,13.333,62,,,,13.886,,,,,,,,,
2026-09-28T16:30:25.242,422.245,0,1485.5,23,,97.219,7.451,27.5,0.0,0.981,1.089,0.078,7810,22.353,14.51,62,,,,,96,,,,,,,,
2026-09-28T16:30:25.371,422.375,0,1497.25,27,,96.938,10.196,17.5,0.0,0.945,0.972,-0.094,7120,23.137,15.294,62,,,,,,20,,,,,,,
2026-09-28T16:30:25.501,422.504,0,1483.5,32,,97.0,11.765,15.5,0.0,0.92,0.953,-0.137,6400,23.529,14.902,62,,,,,,,78.824,,,,,,
2026-09-28T16:30:25.631,422.634,0,1488.75,36,,97.0,13.333,15.5,0.0,0.909,0.928,-0.191,6240,20.392,14.118,62,,,,,,,,600.3,,,,,
2026-09-28T16:30:25.761,422.764,0,1489.25,35,,97.25,0.0,17.0,0.0,0.906,0.912,-0.23,6120,14.51,12.549,62,,,,,,,,,0.195,,,,
2026-09-28T16:30:25.891,422.894,0,1479.25,27,,97.0,0.0,26.5,0.0,0.904,0.892,-0.285,6090,19.216,12.549,62,,,,,,,,,,,0.781,,
2026-09-28T16:30:26.021,423.024,0,1478.0,24,,97.062,7.059,28.5,0.0,0.903,0.903,-0.254,5950,21.176,12.549,62,,,,,,,,,,,,12.941,
2026-09-28T16:30:26.152,423.155,0,1495.0,22,,96.938,6.667,32.5,0.0,0.902,0.894,-0.277,5420,21.961,13.725,62,,,,,,,,,,,,,458
2026-09-28T16:30:26.281,423.284,0,1495.0,24,,96.906,8.235,20.0,0.0,0.901,0.896,-0.273,4870,22.353,14.902,62,106,,,,,,,,,,,,
2026-09-28T16:30:26.411,423.414,0,1515.0,28,,96.906,9.804,17.0,0.0,0.899,0.899,-0.266,4890,21.961,14.51,62,,40,,,,,,,,,,,
2026-09-28T16:30:26.541,423.545,0,1491.75,31,,96.906,10.98,14.5,0.0,0.897,0.893,-0.281,4740,14.51,12.549,62,,,3.906,,,,,,,,,,
2026-09-28T16:30:26.673,423.676,0,1488.0,26,,96.906,0.0,26.5,0.0,0.895,0.886,-0.301,5260,15.294,12.549,62,,,,13.906,,,,,,,,,
2026-09-28T16:30:26.801,423.804,0,1482.0,23,,96.906,0.0,24.5,0.0,0.893,0.887,-0.301,4860,18.039,12.941,62,,,,,96,,,,,,,,
2026-09-28T16:30:26.932,423.935,0,1503.25,22,,96.906,0.0,18.0,0.0,0.892,0.893,-0.285,4360,18.824,12.941,62,,,,,,20,,,,,,,
2026-09-28T16:30:27.061,424.064,0,1495.25,22,,96.906,0.0,12.0,0.0,0.89,0.902,-0.254,3960,19.216,12.941,62,,,,,,,78.824,,,,,,
2026-09-28T16:30:27.191,424.194,0,1493.25,22,,96.906,7.059,7.0,0.781,0.889,0.924,-0.203,3840,14.51,12.941,62,,,,,,,,598.4,,,,,
2026-09-28T16:30:27.321,424.324,0,1492.75,22,,96.906,0.0,3.0,1.562,0.888,0.924,-0.203,3950,14.51,12.941,62,,,,,,,,,0.225,,,,
2026-09-28T16:30:27.451,424.454,0,1491.75,22,,96.906,0.0,-1.0,0.0,0.883,0.926,-0.199,4190,15.686,12.941,62,,,,,,,,,,,0.781,,
2026-09-28T16:30:27.581,424.584,0,1486.75,22,,96.906,0.0,-2.0,0.0,0.884,0.944,-0.152,5340,16.471,12.941,62,,,,,,,,,,,,12.157,
2026-09-28T16:30:27.711,424.714,0,1494.75,22,,96.906,0.0,-2.0,0.0,0.937,1.07,0.059,6710,17.647,12.941,62,,,,,,,,,,,,,460
2026-09-28T16:30:27.841,424.844,0,1485.25,23,,96.906,0.0,-2.0,0.0,0.965,1.513,0.445,8440,18.039,12.941,62,106,,,,,,,,,,,,
2026-09-28T16:30:27.971,424.975,0,1479.0,24,,96.906,0.0,-2.0,0.0,0.997,2.0,0.77,9790,14.51,12.941,62,,39,,,,,,,,,,,
2026-09-28T16:30:28.102,425.105,0,1482.75,24,,97.219,0.0,-2.0,0.0,1.057,2.0,0.934,9770,14.51,12.941,62,,,5.469,,,,,,,,,,
2026-09-28T16:30:28.231,425.235,0,1483.75,24,,97.219,0.0,-2.0,0.0,1.141,2.0,1.059,9760,14.902,12.941,62,,,,13.945,,,,,,,,,
2026-09-28T16:30:28.361,425.364,0,1479.75,24,,97.219,0.0,-2.0,0.0,1.196,2.0,1.129,9730,14.51,12.549,62,,,,,96,,,,,,,,
2026-09-28T16:30:28.491,425.494,0,1479.0,23,,97.25,0.0,-2.0,0.0,1.271,2.0,1.191,9720,14.51,12.549,62,,,,,,20,,,,,,,
2026-09-28T16:30:28.621,425.624,0,1478.5,23,,97.344,0.0,-2.0,0.0,1.362,2.0,1.215,9720,14.51,12.549,62,,,,,,,78.824,,,,,,
2026-09-28T16:30:28.752,425.755,0,1477.25,23,,97.5,0.0,-2.0,0.0,1.482,2.0,1.238,9710,14.902,12.549,62,,,,,,,,600.1,,,,,
2026-09-28T16:30:28.881,425.885,0,1474.5,23,,97.469,0.0,-2.0,0.0,1.6,2.0,1.246,9690,16.078,12.549,62,,,,,,,,,0.1,,,,
2026-09-28T16:30:29.011,426.014,0,1474.0,24,,97.5,0.0,-2.0,0.0,1.708,2.0,1.25,9680,14.902,12.549,62,,,,,,,,,,,0.781,,
2026-09-28T16:30:29.141,426.144,0,1474.25,24,,97.531,0.0,-2.0,0.0,1.757,2.0,1.266,9670,14.51,12.549,62,,,,,,,,,,,,12.941,
2026-09-28T16:30:29.271,426.275,0,1473.0,24,,97.531,0.0,-2.5,0.0,1.783,2.0,1.266,9660,16.471,12.549,62,,,,,,,,,,,,,461
2026-09-28T16:30:29.402,426.405,0,1472.25,23,,97.531,0.0,-2.0,0.0,1.792,2.0,1.27,9650,19.216,12.549,62,106,,,,,,,,,,,,
2026-09-28T16:30:29.531,426.535,0,1474.5,23,,97.531,0.0,-2.0,0.0,1.743,2.0,1.273,9560,18.824,12.549,62,,40,,,,,,,,,,,
2026-09-28T16:30:29.661,426.664,0,1489.25,23,,97.531,7.451,-2.0,0.0,1.868,2.0,1.254,9900,14.51,12.549,62,,,5.469,,,,,,,,,,
2026-09-28T16:30:29.791,426.794,0,1477.75,22,,97.531,0.0,-2.0,0.0,1.555,1.909,0.641,9620,14.51,12.549,62,,,,13.906,,,,,,,,,
2026-09-28T16:30:29.921,426.924,0,1481.5,21,,97.531,0.0,-2.0,0.0,1.245,1.292,0.281,9360,14.902,12.941,62,,,,,96,,,,,,,,
2026-09-28T16:30:30.052,427.055,0,1466.75,21,,97.531,0.0,-2.5,0.0,1.051,1.176,0.172,10380,15.294,12.941,62,,,,,,20,,,,,,,
2026-09-28T16:30:30.181,427.184,0,1469.5,21,,97.531,0.0,-2.5,0.0,1.013,1.381,0.352,10290,15.294,12.941,62,,,,,,,78.824,,,,,,
2026-09-28T16:30:30.311,427.314,0,1463.0,23,,97.5,0.0,-2.5,0.0,0.999,1.898,0.637,10280,15.686,12.941,61,,,,,,,,601.0,,,,,
2026-09-28T16:30:30.442,427.445,0,1461.0,24,,97.531,0.0,-2.5,0.0,1.009,2.0,0.871,10270,15.686,12.941,61,,,,,,,,,0.13,,,,
2026-09-28T16:30:30.572,427.575,0,1466.5,24,,97.531,0.0,-2.5,0.0,1.069,2.0,1.02,10260,16.471,12.941,61,,,,,,,,,,,0.781,,
2026-09-28T16:30:30.701,427.704,0,1467.0,24,,97.531,0.0,-2.5,0.0,1.138,2.0,1.109,10260,16.863,12.941,61,,,,,,,,,,,,13.725,
2026-09-28T16:30:30.832,427.835,0,1466.5,25,,97.531,0.0,-2.5,0.0,1.202,2.0,1.172,10240,16.863,12.549,61,,,,,,,,,,,,,463
2026-09-28T16:30:30.961,427.964,0,1461.0,24,,97.531,0.0,-2.5,0.0,1.263,2.0,1.207,10240,17.647,12.549,61,106,,,,,,,,,,,,
2026-09-28T16:30:31.091,428.094,0,1458.25,24,,97.531,0.0,-2.5,0.0,1.365,2.0,1.234,10230,17.647,12.549,61,,40,,,,,,,,,,,
2026-09-28T16:30:31.222,428.225,0,1457.25,25,,97.531,0.0,-2.5,0.0,1.467,2.0,1.246,10220,17.647,12.549,61,,,5.469,,,,,,,,,,
2026-09-28T16:30:31.351,428.354,0,1456.25,23,,97.594,0.0,-2.5,0.0,1.605,2.0,1.258,10210,17.647,12.549,61,,,,13.925,,,,,,,,,
2026-09-28T16:30:31.481,428.484,0,1455.75,24,,97.625,0.0,-2.5,0.0,1.7,2.0,1.266,10210,17.647,12.549,61,,,,,96,,,,,,,,
2026-09-28T16:30:31.612,428.615,0,1455.25,24,,97.656,0.0,-2.5,0.0,1.758,2.0,1.27,10190,18.039,12.549,61,,,,,,20,,,,,,,
2026-09-28T16:30:31.741,428.744,0,1453.25,24,,97.688,0.0,-2.5,0.0,1.78,2.0,1.273,10180,18.039,12.549,61,,,,,,,78.824,,,,,,
2026-09-28T16:30:31.872,428.875,0,1453.5,24,,97.781,0.0,-2.5,0.0,1.792,2.0,1.277,10170,18.431,12.549,61,,,,,,,,602.8,,,,,
2026-09-28T16:30:32.001,429.004,0,1453.0,24,,97.688,0.0,-2.5,0.0,1.796,2.0,1.273,10170,18.431,12.549,61,,,,,,,,,0.095,,,,
2026-09-28T16:30:32.131,429.134,0,1452.5,23,,97.75,0.0,-2.5,0.0,1.798,2.0,1.277,10170,19.216,12.549,61,,,,,,,,,,,0.781,,
2026-09-28T16:30:32.261,429.265,0,1452.75,23,,97.781,7.843,-2.0,0.0,1.811,2.0,1.32,10370,19.216,12.549,61,,,,,,,,,,,,13.333,
2026-09-28T16:30:32.391,429.394,0,1466.75,22,,97.812,7.451,-2.0,0.0,1.787,2.0,1.039,9890,19.216,12.549,61,,,,,,,,,,,,,464
2026-09-28T16:30:32.521,429.524,0,1467.25,21,,97.656,6.275,-2.0,0.0,1.448,1.523,0.449,9370,19.216,12.549,61,106,,,,,,,,,,,,
2026-09-28T16:30:32.651,429.654,0,1466.0,21,,97.562,6.667,2.0,0.0,1.145,1.213,0.207,9120,19.216,12.941,61,,40,,,,,,,,,,,
2026-09-28T16:30:32.781,429.784,0,1458.75,22,,97.531,7.059,2.0,0.0,1.017,1.116,0.105,8650,19.216,12.941,61,,,4.688,,,,,,,,,,
2026-09-28T16:30:32.911,429.914,0,1458.5,22,,97.531,7.059,2.0,0.0,0.951,1.061,0.047,8090,19.608,12.941,61,,,,13.945,,,,,,,,,
2026-09-28T16:30:33.041,430.045,0,1466.5,22,,97.5,7.059,2.5,0.0,0.926,0.998,-0.023,7600,19.608,12.941,61,,,,,96,,,,,,,,
2026-09-28T16:30:33.173,430.176,0,1468.25,22,,97.438,7.451,3.5,0.0,0.914,0.946,-0.148,7090,19.608,12.941,61,,,,,,20,,,,,,,
2026-09-28T16:30:33.301,430.304,0,1468.5,22,,97.531,7.059,2.0,0.0,0.909,0.907,-0.242,6530,19.216,12.941,61,,,,,,,78.824,,,,,,
2026-09-28T16:30:33.432,430.435,0,1469.5,22,,97.344,7.059,2.0,-0.781,0.907,0.89,-0.293,6060,19.608,12.941,61,,,,,,,,602.3,,,,,
2026-09-28T16:30:33.562,430.565,0,1469.0,22,,97.312,7.059,2.0,-0.781,0.906,0.893,-0.281,5540,19.608,12.941,61,,,,,,,,,0.17,,,,
2026-09-28T16:30:33.691,430.694,0,1468.75,22,,97.281,7.059,6.5,0.0,0.905,0.907,-0.242,5110,19.608,12.941,61,,,,,,,,,,,0.781,,
2026-09-28T16:30:33.821,430.824,0,1466.5,22,,97.312,7.059,5.0,0.781,0.904,0.927,-0.195,4680,19.608,12.941,61,,,,,,,,,,,,12.941,
2026-09-28T16:30:33.952,430.955,0,1470.25,22,,97.219,7.059,6.5,1.562,0.902,0.94,-0.16,4190,19.608,12.941,61,,,,,,,,,,,,,466
2026-09-28T16:30:34.081,431.085,0,1474.0,22,,97.219,7.059,6.5,2.344,0.901,0.95,-0.141,3780,19.608,12.941,61,106,,,,,,,,,,,,
2026-09-28T16:30:34.211,431.214,0,1475.0,22,,97.219,7.059,8.0,3.125,0.9,0.957,-0.125,3340,20.392,12.941,61,,40,,,,,,,,,,,
2026-09-28T16:30:34.341,431.344,0,1485.25,22,,97.219,7.059,20.5,3.125,0.899,0.934,-0.18,3070,21.569,13.725,61,,,3.906,,,,,,,,,,
2026-09-28T16:30:34.481,431.484,0,1481.25,25,,97.125,8.235,21.0,3.125,0.898,0.92,-0.211,3540,21.961,14.51,62,,,,13.906,,,,,,,,,
2026-09-28T16:30:34.611,431.614,0,1506.25,27,,97.219,9.804,17.0,2.344,0.897,0.898,-0.266,4260,21.176,14.118,61,,,,,96,,,,,,,,
2026-09-28T16:30:34.741,431.744,0,1474.75,28,,97.219,9.804,17.0,1.562,0.896,0.89,-0.293,4300,21.176,13.725,62,,,,,,20,,,,,,,
2026-09-28T16:30:34.872,431.875,0,1477.25,27,,97.219,9.412,18.5,1.562,0.894,0.893,-0.281,4650,21.176,14.118,62,,,,,,,78.824,,,,,,
2026-09-28T16:30:35.002,432.005,0,1486.75,27,,97.219,9.412,18.5,2.344,0.892,0.89,-0.289,4490,21.569,13.725,62,,,,,,,,600.4,,,,,
2026-09-28T16:30:35.132,432.135,0,1493.75,28,,97.125,9.804,18.0,1.562,0.891,0.886,-0.301,4950,21.569,14.118,62,,,,,,,,,0.2,,,,
2026-09-28T16:30:35.262,432.265,0,1495.75,29,,97.219,10.196,17.5,1.562,0.888,0.882,-0.312,4950,21.569,14.118,62,,,,,,,,,,,0.781,,
2026-09-28T16:30:35.392,432.395,0,1498.5,29,,97.219,10.196,16.5,1.562,0.886,0.875,-0.336,5150,21.176,14.118,63,,,,,,,,,,,,18.824,
2026-09-28T16:30:35.522,432.525,0,1501.0,29,,97.219,0.0,18.5,1.562,0.884,0.877,-0.328,5440,14.51,12.549,63,,,,,,,,,,,,,467
2026-09-28T16:30:35.651,432.655,0,1498.5,23,,96.969,0.0,27.0,0.781,0.882,0.869,-0.352,4960,14.51,12.549,63,106,,,,,,,,,,,,
2026-09-28T16:30:35.782,432.785,0,1489.75,22,,97.0,0.0,18.5,1.562,0.881,0.874,-0.336,4560,14.51,12.941,63,,40,,,,,,,,,,,
2026-09-28T16:30:35.911,432.915,0,1511.5,22,,96.938,0.0,13.0,1.562,0.881,0.883,-0.309,4140,14.51,12.941,63,,,3.906,,,,,,,,,,
2026-09-28T16:30:36.041,433.044,0,1514.5,22,,96.938,0.0,8.0,2.344,0.881,0.904,-0.25,4350,14.51,12.941,63,,,,13.925,,,,,,,,,
2026-09-28T16:30:36.173,433.177,0,1514.0,22,,96.969,0.0,3.5,3.906,0.881,0.917,-0.219,4120,14.902,12.941,63,,,,,96,,,,,,,,
2026-09-28T16:30:36.301,433.304,0,1510.25,22,,96.906,0.0,0.5,0.0,0.878,0.917,-0.219,4190,14.902,12.941,63,,,,,,20,,,,,,,
2026-09-28T16:30:36.431,433.434,0,1501.75,22,,96.906,0.0,-1.5,0.0,0.887,0.957,-0.125,5480,14.902,12.941,63,,,,,,,78.824,,,,,,
2026-09-28T16:30:36.561,433.564,0,1510.25,22,,96.906,0.0,-1.5,0.0,0.936,1.12,0.109,7120,14.51,12.941,63,,,,,,,,599.3,,,,,
2026-09-28T16:30:36.691,433.694,0,1511.25,22,,96.906,0.0,-1.5,0.0,0.968,1.625,0.512,8330,14.51,12.941,63,,,,,,,,,0.225,,,,
2026-09-28T16:30:36.821,433.824,0,1509.5,23,,96.906,0.0,-1.5,0.0,0.999,2.0,0.789,9720,14.51,12.941,63,,,,,,,,,,,0.781,,
2026-09-28T16:30:36.952,433.955,0,1514.25,24,,97.219,0.0,-1.5,0.0,1.073,2.0,0.965,9690,14.51,12.941,63,,,,,,,,,,,,13.725,
2026-09-28T16:30:37.081,434.085,0,1515.25,24,,97.219,0.0,-1.5,0.0,1.145,2.0,1.074,9670,14.902,12.941,63,,,,,,,,,,,,,469
2026-09-28T16:30:37.211,434.214,0,1514.25,24,,97.219,0.0,-1.5,0.0,1.21,2.0,1.141,9650,15.294,12.941,63,106,,,,,,,,,,,,
2026-09-28T16:30:37.341,434.344,0,1516.5,24,,97.406,0.0,-1.5,0.0,1.279,2.0,1.199,9640,15.294,12.941,63,,39,,,,,,,,,,,
2026-09-28T16:30:37.471,434.474,0,1519.75,24,,97.5,0.0,-1.5,0.0,1.39,2.0,1.223,9620,15.294,12.941,64,,,4.688,,,,,,,,,,
2026-09-28T16:30:37.601,434.604,0,1520.0,23,,97.5,0.0,-1.5,0.0,1.498,2.0,1.242,9610,15.294,12.941,63,,,,13.984,,,,,,,,,
2026-09-28T16:30:37.731,434.735,0,1515.0,23,,97.531,0.0,-1.5,0.0,1.641,2.0,1.254,9610,14.51,12.941,63,,,,,96,,,,,,,,
2026-09-28T16:30:37.862,434.865,0,1512.5,24,,97.531,0.0,-1.5,0.0,1.723,2.0,1.254,9590,14.51,12.549,63,,,,,,20,,,,,,,
2026-09-28T16:30:37.991,434.995,0,1516.5,23,,97.531,0.0,-1.5,0.0,1.769,2.0,1.27,9590,14.51,12.941,64,,,,,,,78.824,,,,,,
2026-09-28T16:30:38.121,435.124,0,1517.75,24,,97.531,0.0,-1.5,0.0,1.786,2.0,1.273,9580,14.51,12.941,64,,,,,,,,600.7,,,,,
2026-09-28T16:30:38.251,435.254,0,1518.75,23,,97.562,0.0,-1.5,0.0,1.794,2.0,1.277,9580,14.51,12.941,64,,,,,,,,,0.1,,,,
2026-09-28T16:30:38.381,435.384,0,1521.25,23,,97.688,0.0,-1.5,0.0,1.797,2.0,1.277,9560,14.51,12.941,64,,,,,,,,,,,0.781,,
2026-09-28T16:30:38.511,435.514,0,1521.75,24,,97.719,0.0,-1.5,0.0,1.799,2.0,1.277,9550,14.51,12.941,64,,,,,,,,,,,,12.941,
2026-09-28T16:30:38.641,435.644,0,1519.5,23,,97.781,0.0,-1.5,0.0,1.8,2.0,1.277,9540,14.51,12.941,64,,,,,,,,,,,,,471
2026-09-28T16:30:38.772,435.776,0,1517.75,24,,97.875,0.0,-1.5,0.0,1.8,2.0,1.281,9530,14.51,12.549,64,106,,,,,,,,,,,,
2026-09-28T16:30:38.901,435.904,0,1517.5,23,,97.875,0.0,-1.5,0.0,1.8,2.0,1.277,9520,14.51,12.549,64,,39,,,,,,,,,,,
2026-09-28T16:30:39.031,436.034,0,1518.75,23,,97.875,0.0,-1.5,0.0,1.8,2.0,1.281,9500,14.51,12.941,64,,,4.688,,,,,,,,,,
2026-09-28T16:30:39.161,436.164,0,1521.25,23,,97.875,0.0,-1.5,0.0,1.8,2.0,1.281,9490,14.51,12.941,64,,,,13.964,,,,,,,,,
2026-09-28T16:30:39.291,436.295,0,1524.0,23,,97.875,0.0,-1.5,0.0,1.8,2.0,1.281,9490,14.51,12.941,64,,,,,96,,,,,,,,
2026-09-28T16:30:39.422,436.425,0,1520.5,23,,97.875,0.0,-1.5,0.0,1.8,2.0,1.281,9480,14.51,12.941,64,,,,,,20,,,,,,,
2026-09-28T16:30:39.551,436.554,0,1520.0,23,,97.875,0.0,-1.5,0.0,1.8,2.0,1.281,9480,14.51,12.941,64,,,,,,,78.824,,,,,,
2026-09-28T16:30:39.681,436.684,0,1520.75,24,,97.875,0.0,-1.5,0.0,1.8,2.0,1.285,9480,14.51,12.941,64,,,,,,,,602.3,,,,,
2026-09-28T16:30:39.811,436.814,0,1517.25,23,,97.875,0.0,-1.5,0.0,1.8,2.0,1.281,9470,14.51,12.941,63,,,,,,,,,0.095,,,,
2026-09-28T16:30:39.941,436.944,0,1509.25,23,,97.875,0.0,-1.5,0.0,1.8,2.0,1.281,9450,14.51,12.941,64,,,,,,,,,,,0.781,,
2026-09-28T16:30:40.071,437.074,0,1509.5,24,,97.875,0.0,-1.5,0.0,1.8,2.0,1.285,9450,14.51,12.549,63,,,,,,,,,,,,12.941,
2026-09-28T16:30:40.201,437.204,0,1515.25,23,,97.875,0.0,-1.5,0.0,1.8,2.0,1.281,9450,14.51,12.941,64,,,,,,,,,,,,,472
2026-09-28T16:30:40.332,437.335,0,1518.25,24,,97.875,0.0,-1.5,0.0,1.8,2.0,1.285,9440,14.51,12.941,63,106,,,,,,,,,,,,
2026-09-28T16:30:40.462,437.465,0,1513.25,23,,97.875,0.0,-1.5,0.0,1.8,2.0,1.281,9420,14.51,12.549,63,,40,,,,,,,,,,,
2026-09-28T16:30:40.592,437.595,0,1509.75,23,,97.875,0.0,-1.5,0.0,1.8,2.0,1.285,9420,14.51,12.549,63,,,4.688,,,,,,,,,,
2026-09-28T16:30:40.722,437.725,0,1504.25,24,,97.875,0.0,-2.0,0.0,1.8,2.0,1.285,9410,14.51,12.549,63,,,,13.984,,,,,,,,,
2026-09-28T16:30:40.852,437.855,0,1500.0,23,,97.875,0.0,-2.0,0.0,1.8,2.0,1.281,9410,14.51,12.549,63,,,,,96,,,,,,,,
2026-09-28T16:30:40.981,437.984,0,1499.25,24,,97.875,0.0,-2.0,0.0,1.8,2.0,1.285,9570,14.51,12.549,63,,,,,,20,,,,,,,
2026-09-28T16:30:41.112,438.115,0,1502.25,23,,97.875,0.0,-2.0,0.0,1.8,2.0,1.285,9560,14.51,12.549,63,,,,,,,78.824,,,,,,
2026-09-28T16:30:41.241,438.244,0,1501.75,23,,97.875,0.0,-2.0,0.0,1.8,2.0,1.285,9550,14.51,12.549,63,,,,,,,,603.9,,,,,
2026-09-28T16:30:41.372,438.376,0,1499.25,23,,97.875,0.0,-2.0,0.0,1.8,2.0,1.285,9540,14.51,12.549,62,,,,,,,,,0.095,,,,
2026-09-28T16:30:41.502,438.505,0,1492.75,23,,97.875,0.0,-2.0,0.0,1.8,2.0,1.285,9530,14.51,12.549,62,,,,,,,,,,,0.781,,
2026-09-28T16:30:41.632,438.635,0,1491.0,23,,97.875,0.0,-2.0,0.0,1.8,2.0,1.285,9520,14.51,12.549,62,,,,,,,,,,,,12.941,
2026-09-28T16:30:41.761,438.764,0,1488.5,23,,97.906,0.0,-2.0,0.0,1.8,2.0,1.285,9510,14.51,12.549,63,,,,,,,,,,,,,474
2026-09-28T16:30:41.891,438.894,0,1488.75,23,,97.875,0.0,-2.0,0.0,1.8,2.0,1.285,9510,14.51,12.549,63,106,,,,,,,,,,,,
2026-09-28T16:30:42.021,439.024,0,1489.5,23,,97.906,0.0,-2.0,0.0,1.8,2.0,1.289,9490,14.51,12.549,62,,39,,,,,,,,,,,
2026-09-28T16:30:42.151,439.154,0,1486.75,23,,97.938,0.0,-2.0,0.0,1.8,2.0,1.285,9490,14.51,12.549,62,,,5.469,,,,,,,,,,
2026-09-28T16:30:42.281,439.284,0,1485.0,23,,97.906,0.0,-2.0,0.0,1.8,2.0,1.285,9480,14.51,12.549,62,,,,13.964,,,,,,,,,
2026-09-28T16:30:42.411,439.414,0,1480.25,24,,97.875,0.0,-2.0,0.0,1.8,2.0,1.289,9480,14.51,12.549,62,,,,,96,,,,,,,,
2026-09-28T16:30:42.542,439.545,0,1476.75,23,,97.875,0.0,-2.0,0.0,1.8,2.0,1.285,9460,14.51,12.549,62,,,,,,21,,,,,,,
2026-09-28T16:30:42.673,439.676,0,1473.25,23,,97.875,0.0,-2.5,0.0,1.8,2.0,1.289,9460,14.51,12.549,62,,,,,,,78.824,,,,,,
2026-09-28T16:30:42.801,439.804,0,1466.25,24,,97.875,0.0,-2.5,0.0,1.8,2.0,1.289,9460,14.51,12.549,62,,,,,,,,605.2,,,,,
2026-09-28T16:30:42.932,439.935,0,1466.5,24,,97.969,0.0,-2.5,0.0,1.8,2.0,1.289,9450,14.51,12.549,61,,,,,,,,,0.095,,,,
2026-09-28T16:30:43.061,440.064,0,1467.5,23,,97.875,0.0,-2.5,0.0,1.8,2.0,1.289,9440,14.51,12.549,61,,,,,,,,,,,0.781,,
2026-09-28T16:30:43.191,440.194,0,1465.5,23,,97.938,0.0,-2.5,0.0,1.8,2.0,1.285,9430,14.51,12.549,61,,,,,,,,,,,,12.941,
2026-09-28T16:30:43.322,440.325,0,1458.5,24,,97.875,0.0,-2.5,0.0,1.8,2.0,1.285,9420,14.51,12.549,61,,,,,,,,,,,,,475
2026-09-28T16:30:43.451,440.454,0,1453.0,23,,97.875,0.0,-2.5,0.0,1.8,2.0,1.285,9420,14.51,12.549,61,106,,,,,,,,,,,,
2026-09-28T16:30:43.581,440.584,0,1448.5,24,,97.906,0.0,-2.5,0.0,1.8,2.0,1.289,9400,14.51,12.549,61,,39,,,,,,,,,,,
2026-09-28T16:30:43.711,440.714,0,1445.75,24,,97.875,0.0,-2.5,0.0,1.8,2.0,1.285,9760,14.51,12.549,60,,,5.469,,,,,,,,,,
2026-09-28T16:30:43.841,440.844,0,1441.0,23,,97.875,0.0,-2.5,0.0,1.8,2.0,1.289,9740,14.51,12.549,61,,,,13.984,,,,,,,,,
2026-09-28T16:30:43.971,440.974,0,1438.75,23,,97.906,0.0,-2.5,0.0,1.8,2.0,1.285,9730,14.51,12.549,60,,,,,96,,,,,,,,
2026-09-28T16:30:44.102,441.105,0,1433.5,24,,97.875,0.0,-2.5,0.0,1.8,2.0,1.289,9730,14.51,12.549,60,,,,,,21,,,,,,,
2026-09-28T16:30:44.231,441.234,0,1426.75,24,,97.875,0.0,-2.5,0.0,1.8,2.0,1.289,9720,14.51,12.549,60,,,,,,,78.824,,,,,,
2026-09-28T16:30:44.360,441.364,0,1428.5,24,,97.875,0.0,-2.5,0.0,1.8,2.0,1.285,9710,14.51,12.549,60,,,,,,,,606.5,,,,,
2026-09-28T16:30:44.491,441.494,0,1427.25,24,,97.875,0.0,-2.5,0.0,1.8,2.0,1.289,9690,14.51,12.549,60,,,,,,,,,0.095,,,,
2026-09-28T16:30:44.621,441.624,0,1424.0,23,,97.875,0.0,-2.5,0.0,1.8,2.0,1.289,9690,14.51,12.549,59,,,,,,,,,,,0.781,,
2026-09-28T16:30:44.751,441.754,0,1408.75,24,,97.875,0.0,-3.0,0.0,1.8,2.0,1.289,9680,14.51,12.549,59,,,,,,,,,,,,13.333,
2026-09-28T16:30:44.881,441.884,0,1391.25,24,,97.875,0.0,-3.0,0.0,1.8,2.0,1.289,9660,14.51,12.549,59,,,,,,,,,,,,,477
2026-09-28T16:30:45.011,442.014,0,1389.25,24,,97.875,0.0,-3.0,0.0,1.8,2.0,1.289,9660,14.51,12.549,59,106,,,,,,,,,,,,
2026-09-28T16:30:45.141,442.144,0,1395.0,23,,97.875,0.0,-3.0,0.0,1.8,2.0,1.285,9660,14.51,12.549,58,,39,,,,,,,,,,,
2026-09-28T16:30:45.271,442.275,0,1394.0,24,,97.875,0.0,-3.0,0.0,1.8,2.0,1.289,9650,14.51,12.549,58,,,5.469,,,,,,,,,,
2026-09-28T16:30:45.401,442.404,0,1383.75,24,,97.875,0.0,-3.0,0.0,1.8,2.0,1.285,9630,14.51,12.549,58,,,,13.984,,,,,,,,,
2026-09-28T16:30:45.531,442.534,0,1377.75,23,,97.875,0.0,-4.0,0.0,1.8,2.0,1.289,9630,14.51,12.549,57,,,,,96,,,,,,,,
2026-09-28T16:30:45.661,442.664,0,1371.25,24,,97.875,0.0,-4.0,0.0,1.8,2.0,1.293,9620,14.51,12.549,57,,,,,,21,,,,,,,
2026-09-28T16:30:45.791,442.794,0,1363.5,23,,97.875,0.0,-4.0,0.0,1.8,2.0,1.285,9620,14.51,12.549,57,,,,,,,78.824,,,,,,
2026-09-28T16:30:45.922,442.925,0,1357.25,23,,97.875,0.0,-4.0,0.0,1.8,2.0,1.289,9610,14.51,12.549,57,,,,,,,,607.5,,,,,
2026-09-28T16:30:46.051,443.054,0,1351.75,24,,97.875,0.0,-4.0,0.0,1.8,2.0,1.289,9610,14.51,12.549,57,,,,,,,,,0.1,,,,
2026-09-28T16:30:46.181,443.184,0,1346.25,24,,97.875,0.0,-4.0,0.0,1.8,2.0,1.285,9590,14.51,12.549,56,,,,,,,,,,,0.781,,
2026-09-28T16:30:46.311,443.314,0,1339.25,24,,97.875,0.0,-4.0,0.0,1.8,2.0,1.289,9590,14.51,12.549,56,,,,,,,,,,,,13.333,
2026-09-28T16:30:46.441,443.444,0,1331.0,24,,97.875,0.0,-4.0,0.0,1.8,2.0,1.289,9580,14.51,12.549,56,,,,,,,,,,,,,478
2026-09-28T16:30:46.572,443.575,0,1325.75,23,,97.844,0.0,-4.0,0.0,1.8,2.0,1.289,9580,14.51,12.549,56,105,,,,,,,,,,,,
2026-09-28T16:30:46.701,443.704,0,1318.0,23,,97.875,0.0,-4.0,0.0,1.8,2.0,1.289,9560,14.51,12.549,55,,39,,,,,,,,,,,
2026-09-28T16:30:46.831,443.834,0,1312.0,23,,97.844,0.0,-4.5,0.0,1.8,2.0,1.289,9560,14.51,12.549,55,,,6.25,,,,,,,,,,
2026-09-28T16:30:46.962,443.965,0,1306.75,23,,97.781,0.0,-4.5,0.0,1.8,2.0,1.289,9550,14.51,12.549,55,,,,13.964,,,,,,,,,
2026-09-28T16:30:47.091,444.094,0,1298.75,23,,97.844,0.0,-4.5,0.0,1.8,2.0,1.289,9540,14.51,12.549,55,,,,,96,,,,,,,,
2026-09-28T16:30:47.221,444.224,0,1290.5,24,,97.812,0.0,-4.5,0.0,1.8,2.0,1.289,9530,14.51,12.549,54,,,,,,21,,,,,,,
2026-09-28T16:30:47.351,444.354,0,1291.5,23,,97.812,0.0,-4.5,0.0,1.8,2.0,1.289,9530,14.51,12.549,54,,,,,,,78.824,,,,,,
2026-09-28T16:30:47.481,444.484,0,1284.75,23,,97.844,0.0,-4.5,0.0,1.8,2.0,1.285,9520,14.51,12.157,54,,,,,,,,608.6,,,,,
2026-09-28T16:30:47.611,444.614,0,1276.75,23,,97.75,0.0,-5.0,0.0,1.8,2.0,1.289,9510,14.51,12.549,53,,,,,,,,,0.095,,,,
2026-09-28T16:30:47.741,444.744,0,1266.75,24,,97.656,0.0,-5.0,0.0,1.8,2.0,1.285,9510,14.51,12.549,53,,,,,,,,,,,0.781,,
2026-09-28T16:30:47.871,444.874,0,1260.0,24,,97.688,0.0,-5.0,0.0,1.8,2.0,1.285,9490,15.686,12.157,53,,,,,,,,,,,,13.333,
2026-09-28T16:30:48.001,445.004,0,1254.25,24,,97.562,0.0,-5.0,0.0,1.8,2.0,1.293,9490,16.471,12.157,53,,,,,,,,,,,,,480
2026-09-28T16:30:48.131,445.135,0,1249.0,24,,97.562,0.0,-5.5,0.0,1.8,2.0,1.285,9490,16.863,12.157,52,105,,,,,,,,,,,,
2026-09-28T16:30:48.261,445.264,0,1243.5,24,,97.531,0.0,-5.5,0.0,1.8,2.0,1.285,9480,17.647,12.157,52,,39,,,,,,,,,,,
2026-09-28T16:30:48.391,445.394,0,1239.25,24,,97.562,0.0,-5.5,0.0,1.8,2.0,1.293,9480,18.824,12.157,52,,,6.25,,,,,,,,,,
2026-09-28T16:30:48.521,445.524,0,1233.25,24,,97.562,10.588,-0.5,0.0,1.743,2.0,1.285,9490,21.961,12.941,52,,,,13.886,,,,,,,,,
2026-09-28T16:30:48.651,445.655,0,1257.25,24,,97.531,11.373,21.5,0.0,1.841,2.0,1.152,9590,24.314,14.902,51,,,,,96,,,,,,,,
2026-09-28T16:30:48.781,445.784,0,1228.75,31,,97.406,15.686,14.0,0.0,1.504,2.0,0.699,9370,25.882,15.294,51,,,,,,21,,,,,,,
2026-09-28T16:30:48.911,445.914,0,1235.75,35,,97.312,17.647,14.0,0.0,1.162,1.272,0.262,9040,26.275,15.686,51,,,,,,,78.824,,,,,,
2026-09-28T16:30:49.041,446.044,0,1233.5,45,,97.219,21.961,13.0,0.0,1.017,1.029,0.012,8600,26.667,15.686,51,,,,,,,,607.8,,,,,
2026-09-28T16:30:49.173,446.177,0,1229.0,48,,97.188,23.137,13.0,0.0,0.946,0.954,-0.129,8520,24.706,14.902,51,,,,,,,,,0.135,,,,
2026-09-28T16:30:49.301,446.304,0,1220.25,48,,97.219,23.137,12.0,1.562,0.923,0.946,-0.152,9020,14.51,12.549,51,,,,,,,,,,,0.781,,
2026-09-28T16:30:49.431,446.434,0,1210.75,41,,97.219,0.0,17.0,0.781,0.913,0.928,-0.191,9340,14.51,12.157,50,,,,,,,,,,,,16.471,
2026-09-28T16:30:49.561,446.564,0,1206.75,27,,97.219,0.0,22.0,0.781,0.909,0.915,-0.227,8950,16.078,12.157,50,,,,,,,,,,,,,481
2026-09-28T16:30:49.700,446.704,0,1203.75,24,,97.219,0.0,27.5,0.0,0.906,0.892,-0.285,8370,17.647,12.157,50,105,,,,,,,,,,,,
2026-09-28T16:30:49.831,446.834,0,1189.0,23,,97.219,0.0,16.5,-0.781,0.905,0.86,-0.379,7930,19.216,12.157,50,,39,,,,,,,,,,,
2026-09-28T16:30:49.961,446.964,0,1199.25,22,,97.219,0.0,10.5,-2.344,0.904,0.847,-0.422,7520,19.216,12.157,50,,,6.25,,,,,,,,,,
2026-09-28T16:30:50.091,447.094,0,1191.0,22,,97.188,9.804,6.5,-3.125,0.903,0.85,-0.414,7130,19.608,12.157,50,,,,13.867,,,,,,,,,
2026-09-28T16:30:50.221,447.224,0,1185.5,22,,97.188,9.804,6.5,-3.906,0.902,0.838,-0.453,6720,19.216,12.157,49,,,,,96,,,,,,,,
2026-09-28T16:30:50.351,447.355,0,1177.25,22,,97.062,9.804,6.5,-4.688,0.9,0.838,-0.453,6320,19.608,12.157,49,,,,,,21,,,,,,,
2026-09-28T16:30:50.481,447.484,0,1176.25,22,,97.0,9.412,9.5,-4.688,0.899,0.846,-0.43,5870,19.608,12.157,49,,,,,,,78.824,,,,,,
2026-09-28T16:30:50.611,447.614,0,1172.25,22,,97.0,9.804,13.5,-4.688,0.897,0.86,-0.379,5500,20.392,12.157,49,,,,,,,,605.6,,,,,
2026-09-28T16:30:50.741,447.744,0,1160.75,22,,97.219,9.804,28.0,-3.906,0.896,0.877,-0.328,5140,20.784,12.157,48,,,,,,,,,0.185,,,,
2026-09-28T16:30:50.871,447.874,0,1157.75,23,,97.219,9.804,28.0,-3.125,0.894,0.891,-0.289,4780,21.176,12.549,48,,,,,,,,,,,0.781,,
2026-09-28T16:30:51.001,448.004,0,1153.25,23,,97.125,10.98,23.0,-2.344,0.892,0.903,-0.254,4360,21.569,12.941,48,,,,,,,,,,,,15.686,
2026-09-28T16:30:51.131,448.134,0,1156.5,25,,96.969,13.333,19.0,-2.344,0.89,0.899,-0.266,3870,21.961,13.333,48,,,,,,,,,,,,,483
2026-09-28T16:30:51.261,448.264,0,1150.5,28,,97.031,14.118,18.0,-2.344,0.888,0.895,-0.277,3370,21.961,13.333,47,105,,,,,,,,,,,,
2026-09-28T16:30:51.392,448.395,0,1179.75,29,,97.031,14.51,17.5,-1.562,0.886,0.902,-0.258,3260,21.961,13.333,47,,39,,,,,,,,,,,
2026-09-28T16:30:51.521,448.524,0,1269.0,28,,96.969,12.157,18.5,0.0,0.884,0.919,-0.215,3240,22.353,14.118,46,,,3.125,,,,,,,,,,
2026-09-28T16:30:51.651,448.654,0,1356.0,30,,96.906,12.941,17.0,0.0,0.882,0.927,-0.195,3490,23.137,14.902,47,,,,13.867,,,,,,,,,
2026-09-28T16:30:51.781,448.785,0,1433.25,33,,96.906,13.333,16.0,0.781,0.881,0.927,-0.195,4660,23.137,14.902,46,,,,,96,,,,,,,,
2026-09-28T16:30:51.911,448.914,0,1477.5,34,,96.906,12.941,15.5,0.0,0.88,0.887,-0.301,4870,23.137,14.51,46,,,,,,21,,,,,,,
2026-09-28T16:30:52.041,449.044,0,1469.25,35,,96.906,12.941,15.5,-1.562,0.88,0.859,-0.383,5220,23.137,14.902,46,,,,,,,78.824,,,,,,
2026-09-28T16:30:52.174,449.177,0,1455.0,35,,96.906,13.725,15.5,-1.562,0.879,0.862,-0.375,5630,21.569,14.118,46,,,,,,,,601.8,,,,,
2026-09-28T16:30:52.301,449.304,0,1448.5,35,,96.906,13.333,17.5,-0.781,0.879,0.877,-0.328,5630,14.51,12.549,45,,,,,,,,,0.205,,,,
2026-09-28T16:30:52.431,449.434,0,1429.75,28,,96.938,0.0,27.5,-0.781,0.879,0.871,-0.348,5200,14.51,12.549,45,,,,,,,,,,,0.781,,
2026-09-28T16:30:52.561,449.564,0,1415.0,22,,96.906,0.0,26.5,-0.781,0.879,0.884,-0.309,4970,14.51,12.549,45,,,,,,,,,,,,12.941,
2026-09-28T16:30:52.691,449.694,0,1422.25,22,,96.906,0.0,19.0,0.0,0.88,0.893,-0.281,4740,14.51,12.549,45,,,,,,,,,,,,,485
2026-09-28T16:30:52.821,449.824,0,1405.25,22,,96.906,0.0,12.5,0.0,0.88,0.9,-0.262,4320,14.51,12.549,44,105,,,,,,,,,,,,
2026-09-28T16:30:52.951,449.954,0,1400.25,22,,96.906,0.0,8.0,0.0,0.881,0.906,-0.246,3860,14.51,12.549,44,,39,,,,,,,,,,,
2026-09-28T16:30:53.081,450.084,0,1387.25,22,,96.906,0.0,3.0,0.781,0.881,0.923,-0.203,3490,14.51,12.549,44,,,4.688,,,,,,,,,,
2026-09-28T16:30:53.211,450.214,0,1380.0,22,,96.906,0.0,-1.0,0.0,0.886,0.934,-0.18,3620,14.51,12.549,43,,,,13.886,,,,,,,,,
2026-09-28T16:30:53.341,450.344,0,1365.0,22,,96.906,0.0,-4.0,0.0,0.872,0.936,-0.176,4620,14.51,12.549,43,,,,,96,,,,,,,,
2026-09-28T16:30:53.471,450.474,0,1348.25,22,,96.906,0.0,-4.0,0.0,0.917,1.031,0.012,5620,14.51,12.549,43,,,,,,21,,,,,,,
2026-09-28T16:30:53.600,450.604,0,1330.5,22,,96.906,0.0,-4.0,0.0,0.954,1.348,0.328,7720,14.51,12.549,42,,,,,,,78.824,,,,,,
2026-09-28T16:30:53.731,450.734,0,1315.75,23,,97.125,0.0,-4.0,0.0,0.978,1.896,0.637,8670,14.51,12.549,42,,,,,,,,601.5,,,,,
2026-09-28T16:30:53.861,450.864,0,1315.25,24,,97.188,0.0,-4.0,0.0,1.016,2.0,0.859,9550,14.51,12.549,42,,,,,,,,,0.225,,,,
2026-09-28T16:30:53.991,450.994,0,1308.75,24,,97.219,0.0,-4.5,0.0,1.088,2.0,1.0,9700,14.51,12.549,41,,,,,,,,,,,0.781,,
2026-09-28T16:30:54.121,451.124,0,1296.0,24,,97.219,0.0,-4.5,0.0,1.151,2.0,1.078,9690,14.51,12.549,41,,,,,,,,,,,,13.333,
2026-09-28T16:30:54.251,451.254,0,1280.0,23,,97.219,0.0,-5.0,0.0,1.206,2.0,1.145,9670,14.51,12.549,40,,,,,,,,,,,,,486
2026-09-28T16:30:54.380,451.384,0,1268.25,24,,97.219,0.0,-5.0,0.0,1.264,2.0,1.184,9650,14.51,12.157,40,105,,,,,,,,,,,,
2026-09-28T16:30:54.511,451.515,0,1245.0,24,,97.219,0.0,-5.5,0.0,1.352,2.0,1.207,9640,14.51,12.157,39,,39,,,,,,,,,,,
2026-09-28T16:30:54.641,451.644,0,1220.25,24,,97.219,0.0,-6.0,0.0,1.437,2.0,1.23,9630,14.51,12.157,38,,,6.25,,,,,,,,,,
2026-09-28T16:30:54.771,451.774,0,1200.75,24,,97.219,0.0,-6.0,0.0,1.548,2.0,1.246,9620,14.51,12.157,38,,,,13.886,,,,,,,,,
2026-09-28T16:30:54.901,451.904,0,1178.5,24,,97.219,0.0,-6.5,0.0,1.645,2.0,1.25,9610,14.51,12.157,37,,,,,96,,,,,,,,
2026-09-28T16:30:55.031,452.034,0,1158.75,24,,97.219,0.0,-7.0,0.0,1.721,2.0,1.258,9600,14.51,12.157,36,,,,,,21,,,,,,,
2026-09-28T16:30:55.161,452.164,0,1137.75,24,,97.219,0.0,-7.0,0.0,1.758,2.0,1.266,9590,14.51,12.157,36,,,,,,,78.824,,,,,,
2026-09-28T16:30:55.291,452.294,0,1120.75,24,,97.219,0.0,-7.5,0.0,1.78,2.0,1.27,9580,14.51,12.157,35,,,,,,,,603.0,,,,,
2026-09-28T16:30:55.421,452.425,0,1092.75,24,,97.219,0.0,-7.5,0.0,1.789,2.0,1.27,9570,14.51,12.157,34,,,,,,,,,0.1,,,,
2026-09-28T16:30:55.551,452.554,0,1149.0,24,,97.219,0.0,-6.5,0.0,1.794,2.0,1.273,9560,14.51,12.157,33,,,,,,,,,,,0.781,,
2026-09-28T16:30:55.680,452.684,0,1237.5,24,,97.219,0.0,-5.0,0.0,1.797,2.0,1.277,9550,14.51,12.549,32,,,,,,,,,,,,13.333,
2026-09-28T16:30:55.811,452.815,0,1313.0,24,,97.219,0.0,-4.0,0.0,1.799,2.0,1.27,9540,14.51,12.549,31,,,,,,,,,,,,,488
2026-09-28T16:30:55.941,452.944,0,1370.5,23,,97.25,0.0,-3.0,0.0,1.799,2.0,1.273,9520,14.51,12.549,30,105,,,,,,,,,,,,
2026-09-28T16:30:56.071,453.074,0,1368.5,23,,97.25,0.0,-4.0,0.0,1.8,2.0,1.277,9520,14.51,12.549,29,,39,,,,,,,,,,,
2026-09-28T16:30:56.201,453.205,0,1326.25,24,,97.281,0.0,-4.0,0.0,1.8,2.0,1.281,9500,14.51,12.157,28,,,6.25,,,,,,,,,,
2026-09-28T16:30:56.331,453.334,0,1282.75,24,,97.469,0.0,-5.0,0.0,1.8,2.0,1.281,9500,14.51,12.157,27,,,,13.945,,,,,,,,,
2026-09-28T16:30:56.461,453.464,0,1242.25,23,,97.438,0.0,-5.5,0.0,1.8,2.0,1.281,9500,14.51,12.157,26,,,,,96,,,,,,,,
2026-09-28T16:30:56.591,453.594,0,1193.0,24,,97.375,0.0,-6.5,0.0,1.8,2.0,1.285,9490,14.51,12.157,25,,,,,,21,,,,,,,
2026-09-28T16:30:56.721,453.724,0,1148.5,24,,97.344,0.0,-7.0,0.0,1.8,2.0,1.281,9480,14.51,12.157,24,,,,,,,78.824,,,,,,
2026-09-28T16:30:56.851,453.854,0,1201.75,23,,97.281,0.0,-6.0,0.0,1.8,2.0,1.281,9470,14.51,12.549,23,,,,,,,,604.6,,,,,
2026-09-28T16:30:56.981,453.984,0,1270.5,23,,97.375,0.0,-4.5,0.0,1.8,2.0,1.281,9460,14.51,12.549,22,,,,,,,,,0.095,,,,
2026-09-28T16:30:57.111,454.114,0,1335.0,24,,97.438,0.0,-4.0,0.0,1.8,2.0,1.281,9450,14.51,12.549,21,,,,,,,,,,,0.781,,
2026-09-28T16:30:57.241,454.244,0,1387.5,23,,97.438,0.0,-3.0,0.0,1.8,2.0,1.281,9450,14.51,12.549,20,,,,,,,,,,,,12.941,
2026-09-28T16:30:57.371,454.374,0,1426.75,23,,97.5,0.0,-2.5,0.0,1.8,2.0,1.281,9440,14.51,12.549,19,,,,,,,,,,,,,489
2026-09-28T16:30:57.501,454.504,0,1338.0,23,,97.531,0.0,-4.5,0.0,1.8,2.0,1.285,9430,14.51,12.157,18,106,,,,,,,,,,,,
2026-09-28T16:30:57.632,454.635,0,1283.75,24,,97.531,0.0,-5.0,0.0,1.8,2.0,1.285,9420,14.51,12.157,17,,39,,,,,,,,,,,
2026-09-28T16:30:57.761,454.765,0,1215.5,23,,97.531,0.0,-6.0,0.0,1.8,2.0,1.285,9420,14.51,12.157,16,,,7.031,,,,,,,,,,
2026-09-28T16:30:57.891,454.894,0,1157.5,24,,97.531,0.0,-7.0,0.0,1.8,2.0,1.289,9410,14.51,12.157,15,,,,13.906,,,,,,,,,
2026-09-28T16:30:58.021,455.024,0,1095.5,23,,97.531,11.765,-8.5,0.0,1.788,2.0,1.281,9390,14.51,11.765,14,,,,,96,,,,,,,,
2026-09-28T16:30:58.151,455.154,0,1040.5,23,,97.5,12.549,-9.5,0.0,1.865,2.0,1.301,9540,14.51,11.765,14,,,,,,21,,,,,,,
2026-09-28T16:30:58.281,455.284,0,996.75,23,,97.406,12.157,-5.5,0.0,1.692,2.0,1.207,9390,14.51,11.765,13,,,,,,,78.824,,,,,,
2026-09-28T16:30:58.411,455.414,0,968.25,23,,97.281,12.941,7.5,0.0,1.438,2.0,0.996,9140,14.51,11.765,13,,,,,,,,605.2,,,,,
2026-09-28T16:30:58.541,455.544,0,961.75,23,,97.219,12.157,8.5,0.0,1.292,2.0,0.828,8930,14.51,12.157,12,,,,,,,,,0.1,,,,
2026-09-28T16:30:58.673,455.676,0,928.5,24,,97.25,13.725,7.5,0.0,1.164,1.798,0.594,8550,14.51,12.549,12,,,,,,,,,,,0.781,,
2026-09-28T16:30:58.801,455.805,0,883.5,25,,97.219,14.51,1.0,0.0,1.077,1.334,0.316,8240,14.51,12.549,11,,,,,,,,,,,,18.824,
2026-09-28T16:30:58.931,455.934,0,850.0,28,,97.219,18.431,3.0,0.0,1.007,1.178,0.172,7770,14.51,12.941,11,,,,,,,,,,,,,491
2026-09-28T16:30:59.061,456.064,0,845.75,33,,97.219,20.0,-3.0,0.0,0.967,1.096,0.086,7260,14.51,12.157,10,105,,,,,,,,,,,,
2026-09-28T16:30:59.191,456.194,0,859.5,32,,97.219,19.216,-2.5,0.0,0.94,1.043,0.027,6780,14.51,12.941,10,,39,,,,,,,,,,,
2026-09-28T16:30:59.321,456.325,0,873.75,31,,97.094,20.0,-4.0,0.0,0.926,1.02,0.0,6410,14.51,12.549,9,,,4.688,,,,,,,,,,
2026-09-28T16:30:59.451,456.454,0,885.5,31,,96.938,19.216,-5.0,0.0,0.917,0.995,-0.035,5930,14.51,12.549,8,,,,13.886,,,,,,,,,
2026-09-28T16:30:59.580,456.584,0,890.0,31,,96.906,18.431,-3.5,3.125,0.912,0.982,-0.066,5450,14.51,12.549,8,,,,,96,,,,,,,,
2026-09-28T16:30:59.711,456.714,0,895.25,30,,96.906,18.039,-1.0,3.906,0.909,0.97,-0.098,5020,14.51,12.941,7,,,,,,21,,,,,,,
2026-09-28T16:30:59.841,456.844,0,896.25,31,,96.906,19.216,-2.5,3.125,0.907,0.944,-0.156,4690,14.51,12.549,7,,,,,,,78.824,,,,,,
2026-09-28T16:30:59.971,456.974,0,891.25,30,,96.906,18.039,-0.5,2.344,0.906,0.921,-0.207,4430,14.51,12.549,6,,,,,,,,602.5,,,,,
2026-09-28T16:31:00.101,457.104,0,883.75,31,,96.906,18.824,-1.5,1.562,0.906,0.902,-0.254,4280,14.51,13.333,6,,,,,,,,,0.155,,,,
2026-09-28T16:31:00.231,457.234,0,873.0,31,,96.875,20.392,-2.5,1.562,0.906,0.903,-0.254,4060,14.51,12.549,5,,,,,,,,,,,0.781,,
2026-09-28T16:31:00.361,457.364,0,868.75,33,,96.906,20.0,-3.0,1.562,0.905,0.912,-0.23,3860,14.51,12.549,5,,,,,,,,,,,,21.569,
2026-09-28T16:31:00.491,457.494,0,868.5,33,,96.906,20.392,-8.5,2.344,0.904,0.92,-0.211,3710,14.51,12.549,4,,,,,,,,,,,,,492
2026-09-28T16:31:00.621,457.625,0,854.5,33,,96.906,19.608,-4.0,2.344,0.904,0.922,-0.207,3610,14.51,12.549,4,106,,,,,,,,,,,,
2026-09-28T16:31:00.751,457.754,0,838.75,31,,96.906,19.216,2.0,3.125,0.903,0.915,-0.223,3490,14.51,12.549,4,,39,,,,,,,,,,,
2026-09-28T16:31:00.881,457.884,0,827.5,32,,96.906,20.0,4.0,2.344,0.902,0.904,-0.25,3450,14.51,12.549,3,,,4.688,,,,,,,,,,
2026-09-28T16:31:01.011,458.014,0,831.0,33,,96.875,20.784,3.0,1.562,0.901,0.896,-0.273,3550,14.51,12.941,3,,,,13.925,,,,,,,,,
2026-09-28T16:31:01.141,458.144,0,853.25,34,,96.844,21.569,-2.5,1.562,0.9,0.894,-0.277,3800,14.51,12.941,3,,,,,96,,,,,,,,
2026-09-28T16:31:01.271,458.274,0,865.25,34,,96.844,21.176,-1.5,1.562,0.898,0.893,-0.281,4080,14.51,12.941,2,,,,,,21,,,,,,,
2026-09-28T16:31:01.401,458.404,0,865.0,34,,96.875,21.176,-2.5,1.562,0.897,0.889,-0.293,4260,14.51,12.941,2,,,,,,,78.824,,,,,,
2026-09-28T16:31:01.531,458.534,0,858.5,35,,96.875,22.353,-4.0,0.781,0.896,0.882,-0.312,4620,14.51,12.941,2,,,,,,,,598.9,,,,,
2026-09-28T16:31:01.661,458.664,0,842.75,36,,96.75,22.353,-2.0,0.781,0.895,0.878,-0.324,4890,14.51,12.941,2,,,,,,,,,0.19,,,,
2026-09-28T16:31:01.791,458.794,0,832.5,35,,96.75,22.745,0.0,0.781,0.893,0.871,-0.344,5000,14.51,12.941,1,,,,,,,,,,,0.781,,
2026-09-28T16:31:01.921,458.924,0,825.25,36,,96.844,23.529,0.5,0.0,0.891,0.867,-0.359,5040,14.51,12.941,1,,,,,,,,,,,,24.706,
2026-09-28T16:31:02.051,459.054,0,825.25,37,,96.719,23.529,-1.0,0.0,0.89,0.868,-0.355,5210,14.51,12.941,1,,,,,,,,,,,,,494
2026-09-28T16:31:02.180,459.184,0,831.75,37,,96.75,23.529,-3.5,0.0,0.888,0.869,-0.352,5290,14.51,12.549,1,106,,,,,,,,,,,,
2026-09-28T16:31:02.311,459.314,0,830.0,37,,96.844,22.745,1.5,0.0,0.886,0.867,-0.355,5240,14.51,12.941,1,,39,,,,,,,,,,,
2026-09-28T16:31:02.440,459.444,0,827.75,37,,96.781,23.137,1.0,0.0,0.884,0.869,-0.352,5250,14.51,12.941,0,,,3.906,,,,,,,,,,
2026-09-28T16:31:02.571,459.574,0,827.25,37,,96.688,23.529,-2.5,0.0,0.883,0.873,-0.34,5280,14.51,12.549,0,,,,13.828,,,,,,,,,
2026-09-28T16:31:02.701,459.704,0,824.0,37,,96.812,23.529,-1.0,0.0,0.882,0.877,-0.328,5330,14.51,12.549,0,,,,,96,,,,,,,,
2026-09-28T16:31:02.831,459.834,0,824.0,36,,96.812,22.745,1.0,0.0,0.881,0.875,-0.336,5160,14.51,12.549,0,,,,,,21,,,,,,,
2026-09-28T16:31:02.960,459.964,0,824.5,36,,96.812,22.745,2.0,0.0,0.881,0.874,-0.34,4960,14.51,12.941,0,,,,,,,78.824,,,,,,
2026-09-28T16:31:03.091,460.094,0,823.5,36,,96.688,23.529,-0.5,0.0,0.88,0.876,-0.328,4960,14.51,12.549,0,,,,,,,,594.8,,,,,
2026-09-28T16:31:03.220,460.224,0,825.25,37,,96.812,22.745,-1.0,0.0,0.88,0.88,-0.316,5020,14.51,12.549,0,,,,,,,,,0.205,,,,
2026-09-28T16:31:03.351,460.354,0,827.5,35,,96.719,21.961,1.0,0.0,0.88,0.879,-0.32,4910,14.51,12.941,0,,,,,,,,,,,0.781,,
2026-09-28T16:31:03.481,460.484,0,828.0,35,,96.75,22.745,-1.5,0.0,0.88,0.875,-0.332,4730,14.51,12.549,0,,,,,,,,,,,,23.529,
2026-09-28T16:31:03.611,460.614,0,828.5,36,,96.812,22.353,0.0,0.0,0.88,0.88,-0.32,4650,14.51,12.549,0,,,,,,,,,,,,,495
2026-09-28T16:31:03.740,460.744,0,831.5,35,,96.75,21.961,0.0,0.0,0.88,0.88,-0.32,4490,14.51,12.549,0,106,,,,,,,,,,,,
2026-09-28T16:31:03.871,460.874,0,831.0,34,,96.75,21.569,1.0,0.0,0.88,0.881,-0.316,4330,14.51,12.549,0,,39,,,,,,,,,,,
2026-09-28T16:31:04.000,461.004,0,830.25,34,,96.688,21.569,1.5,0.781,0.88,0.882,-0.312,4220,14.51,12.549,0,,,4.688,,,,,,,,,,
2026-09-28T16:31:04.131,461.134,0,827.0,34,,96.688,21.569,0.5,0.0,0.88,0.88,-0.316,4170,14.51,12.549,0,,,,13.847,,,,,,,,,
2026-09-28T16:31:04.260,461.264,0,827.0,35,,96.625,21.569,-0.5,0.0,0.88,0.881,-0.316,4200,14.51,12.549,0,,,,,96,,,,,,,,
2026-09-28T16:31:04.390,461.394,0,830.75,35,,96.719,21.569,-1.0,0.0,0.88,0.88,-0.32,4230,14.51,12.549,0,,,,,,21,,,,,,,
2026-09-28T16:31:04.520,461.524,0,833.0,34,,96.688,21.569,-1.0,0.0,0.88,0.88,-0.32,4310,14.51,12.549,0,,,,,,,78.824,,,,,,
2026-09-28T16:31:04.650,461.654,0,832.25,34,,96.719,21.176,-0.5,0.0,0.88,0.876,-0.332,4310,14.51,12.549,0,,,,,,,,590.6,,,,,
2026-09-28T16:31:04.781,461.784,0,832.5,34,,96.719,21.176,0.0,0.0,0.88,0.872,-0.344,4250,14.51,12.549,0,,,,,,,,,0.215,,,,
2026-09-28T16:31:04.911,461.914,0,832.0,34,,96.656,21.176,0.5,0.0,0.88,0.874,-0.336,4180,14.51,12.549,0,,,,,,,,,,,0.781,,
2026-09-28T16:31:05.041,462.044,0,831.0,34,,96.656,21.176,0.5,0.0,0.881,0.876,-0.332,4150,14.51,12.549,0,,,,,,,,,,,,22.353,
2026-09-28T16:31:05.173,462.176,0,834.0,34,,96.719,21.176,0.5,0.0,0.881,0.882,-0.316,4170,14.51,12.549,0,,,,,,,,,,,,,497
2026-09-28T16:31:05.300,462.303,0,835.0,34,,96.688,21.176,-15.0,0.0,0.888,0.883,-0.309,4180,14.51,10.196,0,106,,,,,,,,,,,,
2026-09-28T16:31:05.430,462.434,0,809.75,34,,96.844,12.549,-8.5,0.0,0.868,0.879,-0.32,4320,14.51,10.196,0,,39,,,,,,,,,,,
2026-09-28T16:31:05.560,462.563,0,625.0,23,,96.812,9.804,-10.5,0.0,0.886,1.073,0.059,4480,14.51,10.196,0,,,12.5,,,,,,,,,,
2026-09-28T16:31:05.691,462.694,0,493.0,22,,96.844,9.804,-11.5,0.0,0.92,1.226,0.219,4480,14.51,10.196,0,,,,12.617,,,,,,,,,
2026-09-28T16:31:05.820,462.823,0,416.25,23,,96.844,15.294,-11.5,0.0,0.937,1.328,0.312,4480,14.51,12.157,0,,,,,96,,,,,,,,
2026-09-28T16:31:05.950,462.954,0,322.0,24,,96.875,15.294,-11.5,0.0,0.951,1.34,0.32,4480,14.51,13.725,0,,,,,,21,,,,,,,
2026-09-28T16:31:06.081,463.084,0,322.0,24,,96.875,15.294,30.0,0.0,0.959,1.318,0.305,4480,14.51,13.333,0,,,,,,,78.824,,,,,,
2026-09-28T16:31:06.211,463.214,0,0.0,67,,96.594,0.0,0.0,0.0,0.959,1.317,0.301,4480,14.51,13.333,0,,,,,,,,589.5,,,,,
2026-09-28T16:31:06.341,463.344,0,0.0,92,,96.656,0.0,0.0,0.0,0.959,1.317,0.301,4490,14.51,13.333,0,,,,,,,,,0.22,,,,
2026-09-28T16:31:06.471,463.474,0,0.0,96,,96.812,0.0,0.0,0.0,0.959,1.323,0.309,4490,14.51,13.333,0,,,,,,,,,,,0.781,,
2026-09-28T16:31:06.601,463.604,0,0.0,97,,96.75,0.0,0.0,0.0,0.959,1.33,0.312,4480,14.51,13.333,0,,,,,,,,,,,,0.0,
2026-09-28T16:31:06.731,463.734,0,0.0,97,,96.656,0.0,0.0,0.0,0.959,1.338,0.32,4480,14.51,13.333,0,,,,,,,,,,,,,499
2026-09-28T16:31:06.860,463.864,0,0.0,97,,96.688,0.0,0.0,0.0,0.959,1.345,0.324,4490,14.51,13.333,0,106,,,,,,,,,,,,
2026-09-28T16:31:06.991,463.994,0,0.0,97,,96.688,0.0,0.0,0.0,0.959,1.353,0.332,4480,14.51,13.333,0,,41,,,,,,,,,,,
2026-09-28T16:31:07.120,464.124,0,0.0,97,,96.656,0.0,-0.5,0.0,0.959,1.359,0.336,4480,14.51,13.333,0,,,8.594,,,,,,,,,,
2026-09-28T16:31:07.251,464.254,0,0.0,97,,96.562,0.0,-0.5,0.0,0.959,1.367,0.344,4460,14.51,13.333,0,,,,12.519,,,,,,,,,
2026-09-28T16:31:07.380,464.384,0,0.0,97,,96.594,0.0,-0.5,0.0,0.959,1.37,0.344,4470,14.51,13.333,0,,,,,96,,,,,,,,
2026-09-28T16:31:07.511,464.514,0,0.0,97,,96.562,0.0,-0.5,0.0,0.959,1.374,0.348,4470,14.51,13.333,0,,,,,,21,,,,,,,
2026-09-28T16:31:07.641,464.644,0,0.0,97,,96.594,0.0,-0.5,0.0,0.959,1.378,0.352,4470,14.51,13.333,0,,,,,,,78.824,,,,,,
2026-09-28T16:31:07.772,464.775,0,0.0,97,,96.594,0.0,-0.5,0.0,0.959,1.374,0.348,4460,14.51,13.333,0,,,,,,,,589.3,,,,,
2026-09-28T16:31:07.901,464.904,0,0.0,97,,96.656,0.0,-0.5,0.0,0.959,1.366,0.344,4470,14.51,13.333,0,,,,,,,,,0.215,,,,
2026-09-28T16:31:08.031,465.034,0,0.0,97,,96.594,0.0,-0.5,0.0,0.959,1.363,0.34,4470,14.51,13.333,0,,,,,,,,,,,0.781,,
2026-09-28T16:31:08.161,465.164,0,0.0,97,,96.594,0.0,-1.0,0.0,0.959,1.361,0.336,4470,14.51,13.333,0,,,,,,,,,,,,0.0,
2026-09-28T16:31:08.291,465.294,0,0.0,97,,96.656,0.0,-1.0,0.0,0.959,1.358,0.336,4470,14.51,13.333,0,,,,,,,,,,,,,500
2026-09-28T16:31:08.421,465.424,0,0.0,97,,96.562,0.0,-1.0,0.0,0.959,1.356,0.332,4460,14.51,13.333,0,106,,,,,,,,,,,,
2026-09-28T16:31:08.551,465.554,0,0.0,97,,96.594,0.0,-1.0,0.0,0.959,1.354,0.332,4460,14.51,13.333,0,,41,,,,,,,,,,,
2026-09-28T16:31:08.680,465.684,0,0.0,97,,96.594,0.0,-1.0,0.0,0.959,1.35,0.328,4460,14.51,13.333,0,,,8.594,,,,,,,,,,
2026-09-28T16:31:08.811,465.814,0,0.0,97,,96.562,0.0,-1.0,0.0,0.959,1.345,0.324,4460,14.51,13.333,0,,,,12.5,,,,,,,,,
2026-09-28T16:31:08.941,465.944,0,0.0,97,,96.562,0.0,-1.0,0.0,0.959,1.339,0.32,4460,14.51,13.333,0,,,,,96,,,,,,,,
2026-09-28T16:31:09.071,466.074,0,0.0,97,,96.562,0.0,-1.0,0.0,0.959,1.332,0.316,4460,14.51,12.157,0,,,,,,21,,,,,,,
2026-09-28T16:31:09.200,466.204,0,0.0,97,,96.594,0.0,-1.5,0.0,0.959,1.326,0.309,4460,14.51,15.686,0,,,,,,,78.824,,,,,,
2026-09-28T16:31:09.331,466.334,0,0.0,97,,96.562,0.0,-1.5,0.0,0.959,1.32,0.305,4460,14.51,15.686,0,,,,,,,,589.0,,,,,
2026-09-28T16:31:09.460,466.464,0,0.0,97,,96.562,0.0,-1.5,0.0,0.959,1.316,0.301,4460,14.51,15.686,0,,,,,,,,,0.215,,,,
2026-09-28T16:31:09.591,466.594,0,0.0,97,,96.562,0.0,-1.5,0.0,0.959,1.311,0.297,4450,14.51,15.686,0,,,,,,,,,,,0.781,,
2026-09-28T16:31:09.720,466.724,0,0.0,97,,96.562,0.0,-1.5,0.0,0.959,1.306,0.293,4450,14.51,15.686,0,,,,,,,,,,,,0.0,
2026-09-28T16:31:09.851,466.854,0,0.0,97,,96.562,0.0,-1.5,0.0,0.959,1.302,0.289,4450,14.51,15.686,0,,,,,,,,,,,,,502
2026-09-28T16:31:09.981,466.984,0,0.0,97,,96.562,0.0,-1.5,0.0,0.959,1.298,0.285,4440,14.51,15.686,0,106,,,,,,,,,,,,
2026-09-28T16:31:10.111,467.114,0,0.0,97,,96.594,0.0,-2.0,0.0,0.959,1.293,0.281,4440,14.51,15.686,0,,41,,,,,,,,,,,
2026-09-28T16:31:10.240,467.244,0,0.0,97,,96.562,0.0,-2.0,0.0,0.959,1.29,0.277,4440,14.51,15.686,0,,,8.594,,,,,,,,,,
2026-09-28T16:31:10.371,467.374,0,0.0,97,,96.562,0.0,-2.0,0.0,0.959,1.286,0.277,4440,14.51,15.686,0,,,,12.441,,,,,,,,,
2026-09-28T16:31:10.500,467.504,0,0.0,97,,96.594,0.0,-2.0,0.0,0.959,1.284,0.273,4440,14.51,15.686,0,,,,,96,,,,,,,,
2026-09-28T16:31:10.630,467.634,0,0.0,97,,96.562,0.0,-2.0,0.0,0.959,1.283,0.273,4430,14.51,15.686,0,,,,,,21,,,,,,,
2026-09-28T16:31:10.760,467.764,0,0.0,97,,96.562,0.0,-2.0,0.0,0.959,1.279,0.27,4430,14.51,15.686,0,,,,,,,78.824,,,,,,
2026-09-28T16:31:10.891,467.894,0,0.0,97,,96.562,0.0,-2.0,0.0,0.959,1.277,0.27,4420,14.51,15.686,0,,,,,,,,588.5,,,,,
2026-09-28T16:31:11.021,468.024,0,0.0,97,,96.562,0.0,-2.0,0.0,0.959,1.275,0.266,4420,14.51,15.686,0,,,,,,,,,0.21,,,,
2026-09-28T16:31:11.150,468.154,0,0.0,97,,96.562,0.0,-2.5,0.0,0.959,1.275,0.266,4420,14.51,15.686,0,,,,,,,,,,,0.781,,
2026-09-28T16:31:11.280,468.284,0,0.0,97,,96.562,0.0,-2.5,0.0,0.959,1.274,0.266,4420,14.51,15.686,0,,,,,,,,,,,,0.0,
2026-09-28T16:31:11.411,468.414,0,0.0,97,,96.562,0.0,-2.5,0.0,0.959,1.272,0.262,4420,14.51,15.686,0,,,,,,,,,,,,,503
2026-09-28T16:31:11.540,468.544,0,0.0,97,,96.562,0.0,-2.5,0.0,0.959,1.271,0.262,4420,14.51,15.686,0,106,,,,,,,,,,,,
2026-09-28T16:31:11.673,468.676,0,0.0,97,,96.594,0.0,-2.5,0.0,0.959,1.27,0.262,4410,14.51,15.686,0,,41,,,,,,,,,,,
2026-09-28T16:31:11.800,468.804,0,0.0,97,,96.562,0.0,-2.5,0.0,0.959,1.267,0.258,4410,14.51,15.686,0,,,8.594,,,,,,,,,,
2026-09-28T16:31:11.931,468.934,0,0.0,97,,96.562,0.0,-2.5,0.0,0.959,1.264,0.254,4420,14.51,15.686,0,,,,12.441,,,,,,,,,
2026-09-28T16:31:12.060,469.064,0,0.0,97,,96.562,0.0,-2.5,0.0,0.959,1.262,0.254,4400,14.51,15.686,0,,,,,96,,,,,,,,
2026-09-28T16:31:12.191,469.194,0,0.0,97,,96.562,0.0,-3.5,0.0,0.959,1.259,0.25,4400,14.51,15.686,0,,,,,,21,,,,,,,
2026-09-28T16:31:12.320,469.324,0,0.0,97,,96.562,0.0,-3.5,0.0,0.959,1.258,0.25,4390,14.51,15.686,0,,,,,,,78.824,,,,,,
2026-09-28T16:31:12.451,469.454,0,0.0,97,,96.562,0.0,-3.5,0.0,0.959,1.257,0.25,4400,14.51,15.686,0,,,,,,,,588.3,,,,,
2026-09-28T16:31:12.580,469.584,0,0.0,97,,96.562,0.0,-3.5,0.0,0.959,1.254,0.246,4400,14.51,15.686,0,,,,,,,,,0.21,,,,
2026-09-28T16:31:12.711,469.714,0,0.0,97,,96.562,0.0,-3.5,0.0,0.959,1.251,0.242,4390,14.51,15.686,0,,,,,,,,,,,0.781,,
2026-09-28T16:31:12.841,469.844,0,0.0,97,,96.562,0.0,-3.5,0.0,0.959,1.248,0.242,4390,14.51,15.686,0,,,,,,,,,,,,0.0,
2026-09-28T16:31:12.971,469.975,0,0.0,97,,96.562,0.0,-3.5,0.0,0.959,1.245,0.238,4390,14.51,15.686,0,,,,,,,,,,,,,505
2026-09-28T16:31:13.100,470.104,0,0.0,97,,96.594,0.0,-3.5,0.0,0.959,1.241,0.234,4380,14.51,15.686,0,106,,,,,,,,,,,,
2026-09-28T16:31:13.231,470.234,0,0.0,97,,96.562,0.0,-4.0,0.0,0.959,1.239,0.234,4390,14.51,15.686,0,,41,,,,,,,,,,,
2026-09-28T16:31:13.360,470.364,0,0.0,97,,96.562,0.0,-4.0,0.0,0.959,1.236,0.23,4380,14.51,15.686,0,,,8.594,,,,,,,,,,
2026-09-28T16:31:13.491,470.494,0,0.0,97,,96.562,0.0,-4.0,0.0,0.959,1.233,0.227,4370,14.51,15.686,0,,,,12.441,,,,,,,,,
2026-09-28T16:31:13.620,470.624,0,0.0,97,,96.562,0.0,-4.0,0.0,0.959,1.231,0.227,4380,14.51,15.686,0,,,,,96,,,,,,,,
2026-09-28T16:31:13.750,470.754,0,0.0,97,,96.562,0.0,-4.0,0.0,0.959,1.23,0.223,4370,14.51,15.686,0,,,,,,21,,,,,,,
2026-09-28T16:31:13.880,470.884,0,0.0,97,,96.562,0.0,-4.0,0.0,0.959,1.229,0.223,4360,14.51,15.686,0,,,,,,,78.824,,,,,,
2026-09-28T16:31:14.011,471.014,0,0.0,97,,96.562,0.0,-4.0,0.0,0.959,1.228,0.223,4370,14.51,15.686,0,,,,,,,,587.8,,,,,
2026-09-28T16:31:14.140,471.144,0,0.0,97,,96.562,0.0,-5.0,0.0,0.959,1.228,0.223,4370,14.51,15.686,0,,,,,,,,,0.21,,,,
2026-09-28T16:31:14.272,471.275,0,0.0,97,,96.562,0.0,-5.0,0.0,0.959,1.228,0.223,4360,14.51,15.686,0,,,,,,,,,,,0.781,,
2026-09-28T16:31:14.400,471.404,0,0.0,97,,96.562,0.0,-5.0,0.0,0.959,1.227,0.223,4360,14.51,15.686,0,,,,,,,,,,,,0.0,
2026-09-28T16:31:14.531,471.534,0,0.0,97,,96.594,0.0,-5.0,0.0,0.959,1.226,0.219,4360,14.51,15.686,0,,,,,,,,,,,,,506
2026-09-28T16:31:14.660,471.664,0,0.0,97,,96.562,0.0,-5.0,0.0,0.959,1.225,0.219,4360,14.51,15.686,0,106,,,,,,,,,,,,
2026-09-28T16:31:14.791,471.794,0,0.0,97,,96.562,0.0,-5.0,0.0,0.959,1.223,0.219,4360,14.51,15.686,0,,41,,,,,,,,,,,
2026-09-28T16:31:14.920,471.924,0,0.0,97,,96.562,0.0,-5.0,0.0,0.959,1.221,0.215,4360,14.51,15.686,0,,,8.594,,,,,,,,,,
2026-09-28T16:31:15.060,472.064,0,0.0,97,,96.594,0.0,-5.0,0.0,0.959,1.22,0.215,4360,14.51,15.686,0,,,,12.402,,,,,,,,,
2026-09-28T16:31:15.191,472.194,0,0.0,97,,96.562,0.0,-5.5,0.0,0.959,1.219,0.215,4350,14.51,15.686,0,,,,,96,,,,,,,,
2026-09-28T16:31:15.320,472.324,0,0.0,97,,96.562,0.0,-5.5,0.0,0.959,1.219,0.215,4360,14.51,15.686,0,,,,,,21,,,,,,,
2026-09-28T16:31:15.451,472.454,0,0.0,97,,96.594,0.0,-5.5,0.0,0.959,1.219,0.215,4350,14.51,15.686,0,,,,,,,78.824,,,,,,
2026-09-28T16:31:15.581,472.584,0,0.0,97,,96.562,0.0,-5.5,0.0,0.959,1.219,0.215,4340,14.51,15.686,0,,,,,,,,587.5,,,,,
2026-09-28T16:31:15.711,472.714,0,0.0,97,,96.562,0.0,-5.5,0.0,0.959,1.218,0.211,4340,14.51,15.686,0,,,,,,,,,0.21,,,,
2026-09-28T16:31:15.840,472.844,0,0.0,97,,96.562,0.0,-5.5,0.0,0.959,1.219,0.215,4350,14.51,15.686,0,,,,,,,,,,,0.781,,
2026-09-28T16:31:15.971,472.975,0,0.0,97,,96.562,0.0,-5.5,0.0,0.959,1.218,0.211,4340,14.51,15.686,0,,,,,,,,,,,,0.0,
2026-09-28T16:31:16.100,473.104,0,0.0,97,,96.562,0.0,-5.5,0.0,0.959,1.217,0.211,4330,14.51,15.686,0,,,,,,,,,,,,,508
2026-09-28T16:31:16.230,473.234,0,0.0,97,,96.562,0.0,-6.0,0.0,0.959,1.215,0.211,4330,14.51,15.686,0,106,,,,,,,,,,,,
2026-09-28T16:31:16.360,473.364,0,0.0,97,,96.562,0.0,-6.0,0.0,0.959,1.214,0.207,4330,14.51,15.686,0,,41,,,,,,,,,,,
2026-09-28T16:31:16.491,473.494,0,0.0,97,,96.562,0.0,-6.0,0.0,0.959,1.213,0.207,4330,14.51,15.686,0,,,8.594,,,,,,,,,,
2026-09-28T16:31:16.620,473.624,0,0.0,97,,96.562,0.0,-6.0,0.0,0.959,1.213,0.207,4330,14.51,15.686,0,,,,12.421,,,,,,,,,
2026-09-28T16:31:16.750,473.754,0,0.0,97,,96.562,0.0,-6.0,0.0,0.959,1.212,0.207,4330,14.51,15.686,0,,,,,96,,,,,,,,
2026-09-28T16:31:16.880,473.884,0,0.0,97,,96.562,0.0,-6.0,0.0,0.959,1.211,0.207,4330,14.51,15.686,0,,,,,,21,,,,,,,
2026-09-28T16:31:17.011,474.014,0,0.0,97,,96.562,0.0,-6.0,0.0,0.959,1.21,0.203,4330,14.51,15.686,0,,,,,,,78.824,,,,,,
2026-09-28T16:31:17.140,474.144,0,0.0,97,,96.594,0.0,-7.0,0.0,0.959,1.209,0.203,4320,14.51,15.686,0,,,,,,,,587.0,,,,,
2026-09-28T16:31:17.272,474.275,0,0.0,97,,96.562,0.0,-7.0,0.0,0.959,1.208,0.203,4330,14.51,15.686,0,,,,,,,,,0.21,,,,
2026-09-28T16:31:17.400,474.404,0,0.0,97,,96.562,0.0,-7.0,0.0,0.959,1.208,0.203,4310,14.51,15.686,0,,,,,,,,,,,0.781,,
2026-09-28T16:31:17.531,474.534,0,0.0,97,,96.562,0.0,-7.0,0.0,0.959,1.208,0.203,4320,14.51,15.686,0,,,,,,,,,,,,0.0,
2026-09-28T16:31:17.660,474.664,0,0.0,97,,96.562,0.0,-7.0,0.0,0.959,1.207,0.203,4310,14.51,15.686,0,,,,,,,,,,,,,510
2026-09-28T16:31:17.791,474.794,0,0.0,97,,96.562,0.0,-7.0,0.0,0.959,1.206,0.199,4310,14.51,15.686,0,106,,,,,,,,,,,,
2026-09-28T16:31:17.921,474.924,0,0.0,97,,96.562,0.0,-7.0,0.0,0.959,1.206,0.199,4310,14.51,15.686,0,,41,,,,,,,,,,,
2026-09-28T16:31:18.051,475.054,0,0.0,97,,96.562,0.0,-7.0,0.0,0.959,1.207,0.203,4300,14.51,15.686,0,,,8.594,,,,,,,,,,
2026-09-28T16:31:18.180,475.184,0,0.0,97,,96.562,0.0,-7.0,0.0,0.959,1.208,0.203,4290,14.51,15.686,0,,,,12.382,,,,,,,,,
2026-09-28T16:31:18.311,475.314,0,0.0,97,,96.562,0.0,-7.0,0.0,0.959,1.208,0.203,4300,14.51,15.686,0,,,,,96,,,,,,,,
2026-09-28T16:31:18.441,475.444,0,0.0,97,,96.562,0.0,-7.0,0.0,0.959,1.208,0.203,4290,14.51,15.686,0,,,,,,21,,,,,,,
2026-09-28T16:31:18.571,475.575,0,0.0,97,,96.562,0.0,-7.0,0.0,0.959,1.209,0.203,4290,14.51,15.686,0,,,,,,,78.824,,,,,,
2026-09-28T16:31:18.700,475.704,0,0.0,97,,96.562,0.0,-7.0,0.0,0.959,1.21,0.203,4300,14.51,15.686,0,,,,,,,,586.5,,,,,
2026-09-28T16:31:18.831,475.834,0,0.0,97,,96.562,0.0,-7.0,0.0,0.959,1.211,0.207,4290,14.51,15.686,0,,,,,,,,,0.205,,,,
2026-09-28T16:31:18.960,475.964,0,0.0,97,,96.562,0.0,-7.0,0.0,0.959,1.213,0.207,4290,14.51,15.686,0,,,,,,,,,,,0.781,,
2026-09-28T16:31:19.091,476.094,0,0.0,97,,96.562,0.0,-7.0,0.0,0.959,1.213,0.207,4280,14.51,15.686,0,,,,,,,,,,,,0.0,
2026-09-28T16:31:19.220,476.224,0,0.0,97,,96.562,0.0,-7.0,0.0,0.959,1.213,0.207,4290,14.51,15.686,0,,,,,,,,,,,,,511
2026-09-28T16:31:19.351,476.354,0,0.0,97,,96.562,0.0,-7.0,0.0,0.959,1.215,0.211,4290,14.51,15.686,0,106,,,,,,,,,,,,
2026-09-28T16:31:19.481,476.484,0,0.0,97,,96.562,0.0,-7.0,0.0,0.959,1.217,0.211,4280,14.51,15.686,0,,41,,,,,,,,,,,
2026-09-28T16:31:19.611,476.614,0,0.0,97,,96.594,0.0,-7.0,0.0,0.959,1.218,0.211,4280,14.51,15.686,0,,,8.594,,,,,,,,,,
2026-09-28T16:31:19.740,476.744,0,0.0,97,,96.562,0.0,-7.0,0.0,0.959,1.22,0.215,4260,14.51,15.686,0,,,,12.402,,,,,,,,,
2026-09-28T16:31:19.872,476.875,0,0.0,97,,96.562,0.0,-7.0,0.0,0.959,1.221,0.215,4270,14.51,15.686,0,,,,,96,,,,,,,,
2026-09-28T16:31:20.001,477.004,0,0.0,97,,96.562,0.0,-7.0,0.0,0.959,1.223,0.219,4260,14.51,15.686,0,,,,,,21,,,,,,,
2026-09-28T16:31:20.140,477.144,0,0.0,97,,96.562,0.0,-7.0,0.0,0.959,1.225,0.219,4260,14.51,15.686,0,,,,,,,78.824,,,,,,
2026-09-28T16:31:20.272,477.275,0,0.0,97,,96.562,0.0,-7.0,0.0,0.959,1.226,0.219,4260,14.51,15.686,0,,,,,,,,586.2,,,,,
2026-09-28T16:31:20.401,477.404,0,0.0,97,,96.562,0.0,-7.0,0.0,0.959,1.228,0.223,4260,14.51,15.686,0,,,,,,,,,0.205,,,,
2026-09-28T16:31:20.531,477.534,0,0.0,97,,96.562,0.0,-7.0,0.0,0.959,1.229,0.223,4260,14.51,15.686,0,,,,,,,,,,,0.781,,
2026-09-28T16:31:20.660,477.664,0,0.0,97,,96.562,0.0,-7.0,0.0,0.959,1.23,0.223,4260,14.51,15.686,0,,,,,,,,,,,,0.0,
2026-09-28T16:31:20.791,477.794,0,0.0,97,,96.562,0.0,-7.0,0.0,0.959,1.231,0.227,4250,14.51,15.686,0,,,,,,,,,,,,,513
2026-09-28T16:31:20.921,477.924,0,0.0,97,,96.562,0.0,-7.0,0.0,0.959,1.232,0.227,4250,14.51,15.686,0,106,,,,,,,,,,,,
2026-09-28T16:31:21.051,478.054,0,0.0,97,,96.594,0.0,-7.0,0.0,0.959,1.233,0.227,4250,14.51,15.686,0,,41,,,,,,,,,,,
2026-09-28T16:31:21.180,478.184,0,0.0,97,,96.594,0.0,-7.0,0.0,0.959,1.235,0.23,4250,14.51,15.686,0,,,8.594,,,,,,,,,,
2026-09-28T16:31:21.311,478.314,0,0.0,97,,96.562,0.0,-7.0,0.0,0.959,1.237,0.23,4240,14.51,15.686,0,,,,12.402,,,,,,,,,
2026-09-28T16:31:21.440,478.444,0,0.0,97,,96.594,0.0,-7.0,0.0,0.959,1.238,0.23,4250,14.51,15.686,0,,,,,96,,,,,,,,
2026-09-28T16:31:21.572,478.575,0,0.0,97,,96.594,0.0,-7.0,0.0,0.959,1.24,0.234,4230,14.51,15.686,0,,,,,,21,,,,,,,
2026-09-28T16:31:21.701,478.704,0,0.0,97,,96.594,0.0,-7.0,0.0,0.959,1.241,0.234,4230,14.51,15.686,0,,,,,,,78.824,,,,,,
2026-09-28T16:31:21.831,478.834,0,0.0,97,,96.562,0.0,-7.0,0.0,0.959,1.241,0.234,4230,14.51,15.686,0,,,,,,,,585.7,,,,,
2026-09-28T16:31:21.961,478.964,0,0.0,97,,96.562,0.0,-7.0,0.0,0.959,1.243,0.238,4220,14.51,15.686,0,,,,,,,,,0.205,,,,
2026-09-28T16:31:22.091,479.094,0,0.0,97,,96.562,0.0,-7.0,0.0,0.959,1.244,0.238,4230,14.51,15.686,0,,,,,,,,,,,0.781,,
2026-09-28T16:31:22.220,479.224,0,0.0,97,,96.594,0.0,-7.0,0.0,0.959,1.245,0.238,4210,14.51,15.686,0,,,,,,,,,,,,0.0,
2026-09-28T16:31:22.351,479.354,0,0.0,97,,96.562,0.0,-7.0,0.0,0.959,1.245,0.238,4220,14.51,15.686,0,,,,,,,,,,,,,514
2026-09-28T16:31:22.480,479.484,0,0.0,97,,96.562,0.0,-7.0,0.0,0.959,1.247,0.242,4220,14.51,15.686,0,106,,,,,,,,,,,,
2026-09-28T16:31:22.611,479.614,0,0.0,97,,96.562,0.0,-7.0,0.0,0.959,1.248,0.242,4220,14.51,15.686,0,,41,,,,,,,,,,,
2026-09-28T16:31:22.741,479.744,0,0.0,97,,96.562,0.0,-7.0,0.0,0.959,1.249,0.242,4220,14.51,15.686,0,,,8.594,,,,,,,,,,
2026-09-28T16:31:22.872,479.875,0,0.0,97,,96.562,0.0,-7.0,0.0,0.959,1.25,0.242,4220,14.51,15.686,0,,,,12.382,,,,,,,,,
2026-09-28T16:31:23.000,480.004,0,0.0,97,,96.562,0.0,-7.0,0.0,0.959,1.252,0.246,4210,14.51,15.686,0,,,,,96,,,,,,,,
2026-09-28T16:31:23.131,480.135,0,0.0,97,,96.562,0.0,-7.0,0.0,0.959,1.253,0.246,4210,14.51,15.686,0,,,,,,21,,,,,,,
2026-09-28T16:31:23.260,480.264,0,0.0,97,,96.562,0.0,-7.5,0.0,0.959,1.253,0.246,4210,14.51,15.686,0,,,,,,,78.824,,,,,,
2026-09-28T16:31:23.391,480.394,0,0.0,97,,96.562,0.0,-7.5,0.0,0.959,1.254,0.246,4200,14.51,15.686,0,,,,,,,,585.5,,,,,
2026-09-28T16:31:23.520,480.524,0,0.0,97,,96.562,0.0,-7.5,0.0,0.959,1.256,0.246,4200,14.51,15.686,0,,,,,,,,,0.2,,,,
2026-09-28T16:31:23.651,480.654,0,0.0,97,,96.562,0.0,-7.5,0.0,0.959,1.256,0.25,4190,14.51,15.686,0,,,,,,,,,,,0.781,,
2026-09-28T16:31:23.780,480.784,0,0.0,97,,96.562,0.0,-7.5,0.0,0.959,1.257,0.25,4210,14.51,15.686,0,,,,,,,,,,,,0.0,
2026-09-28T16:31:23.911,480.914,0,0.0,97,,96.562,0.0,-7.5,0.0,0.959,1.258,0.25,4200,14.51,15.686,0,,,,,,,,,,,,,516
2026-09-28T16:31:24.041,481.044,0,0.0,97,,96.562,0.0,-7.5,0.0,0.959,1.26,0.25,4190,14.51,15.686,0,105,,,,,,,,,,,,
2026-09-28T16:31:24.174,481.177,0,0.0,97,,96.562,0.0,-8.0,0.0,0.959,1.259,0.25,4190,14.51,15.686,0,,41,,,,,,,,,,,
2026-09-28T16:31:24.301,481.304,0,0.0,97,,96.562,0.0,-8.0,0.0,0.959,1.258,0.25,4190,14.51,15.686,0,,,8.594,,,,,,,,,,
2026-09-28T16:31:24.431,481.434,0,0.0,97,,96.562,0.0,-8.0,0.0,0.959,1.26,0.25,4190,14.51,15.686,0,,,,12.402,,,,,,,,,
2026-09-28T16:31:24.560,481.564,0,0.0,97,,96.562,0.0,-8.0,0.0,0.959,1.26,0.254,4190,14.51,15.686,0,,,,,96,,,,,,,,
2026-09-28T16:31:24.691,481.694,0,0.0,97,,96.562,0.0,-8.0,0.0,0.959,1.262,0.254,4190,14.51,15.686,0,,,,,,21,,,,,,,
2026-09-28T16:31:24.820,481.824,0,0.0,97,,96.562,0.0,-8.0,0.0,0.959,1.264,0.254,4180,14.51,15.686,0,,,,,,,78.824,,,,,,
2026-09-28T16:31:24.951,481.954,0,0.0,97,,96.562,0.0,-8.0,0.0,0.959,1.264,0.254,4180,14.51,15.686,0,,,,,,,,585.0,,,,,
2026-09-28T16:31:25.081,482.084,0,0.0,97,,96.594,0.0,-8.0,0.0,0.959,1.263,0.254,4180,14.51,15.686,0,,,,,,,,,0.2,,,,
2026-09-28T16:31:25.220,482.224,0,0.0,97,,96.562,0.0,-8.5,0.0,0.959,1.264,0.254,4180,14.51,15.686,0,,,,,,,,,,,0.781,,
2026-09-28T16:31:25.351,482.354,0,0.0,97,,96.594,0.0,-8.5,0.0,0.959,1.264,0.254,4180,14.51,15.686,0,,,,,,,,,,,,0.0,
2026-09-28T16:31:25.480,482.484,0,0.0,97,,96.562,0.0,-8.5,0.0,0.959,1.265,0.258,4170,14.51,15.686,0,,,,,,,,,,,,,517
2026-09-28T16:31:25.611,482.614,0,0.0,97,,96.562,0.0,-8.5,0.0,0.959,1.267,0.258,4160,14.51,15.686,0,105,,,,,,,,,,,,
2026-09-28T16:31:25.740,482.744,0,0.0,97,,96.594,0.0,-8.5,0.0,0.959,1.268,0.258,4170,14.51,15.686,0,,41,,,,,,,,,,,
2026-09-28T16:31:25.872,482.875,0,0.0,97,,96.594,0.0,-8.5,0.0,0.959,1.267,0.258,4170,14.51,15.686,0,,,8.594,,,,,,,,,,
2026-09-28T16:31:26.001,483.004,0,0.0,97,,96.562,0.0,-8.5,0.0,0.959,1.267,0.258,4160,14.51,15.686,0,,,,12.402,,,,,,,,,
2026-09-28T16:31:26.131,483.134,0,0.0,97,,96.562,0.0,-8.5,0.0,0.959,1.268,0.258,4170,14.51,15.686,0,,,,,96,,,,,,,,
2026-09-28T16:31:26.260,483.264,0,0.0,97,,96.562,0.0,-8.5,0.0,0.959,1.27,0.262,4160,14.51,15.686,0,,,,,,21,,,,,,,
2026-09-28T16:31:26.391,483.394,0,0.0,97,,96.562,0.0,-8.5,0.0,0.959,1.269,0.262,4150,14.51,15.686,0,,,,,,,78.824,,,,,,
2026-09-28T16:31:26.520,483.524,0,0.0,97,,96.562,0.0,-8.5,0.0,0.959,1.269,0.262,4160,14.51,15.686,0,,,,,,,,584.7,,,,,
2026-09-28T16:31:26.651,483.654,0,0.0,97,,96.562,0.0,-8.5,0.0,0.959,1.269,0.262,4150,14.51,15.686,0,,,,,,,,,0.2,,,,
2026-09-28T16:31:26.780,483.784,0,0.0,97,,96.562,0.0,-8.5,0.0,0.959,1.27,0.262,4160,14.51,15.686,0,,,,,,,,,,,0.781,,
2026-09-28T16:31:26.911,483.914,0,0.0,97,,96.562,0.0,-8.5,0.0,0.959,1.271,0.262,4150,14.51,15.686,0,,,,,,,,,,,,0.0,
2026-09-28T16:31:27.041,484.044,0,0.0,97,,96.562,0.0,-8.5,0.0,0.959,1.271,0.262,4140,14.51,15.686,0,,,,,,,,,,,,,519
2026-09-28T16:31:27.174,484.177,0,0.0,97,,96.594,0.0,-8.5,0.0,0.959,1.271,0.262,4140,14.51,15.686,0,105,,,,,,,,,,,,
2026-09-28T16:31:27.301,484.304,0,0.0,97,,96.562,0.0,-8.5,0.0,0.959,1.271,0.262,4140,14.51,15.686,0,,41,,,,,,,,,,,
2026-09-28T16:31:27.431,484.434,0,0.0,97,,96.562,0.0,-8.5,0.0,0.959,1.271,0.262,4130,14.51,15.686,0,,,8.594,,,,,,,,,,
2026-09-28T16:31:27.560,484.564,0,0.0,97,,96.562,0.0,-8.5,0.0,0.959,1.271,0.262,4120,14.51,15.686,0,,,,12.363,,,,,,,,,
2026-09-28T16:31:27.691,484.694,0,0.0,97,,96.562,0.0,-8.5,0.0,0.959,1.272,0.262,4120,14.51,15.686,0,,,,,96,,,,,,,,
2026-09-28T16:31:27.820,484.823,0,0.0,97,,96.562,0.0,-8.5,0.0,0.959,1.273,0.266,4120,14.51,15.686,0,,,,,,21,,,,,,,
2026-09-28T16:31:27.951,484.954,0,0.0,97,,96.562,0.0,-8.5,0.0,0.959,1.272,0.262,4110,14.51,15.686,0,,,,,,,78.824,,,,,,
2026-09-28T16:31:28.080,485.084,0,0.0,97,,96.562,0.0,-8.5,0.0,0.959,1.272,0.262,4120,14.51,15.686,0,,,,,,,,584.2,,,,,
2026-09-28T16:31:28.211,485.214,0,0.0,97,,96.594,0.0,-9.0,0.0,0.959,1.274,0.266,4110,14.51,15.686,0,,,,,,,,,0.2,,,,
2026-09-28T16:31:28.340,485.344,0,0.0,97,,96.562,0.0,-9.0,0.0,0.959,1.273,0.266,4120,14.51,15.686,0,,,,,,,,,,,0.781,,
2026-09-28T16:31:28.472,485.475,0,0.0,97,,96.562,0.0,-9.0,0.0,0.959,1.272,0.262,4120,14.51,15.686,0,,,,,,,,,,,,0.0,
2026-09-28T16:31:28.601,485.604,0,0.0,97,,96.562,0.0,-9.0,0.0,0.959,1.273,0.266,4110,14.51,15.686,0,,,,,,,,,,,,,520
2026-09-28T16:31:28.731,485.734,0,0.0,97,,96.562,0.0,-9.0,0.0,0.959,1.273,0.266,4110,14.51,15.686,0,104,,,,,,,,,,,,
2026-09-28T16:31:28.860,485.863,0,0.0,97,,96.562,0.0,-9.0,0.0,0.959,1.275,0.266,4100,14.51,15.686,0,,41,,,,,,,,,,,
2026-09-28T16:31:28.990,485.994,0,0.0,97,,96.562,0.0,-9.0,0.0,0.959,1.275,0.266,4110,14.51,15.686,0,,,8.594,,,,,,,,,,
2026-09-28T16:31:29.120,486.124,0,0.0,97,,96.562,0.0,-9.0,0.0,0.959,1.275,0.266,4090,14.51,15.686,0,,,,12.402,,,,,,,,,
2026-09-28T16:31:29.251,486.254,0,0.0,97,,96.562,0.0,-9.5,0.0,0.959,1.275,0.266,4100,14.51,15.686,0,,,,,96,,,,,,,,
2026-09-28T16:31:29.380,486.383,0,0.0,97,,96.562,0.0,-9.5,0.0,0.959,1.275,0.266,4090,14.51,15.686,0,,,,,,21,,,,,,,
2026-09-28T16:31:29.511,486.514,0,0.0,97,,96.562,0.0,-9.5,0.0,0.959,1.275,0.266,4100,14.51,15.686,0,,,,,,,78.824,,,,,,
2026-09-28T16:31:29.640,486.644,0,0.0,97,,96.562,0.0,-9.5,0.0,0.959,1.275,0.266,4090,14.51,15.686,0,,,,,,,,583.7,,,,,
2026-09-28T16:31:29.772,486.775,0,0.0,97,,96.594,0.0,-9.5,0.0,0.959,1.278,0.27,4080,14.51,15.686,0,,,,,,,,,0.2,,,,
2026-09-28T16:31:29.901,486.904,0,0.0,97,,96.562,0.0,-9.5,0.0,0.959,1.277,0.27,4080,14.51,15.686,0,,,,,,,,,,,0.781,,
2026-09-28T16:31:30.031,487.034,0,0.0,97,,96.562,0.0,-9.5,0.0,0.959,1.276,0.266,4070,14.51,15.686,0,,,,,,,,,,,,0.0,
2026-09-28T16:31:30.160,487.164,0,0.0,97,,96.562,0.0,-9.5,0.0,0.959,1.278,0.27,4090,14.51,15.686,0,,,,,,,,,,,,,522
2026-09-28T16:31:30.301,487.304,0,0.0,97,,96.594,0.0,-10.0,0.0,0.959,1.276,0.266,4080,14.51,15.686,0,104,,,,,,,,,,,,
2026-09-28T16:31:30.431,487.434,0,0.0,97,,96.562,0.0,-10.0,0.0,0.959,1.276,0.266,4080,14.51,15.686,0,,41,,,,,,,,,,,
2026-09-28T16:31:30.560,487.563,0,0.0,97,,96.562,0.0,-10.0,0.0,0.959,1.276,0.266,4080,14.51,15.686,0,,,8.594,,,,,,,,,,
2026-09-28T16:31:30.691,487.694,0,0.0,97,,96.562,0.0,-10.0,0.0,0.959,1.276,0.266,4070,14.51,15.686,0,,,,12.382,,,,,,,,,
2026-09-28T16:31:30.820,487.823,0,0.0,97,,96.562,0.0,-10.0,0.0,0.959,1.277,0.27,4060,14.51,15.686,0,,,,,96,,,,,,,,
2026-09-28T16:31:30.951,487.954,0,0.0,97,,96.562,0.0,-10.0,0.0,0.959,1.278,0.27,4070,14.51,15.686,0,,,,,,21,,,,,,,
2026-09-28T16:31:31.080,488.084,0,0.0,97,,96.562,0.0,-10.0,0.0,0.959,1.279,0.27,4050,14.51,15.686,0,,,,,,,78.824,,,,,,
2026-09-28T16:31:31.211,488.214,0,0.0,97,,96.594,0.0,-10.0,0.0,0.959,1.279,0.27,4060,14.51,15.686,0,,,,,,,,583.5,,,,,
2026-09-28T16:31:31.340,488.344,0,0.0,97,,96.562,0.0,-10.0,0.0,0.959,1.277,0.27,4060,14.51,15.686,0,,,,,,,,,0.195,,,,
2026-09-28T16:31:31.472,488.475,0,0.0,97,,96.562,0.0,-10.0,0.0,0.959,1.278,0.27,4050,14.51,15.686,0,,,,,,,,,,,0.781,,
2026-09-28T16:31:31.601,488.604,0,0.0,97,,96.562,0.0,-10.0,0.0,0.959,1.279,0.27,4050,14.51,15.686,0,,,,,,,,,,,,0.0,
2026-09-28T16:31:31.731,488.734,0,0.0,97,,96.562,0.0,-10.0,0.0,0.959,1.278,0.27,4060,14.51,15.686,0,,,,,,,,,,,,,524
2026-09-28T16:31:31.860,488.863,0,0.0,97,,96.562,0.0,-10.0,0.0,0.959,1.278,0.27,4060,14.51,15.686,0,104,,,,,,,,,,,,
2026-09-28T16:31:31.991,488.994,0,0.0,97,,96.562,0.0,-10.0,0.0,0.959,1.279,0.27,4050,14.51,15.686,0,,41,,,,,,,,,,,
2026-09-28T16:31:32.120,489.124,0,0.0,97,,96.562,0.0,-10.0,0.0,0.959,1.279,0.27,4050,14.51,15.686,0,,,8.594,,,,,,,,,,
2026-09-28T16:31:32.251,489.254,0,0.0,97,,96.562,0.0,-10.0,0.0,0.959,1.279,0.27,4050,14.51,15.686,0,,,,12.363,,,,,,,,,
2026-09-28T16:31:32.380,489.384,0,0.0,97,,96.562,0.0,-10.0,0.0,0.959,1.279,0.27,4050,14.51,15.686,0,,,,,96,,,,,,,,
2026-09-28T16:31:32.511,489.514,0,0.0,97,,96.562,0.0,-10.0,0.0,0.959,1.278,0.27,4050,14.51,15.686,0,,,,,,21,,,,,,,
2026-09-28T16:31:32.640,489.644,0,0.0,97,,96.562,0.0,-10.0,0.0,0.959,1.279,0.27,4040,14.51,15.686,0,,,,,,,78.824,,,,,,
2026-09-28T16:31:32.772,489.775,0,0.0,97,,96.562,0.0,-10.0,0.0,0.959,1.278,0.27,4050,14.51,15.686,0,,,,,,,,583.0,,,,,
2026-09-28T16:31:32.901,489.904,0,0.0,97,,96.562,0.0,-10.0,0.0,0.959,1.278,0.27,4030,14.51,15.686,0,,,,,,,,,0.195,,,,
2026-09-28T16:31:33.031,490.034,0,0.0,97,,96.562,0.0,-10.0,0.0,0.959,1.279,0.27,4030,14.51,15.686,0,,,,,,,,,,,0.781,,
2026-09-28T16:31:33.160,490.164,0,0.0,97,,96.562,0.0,-10.0,0.0,0.959,1.279,0.27,4020,14.51,15.686,0,,,,,,,,,,,,0.0,
2026-09-28T16:31:33.291,490.294,0,0.0,97,,96.562,0.0,-10.0,0.0,0.959,1.28,0.27,4030,14.51,15.686,0,,,,,,,,,,,,,525
2026-09-28T16:31:33.421,490.424,0,0.0,97,,96.562,0.0,-10.0,0.0,0.959,1.28,0.27,4010,14.51,15.686,0,103,,,,,,,,,,,,
2026-09-28T16:31:33.551,490.554,0,0.0,97,,96.562,0.0,-10.0,0.0,0.959,1.279,0.27,4020,14.51,15.686,0,,41,,,,,,,,,,,
2026-09-28T16:31:33.680,490.684,0,0.0,97,,96.562,0.0,-10.0,0.0,0.959,1.279,0.27,4020,14.51,15.686,0,,,8.594,,,,,,,,,,
2026-09-28T16:31:33.811,490.814,0,0.0,97,,96.594,0.0,-10.0,0.0,0.959,1.279,0.27,4010,14.51,15.686,0,,,,12.382,,,,,,,,,
2026-09-28T16:31:33.940,490.944,0,0.0,97,,96.562,0.0,-10.0,0.0,0.959,1.279,0.27,4010,14.51,15.686,0,,,,,96,,,,,,,,
2026-09-28T16:31:34.072,491.075,0,0.0,97,,96.562,0.0,-10.0,0.0,0.959,1.279,0.27,4020,14.51,15.686,0,,,,,,21,,,,,,,
2026-09-28T16:31:34.201,491.204,0,0.0,97,,96.562,0.0,-10.0,0.0,0.959,1.279,0.27,4000,14.51,15.686,0,,,,,,,78.824,,,,,,
2026-09-28T16:31:34.331,491.335,0,0.0,97,,96.562,0.0,-10.0,0.0,0.959,1.28,0.27,4010,14.51,15.686,0,,,,,,,,582.7,,,,,
2026-09-28T16:31:34.460,491.464,0,0.0,97,,96.562,0.0,-10.0,0.0,0.959,1.281,0.27,4000,14.51,15.686,0,,,,,,,,,0.195,,,,
2026-09-28T16:31:34.591,491.594,0,0.0,97,,96.594,0.0,-10.0,0.0,0.959,1.279,0.27,4000,14.51,15.686,0,,,,,,,,,,,0.781,,
2026-09-28T16:31:34.721,491.724,0,0.0,97,,96.562,0.0,-10.0,0.0,0.959,1.279,0.27,3990,14.51,15.686,0,,,,,,,,,,,,0.0,
2026-09-28T16:31:34.851,491.854,0,0.0,97,,96.562,0.0,-10.0,0.0,0.959,1.28,0.27,3990,14.51,15.686,0,,,,,,,,,,,,,527
2026-09-28T16:31:34.980,491.984,0,0.0,97,,96.562,0.0,-10.0,0.0,0.959,1.28,0.27,3980,14.51,15.686,0,104,,,,,,,,,,,,
2026-09-28T16:31:35.111,492.114,0,0.0,97,,96.562,0.0,-10.0,0.0,0.959,1.279,0.27,3990,14.51,15.686,0,,41,,,,,,,,,,,
2026-09-28T16:31:35.240,492.244,0,0.0,97,,96.562,0.0,-10.0,0.0,0.959,1.279,0.27,3980,14.51,15.686,0,,,8.594,,,,,,,,,,
2026-09-28T16:31:35.381,492.384,0,0.0,97,,96.562,0.0,-10.0,0.0,0.959,1.28,0.27,3990,14.51,15.686,0,,,,12.363,,,,,,,,,
2026-09-28T16:31:35.511,492.514,0,0.0,97,,96.562,0.0,-10.0,0.0,0.959,1.28,0.27,3980,14.51,15.686,0,,,,,96,,,,,,,,
2026-09-28T16:31:35.640,492.644,0,0.0,97,,96.562,0.0,-10.0,0.0,0.959,1.28,0.27,3980,14.51,15.686,0,,,,,,21,,,,,,,
2026-09-28T16:31:35.772,492.775,0,0.0,97,,96.562,0.0,-10.0,0.0,0.959,1.28,0.27,3980,14.51,15.686,0,,,,,,,78.824,,,,,,
2026-09-28T16:31:35.901,492.904,0,0.0,97,,96.594,0.0,-10.0,0.0,0.959,1.281,0.27,3980,14.51,15.686,0,,,,,,,,582.2,,,,,
2026-09-28T16:31:36.031,493.034,0,0.0,97,,96.562,0.0,-10.0,0.0,0.959,1.281,0.27,3970,14.51,15.686,0,,,,,,,,,0.195,,,,
2026-09-28T16:31:36.160,493.163,0,0.0,97,,96.562,0.0,-10.0,0.0,0.959,1.279,0.27,3970,14.51,15.686,0,,,,,,,,,,,0.781,,
2026-09-28T16:31:36.291,493.294,0,0.0,97,,96.562,0.0,-10.0,0.0,0.959,1.279,0.27,3960,14.51,15.686,0,,,,,,,,,,,,0.0,
2026-09-28T16:31:36.421,493.424,0,0.0,97,,96.562,0.0,-10.0,0.0,0.959,1.281,0.27,3960,14.51,15.686,0,,,,,,,,,,,,,528
2026-09-28T16:31:36.551,493.554,0,0.0,97,,96.562,0.0,-10.0,0.0,0.959,1.28,0.27,3960,14.51,15.686,0,104,,,,,,,,,,,,
2026-09-28T16:31:36.681,493.684,0,0.0,97,,96.562,0.0,-10.0,0.0,0.959,1.279,0.27,3960,14.51,15.686,0,,41,,,,,,,,,,,
2026-09-28T16:31:36.811,493.814,0,0.0,97,,96.562,0.0,-10.0,0.0,0.959,1.279,0.27,3950,14.51,15.686,0,,,8.594,,,,,,,,,,
2026-09-28T16:31:36.941,493.944,0,0.0,97,,96.562,0.0,-10.0,0.0,0.959,1.279,0.27,3950,14.51,15.686,0,,,,12.363,,,,,,,,,
2026-09-28T16:31:37.072,494.075,0,0.0,97,,96.562,0.0,-10.0,0.0,0.959,1.279,0.27,3950,14.51,15.686,0,,,,,96,,,,,,,,
2026-09-28T16:31:37.201,494.204,0,0.0,97,,96.562,0.0,-10.0,0.0,0.959,1.279,0.27,3950,14.51,15.686,0,,,,,,21,,,,,,,
2026-09-28T16:31:37.331,494.335,0,0.0,97,,96.562,0.0,-10.0,0.0,0.959,1.279,0.27,3940,14.51,15.686,0,,,,,,,78.824,,,,,,
2026-09-28T16:31:37.460,494.464,0,0.0,97,,96.562,0.0,-10.0,0.0,0.959,1.279,0.27,3950,14.51,15.686,0,,,,,,,,582.0,,,,,
2026-09-28T16:31:37.591,494.594,0,0.0,97,,96.562,0.0,-10.0,0.0,0.959,1.279,0.27,3940,14.51,15.686,0,,,,,,,,,0.19,,,,
2026-09-28T16:31:37.721,494.724,0,0.0,97,,96.562,0.0,-10.0,0.0,0.959,1.279,0.27,3930,14.51,15.686,0,,,,,,,,,,,0.781,,
2026-09-28T16:31:37.851,494.854,0,0.0,97,,96.562,0.0,-10.0,0.0,0.959,1.28,0.27,3940,14.51,15.686,0,,,,,,,,,,,,0.0,
2026-09-28T16:31:37.980,494.984,0,0.0,97,,96.562,0.0,-10.0,0.0,0.959,1.279,0.27,3920,14.51,15.686,0,,,,,,,,,,,,,530
2026-09-28T16:31:38.111,495.114,0,0.0,97,,96.562,0.0,-10.0,0.0,0.959,1.279,0.27,3930,14.51,15.686,0,104,,,,,,,,,,,,
2026-09-28T16:31:38.240,495.244,0,0.0,97,,96.594,0.0,-10.0,0.0,0.959,1.28,0.27,3920,14.51,15.686,0,,41,,,,,,,,,,,
2026-09-28T16:31:38.372,495.375,0,0.0,97,,96.562,0.0,-10.0,0.0,0.959,1.28,0.27,3920,14.51,15.686,0,,,8.594,,,,,,,,,,
2026-09-28T16:31:38.501,495.504,0,0.0,97,,96.562,0.0,-10.0,0.0,0.959,1.28,0.27,3920,14.51,15.686,0,,,,12.363,,,,,,,,,
2026-09-28T16:31:38.631,495.634,0,0.0,97,,96.562,0.0,-10.0,0.0,0.959,1.279,0.27,3920,14.51,15.686,0,,,,,96,,,,,,,,
2026-09-28T16:31:38.760,495.764,0,0.0,97,,96.562,0.0,-10.0,0.0,0.959,1.279,0.27,3920,14.51,15.686,0,,,,,,21,,,,,,,
2026-09-28T16:31:38.890,495.894,0,0.0,97,,96.562,0.0,-10.0,0.0,0.959,1.278,0.27,3920,14.51,15.686,0,,,,,,,78.824,,,,,,
2026-09-28T16:31:39.021,496.024,0,0.0,97,,96.562,0.0,-10.0,0.0,0.959,1.279,0.27,3920,14.51,15.686,0,,,,,,,,581.5,,,,,
2026-09-28T16:31:39.151,496.154,0,0.0,97,,96.594,0.0,-10.0,0.0,0.959,1.279,0.27,3920,14.51,15.686,0,,,,,,,,,0.195,,,,
2026-09-28T16:31:39.280,496.284,0,0.0,97,,96.562,0.0,-10.0,0.0,0.959,1.279,0.27,3920,14.51,15.686,0,,,,,,,,,,,0.781,,
2026-09-28T16:31:39.411,496.414,0,0.0,97,,96.562,0.0,-10.0,0.0,0.959,1.28,0.27,3920,14.51,15.686,0,,,,,,,,,,,,0.0,
2026-09-28T16:31:39.540,496.543,0,0.0,97,,96.562,0.0,-10.0,0.0,0.959,1.279,0.27,3910,14.51,15.686,0,,,,,,,,,,,,,531
2026-09-28T16:31:39.674,496.677,0,0.0,97,,96.562,0.0,-10.0,0.0,0.959,1.279,0.27,3910,14.51,15.686,0,104,,,,,,,,,,,,
2026-09-28T16:31:39.801,496.804,0,0.0,97,,96.562,0.0,-10.0,0.0,0.959,1.279,0.27,3900,14.51,15.686,0,,41,,,,,,,,,,,
2026-09-28T16:31:39.931,496.934,0,0.0,97,,96.562,0.0,-10.0,0.0,0.959,1.279,0.27,3910,14.51,15.686,0,,,8.594,,,,,,,,,,
2026-09-28T16:31:40.060,497.064,0,0.0,97,,96.594,0.0,-10.0,0.0,0.959,1.279,0.27,3910,14.51,15.686,0,,,,12.324,,,,,,,,,
2026-09-28T16:31:40.190,497.194,0,0.0,97,,96.562,0.0,-10.0,0.0,0.959,1.279,0.27,3900,14.51,15.686,0,,,,,96,,,,,,,,
2026-09-28T16:31:40.321,497.324,0,0.0,97,,96.562,0.0,-10.0,0.0,0.959,1.278,0.27,3900,14.51,15.686,0,,,,,,21,,,,,,,
2026-09-28T16:31:40.460,497.463,0,0.0,97,,96.594,0.0,-10.0,0.0,0.959,1.278,0.27,3890,14.51,15.686,0,,,,,,,78.824,,,,,,
2026-09-28T16:31:40.591,497.594,0,0.0,97,,96.562,0.0,-10.0,0.0,0.959,1.279,0.27,3880,14.51,15.686,0,,,,,,,,581.2,,,,,
2026-09-28T16:31:40.721,497.724,0,0.0,97,,96.562,0.0,-10.0,0.0,0.959,1.278,0.27,3880,14.51,15.686,0,,,,,,,,,0.19,,,,
2026-09-28T16:31:40.851,497.854,0,0.0,97,,96.562,0.0,-10.0,0.0,0.959,1.278,0.27,3890,14.51,15.686,0,,,,,,,,,,,0.781,,
2026-09-28T16:31:40.980,497.983,0,0.0,97,,96.562,0.0,-10.0,0.0,0.959,1.278,0.27,3870,14.51,15.686,0,,,,,,,,,,,,0.0,
2026-09-28T16:31:41.111,498.114,0,0.0,97,,96.562,0.0,-10.0,0.0,0.959,1.278,0.27,3880,14.51,15.686,0,,,,,,,,,,,,,533
2026-09-28T16:31:41.241,498.244,0,0.0,97,,96.594,0.0,-10.0,0.0,0.959,1.278,0.27,3870,14.51,15.686,0,104,,,,,,,,,,,,
2026-09-28T16:31:41.372,498.376,0,0.0,97,,96.594,0.0,-10.0,0.0,0.959,1.278,0.27,3880,14.51,15.686,0,,41,,,,,,,,,,,
2026-09-28T16:31:41.501,498.505,0,0.0,97,,96.562,0.0,-10.0,0.0,0.959,1.276,0.266,3880,14.51,15.686,0,,,8.594,,,,,,,,,,
2026-09-28T16:31:41.631,498.634,0,0.0,97,,96.562,0.0,-10.0,0.0,0.959,1.277,0.27,3860,14.51,15.686,0,,,,12.343,,,,,,,,,
2026-09-28T16:31:41.760,498.764,0,0.0,97,,96.562,0.0,-10.0,0.0,0.959,1.278,0.27,3860,14.51,15.686,0,,,,,96,,,,,,,,
2026-09-28T16:31:41.891,498.894,0,0.0,97,,96.562,0.0,-10.0,0.0,0.959,1.278,0.27,3870,14.51,15.686,0,,,,,,21,,,,,,,
2026-09-28T16:31:42.021,499.024,0,0.0,97,,96.562,0.0,-10.0,0.0,0.959,1.277,0.27,3850,14.51,15.686,0,,,,,,,78.824,,,,,,
2026-09-28T16:31:42.151,499.154,0,0.0,97,,96.562,0.0,-10.0,0.0,0.959,1.279,0.27,3860,14.51,14.118,0,,,,,,,,580.8,,,,,
2026-09-28T16:31:42.280,499.283,0,78.75,96,,96.562,62.353,-10.0,0.0,0.959,1.279,0.27,3690,14.51,12.549,0,,,,,,,,,0.19,,,,
2026-09-28T16:31:42.411,499.414,0,199.25,95,,96.594,82.745,-16.0,0.0,0.959,1.299,0.285,6670,14.51,12.549,0,,,,,,,,,,,0.781,,
2026-09-28T16:31:42.541,499.544,0,475.5,87,,96.531,65.098,-16.0,0.0,0.959,1.379,0.352,10950,14.51,12.549,0,,,,,,,,,,,,47.059,
2026-09-28T16:31:42.674,499.677,0,847.0,76,,96.562,45.098,-22.0,0.0,0.973,1.041,0.023,11130,14.51,11.765,0,,,,,,,,,,,,,535
2026-09-28T16:31:42.801,499.804,0,1077.5,65,,96.562,35.686,-25.0,0.0,0.985,0.906,-0.246,12380,14.51,10.98,0,104,,,,,,,,,,,,
2026-09-28T16:31:42.931,499.934,0,1130.75,49,,96.906,16.078,-20.5,0.0,0.952,0.859,-0.383,12560,14.51,11.765,0,,40,,,,,,,,,,,
2026-09-28T16:31:43.060,500.063,0,1095.5,31,,96.906,14.118,-19.0,0.0,0.933,0.848,-0.422,12250,14.51,12.157,0,,,5.469,,,,,,,,,,
2026-09-28T16:31:43.191,500.194,0,1048.25,28,,96.906,12.941,-19.0,0.0,0.92,0.847,-0.422,11740,14.51,11.765,0,,,,12.167,,,,,,,,,
2026-09-28T16:31:43.322,500.325,0,991.0,27,,96.906,12.157,-16.0,0.0,0.913,0.841,-0.445,11380,14.51,11.765,0,,,,,96,,,,,,,,
2026-09-28T16:31:43.451,500.454,0,912.5,25,,96.906,12.157,-11.0,0.0,0.908,0.84,-0.445,11040,14.51,11.765,0,,,,,,21,,,,,,,
2026-09-28T16:31:43.581,500.584,0,846.75,25,,96.906,11.765,-6.0,0.0,0.904,0.869,-0.352,10790,14.51,11.765,0,,,,,,,78.824,,,,,,
2026-09-28T16:31:43.711,500.714,0,787.5,25,,96.875,12.549,6.5,0.0,0.902,0.908,-0.242,10440,14.51,11.765,0,,,,,,,,577.7,,,,,
2026-09-28T16:31:43.841,500.844,0,790.5,27,,96.875,14.902,-4.0,1.562,0.899,0.941,-0.16,10110,14.51,11.765,0,,,,,,,,,0.25,,,,
2026-09-28T16:31:43.972,500.975,0,796.0,27,,96.812,15.294,-8.0,2.344,0.897,0.946,-0.148,9670,14.51,11.373,0,,,,,,,,,,,0.781,,
2026-09-28T16:31:44.101,501.104,0,797.0,26,,96.844,15.294,-8.5,2.344,0.895,0.923,-0.203,9340,14.51,11.373,0,,,,,,,,,,,,15.294,
2026-09-28T16:31:44.231,501.234,0,791.0,26,,96.844,14.118,-4.5,0.781,0.893,0.895,-0.277,8930,14.51,11.373,0,,,,,,,,,,,,,536
2026-09-28T16:31:44.361,501.364,0,787.0,25,,96.844,14.118,-2.5,0.0,0.891,0.868,-0.355,8630,14.51,11.373,0,103,,,,,,,,,,,,
2026-09-28T16:31:44.491,501.495,0,784.0,25,,96.844,13.725,-2.0,-0.781,0.89,0.854,-0.398,8340,14.51,11.373,0,,40,,,,,,,,,,,
2026-09-28T16:31:44.622,501.625,0,782.25,25,,96.812,13.725,-1.0,-1.562,0.889,0.848,-0.418,7970,14.51,11.373,0,,,7.031,,,,,,,,,,
2026-09-28T16:31:44.751,501.754,0,778.0,25,,96.75,13.725,-0.5,-1.562,0.888,0.846,-0.426,7690,14.51,11.765,0,,,,12.226,,,,,,,,,
2026-09-28T16:31:44.880,501.884,0,776.75,26,,96.719,14.902,-3.0,-2.344,0.887,0.849,-0.418,7300,14.51,11.765,0,,,,,96,,,,,,,,
2026-09-28T16:31:45.011,502.015,0,779.0,26,,96.719,14.902,-3.0,-2.344,0.886,0.854,-0.402,7030,14.51,11.373,0,,,,,,21,,,,,,,
2026-09-28T16:31:45.140,502.143,0,784.25,25,,96.781,14.118,-4.0,-1.562,0.885,0.865,-0.367,6760,14.51,11.373,0,,,,,,,78.824,,,,,,
2026-09-28T16:31:45.272,502.275,0,788.25,25,,96.781,14.118,-3.5,-0.781,0.884,0.879,-0.324,6410,14.51,11.373,0,,,,,,,,576.0,,,,,
2026-09-28T16:31:45.401,502.404,0,787.0,25,,96.688,13.725,-1.0,0.0,0.883,0.888,-0.297,6150,14.51,11.373,0,,,,,,,,,0.255,,,,
2026-09-28T16:31:45.540,502.544,0,778.25,25,,96.719,13.725,1.5,0.0,0.883,0.896,-0.273,5820,14.51,11.765,0,,,,,,,,,,,0.781,,
2026-09-28T16:31:45.674,502.677,0,772.0,26,,96.625,14.51,0.5,0.0,0.882,0.9,-0.262,5550,14.51,11.765,0,,,,,,,,,,,,15.294,
2026-09-28T16:31:45.801,502.805,0,773.5,26,,96.656,14.902,-0.5,0.781,0.882,0.907,-0.246,5150,14.51,11.765,0,,,,,,,,,,,,,538
2026-09-28T16:31:45.931,502.934,0,769.25,27,,96.625,15.686,0.5,0.781,0.882,0.897,-0.27,4850,14.51,11.765,0,103,,,,,,,,,,,,
2026-09-28T16:31:46.060,503.063,0,768.25,27,,96.625,15.686,2.0,0.0,0.882,0.885,-0.305,4560,14.51,11.765,0,,40,,,,,,,,,,,
2026-09-28T16:31:46.191,503.195,0,768.0,27,,96.594,16.078,1.0,0.0,0.882,0.877,-0.328,4170,14.51,11.765,0,,,5.469,,,,,,,,,,
2026-09-28T16:31:46.321,503.324,0,765.75,28,,96.594,16.471,2.0,0.0,0.882,0.875,-0.336,3870,14.51,12.549,0,,,,12.734,,,,,,,,,
2026-09-28T16:31:46.451,503.454,0,762.25,30,,96.594,18.431,0.5,0.0,0.881,0.875,-0.332,3540,14.51,12.157,0,,,,,96,,,,,,,,
2026-09-28T16:31:46.581,503.584,0,768.25,30,,96.594,17.647,3.0,0.0,0.881,0.879,-0.324,3230,14.51,12.157,0,,,,,,21,,,,,,,
2026-09-28T16:31:46.711,503.714,0,773.5,31,,96.562,18.824,0.5,0.0,0.881,0.886,-0.305,2840,14.51,12.549,0,,,,,,,78.824,,,,,,
2026-09-28T16:31:46.840,503.844,0,771.75,31,,96.594,19.216,-1.0,0.0,0.881,0.897,-0.27,2720,14.51,12.157,0,,,,,,,,573.8,,,,,
2026-09-28T16:31:46.973,503.976,0,776.25,31,,96.594,18.431,1.5,0.781,0.881,0.912,-0.23,2730,14.51,12.549,0,,,,,,,,,0.265,,,,
2026-09-28T16:31:47.101,504.104,0,776.5,32,,96.562,20.0,0.0,1.562,0.881,0.922,-0.207,2790,14.51,12.549,0,,,,,,,,,,,0.781,,
2026-09-28T16:31:47.230,504.234,0,779.0,33,,96.594,20.784,-2.0,2.344,0.881,0.925,-0.199,2890,14.51,12.157,0,,,,,,,,,,,,20.784,
2026-09-28T16:31:47.360,504.363,0,779.5,33,,96.562,20.0,1.0,3.125,0.881,0.924,-0.203,3010,14.51,12.549,0,,,,,,,,,,,,,539
2026-09-28T16:31:47.491,504.494,0,776.0,34,,96.562,21.961,-0.5,3.125,0.881,0.917,-0.219,3180,14.51,12.549,0,104,,,,,,,,,,,,
2026-09-28T16:31:47.620,504.624,0,775.0,35,,96.562,21.961,-0.5,3.125,0.881,0.913,-0.227,3370,14.51,12.941,0,,40,,,,,,,,,,,
2026-09-28T16:31:47.751,504.754,0,778.75,36,,96.562,23.529,-1.0,3.125,0.881,0.906,-0.246,3670,14.51,12.549,0,,,3.906,,,,,,,,,,
2026-09-28T16:31:47.881,504.884,0,780.75,36,,96.562,23.137,-1.0,2.344,0.881,0.897,-0.27,3960,14.51,12.549,0,,,,13.789,,,,,,,,,
2026-09-28T16:31:48.012,505.015,0,777.75,36,,96.562,23.137,2.0,2.344,0.881,0.891,-0.289,4190,14.51,12.941,0,,,,,96,,,,,,,,
2026-09-28T16:31:48.141,505.144,0,777.5,38,,96.562,25.098,-1.5,2.344,0.88,0.886,-0.301,4500,14.51,12.941,0,,,,,,21,,,,,,,
2026-09-28T16:31:48.272,505.275,0,777.0,38,,96.562,24.314,0.5,2.344,0.88,0.889,-0.293,4720,14.51,12.941,0,,,,,,,78.824,,,,,,
2026-09-28T16:31:48.401,505.404,0,773.75,39,,96.562,25.882,0.5,2.344,0.88,0.888,-0.297,5190,14.51,13.333,0,,,,,,,,569.3,,,,,
2026-09-28T16:31:48.531,505.534,0,779.25,40,,96.562,26.275,0.0,2.344,0.88,0.885,-0.305,5600,14.51,13.333,0,,,,,,,,,0.28,,,,
2026-09-28T16:31:48.661,505.664,0,791.0,41,,96.562,26.667,-3.0,2.344,0.88,0.882,-0.312,5950,14.51,13.333,0,,,,,,,,,,,0.781,,
2026-09-28T16:31:48.791,505.794,0,806.5,41,,96.562,26.667,-4.0,2.344,0.88,0.88,-0.32,6320,14.51,13.333,0,,,,,,,,,,,,27.451,
2026-09-28T16:31:48.921,505.924,0,817.75,41,,96.562,26.275,-4.5,2.344,0.88,0.877,-0.328,6530,14.51,13.333,0,,,,,,,,,,,,,541
2026-09-28T16:31:49.051,506.055,0,826.25,41,,96.562,26.667,-6.0,2.344,0.88,0.876,-0.332,6720,14.51,12.941,0,104,,,,,,,,,,,,
2026-09-28T16:31:49.180,506.184,0,822.0,41,,96.562,25.882,-4.0,1.562,0.88,0.873,-0.34,6790,14.51,13.333,0,,40,,,,,,,,,,,
2026-09-28T16:31:49.311,506.314,0,813.25,40,,96.562,25.882,-5.0,1.562,0.88,0.868,-0.355,6730,14.51,13.333,0,,,3.906,,,,,,,,,,
2026-09-28T16:31:49.440,506.444,0,804.25,41,,96.594,27.059,-4.0,1.562,0.88,0.872,-0.34,6860,14.51,13.333,0,,,,14.433,,,,,,,,,
2026-09-28T16:31:49.572,506.575,0,795.0,41,,96.562,27.059,-3.0,1.562,0.88,0.877,-0.328,6910,14.51,12.941,0,,,,,96,,,,,,,,
2026-09-28T16:31:49.701,506.704,0,788.5,41,,96.625,26.667,0.0,2.344,0.879,0.882,-0.312,6830,14.51,13.725,0,,,,,,21,,,,,,,
2026-09-28T16:31:49.831,506.834,0,785.75,41,,96.625,28.627,-1.0,2.344,0.871,0.885,-0.305,6860,14.51,12.941,0,,,,,,,78.824,,,,,,
2026-09-28T16:31:49.960,506.964,0,783.75,42,,96.625,27.059,-2.5,2.344,0.881,0.893,-0.281,7020,14.51,12.941,0,,,,,,,,563.3,,,,,
2026-09-28T16:31:50.091,507.094,0,796.0,42,,96.625,27.451,-3.0,2.344,0.921,0.928,-0.195,7060,14.51,12.941,0,,,,,,,,,0.93,,,,
2026-09-28T16:31:50.221,507.224,0,785.25,42,,96.625,27.451,0.5,2.344,0.952,0.956,-0.129,7050,14.51,12.941,0,,,,,,,,,,,0.781,,
2026-09-28T16:31:50.351,507.354,0,773.5,42,,96.688,27.451,-0.5,1.562,0.975,0.969,-0.098,6960,14.51,12.941,0,,,,,,,,,,,,29.02,
2026-09-28T16:31:50.481,507.484,0,773.5,43,,96.812,28.235,2.0,1.562,0.986,0.977,-0.082,7050,14.51,13.333,0,,,,,,,,,,,,,542
2026-09-28T16:31:50.611,507.614,0,771.75,44,,96.656,29.02,-1.0,1.562,0.994,0.983,-0.062,7330,14.51,12.941,0,104,,,,,,,,,,,,
2026-09-28T16:31:50.740,507.743,0,775.25,43,,96.719,28.235,-1.0,1.562,0.997,0.991,-0.043,7470,14.51,12.941,0,,40,,,,,,,,,,,
2026-09-28T16:31:50.872,507.875,0,779.0,43,,96.719,27.843,-2.5,1.562,0.999,0.99,-0.047,7420,14.51,12.941,0,,,3.906,,,,,,,,,,
2026-09-28T16:31:51.001,508.004,0,783.75,43,,96.719,28.235,-2.0,1.562,1.001,0.989,-0.047,7290,14.51,12.941,0,,,,14.335,,,,,,,,,
2026-09-28T16:31:51.131,508.134,0,776.75,42,,96.719,27.451,0.0,1.562,1.0,0.99,-0.047,7010,14.51,13.333,0,,,,,96,,,,,,,,
2026-09-28T16:31:51.261,508.264,0,770.0,42,,96.625,27.843,-0.5,0.781,1.003,0.99,-0.047,6900,14.51,13.333,0,,,,,,21,,,,,,,
2026-09-28T16:31:51.391,508.394,0,773.25,43,,96.75,28.235,-0.5,0.781,1.006,0.994,-0.035,7040,14.51,13.333,0,,,,,,,78.824,,,,,,
2026-09-28T16:31:51.522,508.525,0,775.0,43,,96.719,28.235,-1.0,0.781,1.009,1.0,-0.02,7100,14.51,13.333,0,,,,,,,,559.0,,,,,
2026-09-28T16:31:51.651,508.654,0,777.75,43,,96.781,27.843,-2.5,0.781,1.01,1.005,-0.016,7100,14.51,12.941,0,,,,,,,,,0.925,,,,
2026-09-28T16:31:51.781,508.784,0,775.5,42,,96.812,27.059,0.5,1.562,1.01,1.007,-0.012,6980,14.51,13.333,0,,,,,,,,,,,0.781,,
2026-09-28T16:31:51.911,508.914,0,778.25,41,,96.656,27.059,-0.5,0.781,1.01,1.003,-0.016,6830,14.51,12.941,0,,,,,,,,,,,,28.627,
2026-09-28T16:31:52.040,509.043,0,778.25,42,,96.812,27.451,-3.0,0.781,1.009,1.002,-0.02,6900,14.51,12.941,0,,,,,,,,,,,,,544
2026-09-28T16:31:52.174,509.177,0,786.5,41,,96.812,26.275,-2.0,0.781,1.008,1.003,-0.016,6820,14.51,12.941,0,105,,,,,,,,,,,,
2026-09-28T16:31:52.300,509.303,0,788.0,40,,96.75,25.882,-1.5,0.781,1.007,1.0,-0.02,6630,14.51,13.333,0,,40,,,,,,,,,,,
2026-09-28T16:31:52.432,509.435,0,786.75,40,,96.719,26.667,-2.5,0.781,1.006,0.996,-0.031,6390,14.51,13.333,0,,,3.906,,,,,,,,,,
2026-09-28T16:31:52.561,509.564,0,778.75,41,,96.719,27.059,-2.5,0.781,1.005,0.996,-0.031,6430,14.51,12.941,0,,,,13.984,,,,,,,,,
2026-09-28T16:31:52.690,509.693,0,781.0,41,,96.719,26.275,0.0,0.781,1.004,0.999,-0.02,6380,14.51,13.333,0,,,,,96,,,,,,,,
2026-09-28T16:31:52.820,509.823,0,782.25,41,,96.719,27.059,-2.0,0.781,1.004,1.0,-0.02,6490,14.51,12.941,0,,,,,,21,,,,,,,
2026-09-28T16:31:52.951,509.954,0,776.25,41,,96.719,26.275,-1.5,0.781,1.003,1.008,-0.012,6530,14.51,12.941,0,,,,,,,78.824,,,,,,
2026-09-28T16:31:53.080,510.083,0,779.5,41,,96.75,26.275,0.5,1.562,1.003,1.007,-0.012,6490,14.51,13.333,0,,,,,,,,555.6,,,,,
2026-09-28T16:31:53.210,510.213,0,781.5,41,,96.719,26.667,-2.0,0.781,1.003,0.999,-0.02,6610,14.51,12.941,0,,,,,,,,,0.9,,,,
2026-09-28T16:31:53.340,510.343,0,784.75,41,,96.719,26.667,-3.0,0.781,1.003,1.005,-0.016,6690,14.51,12.941,0,,,,,,,,,,,0.781,,
2026-09-28T16:31:53.472,510.475,0,792.75,41,,96.719,26.667,-4.0,1.562,1.003,1.006,-0.016,6650,14.51,12.941,0,,,,,,,,,,,,27.451,
2026-09-28T16:31:53.602,510.605,0,806.5,41,,96.688,26.275,-5.0,0.781,1.003,0.999,-0.023,6540,14.51,12.941,0,,,,,,,,,,,,,545
2026-09-28T16:31:53.730,510.733,0,798.25,41,,96.719,26.275,-5.0,0.781,1.003,0.996,-0.031,6460,14.51,12.941,0,105,,,,,,,,,,,,
2026-09-28T16:31:53.860,510.863,0,797.0,40,,96.688,25.882,-4.5,0.781,1.003,0.996,-0.031,6360,14.51,12.941,0,,40,,,,,,,,,,,
2026-09-28T16:31:53.990,510.993,0,807.75,40,,96.719,25.882,-4.5,0.781,1.003,0.995,-0.031,6290,14.51,12.941,0,,,4.688,,,,,,,,,,
2026-09-28T16:31:54.121,511.124,0,808.25,40,,96.719,26.275,-5.0,0.781,1.003,0.997,-0.027,6300,14.51,12.941,0,,,,14.082,,,,,,,,,
2026-09-28T16:31:54.251,511.254,0,801.0,40,,96.688,26.275,-5.5,0.781,1.003,0.999,-0.023,6340,14.51,12.941,0,,,,,96,,,,,,,,
2026-09-28T16:31:54.380,511.383,0,807.5,40,,96.719,25.882,-5.5,0.781,1.003,0.997,-0.027,6330,14.51,12.941,0,,,,,,21,,,,,,,
2026-09-28T16:31:54.510,511.513,0,810.75,40,,96.719,25.49,-4.5,0.781,1.003,0.998,-0.027,6200,14.51,12.941,0,,,,,,,78.824,,,,,,
2026-09-28T16:31:54.641,511.644,0,815.75,39,,96.688,25.49,-5.0,0.781,1.003,0.997,-0.027,6090,14.51,12.941,0,,,,,,,,552.1,,,,,
2026-09-28T16:31:54.772,511.775,0,813.75,40,,96.719,25.49,-6.0,0.781,1.003,0.997,-0.027,6050,14.51,12.941,0,,,,,,,,,0.885,,,,
2026-09-28T16:31:54.901,511.904,0,810.25,39,,96.688,25.49,-5.0,0.781,1.003,0.998,-0.023,5970,14.51,12.941,0,,,,,,,,,,,0.781,,
2026-09-28T16:31:55.030,512.033,0,815.25,39,,96.656,25.098,-4.5,0.781,1.003,0.998,-0.023,5870,14.51,12.941,0,,,,,,,,,,,,26.667,
2026-09-28T16:31:55.160,512.164,0,809.25,39,,96.75,25.882,-5.5,0.781,1.003,1.002,-0.02,5970,14.51,12.941,0,,,,,,,,,,,,,547
2026-09-28T16:31:55.290,512.294,0,803.25,40,,96.656,25.49,-5.5,0.781,1.003,1.005,-0.016,6040,14.51,12.941,0,105,,,,,,,,,,,,
2026-09-28T16:31:55.420,512.424,0,804.5,40,,96.719,25.098,-5.5,0.781,1.003,1.002,-0.02,6050,14.51,12.941,0,,40,,,,,,,,,,,
2026-09-28T16:31:55.550,512.553,0,809.75,39,,96.75,25.098,-5.5,0.781,1.003,1.003,-0.016,5980,14.51,12.941,0,,,4.688,,,,,,,,,,
2026-09-28T16:31:55.691,512.695,0,816.25,39,,96.75,25.098,-5.5,0.781,1.003,1.0,-0.02,5910,14.51,12.941,0,,,,13.984,,,,,,,,,
2026-09-28T16:31:55.821,512.824,0,818.75,39,,96.75,24.706,-5.5,0.781,1.003,1.0,-0.02,5810,14.51,12.941,0,,,,,96,,,,,,,,
2026-09-28T16:31:55.952,512.955,0,807.5,38,,96.781,24.706,-5.5,0.781,1.003,1.0,-0.02,5750,14.51,12.941,0,,,,,,21,,,,,,,
2026-09-28T16:31:56.081,513.084,0,804.25,38,,96.781,24.314,-4.5,0.781,1.003,1.002,-0.02,5650,14.51,13.725,0,,,,,,,78.824,,,,,,
2026-09-28T16:31:56.210,513.214,0,813.0,38,,96.688,24.706,9.5,0.781,1.003,0.999,-0.023,5710,14.51,14.902,0,,,,,,,,549.0,,,,,
2026-09-28T16:31:56.341,513.344,0,847.5,50,,96.625,32.941,-3.0,0.0,1.003,1.005,-0.016,5980,14.51,14.118,0,,,,,,,,,0.875,,,,
2026-09-28T16:31:56.473,513.476,0,926.75,48,,96.594,31.373,-7.0,0.781,1.003,0.998,-0.023,6540,19.608,14.118,0,,,,,,,,,,,0.781,,
2026-09-28T16:31:56.600,513.604,0,921.0,46,,96.688,29.412,0.5,0.0,1.003,0.986,-0.055,7210,27.059,15.686,0,,,,,,,,,,,,35.294,
2026-09-28T16:31:56.730,513.734,0,848.0,48,,96.562,40.392,7.5,0.0,1.003,0.973,-0.09,7910,27.843,17.647,0,,,,,,,,,,,,,549
2026-09-28T16:31:56.860,513.863,0,820.25,66,,96.312,55.294,6.5,-0.781,1.003,0.977,-0.082,8430,27.843,30.98,0,106,,,,,,,,,,,,
2026-09-28T16:31:56.991,513.995,0,902.0,85,,95.938,67.059,-7.0,0.0,1.003,1.001,-0.02,8990,27.843,20.0,1,,40,,,,,,,,,,,
2026-09-28T16:31:57.121,514.124,0,1051.0,89,,96.531,48.235,-1.0,0.781,1.004,1.033,0.016,9710,28.235,17.255,1,,,1.562,,,,,,,,,,
2026-09-28T16:31:57.251,514.254,0,1164.0,74,,97.219,39.216,11.0,0.781,1.003,0.996,-0.031,10680,29.02,17.647,2,,,,13.925,,,,,,,,,
2026-09-28T16:31:57.380,514.383,0,1181.25,71,,97.375,36.078,11.0,0.0,1.003,0.985,-0.059,11260,29.412,18.039,3,,,,,96,,,,,,,,
2026-09-28T16:31:57.510,514.514,0,1166.25,71,,97.531,36.471,11.0,0.0,1.002,0.985,-0.059,11750,32.157,21.569,3,,,,,,21,,,,,,,
2026-09-28T16:31:57.641,514.644,0,1181.75,82,,97.188,47.843,9.5,0.0,1.002,0.998,-0.023,12290,34.51,29.412,4,,,,,,,78.824,,,,,,
2026-09-28T16:31:57.772,514.775,0,1253.75,94,,97.438,54.902,9.5,0.0,1.002,0.989,-0.047,13010,34.51,28.627,5,,,,,,,,541.8,,,,,
2026-09-28T16:31:57.900,514.904,0,1294.25,94,,97.906,47.843,9.5,0.0,1.001,1.009,-0.012,13710,34.51,27.843,6,,,,,,,,,0.86,,,,
2026-09-28T16:31:58.031,515.034,0,1313.75,94,,99.281,47.059,9.0,0.781,1.001,1.029,0.012,14450,34.51,27.451,7,,,,,,,,,,,0.781,,
2026-09-28T16:31:58.161,515.164,0,1349.25,94,,99.875,45.098,9.5,1.562,1.001,1.029,0.012,15160,34.51,27.451,8,,,,,,,,,,,,70.588,
2026-09-28T16:31:58.290,515.293,0,1398.0,95,,100.562,44.314,9.0,1.562,1.002,1.024,0.004,15840,34.51,27.451,9,,,,,,,,,,,,,550
2026-09-28T16:31:58.421,515.424,0,1436.25,95,,101.281,41.569,9.0,2.344,1.002,1.027,0.008,16520,34.51,27.451,10,106,,,,,,,,,,,,
2026-09-28T16:31:58.550,515.554,0,1469.5,96,,102.875,40.0,9.0,2.344,1.002,1.024,0.004,17120,34.51,27.843,11,,39,,,,,,,,,,,
2026-09-28T16:31:58.681,515.684,0,1503.0,97,,103.562,39.608,9.0,2.344,1.002,1.01,-0.012,17130,34.51,27.451,12,,,0.781,,,,,,,,,,
2026-09-28T16:31:58.811,515.814,0,1555.0,97,,104.375,37.255,9.0,2.344,1.002,1.004,-0.016,16880,34.51,26.667,13,,,,13.828,,,,,,,,,
2026-09-28T16:31:58.940,515.944,0,1611.75,97,,106.094,33.725,9.5,3.125,1.002,1.013,-0.008,16630,34.51,26.667,14,,,,,96,,,,,,,,
2026-09-28T16:31:59.072,516.075,0,1747.75,96,,106.812,32.157,10.5,2.344,1.004,1.002,-0.02,16450,34.902,27.059,15,,,,,,21,,,,,,,
2026-09-28T16:31:59.201,516.205,0,1846.25,97,,107.469,31.373,11.0,2.344,1.007,1.005,-0.016,16480,34.902,26.275,16,,,,,,,78.824,,,,,,
2026-09-28T16:31:59.330,516.333,0,1918.75,95,,109.719,31.373,12.0,3.125,1.006,1.018,-0.004,16470,36.078,29.412,16,,,,,,,,534.8,,,,,
2026-09-28T16:31:59.461,516.464,0,2024.0,100,,109.969,34.51,11.0,2.344,1.006,0.989,-0.047,17120,36.078,28.627,17,,,,,,,,,0.835,,,,
2026-09-28T16:31:59.590,516.594,0,2077.75,100,,112.062,34.51,11.0,2.344,1.005,1.005,-0.016,17130,36.078,27.451,18,,,,,,,,,,,0.781,,
2026-09-28T16:31:59.720,516.723,0,1864.0,100,,113.844,33.333,-13.0,2.344,1.005,1.013,-0.008,17430,36.471,25.882,19,,,,,,,,,,,,76.078,
2026-09-28T16:31:59.850,516.853,0,1625.25,103,,118.812,37.255,-1.5,5.469,1.005,1.055,0.039,17630,36.863,25.098,19,,,,,,,,,,,,,552
2026-09-28T16:31:59.980,516.983,0,1611.75,102,,118.969,37.647,0.0,4.688,1.006,1.012,-0.008,17520,36.863,25.098,20,105,,,,,,,,,,,,
2026-09-28T16:32:00.111,517.114,0,1585.25,103,,118.812,38.431,5.5,3.125,1.006,0.982,-0.062,17570,36.471,24.706,21,,38,,,,,,,,,,,
2026-09-28T16:32:00.240,517.244,0,1547.5,103,,118.312,40.784,5.0,2.344,1.005,0.983,-0.062,17660,36.863,25.49,22,,,0.0,,,,,,,,,,
2026-09-28T16:32:00.372,517.375,0,1613.0,104,,117.438,39.608,5.5,1.562,1.005,0.981,-0.07,17840,36.471,25.882,22,,,,13.906,,,,,,,,,
2026-09-28T16:32:00.500,517.503,0,1653.75,104,,117.312,38.824,6.0,2.344,1.005,1.005,-0.016,17260,36.863,26.275,23,,,,,96,,,,,,,,
2026-09-28T16:32:00.630,517.634,0,1707.25,103,,117.5,36.863,6.5,3.125,1.004,1.0,-0.02,17260,36.471,27.059,24,,,,,,21,,,,,,,
2026-09-28T16:32:00.761,517.764,0,1775.5,104,,117.5,36.471,6.5,2.344,1.004,0.999,-0.023,17400,36.471,27.059,25,,,,,,,78.824,,,,,,
2026-09-28T16:32:00.892,517.896,0,1823.5,104,,117.906,35.686,7.5,2.344,1.004,0.998,-0.023,17490,36.863,26.667,25,,,,,,,,535.3,,,,,
2026-09-28T16:32:01.021,518.024,0,1863.0,103,,118.438,35.686,9.5,2.344,1.003,0.997,-0.027,17450,36.863,26.667,26,,,,,,,,,0.81,,,,
2026-09-28T16:32:01.151,518.154,0,1910.25,103,,119.406,35.686,9.5,1.562,1.002,0.996,-0.031,17390,36.863,26.667,26,,,,,,,,,,,0.781,,
2026-09-28T16:32:01.280,518.284,0,1949.25,103,,119.875,36.078,10.0,1.562,1.002,0.995,-0.031,17320,36.471,26.275,27,,,,,,,,,,,,79.608,
2026-09-28T16:32:01.410,518.414,0,1981.0,103,,120.344,35.686,10.0,1.562,1.002,0.992,-0.039,17250,36.078,25.49,27,,,,,,,,,,,,,553
2026-09-28T16:32:01.541,518.544,0,1935.0,102,,121.469,34.902,-17.5,1.562,1.002,0.995,-0.031,17320,36.078,23.529,28,103,,,,,,,,,,,,
2026-09-28T16:32:01.673,518.677,0,1597.25,103,,123.375,36.471,-7.0,3.125,1.002,1.041,0.023,17540,36.471,23.137,28,,36,,,,,,,,,,,
2026-09-28T16:32:01.801,518.804,0,1557.25,102,,123.031,39.216,-4.0,3.125,1.003,1.0,-0.02,17400,36.471,23.922,29,,,0.0,,,,,,,,,,
2026-09-28T16:32:01.931,518.934,0,1533.25,103,,121.344,42.745,1.0,1.562,1.003,0.978,-0.078,17660,36.471,23.529,29,,,,13.886,,,,,,,,,
2026-09-28T16:32:02.060,519.063,0,1477.75,103,,120.594,43.529,4.0,0.781,1.002,0.973,-0.09,17690,36.863,22.745,30,,,,,97,,,,,,,,
2026-09-28T16:32:02.190,519.194,0,1395.0,103,,119.594,47.843,5.5,0.0,1.002,0.965,-0.109,17760,36.863,22.353,30,,,,,,21,,,,,,,
2026-09-28T16:32:02.320,519.324,0,1398.25,101,,118.531,50.588,5.5,-0.781,1.002,0.96,-0.117,17690,36.863,23.922,31,,,,,,,78.824,,,,,,
2026-09-28T16:32:02.452,519.455,0,1414.5,101,,116.0,49.02,5.5,-0.781,1.002,0.965,-0.105,17510,36.863,24.706,31,,,,,,,,538.8,,,,,
2026-09-28T16:32:02.580,519.584,0,1436.0,102,,115.375,49.02,5.5,-0.781,1.002,0.974,-0.09,17520,36.863,25.49,31,,,,,,,,,0.8,,,,
2026-09-28T16:32:02.711,519.714,0,1454.5,102,,114.812,47.843,5.5,-0.781,1.001,0.982,-0.066,17480,37.255,25.882,32,,,,,,,,,,,0.781,,
2026-09-28T16:32:02.840,519.843,0,1484.5,104,,114.406,47.059,5.5,-0.781,1.001,0.986,-0.055,17820,37.255,26.667,32,,,,,,,,,,,,84.706,
2026-09-28T16:32:02.972,519.975,0,1502.75,104,,114.312,45.882,6.0,-1.562,1.002,0.992,-0.039,17930,37.647,27.451,33,,,,,,,,,,,,,555
2026-09-28T16:32:03.101,520.104,0,1528.5,104,,114.375,45.098,5.5,-0.781,1.003,0.999,-0.02,17830,37.647,27.451,33,102,,,,,,,,,,,,
2026-09-28T16:32:03.230,520.234,0,1553.5,104,,114.969,42.745,6.0,-0.781,1.003,1.007,-0.012,17660,38.039,27.451,34,,36,,,,,,,,,,,
2026-09-28T16:32:03.360,520.364,0,1569.5,105,,115.25,42.353,5.5,-0.781,1.003,1.003,-0.016,17950,38.039,27.843,34,,,0.0,,,,,,,,,,
2026-09-28T16:32:03.491,520.494,0,1598.5,106,,115.375,41.961,6.0,-0.781,1.003,1.011,-0.008,18060,38.039,27.451,35,,,,13.945,,,,,,,,,
2026-09-28T16:32:03.621,520.624,0,1617.25,106,,115.875,40.784,6.5,0.0,1.003,1.019,0.0,17960,38.039,27.451,35,,,,,96,,,,,,,,
2026-09-28T16:32:03.750,520.754,0,1643.5,106,,116.75,40.392,6.0,0.0,1.003,1.025,0.004,17860,38.039,27.451,36,,,,,,21,,,,,,,
2026-09-28T16:32:03.881,520.884,0,1666.5,106,,117.25,40.392,6.0,0.0,1.003,1.022,0.004,17700,38.039,28.235,36,,,,,,,78.824,,,,,,
2026-09-28T16:32:04.011,521.014,0,1690.75,107,,117.719,40.392,5.5,0.0,1.003,1.013,-0.008,18100,38.431,28.235,37,,,,,,,,543.3,,,,,
2026-09-28T16:32:04.141,521.144,0,1719.0,108,,118.812,40.0,6.5,0.0,1.003,1.01,-0.012,18160,38.431,28.235,38,,,,,,,,,0.81,,,,
2026-09-28T16:32:04.271,521.274,0,1745.25,108,,119.438,40.392,6.5,0.781,1.003,1.03,0.012,18010,37.647,27.451,38,,,,,,,,,,,0.781,,
2026-09-28T16:32:04.400,521.404,0,1765.75,107,,120.156,39.608,6.5,0.781,1.003,1.02,0.0,17840,36.078,25.098,38,,,,,,,,,,,,83.922,
2026-09-28T16:32:04.531,521.534,0,1779.5,106,,122.156,32.157,9.5,1.562,1.003,1.026,0.008,17410,34.51,22.353,39,,,,,,,,,,,,,556
2026-09-28T16:32:04.661,521.664,0,1817.25,95,,122.156,29.02,11.0,2.344,1.003,1.028,0.008,16700,30.98,20.392,39,101,,,,,,,,,,,,
2026-09-28T16:32:04.791,521.794,0,1826.25,89,,114.0,23.922,14.0,1.562,1.003,0.996,-0.031,16090,31.765,22.353,39,,35,,,,,,,,,,,
2026-09-28T16:32:04.922,521.925,0,1816.0,87,,112.562,25.49,14.0,1.562,1.002,0.989,-0.047,15550,32.157,23.137,40,,,0.781,,,,,,,,,,
2026-09-28T16:32:05.051,522.054,0,1843.25,90,,108.812,26.667,13.5,0.781,1.003,0.992,-0.043,15700,32.941,24.314,40,,,,13.789,,,,,,,,,
2026-09-28T16:32:05.181,522.184,0,1867.25,91,,107.594,27.451,13.5,0.781,1.002,0.991,-0.043,16130,33.333,25.49,40,,,,,96,,,,,,,,
2026-09-28T16:32:05.310,522.313,0,1896.75,93,,106.469,29.02,12.5,0.781,1.002,0.999,-0.023,16280,33.333,25.882,40,,,,,,21,,,,,,,
2026-09-28T16:32:05.440,522.443,0,1912.5,93,,106.031,28.627,-17.5,1.562,1.001,1.013,-0.008,16210,33.333,25.882,41,,,,,,,78.824,,,,,,
2026-09-28T16:32:05.571,522.574,0,1684.75,94,,106.25,28.627,-7.5,1.562,1.001,1.03,0.012,16420,33.333,24.706,41,,,,,,,,546.5,,,,,
2026-09-28T16:32:05.701,522.704,0,1600.25,95,,106.938,31.373,-5.0,2.344,1.002,1.014,-0.008,16480,33.333,24.706,41,,,,,,,,,0.795,,,,
2026-09-28T16:32:05.830,522.833,0,1539.0,94,,106.594,34.51,-1.0,1.562,1.002,0.993,-0.035,16510,33.333,24.314,41,,,,,,,,,,,0.781,,
2026-09-28T16:32:05.961,522.964,0,1499.0,94,,106.188,36.078,1.0,1.562,1.002,0.995,-0.031,16580,33.333,23.922,42,,,,,,,,,,,,68.627,
2026-09-28T16:32:06.091,523.094,0,1436.25,94,,105.781,38.039,3.0,1.562,1.002,0.996,-0.027,16600,33.333,23.529,42,,,,,,,,,,,,,558
2026-09-28T16:32:06.221,523.224,0,1377.25,94,,105.562,41.569,7.5,1.562,1.002,0.992,-0.043,16770,33.333,22.745,42,100,,,,,,,,,,,,
2026-09-28T16:32:06.350,523.354,0,1346.5,94,,108.594,43.922,9.5,1.562,1.003,0.993,-0.035,16670,33.333,21.961,42,,35,,,,,,,,,,,
2026-09-28T16:32:06.480,523.483,0,1355.0,93,,108.219,42.353,10.5,0.781,1.003,0.986,-0.055,16170,32.157,20.784,43,,,0.781,,,,,,,,,,
2026-09-28T16:32:06.610,523.613,0,1361.5,92,,108.219,40.784,11.0,0.781,1.003,0.996,-0.027,15780,30.98,18.824,43,,,,13.945,,,,,,,,,
2026-09-28T16:32:06.740,523.743,0,1371.75,85,,108.281,34.51,12.5,1.562,1.002,1.012,-0.008,15990,29.412,16.863,43,,,,,96,,,,,,,,
2026-09-28T16:32:06.871,523.874,0,1377.75,81,,108.156,31.765,13.5,0.781,1.002,0.983,-0.062,15130,29.412,16.863,43,,,,,,21,,,,,,,
2026-09-28T16:32:07.000,524.003,0,1385.0,75,,107.625,29.804,13.5,0.0,1.002,0.966,-0.105,14410,29.804,17.255,44,,,,,,,78.824,,,,,,
2026-09-28T16:32:07.130,524.133,0,1394.75,73,,106.281,29.412,14.0,-0.781,1.002,0.969,-0.098,14010,30.196,18.039,44,,,,,,,,546.9,,,,,
2026-09-28T16:32:07.260,524.264,0,1406.5,73,,105.969,29.804,14.0,0.0,1.002,0.983,-0.062,14470,29.804,18.039,44,,,,,,,,,0.785,,,,
2026-09-28T16:32:07.391,524.394,0,1415.0,74,,105.594,29.804,14.0,-0.781,1.002,0.985,-0.059,14900,29.804,17.255,44,,,,,,,,,,,0.781,,
2026-09-28T16:32:07.521,524.524,0,1413.5,73,,105.25,27.843,14.0,-1.562,1.002,0.98,-0.07,14590,29.804,18.039,44,,,,,,,,,,,,45.882,
2026-09-28T16:32:07.650,524.653,0,1418.5,74,,104.531,28.627,14.0,-0.781,1.002,0.996,-0.031,14170,30.196,18.039,44,,,,,,,,,,,,,560
2026-09-28T16:32:07.781,524.784,0,1428.25,73,,104.281,28.235,14.0,-0.781,1.002,0.994,-0.035,14260,30.196,18.431,45,100,,,,,,,,,,,,
2026-09-28T16:32:07.910,524.913,0,1435.0,73,,103.969,29.02,14.0,-0.781,1.002,1.001,-0.02,14770,30.196,18.431,45,,35,,,,,,,,,,,
2026-09-28T16:32:08.041,525.044,0,1442.25,74,,103.656,29.02,14.0,-0.781,1.002,0.998,-0.023,15230,31.373,20.784,45,,,0.781,,,,,,,,,,
2026-09-28T16:32:08.174,525.177,0,1455.25,82,,103.156,31.373,13.5,-0.781,1.002,1.003,-0.016,15620,31.373,21.569,45,,,,13.945,,,,,,,,,
2026-09-28T16:32:08.300,525.303,0,1462.0,86,,103.219,32.549,13.0,0.0,1.002,1.032,0.012,15620,31.373,21.569,46,,,,,96,,,,,,,,
2026-09-28T16:32:08.431,525.434,0,1464.25,87,,103.719,32.157,13.0,0.781,1.002,1.034,0.016,15570,30.98,20.784,46,,,,,,21,,,,,,,
2026-09-28T16:32:08.561,525.564,0,1477.75,85,,104.0,30.98,14.0,0.781,1.002,1.014,-0.008,15910,19.608,16.078,46,,,,,,,78.824,,,,,,
2026-09-28T16:32:08.690,525.693,0,1474.5,79,,102.969,24.314,-2.5,-0.781,1.001,0.962,-0.113,15060,14.51,12.941,47,,,,,,,,546.9,,,,,
2026-09-28T16:32:08.820,525.823,0,1487.75,59,,102.719,0.0,14.0,-2.344,1.002,0.974,-0.09,14310,22.353,14.118,47,,,,,,,,,0.78,,,,
2026-09-28T16:32:08.950,525.953,0,1483.25,33,,101.719,12.549,15.0,-0.781,1.002,0.998,-0.023,14200,25.098,15.686,47,,,,,,,,,,,0.781,,
2026-09-28T16:32:09.080,526.084,0,1487.0,37,,101.031,14.51,14.0,-0.781,1.001,0.995,-0.031,13890,27.059,16.078,47,,,,,,,,,,,,28.627,
2026-09-28T16:32:09.210,526.213,0,1501.25,43,,100.406,15.686,15.0,-1.562,1.001,0.978,-0.078,12630,27.451,17.255,47,,,,,,,,,,,,,561
2026-09-28T16:32:09.340,526.343,0,1508.25,52,,99.312,18.824,15.0,-2.344,1.001,0.978,-0.078,12650,27.843,17.255,47,99,,,,,,,,,,,,
2026-09-28T16:32:09.470,526.474,0,1511.5,59,,99.156,20.392,15.0,-3.125,1.001,0.954,-0.133,11510,28.235,17.255,48,,35,,,,,,,,,,,
2026-09-28T16:32:09.601,526.604,0,1518.75,59,,98.906,20.0,15.0,-3.906,1.002,0.984,-0.059,11600,28.627,18.039,48,,,1.562,,,,,,,,,,
2026-09-28T16:32:09.731,526.734,0,1531.5,60,,98.5,21.569,15.5,-2.344,1.002,0.995,-0.031,12500,25.882,17.647,48,,,,13.886,,,,,,,,,
2026-09-28T16:32:09.860,526.863,0,1531.5,67,,98.688,20.784,14.0,-4.688,1.002,0.967,-0.102,12520,14.51,14.51,48,,,,,96,,,,,,,,
2026-09-28T16:32:09.990,526.993,0,1527.0,54,,99.156,0.0,15.0,-3.906,1.002,0.987,-0.051,12230,16.471,13.725,48,,,,,,21,,,,,,,
2026-09-28T16:32:10.121,527.124,0,1534.75,40,,99.188,0.0,16.5,-3.906,1.001,0.991,-0.043,12190,19.608,12.941,48,,,,,,,78.824,,,,,,
2026-09-28T16:32:10.251,527.254,0,1530.5,27,,98.906,8.627,20.0,-3.906,1.001,0.994,-0.035,11650,21.569,13.725,49,,,,,,,,548.3,,,,,
2026-09-28T16:32:10.380,527.383,0,1518.75,24,,98.719,7.843,18.5,-4.688,1.001,0.987,-0.051,11070,23.137,15.294,49,,,,,,,,,0.775,,,,
2026-09-28T16:32:10.511,527.514,0,1570.0,29,,98.219,10.588,15.5,-3.906,1.001,0.99,-0.047,10240,23.529,15.686,49,,,,,,,,,,,0.781,,
2026-09-28T16:32:10.640,527.643,0,1543.25,37,,98.062,12.549,15.0,-3.906,1.001,1.012,-0.008,9480,14.51,12.549,49,,,,,,,,,,,,18.039,
2026-09-28T16:32:10.771,527.774,0,1546.25,29,,98.188,0.0,21.5,-3.125,1.001,1.015,-0.004,8930,14.902,12.549,49,,,,,,,,,,,,,563
2026-09-28T16:32:10.901,527.904,0,1531.25,24,,98.188,0.0,32.0,-4.688,1.001,0.97,-0.098,8460,17.647,12.941,49,99,,,,,,,,,,,,
2026-09-28T16:32:11.030,528.033,0,1564.0,22,,97.875,0.0,32.0,-4.688,1.001,0.997,-0.027,8180,20.784,12.941,49,,36,,,,,,,,,,,
2026-09-28T16:32:11.161,528.164,0,1556.75,22,,97.875,6.275,32.0,-3.125,1.002,1.028,0.008,8020,21.961,13.725,49,,,3.906,,,,,,,,,,
2026-09-28T16:32:11.290,528.293,0,1557.5,23,,97.594,7.059,20.0,-2.344,1.002,1.03,0.012,7520,22.353,14.902,49,,,,13.964,,,,,,,,,
2026-09-28T16:32:11.420,528.424,0,1585.25,27,,97.531,9.804,17.0,-3.125,1.002,0.999,-0.023,6800,22.745,14.902,49,,,,,96,,,,,,,,
2026-09-28T16:32:11.551,528.554,0,1554.0,32,,97.406,10.98,16.5,-3.125,1.001,1.011,-0.008,6010,23.137,14.902,50,,,,,,21,,,,,,,
2026-09-28T16:32:11.680,528.683,0,1568.0,34,,97.219,11.373,16.0,-2.344,1.001,1.013,-0.008,5280,23.137,15.686,50,,,,,,,78.824,,,,,,
2026-09-28T16:32:11.811,528.814,0,1556.0,34,,97.219,11.765,-11.5,-2.344,1.0,1.013,-0.008,6060,23.137,14.902,50,,,,,,,,550.1,,,,,
2026-09-28T16:32:11.941,528.944,0,1425.75,38,,97.281,14.118,-6.0,-3.906,1.0,0.972,-0.094,5940,14.51,12.157,50,,,,,,,,,0.775,,,,
2026-09-28T16:32:12.073,529.076,0,1322.25,29,,97.656,0.0,11.5,-4.688,1.0,0.96,-0.117,5850,14.51,12.157,50,,,,,,,,,,,0.781,,
2026-09-28T16:32:12.200,529.203,0,1214.25,25,,97.781,0.0,22.0,-4.688,1.0,0.986,-0.055,6050,14.51,12.157,50,,,,,,,,,,,,13.725,
2026-09-28T16:32:12.330,529.334,0,1170.25,23,,97.531,0.0,20.5,-3.906,1.001,0.988,-0.051,5760,14.51,12.157,50,,,,,,,,,,,,,564
2026-09-28T16:32:12.460,529.464,0,1199.0,22,,97.531,0.0,16.0,-4.688,1.001,0.973,-0.09,5370,14.51,12.157,50,99,,,,,,,,,,,,
2026-09-28T16:32:12.590,529.593,0,1202.75,22,,97.531,0.0,10.0,-5.469,1.002,0.964,-0.109,5040,14.51,12.157,50,,36,,,,,,,,,,,
2026-09-28T16:32:12.721,529.725,0,1207.0,22,,97.531,0.0,3.5,-6.25,1.003,0.961,-0.117,4710,14.51,12.157,50,,,7.031,,,,,,,,,,
2026-09-28T16:32:12.850,529.853,0,1203.25,22,,97.5,0.0,-1.0,-6.25,1.003,0.963,-0.113,4390,14.51,12.157,50,,,,13.828,,,,,,,,,
2026-09-28T16:32:12.981,529.984,0,1205.25,22,,97.531,0.0,-3.0,0.0,1.003,0.971,-0.094,4090,14.51,12.157,50,,,,,96,,,,,,,,
2026-09-28T16:32:13.111,530.114,0,1197.25,21,,97.344,0.0,-6.0,0.0,1.003,0.988,-0.051,4350,14.51,12.157,50,,,,,,21,,,,,,,
2026-09-28T16:32:13.240,530.243,0,1198.5,22,,97.344,0.0,-6.0,0.0,1.003,1.053,0.039,4710,14.51,12.157,50,,,,,,,78.039,,,,,,
2026-09-28T16:32:13.370,530.373,0,1195.25,22,,97.219,0.0,-6.0,0.0,1.004,1.171,0.164,5660,14.51,12.157,50,,,,,,,,551.9,,,,,
2026-09-28T16:32:13.501,530.504,0,1187.0,23,,97.219,0.0,-6.0,0.0,0.997,1.445,0.398,7210,14.51,12.157,50,,,,,,,,,0.775,,,,
2026-09-28T16:32:13.630,530.633,0,1178.0,24,,97.25,0.0,-6.5,0.0,1.006,1.997,0.676,8570,14.51,12.157,50,,,,,,,,,,,0.781,,
2026-09-28T16:32:13.760,530.763,0,1182.75,23,,97.219,0.0,-6.0,0.0,1.042,2.0,0.844,9010,14.51,12.157,50,,,,,,,,,,,,13.333,
2026-09-28T16:32:13.891,530.894,0,1186.0,23,,97.219,0.0,-6.5,0.0,1.107,2.0,0.973,9390,14.51,12.157,49,,,,,,,,,,,,,566
2026-09-28T16:32:14.021,531.024,0,1179.25,24,,97.219,0.0,-6.5,0.0,1.163,2.0,1.051,9660,14.51,12.157,49,100,,,,,,,,,,,,
2026-09-28T16:32:14.151,531.154,0,1175.5,25,,97.219,0.0,-6.5,0.0,1.212,2.0,1.113,9650,14.51,12.157,49,,37,,,,,,,,,,,
2026-09-28T16:32:14.281,531.284,0,1169.0,24,,97.25,0.0,-6.5,0.0,1.262,2.0,1.156,9640,14.51,12.157,49,,,7.031,,,,,,,,,,
2026-09-28T16:32:14.411,531.414,0,1163.25,24,,97.281,0.0,-6.5,0.0,1.342,2.0,1.184,9640,14.51,12.157,49,,,,13.906,,,,,,,,,
2026-09-28T16:32:14.540,531.543,0,1163.5,24,,97.25,0.0,-6.5,0.0,1.425,2.0,1.199,9630,14.51,12.157,48,,,,,96,,,,,,,,
2026-09-28T16:32:14.673,531.677,0,1158.75,23,,97.219,0.0,-6.5,0.0,1.53,2.0,1.215,9630,14.51,12.157,48,,,,,,21,,,,,,,
2026-09-28T16:32:14.801,531.804,0,1230.25,23,,97.219,0.0,-5.0,0.0,1.63,2.0,1.223,9620,14.51,12.549,48,,,,,,,78.824,,,,,,
2026-09-28T16:32:14.930,531.934,0,1315.5,24,,97.219,0.0,-4.0,0.0,1.718,2.0,1.234,9620,14.51,12.549,48,,,,,,,,554.6,,,,,
2026-09-28T16:32:15.060,532.064,0,1400.25,23,,97.219,0.0,-2.5,0.0,1.76,2.0,1.234,9620,14.51,12.549,47,,,,,,,,,0.61,,,,
2026-09-28T16:32:15.190,532.193,0,1486.0,23,,97.281,0.0,-2.0,0.0,1.784,2.0,1.242,9600,14.51,12.549,47,,,,,,,,,,,0.781,,
2026-09-28T16:32:15.321,532.324,0,1492.75,24,,97.438,0.0,-2.0,0.0,1.793,2.0,1.246,9600,14.51,12.549,47,,,,,,,,,,,,12.549,
2026-09-28T16:32:15.451,532.454,0,1487.0,23,,97.531,0.0,-2.0,0.0,1.797,2.0,1.25,9600,14.51,12.549,47,,,,,,,,,,,,,567
2026-09-28T16:32:15.581,532.584,0,1479.25,23,,97.531,0.0,-2.0,0.0,1.799,2.0,1.258,9600,14.51,12.549,47,101,,,,,,,,,,,,
2026-09-28T16:32:15.710,532.713,0,1471.5,23,,97.531,0.0,-2.5,0.0,1.799,2.0,1.262,9590,14.51,12.549,47,,37,,,,,,,,,,,
2026-09-28T16:32:15.840,532.843,0,1473.75,23,,97.531,0.0,-2.0,0.0,1.8,2.0,1.258,9590,14.51,12.549,47,,,5.469,,,,,,,,,,
2026-09-28T16:32:15.971,532.974,0,1478.75,23,,97.531,0.0,-2.0,0.0,1.8,2.0,1.262,9590,14.51,12.549,47,,,,13.886,,,,,,,,,
2026-09-28T16:32:16.101,533.104,0,1471.5,23,,97.531,0.0,-2.5,0.0,1.8,2.0,1.262,9580,14.51,12.549,46,,,,,96,,,,,,,,
2026-09-28T16:32:16.230,533.233,0,1465.25,23,,97.562,0.0,-2.5,0.0,1.8,2.0,1.262,9580,14.51,12.549,46,,,,,,21,,,,,,,
2026-09-28T16:32:16.360,533.364,0,1464.5,23,,97.562,0.0,-2.5,0.0,1.8,2.0,1.262,9580,14.51,12.549,46,,,,,,,78.824,,,,,,
2026-09-28T16:32:16.491,533.494,0,1467.75,23,,97.656,0.0,-2.5,0.0,1.8,2.0,1.266,9570,14.51,12.549,46,,,,,,,,556.6,,,,,
2026-09-28T16:32:16.620,533.623,0,1464.75,23,,97.562,0.0,-2.5,0.0,1.8,2.0,1.266,9570,14.51,12.549,46,,,,,,,,,0.1,,,,
2026-09-28T16:32:16.750,533.754,0,1462.5,23,,97.781,0.0,-2.5,0.0,1.8,2.0,1.262,9560,14.51,12.549,46,,,,,,,,,,,0.781,,
2026-09-28T16:32:16.881,533.884,0,1457.5,23,,97.75,0.0,-2.5,0.0,1.8,2.0,1.27,9560,14.51,12.549,46,,,,,,,,,,,,12.941,
2026-09-28T16:32:17.010,534.013,0,1454.0,23,,97.688,0.0,-2.5,0.0,1.8,2.0,1.266,9560,14.51,12.549,46,,,,,,,,,,,,,569
2026-09-28T16:32:17.141,534.144,0,1453.5,23,,97.875,0.0,-2.5,0.0,1.8,2.0,1.27,9560,14.51,12.549,46,101,,,,,,,,,,,,
2026-09-28T16:32:17.270,534.273,0,1449.0,23,,97.875,0.0,-2.5,0.0,1.8,2.0,1.266,9550,14.51,12.549,46,,38,,,,,,,,,,,
2026-09-28T16:32:17.400,534.403,0,1448.25,23,,97.875,0.0,-2.5,0.0,1.8,2.0,1.262,9560,14.51,12.549,46,,,5.469,,,,,,,,,,
2026-09-28T16:32:17.530,534.533,0,1448.75,23,,97.844,0.0,-2.5,0.0,1.8,2.0,1.27,9540,14.51,12.549,46,,,,13.925,,,,,,,,,
2026-09-28T16:32:17.660,534.663,0,1445.5,23,,97.875,0.0,-2.5,0.0,1.8,2.0,1.266,9540,14.51,12.549,46,,,,,96,,,,,,,,
2026-09-28T16:32:17.790,534.793,0,1441.0,23,,97.875,0.0,-2.5,0.0,1.8,2.0,1.266,9540,18.824,12.549,46,,,,,,21,,,,,,,
2026-09-28T16:32:17.920,534.923,0,1440.75,24,,97.875,0.0,-2.5,0.0,1.8,2.0,1.27,9530,19.608,12.549,46,,,,,,,78.824,,,,,,
2026-09-28T16:32:18.051,535.054,0,1441.25,23,,97.875,7.843,10.5,0.0,1.862,2.0,1.293,9700,20.784,12.549,46,,,,,,,,558.6,,,,,
2026-09-28T16:32:18.180,535.183,0,1464.25,22,,97.875,7.059,31.5,0.0,1.729,2.0,0.797,9680,25.098,16.078,46,,,,,,,,,0.095,,,,
2026-09-28T16:32:18.310,535.313,0,1444.25,24,,97.531,10.588,11.0,0.0,1.226,1.375,0.348,9200,27.451,16.078,46,,,,,,,,,,,0.781,,
2026-09-28T16:32:18.440,535.443,0,1492.5,42,,97.281,15.294,14.0,0.0,1.022,1.054,0.039,8310,28.235,16.863,46,,,,,,,,,,,,32.941,
2026-09-28T16:32:18.573,535.576,0,1508.25,48,,97.219,17.647,14.0,0.0,0.941,0.935,-0.176,8710,29.02,17.647,46,,,,,,,,,,,,,570
2026-09-28T16:32:18.701,535.704,0,1468.0,52,,97.219,20.0,14.5,0.0,0.918,0.909,-0.238,9820,29.412,18.431,46,101,,,,,,,,,,,,
2026-09-28T16:32:18.830,535.833,0,1480.75,59,,97.219,23.137,14.5,-0.781,0.908,0.884,-0.309,10370,29.804,18.431,47,,38,,,,,,,,,,,
2026-09-28T16:32:18.960,535.963,0,1489.5,68,,97.531,23.922,15.0,-0.781,0.903,0.907,-0.246,11420,30.196,19.216,47,,,0.781,,,,,,,,,,
2026-09-28T16:32:19.090,536.093,0,1495.0,69,,97.531,24.706,15.0,0.0,0.897,0.92,-0.211,12510,30.196,19.216,47,,,,13.867,,,,,,,,,
2026-09-28T16:32:19.220,536.223,0,1497.25,70,,97.844,25.098,15.0,1.562,0.892,0.911,-0.234,13700,30.196,19.216,47,,,,,96,,,,,,,,
2026-09-28T16:32:19.350,536.353,0,1505.0,72,,98.25,24.706,15.0,0.781,0.887,0.897,-0.27,14400,30.196,19.608,48,,,,,,21,,,,,,,
2026-09-28T16:32:19.481,536.484,0,1517.5,75,,98.5,25.098,14.5,1.562,0.883,0.895,-0.277,14870,30.196,19.608,48,,,,,,,78.824,,,,,,
2026-09-28T16:32:19.610,536.614,0,1528.75,75,,98.812,24.706,15.0,1.562,0.882,0.896,-0.273,14940,30.588,19.216,48,,,,,,,,554.2,,,,,
2026-09-28T16:32:19.740,536.743,0,1535.5,73,,99.469,23.922,15.0,2.344,0.883,0.899,-0.262,14790,30.588,20.0,49,,,,,,,,,0.215,,,,
2026-09-28T16:32:19.871,536.874,0,1551.5,74,,99.75,24.314,15.0,2.344,0.883,0.89,-0.289,14870,30.196,20.0,49,,,,,,,,,,,0.781,,
2026-09-28T16:32:20.000,537.003,0,1561.0,77,,99.938,23.922,15.0,1.562,0.883,0.88,-0.32,14530,27.843,17.647,49,,,,,,,,,,,,46.667,
2026-09-28T16:32:20.130,537.133,0,1570.5,77,,100.906,20.0,15.5,1.562,0.884,0.893,-0.281,14290,26.275,16.078,50,,,,,,,,,,,,,572
2026-09-28T16:32:20.261,537.264,0,1571.0,56,,101.062,17.647,15.5,2.344,0.882,0.878,-0.324,14170,26.667,16.471,50,102,,,,,,,,,,,,
2026-09-28T16:32:20.391,537.394,0,1589.75,54,,100.844,16.863,15.5,0.0,0.881,0.853,-0.406,12890,26.667,16.471,50,,38,,,,,,,,,,,
2026-09-28T16:32:20.520,537.523,0,1599.0,52,,100.75,15.686,15.5,0.0,0.88,0.867,-0.359,12810,26.667,16.863,50,,,1.562,,,,,,,,,,
2026-09-28T16:32:20.650,537.653,0,1602.25,53,,100.438,16.078,15.5,0.0,0.88,0.861,-0.379,11940,26.667,16.078,51,,,,13.828,,,,,,,,,
2026-09-28T16:32:20.780,537.783,0,1618.5,54,,100.344,16.078,15.5,0.0,0.88,0.857,-0.391,11180,26.275,16.863,51,,,,,97,,,,,,,,
2026-09-28T16:32:20.911,537.914,0,1629.25,52,,100.125,15.686,15.5,-3.125,0.88,0.822,-0.508,10800,19.216,13.333,51,,,,,,21,,,,,,,
2026-09-28T16:32:21.040,538.043,0,1606.5,40,,99.469,12.157,15.5,-4.688,0.88,0.825,-0.496,10630,19.608,12.941,51,,,,,,,78.824,,,,,,
2026-09-28T16:32:21.173,538.177,0,1598.5,32,,99.156,9.412,18.5,-3.906,0.88,0.859,-0.383,10020,20.0,12.549,51,,,,,,,,549.4,,,,,
2026-09-28T16:32:21.300,538.303,0,1618.5,27,,99.094,7.843,29.0,-1.562,0.879,0.892,-0.285,9540,20.392,12.941,51,,,,,,,,,0.24,,,,
2026-09-28T16:32:21.430,538.433,0,1601.5,23,,98.625,6.275,31.5,0.0,0.88,0.945,-0.152,9290,22.745,14.902,51,,,,,,,,,,,0.781,,
2026-09-28T16:32:21.560,538.563,0,1582.0,28,,98.281,9.412,17.0,3.125,0.88,0.95,-0.141,8620,23.922,15.294,51,,,,,,,,,,,,23.137,
2026-09-28T16:32:21.690,538.694,0,1605.5,34,,97.875,11.373,4.0,1.562,0.88,0.903,-0.254,7560,23.922,15.686,51,,,,,,,,,,,,,574
2026-09-28T16:32:21.820,538.823,0,1630.0,38,,98.031,12.549,2.5,0.0,0.879,0.857,-0.391,6840,24.314,15.294,52,102,,,,,,,,,,,,
2026-09-28T16:32:21.951,538.954,0,1603.75,40,,97.781,12.549,-1.0,-1.562,0.874,0.854,-0.402,7030,25.098,16.078,52,,37,,,,,,,,,,,
2026-09-28T16:32:22.081,539.084,0,1548.0,44,,97.562,14.51,-6.0,-2.344,0.91,0.889,-0.293,7450,25.098,15.686,52,,,2.344,,,,,,,,,,
2026-09-28T16:32:22.210,539.213,0,1464.5,46,,97.562,15.686,-3.5,-3.125,0.969,0.944,-0.152,8920,25.098,15.294,52,,,,13.886,,,,,,,,,
2026-09-28T16:32:22.341,539.344,0,1381.0,47,,97.719,19.216,4.0,-3.125,0.989,0.947,-0.148,9080,25.098,14.902,52,,,,,97,,,,,,,,
2026-09-28T16:32:22.471,539.474,0,1313.0,46,,98.188,19.608,7.5,-3.906,0.997,0.971,-0.094,9020,25.098,14.902,53,,,,,,21,,,,,,,
2026-09-28T16:32:22.601,539.604,0,1256.25,46,,98.188,21.176,11.0,-3.125,0.999,0.995,-0.031,9510,25.49,15.294,53,,,,,,,78.824,,,,,,
2026-09-28T16:32:22.731,539.734,0,1262.25,45,,98.156,21.961,13.5,-2.344,1.005,1.005,-0.016,9310,25.882,15.294,53,,,,,,,,548.5,,,,,
2026-09-28T16:32:22.861,539.864,0,1276.0,48,,98.062,22.353,13.5,-3.125,1.009,1.007,-0.012,9290,25.882,15.294,53,,,,,,,,,0.935,,,,
2026-09-28T16:32:22.991,539.994,0,1283.5,48,,98.125,22.745,14.0,-2.344,1.011,1.013,-0.008,10520,25.882,15.294,53,,,,,,,,,,,0.781,,
2026-09-28T16:32:23.120,540.123,0,1286.25,49,,98.0,21.569,14.0,-3.125,1.012,0.989,-0.047,9930,25.882,15.294,53,,,,,,,,,,,,31.765,
2026-09-28T16:32:23.250,540.253,0,1291.75,49,,97.875,21.961,14.0,-3.906,1.012,0.997,-0.027,9700,26.275,15.294,53,,,,,,,,,,,,,575
2026-09-28T16:32:23.380,540.383,0,1295.75,48,,97.875,22.745,14.0,-3.125,1.011,0.996,-0.031,10530,26.667,15.294,54,103,,,,,,,,,,,,
2026-09-28T16:32:23.511,540.514,0,1298.25,50,,97.875,22.745,14.0,-4.688,1.009,0.973,-0.09,10370,26.667,15.294,54,,38,,,,,,,,,,,
2026-09-28T16:32:23.640,540.643,0,1304.75,50,,97.875,23.137,14.0,-6.25,1.007,0.946,-0.152,10190,26.667,15.294,54,,,3.125,,,,,,,,,,
2026-09-28T16:32:23.770,540.773,0,1302.75,50,,97.875,22.745,14.0,-7.812,1.004,0.926,-0.199,10970,26.667,15.294,54,,,,13.828,,,,,,,,,
2026-09-28T16:32:23.901,540.904,0,1304.5,52,,97.875,23.529,13.5,-10.938,1.003,0.906,-0.246,10690,27.059,15.686,54,,,,,96,,,,,,,,
2026-09-28T16:32:24.030,541.033,0,1316.5,53,,97.875,24.314,13.5,-12.5,1.003,0.911,-0.234,10720,27.451,15.686,54,,,,,,21,,,,,,,
2026-09-28T16:32:24.161,541.164,0,1327.25,53,,97.875,24.314,13.5,-12.5,1.003,0.929,-0.191,11800,27.451,15.686,55,,,,,,,78.824,,,,,,
2026-09-28T16:32:24.290,541.293,0,1319.5,55,,97.875,24.314,13.5,-14.062,1.002,0.928,-0.195,12040,27.059,15.686,55,,,,,,,,548.4,,,,,
2026-09-28T16:32:24.421,541.424,0,1322.25,55,,97.906,24.314,13.5,-13.281,1.003,0.965,-0.109,11500,26.275,15.294,55,,,,,,,,,0.93,,,,
2026-09-28T16:32:24.550,541.553,0,1328.25,52,,98.188,22.745,14.0,-12.5,1.003,0.99,-0.047,12060,26.275,15.294,55,,,,,,,,,,,0.781,,
2026-09-28T16:32:24.681,541.684,0,1330.5,53,,98.125,22.353,14.0,-13.281,1.004,0.974,-0.09,11270,26.275,15.294,55,,,,,,,,,,,,34.118,
2026-09-28T16:32:24.810,541.813,0,1344.0,52,,98.062,21.961,14.0,-13.281,1.006,0.995,-0.031,10540,26.667,15.686,55,,,,,,,,,,,,,577
2026-09-28T16:32:24.940,541.943,0,1342.75,50,,98.062,22.353,14.0,-11.719,1.006,1.021,0.0,10810,26.667,15.686,55,103,,,,,,,,,,,,
2026-09-28T16:32:25.071,542.074,0,1344.5,51,,97.969,22.353,14.0,-11.719,1.005,1.009,-0.012,10800,26.667,15.686,56,,38,,,,,,,,,,,
2026-09-28T16:32:25.200,542.203,0,1347.0,52,,97.938,22.353,14.0,-12.5,1.003,0.999,-0.023,10760,27.059,15.686,56,,,3.125,,,,,,,,,,
2026-09-28T16:32:25.330,542.333,0,1347.75,53,,98.125,22.745,14.0,-11.719,1.003,1.02,0.0,10910,26.667,15.686,56,,,,13.886,,,,,,,,,
2026-09-28T16:32:25.460,542.464,0,1348.75,51,,98.125,21.961,14.0,-10.938,1.003,1.031,0.012,11200,26.275,15.294,56,,,,,97,,,,,,,,
2026-09-28T16:32:25.590,542.594,0,1353.0,50,,98.156,21.961,14.0,-10.156,1.002,1.036,0.02,10990,25.882,15.294,56,,,,,,21,,,,,,,
2026-09-28T16:32:25.720,542.723,0,1360.0,50,,98.094,19.216,14.0,-9.375,1.002,1.036,0.02,10420,14.51,12.549,56,,,,,,,78.824,,,,,,
2026-09-28T16:32:25.850,542.853,0,1359.5,36,,97.875,0.0,16.0,-9.375,1.002,1.035,0.016,9790,14.51,12.549,56,,,,,,,,548.1,,,,,
2026-09-28T16:32:25.981,542.984,0,1346.5,30,,97.875,0.0,19.5,-7.812,1.003,1.062,0.047,9310,14.51,12.549,56,,,,,,,,,0.905,,,,
2026-09-28T16:32:26.110,543.113,0,1341.5,24,,97.844,0.0,28.0,-6.25,1.003,1.099,0.09,8990,16.078,12.549,56,,,,,,,,,,,0.781,,
2026-09-28T16:32:26.240,543.243,0,1364.5,22,,97.594,0.0,30.0,-4.688,1.003,1.106,0.098,8670,18.431,12.549,56,,,,,,,,,,,,12.941,
2026-09-28T16:32:26.371,543.374,0,1361.5,22,,97.531,0.0,28.5,-4.688,1.004,1.082,0.07,8280,20.784,12.549,56,,,,,,,,,,,,,578
2026-09-28T16:32:26.501,543.504,0,1359.75,21,,97.531,7.843,30.0,-4.688,1.005,1.066,0.055,7900,22.745,14.51,56,103,,,,,,,,,,,,
2026-09-28T16:32:26.630,543.633,0,1359.25,23,,97.219,12.549,18.0,-4.688,1.005,1.056,0.039,7320,24.314,15.294,56,,37,,,,,,,,,,,
2026-09-28T16:32:26.760,543.763,0,1387.0,36,,97.188,14.902,14.0,-4.688,1.005,1.034,0.016,6570,24.314,14.902,57,,,3.125,,,,,,,,,,
2026-09-28T16:32:26.890,543.893,0,1363.75,39,,97.219,16.863,14.0,-4.688,1.004,1.028,0.008,6060,24.314,15.294,57,,,,13.867,,,,,,,,,
2026-09-28T16:32:27.020,544.023,0,1364.25,40,,97.156,16.863,14.0,-4.688,1.003,1.021,0.0,6650,24.314,15.294,57,,,,,96,,,,,,,,
2026-09-28T16:32:27.151,544.154,0,1364.75,43,,97.375,17.647,14.0,-4.688,1.003,1.0,-0.02,6600,24.706,15.294,57,,,,,,21,,,,,,,
2026-09-28T16:32:27.281,544.284,0,1369.0,43,,97.25,17.647,14.0,-5.469,1.003,0.999,-0.023,6920,24.706,15.294,57,,,,,,,78.824,,,,,,
2026-09-28T16:32:27.412,544.415,0,1375.25,43,,97.25,18.039,14.0,-5.469,1.003,1.012,-0.008,7260,24.314,15.294,57,,,,,,,,548.5,,,,,
2026-09-28T16:32:27.541,544.544,0,1379.5,42,,97.281,18.039,14.0,-4.688,1.003,1.011,-0.008,7890,24.314,14.902,57,,,,,,,,,0.885,,,,
2026-09-28T16:32:27.673,544.676,0,1382.5,42,,97.406,17.255,14.0,-5.469,1.003,0.989,-0.047,7740,24.706,14.902,57,,,,,,,,,,,0.781,,
2026-09-28T16:32:27.801,544.804,0,1385.75,42,,97.281,17.647,14.0,-5.469,1.003,0.996,-0.031,7610,24.706,14.902,57,,,,,,,,,,,,29.412,
2026-09-28T16:32:27.931,544.934,0,1394.75,43,,97.531,17.647,14.0,-5.469,1.003,0.989,-0.047,8450,24.706,15.294,57,,,,,,,,,,,,,580
2026-09-28T16:32:28.061,545.064,0,1390.0,45,,97.344,17.647,14.0,-7.812,1.003,0.957,-0.125,8010,24.706,15.294,57,103,,,,,,,,,,,,
2026-09-28T16:32:28.190,545.193,0,1392.75,44,,97.438,17.255,14.0,-7.031,1.003,0.99,-0.047,8040,24.706,14.902,58,,38,,,,,,,,,,,
2026-09-28T16:32:28.320,545.323,0,1390.75,45,,97.469,18.039,14.0,-4.688,1.003,1.037,0.02,8730,24.706,14.902,58,,,2.344,,,,,,,,,,
2026-09-28T16:32:28.450,545.453,0,1390.5,43,,97.5,17.647,14.0,-3.906,1.003,1.032,0.016,8780,24.706,14.902,58,,,,13.886,,,,,,,,,
2026-09-28T16:32:28.580,545.583,0,1393.0,43,,97.469,17.647,14.0,-4.688,1.003,1.025,0.004,8300,24.706,14.902,58,,,,,96,,,,,,,,
2026-09-28T16:32:28.710,545.713,0,1395.5,43,,97.5,18.039,14.0,-3.906,1.003,1.03,0.012,8780,24.706,14.902,58,,,,,,21,,,,,,,
2026-09-28T16:32:28.840,545.843,0,1401.75,44,,97.5,17.255,14.0,-3.906,1.003,1.021,0.0,8260,24.706,14.902,58,,,,,,,78.824,,,,,,
2026-09-28T16:32:28.971,545.974,0,1408.5,44,,97.5,17.255,14.5,-3.906,1.003,1.019,0.0,8060,24.706,14.902,58,,,,,,,,548.5,,,,,
2026-09-28T16:32:29.100,546.104,0,1408.75,43,,97.5,17.255,14.5,-2.344,1.003,1.035,0.016,8910,24.706,14.902,58,,,,,,,,,0.86,,,,
2026-09-28T16:32:29.230,546.234,0,1406.25,43,,97.531,17.255,14.0,-2.344,1.003,1.028,0.008,8460,14.51,12.549,58,,,,,,,,,,,0.781,,
2026-09-28T16:32:29.360,546.363,0,1401.75,36,,97.219,0.0,17.5,-3.125,1.003,1.0,-0.02,7870,14.51,12.549,58,,,,,,,,,,,,16.863,
2026-09-28T16:32:29.490,546.493,0,1389.5,28,,97.406,0.0,21.5,-3.125,1.003,1.039,0.023,7930,15.294,12.549,58,,,,,,,,,,,,,581
2026-09-28T16:32:29.620,546.623,0,1385.0,24,,97.25,0.0,29.0,0.0,1.003,1.102,0.09,7570,16.078,12.549,58,104,,,,,,,,,,,,
2026-09-28T16:32:29.750,546.753,0,1402.0,22,,97.219,0.0,30.5,0.781,1.004,1.079,0.066,7110,17.255,12.549,58,,38,,,,,,,,,,,
2026-09-28T16:32:29.880,546.883,0,1407.5,22,,97.219,0.0,20.0,0.0,1.004,1.041,0.023,6690,17.647,12.549,58,,,5.469,,,,,,,,,,
2026-09-28T16:32:30.011,547.014,0,1405.0,22,,97.219,0.0,15.0,-0.781,1.005,1.001,-0.02,6280,17.647,12.549,58,,,,13.886,,,,,,,,,
2026-09-28T16:32:30.141,547.144,0,1402.75,22,,97.219,0.0,9.5,-1.562,1.005,0.99,-0.047,5900,14.51,12.549,58,,,,,97,,,,,,,,
2026-09-28T16:32:30.270,547.273,0,1401.0,21,,97.219,0.0,5.0,-1.562,1.005,0.995,-0.031,5530,14.51,12.549,58,,,,,,21,,,,,,,
2026-09-28T16:32:30.400,547.403,0,1402.75,21,,97.219,0.0,1.0,-1.562,1.005,0.998,-0.023,5140,14.51,12.549,58,,,,,,,78.824,,,,,,
2026-09-28T16:32:30.530,547.533,0,1397.0,21,,97.219,0.0,-2.5,0.0,1.006,0.993,-0.039,4880,14.51,12.549,58,,,,,,,,549.3,,,,,
2026-09-28T16:32:30.660,547.663,0,1392.0,22,,97.156,0.0,-3.0,0.0,1.005,1.027,0.008,5150,14.51,12.549,58,,,,,,,,,0.86,,,,
2026-09-28T16:32:30.790,547.793,0,1391.25,22,,97.219,0.0,-3.0,0.0,1.004,1.182,0.176,6380,14.51,12.549,58,,,,,,,,,,,0.781,,
2026-09-28T16:32:30.920,547.923,0,1372.75,23,,97.219,0.0,-4.0,0.0,0.997,1.678,0.539,7950,14.51,12.549,58,,,,,,,,,,,,12.941,
2026-09-28T16:32:31.050,548.053,0,1382.5,24,,97.219,0.0,-3.0,0.0,1.017,2.0,0.781,9150,14.51,12.549,58,,,,,,,,,,,,,583
2026-09-28T16:32:31.190,548.193,0,1388.25,24,,97.25,0.0,-3.0,0.0,1.083,2.0,0.969,9400,14.51,12.549,58,104,,,,,,,,,,,,
2026-09-28T16:32:31.320,548.323,0,1387.5,25,,97.344,0.0,-3.0,0.0,1.149,2.0,1.062,9830,14.51,12.549,58,,38,,,,,,,,,,,
2026-09-28T16:32:31.450,548.454,0,1384.75,24,,97.531,0.0,-3.0,0.0,1.207,2.0,1.121,9810,14.51,12.549,58,,,5.469,,,,,,,,,,
2026-09-28T16:32:31.580,548.583,0,1381.75,24,,97.531,0.0,-3.0,0.0,1.272,2.0,1.176,9800,14.51,12.549,58,,,,13.906,,,,,,,,,
2026-09-28T16:32:31.710,548.714,0,1380.75,24,,97.531,0.0,-3.0,0.0,1.372,2.0,1.203,9800,14.51,12.549,58,,,,,97,,,,,,,,
2026-09-28T16:32:31.840,548.843,0,1378.5,24,,97.531,0.0,-3.0,0.0,1.471,2.0,1.219,9790,14.51,12.549,58,,,,,,21,,,,,,,
2026-09-28T16:32:31.971,548.974,0,1374.0,23,,97.531,0.0,-4.0,0.0,1.604,2.0,1.234,9790,14.51,12.549,58,,,,,,,78.824,,,,,,
2026-09-28T16:32:32.100,549.104,0,1371.75,24,,97.531,0.0,-4.0,0.0,1.695,2.0,1.242,9780,14.51,12.549,57,,,,,,,,551.1,,,,,
2026-09-28T16:32:32.231,549.234,0,1369.0,24,,97.531,0.0,-4.0,0.0,1.754,2.0,1.246,9770,14.51,12.549,58,,,,,,,,,0.68,,,,
2026-09-28T16:32:32.360,549.363,0,1369.0,23,,97.531,0.0,-4.0,0.0,1.778,2.0,1.254,9760,14.902,12.549,58,,,,,,,,,,,0.781,,
2026-09-28T16:32:32.490,549.493,0,1370.25,24,,97.531,0.0,-4.0,0.0,1.791,2.0,1.258,9760,14.902,12.549,57,,,,,,,,,,,,13.333,
2026-09-28T16:32:32.620,549.623,0,1374.0,24,,97.531,0.0,-4.0,0.0,1.795,2.0,1.258,9750,14.51,12.549,58,,,,,,,,,,,,,584
2026-09-28T16:32:32.750,549.753,0,1370.75,24,,97.531,0.0,-4.0,0.0,1.798,2.0,1.258,9740,14.902,12.549,57,104,,,,,,,,,,,,
2026-09-28T16:32:32.880,549.883,0,1367.0,24,,97.531,0.0,-4.0,0.0,1.799,2.0,1.262,9740,14.902,12.549,57,,38,,,,,,,,,,,
2026-09-28T16:32:33.011,550.014,0,1364.75,24,,97.531,0.0,-4.0,0.0,1.8,2.0,1.262,9730,14.902,12.549,58,,,6.25,,,,,,,,,,
2026-09-28T16:32:33.140,550.143,0,1363.5,23,,97.562,0.0,-4.0,0.0,1.8,2.0,1.262,9730,14.902,12.549,57,,,,13.906,,,,,,,,,
2026-09-28T16:32:33.270,550.273,0,1366.0,24,,97.562,0.0,-4.0,0.0,1.8,2.0,1.266,9720,14.902,12.549,57,,,,,97,,,,,,,,
2026-09-28T16:32:33.400,550.403,0,1364.75,24,,97.625,0.0,-4.0,0.0,1.8,2.0,1.266,9710,14.902,12.549,57,,,,,,21,,,,,,,
2026-09-28T16:32:33.530,550.534,0,1361.75,23,,97.656,0.0,-4.0,0.0,1.8,2.0,1.266,9710,14.902,12.549,57,,,,,,,78.824,,,,,,
2026-09-28T16:32:33.661,550.664,0,1361.25,24,,97.656,0.0,-4.0,0.0,1.8,2.0,1.266,9710,14.902,12.549,57,,,,,,,,553.2,,,,,
2026-09-28T16:32:33.790,550.793,0,1359.0,23,,97.812,0.0,-4.0,0.0,1.8,2.0,1.266,9700,14.902,12.549,57,,,,,,,,,0.1,,,,
2026-09-28T16:32:33.920,550.923,0,1353.75,23,,97.75,0.0,-4.0,0.0,1.8,2.0,1.266,9690,14.902,12.549,57,,,,,,,,,,,0.781,,
2026-09-28T16:32:34.050,551.053,0,1352.0,24,,97.812,0.0,-4.0,0.0,1.8,2.0,1.27,9690,14.902,12.549,57,,,,,,,,,,,,13.333,
2026-09-28T16:32:34.181,551.184,0,1352.75,24,,97.719,0.0,-4.0,0.0,1.8,2.0,1.266,9690,14.902,12.549,57,,,,,,,,,,,,,586
2026-09-28T16:32:34.310,551.313,0,1353.25,23,,97.688,0.0,-4.0,0.0,1.8,2.0,1.266,9680,14.902,12.549,57,104,,,,,,,,,,,,
2026-09-28T16:32:34.440,551.443,0,1352.25,24,,97.656,0.0,-4.0,0.0,1.8,2.0,1.266,9670,15.294,12.549,57,,39,,,,,,,,,,,
2026-09-28T16:32:34.570,551.574,0,1358.5,23,,97.719,0.0,-4.0,0.0,1.8,2.0,1.266,9670,14.902,12.549,57,,,6.25,,,,,,,,,,
2026-09-28T16:32:34.700,551.704,0,1351.25,23,,97.781,0.0,-4.0,0.0,1.8,2.0,1.266,9670,14.902,12.549,57,,,,13.906,,,,,,,,,
2026-09-28T16:32:34.830,551.833,0,1339.5,23,,97.719,0.0,-4.0,0.0,1.8,2.0,1.27,9660,14.902,12.549,57,,,,,97,,,,,,,,
2026-09-28T16:32:34.961,551.964,0,1336.75,23,,97.719,0.0,-4.0,0.0,1.8,2.0,1.27,9660,15.294,12.549,56,,,,,,21,,,,,,,
2026-09-28T16:32:35.090,552.093,0,1342.5,23,,97.781,0.0,-4.0,0.0,1.8,2.0,1.266,9660,15.294,12.549,56,,,,,,,78.824,,,,,,
2026-09-28T16:32:35.220,552.223,0,1347.5,23,,97.875,0.0,-4.0,0.0,1.8,2.0,1.273,9650,15.294,12.549,56,,,,,,,,555.1,,,,,
2026-09-28T16:32:35.351,552.354,0,1342.5,23,,97.781,0.0,-4.0,0.0,1.8,2.0,1.266,9650,14.902,12.549,56,,,,,,,,,0.1,,,,
2026-09-28T16:32:35.480,552.483,0,1340.25,23,,97.844,0.0,-4.0,0.0,1.8,2.0,1.27,9640,14.51,12.549,56,,,,,,,,,,,0.781,,
2026-09-28T16:32:35.610,552.613,0,1337.75,23,,97.812,0.0,-4.0,0.0,1.8,2.0,1.27,9630,14.51,12.549,56,,,,,,,,,,,,12.549,
2026-09-28T16:32:35.740,552.743,0,1339.25,23,,97.75,0.0,-4.0,0.0,1.8,2.0,1.27,9630,14.51,12.549,56,,,,,,,,,,,,,588
2026-09-28T16:32:35.870,552.874,0,1340.0,23,,97.844,0.0,-4.0,0.0,1.8,2.0,1.27,9630,14.51,12.549,56,104,,,,,,,,,,,,
2026-09-28T16:32:36.001,553.004,0,1331.0,23,,97.781,0.0,-4.0,0.0,1.8,2.0,1.27,9620,14.51,12.549,56,,39,,,,,,,,,,,
2026-09-28T16:32:36.130,553.133,0,1326.25,24,,97.844,0.0,-4.0,0.0,1.8,2.0,1.266,9620,14.51,12.549,56,,,6.25,,,,,,,,,,
2026-09-28T16:32:36.261,553.264,0,1325.0,23,,97.812,0.0,-4.0,0.0,1.8,2.0,1.27,9610,14.51,12.549,56,,,,13.945,,,,,,,,,
2026-09-28T16:32:36.390,553.393,0,1330.0,23,,97.781,0.0,-4.0,0.0,1.8,2.0,1.27,9600,14.902,12.549,56,,,,,96,,,,,,,,
2026-09-28T16:32:36.520,553.524,0,1333.25,23,,97.719,0.0,-4.0,0.0,1.8,2.0,1.27,9600,14.902,12.549,56,,,,,,21,,,,,,,
2026-09-28T16:32:36.650,553.653,0,1331.0,23,,97.688,0.0,-4.0,0.0,1.8,2.0,1.27,9600,14.902,12.549,56,,,,,,,78.824,,,,,,
2026-09-28T16:32:36.781,553.784,0,1326.75,23,,97.75,0.0,-4.0,0.0,1.8,2.0,1.273,9590,15.686,12.549,55,,,,,,,,557.0,,,,,
2026-09-28T16:32:36.910,553.913,0,1322.75,24,,97.75,0.0,-4.0,0.0,1.8,2.0,1.27,9590,16.078,12.549,56,,,,,,,,,0.095,,,,
2026-09-28T16:32:37.040,554.044,0,1320.25,23,,97.812,0.0,-4.0,0.0,1.8,2.0,1.27,9580,16.078,12.549,56,,,,,,,,,,,0.781,,
2026-09-28T16:32:37.172,554.176,0,1321.0,23,,97.719,0.0,-4.0,0.0,1.8,2.0,1.27,9580,16.863,12.549,56,,,,,,,,,,,,12.941,
2026-09-28T16:32:37.300,554.303,0,1323.5,24,,97.812,0.0,-4.0,0.0,1.8,2.0,1.273,9570,17.255,12.549,55,,,,,,,,,,,,,589
2026-09-28T16:32:37.430,554.433,0,1323.75,23,,97.75,0.0,-4.0,0.0,1.8,2.0,1.27,9560,17.647,12.549,55,105,,,,,,,,,,,,
2026-09-28T16:32:37.560,554.563,0,1321.5,23,,97.719,0.0,-4.0,0.0,1.8,2.0,1.273,9560,18.039,12.549,55,,39,,,,,,,,,,,
2026-09-28T16:32:37.691,554.694,0,1319.5,24,,97.719,0.0,-4.0,0.0,1.8,2.0,1.27,9560,19.216,12.549,55,,,5.469,,,,,,,,,,
2026-09-28T16:32:37.820,554.823,0,1316.75,23,,97.812,9.02,7.0,0.0,1.8,2.0,1.293,9540,20.392,12.549,55,,,,13.945,,,,,,,,,
2026-09-28T16:32:37.950,554.953,0,1350.0,22,,97.781,8.235,27.5,0.0,1.815,2.0,1.008,9800,21.176,12.941,55,,,,,97,,,,,,,,
2026-09-28T16:32:38.080,555.083,0,1319.5,23,,97.531,9.02,24.5,0.0,1.505,1.453,0.406,9580,21.569,13.333,55,,,,,,21,,,,,,,
2026-09-28T16:32:38.210,555.213,0,1321.0,24,,97.531,9.804,20.0,0.0,1.177,1.091,0.078,8950,21.961,13.725,55,,,,,,,78.824,,,,,,
2026-09-28T16:32:38.340,555.343,0,1340.25,27,,97.531,11.373,18.5,0.0,1.029,0.99,-0.047,8650,21.961,13.333,55,,,,,,,,557.5,,,,,
2026-09-28T16:32:38.471,555.474,0,1326.0,28,,97.531,11.373,18.5,0.0,0.956,0.97,-0.098,8130,21.961,13.333,55,,,,,,,,,0.12,,,,
2026-09-28T16:32:38.601,555.604,0,1328.75,28,,97.531,10.98,18.5,0.0,0.93,0.966,-0.105,7510,22.353,14.118,56,,,,,,,,,,,0.781,,
2026-09-28T16:32:38.730,555.733,0,1332.25,28,,97.406,12.941,17.0,0.0,0.916,0.986,-0.055,6800,22.353,13.725,56,,,,,,,,,,,,20.0,
2026-09-28T16:32:38.861,555.864,0,1331.75,30,,97.375,12.941,17.0,0.0,0.91,0.976,-0.082,6110,22.353,13.725,55,,,,,,,,,,,,,591
2026-09-28T16:32:38.990,555.993,0,1331.25,30,,97.344,12.549,17.5,3.125,0.907,0.969,-0.098,5430,22.353,13.725,56,105,,,,,,,,,,,,
2026-09-28T16:32:39.121,556.124,0,1334.5,30,,97.219,12.941,17.5,3.906,0.905,0.955,-0.129,4980,22.353,13.725,55,,39,,,,,,,,,,,
2026-09-28T16:32:39.250,556.253,0,1336.75,30,,97.219,12.941,17.5,3.125,0.904,0.932,-0.184,5050,22.353,13.725,56,,,3.125,,,,,,,,,,
2026-09-28T16:32:39.380,556.383,0,1338.5,32,,97.219,12.549,17.0,1.562,0.903,0.895,-0.277,4380,22.353,13.725,56,,,,13.925,,,,,,,,,
2026-09-28T16:32:39.511,556.514,0,1341.5,32,,97.219,12.941,16.0,1.562,0.902,0.897,-0.27,4220,22.353,13.725,56,,,,,97,,,,,,,,
2026-09-28T16:32:39.640,556.643,0,1341.0,30,,97.219,12.941,17.5,2.344,0.901,0.918,-0.215,4520,22.353,13.725,56,,,,,,21,,,,,,,
2026-09-28T16:32:39.771,556.774,0,1339.0,30,,97.219,12.941,18.0,3.125,0.899,0.916,-0.223,4780,22.745,14.51,56,,,,,,,78.824,,,,,,
2026-09-28T16:32:39.900,556.903,0,1339.75,31,,97.219,12.549,16.5,2.344,0.898,0.897,-0.27,4640,22.745,14.118,56,,,,,,,,555.6,,,,,
2026-09-28T16:32:40.030,557.033,0,1343.25,32,,97.219,13.725,16.5,1.562,0.896,0.89,-0.289,4960,22.745,14.118,56,,,,,,,,,0.185,,,,
2026-09-28T16:32:40.161,557.164,0,1343.25,32,,97.219,13.725,16.5,1.562,0.894,0.884,-0.309,5150,22.745,14.118,56,,,,,,,,,,,0.781,,
2026-09-28T16:32:40.290,557.293,0,1345.75,33,,97.219,14.118,15.5,0.781,0.892,0.877,-0.328,5030,22.745,14.118,56,,,,,,,,,,,,22.353,
2026-09-28T16:32:40.420,557.423,0,1340.25,33,,97.219,14.51,16.0,0.781,0.89,0.875,-0.336,5270,23.922,14.51,56,,,,,,,,,,,,,592
2026-09-28T16:32:40.550,557.554,0,1350.75,35,,97.219,14.902,15.0,0.781,0.887,0.872,-0.344,5890,23.922,14.902,56,105,,,,,,,,,,,,
2026-09-28T16:32:40.681,557.684,0,1356.75,37,,97.219,16.078,14.0,0.0,0.884,0.852,-0.406,6270,23.922,14.51,56,,39,,,,,,,,,,,
2026-09-28T16:32:40.810,557.813,0,1356.5,37,,97.188,15.686,14.0,-0.781,0.882,0.846,-0.426,7120,14.51,12.157,56,,,3.906,,,,,,,,,,
2026-09-28T16:32:40.940,557.943,0,1354.75,30,,97.156,0.0,18.5,-1.562,0.881,0.841,-0.445,6950,14.51,12.549,56,,,,13.886,,,,,,,,,
2026-09-28T16:32:41.071,558.074,0,1342.5,25,,97.188,0.0,24.5,-1.562,0.88,0.852,-0.41,6400,15.294,12.549,56,,,,,97,,,,,,,,
2026-09-28T16:32:41.200,558.203,0,1347.0,23,,97.219,0.0,27.5,0.0,0.88,0.877,-0.328,6030,16.863,12.549,56,,,,,,21,,,,,,,
2026-09-28T16:32:41.330,558.333,0,1360.5,23,,97.219,0.0,21.5,0.0,0.881,0.874,-0.336,5700,17.255,12.549,56,,,,,,,78.824,,,,,,
2026-09-28T16:32:41.460,558.464,0,1354.75,22,,97.062,0.0,14.5,-0.781,0.881,0.867,-0.359,5240,17.255,12.549,56,,,,,,,,552.9,,,,,
2026-09-28T16:32:41.590,558.594,0,1355.0,22,,97.156,0.0,9.5,-0.781,0.882,0.864,-0.367,4790,17.255,12.549,56,,,,,,,,,0.21,,,,
2026-09-28T16:32:41.720,558.723,0,1354.5,22,,97.094,0.0,5.0,-0.781,0.882,0.869,-0.352,4350,17.255,12.549,56,,,,,,,,,,,0.781,,
2026-09-28T16:32:41.850,558.853,0,1357.5,21,,97.0,0.0,1.0,-0.781,0.882,0.877,-0.328,3950,16.863,12.549,56,,,,,,,,,,,,12.157,
2026-09-28T16:32:41.981,558.984,0,1354.0,21,,97.031,0.0,-2.5,0.0,0.842,0.892,-0.285,3740,14.51,12.549,56,,,,,,,,,,,,,594
2026-09-28T16:32:42.110,559.113,0,1345.0,21,,97.062,0.0,-4.0,0.0,0.928,0.934,-0.18,4540,14.51,12.549,56,105,,,,,,,,,,,,
2026-09-28T16:32:42.240,559.243,0,1338.75,22,,97.219,0.0,-4.0,0.0,0.979,1.088,0.074,5360,14.902,12.549,56,,39,,,,,,,,,,,
2026-09-28T16:32:42.371,559.374,0,1335.75,23,,97.219,0.0,-4.0,0.0,0.993,1.373,0.348,7190,15.294,12.549,56,,,6.25,,,,,,,,,,
2026-09-28T16:32:42.500,559.503,0,1337.5,23,,97.219,0.0,-4.0,0.0,0.998,1.976,0.668,8400,15.686,12.549,56,,,,13.886,,,,,,,,,
2026-09-28T16:32:42.631,559.634,0,1342.5,24,,97.219,0.0,-4.0,0.0,1.04,2.0,0.871,9280,15.686,12.549,56,,,,,97,,,,,,,,
2026-09-28T16:32:42.760,559.763,0,1343.5,24,,97.219,0.0,-4.0,0.0,1.103,2.0,0.992,9600,16.078,12.549,56,,,,,,21,,,,,,,
2026-09-28T16:32:42.890,559.894,0,1338.25,24,,97.219,0.0,-4.0,0.0,1.172,2.0,1.07,9590,16.078,12.549,56,,,,,,,78.824,,,,,,
2026-09-28T16:32:43.020,560.023,0,1332.75,24,,97.219,0.0,-4.0,0.0,1.222,2.0,1.129,9570,16.078,12.549,56,,,,,,,,554.0,,,,,
2026-09-28T16:32:43.150,560.153,0,1331.25,24,,97.344,0.0,-4.0,0.0,1.299,2.0,1.172,9560,16.078,12.549,56,,,,,,,,,0.23,,,,
2026-09-28T16:32:43.281,560.284,0,1332.0,23,,97.406,0.0,-4.0,0.0,1.384,2.0,1.199,9550,17.647,12.549,56,,,,,,,,,,,0.781,,
2026-09-28T16:32:43.410,560.413,0,1331.75,23,,97.469,0.0,-4.0,0.0,1.497,2.0,1.207,9540,17.647,12.549,56,,,,,,,,,,,,12.941,
2026-09-28T16:32:43.540,560.544,0,1329.0,24,,97.438,0.0,-4.0,0.0,1.609,2.0,1.238,9530,17.647,12.549,56,,,,,,,,,,,,,595
2026-09-28T16:32:43.672,560.675,0,1326.25,23,,97.531,0.0,-4.0,0.0,1.707,2.0,1.242,9530,17.647,12.549,55,105,,,,,,,,,,,,
2026-09-28T16:32:43.801,560.805,0,1323.75,23,,97.531,0.0,-4.0,0.0,1.754,2.0,1.254,9520,17.647,12.549,56,,39,,,,,,,,,,,
2026-09-28T16:32:43.930,560.933,0,1323.25,24,,97.531,0.0,-4.0,0.0,1.78,2.0,1.262,9500,17.647,12.549,56,,,6.25,,,,,,,,,,
2026-09-28T16:32:44.060,561.064,0,1326.75,23,,97.531,0.0,-4.0,0.0,1.79,2.0,1.262,9500,17.647,12.549,56,,,,13.886,,,,,,,,,
2026-09-28T16:32:44.190,561.193,0,1326.25,23,,97.531,0.0,-4.0,0.0,1.796,2.0,1.266,9490,14.51,12.549,56,,,,,97,,,,,,,,
2026-09-28T16:32:44.321,561.324,0,1325.0,23,,97.531,0.0,-4.0,0.0,1.798,2.0,1.266,9480,14.51,12.549,55,,,,,,21,,,,,,,
2026-09-28T16:32:44.450,561.453,0,1321.25,24,,97.531,0.0,-4.0,0.0,1.799,2.0,1.27,9480,14.902,12.549,55,,,,,,,78.824,,,,,,
2026-09-28T16:32:44.580,561.583,0,1318.75,23,,97.531,0.0,-4.0,0.0,1.799,2.0,1.266,9470,15.294,12.549,55,,,,,,,,555.8,,,,,
2026-09-28T16:32:44.710,561.713,0,1320.5,23,,97.531,0.0,-4.0,0.0,1.8,2.0,1.273,9460,15.294,12.549,55,,,,,,,,,0.1,,,,
2026-09-28T16:32:44.840,561.843,0,1320.5,24,,97.531,0.0,-4.0,0.0,1.8,2.0,1.27,9450,16.863,12.549,55,,,,,,,,,,,0.781,,
2026-09-28T16:32:44.971,561.974,0,1320.75,23,,97.531,0.0,-4.0,0.0,1.8,2.0,1.27,9450,17.255,12.549,55,,,,,,,,,,,,12.941,
2026-09-28T16:32:45.100,562.103,0,1317.5,23,,97.562,0.0,-4.0,0.0,1.8,2.0,1.273,9440,18.824,12.549,55,,,,,,,,,,,,,597
2026-09-28T16:32:45.231,562.234,0,1312.75,24,,97.531,0.0,-3.5,0.0,1.744,2.0,1.273,9340,19.608,12.549,55,105,,,,,,,,,,,,
2026-09-28T16:32:45.360,562.363,0,1333.25,23,,97.562,9.02,8.0,0.0,1.875,2.0,1.219,9670,20.0,12.549,55,,39,,,,,,,,,,,
2026-09-28T16:32:45.490,562.494,0,1332.0,22,,97.531,8.235,12.0,0.0,1.629,2.0,0.695,9470,20.0,12.549,55,,,5.469,,,,,,,,,,
2026-09-28T16:32:45.620,562.623,0,1310.75,22,,97.531,8.627,15.0,0.0,1.327,1.198,0.195,9360,20.392,12.549,55,,,,13.886,,,,,,,,,
2026-09-28T16:32:45.751,562.754,0,1330.75,22,,97.531,8.627,18.0,0.0,1.099,1.041,0.023,8840,20.392,12.549,55,,,,,97,,,,,,,,
2026-09-28T16:32:45.880,562.883,0,1334.5,21,,97.531,8.235,15.0,0.0,1.0,0.951,-0.141,8340,14.51,12.549,55,,,,,,21,,,,,,,
2026-09-28T16:32:46.011,563.014,0,1334.75,22,,97.531,0.0,9.5,0.0,0.946,0.93,-0.188,7940,14.51,12.549,55,,,,,,,78.824,,,,,,
2026-09-28T16:32:46.140,563.143,0,1333.75,22,,97.531,0.0,5.5,-0.781,0.926,0.904,-0.25,7450,15.294,12.549,55,,,,,,,,555.8,,,,,
2026-09-28T16:32:46.271,563.274,0,1331.0,22,,97.531,0.0,2.0,-0.781,0.915,0.894,-0.281,6940,15.294,12.549,55,,,,,,,,,0.145,,,,
2026-09-28T16:32:46.400,563.403,0,1329.75,22,,97.531,0.0,-1.5,0.0,0.917,0.868,-0.355,6460,15.686,12.549,56,,,,,,,,,,,0.781,,
2026-09-28T16:32:46.530,563.534,0,1331.0,22,,97.469,0.0,-4.0,0.0,0.899,0.873,-0.34,6390,15.686,12.549,55,,,,,,,,,,,,12.157,
2026-09-28T16:32:46.660,563.663,0,1327.75,22,,97.438,0.0,-4.0,0.0,0.926,0.949,-0.145,7210,15.294,12.549,56,,,,,,,,,,,,,599
2026-09-28T16:32:46.791,563.794,0,1316.0,21,,97.344,0.0,-4.0,0.0,0.963,1.28,0.27,8960,14.51,12.549,56,105,,,,,,,,,,,,
2026-09-28T16:32:46.920,563.923,0,1323.25,23,,97.219,0.0,-4.0,0.0,0.978,1.702,0.551,9490,14.902,12.549,56,,39,,,,,,,,,,,
2026-09-28T16:32:47.050,564.054,0,1332.75,24,,97.375,0.0,-4.0,0.0,1.014,2.0,0.785,9480,14.902,12.549,56,,,5.469,,,,,,,,,,
2026-09-28T16:32:47.180,564.183,0,1331.25,25,,97.344,0.0,-4.0,0.0,1.075,2.0,0.957,9470,14.51,12.549,56,,,,13.925,,,,,,,,,
2026-09-28T16:32:47.310,564.313,0,1330.5,25,,97.531,0.0,-4.0,0.0,1.15,2.0,1.062,9460,14.902,12.549,55,,,,,97,,,,,,,,
2026-09-28T16:32:47.440,564.443,0,1328.25,24,,97.531,0.0,-4.0,0.0,1.2,2.0,1.133,9460,15.294,12.549,56,,,,,,21,,,,,,,
2026-09-28T16:32:47.570,564.574,0,1327.25,24,,97.531,0.0,-4.0,0.0,1.268,2.0,1.18,9450,15.686,12.549,56,,,,,,,78.824,,,,,,
2026-09-28T16:32:47.700,564.703,0,1329.0,24,,97.531,0.0,-4.0,0.0,1.348,2.0,1.211,9450,16.078,12.549,56,,,,,,,,557.5,,,,,
2026-09-28T16:32:47.830,564.833,0,1332.75,24,,97.531,0.0,-4.0,0.0,1.457,2.0,1.223,9420,14.51,12.549,56,,,,,,,,,0.1,,,,
2026-09-28T16:32:47.960,564.963,0,1330.75,24,,97.531,0.0,-4.0,0.0,1.566,2.0,1.238,9440,14.51,12.549,56,,,,,,,,,,,0.781,,
2026-09-28T16:32:48.090,565.093,0,1331.5,24,,97.562,0.0,-4.0,0.0,1.68,2.0,1.25,9430,15.294,12.549,56,,,,,,,,,,,,13.333,
2026-09-28T16:32:48.220,565.224,0,1334.0,23,,97.531,0.0,-4.0,0.0,1.739,2.0,1.258,9420,15.294,12.549,56,,,,,,,,,,,,,600
2026-09-28T16:32:48.350,565.353,0,1335.0,24,,97.531,0.0,-4.0,0.0,1.773,2.0,1.266,9640,17.255,12.549,56,105,,,,,,,,,,,,
2026-09-28T16:32:48.481,565.484,0,1337.75,24,,97.562,0.0,-4.0,0.0,1.787,2.0,1.266,9640,17.255,12.549,56,,39,,,,,,,,,,,
2026-09-28T16:32:48.610,565.613,0,1334.0,23,,97.562,0.0,-4.0,0.0,1.794,2.0,1.266,9630,17.255,12.549,56,,,6.25,,,,,,,,,,
2026-09-28T16:32:48.740,565.743,0,1333.25,24,,97.594,0.0,-4.0,0.0,1.797,2.0,1.273,9620,17.647,12.549,56,,,,13.906,,,,,,,,,
2026-09-28T16:32:48.870,565.874,0,1340.25,24,,97.562,0.0,-4.0,0.0,1.743,2.0,1.273,9610,19.216,12.549,56,,,,,97,,,,,,,,
2026-09-28T16:32:49.000,566.003,0,1368.5,23,,97.562,9.02,7.0,0.0,1.872,2.0,1.25,9670,19.608,12.549,56,,,,,,21,,,,,,,
2026-09-28T16:32:49.130,566.133,0,1358.75,22,,97.594,7.843,8.0,0.0,1.67,2.0,0.727,9550,19.608,12.549,56,,,,,,,78.824,,,,,,
2026-09-28T16:32:49.260,566.263,0,1328.75,21,,97.531,8.235,11.5,0.0,1.358,1.326,0.309,9240,21.176,12.941,57,,,,,,,,558.7,,,,,
2026-09-28T16:32:49.391,566.394,0,1365.0,21,,97.531,8.235,27.0,0.0,1.107,1.079,0.066,8690,22.353,13.725,57,,,,,,,,,0.1,,,,
2026-09-28T16:32:49.521,566.524,0,1370.0,24,,97.531,11.765,18.0,0.0,0.994,0.996,-0.031,8210,22.353,14.118,57,,,,,,,,,,,0.781,,
2026-09-28T16:32:49.650,566.653,0,1379.75,31,,97.438,12.157,17.5,0.0,0.936,0.967,-0.102,7630,22.353,13.725,57,,,,,,,,,,,,20.0,
2026-09-28T16:32:49.780,566.783,0,1368.75,32,,97.531,12.549,17.0,0.0,0.919,0.948,-0.145,6890,22.745,14.51,57,,,,,,,,,,,,,602
2026-09-28T16:32:49.910,566.913,0,1372.0,32,,97.281,12.941,16.0,2.344,0.91,0.96,-0.121,6080,23.529,14.902,57,105,,,,,,,,,,,,
2026-09-28T16:32:50.040,567.043,0,1383.5,35,,97.219,14.902,15.0,3.906,0.907,0.958,-0.125,5760,23.529,14.902,57,,39,,,,,,,,,,,
2026-09-28T16:32:50.172,567.176,0,1383.5,37,,97.219,15.686,14.5,3.125,0.905,0.917,-0.219,5710,23.922,14.902,58,,,2.344,,,,,,,,,,
2026-09-28T16:32:50.300,567.303,0,1390.5,38,,97.219,15.686,14.0,0.0,0.903,0.875,-0.336,5910,23.922,15.294,58,,,,13.945,,,,,,,,,
2026-09-28T16:32:50.430,567.433,0,1396.5,38,,97.219,16.471,14.0,0.0,0.902,0.874,-0.336,6550,24.314,14.902,58,,,,,97,,,,,,,,
2026-09-28T16:32:50.561,567.564,0,1407.5,40,,97.219,16.078,14.0,0.0,0.9,0.874,-0.336,6560,24.314,15.294,58,,,,,,21,,,,,,,
2026-09-28T16:32:50.690,567.693,0,1410.25,39,,97.219,16.078,14.0,0.0,0.897,0.878,-0.324,7040,24.314,14.902,58,,,,,,,78.824,,,,,,
2026-09-28T16:32:50.820,567.823,0,1416.25,39,,97.219,16.078,14.0,0.0,0.894,0.877,-0.328,7870,24.314,14.902,58,,,,,,,,554.5,,,,,
2026-09-28T16:32:50.950,567.953,0,1409.25,41,,97.219,16.078,14.0,-1.562,0.891,0.854,-0.402,7230,24.314,14.902,59,,,,,,,,,0.195,,,,
2026-09-28T16:32:51.080,568.083,0,1416.0,41,,97.219,16.078,14.0,-1.562,0.888,0.869,-0.352,7160,24.706,15.294,59,,,,,,,,,,,0.781,,
2026-09-28T16:32:51.210,568.213,0,1421.5,41,,97.219,16.863,14.0,-0.781,0.884,0.879,-0.32,7980,25.098,15.686,59,,,,,,,,,,,,28.235,
2026-09-28T16:32:51.340,568.343,0,1423.5,43,,97.219,17.255,14.0,-1.562,0.882,0.859,-0.383,8370,25.882,16.078,59,,,,,,,,,,,,,603
2026-09-28T16:32:51.471,568.474,0,1433.5,45,,97.219,18.039,14.5,-2.344,0.881,0.861,-0.375,9110,25.882,16.078,59,105,,,,,,,,,,,,
2026-09-28T16:32:51.600,568.603,0,1430.0,45,,97.219,18.039,14.5,-2.344,0.88,0.864,-0.367,9940,25.882,16.078,59,,39,,,,,,,,,,,
2026-09-28T16:32:51.730,568.734,0,1429.75,48,,97.25,18.824,14.5,-3.125,0.88,0.854,-0.402,9550,25.882,16.078,59,,,1.562,,,,,,,,,,
2026-09-28T16:32:51.860,568.863,0,1444.5,47,,97.281,18.824,14.5,-3.125,0.88,0.866,-0.363,10230,25.882,15.686,60,,,,13.886,,,,,,,,,
2026-09-28T16:32:51.991,568.994,0,1450.75,48,,97.406,18.431,14.5,-3.906,0.88,0.85,-0.414,10450,14.51,12.941,60,,,,,97,,,,,,,,
2026-09-28T16:32:52.120,569.123,0,1440.75,47,,97.531,0.0,15.5,-5.469,0.88,0.848,-0.422,9910,15.294,12.549,60,,,,,,21,,,,,,,
2026-09-28T16:32:52.251,569.254,0,1436.75,28,,97.531,0.0,19.0,-4.688,0.88,0.872,-0.344,9790,17.647,12.549,60,,,,,,,78.824,,,,,,
2026-09-28T16:32:52.380,569.383,0,1429.25,23,,97.531,0.0,30.5,-2.344,0.88,0.901,-0.258,9260,21.961,12.549,60,,,,,,,,548.5,,,,,
2026-09-28T16:32:52.511,569.514,0,1451.75,22,,97.469,7.451,24.5,-3.125,0.88,0.883,-0.309,8620,24.314,15.686,61,,,,,,,,,0.22,,,,
2026-09-28T16:32:52.640,569.643,0,1470.75,33,,96.938,12.941,15.0,-3.125,0.88,0.879,-0.32,7970,24.314,15.686,60,,,,,,,,,,,0.781,,
2026-09-28T16:32:52.770,569.773,0,1445.0,38,,96.938,14.902,14.0,-2.344,0.88,0.887,-0.301,7020,24.706,15.686,60,,,,,,,,,,,,26.667,
2026-09-28T16:32:52.901,569.904,0,1449.75,40,,97.188,15.294,14.5,-2.344,0.88,0.887,-0.301,6960,24.706,15.294,60,,,,,,,,,,,,,605
2026-09-28T16:32:53.030,570.033,0,1460.0,41,,96.938,16.863,14.5,-3.125,0.88,0.876,-0.332,7550,25.098,15.686,60,105,,,,,,,,,,,,
2026-09-28T16:32:53.160,570.164,0,1456.25,44,,97.062,16.863,14.5,-3.906,0.88,0.859,-0.383,7760,25.098,15.686,60,,38,,,,,,,,,,,
2026-09-28T16:32:53.290,570.293,0,1455.0,43,,97.094,16.863,14.5,-4.688,0.88,0.868,-0.355,8710,25.098,15.686,61,,,1.562,,,,,,,,,,
2026-09-28T16:32:53.420,570.423,0,1462.5,44,,97.0,16.863,14.5,-3.906,0.88,0.869,-0.352,8570,25.098,15.686,61,,,,13.867,,,,,,,,,
2026-09-28T16:32:53.550,570.553,0,1473.25,44,,97.406,16.471,15.0,-4.688,0.88,0.876,-0.332,8800,25.49,16.078,61,,,,,97,,,,,,,,
2026-09-28T16:32:53.681,570.684,0,1483.25,44,,97.375,16.863,15.0,-3.125,0.88,0.884,-0.309,9370,25.49,16.078,61,,,,,,21,,,,,,,
2026-09-28T16:32:53.810,570.814,0,1479.25,46,,97.406,16.863,15.0,-3.906,0.88,0.874,-0.336,9280,14.51,13.333,61,,,,,,,78.824,,,,,,
2026-09-28T16:32:53.940,570.943,0,1469.75,38,,97.281,0.0,15.5,-3.906,0.88,0.876,-0.332,9690,14.51,12.549,61,,,,,,,,542.7,,,,,
2026-09-28T16:32:54.070,571.074,0,1460.25,30,,97.531,0.0,19.0,-4.688,0.88,0.866,-0.359,8890,15.686,12.157,61,,,,,,,,,0.24,,,,
2026-09-28T16:32:54.200,571.203,0,1452.25,24,,97.531,0.0,31.5,-3.906,0.879,0.876,-0.332,8560,16.078,12.549,61,,,,,,,,,,,0.781,,
2026-09-28T16:32:54.330,571.333,0,1445.75,22,,97.5,0.0,32.0,-4.688,0.88,0.874,-0.336,8170,14.51,12.549,61,,,,,,,,,,,,12.549,
2026-09-28T16:32:54.461,571.464,0,1455.75,22,,97.469,0.0,22.0,-3.906,0.88,0.88,-0.32,7620,14.51,12.549,60,,,,,,,,,,,,,606
2026-09-28T16:32:54.590,571.593,0,1457.5,22,,97.469,0.0,15.5,-3.906,0.881,0.879,-0.324,7140,14.902,12.549,61,105,,,,,,,,,,,,
2026-09-28T16:32:54.720,571.723,0,1456.0,22,,97.344,0.0,10.0,-4.688,0.881,0.861,-0.379,6630,14.51,12.549,61,,38,,,,,,,,,,,
2026-09-28T16:32:54.851,571.854,0,1442.5,22,,97.281,0.0,5.5,-6.25,0.881,0.845,-0.43,6090,14.51,12.549,61,,,5.469,,,,,,,,,,
2026-09-28T16:32:54.980,571.983,0,1447.75,22,,97.25,0.0,1.5,0.0,0.89,0.843,-0.438,5630,15.294,12.549,61,,,,13.906,,,,,,,,,
2026-09-28T16:32:55.110,572.114,0,1438.75,22,,97.25,0.0,-2.0,0.0,0.871,0.856,-0.391,5320,16.078,12.549,60,,,,,97,,,,,,,,
2026-09-28T16:32:55.240,572.243,0,1447.0,22,,97.281,0.0,-2.5,0.0,0.907,0.918,-0.215,6650,15.686,12.549,60,,,,,,21,,,,,,,
2026-09-28T16:32:55.371,572.374,0,1423.25,22,,97.531,0.0,-2.5,0.0,0.955,1.228,0.223,7610,16.078,12.549,60,,,,,,,78.824,,,,,,
2026-09-28T16:32:55.501,572.504,0,1421.0,23,,97.531,0.0,-2.5,0.0,0.976,1.768,0.582,8870,15.686,12.549,60,,,,,,,,542.7,,,,,
2026-09-28T16:32:55.630,572.633,0,1428.25,24,,97.531,0.0,-2.5,0.0,1.024,2.0,0.824,9590,16.078,12.549,59,,,,,,,,,0.915,,,,
2026-09-28T16:32:55.760,572.763,0,1424.0,24,,97.531,0.0,-2.5,0.0,1.091,2.0,0.984,9580,16.078,12.549,59,,,,,,,,,,,0.781,,
2026-09-28T16:32:55.891,572.894,0,1413.25,24,,97.531,0.0,-2.5,0.0,1.166,2.0,1.074,9570,16.863,12.549,59,,,,,,,,,,,,12.941,
2026-09-28T16:32:56.020,573.023,0,1403.75,23,,97.531,0.0,-3.0,0.0,1.219,2.0,1.148,9560,19.216,12.549,59,,,,,,,,,,,,,608
2026-09-28T16:32:56.150,573.153,0,1397.0,24,,97.562,0.0,12.5,0.0,1.283,2.0,1.184,9600,21.569,13.333,59,106,,,,,,,,,,,,
2026-09-28T16:32:56.280,573.283,0,1429.75,23,,97.531,8.627,24.0,0.0,1.439,2.0,0.988,9290,21.961,13.725,59,,38,,,,,,,,,,,
2026-09-28T16:32:56.410,573.413,0,1404.75,25,,97.531,9.412,18.0,0.0,1.242,1.472,0.418,9420,21.961,13.725,58,,,3.125,,,,,,,,,,
2026-09-28T16:32:56.551,573.554,0,1407.25,28,,97.531,10.588,18.5,0.0,1.049,1.089,0.078,8790,21.961,13.725,58,,,,13.828,,,,,,,,,
2026-09-28T16:32:56.680,573.684,0,1405.75,30,,97.531,11.765,16.5,0.0,0.978,1.013,-0.008,8120,21.961,13.725,58,,,,,97,,,,,,,,
2026-09-28T16:32:56.811,573.814,0,1402.5,29,,97.531,11.765,17.5,0.0,0.983,1.042,0.023,7490,21.961,14.118,58,,,,,,21,,,,,,,
2026-09-28T16:32:56.940,573.943,0,1401.0,30,,97.375,12.157,17.5,0.0,0.992,1.066,0.051,6930,21.961,14.118,58,,,,,,,78.824,,,,,,
2026-09-28T16:32:57.070,574.073,0,1395.5,31,,97.438,12.157,15.5,0.0,0.997,1.065,0.051,6240,21.961,13.725,58,,,,,,,,543.0,,,,,
2026-09-28T16:32:57.200,574.203,0,1390.25,31,,97.438,12.549,17.5,0.0,0.998,1.036,0.02,5910,22.353,14.51,58,,,,,,,,,0.905,,,,
2026-09-28T16:32:57.330,574.333,0,1394.75,30,,97.312,12.941,17.0,0.781,0.999,1.025,0.004,5700,23.137,14.902,58,,,,,,,,,,,0.781,,
2026-09-28T16:32:57.460,574.463,0,1394.5,34,,97.219,13.725,15.5,1.562,1.0,1.018,-0.004,5160,23.529,14.902,58,,,,,,,,,,,,24.314,
2026-09-28T16:32:57.590,574.593,0,1398.75,36,,97.219,14.902,14.0,0.781,1.0,1.008,-0.012,5460,23.922,15.294,58,,,,,,,,,,,,,609
2026-09-28T16:32:57.720,574.723,0,1392.25,37,,97.219,16.078,14.0,0.0,1.0,0.983,-0.062,6800,23.922,14.902,58,106,,,,,,,,,,,,
2026-09-28T16:32:57.850,574.853,0,1397.75,40,,97.219,16.471,14.0,-0.781,1.0,0.957,-0.125,6880,23.922,14.902,58,,38,,,,,,,,,,,
2026-09-28T16:32:57.980,574.983,0,1391.0,40,,97.219,16.078,14.0,-2.344,1.0,0.949,-0.145,6880,18.431,12.549,57,,,3.125,,,,,,,,,,
2026-09-28T16:32:58.110,575.113,0,1387.25,38,,97.281,15.686,18.0,-1.562,1.0,0.969,-0.098,7170,14.51,12.157,57,,,,13.964,,,,,,,,,
2026-09-28T16:32:58.240,575.243,0,1373.5,24,,97.219,0.0,25.5,-1.562,1.0,0.972,-0.094,6740,20.784,12.157,57,,,,,97,,,,,,,,
2026-09-28T16:32:58.370,575.374,0,1365.0,22,,97.219,8.235,27.5,-2.344,1.0,0.958,-0.121,6360,22.353,14.118,57,,,,,,21,,,,,,,
2026-09-28T16:32:58.500,575.503,0,1375.5,26,,97.156,10.196,17.5,-3.906,1.001,0.958,-0.125,5880,22.353,14.51,57,,,,,,,78.824,,,,,,
2026-09-28T16:32:58.630,575.633,0,1380.0,30,,97.062,12.941,16.5,-3.125,1.001,0.973,-0.09,5230,22.745,14.118,57,,,,,,,,542.2,,,,,
2026-09-28T16:32:58.760,575.763,0,1368.5,32,,97.156,13.333,17.0,-3.125,1.0,0.991,-0.043,4640,22.745,14.118,57,,,,,,,,,0.855,,,,
2026-09-28T16:32:58.890,575.894,0,1369.0,33,,97.062,14.118,16.0,-1.562,1.0,1.021,0.0,4890,23.529,14.902,57,,,,,,,,,,,0.781,,
2026-09-28T16:32:59.020,576.024,0,1364.0,34,,96.906,15.294,14.5,-1.562,1.0,1.0,-0.02,5090,24.314,14.902,57,,,,,,,,,,,,24.314,
2026-09-28T16:32:59.150,576.153,0,1365.5,38,,96.906,16.863,14.0,-2.344,1.0,0.989,-0.047,5840,25.882,15.686,57,,,,,,,,,,,,,611
2026-09-28T16:32:59.280,576.283,0,1376.0,41,,96.906,18.039,14.0,-3.125,1.0,0.978,-0.078,6960,27.059,16.471,56,106,,,,,,,,,,,,
2026-09-28T16:32:59.410,576.413,0,1379.0,45,,96.875,18.824,14.0,-3.906,1.0,0.97,-0.098,7520,28.235,17.255,57,,38,,,,,,,,,,,
2026-09-28T16:32:59.540,576.543,0,1373.25,56,,96.906,24.314,14.0,-3.906,1.0,0.975,-0.086,8410,29.02,17.255,57,,,1.562,,,,,,,,,,
2026-09-28T16:32:59.672,576.675,0,1364.5,59,,97.031,25.49,13.5,-3.906,1.0,0.996,-0.031,9640,29.02,17.255,57,,,,13.886,,,,,,,,,
2026-09-28T16:32:59.800,576.804,0,1364.75,62,,97.188,25.098,13.5,-3.906,1.0,0.992,-0.039,10080,29.412,17.647,56,,,,,97,,,,,,,,
2026-09-28T16:32:59.931,576.934,0,1369.5,62,,97.25,26.667,13.5,-3.125,1.0,1.017,-0.004,11300,29.412,17.647,57,,,,,,21,,,,,,,
2026-09-28T16:33:00.061,577.064,0,1372.25,64,,97.531,26.275,13.5,-2.344,1.0,1.014,-0.008,12250,29.412,17.255,57,,,,,,,78.824,,,,,,
2026-09-28T16:33:00.191,577.194,0,1373.75,68,,97.594,27.451,13.5,-3.125,1.0,0.992,-0.039,12510,29.412,17.255,57,,,,,,,,538.8,,,,,
2026-09-28T16:33:00.320,577.323,0,1365.5,65,,97.875,26.667,13.5,-3.125,1.0,1.012,-0.008,13950,29.804,17.647,57,,,,,,,,,0.825,,,,
2026-09-28T16:33:00.450,577.453,0,1369.75,69,,98.094,28.235,13.5,-1.562,1.0,1.022,0.0,14060,29.804,18.039,56,,,,,,,,,,,0.781,,
2026-09-28T16:33:00.580,577.583,0,1376.25,70,,98.188,28.235,13.5,-1.562,1.0,1.029,0.012,14160,29.804,17.647,57,,,,,,,,,,,,46.667,
2026-09-28T16:33:00.710,577.713,0,1373.75,70,,98.219,29.02,13.5,0.0,1.0,1.049,0.031,14710,29.412,17.255,57,,,,,,,,,,,,,613
2026-09-28T16:33:00.840,577.843,0,1372.75,67,,98.812,27.059,13.5,0.0,1.0,1.026,0.008,14570,14.51,14.51,57,106,,,,,,,,,,,,
2026-09-28T16:33:00.970,577.974,0,1367.75,56,,98.562,0.0,4.5,-0.781,1.0,1.02,0.0,13740,15.686,12.549,57,,38,,,,,,,,,,,
2026-09-28T16:33:01.100,578.104,0,1366.25,41,,98.812,0.0,16.0,0.781,1.0,1.062,0.047,13250,21.176,12.941,57,,,4.688,,,,,,,,,,
2026-09-28T16:33:01.230,578.233,0,1343.5,31,,98.344,12.157,18.5,2.344,1.0,1.042,0.023,13160,23.529,14.51,57,,,,13.847,,,,,,,,,
2026-09-28T16:33:01.360,578.363,0,1363.0,31,,98.156,13.725,15.5,0.0,1.0,0.984,-0.059,12370,24.706,15.294,57,,,,,97,,,,,,,,
2026-09-28T16:33:01.490,578.493,0,1360.75,35,,97.906,15.294,14.0,-0.781,1.0,0.974,-0.09,11760,26.275,15.686,57,,,,,,21,,,,,,,
2026-09-28T16:33:01.621,578.624,0,1362.5,40,,97.844,19.216,14.0,-0.781,1.0,0.994,-0.035,11050,26.275,16.078,56,,,,,,,78.824,,,,,,
2026-09-28T16:33:01.750,578.753,0,1359.75,49,,97.531,20.0,14.0,-0.781,1.0,0.971,-0.094,9990,26.667,16.078,56,,,,,,,,535.8,,,,,
2026-09-28T16:33:01.880,578.883,0,1359.25,50,,97.531,21.569,14.0,-2.344,1.0,0.97,-0.098,9560,26.667,16.078,56,,,,,,,,,0.805,,,,
2026-09-28T16:33:02.010,579.013,0,1353.75,50,,97.531,21.569,14.0,-2.344,1.0,0.98,-0.07,10040,28.235,16.863,56,,,,,,,,,,,0.781,,
2026-09-28T16:33:02.141,579.144,0,1354.25,54,,97.438,23.529,13.5,-2.344,1.0,0.979,-0.074,9940,29.804,17.647,56,,,,,,,,,,,,40.784,
2026-09-28T16:33:02.270,579.274,0,1366.5,58,,97.25,25.882,13.5,-2.344,1.0,0.985,-0.059,11020,30.588,19.608,56,,,,,,,,,,,,,614
2026-09-28T16:33:02.400,579.403,0,1363.0,66,,97.562,29.804,13.5,-2.344,1.0,0.983,-0.062,12180,31.373,21.961,56,106,,,,,,,,,,,,
2026-09-28T16:33:02.530,579.533,0,1365.0,77,,97.656,34.51,12.5,-3.906,1.0,0.977,-0.082,12530,31.765,22.353,56,,38,,,,,,,,,,,
2026-09-28T16:33:02.660,579.663,0,1360.25,85,,98.219,34.902,12.5,-1.562,1.0,1.025,0.004,13390,31.765,21.569,56,,,0.781,,,,,,,,,,
2026-09-28T16:33:02.791,579.794,0,1357.0,85,,98.75,36.078,12.0,0.0,1.0,1.043,0.027,14400,31.765,21.569,56,,,,13.906,,,,,,,,,
2026-09-28T16:33:02.920,579.923,0,1360.0,84,,99.156,36.078,12.0,0.0,1.0,1.025,0.004,15760,32.157,21.961,56,,,,,97,,,,,,,,
2026-09-28T16:33:03.050,580.053,0,1360.75,87,,99.938,36.863,12.0,-0.781,1.0,1.012,-0.008,15950,31.765,21.569,57,,,,,,21,,,,,,,
2026-09-28T16:33:03.180,580.183,0,1362.75,86,,100.438,36.863,12.0,0.0,1.0,1.022,0.0,15980,31.765,21.569,56,,,,,,,78.824,,,,,,
2026-09-28T16:33:03.310,580.313,0,1362.5,85,,100.781,36.078,12.5,0.0,1.0,1.021,0.0,16470,31.373,21.176,57,,,,,,,,531.0,,,,,
2026-09-28T16:33:03.440,580.444,0,1366.0,87,,101.75,33.333,13.0,-0.781,1.0,0.987,-0.051,15610,29.804,17.255,57,,,,,,,,,0.79,,,,
2026-09-28T16:33:03.570,580.574,0,1360.25,79,,102.375,31.373,13.5,0.0,1.0,1.013,-0.008,14990,30.196,16.863,56,,,,,,,,,,,0.781,,
2026-09-28T16:33:03.700,580.703,0,1356.5,71,,102.438,29.412,13.0,0.0,1.0,0.997,-0.027,14450,30.588,18.039,57,,,,,,,,,,,,46.275,
2026-09-28T16:33:03.830,580.833,0,1363.25,68,,102.156,30.98,13.5,0.0,1.0,1.009,-0.012,14710,30.98,19.216,57,,,,,,,,,,,,,616
2026-09-28T16:33:03.960,580.963,0,1378.25,78,,102.0,32.549,13.5,0.0,1.0,0.995,-0.031,14890,31.765,20.784,56,106,,,,,,,,,,,,
2026-09-28T16:33:04.090,581.093,0,1399.5,82,,101.781,33.725,12.5,0.0,1.001,1.021,0.0,15150,31.765,20.784,57,,37,,,,,,,,,,,
2026-09-28T16:33:04.220,581.223,0,1383.25,84,,102.031,35.294,12.5,1.562,1.002,1.05,0.035,16220,31.765,21.176,56,,,0.781,,,,,,,,,,
2026-09-28T16:33:04.350,581.353,0,1358.25,87,,102.469,36.471,12.5,1.562,1.002,1.029,0.012,15570,31.765,21.176,56,,,,13.847,,,,,,,,,
2026-09-28T16:33:04.480,581.483,0,1369.5,86,,102.656,36.863,12.0,1.562,1.002,1.029,0.012,15580,32.941,21.961,57,,,,,97,,,,,,,,
2026-09-28T16:33:04.611,581.614,0,1372.25,87,,102.812,37.647,11.0,2.344,1.002,1.019,0.0,16460,33.333,23.922,57,,,,,,21,,,,,,,
2026-09-28T16:33:04.741,581.744,0,1371.5,92,,103.219,41.961,11.0,0.781,1.002,0.993,-0.035,16060,33.333,23.137,57,,,,,,,78.824,,,,,,
2026-09-28T16:33:04.871,581.874,0,1371.75,91,,103.594,40.392,11.0,1.562,1.002,1.026,0.008,16020,32.941,22.745,57,,,,,,,,526.0,,,,,
2026-09-28T16:33:05.001,582.004,0,1379.5,91,,103.969,40.0,11.0,3.125,1.002,1.025,0.004,15910,32.941,22.745,57,,,,,,,,,0.775,,,,
2026-09-28T16:33:05.131,582.134,0,1380.0,90,,104.594,40.0,11.0,2.344,1.002,1.018,-0.004,16330,32.941,22.745,57,,,,,,,,,,,0.781,,
2026-09-28T16:33:05.261,582.264,0,1379.75,91,,104.625,40.0,11.0,2.344,1.002,1.0,-0.02,16300,33.333,23.137,57,,,,,,,,,,,,68.235,
2026-09-28T16:33:05.391,582.394,0,1392.5,93,,104.688,42.745,11.0,1.562,1.002,0.99,-0.047,16000,34.902,23.529,57,,,,,,,,,,,,,617
2026-09-28T16:33:05.521,582.524,0,1387.5,93,,105.062,45.098,9.5,1.562,1.002,0.999,-0.023,16770,34.902,24.706,58,107,,,,,,,,,,,,
2026-09-28T16:33:05.651,582.654,0,1385.25,96,,105.5,45.098,9.5,0.781,1.001,0.978,-0.078,17020,34.902,24.706,58,,36,,,,,,,,,,,
2026-09-28T16:33:05.781,582.784,0,1392.5,96,,105.938,43.529,7.5,0.0,1.001,0.971,-0.094,16550,34.902,24.314,58,,,0.781,,,,,,,,,,
2026-09-28T16:33:05.911,582.914,0,1392.75,96,,106.188,44.314,7.5,0.0,1.001,0.984,-0.062,16460,34.902,24.314,58,,,,13.906,,,,,,,,,
2026-09-28T16:33:06.040,583.043,0,1399.75,96,,106.812,44.314,7.0,0.0,1.001,0.984,-0.059,16830,34.902,24.314,58,,,,,97,,,,,,,,
2026-09-28T16:33:06.172,583.175,0,1402.25,96,,107.031,43.529,8.0,0.0,1.0,0.975,-0.086,17050,34.902,24.706,58,,,,,,21,,,,,,,
2026-09-28T16:33:06.300,583.303,0,1406.5,97,,107.25,43.922,6.0,-0.781,1.0,0.976,-0.082,16490,34.902,24.314,58,,,,,,,78.824,,,,,,
2026-09-28T16:33:06.430,583.433,0,1405.5,96,,107.656,43.137,6.5,-0.781,1.0,0.984,-0.062,16880,34.902,24.314,58,,,,,,,,522.2,,,,,
2026-09-28T16:33:06.560,583.563,0,1415.75,97,,107.875,43.529,6.0,-0.781,1.0,0.974,-0.09,16910,34.902,24.314,58,,,,,,,,,0.76,,,,
2026-09-28T16:33:06.690,583.693,0,1415.25,97,,107.969,43.137,6.0,-1.562,1.001,0.984,-0.059,16520,34.902,23.529,58,,,,,,,,,,,0.781,,
2026-09-28T16:33:06.820,583.823,0,1421.0,96,,108.25,42.353,6.5,-0.781,1.001,0.987,-0.051,16980,34.902,23.922,59,,,,,,,,,,,,70.98,
2026-09-28T16:33:06.951,583.954,0,1423.0,97,,108.531,43.137,6.5,-1.562,1.0,0.979,-0.074,16750,34.902,24.314,59,,,,,,,,,,,,,619
2026-09-28T16:33:07.080,584.083,0,1428.0,97,,108.594,42.745,6.5,-2.344,1.0,0.983,-0.062,16490,34.902,23.922,59,107,,,,,,,,,,,,
2026-09-28T16:33:07.210,584.213,0,1427.5,96,,108.844,41.961,6.5,-1.562,1.0,0.992,-0.039,16750,34.902,23.922,59,,35,,,,,,,,,,,
2026-09-28T16:33:07.340,584.343,0,1431.0,97,,108.875,42.353,6.5,-2.344,1.0,0.987,-0.051,17070,34.902,24.314,60,,,0.781,,,,,,,,,,
2026-09-28T16:33:07.470,584.473,0,1445.5,97,,108.906,42.353,6.0,-2.344,1.0,0.984,-0.059,16600,34.902,23.922,60,,,,13.925,,,,,,,,,
2026-09-28T16:33:07.600,584.603,0,1446.0,97,,109.125,41.569,6.0,-2.344,1.0,0.998,-0.023,16750,34.902,23.922,60,,,,,97,,,,,,,,
2026-09-28T16:33:07.730,584.734,0,1449.75,96,,109.312,41.569,6.5,-2.344,1.0,0.992,-0.039,17070,33.725,23.137,60,,,,,,21,,,,,,,
2026-09-28T16:33:07.860,584.863,0,1455.5,96,,109.625,39.216,8.0,-3.125,1.0,0.99,-0.047,16340,31.373,19.608,60,,,,,,,78.824,,,,,,
2026-09-28T16:33:07.991,584.994,0,1447.25,91,,110.094,32.941,9.5,-1.562,1.0,1.023,0.004,16140,30.98,19.216,60,,,,,,,,520.5,,,,,
2026-09-28T16:33:08.120,585.123,0,1447.75,86,,110.156,31.373,10.0,0.0,1.0,1.029,0.008,15610,31.373,20.0,60,,,,,,,,,0.75,,,,
2026-09-28T16:33:08.250,585.253,0,1459.0,86,,108.938,32.157,10.5,-1.562,1.0,0.999,-0.023,15070,31.373,20.0,60,,,,,,,,,,,0.781,,
2026-09-28T16:33:08.381,585.384,0,1467.5,86,,108.75,32.157,11.0,-0.781,1.0,1.004,-0.016,15770,31.765,20.784,61,,,,,,,,,,,,58.431,
2026-09-28T16:33:08.510,585.514,0,1471.25,88,,108.25,32.941,11.0,-1.562,1.0,0.999,-0.02,15440,31.765,20.784,61,,,,,,,,,,,,,620
2026-09-28T16:33:08.640,585.643,0,1475.25,87,,107.906,31.765,11.0,-0.781,1.0,1.016,-0.004,15310,30.98,19.608,61,106,,,,,,,,,,,,
2026-09-28T16:33:08.770,585.773,0,1472.5,85,,107.906,30.588,12.5,0.0,1.0,1.026,0.008,15740,26.667,16.078,61,,34,,,,,,,,,,,
2026-09-28T16:33:08.900,585.903,0,1463.75,76,,108.156,25.098,13.0,-0.781,1.0,0.986,-0.055,14930,24.314,14.902,61,,,1.562,,,,,,,,,,
2026-09-28T16:33:09.030,586.033,0,1467.0,65,,104.281,19.608,13.5,-2.344,1.001,0.978,-0.078,14290,24.706,14.902,61,,,,13.945,,,,,,,,,
2026-09-28T16:33:09.160,586.163,0,1471.5,46,,103.312,18.039,15.0,-2.344,1.001,0.983,-0.062,14390,25.49,15.686,61,,,,,97,,,,,,,,
2026-09-28T16:33:09.290,586.293,0,1487.25,47,,102.406,17.647,15.0,-2.344,1.0,0.972,-0.094,13300,27.843,16.471,61,,,,,,21,,,,,,,
2026-09-28T16:33:09.420,586.423,0,1502.0,49,,101.719,19.608,15.0,-3.125,1.0,0.979,-0.074,12490,29.02,17.647,61,,,,,,,78.824,,,,,,
2026-09-28T16:33:09.550,586.553,0,1500.75,61,,100.375,21.569,15.0,-2.344,1.0,1.0,-0.02,12550,29.02,17.255,61,,,,,,,,520.7,,,,,
2026-09-28T16:33:09.680,586.683,0,1469.75,64,,100.125,22.353,14.5,-2.344,1.001,0.995,-0.031,12650,27.843,16.863,61,,,,,,,,,0.735,,,,
2026-09-28T16:33:09.810,586.814,0,1472.0,66,,100.031,23.137,14.5,-2.344,1.001,1.0,-0.02,12520,22.353,13.725,61,,,,,,,,,,,0.781,,
2026-09-28T16:33:09.940,586.943,0,1467.75,49,,100.406,16.863,14.5,-1.562,1.001,1.02,0.0,12400,22.353,14.118,61,,,,,,,,,,,,27.059,
2026-09-28T16:33:10.070,587.074,0,1471.0,40,,100.062,15.294,14.5,-1.562,1.0,1.017,-0.004,11930,21.961,12.941,61,,,,,,,,,,,,,622
2026-09-28T16:33:10.200,587.203,0,1467.5,35,,99.781,12.941,15.5,-0.781,1.0,1.01,-0.012,11360,22.745,13.725,61,104,,,,,,,,,,,,
2026-09-28T16:33:10.331,587.334,0,1463.5,32,,99.781,12.549,16.0,-1.562,1.0,1.006,-0.016,10800,23.137,14.118,61,,34,,,,,,,,,,,
2026-09-28T16:33:10.460,587.463,0,1472.25,34,,99.906,12.941,15.5,0.0,0.999,1.03,0.012,10270,25.49,15.294,61,,,3.125,,,,,,,,,,
2026-09-28T16:33:10.590,587.593,0,1473.0,38,,99.656,14.51,14.5,-2.344,0.999,0.954,-0.129,9560,27.451,16.078,61,,,,13.945,,,,,,,,,
2026-09-28T16:33:10.720,587.723,0,1483.0,43,,99.438,18.039,15.0,-4.688,1.0,0.952,-0.137,9300,28.627,16.863,61,,,,,97,,,,,,,,
2026-09-28T16:33:10.850,587.853,0,1486.25,54,,98.812,20.392,15.0,-5.469,1.0,0.939,-0.164,9580,29.412,18.039,61,,,,,,21,,,,,,,
2026-09-28T16:33:10.981,587.984,0,1487.75,61,,98.812,22.353,15.0,-7.812,1.0,0.937,-0.172,10550,29.412,17.647,61,,,,,,,78.039,,,,,,
2026-09-28T16:33:11.110,588.113,0,1480.0,65,,98.812,23.529,14.5,-7.031,1.001,0.973,-0.09,11670,29.412,18.039,62,,,,,,,,522.1,,,,,
2026-09-28T16:33:11.241,588.244,0,1482.25,70,,99.094,24.314,14.5,-7.031,1.001,0.969,-0.098,12550,29.02,17.647,62,,,,,,,,,0.735,,,,
2026-09-28T16:33:11.370,588.373,0,1485.5,69,,99.188,23.922,15.0,-7.812,1.001,0.964,-0.109,13150,29.02,17.255,62,,,,,,,,,,,0.781,,
2026-09-28T16:33:11.500,588.503,0,1486.5,68,,99.469,23.529,15.0,-7.812,1.001,0.983,-0.062,13410,29.02,17.255,62,,,,,,,,,,,,41.961,
2026-09-28T16:33:11.630,588.633,0,1492.25,67,,99.75,23.137,15.0,-7.812,1.001,0.995,-0.031,13520,28.235,16.863,62,,,,,,,,,,,,,624
2026-09-28T16:33:11.780,588.783,0,1490.75,65,,99.781,21.961,15.0,-7.031,1.001,0.998,-0.023,12920,27.843,16.471,62,103,,,,,,,,,,,,
2026-09-28T16:33:11.910,588.913,0,1502.25,62,,100.031,21.176,15.0,-7.031,1.001,0.999,-0.023,11980,27.843,16.863,62,,35,,,,,,,,,,,
2026-09-28T16:33:12.040,589.043,0,1509.5,59,,99.812,20.784,15.0,-7.031,1.001,1.009,-0.012,12060,28.235,17.255,62,,,1.562,,,,,,,,,,
2026-09-28T16:33:12.172,589.175,0,1508.5,61,,99.781,21.569,15.0,-6.25,1.001,1.018,-0.004,13160,28.627,17.255,62,,,,13.828,,,,,,,,,
2026-09-28T16:33:12.301,589.304,0,1504.5,66,,99.781,22.353,15.0,-7.812,1.001,0.975,-0.086,12910,28.235,17.255,62,,,,,97,,,,,,,,
2026-09-28T16:33:12.430,589.434,0,1511.75,66,,100.125,21.569,15.0,-7.812,1.001,0.988,-0.051,12860,23.529,15.686,62,,,,,,21,,,,,,,
2026-09-28T16:33:12.561,589.564,0,1501.5,60,,99.875,19.216,12.0,-7.031,1.001,1.011,-0.008,12540,14.51,13.725,62,,,,,,,78.039,,,,,,
2026-09-28T16:33:12.690,589.694,0,1497.0,45,,99.469,0.0,15.5,-7.031,1.001,1.01,-0.012,12260,14.51,12.941,63,,,,,,,,522.3,,,,,
2026-09-28T16:33:12.820,589.823,0,1494.75,33,,99.469,0.0,18.5,-5.469,1.0,1.034,0.016,11680,15.294,12.549,62,,,,,,,,,0.725,,,,
2026-09-28T16:33:12.950,589.953,0,1485.0,23,,98.938,0.0,30.5,-5.469,1.0,1.027,0.008,11180,15.294,12.549,62,,,,,,,,,,,0.781,,
2026-09-28T16:33:13.080,590.083,0,1480.75,22,,98.812,0.0,32.0,-5.469,1.0,1.042,0.023,10800,14.51,12.549,62,,,,,,,,,,,,12.157,
2026-09-28T16:33:13.210,590.213,0,1487.5,21,,98.625,0.0,26.0,-4.688,1.0,1.049,0.031,10360,14.51,12.549,62,,,,,,,,,,,,,625
2026-09-28T16:33:13.340,590.343,0,1488.0,21,,98.406,0.0,17.0,-3.906,1.001,1.054,0.039,9990,16.863,12.549,62,102,,,,,,,,,,,,
2026-09-28T16:33:13.470,590.473,0,1489.5,21,,98.188,0.0,11.0,-3.125,1.001,1.051,0.035,9570,19.216,12.549,62,,35,,,,,,,,,,,
2026-09-28T16:33:13.600,590.603,0,1490.75,22,,98.188,0.0,7.5,-2.344,1.001,1.058,0.043,9180,20.784,12.549,62,,,6.25,,,,,,,,,,
2026-09-28T16:33:13.731,590.734,0,1489.75,21,,97.938,6.667,32.0,-2.344,1.001,1.056,0.039,8730,21.569,13.725,62,,,,13.925,,,,,,,,,
2026-09-28T16:33:13.860,590.864,0,1491.5,24,,97.875,8.235,22.0,-1.562,1.001,1.052,0.035,8190,17.255,12.549,62,,,,,97,,,,,,,,
2026-09-28T16:33:13.991,590.994,0,1504.5,26,,98.312,8.627,25.0,-3.906,1.001,0.984,-0.062,7600,14.51,12.549,62,,,,,,21,,,,,,,
2026-09-28T16:33:14.120,591.123,0,1464.0,23,,97.875,0.0,25.5,-5.469,1.0,0.964,-0.109,7220,17.255,12.549,61,,,,,,,78.039,,,,,,
2026-09-28T16:33:14.250,591.253,0,1489.25,22,,97.562,0.0,18.0,-4.688,1.0,0.983,-0.062,6860,19.216,12.941,62,,,,,,,,524.2,,,,,
2026-09-28T16:33:14.380,591.383,0,1484.0,22,,97.531,7.059,11.5,-3.906,1.001,1.013,-0.008,6420,20.0,12.549,62,,,,,,,,,0.74,,,,
2026-09-28T16:33:14.510,591.513,0,1486.5,22,,97.531,7.059,12.0,-3.125,1.001,1.027,0.008,6020,20.392,12.549,62,,,,,,,,,,,0.781,,
2026-09-28T16:33:14.641,591.644,0,1485.25,22,,97.531,6.667,22.0,-3.125,1.001,1.017,-0.004,5570,20.784,12.549,62,,,,,,,,,,,,12.941,
2026-09-28T16:33:14.770,591.774,0,1481.25,22,,97.531,7.059,22.0,-3.125,1.001,0.999,-0.023,5160,14.51,12.549,61,,,,,,,,,,,,,627
2026-09-28T16:33:14.900,591.903,0,1477.5,22,,97.531,0.0,15.0,-4.688,1.001,0.968,-0.102,4750,14.51,12.549,61,102,,,,,,,,,,,,
2026-09-28T16:33:15.030,592.033,0,1476.25,22,,97.469,0.0,9.5,-5.469,1.001,0.956,-0.129,4300,15.686,12.549,62,,35,,,,,,,,,,,
2026-09-28T16:33:15.160,592.163,0,1478.5,22,,97.344,0.0,5.0,-6.25,1.001,0.965,-0.105,3930,16.078,12.549,62,,,6.25,,,,,,,,,,
2026-09-28T16:33:15.291,592.294,0,1476.5,22,,97.219,0.0,0.5,0.0,1.001,0.985,-0.059,3530,16.078,12.549,61,,,,13.945,,,,,,,,,
2026-09-28T16:33:15.420,592.424,0,1477.25,21,,97.656,0.0,-2.5,0.0,1.001,1.02,0.0,4030,16.863,12.941,62,,,,,97,,,,,,,,
2026-09-28T16:33:15.550,592.553,0,1473.0,21,,97.531,0.0,-2.5,0.0,1.002,1.168,0.16,5890,17.255,12.941,61,,,,,,21,,,,,,,
2026-09-28T16:33:15.680,592.683,0,1470.75,22,,97.531,0.0,-2.5,0.0,0.998,1.438,0.395,6910,17.647,12.941,61,,,,,,,78.039,,,,,,
2026-09-28T16:33:15.810,592.813,0,1463.75,23,,97.531,0.0,-2.5,0.0,1.005,2.0,0.73,8150,18.039,12.941,61,,,,,,,,526.2,,,,,
2026-09-28T16:33:15.940,592.943,0,1466.75,24,,97.531,0.0,-2.5,0.0,1.052,2.0,0.91,8890,18.039,12.549,61,,,,,,,,,0.745,,,,
2026-09-28T16:33:16.070,593.074,0,1468.0,24,,97.531,0.0,-2.5,0.0,1.132,2.0,1.027,9150,18.039,12.549,62,,,,,,,,,,,0.781,,
2026-09-28T16:33:16.200,593.204,0,1468.0,24,,97.531,0.0,-2.5,0.0,1.188,2.0,1.113,9140,18.431,12.549,62,,,,,,,,,,,,13.333,
2026-09-28T16:33:16.330,593.333,0,1465.25,24,,97.531,0.0,-2.5,0.0,1.26,2.0,1.156,9720,18.431,12.549,61,,,,,,,,,,,,,628
2026-09-28T16:33:16.460,593.463,0,1464.25,23,,97.688,0.0,-2.5,0.0,1.344,2.0,1.191,9710,18.431,12.549,61,103,,,,,,,,,,,,
2026-09-28T16:33:16.590,593.593,0,1467.5,23,,97.625,0.0,-2.5,0.0,1.462,2.0,1.211,9700,18.824,12.549,62,,36,,,,,,,,,,,
2026-09-28T16:33:16.721,593.724,0,1466.75,23,,97.75,0.0,-2.5,0.0,1.582,2.0,1.227,9690,18.431,12.549,61,,,5.469,,,,,,,,,,
2026-09-28T16:33:16.850,593.853,0,1465.0,23,,97.781,0.0,-2.5,0.0,1.698,2.0,1.238,9690,18.431,12.549,61,,,,13.945,,,,,,,,,
2026-09-28T16:33:16.980,593.983,0,1463.5,23,,97.875,0.0,-2.5,0.0,1.751,2.0,1.246,9690,14.51,12.549,62,,,,,97,,,,,,,,
2026-09-28T16:33:17.111,594.114,0,1463.5,24,,97.844,0.0,-2.5,0.0,1.78,2.0,1.246,9680,14.51,12.549,61,,,,,,21,,,,,,,
2026-09-28T16:33:17.240,594.243,0,1466.75,23,,97.875,0.0,-2.5,0.0,1.791,2.0,1.254,9670,14.51,12.549,62,,,,,,,78.039,,,,,,
2026-09-28T16:33:17.370,594.373,0,1469.25,24,,97.875,0.0,-2.5,0.0,1.796,2.0,1.254,9660,14.51,12.549,62,,,,,,,,528.6,,,,,
2026-09-28T16:33:17.500,594.503,0,1471.5,23,,97.875,0.0,-2.5,0.0,1.798,2.0,1.258,9650,14.902,12.549,62,,,,,,,,,0.1,,,,
2026-09-28T16:33:17.630,594.633,0,1471.75,23,,97.875,0.0,-2.0,0.0,1.799,2.0,1.262,9650,15.294,12.549,62,,,,,,,,,,,0.781,,
2026-09-28T16:33:17.760,594.763,0,1472.0,23,,97.875,0.0,-2.0,0.0,1.8,2.0,1.262,9650,15.686,12.549,62,,,,,,,,,,,,12.549,
2026-09-28T16:33:17.890,594.893,0,1472.0,23,,97.875,0.0,-2.5,0.0,1.8,2.0,1.262,9650,15.686,12.549,62,,,,,,,,,,,,,630
2026-09-28T16:33:18.020,595.023,0,1471.25,23,,97.875,0.0,-2.5,0.0,1.8,2.0,1.262,9640,15.686,12.549,62,103,,,,,,,,,,,,
2026-09-28T16:33:18.151,595.154,0,1472.75,23,,97.875,0.0,-2.0,0.0,1.8,2.0,1.262,9630,15.686,12.549,62,,36,,,,,,,,,,,
2026-09-28T16:33:18.280,595.283,0,1472.75,23,,97.875,0.0,-2.0,0.0,1.8,2.0,1.262,9620,15.686,12.549,62,,,5.469,,,,,,,,,,
2026-09-28T16:33:18.410,595.413,0,1474.5,23,,97.875,0.0,-2.0,0.0,1.8,2.0,1.266,9620,16.078,12.549,62,,,,13.984,,,,,,,,,
2026-09-28T16:33:18.540,595.543,0,1474.75,23,,97.906,0.0,-2.0,0.0,1.8,2.0,1.262,9630,16.471,12.549,61,,,,,97,,,,,,,,
2026-09-28T16:33:18.672,595.675,0,1473.25,23,,97.875,0.0,-2.0,0.0,1.8,2.0,1.266,9610,16.471,12.549,62,,,,,,21,,,,,,,
2026-09-28T16:33:18.801,595.804,0,1475.75,23,,97.906,0.0,-2.0,0.0,1.8,2.0,1.266,9620,16.471,12.549,62,,,,,,,78.039,,,,,,
2026-09-28T16:33:18.930,595.933,0,1476.75,23,,97.969,0.0,-2.0,0.0,1.8,2.0,1.266,9600,16.471,12.549,62,,,,,,,,530.8,,,,,
2026-09-28T16:33:19.060,596.063,0,1479.0,23,,98.0,0.0,-2.0,0.0,1.8,2.0,1.266,9590,16.471,12.549,62,,,,,,,,,0.1,,,,
2026-09-28T16:33:19.190,596.193,0,1479.75,23,,98.031,0.0,-2.0,0.0,1.8,2.0,1.266,9600,16.471,12.549,62,,,,,,,,,,,0.781,,
2026-09-28T16:33:19.320,596.323,0,1480.5,23,,97.906,0.0,-2.0,0.0,1.8,2.0,1.266,9590,16.471,12.549,62,,,,,,,,,,,,12.549,
2026-09-28T16:33:19.451,596.454,0,1483.25,23,,97.906,0.0,-2.0,0.0,1.8,2.0,1.266,9590,16.471,12.549,62,,,,,,,,,,,,,631
2026-09-28T16:33:19.580,596.583,0,1482.25,23,,98.094,0.0,-2.0,0.0,1.8,2.0,1.266,9590,16.471,12.549,62,103,,,,,,,,,,,,
2026-09-28T16:33:19.710,596.713,0,1481.75,23,,97.938,0.0,-2.0,0.0,1.8,2.0,1.266,9590,16.471,12.549,62,,37,,,,,,,,,,,
2026-09-28T16:33:19.840,596.843,0,1481.5,23,,98.094,0.0,-2.0,0.0,1.8,2.0,1.266,9580,16.863,12.549,62,,,5.469,,,,,,,,,,
2026-09-28T16:33:19.970,596.973,0,1481.5,23,,98.156,0.0,-2.0,0.0,1.8,2.0,1.27,9580,16.863,12.549,62,,,,13.945,,,,,,,,,
2026-09-28T16:33:20.100,597.103,0,1486.25,23,,98.156,0.0,-2.0,0.0,1.8,2.0,1.27,9570,16.863,12.549,62,,,,,97,,,,,,,,
2026-09-28T16:33:20.230,597.233,0,1488.75,23,,98.156,0.0,-2.0,0.0,1.8,2.0,1.27,9570,16.863,12.549,62,,,,,,21,,,,,,,
2026-09-28T16:33:20.360,597.363,0,1490.0,23,,98.125,0.0,-2.0,0.0,1.8,2.0,1.27,9560,17.647,12.549,63,,,,,,,78.039,,,,,,
2026-09-28T16:33:20.490,597.494,0,1490.75,23,,98.031,0.0,-2.0,0.0,1.8,2.0,1.27,9560,17.647,12.549,62,,,,,,,,532.6,,,,,
2026-09-28T16:33:20.620,597.624,0,1490.25,23,,97.969,0.0,-2.0,0.0,1.8,2.0,1.27,9560,17.647,12.549,62,,,,,,,,,0.095,,,,
2026-09-28T16:33:20.750,597.754,0,1491.75,23,,98.094,0.0,-2.0,0.0,1.8,2.0,1.273,9550,18.039,12.549,62,,,,,,,,,,,0.781,,
2026-09-28T16:33:20.881,597.884,0,1492.75,23,,98.094,0.0,-2.0,0.0,1.8,2.0,1.27,9560,18.039,12.549,62,,,,,,,,,,,,12.549,
2026-09-28T16:33:21.010,598.014,0,1494.25,23,,98.156,0.0,-2.0,0.0,1.8,2.0,1.27,9540,18.039,12.549,63,,,,,,,,,,,,,633
2026-09-28T16:33:21.140,598.144,0,1495.75,23,,98.125,0.0,-2.0,0.0,1.8,2.0,1.273,9530,18.039,12.549,63,103,,,,,,,,,,,,
2026-09-28T16:33:21.270,598.274,0,1495.75,23,,98.094,0.0,-2.0,0.0,1.8,2.0,1.27,9530,18.039,12.549,63,,37,,,,,,,,,,,
2026-09-28T16:33:21.400,598.403,0,1496.75,23,,98.156,0.0,-2.0,0.0,1.8,2.0,1.27,9530,18.039,12.549,63,,,5.469,,,,,,,,,,
2026-09-28T16:33:21.530,598.533,0,1495.75,23,,98.125,0.0,-2.0,0.0,1.8,2.0,1.27,9520,18.039,12.549,63,,,,13.984,,,,,,,,,
2026-09-28T16:33:21.660,598.663,0,1495.5,23,,98.188,0.0,-2.0,0.0,1.8,2.0,1.273,9520,18.039,12.549,63,,,,,97,,,,,,,,
2026-09-28T16:33:21.790,598.793,0,1498.0,23,,98.188,0.0,-2.0,0.0,1.8,2.0,1.27,9510,18.039,12.549,63,,,,,,21,,,,,,,
2026-09-28T16:33:21.920,598.923,0,1498.5,23,,98.125,0.0,-2.0,0.0,1.8,2.0,1.273,9500,18.039,12.549,63,,,,,,,78.039,,,,,,
2026-09-28T16:33:22.050,599.053,0,1496.0,23,,98.156,0.0,-2.0,0.0,1.8,2.0,1.27,9500,18.039,12.549,63,,,,,,,,534.6,,,,,
2026-09-28T16:33:22.180,599.183,0,1498.25,23,,98.188,0.0,-2.0,0.0,1.8,2.0,1.273,9500,18.039,12.549,63,,,,,,,,,0.095,,,,
2026-09-28T16:33:22.310,599.313,0,1501.75,23,,98.188,0.0,-2.0,0.0,1.8,2.0,1.27,9490,14.51,12.549,63,,,,,,,,,,,0.781,,
2026-09-28T16:33:22.440,599.443,0,1501.5,23,,98.188,0.0,-2.0,0.0,1.8,2.0,1.273,9490,14.51,12.549,63,,,,,,,,,,,,12.549,
2026-09-28T16:33:22.570,599.573,0,1501.5,23,,98.188,0.0,-2.0,0.0,1.8,2.0,1.273,9480,14.51,12.549,63,,,,,,,,,,,,,634
2026-09-28T16:33:22.700,599.703,0,1502.5,23,,98.156,0.0,-2.0,0.0,1.8,2.0,1.27,9470,14.51,12.549,63,104,,,,,,,,,,,,
2026-09-28T16:33:22.830,599.834,0,1506.5,23,,98.188,0.0,-1.5,0.0,1.8,2.0,1.273,9470,14.51,12.549,63,,37,,,,,,,,,,,
2026-09-28T16:33:22.960,599.964,0,1505.0,23,,98.188,0.0,-1.5,0.0,1.8,2.0,1.273,9460,14.51,12.549,63,,,4.688,,,,,,,,,,
2026-09-28T16:33:23.090,600.094,0,1504.25,23,,98.188,0.0,-1.5,0.0,1.8,2.0,1.273,9460,14.51,12.549,63,,,,13.984,,,,,,,,,
2026-09-28T16:33:23.220,600.224,0,1507.25,23,,98.156,0.0,-1.5,0.0,1.8,2.0,1.277,9450,14.51,12.549,63,,,,,97,,,,,,,,
2026-09-28T16:33:23.351,600.354,0,1511.75,23,,98.188,0.0,-1.5,0.0,1.8,2.0,1.273,9450,14.51,12.549,63,,,,,,21,,,,,,,
2026-09-28T16:33:23.481,600.484,0,1509.0,23,,98.188,0.0,-1.5,0.0,1.8,2.0,1.273,9450,14.51,12.549,63,,,,,,,78.039,,,,,,
2026-09-28T16:33:23.610,600.613,0,1509.5,23,,98.125,0.0,-1.5,0.0,1.8,2.0,1.277,9440,14.51,12.549,63,,,,,,,,536.3,,,,,
2026-09-28T16:33:23.740,600.743,0,1512.5,23,,98.188,0.0,-1.5,0.0,1.8,2.0,1.273,9450,14.51,12.549,63,,,,,,,,,0.095,,,,
2026-09-28T16:33:23.870,600.873,0,1513.5,23,,98.188,0.0,-1.5,0.0,1.8,2.0,1.273,9430,14.51,12.549,64,,,,,,,,,,,0.781,,
2026-09-28T16:33:24.000,601.003,0,1510.5,23,,98.188,0.0,-1.5,0.0,1.8,2.0,1.277,9430,14.51,12.549,63,,,,,,,,,,,,12.941,
2026-09-28T16:33:24.130,601.133,0,1507.75,24,,98.188,0.0,-1.5,0.0,1.8,2.0,1.273,9420,14.51,12.549,64,,,,,,,,,,,,,636
2026-09-28T16:33:24.260,601.263,0,1512.5,23,,98.188,0.0,-1.5,0.0,1.8,2.0,1.273,9420,14.51,12.549,63,104,,,,,,,,,,,,
2026-09-28T16:33:24.391,601.394,0,1514.25,23,,98.188,0.0,-1.5,0.0,1.8,2.0,1.273,9420,14.51,12.549,63,,37,,,,,,,,,,,
2026-09-28T16:33:24.520,601.523,0,1512.0,23,,98.188,0.0,-1.5,0.0,1.8,2.0,1.273,9420,14.51,12.549,63,,,4.688,,,,,,,,,,
2026-09-28T16:33:24.651,601.654,0,1512.0,23,,98.188,0.0,-1.5,0.0,1.8,2.0,1.273,9420,14.51,12.549,63,,,,13.964,,,,,,,,,
2026-09-28T16:33:24.780,601.784,0,1512.25,23,,98.188,0.0,-1.5,0.0,1.8,2.0,1.273,9410,14.51,12.549,63,,,,,97,,,,,,,,
2026-09-28T16:33:24.910,601.913,0,1509.5,23,,98.188,0.0,-1.5,0.0,1.8,2.0,1.273,9560,14.51,12.549,64,,,,,,21,,,,,,,
2026-09-28T16:33:25.040,602.043,0,1508.75,23,,98.188,0.0,-1.5,0.0,1.8,2.0,1.273,9560,14.51,12.549,63,,,,,,,78.824,,,,,,
2026-09-28T16:33:25.172,602.175,0,1510.0,23,,98.188,0.0,-1.5,0.0,1.8,2.0,1.273,9560,14.51,12.549,63,,,,,,,,537.9,,,,,
2026-09-28T16:33:25.300,602.303,0,1509.5,23,,98.188,0.0,-1.5,0.0,1.8,2.0,1.273,9550,14.51,12.549,63,,,,,,,,,0.095,,,,
2026-09-28T16:33:25.430,602.433,0,1508.75,23,,98.188,0.0,-1.5,0.0,1.8,2.0,1.277,9560,14.51,12.549,63,,,,,,,,,,,0.781,,
2026-09-28T16:33:25.560,602.563,0,1511.5,23,,98.188,0.0,-1.5,0.0,1.8,2.0,1.273,9550,14.51,12.549,63,,,,,,,,,,,,12.549,
2026-09-28T16:33:25.690,602.693,0,1513.5,23,,98.188,0.0,-1.5,0.0,1.8,2.0,1.273,9540,14.902,12.549,63,,,,,,,,,,,,,638
2026-09-28T16:33:25.821,602.824,0,1512.5,23,,98.188,0.0,-1.5,0.0,1.8,2.0,1.277,9530,14.902,12.549,63,104,,,,,,,,,,,,
2026-09-28T16:33:25.950,602.953,0,1508.75,23,,98.188,0.0,-1.5,0.0,1.8,2.0,1.273,9530,14.902,12.549,63,,37,,,,,,,,,,,
2026-09-28T16:33:26.080,603.084,0,1511.25,23,,98.188,0.0,-1.5,0.0,1.8,2.0,1.273,9520,14.902,12.549,63,,,4.688,,,,,,,,,,
2026-09-28T16:33:26.210,603.214,0,1512.0,23,,98.188,0.0,-1.5,0.0,1.8,2.0,1.277,9520,14.51,12.549,63,,,,13.984,,,,,,,,,
2026-09-28T16:33:26.340,603.343,0,1508.75,23,,98.188,0.0,-1.5,0.0,1.8,2.0,1.273,9510,14.51,12.549,63,,,,,97,,,,,,,,
2026-09-28T16:33:26.470,603.473,0,1507.25,23,,98.188,0.0,-1.5,0.0,1.8,2.0,1.277,9490,14.51,12.549,63,,,,,,21,,,,,,,
2026-09-28T16:33:26.600,603.603,0,1509.25,23,,98.188,0.0,-1.5,0.0,1.8,2.0,1.277,9490,14.902,12.549,63,,,,,,,78.824,,,,,,
2026-09-28T16:33:26.730,603.733,0,1508.0,23,,98.188,0.0,-1.5,0.0,1.8,2.0,1.277,9490,14.902,12.549,63,,,,,,,,539.3,,,,,
2026-09-28T16:33:26.860,603.863,0,1505.75,23,,98.188,0.0,-1.5,0.0,1.8,2.0,1.277,9480,14.902,12.549,63,,,,,,,,,0.1,,,,
2026-09-28T16:33:27.000,604.003,0,1509.0,23,,98.188,0.0,-1.5,0.0,1.8,2.0,1.277,9480,14.902,12.549,63,,,,,,,,,,,0.781,,
2026-09-28T16:33:27.130,604.133,0,1506.75,23,,98.188,0.0,-1.5,0.0,1.8,2.0,1.277,9470,14.902,12.549,63,,,,,,,,,,,,12.941,
2026-09-28T16:33:27.260,604.263,0,1501.25,23,,98.188,0.0,-2.0,0.0,1.8,2.0,1.277,9470,14.902,12.549,63,,,,,,,,,,,,,639
2026-09-28T16:33:27.390,604.393,0,1502.0,23,,98.188,0.0,-2.0,0.0,1.8,2.0,1.281,9460,14.51,12.549,63,104,,,,,,,,,,,,
2026-09-28T16:33:27.520,604.523,0,1502.5,23,,98.188,0.0,-2.0,0.0,1.8,2.0,1.281,9450,14.51,12.549,63,,37,,,,,,,,,,,
2026-09-28T16:33:27.650,604.653,0,1500.5,23,,98.188,0.0,-2.0,0.0,1.8,2.0,1.277,9450,14.51,12.549,63,,,5.469,,,,,,,,,,
2026-09-28T16:33:27.780,604.783,0,1496.0,23,,98.188,0.0,-2.0,0.0,1.8,2.0,1.277,9450,14.51,12.549,63,,,,13.867,,,,,,,,,
2026-09-28T16:33:27.910,604.913,0,1493.75,23,,98.188,0.0,-2.0,0.0,1.8,2.0,1.281,9450,14.51,12.549,62,,,,,97,,,,,,,,
2026-09-28T16:33:28.040,605.043,0,1492.75,23,,98.188,0.0,-2.0,0.0,1.8,2.0,1.277,9440,14.51,12.549,63,,,,,,21,,,,,,,
2026-09-28T16:33:28.172,605.175,0,1490.75,23,,98.188,0.0,-2.0,0.0,1.8,2.0,1.277,9430,14.51,12.549,62,,,,,,,78.824,,,,,,
2026-09-28T16:33:28.300,605.303,0,1486.0,23,,98.188,0.0,-2.0,0.0,1.8,2.0,1.281,9430,14.51,12.549,62,,,,,,,,540.3,,,,,
2026-09-28T16:33:28.430,605.434,0,1486.0,23,,98.188,0.0,-2.0,0.0,1.8,2.0,1.277,9420,14.51,12.549,62,,,,,,,,,0.095,,,,
2026-09-28T16:33:28.560,605.564,0,1483.0,23,,98.188,0.0,-2.0,0.0,1.8,2.0,1.281,9420,14.51,12.549,62,,,,,,,,,,,0.781,,
2026-09-28T16:33:28.690,605.693,0,1481.5,23,,98.188,0.0,-2.0,0.0,1.8,2.0,1.281,9420,14.51,12.549,62,,,,,,,,,,,,12.941,
2026-09-28T16:33:28.820,605.823,0,1480.75,23,,98.188,0.0,-2.0,0.0,1.8,2.0,1.277,9410,14.51,12.549,62,,,,,,,,,,,,,641
2026-09-28T16:33:28.950,605.953,0,1476.75,23,,98.188,0.0,-2.0,0.0,1.8,2.0,1.277,9410,14.51,12.549,62,105,,,,,,,,,,,,
2026-09-28T16:33:29.080,606.084,0,1472.75,23,,98.188,0.0,-2.5,0.0,1.8,2.0,1.281,9410,14.51,12.549,62,,37,,,,,,,,,,,
2026-09-28T16:33:29.211,606.214,0,1471.5,24,,98.188,0.0,-2.5,0.0,1.8,2.0,1.277,9700,14.51,12.549,62,,,5.469,,,,,,,,,,
2026-09-28T16:33:29.340,606.343,0,1469.75,23,,98.188,0.0,-2.5,0.0,1.8,2.0,1.281,9700,14.51,12.549,62,,,,13.886,,,,,,,,,
2026-09-28T16:33:29.470,606.473,0,1467.5,23,,98.188,0.0,-2.5,0.0,1.8,2.0,1.281,9700,14.51,12.549,61,,,,,97,,,,,,,,
2026-09-28T16:33:29.600,606.604,0,1463.0,23,,98.188,0.0,-2.5,0.0,1.8,2.0,1.281,9690,14.51,12.549,61,,,,,,21,,,,,,,
2026-09-28T16:33:29.730,606.733,0,1457.75,23,,98.188,0.0,-2.5,0.0,1.8,2.0,1.277,9690,14.51,12.549,61,,,,,,,78.824,,,,,,
2026-09-28T16:33:29.860,606.863,0,1451.25,24,,98.188,0.0,-2.5,0.0,1.8,2.0,1.281,9680,14.51,12.549,61,,,,,,,,541.5,,,,,
2026-09-28T16:33:29.990,606.993,0,1446.75,24,,98.188,0.0,-2.5,0.0,1.8,2.0,1.277,9670,14.51,12.549,61,,,,,,,,,0.095,,,,
2026-09-28T16:33:30.120,607.124,0,1444.25,23,,98.188,0.0,-2.5,0.0,1.8,2.0,1.281,9660,14.51,12.549,60,,,,,,,,,,,0.781,,
2026-09-28T16:33:30.250,607.253,0,1441.75,24,,98.188,0.0,-2.5,0.0,1.8,2.0,1.281,9660,14.51,12.549,60,,,,,,,,,,,,12.941,
2026-09-28T16:33:30.380,607.383,0,1439.5,23,,98.188,0.0,-2.5,0.0,1.8,2.0,1.277,9650,14.51,12.549,60,,,,,,,,,,,,,642
2026-09-28T16:33:30.510,607.513,0,1433.25,23,,98.188,0.0,-2.5,0.0,1.8,2.0,1.281,9640,14.51,12.549,60,105,,,,,,,,,,,,
2026-09-28T16:33:30.640,607.643,0,1429.5,23,,98.188,0.0,-2.5,0.0,1.8,2.0,1.277,9640,14.51,12.549,60,,37,,,,,,,,,,,
2026-09-28T16:33:30.771,607.774,0,1425.0,23,,98.188,0.0,-2.5,0.0,1.8,2.0,1.281,9630,14.51,12.549,60,,,5.469,,,,,,,,,,
2026-09-28T16:33:30.900,607.903,0,1420.25,24,,98.188,0.0,-2.5,0.0,1.8,2.0,1.281,9630,14.51,12.549,60,,,,13.886,,,,,,,,,
2026-09-28T16:33:31.030,608.033,0,1414.25,23,,98.188,0.0,-2.5,0.0,1.8,2.0,1.281,9620,14.51,12.549,59,,,,,97,,,,,,,,
2026-09-28T16:33:31.160,608.163,0,1409.25,23,,98.188,0.0,-2.5,0.0,1.8,2.0,1.281,9620,14.51,12.549,59,,,,,,21,,,,,,,
2026-09-28T16:33:31.291,608.294,0,1406.0,24,,98.156,0.0,-3.0,0.0,1.8,2.0,1.285,9600,14.51,12.549,59,,,,,,,78.824,,,,,,
2026-09-28T16:33:31.420,608.423,0,1403.75,24,,98.188,0.0,-3.0,0.0,1.8,2.0,1.281,9600,14.51,12.549,59,,,,,,,,542.4,,,,,
2026-09-28T16:33:31.550,608.553,0,1398.5,23,,98.156,0.0,-3.0,0.0,1.8,2.0,1.281,9590,14.51,12.549,58,,,,,,,,,0.095,,,,
2026-09-28T16:33:31.680,608.683,0,1393.25,24,,98.188,0.0,-3.0,0.0,1.8,2.0,1.285,9590,14.51,12.549,58,,,,,,,,,,,0.781,,
2026-09-28T16:33:31.810,608.813,0,1389.75,24,,98.156,0.0,-3.0,0.0,1.8,2.0,1.281,9590,14.51,12.549,58,,,,,,,,,,,,13.333,
2026-09-28T16:33:31.940,608.943,0,1383.75,23,,98.156,0.0,-3.0,0.0,1.8,2.0,1.281,9590,14.51,12.549,58,,,,,,,,,,,,,644
2026-09-28T16:33:32.070,609.073,0,1378.5,23,,98.094,0.0,-4.0,0.0,1.8,2.0,1.281,9580,14.51,12.549,58,104,,,,,,,,,,,,
2026-09-28T16:33:32.200,609.204,0,1372.75,23,,98.125,0.0,-4.0,0.0,1.8,2.0,1.281,9570,14.51,12.549,57,,37,,,,,,,,,,,
2026-09-28T16:33:32.330,609.333,0,1369.0,23,,98.125,0.0,-4.0,0.0,1.8,2.0,1.281,9580,14.51,12.549,57,,,6.25,,,,,,,,,,
2026-09-28T16:33:32.460,609.463,0,1365.0,23,,97.938,0.0,-4.0,0.0,1.8,2.0,1.281,9560,14.51,12.549,57,,,,13.847,,,,,,,,,
2026-09-28T16:33:32.590,609.593,0,1362.0,23,,98.031,0.0,-4.0,0.0,1.8,2.0,1.281,9560,14.51,12.549,57,,,,,97,,,,,,,,
2026-09-28T16:33:32.720,609.723,0,1359.5,23,,97.938,0.0,-4.0,0.0,1.8,2.0,1.281,9560,14.51,12.549,57,,,,,,21,,,,,,,
2026-09-28T16:33:32.851,609.854,0,1355.0,23,,97.938,0.0,-4.0,0.0,1.8,2.0,1.285,9560,14.51,12.549,57,,,,,,,78.824,,,,,,
2026-09-28T16:33:32.979,609.983,0,1351.0,23,,98.031,0.0,-4.0,0.0,1.8,2.0,1.281,9550,14.51,12.549,57,,,,,,,,543.3,,,,,
2026-09-28T16:33:33.110,610.113,0,1347.75,23,,98.094,0.0,-4.0,0.0,1.8,2.0,1.281,9540,14.51,12.549,57,,,,,,,,,0.095,,,,
2026-09-28T16:33:33.240,610.244,0,1345.0,24,,97.938,0.0,-4.0,0.0,1.8,2.0,1.281,9540,14.51,12.549,56,,,,,,,,,,,0.781,,
2026-09-28T16:33:33.370,610.374,0,1340.75,23,,97.938,0.0,-4.0,0.0,1.8,2.0,1.281,9520,14.51,12.549,56,,,,,,,,,,,,13.333,
2026-09-28T16:33:33.500,610.503,0,1338.75,23,,97.969,0.0,-4.0,0.0,1.8,2.0,1.281,9520,14.51,12.549,56,,,,,,,,,,,,,645
2026-09-28T16:33:33.630,610.633,0,1332.0,23,,97.875,0.0,-4.0,0.0,1.8,2.0,1.281,9520,14.51,12.549,56,104,,,,,,,,,,,,
2026-09-28T16:33:33.760,610.763,0,1333.5,24,,97.906,0.0,-4.0,0.0,1.8,2.0,1.285,9520,14.51,12.549,56,,37,,,,,,,,,,,
2026-09-28T16:33:33.890,610.893,0,1333.25,23,,98.062,0.0,-4.0,0.0,1.8,2.0,1.281,9510,14.51,12.549,55,,,6.25,,,,,,,,,,
2026-09-28T16:33:34.019,611.023,0,1327.5,23,,97.875,0.0,-4.0,0.0,1.8,2.0,1.285,9500,14.51,12.549,56,,,,13.867,,,,,,,,,
2026-09-28T16:33:34.150,611.153,0,1323.0,24,,97.875,0.0,-4.0,0.0,1.8,2.0,1.281,9500,14.51,12.549,56,,,,,97,,,,,,,,
2026-09-28T16:33:34.280,611.283,0,1320.25,23,,97.875,0.0,-4.0,0.0,1.8,2.0,1.285,9490,14.51,12.549,55,,,,,,21,,,,,,,
2026-09-28T16:33:34.410,611.413,0,1316.0,23,,97.906,0.0,-4.0,0.0,1.8,2.0,1.285,9480,14.51,12.549,55,,,,,,,78.824,,,,,,
2026-09-28T16:33:34.540,611.544,0,1313.75,24,,97.875,0.0,-4.0,0.0,1.8,2.0,1.281,9480,14.51,12.549,55,,,,,,,,544.2,,,,,
2026-09-28T16:33:34.672,611.675,0,1311.0,23,,97.875,0.0,-4.5,0.0,1.8,2.0,1.285,9470,14.51,12.549,55,,,,,,,,,0.095,,,,
2026-09-28T16:33:34.800,611.803,0,1309.5,23,,97.875,0.0,-4.5,0.0,1.8,2.0,1.281,9470,14.51,12.549,55,,,,,,,,,,,0.781,,
2026-09-28T16:33:34.931,611.934,0,1307.0,24,,97.875,0.0,-4.5,0.0,1.8,2.0,1.285,9460,14.51,12.549,55,,,,,,,,,,,,13.333,
2026-09-28T16:33:35.060,612.063,0,1308.25,24,,97.875,0.0,-4.5,0.0,1.8,2.0,1.281,9460,14.51,12.549,55,,,,,,,,,,,,,647
2026-09-28T16:33:35.190,612.193,0,1310.5,23,,97.875,0.0,-4.5,0.0,1.8,2.0,1.285,9450,14.51,12.549,55,105,,,,,,,,,,,,
2026-09-28T16:33:35.320,612.324,0,1310.0,23,,97.875,0.0,-4.5,0.0,1.8,2.0,1.281,9450,14.51,12.549,55,,37,,,,,,,,,,,
2026-09-28T16:33:35.450,612.453,0,1303.75,23,,97.875,0.0,-4.5,0.0,1.8,2.0,1.281,9440,14.51,12.549,55,,,6.25,,,,,,,,,,
2026-09-28T16:33:35.580,612.583,0,1302.0,23,,97.875,0.0,-4.5,0.0,1.8,2.0,1.285,9430,14.51,12.549,54,,,,13.886,,,,,,,,,
2026-09-28T16:33:35.710,612.714,0,1299.75,23,,97.875,0.0,-4.5,0.0,1.8,2.0,1.285,9440,14.51,12.549,54,,,,,97,,,,,,,,
2026-09-28T16:33:35.840,612.843,0,1296.25,23,,97.875,0.0,-4.5,0.0,1.8,2.0,1.285,9440,14.51,12.549,54,,,,,,21,,,,,,,
2026-09-28T16:33:35.970,612.973,0,1294.25,23,,97.875,0.0,-4.5,0.0,1.8,2.0,1.285,9420,14.51,12.549,54,,,,,,,78.824,,,,,,
2026-09-28T16:33:36.100,613.103,0,1293.5,23,,97.875,0.0,-4.5,0.0,1.8,2.0,1.285,9420,14.51,12.549,54,,,,,,,,544.9,,,,,
2026-09-28T16:33:36.230,613.233,0,1288.75,24,,97.875,0.0,-4.5,0.0,1.8,2.0,1.285,9420,14.51,12.549,54,,,,,,,,,0.095,,,,
2026-09-28T16:33:36.359,613.363,0,1282.75,23,,97.875,0.0,-4.5,0.0,1.8,2.0,1.285,9420,14.51,12.549,54,,,,,,,,,,,0.781,,
2026-09-28T16:33:36.490,613.493,0,1285.75,24,,97.875,0.0,-4.5,0.0,1.8,2.0,1.285,9420,14.51,12.157,54,,,,,,,,,,,,13.333,
2026-09-28T16:33:36.620,613.623,0,1291.75,24,,97.875,0.0,-4.5,0.0,1.8,2.0,1.285,9420,14.51,12.549,54,,,,,,,,,,,,,648
2026-09-28T16:33:36.750,613.753,0,1296.0,23,,97.875,0.0,-4.5,0.0,1.8,2.0,1.281,9480,14.51,12.549,54,105,,,,,,,,,,,,
2026-09-28T16:33:36.880,613.883,0,1323.5,24,,97.875,0.0,-4.0,0.0,1.8,2.0,1.285,9640,14.51,12.549,54,,37,,,,,,,,,,,
2026-09-28T16:33:37.011,614.014,0,1405.5,24,,97.875,0.0,-2.5,0.0,1.8,2.0,1.281,9630,14.51,12.941,53,,,5.469,,,,,,,,,,
2026-09-28T16:33:37.140,614.143,0,1493.75,23,,97.875,0.0,-1.5,0.0,1.8,2.0,1.285,9630,14.51,12.941,53,,,,13.867,,,,,,,,,
2026-09-28T16:33:37.270,614.273,0,1588.25,24,,97.875,0.0,-1.0,0.0,1.8,2.0,1.289,9620,14.51,12.941,53,,,,,97,,,,,,,,
2026-09-28T16:33:37.400,614.404,0,1669.5,24,,97.875,0.0,-0.5,0.0,1.8,2.0,1.281,9610,14.51,13.333,53,,,,,,21,,,,,,,
2026-09-28T16:33:37.530,614.533,0,1695.0,24,,97.875,0.0,-0.5,0.0,1.8,2.0,1.285,9600,14.51,13.333,53,,,,,,,78.824,,,,,,
2026-09-28T16:33:37.660,614.663,0,1695.25,24,,97.938,0.0,-0.5,0.0,1.8,2.0,1.285,9600,14.51,12.941,54,,,,,,,,545.4,,,,,
2026-09-28T16:33:37.791,614.794,0,1694.25,24,,98.0,0.0,-0.5,0.0,1.8,2.0,1.285,9590,14.51,12.941,53,,,,,,,,,0.095,,,,
2026-09-28T16:33:37.920,614.923,0,1689.25,24,,98.156,0.0,-0.5,0.0,1.8,2.0,1.285,9590,14.51,12.941,53,,,,,,,,,,,0.781,,
2026-09-28T16:33:38.050,615.053,0,1683.75,23,,98.156,0.0,-0.5,0.0,1.8,2.0,1.289,9590,14.51,12.941,54,,,,,,,,,,,,12.549,
2026-09-28T16:33:38.180,615.184,0,1685.25,23,,98.188,0.0,-0.5,0.0,1.8,2.0,1.289,9590,14.51,12.941,53,,,,,,,,,,,,,650
2026-09-28T16:33:38.310,615.313,0,1686.25,23,,98.188,0.0,-0.5,0.0,1.8,2.0,1.285,9570,14.51,12.941,53,105,,,,,,,,,,,,
2026-09-28T16:33:38.440,615.443,0,1684.75,23,,98.188,0.0,-0.5,0.0,1.8,2.0,1.285,9580,14.51,12.941,53,,37,,,,,,,,,,,
2026-09-28T16:33:38.571,615.574,0,1683.25,23,,98.188,0.0,-0.5,0.0,1.8,2.0,1.289,9570,14.51,12.941,54,,,3.906,,,,,,,,,,
2026-09-28T16:33:38.699,615.703,0,1682.75,23,,98.188,0.0,-0.5,0.0,1.8,2.0,1.285,9560,14.51,12.941,53,,,,13.886,,,,,,,,,
2026-09-28T16:33:38.830,615.833,0,1683.75,23,,98.188,0.0,-0.5,0.0,1.8,2.0,1.285,9560,14.51,12.941,53,,,,,97,,,,,,,,
2026-09-28T16:33:38.960,615.963,0,1681.5,23,,98.188,0.0,-0.5,0.0,1.8,2.0,1.289,9560,15.294,12.941,54,,,,,,21,,,,,,,
2026-09-28T16:33:39.091,616.094,0,1675.5,23,,98.188,0.0,-0.5,0.0,1.8,2.0,1.289,9550,17.255,12.941,53,,,,,,,78.824,,,,,,
2026-09-28T16:33:39.220,616.223,0,1682.0,23,,98.188,0.0,-0.5,0.0,1.8,2.0,1.285,9540,18.431,12.941,53,,,,,,,,545.3,,,,,
2026-09-28T16:33:39.350,616.353,0,1686.5,23,,98.188,0.0,-0.5,0.0,1.8,2.0,1.289,9530,18.824,12.941,53,,,,,,,,,0.095,,,,
2026-09-28T16:33:39.481,616.484,0,1684.5,23,,98.188,0.0,-0.5,0.0,1.8,2.0,1.289,9530,20.0,12.941,53,,,,,,,,,,,0.781,,
2026-09-28T16:33:39.610,616.613,0,1690.5,23,,98.188,6.275,14.0,0.0,1.874,2.0,1.223,9960,21.569,12.941,53,,,,,,,,,,,,12.941,
2026-09-28T16:33:39.740,616.743,0,1713.5,22,,98.125,6.275,26.0,0.0,1.553,1.621,0.508,9460,23.529,15.686,53,,,,,,,,,,,,,652
2026-09-28T16:33:39.870,616.874,0,1710.25,29,,97.875,8.627,17.0,0.0,1.101,1.165,0.156,8560,23.922,16.078,54,105,,,,,,,,,,,,
2026-09-28T16:33:40.000,617.003,0,1721.75,34,,97.875,10.196,16.0,0.0,0.969,1.058,0.043,7600,23.137,15.294,54,,37,,,,,,,,,,,
2026-09-28T16:33:40.131,617.134,0,1720.25,37,,97.938,10.196,16.5,0.0,0.926,0.991,-0.043,6950,20.392,12.941,54,,,2.344,,,,,,,,,,
2026-09-28T16:33:40.260,617.263,0,1715.0,29,,98.188,8.235,23.0,0.0,0.914,0.968,-0.102,6490,19.608,13.333,54,,,,13.75,,,,,,,,,
2026-09-28T16:33:40.390,617.393,0,1711.25,24,,98.156,6.667,31.0,0.0,0.908,0.957,-0.125,6080,18.431,13.333,54,,,,,97,,,,,,,,
2026-09-28T16:33:40.519,617.523,0,1712.5,23,,98.188,5.882,20.5,0.0,0.906,0.948,-0.145,5560,18.431,13.333,54,,,,,,21,,,,,,,
2026-09-28T16:33:40.650,617.653,0,1719.5,22,,98.031,5.882,14.5,2.344,0.905,0.943,-0.156,5050,18.824,13.333,55,,,,,,,78.824,,,,,,
2026-09-28T16:33:40.780,617.783,0,1734.0,22,,97.906,5.882,9.5,1.562,0.905,0.927,-0.195,4450,18.431,13.333,55,,,,,,,,543.5,,,,,
2026-09-28T16:33:40.910,617.913,0,1730.75,22,,97.875,5.882,5.5,2.344,0.904,0.938,-0.168,4120,18.431,13.333,55,,,,,,,,,0.18,,,,
2026-09-28T16:33:41.040,618.043,0,1732.5,22,,97.875,5.882,2.0,3.125,0.903,0.946,-0.148,4110,18.431,13.333,55,,,,,,,,,,,0.781,,
2026-09-28T16:33:41.173,618.176,0,1736.75,22,,97.875,5.882,0.0,3.906,0.902,0.947,-0.148,4220,18.039,13.333,55,,,,,,,,,,,,12.549,
2026-09-28T16:33:41.300,618.303,0,1733.5,21,,97.875,0.0,0.0,4.688,0.901,0.947,-0.148,4270,18.039,13.333,55,,,,,,,,,,,,,653
2026-09-28T16:33:41.430,618.434,0,1741.0,21,,97.812,0.0,0.0,0.0,0.895,0.948,-0.145,4460,16.863,13.333,55,105,,,,,,,,,,,,
2026-09-28T16:33:41.560,618.563,0,1730.75,21,,97.844,0.0,0.0,0.0,0.907,0.985,-0.059,5990,17.255,13.333,55,,37,,,,,,,,,,,
2026-09-28T16:33:41.690,618.694,0,1732.0,22,,97.812,0.0,0.0,0.0,0.958,1.343,0.324,7670,16.863,13.333,55,,,3.906,,,,,,,,,,
2026-09-28T16:33:41.820,618.823,0,1715.0,23,,97.781,0.0,0.0,0.0,0.981,1.944,0.656,9610,17.255,13.333,55,,,,13.867,,,,,,,,,
2026-09-28T16:33:41.950,618.953,0,1709.25,24,,97.875,0.0,0.0,0.0,1.047,2.0,0.922,9870,17.647,13.333,55,,,,,97,,,,,,,,
2026-09-28T16:33:42.079,619.083,0,1723.75,24,,97.875,0.0,0.0,0.0,1.13,2.0,1.078,9870,17.255,13.333,55,,,,,,21,,,,,,,
2026-09-28T16:33:42.210,619.213,0,1732.0,24,,97.875,0.0,0.0,0.0,1.207,2.0,1.148,9860,16.863,13.333,55,,,,,,,78.824,,,,,,
2026-09-28T16:33:42.340,619.343,0,1732.75,24,,97.906,0.0,0.0,0.0,1.29,2.0,1.207,9850,16.863,12.941,55,,,,,,,,543.8,,,,,
2026-09-28T16:33:42.471,619.474,0,1734.5,24,,97.969,0.0,0.0,0.0,1.423,2.0,1.242,9840,17.255,12.941,55,,,,,,,,,0.1,,,,
2026-09-28T16:33:42.599,619.603,0,1731.5,24,,98.0,0.0,0.0,0.0,1.557,2.0,1.254,9830,17.647,12.941,55,,,,,,,,,,,0.781,,
2026-09-28T16:33:42.730,619.733,0,1724.75,24,,98.156,0.0,0.0,0.0,1.697,2.0,1.266,9830,17.647,12.941,55,,,,,,,,,,,,13.333,
2026-09-28T16:33:42.859,619.863,0,1720.75,24,,98.188,0.0,0.0,0.0,1.757,2.0,1.273,9820,18.039,12.941,55,,,,,,,,,,,,,655
2026-09-28T16:33:42.990,619.993,0,1721.0,24,,98.188,0.0,0.0,0.0,1.785,2.0,1.277,9800,18.431,12.941,55,105,,,,,,,,,,,,
2026-09-28T16:33:43.120,620.123,0,1723.0,24,,98.188,0.0,0.0,0.0,1.794,2.0,1.281,9790,19.216,12.941,55,,37,,,,,,,,,,,
2026-09-28T16:33:43.250,620.253,0,1724.0,24,,98.188,6.275,6.5,0.0,1.862,2.0,1.336,9700,19.216,13.333,54,,,3.125,,,,,,,,,,
2026-09-28T16:33:43.379,620.383,0,1759.0,22,,98.188,5.882,11.0,0.0,1.675,2.0,0.75,9350,19.216,12.941,55,,,,13.828,,,,,,,,,
2026-09-28T16:33:43.510,620.513,0,1696.5,21,,98.188,5.49,7.0,0.0,1.253,1.213,0.207,8810,19.608,12.941,55,,,,,97,,,,,,,,
2026-09-28T16:33:43.639,620.643,0,1736.0,21,,98.125,5.49,3.5,0.0,1.05,1.044,0.027,8250,20.0,13.333,55,,,,,,21,,,,,,,
2026-09-28T16:33:43.771,620.774,0,1750.25,21,,98.0,5.49,5.5,0.0,0.955,0.999,-0.023,7600,19.216,13.333,55,,,,,,,78.824,,,,,,
2026-09-28T16:33:43.899,620.903,0,1743.25,22,,98.0,5.882,2.0,0.0,0.926,0.943,-0.156,6980,17.255,13.333,54,,,,,,,,543.4,,,,,
2026-09-28T16:33:44.030,621.033,0,1733.75,22,,97.875,0.0,0.0,0.0,0.913,0.907,-0.246,6310,17.647,13.333,54,,,,,,,,,0.155,,,,
2026-09-28T16:33:44.159,621.163,0,1736.5,22,,97.875,0.0,0.0,0.0,0.89,0.901,-0.258,5940,17.255,13.333,55,,,,,,,,,,,0.781,,
2026-09-28T16:33:44.290,621.293,0,1731.0,22,,97.875,0.0,0.0,0.0,0.997,0.98,-0.07,7400,17.255,13.333,55,,,,,,,,,,,,12.941,
2026-09-28T16:33:44.420,621.424,0,1709.75,23,,97.875,0.0,0.0,0.0,1.007,1.373,0.348,8860,17.255,13.333,55,,,,,,,,,,,,,656
2026-09-28T16:33:44.550,621.553,0,1711.0,24,,97.875,0.0,0.0,0.0,1.012,2.0,0.766,9180,14.51,13.333,54,106,,,,,,,,,,,,
2026-09-28T16:33:44.680,621.684,0,1714.5,24,,97.875,0.0,0.0,0.0,1.072,2.0,0.977,9360,14.902,13.333,54,,37,,,,,,,,,,,
2026-09-28T16:33:44.810,621.813,0,1709.75,24,,97.875,0.0,0.0,0.0,1.164,2.0,1.105,9460,14.902,13.333,54,,,3.906,,,,,,,,,,
2026-09-28T16:33:44.940,621.943,0,1706.0,24,,98.031,0.0,0.0,0.0,1.225,2.0,1.172,9460,14.51,12.941,54,,,,13.847,,,,,,,,,
2026-09-28T16:33:45.071,622.074,0,1701.75,24,,98.156,0.0,0.0,0.0,1.332,2.0,1.223,9450,14.51,12.941,54,,,,,97,,,,,,,,
2026-09-28T16:33:45.200,622.203,0,1698.5,24,,98.156,0.0,0.0,0.0,1.443,2.0,1.246,9450,16.863,12.941,54,,,,,,21,,,,,,,
2026-09-28T16:33:45.330,622.333,0,1699.25,24,,98.188,0.0,0.0,0.0,1.604,2.0,1.262,9440,17.647,12.941,54,,,,,,,78.824,,,,,,
2026-09-28T16:33:45.459,622.463,0,1698.5,24,,98.188,0.0,-0.5,0.0,1.71,2.0,1.266,9430,17.647,12.941,53,,,,,,,,544.0,,,,,
2026-09-28T16:33:45.590,622.593,0,1689.25,24,,98.188,0.0,-0.5,0.0,1.767,2.0,1.273,9420,17.647,12.941,54,,,,,,,,,0.095,,,,
2026-09-28T16:33:45.720,622.723,0,1684.0,24,,98.188,0.0,-0.5,0.0,1.786,2.0,1.277,9420,17.647,12.941,53,,,,,,,,,,,0.781,,
2026-09-28T16:33:45.850,622.854,0,1681.25,24,,98.188,0.0,-0.5,0.0,1.795,2.0,1.281,9420,17.255,12.941,53,,,,,,,,,,,,13.333,
2026-09-28T16:33:45.979,622.983,0,1676.5,23,,98.188,0.0,-0.5,0.0,1.798,2.0,1.285,9410,14.51,12.941,53,,,,,,,,,,,,,658
2026-09-28T16:33:46.110,623.113,0,1674.25,23,,98.188,0.0,-0.5,0.0,1.799,2.0,1.285,9700,14.902,12.941,53,106,,,,,,,,,,,,
2026-09-28T16:33:46.240,623.243,0,1672.25,23,,98.188,0.0,-0.5,0.0,1.8,2.0,1.285,9690,15.686,12.941,53,,37,,,,,,,,,,,
2026-09-28T16:33:46.371,623.374,0,1667.0,23,,98.188,0.0,-0.5,0.0,1.8,2.0,1.289,9690,16.471,12.941,53,,,3.906,,,,,,,,,,
2026-09-28T16:33:46.499,623.503,0,1662.75,23,,98.188,0.0,-0.5,0.0,1.8,2.0,1.289,9680,18.039,12.941,53,,,,13.867,,,,,,,,,
2026-09-28T16:33:46.630,623.633,0,1657.75,23,,98.188,0.0,-0.5,0.0,1.8,2.0,1.289,9670,18.824,12.941,53,,,,,97,,,,,,,,
2026-09-28T16:33:46.760,623.763,0,1653.0,23,,98.188,0.0,2.5,0.0,1.793,2.0,1.285,9680,20.784,12.941,53,,,,,,21,,,,,,,
2026-09-28T16:33:46.890,623.893,0,1692.0,23,,98.188,6.275,29.0,0.0,1.764,2.0,1.0,9730,21.569,13.333,52,,,,,,,78.824,,,,,,
2026-09-28T16:33:47.020,624.023,0,1649.75,22,,98.188,6.667,25.5,0.0,1.385,1.38,0.352,9070,22.745,14.902,53,,,,,,,,544.6,,,,,
2026-09-28T16:33:47.150,624.153,0,1672.5,28,,97.875,9.02,17.5,0.0,1.055,1.054,0.039,8240,22.353,14.118,53,,,,,,,,,0.11,,,,
2026-09-28T16:33:47.279,624.283,0,1646.5,31,,98.188,9.02,18.0,0.0,0.959,1.007,-0.012,7560,22.353,14.51,51,,,,,,,,,,,0.781,,
2026-09-28T16:33:47.410,624.413,0,1645.0,29,,98.094,9.02,18.0,0.0,0.925,0.994,-0.035,7000,22.745,14.902,52,,,,,,,,,,,,19.608,
2026-09-28T16:33:47.540,624.543,0,1661.5,30,,97.875,9.412,17.5,0.0,0.912,0.981,-0.066,6430,22.745,15.294,52,,,,,,,,,,,,,659
2026-09-28T16:33:47.672,624.676,0,1655.0,32,,97.875,9.804,17.0,0.0,0.906,0.972,-0.094,5900,22.745,14.902,52,106,,,,,,,,,,,,
2026-09-28T16:33:47.800,624.804,0,1654.25,32,,97.875,9.804,17.0,3.125,0.904,0.967,-0.105,5540,22.745,14.902,52,,37,,,,,,,,,,,
2026-09-28T16:33:47.930,624.933,0,1652.25,33,,97.875,9.804,17.0,3.125,0.904,0.943,-0.156,5620,22.745,14.902,52,,,1.562,,,,,,,,,,
2026-09-28T16:33:48.059,625.063,0,1652.5,33,,97.875,10.196,17.0,2.344,0.903,0.924,-0.203,5770,22.745,14.902,52,,,,13.75,,,,,,,,,
2026-09-28T16:33:48.190,625.193,0,1649.0,33,,97.875,10.196,17.0,2.344,0.902,0.911,-0.234,5800,22.745,14.902,52,,,,,97,,,,,,,,
2026-09-28T16:33:48.320,625.323,0,1648.5,33,,97.875,10.196,17.0,2.344,0.901,0.903,-0.254,5820,22.745,14.902,52,,,,,,21,,,,,,,
2026-09-28T16:33:48.450,625.453,0,1651.0,33,,97.875,10.196,17.0,2.344,0.899,0.901,-0.258,5900,22.353,14.51,52,,,,,,,78.824,,,,,,
2026-09-28T16:33:48.579,625.583,0,1644.0,31,,97.844,9.412,17.0,1.562,0.897,0.891,-0.285,5830,22.745,14.902,52,,,,,,,,540.3,,,,,
2026-09-28T16:33:48.710,625.714,0,1648.5,31,,97.719,9.804,17.0,1.562,0.895,0.893,-0.281,5810,23.137,15.294,52,,,,,,,,,0.19,,,,
2026-09-28T16:33:48.839,625.843,0,1654.25,33,,97.594,10.588,16.5,1.562,0.893,0.883,-0.309,6010,23.529,15.294,52,,,,,,,,,,,0.781,,
2026-09-28T16:33:48.971,625.974,0,1659.0,34,,97.594,10.98,16.0,1.562,0.89,0.884,-0.309,6550,24.314,16.078,52,,,,,,,,,,,,24.706,
2026-09-28T16:33:49.100,626.103,0,1667.5,36,,97.531,11.373,15.5,1.562,0.887,0.88,-0.32,7500,25.882,17.255,52,,,,,,,,,,,,,661
2026-09-28T16:33:49.230,626.234,0,1679.0,40,,97.531,14.51,15.5,0.781,0.884,0.862,-0.375,8430,26.667,17.647,52,106,,,,,,,,,,,,
2026-09-28T16:33:49.359,626.363,0,1687.25,53,,97.531,15.686,16.0,0.0,0.881,0.86,-0.379,9520,27.059,17.647,53,,37,,,,,,,,,,,
2026-09-28T16:33:49.490,626.493,0,1664.5,54,,97.531,15.686,16.0,0.0,0.88,0.869,-0.352,10390,27.059,17.255,53,,,0.781,,,,,,,,,,
2026-09-28T16:33:49.619,626.623,0,1669.0,56,,97.688,15.686,16.0,0.0,0.88,0.866,-0.363,11150,27.451,17.647,53,,,,13.789,,,,,,,,,
2026-09-28T16:33:49.751,626.754,0,1687.0,56,,97.812,16.471,16.5,0.0,0.88,0.87,-0.348,11410,26.667,16.863,53,,,,,97,,,,,,,,
2026-09-28T16:33:49.880,626.883,0,1691.5,55,,98.156,16.471,16.0,0.0,0.88,0.871,-0.348,11630,26.275,16.471,53,,,,,,21,,,,,,,
2026-09-28T16:33:50.010,627.013,0,1689.25,52,,98.188,14.902,16.0,-2.344,0.88,0.846,-0.426,11070,25.882,16.078,53,,,,,,,78.824,,,,,,
2026-09-28T16:33:50.140,627.143,0,1694.75,48,,98.5,14.118,15.5,-2.344,0.88,0.861,-0.375,10550,25.098,16.078,53,,,,,,,,532.8,,,,,
2026-09-28T16:33:50.271,627.274,0,1697.0,48,,98.5,13.725,15.5,-0.781,0.88,0.885,-0.305,9520,25.098,16.078,53,,,,,,,,,0.225,,,,
2026-09-28T16:33:50.399,627.403,0,1699.25,47,,98.5,13.725,15.5,0.0,0.88,0.893,-0.281,9060,24.706,16.078,53,,,,,,,,,,,0.781,,
2026-09-28T16:33:50.530,627.533,0,1707.0,46,,98.5,13.333,15.5,0.0,0.88,0.885,-0.305,9050,22.745,14.902,54,,,,,,,,,,,,27.059,
2026-09-28T16:33:50.660,627.663,0,1708.0,41,,98.812,12.549,17.0,0.0,0.88,0.891,-0.285,8800,18.039,12.941,54,,,,,,,,,,,,,663
2026-09-28T16:33:50.791,627.794,0,1691.75,31,,98.469,0.0,19.5,0.0,0.88,0.898,-0.266,8390,18.431,13.333,53,106,,,,,,,,,,,,
2026-09-28T16:33:50.919,627.923,0,1687.5,25,,98.219,0.0,30.0,0.0,0.88,0.893,-0.281,7680,18.824,12.941,54,,36,,,,,,,,,,,
2026-09-28T16:33:51.050,628.053,0,1693.25,22,,98.188,0.0,25.0,0.0,0.88,0.864,-0.367,7060,19.216,12.941,54,,,3.125,,,,,,,,,,
2026-09-28T16:33:51.180,628.183,0,1697.0,22,,98.094,5.882,18.0,-2.344,0.88,0.84,-0.445,6500,19.608,12.941,53,,,,13.789,,,,,,,,,
2026-09-28T16:33:51.310,628.313,0,1694.0,22,,98.062,5.882,13.0,-3.125,0.881,0.84,-0.449,5870,21.569,13.333,53,,,,,97,,,,,,,,
2026-09-28T16:33:51.440,628.443,0,1685.25,23,,97.875,6.667,27.5,-3.125,0.881,0.855,-0.398,5300,22.745,14.902,54,,,,,,21,,,,,,,
2026-09-28T16:33:51.571,628.574,0,1712.25,26,,97.719,7.843,18.0,-1.562,0.881,0.879,-0.32,4950,23.137,15.686,54,,,,,,,78.824,,,,,,
2026-09-28T16:33:51.700,628.703,0,1715.25,33,,97.531,10.196,16.5,-0.781,0.88,0.888,-0.297,6060,23.529,15.686,54,,,,,,,,529.3,,,,,
2026-09-28T16:33:51.830,628.833,0,1704.75,36,,97.531,10.588,16.0,-1.562,0.879,0.88,-0.32,6220,23.137,15.686,54,,,,,,,,,0.255,,,,
2026-09-28T16:33:51.959,628.963,0,1707.25,38,,97.531,10.98,15.5,-0.781,0.879,0.891,-0.289,6760,23.137,15.686,54,,,,,,,,,,,0.781,,
2026-09-28T16:33:52.090,629.093,0,1706.25,37,,97.531,10.588,15.5,-0.781,0.879,0.888,-0.297,7010,22.745,14.902,54,,,,,,,,,,,,24.314,
2026-09-28T16:33:52.220,629.224,0,1707.5,37,,97.875,10.196,15.5,-0.781,0.879,0.877,-0.328,7010,17.647,12.941,54,,,,,,,,,,,,,664
2026-09-28T16:33:52.350,629.353,0,1706.5,27,,97.875,0.0,23.5,-1.562,0.879,0.862,-0.371,6360,14.51,13.333,54,107,,,,,,,,,,,,
2026-09-28T16:33:52.479,629.483,0,1697.0,24,,97.656,0.0,24.5,-1.562,0.879,0.881,-0.316,5730,18.431,13.333,54,,36,,,,,,,,,,,
2026-09-28T16:33:52.610,629.613,0,1707.75,23,,97.625,0.0,20.5,-0.781,0.874,0.894,-0.281,5180,21.176,13.333,54,,,3.906,,,,,,,,,,
2026-09-28T16:33:52.740,629.743,0,1711.0,23,,97.531,6.667,26.5,0.0,0.891,0.919,-0.215,4580,22.745,14.902,54,,,,13.75,,,,,,,,,
2026-09-28T16:33:52.871,629.874,0,1717.25,27,,97.438,8.235,17.5,-1.562,0.963,0.95,-0.141,4720,23.529,15.686,54,,,,,97,,,,,,,,
2026-09-28T16:33:53.000,630.003,0,1724.75,33,,97.219,10.196,16.5,-1.562,0.99,0.978,-0.078,5790,23.529,16.078,54,,,,,,21,,,,,,,
2026-09-28T16:33:53.130,630.134,0,1720.0,37,,97.219,10.98,15.5,-2.344,0.998,0.976,-0.086,6400,23.529,16.078,54,,,,,,,78.824,,,,,,
2026-09-28T16:33:53.260,630.263,0,1724.75,40,,97.219,11.373,15.5,-2.344,1.0,0.988,-0.051,7000,19.608,14.118,54,,,,,,,,526.8,,,,,
2026-09-28T16:33:53.391,630.394,0,1727.25,40,,97.219,11.373,18.0,-2.344,1.001,0.988,-0.051,7250,14.51,13.333,54,,,,,,,,,0.925,,,,
2026-09-28T16:33:53.519,630.523,0,1714.5,30,,97.531,0.0,26.0,-2.344,1.004,0.99,-0.047,6920,20.784,12.941,54,,,,,,,,,,,0.781,,
2026-09-28T16:33:53.650,630.654,0,1707.75,23,,97.531,6.275,30.0,-3.125,1.008,0.985,-0.059,6570,22.745,14.902,54,,,,,,,,,,,,17.255,
2026-09-28T16:33:53.780,630.783,0,1729.75,26,,97.406,7.843,17.5,-3.906,1.012,0.992,-0.043,5760,23.529,16.078,54,,,,,,,,,,,,,666
2026-09-28T16:33:53.910,630.913,0,1741.5,32,,97.219,9.804,16.5,-3.125,1.012,1.022,0.004,6360,23.529,16.078,54,107,,,,,,,,,,,,
2026-09-28T16:33:54.039,631.043,0,1733.25,38,,97.219,10.98,16.0,-1.562,1.012,1.033,0.016,6770,23.529,16.078,54,,36,,,,,,,,,,,
2026-09-28T16:33:54.173,631.177,0,1733.25,39,,97.219,11.373,15.5,-2.344,1.01,1.01,-0.012,7150,14.51,13.333,55,,,3.125,,,,,,,,,,
2026-09-28T16:33:54.299,631.303,0,1727.5,34,,97.844,0.0,19.0,-2.344,1.009,0.999,-0.023,7380,16.471,13.333,55,,,,13.808,,,,,,,,,
2026-09-28T16:33:54.430,631.433,0,1724.75,27,,97.531,6.275,29.5,-2.344,1.009,0.999,-0.023,6920,23.137,14.902,55,,,,,97,,,,,,,,
2026-09-28T16:33:54.559,631.563,0,1727.75,26,,97.219,7.843,17.5,-3.125,1.008,0.988,-0.051,6140,24.706,16.863,55,,,,,,21,,,,,,,
2026-09-28T16:33:54.690,631.693,0,1759.5,33,,97.219,10.196,15.5,-3.125,1.006,1.016,-0.004,6510,24.706,16.471,55,,,,,,,78.824,,,,,,
2026-09-28T16:33:54.820,631.823,0,1742.0,42,,96.906,12.549,16.0,-1.562,1.004,1.02,0.0,7170,25.49,17.255,55,,,,,,,,527.1,,,,,
2026-09-28T16:33:54.951,631.954,0,1747.25,46,,97.125,13.725,16.0,-2.344,1.003,1.01,-0.012,8320,25.49,16.863,55,,,,,,,,,0.89,,,,
2026-09-28T16:33:55.080,632.083,0,1750.5,48,,97.188,13.725,16.0,-1.562,1.003,0.999,-0.023,9620,23.922,16.863,55,,,,,,,,,,,0.781,,
2026-09-28T16:33:55.210,632.213,0,1763.75,49,,97.219,13.725,16.5,-3.125,1.002,0.984,-0.062,9670,14.51,13.725,55,,,,,,,,,,,,25.098,
2026-09-28T16:33:55.339,632.343,0,1742.25,33,,97.719,0.0,18.5,-3.125,1.002,0.995,-0.031,8920,21.569,13.333,55,,,,,,,,,,,,,667
2026-09-28T16:33:55.471,632.474,0,1744.0,26,,97.875,7.059,19.0,-0.781,1.002,1.03,0.012,8150,24.314,16.078,55,107,,,,,,,,,,,,
2026-09-28T16:33:55.600,632.603,0,1754.5,29,,97.344,9.02,16.0,-1.562,1.002,1.008,-0.012,7710,25.098,17.647,55,,36,,,,,,,,,,,
2026-09-28T16:33:55.730,632.733,0,1755.75,36,,96.938,13.725,-12.0,-0.781,1.002,1.027,0.008,7220,25.882,16.471,56,,,1.562,,,,,,,,,,
2026-09-28T16:33:55.860,632.863,0,1612.5,48,,97.375,14.118,-3.5,-0.781,1.002,1.007,-0.012,8450,25.882,16.471,56,,,,13.808,,,,,,,,,
2026-09-28T16:33:55.990,632.993,0,1513.5,50,,97.469,16.471,2.0,-1.562,1.002,0.998,-0.023,9290,25.882,16.078,56,,,,,97,,,,,,,,
2026-09-28T16:33:56.120,633.123,0,1445.25,50,,97.531,19.216,3.5,-2.344,1.002,0.988,-0.051,9740,25.882,16.078,56,,,,,,21,,,,,,,
2026-09-28T16:33:56.250,633.253,0,1385.25,49,,97.531,20.784,9.5,-2.344,1.002,0.994,-0.035,10780,25.882,15.686,56,,,,,,,78.824,,,,,,
2026-09-28T16:33:56.379,633.383,0,1341.0,49,,97.531,21.961,12.0,-2.344,1.002,0.978,-0.078,10830,25.882,15.686,56,,,,,,,,526.2,,,,,
2026-09-28T16:33:56.511,633.514,0,1346.75,50,,97.531,21.176,9.5,-3.906,1.002,0.968,-0.102,10200,25.882,15.686,56,,,,,,,,,0.865,,,,
2026-09-28T16:33:56.639,633.643,0,1347.25,49,,98.156,21.569,12.5,-3.906,1.003,0.985,-0.059,10770,22.745,14.902,56,,,,,,,,,,,0.781,,
2026-09-28T16:33:56.772,633.775,0,1345.25,47,,98.188,20.0,14.0,-3.906,1.003,0.979,-0.074,10460,21.569,12.941,56,,,,,,,,,,,,23.529,
2026-09-28T16:33:56.900,633.903,0,1346.5,36,,97.938,14.902,17.0,-4.688,1.002,0.978,-0.078,9750,20.784,13.333,56,,,,,,,,,,,,,669
2026-09-28T16:33:57.030,634.033,0,1348.0,32,,97.875,0.0,18.0,-3.906,1.003,0.998,-0.023,9480,14.51,12.549,56,108,,,,,,,,,,,,
2026-09-28T16:33:57.160,634.163,0,1336.5,24,,97.875,0.0,19.0,-3.125,1.003,1.0,-0.02,8980,14.902,12.549,56,,36,,,,,,,,,,,
2026-09-28T16:33:57.290,634.293,0,1339.25,23,,97.844,0.0,21.5,-3.906,1.003,0.987,-0.055,8560,15.686,12.549,56,,,6.25,,,,,,,,,,
2026-09-28T16:33:57.419,634.423,0,1344.0,23,,97.812,0.0,14.5,-3.906,1.004,0.995,-0.031,8210,17.255,12.549,56,,,,13.769,,,,,,,,,
2026-09-28T16:33:57.550,634.553,0,1345.25,22,,97.562,0.0,9.5,-3.906,1.004,1.011,-0.008,7800,19.608,12.549,56,,,,,97,,,,,,,,
2026-09-28T16:33:57.680,634.683,0,1346.0,21,,97.531,8.235,18.5,-3.125,1.005,1.018,-0.004,7400,20.784,12.549,56,,,,,,21,,,,,,,
2026-09-28T16:33:57.810,634.813,0,1344.75,21,,97.531,7.843,29.5,-2.344,1.005,1.027,0.008,6990,21.569,13.333,56,,,,,,,78.824,,,,,,
2026-09-28T16:33:57.939,634.943,0,1350.25,25,,97.469,10.196,19.0,-2.344,1.005,1.022,0.004,6450,21.961,14.118,56,,,,,,,,526.2,,,,,
2026-09-28T16:33:58.071,635.074,0,1369.0,29,,97.312,12.157,13.5,-3.125,1.005,0.997,-0.027,5880,14.51,12.157,56,,,,,,,,,0.855,,,,
2026-09-28T16:33:58.199,635.202,0,1338.75,27,,97.531,0.0,24.5,-3.125,1.004,1.008,-0.012,5400,14.51,12.549,56,,,,,,,,,,,0.781,,
2026-09-28T16:33:58.330,635.333,0,1339.0,23,,97.531,0.0,18.5,-2.344,1.004,1.015,-0.004,5050,15.294,12.549,56,,,,,,,,,,,,13.333,
2026-09-28T16:33:58.460,635.463,0,1332.75,22,,97.531,0.0,13.0,-3.125,1.004,0.993,-0.039,4630,16.078,12.549,56,,,,,,,,,,,,,670
2026-09-28T16:33:58.590,635.593,0,1347.25,22,,97.5,0.0,8.0,-3.906,1.005,0.983,-0.062,4230,16.863,12.549,56,108,,,,,,,,,,,,
2026-09-28T16:33:58.720,635.723,0,1339.5,22,,97.438,0.0,3.5,-3.906,1.005,0.983,-0.062,3850,17.647,12.549,56,,36,,,,,,,,,,,
2026-09-28T16:33:58.850,635.853,0,1332.75,21,,97.344,0.0,-1.0,-3.906,1.005,0.995,-0.031,3500,18.824,12.549,56,,,6.25,,,,,,,,,,
2026-09-28T16:33:58.980,635.983,0,1328.75,21,,97.281,0.0,4.0,0.0,1.006,1.021,0.0,3450,19.216,12.549,55,,,,13.769,,,,,,,,,
2026-09-28T16:33:59.110,636.113,0,1335.75,21,,97.25,7.843,5.0,0.0,1.009,1.102,0.09,3510,19.608,12.549,55,,,,,97,,,,,,,,
2026-09-28T16:33:59.240,636.243,0,1334.0,21,,97.219,8.235,8.5,0.0,1.005,1.11,0.098,3120,20.392,12.549,55,,,,,,21,,,,,,,
2026-09-28T16:33:59.371,636.374,0,1334.5,21,,97.219,8.235,26.0,0.0,0.965,0.996,-0.031,2900,21.961,13.333,55,,,,,,,78.824,,,,,,
2026-09-28T16:33:59.500,636.503,0,1337.0,22,,97.219,8.627,19.5,0.0,0.934,0.955,-0.129,3450,23.529,14.902,56,,,,,,,,526.4,,,,,
2026-09-28T16:33:59.630,636.633,0,1360.5,26,,97.219,14.118,15.5,0.0,0.933,0.945,-0.152,3710,23.529,14.51,56,,,,,,,,,0.85,,,,
2026-09-28T16:33:59.759,636.763,0,1331.5,36,,97.281,16.078,14.5,0.0,0.965,0.954,-0.133,4670,23.529,14.51,56,,,,,,,,,,,0.781,,
2026-09-28T16:33:59.890,636.894,0,1334.25,36,,97.219,16.078,15.0,-0.781,0.985,0.951,-0.137,5610,14.51,12.157,56,,,,,,,,,,,,21.176,
2026-09-28T16:34:00.019,637.023,0,1336.5,36,,97.531,0.0,19.5,-3.125,0.992,0.927,-0.195,5470,15.686,12.549,56,,,,,,,,,,,,,672
2026-09-28T16:34:00.150,637.153,0,1332.5,24,,97.219,0.0,23.0,-3.125,0.996,0.957,-0.125,5270,17.647,12.549,56,108,,,,,,,,,,,,
2026-09-28T16:34:00.280,637.283,0,1332.75,23,,97.219,0.0,18.5,-1.562,0.998,0.987,-0.051,5190,18.431,12.549,56,,36,,,,,,,,,,,
2026-09-28T16:34:00.410,637.413,0,1331.5,23,,97.219,0.0,14.0,-1.562,1.0,0.985,-0.059,4800,19.608,12.549,56,,,6.25,,,,,,,,,,
2026-09-28T16:34:00.539,637.543,0,1333.75,22,,97.219,8.235,9.0,-2.344,1.001,0.977,-0.082,4390,20.0,12.549,56,,,,13.847,,,,,,,,,
2026-09-28T16:34:00.673,637.676,0,1339.5,22,,97.219,8.627,21.5,-2.344,1.001,0.979,-0.074,3990,20.784,12.549,56,,,,,97,,,,,,,,
2026-09-28T16:34:00.800,637.803,0,1341.75,22,,97.219,8.627,28.5,-2.344,1.002,0.991,-0.043,3670,21.569,13.333,56,,,,,,21,,,,,,,
2026-09-28T16:34:00.930,637.933,0,1342.5,23,,97.219,10.588,19.0,-1.562,1.002,1.009,-0.012,3920,21.569,13.725,55,,,,,,,78.824,,,,,,
2026-09-28T16:34:01.059,638.062,0,1353.25,28,,97.219,11.373,18.5,-1.562,1.002,1.0,-0.02,3920,21.569,13.333,55,,,,,,,,526.5,,,,,
2026-09-28T16:34:01.190,638.193,0,1332.0,28,,97.219,11.765,19.0,-1.562,1.001,0.997,-0.027,4170,21.176,13.333,55,,,,,,,,,0.845,,,,
2026-09-28T16:34:01.320,638.323,0,1334.25,27,,97.219,10.196,14.0,-1.562,1.001,1.004,-0.016,4580,14.51,12.157,56,,,,,,,,,,,0.781,,
2026-09-28T16:34:01.450,638.453,0,1327.0,23,,97.219,0.0,18.5,-1.562,1.001,0.992,-0.039,4140,14.51,12.549,55,,,,,,,,,,,,13.725,
2026-09-28T16:34:01.579,638.582,0,1325.25,23,,97.219,0.0,14.5,-1.562,1.001,0.999,-0.023,3790,14.902,12.549,55,,,,,,,,,,,,,673
2026-09-28T16:34:01.710,638.713,0,1337.25,23,,97.219,0.0,9.0,-1.562,1.001,1.013,-0.008,3820,15.294,12.549,55,108,,,,,,,,,,,,
2026-09-28T16:34:01.840,638.843,0,1331.75,22,,97.219,0.0,5.0,-0.781,1.001,1.025,0.004,3570,15.294,12.549,55,,36,,,,,,,,,,,
2026-09-28T16:34:01.971,638.975,0,1320.25,22,,97.219,0.0,0.5,0.0,1.002,1.029,0.012,3800,15.686,12.549,55,,,6.25,,,,,,,,,,
2026-09-28T16:34:02.099,639.102,0,1326.25,22,,97.219,0.0,-3.5,0.0,1.002,1.038,0.02,4180,15.686,12.549,55,,,,13.828,,,,,,,,,
2026-09-28T16:34:02.230,639.233,0,1314.5,22,,97.219,0.0,-4.0,0.0,1.002,1.055,0.039,5100,16.078,12.549,55,,,,,97,,,,,,,,
2026-09-28T16:34:02.360,639.363,0,1306.75,22,,97.219,0.0,-4.5,0.0,1.003,1.136,0.125,6160,16.863,12.549,55,,,,,,21,,,,,,,
2026-09-28T16:34:02.500,639.503,0,1303.25,22,,97.219,0.0,-4.5,0.0,0.997,1.514,0.445,8070,18.431,12.549,55,,,,,,,78.824,,,,,,
2026-09-28T16:34:02.630,639.633,0,1300.5,23,,97.219,0.0,-4.5,0.0,1.008,2.0,0.711,9000,19.608,12.549,55,,,,,,,,527.6,,,,,
2026-09-28T16:34:02.760,639.763,0,1301.75,24,,97.375,9.804,21.0,0.0,1.064,2.0,0.906,10080,20.784,12.549,55,,,,,,,,,0.85,,,,
2026-09-28T16:34:02.890,639.893,0,1328.5,23,,97.469,9.02,28.0,0.0,1.113,1.589,0.488,10450,21.176,12.941,55,,,,,,,,,,,0.781,,
2026-09-28T16:34:03.019,640.023,0,1298.75,23,,97.469,10.588,24.5,0.0,1.047,1.073,0.062,9750,21.569,13.333,54,,,,,,,,,,,,16.078,
2026-09-28T16:34:03.150,640.154,0,1322.0,26,,97.281,10.588,20.5,0.0,0.976,0.926,-0.199,9080,21.569,13.725,55,,,,,,,,,,,,,675
2026-09-28T16:34:03.279,640.282,0,1310.25,27,,97.281,11.373,18.5,0.0,0.927,0.898,-0.266,8570,22.353,14.118,55,107,,,,,,,,,,,,
2026-09-28T16:34:03.410,640.413,0,1312.25,28,,97.375,12.157,18.5,0.0,0.945,0.929,-0.191,8040,23.137,14.51,55,,36,,,,,,,,,,,
2026-09-28T16:34:03.539,640.543,0,1317.25,33,,97.219,14.902,15.5,0.0,0.973,0.972,-0.094,7280,23.922,14.902,55,,,3.125,,,,,,,,,,
2026-09-28T16:34:03.673,640.676,0,1321.25,36,,97.219,16.078,14.0,0.0,0.99,0.999,-0.02,6790,23.922,14.902,55,,,,13.847,,,,,,,,,
2026-09-28T16:34:03.799,640.803,0,1331.0,37,,97.219,16.863,14.0,0.0,0.995,0.981,-0.066,6450,24.314,14.902,55,,,,,97,,,,,,,,
2026-09-28T16:34:03.930,640.933,0,1319.5,39,,97.219,17.647,14.0,-0.781,0.998,0.968,-0.102,6940,24.314,14.902,55,,,,,,21,,,,,,,
2026-09-28T16:34:04.060,641.063,0,1318.5,40,,97.219,17.647,14.0,-1.562,0.999,0.974,-0.09,7290,24.706,15.294,55,,,,,,,78.824,,,,,,
2026-09-28T16:34:04.190,641.193,0,1323.5,42,,97.219,18.431,14.0,-2.344,1.0,0.961,-0.117,7370,25.098,15.294,55,,,,,,,,526.6,,,,,
2026-09-28T16:34:04.320,641.323,0,1333.25,42,,97.219,19.608,14.0,-2.344,1.0,0.978,-0.078,8090,25.882,15.686,55,,,,,,,,,0.85,,,,
2026-09-28T16:34:04.450,641.453,0,1333.25,45,,97.219,20.392,14.0,-2.344,1.0,0.984,-0.062,9210,27.059,16.078,55,,,,,,,,,,,0.781,,
2026-09-28T16:34:04.579,641.582,0,1334.0,49,,97.219,21.569,14.0,-2.344,1.0,0.976,-0.082,9610,25.882,16.078,55,,,,,,,,,,,,33.725,
2026-09-28T16:34:04.710,641.713,0,1334.0,50,,97.219,21.961,14.0,-3.125,1.0,0.982,-0.066,11010,14.51,12.941,55,,,,,,,,,,,,,677
2026-09-28T16:34:04.840,641.843,0,1320.25,40,,97.375,0.0,15.5,-3.125,1.0,0.955,-0.129,10890,14.51,12.549,56,107,,,,,,,,,,,,
2026-09-28T16:34:04.972,641.975,0,1328.0,32,,97.531,0.0,18.5,-5.469,1.0,0.943,-0.156,10290,16.863,12.157,55,,36,,,,,,,,,,,
2026-09-28T16:34:05.100,642.103,0,1314.75,26,,97.531,0.0,26.0,-4.688,1.0,0.98,-0.07,10370,20.784,12.549,55,,,6.25,,,,,,,,,,
2026-09-28T16:34:05.230,642.233,0,1308.25,24,,97.469,9.02,27.0,-3.125,1.0,1.011,-0.008,9900,21.176,12.941,55,,,,13.808,,,,,,,,,
2026-09-28T16:34:05.360,642.363,0,1326.25,24,,97.375,9.412,24.5,-2.344,1.001,1.015,-0.004,9500,21.176,12.941,55,,,,,97,,,,,,,,
2026-09-28T16:34:05.490,642.493,0,1330.0,24,,97.344,9.804,15.5,-2.344,1.001,1.021,0.0,8980,14.51,12.157,55,,,,,,21,,,,,,,
2026-09-28T16:34:05.619,642.623,0,1311.25,24,,97.406,0.0,20.0,-3.125,1.001,0.995,-0.035,8530,14.51,12.157,55,,,,,,,78.824,,,,,,
2026-09-28T16:34:05.750,642.753,0,1292.0,22,,97.312,0.0,14.0,-3.125,1.001,0.995,-0.031,8210,14.902,12.549,54,,,,,,,,525.9,,,,,
2026-09-28T16:34:05.879,642.882,0,1302.75,22,,97.25,0.0,6.5,-3.125,1.001,1.006,-0.016,7780,15.686,12.549,54,,,,,,,,,0.85,,,,
2026-09-28T16:34:06.010,643.013,0,1303.0,22,,97.25,0.0,4.0,-2.344,1.002,1.021,0.0,7380,17.647,12.157,54,,,,,,,,,,,0.781,,
2026-09-28T16:34:06.140,643.143,0,1302.75,21,,97.219,0.0,22.0,-1.562,1.002,1.027,0.008,7060,21.569,13.333,54,,,,,,,,,,,,13.333,
2026-09-28T16:34:06.271,643.274,0,1302.25,22,,97.156,8.627,24.0,-0.781,1.002,1.045,0.027,6600,23.137,14.902,54,,,,,,,,,,,,,678
2026-09-28T16:34:06.400,643.403,0,1335.5,27,,97.125,12.941,16.5,0.0,1.002,1.032,0.016,5920,23.922,15.294,55,106,,,,,,,,,,,,
2026-09-28T16:34:06.531,643.534,0,1305.0,34,,96.906,17.647,14.0,-1.562,1.001,1.006,-0.016,5260,24.314,14.902,55,,36,,,,,,,,,,,
2026-09-28T16:34:06.659,643.663,0,1314.5,40,,96.938,18.039,13.0,-1.562,1.0,1.0,-0.02,5550,14.51,12.549,55,,,3.906,,,,,,,,,,
2026-09-28T16:34:06.790,643.794,0,1309.0,35,,97.406,0.0,18.5,-2.344,1.0,0.979,-0.074,5860,16.078,12.549,55,,,,13.847,,,,,,,,,
2026-09-28T16:34:06.920,643.923,0,1304.0,28,,97.219,0.0,24.5,-3.906,1.0,0.96,-0.121,5410,18.431,12.549,55,,,,,97,,,,,,,,
2026-09-28T16:34:07.050,644.053,0,1304.5,23,,97.219,0.0,24.0,-3.125,1.0,0.981,-0.07,5580,20.392,12.549,55,,,,,,21,,,,,,,
2026-09-28T16:34:07.180,644.183,0,1305.75,23,,97.219,9.02,17.0,-3.125,1.001,0.978,-0.078,5340,20.0,12.549,54,,,,,,,78.824,,,,,,
2026-09-28T16:34:07.310,644.313,0,1318.75,22,,97.219,9.412,16.5,-4.688,1.001,0.951,-0.137,4910,14.51,12.549,54,,,,,,,,525.9,,,,,
2026-09-28T16:34:07.439,644.443,0,1309.25,22,,97.219,0.0,11.5,-5.469,1.001,0.943,-0.156,4560,16.471,12.549,54,,,,,,,,,0.85,,,,
2026-09-28T16:34:07.580,644.583,0,1310.5,22,,97.219,0.0,6.5,-5.469,1.001,0.955,-0.129,4180,19.216,12.549,54,,,,,,,,,,,0.781,,
2026-09-28T16:34:07.710,644.713,0,1307.75,22,,97.219,0.0,17.0,-5.469,1.002,0.975,-0.086,3810,21.176,12.549,55,,,,,,,,,,,,12.941,
2026-09-28T16:34:07.839,644.843,0,1307.0,22,,97.219,9.02,28.5,-4.688,1.002,0.997,-0.027,3440,22.745,14.51,55,,,,,,,,,,,,,680
2026-09-28T16:34:07.972,644.975,0,1314.5,27,,97.125,12.157,17.0,-3.125,1.002,1.026,0.008,3840,24.314,15.294,55,106,,,,,,,,,,,,
2026-09-28T16:34:08.099,645.103,0,1326.0,33,,97.0,14.902,14.5,-2.344,1.001,1.028,0.008,4080,24.706,14.902,55,,36,,,,,,,,,,,
2026-09-28T16:34:08.230,645.233,0,1318.75,39,,97.219,17.647,14.0,-3.125,1.001,1.002,-0.02,4680,24.314,14.902,55,,,3.125,,,,,,,,,,
2026-09-28T16:34:08.359,645.362,0,1316.5,40,,97.219,18.039,14.0,-3.906,1.0,0.995,-0.031,5780,24.314,14.902,55,,,,13.769,,,,,,,,,
2026-09-28T16:34:08.490,645.493,0,1316.5,41,,97.219,18.431,14.0,-4.688,1.0,0.979,-0.074,6540,24.706,14.902,55,,,,,97,,,,,,,,
2026-09-28T16:34:08.619,645.622,0,1321.25,41,,97.219,18.431,14.0,-4.688,1.0,0.98,-0.07,6970,23.137,14.51,55,,,,,,21,,,,,,,
2026-09-28T16:34:08.750,645.753,0,1328.75,41,,97.281,17.255,14.5,-4.688,1.0,0.993,-0.039,7850,14.51,12.157,55,,,,,,,78.824,,,,,,
2026-09-28T16:34:08.880,645.883,0,1311.25,31,,97.344,0.0,20.5,-4.688,1.0,0.981,-0.066,7570,18.039,12.549,55,,,,,,,,525.2,,,,,
2026-09-28T16:34:09.010,646.013,0,1310.75,25,,97.219,0.0,26.0,-5.469,1.0,0.983,-0.062,7040,21.176,12.549,55,,,,,,,,,0.835,,,,
2026-09-28T16:34:09.140,646.143,0,1308.0,23,,97.219,9.412,24.5,-5.469,1.0,0.975,-0.086,6610,22.353,13.725,55,,,,,,,,,,,0.781,,
2026-09-28T16:34:09.271,646.275,0,1323.75,26,,97.219,11.765,18.0,-5.469,1.001,0.981,-0.066,6010,23.137,14.51,55,,,,,,,,,,,,21.176,
2026-09-28T16:34:09.400,646.403,0,1331.75,31,,97.219,13.333,16.0,-5.469,1.001,0.992,-0.043,5530,23.922,14.902,55,,,,,,,,,,,,,681
2026-09-28T16:34:09.531,646.534,0,1318.25,33,,97.062,15.686,15.0,-4.688,1.001,1.017,-0.004,5320,24.314,14.902,55,106,,,,,,,,,,,,
2026-09-28T16:34:09.659,646.662,0,1318.75,39,,97.156,16.863,14.0,-3.125,1.0,1.026,0.008,5500,24.314,14.902,55,,36,,,,,,,,,,,
2026-09-28T16:34:09.790,646.793,0,1323.25,40,,97.094,17.647,14.0,-3.125,1.0,1.017,-0.004,6090,24.314,14.902,55,,,3.125,,,,,,,,,,
2026-09-28T16:34:09.919,646.923,0,1324.0,40,,97.156,18.039,14.0,-3.906,1.0,0.998,-0.027,7180,14.51,12.549,55,,,,13.75,,,,,,,,,
2026-09-28T16:34:10.051,647.054,0,1325.5,33,,97.25,0.0,17.5,-4.688,1.0,0.979,-0.074,6990,14.51,12.549,55,,,,,97,,,,,,,,
2026-09-28T16:34:10.179,647.183,0,1316.25,26,,97.25,0.0,24.5,-5.469,1.0,0.985,-0.059,7090,16.078,12.549,55,,,,,,21,,,,,,,
2026-09-28T16:34:10.310,647.313,0,1316.75,24,,97.219,0.0,21.5,-4.688,1.0,0.982,-0.066,6910,16.863,12.549,55,,,,,,,78.824,,,,,,
2026-09-28T16:34:10.439,647.442,0,1311.25,22,,97.219,0.0,17.0,-5.469,1.0,0.978,-0.078,6480,18.431,12.549,55,,,,,,,,524.7,,,,,
2026-09-28T16:34:10.572,647.575,0,1320.25,22,,97.219,0.0,12.5,-6.25,1.001,0.981,-0.07,6070,19.608,12.549,55,,,,,,,,,0.83,,,,
2026-09-28T16:34:10.700,647.703,0,1316.5,22,,97.219,8.235,9.5,-5.469,1.001,0.99,-0.047,5760,19.608,12.549,55,,,,,,,,,,,0.781,,
2026-09-28T16:34:10.830,647.833,0,1319.25,21,,97.219,8.235,11.0,-5.469,1.002,1.01,-0.012,5350,18.039,12.549,55,,,,,,,,,,,,12.549,
2026-09-28T16:34:10.960,647.963,0,1317.75,22,,97.219,0.0,6.5,-4.688,1.002,1.013,-0.008,4940,14.51,12.549,55,,,,,,,,,,,,,683
2026-09-28T16:34:11.090,648.093,0,1315.0,22,,97.219,0.0,2.0,-5.469,1.002,0.994,-0.035,4530,16.078,12.549,55,106,,,,,,,,,,,,
2026-09-28T16:34:11.220,648.223,0,1314.5,21,,97.219,0.0,-2.0,0.0,1.002,0.984,-0.062,4210,18.431,12.549,55,,36,,,,,,,,,,,
2026-09-28T16:34:11.350,648.354,0,1314.75,21,,97.281,0.0,-4.5,0.0,1.002,0.988,-0.051,4470,19.608,12.549,55,,,6.25,,,,,,,,,,
2026-09-28T16:34:11.479,648.482,0,1303.75,22,,97.281,8.627,12.0,0.0,0.997,1.109,0.098,5060,20.784,12.549,55,,,,13.828,,,,,,,,,
2026-09-28T16:34:11.610,648.613,0,1313.0,22,,97.375,8.627,29.0,0.0,1.007,1.078,0.066,4770,21.569,12.941,55,,,,,97,,,,,,,,
2026-09-28T16:34:11.740,648.743,0,1309.0,24,,97.219,9.804,24.5,0.0,0.974,0.984,-0.059,4790,21.961,13.725,55,,,,,,21,,,,,,,
2026-09-28T16:34:11.872,648.875,0,1333.0,27,,97.219,11.765,18.0,0.0,0.928,0.938,-0.168,4500,21.961,13.725,55,,,,,,,78.824,,,,,,
2026-09-28T16:34:11.999,649.003,0,1315.5,30,,97.219,12.549,17.0,0.0,0.935,0.926,-0.199,4410,21.961,13.725,55,,,,,,,,525.0,,,,,
2026-09-28T16:34:12.131,649.134,0,1315.25,30,,97.219,12.941,17.0,0.0,0.967,0.958,-0.121,4820,21.569,13.333,55,,,,,,,,,0.825,,,,
2026-09-28T16:34:12.260,649.263,0,1312.0,29,,97.312,12.549,14.0,0.0,0.983,0.971,-0.094,4800,14.51,12.157,55,,,,,,,,,,,0.781,,
2026-09-28T16:34:12.390,649.393,0,1308.5,25,,97.219,0.0,18.5,-0.781,0.992,0.965,-0.109,4360,14.51,12.549,55,,,,,,,,,,,,14.51,
2026-09-28T16:34:12.519,649.522,0,1302.25,24,,97.219,0.0,13.0,-0.781,0.996,0.983,-0.062,4080,14.51,12.549,54,,,,,,,,,,,,,684
2026-09-28T16:34:12.659,649.663,0,1297.25,23,,97.219,0.0,9.0,0.0,0.998,0.995,-0.035,3790,14.51,12.157,54,106,,,,,,,,,,,,
2026-09-28T16:34:12.790,649.793,0,1301.25,22,,97.219,0.0,6.0,0.0,1.0,0.998,-0.023,3480,14.51,12.549,54,,36,,,,,,,,,,,
2026-09-28T16:34:12.919,649.923,0,1296.25,22,,97.219,0.0,1.0,0.0,1.001,1.012,-0.008,3710,14.51,12.549,54,,,6.25,,,,,,,,,,
2026-09-28T16:34:13.050,650.053,0,1299.25,22,,97.219,0.0,-2.5,0.0,1.001,1.027,0.008,3640,14.902,12.549,54,,,,13.769,,,,,,,,,
2026-09-28T16:34:13.180,650.183,0,1294.5,22,,97.219,0.0,-4.5,0.0,1.002,1.032,0.016,4510,14.902,12.549,54,,,,,97,,,,,,,,
2026-09-28T16:34:13.310,650.313,0,1290.5,22,,97.219,0.0,-4.5,0.0,1.002,1.132,0.121,6210,14.902,12.549,54,,,,,,21,,,,,,,
2026-09-28T16:34:13.440,650.443,0,1280.75,23,,97.219,0.0,-4.5,0.0,1.001,1.393,0.363,7250,14.51,12.549,54,,,,,,,78.824,,,,,,
2026-09-28T16:34:13.572,650.575,0,1275.5,24,,97.219,0.0,-5.0,0.0,0.998,1.854,0.621,8210,14.51,12.157,54,,,,,,,,526.1,,,,,
2026-09-28T16:34:13.700,650.703,0,1277.25,24,,97.344,0.0,-5.0,0.0,1.026,2.0,0.824,9810,14.51,12.549,54,,,,,,,,,0.825,,,,
2026-09-28T16:34:13.830,650.834,0,1285.5,24,,97.5,0.0,-4.5,0.0,1.092,2.0,0.973,9770,14.51,12.549,54,,,,,,,,,,,0.781,,
2026-09-28T16:34:13.959,650.962,0,1287.0,23,,97.531,0.0,-4.5,0.0,1.152,2.0,1.074,9760,14.51,12.549,54,,,,,,,,,,,,13.333,
2026-09-28T16:34:14.090,651.094,0,1285.25,24,,97.531,0.0,-4.5,0.0,1.208,2.0,1.133,9730,14.51,12.549,54,,,,,,,,,,,,,686
2026-09-28T16:34:14.219,651.222,0,1280.5,24,,97.531,0.0,-5.0,0.0,1.265,2.0,1.172,9730,14.51,12.549,53,105,,,,,,,,,,,,
2026-09-28T16:34:14.350,651.353,0,1277.0,24,,97.531,0.0,-5.0,0.0,1.353,2.0,1.195,9710,14.51,12.549,53,,36,,,,,,,,,,,
2026-09-28T16:34:14.479,651.483,0,1275.0,24,,97.531,0.0,-5.0,0.0,1.441,2.0,1.219,9690,14.51,12.549,53,,,5.469,,,,,,,,,,
2026-09-28T16:34:14.610,651.613,0,1274.5,24,,97.531,0.0,-5.0,0.0,1.562,2.0,1.227,9680,14.51,12.549,53,,,,13.867,,,,,,,,,
2026-09-28T16:34:14.739,651.743,0,1269.5,23,,97.562,0.0,-5.0,0.0,1.66,2.0,1.234,9660,14.51,12.157,53,,,,,97,,,,,,,,
2026-09-28T16:34:14.872,651.875,0,1265.25,24,,97.562,0.0,-5.0,0.0,1.733,2.0,1.254,9650,14.51,12.157,53,,,,,,21,,,,,,,
2026-09-28T16:34:14.999,652.002,0,1262.0,24,,97.688,0.0,-5.0,0.0,1.766,2.0,1.258,9630,14.51,12.157,53,,,,,,,78.824,,,,,,
2026-09-28T16:34:15.130,652.133,0,1261.75,23,,97.75,0.0,-5.0,0.0,1.785,2.0,1.262,9620,14.51,12.157,53,,,,,,,,528.1,,,,,
2026-09-28T16:34:15.259,652.262,0,1260.0,23,,97.844,0.0,-5.0,0.0,1.792,2.0,1.266,9610,14.51,12.157,53,,,,,,,,,0.13,,,,
2026-09-28T16:34:15.390,652.393,0,1257.25,24,,97.781,0.0,-5.0,0.0,1.797,2.0,1.266,9600,14.51,12.157,53,,,,,,,,,,,0.781,,
2026-09-28T16:34:15.519,652.522,0,1254.75,23,,97.844,0.0,-5.0,0.0,1.798,2.0,1.266,9590,14.51,12.157,53,,,,,,,,,,,,13.333,
2026-09-28T16:34:15.650,652.654,0,1251.75,24,,97.844,0.0,-5.0,0.0,1.799,2.0,1.273,9590,14.51,12.157,52,,,,,,,,,,,,,688
2026-09-28T16:34:15.779,652.782,0,1246.25,24,,97.875,0.0,-5.5,0.0,1.8,2.0,1.27,9580,14.51,12.157,52,105,,,,,,,,,,,,
2026-09-28T16:34:15.910,652.913,0,1240.25,24,,97.844,0.0,-5.5,0.0,1.8,2.0,1.273,9560,14.51,12.157,52,,36,,,,,,,,,,,
2026-09-28T16:34:16.039,653.043,0,1237.25,23,,97.875,0.0,-5.5,0.0,1.8,2.0,1.273,9550,14.51,12.157,52,,,7.031,,,,,,,,,,
2026-09-28T16:34:16.173,653.176,0,1233.75,24,,97.844,0.0,-5.5,0.0,1.8,2.0,1.277,9540,14.51,12.157,52,,,,13.847,,,,,,,,,
2026-09-28T16:34:16.299,653.302,0,1228.0,24,,97.844,0.0,-5.5,0.0,1.8,2.0,1.273,9530,14.51,12.157,51,,,,,97,,,,,,,,
2026-09-28T16:34:16.430,653.433,0,1225.0,23,,97.875,0.0,-5.5,0.0,1.8,2.0,1.277,9520,14.51,12.157,51,,,,,,21,,,,,,,
2026-09-28T16:34:16.559,653.563,0,1221.75,24,,97.875,0.0,-5.5,0.0,1.8,2.0,1.277,9500,14.51,12.157,51,,,,,,,78.824,,,,,,
2026-09-28T16:34:16.690,653.693,0,1216.0,23,,97.875,0.0,-6.0,0.0,1.8,2.0,1.273,9500,14.51,12.157,51,,,,,,,,529.8,,,,,
2026-09-28T16:34:16.819,653.822,0,1211.75,23,,97.844,0.0,-6.0,0.0,1.8,2.0,1.277,9490,14.51,12.157,51,,,,,,,,,0.1,,,,
2026-09-28T16:34:16.950,653.954,0,1205.75,24,,97.875,0.0,-6.0,0.0,1.8,2.0,1.277,9490,14.51,12.157,51,,,,,,,,,,,0.781,,
2026-09-28T16:34:17.079,654.082,0,1199.75,24,,97.875,0.0,-6.0,0.0,1.8,2.0,1.273,9470,14.51,12.157,50,,,,,,,,,,,,13.333,
2026-09-28T16:34:17.210,654.214,0,1196.0,24,,97.875,0.0,-6.0,0.0,1.8,2.0,1.277,9460,14.51,12.157,50,,,,,,,,,,,,,689
2026-09-28T16:34:17.339,654.343,0,1196.5,24,,97.875,0.0,-6.0,0.0,1.8,2.0,1.281,9460,14.51,12.157,50,105,,,,,,,,,,,,
2026-09-28T16:34:17.472,654.475,0,1195.75,24,,97.875,0.0,-6.0,0.0,1.8,2.0,1.273,9450,14.51,12.157,50,,36,,,,,,,,,,,
2026-09-28T16:34:17.600,654.603,0,1190.75,24,,97.875,0.0,-6.0,0.0,1.8,2.0,1.273,9450,14.51,12.157,50,,,7.031,,,,,,,,,,
2026-09-28T16:34:17.740,654.743,0,1185.75,23,,97.844,0.0,-6.0,0.0,1.8,2.0,1.277,9430,14.51,12.157,49,,,,13.847,,,,,,,,,
2026-09-28T16:34:17.872,654.875,0,1182.75,24,,97.844,0.0,-6.5,0.0,1.8,2.0,1.277,9430,14.51,12.157,49,,,,,97,,,,,,,,
2026-09-28T16:34:17.999,655.003,0,1176.75,24,,97.844,0.0,-6.5,0.0,1.8,2.0,1.277,9420,14.51,12.157,49,,,,,,21,,,,,,,
2026-09-28T16:34:18.130,655.133,0,1175.0,23,,97.875,0.0,-6.5,0.0,1.8,2.0,1.277,9410,14.51,12.157,49,,,,,,,78.824,,,,,,
2026-09-28T16:34:18.259,655.262,0,1168.5,24,,97.875,0.0,-6.5,0.0,1.8,2.0,1.277,9400,14.51,12.157,48,,,,,,,,531.8,,,,,
2026-09-28T16:34:18.390,655.393,0,1163.25,24,,97.844,0.0,-6.5,0.0,1.8,2.0,1.277,10060,14.51,12.157,48,,,,,,,,,0.095,,,,
2026-09-28T16:34:18.520,655.523,0,1164.25,23,,97.844,0.0,-6.5,0.0,1.8,2.0,1.277,10050,14.51,12.157,48,,,,,,,,,,,0.781,,
2026-09-28T16:34:18.651,655.654,0,1228.25,23,,97.844,0.0,-5.5,0.0,1.8,2.0,1.277,10040,14.51,12.549,48,,,,,,,,,,,,13.333,
2026-09-28T16:34:18.779,655.782,0,1300.25,24,,97.812,0.0,-4.0,0.0,1.8,2.0,1.277,10030,14.51,12.549,48,,,,,,,,,,,,,691
2026-09-28T16:34:18.911,655.914,0,1388.25,24,,97.812,0.0,-2.5,0.0,1.8,2.0,1.277,10020,14.51,12.549,48,105,,,,,,,,,,,,
2026-09-28T16:34:19.040,656.043,0,1460.5,23,,97.875,0.0,-2.0,0.0,1.8,2.0,1.273,10010,14.51,12.941,48,,36,,,,,,,,,,,
2026-09-28T16:34:19.174,656.177,0,1507.0,23,,97.875,0.0,-2.0,0.0,1.8,2.0,1.277,10000,14.51,12.549,47,,,5.469,,,,,,,,,,
2026-09-28T16:34:19.300,656.303,0,1500.0,24,,97.875,0.0,-2.0,0.0,1.8,2.0,1.281,10000,14.51,12.549,47,,,,13.867,,,,,,,,,
2026-09-28T16:34:19.430,656.433,0,1494.0,23,,97.875,0.0,-2.0,0.0,1.8,2.0,1.277,9980,14.51,12.549,47,,,,,97,,,,,,,,
2026-09-28T16:34:19.560,656.563,0,1489.25,23,,97.906,0.0,-2.0,0.0,1.8,2.0,1.281,9960,14.51,12.549,47,,,,,,21,,,,,,,
2026-09-28T16:34:19.690,656.693,0,1483.75,24,,97.906,0.0,-2.0,0.0,1.8,2.0,1.281,9960,14.51,12.549,47,,,,,,,78.824,,,,,,
2026-09-28T16:34:19.819,656.822,0,1481.0,23,,98.031,0.0,-2.0,0.0,1.8,2.0,1.281,9950,14.51,12.549,47,,,,,,,,533.5,,,,,
2026-09-28T16:34:19.950,656.954,0,1476.5,23,,98.094,0.0,-2.0,0.0,1.8,2.0,1.285,9930,14.51,12.549,47,,,,,,,,,0.095,,,,
2026-09-28T16:34:20.080,657.083,0,1473.0,23,,98.031,0.0,-2.5,0.0,1.8,2.0,1.281,9920,14.51,12.549,46,,,,,,,,,,,0.781,,
2026-09-28T16:34:20.210,657.213,0,1464.25,23,,98.188,0.0,-2.5,0.0,1.8,2.0,1.285,9920,14.51,12.549,46,,,,,,,,,,,,12.941,
2026-09-28T16:34:20.340,657.343,0,1446.75,23,,98.188,0.0,-2.5,0.0,1.8,2.0,1.285,9910,14.51,12.549,46,,,,,,,,,,,,,692
2026-09-28T16:34:20.472,657.475,0,1447.25,23,,98.188,0.0,-2.5,0.0,1.8,2.0,1.281,9900,14.51,12.549,46,105,,,,,,,,,,,,
2026-09-28T16:34:20.599,657.602,0,1453.75,23,,98.188,0.0,-2.5,0.0,1.8,2.0,1.281,9900,14.51,12.549,46,,36,,,,,,,,,,,
2026-09-28T16:34:20.731,657.734,0,1451.0,23,,98.188,0.0,-2.5,0.0,1.8,2.0,1.289,9890,14.51,12.549,46,,,5.469,,,,,,,,,,
2026-09-28T16:34:20.859,657.862,0,1455.5,23,,98.188,0.0,-2.5,0.0,1.8,2.0,1.281,9890,14.51,12.549,46,,,,13.847,,,,,,,,,
2026-09-28T16:34:20.990,657.993,0,1456.5,23,,98.188,0.0,-2.5,0.0,1.8,2.0,1.281,9870,14.51,12.549,46,,,,,97,,,,,,,,
2026-09-28T16:34:21.120,658.123,0,1457.0,23,,98.188,0.0,-2.5,0.0,1.8,2.0,1.285,9870,14.51,12.549,46,,,,,,21,,,,,,,
2026-09-28T16:34:21.250,658.253,0,1453.0,23,,98.188,0.0,-2.5,0.0,1.8,2.0,1.281,9860,14.51,12.549,46,,,,,,,78.824,,,,,,
2026-09-28T16:34:21.380,658.383,0,1449.25,23,,98.188,0.0,-2.5,0.0,1.8,2.0,1.285,9850,14.51,12.549,46,,,,,,,,534.8,,,,,
2026-09-28T16:34:21.510,658.514,0,1444.75,23,,98.188,0.0,-2.5,0.0,1.8,2.0,1.285,9840,14.51,12.549,46,,,,,,,,,0.095,,,,
2026-09-28T16:34:21.640,658.643,0,1440.0,23,,98.188,0.0,-2.5,0.0,1.8,2.0,1.285,9840,14.51,12.549,45,,,,,,,,,,,0.781,,
2026-09-28T16:34:21.772,658.775,0,1439.0,23,,98.188,0.0,-2.5,0.0,1.8,2.0,1.285,9830,14.51,12.549,45,,,,,,,,,,,,12.941,
2026-09-28T16:34:21.899,658.903,0,1427.25,23,,98.188,0.0,-2.5,0.0,1.8,2.0,1.289,9810,14.51,12.549,45,,,,,,,,,,,,,694
2026-09-28T16:34:22.030,659.033,0,1416.0,24,,98.188,0.0,-2.5,0.0,1.8,2.0,1.285,9800,14.51,12.549,44,105,,,,,,,,,,,,
2026-09-28T16:34:22.160,659.163,0,1408.5,23,,98.188,0.0,-3.0,0.0,1.8,2.0,1.285,9800,14.51,12.549,44,,36,,,,,,,,,,,
2026-09-28T16:34:22.290,659.293,0,1398.0,24,,98.188,0.0,-3.0,0.0,1.8,2.0,1.285,9790,14.51,12.549,44,,,5.469,,,,,,,,,,
2026-09-28T16:34:22.420,659.423,0,1382.75,24,,98.188,0.0,-4.0,0.0,1.8,2.0,1.285,9790,14.51,12.549,43,,,,13.886,,,,,,,,,
2026-09-28T16:34:22.550,659.553,0,1370.25,23,,98.188,0.0,-4.0,0.0,1.8,2.0,1.285,9780,14.51,12.549,43,,,,,97,,,,,,,,
2026-09-28T16:34:22.679,659.683,0,1359.5,23,,98.188,0.0,-4.0,0.0,1.8,2.0,1.285,9760,14.51,12.549,43,,,,,,21,,,,,,,
2026-09-28T16:34:22.810,659.813,0,1330.25,23,,98.188,0.0,-4.0,0.0,1.8,2.0,1.289,9760,14.51,12.157,42,,,,,,,78.824,,,,,,
2026-09-28T16:34:22.939,659.942,0,1329.75,23,,98.188,0.0,-4.0,0.0,1.8,2.0,1.285,9760,14.51,12.157,42,,,,,,,,536.1,,,,,
2026-09-28T16:34:23.072,660.075,0,1319.5,23,,98.188,0.0,-4.0,0.0,1.8,2.0,1.289,9750,14.51,12.549,42,,,,,,,,,0.095,,,,
2026-09-28T16:34:23.200,660.203,0,1306.75,23,,98.188,0.0,-4.5,0.0,1.8,2.0,1.285,9750,14.51,12.157,41,,,,,,,,,,,0.781,,
2026-09-28T16:34:23.331,660.334,0,1288.75,23,,98.188,0.0,-4.5,0.0,1.8,2.0,1.285,9740,14.51,12.549,40,,,,,,,,,,,,13.333,
2026-09-28T16:34:23.460,660.463,0,1273.0,24,,98.188,0.0,-5.0,0.0,1.8,2.0,1.289,9730,14.51,12.157,40,,,,,,,,,,,,,695
2026-09-28T16:34:23.590,660.593,0,1252.75,24,,98.188,0.0,-5.0,0.0,1.8,2.0,1.285,9730,14.51,12.157,39,105,,,,,,,,,,,,
2026-09-28T16:34:23.719,660.722,0,1240.5,23,,98.156,0.0,-5.5,0.0,1.8,2.0,1.285,9720,14.51,12.157,39,,36,,,,,,,,,,,
2026-09-28T16:34:23.850,660.853,0,1238.25,23,,98.156,0.0,-5.5,0.0,1.8,2.0,1.285,9710,14.51,12.157,39,,,7.031,,,,,,,,,,
2026-09-28T16:34:23.979,660.982,0,1227.75,24,,98.125,0.0,-5.5,0.0,1.8,2.0,1.285,9700,14.51,12.157,38,,,,13.886,,,,,,,,,
2026-09-28T16:34:24.110,661.113,0,1214.0,23,,98.156,0.0,-6.0,0.0,1.8,2.0,1.281,9690,14.51,12.157,38,,,,,97,,,,,,,,
2026-09-28T16:34:24.239,661.243,0,1207.0,24,,98.094,0.0,-6.0,0.0,1.8,2.0,1.285,9690,14.51,12.157,38,,,,,,21,,,,,,,
2026-09-28T16:34:24.372,661.375,0,1196.25,24,,98.031,0.0,-6.0,0.0,1.8,2.0,1.285,9680,14.51,12.157,37,,,,,,,78.824,,,,,,
2026-09-28T16:34:24.499,661.503,0,1185.5,24,,97.938,0.0,-6.0,0.0,1.8,2.0,1.281,9680,14.51,12.157,37,,,,,,,,537.4,,,,,
2026-09-28T16:34:24.630,661.633,0,1249.5,24,,97.969,0.0,-5.0,0.0,1.8,2.0,1.281,9660,14.51,12.549,36,,,,,,,,,0.095,,,,
2026-09-28T16:34:24.760,661.764,0,1320.5,24,,97.875,0.0,-4.0,0.0,1.8,2.0,1.281,9660,14.51,12.549,36,,,,,,,,,,,0.781,,
2026-09-28T16:34:24.890,661.893,0,1394.25,23,,97.938,0.0,-2.5,0.0,1.8,2.0,1.281,9650,14.51,12.549,36,,,,,,,,,,,,13.333,
2026-09-28T16:34:25.019,662.022,0,1477.0,23,,98.031,0.0,-2.0,0.0,1.8,2.0,1.281,9650,14.51,12.941,35,,,,,,,,,,,,,697
2026-09-28T16:34:25.150,662.154,0,1542.25,23,,97.969,0.0,-1.0,0.0,1.8,2.0,1.281,9640,14.51,12.941,34,105,,,,,,,,,,,,
2026-09-28T16:34:25.279,662.283,0,1587.75,24,,98.156,0.0,-1.0,0.0,1.8,2.0,1.281,9630,14.51,12.549,34,,36,,,,,,,,,,,
2026-09-28T16:34:25.410,662.413,0,1556.0,24,,98.156,0.0,-1.0,0.0,1.8,2.0,1.285,9620,14.51,12.549,33,,,4.688,,,,,,,,,,
2026-09-28T16:34:25.540,662.543,0,1528.5,23,,98.188,0.0,-1.5,0.0,1.8,2.0,1.281,9630,14.51,12.549,33,,,,13.847,,,,,,,,,
2026-09-28T16:34:25.674,662.677,0,1502.5,23,,98.188,0.0,-2.0,0.0,1.8,2.0,1.285,9620,14.51,12.549,32,,,,,97,,,,,,,,
2026-09-28T16:34:25.799,662.802,0,1468.75,23,,98.188,0.0,-2.5,0.0,1.8,2.0,1.289,9610,14.51,12.549,31,,,,,,21,,,,,,,
2026-09-28T16:34:25.930,662.933,0,1435.5,23,,98.188,0.0,-2.5,0.0,1.8,2.0,1.285,9600,14.51,12.549,31,,,,,,,78.824,,,,,,
2026-09-28T16:34:26.059,663.062,0,1406.5,23,,98.188,0.0,-3.0,0.0,1.8,2.0,1.289,9590,14.51,12.549,30,,,,,,,,538.4,,,,,
2026-09-28T16:34:26.190,663.193,0,1373.5,23,,98.188,0.0,-4.0,0.0,1.8,2.0,1.289,9590,14.51,12.549,29,,,,,,,,,0.095,,,,
2026-09-28T16:34:26.320,663.323,0,1347.5,23,,98.188,0.0,-4.0,0.0,1.8,2.0,1.285,9590,14.51,12.549,29,,,,,,,,,,,0.781,,
2026-09-28T16:34:26.449,663.452,0,1320.75,23,,98.188,0.0,-4.0,0.0,1.8,2.0,1.289,9580,14.51,12.157,28,,,,,,,,,,,,13.333,
2026-09-28T16:34:26.579,663.582,0,1297.25,23,,98.188,0.0,-4.5,0.0,1.8,2.0,1.285,9580,14.51,12.157,28,,,,,,,,,,,,,698
2026-09-28T16:34:26.709,663.712,0,1268.0,23,,98.188,0.0,-5.0,0.0,1.8,2.0,1.285,9560,14.51,12.157,27,104,,,,,,,,,,,,
2026-09-28T16:34:26.839,663.843,0,1254.25,24,,98.188,0.0,-5.0,0.0,1.8,2.0,1.289,9560,14.51,12.157,27,,36,,,,,,,,,,,
2026-09-28T16:34:26.972,663.975,0,1241.5,23,,98.188,0.0,-5.5,0.0,1.8,2.0,1.285,9560,14.51,12.157,27,,,7.031,,,,,,,,,,
2026-09-28T16:34:27.099,664.102,0,1234.5,23,,98.188,0.0,-5.5,0.0,1.8,2.0,1.285,9550,14.51,12.157,27,,,,13.886,,,,,,,,,
2026-09-28T16:34:27.230,664.233,0,1226.25,24,,98.188,0.0,-5.5,0.0,1.8,2.0,1.289,9530,14.51,12.157,26,,,,,97,,,,,,,,
2026-09-28T16:34:27.360,664.363,0,1229.5,24,,98.125,0.0,-5.5,0.0,1.8,2.0,1.285,9530,15.294,12.157,26,,,,,,21,,,,,,,
2026-09-28T16:34:27.489,664.492,0,1230.0,23,,98.031,0.0,-5.5,0.0,1.8,2.0,1.285,9530,16.078,12.157,26,,,,,,,78.824,,,,,,
2026-09-28T16:34:27.620,664.623,0,1230.0,24,,98.094,0.0,-5.5,0.0,1.8,2.0,1.289,9520,17.255,12.157,26,,,,,,,,539.5,,,,,
2026-09-28T16:34:27.749,664.752,0,1229.25,24,,97.875,0.0,-5.5,0.0,1.8,2.0,1.285,9510,18.824,12.157,25,,,,,,,,,0.095,,,,
2026-09-28T16:34:27.890,664.893,0,1226.25,23,,97.969,0.0,11.0,0.0,1.799,2.0,1.285,9630,21.176,12.157,25,,,,,,,,,,,0.781,,
2026-09-28T16:34:28.020,665.024,0,1308.75,24,,97.906,10.196,24.5,0.0,1.839,2.0,1.066,10180,22.353,14.118,25,,,,,,,,,,,,14.902,
2026-09-28T16:34:28.149,665.152,0,1382.75,27,,97.875,11.373,17.5,0.0,1.431,1.562,0.473,9610,23.529,14.902,25,,,,,,,,,,,,,700
2026-09-28T16:34:28.280,665.283,0,1491.0,32,,97.781,12.941,15.5,0.0,1.114,1.193,0.188,8790,23.922,15.686,25,105,,,,,,,,,,,,
2026-09-28T16:34:28.410,665.413,0,1638.0,35,,97.594,12.157,15.5,0.0,0.972,1.025,0.004,8100,23.922,16.078,25,,36,,,,,,,,,,,
2026-09-28T16:34:28.539,665.542,0,1752.0,39,,97.531,11.373,16.5,0.0,0.93,0.943,-0.156,6930,24.314,16.471,25,,,1.562,,,,,,,,,,
2026-09-28T16:34:28.675,665.678,0,1856.5,39,,97.531,11.373,18.5,1.562,0.912,0.95,-0.141,7720,26.275,17.647,25,,,,13.789,,,,,,,,,
2026-09-28T16:34:28.800,665.803,0,1883.0,42,,97.531,12.549,17.5,1.562,0.906,0.91,-0.234,8540,27.059,18.039,25,,,,,97,,,,,,,,
2026-09-28T16:34:28.930,665.933,0,1846.25,48,,97.469,15.294,17.5,0.0,0.903,0.888,-0.297,9490,29.804,20.0,25,,,,,,21,,,,,,,
2026-09-28T16:34:29.061,666.064,0,1900.25,63,,97.25,17.255,18.0,0.0,0.9,0.895,-0.277,10770,29.804,20.784,26,,,,,,,78.824,,,,,,
2026-09-28T16:34:29.190,666.193,0,1928.75,70,,97.375,19.608,17.5,0.781,0.899,0.918,-0.215,12170,29.804,20.392,26,,,,,,,,535.3,,,,,
2026-09-28T16:34:29.320,666.323,0,1931.75,71,,97.938,20.0,17.5,2.344,0.899,0.916,-0.223,13280,30.196,22.353,27,,,,,,,,,0.2,,,,
2026-09-28T16:34:29.450,666.453,0,1970.25,76,,98.594,21.176,17.0,2.344,0.896,0.914,-0.227,14350,30.196,21.961,27,,,,,,,,,,,0.781,,
2026-09-28T16:34:29.580,666.583,0,1988.5,77,,99.375,20.784,17.0,3.125,0.899,0.922,-0.207,14960,31.373,23.922,27,,,,,,,,,,,,48.627,
2026-09-28T16:34:29.710,666.713,0,2025.75,80,,99.844,21.961,15.5,3.906,0.9,0.921,-0.211,15570,32.941,26.275,28,,,,,,,,,,,,,702
2026-09-28T16:34:29.839,666.842,0,2048.75,89,,100.938,27.059,-23.0,3.906,0.908,0.917,-0.219,16220,34.902,29.804,28,105,,,,,,,,,,,,
2026-09-28T16:34:29.973,666.976,0,1744.25,96,,102.312,29.412,-13.0,4.688,0.918,0.962,-0.113,16970,36.078,32.941,29,,36,,,,,,,,,,,
2026-09-28T16:34:30.100,667.103,0,1660.0,100,,104.469,35.294,-10.0,6.25,0.921,0.939,-0.168,17790,36.471,31.373,29,,,0.0,,,,,,,,,,
2026-09-28T16:34:30.229,667.232,0,1583.75,103,,108.688,40.392,-2.5,3.906,0.927,0.912,-0.23,18070,36.471,29.412,30,,,,13.808,,,,,,,,,
2026-09-28T16:34:30.359,667.362,0,1525.75,104,,110.406,42.353,2.5,3.125,0.928,0.911,-0.234,17950,36.863,25.882,30,,,,,97,,,,,,,,
2026-09-28T16:34:30.490,667.493,0,1471.25,102,,111.844,42.745,6.5,3.125,0.926,0.907,-0.242,17500,36.863,24.314,31,,,,,,21,,,,,,,
2026-09-28T16:34:30.619,667.622,0,1454.25,101,,112.281,44.706,7.0,1.562,0.92,0.886,-0.305,17280,36.863,25.49,32,,,,,,,78.824,,,,,,
2026-09-28T16:34:30.750,667.753,0,1479.0,101,,112.0,43.529,7.5,1.562,0.914,0.886,-0.301,17290,36.863,26.275,32,,,,,,,,526.1,,,,,
2026-09-28T16:34:30.880,667.883,0,1505.0,101,,112.0,43.137,7.5,0.781,0.916,0.895,-0.277,17330,36.863,26.275,33,,,,,,,,,0.835,,,,
2026-09-28T16:34:31.011,668.014,0,1538.25,102,,112.156,41.961,6.5,1.562,0.918,0.908,-0.242,17400,36.471,26.667,34,,,,,,,,,,,0.781,,
2026-09-28T16:34:31.140,668.143,0,1564.25,102,,112.812,39.608,7.5,0.781,0.974,0.978,-0.078,17340,36.471,26.667,34,,,,,,,,,,,,80.392,
2026-09-28T16:34:31.272,668.275,0,1600.5,103,,113.25,39.216,7.5,0.781,1.0,0.993,-0.039,17350,36.471,26.667,35,,,,,,,,,,,,,703
2026-09-28T16:34:31.400,668.403,0,1620.0,102,,113.781,38.039,7.5,0.781,1.007,1.005,-0.016,17300,36.863,26.667,35,105,,,,,,,,,,,,
2026-09-28T16:34:31.531,668.534,0,1651.5,102,,114.562,37.647,8.0,0.781,1.008,0.998,-0.023,17250,36.471,26.275,36,,34,,,,,,,,,,,
2026-09-28T16:34:31.659,668.662,0,1676.5,102,,114.844,37.255,8.0,0.781,1.005,1.009,-0.012,17300,36.471,26.275,36,,,0.0,,,,,,,,,,
2026-09-28T16:34:31.790,668.793,0,1699.25,102,,115.188,36.863,8.5,0.781,1.002,0.998,-0.023,17280,36.471,26.275,37,,,,13.769,,,,,,,,,
2026-09-28T16:34:31.920,668.923,0,1727.25,102,,115.75,35.686,8.5,0.781,1.002,0.998,-0.027,17230,36.471,26.275,37,,,,,97,,,,,,,,
2026-09-28T16:34:32.050,669.053,0,1748.0,102,,116.469,35.686,9.0,1.562,1.001,1.009,-0.012,17200,36.471,26.275,38,,,,,,21,,,,,,,
2026-09-28T16:34:32.180,669.183,0,1774.0,102,,116.906,34.902,9.0,1.562,1.001,1.005,-0.016,17230,36.471,26.667,39,,,,,,,78.824,,,,,,
2026-09-28T16:34:32.311,669.314,0,1805.5,103,,117.188,35.294,9.5,1.562,1.001,1.005,-0.016,17250,36.471,26.275,39,,,,,,,,527.1,,,,,
2026-09-28T16:34:32.440,669.443,0,1815.5,102,,118.281,34.118,9.5,1.562,1.001,1.003,-0.016,17240,36.863,25.882,40,,,,,,,,,0.84,,,,
2026-09-28T16:34:32.572,669.575,0,1843.0,102,,118.719,34.51,9.5,1.562,1.001,0.999,-0.023,17210,36.863,25.882,40,,,,,,,,,,,0.781,,
2026-09-28T16:34:32.700,669.703,0,1872.5,102,,119.188,34.902,10.0,1.562,1.0,1.0,-0.02,17180,36.863,26.275,41,,,,,,,,,,,,79.216,
2026-09-28T16:34:32.829,669.833,0,1891.75,102,,119.844,35.686,10.0,1.562,1.0,0.998,-0.023,17360,36.863,26.275,41,,,,,,,,,,,,,705
2026-09-28T16:34:32.959,669.962,0,1884.0,103,,120.312,35.686,-20.5,1.562,1.0,0.997,-0.027,17490,36.863,25.098,41,106,,,,,,,,,,,,
2026-09-28T16:34:33.089,670.093,0,1628.25,104,,121.062,36.078,-3.0,1.562,1.001,1.02,0.0,17800,37.255,23.922,42,,33,,,,,,,,,,,
2026-09-28T16:34:33.219,670.222,0,1550.5,102,,122.75,42.745,4.0,2.344,1.001,0.999,-0.02,17690,37.255,23.922,42,,,0.0,,,,,,,,,,
2026-09-28T16:34:33.349,670.352,0,1504.75,104,,121.344,44.314,4.0,0.781,1.003,0.976,-0.086,17880,36.863,23.529,43,,,,13.75,,,,,,,,,
2026-09-28T16:34:33.479,670.482,0,1467.0,104,,120.375,45.882,6.5,0.0,1.005,0.974,-0.09,18050,36.863,22.745,43,,,,,97,,,,,,,,
2026-09-28T16:34:33.610,670.613,0,1393.75,102,,119.562,48.235,6.5,0.0,1.005,0.968,-0.102,17610,36.863,23.137,44,,,,,,21,,,,,,,
2026-09-28T16:34:33.740,670.743,0,1396.0,101,,117.438,50.196,6.5,-0.781,1.005,0.973,-0.09,17210,36.863,23.529,44,,,,,,,78.824,,,,,,
2026-09-28T16:34:33.872,670.875,0,1406.0,101,,116.562,49.412,6.5,-1.562,1.006,0.97,-0.098,17440,36.863,23.922,45,,,,,,,,530.8,,,,,
2026-09-28T16:34:34.000,671.003,0,1417.25,101,,115.844,48.627,6.5,-2.344,1.006,0.972,-0.094,17620,36.863,24.314,45,,,,,,,,,0.835,,,,
2026-09-28T16:34:34.130,671.134,0,1434.5,101,,114.75,46.667,7.0,-2.344,1.006,0.984,-0.059,17570,36.863,24.314,46,,,,,,,,,,,0.781,,
2026-09-28T16:34:34.259,671.262,0,1444.75,101,,114.375,45.882,7.0,-1.562,1.006,0.997,-0.027,17360,36.863,25.098,46,,,,,,,,,,,,80.392,
2026-09-28T16:34:34.389,671.392,0,1468.25,101,,114.062,45.49,5.0,-1.562,1.007,1.002,-0.02,17190,36.863,25.882,46,,,,,,,,,,,,,706
2026-09-28T16:34:34.519,671.523,0,1490.0,102,,114.031,44.314,5.0,-2.344,1.007,0.996,-0.031,17670,36.863,25.882,47,106,,,,,,,,,,,,
2026-09-28T16:34:34.650,671.653,0,1501.0,102,,114.0,43.529,5.0,-2.344,1.007,1.002,-0.02,17750,36.863,25.882,47,,32,,,,,,,,,,,
2026-09-28T16:34:34.779,671.782,0,1515.75,103,,114.094,43.922,5.5,-1.562,1.007,1.017,-0.004,17460,36.863,25.49,48,,,0.781,,,,,,,,,,
2026-09-28T16:34:34.910,671.913,0,1527.75,102,,114.312,43.137,5.5,-1.562,1.008,1.011,-0.008,17320,36.863,25.882,48,,,,13.847,,,,,,,,,
2026-09-28T16:34:35.040,672.043,0,1541.0,103,,114.5,42.353,5.5,-1.562,1.008,1.006,-0.016,17760,36.863,25.882,49,,,,,97,,,,,,,,
2026-09-28T16:34:35.174,672.177,0,1551.0,103,,114.625,41.569,5.5,-2.344,1.008,1.005,-0.016,17710,36.863,25.882,49,,,,,,21,,,,,,,
2026-09-28T16:34:35.299,672.302,0,1554.0,102,,114.906,40.784,6.0,-0.781,1.008,1.025,0.004,17300,36.863,25.882,49,,,,,,,78.824,,,,,,
2026-09-28T16:34:35.431,672.434,0,1563.0,103,,115.312,40.784,6.5,-0.781,1.007,1.013,-0.008,17310,36.863,25.882,50,,,,,,,,532.6,,,,,
2026-09-28T16:34:35.559,672.562,0,1584.0,103,,115.5,40.0,6.5,-1.562,1.007,0.998,-0.027,17750,36.863,25.882,50,,,,,,,,,0.84,,,,
2026-09-28T16:34:35.689,672.693,0,1595.0,103,,115.562,39.608,6.5,-1.562,1.007,1.007,-0.012,17520,36.471,25.49,50,,,,,,,,,,,0.781,,
2026-09-28T16:34:35.820,672.823,0,1604.25,103,,115.812,36.078,8.0,-0.781,1.007,1.023,0.004,17180,24.314,18.039,51,,,,,,,,,,,,74.902,
2026-09-28T16:34:35.949,672.953,0,1599.0,85,,112.188,23.529,3.5,0.0,1.007,1.034,0.016,16950,14.51,14.51,51,,,,,,,,,,,,,708
2026-09-28T16:34:36.079,673.083,0,1576.25,74,,111.062,0.0,-12.5,0.0,1.007,0.991,-0.043,16270,14.51,12.549,51,106,,,,,,,,,,,,
2026-09-28T16:34:36.210,673.214,0,1631.0,52,,110.375,0.0,1.5,-3.125,1.007,0.953,-0.133,15470,27.451,16.078,51,,32,,,,,,,,,,,
2026-09-28T16:34:36.339,673.343,0,1621.75,42,,106.469,13.725,7.0,-3.906,1.007,0.98,-0.07,15890,29.804,16.863,51,,,1.562,,,,,,,,,,
2026-09-28T16:34:36.472,673.476,0,1618.0,46,,104.969,15.294,14.5,-1.562,1.007,1.028,0.008,14550,30.588,18.039,51,,,,13.75,,,,,,,,,
2026-09-28T16:34:36.599,673.602,0,1617.75,56,,103.531,17.647,15.5,-2.344,1.007,0.99,-0.043,13560,31.373,19.608,51,,,,,97,,,,,,,,
2026-09-28T16:34:36.729,673.733,0,1626.75,64,,101.562,22.745,15.5,-3.125,1.006,0.994,-0.035,13590,31.765,23.137,51,,,,,,21,,,,,,,
2026-09-28T16:34:36.859,673.862,0,1628.25,84,,100.781,26.275,14.0,-3.125,1.006,0.992,-0.039,14610,31.765,23.922,51,,,,,,,78.824,,,,,,
2026-09-28T16:34:36.990,673.994,0,1639.75,88,,100.938,26.667,14.0,-2.344,1.005,1.015,-0.004,15190,32.157,23.922,51,,,,,,,,532.6,,,,,
2026-09-28T16:34:37.120,674.124,0,1634.0,88,,101.188,27.843,13.5,-0.781,1.005,1.032,0.012,15700,33.333,25.49,52,,,,,,,,,0.825,,,,
2026-09-28T16:34:37.249,674.253,0,1645.0,91,,101.188,30.98,12.5,-0.781,1.005,1.021,0.0,16400,33.725,26.667,52,,,,,,,,,,,0.781,,
2026-09-28T16:34:37.379,674.383,0,1645.5,92,,101.5,30.588,11.0,-0.781,1.005,1.021,0.0,16490,33.725,25.882,52,,,,,,,,,,,,67.843,
2026-09-28T16:34:37.510,674.513,0,1656.0,96,,104.719,31.765,11.0,-0.781,1.005,1.021,0.0,16310,34.118,25.098,52,,,,,,,,,,,,,709
2026-09-28T16:34:37.639,674.642,0,1669.75,93,,106.438,30.98,12.0,0.0,1.005,1.024,0.004,16680,34.118,25.098,52,104,,,,,,,,,,,,
2026-09-28T16:34:37.772,674.775,0,1663.0,94,,107.125,31.373,-10.0,0.0,1.005,1.017,-0.004,16600,34.118,24.314,53,,32,,,,,,,,,,,
2026-09-28T16:34:37.899,674.902,0,1520.0,96,,107.938,32.941,-2.5,0.0,1.005,1.009,-0.012,16550,34.118,23.922,53,,,0.781,,,,,,,,,,
2026-09-28T16:34:38.030,675.033,0,1468.0,95,,109.719,38.431,0.0,0.0,1.005,1.018,-0.004,16380,34.118,22.745,53,,,,13.71,,,,,,,,,
2026-09-28T16:34:38.160,675.163,0,1435.75,95,,109.938,39.216,2.0,0.0,1.005,1.008,-0.012,16380,34.118,21.961,53,,,,,97,,,,,,,,
2026-09-28T16:34:38.290,675.293,0,1390.5,94,,110.094,40.784,6.5,0.0,1.005,0.998,-0.023,16940,34.118,21.961,54,,,,,,21,,,,,,,
2026-09-28T16:34:38.420,675.423,0,1338.0,94,,110.094,44.706,10.5,0.0,1.005,0.996,-0.031,16490,34.118,20.784,54,,,,,,,78.824,,,,,,
2026-09-28T16:34:38.549,675.553,0,1290.25,92,,109.688,43.529,9.5,-1.562,1.005,0.978,-0.078,16100,34.118,21.176,54,,,,,,,,531.6,,,,,
2026-09-28T16:34:38.679,675.683,0,1299.25,92,,109.25,44.706,8.0,-0.781,1.005,0.989,-0.047,16450,29.804,18.824,54,,,,,,,,,0.805,,,,
2026-09-28T16:34:38.810,675.814,0,1298.0,92,,108.969,43.137,9.5,-1.562,1.005,0.978,-0.078,16400,14.51,14.118,54,,,,,,,,,,,0.781,,
2026-09-28T16:34:38.940,675.943,0,1287.25,70,,105.875,0.0,-17.0,-2.344,1.004,0.973,-0.09,15610,14.51,11.765,54,,,,,,,,,,,,31.373,
2026-09-28T16:34:39.072,676.075,0,1312.25,50,,105.594,0.0,-7.0,-3.125,1.003,0.962,-0.113,15030,18.431,12.157,54,,,,,,,,,,,,,711
2026-09-28T16:34:39.199,676.202,0,1296.75,37,,104.875,0.0,0.0,-3.125,1.003,0.986,-0.055,14880,21.569,12.941,54,103,,,,,,,,,,,,
2026-09-28T16:34:39.329,676.333,0,1296.5,30,,102.906,11.765,17.5,-3.125,1.003,0.977,-0.082,14920,22.353,13.725,54,,31,,,,,,,,,,,
2026-09-28T16:34:39.460,676.463,0,1293.75,30,,102.031,13.333,16.5,-3.125,1.004,0.985,-0.059,14150,23.922,14.51,54,,,3.125,,,,,,,,,,
2026-09-28T16:34:39.590,676.593,0,1293.75,33,,101.312,15.686,14.0,-3.125,1.004,0.982,-0.062,13610,25.098,15.294,54,,,,13.789,,,,,,,,,
2026-09-28T16:34:39.719,676.723,0,1307.5,37,,100.75,19.608,14.0,-3.125,1.004,0.992,-0.039,12940,26.275,15.686,54,,,,,97,,,,,,,,
2026-09-28T16:34:39.850,676.853,0,1319.0,47,,99.719,21.176,14.0,-3.125,1.003,0.995,-0.035,11900,27.451,16.078,54,,,,,,21,,,,,,,
2026-09-28T16:34:39.979,676.983,0,1308.5,50,,99.469,22.745,13.5,-3.906,1.003,0.989,-0.047,11550,27.843,16.078,54,,,,,,,78.824,,,,,,
2026-09-28T16:34:40.109,677.112,0,1299.0,51,,99.188,24.314,13.5,-4.688,1.003,0.978,-0.078,11580,25.882,16.078,54,,,,,,,,531.9,,,,,
2026-09-28T16:34:40.239,677.242,0,1298.5,54,,100.125,23.529,9.0,-5.469,1.003,0.968,-0.102,10750,14.51,13.725,54,,,,,,,,,0.8,,,,
2026-09-28T16:34:40.372,677.376,0,1293.0,43,,99.156,0.0,14.0,-5.469,1.003,0.975,-0.086,10820,14.51,12.549,54,,,,,,,,,,,0.781,,
2026-09-28T16:34:40.500,677.503,0,1288.0,34,,99.156,0.0,18.0,-5.469,1.003,0.98,-0.07,10630,16.078,12.157,54,,,,,,,,,,,,17.255,
2026-09-28T16:34:40.629,677.633,0,1282.75,28,,98.812,0.0,25.0,-5.469,1.003,0.971,-0.094,10210,19.608,12.157,54,,,,,,,,,,,,,713
2026-09-28T16:34:40.759,677.762,0,1275.25,23,,98.812,9.02,29.5,-5.469,1.003,0.99,-0.043,9810,21.961,13.333,53,103,,,,,,,,,,,,
2026-09-28T16:34:40.889,677.893,0,1295.5,23,,98.5,10.196,19.5,-4.688,1.004,1.012,-0.008,9340,22.353,14.118,54,,32,,,,,,,,,,,
2026-09-28T16:34:41.019,678.023,0,1300.75,26,,98.25,13.725,17.0,-4.688,1.005,0.993,-0.035,8820,23.137,14.118,53,,,3.906,,,,,,,,,,
2026-09-28T16:34:41.150,678.154,0,1284.25,31,,98.156,14.118,16.0,-6.25,1.005,0.983,-0.062,8350,22.745,14.118,53,,,,13.828,,,,,,,,,
2026-09-28T16:34:41.280,678.283,0,1282.0,33,,98.094,14.51,16.5,-5.469,1.004,1.011,-0.008,7910,14.51,12.157,53,,,,,97,,,,,,,,
2026-09-28T16:34:41.410,678.413,0,1277.75,34,,98.156,12.941,19.0,-3.906,1.004,1.036,0.02,7350,14.51,12.157,53,,,,,,21,,,,,,,
2026-09-28T16:34:41.540,678.543,0,1274.0,24,,97.875,0.0,19.5,-3.125,1.004,1.036,0.02,6920,15.686,12.157,53,,,,,,,78.824,,,,,,
2026-09-28T16:34:41.674,678.677,0,1264.25,23,,97.875,0.0,16.5,-4.688,1.004,0.98,-0.07,6490,16.863,12.157,53,,,,,,,,532.7,,,,,
2026-09-28T16:34:41.800,678.803,0,1256.25,23,,97.875,0.0,10.5,-6.25,1.004,0.971,-0.094,6160,18.431,12.157,53,,,,,,,,,0.8,,,,
2026-09-28T16:34:41.929,678.932,0,1259.5,22,,97.844,0.0,6.0,-6.25,1.005,0.981,-0.07,5770,19.216,12.157,53,,,,,,,,,,,0.781,,
2026-09-28T16:34:42.059,679.062,0,1248.0,22,,97.781,8.627,19.5,-6.25,1.005,0.986,-0.055,5460,20.784,12.157,52,,,,,,,,,,,,12.549,
2026-09-28T16:34:42.189,679.192,0,1253.25,22,,97.719,8.627,27.0,-6.25,1.006,0.996,-0.031,5090,21.176,12.549,52,,,,,,,,,,,,,714
2026-09-28T16:34:42.319,679.322,0,1256.75,22,,97.594,10.588,23.0,-6.25,1.006,0.982,-0.066,4720,21.569,13.333,52,103,,,,,,,,,,,,
2026-09-28T16:34:42.449,679.453,0,1265.25,26,,97.531,11.765,18.5,-7.031,1.006,0.979,-0.074,4220,21.961,13.333,52,,32,,,,,,,,,,,
2026-09-28T16:34:42.579,679.582,0,1254.5,27,,97.531,12.157,18.5,-6.25,1.005,0.992,-0.039,3880,21.961,13.333,52,,,4.688,,,,,,,,,,
2026-09-28T16:34:42.710,679.713,0,1255.25,28,,97.531,12.549,18.5,-6.25,1.005,1.001,-0.02,3950,21.961,13.333,52,,,,13.789,,,,,,,,,
2026-09-28T16:34:42.839,679.843,0,1252.5,28,,97.562,12.549,18.0,-5.469,1.004,1.018,-0.004,3790,22.353,13.725,52,,,,,97,,,,,,,,
2026-09-28T16:34:42.972,679.976,0,1254.0,29,,97.531,13.333,17.0,-4.688,1.004,1.026,0.008,3960,22.745,13.725,52,,,,,,21,,,,,,,
2026-09-28T16:34:43.109,680.112,0,1251.5,31,,97.531,14.51,17.0,-4.688,1.004,1.028,0.008,4490,22.745,13.725,52,,,,,,,78.824,,,,,,
2026-09-28T16:34:43.239,680.242,0,1250.0,32,,97.531,14.51,16.0,-4.688,1.003,1.009,-0.012,4290,23.137,14.118,52,,,,,,,,533.5,,,,,
2026-09-28T16:34:43.372,680.376,0,1253.25,32,,97.531,15.686,15.5,-5.469,1.003,1.009,-0.012,4720,23.529,14.118,52,,,,,,,,,0.79,,,,
2026-09-28T16:34:43.500,680.503,0,1255.5,35,,97.531,16.863,15.5,-4.688,1.003,1.008,-0.012,5790,23.922,14.51,52,,,,,,,,,,,0.781,,
2026-09-28T16:34:43.629,680.632,0,1255.5,36,,97.531,17.647,14.0,-5.469,1.003,0.99,-0.047,5930,24.314,14.51,52,,,,,,,,,,,,27.451,
2026-09-28T16:34:43.760,680.763,0,1247.5,39,,97.531,18.824,14.0,-5.469,1.003,0.995,-0.031,6490,24.314,14.51,52,,,,,,,,,,,,,716
2026-09-28T16:34:43.889,680.892,0,1250.75,39,,97.531,19.216,14.0,-5.469,1.003,0.996,-0.031,7600,24.314,14.51,52,102,,,,,,,,,,,,
2026-09-28T16:34:44.019,681.022,0,1249.0,39,,97.531,19.216,14.0,-6.25,1.003,0.989,-0.047,7550,14.51,12.157,52,,33,,,,,,,,,,,
2026-09-28T16:34:44.149,681.153,0,1248.25,32,,97.406,0.0,18.5,-6.25,1.003,0.996,-0.031,7170,14.51,12.157,52,,,6.25,,,,,,,,,,
2026-09-28T16:34:44.280,681.283,0,1241.0,26,,97.531,0.0,24.5,-5.469,1.003,1.003,-0.016,7130,17.255,12.157,52,,,,13.808,,,,,,,,,
2026-09-28T16:34:44.409,681.413,0,1227.75,24,,97.438,0.0,17.0,-5.469,1.003,0.987,-0.051,6720,19.216,12.157,51,,,,,97,,,,,,,,
2026-09-28T16:34:44.539,681.542,0,1227.5,22,,97.406,9.412,17.0,-7.812,1.003,0.957,-0.125,6310,21.176,12.549,52,,,,,,21,,,,,,,
2026-09-28T16:34:44.674,681.677,0,1234.25,22,,97.25,9.804,24.5,-7.812,1.004,0.97,-0.098,5950,22.353,13.725,51,,,,,,,78.824,,,,,,
2026-09-28T16:34:44.800,681.803,0,1243.0,25,,97.219,11.765,18.5,-7.031,1.005,0.986,-0.055,5510,23.137,14.118,51,,,,,,,,533.8,,,,,
2026-09-28T16:34:44.929,681.933,0,1234.25,29,,97.219,15.686,15.5,-7.031,1.005,0.999,-0.023,4860,23.922,14.51,51,,,,,,,,,0.79,,,,
2026-09-28T16:34:45.059,682.062,0,1227.75,35,,97.156,17.255,14.0,-6.25,1.004,1.021,0.0,4680,24.314,14.51,51,,,,,,,,,,,0.781,,
2026-09-28T16:34:45.190,682.193,0,1229.5,37,,97.219,18.431,13.5,-4.688,1.003,1.029,0.008,5480,24.314,14.902,51,,,,,,,,,,,,25.49,
2026-09-28T16:34:45.319,682.322,0,1229.0,40,,97.219,18.431,13.5,-6.25,1.003,0.988,-0.051,5750,25.098,14.902,51,,,,,,,,,,,,,717
2026-09-28T16:34:45.449,682.452,0,1232.25,42,,97.25,20.0,13.5,-7.031,1.003,0.998,-0.023,6300,25.098,14.902,51,102,,,,,,,,,,,,
2026-09-28T16:34:45.580,682.583,0,1234.75,42,,97.219,21.176,13.0,-5.469,1.003,1.021,0.0,7080,25.49,14.902,51,,34,,,,,,,,,,,
2026-09-28T16:34:45.709,682.712,0,1234.0,43,,97.219,21.176,13.0,-5.469,1.003,1.003,-0.016,8220,19.216,12.941,51,,,3.125,,,,,,,,,,
2026-09-28T16:34:45.839,682.842,0,1234.5,38,,97.281,0.0,14.0,-6.25,1.002,0.985,-0.059,8150,14.51,12.157,51,,,,13.808,,,,,,,,,
2026-09-28T16:34:45.972,682.975,0,1219.75,30,,97.375,0.0,20.0,-7.031,1.002,0.983,-0.062,7760,16.863,12.157,51,,,,,97,,,,,,,,
2026-09-28T16:34:46.099,683.102,0,1222.25,25,,97.406,0.0,26.0,-6.25,1.002,0.994,-0.035,7600,18.431,12.157,51,,,,,,21,,,,,,,
2026-09-28T16:34:46.231,683.234,0,1216.0,23,,97.25,0.0,17.0,-7.031,1.003,0.99,-0.047,7330,18.431,12.157,51,,,,,,,78.824,,,,,,
2026-09-28T16:34:46.359,683.362,0,1227.5,22,,97.281,0.0,14.5,-6.25,1.003,1.007,-0.012,6990,14.51,12.157,51,,,,,,,,533.5,,,,,
2026-09-28T16:34:46.489,683.493,0,1222.5,22,,97.219,0.0,10.0,-5.469,1.004,1.026,0.008,6610,14.902,12.157,51,,,,,,,,,0.79,,,,
2026-09-28T16:34:46.619,683.622,0,1213.5,22,,97.25,0.0,4.5,-5.469,1.004,1.03,0.012,6290,14.902,12.157,51,,,,,,,,,,,0.781,,
2026-09-28T16:34:46.749,683.752,0,1207.25,21,,97.281,0.0,0.0,-4.688,1.005,1.034,0.016,5970,14.51,12.157,50,,,,,,,,,,,,12.157,
2026-09-28T16:34:46.879,683.882,0,1208.0,21,,97.219,0.0,-4.0,0.0,1.005,1.034,0.016,5660,14.51,12.157,50,,,,,,,,,,,,,719
2026-09-28T16:34:47.010,684.013,0,1194.5,21,,97.219,0.0,-6.0,0.0,1.006,1.08,0.07,5570,14.51,12.157,50,102,,,,,,,,,,,,
2026-09-28T16:34:47.139,684.142,0,1210.0,22,,97.219,0.0,-6.0,0.0,1.005,1.088,0.078,5930,14.51,12.157,50,,34,,,,,,,,,,,
2026-09-28T16:34:47.272,684.275,0,1202.5,22,,97.375,0.0,-6.0,0.0,1.005,1.127,0.117,6970,14.51,12.157,50,,,7.031,,,,,,,,,,
2026-09-28T16:34:47.400,684.403,0,1190.25,23,,97.438,0.0,-6.0,0.0,0.998,1.429,0.387,8320,14.51,12.157,50,,,,13.867,,,,,,,,,
2026-09-28T16:34:47.529,684.532,0,1182.5,23,,97.406,0.0,-6.5,0.0,1.004,1.95,0.66,9470,14.51,12.157,50,,,,,97,,,,,,,,
2026-09-28T16:34:47.659,684.662,0,1180.25,24,,97.5,0.0,-6.5,0.0,1.039,2.0,0.836,9450,14.51,12.157,49,,,,,,21,,,,,,,
2026-09-28T16:34:47.789,684.792,0,1178.25,24,,97.531,0.0,-6.5,0.0,1.101,2.0,0.949,9450,14.51,12.157,49,,,,,,,78.824,,,,,,
2026-09-28T16:34:47.919,684.922,0,1176.0,25,,97.531,0.0,-6.5,0.0,1.157,2.0,1.051,9440,14.51,12.157,49,,,,,,,,535.6,,,,,
2026-09-28T16:34:48.050,685.053,0,1169.25,24,,97.531,0.0,-6.5,0.0,1.206,2.0,1.105,9420,14.51,12.157,49,,,,,,,,,0.795,,,,
2026-09-28T16:34:48.179,685.183,0,1156.25,24,,97.531,0.0,-7.0,0.0,1.255,2.0,1.156,9420,14.51,12.157,48,,,,,,,,,,,0.781,,
2026-09-28T16:34:48.309,685.312,0,1147.25,24,,97.531,0.0,-7.0,0.0,1.334,2.0,1.176,9410,14.51,12.157,48,,,,,,,,,,,,13.333,
2026-09-28T16:34:48.439,685.442,0,1138.75,24,,97.531,0.0,-7.0,0.0,1.414,2.0,1.195,9790,14.51,12.157,48,,,,,,,,,,,,,720
2026-09-28T16:34:48.572,685.575,0,1129.25,24,,97.531,0.0,-7.0,0.0,1.514,2.0,1.211,9780,14.51,12.157,47,103,,,,,,,,,,,,
2026-09-28T16:34:48.699,685.702,0,1113.0,23,,97.531,0.0,-7.5,0.0,1.608,2.0,1.227,9760,14.51,11.765,47,,34,,,,,,,,,,,
2026-09-28T16:34:48.829,685.833,0,1101.25,24,,97.531,0.0,-7.5,0.0,1.693,2.0,1.238,9760,14.51,11.765,46,,,6.25,,,,,,,,,,
2026-09-28T16:34:48.959,685.962,0,1094.5,24,,97.531,0.0,-7.5,0.0,1.738,2.0,1.238,9750,14.51,11.765,46,,,,13.847,,,,,,,,,
2026-09-28T16:34:49.089,686.092,0,1092.0,24,,97.531,0.0,-8.5,0.0,1.768,2.0,1.242,9750,14.51,11.765,45,,,,,97,,,,,,,,
2026-09-28T16:34:49.220,686.223,0,1085.25,24,,97.531,0.0,-7.5,0.0,1.782,2.0,1.25,9730,14.51,11.765,45,,,,,,21,,,,,,,
2026-09-28T16:34:49.349,686.352,0,1153.5,24,,97.531,0.0,-6.5,0.0,1.791,2.0,1.254,9730,14.51,12.157,44,,,,,,,78.824,,,,,,
2026-09-28T16:34:49.479,686.482,0,1230.5,24,,97.531,0.0,-5.0,0.0,1.795,2.0,1.25,9730,14.51,12.157,44,,,,,,,,537.7,,,,,
2026-09-28T16:34:49.610,686.613,0,1309.5,23,,97.531,0.0,-4.0,0.0,1.798,2.0,1.254,9720,14.51,12.549,44,,,,,,,,,0.105,,,,
2026-09-28T16:34:49.740,686.743,0,1370.25,24,,97.562,0.0,-4.0,0.0,1.799,2.0,1.258,9710,14.51,12.549,43,,,,,,,,,,,0.781,,
2026-09-28T16:34:49.872,686.875,0,1364.0,23,,97.594,0.0,-4.0,0.0,1.8,2.0,1.262,9710,14.51,12.157,43,,,,,,,,,,,,12.941,
2026-09-28T16:34:49.999,687.002,0,1357.75,23,,97.781,0.0,-4.0,0.0,1.8,2.0,1.262,9700,14.51,12.157,43,,,,,,,,,,,,,722
2026-09-28T16:34:50.130,687.133,0,1343.75,23,,97.875,0.0,-4.0,0.0,1.8,2.0,1.266,9690,14.51,12.157,43,103,,,,,,,,,,,,
2026-09-28T16:34:50.259,687.262,0,1338.0,23,,97.875,0.0,-4.0,0.0,1.8,2.0,1.266,9690,14.51,12.157,42,,35,,,,,,,,,,,
2026-09-28T16:34:50.389,687.393,0,1333.25,22,,97.875,0.0,-4.0,0.0,1.8,2.0,1.266,9690,14.51,12.157,42,,,6.25,,,,,,,,,,
2026-09-28T16:34:50.519,687.522,0,1325.75,23,,97.875,0.0,-4.0,0.0,1.8,2.0,1.27,9670,14.51,12.157,42,,,,13.886,,,,,,,,,
2026-09-28T16:34:50.650,687.653,0,1320.75,23,,97.875,0.0,-4.0,0.0,1.8,2.0,1.266,9670,14.51,12.157,42,,,,,97,,,,,,,,
2026-09-28T16:34:50.779,687.782,0,1315.25,23,,97.875,0.0,-4.5,0.0,1.8,2.0,1.27,9660,14.51,12.157,41,,,,,,21,,,,,,,
2026-09-28T16:34:50.909,687.912,0,1306.5,23,,97.875,0.0,-4.5,0.0,1.8,2.0,1.266,9660,14.51,12.157,41,,,,,,,78.824,,,,,,
2026-09-28T16:34:51.040,688.043,0,1296.25,23,,97.875,0.0,-4.5,0.0,1.8,2.0,1.27,9650,14.51,12.157,41,,,,,,,,539.8,,,,,
2026-09-28T16:34:51.174,688.178,0,1294.5,23,,97.875,0.0,-4.5,0.0,1.8,2.0,1.266,9650,14.51,12.157,41,,,,,,,,,0.1,,,,
2026-09-28T16:34:51.299,688.302,0,1288.0,23,,97.875,0.0,-4.5,0.0,1.8,2.0,1.273,9640,14.51,12.157,41,,,,,,,,,,,0.781,,
2026-09-28T16:34:51.429,688.433,0,1284.0,24,,97.875,0.0,-4.5,0.0,1.8,2.0,1.27,9630,14.51,12.157,40,,,,,,,,,,,,13.333,
2026-09-28T16:34:51.559,688.562,0,1274.5,23,,97.875,0.0,-5.0,0.0,1.8,2.0,1.27,9630,14.51,12.157,40,,,,,,,,,,,,,723
2026-09-28T16:34:51.689,688.693,0,1265.75,23,,97.875,0.0,-5.0,0.0,1.8,2.0,1.27,9630,14.51,12.157,40,103,,,,,,,,,,,,
2026-09-28T16:34:51.819,688.822,0,1258.0,23,,97.875,0.0,-5.0,0.0,1.8,2.0,1.273,9620,14.51,12.157,40,,35,,,,,,,,,,,
2026-09-28T16:34:51.950,688.953,0,1256.75,23,,97.875,0.0,-5.0,0.0,1.8,2.0,1.27,9620,14.51,12.157,39,,,6.25,,,,,,,,,,
2026-09-28T16:34:52.079,689.082,0,1250.5,23,,97.875,0.0,-5.0,0.0,1.8,2.0,1.27,9620,14.51,12.157,39,,,,13.867,,,,,,,,,
2026-09-28T16:34:52.209,689.213,0,1241.5,23,,97.875,0.0,-5.5,0.0,1.8,2.0,1.277,9600,14.902,12.157,39,,,,,97,,,,,,,,
2026-09-28T16:34:52.339,689.342,0,1241.75,23,,97.875,0.0,-5.5,0.0,1.8,2.0,1.27,9600,15.294,12.157,39,,,,,,21,,,,,,,
2026-09-28T16:34:52.470,689.474,0,1234.25,23,,97.875,0.0,-5.5,0.0,1.8,2.0,1.273,9590,14.902,12.157,39,,,,,,,78.824,,,,,,
2026-09-28T16:34:52.599,689.602,0,1226.0,23,,97.875,0.0,-5.5,0.0,1.8,2.0,1.27,9590,14.902,12.157,39,,,,,,,,541.8,,,,,
2026-09-28T16:34:52.730,689.733,0,1222.25,23,,97.875,0.0,-5.5,0.0,1.8,2.0,1.273,9590,14.51,12.157,38,,,,,,,,,0.095,,,,
2026-09-28T16:34:52.859,689.862,0,1215.25,24,,97.875,0.0,-6.0,0.0,1.8,2.0,1.277,9590,14.51,12.157,38,,,,,,,,,,,0.781,,
2026-09-28T16:34:52.990,689.993,0,1209.5,23,,97.875,0.0,-6.0,0.0,1.8,2.0,1.273,9580,14.51,12.157,38,,,,,,,,,,,,12.941,
2026-09-28T16:34:53.119,690.122,0,1203.5,23,,97.875,0.0,-6.0,0.0,1.8,2.0,1.273,9570,14.51,12.157,38,,,,,,,,,,,,,725
2026-09-28T16:34:53.249,690.253,0,1195.25,23,,97.875,0.0,-6.0,0.0,1.8,2.0,1.273,9570,14.902,12.157,38,103,,,,,,,,,,,,
2026-09-28T16:34:53.380,690.383,0,1191.0,23,,97.875,0.0,-6.0,0.0,1.8,2.0,1.273,9560,14.902,12.157,37,,35,,,,,,,,,,,
2026-09-28T16:34:53.509,690.512,0,1187.75,23,,97.875,0.0,-6.0,0.0,1.8,2.0,1.273,9560,15.294,12.157,37,,,7.031,,,,,,,,,,
2026-09-28T16:34:53.639,690.642,0,1182.75,23,,97.875,0.0,-6.5,0.0,1.8,2.0,1.27,9550,15.294,12.157,37,,,,13.847,,,,,,,,,
2026-09-28T16:34:53.772,690.776,0,1176.75,23,,97.875,0.0,-6.5,0.0,1.8,2.0,1.277,9550,15.294,12.157,37,,,,,97,,,,,,,,
2026-09-28T16:34:53.899,690.902,0,1166.0,24,,97.875,0.0,-6.5,0.0,1.8,2.0,1.273,9550,15.294,12.157,37,,,,,,21,,,,,,,
2026-09-28T16:34:54.029,691.032,0,1158.0,24,,97.875,0.0,-6.5,0.0,1.8,2.0,1.273,9540,15.294,12.157,36,,,,,,,78.824,,,,,,
2026-09-28T16:34:54.160,691.163,0,1153.75,23,,97.875,0.0,-6.5,0.0,1.8,2.0,1.27,9530,15.686,12.157,36,,,,,,,,543.8,,,,,
2026-09-28T16:34:54.290,691.293,0,1201.0,24,,97.875,0.0,-5.5,0.0,1.8,2.0,1.277,9520,15.686,12.157,36,,,,,,,,,0.095,,,,
2026-09-28T16:34:54.419,691.422,0,1271.0,24,,97.875,0.0,-4.5,0.0,1.8,2.0,1.273,9530,16.471,12.549,36,,,,,,,,,,,0.781,,
2026-09-28T16:34:54.549,691.552,0,1343.0,23,,97.875,0.0,-4.0,0.0,1.8,2.0,1.273,9510,16.471,12.549,35,,,,,,,,,,,,12.941,
2026-09-28T16:34:54.680,691.683,0,1413.25,23,,97.875,0.0,-2.5,0.0,1.8,2.0,1.273,9520,17.255,12.549,35,,,,,,,,,,,,,727
2026-09-28T16:34:54.809,691.813,0,1497.5,23,,97.875,0.0,-1.5,0.0,1.8,2.0,1.273,9500,17.255,12.941,35,103,,,,,,,,,,,,
2026-09-28T16:34:54.940,691.943,0,1561.0,23,,97.875,0.0,-1.0,0.0,1.8,2.0,1.273,9490,17.255,12.941,35,,35,,,,,,,,,,,
2026-09-28T16:34:55.070,692.073,0,1599.0,23,,97.906,0.0,-1.0,0.0,1.8,2.0,1.277,9490,17.255,12.549,34,,,4.688,,,,,,,,,,
2026-09-28T16:34:55.199,692.202,0,1584.0,24,,98.062,0.0,-1.0,0.0,1.8,2.0,1.277,9490,16.078,12.549,34,,,,13.886,,,,,,,,,
2026-09-28T16:34:55.330,692.333,0,1570.25,23,,98.094,0.0,-1.0,0.0,1.8,2.0,1.277,9490,14.51,12.549,34,,,,,97,,,,,,,,
2026-09-28T16:34:55.459,692.462,0,1563.0,22,,98.156,0.0,-1.0,0.0,1.8,2.0,1.277,9480,14.51,12.549,34,,,,,,21,,,,,,,
2026-09-28T16:34:55.590,692.593,0,1552.5,22,,98.188,0.0,-1.0,0.0,1.8,2.0,1.277,9480,14.51,12.549,34,,,,,,,78.824,,,,,,
2026-09-28T16:34:55.719,692.723,0,1538.5,23,,98.188,0.0,-1.0,0.0,1.8,2.0,1.281,9470,14.51,12.549,33,,,,,,,,545.3,,,,,
2026-09-28T16:34:55.849,692.852,0,1529.5,23,,98.188,0.0,-1.5,0.0,1.8,2.0,1.277,9470,14.51,12.549,33,,,,,,,,,0.095,,,,
2026-09-28T16:34:55.979,692.982,0,1515.25,23,,98.188,0.0,-1.5,0.0,1.8,2.0,1.281,9470,14.51,12.549,33,,,,,,,,,,,0.781,,
2026-09-28T16:34:56.109,693.112,0,1503.75,23,,98.188,0.0,-2.0,0.0,1.8,2.0,1.281,9460,14.51,12.549,33,,,,,,,,,,,,12.549,
2026-09-28T16:34:56.239,693.242,0,1502.0,23,,98.188,0.0,-2.0,0.0,1.8,2.0,1.281,9450,14.51,12.549,33,,,,,,,,,,,,,728
2026-09-28T16:34:56.371,693.374,0,1494.75,22,,98.188,0.0,-2.0,0.0,1.8,2.0,1.281,9450,14.51,12.549,32,104,,,,,,,,,,,,
2026-09-28T16:34:56.500,693.503,0,1483.25,23,,98.188,0.0,-2.0,0.0,1.8,2.0,1.281,9450,14.51,12.549,32,,35,,,,,,,,,,,
2026-09-28T16:34:56.629,693.632,0,1467.5,23,,98.188,0.0,-2.5,0.0,1.8,2.0,1.277,9450,14.51,12.549,32,,,5.469,,,,,,,,,,
2026-09-28T16:34:56.759,693.762,0,1453.25,22,,98.219,0.0,-2.5,0.0,1.8,2.0,1.281,9440,14.51,12.549,31,,,,13.847,,,,,,,,,
2026-09-28T16:34:56.890,693.893,0,1442.25,23,,98.188,0.0,-2.5,0.0,1.8,2.0,1.285,9440,14.51,12.549,31,,,,,97,,,,,,,,
2026-09-28T16:34:57.020,694.023,0,1431.25,23,,98.188,0.0,-2.5,0.0,1.8,2.0,1.281,9440,14.51,12.549,31,,,,,,21,,,,,,,
2026-09-28T16:34:57.150,694.153,0,1413.25,23,,98.188,0.0,-2.5,0.0,1.8,2.0,1.281,9430,14.51,12.549,30,,,,,,,78.824,,,,,,
2026-09-28T16:34:57.279,694.282,0,1403.0,23,,98.219,0.0,-3.0,0.0,1.8,2.0,1.285,9420,14.51,12.549,30,,,,,,,,546.4,,,,,
2026-09-28T16:34:57.409,694.412,0,1391.25,24,,98.188,0.0,-3.0,0.0,1.8,2.0,1.285,9420,21.569,12.549,30,,,,,,,,,0.095,,,,
2026-09-28T16:34:57.539,694.542,0,1381.0,23,,98.188,8.627,19.0,0.0,1.832,2.0,1.312,9560,25.098,15.686,30,,,,,,,,,,,0.781,,
2026-09-28T16:34:57.674,694.677,0,1433.0,30,,97.906,13.333,8.5,0.0,1.561,2.0,0.957,10240,26.275,15.686,30,,,,,,,,,,,,25.49,
2026-09-28T16:34:57.799,694.802,0,1440.0,37,,97.875,14.902,14.0,0.0,1.213,1.329,0.312,9190,27.059,16.078,30,,,,,,,,,,,,,730
2026-09-28T16:34:57.929,694.932,0,1422.5,42,,97.875,18.039,14.5,0.0,1.015,1.021,0.0,8520,28.627,16.471,30,104,,,,,,,,,,,,
2026-09-28T16:34:58.059,695.062,0,1383.75,47,,97.844,21.176,14.0,0.0,0.948,0.952,-0.137,9190,29.804,17.255,30,,36,,,,,,,,,,,
2026-09-28T16:34:58.190,695.193,0,1396.0,52,,97.75,22.353,14.0,0.0,0.919,0.912,-0.23,10350,31.373,18.039,30,,,1.562,,,,,,,,,,
2026-09-28T16:34:58.320,695.323,0,1403.25,59,,97.531,28.235,13.5,-0.781,0.909,0.894,-0.281,10670,32.941,21.176,30,,,,13.75,,,,,,,,,
2026-09-28T16:34:58.449,695.452,0,1413.0,77,,97.312,32.549,13.0,0.0,0.904,0.923,-0.207,12070,34.118,28.627,31,,,,,97,,,,,,,,
2026-09-28T16:34:58.580,695.583,0,1434.25,91,,97.125,39.608,11.0,2.344,0.9,0.943,-0.156,12750,34.902,30.98,31,,,,,,21,,,,,,,
2026-09-28T16:34:58.709,695.712,0,1447.5,94,,97.812,41.176,10.0,2.344,0.904,0.94,-0.164,13170,35.294,32.941,32,,,,,,,78.824,,,,,,
2026-09-28T16:34:58.839,695.842,0,1464.75,97,,99.469,41.569,9.5,3.906,0.906,0.946,-0.148,13930,35.686,33.725,32,,,,,,,,541.3,,,,,
2026-09-28T16:34:58.973,695.976,0,1488.75,98,,100.344,41.176,7.0,3.906,0.908,0.942,-0.156,15150,35.686,34.118,33,,,,,,,,,0.21,,,,
2026-09-28T16:34:59.099,696.102,0,1515.5,99,,101.344,40.784,7.0,4.688,0.91,0.936,-0.176,16050,36.078,34.118,33,,,,,,,,,,,0.781,,
2026-09-28T16:34:59.229,696.233,0,1548.0,100,,103.938,40.392,5.5,5.469,0.914,0.954,-0.133,16310,35.686,31.765,34,,,,,,,,,,,,79.216,
2026-09-28T16:34:59.360,696.363,0,1570.25,101,,105.375,39.608,6.0,5.469,0.919,0.937,-0.172,17380,35.686,29.412,34,,,,,,,,,,,,,731
2026-09-28T16:34:59.490,696.493,0,1594.0,101,,106.75,38.039,6.5,4.688,0.922,0.915,-0.223,17690,35.686,28.235,35,105,,,,,,,,,,,,
2026-09-28T16:34:59.620,696.623,0,1622.75,101,,107.938,35.686,7.0,4.688,0.923,0.928,-0.191,17150,35.686,26.275,35,,35,,,,,,,,,,,
2026-09-28T16:34:59.749,696.752,0,1645.25,99,,110.219,34.51,7.5,4.688,0.924,0.916,-0.223,17050,35.686,25.882,36,,,0.0,,,,,,,,,,
2026-09-28T16:34:59.880,696.883,0,1663.0,99,,110.875,34.51,7.5,3.906,0.924,0.908,-0.242,17050,35.686,26.275,36,,,,13.847,,,,,,,,,
2026-09-28T16:35:00.009,697.012,0,1686.75,99,,111.344,34.118,8.0,3.906,0.924,0.92,-0.211,16720,35.686,25.882,37,,,,,97,,,,,,,,
2026-09-28T16:35:00.139,697.142,0,1716.25,99,,112.781,32.941,9.0,3.906,0.926,0.917,-0.219,16660,35.686,25.49,38,,,,,,21,,,,,,,
2026-09-28T16:35:00.270,697.273,0,1746.0,99,,113.188,32.549,9.5,3.125,0.928,0.915,-0.223,16680,35.686,25.49,38,,,,,,,78.824,,,,,,
2026-09-28T16:35:00.399,697.402,0,1766.5,98,,113.625,32.549,9.5,3.125,0.929,0.916,-0.223,16860,34.902,24.314,38,,,,,,,,535.3,,,,,
2026-09-28T16:35:00.530,697.533,0,1787.25,98,,114.281,30.98,11.0,3.125,0.934,0.926,-0.199,16610,33.333,23.137,39,,,,,,,,,0.85,,,,
2026-09-28T16:35:00.659,697.662,0,1825.5,94,,115.0,27.843,12.0,3.125,0.984,0.982,-0.066,15840,32.549,21.961,40,,,,,,,,,,,0.781,,
2026-09-28T16:35:00.789,697.792,0,1831.0,91,,115.25,25.882,12.5,3.125,1.002,1.003,-0.016,15420,32.549,22.353,40,,,,,,,,,,,,60.0,
2026-09-28T16:35:00.920,697.923,0,1842.5,90,,115.031,26.667,13.0,2.344,1.007,0.995,-0.035,15890,32.941,22.353,40,,,,,,,,,,,,,733
2026-09-28T16:35:01.050,698.053,0,1868.0,91,,114.312,27.451,13.5,2.344,1.005,0.99,-0.047,15960,32.549,22.745,41,105,,,,,,,,,,,,
2026-09-28T16:35:01.180,698.183,0,1892.25,91,,114.031,27.059,14.0,2.344,1.002,0.99,-0.047,15930,32.549,22.745,41,,33,,,,,,,,,,,
2026-09-28T16:35:01.310,698.313,0,1921.0,91,,113.938,27.059,-15.5,1.562,1.001,0.99,-0.043,15980,31.765,21.569,42,,,0.781,,,,,,,,,,
2026-09-28T16:35:01.440,698.443,0,1664.0,91,,115.219,26.275,-5.5,2.344,1.001,1.021,0.0,15700,31.373,19.608,42,,,,13.847,,,,,,,,,
2026-09-28T16:35:01.571,698.574,0,1564.75,88,,115.375,26.275,-1.0,3.906,1.001,1.021,0.0,15180,31.373,20.392,42,,,,,97,,,,,,,,
2026-09-28T16:35:01.699,698.702,0,1537.75,87,,109.688,28.627,-1.0,2.344,1.001,0.994,-0.035,15640,31.765,21.176,43,,,,,,21,,,,,,,
2026-09-28T16:35:01.829,698.832,0,1512.75,87,,107.281,30.588,2.0,2.344,1.001,0.989,-0.047,15920,31.765,21.176,43,,,,,,,78.824,,,,,,
2026-09-28T16:35:01.959,698.962,0,1452.5,89,,106.562,32.157,4.0,2.344,1.001,1.002,-0.02,15520,31.765,20.392,43,,,,,,,,532.9,,,,,
2026-09-28T16:35:02.090,699.093,0,1417.5,88,,105.906,33.725,6.5,3.125,1.001,1.017,-0.004,15890,31.765,20.392,43,,,,,,,,,0.82,,,,
2026-09-28T16:35:02.220,699.223,0,1390.25,86,,105.562,36.078,6.5,2.344,1.001,0.99,-0.043,15800,31.373,20.784,44,,,,,,,,,,,0.781,,
2026-09-28T16:35:02.350,699.353,0,1399.25,87,,104.25,35.294,7.0,1.562,1.001,0.988,-0.051,15340,29.804,17.647,44,,,,,,,,,,,,53.333,
2026-09-28T16:35:02.479,699.482,0,1404.75,83,,104.406,32.941,14.0,2.344,1.001,1.005,-0.016,15400,26.667,15.686,44,,,,,,,,,,,,,734
2026-09-28T16:35:02.609,699.612,0,1402.25,70,,104.406,29.02,14.0,1.562,1.001,0.97,-0.098,15190,22.745,13.725,44,105,,,,,,,,,,,,
2026-09-28T16:35:02.739,699.742,0,1405.0,49,,103.625,20.0,14.0,0.0,1.001,0.948,-0.145,14210,23.922,14.118,45,,32,,,,,,,,,,,
2026-09-28T16:35:02.870,699.873,0,1419.25,40,,102.812,16.863,14.0,0.0,1.001,0.975,-0.086,13870,24.314,14.51,45,,,3.125,,,,,,,,,,
2026-09-28T16:35:02.999,700.002,0,1433.0,40,,102.031,16.471,14.0,0.0,1.001,0.985,-0.059,13600,25.49,14.902,45,,,,13.828,,,,,,,,,
2026-09-28T16:35:03.130,700.133,0,1444.0,42,,102.531,17.255,14.5,0.0,1.001,0.965,-0.109,12630,25.882,15.294,45,,,,,97,,,,,,,,
2026-09-28T16:35:03.259,700.262,0,1443.75,46,,101.812,18.039,14.5,-1.562,1.001,0.949,-0.145,12440,26.275,15.686,45,,,,,,21,,,,,,,
2026-09-28T16:35:03.400,700.403,0,1439.0,48,,101.656,19.216,14.5,-3.906,1.001,0.927,-0.195,11780,27.843,16.078,45,,,,,,,78.824,,,,,,
2026-09-28T16:35:03.529,700.532,0,1443.25,52,,101.0,21.176,14.5,-7.031,1.001,0.895,-0.277,11060,29.02,16.863,45,,,,,,,,532.1,,,,,
2026-09-28T16:35:03.660,700.663,0,1454.25,59,,100.719,23.137,14.5,-7.812,1.001,0.933,-0.18,11430,29.412,16.863,45,,,,,,,,,0.82,,,,
2026-09-28T16:35:03.789,700.792,0,1448.0,61,,100.656,23.137,14.0,-7.812,1.002,0.941,-0.16,12570,29.804,18.039,45,,,,,,,,,,,0.781,,
2026-09-28T16:35:03.919,700.922,0,1460.25,68,,100.438,25.49,14.5,-9.375,1.002,0.931,-0.188,12980,30.196,18.039,46,,,,,,,,,,,,45.49,
2026-09-28T16:35:04.050,701.053,0,1469.75,70,,100.531,25.882,14.0,-9.375,1.005,0.973,-0.09,14080,30.196,18.824,46,,,,,,,,,,,,,736
2026-09-28T16:35:04.180,701.183,0,1476.75,73,,100.656,26.667,14.0,-8.594,1.009,0.98,-0.07,14580,30.196,18.824,46,106,,,,,,,,,,,,
2026-09-28T16:35:04.310,701.313,0,1483.0,75,,100.75,26.667,14.5,-8.594,1.011,0.998,-0.023,14560,30.196,18.431,47,,33,,,,,,,,,,,
2026-09-28T16:35:04.439,701.442,0,1486.0,74,,101.062,26.275,14.5,-7.031,1.011,1.031,0.012,14820,30.196,18.824,47,,,1.562,,,,,,,,,,
2026-09-28T16:35:04.570,701.573,0,1493.0,76,,101.375,25.882,14.5,-7.031,1.009,1.021,0.0,14580,29.412,18.039,47,,,,13.73,,,,,,,,,
2026-09-28T16:35:04.699,701.702,0,1496.75,77,,101.469,26.275,15.0,-6.25,1.012,1.041,0.023,14450,24.706,15.686,47,,,,,97,,,,,,,,
2026-09-28T16:35:04.829,701.832,0,1495.0,69,,102.188,20.0,15.0,-4.688,1.013,1.055,0.039,14480,25.098,14.902,47,,,,,,21,,,,,,,
2026-09-28T16:35:04.959,701.962,0,1503.5,50,,102.094,17.647,15.0,-5.469,1.014,1.029,0.008,13580,25.49,15.686,47,,,,,,,78.824,,,,,,
2026-09-28T16:35:05.089,702.092,0,1502.75,46,,101.719,17.647,15.0,-4.688,1.014,1.062,0.047,13310,26.275,15.686,48,,,,,,,,530.6,,,,,
2026-09-28T16:35:05.220,702.223,0,1512.0,47,,101.406,18.039,15.0,-2.344,1.015,1.066,0.055,12930,27.451,16.078,48,,,,,,,,,0.89,,,,
2026-09-28T16:35:05.349,702.352,0,1533.25,54,,100.906,18.039,15.5,-3.906,1.015,1.019,0.0,11890,27.843,16.863,48,,,,,,,,,,,0.781,,
2026-09-28T16:35:05.479,702.482,0,1540.5,57,,100.719,19.216,15.5,-3.906,1.014,1.034,0.016,11350,28.235,16.863,48,,,,,,,,,,,,37.255,
2026-09-28T16:35:05.610,702.613,0,1531.25,58,,100.719,19.216,15.5,-2.344,1.014,1.039,0.023,11760,28.235,16.863,48,,,,,,,,,,,,,737
2026-09-28T16:35:05.739,702.742,0,1531.75,62,,100.438,20.0,15.5,-3.125,1.014,1.014,-0.008,11820,27.451,16.471,48,106,,,,,,,,,,,,
2026-09-28T16:35:05.870,702.873,0,1539.5,61,,100.438,20.0,15.5,-4.688,1.013,0.995,-0.035,12170,26.667,16.078,48,,33,,,,,,,,,,,
2026-09-28T16:35:06.000,703.003,0,1539.5,57,,100.656,18.431,15.5,-4.688,1.013,0.996,-0.027,12280,24.314,15.294,48,,,2.344,,,,,,,,,,
2026-09-28T16:35:06.129,703.132,0,1545.25,57,,100.75,16.471,15.5,-7.031,1.013,0.957,-0.125,11180,20.0,12.549,48,,,,13.75,,,,,,,,,
2026-09-28T16:35:06.259,703.262,0,1538.0,38,,100.438,12.157,17.0,-7.812,1.013,0.96,-0.117,10500,20.392,12.549,49,,,,,97,,,,,,,,
2026-09-28T16:35:06.390,703.393,0,1532.5,30,,100.219,10.196,19.0,-9.375,1.013,0.932,-0.184,10180,20.392,12.549,49,,,,,,21,,,,,,,
2026-09-28T16:35:06.520,703.523,0,1523.25,25,,100.25,7.059,29.5,-8.594,1.013,0.984,-0.059,9830,14.51,12.549,49,,,,,,,78.824,,,,,,
2026-09-28T16:35:06.649,703.652,0,1542.75,22,,99.5,0.0,32.5,-7.031,1.015,1.029,0.008,9430,14.51,12.549,48,,,,,,,,530.5,,,,,
2026-09-28T16:35:06.779,703.782,0,1532.0,22,,99.781,0.0,26.0,-5.469,1.016,1.067,0.055,9080,14.51,12.549,48,,,,,,,,,0.865,,,,
2026-09-28T16:35:06.910,703.913,0,1535.5,22,,99.562,0.0,18.5,-3.906,1.018,1.099,0.086,8650,14.51,12.549,48,,,,,,,,,,,0.781,,
2026-09-28T16:35:07.039,704.042,0,1527.0,21,,99.281,0.0,12.0,-3.125,1.018,1.082,0.07,8230,14.51,12.549,48,,,,,,,,,,,,12.157,
2026-09-28T16:35:07.174,704.177,0,1533.25,21,,99.25,0.0,7.5,-2.344,1.018,1.079,0.066,7880,14.51,12.549,48,,,,,,,,,,,,,739
2026-09-28T16:35:07.300,704.303,0,1528.5,21,,99.156,0.0,3.0,-2.344,1.018,1.093,0.082,7460,14.902,12.941,48,106,,,,,,,,,,,,
2026-09-28T16:35:07.430,704.433,0,1524.5,21,,98.812,0.0,-1.0,0.0,1.02,1.095,0.082,7090,15.294,12.941,48,,33,,,,,,,,,,,
2026-09-28T16:35:07.559,704.562,0,1522.5,21,,98.812,0.0,-1.5,0.0,1.015,1.165,0.16,7400,15.294,12.941,48,,,4.688,,,,,,,,,,
2026-09-28T16:35:07.689,704.692,0,1512.25,22,,98.781,0.0,-1.5,0.0,1.008,1.438,0.395,9040,16.863,12.941,48,,,,13.886,,,,,,,,,
2026-09-28T16:35:07.819,704.822,0,1516.75,23,,98.594,0.0,-2.0,0.0,1.001,1.948,0.656,9040,17.647,12.941,47,,,,,97,,,,,,,,
2026-09-28T16:35:07.949,704.952,0,1501.75,24,,98.5,0.0,-1.5,0.0,1.038,2.0,0.91,9370,18.431,12.941,48,,,,,,21,,,,,,,
2026-09-28T16:35:08.079,705.082,0,1498.5,24,,98.5,0.0,-2.0,0.0,1.103,2.0,1.031,9530,18.431,12.549,47,,,,,,,78.824,,,,,,
2026-09-28T16:35:08.210,705.213,0,1486.25,24,,98.5,0.0,-2.0,0.0,1.177,2.0,1.121,9530,19.216,12.549,47,,,,,,,,532.3,,,,,
2026-09-28T16:35:08.339,705.342,0,1487.25,24,,98.5,7.843,27.5,0.0,1.24,2.0,1.195,9400,21.176,13.333,47,,,,,,,,,0.865,,,,
2026-09-28T16:35:08.470,705.473,0,1523.0,24,,98.5,7.451,26.0,0.0,1.308,2.0,0.746,9350,21.176,13.333,47,,,,,,,,,,,0.781,,
2026-09-28T16:35:08.600,705.603,0,1473.5,24,,98.5,8.235,22.0,0.0,1.147,1.201,0.195,8700,21.176,13.333,47,,,,,,,,,,,,16.078,
2026-09-28T16:35:08.730,705.733,0,1487.0,25,,98.25,9.02,19.5,0.0,1.006,0.974,-0.086,8230,21.569,13.725,47,,,,,,,,,,,,,741
2026-09-28T16:35:08.860,705.863,0,1492.75,27,,98.188,9.804,18.0,0.0,0.94,0.931,-0.184,7600,22.353,14.902,47,106,,,,,,,,,,,,
2026-09-28T16:35:08.990,705.993,0,1496.25,30,,98.188,10.98,16.5,0.0,0.949,0.969,-0.098,7320,23.529,15.294,47,,34,,,,,,,,,,,
2026-09-28T16:35:09.120,706.123,0,1500.25,33,,98.094,13.725,14.5,0.0,0.977,0.995,-0.031,6570,23.922,15.686,47,,,2.344,,,,,,,,,,
2026-09-28T16:35:09.250,706.253,0,1506.25,39,,97.875,14.118,14.5,-0.781,0.991,0.965,-0.105,6600,24.314,15.294,47,,,,13.808,,,,,,,,,
2026-09-28T16:35:09.380,706.383,0,1509.5,40,,97.875,14.51,14.5,-1.562,0.996,0.97,-0.098,7450,24.706,16.078,47,,,,,97,,,,,,,,
2026-09-28T16:35:09.509,706.512,0,1513.5,41,,97.938,14.902,14.5,-1.562,0.999,0.97,-0.098,8380,25.098,16.078,48,,,,,,21,,,,,,,
2026-09-28T16:35:09.639,706.642,0,1520.25,45,,97.875,15.686,15.0,-2.344,0.999,0.964,-0.109,8720,25.098,16.078,48,,,,,,,78.824,,,,,,
2026-09-28T16:35:09.770,706.773,0,1523.5,45,,97.875,16.078,15.0,-3.125,1.0,0.971,-0.094,9600,25.098,16.078,48,,,,,,,,532.2,,,,,
2026-09-28T16:35:09.900,706.903,0,1526.0,46,,97.875,16.078,15.0,-3.906,1.0,0.965,-0.105,9310,25.098,16.078,48,,,,,,,,,0.825,,,,
2026-09-28T16:35:10.029,707.032,0,1533.5,47,,97.938,16.078,15.0,-3.906,1.0,0.976,-0.086,9390,25.098,16.078,48,,,,,,,,,,,0.781,,
2026-09-28T16:35:10.159,707.162,0,1537.75,46,,97.969,15.686,15.0,-3.906,1.0,0.982,-0.066,9800,24.314,16.078,48,,,,,,,,,,,,30.588,
2026-09-28T16:35:10.290,707.293,0,1538.5,47,,98.125,15.686,15.0,-4.688,1.0,0.968,-0.102,9260,18.824,12.941,48,,,,,,,,,,,,,742
2026-09-28T16:35:10.420,707.423,0,1533.5,42,,98.375,0.0,17.5,-4.688,1.0,0.981,-0.07,8980,14.51,12.549,48,106,,,,,,,,,,,,
2026-09-28T16:35:10.549,707.552,0,1523.25,25,,98.219,0.0,25.5,-3.906,1.0,0.992,-0.039,8650,14.51,12.549,48,,34,,,,,,,,,,,
2026-09-28T16:35:10.679,707.682,0,1513.75,22,,98.219,0.0,32.0,-4.688,1.0,0.991,-0.043,8260,14.51,12.941,48,,,4.688,,,,,,,,,,
2026-09-28T16:35:10.809,707.812,0,1536.5,21,,98.188,0.0,31.5,-3.125,1.0,1.021,0.0,7790,14.51,12.941,48,,,,13.789,,,,,,,,,
2026-09-28T16:35:10.940,707.943,0,1529.25,22,,98.188,0.0,23.0,-2.344,1.0,1.031,0.012,7320,14.51,12.549,48,,,,,97,,,,,,,,
2026-09-28T16:35:11.070,708.074,0,1527.5,22,,98.188,0.0,15.5,-2.344,1.001,1.026,0.008,6930,14.51,12.941,48,,,,,,21,,,,,,,
2026-09-28T16:35:11.199,708.202,0,1527.25,22,,98.188,0.0,9.5,-2.344,1.001,1.03,0.012,6490,14.51,12.549,48,,,,,,,78.824,,,,,,
2026-09-28T16:35:11.329,708.332,0,1527.0,21,,98.188,0.0,5.0,-1.562,1.001,1.036,0.02,6120,14.51,12.941,48,,,,,,,,532.9,,,,,
2026-09-28T16:35:11.459,708.462,0,1524.75,21,,98.156,0.0,1.5,0.0,1.001,1.041,0.023,5670,14.51,12.941,48,,,,,,,,,0.815,,,,
2026-09-28T16:35:11.589,708.592,0,1512.25,21,,97.906,0.0,-1.5,0.0,1.001,1.068,0.055,5650,14.51,12.941,48,,,,,,,,,,,0.781,,
2026-09-28T16:35:11.720,708.723,0,1505.25,22,,97.875,0.0,-2.0,0.0,1.003,1.192,0.188,7090,14.51,12.941,48,,,,,,,,,,,,12.549,
2026-09-28T16:35:11.849,708.852,0,1496.5,23,,97.875,0.0,-2.0,0.0,0.996,1.668,0.531,8700,14.51,12.941,47,,,,,,,,,,,,,744
2026-09-28T16:35:11.979,708.982,0,1483.75,23,,97.906,0.0,-2.0,0.0,1.011,2.0,0.805,9030,14.51,12.941,47,106,,,,,,,,,,,,
2026-09-28T16:35:12.109,709.112,0,1471.75,24,,97.906,0.0,-2.5,0.0,1.078,2.0,0.984,9540,14.51,12.941,46,,34,,,,,,,,,,,
2026-09-28T16:35:12.239,709.242,0,1455.25,24,,98.031,0.0,-2.5,0.0,1.147,2.0,1.078,9580,14.51,12.549,46,,,5.469,,,,,,,,,,
2026-09-28T16:35:12.371,709.374,0,1441.25,24,,98.094,0.0,-2.5,0.0,1.21,2.0,1.148,9580,14.51,12.549,46,,,,13.828,,,,,,,,,
2026-09-28T16:35:12.499,709.502,0,1424.75,23,,98.156,0.0,-2.5,0.0,1.276,2.0,1.184,9560,14.51,12.549,45,,,,,97,,,,,,,,
2026-09-28T16:35:12.629,709.632,0,1422.0,24,,98.156,0.0,-2.5,0.0,1.382,2.0,1.215,9560,14.51,12.549,45,,,,,,21,,,,,,,
2026-09-28T16:35:12.759,709.763,0,1415.5,24,,98.188,0.0,-2.5,0.0,1.484,2.0,1.234,9560,14.51,12.549,44,,,,,,,78.824,,,,,,
2026-09-28T16:35:12.890,709.893,0,1400.25,24,,98.156,0.0,-3.0,0.0,1.619,2.0,1.246,9550,14.51,12.549,44,,,,,,,,534.7,,,,,
2026-09-28T16:35:13.020,710.023,0,1389.75,24,,98.188,0.0,-3.0,0.0,1.705,2.0,1.254,9540,14.51,12.549,44,,,,,,,,,0.105,,,,
2026-09-28T16:35:13.150,710.153,0,1379.0,24,,98.188,0.0,-3.0,0.0,1.759,2.0,1.258,9530,14.51,12.549,43,,,,,,,,,,,0.781,,
2026-09-28T16:35:13.279,710.282,0,1365.0,24,,98.188,0.0,-4.0,0.0,1.78,2.0,1.262,9530,14.51,12.549,43,,,,,,,,,,,,13.333,
2026-09-28T16:35:13.409,710.412,0,1350.5,24,,98.188,0.0,-4.0,0.0,1.791,2.0,1.27,9520,14.51,12.549,42,,,,,,,,,,,,,745
2026-09-28T16:35:13.540,710.543,0,1338.75,23,,98.188,0.0,-4.0,0.0,1.796,2.0,1.27,9520,14.51,12.549,42,106,,,,,,,,,,,,
2026-09-28T16:35:13.673,710.677,0,1324.0,23,,98.188,0.0,-4.0,0.0,1.798,2.0,1.27,9520,14.51,12.549,42,,34,,,,,,,,,,,
2026-09-28T16:35:13.799,710.802,0,1298.5,24,,98.188,0.0,-4.5,0.0,1.799,2.0,1.273,9510,14.51,12.157,41,,,5.469,,,,,,,,,,
2026-09-28T16:35:13.929,710.932,0,1286.0,24,,98.188,0.0,-4.5,0.0,1.8,2.0,1.27,9510,14.51,12.157,41,,,,13.867,,,,,,,,,
2026-09-28T16:35:14.059,711.062,0,1275.0,23,,98.188,0.0,-5.0,0.0,1.8,2.0,1.27,9510,14.51,12.157,40,,,,,97,,,,,,,,
2026-09-28T16:35:14.189,711.192,0,1261.5,23,,98.188,0.0,-5.0,0.0,1.8,2.0,1.273,9500,14.51,12.157,39,,,,,,20,,,,,,,
2026-09-28T16:35:14.320,711.323,0,1242.0,24,,98.156,0.0,-5.5,0.0,1.8,2.0,1.273,9500,14.51,12.157,39,,,,,,,78.824,,,,,,
2026-09-28T16:35:14.449,711.452,0,1229.25,24,,98.156,0.0,-5.5,0.0,1.8,2.0,1.273,9490,14.51,12.157,38,,,,,,,,536.8,,,,,
2026-09-28T16:35:14.579,711.582,0,1211.25,24,,98.156,0.0,-6.0,0.0,1.8,2.0,1.273,9490,14.51,12.157,38,,,,,,,,,0.095,,,,
2026-09-28T16:35:14.709,711.712,0,1263.25,24,,98.156,0.0,-4.5,0.0,1.8,2.0,1.273,9480,14.51,12.549,37,,,,,,,,,,,0.781,,
2026-09-28T16:35:14.839,711.842,0,1336.25,24,,98.156,0.0,-4.0,0.0,1.8,2.0,1.27,9490,14.51,12.549,36,,,,,,,,,,,,12.941,
2026-09-28T16:35:14.970,711.974,0,1402.75,24,,98.156,0.0,-2.5,0.0,1.8,2.0,1.273,9480,14.51,12.549,36,,,,,,,,,,,,,747
2026-09-28T16:35:15.099,712.102,0,1477.75,24,,98.156,0.0,-2.0,0.0,1.8,2.0,1.273,9470,14.51,12.941,35,105,,,,,,,,,,,,
2026-09-28T16:35:15.230,712.233,0,1544.75,23,,98.094,0.0,-1.0,0.0,1.8,2.0,1.27,9470,14.51,12.941,34,,35,,,,,,,,,,,
2026-09-28T16:35:15.359,712.362,0,1584.75,24,,98.188,0.0,-1.0,0.0,1.8,2.0,1.273,9460,14.51,12.549,34,,,4.688,,,,,,,,,,
2026-09-28T16:35:15.489,712.493,0,1545.0,24,,98.188,0.0,-1.0,0.0,1.8,2.0,1.277,9460,14.51,12.549,33,,,,13.886,,,,,,,,,
2026-09-28T16:35:15.619,712.622,0,1520.25,23,,98.188,0.0,-1.5,0.0,1.8,2.0,1.277,9460,14.51,12.549,33,,,,,97,,,,,,,,
2026-09-28T16:35:15.749,712.752,0,1499.25,23,,98.188,0.0,-2.0,0.0,1.8,2.0,1.273,9450,14.51,12.549,32,,,,,,20,,,,,,,
2026-09-28T16:35:15.879,712.882,0,1479.0,23,,98.188,0.0,-2.5,0.0,1.8,2.0,1.273,9450,14.51,12.549,32,,,,,,,78.824,,,,,,
2026-09-28T16:35:16.009,713.012,0,1447.25,23,,98.188,0.0,-2.5,0.0,1.8,2.0,1.277,9450,14.51,12.549,31,,,,,,,,538.6,,,,,
2026-09-28T16:35:16.140,713.143,0,1424.0,23,,98.188,0.0,-2.5,0.0,1.8,2.0,1.277,9450,14.51,12.549,30,,,,,,,,,0.095,,,,
2026-09-28T16:35:16.270,713.273,0,1401.0,23,,98.188,0.0,-3.0,0.0,1.8,2.0,1.277,9450,14.51,12.549,30,,,,,,,,,,,0.781,,
2026-09-28T16:35:16.399,713.402,0,1373.5,23,,98.188,0.0,-4.0,0.0,1.8,2.0,1.277,9440,14.51,12.549,30,,,,,,,,,,,,12.941,
2026-09-28T16:35:16.529,713.532,0,1350.0,23,,98.188,0.0,-4.0,0.0,1.8,2.0,1.281,9430,14.51,12.549,29,,,,,,,,,,,,,748
2026-09-28T16:35:16.659,713.662,0,1321.0,23,,98.188,0.0,-4.0,0.0,1.8,2.0,1.277,9430,14.51,12.157,28,105,,,,,,,,,,,,
2026-09-28T16:35:16.789,713.792,0,1300.75,23,,98.188,0.0,-4.5,0.0,1.8,2.0,1.277,9430,14.51,12.157,28,,35,,,,,,,,,,,
2026-09-28T16:35:16.919,713.922,0,1271.5,24,,98.188,0.0,-5.0,0.0,1.8,2.0,1.281,9420,14.51,12.157,27,,,6.25,,,,,,,,,,
2026-09-28T16:35:17.049,714.053,0,1245.25,23,,98.188,0.0,-5.5,0.0,1.8,2.0,1.277,9420,14.51,12.157,27,,,,13.847,,,,,,,,,
2026-09-28T16:35:17.179,714.182,0,1212.75,23,,98.188,0.0,-6.0,0.0,1.8,2.0,1.277,9410,14.51,12.157,26,,,,,97,,,,,,,,
2026-09-28T16:35:17.309,714.312,0,1186.5,24,,98.188,0.0,-6.5,0.0,1.8,2.0,1.281,9410,14.51,12.157,25,,,,,,20,,,,,,,
2026-09-28T16:35:17.439,714.442,0,1155.0,24,,98.188,0.0,-7.0,0.0,1.8,2.0,1.281,9670,14.51,12.157,25,,,,,,,78.824,,,,,,
2026-09-28T16:35:17.569,714.573,0,1131.25,24,,98.188,0.0,-7.0,0.0,1.8,2.0,1.277,9660,14.51,12.157,24,,,,,,,,540.5,,,,,
2026-09-28T16:35:17.699,714.703,0,1105.75,24,,98.125,10.98,-7.5,0.0,1.845,2.0,1.277,9650,14.51,11.765,23,,,,,,,,,0.095,,,,
2026-09-28T16:35:17.829,714.832,0,1100.0,24,,97.938,11.373,-7.5,0.0,1.798,2.0,1.277,10230,14.51,11.765,23,,,,,,,,,,,0.781,,
2026-09-28T16:35:17.959,714.962,0,1102.25,23,,97.875,11.373,-7.5,0.0,1.565,2.0,1.141,9980,14.51,11.765,22,,,,,,,,,,,,14.118,
2026-09-28T16:35:18.089,715.092,0,1124.0,23,,97.906,10.98,-7.0,0.0,1.319,2.0,1.023,9540,14.51,12.549,21,,,,,,,,,,,,,750
2026-09-28T16:35:18.219,715.222,0,1160.75,22,,97.844,9.804,-6.5,0.0,1.185,1.986,0.672,9110,14.51,12.157,21,105,,,,,,,,,,,,
2026-09-28T16:35:18.349,715.352,0,1165.25,21,,97.844,9.804,-6.5,0.0,1.064,1.377,0.352,8790,14.51,12.157,20,,35,,,,,,,,,,,
2026-09-28T16:35:18.479,715.482,0,1165.25,21,,97.875,9.804,-6.5,0.0,0.995,1.148,0.141,8360,14.51,12.157,20,,,6.25,,,,,,,,,,
2026-09-28T16:35:18.609,715.612,0,1168.75,21,,97.844,9.804,-6.5,0.0,0.95,1.009,-0.012,7950,14.51,12.157,19,,,,13.789,,,,,,,,,
2026-09-28T16:35:18.739,715.742,0,1166.5,22,,97.656,9.804,-6.5,0.0,0.93,0.969,-0.098,7520,14.51,12.157,19,,,,,97,,,,,,,,
2026-09-28T16:35:18.870,715.873,0,1170.75,22,,97.656,9.804,-6.5,0.781,0.917,0.949,-0.145,7080,14.51,12.157,18,,,,,,20,,,,,,,
2026-09-28T16:35:18.999,716.002,0,1171.5,21,,97.562,9.804,-6.5,0.0,0.912,0.909,-0.238,6560,14.51,12.157,18,,,,,,,78.824,,,,,,
2026-09-28T16:35:19.129,716.133,0,1160.5,21,,97.531,9.804,-7.0,0.0,0.909,0.887,-0.301,6240,14.51,12.157,17,,,,,,,,540.2,,,,,
2026-09-28T16:35:19.260,716.263,0,1116.0,22,,97.531,10.196,-8.5,-0.781,0.908,0.883,-0.312,5830,14.51,12.157,17,,,,,,,,,0.145,,,,
2026-09-28T16:35:19.389,716.392,0,1037.25,22,,97.531,10.98,-9.5,-0.781,0.907,0.892,-0.285,5450,14.51,11.765,17,,,,,,,,,,,0.781,,
2026-09-28T16:35:19.519,716.522,0,959.0,22,,97.531,12.157,-10.0,0.0,0.906,0.907,-0.242,5140,14.51,11.765,16,,,,,,,,,,,,13.333,
2026-09-28T16:35:19.649,716.652,0,884.25,23,,97.531,12.157,-10.0,0.0,0.905,0.916,-0.219,4910,14.51,11.765,16,,,,,,,,,,,,,752
2026-09-28T16:35:19.779,716.782,0,791.25,24,,97.531,12.941,8.0,0.781,0.904,0.921,-0.207,4610,14.51,13.333,15,105,,,,,,,,,,,,
2026-09-28T16:35:19.909,716.912,0,750.5,24,,97.531,12.549,17.0,0.781,0.903,0.924,-0.203,4310,14.51,12.549,15,,35,,,,,,,,,,,
2026-09-28T16:35:20.039,717.042,0,749.25,36,,97.469,22.353,-2.5,1.562,0.902,0.936,-0.176,3900,14.51,11.765,15,,,4.688,,,,,,,,,,
2026-09-28T16:35:20.172,717.175,0,795.75,34,,97.438,20.0,-9.5,2.344,0.901,0.935,-0.176,3410,14.51,11.765,14,,,,13.828,,,,,,,,,
2026-09-28T16:35:20.299,717.302,0,811.5,31,,97.375,18.431,-6.5,1.562,0.9,0.916,-0.219,3090,14.51,11.765,14,,,,,97,,,,,,,,
2026-09-28T16:35:20.429,717.432,0,808.25,29,,97.281,16.471,-3.5,0.781,0.899,0.903,-0.254,2800,14.51,12.157,13,,,,,,20,,,,,,,
2026-09-28T16:35:20.559,717.562,0,799.0,28,,97.312,16.863,-4.5,0.781,0.898,0.896,-0.273,2830,14.51,11.765,13,,,,,,,78.824,,,,,,
2026-09-28T16:35:20.690,717.693,0,792.5,28,,97.281,16.863,2.0,0.0,0.897,0.892,-0.285,2930,14.51,11.765,12,,,,,,,,539.3,,,,,
2026-09-28T16:35:20.819,717.822,0,786.5,28,,97.312,16.471,4.0,0.0,0.896,0.885,-0.305,3000,14.51,11.765,12,,,,,,,,,0.185,,,,
2026-09-28T16:35:20.949,717.952,0,777.0,28,,97.219,16.471,3.5,0.0,0.895,0.877,-0.328,3040,14.51,12.157,11,,,,,,,,,,,0.781,,
2026-09-28T16:35:21.079,718.082,0,767.25,30,,97.219,18.431,3.5,0.0,0.894,0.871,-0.344,3110,14.51,12.157,11,,,,,,,,,,,,19.216,
2026-09-28T16:35:21.209,718.212,0,773.25,30,,97.219,18.431,0.5,-0.781,0.893,0.868,-0.355,3210,14.51,12.157,10,,,,,,,,,,,,,753
2026-09-28T16:35:21.339,718.342,0,771.5,30,,97.219,18.431,6.0,-0.781,0.892,0.864,-0.367,3330,14.51,12.549,10,105,,,,,,,,,,,,
2026-09-28T16:35:21.470,718.473,0,753.0,32,,97.219,20.392,11.0,-1.562,0.891,0.862,-0.375,3540,14.51,12.549,9,,35,,,,,,,,,,,
2026-09-28T16:35:21.599,718.602,0,753.0,34,,97.219,21.961,0.5,-1.562,0.889,0.864,-0.367,3890,14.51,12.157,9,,,4.688,,,,,,,,,,
2026-09-28T16:35:21.729,718.732,0,781.0,35,,97.219,20.784,-4.0,-1.562,0.888,0.867,-0.355,4110,14.51,12.157,8,,,,13.847,,,,,,,,,
2026-09-28T16:35:21.859,718.862,0,806.25,33,,97.219,20.392,-6.5,-0.781,0.886,0.869,-0.352,4170,14.51,12.157,8,,,,,97,,,,,,,,
2026-09-28T16:35:21.989,718.992,0,812.25,32,,97.219,19.608,-4.5,-1.562,0.885,0.868,-0.355,4090,14.51,12.157,7,,,,,,20,,,,,,,
2026-09-28T16:35:22.119,719.122,0,815.0,31,,97.219,18.824,-4.0,-1.562,0.883,0.87,-0.352,3800,14.51,12.157,7,,,,,,,78.824,,,,,,
2026-09-28T16:35:22.249,719.252,0,815.25,31,,97.219,19.216,-4.0,-1.562,0.882,0.871,-0.348,3660,14.51,12.157,6,,,,,,,,537.6,,,,,
2026-09-28T16:35:22.379,719.382,0,807.75,31,,97.219,19.216,-4.0,-1.562,0.882,0.871,-0.348,3600,14.51,12.157,6,,,,,,,,,0.2,,,,
2026-09-28T16:35:22.509,719.512,0,803.25,32,,97.219,19.608,-4.0,-1.562,0.882,0.874,-0.336,3590,14.51,12.157,5,,,,,,,,,,,0.781,,
2026-09-28T16:35:22.639,719.642,0,795.25,32,,97.219,19.608,-2.5,-1.562,0.881,0.871,-0.344,3640,14.51,12.157,5,,,,,,,,,,,,20.392,
2026-09-28T16:35:22.770,719.773,0,797.25,32,,97.219,19.608,-7.0,-1.562,0.881,0.869,-0.352,3740,14.51,11.765,4,,,,,,,,,,,,,755
2026-09-28T16:35:22.899,719.902,0,783.25,31,,97.219,18.824,1.5,-1.562,0.881,0.864,-0.367,3780,14.51,12.549,4,105,,,,,,,,,,,,
2026-09-28T16:35:23.029,720.033,0,779.5,31,,97.156,21.569,14.0,-2.344,0.881,0.858,-0.387,3850,14.51,13.333,4,,36,,,,,,,,,,,
2026-09-28T16:35:23.160,720.163,0,781.0,39,,97.156,26.667,-2.0,-3.125,0.881,0.854,-0.402,3920,14.51,12.157,3,,,4.688,,,,,,,,,,
2026-09-28T16:35:23.289,720.292,0,825.75,38,,97.219,23.529,-7.5,-3.125,0.881,0.859,-0.383,4260,14.51,11.765,3,,,,13.847,,,,,,,,,
2026-09-28T16:35:23.419,720.422,0,859.5,36,,97.219,20.392,-6.0,-2.344,0.881,0.872,-0.344,4490,14.51,12.157,3,,,,,97,,,,,,,,
2026-09-28T16:35:23.549,720.552,0,865.75,32,,97.219,19.216,-3.5,-2.344,0.88,0.869,-0.352,4450,14.51,12.549,2,,,,,,20,,,,,,,
2026-09-28T16:35:23.679,720.682,0,864.0,31,,97.219,19.216,-3.5,-3.125,0.88,0.864,-0.367,4300,14.51,12.157,2,,,,,,,78.824,,,,,,
2026-09-28T16:35:23.809,720.813,0,859.5,33,,97.219,20.0,-1.5,-3.125,0.881,0.858,-0.387,4050,14.51,12.549,2,,,,,,,,535.2,,,,,
2026-09-28T16:35:23.939,720.942,0,859.75,34,,97.219,20.784,-3.5,-3.906,0.881,0.856,-0.395,3940,14.51,12.157,2,,,,,,,,,0.215,,,,
2026-09-28T16:35:24.070,721.074,0,856.75,33,,97.219,20.0,-1.5,-3.906,0.881,0.858,-0.387,3900,14.51,12.549,1,,,,,,,,,,,0.781,,
2026-09-28T16:35:24.199,721.202,0,853.5,33,,97.219,21.176,-2.5,-3.906,0.881,0.864,-0.367,3920,14.51,12.157,1,,,,,,,,,,,,22.745,
2026-09-28T16:35:24.329,721.332,0,852.5,34,,97.219,20.784,0.0,-3.906,0.881,0.866,-0.363,4010,14.51,12.941,1,,,,,,,,,,,,,756
2026-09-28T16:35:24.459,721.462,0,853.5,35,,97.188,22.353,-4.0,-3.906,0.881,0.869,-0.352,4170,14.51,12.549,1,105,,,,,,,,,,,,
2026-09-28T16:35:24.589,721.592,0,857.75,36,,97.219,21.961,-1.0,-3.906,0.881,0.873,-0.34,4410,14.51,12.549,1,,36,,,,,,,,,,,
2026-09-28T16:35:24.719,721.722,0,857.0,36,,97.156,23.137,-2.5,-3.125,0.881,0.877,-0.328,4680,14.51,12.941,0,,,4.688,,,,,,,,,,
2026-09-28T16:35:24.849,721.852,0,855.25,37,,97.219,23.529,-5.0,-3.125,0.88,0.875,-0.336,5080,14.51,12.549,0,,,,13.769,,,,,,,,,
2026-09-28T16:35:24.979,721.982,0,849.5,37,,97.219,23.922,-5.0,-3.906,0.88,0.869,-0.352,5290,14.51,12.549,0,,,,,97,,,,,,,,
2026-09-28T16:35:25.109,722.113,0,840.0,37,,97.219,22.745,0.5,-3.906,0.88,0.864,-0.367,5360,14.51,12.549,0,,,,,,20,,,,,,,
2026-09-28T16:35:25.239,722.242,0,838.0,36,,97.188,23.529,-1.0,-4.688,0.88,0.863,-0.371,5380,14.51,12.549,0,,,,,,,78.824,,,,,,
2026-09-28T16:35:25.370,722.373,0,840.75,37,,97.219,23.529,-2.0,-4.688,0.88,0.867,-0.359,5440,14.51,12.549,0,,,,,,,,532.0,,,,,
2026-09-28T16:35:25.499,722.502,0,836.5,37,,97.219,23.529,-2.5,-3.906,0.88,0.879,-0.324,5380,14.51,12.157,0,,,,,,,,,0.225,,,,
2026-09-28T16:35:25.630,722.633,0,831.5,36,,97.219,21.961,-3.5,-3.906,0.88,0.883,-0.309,5210,14.51,12.157,0,,,,,,,,,,,0.781,,
2026-09-28T16:35:25.759,722.763,0,821.25,34,,97.219,21.176,-14.5,0.0,0.885,0.887,-0.297,4950,14.51,10.196,0,,,,,,,,,,,,15.294,
2026-09-28T16:35:25.889,722.892,0,792.5,29,,97.219,14.51,-9.0,0.0,0.868,0.915,-0.223,4960,14.51,10.196,0,,,,,,,,,,,,,758
2026-09-28T16:35:26.019,723.022,0,611.25,24,,97.219,9.02,-11.5,0.0,0.891,1.109,0.098,4970,14.51,10.196,0,105,,,,,,,,,,,,
2026-09-28T16:35:26.149,723.152,0,486.0,23,,97.219,10.98,-11.5,0.0,0.922,1.24,0.234,4970,14.51,10.196,0,,36,,,,,,,,,,,
2026-09-28T16:35:26.279,723.282,0,316.5,24,,97.219,11.765,-11.5,0.0,0.938,1.278,0.27,4970,14.51,11.765,0,,,8.594,,,,,,,,,,
2026-09-28T16:35:26.409,723.412,0,316.0,24,,97.219,14.902,-11.5,0.0,0.95,1.332,0.316,4970,14.51,13.725,0,,,,12.617,,,,,,,,,
2026-09-28T16:35:26.539,723.542,0,316.0,24,,97.219,14.902,-30.0,0.0,0.956,1.307,0.293,4970,14.51,13.333,0,,,,,97,,,,,,,,
2026-09-28T16:35:26.671,723.674,0,0.0,76,,97.125,0.0,-30.0,0.0,0.956,1.304,0.293,4970,14.51,13.333,0,,,,,,20,,,,,,,
2026-09-28T16:35:26.799,723.802,0,0.0,89,,97.219,0.0,-30.0,0.0,0.956,1.304,0.289,4980,14.51,13.333,0,,,,,,,78.824,,,,,,
2026-09-28T16:35:26.929,723.932,0,0.0,95,,97.219,0.0,-30.0,0.0,0.956,1.309,0.293,4970,14.51,13.333,0,,,,,,,,531.5,,,,,
2026-09-28T16:35:27.059,724.062,0,0.0,97,,97.219,0.0,-30.0,0.0,0.956,1.314,0.301,4980,14.51,13.333,0,,,,,,,,,0.23,,,,
2026-09-28T16:35:27.189,724.192,0,0.0,97,,97.219,0.0,-30.0,0.0,0.956,1.319,0.305,4980,14.51,13.333,0,,,,,,,,,,,0.781,,
2026-09-28T16:35:27.319,724.322,0,0.0,97,,97.219,0.0,-30.0,0.0,0.956,1.328,0.312,4980,14.51,13.333,0,,,,,,,,,,,,0.0,
2026-09-28T16:35:27.449,724.452,0,0.0,97,,97.188,0.0,-30.0,0.0,0.956,1.338,0.32,4980,14.51,13.333,0,,,,,,,,,,,,,759
2026-09-28T16:35:27.579,724.582,0,0.0,97,,97.219,0.0,-30.0,0.0,0.956,1.345,0.324,4960,14.51,13.333,0,105,,,,,,,,,,,,
2026-09-28T16:35:27.709,724.712,0,0.0,97,,97.219,0.0,-30.0,0.0,0.956,1.353,0.332,4970,14.51,13.333,0,,37,,,,,,,,,,,
2026-09-28T16:35:27.839,724.842,0,0.0,97,,97.125,0.0,-30.0,0.0,0.956,1.358,0.336,4970,14.51,13.333,0,,,8.594,,,,,,,,,,
2026-09-28T16:35:27.969,724.973,0,0.0,97,,97.188,0.0,-30.0,0.0,0.956,1.362,0.34,4980,14.51,13.333,0,,,,12.519,,,,,,,,,
2026-09-28T16:35:28.099,725.102,0,0.0,97,,97.188,0.0,-30.0,0.0,0.956,1.366,0.34,4980,14.51,13.333,0,,,,,97,,,,,,,,
2026-09-28T16:35:28.229,725.232,0,0.0,97,,97.125,0.0,-30.0,0.0,0.956,1.362,0.34,4980,14.51,13.333,0,,,,,,20,,,,,,,
2026-09-28T16:35:28.359,725.362,0,0.0,97,,97.156,0.0,-30.0,0.0,0.956,1.357,0.336,4980,14.51,13.333,0,,,,,,,78.824,,,,,,
2026-09-28T16:35:28.489,725.492,0,0.0,97,,97.188,0.0,-30.0,0.0,0.956,1.355,0.332,4970,14.51,13.333,0,,,,,,,,531.3,,,,,
2026-09-28T16:35:28.619,725.622,0,0.0,97,,97.156,0.0,-30.0,0.0,0.956,1.355,0.332,4970,14.51,13.333,0,,,,,,,,,0.225,,,,
2026-09-28T16:35:28.759,725.762,0,0.0,97,,97.125,0.0,-30.0,0.0,0.956,1.353,0.332,4970,14.51,13.333,0,,,,,,,,,,,0.781,,
2026-09-28T16:35:28.889,725.892,0,0.0,97,,97.125,0.0,-30.0,0.0,0.956,1.35,0.328,4970,14.51,13.333,0,,,,,,,,,,,,0.0,
2026-09-28T16:35:29.019,726.022,0,0.0,97,,97.156,0.0,-30.0,0.0,0.956,1.347,0.328,4970,14.51,13.333,0,,,,,,,,,,,,,761
2026-09-28T16:35:29.149,726.152,0,0.0,97,,97.125,0.0,-30.0,0.0,0.956,1.343,0.324,4970,14.51,13.333,0,105,,,,,,,,,,,,
2026-09-28T16:35:29.279,726.282,0,0.0,97,,97.188,0.0,-30.0,0.0,0.956,1.338,0.32,4960,14.51,13.333,0,,37,,,,,,,,,,,
2026-09-28T16:35:29.409,726.412,0,0.0,97,,97.125,0.0,-30.0,0.0,0.956,1.332,0.316,4970,14.51,13.333,0,,,8.594,,,,,,,,,,
2026-09-28T16:35:29.539,726.542,0,0.0,97,,97.125,0.0,-30.0,0.0,0.956,1.326,0.309,4970,14.51,13.725,0,,,,12.5,,,,,,,,,
2026-09-28T16:35:29.671,726.674,0,0.0,97,,97.188,0.0,-30.0,0.0,0.956,1.32,0.305,4970,14.51,15.686,0,,,,,97,,,,,,,,
2026-09-28T16:35:29.799,726.802,0,0.0,97,,97.188,0.0,-30.0,0.0,0.956,1.314,0.301,4960,14.51,15.686,0,,,,,,20,,,,,,,
2026-09-28T16:35:29.929,726.932,0,0.0,97,,97.156,0.0,-30.0,0.0,0.956,1.31,0.297,4960,14.51,15.686,0,,,,,,,78.824,,,,,,
2026-09-28T16:35:30.059,727.062,0,0.0,97,,97.062,0.0,-30.0,0.0,0.956,1.304,0.289,4950,14.51,15.686,0,,,,,,,,530.8,,,,,
2026-09-28T16:35:30.189,727.192,0,0.0,97,,97.156,0.0,-30.0,0.0,0.956,1.298,0.285,4970,14.51,15.686,0,,,,,,,,,0.22,,,,
2026-09-28T16:35:30.319,727.322,0,0.0,97,,97.156,0.0,-30.0,0.0,0.956,1.292,0.281,4950,14.51,15.686,0,,,,,,,,,,,0.781,,
2026-09-28T16:35:30.449,727.452,0,0.0,97,,97.156,0.0,-30.0,0.0,0.956,1.287,0.277,4950,14.51,15.686,0,,,,,,,,,,,,0.0,
2026-09-28T16:35:30.579,727.582,0,0.0,97,,97.156,0.0,-30.0,0.0,0.956,1.281,0.27,4960,14.51,15.686,0,,,,,,,,,,,,,762
2026-09-28T16:35:30.709,727.712,0,0.0,97,,97.094,0.0,-30.0,0.0,0.956,1.276,0.266,4950,14.51,15.686,0,106,,,,,,,,,,,,
2026-09-28T16:35:30.839,727.842,0,0.0,97,,97.219,0.0,-30.0,0.0,0.956,1.271,0.262,4950,14.51,15.686,0,,37,,,,,,,,,,,
2026-09-28T16:35:30.970,727.973,0,0.0,97,,97.219,0.0,-30.0,0.0,0.956,1.267,0.258,4950,14.51,15.686,0,,,8.594,,,,,,,,,,
2026-09-28T16:35:31.099,728.102,0,0.0,97,,97.156,0.0,-30.0,0.0,0.956,1.264,0.254,4950,14.51,15.686,0,,,,12.48,,,,,,,,,
2026-09-28T16:35:31.229,728.232,0,0.0,97,,97.156,0.0,-30.0,0.0,0.956,1.26,0.25,4950,14.51,15.686,0,,,,,97,,,,,,,,
2026-09-28T16:35:31.359,728.362,0,0.0,97,,97.125,0.0,-30.0,0.0,0.956,1.257,0.25,4950,14.51,15.686,0,,,,,,20,,,,,,,
2026-09-28T16:35:31.489,728.492,0,0.0,97,,97.094,0.0,-30.0,0.0,0.956,1.256,0.25,4940,14.51,15.686,0,,,,,,,78.824,,,,,,
2026-09-28T16:35:31.619,728.622,0,0.0,97,,97.062,0.0,-30.0,0.0,0.956,1.254,0.246,4940,14.51,15.686,0,,,,,,,,530.6,,,,,
2026-09-28T16:35:31.749,728.752,0,0.0,97,,97.062,0.0,-30.0,0.0,0.956,1.25,0.242,4950,14.51,15.686,0,,,,,,,,,0.22,,,,
2026-09-28T16:35:31.879,728.882,0,0.0,97,,97.125,0.0,-30.0,0.0,0.956,1.248,0.242,4950,14.51,15.686,0,,,,,,,,,,,0.781,,
2026-09-28T16:35:32.009,729.012,0,0.0,97,,97.125,0.0,-30.0,0.0,0.956,1.246,0.238,4940,14.51,15.686,0,,,,,,,,,,,,0.0,
2026-09-28T16:35:32.139,729.142,0,0.0,97,,97.125,0.0,-30.0,0.0,0.956,1.245,0.238,4940,14.51,15.686,0,,,,,,,,,,,,,764
2026-09-28T16:35:32.269,729.273,0,0.0,97,,97.062,0.0,-30.0,0.0,0.956,1.243,0.238,4940,14.51,15.686,0,106,,,,,,,,,,,,
2026-09-28T16:35:32.399,729.402,0,0.0,97,,97.094,0.0,-30.0,0.0,0.956,1.241,0.234,4940,14.51,15.686,0,,37,,,,,,,,,,,
2026-09-28T16:35:32.529,729.533,0,0.0,97,,97.188,0.0,-30.0,0.0,0.956,1.24,0.234,4940,14.51,15.686,0,,,8.594,,,,,,,,,,
2026-09-28T16:35:32.659,729.662,0,0.0,97,,97.031,0.0,-30.0,0.0,0.956,1.237,0.23,4940,14.51,15.686,0,,,,12.441,,,,,,,,,
2026-09-28T16:35:32.789,729.792,0,0.0,97,,97.156,0.0,-30.0,0.0,0.956,1.234,0.227,4940,14.51,15.686,0,,,,,97,,,,,,,,
2026-09-28T16:35:32.919,729.922,0,0.0,97,,97.062,0.0,-30.0,0.0,0.956,1.231,0.227,4940,14.51,15.686,0,,,,,,20,,,,,,,
2026-09-28T16:35:33.049,730.052,0,0.0,97,,97.188,0.0,-30.0,0.0,0.956,1.229,0.223,4940,14.51,15.686,0,,,,,,,78.824,,,,,,
2026-09-28T16:35:33.179,730.182,0,0.0,97,,97.094,0.0,-30.0,0.0,0.956,1.228,0.223,4940,14.51,15.686,0,,,,,,,,530.1,,,,,
2026-09-28T16:35:33.309,730.312,0,0.0,97,,97.125,0.0,-30.0,0.0,0.956,1.225,0.219,4930,14.51,15.686,0,,,,,,,,,0.22,,,,
2026-09-28T16:35:33.439,730.442,0,0.0,97,,97.062,0.0,-30.0,0.0,0.956,1.22,0.215,4940,14.51,15.686,0,,,,,,,,,,,0.781,,
2026-09-28T16:35:33.570,730.573,0,0.0,97,,97.156,0.0,-30.0,0.0,0.956,1.218,0.211,4930,14.51,15.686,0,,,,,,,,,,,,0.0,
2026-09-28T16:35:33.699,730.702,0,0.0,97,,97.094,0.0,-30.0,0.0,0.956,1.214,0.207,4940,14.51,15.686,0,,,,,,,,,,,,,766
2026-09-28T16:35:33.829,730.832,0,0.0,97,,97.094,0.0,-30.0,0.0,0.956,1.211,0.207,4940,14.51,15.686,0,106,,,,,,,,,,,,
2026-09-28T16:35:33.959,730.962,0,0.0,97,,97.125,0.0,-30.0,0.0,0.956,1.208,0.203,4930,14.51,15.686,0,,37,,,,,,,,,,,
2026-09-28T16:35:34.089,731.092,0,0.0,97,,97.156,0.0,-30.0,0.0,0.956,1.205,0.199,4920,14.51,15.686,0,,,8.594,,,,,,,,,,
2026-09-28T16:35:34.219,731.222,0,0.0,97,,97.062,0.0,-30.0,0.0,0.956,1.204,0.199,4930,14.51,15.686,0,,,,12.46,,,,,,,,,
2026-09-28T16:35:34.349,731.352,0,0.0,97,,97.094,0.0,-30.0,0.0,0.956,1.202,0.195,4920,14.51,15.686,0,,,,,97,,,,,,,,
2026-09-28T16:35:34.479,731.482,0,0.0,97,,97.125,0.0,-30.0,0.0,0.956,1.202,0.195,4930,14.51,15.686,0,,,,,,20,,,,,,,
2026-09-28T16:35:34.609,731.612,0,0.0,97,,97.062,0.0,-30.0,0.0,0.956,1.2,0.195,4920,14.51,15.686,0,,,,,,,78.824,,,,,,
2026-09-28T16:35:34.739,731.742,0,0.0,97,,97.094,0.0,-30.0,0.0,0.956,1.197,0.191,4910,14.51,15.686,0,,,,,,,,529.7,,,,,
2026-09-28T16:35:34.869,731.873,0,0.0,97,,97.094,0.0,-30.0,0.0,0.956,1.195,0.191,4920,14.51,15.686,0,,,,,,,,,0.22,,,,
2026-09-28T16:35:34.999,732.002,0,0.0,97,,97.062,0.0,-30.0,0.0,0.956,1.194,0.188,4910,14.51,15.686,0,,,,,,,,,,,0.781,,
2026-09-28T16:35:35.129,732.133,0,0.0,97,,97.062,0.0,-30.0,0.0,0.956,1.191,0.188,4910,14.51,15.686,0,,,,,,,,,,,,0.0,
2026-09-28T16:35:35.259,732.262,0,0.0,97,,97.125,0.0,-30.0,0.0,0.956,1.188,0.184,4910,14.51,15.686,0,,,,,,,,,,,,,767
2026-09-28T16:35:35.389,732.392,0,0.0,97,,97.094,0.0,-30.0,0.0,0.956,1.187,0.18,4900,14.51,15.686,0,106,,,,,,,,,,,,
2026-09-28T16:35:35.519,732.522,0,0.0,97,,97.062,0.0,-30.0,0.0,0.956,1.185,0.18,4910,14.51,15.686,0,,37,,,,,,,,,,,
2026-09-28T16:35:35.649,732.652,0,0.0,97,,97.062,0.0,-30.0,0.0,0.956,1.184,0.18,4910,14.51,15.686,0,,,8.594,,,,,,,,,,
2026-09-28T16:35:35.779,732.782,0,0.0,97,,97.062,0.0,-30.0,0.0,0.956,1.184,0.176,4910,14.51,15.686,0,,,,12.421,,,,,,,,,
2026-09-28T16:35:35.909,732.912,0,0.0,97,,97.062,0.0,-30.0,0.0,0.956,1.182,0.176,4910,14.51,15.686,0,,,,,97,,,,,,,,
2026-09-28T16:35:36.039,733.042,0,0.0,97,,97.0,0.0,-30.0,0.0,0.956,1.182,0.176,4910,14.51,15.686,0,,,,,,20,,,,,,,
2026-09-28T16:35:36.171,733.174,0,0.0,97,,97.062,0.0,-30.0,0.0,0.956,1.181,0.176,4910,14.51,15.686,0,,,,,,,78.824,,,,,,
2026-09-28T16:35:36.299,733.302,0,0.0,97,,97.094,0.0,-30.0,0.0,0.956,1.18,0.176,4910,14.51,15.686,0,,,,,,,,529.5,,,,,
2026-09-28T16:35:36.429,733.432,0,0.0,97,,97.062,0.0,-30.0,0.0,0.956,1.179,0.172,4900,14.51,15.686,0,,,,,,,,,0.22,,,,
2026-09-28T16:35:36.559,733.562,0,0.0,97,,97.0,0.0,-30.0,0.0,0.956,1.178,0.172,4900,14.51,15.686,0,,,,,,,,,,,0.781,,
2026-09-28T16:35:36.689,733.692,0,0.0,97,,97.125,0.0,-30.0,0.0,0.956,1.178,0.172,4900,14.51,15.686,0,,,,,,,,,,,,0.0,
2026-09-28T16:35:36.819,733.822,0,0.0,97,,97.094,0.0,-30.0,0.0,0.956,1.175,0.168,4900,14.51,15.686,0,,,,,,,,,,,,,769
2026-09-28T16:35:36.949,733.952,0,0.0,97,,97.062,0.0,-30.0,0.0,0.956,1.175,0.168,4890,14.51,15.686,0,106,,,,,,,,,,,,
2026-09-28T16:35:37.079,734.082,0,0.0,97,,97.062,0.0,-30.0,0.0,0.956,1.174,0.168,4900,14.51,15.686,0,,37,,,,,,,,,,,
2026-09-28T16:35:37.209,734.212,0,0.0,97,,97.156,0.0,-30.0,0.0,0.956,1.173,0.168,4890,14.51,15.686,0,,,8.594,,,,,,,,,,
2026-09-28T16:35:37.339,734.342,0,0.0,97,,97.156,0.0,-30.0,0.0,0.956,1.171,0.164,4890,14.51,15.686,0,,,,12.421,,,,,,,,,
2026-09-28T16:35:37.469,734.472,0,0.0,97,,97.125,0.0,-30.0,0.0,0.956,1.171,0.164,4880,14.51,15.686,0,,,,,97,,,,,,,,
2026-09-28T16:35:37.599,734.602,0,0.0,97,,97.062,0.0,-30.0,0.0,0.956,1.171,0.164,4890,14.51,15.686,0,,,,,,20,,,,,,,
2026-09-28T16:35:37.729,734.732,0,0.0,97,,97.156,0.0,-30.0,0.0,0.956,1.17,0.164,4880,14.51,15.686,0,,,,,,,78.824,,,,,,
2026-09-28T16:35:37.859,734.862,0,0.0,97,,97.062,0.0,-30.0,0.0,0.956,1.169,0.164,4880,14.51,15.686,0,,,,,,,,529.0,,,,,
2026-09-28T16:35:37.989,734.992,0,0.0,97,,97.125,0.0,-30.0,0.0,0.956,1.168,0.16,4890,14.51,15.686,0,,,,,,,,,0.215,,,,
2026-09-28T16:35:38.119,735.122,0,0.0,97,,97.062,0.0,-30.0,0.0,0.956,1.168,0.16,4880,14.51,15.686,0,,,,,,,,,,,0.781,,
2026-09-28T16:35:38.249,735.252,0,0.0,97,,97.156,0.0,-30.0,0.0,0.956,1.169,0.164,4880,14.51,15.686,0,,,,,,,,,,,,0.0,
2026-09-28T16:35:38.379,735.382,0,0.0,97,,97.094,0.0,-30.0,0.0,0.956,1.167,0.16,4880,14.51,15.686,0,,,,,,,,,,,,,770
2026-09-28T16:35:38.509,735.512,0,0.0,97,,97.094,0.0,-30.0,0.0,0.956,1.167,0.16,4870,14.51,15.686,0,106,,,,,,,,,,,,
2026-09-28T16:35:38.639,735.642,0,0.0,97,,97.125,0.0,-30.0,0.0,0.956,1.167,0.16,4880,14.51,15.686,0,,37,,,,,,,,,,,
2026-09-28T16:35:38.769,735.772,0,0.0,97,,97.125,0.0,-30.0,0.0,0.956,1.169,0.164,4880,14.51,15.686,0,,,8.594,,,,,,,,,,
2026-09-28T16:35:38.899,735.902,0,0.0,97,,97.094,0.0,-30.0,0.0,0.956,1.17,0.164,4870,14.51,15.686,0,,,,12.441,,,,,,,,,
2026-09-28T16:35:39.029,736.032,0,0.0,97,,97.062,0.0,-30.0,0.0,0.956,1.17,0.164,4880,14.51,15.686,0,,,,,97,,,,,,,,
2026-09-28T16:35:39.159,736.162,0,0.0,97,,97.062,0.0,-30.0,0.0,0.956,1.172,0.164,4870,14.51,15.686,0,,,,,,20,,,,,,,
2026-09-28T16:35:39.289,736.292,0,0.0,97,,97.125,0.0,-30.0,0.0,0.956,1.174,0.168,4860,14.51,15.686,0,,,,,,,78.824,,,,,,
2026-09-28T16:35:39.419,736.422,0,0.0,97,,97.156,0.0,-30.0,0.0,0.956,1.174,0.168,4870,14.51,15.686,0,,,,,,,,528.8,,,,,
2026-09-28T16:35:39.549,736.552,0,0.0,97,,97.062,0.0,-30.0,0.0,0.956,1.176,0.172,4860,14.51,15.686,0,,,,,,,,,0.215,,,,
2026-09-28T16:35:39.679,736.682,0,0.0,97,,97.094,0.0,-30.0,0.0,0.956,1.178,0.172,4860,14.51,15.686,0,,,,,,,,,,,0.781,,
2026-09-28T16:35:39.809,736.812,0,0.0,97,,97.125,0.0,-30.0,0.0,0.956,1.179,0.172,4870,14.51,15.686,0,,,,,,,,,,,,0.0,
2026-09-28T16:35:39.939,736.942,0,0.0,97,,97.062,0.0,-30.0,0.0,0.956,1.18,0.176,4870,14.51,15.686,0,,,,,,,,,,,,,772
2026-09-28T16:35:40.069,737.073,0,0.0,97,,97.188,0.0,-30.0,0.0,0.956,1.182,0.176,4860,14.51,12.941,0,105,,,,,,,,,,,,
2026-09-28T16:35:40.199,737.202,0,113.75,97,,97.031,61.569,-30.0,0.0,0.956,1.188,0.184,6170,14.51,12.549,0,,37,,,,,,,,,,,
2026-09-28T16:35:40.329,737.333,0,356.75,94,,97.0,64.314,-16.0,0.0,0.956,1.437,0.395,9090,14.51,12.549,0,,,8.594,,,,,,,,,,
2026-09-28T16:35:40.459,737.462,0,506.0,86,,97.0,69.804,-20.5,0.0,0.956,1.203,0.199,10560,14.902,12.157,0,,,,12.109,,,,,,,,,
2026-09-28T16:35:40.590,737.593,0,881.25,78,,96.938,46.275,-21.0,0.0,0.98,0.952,-0.137,11210,20.392,11.373,0,,,,,97,,,,,,,,
2026-09-28T16:35:40.719,737.722,0,1047.0,64,,97.219,27.059,-14.0,0.0,0.982,0.825,-0.496,12350,25.49,14.118,0,,,,,,20,,,,,,,
2026-09-28T16:35:40.850,737.853,0,1053.5,50,,97.188,27.843,3.5,0.0,0.944,0.777,-0.676,11750,26.667,15.294,0,,,,,,,78.824,,,,,,
2026-09-28T16:35:40.979,737.982,0,1023.75,52,,97.062,30.196,9.5,0.0,0.922,0.808,-0.559,10820,30.98,16.471,1,,,,,,,,526.5,,,,,
2026-09-28T16:35:41.109,738.112,0,974.75,57,,96.938,35.294,8.0,0.0,0.904,0.83,-0.48,11070,34.902,39.608,1,,,,,,,,,0.27,,,,
2026-09-28T16:35:41.239,738.242,0,1114.0,98,,95.938,60.784,7.5,0.0,0.892,0.869,-0.352,12080,36.078,43.529,2,,,,,,,,,,,0.781,,
2026-09-28T16:35:41.369,738.373,0,1393.5,96,,96.156,45.49,9.0,0.781,0.886,0.893,-0.281,13730,35.686,47.059,3,,,,,,,,,,,,71.373,
2026-09-28T16:35:41.499,738.502,0,1552.5,96,,96.344,39.216,9.5,1.562,0.897,0.931,-0.188,15480,35.686,49.02,5,,,,,,,,,,,,,773
2026-09-28T16:35:41.629,738.632,0,1603.25,97,,97.969,36.078,8.5,2.344,0.911,0.939,-0.168,18010,35.686,35.686,6,105,,,,,,,,,,,,
2026-09-28T16:35:41.759,738.762,0,1628.25,97,,99.656,36.471,5.0,2.344,0.912,0.934,-0.18,18020,35.686,29.804,8,,36,,,,,,,,,,,
2026-09-28T16:35:41.890,738.893,0,1642.25,96,,101.281,36.078,9.0,1.562,0.971,0.981,-0.07,17710,35.686,29.804,9,,,0.0,,,,,,,,,,
2026-09-28T16:35:42.019,739.022,0,1647.0,97,,103.094,35.294,9.5,1.562,0.996,1.001,-0.02,17480,35.686,29.412,11,,,,12.265,,,,,,,,,
2026-09-28T16:35:42.149,739.153,0,1658.5,100,,105.656,34.902,9.5,1.562,1.007,0.998,-0.023,17520,35.686,29.02,12,,,,,97,,,,,,,,
2026-09-28T16:35:42.279,739.282,0,1693.75,100,,106.844,34.902,7.0,3.125,1.007,1.034,0.016,16980,35.686,28.235,14,,,,,,20,,,,,,,
2026-09-28T16:35:42.409,739.412,0,1747.5,100,,108.219,34.118,10.0,2.344,1.004,1.002,-0.02,16870,35.686,27.059,15,,,,,,,78.824,,,,,,
2026-09-28T16:35:42.540,739.543,0,1836.25,98,,110.375,31.765,11.0,1.562,1.002,0.989,-0.047,17070,35.686,27.059,16,,,,,,,,516.3,,,,,
2026-09-28T16:35:42.672,739.675,0,1997.5,98,,111.281,32.157,12.0,1.562,1.001,0.996,-0.027,16550,35.686,27.059,17,,,,,,,,,0.85,,,,
2026-09-28T16:35:42.799,739.802,0,2124.0,98,,112.406,32.941,12.0,1.562,1.0,0.983,-0.062,16500,35.686,27.059,18,,,,,,,,,,,0.781,,
2026-09-28T16:35:42.929,739.932,0,2222.0,98,,115.219,32.157,12.5,0.781,1.0,0.993,-0.039,16530,36.078,27.059,19,,,,,,,,,,,,69.804,
2026-09-28T16:35:43.059,740.063,0,2337.5,99,,116.531,32.941,12.0,1.562,1.0,1.0,-0.02,16540,36.078,27.059,20,,,,,,,,,,,,,775
2026-09-28T16:35:43.190,740.193,0,2419.5,99,,117.875,34.902,12.0,1.562,1.0,1.021,0.0,16720,36.078,28.235,21,104,,,,,,,,,,,,
2026-09-28T16:35:43.320,740.323,0,2315.75,97,,115.562,34.51,-21.5,2.344,1.0,1.011,-0.008,16930,36.078,25.882,21,,34,,,,,,,,,,,
2026-09-28T16:35:43.449,740.452,0,1940.0,96,,113.719,32.941,-8.0,2.344,1.0,1.007,-0.012,17010,36.078,26.275,22,,,0.0,,,,,,,,,,
2026-09-28T16:35:43.579,740.582,0,1897.25,96,,111.906,32.941,-4.0,2.344,1.0,1.006,-0.016,17090,36.078,26.667,23,,,,12.773,,,,,,,,,
2026-09-28T16:35:43.709,740.712,0,1828.25,98,,111.188,34.118,7.0,1.562,1.0,0.979,-0.074,17160,36.078,27.059,24,,,,,97,,,,,,,,
2026-09-28T16:35:43.840,740.843,0,1788.0,100,,113.344,33.725,9.5,1.562,1.001,0.997,-0.027,16970,36.078,26.667,25,,,,,,20,,,,,,,
2026-09-28T16:35:43.970,740.974,0,1853.0,100,,114.375,33.333,11.0,3.125,1.002,1.021,0.0,16640,36.078,26.275,25,,,,,,,78.824,,,,,,
2026-09-28T16:35:44.099,741.102,0,1888.75,100,,115.375,32.549,11.0,2.344,1.004,0.999,-0.023,16680,36.078,26.275,26,,,,,,,,517.2,,,,,
2026-09-28T16:35:44.230,741.233,0,1964.25,100,,116.875,33.725,11.0,2.344,1.004,0.998,-0.027,16850,36.078,25.882,27,,,,,,,,,0.825,,,,
2026-09-28T16:35:44.359,741.362,0,1988.75,99,,117.688,33.725,11.0,1.562,1.004,0.997,-0.027,17100,36.078,25.882,28,,,,,,,,,,,0.781,,
2026-09-28T16:35:44.489,741.492,0,2043.0,99,,118.219,34.118,11.0,1.562,1.003,0.994,-0.035,17130,35.686,25.882,28,,,,,,,,,,,,74.51,
2026-09-28T16:35:44.619,741.622,0,2052.5,99,,118.906,33.725,-22.5,1.562,1.003,0.994,-0.035,16900,35.686,25.098,29,,,,,,,,,,,,,776
2026-09-28T16:35:44.749,741.752,0,1783.25,101,,121.344,33.333,-9.5,1.562,1.003,1.018,-0.004,17020,35.686,23.137,29,105,,,,,,,,,,,,
2026-09-28T16:35:44.879,741.882,0,1626.75,100,,122.875,34.902,-3.0,3.906,1.004,1.035,0.016,17050,35.686,23.137,30,,33,,,,,,,,,,,
2026-09-28T16:35:45.009,742.012,0,1598.75,100,,122.406,36.078,0.5,2.344,1.005,0.989,-0.047,17190,35.686,23.529,30,,,0.781,,,,,,,,,,
2026-09-28T16:35:45.139,742.142,0,1552.5,101,,120.75,40.0,5.0,0.781,1.004,0.979,-0.074,17560,35.686,23.529,31,,,,14.335,,,,,,,,,
2026-09-28T16:35:45.270,742.273,0,1491.75,101,,119.844,41.961,7.5,0.781,1.004,0.984,-0.062,17670,36.078,22.745,32,,,,,97,,,,,,,,
2026-09-28T16:35:45.399,742.402,0,1457.75,100,,118.906,44.706,8.0,0.781,1.004,0.98,-0.07,17200,35.686,23.529,32,,,,,,20,,,,,,,
2026-09-28T16:35:45.530,742.533,0,1499.5,100,,117.25,40.784,8.0,0.0,1.003,0.982,-0.062,17020,35.294,23.529,32,,,,,,,78.824,,,,,,
2026-09-28T16:35:45.659,742.662,0,1515.75,99,,116.25,41.176,8.0,0.0,1.003,0.987,-0.055,17080,35.294,23.922,33,,,,,,,,520.4,,,,,
2026-09-28T16:35:45.789,742.792,0,1542.0,99,,115.75,39.216,8.0,0.0,1.004,0.991,-0.043,17080,34.902,23.922,34,,,,,,,,,0.81,,,,
2026-09-28T16:35:45.919,742.922,0,1572.5,99,,115.406,35.686,9.0,0.0,1.004,0.994,-0.035,16910,34.118,22.745,34,,,,,,,,,,,0.781,,
2026-09-28T16:35:46.049,743.052,0,1591.5,96,,115.312,34.118,10.0,0.0,1.004,0.999,-0.023,16500,32.157,21.176,35,,,,,,,,,,,,65.098,
2026-09-28T16:35:46.179,743.182,0,1597.75,94,,115.375,31.373,11.5,0.0,1.004,1.001,-0.02,16040,31.373,20.784,35,,,,,,,,,,,,,778
2026-09-28T16:35:46.309,743.312,0,1616.5,88,,112.906,26.275,12.5,0.0,1.003,1.002,-0.02,15610,31.765,21.569,35,105,,,,,,,,,,,,
2026-09-28T16:35:46.439,743.443,0,1652.25,89,,107.75,27.451,13.5,0.0,1.003,0.997,-0.027,15820,31.373,22.745,36,,32,,,,,,,,,,,
2026-09-28T16:35:46.570,743.573,0,1679.75,90,,106.688,27.451,13.5,0.0,1.003,0.995,-0.031,15400,31.373,22.745,36,,,0.781,,,,,,,,,,
2026-09-28T16:35:46.699,743.702,0,1702.5,89,,106.188,27.059,14.0,0.0,1.003,1.013,-0.008,15560,31.765,22.353,36,,,,14.453,,,,,,,,,
2026-09-28T16:35:46.829,743.832,0,1711.5,87,,105.375,26.275,14.0,0.0,1.003,1.01,-0.012,16150,31.765,23.529,37,,,,,97,,,,,,,,
2026-09-28T16:35:46.960,743.963,0,1706.5,89,,104.906,27.059,14.0,0.0,1.003,0.993,-0.035,15530,32.157,23.529,37,,,,,,20,,,,,,,
2026-09-28T16:35:47.089,744.093,0,1721.0,89,,104.656,27.059,14.0,0.0,1.003,1.006,-0.016,15510,32.157,23.137,37,,,,,,,78.824,,,,,,
2026-09-28T16:35:47.220,744.223,0,1725.75,88,,104.719,26.667,14.0,0.0,1.003,0.998,-0.027,15850,32.157,23.922,37,,,,,,,,520.3,,,,,
2026-09-28T16:35:47.349,744.353,0,1745.5,89,,104.188,27.059,14.0,0.0,1.002,0.995,-0.031,15930,32.157,23.922,38,,,,,,,,,0.805,,,,
2026-09-28T16:35:47.479,744.482,0,1759.0,90,,104.188,27.059,14.0,0.0,1.002,1.0,-0.02,15850,32.157,24.706,38,,,,,,,,,,,0.781,,
2026-09-28T16:35:47.610,744.613,0,1771.25,90,,104.156,26.667,14.0,0.0,1.002,1.002,-0.02,15750,32.157,24.706,38,,,,,,,,,,,,60.0,
2026-09-28T16:35:47.739,744.743,0,1782.25,92,,107.625,27.843,-15.0,0.0,1.002,1.021,0.0,15860,32.157,23.137,39,,,,,,,,,,,,,780
2026-09-28T16:35:47.871,744.874,0,1604.75,91,,108.656,27.451,-7.0,0.781,1.002,1.02,0.0,16220,32.157,21.961,39,107,,,,,,,,,,,,
2026-09-28T16:35:47.999,745.002,0,1494.75,91,,109.781,31.765,-4.0,1.562,1.002,1.025,0.004,16310,32.157,21.176,39,,32,,,,,,,,,,,
2026-09-28T16:35:48.129,745.133,0,1448.5,91,,110.188,36.078,-1.0,1.562,1.003,1.025,0.004,16160,32.549,20.784,39,,,0.781,,,,,,,,,,
2026-09-28T16:35:48.259,745.262,0,1401.75,90,,110.094,36.863,0.5,1.562,1.003,1.011,-0.008,16090,32.549,20.392,40,,,,14.199,,,,,,,,,
2026-09-28T16:35:48.389,745.392,0,1347.25,90,,110.062,38.431,5.0,0.781,1.003,0.998,-0.027,16060,32.549,20.0,41,,,,,97,,,,,,,,
2026-09-28T16:35:48.520,745.523,0,1314.0,90,,109.719,40.784,6.0,0.781,1.003,0.994,-0.035,15970,32.157,20.0,41,,,,,,20,,,,,,,
2026-09-28T16:35:48.649,745.652,0,1312.75,88,,108.969,40.784,5.5,0.781,1.003,0.992,-0.039,15920,31.373,19.216,41,,,,,,,78.824,,,,,,
2026-09-28T16:35:48.779,745.782,0,1326.75,87,,108.812,38.431,12.0,0.0,1.003,0.982,-0.066,15760,30.98,18.824,42,,,,,,,,520.3,,,,,
2026-09-28T16:35:48.909,745.912,0,1339.0,87,,108.469,38.039,12.5,0.0,1.003,0.978,-0.078,15500,30.588,18.039,42,,,,,,,,,0.795,,,,
2026-09-28T16:35:49.039,746.042,0,1354.0,81,,107.906,33.725,12.5,0.0,1.002,0.985,-0.059,15220,30.196,17.647,43,,,,,,,,,,,0.781,,
2026-09-28T16:35:49.171,746.175,0,1365.25,78,,107.594,32.157,13.5,0.0,1.002,0.986,-0.055,14940,27.843,16.078,43,,,,,,,,,,,,46.275,
2026-09-28T16:35:49.299,746.303,0,1377.5,74,,107.188,29.02,13.5,-0.781,1.002,0.977,-0.082,14660,19.608,12.549,43,,,,,,,,,,,,,781
2026-09-28T16:35:49.430,746.433,0,1372.0,63,,104.312,0.0,11.5,-0.781,1.002,0.978,-0.078,14160,14.51,12.549,44,107,,,,,,,,,,,,
2026-09-28T16:35:49.560,746.563,0,1378.5,34,,103.562,0.0,17.0,-1.562,1.002,0.979,-0.074,13810,14.51,12.157,44,,31,,,,,,,,,,,
2026-09-28T16:35:49.690,746.693,0,1370.75,27,,102.812,0.0,24.5,-0.781,1.002,1.034,0.016,13510,14.51,12.549,44,,,5.469,,,,,,,,,,
2026-09-28T16:35:49.819,746.822,0,1394.5,23,,102.031,0.0,29.0,1.562,1.003,1.07,0.059,13060,14.51,12.549,44,,,,14.316,,,,,,,,,
2026-09-28T16:35:49.949,746.952,0,1398.75,22,,101.0,0.0,30.0,1.562,1.003,1.041,0.023,12620,14.51,12.549,44,,,,,97,,,,,,,,
2026-09-28T16:35:50.079,747.082,0,1407.0,22,,100.5,0.0,31.0,0.0,1.004,1.008,-0.012,12200,15.294,12.549,45,,,,,,20,,,,,,,
2026-09-28T16:35:50.209,747.212,0,1414.5,21,,100.125,0.0,24.5,0.0,1.005,0.994,-0.035,11770,15.686,12.549,45,,,,,,,78.824,,,,,,
2026-09-28T16:35:50.339,747.342,0,1423.75,21,,99.562,0.0,17.0,0.0,1.005,0.994,-0.035,11370,16.863,12.549,45,,,,,,,,521.3,,,,,
2026-09-28T16:35:50.470,747.473,0,1424.5,21,,99.438,0.0,10.5,0.0,1.005,0.999,-0.023,10890,17.255,12.549,45,,,,,,,,,0.795,,,,
2026-09-28T16:35:50.600,747.603,0,1420.25,21,,99.156,0.0,5.5,0.0,1.005,1.004,-0.016,10500,17.647,12.549,45,,,,,,,,,,,0.781,,
2026-09-28T16:35:50.729,747.732,0,1423.25,21,,98.812,0.0,1.5,0.0,1.002,1.015,-0.004,10100,17.647,12.549,45,,,,,,,,,,,,12.157,
2026-09-28T16:35:50.859,747.862,0,1423.0,21,,98.906,0.0,-2.5,0.0,1.011,1.032,0.012,9780,18.431,12.549,45,,,,,,,,,,,,,783
2026-09-28T16:35:50.989,747.993,0,1414.25,21,,99.188,0.0,-2.5,0.0,1.056,1.142,0.133,9620,18.824,12.549,45,107,,,,,,,,,,,,
2026-09-28T16:35:51.119,748.122,0,1419.75,21,,98.875,7.451,-2.5,0.0,1.036,1.527,0.453,9480,19.608,12.549,45,,31,,,,,,,,,,,
2026-09-28T16:35:51.250,748.253,0,1458.5,22,,98.812,7.451,3.5,0.0,1.028,1.553,0.469,8900,19.608,12.549,46,,,5.469,,,,,,,,,,
2026-09-28T16:35:51.379,748.382,0,1449.5,22,,98.812,7.059,5.0,0.0,1.011,1.167,0.16,8460,20.0,12.549,46,,,,14.355,,,,,,,,,
2026-09-28T16:35:51.509,748.513,0,1454.25,22,,98.719,7.059,9.0,0.0,0.962,1.024,0.004,7960,20.0,12.941,46,,,,,97,,,,,,,,
2026-09-28T16:35:51.639,748.642,0,1457.0,22,,98.5,7.451,11.0,0.0,0.933,0.929,-0.191,7340,20.0,12.549,46,,,,,,20,,,,,,,
2026-09-28T16:35:51.769,748.773,0,1462.75,22,,98.5,7.059,12.0,0.0,0.916,0.879,-0.324,6900,20.392,12.549,46,,,,,,,78.824,,,,,,
2026-09-28T16:35:51.899,748.902,0,1472.5,22,,98.5,7.059,13.5,0.0,0.91,0.847,-0.426,6660,20.0,12.549,46,,,,,,,,522.5,,,,,
2026-09-28T16:35:52.030,749.033,0,1476.75,22,,98.438,7.059,9.0,0.0,0.905,0.835,-0.465,6110,14.51,12.549,47,,,,,,,,,0.795,,,,
2026-09-28T16:35:52.159,749.162,0,1477.5,22,,98.188,0.0,5.0,0.0,0.897,0.833,-0.469,5940,14.51,12.549,47,,,,,,,,,,,0.781,,
2026-09-28T16:35:52.289,749.292,0,1475.75,22,,98.219,0.0,1.0,0.0,0.896,0.84,-0.445,5600,14.51,12.549,47,,,,,,,,,,,,12.549,
2026-09-28T16:35:52.419,749.422,0,1479.0,22,,98.188,0.0,-2.0,0.0,0.874,0.853,-0.406,6160,14.51,12.549,47,,,,,,,,,,,,,784
2026-09-28T16:35:52.549,749.552,0,1486.0,22,,98.188,0.0,-2.0,0.0,0.918,0.945,-0.152,7570,14.51,12.549,47,106,,,,,,,,,,,,
2026-09-28T16:35:52.679,749.683,0,1466.0,22,,98.188,0.0,-2.5,0.0,0.957,1.242,0.234,9340,14.902,12.549,47,,32,,,,,,,,,,,
2026-09-28T16:35:52.809,749.812,0,1471.75,23,,98.188,0.0,-2.0,0.0,0.983,1.889,0.633,9860,14.902,12.549,47,,,5.469,,,,,,,,,,
2026-09-28T16:35:52.939,749.942,0,1476.25,24,,98.188,0.0,-2.0,0.0,1.03,2.0,0.852,9850,14.902,12.549,47,,,,14.375,,,,,,,,,
2026-09-28T16:35:53.069,750.072,0,1486.5,24,,98.188,0.0,-2.0,0.0,1.113,2.0,0.988,9850,14.902,12.549,47,,,,,97,,,,,,,,
2026-09-28T16:35:53.199,750.202,0,1488.75,24,,98.188,0.0,-2.0,0.0,1.176,2.0,1.09,9840,15.294,12.549,47,,,,,,20,,,,,,,
2026-09-28T16:35:53.329,750.332,0,1486.5,23,,98.188,0.0,-2.0,0.0,1.244,2.0,1.156,9830,15.294,12.549,47,,,,,,,78.824,,,,,,
2026-09-28T16:35:53.459,750.462,0,1486.25,24,,98.188,0.0,-2.0,0.0,1.324,2.0,1.191,9840,15.294,12.549,47,,,,,,,,524.5,,,,,
2026-09-28T16:35:53.590,750.593,0,1481.25,24,,98.188,0.0,-2.0,0.0,1.439,2.0,1.219,9830,15.294,12.549,47,,,,,,,,,0.8,,,,
2026-09-28T16:35:53.719,750.722,0,1482.0,23,,98.188,0.0,-2.0,0.0,1.554,2.0,1.234,9830,15.686,12.549,47,,,,,,,,,,,0.781,,
2026-09-28T16:35:53.849,750.852,0,1490.75,23,,98.188,0.0,-2.0,0.0,1.681,2.0,1.246,9830,15.686,12.549,47,,,,,,,,,,,,12.941,
2026-09-28T16:35:53.979,750.982,0,1491.0,23,,98.25,0.0,-2.0,0.0,1.743,2.0,1.25,9820,15.686,12.549,47,,,,,,,,,,,,,786
2026-09-28T16:35:54.109,751.112,0,1484.75,23,,98.281,0.0,-2.0,0.0,1.777,2.0,1.258,9820,15.686,12.549,47,104,,,,,,,,,,,,
2026-09-28T16:35:54.239,751.242,0,1481.25,23,,98.344,0.0,-2.0,0.0,1.789,2.0,1.258,9810,15.686,12.549,47,,33,,,,,,,,,,,
2026-09-28T16:35:54.369,751.373,0,1481.5,23,,98.281,0.0,-2.0,0.0,1.796,2.0,1.262,9820,15.686,12.549,47,,,5.469,,,,,,,,,,
2026-09-28T16:35:54.499,751.503,0,1485.0,23,,98.375,0.0,-2.0,0.0,1.798,2.0,1.266,9800,15.686,12.549,47,,,,14.433,,,,,,,,,
2026-09-28T16:35:54.630,751.633,0,1488.5,23,,98.375,0.0,-2.0,0.0,1.799,2.0,1.266,9800,15.686,12.549,47,,,,,97,,,,,,,,
2026-09-28T16:35:54.759,751.763,0,1485.75,23,,98.438,0.0,-2.0,0.0,1.8,2.0,1.27,9800,16.863,12.549,47,,,,,,20,,,,,,,
2026-09-28T16:35:54.889,751.892,0,1481.75,23,,98.375,0.0,-2.0,0.0,1.8,2.0,1.27,9790,17.255,12.549,47,,,,,,,78.824,,,,,,
2026-09-28T16:35:55.019,752.022,0,1488.0,23,,98.438,0.0,-2.0,0.0,1.8,2.0,1.27,9790,17.255,12.549,47,,,,,,,,526.8,,,,,
2026-09-28T16:35:55.149,752.152,0,1484.25,23,,98.281,0.0,-2.0,0.0,1.8,2.0,1.27,9790,17.255,12.549,47,,,,,,,,,0.1,,,,
2026-09-28T16:35:55.279,752.282,0,1479.75,23,,98.438,0.0,-2.0,0.0,1.8,2.0,1.273,9790,17.255,12.549,47,,,,,,,,,,,0.781,,
2026-09-28T16:35:55.409,752.413,0,1479.25,23,,98.469,0.0,-2.0,0.0,1.8,2.0,1.27,9780,17.255,12.549,47,,,,,,,,,,,,12.549,
2026-09-28T16:35:55.539,752.543,0,1484.75,23,,98.469,0.0,-2.0,0.0,1.8,2.0,1.27,9780,14.51,12.549,47,,,,,,,,,,,,,787
2026-09-28T16:35:55.671,752.674,0,1489.5,23,,98.469,0.0,-2.0,0.0,1.8,2.0,1.273,9780,14.51,12.549,47,104,,,,,,,,,,,,
2026-09-28T16:35:55.799,752.802,0,1488.0,23,,98.438,0.0,-2.0,0.0,1.8,2.0,1.27,9780,14.51,12.549,47,,34,,,,,,,,,,,
2026-09-28T16:35:55.929,752.932,0,1482.5,23,,98.469,0.0,-2.0,0.0,1.8,2.0,1.273,9770,14.902,12.549,47,,,5.469,,,,,,,,,,
2026-09-28T16:35:56.059,753.062,0,1478.75,23,,98.438,0.0,-2.0,0.0,1.8,2.0,1.27,9770,14.902,12.549,47,,,,14.414,,,,,,,,,
2026-09-28T16:35:56.189,753.192,0,1481.5,23,,98.469,0.0,-2.0,0.0,1.8,2.0,1.27,9760,14.902,12.549,47,,,,,97,,,,,,,,
2026-09-28T16:35:56.319,753.322,0,1481.75,23,,98.469,0.0,-2.0,0.0,1.8,2.0,1.273,9760,15.294,12.549,47,,,,,,20,,,,,,,
2026-09-28T16:35:56.449,753.452,0,1477.75,23,,98.469,0.0,-2.0,0.0,1.8,2.0,1.273,9760,15.294,12.549,47,,,,,,,78.824,,,,,,
2026-09-28T16:35:56.579,753.582,0,1474.75,23,,98.5,0.0,-2.0,0.0,1.8,2.0,1.273,9760,15.294,12.549,47,,,,,,,,528.6,,,,,
2026-09-28T16:35:56.709,753.712,0,1475.5,23,,98.5,0.0,-2.0,0.0,1.8,2.0,1.273,9760,15.294,12.549,47,,,,,,,,,0.095,,,,
2026-09-28T16:35:56.839,753.842,0,1480.5,23,,98.469,0.0,-2.0,0.0,1.8,2.0,1.273,9760,15.686,12.549,47,,,,,,,,,,,0.781,,
2026-09-28T16:35:56.970,753.974,0,1473.5,23,,98.469,0.0,-2.5,0.0,1.8,2.0,1.273,9760,16.078,12.549,47,,,,,,,,,,,,12.549,
2026-09-28T16:35:57.099,754.102,0,1465.5,23,,98.469,0.0,-2.5,0.0,1.8,2.0,1.277,9750,16.078,12.549,47,,,,,,,,,,,,,789
2026-09-28T16:35:57.229,754.232,0,1456.5,23,,98.5,0.0,-2.5,0.0,1.8,2.0,1.273,9730,16.078,12.549,47,103,,,,,,,,,,,,
2026-09-28T16:35:57.360,754.363,0,1460.25,23,,98.5,0.0,-2.5,0.0,1.8,2.0,1.273,9750,16.863,12.549,47,,34,,,,,,,,,,,
2026-09-28T16:35:57.489,754.492,0,1464.75,23,,98.5,0.0,-2.5,0.0,1.8,2.0,1.273,9730,16.863,12.549,47,,,5.469,,,,,,,,,,
2026-09-28T16:35:57.619,754.622,0,1470.5,23,,98.5,0.0,-2.5,0.0,1.8,2.0,1.273,9730,17.255,12.549,47,,,,14.433,,,,,,,,,
2026-09-28T16:35:57.749,754.752,0,1465.5,23,,98.5,0.0,-2.5,0.0,1.8,2.0,1.277,9730,17.255,12.549,47,,,,,97,,,,,,,,
2026-09-28T16:35:57.879,754.882,0,1462.0,23,,98.469,0.0,-2.5,0.0,1.8,2.0,1.277,9720,17.255,12.549,46,,,,,,20,,,,,,,
2026-09-28T16:35:58.009,755.012,0,1457.25,23,,98.5,0.0,-2.5,0.0,1.8,2.0,1.277,9720,17.255,12.549,46,,,,,,,78.824,,,,,,
2026-09-28T16:35:58.139,755.143,0,1455.5,23,,98.469,0.0,-2.5,0.0,1.8,2.0,1.273,9710,17.255,12.549,46,,,,,,,,530.5,,,,,
2026-09-28T16:35:58.269,755.272,0,1454.75,23,,98.5,0.0,-2.5,0.0,1.8,2.0,1.273,9710,17.255,12.549,46,,,,,,,,,0.095,,,,
2026-09-28T16:35:58.399,755.402,0,1450.75,23,,98.469,0.0,-2.5,0.0,1.8,2.0,1.273,9710,17.647,12.549,46,,,,,,,,,,,0.781,,
2026-09-28T16:35:58.529,755.532,0,1445.0,23,,98.469,0.0,-2.5,0.0,1.8,2.0,1.277,9700,19.216,12.549,46,,,,,,,,,,,,13.725,
2026-09-28T16:35:58.659,755.662,0,1443.75,23,,98.5,7.843,0.5,0.0,1.812,2.0,1.305,9920,19.216,12.549,46,,,,,,,,,,,,,791
2026-09-28T16:35:58.789,755.792,0,1467.75,22,,98.5,7.451,2.0,0.0,1.783,2.0,1.035,9490,19.608,12.549,46,103,,,,,,,,,,,,
2026-09-28T16:35:58.919,755.922,0,1438.75,21,,98.375,6.667,7.0,0.0,1.451,1.48,0.422,9350,19.608,12.549,46,,34,,,,,,,,,,,
2026-09-28T16:35:59.050,756.053,0,1449.0,21,,98.188,7.059,7.5,0.0,1.147,1.15,0.145,8830,20.0,12.549,46,,,5.469,,,,,,,,,,
2026-09-28T16:35:59.189,756.192,0,1452.5,21,,98.188,7.059,8.5,0.0,1.004,1.05,0.035,8370,20.0,12.549,46,,,,14.433,,,,,,,,,
2026-09-28T16:35:59.319,756.322,0,1445.25,22,,98.188,7.451,10.5,0.0,0.951,0.998,-0.023,7790,20.392,12.941,46,,,,,97,,,,,,,,
2026-09-28T16:35:59.449,756.452,0,1444.5,22,,98.188,7.451,12.5,0.0,0.924,0.939,-0.164,7260,20.392,12.941,46,,,,,,20,,,,,,,
2026-09-28T16:35:59.579,756.582,0,1443.25,22,,98.188,7.451,13.0,-0.781,0.914,0.891,-0.289,6740,20.0,12.941,45,,,,,,,78.824,,,,,,
2026-09-28T16:35:59.709,756.712,0,1441.25,22,,98.125,7.451,13.0,-0.781,0.909,0.88,-0.316,6160,20.0,12.549,45,,,,,,,,530.9,,,,,
2026-09-28T16:35:59.839,756.842,0,1442.0,22,,98.156,7.843,10.5,-2.344,0.907,0.874,-0.336,5680,14.51,12.549,45,,,,,,,,,0.165,,,,
2026-09-28T16:35:59.969,756.972,0,1441.0,22,,98.031,0.0,6.0,-1.562,0.905,0.891,-0.285,5220,14.51,12.549,45,,,,,,,,,,,0.781,,
2026-09-28T16:36:00.099,757.102,0,1431.25,22,,97.969,0.0,1.5,-0.781,0.904,0.905,-0.246,4780,14.51,12.549,45,,,,,,,,,,,,12.549,
2026-09-28T16:36:00.229,757.232,0,1425.75,22,,97.938,0.0,-2.0,0.0,0.893,0.916,-0.223,4420,14.902,12.549,45,,,,,,,,,,,,,792
2026-09-28T16:36:00.359,757.362,0,1415.0,21,,97.875,0.0,-2.5,0.0,0.908,0.969,-0.098,4940,15.294,12.549,45,103,,,,,,,,,,,,
2026-09-28T16:36:00.489,757.492,0,1415.0,22,,97.875,0.0,-3.0,0.0,0.953,1.206,0.199,6390,15.686,12.549,45,,34,,,,,,,,,,,
2026-09-28T16:36:00.620,757.623,0,1408.25,22,,97.875,0.0,-3.0,0.0,0.972,1.674,0.535,8060,16.078,12.549,45,,,5.469,,,,,,,,,,
2026-09-28T16:36:00.749,757.752,0,1405.5,24,,97.875,0.0,-3.0,0.0,1.009,2.0,0.742,9140,16.471,12.549,44,,,,14.433,,,,,,,,,
2026-09-28T16:36:00.879,757.882,0,1399.5,24,,97.875,0.0,-3.0,0.0,1.07,2.0,0.949,9160,16.471,12.549,45,,,,,97,,,,,,,,
2026-09-28T16:36:01.009,758.012,0,1390.75,24,,97.875,0.0,-3.0,0.0,1.149,2.0,1.055,9620,17.647,12.549,44,,,,,,20,,,,,,,
2026-09-28T16:36:01.139,758.142,0,1391.75,23,,98.031,0.0,-3.0,0.0,1.199,2.0,1.117,9620,18.431,12.549,44,,,,,,,78.824,,,,,,
2026-09-28T16:36:01.269,758.272,0,1395.5,23,,98.031,0.0,-3.0,0.0,1.229,2.0,1.176,9600,19.216,12.549,44,,,,,,,,532.3,,,,,
2026-09-28T16:36:01.399,758.402,0,1387.75,23,,98.156,8.235,11.0,0.0,1.414,2.0,1.176,9440,19.216,12.549,45,,,,,,,,,0.1,,,,
2026-09-28T16:36:01.529,758.532,0,1408.5,22,,97.969,7.843,5.5,0.0,1.362,1.881,0.633,9330,18.824,12.549,43,,,,,,,,,,,0.781,,
2026-09-28T16:36:01.659,758.662,0,1353.0,22,,98.0,8.235,2.0,0.0,1.182,1.284,0.273,8800,18.824,12.549,43,,,,,,,,,,,,12.549,
2026-09-28T16:36:01.789,758.792,0,1378.5,21,,97.938,7.843,-0.5,0.0,1.032,1.047,0.031,8320,18.824,12.549,43,,,,,,,,,,,,,794
2026-09-28T16:36:01.920,758.923,0,1366.75,21,,97.875,7.451,-0.5,0.0,0.966,1.014,-0.008,7870,19.216,12.549,43,104,,,,,,,,,,,,
2026-09-28T16:36:02.050,759.053,0,1372.5,21,,97.875,8.235,5.0,0.0,0.932,0.976,-0.086,7390,19.608,12.549,43,,35,,,,,,,,,,,
2026-09-28T16:36:02.179,759.183,0,1375.25,22,,97.875,8.235,6.0,0.0,0.919,0.928,-0.191,6860,19.608,12.549,43,,,5.469,,,,,,,,,,
2026-09-28T16:36:02.309,759.312,0,1366.0,22,,97.875,8.235,5.0,-0.781,0.911,0.884,-0.309,6350,18.431,12.549,43,,,,14.433,,,,,,,,,
2026-09-28T16:36:02.439,759.442,0,1349.75,22,,97.875,0.0,0.5,-1.562,0.909,0.877,-0.328,5940,14.51,12.549,43,,,,,97,,,,,,,,
2026-09-28T16:36:02.570,759.573,0,1349.5,22,,97.875,0.0,-3.0,-1.562,0.907,0.887,-0.301,5480,14.51,12.549,43,,,,,,20,,,,,,,
2026-09-28T16:36:02.699,759.702,0,1342.25,22,,97.875,0.0,-4.0,0.0,0.898,0.902,-0.254,5240,14.51,12.549,42,,,,,,,78.824,,,,,,
2026-09-28T16:36:02.829,759.832,0,1335.25,22,,97.875,0.0,-4.0,0.0,0.914,0.952,-0.137,6100,14.51,12.549,42,,,,,,,,532.4,,,,,
2026-09-28T16:36:02.959,759.962,0,1327.25,22,,97.75,0.0,-4.0,0.0,0.951,1.08,0.066,7420,14.51,12.549,42,,,,,,,,,0.19,,,,
2026-09-28T16:36:03.089,760.092,0,1313.5,23,,97.75,0.0,-4.5,0.0,0.972,1.443,0.398,8640,14.51,12.549,42,,,,,,,,,,,0.781,,
2026-09-28T16:36:03.219,760.222,0,1303.0,23,,97.812,0.0,-4.5,0.0,0.993,2.0,0.684,9470,14.51,12.549,41,,,,,,,,,,,,13.333,
2026-09-28T16:36:03.349,760.352,0,1300.25,24,,97.844,0.0,-4.5,0.0,1.051,2.0,0.887,9490,14.51,12.549,41,,,,,,,,,,,,,795
2026-09-28T16:36:03.479,760.482,0,1296.75,24,,97.875,0.0,-4.5,0.0,1.116,2.0,1.004,9490,14.51,12.549,41,104,,,,,,,,,,,,
2026-09-28T16:36:03.610,760.613,0,1291.75,25,,97.875,0.0,-4.5,0.0,1.181,2.0,1.078,9470,14.51,12.157,41,,35,,,,,,,,,,,
2026-09-28T16:36:03.739,760.742,0,1280.75,24,,97.875,0.0,-5.0,0.0,1.229,2.0,1.141,9460,14.51,12.157,40,,,6.25,,,,,,,,,,
2026-09-28T16:36:03.870,760.873,0,1268.0,24,,97.875,0.0,-5.0,0.0,1.306,2.0,1.184,9460,14.51,12.157,40,,,,14.433,,,,,,,,,
2026-09-28T16:36:03.999,761.002,0,1256.0,24,,97.875,0.0,-5.0,0.0,1.391,2.0,1.211,9460,14.51,12.549,40,,,,,97,,,,,,,,
2026-09-28T16:36:04.129,761.132,0,1250.25,24,,97.844,0.0,-5.5,0.0,1.5,2.0,1.227,9450,14.51,12.157,40,,,,,,20,,,,,,,
2026-09-28T16:36:04.269,761.272,0,1241.75,24,,97.875,0.0,-5.5,0.0,1.622,2.0,1.242,9450,14.51,12.157,39,,,,,,,78.824,,,,,,
2026-09-28T16:36:04.399,761.402,0,1230.0,24,,97.875,0.0,-5.5,0.0,1.7,2.0,1.25,9430,14.51,12.157,39,,,,,,,,534.3,,,,,
2026-09-28T16:36:04.529,761.533,0,1214.75,24,,97.938,0.0,-6.0,0.0,1.753,2.0,1.254,9420,14.51,12.157,38,,,,,,,,,0.1,,,,
2026-09-28T16:36:04.658,761.662,0,1207.25,24,,97.875,0.0,-6.0,0.0,1.776,2.0,1.258,9430,14.51,12.157,38,,,,,,,,,,,0.781,,
2026-09-28T16:36:04.789,761.792,0,1197.5,24,,97.906,0.0,-6.0,0.0,1.789,2.0,1.262,9420,14.51,12.157,38,,,,,,,,,,,,13.333,
2026-09-28T16:36:04.919,761.922,0,1183.0,23,,97.875,0.0,-6.5,0.0,1.794,2.0,1.266,9410,14.51,12.157,37,,,,,,,,,,,,,797
2026-09-28T16:36:05.049,762.052,0,1168.25,24,,97.875,0.0,-6.5,0.0,1.797,2.0,1.27,9400,14.51,12.157,37,104,,,,,,,,,,,,
2026-09-28T16:36:05.179,762.182,0,1154.25,24,,97.875,0.0,-7.0,0.0,1.799,2.0,1.27,9730,14.51,12.157,36,,35,,,,,,,,,,,
2026-09-28T16:36:05.309,762.312,0,1134.0,23,,97.875,0.0,-7.0,0.0,1.799,2.0,1.27,9730,14.51,12.157,36,,,7.031,,,,,,,,,,
2026-09-28T16:36:05.439,762.442,0,1116.0,24,,97.875,0.0,-7.5,0.0,1.8,2.0,1.273,9720,14.51,11.765,35,,,,14.414,,,,,,,,,
2026-09-28T16:36:05.569,762.572,0,1096.25,24,,97.875,0.0,-7.5,0.0,1.8,2.0,1.27,9720,14.51,11.765,35,,,,,97,,,,,,,,
2026-09-28T16:36:05.699,762.702,0,1078.25,24,,97.875,0.0,-8.5,0.0,1.8,2.0,1.273,9710,14.51,11.765,34,,,,,,20,,,,,,,
2026-09-28T16:36:05.829,762.833,0,1064.75,24,,97.875,0.0,-8.5,0.0,1.8,2.0,1.273,9700,14.51,11.765,33,,,,,,,78.824,,,,,,
2026-09-28T16:36:05.959,762.962,0,1047.0,24,,97.875,0.0,-8.5,0.0,1.8,2.0,1.273,9700,14.51,11.765,32,,,,,,,,536.6,,,,,
2026-09-28T16:36:06.089,763.092,0,1056.75,24,,97.875,0.0,-7.5,0.0,1.8,2.0,1.277,9700,14.51,11.765,32,,,,,,,,,0.095,,,,
2026-09-28T16:36:06.219,763.222,0,1150.5,24,,97.844,0.0,-6.5,0.0,1.8,2.0,1.27,9680,14.51,12.157,31,,,,,,,,,,,0.781,,
2026-09-28T16:36:06.349,763.352,0,1236.5,23,,97.875,0.0,-5.5,0.0,1.8,2.0,1.27,9680,14.51,12.549,30,,,,,,,,,,,,13.333,
2026-09-28T16:36:06.478,763.482,0,1291.75,23,,97.875,0.0,-4.0,0.0,1.8,2.0,1.27,9670,14.51,12.549,29,,,,,,,,,,,,,798
2026-09-28T16:36:06.609,763.612,0,1354.0,24,,97.875,0.0,-4.0,0.0,1.8,2.0,1.27,9660,14.51,12.549,29,104,,,,,,,,,,,,
2026-09-28T16:36:06.738,763.742,0,1300.0,24,,97.875,0.0,-4.5,0.0,1.8,2.0,1.27,9660,14.51,12.157,28,,35,,,,,,,,,,,
2026-09-28T16:36:06.870,763.873,0,1280.0,23,,97.875,0.0,-5.0,0.0,1.8,2.0,1.273,9650,14.51,12.157,27,,,7.031,,,,,,,,,,
2026-09-28T16:36:06.999,764.003,0,1240.0,23,,97.875,0.0,-5.5,0.0,1.8,2.0,1.273,9650,14.51,12.157,26,,,,14.453,,,,,,,,,
2026-09-28T16:36:07.129,764.132,0,1202.0,23,,97.875,0.0,-6.0,0.0,1.8,2.0,1.277,9640,14.51,12.157,26,,,,,97,,,,,,,,
2026-09-28T16:36:07.259,764.263,0,1168.0,23,,97.875,0.0,-6.5,0.0,1.8,2.0,1.277,9630,14.51,11.765,25,,,,,,20,,,,,,,
2026-09-28T16:36:07.388,764.392,0,1136.0,23,,97.875,0.0,-7.0,0.0,1.8,2.0,1.273,9630,14.51,11.765,24,,,,,,,78.824,,,,,,
2026-09-28T16:36:07.519,764.522,0,1127.0,23,,97.875,0.0,-7.0,0.0,1.8,2.0,1.277,9620,14.51,11.765,23,,,,,,,,538.6,,,,,
2026-09-28T16:36:07.649,764.652,0,1132.0,23,,97.875,0.0,-7.0,0.0,1.8,2.0,1.277,9620,14.51,11.765,22,,,,,,,,,0.095,,,,
2026-09-28T16:36:07.779,764.782,0,1132.25,23,,97.875,0.0,-7.0,0.0,1.8,2.0,1.277,9620,14.51,11.765,21,,,,,,,,,,,0.781,,
2026-09-28T16:36:07.909,764.912,0,1127.75,23,,97.875,0.0,-7.0,0.0,1.8,2.0,1.273,9620,14.51,12.157,20,,,,,,,,,,,,12.941,
2026-09-28T16:36:08.039,765.042,0,1125.75,23,,97.875,0.0,-7.0,0.0,1.8,2.0,1.277,9610,14.51,12.157,19,,,,,,,,,,,,,800
2026-09-28T16:36:08.171,765.174,0,1119.0,24,,97.875,10.98,-7.5,0.0,1.862,2.0,1.277,9750,14.51,12.157,18,104,,,,,,,,,,,,
2026-09-28T16:36:08.298,765.302,0,1097.25,24,,97.875,11.765,-8.5,0.0,1.797,2.0,1.227,9810,14.51,11.765,17,,35,,,,,,,,,,,
2026-09-28T16:36:08.429,765.432,0,1019.25,23,,97.875,11.765,-9.0,0.0,1.534,2.0,1.109,9550,14.51,11.765,16,,,7.812,,,,,,,,,,
2026-09-28T16:36:08.558,765.562,0,932.0,22,,97.844,11.765,-2.5,0.0,1.361,2.0,1.008,9210,14.51,11.765,15,,,,14.375,,,,,,,,,
2026-09-28T16:36:08.689,765.692,0,898.75,22,,97.781,11.765,3.5,0.0,1.214,2.0,0.707,8960,14.51,12.157,15,,,,,97,,,,,,,,
2026-09-28T16:36:08.818,765.822,0,859.75,22,,97.562,13.725,2.0,0.0,1.117,1.346,0.324,8560,14.51,11.765,14,,,,,,20,,,,,,,
2026-09-28T16:36:08.949,765.952,0,831.75,25,,97.562,14.51,3.5,0.0,1.037,1.183,0.176,8240,14.51,12.157,14,,,,,,,78.824,,,,,,
2026-09-28T16:36:09.079,766.082,0,809.0,27,,97.531,16.471,2.0,0.0,0.991,1.046,0.031,7820,15.686,12.157,13,,,,,,,,539.0,,,,,
2026-09-28T16:36:09.209,766.212,0,802.25,28,,97.531,17.255,6.0,0.0,0.957,1.008,-0.012,7480,24.706,12.941,13,,,,,,,,,0.105,,,,
2026-09-28T16:36:09.339,766.342,0,805.75,31,,97.5,21.569,14.0,0.0,0.938,0.982,-0.066,6960,27.843,14.902,13,,,,,,,,,,,0.781,,
2026-09-28T16:36:09.469,766.472,0,833.75,38,,97.25,28.235,9.5,0.0,0.922,0.961,-0.117,6240,29.804,16.863,12,,,,,,,,,,,,38.039,
2026-09-28T16:36:09.599,766.602,0,934.25,48,,97.219,35.686,8.0,1.562,0.912,0.934,-0.18,6050,30.98,18.431,12,,,,,,,,,,,,,801
2026-09-28T16:36:09.729,766.733,0,1122.0,65,,96.969,42.353,10.0,1.562,0.907,0.927,-0.195,7430,31.765,21.176,12,104,,,,,,,,,,,,
2026-09-28T16:36:09.859,766.862,0,1239.0,80,,96.812,39.608,11.5,0.0,0.905,0.863,-0.371,7430,31.765,21.961,13,,36,,,,,,,,,,,
2026-09-28T16:36:09.989,766.992,0,1324.0,84,,97.156,38.431,12.0,0.0,0.901,0.906,-0.246,7870,32.157,22.353,13,,,0.781,,,,,,,,,,
2026-09-28T16:36:10.118,767.122,0,1347.75,84,,97.5,38.039,12.0,2.344,0.898,0.937,-0.172,8730,32.157,22.745,13,,,,14.355,,,,,,,,,
2026-09-28T16:36:10.249,767.252,0,1319.5,86,,98.281,38.824,11.5,3.125,0.895,0.924,-0.203,10070,32.941,23.922,14,,,,,97,,,,,,,,
2026-09-28T16:36:10.379,767.382,0,1294.75,89,,98.688,41.176,11.0,2.344,0.892,0.896,-0.273,10680,34.118,25.49,14,,,,,,20,,,,,,,
2026-09-28T16:36:10.510,767.513,0,1285.5,91,,99.125,44.706,10.5,2.344,0.889,0.896,-0.273,11370,34.51,25.49,15,,,,,,,78.824,,,,,,
2026-09-28T16:36:10.639,767.642,0,1291.75,92,,100.156,45.49,10.5,2.344,0.89,0.898,-0.266,12030,35.686,26.275,16,,,,,,,,530.9,,,,,
2026-09-28T16:36:10.769,767.772,0,1301.75,93,,100.5,47.059,9.5,3.125,0.892,0.912,-0.23,13350,36.471,27.451,16,,,,,,,,,0.215,,,,
2026-09-28T16:36:10.899,767.902,0,1302.75,95,,101.094,49.02,9.0,2.344,0.894,0.89,-0.289,14160,36.471,27.843,17,,,,,,,,,,,0.781,,
2026-09-28T16:36:11.029,768.032,0,1303.75,97,,102.531,49.412,8.5,1.562,0.897,0.896,-0.273,14580,36.471,27.059,17,,,,,,,,,,,,75.294,
2026-09-28T16:36:11.159,768.162,0,1315.25,97,,103.156,49.804,8.0,2.344,0.899,0.9,-0.262,15810,36.471,26.667,18,,,,,,,,,,,,,803
2026-09-28T16:36:11.289,768.292,0,1350.75,97,,103.75,49.02,8.0,2.344,0.901,0.896,-0.273,16650,36.471,27.451,19,104,,,,,,,,,,,,
2026-09-28T16:36:11.419,768.422,0,1399.0,98,,104.219,47.059,8.0,2.344,0.902,0.908,-0.242,16830,36.471,27.843,20,,35,,,,,,,,,,,
2026-09-28T16:36:11.549,768.553,0,1464.25,99,,105.594,43.922,8.0,2.344,0.907,0.909,-0.238,17410,36.471,28.627,20,,,0.0,,,,,,,,,,
2026-09-28T16:36:11.679,768.682,0,1518.25,100,,106.281,42.353,8.0,1.562,0.912,0.898,-0.266,17840,36.471,29.02,21,,,,14.316,,,,,,,,,
2026-09-28T16:36:11.809,768.812,0,1581.75,101,,107.0,40.392,7.5,1.562,0.918,0.919,-0.215,17340,36.471,28.627,22,,,,,97,,,,,,,,
2026-09-28T16:36:11.939,768.943,0,1645.25,101,,109.156,36.471,8.5,2.344,0.923,0.932,-0.184,16930,36.471,28.627,22,,,,,,20,,,,,,,
2026-09-28T16:36:12.069,769.073,0,1684.0,102,,110.0,36.863,8.5,0.781,0.952,0.947,-0.148,17560,36.471,27.451,23,,,,,,,78.824,,,,,,
2026-09-28T16:36:12.199,769.203,0,1723.5,101,,111.156,35.294,9.0,1.562,0.99,0.997,-0.027,17320,36.471,27.451,24,,,,,,,,524.4,,,,,
2026-09-28T16:36:12.329,769.332,0,1784.25,101,,113.188,34.118,9.0,3.125,1.006,1.034,0.016,16970,36.471,27.059,25,,,,,,,,,0.855,,,,
2026-09-28T16:36:12.459,769.462,0,1816.25,102,,114.375,33.333,10.0,3.125,1.008,1.021,0.0,16860,36.471,26.667,25,,,,,,,,,,,0.781,,
2026-09-28T16:36:12.590,769.593,0,1879.25,102,,115.406,33.725,10.5,3.125,1.005,1.011,-0.008,16950,36.471,26.667,26,,,,,,,,,,,,76.471,
2026-09-28T16:36:12.719,769.722,0,1913.0,101,,116.281,34.118,10.5,2.344,1.002,0.993,-0.035,16990,36.471,26.275,27,,,,,,,,,,,,,805
2026-09-28T16:36:12.849,769.853,0,1964.0,101,,118.25,34.51,11.0,2.344,1.0,0.989,-0.047,17130,36.471,26.275,27,104,,,,,,,,,,,,
2026-09-28T16:36:12.979,769.982,0,1979.5,101,,118.844,34.51,11.0,2.344,1.0,0.987,-0.051,17340,36.471,25.882,27,,33,,,,,,,,,,,
2026-09-28T16:36:13.110,770.113,0,1890.25,102,,119.469,34.902,-15.5,1.562,1.0,0.988,-0.051,17380,36.471,24.314,28,,,0.781,,,,,,,,,,
2026-09-28T16:36:13.239,770.242,0,1599.5,103,,122.812,36.471,-4.5,4.688,1.001,1.048,0.031,17480,36.471,23.137,28,,,,14.14,,,,,,,,,
2026-09-28T16:36:13.369,770.372,0,1558.25,101,,122.625,37.647,-1.5,3.906,1.001,1.008,-0.012,17220,36.471,23.529,29,,,,,97,,,,,,,,
2026-09-28T16:36:13.499,770.503,0,1514.5,101,,122.0,40.392,0.5,2.344,1.001,0.97,-0.098,17420,36.471,23.137,30,,,,,,20,,,,,,,
2026-09-28T16:36:13.629,770.632,0,1467.25,102,,120.312,44.314,7.0,0.781,1.001,0.964,-0.109,17920,36.471,22.745,30,,,,,,,78.824,,,,,,
2026-09-28T16:36:13.758,770.762,0,1405.0,101,,119.219,47.451,7.0,0.0,1.001,0.96,-0.117,17600,36.471,22.745,31,,,,,,,,528.4,,,,,
2026-09-28T16:36:13.889,770.892,0,1422.75,100,,118.031,47.843,6.5,0.0,1.0,0.966,-0.105,17180,36.471,23.137,31,,,,,,,,,0.83,,,,
2026-09-28T16:36:14.018,771.022,0,1445.25,101,,117.0,47.059,7.0,-0.781,1.001,0.959,-0.121,17310,36.471,23.922,31,,,,,,,,,,,0.781,,
2026-09-28T16:36:14.149,771.152,0,1467.75,101,,115.562,45.098,7.0,-0.781,1.001,0.969,-0.102,17710,36.471,24.706,32,,,,,,,,,,,,80.0,
2026-09-28T16:36:14.279,771.282,0,1486.75,101,,115.031,44.706,7.5,-0.781,1.001,0.985,-0.059,17270,36.471,25.098,32,,,,,,,,,,,,,806
2026-09-28T16:36:14.409,771.412,0,1509.0,102,,114.906,43.529,7.0,-0.781,1.0,0.985,-0.059,17310,36.863,25.49,33,104,,,,,,,,,,,,
2026-09-28T16:36:14.539,771.543,0,1530.25,102,,114.75,41.569,7.5,-1.562,1.006,0.987,-0.055,17890,36.471,25.49,33,,32,,,,,,,,,,,
2026-09-28T16:36:14.671,771.674,0,1556.0,102,,114.781,40.784,7.5,-1.562,1.009,1.005,-0.016,17180,36.863,25.49,34,,,0.781,,,,,,,,,,
2026-09-28T16:36:14.799,771.802,0,1576.5,102,,114.906,40.392,7.5,0.0,1.009,1.013,-0.008,17430,36.863,25.882,34,,,,13.945,,,,,,,,,
2026-09-28T16:36:14.929,771.932,0,1601.5,103,,115.125,38.431,8.0,-1.562,1.009,0.998,-0.023,17740,36.863,25.882,35,,,,,97,,,,,,,,
2026-09-28T16:36:15.059,772.062,0,1621.5,102,,115.344,38.431,8.0,-0.781,1.009,1.02,0.0,17140,36.863,25.882,35,,,,,,20,,,,,,,
2026-09-28T16:36:15.189,772.192,0,1641.25,102,,115.562,38.039,8.0,0.0,1.009,1.015,-0.004,17520,36.863,25.882,36,,,,,,,78.824,,,,,,
2026-09-28T16:36:15.319,772.322,0,1662.0,102,,115.844,37.255,8.0,-0.781,1.008,1.005,-0.016,17470,36.471,25.882,36,,,,,,,,531.4,,,,,
2026-09-28T16:36:15.449,772.452,0,1679.5,102,,116.281,37.255,8.5,0.0,1.008,1.027,0.008,17200,36.863,26.275,36,,,,,,,,,0.855,,,,
2026-09-28T16:36:15.579,772.582,0,1705.5,102,,116.594,36.471,8.5,0.0,1.008,0.999,-0.023,17620,36.471,25.882,37,,,,,,,,,,,0.781,,
2026-09-28T16:36:15.709,772.712,0,1723.5,102,,116.844,36.471,8.5,0.0,1.007,1.021,0.0,17340,36.863,25.882,37,,,,,,,,,,,,78.824,
2026-09-28T16:36:15.840,772.843,0,1742.0,102,,117.531,36.078,9.5,0.0,1.007,1.03,0.012,17120,36.471,25.882,38,,,,,,,,,,,,,808
2026-09-28T16:36:15.969,772.973,0,1768.75,102,,117.781,35.686,9.0,0.0,1.007,1.0,-0.02,17520,36.471,26.275,38,104,,,,,,,,,,,,
2026-09-28T16:36:16.099,773.102,0,1792.5,103,,117.969,35.686,9.0,0.0,1.007,1.006,-0.016,17570,36.471,25.882,39,,31,,,,,,,,,,,
2026-09-28T16:36:16.229,773.232,0,1813.75,103,,118.875,34.902,9.5,0.0,1.006,1.024,0.004,17180,36.471,25.49,39,,,0.0,,,,,,,,,,
2026-09-28T16:36:16.359,773.362,0,1809.75,102,,119.25,34.51,9.5,0.0,1.006,1.014,-0.008,17210,36.471,25.882,40,,,,13.925,,,,,,,,,
2026-09-28T16:36:16.489,773.492,0,1832.75,102,,119.438,34.902,9.5,0.0,1.006,1.004,-0.016,17400,36.863,25.882,40,,,,,97,,,,,,,,
2026-09-28T16:36:16.619,773.622,0,1850.0,103,,119.594,35.686,9.5,0.0,1.005,1.002,-0.02,17520,36.863,26.275,40,,,,,,20,,,,,,,
2026-09-28T16:36:16.749,773.752,0,1872.75,103,,120.031,35.686,9.5,0.0,1.005,1.011,-0.008,17540,36.863,25.882,40,,,,,,,78.039,,,,,,
2026-09-28T16:36:16.880,773.883,0,1883.5,103,,120.406,35.686,-20.0,0.0,1.004,1.011,-0.008,17450,36.863,25.098,40,,,,,,,,539.0,,,,,
2026-09-28T16:36:17.009,774.012,0,1604.0,104,,121.25,36.078,-4.0,0.781,1.004,1.03,0.012,17720,36.863,23.529,41,,,,,,,,,0.825,,,,
2026-09-28T16:36:17.139,774.142,0,1539.25,103,,122.781,41.569,-1.0,0.781,1.005,0.998,-0.023,17630,36.863,23.529,41,,,,,,,,,,,0.781,,
2026-09-28T16:36:17.269,774.272,0,1509.0,102,,122.094,42.745,0.0,0.0,1.005,0.98,-0.07,17730,36.863,22.745,42,,,,,,,,,,,,81.569,
2026-09-28T16:36:17.399,774.402,0,1454.25,102,,121.125,45.098,3.5,-0.781,1.005,0.978,-0.078,17780,36.863,22.353,42,,,,,,,,,,,,,809
2026-09-28T16:36:17.529,774.532,0,1362.75,102,,119.156,50.588,8.0,-0.781,1.004,0.975,-0.086,17720,36.863,21.961,42,104,,,,,,,,,,,,
2026-09-28T16:36:17.659,774.662,0,1348.25,99,,117.812,49.02,8.0,-2.344,1.004,0.962,-0.113,17310,36.863,22.353,43,,31,,,,,,,,,,,
2026-09-28T16:36:17.789,774.792,0,1356.25,99,,116.719,50.196,8.0,-1.562,1.004,0.98,-0.07,17160,36.863,22.745,43,,,0.781,,,,,,,,,,
2026-09-28T16:36:17.919,774.922,0,1364.5,99,,115.719,49.02,8.0,-2.344,1.004,0.979,-0.078,17070,36.863,23.137,43,,,,13.828,,,,,,,,,
2026-09-28T16:36:18.049,775.052,0,1372.25,99,,114.188,49.412,8.0,-2.344,1.004,0.982,-0.066,17050,36.863,23.529,43,,,,,97,,,,,,,,
2026-09-28T16:36:18.178,775.182,0,1379.75,99,,113.688,49.02,8.0,-3.125,1.004,0.982,-0.066,17180,36.863,23.922,43,,,,,,20,,,,,,,
2026-09-28T16:36:18.309,775.312,0,1387.75,99,,113.344,49.02,5.5,-3.125,1.004,0.986,-0.055,17360,36.863,23.922,44,,,,,,,78.039,,,,,,
2026-09-28T16:36:18.439,775.442,0,1398.0,99,,112.812,48.627,6.0,-3.125,1.003,0.991,-0.043,17440,36.863,24.314,44,,,,,,,,541.2,,,,,
2026-09-28T16:36:18.570,775.573,0,1405.5,100,,112.625,48.235,5.5,-3.125,1.003,0.991,-0.043,17490,36.863,24.706,44,,,,,,,,,0.805,,,,
2026-09-28T16:36:18.699,775.702,0,1417.5,100,,112.5,49.02,5.5,-3.906,1.003,0.987,-0.051,17610,36.863,24.706,44,,,,,,,,,,,0.781,,
2026-09-28T16:36:18.830,775.833,0,1424.75,100,,112.5,47.451,6.5,-3.906,1.002,0.995,-0.031,17430,36.863,24.706,45,,,,,,,,,,,,79.608,
2026-09-28T16:36:18.958,775.962,0,1432.0,101,,112.562,46.667,6.5,-3.906,1.002,0.995,-0.031,17330,36.863,24.706,45,,,,,,,,,,,,,811
2026-09-28T16:36:19.089,776.092,0,1441.5,101,,112.688,46.667,6.5,-3.906,1.002,0.994,-0.035,17280,36.863,25.098,45,103,,,,,,,,,,,,
2026-09-28T16:36:19.218,776.222,0,1447.5,101,,112.688,46.275,6.5,-3.906,1.002,0.995,-0.031,17340,36.863,25.098,46,,31,,,,,,,,,,,
2026-09-28T16:36:19.349,776.353,0,1453.25,102,,112.781,46.667,6.5,-3.906,1.001,0.997,-0.027,17470,36.863,25.49,46,,,0.781,,,,,,,,,,
2026-09-28T16:36:19.479,776.482,0,1457.75,101,,112.781,45.098,6.5,-3.906,1.001,0.997,-0.027,17510,36.863,25.098,46,,,,13.789,,,,,,,,,
2026-09-28T16:36:19.608,776.612,0,1464.5,101,,112.938,45.098,6.5,-3.906,1.001,0.999,-0.023,17460,36.863,25.49,46,,,,,97,,,,,,,,
2026-09-28T16:36:19.738,776.742,0,1476.75,102,,112.938,45.49,6.5,-3.906,1.001,1.005,-0.016,17540,36.863,25.49,46,,,,,,20,,,,,,,
2026-09-28T16:36:19.869,776.872,0,1487.5,102,,113.219,44.314,7.5,-3.906,1.001,1.007,-0.012,17440,36.863,25.49,47,,,,,,,78.039,,,,,,
2026-09-28T16:36:19.998,777.002,0,1496.5,102,,113.344,44.314,7.0,-3.125,1.001,1.002,-0.02,17390,36.863,25.49,47,,,,,,,,543.1,,,,,
2026-09-28T16:36:20.129,777.132,0,1502.75,102,,113.625,43.137,7.0,-3.125,1.001,0.999,-0.023,17390,36.863,25.882,47,,,,,,,,,0.79,,,,
2026-09-28T16:36:20.258,777.261,0,1511.5,103,,113.625,43.922,8.0,-3.906,1.001,0.999,-0.023,17550,36.863,25.882,48,,,,,,,,,,,0.781,,
2026-09-28T16:36:20.389,777.392,0,1518.75,102,,113.875,43.137,8.0,-3.906,1.002,1.003,-0.016,17560,36.863,25.882,48,,,,,,,,,,,,80.0,
2026-09-28T16:36:20.519,777.522,0,1525.5,102,,114.0,41.961,8.0,-3.125,1.002,1.015,-0.004,17490,36.471,25.098,48,,,,,,,,,,,,,812
2026-09-28T16:36:20.648,777.652,0,1530.75,101,,114.438,40.784,8.0,-3.125,1.002,1.02,0.0,17330,35.686,24.314,48,102,,,,,,,,,,,,
2026-09-28T16:36:20.778,777.782,0,1537.5,100,,114.438,39.216,8.5,-2.344,1.002,1.021,0.0,17150,35.294,23.529,48,,31,,,,,,,,,,,
2026-09-28T16:36:20.909,777.912,0,1550.5,99,,114.625,37.647,9.5,-2.344,1.002,1.017,-0.004,16690,34.51,23.137,49,,,0.781,,,,,,,,,,
2026-09-28T16:36:21.039,778.042,0,1561.25,97,,114.375,35.294,10.5,-1.562,1.002,1.009,-0.012,16510,33.725,21.961,49,,,,13.789,,,,,,,,,
2026-09-28T16:36:21.171,778.174,0,1569.25,95,,114.312,33.725,11.0,-2.344,1.002,0.999,-0.023,16300,33.725,22.353,49,,,,,97,,,,,,,,
2026-09-28T16:36:21.299,778.303,0,1574.0,95,,114.0,33.333,11.0,-2.344,1.002,0.999,-0.023,16380,33.725,22.353,50,,,,,,20,,,,,,,
2026-09-28T16:36:21.428,778.432,0,1583.75,95,,113.188,32.941,11.0,-3.125,1.002,0.989,-0.047,16390,33.333,22.353,50,,,,,,,78.039,,,,,,
2026-09-28T16:36:21.558,778.562,0,1590.0,95,,113.0,32.549,11.0,-3.125,1.002,0.998,-0.023,16320,32.941,21.961,50,,,,,,,,545.0,,,,,
2026-09-28T16:36:21.689,778.692,0,1596.0,94,,112.75,31.765,11.5,-2.344,1.002,0.999,-0.023,16110,30.98,19.608,50,,,,,,,,,0.785,,,,
2026-09-28T16:36:21.819,778.822,0,1596.75,92,,113.0,25.49,14.0,-2.344,1.002,1.009,-0.012,15590,29.804,18.039,50,,,,,,,,,,,0.781,,
2026-09-28T16:36:21.949,778.952,0,1602.0,82,,108.281,23.529,15.0,-2.344,1.002,1.003,-0.016,15060,29.412,17.647,50,,,,,,,,,,,,48.235,
2026-09-28T16:36:22.079,779.082,0,1617.0,78,,107.188,23.137,15.0,-2.344,1.001,1.001,-0.02,14520,28.627,17.255,51,,,,,,,,,,,,,814
2026-09-28T16:36:22.209,779.212,0,1610.0,73,,106.406,21.569,15.5,-3.125,1.002,0.988,-0.051,14030,28.235,17.255,51,100,,,,,,,,,,,,
2026-09-28T16:36:22.339,779.342,0,1613.5,65,,104.625,19.216,16.0,-3.125,1.002,0.996,-0.027,13420,27.059,16.863,51,,30,,,,,,,,,,,
2026-09-28T16:36:22.469,779.472,0,1622.5,63,,103.969,18.824,16.0,-3.125,1.002,1.0,-0.02,12860,25.49,16.078,51,,,1.562,,,,,,,,,,
2026-09-28T16:36:22.599,779.602,0,1624.5,56,,103.438,16.863,15.5,-3.906,1.002,0.977,-0.078,12350,24.314,14.902,51,,,,13.867,,,,,,,,,
2026-09-28T16:36:22.728,779.732,0,1625.25,51,,102.375,14.118,15.5,-4.688,1.002,0.979,-0.078,11850,23.529,14.902,51,,,,,97,,,,,,,,
2026-09-28T16:36:22.858,779.862,0,1630.75,41,,101.906,12.941,15.5,-3.906,1.001,1.002,-0.02,11310,23.529,14.902,51,,,,,,20,,,,,,,
2026-09-28T16:36:22.988,779.992,0,1611.5,39,,101.375,12.549,15.0,-2.344,1.001,1.028,0.008,10800,23.137,14.51,51,,,,,,,78.039,,,,,,
2026-09-28T16:36:23.118,780.122,0,1614.0,38,,100.906,11.765,15.5,-2.344,1.001,1.016,-0.004,10250,20.784,12.549,51,,,,,,,,545.9,,,,,
2026-09-28T16:36:23.249,780.252,0,1603.75,30,,100.438,8.627,19.0,-3.125,1.001,0.983,-0.062,9730,14.51,12.549,51,,,,,,,,,0.775,,,,
2026-09-28T16:36:23.379,780.382,0,1591.5,24,,99.938,0.0,28.5,-4.688,1.001,0.983,-0.062,9350,14.51,12.549,51,,,,,,,,,,,0.781,,
2026-09-28T16:36:23.509,780.513,0,1547.25,22,,101.344,0.0,27.5,0.0,1.001,1.112,0.102,8930,14.51,12.549,51,,,,,,,,,,,,12.549,
2026-09-28T16:36:23.639,780.642,0,1499.75,21,,100.156,0.0,20.0,1.562,1.002,1.107,0.098,8630,14.902,12.549,51,,,,,,,,,,,,,816
2026-09-28T16:36:23.769,780.772,0,1449.0,21,,100.219,0.0,12.0,0.0,1.002,1.046,0.031,8230,14.51,12.549,50,99,,,,,,,,,,,,
2026-09-28T16:36:23.898,780.902,0,1365.25,21,,98.969,0.0,5.0,-0.781,1.003,1.002,-0.02,7840,14.51,12.157,51,,30,,,,,,,,,,,
2026-09-28T16:36:24.029,781.032,0,1278.0,21,,99.156,0.0,-1.5,0.0,1.007,0.998,-0.023,7520,14.51,12.157,51,,,7.031,,,,,,,,,,
2026-09-28T16:36:24.158,781.161,0,1166.5,21,,99.438,0.0,-7.0,0.0,0.993,1.001,-0.02,7270,14.51,12.157,50,,,,13.828,,,,,,,,,
2026-09-28T16:36:24.289,781.293,0,1083.0,22,,99.188,0.0,-8.5,0.0,1.046,1.081,0.07,7840,14.902,11.765,50,,,,,97,,,,,,,,
2026-09-28T16:36:24.419,781.422,0,1130.25,22,,98.75,0.0,-7.0,0.0,1.049,1.167,0.16,8810,14.902,12.549,50,,,,,,20,,,,,,,
2026-09-28T16:36:24.548,781.552,0,1197.75,23,,98.656,0.0,-6.0,0.0,1.027,1.398,0.367,8980,14.902,12.549,50,,,,,,,78.039,,,,,,
2026-09-28T16:36:24.679,781.682,0,1204.75,23,,98.812,0.0,-6.0,0.0,1.015,1.926,0.648,9090,14.902,12.157,50,,,,,,,,548.3,,,,,
2026-09-28T16:36:24.808,781.812,0,1200.75,24,,98.75,0.0,-6.0,0.0,1.039,2.0,0.824,9380,14.902,12.157,50,,,,,,,,,0.78,,,,
2026-09-28T16:36:24.938,781.942,0,1192.25,24,,98.656,0.0,-6.0,0.0,1.09,2.0,0.965,9480,14.902,12.157,50,,,,,,,,,,,0.781,,
2026-09-28T16:36:25.070,782.073,0,1189.75,24,,98.562,0.0,-6.0,0.0,1.154,2.0,1.051,9480,14.902,12.157,50,,,,,,,,,,,,13.725,
2026-09-28T16:36:25.198,782.201,0,1184.25,24,,98.5,0.0,-6.5,0.0,1.198,2.0,1.117,9480,16.078,12.157,50,,,,,,,,,,,,,817
2026-09-28T16:36:25.328,782.332,0,1181.0,24,,98.5,0.0,-6.5,0.0,1.259,2.0,1.148,9480,17.647,12.157,50,98,,,,,,,,,,,,
2026-09-28T16:36:25.458,782.462,0,1176.25,24,,98.469,0.0,-6.5,0.0,1.328,2.0,1.18,9480,18.824,12.157,50,,31,,,,,,,,,,,
2026-09-28T16:36:25.589,782.592,0,1177.75,24,,98.406,0.0,-0.5,0.0,1.384,2.0,1.199,9390,19.608,12.157,50,,,5.469,,,,,,,,,,
2026-09-28T16:36:25.718,782.721,0,1204.25,24,,98.375,9.804,6.5,0.0,1.592,2.0,1.148,10580,20.0,12.157,50,,,,13.886,,,,,,,,,
2026-09-28T16:36:25.849,782.852,0,1184.5,23,,98.219,9.804,6.0,0.0,1.482,1.721,0.559,10280,20.0,12.157,49,,,,,97,,,,,,,,
2026-09-28T16:36:25.979,782.982,0,1180.25,22,,98.188,10.196,12.0,0.0,1.273,1.106,0.098,9820,20.0,12.157,49,,,,,,20,,,,,,,
2026-09-28T16:36:26.108,783.112,0,1182.5,22,,98.188,9.412,13.0,0.0,1.089,0.959,-0.121,9420,20.392,12.157,49,,,,,,,78.039,,,,,,
2026-09-28T16:36:26.238,783.241,0,1190.0,22,,98.156,9.02,16.5,0.0,1.001,0.929,-0.191,9040,20.392,12.157,49,,,,,,,,549.8,,,,,
2026-09-28T16:36:26.370,783.373,0,1189.25,22,,98.094,9.412,19.0,0.0,0.95,0.929,-0.191,8630,20.392,12.157,49,,,,,,,,,0.18,,,,
2026-09-28T16:36:26.499,783.502,0,1189.25,22,,98.062,9.804,18.5,0.0,0.929,0.901,-0.258,8090,20.784,12.157,50,,,,,,,,,,,0.781,,
2026-09-28T16:36:26.629,783.632,0,1186.75,22,,97.875,9.804,22.5,-1.562,0.917,0.869,-0.352,7650,20.784,12.157,49,,,,,,,,,,,,13.333,
2026-09-28T16:36:26.758,783.762,0,1184.25,23,,97.875,9.804,20.0,-3.125,0.911,0.854,-0.402,7210,20.784,12.157,49,,,,,,,,,,,,,819
2026-09-28T16:36:26.889,783.893,0,1186.0,23,,97.875,10.196,19.0,-4.688,0.906,0.839,-0.449,6780,20.784,12.157,49,99,,,,,,,,,,,,
2026-09-28T16:36:27.018,784.022,0,1185.0,23,,97.875,10.196,21.0,-5.469,0.903,0.835,-0.461,6360,20.784,12.157,49,,32,,,,,,,,,,,
2026-09-28T16:36:27.148,784.152,0,1185.5,22,,97.875,9.804,28.0,-5.469,0.899,0.836,-0.461,5950,20.784,12.157,49,,,6.25,,,,,,,,,,
2026-09-28T16:36:27.278,784.282,0,1183.75,22,,97.875,9.412,27.5,-5.469,0.895,0.838,-0.453,5570,20.784,12.157,49,,,,13.945,,,,,,,,,
2026-09-28T16:36:27.409,784.412,0,1182.5,22,,97.875,9.804,26.5,-5.469,0.891,0.847,-0.426,5200,20.784,12.157,50,,,,,97,,,,,,,,
2026-09-28T16:36:27.539,784.542,0,1181.5,22,,97.844,9.804,26.0,-5.469,0.887,0.856,-0.391,4760,20.784,12.157,49,,,,,,20,,,,,,,
2026-09-28T16:36:27.671,784.674,0,1180.75,22,,97.844,9.804,27.5,-5.469,0.885,0.862,-0.371,4390,20.784,12.157,49,,,,,,,78.039,,,,,,
2026-09-28T16:36:27.798,784.802,0,1183.0,22,,97.719,9.804,26.0,-4.688,0.883,0.871,-0.348,4040,20.784,12.157,49,,,,,,,,549.5,,,,,
2026-09-28T16:36:27.929,784.932,0,1184.75,23,,97.625,10.196,22.0,-4.688,0.883,0.884,-0.309,3650,20.784,12.157,49,,,,,,,,,0.26,,,,
2026-09-28T16:36:28.058,785.061,0,1183.75,23,,97.625,10.196,26.0,-3.906,0.882,0.885,-0.305,3260,21.176,12.549,49,,,,,,,,,,,0.781,,
2026-09-28T16:36:28.188,785.192,0,1184.5,23,,97.594,10.196,26.5,-4.688,0.882,0.878,-0.324,2960,21.569,12.941,49,,,,,,,,,,,,14.118,
2026-09-28T16:36:28.318,785.322,0,1184.5,24,,97.531,11.373,21.5,-3.906,0.881,0.888,-0.297,3070,21.569,12.941,49,,,,,,,,,,,,,820
2026-09-28T16:36:28.449,785.452,0,1194.0,26,,97.531,12.157,19.5,-3.125,0.881,0.893,-0.281,3340,21.961,12.941,49,101,,,,,,,,,,,,
2026-09-28T16:36:28.578,785.581,0,1180.75,27,,97.531,12.941,18.5,-3.906,0.881,0.875,-0.336,3400,21.961,12.549,49,,32,,,,,,,,,,,
2026-09-28T16:36:28.708,785.712,0,1183.25,27,,97.531,12.549,19.0,-4.688,0.881,0.861,-0.375,3570,21.961,12.941,49,,,4.688,,,,,,,,,,
2026-09-28T16:36:28.839,785.842,0,1180.0,27,,97.531,13.333,18.5,-5.469,0.881,0.855,-0.395,3920,21.961,12.941,49,,,,13.925,,,,,,,,,
2026-09-28T16:36:28.970,785.973,0,1189.75,28,,97.531,12.941,18.5,-5.469,0.881,0.858,-0.387,4020,21.961,12.941,49,,,,,97,,,,,,,,
2026-09-28T16:36:29.098,786.101,0,1178.25,27,,97.531,12.941,19.0,-6.25,0.881,0.862,-0.375,3950,21.961,12.941,49,,,,,,20,,,,,,,
2026-09-28T16:36:29.228,786.232,0,1185.25,27,,97.531,12.941,19.0,-6.25,0.881,0.867,-0.359,4230,21.961,12.941,49,,,,,,,78.039,,,,,,
2026-09-28T16:36:29.359,786.362,0,1180.25,28,,97.531,13.333,19.0,-6.25,0.881,0.86,-0.379,4060,21.961,12.941,49,,,,,,,,548.6,,,,,
2026-09-28T16:36:29.489,786.492,0,1179.25,28,,97.531,13.333,19.0,-6.25,0.881,0.859,-0.383,3980,21.961,12.941,49,,,,,,,,,0.285,,,,
2026-09-28T16:36:29.629,786.632,0,1179.25,28,,97.531,12.941,19.0,-6.25,0.881,0.868,-0.355,4320,21.961,12.941,49,,,,,,,,,,,0.781,,
2026-09-28T16:36:29.758,786.762,0,1178.0,28,,97.531,12.941,18.5,-6.25,0.881,0.877,-0.328,4310,21.961,12.941,49,,,,,,,,,,,,17.647,
2026-09-28T16:36:29.888,786.892,0,1179.0,28,,97.531,13.333,18.5,-6.25,0.881,0.873,-0.34,3990,21.961,12.941,49,,,,,,,,,,,,,822
2026-09-28T16:36:30.018,787.022,0,1177.25,28,,97.531,13.333,18.5,-5.469,0.881,0.884,-0.309,3900,21.961,12.941,49,101,,,,,,,,,,,,
2026-09-28T16:36:30.149,787.152,0,1181.0,28,,97.531,13.333,18.5,-5.469,0.881,0.888,-0.297,4060,21.961,12.549,49,,33,,,,,,,,,,,
2026-09-28T16:36:30.279,787.282,0,1178.0,28,,97.531,13.333,18.5,-5.469,0.881,0.89,-0.293,4190,21.961,12.549,49,,,4.688,,,,,,,,,,
2026-09-28T16:36:30.409,787.412,0,1177.25,27,,97.531,12.941,18.5,-5.469,0.88,0.886,-0.305,4040,21.961,12.941,49,,,,13.906,,,,,,,,,
2026-09-28T16:36:30.538,787.541,0,1173.75,28,,97.531,13.725,18.5,-5.469,0.881,0.882,-0.312,4040,21.961,12.941,49,,,,,97,,,,,,,,
2026-09-28T16:36:30.671,787.675,0,1170.5,29,,97.5,13.725,17.5,-5.469,0.88,0.883,-0.309,4180,22.353,12.941,49,,,,,,20,,,,,,,
2026-09-28T16:36:30.798,787.801,0,1172.75,29,,97.531,13.725,17.5,-5.469,0.88,0.887,-0.297,4310,21.961,12.941,49,,,,,,,78.039,,,,,,
2026-09-28T16:36:30.929,787.932,0,1171.25,29,,97.5,13.725,18.0,-4.688,0.88,0.886,-0.301,4320,22.353,12.549,49,,,,,,,,547.0,,,,,
2026-09-28T16:36:31.058,788.061,0,1170.25,28,,97.531,13.725,18.0,-5.469,0.88,0.88,-0.316,4190,22.353,12.941,49,,,,,,,,,0.295,,,,
2026-09-28T16:36:31.188,788.192,0,1170.5,29,,97.5,13.725,18.0,-5.469,0.88,0.878,-0.324,4040,22.353,12.941,49,,,,,,,,,,,0.781,,
2026-09-28T16:36:31.318,788.321,0,1173.75,29,,97.469,14.51,17.0,-5.469,0.88,0.884,-0.309,4180,22.745,13.333,49,,,,,,,,,,,,19.608,
2026-09-28T16:36:31.448,788.452,0,1173.75,30,,97.438,14.902,17.0,-4.688,0.88,0.89,-0.293,4460,23.137,13.725,49,,,,,,,,,,,,,823
2026-09-28T16:36:31.579,788.582,0,1173.75,31,,97.219,15.294,15.5,-4.688,0.88,0.888,-0.297,4280,23.529,13.725,49,102,,,,,,,,,,,,
2026-09-28T16:36:31.709,788.712,0,1176.75,33,,97.281,16.471,15.0,-4.688,0.88,0.888,-0.297,4760,23.529,13.725,49,,34,,,,,,,,,,,
2026-09-28T16:36:31.838,788.842,0,1185.5,36,,97.375,18.039,13.5,-4.688,0.88,0.888,-0.297,5730,23.529,13.725,49,,,3.906,,,,,,,,,,
2026-09-28T16:36:31.969,788.973,0,1179.25,36,,97.281,17.255,14.0,-4.688,0.88,0.873,-0.34,5590,23.922,13.725,49,,,,13.945,,,,,,,,,
2026-09-28T16:36:32.099,789.103,0,1181.25,36,,97.25,18.039,13.5,-5.469,0.88,0.864,-0.367,5590,23.922,13.725,49,,,,,97,,,,,,,,
2026-09-28T16:36:32.228,789.231,0,1186.5,36,,97.312,17.647,13.5,-5.469,0.881,0.87,-0.348,6140,23.922,13.725,49,,,,,,20,,,,,,,
2026-09-28T16:36:32.358,789.361,0,1189.5,36,,97.375,18.039,14.0,-5.469,0.883,0.873,-0.34,6400,23.922,13.725,49,,,,,,,78.039,,,,,,
2026-09-28T16:36:32.489,789.492,0,1192.25,36,,97.406,17.647,13.0,-6.25,0.886,0.874,-0.336,5960,23.922,13.725,49,,,,,,,,544.3,,,,,
2026-09-28T16:36:32.618,789.622,0,1196.0,36,,97.406,17.647,13.5,-6.25,0.889,0.882,-0.312,6180,23.922,13.725,49,,,,,,,,,0.305,,,,
2026-09-28T16:36:32.748,789.752,0,1194.5,36,,97.438,18.431,14.0,-6.25,0.893,0.882,-0.312,6670,23.922,13.725,49,,,,,,,,,,,0.781,,
2026-09-28T16:36:32.879,789.882,0,1191.25,37,,97.5,17.255,13.5,-7.031,0.896,0.874,-0.336,6100,23.922,13.333,49,,,,,,,,,,,,23.922,
2026-09-28T16:36:33.008,790.012,0,1190.75,37,,97.469,17.647,13.0,-7.812,0.9,0.868,-0.355,5660,23.922,13.333,49,,,,,,,,,,,,,825
2026-09-28T16:36:33.138,790.141,0,1194.0,35,,97.469,17.647,13.5,-8.594,0.907,0.874,-0.336,5800,23.922,13.725,49,101,,,,,,,,,,,,
2026-09-28T16:36:33.270,790.273,0,1197.0,37,,97.375,18.824,13.5,-9.375,0.919,0.88,-0.32,6250,24.314,13.725,50,,34,,,,,,,,,,,
2026-09-28T16:36:33.398,790.401,0,1203.75,36,,97.438,18.039,13.5,-10.156,0.93,0.883,-0.312,6380,24.314,14.118,50,,,4.688,,,,,,,,,,
2026-09-28T16:36:33.529,790.533,0,1211.0,38,,97.281,19.608,13.5,-10.938,0.945,0.892,-0.285,6490,24.706,14.118,50,,,,13.906,,,,,,,,,
2026-09-28T16:36:33.658,790.661,0,1210.0,38,,97.375,19.216,13.5,-11.719,0.956,0.911,-0.234,7310,24.314,14.118,50,,,,,97,,,,,,,,
2026-09-28T16:36:33.789,790.792,0,1202.75,39,,97.375,20.0,13.0,-12.5,0.974,0.924,-0.203,7400,24.314,14.118,50,,,,,,20,,,,,,,
2026-09-28T16:36:33.918,790.922,0,1194.25,40,,97.531,19.608,13.0,-12.5,0.988,0.961,-0.117,7400,23.922,13.725,50,,,,,,,78.039,,,,,,
2026-09-28T16:36:34.048,791.051,0,1194.0,38,,97.531,19.216,13.0,-11.719,0.996,0.98,-0.07,7760,21.961,12.941,50,,,,,,,,542.1,,,,,
2026-09-28T16:36:34.179,791.183,0,1194.5,36,,97.531,16.078,15.5,-11.719,1.0,0.981,-0.066,7360,17.255,11.765,50,,,,,,,,,0.875,,,,
2026-09-28T16:36:34.308,791.312,0,1190.75,31,,97.531,13.333,14.5,-12.5,1.001,0.978,-0.078,7080,14.51,12.157,50,,,,,,,,,,,0.781,,
2026-09-28T16:36:34.438,791.441,0,1185.0,24,,97.531,0.0,9.0,-11.719,1.002,0.996,-0.031,6830,14.51,11.765,50,,,,,,,,,,,,12.941,
2026-09-28T16:36:34.570,791.573,0,1174.25,23,,97.531,0.0,9.5,-7.031,1.003,1.187,0.18,6550,14.51,12.157,50,,,,,,,,,,,,,826
2026-09-28T16:36:34.699,791.702,0,1201.0,22,,97.531,0.0,2.0,-3.906,1.004,1.151,0.145,6220,14.51,12.157,50,102,,,,,,,,,,,,
2026-09-28T16:36:34.829,791.832,0,1193.75,22,,97.531,0.0,0.0,-5.469,1.004,1.091,0.078,5840,14.51,12.157,50,,34,,,,,,,,,,,
2026-09-28T16:36:34.958,791.961,0,1181.0,21,,97.531,0.0,-4.0,0.0,1.005,1.074,0.062,5550,14.51,12.157,50,,,7.031,,,,,,,,,,
2026-09-28T16:36:35.088,792.092,0,1182.25,22,,97.531,0.0,-6.0,0.0,1.007,1.181,0.176,5490,14.51,12.157,49,,,,13.984,,,,,,,,,
2026-09-28T16:36:35.219,792.222,0,1191.25,21,,97.531,0.0,-6.0,0.0,1.005,1.112,0.102,5860,14.51,12.157,50,,,,,97,,,,,,,,
2026-09-28T16:36:35.348,792.352,0,1184.75,22,,97.531,0.0,-6.5,0.0,1.005,1.151,0.145,6670,14.51,12.157,49,,,,,,20,,,,,,,
2026-09-28T16:36:35.478,792.481,0,1173.25,24,,97.531,0.0,-6.5,0.0,0.997,1.476,0.422,8170,14.51,12.157,49,,,,,,,78.039,,,,,,
2026-09-28T16:36:35.608,792.612,0,1161.5,24,,97.531,0.0,-6.5,0.0,1.006,1.979,0.668,9660,14.51,12.157,49,,,,,,,,543.5,,,,,
2026-09-28T16:36:35.738,792.741,0,1160.0,23,,97.531,0.0,-6.5,0.0,1.041,2.0,0.844,9640,16.471,12.157,49,,,,,,,,,0.875,,,,
2026-09-28T16:36:35.869,792.873,0,1167.0,23,,97.531,0.0,-6.5,0.0,1.103,2.0,0.957,9620,16.863,12.157,49,,,,,,,,,,,0.781,,
2026-09-28T16:36:35.998,793.002,0,1168.5,24,,97.531,0.0,-6.5,0.0,1.159,2.0,1.035,9610,16.863,12.157,49,,,,,,,,,,,,12.941,
2026-09-28T16:36:36.128,793.132,0,1168.5,24,,97.562,0.0,-6.5,0.0,1.209,2.0,1.094,9600,16.863,12.157,49,,,,,,,,,,,,,828
2026-09-28T16:36:36.258,793.262,0,1163.25,23,,97.531,0.0,-6.5,0.0,1.256,2.0,1.141,9590,17.255,12.157,49,103,,,,,,,,,,,,
2026-09-28T16:36:36.389,793.392,0,1161.5,24,,97.562,0.0,-6.5,0.0,1.332,2.0,1.172,9590,17.255,12.157,49,,34,,,,,,,,,,,
2026-09-28T16:36:36.519,793.522,0,1157.25,24,,97.531,0.0,-6.5,0.0,1.411,2.0,1.195,9580,17.255,12.157,49,,,7.031,,,,,,,,,,
2026-09-28T16:36:36.649,793.652,0,1154.75,24,,97.531,0.0,-6.5,0.0,1.509,2.0,1.207,9570,17.255,12.157,48,,,,13.945,,,,,,,,,
2026-09-28T16:36:36.779,793.782,0,1151.0,23,,97.562,0.0,-7.0,0.0,1.605,2.0,1.215,9560,17.255,12.157,48,,,,,97,,,,,,,,
2026-09-28T16:36:36.908,793.912,0,1150.5,23,,97.531,0.0,-7.0,0.0,1.695,2.0,1.23,9560,17.647,12.157,48,,,,,,20,,,,,,,
2026-09-28T16:36:37.038,794.042,0,1148.25,24,,97.594,0.0,-7.0,0.0,1.742,2.0,1.238,9550,17.255,12.157,48,,,,,,,78.039,,,,,,
2026-09-28T16:36:37.171,794.174,0,1149.0,24,,97.594,0.0,-7.0,0.0,1.772,2.0,1.238,9530,14.51,12.157,48,,,,,,,,545.6,,,,,
2026-09-28T16:36:37.298,794.302,0,1145.75,23,,97.625,0.0,-7.0,0.0,1.785,2.0,1.242,9530,14.51,12.157,48,,,,,,,,,0.89,,,,
2026-09-28T16:36:37.428,794.431,0,1143.0,23,,97.625,0.0,-7.0,0.0,1.792,2.0,1.246,9520,14.51,12.157,48,,,,,,,,,,,0.781,,
2026-09-28T16:36:37.558,794.561,0,1142.75,24,,97.781,0.0,-7.0,0.0,1.796,2.0,1.254,9510,14.51,12.157,48,,,,,,,,,,,,12.941,
2026-09-28T16:36:37.688,794.692,0,1143.5,23,,97.688,0.0,-7.0,0.0,1.798,2.0,1.254,9510,14.51,12.157,48,,,,,,,,,,,,,830
2026-09-28T16:36:37.818,794.821,0,1141.25,23,,97.75,0.0,-7.0,0.0,1.799,2.0,1.254,9500,14.902,12.157,48,103,,,,,,,,,,,,
2026-09-28T16:36:37.949,794.952,0,1142.5,24,,97.688,0.0,-7.0,0.0,1.799,2.0,1.258,9490,14.902,12.157,48,,34,,,,,,,,,,,
2026-09-28T16:36:38.079,795.082,0,1140.0,24,,97.719,0.0,-7.0,0.0,1.8,2.0,1.254,9490,14.51,12.157,48,,,7.031,,,,,,,,,,
2026-09-28T16:36:38.209,795.212,0,1141.5,23,,97.719,0.0,-7.0,0.0,1.8,2.0,1.258,9480,14.51,12.157,47,,,,13.984,,,,,,,,,
2026-09-28T16:36:38.339,795.342,0,1149.0,24,,97.812,0.0,-6.5,0.0,1.8,2.0,1.258,9480,14.51,12.157,47,,,,,97,,,,,,,,
2026-09-28T16:36:38.470,795.473,0,1201.0,24,,97.75,0.0,-5.5,0.0,1.8,2.0,1.258,9470,14.51,12.157,47,,,,,,20,,,,,,,
2026-09-28T16:36:38.598,795.601,0,1268.5,24,,97.719,0.0,-4.5,0.0,1.8,2.0,1.258,9460,14.51,12.549,47,,,,,,,78.039,,,,,,
2026-09-28T16:36:38.728,795.732,0,1352.5,23,,97.812,0.0,-3.0,0.0,1.8,2.0,1.258,9450,14.51,12.549,47,,,,,,,,547.8,,,,,
2026-09-28T16:36:38.858,795.862,0,1424.25,23,,97.875,0.0,-2.5,0.0,1.8,2.0,1.262,9450,14.51,12.549,47,,,,,,,,,0.1,,,,
2026-09-28T16:36:38.989,795.992,0,1483.25,23,,97.812,0.0,-2.0,0.0,1.8,2.0,1.262,9450,14.51,12.549,46,,,,,,,,,,,0.781,,
2026-09-28T16:36:39.118,796.122,0,1477.0,23,,97.875,0.0,-2.0,0.0,1.8,2.0,1.266,9440,14.51,12.549,47,,,,,,,,,,,,12.549,
2026-09-28T16:36:39.248,796.252,0,1470.5,23,,97.875,0.0,-2.0,0.0,1.8,2.0,1.262,9440,14.51,12.549,46,,,,,,,,,,,,,831
2026-09-28T16:36:39.378,796.381,0,1467.25,23,,97.875,0.0,-2.5,0.0,1.8,2.0,1.266,9430,14.51,12.549,46,103,,,,,,,,,,,,
2026-09-28T16:36:39.509,796.512,0,1463.75,23,,97.875,0.0,-2.5,0.0,1.8,2.0,1.27,9420,14.51,12.549,46,,34,,,,,,,,,,,
2026-09-28T16:36:39.638,796.642,0,1454.75,22,,97.938,0.0,-2.5,0.0,1.8,2.0,1.266,9420,14.51,12.549,46,,,5.469,,,,,,,,,,
2026-09-28T16:36:39.779,796.782,0,1448.75,23,,97.969,0.0,-2.5,0.0,1.8,2.0,1.27,9410,14.51,12.549,46,,,,13.964,,,,,,,,,
2026-09-28T16:36:39.908,796.911,0,1445.75,23,,97.938,0.0,-2.5,0.0,1.8,2.0,1.27,9400,14.51,12.549,46,,,,,97,,,,,,,,
2026-09-28T16:36:40.039,797.042,0,1443.75,23,,98.156,0.0,-2.5,0.0,1.8,2.0,1.27,9590,14.51,12.549,46,,,,,,20,,,,,,,
2026-09-28T16:36:40.171,797.175,0,1441.0,23,,98.125,0.0,-2.5,0.0,1.8,2.0,1.273,9590,14.51,12.549,46,,,,,,,78.039,,,,,,
2026-09-28T16:36:40.299,797.302,0,1437.25,23,,98.156,0.0,-2.5,0.0,1.8,2.0,1.27,9580,14.51,12.549,46,,,,,,,,549.5,,,,,
2026-09-28T16:36:40.429,797.432,0,1434.25,23,,98.188,0.0,-2.5,0.0,1.8,2.0,1.27,9580,14.51,12.549,45,,,,,,,,,0.095,,,,
2026-09-28T16:36:40.558,797.561,0,1426.5,24,,98.188,0.0,-2.5,0.0,1.8,2.0,1.277,9570,14.51,12.549,45,,,,,,,,,,,0.781,,
2026-09-28T16:36:40.689,797.692,0,1416.5,23,,98.188,0.0,-2.5,0.0,1.8,2.0,1.273,9560,14.51,12.549,45,,,,,,,,,,,,12.941,
2026-09-28T16:36:40.819,797.822,0,1411.25,23,,98.188,0.0,-2.5,0.0,1.8,2.0,1.273,9550,14.51,12.549,45,,,,,,,,,,,,,833
2026-09-28T16:36:40.949,797.952,0,1404.0,23,,98.188,0.0,-3.0,0.0,1.8,2.0,1.273,9550,14.51,12.549,44,103,,,,,,,,,,,,
2026-09-28T16:36:41.078,798.082,0,1394.75,23,,98.188,0.0,-3.0,0.0,1.8,2.0,1.27,9550,14.51,12.549,44,,34,,,,,,,,,,,
2026-09-28T16:36:41.209,798.212,0,1383.75,23,,98.188,0.0,-3.0,0.0,1.8,2.0,1.277,9550,14.51,12.549,44,,,6.25,,,,,,,,,,
2026-09-28T16:36:41.339,798.342,0,1371.5,23,,98.188,0.0,-4.0,0.0,1.8,2.0,1.273,9530,14.51,12.157,43,,,,13.945,,,,,,,,,
2026-09-28T16:36:41.470,798.473,0,1354.25,23,,98.188,0.0,-4.0,0.0,1.8,2.0,1.273,9520,14.51,12.157,43,,,,,97,,,,,,,,
2026-09-28T16:36:41.599,798.602,0,1348.25,23,,98.188,0.0,-4.0,0.0,1.8,2.0,1.277,9510,14.51,12.549,43,,,,,,20,,,,,,,
2026-09-28T16:36:41.729,798.732,0,1348.25,23,,98.188,0.0,-4.0,0.0,1.8,2.0,1.273,9510,14.51,12.157,42,,,,,,,78.039,,,,,,
2026-09-28T16:36:41.858,798.861,0,1337.75,23,,98.188,0.0,-4.0,0.0,1.8,2.0,1.277,9500,14.51,12.549,42,,,,,,,,551.2,,,,,
2026-09-28T16:36:41.989,798.992,0,1329.5,23,,98.188,0.0,-4.0,0.0,1.8,2.0,1.277,9490,14.51,12.157,42,,,,,,,,,0.095,,,,
2026-09-28T16:36:42.118,799.122,0,1317.25,23,,98.188,0.0,-4.0,0.0,1.8,2.0,1.273,9490,14.51,12.157,41,,,,,,,,,,,0.781,,
2026-09-28T16:36:42.248,799.251,0,1307.0,23,,98.188,0.0,-4.5,0.0,1.8,2.0,1.273,9490,14.51,12.157,41,,,,,,,,,,,,12.941,
2026-09-28T16:36:42.378,799.382,0,1296.25,24,,98.188,0.0,-4.5,0.0,1.8,2.0,1.277,9490,14.51,12.157,40,,,,,,,,,,,,,834
2026-09-28T16:36:42.509,799.512,0,1282.25,24,,98.188,0.0,-5.0,0.0,1.8,2.0,1.273,9480,14.51,12.157,40,103,,,,,,,,,,,,
2026-09-28T16:36:42.638,799.641,0,1270.75,23,,98.188,0.0,-5.0,0.0,1.8,2.0,1.273,9470,14.51,12.157,40,,35,,,,,,,,,,,
2026-09-28T16:36:42.770,799.773,0,1263.5,23,,98.188,0.0,-5.0,0.0,1.8,2.0,1.273,9460,14.51,12.157,40,,,6.25,,,,,,,,,,
2026-09-28T16:36:42.899,799.902,0,1254.25,23,,98.188,0.0,-5.0,0.0,1.8,2.0,1.273,9460,14.51,12.157,39,,,,13.964,,,,,,,,,
2026-09-28T16:36:43.029,800.032,0,1245.0,24,,98.188,0.0,-5.5,0.0,1.8,2.0,1.273,9460,14.51,12.157,39,,,,,97,,,,,,,,
2026-09-28T16:36:43.159,800.162,0,1234.5,23,,98.188,0.0,-5.5,0.0,1.8,2.0,1.273,9450,14.51,12.157,39,,,,,,20,,,,,,,
2026-09-28T16:36:43.289,800.292,0,1223.25,24,,98.156,0.0,-5.5,0.0,1.8,2.0,1.277,9450,14.51,12.157,38,,,,,,,78.039,,,,,,
2026-09-28T16:36:43.419,800.422,0,1209.0,24,,98.156,0.0,-6.0,0.0,1.8,2.0,1.277,9440,14.51,12.157,38,,,,,,,,552.9,,,,,
2026-09-28T16:36:43.548,800.551,0,1200.75,23,,98.188,0.0,-6.0,0.0,1.8,2.0,1.273,9440,14.51,12.157,38,,,,,,,,,0.1,,,,
2026-09-28T16:36:43.679,800.682,0,1194.75,23,,98.188,0.0,-6.0,0.0,1.8,2.0,1.273,9420,14.51,12.157,37,,,,,,,,,,,0.781,,
2026-09-28T16:36:43.809,800.812,0,1238.25,24,,98.125,0.0,-5.0,0.0,1.8,2.0,1.273,9420,14.51,12.549,37,,,,,,,,,,,,12.549,
2026-09-28T16:36:43.939,800.942,0,1328.0,24,,98.062,0.0,-4.0,0.0,1.8,2.0,1.273,9420,14.51,12.549,36,,,,,,,,,,,,,836
2026-09-28T16:36:44.070,801.074,0,1401.25,23,,98.188,0.0,-2.5,0.0,1.8,2.0,1.27,9410,14.51,12.549,36,103,,,,,,,,,,,,
2026-09-28T16:36:44.198,801.201,0,1471.75,23,,98.188,0.0,-2.0,0.0,1.8,2.0,1.273,9410,14.51,12.941,36,,35,,,,,,,,,,,
2026-09-28T16:36:44.329,801.333,0,1548.0,24,,98.188,0.0,-1.0,0.0,1.8,2.0,1.273,9390,14.51,12.941,35,,,4.688,,,,,,,,,,
2026-09-28T16:36:44.458,801.462,0,1615.75,23,,98.156,0.0,-1.0,0.0,1.8,2.0,1.273,9530,14.51,12.941,35,,,,13.925,,,,,,,,,
2026-09-28T16:36:44.589,801.592,0,1598.0,24,,98.188,0.0,-1.0,0.0,1.8,2.0,1.277,9530,14.902,12.941,35,,,,,97,,,,,,,,
2026-09-28T16:36:44.719,801.722,0,1589.25,24,,98.188,0.0,-1.0,0.0,1.8,2.0,1.277,9520,18.039,12.941,34,,,,,,20,,,,,,,
2026-09-28T16:36:44.858,801.861,0,1576.25,23,,98.188,0.0,19.5,0.0,1.787,2.0,1.281,9540,21.961,13.333,34,,,,,,,78.039,,,,,,
2026-09-28T16:36:44.988,801.992,0,1604.75,23,,98.219,6.275,23.0,0.0,1.746,2.0,0.945,9570,24.706,16.078,34,,,,,,,,554.1,,,,,
2026-09-28T16:36:45.118,802.121,0,1593.75,26,,97.906,11.373,14.5,0.0,1.26,1.491,0.43,8820,25.882,16.078,34,,,,,,,,,0.1,,,,
2026-09-28T16:36:45.248,802.252,0,1628.75,41,,97.812,12.941,15.0,0.0,1.015,1.059,0.043,8100,26.667,16.863,34,,,,,,,,,,,0.781,,
2026-09-28T16:36:45.378,802.381,0,1634.25,46,,97.875,14.118,15.5,0.0,0.945,0.944,-0.156,8550,26.667,17.255,34,,,,,,,,,,,,32.549,
2026-09-28T16:36:45.509,802.512,0,1584.5,51,,97.812,15.294,15.5,0.0,0.917,0.919,-0.215,9570,27.059,16.863,34,,,,,,,,,,,,,837
2026-09-28T16:36:45.638,802.641,0,1544.75,53,,97.875,17.255,15.5,0.0,0.908,0.905,-0.246,10650,27.451,17.255,34,103,,,,,,,,,,,,
2026-09-28T16:36:45.770,802.773,0,1554.5,55,,97.875,18.431,15.5,0.0,0.903,0.903,-0.254,11800,27.843,17.255,33,,35,,,,,,,,,,,
2026-09-28T16:36:45.899,802.902,0,1551.5,56,,98.062,18.824,15.5,0.0,0.9,0.898,-0.266,12490,28.235,17.647,33,,,0.781,,,,,,,,,,
2026-09-28T16:36:46.029,803.032,0,1547.25,57,,98.219,19.216,15.5,0.0,0.896,0.892,-0.285,12580,28.235,17.255,33,,,,13.847,,,,,,,,,
2026-09-28T16:36:46.158,803.161,0,1543.5,58,,98.375,18.824,15.5,0.0,0.892,0.887,-0.301,12380,29.02,18.039,33,,,,,97,,,,,,,,
2026-09-28T16:36:46.289,803.292,0,1547.5,62,,98.25,20.784,15.5,0.0,0.887,0.895,-0.277,12870,29.02,18.039,33,,,,,,20,,,,,,,
2026-09-28T16:36:46.419,803.422,0,1548.0,63,,98.5,20.784,15.5,0.781,0.883,0.893,-0.281,13130,29.412,18.431,33,,,,,,,78.039,,,,,,
2026-09-28T16:36:46.548,803.552,0,1550.0,66,,98.75,21.569,15.5,0.781,0.882,0.893,-0.285,13440,29.412,18.431,33,,,,,,,,547.7,,,,,
2026-09-28T16:36:46.679,803.682,0,1555.25,67,,98.969,21.176,15.5,0.781,0.881,0.887,-0.301,13460,29.412,18.431,33,,,,,,,,,0.205,,,,
2026-09-28T16:36:46.808,803.812,0,1553.25,67,,99.156,21.176,15.5,0.781,0.881,0.889,-0.293,13270,29.804,18.824,33,,,,,,,,,,,0.781,,
2026-09-28T16:36:46.939,803.942,0,1564.25,70,,99.531,21.961,15.5,1.562,0.881,0.886,-0.305,13820,29.804,18.824,34,,,,,,,,,,,,44.314,
2026-09-28T16:36:47.070,804.074,0,1566.0,71,,99.781,21.961,15.5,0.781,0.881,0.887,-0.301,13870,29.804,18.824,34,,,,,,,,,,,,,839
2026-09-28T16:36:47.198,804.202,0,1563.25,71,,100.0,21.961,15.5,1.562,0.881,0.891,-0.285,13820,29.804,18.824,34,104,,,,,,,,,,,,
2026-09-28T16:36:47.329,804.332,0,1563.75,71,,100.312,22.353,15.5,1.562,0.881,0.885,-0.305,13890,29.804,18.824,34,,34,,,,,,,,,,,
2026-09-28T16:36:47.458,804.462,0,1572.5,72,,100.469,22.353,15.5,1.562,0.881,0.884,-0.309,14020,30.196,19.216,34,,,0.781,,,,,,,,,,
2026-09-28T16:36:47.589,804.592,0,1576.25,72,,100.75,22.353,15.5,1.562,0.881,0.882,-0.312,14130,30.196,18.824,34,,,,13.867,,,,,,,,,
2026-09-28T16:36:47.719,804.722,0,1581.75,72,,101.031,21.569,15.5,1.562,0.881,0.879,-0.32,13960,30.196,19.216,34,,,,,97,,,,,,,,
2026-09-28T16:36:47.848,804.852,0,1585.75,72,,101.156,22.353,15.5,1.562,0.881,0.875,-0.332,14130,30.196,18.824,34,,,,,,20,,,,,,,
2026-09-28T16:36:47.978,804.981,0,1586.5,73,,101.406,21.961,15.5,0.781,0.882,0.872,-0.344,14220,30.196,19.216,34,,,,,,,78.039,,,,,,
2026-09-28T16:36:48.109,805.112,0,1594.25,74,,101.438,22.353,15.5,0.781,0.882,0.882,-0.312,14430,30.196,19.216,34,,,,,,,,538.1,,,,,
2026-09-28T16:36:48.239,805.242,0,1600.75,75,,101.938,22.353,15.5,0.781,0.891,0.885,-0.305,14730,30.196,19.608,35,,,,,,,,,0.88,,,,
2026-09-28T16:36:48.370,805.373,0,1601.5,76,,101.938,22.745,15.5,0.781,0.921,0.931,-0.188,14610,29.804,18.824,34,,,,,,,,,,,0.781,,
2026-09-28T16:36:48.499,805.502,0,1604.25,75,,102.344,21.961,15.5,0.781,0.976,0.979,-0.074,14390,29.412,17.647,35,,,,,,,,,,,,43.922,
2026-09-28T16:36:48.629,805.633,0,1602.75,73,,102.688,20.784,15.5,0.781,0.995,0.998,-0.023,13640,29.412,17.647,35,,,,,,,,,,,,,841
2026-09-28T16:36:48.759,805.762,0,1607.25,68,,102.75,20.392,16.0,0.781,1.005,1.006,-0.016,13260,28.627,17.647,35,104,,,,,,,,,,,,
2026-09-28T16:36:48.889,805.892,0,1620.5,69,,102.688,20.392,16.0,0.781,1.01,1.007,-0.012,13150,27.843,16.863,35,,34,,,,,,,,,,,
2026-09-28T16:36:49.019,806.022,0,1616.25,66,,102.781,18.431,16.0,0.781,1.012,1.007,-0.012,12650,26.667,16.078,35,,,1.562,,,,,,,,,,
2026-09-28T16:36:49.149,806.152,0,1615.75,56,,102.75,16.863,15.5,0.781,1.011,1.008,-0.012,12130,26.275,16.078,35,,,,13.906,,,,,,,,,
2026-09-28T16:36:49.279,806.282,0,1616.75,54,,102.656,16.078,15.5,0.781,1.008,1.004,-0.016,11570,26.667,16.078,35,,,,,97,,,,,,,,
2026-09-28T16:36:49.410,806.413,0,1621.0,53,,102.375,15.686,15.5,0.0,1.004,0.979,-0.074,10990,26.667,16.078,35,,,,,,20,,,,,,,
2026-09-28T16:36:49.539,806.542,0,1629.25,53,,101.75,16.078,15.5,-0.781,1.003,0.963,-0.113,10710,26.667,16.471,35,,,,,,,78.039,,,,,,
2026-09-28T16:36:49.672,806.675,0,1625.75,53,,101.594,16.078,15.5,-2.344,1.002,0.945,-0.152,10620,27.059,16.471,35,,,,,,,,535.4,,,,,
2026-09-28T16:36:49.799,806.802,0,1627.25,55,,101.406,16.863,16.0,-4.688,1.002,0.937,-0.172,11120,27.059,16.471,35,,,,,,,,,0.88,,,,
2026-09-28T16:36:49.938,806.942,0,1619.5,56,,101.125,16.471,15.5,-6.25,1.002,0.926,-0.195,11130,27.059,16.471,35,,,,,,,,,,,0.781,,
2026-09-28T16:36:50.071,807.074,0,1604.25,57,,101.031,16.863,15.5,-7.812,1.002,0.934,-0.18,11480,27.059,16.471,35,,,,,,,,,,,,35.686,
2026-09-28T16:36:50.199,807.202,0,1603.5,57,,100.812,17.255,15.5,-8.594,1.002,0.938,-0.168,11540,27.059,16.471,35,,,,,,,,,,,,,842
2026-09-28T16:36:50.329,807.332,0,1606.75,57,,100.75,17.255,15.5,-8.594,1.002,0.958,-0.125,11590,27.059,16.471,35,105,,,,,,,,,,,,
2026-09-28T16:36:50.459,807.462,0,1615.0,57,,100.75,16.863,15.5,-8.594,1.002,0.97,-0.098,11510,27.059,16.471,35,,33,,,,,,,,,,,
2026-09-28T16:36:50.589,807.592,0,1620.25,57,,100.625,17.255,15.5,-9.375,1.005,0.985,-0.059,11570,27.059,16.863,35,,,2.344,,,,,,,,,,
2026-09-28T16:36:50.718,807.722,0,1622.25,57,,100.5,16.863,15.5,-9.375,1.007,0.987,-0.055,11590,27.059,16.863,35,,,,13.906,,,,,,,,,
2026-09-28T16:36:50.849,807.852,0,1626.75,57,,100.438,17.255,16.0,-8.594,1.007,0.997,-0.027,11610,27.059,16.471,35,,,,,97,,,,,,,,
2026-09-28T16:36:50.978,807.981,0,1632.25,56,,100.438,16.863,16.0,-8.594,1.006,0.998,-0.023,11600,27.059,16.863,35,,,,,,20,,,,,,,
2026-09-28T16:36:51.109,808.112,0,1638.5,56,,100.438,16.863,16.0,-8.594,1.003,1.011,-0.008,11560,26.275,16.471,35,,,,,,,78.039,,,,,,
2026-09-28T16:36:51.239,808.242,0,1639.25,54,,100.438,16.078,15.5,-8.594,1.003,1.011,-0.008,11260,25.49,16.078,35,,,,,,,,534.8,,,,,
2026-09-28T16:36:51.370,808.373,0,1635.5,52,,100.438,15.686,15.5,-7.812,1.002,1.004,-0.016,10540,24.706,15.294,35,,,,,,,,,0.905,,,,
2026-09-28T16:36:51.499,808.502,0,1634.5,48,,100.438,15.294,15.5,-7.812,1.002,1.0,-0.02,9800,22.745,14.51,35,,,,,,,,,,,0.781,,
2026-09-28T16:36:51.629,808.632,0,1634.75,44,,100.188,12.157,15.5,-9.375,1.002,0.969,-0.098,9230,21.961,13.725,35,,,,,,,,,,,,23.529,
2026-09-28T16:36:51.758,808.761,0,1630.0,35,,100.125,10.98,14.0,-13.281,1.002,0.911,-0.234,8770,21.961,13.725,35,,,,,,,,,,,,,844
2026-09-28T16:36:51.889,808.892,0,1617.25,32,,100.031,9.804,15.5,-15.625,1.002,0.911,-0.234,8410,21.961,13.725,35,106,,,,,,,,,,,,
2026-09-28T16:36:52.018,809.021,0,1615.0,30,,99.812,9.412,15.5,-14.062,1.002,0.964,-0.109,8040,21.961,14.118,35,,33,,,,,,,,,,,
2026-09-28T16:36:52.149,809.152,0,1615.5,30,,99.469,9.02,17.0,-12.5,1.002,1.009,-0.012,7610,22.353,14.118,35,,,5.469,,,,,,,,,,
2026-09-28T16:36:52.278,809.281,0,1611.75,30,,99.469,9.412,16.5,-10.938,1.002,1.021,0.0,7150,22.353,14.118,35,,,,13.925,,,,,,,,,
2026-09-28T16:36:52.409,809.412,0,1603.0,30,,99.406,9.412,16.0,-10.938,1.002,1.023,0.004,6680,22.353,14.118,35,,,,,97,,,,,,,,
2026-09-28T16:36:52.539,809.542,0,1602.5,30,,99.156,9.412,17.0,-9.375,1.002,1.055,0.039,6180,21.961,14.118,35,,,,,,20,,,,,,,
2026-09-28T16:36:52.672,809.675,0,1606.0,30,,99.094,9.412,13.5,-7.812,1.002,1.066,0.055,5720,14.51,12.941,34,,,,,,,78.039,,,,,,
2026-09-28T16:36:52.799,809.802,0,1569.5,26,,98.656,0.0,20.0,-7.812,1.002,1.074,0.062,5380,14.51,12.549,34,,,,,,,,535.4,,,,,
2026-09-28T16:36:52.929,809.932,0,1573.5,24,,98.469,0.0,20.0,-3.906,1.002,1.197,0.191,5000,14.51,12.941,34,,,,,,,,,0.885,,,,
2026-09-28T16:36:53.059,810.062,0,1591.75,22,,98.188,0.0,12.5,-0.781,1.003,1.178,0.172,4530,14.51,12.941,34,,,,,,,,,,,0.781,,
2026-09-28T16:36:53.189,810.192,0,1559.25,22,,98.188,0.0,8.5,-2.344,1.004,1.07,0.059,4080,14.51,12.941,34,,,,,,,,,,,,12.941,
2026-09-28T16:36:53.319,810.322,0,1572.25,21,,98.188,0.0,4.0,-4.688,1.004,1.024,0.004,3710,14.51,12.941,34,,,,,,,,,,,,,845
2026-09-28T16:36:53.449,810.452,0,1549.0,21,,98.031,0.0,0.0,0.0,0.987,1.027,0.008,3720,14.51,12.941,34,106,,,,,,,,,,,,
2026-09-28T16:36:53.579,810.582,0,1537.75,21,,97.875,0.0,-1.0,0.0,1.057,1.075,0.062,5080,14.51,12.941,33,,33,,,,,,,,,,,
2026-09-28T16:36:53.710,810.713,0,1543.25,21,,97.875,0.0,-1.5,0.0,1.046,1.315,0.301,6690,14.51,12.941,33,,,4.688,,,,,,,,,,
2026-09-28T16:36:53.839,810.842,0,1521.0,23,,97.875,0.0,-1.5,0.0,1.02,1.779,0.586,8070,14.51,12.941,33,,,,13.828,,,,,,,,,
2026-09-28T16:36:53.970,810.973,0,1505.25,24,,97.875,0.0,-2.0,0.0,1.037,2.0,0.852,9240,14.51,12.549,33,,,,,97,,,,,,,,
2026-09-28T16:36:54.099,811.102,0,1493.5,24,,97.875,0.0,-2.0,0.0,1.098,2.0,1.0,9470,14.51,12.549,33,,,,,,20,,,,,,,
2026-09-28T16:36:54.229,811.232,0,1489.25,24,,98.188,0.0,-2.0,0.0,1.171,2.0,1.09,9460,14.51,12.549,32,,,,,,,78.039,,,,,,
2026-09-28T16:36:54.358,811.361,0,1472.25,24,,98.188,0.0,-2.5,0.0,1.225,2.0,1.152,9450,14.51,12.549,32,,,,,,,,537.0,,,,,
2026-09-28T16:36:54.489,811.492,0,1456.0,24,,98.188,0.0,-2.5,0.0,1.312,2.0,1.184,9450,14.51,12.549,32,,,,,,,,,0.895,,,,
2026-09-28T16:36:54.618,811.621,0,1456.25,24,,98.188,0.0,-2.5,0.0,1.41,2.0,1.215,9440,14.51,12.549,32,,,,,,,,,,,0.781,,
2026-09-28T16:36:54.749,811.752,0,1455.25,23,,98.188,0.0,-2.5,0.0,1.54,2.0,1.23,9440,14.51,12.549,31,,,,,,,,,,,,12.941,
2026-09-28T16:36:54.878,811.882,0,1441.75,23,,98.188,0.0,-2.5,0.0,1.654,2.0,1.242,9420,14.51,12.549,31,,,,,,,,,,,,,847
2026-09-28T16:36:55.019,812.022,0,1417.5,24,,98.188,0.0,-2.5,0.0,1.736,2.0,1.25,9420,14.51,12.549,31,107,,,,,,,,,,,,
2026-09-28T16:36:55.149,812.152,0,1406.0,24,,98.188,0.0,-3.0,0.0,1.773,2.0,1.254,9410,14.51,12.549,30,,34,,,,,,,,,,,
2026-09-28T16:36:55.279,812.282,0,1396.0,24,,98.188,0.0,-3.0,0.0,1.787,2.0,1.258,9400,14.51,12.549,30,,,5.469,,,,,,,,,,
2026-09-28T16:36:55.409,812.412,0,1376.25,24,,98.219,0.0,-4.0,0.0,1.794,2.0,1.262,9590,14.51,12.549,30,,,,13.964,,,,,,,,,
2026-09-28T16:36:55.538,812.541,0,1352.25,24,,98.188,0.0,-4.0,0.0,1.797,2.0,1.266,9590,14.51,12.549,29,,,,,97,,,,,,,,
2026-09-28T16:36:55.672,812.676,0,1335.25,24,,98.188,0.0,-4.0,0.0,1.799,2.0,1.266,9580,14.51,12.549,29,,,,,,20,,,,,,,
2026-09-28T16:36:55.799,812.802,0,1313.75,24,,98.188,0.0,-4.5,0.0,1.799,2.0,1.266,9570,14.51,12.549,28,,,,,,,78.039,,,,,,
2026-09-28T16:36:55.929,812.932,0,1287.5,24,,98.188,0.0,-5.0,0.0,1.8,2.0,1.266,9560,14.51,12.157,28,,,,,,,,538.9,,,,,
2026-09-28T16:36:56.059,813.062,0,1264.0,24,,98.188,0.0,-5.0,0.0,1.8,2.0,1.27,9560,14.51,12.157,27,,,,,,,,,0.1,,,,
2026-09-28T16:36:56.189,813.192,0,1248.75,24,,98.188,0.0,-5.5,0.0,1.8,2.0,1.266,9550,14.51,12.157,27,,,,,,,,,,,0.781,,
2026-09-28T16:36:56.318,813.322,0,1223.5,24,,98.188,0.0,-6.0,0.0,1.8,2.0,1.27,9550,14.51,12.157,26,,,,,,,,,,,,13.333,
2026-09-28T16:36:56.448,813.452,0,1188.0,24,,98.188,0.0,-6.5,0.0,1.8,2.0,1.27,9540,14.51,12.157,25,,,,,,,,,,,,,848
2026-09-28T16:36:56.578,813.581,0,1172.75,24,,98.188,0.0,-6.5,0.0,1.8,2.0,1.266,9530,14.51,12.157,24,107,,,,,,,,,,,,
2026-09-28T16:36:56.709,813.713,0,1168.75,24,,98.188,0.0,-6.5,0.0,1.8,2.0,1.27,9540,14.51,12.157,24,,34,,,,,,,,,,,
2026-09-28T16:36:56.838,813.841,0,1171.5,24,,98.156,0.0,-6.5,0.0,1.8,2.0,1.266,9530,14.51,12.157,23,,,7.031,,,,,,,,,,
2026-09-28T16:36:56.971,813.974,0,1173.5,24,,98.156,0.0,-6.5,0.0,1.8,2.0,1.266,9530,14.51,12.157,22,,,,13.925,,,,,,,,,
2026-09-28T16:36:57.099,814.103,0,1166.25,24,,98.094,0.0,-6.5,0.0,1.8,2.0,1.266,9520,14.51,12.157,21,,,,,97,,,,,,,,
2026-09-28T16:36:57.229,814.232,0,1161.75,24,,98.094,0.0,-6.5,0.0,1.8,2.0,1.266,9520,14.51,12.157,20,,,,,,20,,,,,,,
2026-09-28T16:36:57.359,814.362,0,1156.75,24,,97.969,0.0,-6.5,0.0,1.8,2.0,1.266,9510,14.51,12.157,19,,,,,,,78.039,,,,,,
2026-09-28T16:36:57.489,814.492,0,1155.25,24,,98.062,0.0,-6.5,0.0,1.8,2.0,1.266,9510,14.51,12.157,18,,,,,,,,541.1,,,,,
2026-09-28T16:36:57.619,814.622,0,1152.25,24,,98.031,0.0,-7.0,0.0,1.8,2.0,1.266,9500,14.51,12.157,17,,,,,,,,,0.095,,,,
2026-09-28T16:36:57.749,814.752,0,1111.25,24,,97.938,10.98,-7.5,0.0,1.79,2.0,1.266,9500,14.51,11.765,17,,,,,,,,,,,0.781,,
2026-09-28T16:36:57.878,814.881,0,1026.5,24,,97.938,12.157,-1.0,0.0,1.878,2.0,1.281,9500,14.51,11.765,16,,,,,,,,,,,,14.51,
2026-09-28T16:36:58.009,815.012,0,972.75,24,,97.875,13.333,-1.0,0.0,1.714,2.0,1.137,9580,14.51,11.765,15,,,,,,,,,,,,,850
2026-09-28T16:36:58.139,815.142,0,956.5,22,,97.875,11.765,1.5,0.0,1.5,2.0,0.762,9330,14.51,11.765,14,107,,,,,,,,,,,,
2026-09-28T16:36:58.270,815.274,0,914.75,22,,97.875,12.157,5.0,0.0,1.285,1.387,0.355,8970,14.51,12.157,14,,34,,,,,,,,,,,
2026-09-28T16:36:58.399,815.402,0,870.25,24,,97.875,13.725,3.5,0.0,1.152,1.13,0.121,8550,14.51,12.157,13,,,6.25,,,,,,,,,,
2026-09-28T16:36:58.529,815.532,0,841.0,25,,97.75,16.078,3.5,0.0,1.051,1.045,0.027,8110,14.51,12.157,12,,,,13.886,,,,,,,,,
2026-09-28T16:36:58.659,815.662,0,813.25,28,,97.719,17.255,0.5,0.0,0.998,0.974,-0.086,7770,14.51,12.549,11,,,,,97,,,,,,,,
2026-09-28T16:36:58.789,815.792,0,796.75,30,,97.531,18.824,-2.5,0.0,0.96,0.956,-0.125,7400,14.51,12.157,10,,,,,,20,,,,,,,
2026-09-28T16:36:58.919,815.922,0,782.5,31,,97.531,19.608,5.0,0.781,0.94,0.954,-0.133,6900,14.51,12.549,9,,,,,,,78.039,,,,,,
2026-09-28T16:36:59.049,816.052,0,768.75,33,,97.531,21.176,4.0,0.781,0.925,0.948,-0.145,6500,14.51,12.157,9,,,,,,,,540.7,,,,,
2026-09-28T16:36:59.178,816.181,0,778.0,35,,97.531,21.961,-3.0,1.562,0.917,0.949,-0.145,5930,14.51,12.549,7,,,,,,,,,0.135,,,,
2026-09-28T16:36:59.310,816.313,0,814.0,34,,97.531,21.176,-7.0,1.562,0.912,0.935,-0.176,5530,14.51,12.157,7,,,,,,,,,,,0.781,,
2026-09-28T16:36:59.438,816.441,0,829.0,32,,97.531,19.608,-5.5,0.781,0.909,0.919,-0.215,5070,14.51,12.157,6,,,,,,,,,,,,20.0,
2026-09-28T16:36:59.570,816.574,0,826.75,31,,97.531,18.824,-3.5,0.781,0.907,0.905,-0.25,4810,14.51,12.549,5,,,,,,,,,,,,,851
2026-09-28T16:36:59.699,816.702,0,820.75,32,,97.531,19.608,-4.5,0.0,0.906,0.896,-0.27,4530,14.51,12.549,4,107,,,,,,,,,,,,
2026-09-28T16:36:59.829,816.832,0,818.5,32,,97.469,20.0,-7.0,0.0,0.904,0.889,-0.293,4360,14.51,12.157,3,,35,,,,,,,,,,,
2026-09-28T16:36:59.958,816.961,0,810.0,32,,97.531,19.216,-5.5,0.0,0.903,0.889,-0.293,4130,14.51,12.157,3,,,5.469,,,,,,,,,,
2026-09-28T16:37:00.098,817.102,0,794.0,31,,97.531,18.824,-1.0,0.0,0.902,0.893,-0.281,3840,14.51,12.549,2,,,,13.906,,,,,,,,,
2026-09-28T16:37:00.229,817.232,0,788.0,30,,97.375,19.608,-0.5,0.0,0.9,0.896,-0.27,3600,14.51,12.157,2,,,,,97,,,,,,,,
2026-09-28T16:37:00.359,817.362,0,787.5,32,,97.344,19.608,-2.5,0.0,0.899,0.899,-0.262,3460,14.51,12.157,1,,,,,,20,,,,,,,
2026-09-28T16:37:00.489,817.492,0,797.25,31,,97.375,19.216,-2.5,0.781,0.897,0.902,-0.258,3370,14.51,12.157,1,,,,,,,78.039,,,,,,
2026-09-28T16:37:00.618,817.621,0,799.25,31,,97.375,21.176,14.5,0.0,0.896,0.897,-0.27,3350,14.51,14.118,1,,,,,,,,539.1,,,,,
2026-09-28T16:37:00.749,817.753,0,817.25,39,,97.219,27.843,-2.5,0.0,0.894,0.889,-0.293,3550,14.51,12.941,1,,,,,,,,,0.185,,,,
2026-09-28T16:37:00.879,817.882,0,860.75,39,,97.219,25.098,-7.5,0.0,0.893,0.882,-0.312,4000,14.51,12.549,0,,,,,,,,,,,0.781,,
2026-09-28T16:37:01.009,818.012,0,895.75,37,,97.219,23.137,-6.0,0.0,0.891,0.875,-0.336,4460,14.51,12.549,0,,,,,,,,,,,,23.137,
2026-09-28T16:37:01.138,818.141,0,894.5,33,,97.25,20.392,-0.5,-0.781,0.889,0.865,-0.367,4590,14.51,12.941,0,,,,,,,,,,,,,853
2026-09-28T16:37:01.271,818.274,0,884.25,34,,97.219,21.176,6.5,-0.781,0.887,0.858,-0.387,4610,14.51,14.118,0,107,,,,,,,,,,,,
2026-09-28T16:37:01.398,818.402,0,872.0,35,,97.219,23.529,-2.5,-1.562,0.885,0.858,-0.387,4730,14.51,13.333,0,,35,,,,,,,,,,,
2026-09-28T16:37:01.529,818.532,0,862.25,40,,97.219,27.451,1.0,-0.781,0.883,0.869,-0.352,5120,14.51,14.118,0,,,3.125,,,,,,,,,,
2026-09-28T16:37:01.659,818.662,0,850.25,45,,97.219,31.373,2.0,-0.781,0.881,0.878,-0.328,5710,14.51,14.902,0,,,,13.808,,,,,,,,,
2026-09-28T16:37:01.789,818.792,0,809.25,48,,97.219,34.51,5.0,-0.781,0.88,0.872,-0.344,6180,14.51,14.51,1,,,,,97,,,,,,,,
2026-09-28T16:37:01.919,818.923,0,797.0,53,,97.219,38.039,-0.5,-1.562,0.88,0.862,-0.375,6650,14.51,13.725,1,,,,,,20,,,,,,,
2026-09-28T16:37:02.049,819.052,0,821.75,52,,97.219,35.294,-5.5,-1.562,0.88,0.857,-0.391,7300,15.686,13.333,2,,,,,,,78.039,,,,,,
2026-09-28T16:37:02.178,819.181,0,834.5,51,,97.219,33.725,-4.0,-2.344,0.88,0.851,-0.41,7970,20.392,13.725,2,,,,,,,,536.1,,,,,
2026-09-28T16:37:02.309,819.312,0,841.75,49,,97.25,32.549,8.0,-3.125,0.88,0.849,-0.418,8500,23.529,14.902,3,,,,,,,,,0.21,,,,
2026-09-28T16:37:02.438,819.441,0,861.0,54,,97.219,38.039,3.5,-3.125,0.88,0.854,-0.398,9160,25.49,15.294,3,,,,,,,,,,,0.781,,
2026-09-28T16:37:02.570,819.574,0,923.5,58,,97.219,39.608,5.0,-3.125,0.88,0.866,-0.363,9970,26.667,15.686,3,,,,,,,,,,,,45.098,
2026-09-28T16:37:02.699,819.703,0,1028.5,60,,97.219,41.176,-1.0,-3.125,0.88,0.86,-0.383,10760,27.451,15.686,4,,,,,,,,,,,,,855
2026-09-28T16:37:02.829,819.833,0,1097.0,60,,97.406,34.51,3.5,-3.906,0.881,0.852,-0.41,10890,27.843,15.686,4,107,,,,,,,,,,,,
2026-09-28T16:37:02.959,819.962,0,1121.5,57,,97.438,33.333,9.0,-4.688,0.88,0.863,-0.371,11550,29.02,16.078,5,,35,,,,,,,,,,,
2026-09-28T16:37:03.089,820.092,0,1119.5,57,,97.531,33.333,10.0,-3.125,0.88,0.88,-0.32,12550,29.804,16.471,6,,,1.562,,,,,,,,,,
2026-09-28T16:37:03.218,820.221,0,1109.5,59,,97.531,36.471,10.0,-3.906,0.88,0.872,-0.344,12770,31.373,17.647,6,,,,13.886,,,,,,,,,
2026-09-28T16:37:03.348,820.351,0,1150.5,67,,97.531,38.824,11.0,-3.906,0.88,0.887,-0.297,12950,32.157,19.216,7,,,,,97,,,,,,,,
2026-09-28T16:37:03.478,820.482,0,1206.75,74,,97.406,40.784,11.0,-1.562,0.88,0.901,-0.258,14380,32.941,21.569,8,,,,,,20,,,,,,,
2026-09-28T16:37:03.609,820.612,0,1256.0,81,,97.531,41.961,11.0,-1.562,0.88,0.891,-0.289,14620,33.333,23.529,9,,,,,,,78.039,,,,,,
2026-09-28T16:37:03.739,820.742,0,1301.0,88,,98.0,41.961,11.0,-1.562,0.88,0.899,-0.262,14900,33.333,23.529,10,,,,,,,,529.3,,,,,
2026-09-28T16:37:03.871,820.874,0,1346.25,89,,98.469,41.176,11.0,0.0,0.885,0.927,-0.195,15570,33.333,23.529,11,,,,,,,,,0.26,,,,
2026-09-28T16:37:03.998,821.001,0,1394.5,88,,99.125,38.431,11.0,0.781,0.888,0.94,-0.164,16410,33.333,23.922,12,,,,,,,,,,,0.781,,
2026-09-28T16:37:04.129,821.132,0,1457.0,88,,100.188,35.294,11.5,1.562,0.892,0.94,-0.16,16820,33.333,25.098,13,,,,,,,,,,,,62.745,
2026-09-28T16:37:04.258,821.262,0,1553.25,91,,100.75,33.333,12.0,3.125,0.895,0.946,-0.148,16270,32.941,25.49,14,,,,,,,,,,,,,856
2026-09-28T16:37:04.389,821.393,0,1667.5,91,,101.594,29.02,12.5,3.906,0.914,0.963,-0.113,15920,32.941,25.49,14,107,,,,,,,,,,,,
2026-09-28T16:37:04.520,821.523,0,1755.0,91,,102.281,27.843,12.5,3.125,0.978,0.999,-0.023,16150,32.941,25.098,15,,35,,,,,,,,,,,
2026-09-28T16:37:04.649,821.652,0,1824.0,91,,104.375,26.667,13.5,3.125,1.0,1.013,-0.008,15850,32.941,24.706,15,,,0.781,,,,,,,,,,
2026-09-28T16:37:04.779,821.782,0,1893.25,90,,105.375,27.059,14.0,3.125,1.008,1.017,-0.004,15530,32.941,23.922,16,,,,13.886,,,,,,,,,
2026-09-28T16:37:04.910,821.913,0,1804.0,89,,106.531,26.667,-12.5,3.125,1.009,1.012,-0.008,15790,32.549,22.353,17,,,,,97,,,,,,,,
2026-09-28T16:37:05.039,822.042,0,1600.5,90,,109.5,28.627,-8.0,3.906,1.008,1.025,0.004,16030,32.157,20.784,17,,,,,,20,,,,,,,
2026-09-28T16:37:05.178,822.181,0,1535.75,89,,110.188,29.412,-2.0,3.906,1.006,1.017,-0.004,15880,31.765,20.392,18,,,,,,,78.039,,,,,,
2026-09-28T16:37:05.309,822.312,0,1511.0,88,,110.375,30.196,1.0,3.906,1.003,1.012,-0.008,15670,30.98,19.216,19,,,,,,,,523.0,,,,,
2026-09-28T16:37:05.439,822.442,0,1472.5,85,,110.406,29.02,5.5,3.906,1.002,0.994,-0.035,15320,30.588,19.216,19,,,,,,,,,0.865,,,,
2026-09-28T16:37:05.570,822.574,0,1458.0,84,,110.031,30.588,8.0,3.125,1.002,0.986,-0.055,15200,30.588,18.431,20,,,,,,,,,,,0.781,,
2026-09-28T16:37:05.699,822.702,0,1483.25,81,,109.562,29.412,14.0,2.344,1.002,0.983,-0.062,15100,30.588,19.216,20,,,,,,,,,,,,50.98,
2026-09-28T16:37:05.829,822.832,0,1519.0,79,,108.5,27.059,14.0,2.344,1.002,0.979,-0.074,15020,30.588,19.608,21,,,,,,,,,,,,,858
2026-09-28T16:37:05.959,822.962,0,1573.5,81,,108.125,25.49,15.0,1.562,1.002,0.983,-0.062,15050,30.588,19.608,22,106,,,,,,,,,,,,
2026-09-28T16:37:06.089,823.092,0,1618.75,81,,107.844,24.706,15.0,1.562,1.002,0.988,-0.051,14890,30.588,19.608,22,,33,,,,,,,,,,,
2026-09-28T16:37:06.219,823.222,0,1661.75,80,,107.531,23.529,15.0,1.562,1.002,0.987,-0.055,14780,30.588,20.0,23,,,0.781,,,,,,,,,,
2026-09-28T16:37:06.348,823.351,0,1685.5,81,,107.156,23.529,15.0,1.562,1.002,0.995,-0.035,14920,30.98,20.392,23,,,,13.828,,,,,,,,,
2026-09-28T16:37:06.478,823.481,0,1723.25,82,,107.0,23.137,15.5,1.562,1.002,1.0,-0.02,14960,30.98,20.784,24,,,,,97,,,,,,,,
2026-09-28T16:37:06.609,823.613,0,1773.75,83,,106.969,23.137,15.5,2.344,1.002,1.011,-0.008,15100,30.98,20.784,24,,,,,,20,,,,,,,
2026-09-28T16:37:06.739,823.742,0,1784.25,82,,107.125,22.745,15.5,2.344,1.002,1.013,-0.008,14980,30.98,21.569,25,,,,,,,78.039,,,,,,
2026-09-28T16:37:06.871,823.874,0,1827.0,84,,107.094,23.137,15.5,2.344,1.002,1.005,-0.016,15150,31.373,21.176,25,,,,,,,,520.0,,,,,
2026-09-28T16:37:06.999,824.002,0,1856.75,84,,107.375,23.137,15.5,2.344,1.002,1.011,-0.008,15140,31.373,21.569,25,,,,,,,,,0.84,,,,
2026-09-28T16:37:07.129,824.132,0,1914.75,84,,107.625,23.922,15.5,2.344,1.002,1.009,-0.012,15170,31.373,21.961,26,,,,,,,,,,,0.781,,
2026-09-28T16:37:07.258,824.261,0,1948.0,84,,107.906,24.314,-18.5,2.344,1.002,0.999,-0.023,15280,31.373,21.569,26,,,,,,,,,,,,54.902,
2026-09-28T16:37:07.389,824.392,0,1774.75,85,,108.312,24.706,-9.5,2.344,1.002,0.999,-0.02,15550,31.373,20.392,26,,,,,,,,,,,,,859
2026-09-28T16:37:07.520,824.524,0,1578.0,85,,109.844,27.451,-4.0,3.906,1.002,1.026,0.008,15550,31.373,20.0,27,105,,,,,,,,,,,,
2026-09-28T16:37:07.648,824.652,0,1507.5,87,,110.125,29.02,-1.5,3.906,1.002,1.019,0.0,15580,31.765,20.0,27,,33,,,,,,,,,,,
2026-09-28T16:37:07.779,824.782,0,1478.25,87,,109.938,30.196,0.0,3.906,1.002,1.008,-0.012,15580,31.765,19.608,28,,,0.781,,,,,,,,,,
2026-09-28T16:37:07.909,824.913,0,1414.75,86,,109.75,31.765,4.0,3.906,1.006,1.008,-0.012,15650,31.765,19.608,28,,,,13.906,,,,,,,,,
2026-09-28T16:37:08.039,825.042,0,1365.75,86,,109.156,35.294,6.5,3.125,1.007,0.994,-0.035,15630,31.765,19.216,29,,,,,97,,,,,,,,
2026-09-28T16:37:08.172,825.175,0,1328.25,85,,108.781,36.078,7.0,2.344,1.007,0.992,-0.039,15610,31.765,19.216,29,,,,,,20,,,,,,,
2026-09-28T16:37:08.298,825.301,0,1347.5,84,,108.5,36.078,7.5,2.344,1.007,0.99,-0.047,15590,31.765,19.608,29,,,,,,,78.039,,,,,,
2026-09-28T16:37:08.429,825.433,0,1366.25,84,,107.562,36.471,7.0,2.344,1.007,0.992,-0.039,15600,31.765,20.0,30,,,,,,,,519.1,,,,,
2026-09-28T16:37:08.558,825.561,0,1379.0,85,,107.406,35.686,8.0,2.344,1.007,1.007,-0.012,15630,31.765,20.392,30,,,,,,,,,0.83,,,,
2026-09-28T16:37:08.689,825.692,0,1400.75,86,,107.188,35.686,8.0,3.125,1.007,1.011,-0.008,15650,31.765,20.392,31,,,,,,,,,,,0.781,,
2026-09-28T16:37:08.819,825.822,0,1422.5,86,,107.094,34.902,8.0,2.344,1.007,0.998,-0.023,15700,31.765,21.176,31,,,,,,,,,,,,58.431,
2026-09-28T16:37:08.948,825.952,0,1446.25,87,,106.875,34.51,7.0,2.344,1.007,0.998,-0.023,15720,32.157,20.784,31,,,,,,,,,,,,,861
2026-09-28T16:37:09.078,826.081,0,1468.5,87,,107.094,33.333,9.5,2.344,1.007,1.0,-0.02,15590,32.157,20.784,32,105,,,,,,,,,,,,
2026-09-28T16:37:09.209,826.212,0,1483.25,87,,107.0,32.549,9.0,2.344,1.006,1.006,-0.016,15650,31.765,21.176,32,,32,,,,,,,,,,,
2026-09-28T16:37:09.338,826.341,0,1503.25,88,,107.125,31.765,9.5,2.344,1.006,1.007,-0.012,15600,31.373,20.392,33,,,0.781,,,,,,,,,,
2026-09-28T16:37:09.470,826.473,0,1520.5,86,,107.375,29.412,14.0,2.344,1.006,1.01,-0.012,15460,30.98,19.608,33,,,,13.925,,,,,,,,,
2026-09-28T16:37:09.599,826.602,0,1532.0,85,,107.438,28.627,14.0,3.125,1.005,1.009,-0.012,15200,29.804,17.647,33,,,,,97,,,,,,,,
2026-09-28T16:37:09.728,826.731,0,1545.0,83,,107.531,23.922,15.0,2.344,1.005,0.987,-0.055,14810,29.804,17.647,33,,,,,,20,,,,,,,
2026-09-28T16:37:09.859,826.862,0,1553.25,72,,107.188,23.137,15.0,0.781,1.005,0.985,-0.059,14080,30.196,18.431,34,,,,,,,78.039,,,,,,
2026-09-28T16:37:09.989,826.992,0,1575.0,72,,106.656,23.529,15.0,1.562,1.005,0.999,-0.023,14330,30.588,19.216,34,,,,,,,,519.4,,,,,
2026-09-28T16:37:10.119,827.122,0,1597.75,75,,106.031,23.529,15.0,1.562,1.005,0.989,-0.047,14870,30.588,19.608,34,,,,,,,,,0.82,,,,
2026-09-28T16:37:10.249,827.253,0,1629.0,78,,105.688,23.529,15.5,0.781,1.004,0.985,-0.059,15030,30.588,19.608,35,,,,,,,,,,,0.781,,
2026-09-28T16:37:10.378,827.381,0,1646.5,79,,105.594,23.137,15.5,0.0,1.004,0.979,-0.074,14960,30.588,20.0,35,,,,,,,,,,,,50.196,
2026-09-28T16:37:10.509,827.512,0,1651.25,81,,105.531,23.529,15.5,0.0,1.004,0.978,-0.078,14950,30.588,20.0,35,,,,,,,,,,,,,862
2026-09-28T16:37:10.639,827.642,0,1643.25,81,,105.625,23.529,15.5,0.0,1.004,0.98,-0.07,14940,29.804,18.824,36,104,,,,,,,,,,,,
2026-09-28T16:37:10.770,827.773,0,1656.75,78,,105.875,22.353,16.0,-0.781,1.004,0.986,-0.055,14670,27.451,16.471,36,,32,,,,,,,,,,,
2026-09-28T16:37:10.899,827.903,0,1665.5,70,,106.125,20.0,16.5,0.0,1.004,0.988,-0.051,14060,23.137,14.902,36,,,1.562,,,,,,,,,,
2026-09-28T16:37:11.028,828.031,0,1673.25,60,,105.812,13.333,15.5,-0.781,1.004,0.984,-0.062,13460,14.902,12.941,36,,,,13.906,,,,,,,,,
2026-09-28T16:37:11.158,828.161,0,1672.0,32,,103.531,0.0,18.5,-1.562,1.004,0.963,-0.113,13190,14.51,12.941,37,,,,,97,,,,,,,,
2026-09-28T16:37:11.289,828.292,0,1653.0,25,,102.688,0.0,18.0,-0.781,1.003,1.034,0.016,12580,14.51,12.941,37,,,,,,20,,,,,,,
2026-09-28T16:37:11.418,828.421,0,1685.0,23,,102.031,0.0,17.0,1.562,1.003,1.074,0.062,12080,14.51,12.941,36,,,,,,,78.039,,,,,,
2026-09-28T16:37:11.549,828.552,0,1674.25,22,,101.062,0.0,12.0,1.562,1.004,1.041,0.023,11570,14.51,12.941,36,,,,,,,,520.5,,,,,
2026-09-28T16:37:11.678,828.681,0,1665.75,22,,100.594,0.0,7.5,0.781,1.005,1.021,0.0,11010,14.51,12.941,36,,,,,,,,,0.81,,,,
2026-09-28T16:37:11.808,828.812,0,1646.0,21,,100.25,0.0,3.5,0.781,1.006,1.02,0.0,10520,14.51,12.941,36,,,,,,,,,,,0.781,,
2026-09-28T16:37:11.939,828.942,0,1571.5,21,,99.719,0.0,-0.5,0.0,1.006,1.027,0.008,10200,14.51,12.549,36,,,,,,,,,,,,11.373,
2026-09-28T16:37:12.068,829.072,0,1547.0,21,,99.469,0.0,-1.0,0.0,1.005,1.134,0.125,9970,14.51,12.941,36,,,,,,,,,,,,,864
2026-09-28T16:37:12.198,829.201,0,1605.5,21,,99.188,0.0,-1.0,0.0,1.003,1.452,0.402,9920,14.51,12.941,35,104,,,,,,,,,,,,
2026-09-28T16:37:12.328,829.331,0,1635.5,23,,98.844,0.0,-1.0,0.0,1.003,2.0,0.695,9930,14.51,12.941,35,,32,,,,,,,,,,,
2026-09-28T16:37:12.458,829.461,0,1621.25,24,,98.812,0.0,-1.0,0.0,1.05,2.0,0.922,9930,14.51,12.941,35,,,4.688,,,,,,,,,,
2026-09-28T16:37:12.588,829.591,0,1608.75,24,,99.344,0.0,-1.0,0.0,1.139,2.0,1.055,9930,14.51,12.941,35,,,,13.964,,,,,,,,,
2026-09-28T16:37:12.718,829.722,0,1592.75,24,,99.188,0.0,-1.0,0.0,1.198,2.0,1.137,9950,14.51,12.941,34,,,,,97,,,,,,,,
2026-09-28T16:37:12.849,829.852,0,1571.75,24,,99.156,0.0,-1.0,0.0,1.279,2.0,1.18,9960,14.51,12.549,34,,,,,,20,,,,,,,
2026-09-28T16:37:12.979,829.982,0,1546.0,24,,99.156,0.0,-1.0,0.0,1.376,2.0,1.211,9960,14.51,12.549,33,,,,,,,78.039,,,,,,
2026-09-28T16:37:13.109,830.112,0,1527.25,23,,99.156,0.0,-1.5,0.0,1.505,2.0,1.23,9960,14.51,12.549,33,,,,,,,,522.8,,,,,
2026-09-28T16:37:13.239,830.242,0,1496.75,24,,99.094,0.0,-2.0,0.0,1.629,2.0,1.242,9960,14.51,12.549,32,,,,,,,,,0.805,,,,
2026-09-28T16:37:13.368,830.372,0,1468.5,23,,98.844,0.0,-2.5,0.0,1.724,2.0,1.246,9970,14.51,12.549,32,,,,,,,,,,,0.781,,
2026-09-28T16:37:13.498,830.502,0,1441.75,23,,98.812,0.0,-2.5,0.0,1.764,2.0,1.254,9970,14.51,12.549,31,,,,,,,,,,,,12.941,
2026-09-28T16:37:13.628,830.632,0,1412.75,23,,98.812,0.0,-2.5,0.0,1.785,2.0,1.262,9960,14.51,12.549,30,,,,,,,,,,,,,866
2026-09-28T16:37:13.758,830.762,0,1385.5,24,,98.812,0.0,-3.0,0.0,1.793,2.0,1.258,9970,14.51,12.157,30,104,,,,,,,,,,,,
2026-09-28T16:37:13.888,830.891,0,1352.25,23,,98.812,0.0,-4.0,0.0,1.797,2.0,1.262,9970,14.51,12.549,29,,32,,,,,,,,,,,
2026-09-28T16:37:14.019,831.022,0,1325.0,23,,98.812,0.0,-4.0,0.0,1.798,2.0,1.262,9970,14.51,12.549,28,,,6.25,,,,,,,,,,
2026-09-28T16:37:14.148,831.152,0,1291.5,24,,98.656,0.0,-5.0,0.0,1.799,2.0,1.266,9970,14.51,12.157,27,,,,13.945,,,,,,,,,
2026-09-28T16:37:14.278,831.281,0,1258.5,24,,98.562,0.0,-5.0,0.0,1.8,2.0,1.266,9960,14.51,12.157,27,,,,,97,,,,,,,,
2026-09-28T16:37:14.408,831.411,0,1231.25,23,,98.5,0.0,-5.5,0.0,1.8,2.0,1.266,9960,14.51,12.157,26,,,,,,20,,,,,,,
2026-09-28T16:37:14.538,831.541,0,1230.25,24,,98.5,0.0,-5.5,0.0,1.8,2.0,1.262,9960,14.51,12.157,25,,,,,,,78.039,,,,,,
2026-09-28T16:37:14.673,831.676,0,1227.75,23,,98.5,0.0,-5.5,0.0,1.8,2.0,1.262,9960,14.51,12.157,24,,,,,,,,525.4,,,,,
2026-09-28T16:37:14.798,831.801,0,1221.75,23,,98.5,0.0,-5.5,0.0,1.8,2.0,1.262,9960,14.51,12.157,23,,,,,,,,,0.1,,,,
2026-09-28T16:37:14.929,831.932,0,1225.25,24,,98.469,0.0,-5.5,0.0,1.8,2.0,1.266,9960,14.51,12.157,23,,,,,,,,,,,0.781,,
2026-09-28T16:37:15.058,832.061,0,1224.75,24,,98.375,0.0,-5.5,0.0,1.8,2.0,1.266,9960,14.51,12.157,21,,,,,,,,,,,,13.333,
2026-09-28T16:37:15.190,832.193,0,1225.5,23,,98.219,0.0,-5.5,0.0,1.8,2.0,1.262,9960,14.51,12.157,21,,,,,,,,,,,,,867
2026-09-28T16:37:15.318,832.321,0,1226.25,24,,98.281,0.0,-5.5,0.0,1.8,2.0,1.262,9950,14.51,12.157,20,104,,,,,,,,,,,,
2026-09-28T16:37:15.448,832.452,0,1219.0,24,,98.188,0.0,-5.5,0.0,1.8,2.0,1.262,9950,14.51,12.157,19,,33,,,,,,,,,,,
2026-09-28T16:37:15.578,832.581,0,1211.75,23,,98.188,0.0,-6.0,0.0,1.8,2.0,1.262,9950,14.51,12.157,18,,,7.031,,,,,,,,,,
2026-09-28T16:37:15.708,832.711,0,1185.25,24,,98.188,0.0,-6.5,0.0,1.8,2.0,1.266,9950,14.51,12.157,17,,,,13.925,,,,,,,,,
2026-09-28T16:37:15.838,832.841,0,1094.5,24,,98.188,11.373,-5.5,0.0,1.79,2.0,1.262,9980,14.51,11.765,16,,,,,97,,,,,,,,
2026-09-28T16:37:15.970,832.973,0,1017.25,24,,98.188,12.941,-5.0,0.0,1.87,2.0,1.238,9720,14.51,11.765,16,,,,,,20,,,,,,,
2026-09-28T16:37:16.098,833.101,0,994.75,23,,98.188,12.157,-2.0,0.0,1.716,2.0,0.914,9330,14.51,11.765,15,,,,,,,78.039,,,,,,
2026-09-28T16:37:16.228,833.231,0,943.0,22,,98.094,11.373,4.0,0.0,1.457,1.421,0.383,9110,14.51,12.157,14,,,,,,,,527.1,,,,,
2026-09-28T16:37:16.358,833.361,0,891.0,24,,97.938,13.333,2.0,0.0,1.27,1.141,0.133,8770,14.51,12.157,13,,,,,,,,,0.1,,,,
2026-09-28T16:37:16.488,833.491,0,855.75,25,,97.875,14.118,4.5,0.0,1.123,1.083,0.07,8350,14.51,12.157,12,,,,,,,,,,,0.781,,
2026-09-28T16:37:16.618,833.622,0,824.5,26,,97.875,16.863,1.0,0.0,1.044,1.005,-0.016,8030,14.51,12.549,12,,,,,,,,,,,,17.647,
2026-09-28T16:37:16.748,833.751,0,806.0,29,,97.781,18.039,-2.5,-0.781,0.987,0.956,-0.129,7570,14.51,12.157,11,,,,,,,,,,,,,869
2026-09-28T16:37:16.878,833.881,0,795.25,31,,97.875,18.824,2.0,0.0,0.957,0.95,-0.141,7200,14.51,12.549,10,104,,,,,,,,,,,,
2026-09-28T16:37:17.008,834.011,0,786.5,32,,97.719,20.392,-1.5,0.0,0.935,0.94,-0.164,6820,14.51,12.549,10,,34,,,,,,,,,,,
2026-09-28T16:37:17.138,834.141,0,780.75,33,,97.625,20.784,-1.0,0.0,0.924,0.93,-0.188,6320,14.51,12.157,9,,,4.688,,,,,,,,,,
2026-09-28T16:37:17.270,834.273,0,790.0,33,,97.594,20.0,-2.5,0.0,0.916,0.928,-0.195,5930,14.51,12.157,9,,,,13.925,,,,,,,,,
2026-09-28T16:37:17.398,834.401,0,816.0,32,,97.562,20.0,-3.5,0.781,0.912,0.925,-0.199,5490,14.51,12.157,8,,,,,97,,,,,,,,
2026-09-28T16:37:17.529,834.532,0,828.25,32,,97.531,19.216,-5.0,0.781,0.909,0.919,-0.215,5220,14.51,12.157,8,,,,,,20,,,,,,,
2026-09-28T16:37:17.658,834.662,0,839.25,31,,97.531,19.216,-3.0,0.0,0.907,0.902,-0.258,4930,16.078,12.549,7,,,,,,,78.039,,,,,,
2026-09-28T16:37:17.788,834.791,0,838.0,31,,97.531,18.431,9.0,0.0,0.904,0.888,-0.297,4640,23.529,13.725,7,,,,,,,,526.6,,,,,
2026-09-28T16:37:17.918,834.921,0,866.5,33,,97.469,25.49,10.0,-0.781,0.903,0.875,-0.332,4570,27.451,15.294,7,,,,,,,,,0.165,,,,
2026-09-28T16:37:18.048,835.051,0,934.25,45,,97.219,32.941,9.0,-1.562,0.9,0.875,-0.336,4870,28.627,16.863,7,,,,,,,,,,,0.781,,
2026-09-28T16:37:18.178,835.182,0,1081.25,54,,97.062,36.863,9.5,-1.562,0.897,0.87,-0.348,5380,29.02,16.078,8,,,,,,,,,,,,43.529,
2026-09-28T16:37:18.309,835.312,0,1141.75,59,,97.219,34.51,10.5,-3.125,0.894,0.851,-0.414,6020,29.02,16.471,8,,,,,,,,,,,,,870
2026-09-28T16:37:18.438,835.442,0,1148.5,60,,97.375,32.941,10.5,-3.906,0.89,0.854,-0.398,6550,29.412,16.471,8,104,,,,,,,,,,,,
2026-09-28T16:37:18.570,835.573,0,1137.25,60,,97.406,32.941,10.0,-3.125,0.885,0.865,-0.367,7080,30.588,17.647,8,,34,,,,,,,,,,,
2026-09-28T16:37:18.698,835.701,0,1131.5,61,,97.438,35.294,10.5,-3.125,0.882,0.871,-0.348,7850,31.765,19.216,9,,,0.781,,,,,,,,,,
2026-09-28T16:37:18.828,835.832,0,1167.5,68,,97.219,42.745,11.0,-2.344,0.881,0.88,-0.316,8860,32.549,21.961,9,,,,13.847,,,,,,,,,
2026-09-28T16:37:18.958,835.961,0,1208.75,84,,97.375,44.706,10.5,-2.344,0.88,0.878,-0.324,9720,33.333,23.137,10,,,,,97,,,,,,,,
2026-09-28T16:37:19.088,836.091,0,1235.25,87,,97.625,45.882,10.5,-1.562,0.88,0.888,-0.297,10310,33.725,23.922,11,,,,,,20,,,,,,,
2026-09-28T16:37:19.218,836.221,0,1243.75,89,,97.969,46.667,10.0,-1.562,0.882,0.897,-0.27,11130,34.118,24.706,11,,,,,,,78.039,,,,,,
2026-09-28T16:37:19.348,836.351,0,1265.75,91,,98.875,45.882,10.0,-0.781,0.886,0.908,-0.242,12090,34.51,24.706,12,,,,,,,,523.0,,,,,
2026-09-28T16:37:19.478,836.481,0,1284.25,91,,99.375,46.275,10.5,0.0,0.888,0.908,-0.242,13170,34.902,25.49,13,,,,,,,,,0.235,,,,
2026-09-28T16:37:19.608,836.612,0,1288.75,93,,99.875,46.667,10.5,0.0,0.89,0.905,-0.246,13200,34.902,24.706,13,,,,,,,,,,,0.781,,
2026-09-28T16:37:19.739,836.742,0,1296.75,92,,101.156,45.49,11.0,0.0,0.892,0.918,-0.219,14060,34.902,24.314,14,,,,,,,,,,,,68.627,
2026-09-28T16:37:19.870,836.873,0,1301.5,93,,101.719,45.49,9.5,0.781,0.893,0.914,-0.227,15160,34.902,25.098,15,,,,,,,,,,,,,872
2026-09-28T16:37:19.998,837.001,0,1297.0,94,,102.125,46.667,9.5,0.0,0.894,0.896,-0.273,15480,35.294,25.098,16,104,,,,,,,,,,,,
2026-09-28T16:37:20.128,837.131,0,1301.25,95,,103.094,46.275,9.0,0.0,0.894,0.898,-0.266,15970,35.294,24.314,16,,34,,,,,,,,,,,
2026-09-28T16:37:20.258,837.261,0,1302.0,95,,103.688,46.275,7.5,0.0,0.895,0.908,-0.242,16440,35.294,23.922,17,,,0.781,,,,,,,,,,
2026-09-28T16:37:20.398,837.401,0,1311.0,94,,104.094,46.275,6.5,0.781,0.897,0.906,-0.246,16970,35.686,25.098,18,,,,13.925,,,,,,,,,
2026-09-28T16:37:20.528,837.531,0,1349.25,94,,104.688,46.275,6.0,0.781,0.927,0.939,-0.164,17660,35.686,26.275,19,,,,,97,,,,,,,,
2026-09-28T16:37:20.658,837.661,0,1402.75,97,,105.0,45.882,6.0,0.0,0.976,0.963,-0.113,17040,35.686,26.667,19,,,,,,20,,,,,,,
2026-09-28T16:37:20.788,837.792,0,1458.0,98,,105.625,43.922,6.5,0.0,0.998,0.989,-0.047,16820,35.294,27.059,20,,,,,,,78.824,,,,,,
2026-09-28T16:37:20.921,837.924,0,1515.5,98,,106.219,38.824,6.5,0.0,1.007,0.997,-0.027,17260,35.294,27.451,21,,,,,,,,519.9,,,,,
2026-09-28T16:37:21.049,838.052,0,1571.75,99,,107.719,37.647,6.5,0.0,1.008,1.008,-0.012,17010,35.294,27.059,22,,,,,,,,,0.89,,,,
2026-09-28T16:37:21.178,838.181,0,1624.75,99,,108.531,35.294,7.5,0.0,1.006,1.018,-0.004,16720,35.294,26.667,23,,,,,,,,,,,0.781,,
2026-09-28T16:37:21.309,838.312,0,1694.75,99,,109.5,34.51,8.0,0.0,1.003,1.002,-0.02,17100,35.294,26.667,23,,,,,,,,,,,,73.333,
2026-09-28T16:37:21.438,838.442,0,1746.5,99,,111.094,32.549,8.5,0.0,1.002,1.022,0.004,16610,35.294,26.275,24,,,,,,,,,,,,,873
2026-09-28T16:37:21.570,838.573,0,1813.5,99,,112.0,31.373,8.5,1.562,1.001,1.03,0.012,16410,35.294,25.882,25,104,,,,,,,,,,,,
2026-09-28T16:37:21.698,838.702,0,1838.75,98,,113.031,30.98,9.5,1.562,1.001,1.019,0.0,16510,35.294,25.882,26,,33,,,,,,,,,,,
2026-09-28T16:37:21.828,838.831,0,1912.5,98,,114.719,31.765,9.5,0.781,1.001,1.0,-0.02,16630,35.294,25.098,26,,,0.0,,,,,,,,,,
2026-09-28T16:37:21.958,838.961,0,1938.0,97,,115.562,32.157,9.5,0.781,1.0,1.0,-0.02,16630,35.294,25.098,27,,,,13.847,,,,,,,,,
2026-09-28T16:37:22.089,839.092,0,1992.25,97,,116.312,32.157,10.0,0.781,1.0,0.991,-0.043,16680,35.294,25.098,27,,,,,97,,,,,,,,
2026-09-28T16:37:22.218,839.221,0,2007.25,97,,116.875,32.549,-23.5,0.0,1.0,0.99,-0.047,16810,35.294,25.098,28,,,,,,20,,,,,,,
2026-09-28T16:37:22.349,839.352,0,1737.0,100,,118.656,31.373,-10.0,0.0,1.0,1.006,-0.016,17170,35.294,23.529,28,,,,,,,78.824,,,,,,
2026-09-28T16:37:22.478,839.481,0,1605.0,99,,120.25,33.333,-3.0,3.125,1.001,1.051,0.035,16960,34.902,22.353,29,,,,,,,,527.8,,,,,
2026-09-28T16:37:22.608,839.611,0,1577.75,99,,120.312,35.294,-2.0,2.344,1.001,1.004,-0.016,16680,34.902,22.353,29,,,,,,,,,0.835,,,,
2026-09-28T16:37:22.738,839.741,0,1559.5,98,,119.281,36.471,2.5,0.781,1.001,0.973,-0.09,16840,34.51,22.353,30,,,,,,,,,,,0.781,,
2026-09-28T16:37:22.870,839.873,0,1510.75,98,,118.344,38.039,8.0,0.0,1.002,0.975,-0.086,17360,34.51,21.961,31,,,,,,,,,,,,73.333,
2026-09-28T16:37:22.999,840.002,0,1448.5,98,,117.594,40.392,9.5,0.0,1.001,0.97,-0.098,17010,34.118,21.176,31,,,,,,,,,,,,,875
2026-09-28T16:37:23.128,840.131,0,1453.0,98,,115.844,40.392,9.5,-0.781,1.005,0.973,-0.09,16460,34.118,22.353,32,103,,,,,,,,,,,,
2026-09-28T16:37:23.258,840.261,0,1468.5,96,,114.938,40.784,10.0,-0.781,1.006,0.983,-0.062,16860,33.725,21.961,32,,32,,,,,,,,,,,
2026-09-28T16:37:23.388,840.392,0,1479.75,96,,114.438,38.824,10.5,-0.781,1.007,0.981,-0.066,16730,31.373,19.608,32,,,0.781,,,,,,,,,,
2026-09-28T16:37:23.518,840.521,0,1505.25,94,,114.125,27.843,13.0,-0.781,1.007,0.998,-0.023,15740,29.804,17.647,33,,,,13.867,,,,,,,,,
2026-09-28T16:37:23.648,840.651,0,1516.0,81,,108.781,27.059,14.0,-0.781,1.006,1.008,-0.012,15850,29.804,18.039,33,,,,,97,,,,,,,,
2026-09-28T16:37:23.778,840.781,0,1541.25,79,,107.531,26.275,14.5,-0.781,1.006,0.993,-0.039,14710,29.804,18.431,34,,,,,,20,,,,,,,
2026-09-28T16:37:23.910,840.913,0,1559.5,78,,106.594,25.49,14.5,-1.562,1.006,0.986,-0.055,14950,30.196,18.824,34,,,,,,,78.039,,,,,,
2026-09-28T16:37:24.038,841.041,0,1577.75,77,,104.719,23.529,15.0,-2.344,1.005,0.979,-0.074,14480,29.804,19.216,34,,,,,,,,530.7,,,,,
2026-09-28T16:37:24.172,841.175,0,1593.0,76,,104.0,23.529,15.5,-2.344,1.005,0.988,-0.051,14280,30.196,18.824,34,,,,,,,,,0.825,,,,
2026-09-28T16:37:24.298,841.301,0,1608.5,74,,103.625,22.353,15.5,-2.344,1.005,0.996,-0.027,14580,30.196,19.216,34,,,,,,,,,,,0.781,,
2026-09-28T16:37:24.428,841.431,0,1607.75,73,,102.75,22.353,15.5,-3.125,1.005,0.973,-0.09,14380,29.804,19.216,35,,,,,,,,,,,,47.843,
2026-09-28T16:37:24.558,841.561,0,1620.75,75,,102.375,22.745,15.5,-3.906,1.005,0.986,-0.055,14410,29.804,18.824,35,,,,,,,,,,,,,876
2026-09-28T16:37:24.688,841.691,0,1624.5,73,,102.344,21.961,16.0,-2.344,1.005,1.011,-0.008,14190,29.804,19.216,35,103,,,,,,,,,,,,
2026-09-28T16:37:24.819,841.822,0,1642.25,76,,101.938,20.784,15.5,-1.562,1.005,1.026,0.008,13870,18.824,14.51,36,,31,,,,,,,,,,,
2026-09-28T16:37:24.949,841.952,0,1637.0,57,,102.688,0.0,14.5,-0.781,1.005,1.024,0.004,13850,14.51,12.941,36,,,2.344,,,,,,,,,,
2026-09-28T16:37:25.078,842.082,0,1646.0,39,,102.375,0.0,18.0,-2.344,1.005,1.011,-0.008,13060,14.51,12.549,36,,,,13.867,,,,,,,,,
2026-09-28T16:37:25.208,842.211,0,1624.75,27,,101.906,0.0,28.5,-1.562,1.005,1.01,-0.012,12490,14.51,12.549,36,,,,,97,,,,,,,,
2026-09-28T16:37:25.338,842.341,0,1612.25,22,,101.031,0.0,20.5,-1.562,1.005,1.025,0.004,12690,14.51,12.941,35,,,,,,20,,,,,,,
2026-09-28T16:37:25.478,842.481,0,1638.0,21,,100.5,0.0,14.0,-0.781,1.006,1.023,0.004,12130,14.51,12.549,35,,,,,,,78.039,,,,,,
2026-09-28T16:37:25.608,842.612,0,1631.75,21,,100.156,0.0,9.0,-0.781,1.007,1.027,0.008,11660,14.51,12.549,36,,,,,,,,532.5,,,,,
2026-09-28T16:37:25.738,842.741,0,1624.75,21,,99.781,0.0,5.0,-0.781,1.007,1.019,0.0,11190,14.51,12.941,35,,,,,,,,,0.82,,,,
2026-09-28T16:37:25.868,842.872,0,1612.0,20,,99.469,0.0,0.5,0.0,1.008,1.025,0.004,10820,14.51,12.941,35,,,,,,,,,,,0.781,,
2026-09-28T16:37:25.998,843.001,0,1600.75,20,,99.156,0.0,-1.0,0.0,1.007,1.117,0.105,10520,14.51,12.941,35,,,,,,,,,,,,11.765,
2026-09-28T16:37:26.129,843.132,0,1581.75,21,,98.812,0.0,-1.0,0.0,1.005,1.401,0.367,10470,14.51,12.941,34,,,,,,,,,,,,,878
2026-09-28T16:37:26.258,843.261,0,1570.75,22,,98.812,0.0,-1.0,0.0,0.998,1.911,0.645,10480,14.51,12.549,34,103,,,,,,,,,,,,
2026-09-28T16:37:26.389,843.392,0,1555.25,23,,99.0,0.0,-1.0,0.0,1.028,2.0,0.875,10480,14.51,12.941,34,,31,,,,,,,,,,,
2026-09-28T16:37:26.518,843.521,0,1542.0,23,,99.156,0.0,-1.0,0.0,1.094,2.0,1.012,10480,14.51,12.549,33,,,4.688,,,,,,,,,,
2026-09-28T16:37:26.648,843.651,0,1529.5,23,,99.125,0.0,-1.5,0.0,1.172,2.0,1.098,10490,14.51,12.549,33,,,,13.945,,,,,,,,,
2026-09-28T16:37:26.778,843.781,0,1512.0,23,,99.094,0.0,-1.5,0.0,1.224,2.0,1.156,10490,14.51,12.549,33,,,,,97,,,,,,,,
2026-09-28T16:37:26.908,843.911,0,1498.0,23,,98.938,0.0,-2.0,0.0,1.312,2.0,1.184,10490,14.51,12.549,32,,,,,,20,,,,,,,
2026-09-28T16:37:27.038,844.041,0,1478.5,23,,98.812,0.0,-2.0,0.0,1.407,2.0,1.219,10490,14.51,12.549,32,,,,,,,78.039,,,,,,
2026-09-28T16:37:27.172,844.175,0,1459.75,23,,98.812,0.0,-2.5,0.0,1.532,2.0,1.227,10490,14.51,12.549,32,,,,,,,,534.6,,,,,
2026-09-28T16:37:27.299,844.302,0,1439.75,23,,98.812,0.0,-2.5,0.0,1.646,2.0,1.238,10500,14.51,12.549,31,,,,,,,,,0.825,,,,
2026-09-28T16:37:27.428,844.432,0,1409.0,23,,98.812,0.0,-3.0,0.0,1.731,2.0,1.25,10500,14.51,12.549,30,,,,,,,,,,,0.781,,
2026-09-28T16:37:27.558,844.562,0,1382.0,23,,98.812,0.0,-3.0,0.0,1.766,2.0,1.25,10500,14.51,12.549,30,,,,,,,,,,,,12.941,
2026-09-28T16:37:27.688,844.691,0,1361.75,23,,98.75,0.0,-4.0,0.0,1.785,2.0,1.254,10500,14.51,12.549,29,,,,,,,,,,,,,880
2026-09-28T16:37:27.818,844.821,0,1347.5,23,,98.656,0.0,-4.0,0.0,1.793,2.0,1.258,10490,14.51,12.157,29,103,,,,,,,,,,,,
2026-09-28T16:37:27.948,844.951,0,1326.5,23,,98.5,0.0,-4.0,0.0,1.797,2.0,1.262,10490,14.51,12.157,28,,32,,,,,,,,,,,
2026-09-28T16:37:28.078,845.082,0,1300.0,23,,98.531,0.0,-4.5,0.0,1.798,2.0,1.262,10490,14.51,12.157,28,,,6.25,,,,,,,,,,
2026-09-28T16:37:28.209,845.212,0,1279.75,23,,98.562,0.0,-5.0,0.0,1.799,2.0,1.262,10500,14.51,12.157,27,,,,13.964,,,,,,,,,
2026-09-28T16:37:28.338,845.341,0,1252.25,24,,98.5,0.0,-5.5,0.0,1.8,2.0,1.266,10490,14.51,12.157,27,,,,,97,,,,,,,,
2026-09-28T16:37:28.469,845.472,0,1226.75,24,,98.5,0.0,-6.0,0.0,1.8,2.0,1.262,10490,14.51,12.157,26,,,,,,20,,,,,,,
2026-09-28T16:37:28.598,845.601,0,1202.25,23,,98.469,0.0,-6.0,0.0,1.8,2.0,1.262,10500,14.51,12.157,25,,,,,,,78.039,,,,,,
2026-09-28T16:37:28.728,845.731,0,1195.25,23,,98.469,0.0,-6.0,0.0,1.8,2.0,1.266,10490,14.51,12.157,25,,,,,,,,537.2,,,,,
2026-09-28T16:37:28.859,845.862,0,1194.0,23,,98.344,0.0,-6.0,0.0,1.8,2.0,1.262,10480,14.51,12.157,24,,,,,,,,,0.1,,,,
2026-09-28T16:37:28.988,845.991,0,1188.75,23,,98.469,0.0,-6.0,0.0,1.8,2.0,1.258,10490,14.51,12.157,24,,,,,,,,,,,0.781,,
2026-09-28T16:37:29.118,846.121,0,1187.0,23,,98.219,0.0,-6.0,0.0,1.8,2.0,1.262,10490,14.51,12.157,23,,,,,,,,,,,,12.549,
2026-09-28T16:37:29.248,846.252,0,1190.0,23,,98.188,0.0,-6.0,0.0,1.8,2.0,1.262,10480,14.51,12.157,23,,,,,,,,,,,,,881
2026-09-28T16:37:29.378,846.381,0,1194.25,23,,98.188,0.0,-6.0,0.0,1.8,2.0,1.258,10490,14.51,12.157,22,102,,,,,,,,,,,,
2026-09-28T16:37:29.508,846.511,0,1197.75,23,,98.188,0.0,-6.0,0.0,1.8,2.0,1.262,10480,14.51,12.157,22,,32,,,,,,,,,,,
2026-09-28T16:37:29.639,846.642,0,1198.0,23,,98.188,0.0,-6.0,0.0,1.8,2.0,1.258,10480,14.51,12.157,21,,,7.031,,,,,,,,,,
2026-09-28T16:37:29.769,846.772,0,1195.5,23,,98.188,0.0,-6.0,0.0,1.8,2.0,1.262,10480,14.51,12.157,21,,,,13.925,,,,,,,,,
2026-09-28T16:37:29.898,846.901,0,1188.75,23,,98.188,0.0,-6.0,0.0,1.8,2.0,1.258,10480,14.51,12.157,20,,,,,97,,,,,,,,
2026-09-28T16:37:30.028,847.032,0,1188.0,23,,98.188,0.0,-6.0,0.0,1.8,2.0,1.262,10480,14.51,12.157,20,,,,,,20,,,,,,,
2026-09-28T16:37:30.158,847.162,0,1185.75,24,,98.156,0.0,-6.0,0.0,1.8,2.0,1.262,10480,14.51,12.157,20,,,,,,,78.039,,,,,,
2026-09-28T16:37:30.288,847.291,0,1188.5,23,,98.156,0.0,-6.0,0.0,1.8,2.0,1.258,10480,14.51,12.157,19,,,,,,,,539.8,,,,,
2026-09-28T16:37:30.419,847.422,0,1189.5,23,,98.125,0.0,-6.0,0.0,1.8,2.0,1.258,10470,14.51,12.157,19,,,,,,,,,0.1,,,,
2026-09-28T16:37:30.548,847.551,0,1187.75,23,,98.125,0.0,-6.0,0.0,1.8,2.0,1.262,10480,14.51,12.157,18,,,,,,,,,,,0.781,,
2026-09-28T16:37:30.678,847.681,0,1188.0,23,,98.094,0.0,-6.0,0.0,1.8,2.0,1.262,10470,14.51,12.157,18,,,,,,,,,,,,12.941,
2026-09-28T16:37:30.808,847.811,0,1181.75,23,,98.031,0.0,-6.5,0.0,1.8,2.0,1.258,10470,14.51,12.157,18,,,,,,,,,,,,,883
2026-09-28T16:37:30.938,847.941,0,1138.25,23,,98.094,0.0,-7.5,0.0,1.751,2.0,1.262,10460,14.51,11.765,17,102,,,,,,,,,,,,
2026-09-28T16:37:31.069,848.072,0,1036.75,23,,97.938,10.98,-1.5,0.0,1.881,2.0,1.262,10370,14.51,11.373,17,,33,,,,,,,,,,,
2026-09-28T16:37:31.198,848.201,0,976.5,24,,97.938,12.157,-0.5,0.0,1.822,2.0,1.168,10490,14.51,11.373,17,,,7.812,,,,,,,,,,
2026-09-28T16:37:31.329,848.332,0,957.5,22,,97.875,11.373,1.5,0.0,1.589,2.0,0.828,10340,14.51,11.373,17,,,,13.847,,,,,,,,,
2026-09-28T16:37:31.458,848.461,0,928.0,22,,97.875,11.765,6.0,0.0,1.379,1.565,0.477,10010,14.51,12.157,17,,,,,97,,,,,,,,
2026-09-28T16:37:31.588,848.591,0,886.75,23,,97.812,13.333,2.5,0.0,1.196,1.267,0.258,9590,14.51,11.765,17,,,,,,20,,,,,,,
2026-09-28T16:37:31.718,848.721,0,859.25,24,,97.875,14.51,4.5,0.0,1.092,1.122,0.113,9280,14.51,12.157,17,,,,,,,78.039,,,,,,
2026-09-28T16:37:31.848,848.851,0,836.5,27,,97.656,16.078,-0.5,0.0,1.016,0.998,-0.023,8830,14.51,11.765,17,,,,,,,,540.7,,,,,
2026-09-28T16:37:31.979,848.982,0,831.5,27,,97.688,16.078,0.0,-0.781,0.977,0.943,-0.156,8500,14.51,11.765,16,,,,,,,,,0.11,,,,
2026-09-28T16:37:32.109,849.112,0,830.25,27,,97.656,16.078,0.0,-1.562,0.948,0.922,-0.207,8070,14.51,12.157,16,,,,,,,,,,,0.781,,
2026-09-28T16:37:32.238,849.241,0,826.75,28,,97.531,16.471,0.0,-0.781,0.933,0.909,-0.238,7660,14.51,12.157,16,,,,,,,,,,,,17.647,
2026-09-28T16:37:32.369,849.373,0,822.75,28,,97.531,16.863,-1.5,-0.781,0.922,0.905,-0.25,7340,14.51,12.157,16,,,,,,,,,,,,,884
2026-09-28T16:37:32.498,849.501,0,821.25,29,,97.531,16.863,-3.0,-0.781,0.916,0.905,-0.246,6910,14.51,12.157,15,103,,,,,,,,,,,,
2026-09-28T16:37:32.628,849.631,0,821.75,28,,97.531,16.863,-2.5,0.0,0.911,0.909,-0.238,6580,14.51,12.157,15,,34,,,,,,,,,,,
2026-09-28T16:37:32.758,849.761,0,816.75,28,,97.531,16.863,-2.0,0.0,0.909,0.904,-0.25,6130,14.51,12.157,14,,,5.469,,,,,,,,,,
2026-09-28T16:37:32.888,849.891,0,815.25,28,,97.531,16.863,-1.5,-0.781,0.906,0.894,-0.281,5810,14.51,12.157,14,,,,13.925,,,,,,,,,
2026-09-28T16:37:33.018,850.021,0,811.5,28,,97.531,17.255,-2.0,-1.562,0.904,0.875,-0.336,5380,14.51,12.157,14,,,,,97,,,,,,,,
2026-09-28T16:37:33.148,850.151,0,806.0,29,,97.5,17.255,-2.0,-2.344,0.903,0.87,-0.348,5070,14.51,12.157,13,,,,,,20,,,,,,,
2026-09-28T16:37:33.278,850.281,0,800.0,29,,97.531,17.255,-1.0,-2.344,0.902,0.871,-0.344,4650,14.51,11.765,13,,,,,,,78.039,,,,,,
2026-09-28T16:37:33.408,850.411,0,795.75,29,,97.5,17.255,2.0,-2.344,0.9,0.872,-0.344,4350,14.51,11.765,13,,,,,,,,540.1,,,,,
2026-09-28T16:37:33.538,850.541,0,789.0,29,,97.406,17.255,1.5,-3.125,0.899,0.873,-0.34,3930,14.51,11.765,12,,,,,,,,,0.175,,,,
2026-09-28T16:37:33.671,850.674,0,786.25,29,,97.469,17.647,3.0,-3.125,0.897,0.871,-0.348,3620,14.51,12.157,12,,,,,,,,,,,0.781,,
2026-09-28T16:37:33.798,850.801,0,787.25,29,,97.438,17.647,4.0,-3.125,0.896,0.87,-0.348,3320,14.51,12.157,12,,,,,,,,,,,,18.431,
2026-09-28T16:37:33.928,850.931,0,779.25,29,,97.344,18.824,2.0,-3.125,0.894,0.872,-0.34,2910,14.51,12.157,11,,,,,,,,,,,,,886
2026-09-28T16:37:34.059,851.062,0,773.25,31,,97.375,19.216,1.5,-3.125,0.893,0.878,-0.324,2600,14.51,12.157,11,104,,,,,,,,,,,,
2026-09-28T16:37:34.189,851.192,0,777.25,32,,97.281,19.216,-1.0,-2.344,0.891,0.886,-0.301,2560,14.51,12.157,11,,34,,,,,,,,,,,
2026-09-28T16:37:34.318,851.321,0,779.0,32,,97.312,19.216,0.5,-1.562,0.89,0.897,-0.27,2610,14.51,12.549,10,,,5.469,,,,,,,,,,
2026-09-28T16:37:34.448,851.451,0,776.5,32,,97.25,19.608,7.5,-1.562,0.888,0.904,-0.25,2590,14.51,14.118,10,,,,13.886,,,,,,,,,
2026-09-28T16:37:34.578,851.581,0,770.25,34,,97.219,25.49,1.0,-0.781,0.886,0.906,-0.246,2660,14.51,12.941,10,,,,,97,,,,,,,,
2026-09-28T16:37:34.708,851.711,0,804.75,42,,97.25,27.059,-5.5,-0.781,0.884,0.905,-0.246,2910,14.51,12.549,10,,,,,,20,,,,,,,
2026-09-28T16:37:34.838,851.841,0,870.25,38,,97.219,22.745,-10.5,-0.781,0.883,0.9,-0.262,3500,14.51,12.157,9,,,,,,,78.039,,,,,,
2026-09-28T16:37:34.969,851.972,0,883.25,34,,97.219,20.392,-6.0,-0.781,0.881,0.891,-0.289,3720,14.51,12.157,10,,,,,,,,538.9,,,,,
2026-09-28T16:37:35.098,852.101,0,890.0,33,,97.219,20.0,-2.5,-1.562,0.881,0.872,-0.344,3680,14.51,12.549,9,,,,,,,,,0.2,,,,
2026-09-28T16:37:35.228,852.231,0,891.75,32,,97.219,20.0,-3.0,-2.344,0.881,0.866,-0.363,3550,14.51,12.549,9,,,,,,,,,,,0.781,,
2026-09-28T16:37:35.358,852.361,0,901.0,32,,97.219,19.608,-4.5,-2.344,0.881,0.867,-0.359,3470,14.51,12.157,9,,,,,,,,,,,,20.784,
2026-09-28T16:37:35.488,852.491,0,906.75,32,,97.219,19.216,-4.0,-2.344,0.881,0.869,-0.352,3370,14.51,12.157,9,,,,,,,,,,,,,887
2026-09-28T16:37:35.619,852.622,0,906.0,31,,97.219,18.039,-1.5,-2.344,0.881,0.871,-0.344,3300,14.902,12.157,8,104,,,,,,,,,,,,
2026-09-28T16:37:35.748,852.751,0,905.0,30,,97.219,18.039,-1.0,-2.344,0.881,0.871,-0.348,3320,15.686,12.157,8,,34,,,,,,,,,,,
2026-09-28T16:37:35.878,852.881,0,897.5,30,,97.219,18.039,-2.0,-2.344,0.881,0.871,-0.344,3420,17.647,12.157,8,,,6.25,,,,,,,,,,
2026-09-28T16:37:36.009,853.012,0,892.25,30,,97.219,18.431,6.5,-2.344,0.881,0.871,-0.344,3540,20.392,12.941,8,,,,13.964,,,,,,,,,
2026-09-28T16:37:36.138,853.141,0,900.25,34,,97.219,21.961,7.5,-2.344,0.881,0.879,-0.324,3810,21.569,13.333,7,,,,,97,,,,,,,,
2026-09-28T16:37:36.268,853.272,0,920.25,36,,97.219,23.137,8.0,-2.344,0.881,0.881,-0.316,4270,22.353,13.725,7,,,,,,20,,,,,,,
2026-09-28T16:37:36.398,853.401,0,982.5,39,,97.219,25.49,-1.0,-2.344,0.881,0.877,-0.328,4840,23.529,13.725,7,,,,,,,78.824,,,,,,
2026-09-28T16:37:36.528,853.531,0,1030.25,40,,97.156,26.667,10.5,-2.344,0.88,0.869,-0.352,5610,26.275,15.294,7,,,,,,,,537.0,,,,,
2026-09-28T16:37:36.658,853.661,0,1017.0,48,,97.0,32.157,5.5,-3.906,0.88,0.854,-0.398,6130,26.275,14.902,7,,,,,,,,,0.22,,,,
2026-09-28T16:37:36.789,853.792,0,957.5,51,,97.219,33.333,4.0,-4.688,0.88,0.847,-0.422,6620,26.275,14.51,7,,,,,,,,,,,0.781,,
2026-09-28T16:37:36.918,853.921,0,940.75,53,,97.219,35.686,1.0,-4.688,0.88,0.855,-0.395,7100,26.275,14.902,7,,,,,,,,,,,,39.216,
2026-09-28T16:37:37.048,854.051,0,969.5,54,,97.219,36.078,-0.5,-4.688,0.88,0.86,-0.379,7770,26.667,14.902,7,,,,,,,,,,,,,889
2026-09-28T16:37:37.178,854.181,0,990.75,54,,97.219,35.686,0.0,-4.688,0.88,0.863,-0.371,8270,26.667,14.902,7,104,,,,,,,,,,,,
2026-09-28T16:37:37.309,854.313,0,995.75,55,,97.219,36.863,0.5,-4.688,0.881,0.863,-0.367,8790,26.667,14.902,7,,35,,,,,,,,,,,
2026-09-28T16:37:37.438,854.441,0,985.25,55,,97.406,36.471,1.0,-5.469,0.881,0.864,-0.367,9450,27.059,14.902,7,,,2.344,,,,,,,,,,
2026-09-28T16:37:37.569,854.572,0,979.5,55,,97.5,36.863,-0.5,-4.688,0.881,0.872,-0.344,9960,27.059,14.902,7,,,,13.847,,,,,,,,,
2026-09-28T16:37:37.698,854.701,0,984.25,56,,97.531,37.255,-0.5,-4.688,0.881,0.881,-0.316,10520,27.059,14.902,7,,,,,97,,,,,,,,
2026-09-28T16:37:37.828,854.831,0,987.5,56,,97.531,36.863,5.0,-4.688,0.881,0.874,-0.336,11060,27.843,15.294,7,,,,,,20,,,,,,,
2026-09-28T16:37:37.958,854.961,0,989.75,57,,97.531,38.039,0.5,-5.469,0.881,0.873,-0.34,11750,27.843,15.294,7,,,,,,,78.824,,,,,,
2026-09-28T16:37:38.088,855.091,0,989.25,57,,97.562,38.039,2.0,-5.469,0.881,0.876,-0.332,12250,27.843,15.294,7,,,,,,,,532.6,,,,,
2026-09-28T16:37:38.219,855.222,0,993.75,58,,97.531,39.216,3.5,-4.688,0.881,0.878,-0.324,12690,28.235,15.686,7,,,,,,,,,0.245,,,,
2026-09-28T16:37:38.349,855.352,0,1008.75,60,,97.812,40.392,2.5,-4.688,0.881,0.876,-0.332,13260,29.412,15.686,7,,,,,,,,,,,0.781,,
2026-09-28T16:37:38.479,855.482,0,1031.5,60,,97.75,39.608,8.5,-5.469,0.881,0.875,-0.332,13740,29.804,16.078,7,,,,,,,,,,,,47.843,
2026-09-28T16:37:38.609,855.612,0,1038.5,63,,97.875,41.176,9.5,-5.469,0.881,0.872,-0.344,14380,29.804,16.078,7,,,,,,,,,,,,,890
2026-09-28T16:37:38.738,855.741,0,1044.25,66,,97.875,41.176,7.5,-5.469,0.88,0.872,-0.344,14870,29.804,16.471,7,104,,,,,,,,,,,,
2026-09-28T16:37:38.868,855.871,0,1064.5,66,,98.0,40.784,5.5,-5.469,0.88,0.869,-0.352,15430,29.804,16.078,7,,35,,,,,,,,,,,
2026-09-28T16:37:38.998,856.001,0,1083.5,66,,98.188,40.0,6.5,-5.469,0.88,0.873,-0.34,15410,29.804,16.078,7,,,2.344,,,,,,,,,,
2026-09-28T16:37:39.129,856.132,0,1076.75,65,,98.188,38.824,7.0,-5.469,0.88,0.877,-0.328,15120,29.804,16.078,7,,,,13.886,,,,,,,,,
2026-09-28T16:37:39.258,856.261,0,1066.0,66,,98.375,39.608,6.5,-4.688,0.871,0.879,-0.32,14860,29.804,16.471,8,,,,,97,,,,,,,,
2026-09-28T16:37:39.388,856.391,0,1075.0,67,,98.375,41.176,4.5,-4.688,0.92,0.936,-0.176,15040,29.804,16.471,8,,,,,,20,,,,,,,
2026-09-28T16:37:39.518,856.521,0,1089.25,66,,98.5,38.824,8.0,-5.469,0.964,0.959,-0.121,15080,29.804,16.078,8,,,,,,,78.039,,,,,,
2026-09-28T16:37:39.648,856.651,0,1090.75,65,,98.75,38.431,10.0,-7.031,0.989,0.96,-0.117,14770,29.412,16.471,8,,,,,,,,528.3,,,,,
2026-09-28T16:37:39.778,856.781,0,1065.25,65,,98.688,40.0,3.5,-7.031,0.996,0.971,-0.094,14810,29.02,16.078,8,,,,,,,,,0.92,,,,
2026-09-28T16:37:39.908,856.911,0,1070.5,66,,98.812,40.784,3.0,-7.812,1.004,0.976,-0.082,14980,29.02,16.078,8,,,,,,,,,,,0.781,,
2026-09-28T16:37:40.038,857.041,0,1093.5,64,,99.031,38.431,4.5,-7.812,1.009,0.977,-0.082,14670,29.02,15.686,9,,,,,,,,,,,,46.667,
2026-09-28T16:37:40.172,857.176,0,1091.25,64,,99.156,37.647,5.0,-7.812,1.011,0.986,-0.055,14150,28.627,15.686,9,,,,,,,,,,,,,892
2026-09-28T16:37:40.298,857.301,0,1089.25,62,,99.156,36.863,4.5,-7.812,1.011,0.999,-0.023,13720,28.627,15.686,9,104,,,,,,,,,,,,
2026-09-28T16:37:40.429,857.432,0,1088.25,61,,99.156,36.863,5.0,-7.812,1.011,1.0,-0.02,13450,28.235,15.294,9,,34,,,,,,,,,,,
2026-09-28T16:37:40.558,857.561,0,1098.75,60,,99.188,35.294,9.5,-7.812,1.01,0.999,-0.023,13190,27.059,14.51,9,,,3.125,,,,,,,,,,
2026-09-28T16:37:40.698,857.701,0,1101.75,56,,99.406,32.157,10.0,-7.812,1.008,0.995,-0.031,12870,27.059,14.902,9,,,,13.945,,,,,,,,,
2026-09-28T16:37:40.828,857.831,0,1099.25,54,,99.188,31.373,10.0,-8.594,1.006,0.996,-0.031,12500,24.706,13.725,10,,,,,97,,,,,,,,
2026-09-28T16:37:40.958,857.961,0,1101.0,49,,99.375,27.843,11.0,-7.812,1.004,1.012,-0.008,12140,24.706,14.118,10,,,,,,20,,,,,,,
2026-09-28T16:37:41.088,858.091,0,1108.5,45,,99.156,25.882,11.0,-7.812,1.003,0.994,-0.035,11810,24.706,14.118,10,,,,,,,78.039,,,,,,
2026-09-28T16:37:41.218,858.221,0,1121.25,45,,99.156,24.706,11.5,-8.594,1.003,0.985,-0.055,11480,24.314,13.333,10,,,,,,,,527.0,,,,,
2026-09-28T16:37:41.349,858.352,0,1121.25,42,,98.969,22.745,12.0,-9.375,1.003,0.98,-0.07,11270,24.314,14.118,10,,,,,,,,,0.895,,,,
2026-09-28T16:37:41.478,858.481,0,1116.25,42,,98.812,23.529,11.5,-10.156,1.003,0.965,-0.105,10730,24.314,13.725,10,,,,,,,,,,,0.781,,
2026-09-28T16:37:41.608,858.611,0,1120.0,42,,98.812,23.529,12.0,-10.938,1.003,0.969,-0.098,10180,24.314,13.333,10,,,,,,,,,,,,29.412,
2026-09-28T16:37:41.738,858.742,0,1108.25,41,,98.625,22.353,12.0,-10.156,1.003,0.991,-0.043,10080,23.922,13.333,10,,,,,,,,,,,,,894
2026-09-28T16:37:41.869,858.872,0,1100.0,40,,98.5,22.745,12.0,-8.594,1.003,1.015,-0.004,9830,23.137,13.333,10,104,,,,,,,,,,,,
2026-09-28T16:37:41.999,859.002,0,1098.75,39,,98.5,21.569,12.0,-7.812,1.003,1.023,0.004,9300,21.961,12.549,10,,34,,,,,,,,,,,
2026-09-28T16:37:42.128,859.131,0,1089.0,38,,98.469,18.824,9.5,-7.812,1.003,1.026,0.008,8870,21.961,12.941,10,,,6.25,,,,,,,,,,
2026-09-28T16:37:42.258,859.261,0,1059.75,35,,98.375,20.0,6.5,-7.031,1.003,1.033,0.016,8540,21.961,12.941,10,,,,13.867,,,,,,,,,
2026-09-28T16:37:42.388,859.391,0,1057.5,35,,98.188,20.0,6.0,-5.469,1.003,1.07,0.059,8280,21.961,12.941,10,,,,,97,,,,,,,,
2026-09-28T16:37:42.518,859.522,0,1069.25,35,,98.188,20.0,5.5,-3.906,1.003,1.077,0.066,7910,21.961,12.941,10,,,,,,20,,,,,,,
2026-09-28T16:37:42.648,859.651,0,1077.0,35,,98.188,19.608,5.0,-3.906,1.003,1.06,0.047,7520,21.961,12.941,10,,,,,,,78.039,,,,,,
2026-09-28T16:37:42.778,859.781,0,1072.5,35,,98.062,19.608,6.5,-3.906,1.003,1.052,0.035,7060,21.961,12.941,10,,,,,,,,527.0,,,,,
2026-09-28T16:37:42.908,859.911,0,1055.0,35,,98.062,19.216,7.5,-3.906,1.003,1.054,0.039,6930,21.961,12.941,10,,,,,,,,,0.875,,,,
2026-09-28T16:37:43.038,860.041,0,1039.0,36,,97.875,21.176,4.0,-2.344,1.003,1.07,0.059,6590,21.961,12.941,10,,,,,,,,,,,0.781,,
2026-09-28T16:37:43.172,860.175,0,1032.5,36,,97.875,21.961,4.0,-1.562,1.003,1.085,0.074,6210,21.961,12.941,10,,,,,,,,,,,,23.922,
2026-09-28T16:37:43.298,860.301,0,1036.75,36,,97.875,20.784,6.5,0.0,1.003,1.096,0.086,5800,21.961,12.941,10,,,,,,,,,,,,,895
2026-09-28T16:37:43.428,860.431,0,1034.0,36,,97.875,21.569,3.5,0.0,1.003,1.104,0.094,5580,21.569,12.549,10,104,,,,,,,,,,,,
2026-09-28T16:37:43.558,860.561,0,1040.25,36,,97.875,21.176,-2.0,1.562,1.003,1.106,0.098,5100,20.784,12.157,10,,34,,,,,,,,,,,
2026-09-28T16:37:43.688,860.691,0,1050.75,33,,97.875,19.216,7.0,1.562,1.003,1.078,0.066,4770,20.784,12.549,10,,,7.031,,,,,,,,,,
2026-09-28T16:37:43.818,860.821,0,1044.75,32,,97.844,17.647,5.0,0.781,1.003,1.057,0.043,4450,20.784,12.549,10,,,,13.964,,,,,,,,,
2026-09-28T16:37:43.948,860.951,0,1013.25,32,,97.781,18.039,5.0,1.562,1.003,1.077,0.066,4210,20.392,12.549,10,,,,,97,,,,,,,,
2026-09-28T16:37:44.078,861.081,0,998.0,31,,97.75,18.431,-2.5,3.906,1.003,1.112,0.102,3870,16.471,11.765,10,,,,,,20,,,,,,,
2026-09-28T16:37:44.208,861.212,0,976.25,31,,97.781,18.039,-1.0,4.688,1.004,1.11,0.102,3600,14.51,12.157,10,,,,,,,78.039,,,,,,
2026-09-28T16:37:44.338,861.341,0,926.0,29,,97.594,16.863,2.0,4.688,1.004,1.1,0.09,3320,14.51,12.549,10,,,,,,,,527.0,,,,,
2026-09-28T16:37:44.469,861.472,0,886.5,31,,97.531,18.824,-1.5,5.469,1.004,1.099,0.086,3170,14.51,12.157,10,,,,,,,,,0.87,,,,
2026-09-28T16:37:44.599,861.602,0,878.5,32,,97.531,19.608,-2.5,5.469,1.004,1.09,0.078,3310,14.51,12.549,10,,,,,,,,,,,0.781,,
2026-09-28T16:37:44.728,861.731,0,881.0,32,,97.531,20.0,-3.5,5.469,1.004,1.062,0.051,3520,14.51,12.157,10,,,,,,,,,,,,21.176,
2026-09-28T16:37:44.858,861.861,0,883.0,33,,97.531,19.608,-5.0,3.906,1.004,1.021,0.0,3620,14.51,12.157,10,,,,,,,,,,,,,897
2026-09-28T16:37:44.988,861.991,0,879.5,32,,97.531,19.608,-4.0,3.125,1.004,0.991,-0.043,3500,14.51,12.157,10,104,,,,,,,,,,,,
2026-09-28T16:37:45.118,862.121,0,873.25,32,,97.531,20.392,-2.5,2.344,1.004,0.983,-0.062,3560,14.51,12.549,10,,34,,,,,,,,,,,
2026-09-28T16:37:45.248,862.251,0,866.5,34,,97.531,20.392,-5.0,2.344,1.004,0.983,-0.062,3760,14.51,12.157,10,,,7.031,,,,,,,,,,
2026-09-28T16:37:45.378,862.381,0,857.5,33,,97.531,20.392,-2.5,2.344,1.004,0.991,-0.043,3910,14.51,12.157,10,,,,13.906,,,,,,,,,
2026-09-28T16:37:45.508,862.511,0,853.75,33,,97.5,20.0,-4.0,2.344,1.004,0.997,-0.027,4010,14.51,12.157,9,,,,,97,,,,,,,,
2026-09-28T16:37:45.639,862.642,0,846.5,34,,97.5,20.784,-1.0,3.125,1.004,1.006,-0.016,4090,14.51,12.549,10,,,,,,20,,,,,,,
2026-09-28T16:37:45.768,862.772,0,844.5,34,,97.5,21.569,-4.0,3.125,1.004,1.017,-0.004,4100,14.51,12.157,9,,,,,,,78.039,,,,,,
2026-09-28T16:37:45.898,862.901,0,850.25,34,,97.438,21.176,-3.0,3.906,1.004,1.019,0.0,4050,14.51,12.549,9,,,,,,,,526.7,,,,,
2026-09-28T16:37:46.028,863.031,0,861.0,34,,97.312,21.176,-3.5,3.125,1.004,1.009,-0.012,3980,14.51,12.549,9,,,,,,,,,0.865,,,,
2026-09-28T16:37:46.158,863.161,0,862.0,34,,97.281,21.176,-3.0,3.125,1.004,1.003,-0.016,3950,14.51,12.549,9,,,,,,,,,,,0.781,,
2026-09-28T16:37:46.288,863.292,0,869.25,35,,97.281,21.176,-4.0,3.125,1.004,0.999,-0.02,4130,14.51,12.549,9,,,,,,,,,,,,22.745,
2026-09-28T16:37:46.418,863.421,0,868.75,35,,97.25,21.176,-5.0,3.125,1.004,1.004,-0.016,4450,14.51,12.549,9,,,,,,,,,,,,,898
2026-09-28T16:37:46.548,863.551,0,863.75,34,,97.312,21.176,-5.0,3.125,1.004,1.003,-0.016,4470,14.51,12.549,9,104,,,,,,,,,,,,
2026-09-28T16:37:46.678,863.681,0,865.5,35,,97.281,21.569,-4.5,3.125,1.004,1.006,-0.016,4220,14.51,12.549,9,,35,,,,,,,,,,,
2026-09-28T16:37:46.808,863.811,0,857.0,34,,97.281,21.569,-4.0,3.125,1.004,1.003,-0.016,4010,14.51,12.157,9,,,6.25,,,,,,,,,,
2026-09-28T16:37:46.938,863.941,0,856.5,34,,97.25,21.176,-2.5,3.125,1.004,1.013,-0.008,4100,14.51,12.157,8,,,,13.906,,,,,,,,,
2026-09-28T16:37:47.068,864.072,0,847.25,34,,97.219,21.176,-2.5,3.906,1.004,1.021,0.0,4200,14.51,12.549,8,,,,,97,,,,,,,,
2026-09-28T16:37:47.198,864.201,0,845.75,34,,97.25,21.176,-2.0,3.906,1.004,1.023,0.004,4280,14.51,12.549,8,,,,,,20,,,,,,,
2026-09-28T16:37:47.328,864.331,0,849.0,35,,97.219,21.569,-3.0,3.906,1.004,1.024,0.004,4130,14.51,12.157,8,,,,,,,78.039,,,,,,
2026-09-28T16:37:47.459,864.462,0,852.75,34,,97.219,21.176,-3.0,3.906,1.004,1.019,0.0,4050,14.51,12.549,8,,,,,,,,526.3,,,,,
2026-09-28T16:37:47.588,864.591,0,855.0,34,,97.219,21.176,-3.5,3.906,1.004,1.009,-0.012,4080,14.51,12.549,8,,,,,,,,,0.86,,,,
2026-09-28T16:37:47.718,864.721,0,852.25,35,,97.219,21.961,-4.0,3.906,1.004,1.005,-0.016,4220,14.51,12.549,7,,,,,,,,,,,0.781,,
2026-09-28T16:37:47.848,864.851,0,852.75,35,,97.219,21.961,-5.0,3.906,1.004,1.002,-0.02,4390,14.51,12.157,8,,,,,,,,,,,,22.745,
2026-09-28T16:37:47.978,864.981,0,855.0,35,,97.219,21.569,-4.0,3.906,1.004,1.007,-0.012,4500,14.51,12.157,7,,,,,,,,,,,,,900
2026-09-28T16:37:48.108,865.111,0,857.75,34,,97.219,21.176,-3.5,3.906,1.004,1.006,-0.016,4420,14.51,12.549,7,104,,,,,,,,,,,,
2026-09-28T16:37:48.238,865.241,0,854.25,35,,97.219,21.961,-4.0,3.906,1.004,1.008,-0.012,4370,14.51,12.157,7,,35,,,,,,,,,,,
2026-09-28T16:37:48.368,865.371,0,850.75,35,,97.219,21.961,-4.0,3.906,1.004,1.006,-0.016,4350,14.51,12.157,7,,,6.25,,,,,,,,,,
2026-09-28T16:37:48.498,865.501,0,853.0,35,,97.219,21.569,-3.0,3.906,1.004,1.008,-0.012,4290,14.51,12.549,7,,,,13.906,,,,,,,,,
2026-09-28T16:37:48.628,865.631,0,851.25,35,,97.219,21.961,-1.0,3.906,1.003,1.003,-0.016,4200,14.51,12.549,7,,,,,97,,,,,,,,
2026-09-28T16:37:48.758,865.761,0,853.0,35,,97.219,22.353,-4.0,3.906,1.004,1.0,-0.02,4290,14.51,12.157,7,,,,,,20,,,,,,,
2026-09-28T16:37:48.888,865.891,0,850.5,35,,97.219,21.961,-3.5,3.906,1.003,1.004,-0.016,4390,14.51,12.549,7,,,,,,,78.039,,,,,,
2026-09-28T16:37:49.018,866.021,0,852.0,35,,97.219,21.961,-4.0,3.906,1.003,1.011,-0.008,4490,14.51,12.549,7,,,,,,,,525.8,,,,,
2026-09-28T16:37:49.149,866.152,0,854.5,35,,97.219,21.961,-4.0,3.906,1.003,1.014,-0.008,4560,14.51,12.549,7,,,,,,,,,0.855,,,,
2026-09-28T16:37:49.278,866.281,0,857.75,35,,97.219,21.961,-5.5,3.906,1.003,1.012,-0.008,4540,14.51,12.549,7,,,,,,,,,,,0.781,,
2026-09-28T16:37:49.408,866.412,0,859.0,35,,97.219,21.961,-5.5,4.688,1.003,1.012,-0.008,4490,14.51,12.157,7,,,,,,,,,,,,23.137,
2026-09-28T16:37:49.538,866.541,0,861.5,35,,97.219,21.569,-4.5,3.906,1.003,1.007,-0.012,4360,14.51,12.157,6,,,,,,,,,,,,,901
2026-09-28T16:37:49.670,866.673,0,858.5,34,,97.219,21.176,-3.5,3.906,1.003,1.003,-0.016,4210,14.51,12.157,6,104,,,,,,,,,,,,
2026-09-28T16:37:49.798,866.801,0,855.5,34,,97.219,20.784,-3.0,3.906,1.003,1.005,-0.016,4030,14.51,12.157,6,,35,,,,,,,,,,,
2026-09-28T16:37:49.928,866.931,0,849.5,34,,97.219,21.176,-2.5,3.906,1.003,1.006,-0.016,3930,14.51,12.157,6,,,6.25,,,,,,,,,,
2026-09-28T16:37:50.058,867.061,0,842.25,34,,97.219,21.176,-2.0,3.906,1.004,1.008,-0.012,3900,14.51,12.157,6,,,,13.847,,,,,,,,,
2026-09-28T16:37:50.188,867.191,0,841.5,35,,97.219,21.176,-1.0,4.688,1.004,1.011,-0.008,4010,14.51,12.549,5,,,,,97,,,,,,,,
2026-09-28T16:37:50.318,867.321,0,837.75,34,,97.219,21.961,-1.0,4.688,1.004,1.01,-0.012,4190,14.51,12.157,5,,,,,,20,,,,,,,
2026-09-28T16:37:50.448,867.451,0,844.5,35,,97.219,21.569,-1.5,4.688,1.004,1.008,-0.012,4330,14.51,12.549,5,,,,,,,78.039,,,,,,
2026-09-28T16:37:50.578,867.581,0,848.5,35,,97.219,21.961,-3.5,3.906,1.004,1.003,-0.016,4350,14.51,12.549,5,,,,,,,,525.3,,,,,
2026-09-28T16:37:50.708,867.711,0,849.0,35,,97.219,21.961,-7.0,3.906,1.004,0.998,-0.023,4340,14.51,11.765,5,,,,,,,,,0.845,,,,
2026-09-28T16:37:50.838,867.841,0,834.5,34,,97.219,20.784,-0.5,3.906,1.003,0.999,-0.023,4310,14.51,12.549,5,,,,,,,,,,,0.781,,
2026-09-28T16:37:50.968,867.972,0,821.5,34,,97.219,21.569,1.5,3.906,1.003,1.003,-0.016,4140,14.51,12.549,5,,,,,,,,,,,,23.137,
2026-09-28T16:37:51.098,868.101,0,819.0,35,,97.219,21.961,3.0,3.906,1.003,1.005,-0.016,4170,14.51,12.549,4,,,,,,,,,,,,,903
2026-09-28T16:37:51.228,868.231,0,827.5,35,,97.219,21.961,-3.0,4.688,1.004,1.012,-0.008,4410,14.51,12.157,4,104,,,,,,,,,,,,
2026-09-28T16:37:51.358,868.361,0,844.75,34,,97.219,20.784,-3.0,4.688,1.003,1.011,-0.008,4520,14.51,12.549,4,,36,,,,,,,,,,,
2026-09-28T16:37:51.489,868.492,0,863.0,33,,97.219,21.176,-3.5,3.906,1.003,0.993,-0.035,4390,14.51,12.549,4,,,6.25,,,,,,,,,,
2026-09-28T16:37:51.618,868.621,0,874.0,34,,97.219,21.569,-4.0,3.906,1.003,0.987,-0.055,4120,14.51,12.549,4,,,,13.945,,,,,,,,,
2026-09-28T16:37:51.748,868.751,0,876.5,35,,97.219,21.569,-3.5,3.125,1.003,0.987,-0.055,3970,14.51,12.549,4,,,,,97,,,,,,,,
2026-09-28T16:37:51.878,868.881,0,882.5,35,,97.219,21.569,-5.5,3.125,1.003,0.99,-0.047,4110,14.51,12.941,4,,,,,,20,,,,,,,
2026-09-28T16:37:52.008,869.011,0,879.25,35,,97.219,21.176,-4.0,3.906,1.003,0.994,-0.035,4290,14.51,12.549,4,,,,,,,78.039,,,,,,
2026-09-28T16:37:52.139,869.142,0,874.5,35,,97.219,21.961,-4.0,3.125,1.003,0.991,-0.043,4540,14.51,12.941,4,,,,,,,,524.7,,,,,
2026-09-28T16:37:52.269,869.272,0,873.5,36,,97.219,23.137,-5.5,3.125,1.003,0.991,-0.043,4830,14.51,12.549,4,,,,,,,,,0.84,,,,
2026-09-28T16:37:52.398,869.401,0,869.0,36,,97.219,22.745,-3.0,3.125,1.003,0.993,-0.039,5020,14.51,13.333,4,,,,,,,,,,,0.781,,
2026-09-28T16:37:52.528,869.531,0,865.25,38,,97.219,25.882,-2.5,3.125,1.003,0.995,-0.031,5240,14.51,13.333,4,,,,,,,,,,,,28.235,
2026-09-28T16:37:52.659,869.662,0,862.5,41,,97.219,26.667,-4.5,3.125,1.003,0.999,-0.023,5590,14.51,12.941,4,,,,,,,,,,,,,905
2026-09-28T16:37:52.788,869.791,0,861.5,40,,97.219,25.882,-5.5,3.906,1.002,1.003,-0.016,6290,14.51,12.941,4,104,,,,,,,,,,,,
2026-09-28T16:37:52.918,869.921,0,853.25,41,,97.219,25.882,-4.5,3.125,1.003,0.999,-0.023,6800,14.51,12.941,4,,36,,,,,,,,,,,
2026-09-28T16:37:53.049,870.052,0,845.75,41,,97.219,25.882,-2.5,3.125,1.006,1.003,-0.016,6930,14.51,12.549,4,,,5.469,,,,,,,,,,
2026-09-28T16:37:53.178,870.181,0,834.25,41,,97.219,26.275,-2.0,3.906,1.007,1.021,0.0,6940,14.51,12.941,4,,,,13.906,,,,,,,,,
2026-09-28T16:37:53.308,870.311,0,827.75,41,,97.219,26.275,-1.0,4.688,1.008,1.036,0.02,6780,14.51,12.941,4,,,,,97,,,,,,,,
2026-09-28T16:37:53.438,870.441,0,825.5,41,,97.219,26.275,-7.5,5.469,1.009,1.043,0.027,6690,14.51,12.157,3,,,,,,20,,,,,,,
2026-09-28T16:37:53.568,870.571,0,821.0,39,,97.219,23.922,-1.5,5.469,1.009,1.049,0.031,6440,14.51,12.549,3,,,,,,,78.039,,,,,,
2026-09-28T16:37:53.698,870.701,0,828.5,38,,97.219,24.706,-5.5,5.469,1.009,1.04,0.023,6170,14.51,12.157,3,,,,,,,,523.8,,,,,
2026-09-28T16:37:53.828,870.831,0,828.75,38,,97.219,22.745,-1.5,5.469,1.009,1.03,0.012,5720,14.51,12.549,3,,,,,,,,,0.835,,,,
2026-09-28T16:37:53.958,870.961,0,828.0,36,,97.219,22.745,0.0,5.469,1.009,1.023,0.004,5320,14.51,12.549,3,,,,,,,,,,,0.781,,
2026-09-28T16:37:54.088,871.091,0,834.25,37,,97.219,23.529,-3.0,4.688,1.008,1.009,-0.012,5090,14.51,12.157,3,,,,,,,,,,,,24.314,
2026-09-28T16:37:54.218,871.221,0,832.75,37,,97.219,22.745,1.0,4.688,1.008,0.998,-0.023,4830,14.51,12.941,3,,,,,,,,,,,,,906
2026-09-28T16:37:54.348,871.351,0,840.75,37,,97.219,23.137,-2.5,3.906,1.008,0.995,-0.035,4690,14.51,12.549,2,104,,,,,,,,,,,,
2026-09-28T16:37:54.478,871.481,0,846.75,37,,97.219,23.137,-1.5,3.906,1.007,0.996,-0.031,4770,14.51,12.549,2,,36,,,,,,,,,,,
2026-09-28T16:37:54.608,871.611,0,853.5,37,,97.219,23.137,-4.0,3.906,1.007,0.995,-0.035,4860,14.51,12.549,2,,,5.469,,,,,,,,,,
2026-09-28T16:37:54.738,871.741,0,849.25,37,,97.219,23.529,-3.5,3.906,1.007,0.995,-0.031,5040,14.51,12.549,2,,,,13.906,,,,,,,,,
2026-09-28T16:37:54.869,871.872,0,848.0,38,,97.219,23.922,-2.5,3.906,1.007,0.996,-0.031,5130,14.51,12.941,2,,,,,97,,,,,,,,
2026-09-28T16:37:54.998,872.001,0,857.75,38,,97.219,24.314,-4.0,3.906,1.007,0.996,-0.031,5320,14.51,12.941,2,,,,,,20,,,,,,,
2026-09-28T16:37:55.128,872.131,0,861.75,39,,97.219,24.706,-4.0,3.906,1.007,0.997,-0.027,5660,14.51,12.941,1,,,,,,,78.039,,,,,,
2026-09-28T16:37:55.258,872.261,0,871.25,39,,97.219,25.098,-5.5,3.906,1.007,1.004,-0.016,5880,14.51,12.549,1,,,,,,,,522.9,,,,,
2026-09-28T16:37:55.388,872.391,0,872.5,39,,97.219,24.706,-4.5,3.906,1.007,1.011,-0.008,6020,14.51,12.549,1,,,,,,,,,0.83,,,,
2026-09-28T16:37:55.518,872.521,0,866.75,39,,97.219,25.49,-4.5,4.688,1.007,1.017,-0.004,6130,14.51,12.941,1,,,,,,,,,,,0.781,,
2026-09-28T16:37:55.648,872.651,0,854.25,40,,97.219,25.49,-2.5,4.688,1.007,1.026,0.008,6320,14.51,12.941,1,,,,,,,,,,,,27.843,
2026-09-28T16:37:55.779,872.782,0,855.0,41,,97.219,26.275,-3.0,5.469,1.007,1.036,0.02,6510,14.51,12.941,1,,,,,,,,,,,,,908
2026-09-28T16:37:55.919,872.922,0,861.0,41,,97.219,27.451,-4.0,6.25,1.007,1.036,0.02,6700,14.51,12.941,0,104,,,,,,,,,,,,
2026-09-28T16:37:56.048,873.051,0,865.25,42,,97.219,26.667,-5.0,6.25,1.007,1.034,0.016,6970,14.51,12.941,0,,36,,,,,,,,,,,
2026-09-28T16:37:56.178,873.181,0,863.25,41,,97.219,26.667,-9.0,6.25,1.007,1.019,0.0,7070,14.51,12.157,0,,,5.469,,,,,,,,,,
2026-09-28T16:37:56.308,873.311,0,849.25,41,,97.219,25.882,-12.0,5.469,1.006,1.01,-0.012,6820,14.51,11.765,0,,,,13.906,,,,,,,,,
2026-09-28T16:37:56.438,873.441,0,831.0,35,,97.219,21.569,-6.0,5.469,1.006,1.004,-0.016,6540,14.51,12.157,0,,,,,97,,,,,,,,
2026-09-28T16:37:56.568,873.571,0,816.5,35,,97.219,21.569,-5.5,5.469,1.006,1.007,-0.012,6150,14.51,11.765,0,,,,,,20,,,,,,,
2026-09-28T16:37:56.698,873.701,0,806.75,34,,97.219,21.176,-5.5,5.469,1.006,1.013,-0.008,5850,14.51,11.765,0,,,,,,,78.039,,,,,,
2026-09-28T16:37:56.828,873.831,0,800.0,33,,97.25,20.0,-4.0,6.25,1.006,1.021,0.0,5450,14.51,11.765,0,,,,,,,,522.1,,,,,
2026-09-28T16:37:56.958,873.961,0,794.25,32,,97.219,19.608,-6.0,6.25,1.006,1.013,-0.008,5150,14.51,10.588,0,,,,,,,,,0.83,,,,
2026-09-28T16:37:57.088,874.091,0,786.5,31,,97.25,16.863,-11.0,0.0,1.006,0.992,-0.039,5080,14.51,10.196,0,,,,,,,,,,,0.781,,
2026-09-28T16:37:57.217,874.221,0,704.25,25,,97.312,8.235,-10.5,0.0,1.006,1.035,0.016,5080,14.51,10.196,0,,,,,,,,,,,,8.235,
2026-09-28T16:37:57.348,874.352,0,541.75,22,,97.219,9.02,-11.5,0.0,1.005,1.191,0.188,5080,14.51,10.196,0,,,,,,,,,,,,,909
2026-09-28T16:37:57.478,874.481,0,395.75,22,,97.25,9.02,-11.5,0.0,1.005,1.268,0.258,5080,14.51,10.98,0,104,,,,,,,,,,,,
2026-09-28T16:37:57.608,874.611,0,296.0,23,,97.219,10.98,-11.5,0.0,1.004,1.302,0.289,5080,14.51,12.941,0,,36,,,,,,,,,,,
2026-09-28T16:37:57.738,874.741,0,296.0,24,,97.219,14.51,-11.5,0.0,1.004,1.302,0.289,5080,14.51,13.725,0,,,8.594,,,,,,,,,,
2026-09-28T16:37:57.868,874.871,0,296.0,24,,97.219,14.51,-11.5,0.0,1.003,1.299,0.285,5080,14.51,13.333,0,,,,12.402,,,,,,,,,
2026-09-28T16:37:57.998,875.001,0,0.0,24,,97.219,14.51,-33.0,0.0,1.003,1.303,0.289,5100,14.51,13.333,0,,,,,97,,,,,,,,
2026-09-28T16:37:58.128,875.131,0,0.0,93,,97.219,0.0,-33.0,0.0,1.003,1.305,0.293,5090,14.51,13.333,0,,,,,,20,,,,,,,
2026-09-28T16:37:58.258,875.261,0,0.0,97,,97.219,0.0,-33.0,0.0,1.003,1.31,0.297,5100,14.51,13.333,0,,,,,,,78.039,,,,,,
2026-09-28T16:37:58.388,875.391,0,0.0,97,,97.219,0.0,-33.0,0.0,1.003,1.312,0.297,5100,14.51,13.333,0,,,,,,,,522.6,,,,,
2026-09-28T16:37:58.518,875.521,0,0.0,98,,97.219,0.0,-33.0,0.0,1.003,1.317,0.301,5100,14.51,13.333,0,,,,,,,,,0.83,,,,
2026-09-28T16:37:58.648,875.651,0,0.0,98,,97.219,0.0,-33.0,0.0,1.003,1.319,0.305,5110,14.51,13.333,0,,,,,,,,,,,0.781,,
2026-09-28T16:37:58.778,875.781,0,0.0,98,,97.219,0.0,-33.0,0.0,1.003,1.321,0.305,5100,14.51,13.333,0,,,,,,,,,,,,0.0,
2026-09-28T16:37:58.908,875.911,0,0.0,98,,97.219,0.0,-33.0,0.0,1.003,1.323,0.309,5090,14.51,13.333,0,,,,,,,,,,,,,911
2026-09-28T16:37:59.038,876.041,0,0.0,98,,97.219,0.0,-33.0,0.0,1.003,1.325,0.309,5110,14.51,13.333,0,104,,,,,,,,,,,,
2026-09-28T16:37:59.170,876.173,0,0.0,98,,97.219,0.0,-33.0,0.0,1.003,1.327,0.309,5100,14.51,13.333,0,,38,,,,,,,,,,,
2026-09-28T16:37:59.298,876.301,0,0.0,98,,97.219,0.0,-33.0,0.0,1.003,1.328,0.312,5100,14.51,13.333,0,,,8.594,,,,,,,,,,
2026-09-28T16:37:59.428,876.431,0,0.0,98,,97.219,0.0,-33.0,0.0,1.003,1.328,0.312,5110,14.51,13.333,0,,,,12.46,,,,,,,,,
2026-09-28T16:37:59.558,876.561,0,0.0,98,,97.219,0.0,-33.0,0.0,1.003,1.326,0.309,5100,14.51,13.333,0,,,,,97,,,,,,,,
2026-09-28T16:37:59.688,876.691,0,0.0,98,,97.219,0.0,-30.0,0.0,1.003,1.319,0.305,5100,14.51,13.333,0,,,,,,20,,,,,,,
2026-09-28T16:37:59.818,876.821,0,0.0,97,,97.219,0.0,-30.0,0.0,1.003,1.313,0.301,5090,14.51,13.333,0,,,,,,,78.039,,,,,,
2026-09-28T16:37:59.948,876.951,0,0.0,98,,97.219,0.0,-33.0,0.0,1.003,1.312,0.297,5100,14.51,13.333,0,,,,,,,,522.3,,,,,
2026-09-28T16:38:00.078,877.081,0,0.0,98,,97.219,0.0,-33.0,0.0,1.003,1.311,0.297,5100,14.51,13.333,0,,,,,,,,,0.83,,,,
2026-09-28T16:38:00.208,877.211,0,0.0,98,,97.219,0.0,-33.0,0.0,1.003,1.308,0.293,5110,14.51,13.333,0,,,,,,,,,,,0.781,,
2026-09-28T16:38:00.338,877.341,0,0.0,98,,97.219,0.0,-33.0,0.0,1.003,1.304,0.289,5110,14.51,13.333,0,,,,,,,,,,,,0.0,
2026-09-28T16:38:00.469,877.472,0,0.0,97,,97.219,0.0,-33.0,0.0,1.003,1.299,0.285,5090,14.51,13.333,0,,,,,,,,,,,,,912
2026-09-28T16:38:00.598,877.601,0,0.0,97,,97.219,0.0,-33.0,0.0,1.003,1.295,0.285,5100,14.51,13.333,0,104,,,,,,,,,,,,
2026-09-28T16:38:00.728,877.731,0,0.0,98,,97.219,0.0,-33.0,0.0,1.003,1.291,0.281,5100,14.51,13.333,0,,38,,,,,,,,,,,
2026-09-28T16:38:00.858,877.861,0,0.0,98,,97.219,0.0,-33.0,0.0,1.003,1.288,0.277,5100,14.51,13.333,0,,,8.594,,,,,,,,,,
