time,elapsed_s,clock_ok,rpm,map_kpa,boost_cmd_kpa,boost_act_kpa,load_pct,timing_deg,stft_pct,lambda_cmd,lambda,o2s1_ma,rail_kpa,pedal_pct,throttle_pct,speed_kph,coolant_c,iat_c,ltft_pct,volts,baro_kpa,ambient_c,fuel_pct,cat_temp_c,o2s2_v,o2s2_trim_pct,lt_o2s2_trim_pct,abs_load_pct,run_time_s
2026-10-01T11:47:42.997,0.127,0,771.5,32,,96.906,18.431,6.5,5.469,1.001,1.031,0.012,2790,14.51,12.941,0,101,,,,,,,,,,,,
2026-10-01T11:47:43.127,0.257,0,763.0,32,,96.906,18.824,6.5,5.469,1.001,1.026,0.008,2860,14.51,12.549,0,,71,,,,,,,,,,,
2026-10-01T11:47:43.257,0.387,0,762.25,34,,96.906,20.392,6.5,5.469,1.001,1.021,0.0,3000,14.51,12.549,0,,,5.469,,,,,,,,,,
2026-10-01T11:47:43.387,0.517,0,757.5,35,,96.906,20.392,3.5,5.469,1.001,1.017,-0.004,3120,14.51,12.549,0,,,,12.773,,,,,,,,,
2026-10-01T11:47:43.517,0.647,0,767.25,35,,96.906,20.784,7.0,4.688,1.001,1.012,-0.008,3190,14.51,12.549,0,,,,,97,,,,,,,,
2026-10-01T11:47:43.647,0.777,0,773.0,36,,96.906,21.176,3.5,4.688,1.001,1.009,-0.012,3370,14.51,12.549,0,,,,,,30,,,,,,,
2026-10-01T11:47:43.777,0.907,0,769.25,36,,96.906,21.569,3.5,4.688,1.001,1.011,-0.008,3530,14.51,12.941,0,,,,,,,100.0,,,,,,
2026-10-01T11:47:43.907,1.037,0,777.75,36,,96.906,21.961,1.5,4.688,1.001,1.004,-0.016,3710,14.51,12.549,0,,,,,,,,350.3,,,,,
2026-10-01T11:47:44.037,1.167,0,779.75,37,,96.906,21.961,1.0,4.688,1.001,0.998,-0.023,3970,14.51,12.549,0,,,,,,,,,1.275,,,,
2026-10-01T11:47:44.167,1.297,0,777.0,37,,96.906,21.961,0.5,4.688,1.001,0.995,-0.035,4140,14.51,12.549,0,,,,,,,,,,,0.781,,
2026-10-01T11:47:44.298,1.428,0,783.5,37,,96.906,21.961,3.0,4.688,1.001,0.995,-0.035,4280,14.51,12.941,0,,,,,,,,,,,,23.137,
2026-10-01T11:47:44.427,1.557,0,779.0,37,,96.906,22.353,3.5,4.688,1.001,0.997,-0.027,4410,14.51,12.941,0,,,,,,,,,,,,,34
2026-10-01T11:47:44.557,1.687,0,781.5,37,,96.906,22.353,2.0,4.688,1.001,0.998,-0.023,4560,14.51,12.941,0,101,,,,,,,,,,,,
2026-10-01T11:47:44.686,1.816,0,782.25,38,,96.906,23.529,-1.5,4.688,1.0,0.998,-0.023,4870,14.51,12.941,0,,72,,,,,,,,,,,
2026-10-01T11:47:44.817,1.947,0,789.5,38,,96.906,23.137,-1.0,4.688,1.0,0.996,-0.031,5050,14.51,12.549,0,,,5.469,,,,,,,,,,
2026-10-01T11:47:44.947,2.077,0,790.5,38,,96.906,23.137,-2.0,4.688,1.0,0.992,-0.039,5140,14.51,12.549,0,,,,13.046,,,,,,,,,
2026-10-01T11:47:45.077,2.207,0,794.0,38,,96.906,22.745,-2.0,3.906,1.0,0.984,-0.059,5120,14.51,12.549,0,,,,,97,,,,,,,,
2026-10-01T11:47:45.207,2.337,0,801.75,38,,96.906,23.137,-2.0,3.906,1.0,0.978,-0.078,5060,14.51,12.941,0,,,,,,30,,,,,,,
2026-10-01T11:47:45.337,2.467,0,805.5,38,,96.906,23.137,-2.0,3.125,1.0,0.969,-0.098,5000,14.51,12.941,0,,,,,,,100.0,,,,,,
2026-10-01T11:47:45.467,2.597,0,804.25,38,,96.906,24.314,-4.0,2.344,1.0,0.965,-0.105,5110,14.51,12.549,0,,,,,,,,350.2,,,,,
2026-10-01T11:47:45.597,2.727,0,798.0,38,,96.906,22.745,-2.5,2.344,1.0,0.963,-0.113,5180,14.51,12.941,0,,,,,,,,,1.275,,,,
2026-10-01T11:47:45.727,2.857,0,806.0,38,,96.906,23.529,-5.0,1.562,1.0,0.961,-0.117,5220,14.51,12.549,0,,,,,,,,,,,0.781,,
2026-10-01T11:47:45.857,2.987,0,807.75,39,,96.938,23.529,-2.5,1.562,1.0,0.955,-0.129,5230,14.51,12.549,0,,,,,,,,,,,,23.922,
2026-10-01T11:47:45.987,3.117,0,799.5,38,,96.906,22.745,-2.5,0.781,1.0,0.947,-0.148,5120,14.51,12.941,0,,,,,,,,,,,,,35
2026-10-01T11:47:46.117,3.247,0,805.25,38,,96.906,22.745,-3.5,0.0,1.0,0.936,-0.172,5020,14.51,12.941,0,101,,,,,,,,,,,,
2026-10-01T11:47:46.248,3.378,0,816.5,38,,96.906,23.137,-3.5,0.0,1.0,0.928,-0.191,5010,14.51,12.549,0,,72,,,,,,,,,,,
2026-10-01T11:47:46.377,3.507,0,821.5,38,,96.906,22.745,-4.0,-0.781,1.0,0.925,-0.199,4950,14.51,12.549,0,,,5.469,,,,,,,,,,
2026-10-01T11:47:46.507,3.637,0,818.75,38,,96.906,22.745,-5.0,-1.562,1.0,0.927,-0.195,4870,14.51,12.549,0,,,,12.968,,,,,,,,,
2026-10-01T11:47:46.637,3.767,0,824.25,37,,96.906,22.353,-2.5,-2.344,1.0,0.926,-0.195,4770,14.51,12.549,0,,,,,97,,,,,,,,
2026-10-01T11:47:46.767,3.897,0,826.25,37,,96.906,21.961,-4.0,-3.125,1.0,0.92,-0.211,4650,14.51,12.549,0,,,,,,30,,,,,,,
2026-10-01T11:47:46.897,4.027,0,816.5,37,,96.906,22.353,-4.0,-3.906,1.0,0.916,-0.219,4590,14.51,12.549,0,,,,,,,100.0,,,,,,
2026-10-01T11:47:47.026,4.157,0,814.5,36,,96.906,22.353,-3.5,-4.688,1.0,0.915,-0.223,4520,14.51,12.549,0,,,,,,,,350.1,,,,,
2026-10-01T11:47:47.157,4.287,0,809.0,37,,96.906,21.961,-3.0,-5.469,1.0,0.915,-0.227,4510,14.51,12.549,0,,,,,,,,,1.275,,,,
2026-10-01T11:47:47.286,4.416,0,806.0,37,,96.906,22.353,-4.0,-5.469,1.0,0.919,-0.215,4530,14.51,12.549,0,,,,,,,,,,,0.781,,
2026-10-01T11:47:47.417,4.547,0,802.5,37,,96.906,21.961,-2.5,-6.25,1.0,0.92,-0.211,4530,14.51,12.549,0,,,,,,,,,,,,22.745,
2026-10-01T11:47:47.547,4.677,0,799.0,36,,96.906,21.961,-2.0,-7.031,1.0,0.919,-0.215,4490,14.51,12.549,0,,,,,,,,,,,,,37
2026-10-01T11:47:47.677,4.807,0,806.0,37,,96.906,21.961,-3.5,-7.031,1.0,0.928,-0.191,4480,14.51,12.549,0,101,,,,,,,,,,,,
2026-10-01T11:47:47.807,4.937,0,809.0,36,,96.906,21.961,-4.0,-7.031,1.0,0.933,-0.18,4460,14.51,12.549,0,,72,,,,,,,,,,,
2026-10-01T11:47:47.937,5.067,0,812.5,37,,96.906,21.961,-4.5,-7.812,1.0,0.94,-0.16,4460,14.51,12.549,0,,,6.25,,,,,,,,,,
2026-10-01T11:47:48.067,5.197,0,811.5,36,,96.906,21.569,-4.0,-7.812,1.0,0.945,-0.152,4420,14.51,12.549,0,,,,12.871,,,,,,,,,
2026-10-01T11:47:48.197,5.327,0,799.0,36,,96.906,21.961,-4.0,-7.812,1.0,0.946,-0.148,4340,14.51,12.549,0,,,,,97,,,,,,,,
2026-10-01T11:47:48.327,5.457,0,795.25,36,,96.906,21.569,-2.5,-7.812,1.0,0.948,-0.145,4300,14.51,12.549,0,,,,,,30,,,,,,,
2026-10-01T11:47:48.457,5.587,0,796.5,36,,96.906,21.176,0.0,-8.594,1.0,0.954,-0.133,4170,14.51,12.549,0,,,,,,,100.0,,,,,,
2026-10-01T11:47:48.587,5.717,0,792.5,37,,96.906,21.961,-1.0,-8.594,1.001,0.956,-0.125,4110,14.51,12.549,0,,,,,,,,350.0,,,,,
2026-10-01T11:47:48.717,5.847,0,791.0,37,,96.906,21.961,-3.0,-8.594,1.001,0.961,-0.117,4200,14.51,12.549,0,,,,,,,,,1.275,,,,
2026-10-01T11:47:48.847,5.977,0,794.5,36,,96.906,21.961,-1.0,-8.594,1.001,0.968,-0.102,4240,14.51,12.549,0,,,,,,,,,,,0.781,,
2026-10-01T11:47:48.976,6.107,0,792.25,36,,96.906,21.176,-0.5,-8.594,1.0,0.968,-0.102,4190,14.51,12.549,0,,,,,,,,,,,,22.353,
2026-10-01T11:47:49.107,6.237,0,783.5,36,,96.906,21.569,1.0,-8.594,1.0,0.971,-0.094,4160,14.51,12.549,0,,,,,,,,,,,,,38
2026-10-01T11:47:49.237,6.367,0,786.25,36,,96.906,21.176,1.5,-8.594,1.001,0.975,-0.086,4140,14.51,12.549,0,102,,,,,,,,,,,,
2026-10-01T11:47:49.367,6.497,0,782.75,36,,96.906,21.961,1.5,-9.375,1.001,0.977,-0.082,4170,14.51,12.549,0,,72,,,,,,,,,,,
2026-10-01T11:47:49.497,6.627,0,782.0,36,,96.906,21.569,0.5,-8.594,1.001,0.983,-0.062,4180,14.51,12.549,0,,,6.25,,,,,,,,,,
2026-10-01T11:47:49.626,6.757,0,785.25,37,,96.906,21.961,0.5,-8.594,1.001,0.982,-0.062,4250,14.51,12.549,0,,,,12.871,,,,,,,,,
2026-10-01T11:47:49.757,6.887,0,791.5,37,,96.906,21.961,1.0,-8.594,1.001,0.986,-0.055,4270,14.51,12.549,0,,,,,97,,,,,,,,
2026-10-01T11:47:49.887,7.017,0,791.5,36,,96.906,21.961,0.0,-8.594,1.001,0.989,-0.047,4300,14.51,12.549,0,,,,,,30,,,,,,,
2026-10-01T11:47:50.017,7.147,0,788.0,37,,96.906,21.961,-1.0,-8.594,1.001,0.992,-0.039,4330,14.51,12.549,0,,,,,,,100.0,,,,,,
2026-10-01T11:47:50.148,7.278,0,793.5,37,,96.906,21.961,0.5,-8.594,1.001,0.997,-0.027,4320,14.51,12.549,0,,,,,,,,349.8,,,,,
2026-10-01T11:47:50.277,7.407,0,787.5,36,,96.906,21.569,0.5,-8.594,1.001,0.998,-0.023,4320,14.51,12.549,0,,,,,,,,,1.275,,,,
2026-10-01T11:47:50.406,7.537,0,780.0,36,,96.906,21.961,2.0,-8.594,1.0,1.003,-0.016,4330,14.51,12.549,0,,,,,,,,,,,0.781,,
2026-10-01T11:47:50.537,7.667,0,773.75,37,,96.906,21.961,4.5,-7.812,1.0,1.01,-0.012,4330,14.51,12.941,0,,,,,,,,,,,,23.137,
2026-10-01T11:47:50.667,7.797,0,770.75,37,,96.906,23.922,3.5,-7.812,1.001,1.013,-0.008,4460,14.51,12.941,0,,,,,,,,,,,,,40
2026-10-01T11:47:50.796,7.927,0,767.25,39,,96.906,23.529,0.0,-7.031,1.0,1.022,0.0,4680,14.51,12.549,0,102,,,,,,,,,,,,
2026-10-01T11:47:50.927,8.057,0,785.75,39,,96.906,23.922,-0.5,-7.031,1.0,1.027,0.008,5020,14.51,12.941,0,,72,,,,,,,,,,,
2026-10-01T11:47:51.057,8.187,0,797.5,38,,96.906,22.745,-2.5,-7.031,1.0,1.024,0.004,5080,14.51,12.549,0,,,6.25,,,,,,,,,,
2026-10-01T11:47:51.186,8.316,0,788.5,38,,96.906,23.529,-2.0,-7.031,1.0,1.023,0.004,5150,14.51,12.549,0,,,,12.968,,,,,,,,,
2026-10-01T11:47:51.317,8.447,0,785.0,38,,96.906,22.745,2.0,-6.25,1.0,1.024,0.004,5090,14.51,12.941,0,,,,,97,,,,,,,,
2026-10-01T11:47:51.447,8.577,0,792.25,38,,96.906,22.745,0.5,-6.25,1.0,1.025,0.004,4940,14.51,12.549,0,,,,,,30,,,,,,,
2026-10-01T11:47:51.577,8.707,0,794.0,38,,96.906,22.353,-1.0,-6.25,1.0,1.031,0.012,4960,14.51,12.549,0,,,,,,,100.0,,,,,,
2026-10-01T11:47:51.707,8.838,0,798.25,38,,96.906,22.745,-2.0,-5.469,1.0,1.034,0.016,4910,14.51,12.941,0,,,,,,,,349.6,,,,,
2026-10-01T11:47:51.837,8.967,0,796.5,37,,96.906,23.137,-4.0,-5.469,1.0,1.036,0.02,4900,14.51,12.549,0,,,,,,,,,1.275,,,,
2026-10-01T11:47:51.967,9.097,0,800.0,38,,96.906,22.745,-2.5,-4.688,1.0,1.037,0.02,4910,14.51,12.549,0,,,,,,,,,,,0.781,,
2026-10-01T11:47:52.097,9.227,0,800.5,37,,96.906,22.353,-3.0,-4.688,1.0,1.037,0.02,4810,14.51,12.549,0,,,,,,,,,,,,22.745,
2026-10-01T11:47:52.227,9.357,0,795.25,37,,96.906,21.961,-2.0,-4.688,1.0,1.033,0.016,4700,14.51,12.549,0,,,,,,,,,,,,,42
2026-10-01T11:47:52.357,9.487,0,798.75,37,,96.906,22.353,-1.0,-4.688,1.0,1.029,0.012,4550,14.51,12.941,0,102,,,,,,,,,,,,
2026-10-01T11:47:52.486,9.616,0,797.0,37,,96.906,22.353,-3.5,-4.688,1.0,1.028,0.008,4510,14.51,12.549,0,,72,,,,,,,,,,,
2026-10-01T11:47:52.617,9.747,0,794.5,38,,96.906,22.353,-1.0,-3.906,1.0,1.029,0.012,4580,14.51,12.549,0,,,6.25,,,,,,,,,,
2026-10-01T11:47:52.747,9.877,0,792.75,37,,96.906,21.961,-1.0,-3.906,1.0,1.026,0.008,4530,14.51,12.549,0,,,,12.929,,,,,,,,,
2026-10-01T11:47:52.877,10.007,0,798.0,36,,96.906,22.353,-2.5,-3.906,1.0,1.021,0.0,4460,14.51,12.549,0,,,,,97,,,,,,,,
2026-10-01T11:47:53.007,10.137,0,792.75,37,,96.906,22.353,-2.5,-3.906,1.0,1.021,0.0,4450,14.51,12.549,0,,,,,,30,,,,,,,
2026-10-01T11:47:53.147,10.277,0,797.75,37,,96.906,21.961,-2.0,-3.906,1.0,1.018,-0.004,4460,14.51,12.549,0,,,,,,,100.0,,,,,,
2026-10-01T11:47:53.277,10.407,0,794.25,37,,96.906,22.353,-2.5,-3.906,1.0,1.016,-0.004,4480,14.51,12.549,0,,,,,,,,349.5,,,,,
2026-10-01T11:47:53.407,10.537,0,797.75,37,,96.906,21.961,-1.0,-3.906,1.0,1.013,-0.008,4470,14.51,12.549,0,,,,,,,,,1.275,,,,
2026-10-01T11:47:53.537,10.667,0,803.0,37,,96.906,22.353,-1.5,-3.906,1.0,1.015,-0.004,4490,14.51,12.549,0,,,,,,,,,,,0.781,,
2026-10-01T11:47:53.667,10.797,0,800.5,38,,96.906,22.745,-4.0,-3.906,1.0,1.013,-0.008,4630,14.51,12.549,0,,,,,,,,,,,,23.529,
2026-10-01T11:47:53.797,10.927,0,803.0,37,,96.906,22.353,-4.0,-3.906,1.0,1.011,-0.008,4720,14.51,12.549,0,,,,,,,,,,,,,43
2026-10-01T11:47:53.926,11.057,0,800.0,37,,96.906,21.961,-2.5,-3.125,1.0,1.009,-0.012,4640,14.51,12.549,0,102,,,,,,,,,,,,
2026-10-01T11:47:54.057,11.187,0,804.0,36,,96.906,21.569,-1.5,-3.906,1.0,1.003,-0.016,4550,14.51,12.549,0,,72,,,,,,,,,,,
2026-10-01T11:47:54.187,11.317,0,799.0,37,,96.906,21.961,-2.5,-3.906,1.0,1.003,-0.016,4500,14.51,12.549,0,,,6.25,,,,,,,,,,
2026-10-01T11:47:54.317,11.447,0,800.0,37,,96.906,21.961,-3.0,-3.906,1.0,1.001,-0.02,4480,14.51,12.549,0,,,,12.851,,,,,,,,,
2026-10-01T11:47:54.447,11.578,0,800.75,37,,96.906,22.745,-3.5,-3.906,1.0,1.009,-0.012,4570,14.51,12.549,0,,,,,97,,,,,,,,
2026-10-01T11:47:54.577,11.707,0,804.0,37,,96.906,22.353,-3.5,-3.125,1.0,1.007,-0.012,4620,14.51,12.549,0,,,,,,30,,,,,,,
2026-10-01T11:47:54.706,11.837,0,801.75,37,,96.906,22.745,-4.0,-3.125,1.0,1.004,-0.016,4650,14.51,12.549,0,,,,,,,100.0,,,,,,
2026-10-01T11:47:54.837,11.967,0,803.75,37,,96.906,22.353,-4.0,-3.906,1.0,0.998,-0.027,4660,14.51,12.549,0,,,,,,,,349.3,,,,,
2026-10-01T11:47:54.967,12.097,0,805.5,37,,96.906,22.353,-2.5,-3.906,1.0,0.995,-0.035,4630,14.51,12.549,0,,,,,,,,,1.275,,,,
2026-10-01T11:47:55.097,12.227,0,795.25,37,,96.906,22.353,-2.5,-3.906,1.0,0.996,-0.031,4620,14.51,12.549,0,,,,,,,,,,,0.781,,
2026-10-01T11:47:55.227,12.357,0,796.0,37,,96.906,21.961,-2.5,-3.906,1.0,0.996,-0.027,4620,14.51,12.549,0,,,,,,,,,,,,23.137,
2026-10-01T11:47:55.357,12.487,0,798.5,37,,96.906,22.353,-2.0,-3.906,1.0,0.998,-0.023,4560,14.51,12.549,0,,,,,,,,,,,,,45
2026-10-01T11:47:55.486,12.616,0,797.75,37,,96.906,22.353,-2.5,-3.906,1.0,0.998,-0.023,4560,14.51,12.549,0,102,,,,,,,,,,,,
2026-10-01T11:47:55.617,12.747,0,799.25,37,,96.906,22.353,-2.0,-3.906,1.0,0.999,-0.02,4550,14.51,12.549,0,,72,,,,,,,,,,,
2026-10-01T11:47:55.747,12.877,0,797.75,37,,96.906,22.353,-2.5,-3.906,1.0,0.997,-0.027,4580,14.51,12.549,0,,,6.25,,,,,,,,,,
2026-10-01T11:47:55.877,13.007,0,802.0,37,,96.906,22.745,-2.5,-3.906,1.0,0.997,-0.027,4600,14.51,12.549,0,,,,12.89,,,,,,,,,
2026-10-01T11:47:56.007,13.137,0,802.25,37,,96.906,22.745,-4.0,-3.906,1.0,0.997,-0.027,4620,14.51,12.549,0,,,,,97,,,,,,,,
2026-10-01T11:47:56.137,13.267,0,800.75,37,,96.906,21.961,-4.0,-3.906,1.0,0.995,-0.031,4620,14.51,12.549,0,,,,,,30,,,,,,,
2026-10-01T11:47:56.267,13.397,0,797.5,37,,96.906,22.353,-3.0,-3.906,1.0,0.997,-0.027,4600,14.51,12.549,0,,,,,,,100.0,,,,,,
2026-10-01T11:47:56.397,13.528,0,799.25,37,,96.906,22.353,-3.5,-3.906,1.0,0.995,-0.035,4610,14.51,12.549,0,,,,,,,,349.2,,,,,
2026-10-01T11:47:56.527,13.657,0,799.25,37,,96.906,22.745,-3.0,-3.906,1.0,0.997,-0.027,4590,14.51,12.549,0,,,,,,,,,1.275,,,,
2026-10-01T11:47:56.658,13.788,0,807.25,37,,96.906,22.353,-3.0,-3.906,1.0,0.996,-0.031,4620,14.51,12.549,0,,,,,,,,,,,0.781,,
2026-10-01T11:47:56.787,13.917,0,807.25,38,,96.906,22.745,-4.0,-3.906,1.0,0.992,-0.039,4650,14.51,12.549,0,,,,,,,,,,,,23.137,
2026-10-01T11:47:56.918,14.048,0,804.5,37,,96.906,22.353,-4.0,-3.906,1.0,0.991,-0.043,4630,14.51,12.549,0,,,,,,,,,,,,,46
2026-10-01T11:47:57.047,14.177,0,804.75,37,,96.906,22.353,-3.5,-4.688,1.0,0.99,-0.043,4610,14.51,12.549,0,103,,,,,,,,,,,,
2026-10-01T11:47:57.177,14.307,0,801.5,38,,96.906,22.353,-4.0,-4.688,1.0,0.991,-0.043,4600,14.51,12.549,0,,72,,,,,,,,,,,
2026-10-01T11:47:57.307,14.437,0,801.5,37,,96.906,22.353,-3.5,-4.688,1.0,0.988,-0.051,4600,14.51,12.549,0,,,6.25,,,,,,,,,,
2026-10-01T11:47:57.437,14.567,0,805.75,38,,96.906,22.745,-3.5,-4.688,1.0,0.985,-0.059,4600,14.51,12.549,0,,,,12.89,,,,,,,,,
2026-10-01T11:47:57.567,14.697,0,805.75,37,,96.906,22.353,-3.5,-4.688,1.0,0.984,-0.059,4630,14.51,12.549,0,,,,,97,,,,,,,,
2026-10-01T11:47:57.697,14.827,0,802.5,37,,96.906,21.961,-4.0,-4.688,1.0,0.984,-0.059,4630,14.51,12.549,0,,,,,,30,,,,,,,
2026-10-01T11:47:57.826,14.956,0,800.0,37,,96.906,22.745,-4.0,-5.469,1.0,0.983,-0.062,4640,14.51,12.549,0,,,,,,,100.0,,,,,,
2026-10-01T11:47:57.957,15.087,0,797.25,37,,96.906,22.353,-1.5,-5.469,1.0,0.985,-0.059,4600,14.51,12.549,0,,,,,,,,349.1,,,,,
2026-10-01T11:47:58.086,15.216,0,799.75,37,,96.906,22.353,-2.5,-5.469,1.0,0.986,-0.055,4590,14.51,12.549,0,,,,,,,,,1.275,,,,
2026-10-01T11:47:58.217,15.347,0,804.75,37,,96.906,22.353,-2.5,-5.469,1.0,0.984,-0.062,4600,14.51,12.549,0,,,,,,,,,,,0.781,,
2026-10-01T11:47:58.347,15.477,0,803.75,37,,96.906,21.961,-3.0,-5.469,1.0,0.987,-0.051,4600,14.51,12.549,0,,,,,,,,,,,,23.529,
2026-10-01T11:47:58.477,15.607,0,805.75,37,,96.906,22.745,-3.5,-5.469,1.0,0.987,-0.051,4660,14.51,12.549,0,,,,,,,,,,,,,48
2026-10-01T11:47:58.607,15.737,0,799.25,37,,96.906,22.353,-4.0,-5.469,1.0,0.989,-0.047,4680,14.51,12.549,0,103,,,,,,,,,,,,
2026-10-01T11:47:58.737,15.867,0,805.5,38,,96.906,22.745,-4.0,-5.469,1.0,0.987,-0.055,4710,14.51,12.549,0,,72,,,,,,,,,,,
2026-10-01T11:47:58.867,15.997,0,807.0,38,,96.906,21.961,-4.0,-5.469,1.0,0.991,-0.043,4720,14.51,12.549,0,,,6.25,,,,,,,,,,
2026-10-01T11:47:58.997,16.127,0,804.5,38,,96.906,22.745,-4.0,-5.469,1.0,0.991,-0.043,4720,14.51,12.549,0,,,,12.91,,,,,,,,,
2026-10-01T11:47:59.126,16.256,0,803.25,38,,96.906,22.745,-4.0,-5.469,1.0,0.993,-0.039,4690,14.51,12.549,0,,,,,97,,,,,,,,
2026-10-01T11:47:59.256,16.387,0,797.75,37,,96.906,22.353,-3.5,-5.469,1.0,0.996,-0.031,4650,14.51,12.549,0,,,,,,30,,,,,,,
2026-10-01T11:47:59.387,16.517,0,796.5,38,,96.906,22.745,-3.5,-5.469,1.0,0.995,-0.031,4660,14.51,12.549,0,,,,,,,100.0,,,,,,
2026-10-01T11:47:59.517,16.647,0,795.5,37,,96.906,21.961,-2.0,-5.469,1.0,0.997,-0.027,4650,14.51,12.549,0,,,,,,,,349.0,,,,,
2026-10-01T11:47:59.646,16.776,0,799.0,37,,96.906,22.353,-1.5,-5.469,1.0,0.995,-0.031,4590,14.51,12.549,0,,,,,,,,,1.275,,,,
2026-10-01T11:47:59.777,16.907,0,797.75,37,,96.906,22.353,-2.0,-5.469,1.0,0.995,-0.031,4560,14.51,12.549,0,,,,,,,,,,,0.781,,
2026-10-01T11:47:59.906,17.037,0,793.75,38,,96.906,23.137,-4.0,-5.469,1.0,0.995,-0.031,4640,14.51,12.549,0,,,,,,,,,,,,23.922,
2026-10-01T11:48:00.036,17.166,0,801.0,38,,96.938,23.137,-4.0,-5.469,1.0,0.995,-0.031,4760,14.51,12.549,0,,,,,,,,,,,,,49
2026-10-01T11:48:00.166,17.297,0,799.5,38,,96.906,23.137,-4.0,-5.469,1.0,0.998,-0.023,4790,14.51,12.549,0,103,,,,,,,,,,,,
2026-10-01T11:48:00.297,17.427,0,797.5,38,,96.906,22.745,-4.0,-5.469,1.0,1.001,-0.02,4810,14.51,12.549,0,,72,,,,,,,,,,,
2026-10-01T11:48:00.427,17.557,0,795.25,37,,96.906,22.353,-3.0,-5.469,1.0,1.003,-0.016,4810,14.51,12.549,0,,,6.25,,,,,,,,,,
2026-10-01T11:48:00.557,17.687,0,797.75,37,,96.938,22.353,-1.5,-5.469,1.0,1.002,-0.02,4700,14.51,12.549,0,,,,12.871,,,,,,,,,
2026-10-01T11:48:00.687,17.817,0,785.5,37,,96.906,22.353,1.0,-5.469,1.0,1.005,-0.016,4600,14.51,12.549,0,,,,,97,,,,,,,,
2026-10-01T11:48:00.817,17.947,0,787.5,38,,96.938,23.137,-2.0,-5.469,1.0,1.006,-0.016,4530,14.51,12.549,0,,,,,,30,,,,,,,
2026-10-01T11:48:00.947,18.077,0,789.75,38,,96.906,22.353,0.5,-4.688,1.0,1.009,-0.012,4510,14.51,12.549,0,,,,,,,100.0,,,,,,
2026-10-01T11:48:01.077,18.207,0,786.25,38,,96.906,22.353,-0.5,-4.688,1.0,1.006,-0.016,4500,14.51,12.549,0,,,,,,,,349.0,,,,,
2026-10-01T11:48:01.206,18.336,0,788.0,37,,96.906,22.353,0.0,-4.688,1.0,1.004,-0.016,4490,14.51,12.549,0,,,,,,,,,1.275,,,,
2026-10-01T11:48:01.337,18.467,0,790.25,38,,96.906,22.745,-0.5,-4.688,1.0,1.007,-0.012,4480,14.51,12.549,0,,,,,,,,,,,0.781,,
2026-10-01T11:48:01.467,18.597,0,789.75,38,,96.906,22.353,-1.5,-4.688,1.0,1.005,-0.016,4490,14.51,12.549,0,,,,,,,,,,,,23.137,
2026-10-01T11:48:01.597,18.727,0,789.75,38,,96.906,22.745,0.0,-4.688,1.0,1.009,-0.012,4510,14.51,12.549,0,,,,,,,,,,,,,51
2026-10-01T11:48:01.726,18.856,0,796.0,38,,96.906,22.745,-1.0,-4.688,1.0,1.009,-0.012,4550,14.51,12.549,0,103,,,,,,,,,,,,
2026-10-01T11:48:01.857,18.987,0,798.25,38,,96.906,23.137,-1.0,-4.688,1.0,1.008,-0.012,4590,14.51,12.549,0,,72,,,,,,,,,,,
2026-10-01T11:48:01.986,19.117,0,790.0,38,,96.906,22.353,-2.5,-4.688,1.0,1.005,-0.016,4640,14.51,12.549,0,,,6.25,,,,,,,,,,
2026-10-01T11:48:02.117,19.247,0,795.0,38,,96.906,22.745,-2.0,-4.688,1.0,1.0,-0.02,4620,14.51,12.549,0,,,,12.851,,,,,,,,,
2026-10-01T11:48:02.246,19.376,0,791.0,38,,96.906,22.745,-1.5,-4.688,1.0,1.005,-0.016,4640,14.51,12.549,0,,,,,97,,,,,,,,
2026-10-01T11:48:02.377,19.507,0,793.75,38,,96.906,22.745,-1.0,-4.688,1.0,1.0,-0.02,4630,14.51,12.549,0,,,,,,30,,,,,,,
2026-10-01T11:48:02.507,19.637,0,792.5,37,,96.906,22.745,-1.5,-4.688,1.0,1.0,-0.02,4650,14.51,12.549,0,,,,,,,100.0,,,,,,
2026-10-01T11:48:02.637,19.767,0,795.25,38,,96.906,22.353,-1.0,-4.688,1.0,1.002,-0.02,4670,14.51,12.549,0,,,,,,,,349.0,,,,,
2026-10-01T11:48:02.767,19.897,0,798.0,38,,96.906,22.745,-1.0,-4.688,1.0,1.003,-0.016,4660,14.51,12.549,0,,,,,,,,,1.275,,,,
2026-10-01T11:48:02.897,20.027,0,795.5,37,,96.906,22.353,-1.0,-4.688,1.0,1.002,-0.02,4650,14.51,12.549,0,,,,,,,,,,,0.781,,
2026-10-01T11:48:03.027,20.157,0,798.5,38,,96.906,22.745,-2.5,-4.688,1.0,0.997,-0.027,4610,14.51,12.549,0,,,,,,,,,,,,23.529,
2026-10-01T11:48:03.157,20.287,0,795.25,38,,96.906,22.353,-0.5,-4.688,1.0,0.999,-0.023,4600,14.51,12.549,0,,,,,,,,,,,,,52
2026-10-01T11:48:03.286,20.416,0,791.5,38,,96.906,22.745,-1.0,-4.688,1.0,0.999,-0.02,4610,14.51,12.549,0,103,,,,,,,,,,,,
2026-10-01T11:48:03.417,20.547,0,794.75,38,,96.906,22.745,-2.0,-4.688,1.0,0.999,-0.023,4640,14.51,12.549,0,,72,,,,,,,,,,,
2026-10-01T11:48:03.547,20.677,0,798.75,38,,96.906,23.137,-2.5,-4.688,1.0,1.0,-0.02,4650,14.51,12.549,0,,,6.25,,,,,,,,,,
2026-10-01T11:48:03.677,20.807,0,799.75,38,,96.906,22.745,-2.0,-4.688,1.0,0.997,-0.027,4670,14.51,12.549,0,,,,12.89,,,,,,,,,
2026-10-01T11:48:03.807,20.937,0,791.5,38,,96.906,22.745,-3.0,-4.688,1.0,0.998,-0.023,4690,14.51,12.549,0,,,,,97,,,,,,,,
2026-10-01T11:48:03.937,21.067,0,794.25,38,,96.906,22.745,-2.5,-4.688,1.0,0.996,-0.031,4670,14.51,12.549,0,,,,,,30,,,,,,,
2026-10-01T11:48:04.066,21.197,0,795.25,38,,96.906,22.745,-1.5,-4.688,1.0,0.998,-0.027,4700,14.51,12.549,0,,,,,,,100.0,,,,,,
2026-10-01T11:48:04.197,21.327,0,791.25,38,,96.906,22.745,-1.5,-4.688,1.0,0.996,-0.031,4690,14.51,12.549,0,,,,,,,,348.9,,,,,
2026-10-01T11:48:04.326,21.456,0,796.25,38,,96.906,22.745,-2.5,-4.688,1.0,0.993,-0.039,4720,14.51,12.549,0,,,,,,,,,1.275,,,,
2026-10-01T11:48:04.456,21.586,0,790.75,38,,96.906,23.137,-2.0,-4.688,1.0,0.995,-0.031,4700,14.51,12.549,0,,,,,,,,,,,0.781,,
2026-10-01T11:48:04.586,21.716,0,799.25,38,,96.906,22.745,-1.5,-4.688,1.0,0.995,-0.031,4720,14.51,12.549,0,,,,,,,,,,,,23.922,
2026-10-01T11:48:04.717,21.847,0,793.75,38,,96.906,23.137,-2.5,-4.688,1.0,0.995,-0.031,4670,14.51,12.549,0,,,,,,,,,,,,,54
2026-10-01T11:48:04.847,21.977,0,799.5,38,,96.906,22.745,-3.0,-4.688,1.0,0.995,-0.031,4710,14.51,12.549,0,104,,,,,,,,,,,,
2026-10-01T11:48:04.977,22.107,0,798.25,38,,96.906,23.137,-0.5,-4.688,1.0,0.998,-0.023,4700,14.51,12.549,0,,72,,,,,,,,,,,
2026-10-01T11:48:05.107,22.237,0,790.75,38,,96.906,22.745,-2.0,-4.688,1.0,0.995,-0.035,4720,14.51,12.549,0,,,6.25,,,,,,,,,,
2026-10-01T11:48:05.236,22.367,0,790.0,38,,96.906,22.353,-2.5,-4.688,1.0,0.994,-0.035,4740,14.51,12.549,0,,,,12.871,,,,,,,,,
2026-10-01T11:48:05.367,22.497,0,794.0,38,,96.906,22.745,-2.0,-5.469,1.0,0.991,-0.043,4730,14.51,12.549,0,,,,,97,,,,,,,,
2026-10-01T11:48:05.497,22.627,0,798.0,38,,96.906,22.353,-1.5,-5.469,1.0,0.991,-0.043,4720,14.51,12.549,0,,,,,,30,,,,,,,
2026-10-01T11:48:05.626,22.756,0,796.0,38,,96.906,22.745,-2.0,-5.469,1.0,0.992,-0.039,4710,14.51,12.549,0,,,,,,,100.0,,,,,,
2026-10-01T11:48:05.757,22.887,0,793.0,38,,96.906,22.745,-2.5,-5.469,1.0,0.989,-0.047,4730,14.51,12.549,0,,,,,,,,348.8,,,,,
2026-10-01T11:48:05.886,23.016,0,797.25,38,,96.906,22.745,-2.5,-5.469,1.0,0.99,-0.043,4730,14.51,12.549,0,,,,,,,,,1.275,,,,
2026-10-01T11:48:06.017,23.147,0,800.0,38,,96.906,22.745,-3.0,-5.469,1.0,0.992,-0.043,4730,14.51,12.549,0,,,,,,,,,,,0.781,,
2026-10-01T11:48:06.146,23.277,0,797.75,38,,96.906,22.745,-2.5,-5.469,1.0,0.989,-0.051,4710,14.51,12.549,0,,,,,,,,,,,,23.529,
2026-10-01T11:48:06.277,23.407,0,794.0,38,,96.906,22.745,-2.0,-5.469,1.0,0.991,-0.043,4720,14.51,12.549,0,,,,,,,,,,,,,56
2026-10-01T11:48:06.406,23.536,0,803.0,38,,96.906,23.137,-2.0,-5.469,1.0,0.987,-0.055,4730,14.51,12.549,0,104,,,,,,,,,,,,
2026-10-01T11:48:06.537,23.667,0,803.5,38,,96.906,22.745,-3.0,-6.25,1.0,0.984,-0.059,4750,14.51,12.549,0,,72,,,,,,,,,,,
2026-10-01T11:48:06.667,23.797,0,801.25,38,,96.906,23.137,-4.0,-6.25,1.0,0.985,-0.059,4820,14.51,12.549,0,,,6.25,,,,,,,,,,
2026-10-01T11:48:06.797,23.927,0,801.0,38,,96.906,23.137,-5.0,-6.25,1.0,0.986,-0.055,4860,14.51,12.157,0,,,,12.851,,,,,,,,,
2026-10-01T11:48:06.928,24.058,0,802.5,38,,96.906,22.745,-3.0,-6.25,1.0,0.989,-0.047,4850,14.51,12.549,0,,,,,97,,,,,,,,
2026-10-01T11:48:07.057,24.187,0,803.5,37,,96.906,22.353,-1.0,-6.25,1.0,0.988,-0.051,4730,14.51,12.549,0,,,,,,30,,,,,,,
2026-10-01T11:48:07.186,24.316,0,799.25,38,,96.906,22.745,-3.0,-6.25,1.0,0.986,-0.055,4670,14.51,12.549,0,,,,,,,100.0,,,,,,
2026-10-01T11:48:07.317,24.447,0,805.75,38,,96.906,23.137,-4.5,-6.25,1.0,0.985,-0.059,4750,14.51,12.549,0,,,,,,,,348.8,,,,,
2026-10-01T11:48:07.446,24.576,0,804.75,38,,96.938,23.529,-4.5,-6.25,1.0,0.989,-0.047,4800,14.51,12.549,0,,,,,,,,,1.275,,,,
2026-10-01T11:48:07.577,24.707,0,811.25,38,,96.906,22.353,-5.0,-6.25,1.0,0.991,-0.043,4800,14.51,12.157,0,,,,,,,,,,,0.781,,
2026-10-01T11:48:07.707,24.837,0,807.75,37,,96.938,22.353,-4.0,-6.25,1.0,0.994,-0.035,4730,14.51,12.157,0,,,,,,,,,,,,22.745,
2026-10-01T11:48:07.837,24.967,0,807.5,37,,96.969,21.961,-2.5,-6.25,1.0,0.998,-0.023,4540,14.51,12.549,0,,,,,,,,,,,,,57
2026-10-01T11:48:07.966,25.097,0,807.0,37,,96.938,21.961,-2.5,-6.25,1.0,0.999,-0.023,4400,14.51,12.549,0,104,,,,,,,,,,,,
2026-10-01T11:48:08.097,25.227,0,800.5,37,,96.906,21.961,-1.5,-6.25,1.0,0.999,-0.023,4270,14.51,12.157,0,,72,,,,,,,,,,,
2026-10-01T11:48:08.226,25.357,0,796.0,37,,96.938,21.961,-2.5,-6.25,1.0,1.004,-0.016,4250,14.51,12.157,0,,,7.031,,,,,,,,,,
2026-10-01T11:48:08.367,25.497,0,788.25,37,,96.906,22.353,-1.0,-5.469,1.0,1.015,-0.004,4190,14.51,12.157,0,,,,12.773,,,,,,,,,
2026-10-01T11:48:08.497,25.627,0,787.5,37,,96.906,21.961,-1.0,-5.469,1.0,1.015,-0.004,4210,14.51,12.157,0,,,,,97,,,,,,,,
2026-10-01T11:48:08.626,25.757,0,791.5,37,,96.906,21.961,-1.0,-4.688,1.0,1.019,0.0,4200,14.51,12.157,0,,,,,,30,,,,,,,
2026-10-01T11:48:08.757,25.887,0,790.25,37,,96.906,21.961,-1.0,-4.688,1.0,1.02,0.0,4200,14.51,12.157,0,,,,,,,100.0,,,,,,
2026-10-01T11:48:08.886,26.016,0,786.75,37,,96.906,22.353,3.0,-4.688,1.001,1.02,0.0,4210,14.51,12.549,0,,,,,,,,348.8,,,,,
2026-10-01T11:48:09.017,26.147,0,784.5,38,,96.906,22.745,-1.5,-4.688,1.001,1.021,0.0,4290,14.51,12.549,0,,,,,,,,,1.275,,,,
2026-10-01T11:48:09.148,26.278,0,783.75,39,,96.906,23.137,-2.5,-3.906,1.001,1.023,0.004,4470,14.51,12.157,0,,,,,,,,,,,0.781,,
2026-10-01T11:48:09.277,26.407,0,792.5,39,,96.938,22.353,1.0,-3.906,1.0,1.023,0.004,4650,14.51,12.549,0,,,,,,,,,,,,23.529,
2026-10-01T11:48:09.406,26.536,0,797.5,38,,96.906,22.745,-1.0,-3.906,1.0,1.016,-0.004,4630,14.51,12.549,0,,,,,,,,,,,,,59
2026-10-01T11:48:09.536,26.666,0,798.25,38,,96.906,22.745,-1.0,-3.906,1.0,1.014,-0.008,4730,14.51,12.549,0,104,,,,,,,,,,,,
2026-10-01T11:48:09.666,26.796,0,794.25,38,,96.938,23.137,0.5,-3.906,1.0,1.019,0.0,4730,14.51,12.549,0,,72,,,,,,,,,,,
2026-10-01T11:48:09.797,26.927,0,789.0,38,,96.906,22.745,-1.0,-3.906,1.0,1.021,0.0,4760,14.51,12.549,0,,,6.25,,,,,,,,,,
2026-10-01T11:48:09.927,27.057,0,794.5,38,,96.906,22.745,-1.0,-3.125,1.0,1.024,0.004,4800,14.51,12.549,0,,,,12.89,,,,,,,,,
2026-10-01T11:48:10.057,27.187,0,791.75,38,,96.906,23.137,-2.5,-3.125,1.0,1.026,0.008,4840,14.51,12.549,0,,,,,97,,,,,,,,
2026-10-01T11:48:10.187,27.317,0,793.25,38,,96.906,22.745,-2.0,-3.125,1.0,1.026,0.008,4870,14.51,12.549,0,,,,,,30,,,,,,,
2026-10-01T11:48:10.317,27.447,0,796.25,38,,96.906,23.137,-3.0,-3.125,1.0,1.024,0.004,4830,14.51,12.549,0,,,,,,,100.0,,,,,,
2026-10-01T11:48:10.447,27.577,0,798.25,38,,96.906,22.745,-2.0,-2.344,1.0,1.022,0.0,4830,14.51,12.549,0,,,,,,,,348.8,,,,,
2026-10-01T11:48:10.577,27.707,0,794.5,38,,96.906,22.745,-2.5,-2.344,1.0,1.02,0.0,4810,14.51,12.549,0,,,,,,,,,1.275,,,,
2026-10-01T11:48:10.706,27.837,0,797.25,38,,96.906,22.745,-2.5,-3.125,1.0,1.011,-0.008,4800,14.51,12.549,0,,,,,,,,,,,0.781,,
2026-10-01T11:48:10.837,27.967,0,801.25,38,,96.906,22.745,-2.5,-3.125,1.0,1.002,-0.02,4800,14.51,12.549,0,,,,,,,,,,,,23.922,
2026-10-01T11:48:10.966,28.096,0,796.5,38,,96.906,22.745,-2.0,-3.125,1.0,0.998,-0.023,4730,14.51,12.549,0,,,,,,,,,,,,,60
2026-10-01T11:48:11.097,28.227,0,800.5,38,,96.906,22.745,-3.0,-3.125,1.0,0.997,-0.027,4740,14.51,12.549,0,104,,,,,,,,,,,,
2026-10-01T11:48:11.227,28.357,0,811.5,38,,96.906,22.745,-3.0,-3.125,1.0,0.997,-0.027,4710,14.51,12.549,0,,72,,,,,,,,,,,
2026-10-01T11:48:11.357,28.487,0,815.75,38,,96.906,22.353,-2.5,-3.125,1.0,0.998,-0.023,4690,14.51,12.549,0,,,6.25,,,,,,,,,,
2026-10-01T11:48:11.486,28.617,0,817.75,37,,96.906,22.353,-4.0,-3.125,1.0,0.999,-0.023,4640,14.51,12.549,0,,,,12.714,,,,,,,,,
2026-10-01T11:48:11.616,28.747,0,815.25,37,,96.906,22.353,-4.0,-3.125,1.0,0.998,-0.023,4600,14.51,12.549,0,,,,,97,,,,,,,,
2026-10-01T11:48:11.747,28.877,0,818.75,37,,96.906,21.961,-4.0,-3.125,1.0,0.997,-0.027,4530,14.51,12.549,0,,,,,,30,,,,,,,
2026-10-01T11:48:11.877,29.007,0,816.25,37,,96.906,21.961,-4.0,-3.125,1.0,0.996,-0.031,4490,14.51,12.549,0,,,,,,,100.0,,,,,,
2026-10-01T11:48:12.006,29.136,0,810.5,37,,96.906,21.961,-3.5,-3.125,1.0,0.999,-0.023,4420,14.51,12.549,0,,,,,,,,348.8,,,,,
2026-10-01T11:48:12.136,29.267,0,803.0,37,,96.906,21.961,-2.5,-3.125,1.0,0.999,-0.023,4380,14.51,12.549,0,,,,,,,,,1.275,,,,
2026-10-01T11:48:12.267,29.397,0,802.0,37,,96.906,21.961,-2.5,-3.125,1.0,0.999,-0.02,4350,14.51,12.549,0,,,,,,,,,,,0.781,,
2026-10-01T11:48:12.397,29.527,0,799.25,37,,96.906,22.353,-4.5,-3.125,1.0,1.005,-0.016,4390,14.51,12.157,0,,,,,,,,,,,,23.137,
2026-10-01T11:48:12.526,29.656,0,797.75,37,,96.906,22.353,-3.5,-3.125,1.0,1.011,-0.008,4430,14.51,12.157,0,,,,,,,,,,,,,62
2026-10-01T11:48:12.656,29.786,0,794.5,37,,96.906,21.961,-2.5,-2.344,1.0,1.016,-0.004,4380,14.51,12.157,0,104,,,,,,,,,,,,
2026-10-01T11:48:12.787,29.917,0,786.75,37,,96.906,21.961,2.0,-2.344,1.0,1.021,0.0,4330,14.51,12.549,0,,72,,,,,,,,,,,
2026-10-01T11:48:12.917,30.047,0,778.5,37,,96.906,22.353,3.0,-1.562,1.0,1.023,0.004,4350,14.51,12.549,0,,,6.25,,,,,,,,,,
2026-10-01T11:48:13.046,30.176,0,778.75,38,,96.906,23.529,-1.0,-1.562,1.0,1.027,0.008,4480,14.51,12.549,0,,,,12.89,,,,,,,,,
2026-10-01T11:48:13.177,30.307,0,785.0,39,,96.906,22.745,0.5,-1.562,1.0,1.028,0.008,4700,14.51,12.549,0,,,,,97,,,,,,,,
2026-10-01T11:48:13.306,30.436,0,796.0,38,,96.906,23.137,-1.5,-1.562,1.0,1.025,0.004,4760,14.51,12.549,0,,,,,,30,,,,,,,
2026-10-01T11:48:13.436,30.566,0,798.75,38,,96.906,22.745,-1.0,-0.781,1.0,1.025,0.004,4830,14.51,12.549,0,,,,,,,100.0,,,,,,
2026-10-01T11:48:13.567,30.697,0,795.75,38,,96.906,23.137,-1.0,-0.781,1.0,1.026,0.008,4850,14.51,12.549,0,,,,,,,,348.9,,,,,
2026-10-01T11:48:13.697,30.827,0,791.0,38,,96.906,23.137,-1.0,-0.781,1.0,1.03,0.012,4860,14.51,12.549,0,,,,,,,,,1.275,,,,
2026-10-01T11:48:13.827,30.957,0,789.0,38,,96.906,22.745,-0.5,0.0,1.0,1.037,0.02,4840,14.51,12.549,0,,,,,,,,,,,0.781,,
2026-10-01T11:48:13.956,31.086,0,793.0,38,,96.906,23.137,0.5,0.0,1.0,1.039,0.02,4820,14.51,12.157,0,,,,,,,,,,,,23.529,
2026-10-01T11:48:14.086,31.216,0,795.5,38,,96.906,22.745,0.5,0.0,1.0,1.038,0.02,4770,14.51,12.549,0,,,,,,,,,,,,,63
2026-10-01T11:48:14.217,31.347,0,790.5,38,,96.906,22.745,-0.5,0.0,1.0,1.034,0.016,4730,14.51,12.549,0,104,,,,,,,,,,,,
2026-10-01T11:48:14.347,31.477,0,798.0,38,,96.906,22.745,-1.0,0.0,1.0,1.035,0.016,4740,14.51,12.549,0,,73,,,,,,,,,,,
2026-10-01T11:48:14.476,31.607,0,793.25,38,,96.906,23.137,-1.5,0.781,1.0,1.036,0.02,4770,14.51,12.549,0,,,6.25,,,,,,,,,,
2026-10-01T11:48:14.606,31.736,0,796.75,38,,96.906,23.137,-2.0,0.781,1.0,1.036,0.02,4800,14.51,12.549,0,,,,12.851,,,,,,,,,
2026-10-01T11:48:14.737,31.867,0,796.0,38,,96.906,23.137,-2.5,0.781,1.0,1.034,0.016,4820,14.51,12.549,0,,,,,97,,,,,,,,
2026-10-01T11:48:14.866,31.997,0,801.5,38,,96.906,22.745,-2.5,0.781,1.0,1.033,0.016,4850,14.51,12.549,0,,,,,,30,,,,,,,
2026-10-01T11:48:14.997,32.127,0,807.25,38,,96.906,22.745,-4.0,1.562,1.0,1.032,0.012,4850,14.51,12.549,0,,,,,,,100.0,,,,,,
2026-10-01T11:48:15.126,32.256,0,804.0,38,,96.906,22.745,-3.5,1.562,1.0,1.033,0.016,4800,14.51,12.549,0,,,,,,,,348.9,,,,,
2026-10-01T11:48:15.257,32.387,0,805.5,38,,96.906,22.353,-4.0,1.562,1.0,1.032,0.012,4720,14.51,12.549,0,,,,,,,,,1.275,,,,
2026-10-01T11:48:15.386,32.516,0,805.5,37,,96.906,22.353,-3.5,1.562,1.0,1.031,0.012,4610,14.51,12.549,0,,,,,,,,,,,0.781,,
2026-10-01T11:48:15.517,32.647,0,807.75,37,,96.906,22.353,-4.0,2.344,1.0,1.028,0.008,4580,14.51,12.157,0,,,,,,,,,,,,23.137,
2026-10-01T11:48:15.647,32.777,0,806.5,37,,96.906,22.353,-2.5,2.344,1.0,1.024,0.004,4490,14.51,12.157,0,,,,,,,,,,,,,65
2026-10-01T11:48:15.777,32.907,0,794.25,37,,96.906,22.353,-2.5,2.344,1.0,1.021,0.0,4480,14.51,12.549,0,104,,,,,,,,,,,,
2026-10-01T11:48:15.906,33.036,0,793.25,37,,96.906,22.353,-3.0,2.344,1.0,1.017,-0.004,4430,14.51,12.157,0,,72,,,,,,,,,,,
2026-10-01T11:48:16.037,33.167,0,798.0,37,,96.906,22.353,-3.5,1.562,1.0,1.008,-0.012,4390,14.51,12.157,0,,,6.25,,,,,,,,,,
2026-10-01T11:48:16.166,33.296,0,793.75,37,,96.906,21.961,-1.5,1.562,1.0,1.001,-0.02,4370,14.51,12.157,0,,,,12.812,,,,,,,,,
2026-10-01T11:48:16.297,33.427,0,792.0,37,,96.906,21.961,-1.0,1.562,1.0,1.002,-0.02,4320,14.51,12.157,0,,,,,97,,,,,,,,
2026-10-01T11:48:16.427,33.557,0,790.5,36,,96.906,21.569,0.5,1.562,1.0,1.001,-0.02,4260,14.51,12.157,0,,,,,,30,,,,,,,
2026-10-01T11:48:16.556,33.686,0,791.5,37,,96.906,21.961,0.5,1.562,1.0,1.004,-0.016,4220,14.51,12.157,0,,,,,,,100.0,,,,,,
2026-10-01T11:48:16.686,33.817,0,793.5,36,,96.906,21.569,0.5,1.562,1.0,1.005,-0.016,4190,14.51,12.157,0,,,,,,,,349.0,,,,,
2026-10-01T11:48:16.817,33.948,0,786.25,37,,96.906,21.961,0.5,1.562,1.001,1.007,-0.012,4190,14.51,12.157,0,,,,,,,,,1.275,,,,
2026-10-01T11:48:16.947,34.077,0,785.0,37,,96.906,21.961,2.0,2.344,1.001,1.007,-0.012,4210,14.51,12.549,0,,,,,,,,,,,0.781,,
2026-10-01T11:48:17.076,34.207,0,789.75,38,,96.906,23.529,0.0,1.562,1.001,1.008,-0.012,4260,14.51,12.157,0,,,,,,,,,,,,23.529,
2026-10-01T11:48:17.206,34.336,0,780.75,38,,96.906,22.745,0.5,2.344,1.001,1.01,-0.012,4500,14.51,12.157,0,,,,,,,,,,,,,67
2026-10-01T11:48:17.337,34.467,0,785.0,38,,96.906,22.745,-0.5,2.344,1.0,1.008,-0.012,4620,14.51,12.549,0,104,,,,,,,,,,,,
2026-10-01T11:48:17.466,34.596,0,791.75,38,,96.906,22.353,-1.5,2.344,1.0,1.007,-0.012,4720,14.51,12.549,0,,72,,,,,,,,,,,
2026-10-01T11:48:17.597,34.727,0,795.0,38,,96.906,22.745,-1.0,2.344,1.0,1.0,-0.02,4730,14.51,12.549,0,,,6.25,,,,,,,,,,
2026-10-01T11:48:17.727,34.857,0,793.75,38,,96.906,22.745,-1.0,2.344,1.0,1.005,-0.016,4730,14.51,12.549,0,,,,12.792,,,,,,,,,
2026-10-01T11:48:17.857,34.987,0,789.25,38,,96.906,22.745,-0.5,2.344,1.0,1.012,-0.008,4740,14.51,12.549,0,,,,,97,,,,,,,,
2026-10-01T11:48:17.987,35.117,0,796.0,38,,96.906,22.745,0.5,3.125,1.0,1.02,0.0,4750,14.51,12.549,0,,,,,,30,,,,,,,
2026-10-01T11:48:18.116,35.247,0,792.25,38,,96.906,23.137,-1.0,3.125,1.0,1.021,0.0,4780,14.51,12.549,0,,,,,,,100.0,,,,,,
2026-10-01T11:48:18.247,35.377,0,801.0,38,,96.906,23.137,-2.5,3.125,1.0,1.02,0.0,4830,14.51,12.549,0,,,,,,,,349.0,,,,,
2026-10-01T11:48:18.377,35.507,0,801.25,39,,96.906,23.137,-3.5,3.125,1.0,1.017,-0.004,4950,14.51,12.549,0,,,,,,,,,1.275,,,,
2026-10-01T11:48:18.506,35.636,0,800.0,39,,96.906,23.529,-4.0,3.125,1.0,1.013,-0.008,4990,14.51,12.549,0,,,,,,,,,,,0.781,,
2026-10-01T11:48:18.637,35.767,0,808.5,39,,96.906,23.137,-3.5,3.125,1.0,1.009,-0.012,5020,14.51,12.549,0,,,,,,,,,,,,23.922,
2026-10-01T11:48:18.766,35.896,0,808.25,38,,96.906,22.745,-4.0,3.125,1.0,1.007,-0.012,4980,14.51,12.157,0,,,,,,,,,,,,,68
2026-10-01T11:48:18.897,36.027,0,803.5,38,,96.906,22.353,-2.5,3.125,1.0,1.012,-0.008,4820,14.51,12.157,0,104,,,,,,,,,,,,
2026-10-01T11:48:19.027,36.157,0,801.75,37,,96.906,21.961,-3.0,3.906,1.0,1.017,-0.004,4700,14.51,12.157,0,,73,,,,,,,,,,,
2026-10-01T11:48:19.157,36.287,0,802.5,38,,96.906,22.745,-2.5,3.906,1.0,1.021,0.0,4570,14.51,12.157,0,,,5.469,,,,,,,,,,
2026-10-01T11:48:19.287,36.417,0,800.5,37,,96.906,21.961,-3.5,4.688,1.0,1.025,0.004,4520,14.51,12.157,0,,,,12.773,,,,,,,,,
2026-10-01T11:48:19.416,36.547,0,804.25,37,,96.906,22.353,-3.5,4.688,1.0,1.018,-0.004,4460,14.51,12.157,0,,,,,97,,,,,,,,
2026-10-01T11:48:19.546,36.676,0,804.75,37,,96.906,21.961,-2.5,3.906,1.0,1.006,-0.016,4420,14.51,12.157,0,,,,,,30,,,,,,,
2026-10-01T11:48:19.677,36.807,0,802.0,37,,96.906,21.961,-2.5,3.125,1.0,0.996,-0.031,4380,14.51,12.157,0,,,,,,,100.0,,,,,,
2026-10-01T11:48:19.807,36.937,0,803.0,37,,96.906,21.961,-3.5,3.125,1.0,0.99,-0.047,4340,14.51,12.157,0,,,,,,,,349.0,,,,,
2026-10-01T11:48:19.938,37.068,0,804.5,36,,96.906,21.569,-3.0,3.125,1.0,0.987,-0.055,4290,14.51,12.157,0,,,,,,,,,1.275,,,,
2026-10-01T11:48:20.067,37.197,0,801.25,37,,96.906,21.961,-2.0,3.125,1.0,0.985,-0.055,4230,14.51,12.157,0,,,,,,,,,,,0.781,,
2026-10-01T11:48:20.197,37.327,0,792.5,36,,96.906,21.569,-1.5,3.125,1.0,0.987,-0.051,4210,14.51,12.157,0,,,,,,,,,,,,22.745,
2026-10-01T11:48:20.326,37.456,0,792.25,37,,96.906,21.961,-1.5,3.125,1.0,0.989,-0.047,4180,14.51,12.157,0,,,,,,,,,,,,,70
2026-10-01T11:48:20.457,37.587,0,796.25,37,,96.906,21.961,-0.5,2.344,1.001,0.989,-0.047,4190,14.51,12.157,0,104,,,,,,,,,,,,
2026-10-01T11:48:20.586,37.716,0,799.0,37,,96.906,21.961,-1.0,3.125,1.001,0.992,-0.039,4160,14.51,12.549,0,,72,,,,,,,,,,,
2026-10-01T11:48:20.717,37.847,0,794.0,37,,96.906,21.961,-2.0,3.125,1.001,0.995,-0.035,4190,14.51,12.549,0,,,6.25,,,,,,,,,,
2026-10-01T11:48:20.846,37.976,0,800.5,37,,96.906,21.961,-1.5,3.125,1.001,0.996,-0.027,4200,14.51,12.157,0,,,,12.773,,,,,,,,,
2026-10-01T11:48:20.977,38.107,0,802.5,37,,96.906,21.961,-1.0,3.125,1.001,0.998,-0.023,4240,14.51,12.157,0,,,,,97,,,,,,,,
2026-10-01T11:48:21.106,38.236,0,797.75,37,,96.906,22.353,-2.0,3.125,1.001,1.0,-0.02,4260,14.51,12.157,0,,,,,,30,,,,,,,
2026-10-01T11:48:21.237,38.367,0,797.75,37,,96.906,22.353,-1.5,3.125,1.0,1.005,-0.016,4270,14.51,12.157,0,,,,,,,100.0,,,,,,
2026-10-01T11:48:21.366,38.496,0,790.5,37,,96.906,22.353,0.5,3.125,1.001,1.003,-0.016,4290,14.51,12.157,0,,,,,,,,349.1,,,,,
2026-10-01T11:48:21.496,38.627,0,785.0,37,,96.938,22.353,1.0,3.125,1.001,1.0,-0.02,4320,14.51,12.549,0,,,,,,,,,1.275,,,,
2026-10-01T11:48:21.626,38.756,0,787.5,37,,96.906,22.353,0.5,3.125,1.0,1.0,-0.02,4370,14.51,12.549,0,,,,,,,,,,,0.781,,
2026-10-01T11:48:21.756,38.887,0,790.0,38,,96.906,23.529,-1.0,3.125,1.0,1.003,-0.016,4560,14.51,12.549,0,,,,,,,,,,,,23.922,
2026-10-01T11:48:21.887,39.017,0,788.75,38,,96.906,22.745,-1.5,3.125,1.0,1.003,-0.016,4710,14.51,12.157,0,,,,,,,,,,,,,71
2026-10-01T11:48:22.017,39.147,0,791.0,38,,96.906,22.745,-1.0,3.125,1.0,1.005,-0.016,4760,14.51,12.549,0,104,,,,,,,,,,,,
2026-10-01T11:48:22.147,39.277,0,798.75,38,,96.906,22.745,-1.0,3.125,1.0,1.0,-0.02,4760,14.51,12.549,0,,73,,,,,,,,,,,
2026-10-01T11:48:22.277,39.407,0,799.25,37,,96.906,23.529,-1.0,3.125,1.0,1.003,-0.016,4730,14.51,12.549,0,,,5.469,,,,,,,,,,
2026-10-01T11:48:22.406,39.537,0,798.25,39,,96.906,23.922,-4.0,3.125,1.0,1.007,-0.012,4940,14.51,12.549,0,,,,12.734,,,,,,,,,
2026-10-01T11:48:22.536,39.666,0,800.25,39,,96.906,23.137,-4.0,3.906,1.0,1.012,-0.008,5070,14.51,12.549,0,,,,,97,,,,,,,,
2026-10-01T11:48:22.667,39.797,0,814.25,38,,96.906,22.745,-4.0,3.906,1.0,1.009,-0.012,5080,14.51,12.549,0,,,,,,30,,,,,,,
2026-10-01T11:48:22.797,39.927,0,817.0,38,,96.906,22.353,-5.0,3.906,1.0,1.003,-0.016,4960,14.51,12.157,0,,,,,,,100.0,,,,,,
2026-10-01T11:48:22.926,40.056,0,818.75,38,,96.906,22.353,-3.5,3.906,1.0,1.006,-0.016,4770,14.51,12.549,0,,,,,,,,349.1,,,,,
2026-10-01T11:48:23.056,40.186,0,814.75,37,,96.906,21.961,-4.0,3.906,1.0,1.007,-0.012,4600,14.51,12.549,0,,,,,,,,,0.66,,,,
2026-10-01T11:48:23.186,40.317,0,813.25,38,,96.906,22.745,-5.0,3.906,1.0,1.017,-0.004,4600,14.51,12.157,0,,,,,,,,,,,0.781,,
2026-10-01T11:48:23.316,40.447,0,807.5,38,,96.906,22.353,-5.0,4.688,1.0,1.02,0.0,4570,14.51,12.157,0,,,,,,,,,,,,23.137,
2026-10-01T11:48:23.446,40.577,0,806.0,37,,96.938,21.961,-4.0,4.688,1.0,1.013,-0.008,4480,14.51,12.157,0,,,,,,,,,,,,,73
2026-10-01T11:48:23.577,40.707,0,809.0,37,,96.906,21.961,-3.0,3.906,0.999,0.999,-0.023,4350,14.51,12.157,0,104,,,,,,,,,,,,
2026-10-01T11:48:23.707,40.837,0,806.75,37,,96.938,21.569,-3.0,3.906,0.999,0.994,-0.035,4260,14.51,12.157,0,,73,,,,,,,,,,,
2026-10-01T11:48:23.837,40.967,0,798.75,36,,96.906,21.569,-2.5,3.906,1.0,0.991,-0.043,4190,14.51,12.157,0,,,6.25,,,,,,,,,,
2026-10-01T11:48:23.966,41.096,0,797.5,37,,96.906,21.961,-1.5,3.906,1.0,0.994,-0.035,4160,14.51,12.157,0,,,,12.714,,,,,,,,,
2026-10-01T11:48:24.096,41.226,0,794.75,37,,96.906,21.569,-2.5,3.906,1.0,0.996,-0.027,4220,14.51,12.157,0,,,,,97,,,,,,,,
2026-10-01T11:48:24.226,41.356,0,801.25,37,,96.906,21.961,-2.5,3.906,1.0,0.997,-0.027,4230,14.51,12.157,0,,,,,,30,,,,,,,
2026-10-01T11:48:24.356,41.487,0,800.5,37,,96.906,21.961,-0.5,3.906,1.001,0.998,-0.027,4230,14.51,12.157,0,,,,,,,100.0,,,,,,
2026-10-01T11:48:24.486,41.617,0,797.0,37,,96.906,21.961,-2.5,3.906,1.001,0.995,-0.031,4240,14.51,12.157,0,,,,,,,,349.1,,,,,
2026-10-01T11:48:24.616,41.746,0,794.25,37,,96.906,21.961,-2.0,3.906,1.0,0.997,-0.027,4230,14.51,12.157,0,,,,,,,,,0.665,,,,
2026-10-01T11:48:24.746,41.876,0,800.0,36,,96.906,21.569,-2.0,3.906,1.001,0.997,-0.027,4240,14.51,12.157,0,,,,,,,,,,,0.781,,
2026-10-01T11:48:24.877,42.007,0,798.5,37,,96.906,21.961,0.0,3.906,1.001,0.998,-0.027,4220,14.51,12.157,0,,,,,,,,,,,,22.353,
2026-10-01T11:48:25.006,42.136,0,790.5,36,,96.906,21.569,-2.0,3.906,1.001,0.998,-0.023,4230,14.51,12.157,0,,,,,,,,,,,,,74
2026-10-01T11:48:25.136,42.267,0,795.25,37,,96.906,22.353,-2.0,3.906,1.001,0.997,-0.027,4240,14.51,12.157,0,104,,,,,,,,,,,,
2026-10-01T11:48:25.267,42.397,0,803.5,37,,96.906,21.569,-2.0,3.906,1.001,0.998,-0.023,4220,14.51,12.157,0,,73,,,,,,,,,,,
2026-10-01T11:48:25.397,42.527,0,801.0,37,,96.938,21.961,-2.0,3.906,1.001,0.999,-0.02,4220,14.51,12.157,0,,,6.25,,,,,,,,,,
2026-10-01T11:48:25.528,42.658,0,794.75,37,,96.906,21.961,-2.5,3.906,1.001,1.002,-0.02,4240,14.51,12.157,0,,,,12.734,,,,,,,,,
2026-10-01T11:48:25.657,42.787,0,796.0,37,,96.906,21.961,-2.0,3.906,1.001,1.0,-0.02,4240,14.51,12.157,0,,,,,97,,,,,,,,
2026-10-01T11:48:25.787,42.917,0,800.5,37,,96.906,21.961,-1.5,3.906,1.001,0.999,-0.02,4240,14.51,12.157,0,,,,,,30,,,,,,,
2026-10-01T11:48:25.917,43.047,0,798.0,37,,96.906,21.961,-2.0,3.906,1.001,0.999,-0.02,4220,14.51,12.157,0,,,,,,,100.0,,,,,,
2026-10-01T11:48:26.047,43.177,0,796.25,37,,96.906,22.353,-0.5,3.906,1.001,0.999,-0.023,4230,14.51,12.157,0,,,,,,,,349.2,,,,,
2026-10-01T11:48:26.177,43.307,0,796.75,37,,96.906,21.961,-1.0,3.906,1.001,1.003,-0.016,4230,14.51,12.157,0,,,,,,,,,0.66,,,,
2026-10-01T11:48:26.307,43.437,0,793.75,36,,96.906,21.961,-2.5,3.906,1.001,1.004,-0.016,4220,14.51,12.157,0,,,,,,,,,,,0.781,,
2026-10-01T11:48:26.437,43.567,0,799.25,37,,96.906,21.961,-2.0,3.906,1.001,1.005,-0.016,4220,14.51,12.157,0,,,,,,,,,,,,22.745,
2026-10-01T11:48:26.567,43.697,0,796.0,37,,96.938,21.961,-2.0,3.906,1.001,1.005,-0.016,4240,14.51,12.157,0,,,,,,,,,,,,,76
2026-10-01T11:48:26.698,43.828,0,795.25,37,,96.906,21.961,-0.5,3.906,1.001,1.003,-0.016,4250,14.51,12.157,0,103,,,,,,,,,,,,
2026-10-01T11:48:26.827,43.957,0,796.75,37,,96.969,21.961,-1.0,3.906,1.001,1.003,-0.016,4210,14.51,12.157,0,,73,,,,,,,,,,,
2026-10-01T11:48:26.957,44.087,0,794.0,36,,96.906,21.961,-2.0,3.906,1.001,1.002,-0.02,4230,14.51,12.157,0,,,5.469,,,,,,,,,,
2026-10-01T11:48:27.087,44.217,0,798.25,37,,96.906,21.961,-1.0,3.906,1.001,1.003,-0.016,4240,14.51,12.157,0,,,,12.656,,,,,,,,,
2026-10-01T11:48:27.217,44.347,0,796.25,36,,96.906,21.961,-2.5,3.906,1.0,1.002,-0.02,4250,14.51,12.157,0,,,,,97,,,,,,,,
2026-10-01T11:48:27.347,44.477,0,801.0,36,,96.906,21.569,-2.5,3.906,1.0,0.999,-0.02,4280,14.51,12.157,0,,,,,,30,,,,,,,
2026-10-01T11:48:27.477,44.607,0,800.0,37,,96.906,21.961,-2.0,3.906,1.001,0.998,-0.023,4260,14.51,12.157,0,,,,,,,100.0,,,,,,
2026-10-01T11:48:27.607,44.737,0,789.5,37,,96.906,21.961,-1.0,3.906,1.001,0.999,-0.023,4250,14.51,12.157,0,,,,,,,,349.3,,,,,
2026-10-01T11:48:27.737,44.867,0,794.75,37,,96.969,21.961,-0.5,3.906,1.001,1.0,-0.02,4230,14.51,12.157,0,,,,,,,,,0.66,,,,
2026-10-01T11:48:27.867,44.997,0,794.5,37,,96.969,21.569,0.5,3.906,1.001,1.002,-0.02,4270,14.51,12.157,0,,,,,,,,,,,0.781,,
2026-10-01T11:48:27.997,45.127,0,796.5,37,,96.906,21.961,-1.0,3.906,1.001,1.006,-0.016,4260,14.51,12.157,0,,,,,,,,,,,,22.745,
2026-10-01T11:48:28.127,45.258,0,794.75,37,,96.906,21.961,-2.5,3.906,1.001,1.004,-0.016,4270,14.51,12.157,0,,,,,,,,,,,,,77
2026-10-01T11:48:28.257,45.387,0,798.25,37,,96.906,21.569,-1.5,4.688,1.001,1.006,-0.016,4260,14.51,12.157,0,103,,,,,,,,,,,,
2026-10-01T11:48:28.386,45.517,0,799.75,37,,96.938,21.961,-2.0,4.688,1.001,1.005,-0.016,4280,14.51,12.157,0,,72,,,,,,,,,,,
2026-10-01T11:48:28.517,45.647,0,801.25,36,,96.906,21.569,-2.5,3.906,1.001,1.002,-0.02,4290,14.51,12.157,0,,,6.25,,,,,,,,,,
2026-10-01T11:48:28.647,45.777,0,797.25,37,,96.906,21.961,-2.5,3.906,1.0,1.0,-0.02,4290,14.51,12.157,0,,,,12.812,,,,,,,,,
2026-10-01T11:48:28.777,45.907,0,796.5,37,,96.906,21.569,-2.0,3.906,1.001,0.998,-0.027,4300,14.51,12.157,0,,,,,97,,,,,,,,
2026-10-01T11:48:28.907,46.037,0,797.0,37,,96.906,22.353,-2.0,3.906,1.001,0.999,-0.023,4280,14.51,12.157,0,,,,,,30,,,,,,,
2026-10-01T11:48:29.037,46.167,0,800.25,37,,96.906,21.961,-1.5,3.906,1.001,0.999,-0.023,4290,14.51,12.157,0,,,,,,,100.0,,,,,,
2026-10-01T11:48:29.167,46.297,0,799.0,37,,96.938,21.961,-1.5,3.906,1.001,0.999,-0.023,4250,14.51,12.157,0,,,,,,,,349.4,,,,,
2026-10-01T11:48:29.297,46.427,0,795.25,37,,96.906,21.961,-2.0,3.906,1.001,0.999,-0.023,4280,14.51,12.157,0,,,,,,,,,0.665,,,,
2026-10-01T11:48:29.427,46.557,0,796.75,37,,96.906,21.961,-2.5,3.906,1.001,0.999,-0.023,4280,14.51,12.157,0,,,,,,,,,,,0.781,,
2026-10-01T11:48:29.557,46.687,0,799.25,37,,96.906,21.961,-0.5,3.906,1.001,1.002,-0.02,4300,14.51,12.549,0,,,,,,,,,,,,22.745,
2026-10-01T11:48:29.687,46.817,0,802.75,37,,96.906,22.353,-2.5,3.906,1.001,1.001,-0.02,4330,14.51,12.549,0,,,,,,,,,,,,,79
2026-10-01T11:48:29.818,46.948,0,797.75,37,,96.906,22.745,-4.0,3.906,1.001,1.0,-0.02,4370,14.51,12.549,0,103,,,,,,,,,,,,
2026-10-01T11:48:29.947,47.077,0,804.0,37,,96.906,22.353,-4.0,3.906,1.0,0.999,-0.02,4460,14.51,12.549,0,,72,,,,,,,,,,,
2026-10-01T11:48:30.078,47.208,0,801.75,38,,96.906,22.353,-4.0,3.906,1.0,1.0,-0.02,4500,14.51,12.549,0,,,5.469,,,,,,,,,,
2026-10-01T11:48:30.207,47.337,0,803.75,37,,96.906,22.353,-4.0,3.906,1.0,0.998,-0.023,4520,14.51,12.549,0,,,,12.656,,,,,,,,,
2026-10-01T11:48:30.337,47.467,0,802.75,37,,96.906,21.961,-4.0,3.906,1.0,0.996,-0.027,4510,14.51,12.157,0,,,,,97,,,,,,,,
2026-10-01T11:48:30.467,47.597,0,796.75,37,,96.906,21.961,-2.5,3.906,1.0,0.997,-0.027,4490,14.51,12.157,0,,,,,,30,,,,,,,
2026-10-01T11:48:30.597,47.727,0,801.0,36,,96.906,21.569,-0.5,3.906,1.0,0.997,-0.027,4440,14.51,12.157,0,,,,,,,100.0,,,,,,
2026-10-01T11:48:30.727,47.857,0,797.75,37,,96.906,22.353,-1.5,3.906,1.0,0.997,-0.027,4370,14.51,12.157,0,,,,,,,,349.5,,,,,
2026-10-01T11:48:30.857,47.987,0,797.0,37,,96.906,21.961,-2.0,3.906,1.0,0.994,-0.035,4330,14.51,12.157,0,,,,,,,,,0.665,,,,
2026-10-01T11:48:30.987,48.117,0,793.75,37,,96.906,21.961,-1.5,3.906,1.0,0.997,-0.027,4330,14.51,12.157,0,,,,,,,,,,,0.781,,
2026-10-01T11:48:31.117,48.247,0,795.25,37,,96.906,21.961,-2.0,3.906,1.0,0.998,-0.023,4340,14.51,12.157,0,,,,,,,,,,,,23.137,
2026-10-01T11:48:31.247,48.377,0,795.75,37,,96.906,21.961,-2.0,3.906,1.0,0.999,-0.023,4340,14.51,12.157,0,,,,,,,,,,,,,81
2026-10-01T11:48:31.377,48.507,0,797.75,37,,96.906,21.961,-0.5,3.906,1.0,0.999,-0.023,4330,14.51,12.157,0,103,,,,,,,,,,,,
2026-10-01T11:48:31.507,48.637,0,798.5,37,,96.906,21.961,-1.5,3.906,1.0,0.997,-0.027,4320,14.51,12.157,0,,72,,,,,,,,,,,
2026-10-01T11:48:31.637,48.767,0,799.0,37,,96.906,21.961,-1.5,3.906,1.0,0.998,-0.023,4320,14.51,12.157,0,,,6.25,,,,,,,,,,
2026-10-01T11:48:31.767,48.897,0,796.5,37,,96.906,21.961,-1.0,3.906,1.0,0.997,-0.027,4310,14.51,12.157,0,,,,12.832,,,,,,,,,
2026-10-01T11:48:31.897,49.027,0,798.25,37,,96.906,21.961,-0.5,3.906,1.0,0.996,-0.031,4280,14.51,12.157,0,,,,,97,,,,,,,,
2026-10-01T11:48:32.027,49.157,0,799.75,37,,96.906,21.961,-2.0,3.906,1.0,0.997,-0.027,4320,14.51,12.157,0,,,,,,30,,,,,,,
2026-10-01T11:48:32.157,49.287,0,801.75,37,,96.938,21.961,-1.5,3.906,1.0,0.997,-0.027,4320,14.51,12.549,0,,,,,,,100.0,,,,,,
2026-10-01T11:48:32.287,49.417,0,800.5,37,,96.906,21.961,-1.5,3.906,1.0,0.998,-0.027,4370,14.51,12.157,0,,,,,,,,349.5,,,,,
2026-10-01T11:48:32.417,49.547,0,798.75,37,,96.906,22.353,-2.5,3.906,1.0,0.997,-0.027,4350,14.51,12.157,0,,,,,,,,,0.665,,,,
2026-10-01T11:48:32.547,49.677,0,795.75,37,,96.906,22.353,-2.5,3.906,1.0,0.996,-0.031,4360,14.51,12.157,0,,,,,,,,,,,0.781,,
2026-10-01T11:48:32.677,49.807,0,801.5,37,,96.906,22.353,-2.0,3.906,1.0,0.993,-0.035,4360,14.51,12.157,0,,,,,,,,,,,,23.137,
2026-10-01T11:48:32.807,49.937,0,796.75,37,,96.906,22.353,-2.0,3.906,1.0,0.994,-0.035,4340,14.51,12.157,0,,,,,,,,,,,,,82
2026-10-01T11:48:32.937,50.067,0,797.75,37,,96.938,21.961,-1.5,3.906,1.0,0.994,-0.035,4330,14.51,12.549,0,102,,,,,,,,,,,,
2026-10-01T11:48:33.067,50.197,0,800.25,37,,96.969,22.353,-1.0,3.906,1.0,0.993,-0.035,4340,14.51,12.549,0,,73,,,,,,,,,,,
2026-10-01T11:48:33.198,50.328,0,796.25,37,,96.906,21.961,-2.5,3.906,1.001,0.994,-0.035,4380,14.51,12.157,0,,,5.469,,,,,,,,,,
2026-10-01T11:48:33.327,50.457,0,796.0,37,,96.906,21.961,-2.5,3.906,1.0,0.995,-0.031,4380,14.51,12.157,0,,,,12.695,,,,,,,,,
2026-10-01T11:48:33.457,50.587,0,803.0,37,,96.938,21.961,-1.5,3.906,1.0,0.996,-0.031,4370,14.51,12.157,0,,,,,97,,,,,,,,
2026-10-01T11:48:33.587,50.717,0,800.0,37,,96.906,21.961,-3.0,3.906,1.0,0.995,-0.035,4340,14.51,12.157,0,,,,,,30,,,,,,,
2026-10-01T11:48:33.727,50.857,0,796.0,37,,96.906,22.353,-1.5,3.125,1.0,0.993,-0.035,4350,14.51,12.157,0,,,,,,,100.0,,,,,,
2026-10-01T11:48:33.857,50.987,0,797.0,37,,96.906,21.961,-1.5,3.125,1.0,0.991,-0.043,4320,14.51,12.157,0,,,,,,,,349.6,,,,,
2026-10-01T11:48:33.987,51.117,0,796.5,37,,96.906,21.961,-1.5,3.125,1.0,0.99,-0.047,4320,14.51,12.157,0,,,,,,,,,0.665,,,,
2026-10-01T11:48:34.117,51.247,0,794.75,37,,96.906,21.961,-2.5,3.125,1.0,0.99,-0.043,4320,14.51,12.157,0,,,,,,,,,,,0.781,,
2026-10-01T11:48:34.247,51.377,0,798.0,37,,96.906,22.353,-2.0,3.125,1.0,0.99,-0.047,4330,14.51,12.549,0,,,,,,,,,,,,23.137,
2026-10-01T11:48:34.377,51.507,0,794.5,37,,96.906,21.961,-1.5,3.125,1.001,0.99,-0.047,4370,14.51,12.157,0,,,,,,,,,,,,,84
2026-10-01T11:48:34.507,51.637,0,793.25,37,,96.906,22.353,-2.5,3.125,1.0,0.989,-0.047,4370,14.51,12.157,0,102,,,,,,,,,,,,
2026-10-01T11:48:34.637,51.767,0,803.5,37,,96.906,21.961,-2.5,3.125,1.0,0.991,-0.043,4370,14.51,12.157,0,,73,,,,,,,,,,,
2026-10-01T11:48:34.767,51.897,0,802.75,36,,96.906,22.353,-2.0,3.125,1.0,0.99,-0.047,4350,14.51,12.157,0,,,5.469,,,,,,,,,,
2026-10-01T11:48:34.897,52.027,0,793.75,37,,96.906,21.961,-2.0,2.344,1.0,0.988,-0.051,4350,14.51,12.157,0,,,,12.792,,,,,,,,,
2026-10-01T11:48:35.027,52.157,0,801.0,37,,96.906,21.961,-1.5,2.344,1.0,0.988,-0.051,4330,14.51,12.157,0,,,,,97,,,,,,,,
2026-10-01T11:48:35.157,52.287,0,795.75,37,,96.906,22.353,-1.5,2.344,1.0,0.988,-0.051,4330,14.51,12.157,0,,,,,,30,,,,,,,
2026-10-01T11:48:35.287,52.417,0,794.75,37,,96.906,21.961,-2.0,2.344,1.0,0.989,-0.051,4330,14.51,12.157,0,,,,,,,100.0,,,,,,
2026-10-01T11:48:35.417,52.547,0,798.75,37,,96.906,22.353,-4.0,2.344,1.0,0.989,-0.047,4320,14.51,12.157,0,,,,,,,,349.7,,,,,
2026-10-01T11:48:35.547,52.677,0,797.75,37,,96.906,21.961,-2.0,2.344,1.0,0.991,-0.043,4310,14.51,12.157,0,,,,,,,,,0.665,,,,
2026-10-01T11:48:35.677,52.807,0,792.75,36,,96.906,21.961,-0.5,2.344,1.0,0.99,-0.047,4300,14.51,12.157,0,,,,,,,,,,,0.781,,
2026-10-01T11:48:35.807,52.937,0,795.75,37,,96.906,21.961,-1.5,2.344,1.0,0.99,-0.047,4280,14.51,12.157,0,,,,,,,,,,,,22.745,
2026-10-01T11:48:35.937,53.067,0,795.25,37,,96.906,21.961,-2.0,2.344,1.0,0.991,-0.043,4260,14.51,12.157,0,,,,,,,,,,,,,85
2026-10-01T11:48:36.067,53.197,0,795.75,36,,96.906,21.961,-2.0,2.344,1.0,0.989,-0.051,4270,14.51,12.157,0,102,,,,,,,,,,,,
2026-10-01T11:48:36.197,53.327,0,798.0,37,,96.906,21.961,-1.0,2.344,1.001,0.988,-0.051,4270,14.51,12.549,0,,73,,,,,,,,,,,
2026-10-01T11:48:36.327,53.457,0,798.75,37,,96.906,22.353,-1.0,1.562,1.0,0.987,-0.051,4250,14.51,12.549,0,,,6.25,,,,,,,,,,
2026-10-01T11:48:36.457,53.587,0,796.5,37,,96.906,22.353,-2.5,1.562,1.001,0.988,-0.051,4330,14.51,12.549,0,,,,12.832,,,,,,,,,
2026-10-01T11:48:36.587,53.717,0,801.0,37,,96.906,22.745,-3.5,1.562,1.001,0.989,-0.051,4430,14.51,12.549,0,,,,,97,,,,,,,,
2026-10-01T11:48:36.717,53.847,0,801.75,37,,96.906,22.353,-3.5,1.562,1.0,0.989,-0.047,4480,14.51,12.549,0,,,,,,30,,,,,,,
2026-10-01T11:48:36.847,53.977,0,798.5,37,,96.906,22.353,-3.5,1.562,1.0,0.993,-0.035,4520,14.51,12.549,0,,,,,,,100.0,,,,,,
2026-10-01T11:48:36.977,54.107,0,798.25,37,,96.906,22.353,-2.0,1.562,1.0,0.994,-0.035,4500,14.51,12.157,0,,,,,,,,349.8,,,,,
2026-10-01T11:48:37.108,54.238,0,791.75,37,,96.906,22.353,-2.0,1.562,1.0,0.992,-0.039,4500,14.51,12.157,0,,,,,,,,,0.665,,,,
2026-10-01T11:48:37.237,54.367,0,796.75,37,,96.906,22.353,-1.5,1.562,1.0,0.992,-0.043,4470,14.51,12.157,0,,,,,,,,,,,0.781,,
2026-10-01T11:48:37.367,54.497,0,794.25,37,,96.906,21.961,-1.5,1.562,1.0,0.994,-0.035,4420,14.51,12.157,0,,,,,,,,,,,,22.745,
2026-10-01T11:48:37.497,54.627,0,794.0,36,,96.906,21.961,-1.0,1.562,1.0,0.995,-0.031,4360,14.51,12.157,0,,,,,,,,,,,,,87
2026-10-01T11:48:37.627,54.757,0,796.0,37,,96.906,21.961,-1.0,1.562,1.0,0.998,-0.027,4360,14.51,12.157,0,102,,,,,,,,,,,,
2026-10-01T11:48:37.757,54.887,0,796.0,37,,96.906,21.961,-0.5,1.562,1.0,0.999,-0.023,4330,14.51,12.157,0,,73,,,,,,,,,,,
2026-10-01T11:48:37.887,55.017,0,792.0,37,,96.906,21.961,-1.0,2.344,1.0,0.999,-0.02,4360,14.51,12.157,0,,,5.469,,,,,,,,,,
2026-10-01T11:48:38.017,55.147,0,795.5,37,,96.906,22.353,-2.0,1.562,1.0,1.0,-0.02,4330,14.51,12.157,0,,,,12.753,,,,,,,,,
2026-10-01T11:48:38.147,55.277,0,794.5,37,,96.906,21.961,-1.5,1.562,1.0,0.999,-0.023,4340,14.51,12.157,0,,,,,97,,,,,,,,
2026-10-01T11:48:38.278,55.408,0,801.75,37,,96.906,22.353,-0.5,1.562,1.001,1.0,-0.02,4340,14.51,12.157,0,,,,,,30,,,,,,,
2026-10-01T11:48:38.407,55.537,0,793.25,37,,96.906,21.961,-1.5,2.344,1.001,1.0,-0.02,4320,14.51,12.157,0,,,,,,,100.0,,,,,,
2026-10-01T11:48:38.537,55.667,0,798.25,37,,96.906,21.961,-1.0,2.344,1.0,0.999,-0.023,4320,14.51,12.157,0,,,,,,,,350.0,,,,,
2026-10-01T11:48:38.667,55.797,0,802.25,37,,96.906,21.961,-1.0,1.562,1.0,0.997,-0.027,4320,14.51,12.549,0,,,,,,,,,0.655,,,,
2026-10-01T11:48:38.797,55.927,0,803.0,37,,96.906,21.961,-2.5,1.562,1.0,0.996,-0.031,4350,14.51,12.549,0,,,,,,,,,,,0.781,,
2026-10-01T11:48:38.927,56.057,0,802.5,37,,96.906,22.353,-3.5,1.562,1.0,0.996,-0.027,4410,14.51,12.549,0,,,,,,,,,,,,23.137,
2026-10-01T11:48:39.057,56.187,0,806.75,37,,96.906,22.353,-3.0,1.562,1.0,0.996,-0.031,4450,14.51,12.549,0,,,,,,,,,,,,,88
2026-10-01T11:48:39.187,56.317,0,802.25,37,,96.906,22.353,-4.0,1.562,1.0,0.997,-0.027,4480,14.51,12.549,0,102,,,,,,,,,,,,
2026-10-01T11:48:39.317,56.447,0,806.5,37,,96.906,22.353,-2.5,1.562,1.0,0.995,-0.031,4470,14.51,12.549,0,,73,,,,,,,,,,,
2026-10-01T11:48:39.447,56.577,0,808.75,37,,96.906,21.961,-2.5,1.562,1.0,0.994,-0.035,4470,14.51,12.549,0,,,6.25,,,,,,,,,,
2026-10-01T11:48:39.577,56.707,0,804.75,37,,96.906,22.353,-3.0,1.562,1.0,0.994,-0.035,4470,14.51,12.549,0,,,,12.832,,,,,,,,,
2026-10-01T11:48:39.706,56.836,0,803.75,37,,96.906,21.961,-3.0,1.562,1.0,0.992,-0.039,4470,14.51,12.549,0,,,,,97,,,,,,,,
2026-10-01T11:48:39.837,56.967,0,798.25,37,,96.938,22.353,-2.5,1.562,1.001,0.991,-0.043,4440,14.51,12.549,0,,,,,,30,,,,,,,
2026-10-01T11:48:39.967,57.097,0,797.5,37,,96.906,22.353,-2.5,1.562,1.0,0.987,-0.051,4460,14.51,12.549,0,,,,,,,100.0,,,,,,
2026-10-01T11:48:40.097,57.227,0,803.5,37,,96.906,22.353,-2.5,0.781,0.998,0.985,-0.059,4480,14.51,12.157,0,,,,,,,,350.1,,,,,
2026-10-01T11:48:40.227,57.357,0,808.0,37,,96.969,22.353,-3.5,0.781,0.995,0.98,-0.07,4460,14.51,12.549,0,,,,,,,,,0.655,,,,
2026-10-01T11:48:40.357,57.487,0,808.25,37,,96.906,21.961,-3.0,0.781,0.994,0.978,-0.078,4430,14.51,12.549,0,,,,,,,,,,,0.781,,
2026-10-01T11:48:40.486,57.616,0,810.25,37,,96.906,21.961,-3.5,0.781,0.993,0.974,-0.086,4410,14.51,12.549,0,,,,,,,,,,,,22.745,
2026-10-01T11:48:40.617,57.747,0,814.25,37,,96.906,21.961,-3.5,0.0,0.992,0.969,-0.098,4390,14.51,12.549,0,,,,,,,,,,,,,90
2026-10-01T11:48:40.746,57.877,0,812.75,36,,96.906,21.569,-3.5,0.0,0.992,0.967,-0.102,4340,14.51,12.549,0,102,,,,,,,,,,,,
2026-10-01T11:48:40.877,58.007,0,807.75,37,,96.938,21.961,-3.0,0.0,0.992,0.969,-0.098,4340,14.51,12.157,0,,73,,,,,,,,,,,
2026-10-01T11:48:41.006,58.136,0,807.25,36,,96.906,21.569,-3.5,0.0,0.992,0.969,-0.098,4360,14.51,12.549,0,,,6.25,,,,,,,,,,
2026-10-01T11:48:41.137,58.267,0,807.75,37,,96.906,21.961,-2.5,0.0,0.993,0.973,-0.09,4320,14.51,12.549,0,,,,12.832,,,,,,,,,
2026-10-01T11:48:41.266,58.396,0,800.5,36,,96.906,21.961,-2.5,0.0,0.993,0.974,-0.086,4360,14.51,12.549,0,,,,,97,,,,,,,,
2026-10-01T11:48:41.397,58.527,0,800.25,37,,96.938,21.961,-4.0,0.0,0.993,0.976,-0.082,4330,14.51,12.549,0,,,,,,30,,,,,,,
2026-10-01T11:48:41.526,58.657,0,801.75,37,,96.906,22.353,-3.0,0.0,0.993,0.974,-0.086,4350,14.51,12.549,0,,,,,,,100.0,,,,,,
2026-10-01T11:48:41.657,58.787,0,804.75,37,,96.906,21.961,-2.5,0.0,0.994,0.974,-0.09,4370,14.51,12.549,0,,,,,,,,350.2,,,,,
2026-10-01T11:48:41.787,58.917,0,804.75,37,,96.906,21.961,-3.0,0.0,0.994,0.977,-0.082,4370,14.51,12.549,0,,,,,,,,,0.67,,,,
2026-10-01T11:48:41.917,59.047,0,803.5,37,,96.906,21.961,-3.0,0.0,0.994,0.98,-0.07,4360,14.51,12.549,0,,,,,,,,,,,0.781,,
2026-10-01T11:48:42.047,59.177,0,800.25,37,,96.906,22.353,-3.5,0.0,0.994,0.982,-0.066,4360,14.51,12.549,0,,,,,,,,,,,,23.137,
2026-10-01T11:48:42.177,59.307,0,803.25,37,,96.906,21.961,-2.5,0.0,0.994,0.986,-0.055,4380,14.51,12.549,0,,,,,,,,,,,,,92
2026-10-01T11:48:42.307,59.437,0,803.0,37,,96.906,21.961,-2.0,0.0,0.994,0.989,-0.047,4390,14.51,12.549,0,101,,,,,,,,,,,,
2026-10-01T11:48:42.437,59.567,0,796.25,37,,96.906,22.353,-3.0,0.0,0.994,0.99,-0.043,4360,14.51,12.549,0,,73,,,,,,,,,,,
2026-10-01T11:48:42.567,59.697,0,799.0,37,,96.906,22.353,-1.5,0.0,0.994,0.99,-0.047,4360,14.51,12.549,0,,,5.469,,,,,,,,,,
2026-10-01T11:48:42.697,59.827,0,797.5,37,,96.906,22.353,-2.5,0.0,0.994,0.993,-0.035,4390,14.51,12.157,0,,,,12.597,,,,,,,,,
2026-10-01T11:48:42.827,59.957,0,793.0,37,,96.906,21.961,-2.0,0.0,0.993,0.993,-0.035,4390,14.51,12.157,0,,,,,97,,,,,,,,
2026-10-01T11:48:42.957,60.087,0,792.25,37,,96.906,22.353,-1.0,0.0,0.993,0.995,-0.035,4360,14.51,12.157,0,,,,,,30,,,,,,,
2026-10-01T11:48:43.086,60.216,0,794.0,37,,96.906,21.961,0.0,0.0,0.993,0.995,-0.031,4390,14.51,12.157,0,,,,,,,100.0,,,,,,
2026-10-01T11:48:43.217,60.347,0,795.75,37,,96.906,21.961,-1.0,0.0,0.993,0.996,-0.031,4350,14.51,12.157,0,,,,,,,,350.4,,,,,
2026-10-01T11:48:43.347,60.477,0,792.5,37,,96.906,21.961,0.5,0.0,0.993,0.998,-0.023,4330,14.51,12.549,0,,,,,,,,,0.655,,,,
2026-10-01T11:48:43.478,60.608,0,791.0,36,,96.906,22.353,0.0,0.0,0.993,0.997,-0.027,4280,14.51,12.549,0,,,,,,,,,,,0.781,,
2026-10-01T11:48:43.606,60.737,0,793.25,37,,96.906,22.353,-1.5,0.0,0.993,0.998,-0.023,4320,14.51,12.549,0,,,,,,,,,,,,22.745,
2026-10-01T11:48:43.737,60.867,0,797.5,37,,96.906,21.961,-1.5,0.0,0.992,1.002,-0.02,4390,14.51,12.549,0,,,,,,,,,,,,,93
2026-10-01T11:48:43.877,61.007,0,799.25,37,,96.906,22.353,-2.0,0.781,0.992,1.003,-0.016,4420,14.51,12.549,0,101,,,,,,,,,,,,
2026-10-01T11:48:44.006,61.137,0,795.0,37,,96.906,22.353,-2.0,0.781,0.992,1.006,-0.016,4440,14.51,12.157,0,,73,,,,,,,,,,,
2026-10-01T11:48:44.137,61.267,0,798.0,37,,96.938,22.745,-2.5,0.781,0.992,1.008,-0.012,4470,14.51,12.549,0,,,6.25,,,,,,,,,,
2026-10-01T11:48:44.267,61.397,0,798.0,37,,96.906,22.353,-2.0,0.781,0.991,1.007,-0.012,4470,14.51,12.157,0,,,,12.792,,,,,,,,,
2026-10-01T11:48:44.397,61.527,0,800.0,37,,96.906,22.353,-2.5,0.781,0.991,1.003,-0.016,4470,14.51,12.157,0,,,,,97,,,,,,,,
2026-10-01T11:48:44.527,61.657,0,793.75,37,,96.906,22.353,-3.0,0.781,0.991,0.999,-0.02,4490,14.51,12.157,0,,,,,,30,,,,,,,
2026-10-01T11:48:44.656,61.787,0,791.25,37,,96.906,22.353,-1.0,0.781,0.991,0.998,-0.023,4450,14.51,12.157,0,,,,,,,100.0,,,,,,
2026-10-01T11:48:44.787,61.917,0,795.5,37,,96.906,21.961,-2.5,0.781,0.991,0.998,-0.023,4420,14.51,12.157,0,,,,,,,,350.5,,,,,
2026-10-01T11:48:44.917,62.047,0,798.75,37,,96.906,21.961,-2.0,0.781,0.991,0.998,-0.023,4360,14.51,12.157,0,,,,,,,,,0.65,,,,
2026-10-01T11:48:45.047,62.177,0,798.25,37,,96.906,21.961,-0.5,0.781,0.991,1.0,-0.02,4360,14.51,12.157,0,,,,,,,,,,,0.781,,
2026-10-01T11:48:45.176,62.307,0,800.5,37,,96.906,21.961,-1.0,1.562,0.991,1.005,-0.016,4350,14.51,12.157,0,,,,,,,,,,,,22.745,
2026-10-01T11:48:45.307,62.437,0,790.5,36,,96.906,21.961,-0.5,1.562,0.991,1.005,-0.016,4320,14.51,12.157,0,,,,,,,,,,,,,95
2026-10-01T11:48:45.438,62.568,0,789.75,37,,96.906,21.961,-1.0,1.562,0.991,1.001,-0.02,4310,14.51,12.157,0,101,,,,,,,,,,,,
2026-10-01T11:48:45.567,62.697,0,791.5,37,,96.906,22.353,-1.0,1.562,0.991,1.005,-0.016,4310,14.51,12.157,0,,73,,,,,,,,,,,
2026-10-01T11:48:45.697,62.827,0,796.75,37,,96.906,21.961,-2.0,1.562,0.991,1.002,-0.02,4350,14.51,12.157,0,,,6.25,,,,,,,,,,
2026-10-01T11:48:45.826,62.957,0,792.5,37,,96.906,21.961,-1.0,1.562,0.991,1.0,-0.02,4340,14.51,12.157,0,,,,12.734,,,,,,,,,
2026-10-01T11:48:45.957,63.087,0,789.5,37,,96.906,21.961,-0.5,1.562,0.991,1.0,-0.02,4300,14.51,12.549,0,,,,,97,,,,,,,,
2026-10-01T11:48:46.086,63.216,0,790.0,37,,96.906,21.961,-1.0,1.562,0.991,1.004,-0.016,4300,14.51,12.549,0,,,,,,30,,,,,,,
2026-10-01T11:48:46.217,63.347,0,795.25,37,,96.906,22.353,-1.0,2.344,0.991,1.003,-0.016,4350,14.51,12.157,0,,,,,,,100.0,,,,,,
2026-10-01T11:48:46.347,63.477,0,792.0,37,,96.906,22.353,-2.0,2.344,0.991,0.999,-0.02,4390,14.51,12.549,0,,,,,,,,350.7,,,,,
2026-10-01T11:48:46.477,63.607,0,797.5,37,,96.906,21.961,-1.0,2.344,0.991,1.001,-0.02,4390,14.51,12.157,0,,,,,,,,,0.645,,,,
2026-10-01T11:48:46.606,63.736,0,798.0,37,,96.906,22.353,-0.5,2.344,0.991,1.0,-0.02,4400,14.51,12.157,0,,,,,,,,,,,0.781,,
2026-10-01T11:48:46.737,63.867,0,790.25,37,,96.906,22.353,-1.0,2.344,0.991,1.001,-0.02,4410,14.51,12.157,0,,,,,,,,,,,,22.745,
2026-10-01T11:48:46.867,63.997,0,794.5,37,,96.906,22.353,-2.5,2.344,0.991,0.999,-0.02,4410,14.51,12.157,0,,,,,,,,,,,,,96
2026-10-01T11:48:46.997,64.127,0,794.0,37,,96.906,21.961,-2.0,2.344,0.991,0.999,-0.023,4380,14.51,12.157,0,102,,,,,,,,,,,,
2026-10-01T11:48:47.127,64.257,0,796.0,37,,96.906,21.961,-1.5,2.344,0.991,0.999,-0.02,4390,14.51,12.157,0,,73,,,,,,,,,,,
2026-10-01T11:48:47.257,64.387,0,797.75,37,,96.906,22.353,-1.0,2.344,0.991,0.998,-0.023,4380,14.51,12.157,0,,,5.469,,,,,,,,,,
2026-10-01T11:48:47.387,64.517,0,792.75,37,,96.906,21.961,-2.5,2.344,0.991,0.999,-0.023,4410,14.51,12.157,0,,,,12.792,,,,,,,,,
2026-10-01T11:48:47.517,64.647,0,799.0,37,,96.906,22.353,-2.5,2.344,0.991,0.997,-0.027,4350,14.51,12.157,0,,,,,97,,,,,,,,
2026-10-01T11:48:47.646,64.777,0,795.5,37,,96.906,21.961,-2.0,2.344,0.991,0.997,-0.027,4360,14.51,12.157,0,,,,,,30,,,,,,,
2026-10-01T11:48:47.778,64.908,0,795.5,37,,96.906,22.353,0.0,2.344,0.991,0.995,-0.031,4370,14.51,12.157,0,,,,,,,100.0,,,,,,
2026-10-01T11:48:47.906,65.036,0,797.75,37,,96.906,21.961,-2.0,2.344,0.991,0.996,-0.031,4360,14.51,12.157,0,,,,,,,,350.8,,,,,
2026-10-01T11:48:48.037,65.167,0,795.75,36,,96.906,21.961,-2.5,2.344,0.99,0.995,-0.031,4330,14.51,12.157,0,,,,,,,,,0.645,,,,
2026-10-01T11:48:48.167,65.297,0,799.0,37,,96.906,21.961,-1.0,2.344,0.991,0.995,-0.031,4340,14.51,12.157,0,,,,,,,,,,,0.781,,
2026-10-01T11:48:48.297,65.427,0,796.5,37,,96.906,21.961,-1.5,3.125,0.991,0.997,-0.027,4330,14.51,12.157,0,,,,,,,,,,,,23.137,
2026-10-01T11:48:48.426,65.556,0,794.25,37,,96.906,22.353,-1.5,3.125,0.99,0.996,-0.031,4330,14.51,12.157,0,,,,,,,,,,,,,98
2026-10-01T11:48:48.556,65.687,0,797.0,37,,96.906,21.961,-0.5,3.125,0.99,0.996,-0.031,4330,14.51,12.157,0,102,,,,,,,,,,,,
2026-10-01T11:48:48.686,65.816,0,796.75,37,,96.906,22.353,-1.0,3.125,0.99,0.997,-0.027,4320,14.51,12.157,0,,73,,,,,,,,,,,
2026-10-01T11:48:48.817,65.947,0,798.75,37,,96.906,21.961,-2.0,3.125,0.99,0.997,-0.027,4350,14.51,12.157,0,,,5.469,,,,,,,,,,
2026-10-01T11:48:48.947,66.077,0,796.75,37,,96.906,22.353,-1.0,3.125,0.99,0.997,-0.027,4360,14.51,12.157,0,,,,12.773,,,,,,,,,
2026-10-01T11:48:49.077,66.207,0,793.5,37,,96.906,21.961,0.0,3.125,0.991,0.996,-0.031,4380,14.51,12.157,0,,,,,97,,,,,,,,
2026-10-01T11:48:49.206,66.336,0,791.75,37,,96.906,21.961,-1.0,3.125,0.99,0.996,-0.027,4370,14.51,12.157,0,,,,,,30,,,,,,,
2026-10-01T11:48:49.337,66.467,0,795.5,37,,96.906,21.961,-2.0,3.125,0.99,0.997,-0.027,4360,14.51,12.157,0,,,,,,,100.0,,,,,,
2026-10-01T11:48:49.467,66.597,0,800.75,37,,96.938,22.353,-1.0,3.125,0.99,0.997,-0.027,4350,14.51,12.549,0,,,,,,,,351.0,,,,,
2026-10-01T11:48:49.596,66.727,0,801.5,37,,96.906,22.353,-2.0,3.125,0.99,0.995,-0.031,4360,14.51,12.157,0,,,,,,,,,0.645,,,,
2026-10-01T11:48:49.726,66.856,0,797.25,37,,96.906,21.961,-2.5,3.125,0.99,0.995,-0.031,4360,14.51,12.157,0,,,,,,,,,,,0.781,,
2026-10-01T11:48:49.857,66.987,0,795.25,37,,96.906,22.353,-2.0,3.125,0.99,0.994,-0.035,4360,14.51,12.157,0,,,,,,,,,,,,23.137,
2026-10-01T11:48:49.987,67.117,0,800.25,37,,96.906,21.961,-1.0,3.125,0.991,0.993,-0.035,4390,14.51,12.157,0,,,,,,,,,,,,,99
2026-10-01T11:48:50.116,67.247,0,795.0,37,,96.906,22.353,-2.5,3.125,0.99,0.995,-0.035,4380,14.51,12.549,0,102,,,,,,,,,,,,
2026-10-01T11:48:50.247,67.377,0,796.75,37,,96.906,22.353,-2.5,3.125,0.99,0.992,-0.039,4390,14.51,12.549,0,,73,,,,,,,,,,,
2026-10-01T11:48:50.377,67.507,0,802.75,37,,96.906,22.353,-1.5,3.125,0.99,0.991,-0.043,4400,14.51,12.549,0,,,5.469,,,,,,,,,,
2026-10-01T11:48:50.507,67.637,0,801.75,37,,96.906,21.961,-2.5,3.125,0.99,0.991,-0.043,4400,14.51,12.549,0,,,,12.714,,,,,,,,,
2026-10-01T11:48:50.637,67.767,0,798.25,37,,96.906,21.961,-3.0,3.125,0.99,0.991,-0.043,4400,14.51,12.157,0,,,,,97,,,,,,,,
2026-10-01T11:48:50.767,67.897,0,794.75,37,,96.906,21.961,-2.0,3.125,0.99,0.992,-0.039,4380,14.51,12.157,0,,,,,,30,,,,,,,
2026-10-01T11:48:50.897,68.027,0,794.75,37,,96.938,21.961,-2.5,3.125,0.991,0.991,-0.043,4370,14.51,12.157,0,,,,,,,100.0,,,,,,
2026-10-01T11:48:51.026,68.156,0,794.25,37,,96.906,22.353,-2.0,3.125,0.99,0.991,-0.043,4360,14.51,12.157,0,,,,,,,,351.1,,,,,
2026-10-01T11:48:51.157,68.287,0,800.25,37,,96.906,21.961,-1.5,3.125,0.99,0.989,-0.047,4350,14.51,12.157,0,,,,,,,,,0.645,,,,
2026-10-01T11:48:51.286,68.416,0,799.0,37,,96.906,22.353,-2.0,3.125,0.99,0.989,-0.047,4350,14.51,12.157,0,,,,,,,,,,,0.781,,
2026-10-01T11:48:51.416,68.547,0,800.25,37,,96.938,21.961,-3.0,3.125,0.99,0.989,-0.047,4350,14.51,12.157,0,,,,,,,,,,,,22.745,
2026-10-01T11:48:51.546,68.677,0,804.25,36,,96.906,21.569,-2.0,3.125,0.99,0.99,-0.047,4330,14.51,12.157,0,,,,,,,,,,,,,101
2026-10-01T11:48:51.677,68.807,0,802.75,37,,96.906,21.961,-1.0,3.125,0.991,0.99,-0.047,4330,14.51,12.549,0,102,,,,,,,,,,,,
2026-10-01T11:48:51.806,68.936,0,802.75,37,,96.906,21.569,-1.0,3.125,0.991,0.992,-0.039,4360,14.51,12.549,0,,73,,,,,,,,,,,
2026-10-01T11:48:51.937,69.067,0,793.25,37,,96.906,22.353,-2.5,3.906,0.991,0.992,-0.043,4360,14.51,12.549,0,,,5.469,,,,,,,,,,
2026-10-01T11:48:52.068,69.198,0,793.75,37,,96.906,21.961,-2.5,3.125,0.991,0.99,-0.043,4370,14.51,12.549,0,,,,12.773,,,,,,,,,
2026-10-01T11:48:52.197,69.327,0,794.0,37,,96.906,22.353,-2.5,3.125,0.991,0.99,-0.043,4380,14.51,12.157,0,,,,,97,,,,,,,,
2026-10-01T11:48:52.326,69.456,0,798.5,37,,96.906,21.961,-2.0,3.125,0.991,0.989,-0.047,4380,14.51,12.549,0,,,,,,30,,,,,,,
2026-10-01T11:48:52.457,69.587,0,797.25,37,,96.906,22.353,-1.5,3.125,0.991,0.989,-0.047,4370,14.51,12.157,0,,,,,,,100.0,,,,,,
2026-10-01T11:48:52.586,69.717,0,799.5,37,,96.906,21.961,-1.0,3.125,0.991,0.99,-0.047,4370,14.51,12.157,0,,,,,,,,351.3,,,,,
2026-10-01T11:48:52.717,69.847,0,800.5,37,,96.906,22.353,-3.0,3.125,0.991,0.99,-0.047,4400,14.51,12.157,0,,,,,,,,,0.65,,,,
2026-10-01T11:48:52.846,69.977,0,797.75,37,,96.906,22.353,-1.5,3.906,0.991,0.992,-0.043,4380,14.51,12.157,0,,,,,,,,,,,0.781,,
2026-10-01T11:48:52.976,70.106,0,800.25,37,,96.906,21.961,-2.5,3.906,0.991,0.992,-0.043,4380,14.51,12.157,0,,,,,,,,,,,,23.137,
2026-10-01T11:48:53.106,70.236,0,796.75,37,,96.906,22.353,-2.0,3.125,0.991,0.99,-0.043,4350,14.51,12.157,0,,,,,,,,,,,,,102
2026-10-01T11:48:53.236,70.367,0,801.25,37,,96.906,21.961,-2.5,3.125,0.991,0.989,-0.047,4360,14.51,12.549,0,102,,,,,,,,,,,,
2026-10-01T11:48:53.367,70.497,0,799.75,37,,96.906,22.353,-1.5,3.125,0.991,0.988,-0.051,4360,14.51,12.549,0,,73,,,,,,,,,,,
2026-10-01T11:48:53.497,70.627,0,796.0,37,,96.906,22.353,-2.5,3.125,0.991,0.988,-0.051,4420,14.51,12.549,0,,,5.469,,,,,,,,,,
2026-10-01T11:48:53.626,70.756,0,798.5,37,,96.906,22.353,-3.0,3.125,0.991,0.989,-0.047,4420,14.51,12.549,0,,,,12.753,,,,,,,,,
2026-10-01T11:48:53.757,70.887,0,806.75,37,,96.906,22.353,-2.5,3.125,0.991,0.989,-0.047,4480,14.51,12.549,0,,,,,97,,,,,,,,
2026-10-01T11:48:53.887,71.017,0,807.5,38,,96.906,22.353,-4.0,3.125,0.991,0.99,-0.047,4520,14.51,12.157,0,,,,,,30,,,,,,,
2026-10-01T11:48:54.027,71.157,0,805.5,37,,96.906,22.353,-3.5,3.906,0.991,0.992,-0.039,4490,14.51,12.157,0,,,,,,,100.0,,,,,,
2026-10-01T11:48:54.156,71.286,0,801.0,37,,96.906,21.961,-2.5,3.125,0.991,0.988,-0.051,4460,14.51,12.157,0,,,,,,,,351.5,,,,,
2026-10-01T11:48:54.286,71.416,0,801.0,37,,96.906,21.961,-3.0,3.125,0.991,0.985,-0.059,4420,14.51,12.157,0,,,,,,,,,0.655,,,,
2026-10-01T11:48:54.417,71.547,0,796.0,37,,96.906,21.961,-2.5,3.125,0.991,0.983,-0.062,4390,14.51,12.157,0,,,,,,,,,,,0.781,,
2026-10-01T11:48:54.546,71.676,0,797.25,37,,96.906,22.353,-2.0,3.125,0.991,0.983,-0.062,4330,14.51,12.157,0,,,,,,,,,,,,22.745,
2026-10-01T11:48:54.677,71.807,0,794.25,37,,96.906,21.961,-1.0,3.125,0.992,0.984,-0.062,4340,14.51,12.157,0,,,,,,,,,,,,,104
2026-10-01T11:48:54.807,71.938,0,795.0,37,,96.906,21.961,-1.5,3.125,0.992,0.984,-0.062,4320,14.51,12.157,0,102,,,,,,,,,,,,
2026-10-01T11:48:54.937,72.067,0,792.75,37,,96.906,21.961,-1.5,3.125,0.992,0.985,-0.059,4300,14.51,12.157,0,,73,,,,,,,,,,,
2026-10-01T11:48:55.066,72.197,0,794.25,37,,96.906,21.961,-1.0,3.125,0.992,0.989,-0.047,4300,14.51,12.157,0,,,5.469,,,,,,,,,,
2026-10-01T11:48:55.197,72.327,0,794.25,37,,96.906,22.353,-1.0,3.125,0.992,0.99,-0.047,4310,14.51,12.157,0,,,,12.675,,,,,,,,,
2026-10-01T11:48:55.327,72.457,0,794.5,37,,96.906,21.961,-2.5,3.125,0.992,0.99,-0.047,4320,14.51,12.157,0,,,,,97,,,,,,,,
2026-10-01T11:48:55.456,72.586,0,799.25,37,,96.906,21.961,-1.0,3.125,0.992,0.99,-0.043,4310,14.51,12.157,0,,,,,,30,,,,,,,
2026-10-01T11:48:55.586,72.716,0,798.0,37,,96.906,21.961,-0.5,3.125,0.992,0.99,-0.047,4340,14.51,12.157,0,,,,,,,100.0,,,,,,
2026-10-01T11:48:55.717,72.847,0,799.25,37,,96.906,22.353,-2.0,3.125,0.992,0.989,-0.047,4330,14.51,12.157,0,,,,,,,,351.6,,,,,
2026-10-01T11:48:55.847,72.977,0,792.5,37,,96.906,21.961,-1.5,3.125,0.992,0.989,-0.047,4350,14.51,12.157,0,,,,,,,,,0.655,,,,
2026-10-01T11:48:55.977,73.107,0,792.0,37,,96.906,22.353,-2.5,3.125,0.992,0.987,-0.051,4350,14.51,12.157,0,,,,,,,,,,,0.781,,
2026-10-01T11:48:56.107,73.237,0,795.5,37,,96.906,21.961,-2.5,3.125,0.992,0.986,-0.055,4350,14.51,12.157,0,,,,,,,,,,,,22.745,
2026-10-01T11:48:56.236,73.366,0,793.25,37,,96.906,21.569,-2.0,3.125,0.992,0.987,-0.055,4350,14.51,12.157,0,,,,,,,,,,,,,106
2026-10-01T11:48:56.366,73.497,0,794.5,37,,96.906,21.961,-1.0,3.125,0.992,0.986,-0.055,4350,14.51,12.157,0,102,,,,,,,,,,,,
2026-10-01T11:48:56.496,73.627,0,792.25,37,,96.906,21.961,-1.5,3.125,0.992,0.988,-0.051,4330,14.51,12.157,0,,73,,,,,,,,,,,
2026-10-01T11:48:56.626,73.756,0,797.5,37,,96.906,21.961,-2.0,3.125,0.992,0.989,-0.047,4330,14.51,12.157,0,,,5.469,,,,,,,,,,
2026-10-01T11:48:56.756,73.886,0,797.25,37,,96.906,21.961,-2.5,3.125,0.992,0.989,-0.047,4330,14.51,12.549,0,,,,12.851,,,,,,,,,
2026-10-01T11:48:56.886,74.016,0,801.75,37,,96.906,22.353,-1.5,3.125,0.992,0.989,-0.047,4340,14.51,12.549,0,,,,,97,,,,,,,,
2026-10-01T11:48:57.026,74.156,0,796.0,37,,96.906,22.353,-2.5,3.125,0.992,0.991,-0.043,4360,14.51,12.157,0,,,,,,30,,,,,,,
2026-10-01T11:48:57.157,74.287,0,797.25,37,,96.906,22.353,-2.5,3.125,0.992,0.992,-0.039,4380,14.51,12.549,0,,,,,,,100.0,,,,,,
2026-10-01T11:48:57.286,74.417,0,800.75,37,,96.906,22.353,-2.5,3.125,0.992,0.988,-0.051,4410,14.51,12.157,0,,,,,,,,351.8,,,,,
2026-10-01T11:48:57.417,74.547,0,800.25,37,,96.906,21.961,-2.5,3.125,0.992,0.988,-0.051,4410,14.51,12.157,0,,,,,,,,,0.655,,,,
2026-10-01T11:48:57.546,74.676,0,796.0,37,,96.906,21.961,-2.5,3.125,0.992,0.988,-0.051,4380,14.51,12.157,0,,,,,,,,,,,0.781,,
2026-10-01T11:48:57.676,74.807,0,795.75,37,,96.906,21.961,-2.0,3.125,0.992,0.988,-0.051,4380,14.51,12.157,0,,,,,,,,,,,,22.745,
2026-10-01T11:48:57.807,74.937,0,795.75,37,,96.906,21.961,-2.5,3.125,0.992,0.987,-0.051,4350,14.51,12.157,0,,,,,,,,,,,,,107
2026-10-01T11:48:57.937,75.067,0,798.5,37,,96.906,21.961,-1.5,3.125,0.992,0.987,-0.055,4340,14.51,12.157,0,102,,,,,,,,,,,,
2026-10-01T11:48:58.067,75.197,0,795.75,37,,96.906,21.961,-1.0,3.125,0.992,0.986,-0.055,4290,14.51,12.157,0,,73,,,,,,,,,,,
2026-10-01T11:48:58.198,75.328,0,793.5,37,,96.906,21.961,-2.5,2.344,0.992,0.987,-0.051,4330,14.51,12.157,0,,,5.469,,,,,,,,,,
2026-10-01T11:48:58.327,75.457,0,797.75,37,,96.906,21.961,-2.0,3.125,0.992,0.988,-0.051,4320,14.51,12.157,0,,,,12.734,,,,,,,,,
2026-10-01T11:48:58.456,75.586,0,795.25,36,,96.906,21.961,-2.5,3.125,0.992,0.988,-0.051,4340,14.51,12.157,0,,,,,97,,,,,,,,
2026-10-01T11:48:58.586,75.716,0,799.75,37,,96.906,21.961,-2.0,3.125,0.992,0.99,-0.043,4320,14.51,12.157,0,,,,,,30,,,,,,,
2026-10-01T11:48:58.717,75.847,0,796.5,37,,96.875,21.961,-2.5,3.125,0.992,0.989,-0.047,4330,14.51,12.157,0,,,,,,,100.0,,,,,,
2026-10-01T11:48:58.846,75.976,0,799.75,37,,96.906,21.961,-1.5,3.125,0.992,0.988,-0.051,4310,14.51,12.157,0,,,,,,,,352.0,,,,,
2026-10-01T11:48:58.976,76.106,0,795.25,37,,96.906,21.961,-1.5,2.344,0.992,0.987,-0.051,4320,14.51,12.157,0,,,,,,,,,0.655,,,,
2026-10-01T11:48:59.106,76.236,0,797.75,37,,96.906,21.961,-2.0,2.344,0.992,0.988,-0.051,4350,14.51,12.549,0,,,,,,,,,,,0.781,,
2026-10-01T11:48:59.236,76.367,0,803.75,37,,96.906,22.353,-2.0,2.344,0.992,0.989,-0.047,4340,14.51,12.549,0,,,,,,,,,,,,23.529,
2026-10-01T11:48:59.366,76.496,0,802.0,37,,96.906,22.353,-4.0,2.344,0.992,0.989,-0.047,4480,14.51,12.549,0,,,,,,,,,,,,,109
2026-10-01T11:48:59.497,76.627,0,801.5,38,,96.906,23.137,-5.0,3.125,0.992,0.992,-0.039,4590,14.51,12.157,0,102,,,,,,,,,,,,
2026-10-01T11:48:59.626,76.756,0,802.5,37,,96.906,22.353,-4.0,3.125,0.992,0.994,-0.035,4620,14.51,12.157,0,,73,,,,,,,,,,,
2026-10-01T11:48:59.757,76.887,0,806.75,37,,96.906,21.961,-3.0,3.125,0.992,0.99,-0.043,4540,14.51,12.157,0,,,5.469,,,,,,,,,,
2026-10-01T11:48:59.886,77.016,0,803.25,36,,96.906,21.961,-2.0,2.344,0.992,0.986,-0.055,4430,14.51,12.157,0,,,,12.753,,,,,,,,,
2026-10-01T11:49:00.027,77.157,0,803.5,37,,96.906,21.961,-2.0,2.344,0.992,0.98,-0.07,4380,14.51,12.157,0,,,,,97,,,,,,,,
2026-10-01T11:49:00.156,77.286,0,800.75,37,,96.906,21.961,-2.5,2.344,0.992,0.98,-0.07,4290,14.51,12.549,0,,,,,,30,,,,,,,
2026-10-01T11:49:00.286,77.416,0,798.0,37,,96.906,21.961,-2.5,2.344,0.992,0.982,-0.066,4280,14.51,12.549,0,,,,,,,100.0,,,,,,
2026-10-01T11:49:00.416,77.547,0,794.75,37,,96.906,22.353,-2.5,2.344,0.992,0.983,-0.062,4280,14.51,12.549,0,,,,,,,,352.1,,,,,
2026-10-01T11:49:00.547,77.677,0,797.25,37,,96.906,22.353,-2.0,2.344,0.992,0.988,-0.051,4330,14.51,12.549,0,,,,,,,,,0.655,,,,
2026-10-01T11:49:00.677,77.807,0,798.0,37,,96.906,22.353,-1.0,2.344,0.992,0.99,-0.043,4350,14.51,12.549,0,,,,,,,,,,,0.781,,
2026-10-01T11:49:00.807,77.937,0,792.75,37,,96.906,22.353,-2.0,2.344,0.992,0.99,-0.043,4370,14.51,12.549,0,,,,,,,,,,,,22.745,
2026-10-01T11:49:00.938,78.068,0,798.0,37,,96.906,21.961,-2.0,2.344,0.992,0.99,-0.047,4390,14.51,12.549,0,,,,,,,,,,,,,110
2026-10-01T11:49:01.067,78.197,0,797.5,37,,96.906,21.961,-2.5,2.344,0.992,0.989,-0.047,4370,14.51,12.157,0,102,,,,,,,,,,,,
2026-10-01T11:49:01.197,78.327,0,799.75,37,,96.906,21.961,-2.0,2.344,0.992,0.987,-0.051,4360,14.51,12.157,0,,73,,,,,,,,,,,
2026-10-01T11:49:01.327,78.457,0,796.75,37,,96.906,21.961,-2.0,2.344,0.992,0.987,-0.051,4370,14.51,12.549,0,,,5.469,,,,,,,,,,
2026-10-01T11:49:01.456,78.586,0,798.75,37,,96.906,21.961,-1.5,2.344,0.992,0.985,-0.059,4350,14.51,12.549,0,,,,12.832,,,,,,,,,
2026-10-01T11:49:01.586,78.716,0,798.5,37,,96.906,22.745,-2.5,2.344,0.993,0.985,-0.059,4390,14.51,12.549,0,,,,,97,,,,,,,,
2026-10-01T11:49:01.716,78.846,0,796.5,38,,96.906,22.745,-1.0,2.344,0.993,0.986,-0.055,4480,14.51,12.157,0,,,,,,30,,,,,,,
2026-10-01T11:49:01.846,78.976,0,796.75,38,,96.906,22.353,-2.0,2.344,0.992,0.989,-0.047,4510,14.51,12.549,0,,,,,,,100.0,,,,,,
2026-10-01T11:49:01.977,79.107,0,803.25,37,,96.906,22.353,-3.0,2.344,0.992,0.991,-0.043,4500,14.51,12.549,0,,,,,,,,352.4,,,,,
2026-10-01T11:49:02.106,79.236,0,798.75,37,,96.906,21.961,-3.5,2.344,0.992,0.987,-0.051,4500,14.51,12.549,0,,,,,,,,,0.66,,,,
2026-10-01T11:49:02.237,79.367,0,797.0,37,,96.906,22.353,-2.5,2.344,0.992,0.988,-0.051,4470,14.51,12.157,0,,,,,,,,,,,0.781,,
2026-10-01T11:49:02.367,79.497,0,800.5,37,,96.906,22.353,-1.0,2.344,0.992,0.985,-0.059,4490,14.51,12.157,0,,,,,,,,,,,,23.137,
2026-10-01T11:49:02.497,79.627,0,797.5,37,,96.906,22.353,-2.5,2.344,0.992,0.986,-0.055,4470,14.51,12.549,0,,,,,,,,,,,,,112
2026-10-01T11:49:02.626,79.756,0,800.75,37,,96.906,21.961,-2.0,2.344,0.992,0.985,-0.059,4460,14.51,12.157,0,102,,,,,,,,,,,,
2026-10-01T11:49:02.757,79.887,0,800.0,37,,96.906,22.353,-2.0,1.562,0.993,0.986,-0.055,4460,14.51,12.549,0,,73,,,,,,,,,,,
2026-10-01T11:49:02.886,80.016,0,796.25,37,,96.906,22.353,-3.0,2.344,0.993,0.988,-0.051,4480,14.51,12.549,0,,,5.469,,,,,,,,,,
2026-10-01T11:49:03.026,80.157,0,799.5,37,,96.906,22.353,-4.0,1.562,0.992,0.986,-0.055,4470,14.51,12.549,0,,,,12.734,,,,,,,,,
2026-10-01T11:49:03.158,80.288,0,796.0,37,,96.906,22.353,-2.0,1.562,0.992,0.987,-0.051,4460,14.51,12.157,0,,,,,97,,,,,,,,
2026-10-01T11:49:03.287,80.417,0,798.0,37,,96.906,22.353,-2.0,1.562,0.993,0.987,-0.055,4460,14.51,12.157,0,,,,,,30,,,,,,,
2026-10-01T11:49:03.416,80.547,0,794.75,37,,96.906,22.353,-2.5,1.562,0.993,0.988,-0.051,4440,14.51,12.157,0,,,,,,,100.0,,,,,,
2026-10-01T11:49:03.546,80.677,0,794.25,37,,96.906,21.961,-2.5,1.562,0.993,0.988,-0.051,4410,14.51,12.549,0,,,,,,,,352.6,,,,,
2026-10-01T11:49:03.677,80.807,0,796.75,37,,96.906,21.961,-2.0,1.562,0.993,0.987,-0.051,4360,14.51,12.549,0,,,,,,,,,0.665,,,,
2026-10-01T11:49:03.806,80.936,0,795.0,37,,96.906,21.961,-2.5,1.562,0.993,0.987,-0.051,4360,14.51,12.549,0,,,,,,,,,,,0.781,,
2026-10-01T11:49:03.936,81.066,0,797.25,37,,96.906,22.353,-2.0,1.562,0.993,0.987,-0.051,4340,14.51,12.157,0,,,,,,,,,,,,23.137,
2026-10-01T11:49:04.066,81.196,0,789.0,37,,96.906,22.353,-1.0,1.562,0.993,0.99,-0.047,4390,14.51,12.157,0,,,,,,,,,,,,,113
2026-10-01T11:49:04.197,81.327,0,788.75,37,,96.906,22.353,-1.0,1.562,0.993,0.99,-0.047,4390,14.51,12.157,0,102,,,,,,,,,,,,
2026-10-01T11:49:04.327,81.457,0,789.25,37,,96.906,22.353,-2.0,1.562,0.993,0.991,-0.043,4410,14.51,12.157,0,,73,,,,,,,,,,,
2026-10-01T11:49:04.457,81.587,0,798.5,37,,96.906,21.961,-1.5,1.562,0.993,0.992,-0.039,4410,14.51,12.549,0,,,5.469,,,,,,,,,,
2026-10-01T11:49:04.587,81.717,0,801.5,37,,96.906,21.961,0.0,1.562,0.994,0.991,-0.043,4400,14.51,12.549,0,,,,12.753,,,,,,,,,
2026-10-01T11:49:04.717,81.847,0,796.75,37,,96.906,21.961,-3.0,1.562,0.994,0.991,-0.043,4400,14.51,12.549,0,,,,,97,,,,,,,,
2026-10-01T11:49:04.846,81.976,0,799.75,37,,96.906,22.745,-2.5,1.562,0.994,0.989,-0.047,4430,14.51,12.549,0,,,,,,31,,,,,,,
2026-10-01T11:49:04.976,82.106,0,800.5,38,,96.906,22.353,-2.5,1.562,0.994,0.992,-0.039,4560,14.51,12.549,0,,,,,,,100.0,,,,,,
2026-10-01T11:49:05.106,82.236,0,798.75,37,,96.938,22.745,-3.5,1.562,0.994,0.992,-0.039,4590,14.51,12.549,0,,,,,,,,352.8,,,,,
2026-10-01T11:49:05.236,82.367,0,802.25,37,,96.906,22.353,-3.5,1.562,0.994,0.991,-0.043,4580,14.51,12.549,0,,,,,,,,,0.67,,,,
2026-10-01T11:49:05.366,82.496,0,801.75,37,,96.906,22.353,-3.0,1.562,0.994,0.988,-0.051,4580,14.51,12.549,0,,,,,,,,,,,0.781,,
2026-10-01T11:49:05.496,82.626,0,803.0,37,,96.906,21.961,-3.0,1.562,0.994,0.986,-0.055,4540,14.51,12.549,0,,,,,,,,,,,,22.745,
2026-10-01T11:49:05.626,82.756,0,799.5,37,,96.906,21.961,-3.5,1.562,0.994,0.985,-0.059,4510,14.51,12.157,0,,,,,,,,,,,,,115
2026-10-01T11:49:05.756,82.886,0,801.0,37,,96.906,22.353,-3.0,1.562,0.994,0.984,-0.059,4500,14.51,12.549,0,102,,,,,,,,,,,,
2026-10-01T11:49:05.886,83.016,0,803.25,37,,96.906,21.961,-2.5,1.562,0.994,0.987,-0.055,4500,14.51,12.549,0,,73,,,,,,,,,,,
2026-10-01T11:49:06.027,83.157,0,799.5,37,,96.906,22.353,-3.0,1.562,0.994,0.986,-0.055,4460,14.51,12.549,0,,,5.469,,,,,,,,,,
2026-10-01T11:49:06.156,83.286,0,799.5,37,,96.906,22.353,-3.5,1.562,0.995,0.988,-0.051,4480,14.51,12.157,0,,,,12.832,,,,,,,,,
2026-10-01T11:49:06.286,83.416,0,793.0,37,,96.906,22.353,-2.5,1.562,0.995,0.988,-0.051,4460,14.51,12.549,0,,,,,97,,,,,,,,
2026-10-01T11:49:06.416,83.546,0,793.0,37,,96.906,22.353,-2.5,1.562,0.995,0.988,-0.051,4460,14.51,12.157,0,,,,,,31,,,,,,,
2026-10-01T11:49:06.546,83.676,0,803.5,37,,96.906,21.961,-2.0,1.562,0.995,0.988,-0.051,4450,14.51,12.549,0,,,,,,,100.0,,,,,,
2026-10-01T11:49:06.676,83.806,0,797.75,37,,96.906,22.353,-2.5,0.781,0.996,0.989,-0.047,4450,14.51,12.157,0,,,,,,,,353.0,,,,,
2026-10-01T11:49:06.806,83.936,0,802.25,37,,96.906,21.961,-3.0,0.781,0.996,0.988,-0.051,4460,14.51,12.549,0,,,,,,,,,0.695,,,,
2026-10-01T11:49:06.937,84.067,0,798.75,37,,96.906,22.353,-2.5,0.781,0.996,0.985,-0.059,4420,14.51,12.549,0,,,,,,,,,,,0.781,,
2026-10-01T11:49:07.066,84.196,0,796.0,37,,96.906,21.961,-2.5,0.781,0.997,0.985,-0.059,4450,14.51,12.157,0,,,,,,,,,,,,22.745,
2026-10-01T11:49:07.196,84.326,0,797.25,37,,96.906,22.353,-2.5,0.781,0.997,0.985,-0.059,4440,14.51,12.549,0,,,,,,,,,,,,,117
2026-10-01T11:49:07.327,84.457,0,796.25,37,,96.906,22.353,-3.5,0.781,0.997,0.987,-0.051,4460,14.51,12.549,0,102,,,,,,,,,,,,
2026-10-01T11:49:07.457,84.587,0,798.0,37,,96.906,22.353,-1.5,0.781,0.998,0.99,-0.043,4490,14.51,12.549,0,,73,,,,,,,,,,,
2026-10-01T11:49:07.586,84.716,0,801.5,37,,96.906,22.353,-2.0,0.781,0.998,0.992,-0.039,4490,14.51,12.157,0,,,5.469,,,,,,,,,,
2026-10-01T11:49:07.716,84.847,0,793.5,37,,96.906,21.961,-3.0,0.781,0.998,0.992,-0.039,4440,14.51,12.157,0,,,,12.636,,,,,,,,,
2026-10-01T11:49:07.846,84.976,0,791.25,37,,96.906,22.353,-2.5,0.781,0.998,0.991,-0.043,4410,14.51,12.157,0,,,,,97,,,,,,,,
2026-10-01T11:49:07.976,85.106,0,795.25,37,,96.906,22.353,-2.5,0.781,0.999,0.991,-0.043,4400,14.51,12.157,0,,,,,,31,,,,,,,
2026-10-01T11:49:08.106,85.236,0,795.5,37,,96.906,22.353,-2.0,0.781,0.999,0.991,-0.043,4390,14.51,12.157,0,,,,,,,100.0,,,,,,
2026-10-01T11:49:08.236,85.367,0,798.25,37,,96.906,21.961,-2.0,0.781,0.999,0.992,-0.043,4370,14.51,12.157,0,,,,,,,,353.2,,,,,
2026-10-01T11:49:08.366,85.496,0,797.25,37,,96.906,21.961,0.5,0.781,0.999,0.992,-0.043,4340,14.51,12.157,0,,,,,,,,,0.71,,,,
2026-10-01T11:49:08.497,85.627,0,798.0,37,,96.906,21.961,2.0,0.781,1.0,0.992,-0.039,4340,14.51,12.549,0,,,,,,,,,,,0.781,,
2026-10-01T11:49:08.627,85.757,0,790.5,38,,96.906,23.137,-3.0,0.781,1.0,0.993,-0.035,4370,14.51,12.157,0,,,,,,,,,,,,23.137,
2026-10-01T11:49:08.756,85.886,0,791.75,37,,96.906,22.353,-2.5,0.781,1.0,0.995,-0.035,4440,14.51,12.157,0,,,,,,,,,,,,,118
2026-10-01T11:49:08.886,86.016,0,794.25,37,,96.906,22.353,-1.5,0.781,1.0,0.997,-0.027,4460,14.51,12.549,0,102,,,,,,,,,,,,
2026-10-01T11:49:09.026,86.156,0,799.75,37,,96.938,22.353,-2.0,0.781,1.0,0.997,-0.027,4480,14.51,12.157,0,,73,,,,,,,,,,,
2026-10-01T11:49:09.157,86.287,0,802.25,37,,96.906,21.961,-2.0,0.781,1.0,0.997,-0.027,4480,14.51,12.157,0,,,5.469,,,,,,,,,,
2026-10-01T11:49:09.287,86.417,0,799.5,37,,96.906,21.961,-2.5,0.781,1.0,0.996,-0.031,4480,14.51,12.549,0,,,,12.753,,,,,,,,,
2026-10-01T11:49:09.417,86.547,0,798.75,37,,96.906,21.961,-2.5,0.781,1.0,0.995,-0.035,4480,14.51,12.549,0,,,,,97,,,,,,,,
2026-10-01T11:49:09.547,86.677,0,801.5,37,,96.906,22.353,-2.5,0.781,1.0,0.996,-0.031,4480,14.51,12.549,0,,,,,,31,,,,,,,
2026-10-01T11:49:09.677,86.807,0,804.25,37,,96.906,21.961,-1.0,0.781,1.0,0.995,-0.035,4480,14.51,12.549,0,,,,,,,100.0,,,,,,
2026-10-01T11:49:09.806,86.936,0,803.25,37,,96.906,22.353,-1.5,0.781,1.0,0.995,-0.031,4450,14.51,12.549,0,,,,,,,,353.5,,,,,
2026-10-01T11:49:09.936,87.066,0,796.0,37,,96.906,22.353,-2.5,0.0,1.0,0.995,-0.031,4500,14.51,12.549,0,,,,,,,,,0.705,,,,
2026-10-01T11:49:10.066,87.196,0,798.0,37,,96.938,22.353,-3.0,0.781,1.0,0.997,-0.027,4490,14.51,12.549,0,,,,,,,,,,,0.781,,
2026-10-01T11:49:10.196,87.326,0,795.25,38,,96.906,22.353,-2.5,0.781,1.0,0.996,-0.027,4500,14.51,12.549,0,,,,,,,,,,,,23.137,
2026-10-01T11:49:10.326,87.456,0,796.25,37,,96.906,22.353,-1.0,0.0,0.999,0.995,-0.031,4500,14.51,12.157,0,,,,,,,,,,,,,120
2026-10-01T11:49:10.456,87.586,0,800.25,37,,96.906,22.745,-2.0,0.0,0.999,0.995,-0.031,4500,14.51,12.157,0,102,,,,,,,,,,,,
2026-10-01T11:49:10.587,87.717,0,798.5,37,,96.906,21.961,-2.5,0.0,0.999,0.993,-0.035,4490,14.51,12.549,0,,73,,,,,,,,,,,
2026-10-01T11:49:10.716,87.846,0,797.75,37,,96.906,22.353,-2.5,0.0,0.999,0.993,-0.039,4480,14.51,12.157,0,,,5.469,,,,,,,,,,
2026-10-01T11:49:10.846,87.976,0,802.5,37,,96.906,22.353,-2.5,0.0,0.999,0.991,-0.043,4450,14.51,12.549,0,,,,12.773,,,,,,,,,
2026-10-01T11:49:10.977,88.107,0,802.5,37,,96.906,22.353,-2.5,0.0,0.999,0.988,-0.051,4460,14.51,12.549,0,,,,,97,,,,,,,,
2026-10-01T11:49:11.107,88.237,0,801.0,37,,96.906,22.353,-2.5,0.0,0.999,0.989,-0.047,4460,14.51,12.157,0,,,,,,31,,,,,,,
2026-10-01T11:49:11.236,88.366,0,794.25,37,,96.906,21.961,-2.5,0.0,0.999,0.99,-0.047,4480,14.51,12.549,0,,,,,,,100.0,,,,,,
2026-10-01T11:49:11.366,88.497,0,799.25,37,,96.906,22.353,-2.5,0.0,0.999,0.99,-0.043,4480,14.51,12.157,0,,,,,,,,353.7,,,,,
2026-10-01T11:49:11.496,88.626,0,802.5,37,,96.906,21.961,-3.0,0.0,0.998,0.989,-0.047,4460,14.51,12.549,0,,,,,,,,,0.7,,,,
2026-10-01T11:49:11.626,88.756,0,798.75,37,,96.906,22.353,-2.5,0.0,0.998,0.989,-0.047,4420,14.51,12.549,0,,,,,,,,,,,0.781,,
2026-10-01T11:49:11.756,88.886,0,793.5,37,,96.906,22.353,-1.0,0.0,0.998,0.99,-0.047,4410,14.51,12.157,0,,,,,,,,,,,,22.745,
2026-10-01T11:49:11.886,89.016,0,793.25,37,,96.906,22.353,-1.5,0.0,0.999,0.991,-0.043,4430,14.51,12.157,0,,,,,,,,,,,,,121
2026-10-01T11:49:12.027,89.157,0,800.0,37,,96.906,22.353,-2.5,0.0,0.998,0.989,-0.047,4430,14.51,12.157,0,102,,,,,,,,,,,,
2026-10-01T11:49:12.157,89.287,0,801.5,37,,96.906,21.961,-2.0,0.0,0.998,0.991,-0.043,4430,14.51,12.157,0,,73,,,,,,,,,,,
2026-10-01T11:49:12.286,89.416,0,797.5,37,,96.906,21.961,-2.5,0.0,0.998,0.992,-0.039,4430,14.51,12.549,0,,,5.469,,,,,,,,,,
2026-10-01T11:49:12.416,89.547,0,794.75,37,,96.906,22.353,-2.5,0.0,0.998,0.991,-0.043,4420,14.51,12.157,0,,,,12.695,,,,,,,,,
2026-10-01T11:49:12.546,89.676,0,797.0,37,,96.906,22.353,-2.5,0.0,0.999,0.991,-0.043,4410,14.51,12.549,0,,,,,97,,,,,,,,
2026-10-01T11:49:12.676,89.806,0,798.25,37,,96.906,22.353,-2.5,0.0,0.999,0.991,-0.043,4440,14.51,12.157,0,,,,,,31,,,,,,,
2026-10-01T11:49:12.806,89.936,0,796.5,37,,96.906,22.353,-2.0,0.0,0.999,0.992,-0.039,4420,14.51,12.157,0,,,,,,,100.0,,,,,,
2026-10-01T11:49:12.936,90.066,0,798.0,37,,96.906,21.961,-1.5,0.0,0.999,0.992,-0.039,4420,14.51,12.549,0,,,,,,,,354.0,,,,,
2026-10-01T11:49:13.067,90.197,0,795.5,37,,96.906,22.353,-1.5,0.0,0.999,0.995,-0.031,4430,14.51,12.157,0,,,,,,,,,0.71,,,,
2026-10-01T11:49:13.197,90.327,0,794.0,37,,96.906,22.353,-1.0,0.0,1.0,0.995,-0.035,4420,14.51,12.549,0,,,,,,,,,,,0.781,,
2026-10-01T11:49:13.327,90.457,0,795.0,37,,96.906,22.353,-1.5,0.0,1.0,0.994,-0.035,4410,14.51,12.157,0,,,,,,,,,,,,23.137,
2026-10-01T11:49:13.457,90.587,0,794.25,37,,96.906,22.353,-2.5,0.0,1.0,0.995,-0.031,4430,14.51,12.157,0,,,,,,,,,,,,,123
2026-10-01T11:49:13.586,90.716,0,798.75,37,,96.906,21.961,-2.5,0.0,1.0,0.995,-0.031,4400,14.51,12.157,0,102,,,,,,,,,,,,
2026-10-01T11:49:13.716,90.846,0,797.5,37,,96.906,22.353,-2.5,0.0,1.0,0.994,-0.035,4390,14.51,12.157,0,,73,,,,,,,,,,,
2026-10-01T11:49:13.846,90.976,0,797.25,37,,96.906,21.961,-2.5,0.0,1.0,0.995,-0.031,4380,14.51,12.549,0,,,6.25,,,,,,,,,,
2026-10-01T11:49:13.976,91.106,0,799.5,37,,96.906,22.353,0.0,0.0,1.0,0.996,-0.031,4350,14.51,12.157,0,,,,12.832,,,,,,,,,
2026-10-01T11:49:14.106,91.236,0,796.5,37,,96.906,22.353,-2.0,0.0,1.0,0.996,-0.031,4390,14.51,12.549,0,,,,,97,,,,,,,,
2026-10-01T11:49:14.236,91.366,0,795.25,37,,96.906,22.353,-2.5,0.0,1.0,0.996,-0.027,4410,14.51,12.157,0,,,,,,31,,,,,,,
2026-10-01T11:49:14.366,91.496,0,797.25,37,,96.906,21.961,-2.5,0.0,1.0,0.996,-0.027,4450,14.51,12.157,0,,,,,,,100.0,,,,,,
2026-10-01T11:49:14.497,91.627,0,799.5,37,,96.906,22.353,-1.5,0.0,1.0,0.995,-0.031,4410,14.51,12.157,0,,,,,,,,354.1,,,,,
2026-10-01T11:49:14.626,91.756,0,794.0,37,,96.938,21.961,-2.5,0.0,1.0,0.996,-0.031,4390,14.51,12.157,0,,,,,,,,,0.705,,,,
2026-10-01T11:49:14.757,91.887,0,797.5,37,,96.906,21.961,-1.5,0.0,1.0,0.995,-0.031,4370,14.51,12.549,0,,,,,,,,,,,0.781,,
2026-10-01T11:49:14.887,92.017,0,794.0,37,,96.938,22.353,-2.0,0.0,1.0,0.996,-0.031,4350,14.51,12.157,0,,,,,,,,,,,,22.745,
2026-10-01T11:49:15.017,92.147,0,800.0,37,,96.906,21.961,-2.0,0.0,1.0,0.995,-0.031,4350,14.51,12.157,0,,,,,,,,,,,,,124
2026-10-01T11:49:15.146,92.276,0,793.5,37,,96.906,22.353,-1.5,0.0,1.0,0.996,-0.031,4350,14.51,12.157,0,102,,,,,,,,,,,,
2026-10-01T11:49:15.276,92.406,0,793.5,37,,96.906,21.961,-1.0,0.0,1.0,0.996,-0.031,4350,14.51,12.157,0,,73,,,,,,,,,,,
2026-10-01T11:49:15.406,92.536,0,796.5,37,,96.906,22.353,-2.0,0.0,1.0,0.997,-0.027,4340,14.51,12.157,0,,,5.469,,,,,,,,,,
2026-10-01T11:49:15.536,92.666,0,794.75,37,,96.906,22.353,-1.5,0.0,0.999,0.998,-0.023,4330,14.51,12.157,0,,,,12.773,,,,,,,,,
2026-10-01T11:49:15.666,92.797,0,798.0,37,,96.938,22.353,-1.5,0.0,0.999,0.998,-0.023,4310,14.51,12.157,0,,,,,97,,,,,,,,
2026-10-01T11:49:15.796,92.926,0,798.0,37,,96.906,21.961,-1.0,0.0,0.999,0.998,-0.023,4310,14.51,12.157,0,,,,,,31,,,,,,,
2026-10-01T11:49:15.926,93.056,0,796.5,37,,96.906,22.353,-1.0,0.0,0.999,0.998,-0.023,4280,14.51,12.157,0,,,,,,,100.0,,,,,,
2026-10-01T11:49:16.057,93.187,0,791.0,37,,96.906,22.353,-1.5,0.0,0.999,0.998,-0.023,4290,14.51,12.549,0,,,,,,,,354.4,,,,,
2026-10-01T11:49:16.187,93.317,0,793.5,37,,96.906,22.353,-1.5,0.0,0.999,1.003,-0.016,4320,14.51,12.157,0,,,,,,,,,0.695,,,,
2026-10-01T11:49:16.316,93.446,0,801.25,37,,96.906,22.353,-2.5,0.0,0.999,1.0,-0.02,4320,14.51,12.157,0,,,,,,,,,,,0.781,,
2026-10-01T11:49:16.446,93.576,0,796.25,37,,96.906,22.353,-2.0,0.0,0.999,1.0,-0.02,4350,14.51,12.549,0,,,,,,,,,,,,23.137,
2026-10-01T11:49:16.576,93.706,0,796.5,37,,96.906,22.353,-1.0,0.0,0.999,0.998,-0.023,4330,14.51,12.157,0,,,,,,,,,,,,,126
2026-10-01T11:49:16.706,93.836,0,797.25,37,,96.906,22.353,-2.0,0.0,0.999,0.997,-0.027,4350,14.51,12.157,0,102,,,,,,,,,,,,
2026-10-01T11:49:16.836,93.966,0,798.5,37,,96.906,22.353,-1.0,0.0,0.998,0.997,-0.027,4350,14.51,12.157,0,,73,,,,,,,,,,,
2026-10-01T11:49:16.966,94.096,0,797.25,37,,96.906,22.353,-1.0,0.0,0.998,0.998,-0.027,4370,14.51,12.157,0,,,5.469,,,,,,,,,,
2026-10-01T11:49:17.097,94.227,0,793.25,37,,96.906,22.353,-1.5,0.0,0.998,0.999,-0.023,4330,14.51,12.157,0,,,,12.773,,,,,,,,,
2026-10-01T11:49:17.226,94.356,0,798.75,37,,96.906,22.353,-2.0,0.0,0.998,0.999,-0.023,4360,14.51,12.157,0,,,,,97,,,,,,,,
2026-10-01T11:49:17.357,94.487,0,800.0,37,,96.906,21.961,-1.0,0.0,0.998,0.997,-0.027,4350,14.51,12.549,0,,,,,,31,,,,,,,
2026-10-01T11:49:17.487,94.617,0,795.75,37,,96.906,21.961,-1.5,0.0,0.998,0.994,-0.035,4350,14.51,12.157,0,,,,,,,100.0,,,,,,
2026-10-01T11:49:17.617,94.747,0,795.25,37,,96.906,21.961,-2.0,0.0,0.998,0.994,-0.035,4400,14.51,12.157,0,,,,,,,,354.6,,,,,
2026-10-01T11:49:17.746,94.876,0,796.25,37,,96.906,22.353,-1.5,0.0,0.998,0.995,-0.031,4420,14.51,12.549,0,,,,,,,,,0.69,,,,
2026-10-01T11:49:17.876,95.006,0,798.25,37,,96.906,21.961,-2.0,0.0,0.998,0.995,-0.031,4410,14.51,12.549,0,,,,,,,,,,,0.781,,
2026-10-01T11:49:18.006,95.136,0,800.5,37,,96.906,22.353,-2.5,0.0,0.998,0.995,-0.035,4410,14.51,12.549,0,,,,,,,,,,,,23.137,
2026-10-01T11:49:18.136,95.266,0,800.25,37,,96.906,21.961,-2.5,0.0,0.998,0.994,-0.035,4390,14.51,12.549,0,,,,,,,,,,,,,127
2026-10-01T11:49:18.266,95.396,0,795.0,37,,96.906,22.353,-2.0,0.0,0.998,0.995,-0.035,4390,14.51,12.549,0,102,,,,,,,,,,,,
2026-10-01T11:49:18.396,95.526,0,799.0,37,,96.906,22.353,-2.0,0.0,0.998,0.994,-0.035,4420,14.51,12.157,0,,73,,,,,,,,,,,
2026-10-01T11:49:18.527,95.657,0,795.5,37,,96.906,21.961,-2.5,0.0,0.998,0.993,-0.035,4450,14.51,12.157,0,,,6.25,,,,,,,,,,
2026-10-01T11:49:18.656,95.786,0,802.25,37,,96.906,22.353,-2.0,0.0,0.997,0.993,-0.039,4460,14.51,12.549,0,,,,12.753,,,,,,,,,
2026-10-01T11:49:18.786,95.916,0,797.25,37,,96.906,21.961,-2.5,0.0,0.997,0.992,-0.039,4460,14.51,12.549,0,,,,,97,,,,,,,,
2026-10-01T11:49:18.917,96.047,0,797.25,37,,96.906,22.353,-2.5,0.0,0.998,0.992,-0.039,4450,14.51,12.157,0,,,,,,31,,,,,,,
2026-10-01T11:49:19.046,96.177,0,791.25,37,,96.906,22.353,-1.0,0.0,0.998,0.991,-0.043,4470,14.51,12.157,0,,,,,,,100.0,,,,,,
2026-10-01T11:49:19.176,96.306,0,793.5,37,,96.906,21.961,-2.0,0.0,0.998,0.992,-0.039,4440,14.51,12.157,0,,,,,,,,354.8,,,,,
2026-10-01T11:49:19.306,96.436,0,795.5,37,,96.906,21.961,-1.0,0.0,0.998,0.991,-0.043,4400,14.51,12.157,0,,,,,,,,,0.69,,,,
2026-10-01T11:49:19.436,96.566,0,792.25,37,,96.906,22.353,-2.0,-0.781,0.998,0.991,-0.043,4380,14.51,12.157,0,,,,,,,,,,,0.781,,
2026-10-01T11:49:19.566,96.696,0,794.75,37,,96.938,21.961,-0.5,-0.781,0.997,0.991,-0.043,4370,14.51,12.157,0,,,,,,,,,,,,22.745,
2026-10-01T11:49:19.697,96.827,0,792.0,37,,96.906,22.353,-1.0,-0.781,0.998,0.989,-0.047,4350,14.51,12.157,0,,,,,,,,,,,,,129
2026-10-01T11:49:19.826,96.956,0,789.75,37,,96.906,21.961,-1.0,-0.781,0.998,0.99,-0.043,4340,14.51,12.157,0,102,,,,,,,,,,,,
2026-10-01T11:49:19.956,97.086,0,797.25,37,,96.906,21.961,-1.5,-0.781,0.998,0.992,-0.039,4360,14.51,12.549,0,,73,,,,,,,,,,,
2026-10-01T11:49:20.087,97.217,0,800.25,37,,96.969,22.353,-1.5,-0.781,0.998,0.993,-0.035,4390,14.51,12.157,0,,,5.469,,,,,,,,,,
2026-10-01T11:49:20.217,97.347,0,799.25,37,,96.938,21.961,-1.5,-0.781,0.998,0.992,-0.039,4400,14.51,12.157,0,,,,12.734,,,,,,,,,
2026-10-01T11:49:20.346,97.476,0,794.5,37,,96.938,22.353,-2.0,-0.781,0.998,0.993,-0.039,4420,14.51,12.549,0,,,,,97,,,,,,,,
2026-10-01T11:49:20.476,97.606,0,794.25,37,,96.906,21.961,-1.5,-0.781,0.998,0.996,-0.031,4440,14.51,12.157,0,,,,,,31,,,,,,,
2026-10-01T11:49:20.606,97.736,0,797.0,37,,96.906,22.353,-2.0,-0.781,0.998,0.996,-0.031,4430,14.51,12.157,0,,,,,,,100.0,,,,,,
2026-10-01T11:49:20.736,97.866,0,794.5,37,,96.906,22.353,-1.5,-0.781,0.998,0.996,-0.031,4420,14.51,12.549,0,,,,,,,,355.1,,,,,
2026-10-01T11:49:20.866,97.996,0,797.25,37,,96.906,22.353,-1.5,-0.781,0.998,0.995,-0.031,4440,14.51,12.157,0,,,,,,,,,0.705,,,,
2026-10-01T11:49:20.996,98.126,0,800.75,37,,96.906,22.353,-2.5,-0.781,0.999,0.994,-0.035,4440,14.51,12.549,0,,,,,,,,,,,0.781,,
2026-10-01T11:49:21.126,98.256,0,800.75,37,,96.906,21.961,-2.5,-0.781,0.999,0.995,-0.031,4450,14.51,12.157,0,,,,,,,,,,,,23.137,
2026-10-01T11:49:21.256,98.386,0,798.25,37,,96.906,22.353,-2.5,-0.781,0.999,0.995,-0.031,4450,14.51,12.157,0,,,,,,,,,,,,,131
2026-10-01T11:49:21.387,98.517,0,799.75,37,,96.906,21.961,-2.5,-0.781,0.999,0.993,-0.035,4430,14.51,12.157,0,102,,,,,,,,,,,,
2026-10-01T11:49:21.516,98.646,0,801.5,37,,96.906,22.353,-2.5,-0.781,0.999,0.991,-0.043,4430,14.51,12.157,0,,73,,,,,,,,,,,
2026-10-01T11:49:21.647,98.777,0,797.0,37,,96.906,21.961,-1.0,-0.781,0.999,0.993,-0.039,4390,14.51,12.549,0,,,6.25,,,,,,,,,,
2026-10-01T11:49:21.777,98.907,0,790.5,37,,96.906,22.353,-0.5,-0.781,0.999,0.992,-0.039,4390,14.51,12.157,0,,,,12.773,,,,,,,,,
2026-10-01T11:49:21.906,99.036,0,792.0,37,,96.906,21.961,-1.5,-0.781,1.0,0.992,-0.039,4390,14.51,12.157,0,,,,,97,,,,,,,,
2026-10-01T11:49:22.036,99.166,0,798.0,37,,96.906,22.353,-1.0,-0.781,0.999,0.993,-0.035,4370,14.51,12.157,0,,,,,,31,,,,,,,
2026-10-01T11:49:22.166,99.296,0,799.75,37,,96.906,21.961,-1.0,-0.781,0.999,0.992,-0.039,4370,14.51,12.157,0,,,,,,,100.0,,,,,,
2026-10-01T11:49:22.296,99.426,0,795.5,37,,96.906,21.961,-2.5,-0.781,1.0,0.992,-0.043,4380,14.51,12.157,0,,,,,,,,355.3,,,,,
2026-10-01T11:49:22.426,99.556,0,796.25,37,,96.906,22.353,-2.0,-0.781,0.999,0.99,-0.043,4340,14.51,12.157,0,,,,,,,,,0.705,,,,
2026-10-01T11:49:22.556,99.686,0,802.5,37,,96.906,21.961,-2.5,-1.562,0.999,0.99,-0.043,4350,14.51,12.549,0,,,,,,,,,,,0.781,,
2026-10-01T11:49:22.686,99.816,0,799.5,37,,96.906,22.353,-2.5,-1.562,0.999,0.99,-0.047,4330,14.51,12.549,0,,,,,,,,,,,,23.137,
2026-10-01T11:49:22.817,99.947,0,800.75,37,,96.906,21.961,-2.5,-1.562,0.999,0.99,-0.043,4380,14.51,12.549,0,,,,,,,,,,,,,132
2026-10-01T11:49:22.946,100.076,0,801.75,37,,96.906,22.353,-2.5,-1.562,0.999,0.992,-0.039,4390,14.51,12.549,0,102,,,,,,,,,,,,
2026-10-01T11:49:23.077,100.207,0,802.5,37,,96.906,21.961,-1.5,-1.562,1.0,0.992,-0.039,4390,14.51,12.549,0,,73,,,,,,,,,,,
2026-10-01T11:49:23.207,100.337,0,800.75,37,,96.906,22.353,-1.5,-1.562,1.0,0.992,-0.039,4410,14.51,12.157,0,,,6.25,,,,,,,,,,
2026-10-01T11:49:23.337,100.467,0,793.5,37,,96.906,22.353,-2.5,-1.562,1.0,0.991,-0.043,4400,14.51,12.549,0,,,,12.714,,,,,,,,,
2026-10-01T11:49:23.467,100.597,0,794.5,37,,96.906,22.353,-2.5,-1.562,1.0,0.991,-0.043,4420,14.51,12.549,0,,,,,97,,,,,,,,
2026-10-01T11:49:23.596,100.726,0,798.0,37,,96.906,22.353,-1.5,-1.562,1.0,0.993,-0.039,4420,14.51,12.157,0,,,,,,31,,,,,,,
2026-10-01T11:49:23.726,100.856,0,794.75,37,,96.906,22.353,-2.5,-1.562,1.0,0.994,-0.035,4460,14.51,12.157,0,,,,,,,100.0,,,,,,
2026-10-01T11:49:23.856,100.986,0,799.5,37,,96.906,22.353,-2.0,-1.562,1.0,0.995,-0.035,4450,14.51,12.157,0,,,,,,,,355.5,,,,,
2026-10-01T11:49:23.986,101.116,0,797.5,37,,96.906,21.961,-2.5,-1.562,1.0,0.995,-0.031,4420,14.51,12.157,0,,,,,,,,,0.715,,,,
2026-10-01T11:49:24.116,101.246,0,796.5,37,,96.906,22.353,-1.0,-1.562,1.0,0.995,-0.031,4390,14.51,12.157,0,,,,,,,,,,,0.781,,
2026-10-01T11:49:24.246,101.376,0,794.5,37,,96.906,22.353,-1.5,-1.562,1.0,0.996,-0.031,4410,14.51,12.157,0,,,,,,,,,,,,22.745,
2026-10-01T11:49:24.376,101.506,0,800.0,37,,96.906,22.353,-1.5,-1.562,1.0,0.997,-0.027,4390,14.51,12.157,0,,,,,,,,,,,,,134
2026-10-01T11:49:24.506,101.636,0,795.0,37,,96.906,22.353,-1.5,-1.562,1.0,0.997,-0.027,4370,14.51,12.157,0,102,,,,,,,,,,,,
2026-10-01T11:49:24.637,101.767,0,797.75,37,,96.906,21.961,-0.5,-1.562,1.0,0.999,-0.023,4390,14.51,12.157,0,,73,,,,,,,,,,,
2026-10-01T11:49:24.767,101.897,0,796.5,37,,96.906,21.961,-1.0,-1.562,1.0,1.002,-0.02,4390,14.51,12.157,0,,,5.469,,,,,,,,,,
2026-10-01T11:49:24.896,102.026,0,790.75,37,,96.906,21.961,-1.5,-1.562,1.001,1.0,-0.02,4390,14.51,12.157,0,,,,12.773,,,,,,,,,
2026-10-01T11:49:25.026,102.156,0,795.0,37,,96.906,22.353,-1.5,-1.562,1.0,1.003,-0.016,4340,14.51,12.157,0,,,,,97,,,,,,,,
2026-10-01T11:49:25.156,102.286,0,796.75,37,,96.906,21.961,-0.5,-1.562,1.0,1.003,-0.016,4370,14.51,12.157,0,,,,,,31,,,,,,,
2026-10-01T11:49:25.286,102.416,0,794.75,37,,96.906,22.353,-1.0,-1.562,1.001,1.004,-0.016,4370,14.51,12.157,0,,,,,,,100.0,,,,,,
2026-10-01T11:49:25.416,102.546,0,790.5,37,,96.906,21.961,-1.5,-0.781,1.0,1.004,-0.016,4340,14.51,12.157,0,,,,,,,,355.8,,,,,
2026-10-01T11:49:25.546,102.676,0,795.0,37,,96.906,22.353,-1.0,-0.781,1.0,1.003,-0.016,4320,14.51,12.157,0,,,,,,,,,0.705,,,,
2026-10-01T11:49:25.676,102.806,0,795.75,37,,96.906,21.961,0.0,-0.781,1.0,1.005,-0.016,4340,14.51,12.157,0,,,,,,,,,,,0.781,,
2026-10-01T11:49:25.807,102.937,0,794.25,37,,96.906,22.353,-2.0,-0.781,1.0,1.006,-0.016,4330,14.51,12.549,0,,,,,,,,,,,,23.137,
2026-10-01T11:49:25.936,103.066,0,794.0,37,,96.906,22.353,-1.5,-0.781,1.0,1.007,-0.012,4350,14.51,12.157,0,,,,,,,,,,,,,135
2026-10-01T11:49:26.066,103.196,0,798.5,37,,96.906,22.353,-1.0,-0.781,1.0,1.005,-0.016,4370,14.51,12.157,0,102,,,,,,,,,,,,
2026-10-01T11:49:26.196,103.326,0,797.5,37,,96.906,21.961,-1.5,-0.781,0.999,1.008,-0.012,4360,14.51,12.157,0,,73,,,,,,,,,,,
2026-10-01T11:49:26.326,103.456,0,793.5,37,,96.906,21.961,-2.5,-0.781,0.999,1.008,-0.012,4370,14.51,12.157,0,,,6.25,,,,,,,,,,
2026-10-01T11:49:26.456,103.586,0,795.75,37,,96.906,22.353,-1.0,-0.781,0.999,1.007,-0.012,4360,14.51,12.157,0,,,,12.792,,,,,,,,,
2026-10-01T11:49:26.586,103.716,0,792.75,37,,96.906,21.961,-1.5,-0.781,0.999,1.006,-0.016,4390,14.51,12.157,0,,,,,97,,,,,,,,
2026-10-01T11:49:26.716,103.846,0,794.0,37,,96.906,22.353,-2.0,-0.781,0.999,1.005,-0.016,4390,14.51,12.157,0,,,,,,31,,,,,,,
2026-10-01T11:49:26.847,103.977,0,798.5,37,,96.906,21.961,-2.0,0.0,0.999,1.007,-0.012,4390,14.51,12.157,0,,,,,,,100.0,,,,,,
2026-10-01T11:49:26.977,104.107,0,795.5,37,,96.906,22.353,-1.5,0.0,0.999,1.004,-0.016,4350,14.51,12.157,0,,,,,,,,356.0,,,,,
2026-10-01T11:49:27.107,104.237,0,793.75,37,,96.906,21.961,-1.5,0.0,0.999,1.005,-0.016,4350,14.51,12.157,0,,,,,,,,,0.695,,,,
2026-10-01T11:49:27.236,104.366,0,795.25,36,,96.906,21.569,-1.0,0.0,0.998,1.005,-0.016,4360,14.51,12.157,0,,,,,,,,,,,0.781,,
2026-10-01T11:49:27.366,104.496,0,793.75,37,,96.906,21.961,-0.5,0.0,0.998,1.006,-0.016,4350,14.51,12.157,0,,,,,,,,,,,,22.745,
2026-10-01T11:49:27.496,104.626,0,793.25,37,,96.906,21.961,-1.5,0.0,0.998,1.005,-0.016,4340,14.51,12.157,0,,,,,,,,,,,,,137
2026-10-01T11:49:27.626,104.756,0,791.0,37,,96.906,22.353,-1.0,0.0,0.998,1.005,-0.016,4340,14.51,12.157,0,102,,,,,,,,,,,,
2026-10-01T11:49:27.756,104.886,0,796.75,37,,96.906,21.961,0.0,0.0,0.998,1.005,-0.016,4370,14.51,12.157,0,,73,,,,,,,,,,,
2026-10-01T11:49:27.886,105.016,0,797.0,37,,96.906,22.353,-1.0,0.0,0.998,1.002,-0.02,4370,14.51,12.157,0,,,5.469,,,,,,,,,,
2026-10-01T11:49:28.016,105.146,0,791.5,37,,96.906,21.961,-1.0,0.0,0.998,1.002,-0.02,4370,14.51,12.157,0,,,,12.773,,,,,,,,,
2026-10-01T11:49:28.147,105.277,0,797.0,37,,96.906,22.353,-1.0,0.0,0.998,1.002,-0.02,4350,14.51,12.549,0,,,,,97,,,,,,,,
2026-10-01T11:49:28.277,105.407,0,793.5,37,,96.906,22.353,-1.5,0.0,0.998,1.004,-0.016,4390,14.51,12.157,0,,,,,,31,,,,,,,
2026-10-01T11:49:28.406,105.536,0,798.25,37,,96.906,22.353,-2.0,0.0,0.998,1.005,-0.016,4390,14.51,12.549,0,,,,,,,100.0,,,,,,
2026-10-01T11:49:28.536,105.667,0,799.75,37,,96.906,22.353,-2.0,0.0,0.998,1.005,-0.016,4410,14.51,12.157,0,,,,,,,,356.3,,,,,
2026-10-01T11:49:28.666,105.796,0,796.0,37,,96.906,21.961,-2.0,0.0,0.998,1.005,-0.016,4420,14.51,12.157,0,,,,,,,,,0.69,,,,
2026-10-01T11:49:28.796,105.926,0,795.0,37,,96.906,21.961,-2.0,0.0,0.998,1.005,-0.016,4410,14.51,12.549,0,,,,,,,,,,,0.781,,
2026-10-01T11:49:28.926,106.056,0,798.25,37,,96.906,21.961,-2.0,0.0,0.998,1.003,-0.016,4390,14.51,12.157,0,,,,,,,,,,,,22.745,
2026-10-01T11:49:29.056,106.186,0,797.25,37,,96.906,21.961,-1.5,0.0,0.998,1.002,-0.02,4390,14.51,12.157,0,,,,,,,,,,,,,138
2026-10-01T11:49:29.186,106.317,0,793.25,37,,96.906,21.961,-1.5,0.0,0.998,0.999,-0.023,4400,14.51,12.157,0,102,,,,,,,,,,,,
2026-10-01T11:49:29.316,106.446,0,795.75,37,,96.906,22.353,-0.5,0.0,0.997,0.998,-0.023,4340,14.51,12.157,0,,73,,,,,,,,,,,
2026-10-01T11:49:29.446,106.576,0,799.5,37,,96.906,21.961,-1.5,0.0,0.997,0.999,-0.02,4330,14.51,12.157,0,,,5.469,,,,,,,,,,
2026-10-01T11:49:29.577,106.707,0,796.0,37,,96.906,22.353,-2.0,0.0,0.997,1.001,-0.02,4310,14.51,12.157,0,,,,12.773,,,,,,,,,
2026-10-01T11:49:29.707,106.837,0,796.75,37,,96.906,21.961,-2.5,0.0,0.997,1.002,-0.02,4360,14.51,12.157,0,,,,,97,,,,,,,,
2026-10-01T11:49:29.836,106.966,0,801.0,37,,96.906,21.961,-2.5,0.0,0.997,1.003,-0.016,4370,14.51,12.157,0,,,,,,31,,,,,,,
2026-10-01T11:49:29.966,107.096,0,797.75,37,,96.906,21.961,-1.0,0.0,0.998,1.002,-0.02,4370,14.51,12.157,0,,,,,,,100.0,,,,,,
2026-10-01T11:49:30.096,107.226,0,794.75,36,,96.906,21.961,-2.5,0.0,0.999,1.001,-0.02,4370,14.51,12.157,0,,,,,,,,356.5,,,,,
2026-10-01T11:49:30.226,107.356,0,795.5,37,,96.938,22.353,-2.5,0.0,0.999,1.001,-0.02,4360,14.51,12.157,0,,,,,,,,,0.69,,,,
2026-10-01T11:49:30.356,107.486,0,801.5,37,,96.906,21.961,-1.0,0.0,1.0,1.003,-0.016,4340,14.51,12.157,0,,,,,,,,,,,0.781,,
2026-10-01T11:49:30.486,107.616,0,799.25,37,,96.906,21.961,-2.0,0.0,1.0,1.005,-0.016,4370,14.51,12.157,0,,,,,,,,,,,,22.745,
2026-10-01T11:49:30.617,107.747,0,792.5,37,,96.906,21.961,-1.5,0.0,1.0,1.005,-0.016,4340,14.51,12.157,0,,,,,,,,,,,,,140
2026-10-01T11:49:30.746,107.876,0,796.5,37,,96.906,22.353,-1.0,0.0,1.0,1.005,-0.016,4330,14.51,12.157,0,102,,,,,,,,,,,,
2026-10-01T11:49:30.876,108.006,0,797.5,37,,96.906,21.961,-0.5,0.0,1.0,1.003,-0.016,4340,14.51,12.157,0,,73,,,,,,,,,,,
2026-10-01T11:49:31.007,108.137,0,794.0,37,,96.906,21.961,-1.5,0.0,1.0,1.005,-0.016,4350,14.51,12.157,0,,,6.25,,,,,,,,,,
2026-10-01T11:49:31.136,108.266,0,796.0,37,,96.906,21.961,-1.0,0.0,1.0,1.008,-0.012,4360,14.51,12.157,0,,,,12.695,,,,,,,,,
2026-10-01T11:49:31.266,108.396,0,794.5,37,,96.906,21.961,-1.5,0.0,1.0,1.004,-0.016,4370,14.51,12.157,0,,,,,97,,,,,,,,
2026-10-01T11:49:31.396,108.526,0,792.5,37,,96.906,22.353,-1.0,0.0,1.0,1.003,-0.016,4370,14.51,12.157,0,,,,,,31,,,,,,,
2026-10-01T11:49:31.526,108.656,0,797.5,37,,96.906,21.961,-1.0,0.0,1.0,1.003,-0.016,4370,14.51,12.157,0,,,,,,,100.0,,,,,,
2026-10-01T11:49:31.656,108.786,0,797.5,37,,96.906,22.353,-1.5,0.0,1.0,1.001,-0.02,4380,14.51,12.157,0,,,,,,,,356.7,,,,,
2026-10-01T11:49:31.786,108.916,0,793.25,37,,96.906,21.961,-2.0,0.0,1.0,1.001,-0.02,4400,14.51,12.157,0,,,,,,,,,0.69,,,,
2026-10-01T11:49:31.916,109.046,0,798.0,37,,96.906,22.353,-2.5,0.0,1.0,1.002,-0.02,4400,14.51,12.157,0,,,,,,,,,,,0.781,,
2026-10-01T11:49:32.047,109.177,0,794.75,37,,96.906,21.961,-2.5,0.0,1.0,1.002,-0.02,4380,14.51,12.157,0,,,,,,,,,,,,22.745,
2026-10-01T11:49:32.177,109.307,0,799.75,37,,96.906,22.353,-1.0,0.0,1.0,0.999,-0.02,4350,14.51,12.157,0,,,,,,,,,,,,,142
2026-10-01T11:49:32.306,109.437,0,795.75,37,,96.906,21.961,-2.0,0.0,1.001,1.0,-0.02,4380,14.51,12.157,0,102,,,,,,,,,,,,
2026-10-01T11:49:32.437,109.567,0,797.5,37,,96.906,21.961,-1.5,0.0,1.0,1.0,-0.02,4390,14.51,12.157,0,,73,,,,,,,,,,,
2026-10-01T11:49:32.566,109.696,0,800.0,37,,96.906,21.961,-1.0,0.0,1.0,1.0,-0.02,4380,14.51,12.157,0,,,5.469,,,,,,,,,,
2026-10-01T11:49:32.696,109.826,0,796.0,36,,96.906,21.961,-1.0,0.0,1.001,1.0,-0.02,4370,14.51,12.157,0,,,,12.812,,,,,,,,,
2026-10-01T11:49:32.826,109.956,0,798.0,37,,96.906,22.353,-2.5,0.0,1.0,0.999,-0.023,4320,14.51,12.549,0,,,,,97,,,,,,,,
2026-10-01T11:49:32.956,110.086,0,799.25,37,,96.906,21.961,-2.5,0.0,1.0,1.0,-0.02,4330,14.51,12.549,0,,,,,,31,,,,,,,
2026-10-01T11:49:33.086,110.216,0,800.25,37,,96.906,22.353,-1.5,0.0,1.0,0.998,-0.023,4340,14.51,12.549,0,,,,,,,100.0,,,,,,
2026-10-01T11:49:33.216,110.346,0,798.75,37,,96.906,22.353,-0.5,0.0,1.0,1.0,-0.02,4390,14.51,12.549,0,,,,,,,,357.0,,,,,
2026-10-01T11:49:33.346,110.476,0,801.75,37,,96.906,22.353,-1.0,0.0,1.0,1.005,-0.016,4420,14.51,12.549,0,,,,,,,,,0.695,,,,
2026-10-01T11:49:33.477,110.607,0,795.25,37,,96.906,22.353,-2.5,0.781,1.0,1.005,-0.016,4450,14.51,12.549,0,,,,,,,,,,,0.781,,
2026-10-01T11:49:33.606,110.736,0,794.75,37,,96.906,22.353,-3.0,0.781,1.0,1.003,-0.016,4460,14.51,12.157,0,,,,,,,,,,,,23.137,
2026-10-01T11:49:33.737,110.867,0,799.75,37,,96.906,22.353,-2.5,0.781,1.0,1.003,-0.016,4430,14.51,12.157,0,,,,,,,,,,,,,143
2026-10-01T11:49:33.866,110.996,0,797.25,37,,96.906,22.353,-2.0,0.0,1.0,1.002,-0.02,4410,14.51,12.549,0,102,,,,,,,,,,,,
2026-10-01T11:49:33.996,111.126,0,795.5,37,,96.906,22.353,-1.0,0.0,1.0,0.999,-0.023,4400,14.51,12.157,0,,73,,,,,,,,,,,
2026-10-01T11:49:34.126,111.256,0,791.25,37,,96.906,21.961,-1.5,0.0,1.0,0.999,-0.023,4420,14.51,12.157,0,,,5.469,,,,,,,,,,
2026-10-01T11:49:34.256,111.386,0,797.5,37,,96.906,22.353,-1.5,0.0,1.0,0.998,-0.023,4390,14.51,12.157,0,,,,12.773,,,,,,,,,
2026-10-01T11:49:34.386,111.516,0,799.0,37,,96.906,22.353,-1.0,0.0,1.0,0.998,-0.027,4410,14.51,12.157,0,,,,,97,,,,,,,,
2026-10-01T11:49:34.516,111.646,0,799.25,37,,96.906,22.353,-2.0,0.0,1.0,0.999,-0.023,4410,14.51,12.549,0,,,,,,31,,,,,,,
2026-10-01T11:49:34.647,111.777,0,795.0,37,,96.906,22.353,-2.0,0.0,1.0,0.999,-0.023,4420,14.51,12.549,0,,,,,,,100.0,,,,,,
2026-10-01T11:49:34.776,111.906,0,797.0,37,,96.906,22.353,-1.5,0.0,1.0,1.0,-0.02,4400,14.51,12.549,0,,,,,,,,357.2,,,,,
2026-10-01T11:49:34.906,112.036,0,798.25,37,,96.906,22.353,-2.0,0.0,1.0,1.001,-0.02,4420,14.51,12.157,0,,,,,,,,,0.695,,,,
2026-10-01T11:49:35.037,112.167,0,792.75,37,,96.906,21.961,-2.0,0.781,1.0,1.0,-0.02,4430,14.51,12.157,0,,,,,,,,,,,0.781,,
2026-10-01T11:49:35.166,112.296,0,797.5,37,,96.938,21.961,-1.0,0.781,1.0,1.001,-0.02,4390,14.51,12.549,0,,,,,,,,,,,,23.137,
2026-10-01T11:49:35.296,112.426,0,793.75,37,,96.906,21.961,-2.0,0.0,1.0,0.999,-0.02,4440,14.51,12.157,0,,,,,,,,,,,,,145
2026-10-01T11:49:35.426,112.556,0,796.0,37,,96.906,22.353,-2.0,0.0,1.0,1.0,-0.02,4460,14.51,12.157,0,102,,,,,,,,,,,,
2026-10-01T11:49:35.556,112.686,0,797.75,37,,96.906,22.353,-1.5,0.0,1.0,0.999,-0.023,4450,14.51,12.157,0,,73,,,,,,,,,,,
2026-10-01T11:49:35.686,112.816,0,798.25,37,,96.906,22.353,-2.5,0.0,1.0,0.998,-0.023,4430,14.51,12.549,0,,,5.469,,,,,,,,,,
2026-10-01T11:49:35.816,112.946,0,800.25,37,,96.906,21.961,-2.5,0.0,1.0,0.998,-0.027,4420,14.51,12.549,0,,,,12.812,,,,,,,,,
2026-10-01T11:49:35.946,113.076,0,804.75,37,,96.906,21.961,-1.5,0.0,1.0,0.997,-0.027,4390,14.51,12.157,0,,,,,97,,,,,,,,
2026-10-01T11:49:36.076,113.206,0,805.25,37,,96.906,21.961,-1.5,0.0,1.0,0.996,-0.031,4400,14.51,12.157,0,,,,,,31,,,,,,,
2026-10-01T11:49:36.206,113.336,0,804.75,37,,96.906,21.569,-2.0,0.0,1.0,0.996,-0.031,4390,14.51,12.549,0,,,,,,,100.0,,,,,,
2026-10-01T11:49:36.337,113.467,0,796.5,37,,96.906,21.961,-2.0,0.0,1.0,0.998,-0.027,4380,14.51,12.549,0,,,,,,,,357.5,,,,,
2026-10-01T11:49:36.466,113.596,0,801.75,37,,96.906,21.961,-2.5,0.0,1.0,0.997,-0.027,4390,14.51,12.157,0,,,,,,,,,0.7,,,,
2026-10-01T11:49:36.597,113.727,0,796.75,37,,96.906,22.353,-2.0,0.0,1.0,0.998,-0.027,4370,14.51,12.549,0,,,,,,,,,,,0.781,,
2026-10-01T11:49:36.726,113.856,0,792.25,37,,96.906,22.353,-1.5,0.0,1.0,0.996,-0.027,4380,14.51,12.549,0,,,,,,,,,,,,23.137,
2026-10-01T11:49:36.856,113.986,0,791.25,37,,96.906,22.353,-0.5,0.0,1.0,0.998,-0.027,4400,14.51,12.157,0,,,,,,,,,,,,,146
2026-10-01T11:49:36.986,114.116,0,796.25,37,,96.906,22.353,-0.5,0.0,1.0,0.998,-0.023,4450,14.51,12.157,0,102,,,,,,,,,,,,
2026-10-01T11:49:37.116,114.246,0,798.25,37,,96.906,22.353,-2.5,0.0,1.0,0.997,-0.027,4450,14.51,12.549,0,,73,,,,,,,,,,,
2026-10-01T11:49:37.246,114.376,0,796.0,37,,96.906,22.353,-2.5,0.0,1.0,0.996,-0.027,4440,14.51,12.157,0,,,5.469,,,,,,,,,,
2026-10-01T11:49:37.376,114.506,0,797.5,37,,96.906,22.353,-2.0,0.0,1.0,0.994,-0.035,4420,14.51,12.157,0,,,,12.792,,,,,,,,,
2026-10-01T11:49:37.507,114.637,0,796.5,37,,96.906,22.353,-2.0,0.0,1.0,0.994,-0.035,4400,14.51,12.157,0,,,,,97,,,,,,,,
2026-10-01T11:49:37.636,114.766,0,797.0,37,,96.906,21.961,-2.0,0.0,1.0,0.992,-0.039,4380,14.51,12.157,0,,,,,,31,,,,,,,
2026-10-01T11:49:37.766,114.896,0,798.25,37,,96.906,22.353,-1.0,0.0,1.0,0.993,-0.039,4360,14.51,12.157,0,,,,,,,100.0,,,,,,
2026-10-01T11:49:37.897,115.027,0,796.75,37,,96.906,21.961,-2.5,0.0,1.0,0.994,-0.035,4380,14.51,12.157,0,,,,,,,,357.6,,,,,
2026-10-01T11:49:38.027,115.157,0,793.25,37,,96.906,22.353,-1.5,0.0,1.0,0.995,-0.031,4370,14.51,12.157,0,,,,,,,,,0.7,,,,
2026-10-01T11:49:38.156,115.286,0,798.25,37,,96.969,22.353,0.0,0.0,1.0,0.997,-0.027,4370,14.51,12.157,0,,,,,,,,,,,0.781,,
2026-10-01T11:49:38.286,115.416,0,790.75,37,,96.938,22.353,-0.5,0.0,1.0,0.996,-0.027,4370,14.51,12.157,0,,,,,,,,,,,,23.137,
2026-10-01T11:49:38.416,115.546,0,788.25,37,,96.906,21.961,-1.0,0.0,1.0,0.995,-0.031,4400,14.51,12.157,0,,,,,,,,,,,,,148
2026-10-01T11:49:38.546,115.676,0,799.0,37,,96.906,21.961,-2.0,0.0,1.0,0.994,-0.035,4430,14.51,12.157,0,102,,,,,,,,,,,,
2026-10-01T11:49:38.676,115.806,0,799.0,37,,96.906,21.961,-2.5,0.0,1.0,0.996,-0.031,4430,14.51,12.549,0,,73,,,,,,,,,,,
2026-10-01T11:49:38.806,115.936,0,799.0,37,,96.906,21.961,-1.5,0.0,1.0,0.996,-0.031,4450,14.51,12.157,0,,,6.25,,,,,,,,,,
2026-10-01T11:49:38.936,116.067,0,797.75,37,,96.906,22.353,-1.0,0.0,1.0,0.997,-0.027,4430,14.51,12.157,0,,,,12.792,,,,,,,,,
2026-10-01T11:49:39.066,116.196,0,799.25,37,,96.906,21.961,0.0,0.0,1.0,0.998,-0.027,4440,14.51,12.157,0,,,,,97,,,,,,,,
2026-10-01T11:49:39.196,116.327,0,790.0,37,,96.906,22.353,-1.0,0.0,1.0,0.999,-0.023,4450,14.51,12.157,0,,,,,,31,,,,,,,
2026-10-01T11:49:39.327,116.457,0,793.0,37,,96.906,21.961,-2.5,0.0,1.0,0.997,-0.027,4440,14.51,12.157,0,,,,,,,100.0,,,,,,
2026-10-01T11:49:39.456,116.586,0,799.25,37,,96.906,21.961,-1.5,0.0,1.0,0.997,-0.027,4390,14.51,12.157,0,,,,,,,,358.0,,,,,
2026-10-01T11:49:39.586,116.716,0,796.75,37,,96.906,21.961,-2.5,0.0,1.0,0.996,-0.031,4390,14.51,12.549,0,,,,,,,,,0.7,,,,
2026-10-01T11:49:39.716,116.846,0,796.5,37,,96.906,21.961,-2.0,0.0,1.0,0.996,-0.027,4410,14.51,12.157,0,,,,,,,,,,,0.781,,
2026-10-01T11:49:39.846,116.976,0,794.75,37,,96.906,22.353,-1.5,0.0,1.0,0.996,-0.031,4430,14.51,12.157,0,,,,,,,,,,,,23.137,
2026-10-01T11:49:39.976,117.106,0,792.75,37,,96.906,22.353,-1.0,0.0,1.0,0.996,-0.031,4470,14.51,12.157,0,,,,,,,,,,,,,149
2026-10-01T11:49:40.106,117.236,0,800.5,37,,96.906,22.353,-2.0,0.0,1.0,0.996,-0.031,4460,14.51,12.157,0,102,,,,,,,,,,,,
2026-10-01T11:49:40.236,117.366,0,798.0,37,,96.906,22.353,-2.0,0.0,1.0,0.993,-0.035,4460,14.51,12.157,0,,73,,,,,,,,,,,
2026-10-01T11:49:40.367,117.497,0,792.5,37,,96.906,22.353,-1.0,0.0,1.0,0.993,-0.035,4420,14.51,12.157,0,,,5.469,,,,,,,,,,
2026-10-01T11:49:40.496,117.626,0,801.25,37,,96.906,21.961,-1.5,0.0,1.0,0.992,-0.039,4400,14.51,12.549,0,,,,12.753,,,,,,,,,
2026-10-01T11:49:40.626,117.756,0,803.0,37,,96.906,21.961,-2.0,0.0,1.0,0.995,-0.031,4400,14.51,12.157,0,,,,,97,,,,,,,,
2026-10-01T11:49:40.757,117.887,0,796.5,37,,96.906,22.353,-2.5,0.0,1.0,0.995,-0.035,4430,14.51,12.549,0,,,,,,31,,,,,,,
2026-10-01T11:49:40.887,118.017,0,795.5,37,,96.906,22.353,-2.5,0.0,1.0,0.994,-0.035,4450,14.51,12.157,0,,,,,,,100.0,,,,,,
2026-10-01T11:49:41.016,118.146,0,800.25,37,,96.938,22.353,-2.5,0.0,1.0,0.995,-0.031,4430,14.51,12.157,0,,,,,,,,358.2,,,,,
2026-10-01T11:49:41.146,118.276,0,801.75,37,,96.938,21.961,-2.5,0.0,1.0,0.995,-0.031,4410,14.51,12.157,0,,,,,,,,,0.705,,,,
2026-10-01T11:49:41.276,118.406,0,801.75,37,,96.906,21.961,-2.5,0.0,1.0,0.995,-0.031,4390,14.51,12.157,0,,,,,,,,,,,0.781,,
2026-10-01T11:49:41.406,118.536,0,797.25,37,,96.906,21.961,-2.5,0.0,1.0,0.992,-0.039,4400,14.51,12.157,0,,,,,,,,,,,,23.137,
2026-10-01T11:49:41.536,118.666,0,802.75,37,,96.906,22.353,-2.5,0.0,1.0,0.992,-0.039,4390,14.51,12.157,0,,,,,,,,,,,,,151
2026-10-01T11:49:41.666,118.796,0,804.0,37,,96.906,21.961,-2.5,0.0,1.0,0.99,-0.043,4410,14.51,12.157,0,102,,,,,,,,,,,,
2026-10-01T11:49:41.796,118.926,0,798.0,37,,96.906,21.961,-2.5,0.0,1.0,0.99,-0.043,4420,14.51,12.157,0,,73,,,,,,,,,,,
2026-10-01T11:49:41.926,119.056,0,796.25,37,,96.906,21.961,-2.0,0.0,1.0,0.99,-0.043,4390,14.51,12.549,0,,,6.25,,,,,,,,,,
2026-10-01T11:49:42.056,119.186,0,802.25,37,,96.906,21.961,-2.0,-0.781,1.0,0.99,-0.043,4370,14.51,12.549,0,,,,12.832,,,,,,,,,
2026-10-01T11:49:42.186,119.316,0,799.25,37,,96.938,22.353,-2.0,-0.781,1.0,0.991,-0.043,4340,14.51,12.157,0,,,,,97,,,,,,,,
2026-10-01T11:49:42.316,119.446,0,795.75,37,,96.906,21.961,-2.5,-0.781,1.0,0.99,-0.047,4360,14.51,12.157,0,,,,,,31,,,,,,,
2026-10-01T11:49:42.447,119.577,0,800.0,37,,96.906,21.961,-2.0,-0.781,1.0,0.991,-0.043,4360,14.51,12.549,0,,,,,,,100.0,,,,,,
2026-10-01T11:49:42.577,119.707,0,794.75,37,,96.906,21.961,-1.5,-0.781,1.0,0.989,-0.047,4380,14.51,12.157,0,,,,,,,,358.5,,,,,
2026-10-01T11:49:42.706,119.836,0,789.75,37,,96.906,22.353,-1.5,-0.781,1.0,0.99,-0.043,4370,14.51,12.157,0,,,,,,,,,0.715,,,,
2026-10-01T11:49:42.836,119.966,0,796.5,37,,96.969,21.961,-2.0,-0.781,1.0,0.99,-0.047,4350,14.51,12.157,0,,,,,,,,,,,0.781,,
2026-10-01T11:49:42.966,120.096,0,797.5,37,,96.906,21.961,-1.5,-0.781,1.0,0.99,-0.043,4330,14.51,12.157,0,,,,,,,,,,,,22.745,
2026-10-01T11:49:43.096,120.226,0,799.5,37,,96.906,21.961,-2.0,-0.781,1.001,0.992,-0.039,4330,14.51,12.157,0,,,,,,,,,,,,,152
2026-10-01T11:49:43.226,120.356,0,799.0,37,,96.906,21.961,0.0,-0.781,1.001,0.994,-0.035,4350,14.51,12.157,0,102,,,,,,,,,,,,
2026-10-01T11:49:43.356,120.486,0,790.0,37,,96.969,22.353,0.0,-0.781,1.0,0.997,-0.027,4340,14.51,12.549,0,,73,,,,,,,,,,,
2026-10-01T11:49:43.486,120.617,0,794.5,37,,96.938,21.961,-2.0,-0.781,1.001,0.999,-0.023,4350,14.51,12.549,0,,,5.469,,,,,,,,,,
2026-10-01T11:49:43.616,120.747,0,797.25,37,,96.938,22.353,-2.0,-0.781,1.0,1.001,-0.02,4360,14.51,12.549,0,,,,12.734,,,,,,,,,
2026-10-01T11:49:43.747,120.877,0,792.5,37,,96.906,22.353,-1.5,0.0,1.0,1.004,-0.016,4380,14.51,12.549,0,,,,,97,,,,,,,,
2026-10-01T11:49:43.876,121.006,0,799.25,37,,96.906,22.353,-1.5,0.0,1.001,1.005,-0.016,4390,14.51,12.549,0,,,,,,31,,,,,,,
2026-10-01T11:49:44.006,121.136,0,795.25,37,,96.906,22.353,-1.5,0.0,1.0,1.005,-0.016,4420,14.51,12.157,0,,,,,,,100.0,,,,,,
2026-10-01T11:49:44.136,121.266,0,793.25,37,,96.938,22.353,-2.5,-0.781,1.0,1.0,-0.02,4450,14.51,12.157,0,,,,,,,,358.7,,,,,
2026-10-01T11:49:44.266,121.396,0,797.0,37,,96.906,21.961,-2.5,0.0,1.0,1.0,-0.02,4440,14.51,12.157,0,,,,,,,,,0.72,,,,
2026-10-01T11:49:44.396,121.526,0,803.5,37,,96.938,22.353,-2.5,-0.781,1.0,0.999,-0.023,4450,14.51,12.157,0,,,,,,,,,,,0.781,,
2026-10-01T11:49:44.526,121.656,0,798.25,37,,96.906,21.961,-1.5,0.0,1.0,1.001,-0.02,4410,14.51,12.549,0,,,,,,,,,,,,22.745,
2026-10-01T11:49:44.656,121.786,0,797.5,37,,96.969,21.961,-1.0,0.0,1.0,1.005,-0.016,4400,14.51,12.549,0,,,,,,,,,,,,,154
2026-10-01T11:49:44.786,121.916,0,796.5,37,,96.906,22.353,-2.0,0.0,1.0,1.006,-0.016,4360,14.51,12.157,0,102,,,,,,,,,,,,
2026-10-01T11:49:44.917,122.047,0,797.25,37,,96.906,22.353,-2.0,0.0,1.0,1.007,-0.012,4360,14.51,12.157,0,,73,,,,,,,,,,,
2026-10-01T11:49:45.047,122.177,0,796.25,37,,96.906,22.353,-1.5,0.0,1.0,1.007,-0.012,4370,14.51,12.157,0,,,5.469,,,,,,,,,,
2026-10-01T11:49:45.176,122.307,0,795.25,37,,96.938,22.353,-1.0,0.0,1.0,1.008,-0.012,4400,14.51,12.549,0,,,,12.753,,,,,,,,,
2026-10-01T11:49:45.307,122.437,0,798.0,37,,96.938,22.353,-2.0,0.0,1.0,1.007,-0.012,4410,14.51,12.157,0,,,,,97,,,,,,,,
2026-10-01T11:49:45.437,122.567,0,797.75,37,,96.938,21.961,-2.5,0.0,1.0,1.006,-0.016,4410,14.51,12.157,0,,,,,,31,,,,,,,
2026-10-01T11:49:45.566,122.696,0,795.5,37,,96.938,21.961,-2.0,0.0,1.0,1.005,-0.016,4410,14.51,12.157,0,,,,,,,100.0,,,,,,
2026-10-01T11:49:45.696,122.826,0,791.0,37,,96.938,21.961,0.0,0.0,1.0,1.005,-0.016,4360,14.51,12.157,0,,,,,,,,359.0,,,,,
2026-10-01T11:49:45.826,122.956,0,798.0,37,,97.0,21.961,-0.5,0.0,1.0,1.006,-0.016,4350,14.51,12.157,0,,,,,,,,,0.71,,,,
2026-10-01T11:49:45.956,123.086,0,799.0,37,,96.938,21.961,-1.0,0.0,1.0,1.006,-0.016,4360,14.51,12.157,0,,,,,,,,,,,0.781,,
2026-10-01T11:49:46.086,123.216,0,792.75,37,,96.906,21.961,-1.0,0.0,1.001,1.006,-0.016,4370,14.51,12.157,0,,,,,,,,,,,,23.137,
2026-10-01T11:49:46.217,123.347,0,795.25,37,,96.906,22.353,-1.0,0.0,1.0,1.007,-0.012,4350,14.51,12.157,0,,,,,,,,,,,,,156
2026-10-01T11:49:46.347,123.477,0,799.0,37,,96.906,21.961,-1.5,0.0,1.0,1.01,-0.012,4370,14.51,12.157,0,102,,,,,,,,,,,,
2026-10-01T11:49:46.477,123.607,0,797.5,37,,96.906,22.353,-1.0,0.0,1.001,1.007,-0.012,4360,14.51,12.157,0,,73,,,,,,,,,,,
2026-10-01T11:49:46.606,123.736,0,796.0,37,,96.938,21.961,-0.5,0.0,1.0,1.007,-0.012,4360,14.51,12.157,0,,,6.25,,,,,,,,,,
2026-10-01T11:49:46.736,123.866,0,792.25,37,,96.906,21.961,-0.5,0.0,1.0,1.007,-0.012,4350,14.51,12.157,0,,,,12.812,,,,,,,,,
2026-10-01T11:49:46.866,123.996,0,792.5,37,,96.938,21.961,-0.5,0.0,1.0,1.005,-0.016,4350,14.51,12.549,0,,,,,97,,,,,,,,
2026-10-01T11:49:46.996,124.126,0,793.5,37,,96.906,22.353,-2.0,0.0,1.0,1.006,-0.016,4350,14.51,12.157,0,,,,,,31,,,,,,,
2026-10-01T11:49:47.126,124.256,0,797.0,37,,96.906,22.353,-1.5,0.0,1.0,1.005,-0.016,4330,14.51,12.157,0,,,,,,,100.0,,,,,,
2026-10-01T11:49:47.256,124.386,0,797.5,37,,96.906,22.353,0.0,0.0,1.0,1.006,-0.016,4370,14.51,12.157,0,,,,,,,,359.2,,,,,
2026-10-01T11:49:47.386,124.516,0,797.75,37,,96.906,22.353,1.0,0.0,1.0,1.005,-0.016,4380,14.51,12.157,0,,,,,,,,,0.705,,,,
2026-10-01T11:49:47.516,124.646,0,790.5,37,,96.906,21.961,-1.5,0.0,1.0,1.003,-0.016,4390,14.51,12.549,0,,,,,,,,,,,0.781,,
2026-10-01T11:49:47.647,124.777,0,798.75,37,,96.906,22.353,-2.0,0.0,1.0,1.003,-0.016,4360,14.51,12.549,0,,,,,,,,,,,,23.137,
2026-10-01T11:49:47.777,124.907,0,800.0,37,,96.906,21.961,-2.5,0.0,1.0,1.004,-0.016,4390,14.51,12.157,0,,,,,,,,,,,,,157
2026-10-01T11:49:47.907,125.037,0,801.0,37,,96.938,22.353,-2.5,0.0,1.0,1.004,-0.016,4390,14.51,12.549,0,102,,,,,,,,,,,,
2026-10-01T11:49:48.036,125.166,0,798.75,37,,96.906,21.961,-2.5,0.0,1.0,1.003,-0.016,4370,14.51,12.157,0,,73,,,,,,,,,,,
2026-10-01T11:49:48.166,125.296,0,797.0,37,,96.906,22.353,-1.5,0.0,1.001,1.005,-0.016,4370,14.51,12.157,0,,,5.469,,,,,,,,,,
2026-10-01T11:49:48.296,125.426,0,798.75,37,,96.906,22.353,-1.5,0.0,1.0,1.006,-0.016,4360,14.51,12.157,0,,,,12.695,,,,,,,,,
2026-10-01T11:49:48.426,125.556,0,794.0,37,,96.906,21.961,-2.5,0.0,1.0,1.003,-0.016,4390,14.51,12.157,0,,,,,97,,,,,,,,
2026-10-01T11:49:48.556,125.686,0,795.25,37,,96.906,22.353,-1.5,0.0,1.0,1.005,-0.016,4370,14.51,12.157,0,,,,,,31,,,,,,,
2026-10-01T11:49:48.686,125.816,0,793.25,37,,96.906,21.961,-1.0,0.781,1.001,1.005,-0.016,4380,14.51,12.157,0,,,,,,,100.0,,,,,,
2026-10-01T11:49:48.816,125.946,0,795.75,37,,96.906,22.353,-0.5,0.0,1.0,1.002,-0.02,4340,14.51,12.157,0,,,,,,,,359.5,,,,,
2026-10-01T11:49:48.947,126.077,0,796.75,37,,96.906,21.961,-1.0,0.0,1.0,1.002,-0.02,4370,14.51,12.157,0,,,,,,,,,0.705,,,,
2026-10-01T11:49:49.077,126.207,0,794.5,37,,96.906,22.353,-1.0,0.781,1.001,1.003,-0.016,4370,14.51,12.157,0,,,,,,,,,,,0.781,,
2026-10-01T11:49:49.206,126.336,0,795.0,37,,96.906,21.961,-1.5,0.781,1.0,1.001,-0.02,4380,14.51,12.157,0,,,,,,,,,,,,22.745,
2026-10-01T11:49:49.336,126.466,0,793.25,37,,96.906,21.961,-1.0,0.781,1.0,1.002,-0.02,4390,14.51,12.157,0,,,,,,,,,,,,,159
2026-10-01T11:49:49.466,126.596,0,791.0,37,,96.906,21.961,-1.0,0.781,1.0,1.002,-0.02,4380,14.51,12.157,0,102,,,,,,,,,,,,
2026-10-01T11:49:49.596,126.726,0,793.75,37,,96.906,22.353,-2.5,0.0,1.0,1.001,-0.02,4370,14.51,12.157,0,,73,,,,,,,,,,,
2026-10-01T11:49:49.727,126.857,0,798.0,37,,96.906,21.961,-2.0,0.781,1.0,1.003,-0.016,4360,14.51,12.157,0,,,6.25,,,,,,,,,,
2026-10-01T11:49:49.856,126.986,0,795.75,37,,96.906,21.961,-1.5,0.781,1.0,1.0,-0.02,4350,14.51,12.157,0,,,,12.812,,,,,,,,,
2026-10-01T11:49:49.986,127.116,0,797.75,37,,96.906,21.961,-1.0,0.781,1.0,0.999,-0.02,4340,14.51,12.157,0,,,,,97,,,,,,,,
2026-10-01T11:49:50.116,127.247,0,797.0,37,,96.906,21.961,-1.0,0.781,1.0,1.003,-0.016,4320,14.51,12.157,0,,,,,,31,,,,,,,
2026-10-01T11:49:50.247,127.377,0,793.0,37,,96.906,21.961,-1.5,0.781,1.0,1.004,-0.016,4310,14.51,12.549,0,,,,,,,100.0,,,,,,
2026-10-01T11:49:50.377,127.507,0,794.75,37,,96.906,22.353,-2.0,0.781,1.0,1.006,-0.016,4380,14.51,12.549,0,,,,,,,,359.7,,,,,
2026-10-01T11:49:50.506,127.636,0,799.75,38,,96.906,22.745,-2.0,0.781,1.001,1.007,-0.012,4440,14.51,12.549,0,,,,,,,,,0.705,,,,
2026-10-01T11:49:50.636,127.766,0,803.5,37,,96.906,22.745,-2.5,0.781,1.0,1.008,-0.012,4520,14.51,12.549,0,,,,,,,,,,,0.781,,
2026-10-01T11:49:50.766,127.896,0,799.5,37,,96.906,22.353,-3.5,0.781,1.0,1.005,-0.016,4550,14.51,12.549,0,,,,,,,,,,,,23.529,
2026-10-01T11:49:50.896,128.026,0,798.25,37,,96.906,22.353,-3.5,0.781,1.0,1.002,-0.02,4560,14.51,12.549,0,,,,,,,,,,,,,160
2026-10-01T11:49:51.026,128.156,0,802.75,37,,96.906,22.353,-3.5,0.781,1.0,0.999,-0.023,4580,14.51,12.549,0,102,,,,,,,,,,,,
2026-10-01T11:49:51.156,128.286,0,798.25,37,,96.906,22.353,-2.5,0.781,1.0,0.996,-0.031,4540,14.51,12.549,0,,73,,,,,,,,,,,
2026-10-01T11:49:51.286,128.416,0,797.75,37,,96.906,21.961,-2.0,0.781,1.0,0.997,-0.027,4530,14.51,12.157,0,,,5.469,,,,,,,,,,
2026-10-01T11:49:51.416,128.546,0,794.0,37,,96.906,22.353,-2.0,0.781,1.0,0.997,-0.027,4480,14.51,12.157,0,,,,12.773,,,,,,,,,
2026-10-01T11:49:51.546,128.677,0,799.25,37,,96.906,22.353,-2.0,0.781,1.0,0.997,-0.027,4460,14.51,12.157,0,,,,,97,,,,,,,,
2026-10-01T11:49:51.676,128.806,0,794.0,37,,96.906,22.353,-2.5,0.781,1.0,0.998,-0.023,4410,14.51,12.157,0,,,,,,31,,,,,,,
2026-10-01T11:49:51.807,128.937,0,793.25,37,,96.906,21.961,-0.5,0.781,1.0,0.998,-0.023,4390,14.51,12.157,0,,,,,,,100.0,,,,,,
2026-10-01T11:49:51.936,129.066,0,791.75,37,,96.906,21.961,0.5,0.781,1.0,0.999,-0.023,4400,14.51,12.157,0,,,,,,,,360.0,,,,,
2026-10-01T11:49:52.066,129.196,0,796.5,37,,96.906,21.961,-1.0,0.781,1.0,1.0,-0.02,4380,14.51,12.157,0,,,,,,,,,0.705,,,,
2026-10-01T11:49:52.196,129.326,0,790.75,37,,96.906,21.961,-1.5,0.781,1.0,1.002,-0.02,4380,14.51,12.157,0,,,,,,,,,,,0.781,,
2026-10-01T11:49:52.326,129.456,0,793.25,37,,96.906,22.353,-1.0,0.781,1.0,1.002,-0.02,4360,14.51,12.157,0,,,,,,,,,,,,22.745,
2026-10-01T11:49:52.456,129.586,0,797.75,37,,96.906,21.961,-0.5,0.781,1.0,1.002,-0.02,4370,14.51,12.157,0,,,,,,,,,,,,,162
2026-10-01T11:49:52.586,129.717,0,795.75,37,,96.906,22.353,-1.0,0.781,1.0,1.001,-0.02,4350,14.51,12.157,0,102,,,,,,,,,,,,
2026-10-01T11:49:52.716,129.846,0,790.5,37,,96.906,21.961,-1.0,0.781,1.0,1.0,-0.02,4350,14.51,12.157,0,,73,,,,,,,,,,,
2026-10-01T11:49:52.847,129.977,0,797.0,37,,96.906,21.961,-0.5,0.781,1.0,1.002,-0.02,4340,14.51,12.157,0,,,5.469,,,,,,,,,,
2026-10-01T11:49:52.976,130.106,0,797.0,37,,96.906,21.961,-1.5,0.781,1.001,1.002,-0.02,4360,14.51,12.157,0,,,,12.734,,,,,,,,,
2026-10-01T11:49:53.106,130.236,0,793.0,37,,96.906,22.353,-1.5,0.781,1.0,1.005,-0.016,4350,14.51,12.157,0,,,,,97,,,,,,,,
2026-10-01T11:49:53.236,130.366,0,794.0,37,,96.906,21.961,-1.0,0.781,1.0,1.003,-0.016,4330,14.51,12.157,0,,,,,,31,,,,,,,
2026-10-01T11:49:53.366,130.496,0,796.5,37,,96.906,22.353,-1.5,0.781,1.0,1.004,-0.016,4310,14.51,12.157,0,,,,,,,100.0,,,,,,
2026-10-01T11:49:53.496,130.626,0,793.0,37,,96.906,21.961,-1.5,0.781,1.001,1.004,-0.016,4340,14.51,12.157,0,,,,,,,,360.2,,,,,
2026-10-01T11:49:53.626,130.756,0,798.75,37,,96.906,21.961,-2.0,1.562,1.0,1.005,-0.016,4350,14.51,12.157,0,,,,,,,,,0.705,,,,
2026-10-01T11:49:53.756,130.886,0,797.75,37,,96.906,22.353,-2.0,1.562,1.0,1.003,-0.016,4350,14.51,12.549,0,,,,,,,,,,,0.781,,
2026-10-01T11:49:53.887,131.017,0,797.25,37,,96.906,21.961,-2.5,0.781,1.001,1.002,-0.02,4370,14.51,12.157,0,,,,,,,,,,,,23.137,
2026-10-01T11:49:54.016,131.146,0,797.5,37,,96.906,22.353,-2.0,1.562,1.0,1.001,-0.02,4360,14.51,12.549,0,,,,,,,,,,,,,163
2026-10-01T11:49:54.146,131.276,0,799.5,37,,96.906,21.961,-1.5,0.781,1.0,1.001,-0.02,4390,14.51,12.157,0,102,,,,,,,,,,,,
2026-10-01T11:49:54.277,131.407,0,795.75,37,,96.906,22.353,-2.5,0.781,1.001,1.003,-0.016,4390,14.51,12.549,0,,73,,,,,,,,,,,
2026-10-01T11:49:54.407,131.537,0,797.5,37,,96.906,21.961,-2.5,1.562,1.0,1.002,-0.02,4370,14.51,12.157,0,,,5.469,,,,,,,,,,
2026-10-01T11:49:54.536,131.666,0,792.5,37,,96.906,21.961,-2.0,0.781,1.0,1.0,-0.02,4360,14.51,12.157,0,,,,12.812,,,,,,,,,
2026-10-01T11:49:54.666,131.796,0,794.25,37,,96.906,21.961,-1.0,1.562,1.0,1.004,-0.016,4340,14.51,12.549,0,,,,,97,,,,,,,,
2026-10-01T11:49:54.796,131.926,0,788.5,37,,96.906,22.353,-1.0,1.562,1.0,1.0,-0.02,4330,14.51,12.157,0,,,,,,31,,,,,,,
2026-10-01T11:49:54.926,132.056,0,796.0,37,,96.906,22.353,-1.0,1.562,1.0,1.0,-0.02,4330,14.51,12.549,0,,,,,,,100.0,,,,,,
2026-10-01T11:49:55.056,132.186,0,796.5,37,,96.906,22.353,0.0,1.562,1.0,1.003,-0.016,4370,14.51,12.157,0,,,,,,,,360.5,,,,,
2026-10-01T11:49:55.187,132.317,0,798.5,37,,96.906,22.353,-1.5,1.562,1.0,1.006,-0.016,4390,14.51,12.157,0,,,,,,,,,0.705,,,,
2026-10-01T11:49:55.316,132.446,0,795.75,37,,96.906,22.353,-2.0,1.562,1.0,1.006,-0.016,4400,14.51,12.157,0,,,,,,,,,,,0.781,,
2026-10-01T11:49:55.447,132.577,0,799.25,37,,96.906,22.353,-1.0,1.562,1.0,1.002,-0.02,4380,14.51,12.157,0,,,,,,,,,,,,23.137,
2026-10-01T11:49:55.577,132.707,0,796.25,37,,96.906,21.961,-1.5,1.562,1.0,0.999,-0.023,4390,14.51,12.157,0,,,,,,,,,,,,,165
2026-10-01T11:49:55.706,132.836,0,796.0,37,,96.906,22.353,-2.0,1.562,1.0,0.998,-0.023,4390,14.51,12.157,0,102,,,,,,,,,,,,
2026-10-01T11:49:55.837,132.967,0,796.5,36,,96.906,21.961,-2.5,1.562,1.0,0.998,-0.023,4380,14.51,12.157,0,,73,,,,,,,,,,,
2026-10-01T11:49:55.966,133.096,0,800.75,37,,96.906,21.961,-1.0,1.562,1.0,0.998,-0.023,4380,14.51,12.157,0,,,5.469,,,,,,,,,,
2026-10-01T11:49:56.096,133.226,0,795.75,37,,96.906,21.961,-2.0,1.562,1.001,0.999,-0.023,4380,14.51,12.157,0,,,,12.714,,,,,,,,,
2026-10-01T11:49:56.226,133.356,0,799.5,37,,96.906,21.961,-1.0,1.562,1.0,0.997,-0.027,4380,14.51,12.157,0,,,,,97,,,,,,,,
2026-10-01T11:49:56.356,133.486,0,792.5,37,,96.906,22.353,-0.5,0.781,1.0,0.997,-0.027,4360,14.51,12.549,0,,,,,,30,,,,,,,
2026-10-01T11:49:56.486,133.617,0,792.0,37,,96.906,21.961,-1.5,0.781,1.001,0.997,-0.027,4390,14.51,12.549,0,,,,,,,100.0,,,,,,
2026-10-01T11:49:56.616,133.746,0,793.0,37,,96.906,22.353,-2.0,0.781,1.0,0.997,-0.027,4360,14.51,12.549,0,,,,,,,,360.8,,,,,
2026-10-01T11:49:56.747,133.877,0,801.5,37,,96.906,21.961,-2.5,1.562,1.0,0.999,-0.023,4380,14.51,12.549,0,,,,,,,,,0.705,,,,
2026-10-01T11:49:56.876,134.006,0,802.75,37,,96.906,22.353,-1.5,1.562,1.0,0.999,-0.023,4390,14.51,12.549,0,,,,,,,,,,,0.781,,
2026-10-01T11:49:57.006,134.136,0,794.25,37,,96.906,21.961,-0.5,1.562,1.001,1.001,-0.02,4420,14.51,12.549,0,,,,,,,,,,,,22.745,
2026-10-01T11:49:57.137,134.267,0,795.0,37,,96.906,21.961,-2.5,1.562,1.0,0.999,-0.023,4440,14.51,12.549,0,,,,,,,,,,,,,166
2026-10-01T11:49:57.266,134.396,0,802.0,37,,96.906,21.961,-3.0,1.562,1.0,1.0,-0.02,4440,14.51,12.549,0,102,,,,,,,,,,,,
2026-10-01T11:49:57.396,134.526,0,801.75,37,,96.906,21.961,-3.0,1.562,1.0,1.0,-0.02,4480,14.51,12.549,0,,73,,,,,,,,,,,
2026-10-01T11:49:57.526,134.656,0,799.75,37,,96.906,22.353,-2.5,1.562,1.0,0.999,-0.023,4490,14.51,12.549,0,,,5.469,,,,,,,,,,
2026-10-01T11:49:57.656,134.786,0,797.25,37,,96.906,22.353,-2.5,1.562,1.0,0.998,-0.023,4490,14.51,12.549,0,,,,12.812,,,,,,,,,
2026-10-01T11:49:57.786,134.916,0,798.25,37,,96.906,22.353,-2.5,1.562,1.0,0.998,-0.027,4490,14.51,12.549,0,,,,,97,,,,,,,,
2026-10-01T11:49:57.916,135.046,0,799.25,37,,96.906,22.353,-2.5,1.562,1.0,0.999,-0.023,4490,14.51,12.549,0,,,,,,30,,,,,,,
2026-10-01T11:49:58.046,135.176,0,801.5,37,,96.906,21.961,-2.5,1.562,1.0,0.997,-0.027,4490,14.51,12.157,0,,,,,,,100.0,,,,,,
2026-10-01T11:49:58.176,135.306,0,797.0,37,,96.906,21.961,-3.5,0.781,1.0,0.998,-0.027,4490,14.51,12.157,0,,,,,,,,361.0,,,,,
2026-10-01T11:49:58.306,135.436,0,799.75,37,,96.906,21.961,-2.0,0.781,1.0,0.997,-0.027,4450,14.51,12.157,0,,,,,,,,,0.705,,,,
2026-10-01T11:49:58.437,135.567,0,799.5,37,,96.906,21.961,-2.0,0.781,1.0,0.993,-0.039,4410,14.51,12.157,0,,,,,,,,,,,0.781,,
2026-10-01T11:49:58.566,135.696,0,795.0,37,,96.906,21.569,-1.0,0.781,1.0,0.993,-0.039,4360,14.51,12.157,0,,,,,,,,,,,,22.353,
2026-10-01T11:49:58.696,135.826,0,794.75,37,,96.906,21.961,-2.0,0.781,1.0,0.99,-0.047,4340,14.51,12.157,0,,,,,,,,,,,,,168
2026-10-01T11:49:58.827,135.957,0,797.25,37,,96.906,21.961,-2.5,0.781,1.001,0.991,-0.043,4330,14.51,12.157,0,102,,,,,,,,,,,,
2026-10-01T11:49:58.956,136.086,0,798.0,36,,96.906,21.961,-1.5,0.781,1.0,0.991,-0.043,4300,14.51,12.157,0,,73,,,,,,,,,,,
2026-10-01T11:49:59.086,136.216,0,797.25,37,,96.906,21.961,-2.0,0.781,1.001,0.994,-0.035,4320,14.51,12.157,0,,,5.469,,,,,,,,,,
2026-10-01T11:49:59.216,136.346,0,796.0,36,,96.906,21.961,-2.0,0.781,1.0,0.995,-0.035,4300,14.51,12.157,0,,,,12.675,,,,,,,,,
2026-10-01T11:49:59.346,136.476,0,800.25,37,,96.906,22.353,-1.0,0.781,1.0,0.996,-0.031,4300,14.51,12.549,0,,,,,97,,,,,,,,
2026-10-01T11:49:59.476,136.606,0,788.5,37,,96.906,22.353,-0.5,0.781,1.0,0.998,-0.027,4320,14.51,12.549,0,,,,,,30,,,,,,,
2026-10-01T11:49:59.606,136.736,0,791.0,37,,96.906,22.353,-1.5,0.781,1.0,0.998,-0.023,4300,14.51,12.549,0,,,,,,,100.0,,,,,,
2026-10-01T11:49:59.736,136.866,0,799.5,37,,96.906,21.961,-2.5,0.781,1.0,0.999,-0.023,4350,14.51,12.549,0,,,,,,,,361.3,,,,,
2026-10-01T11:49:59.866,136.996,0,799.25,37,,96.906,22.353,-1.5,0.781,1.0,0.999,-0.02,4370,14.51,12.549,0,,,,,,,,,0.705,,,,
2026-10-01T11:49:59.996,137.126,0,792.25,37,,96.906,22.353,-2.5,0.781,1.0,0.999,-0.023,4420,14.51,12.157,0,,,,,,,,,,,0.781,,
2026-10-01T11:50:00.127,137.257,0,797.25,37,,96.906,22.353,-2.5,0.781,1.0,0.999,-0.023,4440,14.51,12.549,0,,,,,,,,,,,,23.137,
2026-10-01T11:50:00.257,137.387,0,795.0,37,,96.906,22.353,-2.5,0.781,1.0,0.999,-0.023,4460,14.51,12.549,0,,,,,,,,,,,,,170
2026-10-01T11:50:00.387,137.517,0,793.75,37,,96.906,22.353,-2.5,0.781,1.0,0.999,-0.023,4480,14.51,12.549,0,102,,,,,,,,,,,,
2026-10-01T11:50:00.516,137.646,0,798.5,37,,96.906,22.353,-3.0,0.781,1.0,0.997,-0.027,4480,14.51,12.157,0,,73,,,,,,,,,,,
2026-10-01T11:50:00.646,137.776,0,796.75,37,,96.906,22.353,-2.0,0.781,1.0,0.996,-0.027,4460,14.51,12.549,0,,,5.469,,,,,,,,,,
2026-10-01T11:50:00.776,137.906,0,798.0,37,,96.906,22.353,-2.0,0.781,1.0,0.996,-0.031,4430,14.51,12.157,0,,,,12.832,,,,,,,,,
2026-10-01T11:50:00.906,138.036,0,797.25,37,,96.906,22.353,-1.5,0.781,1.0,0.995,-0.031,4430,14.51,12.549,0,,,,,97,,,,,,,,
2026-10-01T11:50:01.036,138.166,0,792.25,37,,96.906,22.353,-0.5,0.781,1.0,0.997,-0.027,4410,14.51,12.549,0,,,,,,30,,,,,,,
2026-10-01T11:50:01.166,138.296,0,795.75,37,,96.906,21.961,-1.5,0.781,1.0,0.995,-0.031,4430,14.51,12.549,0,,,,,,,100.0,,,,,,
2026-10-01T11:50:01.297,138.427,0,796.5,37,,96.906,22.353,-1.5,0.781,1.0,0.997,-0.027,4440,14.51,12.549,0,,,,,,,,361.5,,,,,
2026-10-01T11:50:01.426,138.556,0,797.5,37,,96.938,22.353,-2.5,0.781,1.0,0.997,-0.027,4490,14.51,12.549,0,,,,,,,,,0.7,,,,
2026-10-01T11:50:01.556,138.686,0,798.25,37,,96.906,21.961,-2.5,0.781,1.0,0.997,-0.027,4490,14.51,12.157,0,,,,,,,,,,,0.781,,
2026-10-01T11:50:01.687,138.817,0,797.25,37,,96.906,22.353,-2.5,0.781,1.0,0.997,-0.027,4480,14.51,12.157,0,,,,,,,,,,,,22.745,
2026-10-01T11:50:01.816,138.946,0,796.75,37,,96.906,21.961,-2.5,0.781,1.0,0.996,-0.027,4480,14.51,12.157,0,,,,,,,,,,,,,171
2026-10-01T11:50:01.946,139.076,0,792.0,37,,96.906,22.353,-1.0,0.781,1.0,0.996,-0.031,4460,14.51,12.549,0,102,,,,,,,,,,,,
2026-10-01T11:50:02.076,139.206,0,799.75,37,,96.938,21.961,-1.5,0.781,1.0,0.995,-0.035,4440,14.51,12.549,0,,73,,,,,,,,,,,
2026-10-01T11:50:02.206,139.336,0,797.0,37,,96.906,22.353,-2.0,0.781,1.0,0.996,-0.031,4440,14.51,12.549,0,,,5.469,,,,,,,,,,
2026-10-01T11:50:02.336,139.466,0,800.25,37,,96.906,22.353,-2.0,0.781,1.0,0.998,-0.027,4450,14.51,12.549,0,,,,12.753,,,,,,,,,
2026-10-01T11:50:02.466,139.596,0,800.5,37,,96.906,22.353,-1.5,0.781,1.0,0.997,-0.027,4450,14.51,12.157,0,,,,,97,,,,,,,,
2026-10-01T11:50:02.596,139.726,0,796.0,37,,96.906,22.353,-2.5,0.781,1.0,0.998,-0.027,4460,14.51,12.549,0,,,,,,30,,,,,,,
2026-10-01T11:50:02.726,139.856,0,798.0,37,,96.906,21.961,-2.5,0.781,1.0,0.996,-0.027,4460,14.51,12.157,0,,,,,,,100.0,,,,,,
2026-10-01T11:50:02.856,139.986,0,794.75,37,,96.906,22.353,-2.0,0.781,1.0,0.996,-0.027,4430,14.51,12.549,0,,,,,,,,361.8,,,,,
2026-10-01T11:50:02.986,140.116,0,797.0,37,,96.906,21.961,-1.5,0.0,1.0,0.995,-0.031,4400,14.51,12.549,0,,,,,,,,,0.7,,,,
2026-10-01T11:50:03.117,140.247,0,798.25,37,,96.906,22.353,-2.5,0.781,1.0,0.997,-0.027,4390,14.51,12.549,0,,,,,,,,,,,0.781,,
2026-10-01T11:50:03.247,140.377,0,801.0,37,,96.906,21.961,-2.5,0.781,1.0,0.997,-0.027,4410,14.51,12.549,0,,,,,,,,,,,,23.137,
2026-10-01T11:50:03.376,140.506,0,798.0,37,,96.906,22.353,-1.5,0.781,1.0,0.998,-0.023,4420,14.51,12.549,0,,,,,,,,,,,,,173
2026-10-01T11:50:03.506,140.636,0,797.25,37,,96.906,22.353,-2.5,0.781,1.0,0.998,-0.023,4410,14.51,12.549,0,102,,,,,,,,,,,,
2026-10-01T11:50:03.636,140.766,0,800.0,37,,96.906,22.353,-2.5,0.781,1.0,0.998,-0.027,4430,14.51,12.549,0,,73,,,,,,,,,,,
2026-10-01T11:50:03.766,140.896,0,799.25,37,,96.906,22.353,-1.5,0.781,1.0,0.998,-0.027,4450,14.51,12.549,0,,,5.469,,,,,,,,,,
2026-10-01T11:50:03.896,141.026,0,793.25,37,,96.906,22.353,-1.0,0.0,1.0,0.996,-0.027,4450,14.51,12.549,0,,,,12.812,,,,,,,,,
2026-10-01T11:50:04.026,141.156,0,797.0,37,,96.906,22.353,-1.0,0.0,1.0,0.997,-0.027,4460,14.51,12.157,0,,,,,97,,,,,,,,
2026-10-01T11:50:04.156,141.286,0,795.5,37,,96.906,22.353,-2.0,0.0,1.0,0.997,-0.027,4430,14.51,12.549,0,,,,,,30,,,,,,,
2026-10-01T11:50:04.286,141.416,0,804.0,37,,96.906,22.353,-3.0,0.781,1.0,0.999,-0.023,4420,14.51,12.549,0,,,,,,,100.0,,,,,,
2026-10-01T11:50:04.416,141.546,0,803.5,37,,96.906,21.961,-2.5,0.0,1.0,0.997,-0.027,4440,14.51,12.549,0,,,,,,,,362.1,,,,,
2026-10-01T11:50:04.546,141.676,0,798.5,37,,96.906,22.353,-2.5,0.0,1.0,0.996,-0.027,4430,14.51,12.549,0,,,,,,,,,0.7,,,,
2026-10-01T11:50:04.676,141.806,0,798.5,37,,96.906,22.353,-2.5,0.0,1.0,0.995,-0.035,4450,14.51,12.549,0,,,,,,,,,,,0.781,,
2026-10-01T11:50:04.807,141.937,0,800.0,37,,96.906,22.353,-2.5,0.0,1.0,0.996,-0.031,4450,14.51,12.549,0,,,,,,,,,,,,23.137,
2026-10-01T11:50:04.936,142.066,0,800.25,37,,96.906,22.353,-1.5,0.0,1.0,0.996,-0.031,4450,14.51,12.157,0,,,,,,,,,,,,,174
2026-10-01T11:50:05.076,142.206,0,798.25,37,,96.906,22.353,-1.5,0.0,1.0,0.995,-0.031,4440,14.51,12.549,0,102,,,,,,,,,,,,
2026-10-01T11:50:05.206,142.336,0,794.0,37,,96.938,22.353,-2.5,0.0,1.0,0.994,-0.035,4450,14.51,12.549,0,,73,,,,,,,,,,,
2026-10-01T11:50:05.336,142.466,0,800.5,37,,96.906,22.353,-2.5,0.0,1.0,0.995,-0.035,4430,14.51,12.549,0,,,5.469,,,,,,,,,,
2026-10-01T11:50:05.466,142.597,0,795.5,37,,96.906,22.353,-1.0,0.0,1.0,0.996,-0.031,4400,14.51,12.549,0,,,,12.773,,,,,,,,,
2026-10-01T11:50:05.597,142.727,0,792.25,37,,96.906,21.961,-2.0,0.0,1.0,0.995,-0.031,4430,14.51,12.549,0,,,,,97,,,,,,,,
2026-10-01T11:50:05.726,142.856,0,800.0,37,,96.906,22.353,-2.5,0.0,1.0,0.995,-0.031,4430,14.51,12.157,0,,,,,,30,,,,,,,
2026-10-01T11:50:05.856,142.986,0,800.5,37,,96.906,21.961,-2.0,0.0,1.0,0.996,-0.027,4440,14.51,12.549,0,,,,,,,100.0,,,,,,
2026-10-01T11:50:05.986,143.116,0,801.5,37,,96.906,22.353,-2.5,0.0,1.0,0.997,-0.027,4410,14.51,12.157,0,,,,,,,,362.4,,,,,
2026-10-01T11:50:06.116,143.246,0,801.75,37,,96.906,22.353,-2.0,0.0,1.0,0.996,-0.031,4400,14.51,12.157,0,,,,,,,,,0.7,,,,
2026-10-01T11:50:06.246,143.376,0,793.25,37,,96.938,21.961,-2.0,0.0,1.0,0.994,-0.035,4430,14.51,12.549,0,,,,,,,,,,,0.781,,
2026-10-01T11:50:06.376,143.506,0,795.5,37,,96.906,22.353,-2.0,0.0,1.0,0.995,-0.031,4450,14.51,12.157,0,,,,,,,,,,,,22.745,
2026-10-01T11:50:06.506,143.636,0,801.5,37,,96.906,21.961,-2.5,0.0,1.0,0.996,-0.031,4460,14.51,12.157,0,,,,,,,,,,,,,176
2026-10-01T11:50:06.636,143.766,0,800.0,37,,96.906,22.353,-2.5,0.0,1.0,0.995,-0.031,4460,14.51,12.549,0,102,,,,,,,,,,,,
2026-10-01T11:50:06.766,143.896,0,798.5,37,,96.938,21.961,-2.0,0.0,1.0,0.997,-0.027,4440,14.51,12.157,0,,73,,,,,,,,,,,
2026-10-01T11:50:06.896,144.026,0,798.0,37,,96.938,22.353,-0.5,0.0,1.0,0.997,-0.027,4400,14.51,12.549,0,,,5.469,,,,,,,,,,
2026-10-01T11:50:07.027,144.157,0,795.75,37,,96.906,22.353,-1.0,0.0,1.0,0.994,-0.035,4430,14.51,12.549,0,,,,12.753,,,,,,,,,
2026-10-01T11:50:07.156,144.286,0,793.0,37,,96.906,21.961,-0.5,0.0,1.0,0.995,-0.031,4430,14.51,12.157,0,,,,,97,,,,,,,,
2026-10-01T11:50:07.286,144.416,0,794.5,37,,96.906,22.353,-1.5,0.0,1.0,0.996,-0.031,4440,14.51,12.157,0,,,,,,30,,,,,,,
2026-10-01T11:50:07.416,144.546,0,796.5,37,,96.906,21.961,-2.5,0.0,1.0,0.993,-0.035,4450,14.51,12.549,0,,,,,,,100.0,,,,,,
2026-10-01T11:50:07.546,144.676,0,801.25,37,,96.906,22.353,-2.5,0.0,1.0,0.995,-0.031,4440,14.51,12.549,0,,,,,,,,362.7,,,,,
2026-10-01T11:50:07.676,144.806,0,800.5,37,,96.938,21.961,-2.5,0.0,1.0,0.996,-0.031,4450,14.51,12.549,0,,,,,,,,,0.705,,,,
2026-10-01T11:50:07.806,144.936,0,794.25,37,,96.938,21.961,-2.0,0.0,1.0,0.995,-0.031,4420,14.51,12.157,0,,,,,,,,,,,0.781,,
2026-10-01T11:50:07.936,145.066,0,799.25,37,,96.906,21.961,-1.5,0.0,1.0,0.994,-0.035,4370,14.51,12.549,0,,,,,,,,,,,,23.137,
2026-10-01T11:50:08.066,145.196,0,798.0,37,,96.906,22.353,-1.0,0.0,1.0,0.993,-0.039,4360,14.51,12.157,0,,,,,,,,,,,,,177
2026-10-01T11:50:08.196,145.326,0,799.0,37,,96.906,22.353,-1.0,0.0,1.0,0.995,-0.035,4390,14.51,12.157,0,102,,,,,,,,,,,,
2026-10-01T11:50:08.326,145.456,0,797.0,37,,96.906,22.353,-1.5,0.0,1.0,0.996,-0.027,4380,14.51,12.157,0,,73,,,,,,,,,,,
2026-10-01T11:50:08.457,145.587,0,792.5,37,,96.906,22.353,-2.0,0.0,1.0,0.997,-0.027,4390,14.51,12.157,0,,,5.469,,,,,,,,,,
2026-10-01T11:50:08.586,145.716,0,792.5,37,,96.906,22.353,-1.5,0.0,1.0,0.996,-0.027,4410,14.51,12.157,0,,,,12.675,,,,,,,,,
2026-10-01T11:50:08.716,145.846,0,796.5,37,,96.906,22.353,-1.0,0.0,1.0,0.997,-0.027,4380,14.51,12.157,0,,,,,97,,,,,,,,
2026-10-01T11:50:08.846,145.976,0,798.5,37,,96.906,22.353,-1.0,0.0,1.0,0.997,-0.027,4370,14.51,12.549,0,,,,,,30,,,,,,,
2026-10-01T11:50:08.976,146.106,0,795.75,37,,96.906,22.745,-3.0,0.0,1.0,0.997,-0.027,4390,14.51,12.157,0,,,,,,,100.0,,,,,,
2026-10-01T11:50:09.106,146.236,0,800.25,37,,96.906,22.353,-2.5,0.0,1.0,0.998,-0.027,4500,14.51,12.157,0,,,,,,,,363.0,,,,,
2026-10-01T11:50:09.236,146.366,0,801.5,37,,96.906,22.353,-0.5,0.0,1.0,0.999,-0.023,4500,14.51,12.157,0,,,,,,,,,0.705,,,,
2026-10-01T11:50:09.366,146.496,0,794.25,37,,96.906,21.961,-1.5,0.0,1.0,0.998,-0.027,4490,14.51,12.157,0,,,,,,,,,,,0.781,,
2026-10-01T11:50:09.496,146.626,0,792.5,37,,96.906,22.353,-1.0,0.0,1.0,0.997,-0.027,4490,14.51,12.157,0,,,,,,,,,,,,22.745,
2026-10-01T11:50:09.626,146.756,0,792.5,37,,96.906,21.961,-2.0,0.0,1.0,0.997,-0.027,4460,14.51,12.549,0,,,,,,,,,,,,,179
2026-10-01T11:50:09.756,146.886,0,795.75,37,,96.906,22.353,-3.0,0.0,1.0,0.997,-0.027,4520,14.51,12.549,0,102,,,,,,,,,,,,
2026-10-01T11:50:09.887,147.017,0,794.75,38,,96.906,22.353,-2.0,0.0,1.0,0.998,-0.023,4610,14.51,12.549,0,,73,,,,,,,,,,,
2026-10-01T11:50:10.016,147.146,0,796.75,37,,96.906,22.353,-2.5,0.0,1.0,0.998,-0.023,4610,14.51,12.157,0,,,6.25,,,,,,,,,,
2026-10-01T11:50:10.146,147.276,0,800.0,37,,96.906,22.353,-1.0,0.0,1.0,0.996,-0.027,4610,14.51,12.549,0,,,,12.812,,,,,,,,,
2026-10-01T11:50:10.276,147.406,0,797.0,37,,96.906,21.961,-1.0,0.0,1.0,0.996,-0.031,4540,14.51,12.157,0,,,,,97,,,,,,,,
2026-10-01T11:50:10.406,147.536,0,801.25,37,,96.906,22.353,-2.0,0.0,1.0,0.994,-0.035,4520,14.51,12.549,0,,,,,,30,,,,,,,
2026-10-01T11:50:10.536,147.666,0,796.75,37,,96.906,22.353,-2.5,0.0,1.0,0.995,-0.031,4500,14.51,12.549,0,,,,,,,100.0,,,,,,
2026-10-01T11:50:10.666,147.796,0,803.25,37,,96.906,22.353,-2.0,0.0,1.0,0.994,-0.035,4470,14.51,12.157,0,,,,,,,,363.2,,,,,
2026-10-01T11:50:10.796,147.926,0,800.0,37,,96.906,22.353,-2.5,0.0,1.0,0.994,-0.035,4500,14.51,12.549,0,,,,,,,,,0.705,,,,
2026-10-01T11:50:10.926,148.056,0,793.25,37,,96.906,21.961,-2.0,0.0,1.0,0.995,-0.031,4510,14.51,12.549,0,,,,,,,,,,,0.781,,
2026-10-01T11:50:11.056,148.186,0,798.0,37,,96.906,22.353,-1.0,0.0,1.0,0.996,-0.031,4500,14.51,12.157,0,,,,,,,,,,,,23.137,
2026-10-01T11:50:11.186,148.316,0,801.75,37,,96.938,22.353,-2.0,0.0,1.0,0.995,-0.035,4490,14.51,12.549,0,,,,,,,,,,,,,181
2026-10-01T11:50:11.317,148.447,0,797.0,37,,96.906,22.353,-2.5,0.0,1.0,0.996,-0.031,4480,14.51,12.549,0,102,,,,,,,,,,,,
2026-10-01T11:50:11.446,148.576,0,794.5,37,,96.906,21.961,-2.5,0.0,1.0,0.995,-0.031,4450,14.51,12.157,0,,73,,,,,,,,,,,
2026-10-01T11:50:11.576,148.706,0,800.25,37,,96.906,22.353,-1.5,0.0,1.0,0.995,-0.031,4430,14.51,12.549,0,,,5.469,,,,,,,,,,
2026-10-01T11:50:11.706,148.836,0,801.5,37,,96.906,22.353,-2.0,0.0,1.0,0.995,-0.031,4450,14.51,12.157,0,,,,12.656,,,,,,,,,
2026-10-01T11:50:11.836,148.966,0,800.0,37,,96.906,22.353,-3.5,0.0,1.0,0.993,-0.039,4460,14.51,12.157,0,,,,,97,,,,,,,,
2026-10-01T11:50:11.966,149.096,0,798.25,37,,96.906,22.353,-2.5,0.0,1.0,0.994,-0.035,4480,14.51,12.549,0,,,,,,30,,,,,,,
2026-10-01T11:50:12.096,149.226,0,795.75,37,,96.906,22.353,-2.5,0.0,1.0,0.994,-0.035,4480,14.51,12.549,0,,,,,,,100.0,,,,,,
2026-10-01T11:50:12.226,149.356,0,796.0,37,,96.906,21.961,-2.5,0.0,1.0,0.994,-0.035,4450,14.51,12.157,0,,,,,,,,363.5,,,,,
2026-10-01T11:50:12.356,149.486,0,796.25,37,,96.906,21.961,-1.5,0.0,1.0,0.994,-0.035,4430,14.51,12.549,0,,,,,,,,,0.715,,,,
2026-10-01T11:50:12.486,149.616,0,799.75,37,,96.906,21.961,-1.0,0.0,1.0,0.994,-0.035,4390,14.51,12.549,0,,,,,,,,,,,0.781,,
2026-10-01T11:50:12.616,149.746,0,799.0,37,,96.906,21.961,-1.0,0.0,1.0,0.995,-0.035,4370,14.51,12.549,0,,,,,,,,,,,,23.137,
2026-10-01T11:50:12.747,149.877,0,793.25,37,,96.906,22.353,-2.0,0.0,1.0,0.995,-0.031,4370,14.51,12.549,0,,,,,,,,,,,,,182
2026-10-01T11:50:12.876,150.006,0,795.0,37,,96.906,22.353,-1.0,0.0,1.0,0.998,-0.027,4410,14.51,12.549,0,102,,,,,,,,,,,,
2026-10-01T11:50:13.006,150.136,0,790.5,37,,96.906,22.353,-1.5,0.0,1.0,0.998,-0.023,4400,14.51,12.157,0,,73,,,,,,,,,,,
2026-10-01T11:50:13.136,150.266,0,798.0,38,,96.906,22.353,-1.5,0.0,1.0,0.999,-0.023,4440,14.51,12.157,0,,,6.25,,,,,,,,,,
2026-10-01T11:50:13.266,150.396,0,796.5,37,,96.906,22.353,-0.5,0.0,1.0,0.999,-0.023,4420,14.51,12.157,0,,,,12.812,,,,,,,,,
2026-10-01T11:50:13.396,150.526,0,792.0,37,,96.906,21.961,-1.0,0.0,1.0,1.0,-0.02,4380,14.51,12.157,0,,,,,97,,,,,,,,
2026-10-01T11:50:13.526,150.656,0,795.5,37,,96.906,21.961,-0.5,0.0,1.0,1.005,-0.016,4350,14.51,12.157,0,,,,,,30,,,,,,,
2026-10-01T11:50:13.656,150.786,0,792.75,37,,96.906,22.353,-1.0,0.0,1.0,1.002,-0.02,4350,14.51,12.549,0,,,,,,,100.0,,,,,,
2026-10-01T11:50:13.786,150.916,0,797.5,37,,96.906,21.961,-1.0,0.0,1.0,1.005,-0.016,4350,14.51,12.157,0,,,,,,,,363.8,,,,,
2026-10-01T11:50:13.917,151.047,0,796.75,37,,96.906,22.353,-1.0,0.0,1.0,1.005,-0.016,4340,14.51,12.549,0,,,,,,,,,0.72,,,,
2026-10-01T11:50:14.046,151.176,0,798.75,37,,96.906,21.961,-1.0,0.0,1.0,1.003,-0.016,4360,14.51,12.549,0,,,,,,,,,,,0.781,,
2026-10-01T11:50:14.176,151.306,0,794.0,37,,96.906,22.353,-1.5,0.0,1.0,1.002,-0.02,4360,14.51,12.549,0,,,,,,,,,,,,23.137,
2026-10-01T11:50:14.306,151.436,0,797.75,37,,96.906,22.353,-2.0,0.0,1.0,1.005,-0.016,4390,14.51,12.157,0,,,,,,,,,,,,,184
2026-10-01T11:50:14.436,151.566,0,795.5,37,,96.906,22.353,-2.5,0.0,1.0,1.008,-0.012,4410,14.51,12.549,0,102,,,,,,,,,,,,
2026-10-01T11:50:14.566,151.696,0,797.75,37,,96.906,22.353,-2.5,0.0,1.0,1.006,-0.016,4440,14.51,12.549,0,,73,,,,,,,,,,,
2026-10-01T11:50:14.696,151.826,0,796.75,37,,96.906,22.353,-2.0,0.0,1.0,1.005,-0.016,4460,14.51,12.549,0,,,5.469,,,,,,,,,,
2026-10-01T11:50:14.826,151.956,0,796.5,37,,96.906,22.353,-1.0,0.0,1.0,1.0,-0.02,4430,14.51,12.157,0,,,,12.753,,,,,,,,,
2026-10-01T11:50:14.956,152.086,0,797.75,37,,96.906,22.353,-1.5,0.0,1.0,1.0,-0.02,4430,14.51,12.157,0,,,,,97,,,,,,,,
2026-10-01T11:50:15.086,152.216,0,794.0,37,,96.906,22.353,-2.0,0.0,1.0,1.0,-0.02,4430,14.51,12.157,0,,,,,,30,,,,,,,
2026-10-01T11:50:15.216,152.346,0,798.75,37,,96.906,22.353,-2.0,0.0,1.0,1.0,-0.02,4430,14.51,12.549,0,,,,,,,100.0,,,,,,
2026-10-01T11:50:15.346,152.476,0,795.5,37,,96.906,22.353,-2.0,0.0,1.0,1.0,-0.02,4420,14.51,12.157,0,,,,,,,,364.1,,,,,
2026-10-01T11:50:15.476,152.606,0,798.5,37,,96.906,22.353,-2.5,0.0,1.0,1.0,-0.02,4430,14.51,12.549,0,,,,,,,,,0.71,,,,
2026-10-01T11:50:15.606,152.736,0,798.25,37,,96.906,22.353,-2.0,0.0,1.0,0.999,-0.023,4420,14.51,12.157,0,,,,,,,,,,,0.781,,
2026-10-01T11:50:15.736,152.866,0,792.75,37,,96.906,22.353,-1.0,0.0,1.0,1.0,-0.02,4450,14.51,12.549,0,,,,,,,,,,,,23.137,
2026-10-01T11:50:15.866,152.996,0,797.75,37,,96.906,22.353,0.0,0.0,1.0,0.998,-0.023,4460,14.51,12.549,0,,,,,,,,,,,,,185
2026-10-01T11:50:15.996,153.126,0,797.5,38,,96.906,22.745,-2.0,0.0,1.0,0.997,-0.027,4490,14.51,12.549,0,102,,,,,,,,,,,,
2026-10-01T11:50:16.126,153.256,0,795.0,37,,96.906,22.353,-2.5,0.0,1.0,0.998,-0.023,4510,14.51,12.549,0,,73,,,,,,,,,,,
2026-10-01T11:50:16.256,153.386,0,799.0,37,,96.906,22.353,-2.0,0.0,1.0,0.998,-0.023,4490,14.51,12.549,0,,,5.469,,,,,,,,,,
2026-10-01T11:50:16.386,153.516,0,798.25,37,,96.906,22.353,-2.5,0.0,1.0,0.997,-0.027,4500,14.51,12.549,0,,,,12.792,,,,,,,,,
2026-10-01T11:50:16.516,153.646,0,797.5,37,,96.906,22.353,-2.0,0.0,1.0,0.997,-0.027,4490,14.51,12.549,0,,,,,97,,,,,,,,
2026-10-01T11:50:16.646,153.776,0,801.0,37,,96.906,22.353,-2.5,0.0,1.0,0.996,-0.031,4500,14.51,12.549,0,,,,,,30,,,,,,,
2026-10-01T11:50:16.776,153.906,0,799.25,37,,96.906,22.353,-2.5,0.0,1.0,0.995,-0.035,4510,14.51,12.549,0,,,,,,,100.0,,,,,,
2026-10-01T11:50:16.906,154.036,0,804.25,37,,96.906,21.961,-2.5,0.0,1.0,0.992,-0.039,4510,14.51,12.549,0,,,,,,,,364.3,,,,,
2026-10-01T11:50:17.037,154.167,0,798.0,37,,96.906,22.353,-3.0,0.0,1.0,0.992,-0.039,4510,14.51,12.549,0,,,,,,,,,0.705,,,,
2026-10-01T11:50:17.166,154.296,0,800.5,37,,96.906,22.353,-2.5,0.0,1.0,0.993,-0.039,4520,14.51,12.549,0,,,,,,,,,,,0.781,,
2026-10-01T11:50:17.297,154.427,0,803.5,37,,96.906,21.961,-3.0,0.0,1.0,0.989,-0.047,4520,14.51,12.549,0,,,,,,,,,,,,23.137,
2026-10-01T11:50:17.426,154.556,0,803.5,37,,96.906,22.353,-2.5,-0.781,1.0,0.99,-0.047,4490,14.51,12.549,0,,,,,,,,,,,,,187
2026-10-01T11:50:17.556,154.686,0,804.75,37,,96.906,22.353,-2.0,-0.781,1.0,0.989,-0.047,4510,14.51,12.549,0,102,,,,,,,,,,,,
2026-10-01T11:50:17.686,154.816,0,799.5,37,,96.906,22.353,-3.0,-0.781,1.0,0.99,-0.047,4490,14.51,12.157,0,,73,,,,,,,,,,,
2026-10-01T11:50:17.816,154.946,0,805.25,37,,96.906,22.353,-2.5,-0.781,1.0,0.989,-0.047,4460,14.51,12.549,0,,,6.25,,,,,,,,,,
2026-10-01T11:50:17.946,155.076,0,804.75,37,,96.969,21.961,-2.0,-0.781,1.0,0.99,-0.047,4430,14.51,12.549,0,,,,12.695,,,,,,,,,
2026-10-01T11:50:18.076,155.206,0,798.5,37,,96.906,22.353,-2.0,-0.781,1.0,0.99,-0.043,4390,14.51,12.549,0,,,,,97,,,,,,,,
2026-10-01T11:50:18.206,155.336,0,802.25,37,,96.906,22.353,-2.5,-0.781,1.0,0.991,-0.043,4420,14.51,12.549,0,,,,,,31,,,,,,,
2026-10-01T11:50:18.336,155.466,0,799.0,37,,96.906,22.353,-1.0,-0.781,1.0,0.992,-0.039,4410,14.51,12.549,0,,,,,,,100.0,,,,,,
2026-10-01T11:50:18.466,155.596,0,799.5,37,,96.969,22.353,-2.5,-0.781,1.0,0.992,-0.039,4440,14.51,12.549,0,,,,,,,,364.6,,,,,
2026-10-01T11:50:18.596,155.726,0,800.0,37,,96.906,22.353,-2.5,-0.781,1.0,0.994,-0.035,4450,14.51,12.549,0,,,,,,,,,0.725,,,,
2026-10-01T11:50:18.726,155.856,0,796.0,37,,96.906,22.353,-2.5,-0.781,1.0,0.994,-0.035,4490,14.51,12.549,0,,,,,,,,,,,0.781,,
2026-10-01T11:50:18.856,155.986,0,794.75,37,,96.906,22.353,-1.5,-0.781,1.0,0.995,-0.031,4500,14.51,12.549,0,,,,,,,,,,,,23.137,
2026-10-01T11:50:18.987,156.117,0,794.25,38,,96.906,22.353,-2.0,-0.781,1.0,0.995,-0.031,4480,14.51,12.549,0,,,,,,,,,,,,,188
2026-10-01T11:50:19.116,156.246,0,792.75,37,,96.906,21.961,-1.5,-0.781,1.0,0.996,-0.027,4480,14.51,12.549,0,102,,,,,,,,,,,,
2026-10-01T11:50:19.246,156.376,0,798.5,37,,96.938,22.353,-1.0,-0.781,1.0,0.998,-0.023,4450,14.51,12.549,0,,73,,,,,,,,,,,
2026-10-01T11:50:19.376,156.506,0,797.75,38,,96.938,21.961,-1.5,-0.781,1.0,1.001,-0.02,4470,14.51,12.549,0,,,5.469,,,,,,,,,,
2026-10-01T11:50:19.506,156.636,0,792.25,37,,96.906,22.353,-2.5,-0.781,1.0,1.004,-0.016,4470,14.51,12.549,0,,,,12.773,,,,,,,,,
2026-10-01T11:50:19.636,156.766,0,797.5,37,,96.906,22.353,-2.0,-0.781,1.0,1.003,-0.016,4440,14.51,12.549,0,,,,,97,,,,,,,,
2026-10-01T11:50:19.766,156.896,0,797.75,37,,96.906,22.353,-2.5,-0.781,1.0,1.004,-0.016,4430,14.51,12.549,0,,,,,,31,,,,,,,
2026-10-01T11:50:19.896,157.026,0,798.0,37,,96.906,22.353,-2.5,0.0,1.0,1.004,-0.016,4460,14.51,12.549,0,,,,,,,100.0,,,,,,
2026-10-01T11:50:20.026,157.156,0,794.5,37,,96.906,21.961,-2.0,-0.781,1.0,1.001,-0.02,4450,14.51,12.549,0,,,,,,,,365.0,,,,,
2026-10-01T11:50:20.156,157.286,0,800.0,37,,96.906,22.353,-1.0,-0.781,1.0,1.005,-0.016,4450,14.51,12.549,0,,,,,,,,,0.725,,,,
2026-10-01T11:50:20.296,157.426,0,791.5,37,,96.906,22.353,-1.5,0.0,1.0,1.006,-0.016,4440,14.51,12.157,0,,,,,,,,,,,0.781,,
2026-10-01T11:50:20.426,157.556,0,798.5,37,,96.906,22.353,-2.5,0.0,1.0,1.006,-0.016,4460,14.51,12.549,0,,,,,,,,,,,,23.137,
2026-10-01T11:50:20.556,157.686,0,801.5,37,,96.906,22.353,-2.5,0.0,1.0,1.002,-0.02,4470,14.51,12.549,0,,,,,,,,,,,,,190
2026-10-01T11:50:20.686,157.816,0,802.75,37,,96.906,22.353,-2.5,0.0,1.0,1.006,-0.016,4430,14.51,12.549,0,102,,,,,,,,,,,,
2026-10-01T11:50:20.816,157.946,0,802.75,37,,96.906,22.353,-2.5,0.0,1.0,1.005,-0.016,4460,14.51,12.549,0,,73,,,,,,,,,,,
2026-10-01T11:50:20.946,158.076,0,801.0,37,,96.906,22.353,-1.5,0.0,1.0,1.007,-0.012,4460,14.51,12.549,0,,,5.469,,,,,,,,,,
2026-10-01T11:50:21.076,158.206,0,790.75,37,,96.906,22.353,-1.0,0.0,1.0,1.009,-0.012,4480,14.51,12.549,0,,,,12.773,,,,,,,,,
2026-10-01T11:50:21.207,158.337,0,791.5,38,,96.906,22.353,-1.5,0.0,1.0,1.007,-0.012,4460,14.51,12.549,0,,,,,97,,,,,,,,
2026-10-01T11:50:21.336,158.466,0,800.0,37,,96.906,22.353,-2.0,0.0,1.0,1.007,-0.012,4470,14.51,12.549,0,,,,,,31,,,,,,,
2026-10-01T11:50:21.466,158.596,0,798.5,37,,96.906,22.353,-1.5,0.0,1.0,1.007,-0.012,4470,14.51,12.549,0,,,,,,,100.0,,,,,,
2026-10-01T11:50:21.596,158.726,0,799.0,37,,96.906,22.353,-2.0,0.0,1.0,1.007,-0.012,4470,14.51,12.157,0,,,,,,,,365.2,,,,,
2026-10-01T11:50:21.726,158.856,0,797.0,37,,96.938,22.353,-2.5,0.0,1.0,1.005,-0.016,4480,14.51,12.549,0,,,,,,,,,0.71,,,,
2026-10-01T11:50:21.856,158.986,0,796.25,37,,96.906,22.353,-1.5,0.0,1.0,1.002,-0.02,4450,14.51,12.549,0,,,,,,,,,,,0.781,,
2026-10-01T11:50:21.986,159.116,0,795.5,37,,96.906,22.353,-1.5,0.0,1.0,1.005,-0.016,4470,14.51,12.549,0,,,,,,,,,,,,23.137,
2026-10-01T11:50:22.116,159.246,0,798.0,37,,96.906,22.353,-1.5,0.0,1.0,1.005,-0.016,4450,14.51,12.549,0,,,,,,,,,,,,,191
2026-10-01T11:50:22.246,159.376,0,798.75,37,,96.906,22.353,-1.5,0.0,1.0,1.007,-0.012,4440,14.51,12.549,0,102,,,,,,,,,,,,
2026-10-01T11:50:22.376,159.506,0,794.5,37,,96.906,22.353,-2.0,0.0,1.0,1.005,-0.016,4420,14.51,12.549,0,,73,,,,,,,,,,,
2026-10-01T11:50:22.506,159.636,0,794.25,37,,96.906,21.961,-2.0,0.0,1.0,1.004,-0.016,4440,14.51,12.549,0,,,5.469,,,,,,,,,,
2026-10-01T11:50:22.637,159.767,0,801.25,37,,96.906,21.961,-2.0,0.0,1.0,1.002,-0.02,4430,14.51,12.549,0,,,,12.773,,,,,,,,,
2026-10-01T11:50:22.766,159.896,0,799.25,37,,96.906,22.353,-1.0,0.0,1.0,1.003,-0.016,4450,14.51,12.549,0,,,,,97,,,,,,,,
2026-10-01T11:50:22.896,160.026,0,795.75,37,,96.906,21.961,-2.0,0.0,1.0,1.005,-0.016,4480,14.51,12.549,0,,,,,,31,,,,,,,
2026-10-01T11:50:23.026,160.156,0,795.25,37,,96.906,22.353,-2.0,0.0,1.0,1.006,-0.016,4470,14.51,12.549,0,,,,,,,100.0,,,,,,
2026-10-01T11:50:23.156,160.286,0,799.5,37,,96.906,22.353,-1.0,0.0,1.0,1.005,-0.016,4470,14.51,12.549,0,,,,,,,,365.5,,,,,
2026-10-01T11:50:23.286,160.416,0,793.75,38,,96.906,22.745,-1.0,0.0,1.0,1.002,-0.02,4480,14.51,12.549,0,,,,,,,,,0.71,,,,
2026-10-01T11:50:23.416,160.546,0,797.25,38,,96.906,22.745,-2.5,0.0,1.0,1.007,-0.012,4490,14.51,12.549,0,,,,,,,,,,,0.781,,
2026-10-01T11:50:23.546,160.676,0,796.0,37,,96.906,22.353,-2.0,0.0,1.0,1.007,-0.012,4510,14.51,12.549,0,,,,,,,,,,,,23.529,
2026-10-01T11:50:23.676,160.806,0,795.25,38,,96.906,22.353,-2.0,0.0,1.0,1.007,-0.012,4540,14.51,12.549,0,,,,,,,,,,,,,193
2026-10-01T11:50:23.806,160.936,0,796.75,37,,96.906,22.353,-1.5,0.0,1.0,1.008,-0.012,4540,14.51,12.549,0,102,,,,,,,,,,,,
2026-10-01T11:50:23.936,161.066,0,800.0,38,,96.906,22.745,-2.5,0.781,0.999,1.007,-0.012,4570,14.51,12.549,0,,73,,,,,,,,,,,
2026-10-01T11:50:24.067,161.197,0,798.0,37,,96.906,22.353,-2.0,0.0,0.999,1.004,-0.016,4560,14.51,12.549,0,,,5.469,,,,,,,,,,
2026-10-01T11:50:24.196,161.326,0,802.5,37,,96.906,22.353,-2.5,0.0,0.999,1.0,-0.02,4570,14.51,12.549,0,,,,12.675,,,,,,,,,
2026-10-01T11:50:24.326,161.456,0,797.75,37,,96.906,22.353,-2.0,0.0,0.999,0.998,-0.023,4540,14.51,12.549,0,,,,,97,,,,,,,,
2026-10-01T11:50:24.456,161.586,0,795.75,37,,96.938,22.353,-1.5,0.0,1.0,0.998,-0.027,4490,14.51,12.549,0,,,,,,31,,,,,,,
2026-10-01T11:50:24.586,161.716,0,797.5,37,,96.938,22.353,-2.0,0.0,1.0,0.998,-0.023,4490,14.51,12.549,0,,,,,,,100.0,,,,,,
2026-10-01T11:50:24.716,161.846,0,800.75,38,,96.906,22.353,-2.5,0.0,1.0,0.999,-0.023,4520,14.51,12.549,0,,,,,,,,365.8,,,,,
2026-10-01T11:50:24.846,161.976,0,794.25,37,,96.938,22.353,-1.5,0.0,1.0,1.0,-0.02,4520,14.51,12.549,0,,,,,,,,,0.705,,,,
2026-10-01T11:50:24.976,162.106,0,796.75,37,,96.906,22.353,-1.5,0.0,1.0,1.003,-0.016,4510,14.51,12.549,0,,,,,,,,,,,0.781,,
2026-10-01T11:50:25.106,162.236,0,796.75,37,,96.906,22.353,-2.0,0.0,1.0,1.003,-0.016,4490,14.51,12.549,0,,,,,,,,,,,,23.137,
2026-10-01T11:50:25.236,162.366,0,799.5,37,,96.938,22.353,-1.0,0.781,1.0,1.005,-0.016,4500,14.51,12.549,0,,,,,,,,,,,,,195
2026-10-01T11:50:25.366,162.496,0,793.0,37,,96.906,22.353,-1.5,0.781,1.0,1.002,-0.02,4480,14.51,12.549,0,102,,,,,,,,,,,,
2026-10-01T11:50:25.497,162.627,0,798.5,37,,96.906,22.353,-2.5,0.0,1.0,1.0,-0.02,4490,14.51,12.549,0,,73,,,,,,,,,,,
2026-10-01T11:50:25.627,162.757,0,795.5,37,,96.906,22.353,-2.5,0.781,1.0,1.002,-0.02,4480,14.51,12.549,0,,,5.469,,,,,,,,,,
2026-10-01T11:50:25.756,162.886,0,797.75,37,,96.938,22.353,-1.0,0.781,1.0,1.001,-0.02,4540,14.51,12.549,0,,,,12.812,,,,,,,,,
2026-10-01T11:50:25.886,163.016,0,799.0,37,,96.906,22.353,-2.0,0.781,1.0,1.003,-0.016,4530,14.51,12.549,0,,,,,97,,,,,,,,
2026-10-01T11:50:26.016,163.146,0,797.25,38,,96.906,22.353,-2.5,0.781,1.0,1.004,-0.016,4560,14.51,12.549,0,,,,,,31,,,,,,,
2026-10-01T11:50:26.146,163.276,0,799.0,37,,96.969,22.353,-2.5,0.781,1.0,1.001,-0.02,4560,14.51,12.549,0,,,,,,,100.0,,,,,,
2026-10-01T11:50:26.276,163.406,0,795.75,37,,96.906,22.353,-2.5,0.781,1.0,0.999,-0.023,4560,14.51,12.549,0,,,,,,,,366.1,,,,,
2026-10-01T11:50:26.406,163.536,0,802.25,37,,96.938,22.353,-2.5,0.0,1.0,0.995,-0.031,4540,14.51,12.549,0,,,,,,,,,0.705,,,,
2026-10-01T11:50:26.536,163.666,0,800.5,37,,96.906,22.353,-2.0,0.0,1.0,0.996,-0.031,4530,14.51,12.549,0,,,,,,,,,,,0.781,,
2026-10-01T11:50:26.666,163.796,0,795.75,37,,96.938,22.353,-1.0,0.0,1.0,0.996,-0.031,4520,14.51,12.549,0,,,,,,,,,,,,23.137,
2026-10-01T11:50:26.796,163.926,0,793.5,37,,96.969,22.353,-1.5,0.0,1.0,0.999,-0.023,4500,14.51,12.549,0,,,,,,,,,,,,,196
2026-10-01T11:50:26.927,164.057,0,801.0,37,,96.906,22.353,-2.0,0.781,1.0,1.0,-0.02,4500,14.51,12.549,0,102,,,,,,,,,,,,
2026-10-01T11:50:27.056,164.186,0,799.25,37,,96.938,21.961,-2.0,0.781,0.999,0.999,-0.023,4500,14.51,12.549,0,,73,,,,,,,,,,,
2026-10-01T11:50:27.186,164.316,0,794.75,37,,96.938,22.353,-2.5,0.781,1.0,1.002,-0.02,4500,14.51,12.549,0,,,5.469,,,,,,,,,,
2026-10-01T11:50:27.316,164.446,0,796.5,37,,96.906,21.961,-2.0,0.781,1.0,1.002,-0.02,4470,14.51,12.549,0,,,,12.656,,,,,,,,,
2026-10-01T11:50:27.446,164.576,0,797.75,37,,96.969,22.745,-1.5,0.781,1.0,0.999,-0.023,4460,14.51,12.549,0,,,,,97,,,,,,,,
2026-10-01T11:50:27.576,164.706,0,798.0,37,,96.906,21.961,-1.5,0.781,1.0,0.998,-0.023,4460,14.51,12.549,0,,,,,,31,,,,,,,
2026-10-01T11:50:27.706,164.836,0,791.75,37,,96.906,22.353,-2.0,0.781,1.0,0.998,-0.027,4460,14.51,12.549,0,,,,,,,100.0,,,,,,
2026-10-01T11:50:27.836,164.966,0,797.0,37,,97.0,22.353,-1.5,0.781,0.999,0.999,-0.023,4480,14.51,12.549,0,,,,,,,,366.4,,,,,
2026-10-01T11:50:27.966,165.096,0,793.5,38,,96.906,22.745,-1.5,0.781,0.999,1.0,-0.02,4460,14.51,12.549,0,,,,,,,,,0.705,,,,
2026-10-01T11:50:28.096,165.226,0,797.0,37,,97.0,22.353,-2.0,0.781,0.999,1.0,-0.02,4470,14.51,12.549,0,,,,,,,,,,,0.781,,
2026-10-01T11:50:28.226,165.356,0,800.0,38,,96.969,22.745,-2.5,0.781,0.999,0.999,-0.023,4480,14.51,12.549,0,,,,,,,,,,,,23.137,
2026-10-01T11:50:28.357,165.487,0,799.0,37,,96.906,22.353,-1.0,0.781,0.999,1.0,-0.02,4490,14.51,12.549,0,,,,,,,,,,,,,198
2026-10-01T11:50:28.486,165.616,0,797.5,38,,96.906,22.745,-2.0,0.781,0.999,1.0,-0.02,4490,14.51,12.549,0,102,,,,,,,,,,,,
2026-10-01T11:50:28.616,165.746,0,798.5,37,,96.906,22.353,-2.0,0.781,0.999,0.999,-0.02,4510,14.51,12.549,0,,73,,,,,,,,,,,
2026-10-01T11:50:28.746,165.876,0,798.75,37,,96.938,22.353,-2.0,0.781,0.999,0.998,-0.023,4510,14.51,12.549,0,,,5.469,,,,,,,,,,
2026-10-01T11:50:28.876,166.006,0,796.5,37,,96.938,22.353,-1.5,0.781,0.999,0.999,-0.023,4500,14.51,12.549,0,,,,12.812,,,,,,,,,
2026-10-01T11:50:29.006,166.136,0,795.5,37,,96.938,22.353,-2.5,0.781,0.999,0.999,-0.023,4530,14.51,12.549,0,,,,,97,,,,,,,,
2026-10-01T11:50:29.136,166.266,0,798.25,37,,96.938,22.353,-2.0,0.781,0.999,0.998,-0.027,4490,14.51,12.549,0,,,,,,31,,,,,,,
2026-10-01T11:50:29.266,166.396,0,801.5,37,,96.969,22.353,-2.0,0.781,0.999,0.998,-0.027,4500,14.51,12.549,0,,,,,,,100.0,,,,,,
2026-10-01T11:50:29.396,166.526,0,801.25,37,,96.969,22.353,-2.0,0.781,0.999,0.996,-0.031,4490,14.51,12.549,0,,,,,,,,366.7,,,,,
2026-10-01T11:50:29.526,166.656,0,798.5,37,,96.938,22.353,-2.5,0.781,0.999,0.998,-0.027,4490,14.51,12.549,0,,,,,,,,,0.705,,,,
2026-10-01T11:50:29.656,166.786,0,800.5,37,,96.938,22.353,-1.5,0.781,0.999,0.998,-0.023,4490,14.51,12.549,0,,,,,,,,,,,0.781,,
2026-10-01T11:50:29.786,166.916,0,796.25,37,,96.906,22.353,-1.5,0.781,0.999,0.999,-0.023,4470,14.51,12.549,0,,,,,,,,,,,,23.137,
2026-10-01T11:50:29.916,167.046,0,798.25,37,,96.906,22.353,-2.5,0.781,0.999,0.999,-0.023,4490,14.51,12.549,0,,,,,,,,,,,,,199
2026-10-01T11:50:30.047,167.177,0,804.0,37,,96.938,22.353,-2.0,0.781,0.999,0.999,-0.023,4500,14.51,12.549,0,102,,,,,,,,,,,,
2026-10-01T11:50:30.176,167.306,0,798.75,37,,96.906,22.353,-2.5,0.781,0.999,1.0,-0.02,4520,14.51,12.549,0,,73,,,,,,,,,,,
2026-10-01T11:50:30.306,167.436,0,801.0,37,,96.969,22.353,-2.0,0.781,0.999,0.997,-0.027,4510,14.51,12.549,0,,,5.469,,,,,,,,,,
2026-10-01T11:50:30.436,167.566,0,802.5,38,,96.906,22.353,-2.5,0.781,0.999,0.997,-0.027,4520,14.51,12.549,0,,,,12.695,,,,,,,,,
2026-10-01T11:50:30.566,167.696,0,798.5,37,,96.969,22.353,-2.0,0.781,0.999,0.996,-0.027,4510,14.51,12.549,0,,,,,97,,,,,,,,
2026-10-01T11:50:30.696,167.826,0,794.5,38,,96.938,22.353,-1.5,0.781,0.999,0.995,-0.035,4510,14.51,12.549,0,,,,,,31,,,,,,,
2026-10-01T11:50:30.826,167.956,0,799.5,37,,96.938,22.353,-2.5,0.781,0.999,0.995,-0.031,4500,14.51,12.549,0,,,,,,,100.0,,,,,,
2026-10-01T11:50:30.956,168.086,0,801.25,38,,96.906,22.745,-2.0,0.781,0.999,0.995,-0.035,4490,14.51,12.549,0,,,,,,,,367.0,,,,,
2026-10-01T11:50:31.086,168.216,0,798.5,37,,96.969,22.353,-3.0,0.0,0.999,0.994,-0.035,4500,14.51,12.549,0,,,,,,,,,0.705,,,,
2026-10-01T11:50:31.216,168.346,0,793.25,37,,96.938,22.353,-1.5,0.0,0.999,0.994,-0.035,4490,14.51,12.549,0,,,,,,,,,,,0.781,,
2026-10-01T11:50:31.346,168.476,0,799.0,38,,96.938,22.745,-2.0,0.781,0.999,0.996,-0.027,4520,14.51,12.549,0,,,,,,,,,,,,23.137,
2026-10-01T11:50:31.476,168.606,0,801.5,37,,96.938,22.745,-1.0,0.0,0.999,0.994,-0.035,4500,14.51,12.549,0,,,,,,,,,,,,,201
2026-10-01T11:50:31.606,168.736,0,795.0,37,,96.938,22.353,-2.5,0.0,0.999,0.993,-0.039,4510,14.51,12.549,0,102,,,,,,,,,,,,
2026-10-01T11:50:31.737,168.867,0,800.5,37,,96.906,21.961,-3.0,0.0,0.999,0.991,-0.043,4520,14.51,12.549,0,,73,,,,,,,,,,,
2026-10-01T11:50:31.866,168.996,0,803.25,37,,96.906,22.353,-2.0,0.0,0.999,0.99,-0.043,4520,14.51,12.549,0,,,5.469,,,,,,,,,,
2026-10-01T11:50:31.997,169.127,0,799.75,37,,96.906,22.353,-2.5,0.0,0.999,0.992,-0.039,4520,14.51,12.549,0,,,,12.714,,,,,,,,,
2026-10-01T11:50:32.126,169.256,0,795.0,38,,96.906,22.745,-2.5,0.0,0.999,0.992,-0.039,4510,14.51,12.549,0,,,,,97,,,,,,,,
2026-10-01T11:50:32.256,169.386,0,803.5,38,,96.906,22.353,-2.5,0.0,0.999,0.992,-0.039,4540,14.51,12.549,0,,,,,,32,,,,,,,
2026-10-01T11:50:32.386,169.516,0,805.5,37,,96.938,22.353,-2.5,0.0,0.999,0.992,-0.039,4530,14.51,12.549,0,,,,,,,100.0,,,,,,
2026-10-01T11:50:32.516,169.646,0,801.25,38,,96.969,22.353,-4.0,0.0,0.999,0.994,-0.035,4540,14.51,12.549,0,,,,,,,,367.3,,,,,
2026-10-01T11:50:32.646,169.776,0,802.75,37,,96.906,22.353,-3.0,0.0,0.999,0.994,-0.035,4550,14.51,12.549,0,,,,,,,,,0.705,,,,
2026-10-01T11:50:32.776,169.906,0,797.75,37,,96.938,22.353,-2.5,0.0,0.999,0.994,-0.035,4500,14.51,12.549,0,,,,,,,,,,,0.781,,
2026-10-01T11:50:32.906,170.036,0,797.75,37,,96.906,22.353,-2.5,0.0,0.999,0.992,-0.039,4470,14.51,12.549,0,,,,,,,,,,,,23.137,
2026-10-01T11:50:33.036,170.166,0,795.25,37,,96.906,22.353,-2.5,0.0,0.999,0.99,-0.047,4450,14.51,12.549,0,,,,,,,,,,,,,202
2026-10-01T11:50:33.166,170.296,0,799.75,38,,96.938,22.353,-2.5,0.0,0.999,0.991,-0.043,4460,14.51,12.549,0,102,,,,,,,,,,,,
2026-10-01T11:50:33.296,170.426,0,798.0,37,,96.906,22.353,-2.5,0.0,0.999,0.99,-0.047,4450,14.51,12.549,0,,73,,,,,,,,,,,
2026-10-01T11:50:33.426,170.556,0,799.0,37,,96.906,22.353,-2.5,0.0,0.999,0.989,-0.047,4450,14.51,12.549,0,,,5.469,,,,,,,,,,
2026-10-01T11:50:33.556,170.686,0,795.0,37,,96.906,22.353,-1.5,0.0,0.999,0.99,-0.043,4420,14.51,12.549,0,,,,12.773,,,,,,,,,
2026-10-01T11:50:33.687,170.817,0,799.0,38,,96.906,22.353,-1.5,0.0,1.0,0.991,-0.043,4410,14.51,12.549,0,,,,,97,,,,,,,,
2026-10-01T11:50:33.816,170.946,0,799.25,37,,96.906,21.961,-2.0,0.0,0.999,0.989,-0.047,4430,14.51,12.549,0,,,,,,32,,,,,,,
2026-10-01T11:50:33.946,171.076,0,797.75,37,,96.906,22.353,-1.5,0.0,1.0,0.989,-0.047,4390,14.51,12.549,0,,,,,,,100.0,,,,,,
2026-10-01T11:50:34.076,171.206,0,792.75,37,,96.906,21.961,-1.5,0.0,1.0,0.99,-0.043,4420,14.51,12.549,0,,,,,,,,367.6,,,,,
2026-10-01T11:50:34.206,171.336,0,800.25,37,,96.906,22.353,-1.5,0.0,1.0,0.992,-0.039,4410,14.51,12.549,0,,,,,,,,,0.72,,,,
2026-10-01T11:50:34.336,171.466,0,799.0,38,,96.906,23.137,-4.5,0.0,1.0,0.996,-0.027,4520,14.51,12.549,0,,,,,,,,,,,0.781,,
2026-10-01T11:50:34.466,171.596,0,794.0,38,,96.906,22.745,-2.5,0.0,1.0,0.999,-0.023,4650,14.51,12.549,0,,,,,,,,,,,,23.529,
2026-10-01T11:50:34.596,171.726,0,797.75,36,,96.906,21.569,-1.5,0.0,1.0,1.003,-0.016,4620,14.51,12.941,0,,,,,,,,,,,,,204
2026-10-01T11:50:34.726,171.856,0,802.0,37,,96.906,21.961,-2.0,0.0,1.0,1.004,-0.016,4530,14.51,12.941,0,102,,,,,,,,,,,,
2026-10-01T11:50:34.856,171.986,0,798.75,37,,96.906,21.961,-2.0,0.0,1.0,1.005,-0.016,4440,14.51,12.941,0,,73,,,,,,,,,,,
2026-10-01T11:50:34.986,172.116,0,798.5,37,,96.906,21.961,-2.0,0.0,1.0,1.009,-0.012,4400,14.51,12.941,0,,,5.469,,,,,,,,,,
2026-10-01T11:50:35.117,172.247,0,797.75,37,,96.906,21.961,-1.5,0.0,1.0,1.015,-0.004,4370,14.51,12.941,0,,,,12.734,,,,,,,,,
2026-10-01T11:50:35.246,172.376,0,796.25,37,,96.906,21.961,0.5,0.781,1.0,1.023,0.004,4380,14.51,12.941,0,,,,,97,,,,,,,,
2026-10-01T11:50:35.376,172.506,0,796.5,37,,96.906,21.961,0.5,1.562,1.0,1.027,0.008,4380,14.51,12.941,0,,,,,,32,,,,,,,
2026-10-01T11:50:35.506,172.636,0,788.25,37,,96.906,21.961,0.0,1.562,1.0,1.029,0.008,4380,14.51,12.941,0,,,,,,,100.0,,,,,,
2026-10-01T11:50:35.636,172.766,0,791.5,37,,96.906,21.961,-1.0,1.562,1.0,1.028,0.008,4380,14.51,12.941,0,,,,,,,,367.9,,,,,
2026-10-01T11:50:35.766,172.896,0,796.75,37,,96.906,21.961,-1.5,1.562,1.0,1.026,0.008,4410,14.51,12.941,0,,,,,,,,,0.72,,,,
2026-10-01T11:50:35.896,173.026,0,797.75,37,,96.906,21.961,-2.0,1.562,1.0,1.025,0.004,4410,14.51,12.941,0,,,,,,,,,,,0.781,,
2026-10-01T11:50:36.026,173.156,0,803.25,37,,96.906,21.961,-1.5,2.344,1.0,1.021,0.0,4400,14.51,12.941,0,,,,,,,,,,,,22.745,
2026-10-01T11:50:36.156,173.286,0,798.75,37,,96.906,21.961,-1.0,2.344,1.0,1.022,0.004,4400,14.51,12.941,0,,,,,,,,,,,,,205
2026-10-01T11:50:36.286,173.416,0,790.5,37,,96.906,21.961,-1.0,2.344,1.0,1.022,0.0,4400,14.51,12.941,0,102,,,,,,,,,,,,
2026-10-01T11:50:36.416,173.546,0,798.25,37,,96.906,21.961,-1.0,2.344,1.0,1.021,0.0,4400,14.51,12.941,0,,73,,,,,,,,,,,
2026-10-01T11:50:36.547,173.677,0,799.0,37,,96.906,21.961,-0.5,2.344,1.0,1.021,0.0,4400,14.51,12.941,0,,,6.25,,,,,,,,,,
2026-10-01T11:50:36.676,173.806,0,794.5,37,,96.906,21.961,-0.5,2.344,1.0,1.021,0.0,4410,14.51,12.941,0,,,,12.675,,,,,,,,,
2026-10-01T11:50:36.806,173.936,0,792.0,37,,96.906,21.961,-1.0,2.344,1.0,1.019,0.0,4420,14.51,12.941,0,,,,,97,,,,,,,,
2026-10-01T11:50:36.936,174.066,0,794.0,37,,96.906,21.961,-0.5,2.344,1.0,1.015,-0.004,4400,14.51,12.941,0,,,,,,32,,,,,,,
2026-10-01T11:50:37.066,174.196,0,796.25,37,,96.906,21.961,-0.5,3.125,1.0,1.014,-0.008,4410,14.51,12.941,0,,,,,,,100.0,,,,,,
2026-10-01T11:50:37.196,174.326,0,800.0,37,,96.906,21.961,-1.5,3.125,1.0,1.013,-0.008,4430,14.51,12.941,0,,,,,,,,368.1,,,,,
2026-10-01T11:50:37.326,174.456,0,797.5,37,,96.906,21.961,-2.5,3.125,1.0,1.013,-0.008,4450,14.51,12.941,0,,,,,,,,,0.71,,,,
2026-10-01T11:50:37.456,174.586,0,800.75,37,,96.906,21.961,-2.0,3.125,1.0,1.014,-0.008,4420,14.51,12.941,0,,,,,,,,,,,0.781,,
2026-10-01T11:50:37.586,174.716,0,799.25,37,,96.906,21.961,-1.0,3.125,1.0,1.012,-0.008,4400,14.51,12.941,0,,,,,,,,,,,,22.745,
2026-10-01T11:50:37.716,174.847,0,795.5,37,,96.906,21.961,-1.5,3.125,1.0,1.011,-0.008,4390,14.51,12.941,0,,,,,,,,,,,,,207
2026-10-01T11:50:37.846,174.976,0,798.75,37,,96.906,21.961,-2.0,3.125,1.0,1.011,-0.008,4390,14.51,12.941,0,102,,,,,,,,,,,,
2026-10-01T11:50:37.976,175.106,0,795.0,37,,96.906,21.961,-2.5,3.125,0.999,1.01,-0.012,4400,14.51,12.941,0,,73,,,,,,,,,,,
2026-10-01T11:50:38.106,175.236,0,796.5,37,,96.906,21.961,-1.0,3.125,1.0,1.008,-0.012,4410,14.51,12.941,0,,,6.25,,,,,,,,,,
2026-10-01T11:50:38.236,175.366,0,796.25,37,,96.906,21.961,-1.5,3.125,0.999,1.007,-0.012,4400,14.51,12.941,0,,,,12.792,,,,,,,,,
2026-10-01T11:50:38.366,175.496,0,794.25,37,,96.906,21.961,-1.5,3.125,0.999,1.005,-0.016,4410,14.51,12.941,0,,,,,97,,,,,,,,
2026-10-01T11:50:38.496,175.626,0,794.75,37,,96.906,21.961,-2.5,3.125,0.999,1.005,-0.016,4400,14.51,12.941,0,,,,,,32,,,,,,,
2026-10-01T11:50:38.626,175.756,0,798.0,37,,96.906,21.961,-2.0,3.125,0.999,1.003,-0.016,4410,14.51,12.941,0,,,,,,,100.0,,,,,,
2026-10-01T11:50:38.756,175.886,0,798.0,37,,96.906,21.961,-1.0,3.125,0.999,1.001,-0.02,4400,14.51,12.941,0,,,,,,,,368.4,,,,,
2026-10-01T11:50:38.886,176.016,0,799.5,37,,96.906,21.961,-1.5,3.125,0.999,1.001,-0.02,4400,14.51,12.941,0,,,,,,,,,0.71,,,,
2026-10-01T11:50:39.026,176.156,0,797.25,36,,96.906,21.961,-1.5,3.125,0.999,0.999,-0.02,4390,14.51,12.941,0,,,,,,,,,,,0.781,,
2026-10-01T11:50:39.156,176.286,0,802.25,36,,96.906,21.961,-1.5,3.125,0.999,1.0,-0.02,4390,14.51,12.941,0,,,,,,,,,,,,22.745,
2026-10-01T11:50:39.286,176.416,0,799.0,36,,96.906,21.961,-2.5,3.125,1.0,1.003,-0.016,4400,14.51,12.941,0,,,,,,,,,,,,,209
2026-10-01T11:50:39.416,176.546,0,797.25,37,,96.906,21.961,-2.5,3.125,1.0,1.003,-0.016,4390,14.51,12.941,0,102,,,,,,,,,,,,
2026-10-01T11:50:39.546,176.676,0,799.75,36,,96.906,21.961,-1.5,3.125,1.0,1.005,-0.016,4380,14.51,12.941,0,,73,,,,,,,,,,,
2026-10-01T11:50:39.676,176.806,0,798.0,36,,96.906,21.961,-1.0,3.125,1.0,1.002,-0.02,4370,14.51,12.941,0,,,6.25,,,,,,,,,,
2026-10-01T11:50:39.806,176.936,0,792.25,36,,96.906,21.961,-1.5,3.125,1.0,1.002,-0.02,4360,14.51,12.941,0,,,,12.792,,,,,,,,,
2026-10-01T11:50:39.936,177.066,0,796.5,36,,96.906,21.961,0.5,3.125,1.0,1.002,-0.02,4350,14.51,12.941,0,,,,,97,,,,,,,,
2026-10-01T11:50:40.066,177.196,0,796.0,36,,96.906,21.961,-0.5,3.125,1.0,1.003,-0.016,4350,14.51,12.941,0,,,,,,32,,,,,,,
2026-10-01T11:50:40.197,177.327,0,792.0,36,,96.906,21.961,-2.0,3.125,1.0,1.004,-0.016,4330,14.51,12.941,0,,,,,,,100.0,,,,,,
2026-10-01T11:50:40.326,177.456,0,791.5,36,,96.906,21.961,-1.0,3.125,1.0,1.005,-0.016,4330,14.51,12.941,0,,,,,,,,368.6,,,,,
2026-10-01T11:50:40.456,177.586,0,799.25,36,,96.906,21.961,-1.0,3.125,1.0,1.006,-0.016,4330,14.51,12.941,0,,,,,,,,,0.71,,,,
2026-10-01T11:50:40.586,177.716,0,798.0,36,,96.906,21.961,-1.5,3.125,1.0,1.005,-0.016,4340,14.51,12.941,0,,,,,,,,,,,0.781,,
2026-10-01T11:50:40.716,177.846,0,793.0,36,,96.906,21.961,-1.5,3.125,0.999,1.005,-0.016,4330,14.51,12.941,0,,,,,,,,,,,,22.745,
2026-10-01T11:50:40.846,177.976,0,797.0,36,,96.906,21.961,-1.5,3.125,1.0,1.001,-0.02,4320,14.51,12.941,0,,,,,,,,,,,,,210
2026-10-01T11:50:40.976,178.106,0,799.0,36,,96.906,21.961,-0.5,3.125,1.0,1.001,-0.02,4310,14.51,12.941,0,102,,,,,,,,,,,,
2026-10-01T11:50:41.106,178.236,0,791.75,36,,96.906,21.961,-1.5,3.125,1.0,1.001,-0.02,4290,14.51,12.941,0,,73,,,,,,,,,,,
2026-10-01T11:50:41.236,178.366,0,796.25,36,,96.906,21.961,-2.0,3.125,1.0,1.001,-0.02,4310,14.51,12.941,0,,,6.25,,,,,,,,,,
2026-10-01T11:50:41.367,178.497,0,799.5,36,,96.906,21.961,-1.0,3.125,1.0,1.005,-0.016,4330,14.51,12.941,0,,,,12.792,,,,,,,,,
2026-10-01T11:50:41.496,178.626,0,799.5,36,,96.906,21.961,-1.5,3.125,1.0,1.007,-0.012,4320,14.51,12.941,0,,,,,97,,,,,,,,
2026-10-01T11:50:41.626,178.756,0,799.75,36,,96.906,21.961,-1.0,3.125,1.0,1.005,-0.016,4300,14.51,12.941,0,,,,,,32,,,,,,,
2026-10-01T11:50:41.756,178.886,0,798.5,36,,96.906,21.961,-1.0,3.125,1.0,1.003,-0.016,4300,14.51,12.941,0,,,,,,,100.0,,,,,,
2026-10-01T11:50:41.886,179.016,0,796.75,36,,96.906,21.961,-1.0,3.125,1.0,1.001,-0.02,4310,14.51,12.941,0,,,,,,,,368.8,,,,,
2026-10-01T11:50:42.026,179.156,0,802.0,36,,96.906,21.569,-1.0,3.125,1.0,1.005,-0.016,4350,14.51,12.941,0,,,,,,,,,0.71,,,,
2026-10-01T11:50:42.156,179.286,0,801.25,36,,96.906,21.569,-2.0,3.125,1.0,1.006,-0.016,4350,14.51,12.941,0,,,,,,,,,,,0.781,,
2026-10-01T11:50:42.286,179.416,0,798.0,36,,96.906,21.961,-2.5,3.125,1.0,1.004,-0.016,4360,14.51,12.941,0,,,,,,,,,,,,22.745,
2026-10-01T11:50:42.416,179.546,0,802.25,36,,96.906,21.961,-2.5,3.125,1.0,0.999,-0.02,4380,14.51,12.941,0,,,,,,,,,,,,,212
2026-10-01T11:50:42.546,179.676,0,809.0,36,,96.906,21.961,-2.5,3.125,1.0,0.999,-0.023,4380,14.51,12.941,0,102,,,,,,,,,,,,
2026-10-01T11:50:42.677,179.807,0,803.5,36,,96.906,21.961,-2.5,3.125,1.0,0.998,-0.027,4380,14.51,12.941,0,,73,,,,,,,,,,,
2026-10-01T11:50:42.806,179.936,0,794.5,37,,96.906,21.961,-2.5,3.125,0.999,0.997,-0.027,4370,14.51,12.941,0,,,7.031,,,,,,,,,,
2026-10-01T11:50:42.936,180.067,0,799.75,37,,96.906,21.961,-1.0,3.125,0.999,0.998,-0.023,4360,14.51,12.941,0,,,,12.812,,,,,,,,,
2026-10-01T11:50:43.066,180.196,0,797.5,36,,96.906,21.961,-2.0,3.125,0.999,0.998,-0.023,4350,14.51,12.941,0,,,,,97,,,,,,,,
2026-10-01T11:50:43.196,180.326,0,792.5,36,,96.906,21.569,-2.0,3.125,0.999,0.999,-0.023,4340,14.51,12.941,0,,,,,,32,,,,,,,
2026-10-01T11:50:43.326,180.456,0,796.5,36,,96.906,21.569,-2.0,3.125,0.999,0.999,-0.023,4300,14.51,12.941,0,,,,,,,100.0,,,,,,
2026-10-01T11:50:43.456,180.586,0,799.25,36,,96.906,21.569,-1.5,3.125,1.0,1.001,-0.02,4280,14.51,12.941,0,,,,,,,,369.1,,,,,
2026-10-01T11:50:43.586,180.716,0,796.75,36,,96.906,21.569,-1.0,3.125,1.0,1.0,-0.02,4260,14.51,12.941,0,,,,,,,,,0.71,,,,
2026-10-01T11:50:43.716,180.846,0,790.25,36,,96.906,21.569,-0.5,3.125,1.0,1.001,-0.02,4260,14.51,12.941,0,,,,,,,,,,,0.781,,
2026-10-01T11:50:43.847,180.977,0,797.25,36,,96.906,21.569,0.0,3.125,1.0,1.002,-0.02,4250,14.51,12.941,0,,,,,,,,,,,,22.353,
2026-10-01T11:50:43.976,181.106,0,797.5,36,,96.906,21.569,-0.5,3.125,1.0,1.002,-0.02,4250,14.51,12.941,0,,,,,,,,,,,,,213
2026-10-01T11:50:44.106,181.236,0,792.5,36,,96.906,21.569,-1.0,3.125,1.0,1.004,-0.016,4250,14.51,12.941,0,102,,,,,,,,,,,,
2026-10-01T11:50:44.236,181.366,0,792.25,36,,96.906,21.569,-1.0,3.125,1.0,1.003,-0.016,4250,14.51,12.941,0,,73,,,,,,,,,,,
2026-10-01T11:50:44.366,181.496,0,795.25,36,,96.906,21.569,-1.0,3.125,1.0,1.001,-0.02,4240,14.51,12.941,0,,,7.031,,,,,,,,,,
2026-10-01T11:50:44.496,181.626,0,797.0,36,,96.906,21.569,-1.5,3.125,1.0,1.003,-0.016,4240,14.51,12.941,0,,,,12.734,,,,,,,,,
2026-10-01T11:50:44.626,181.756,0,796.0,36,,96.906,21.569,0.0,3.125,1.0,1.003,-0.016,4250,14.51,12.941,0,,,,,97,,,,,,,,
2026-10-01T11:50:44.756,181.886,0,798.0,36,,96.906,21.569,-1.0,3.125,1.0,1.003,-0.016,4240,14.51,12.941,0,,,,,,32,,,,,,,
2026-10-01T11:50:44.886,182.016,0,798.25,36,,96.906,21.569,-1.5,3.125,1.0,1.005,-0.016,4240,14.51,12.941,0,,,,,,,100.0,,,,,,
2026-10-01T11:50:45.026,182.156,0,797.25,36,,96.906,21.569,-1.0,3.125,1.0,1.004,-0.016,4250,14.51,12.941,0,,,,,,,,369.3,,,,,
2026-10-01T11:50:45.156,182.286,0,799.0,36,,96.906,21.569,-1.0,3.125,1.0,1.003,-0.016,4230,14.51,12.941,0,,,,,,,,,0.705,,,,
2026-10-01T11:50:45.286,182.416,0,797.25,36,,96.906,21.569,-1.5,3.125,1.0,1.003,-0.016,4230,14.51,12.941,0,,,,,,,,,,,0.781,,
2026-10-01T11:50:45.416,182.546,0,799.25,36,,96.906,21.569,-1.5,3.125,1.0,1.003,-0.016,4220,14.51,12.941,0,,,,,,,,,,,,22.353,
2026-10-01T11:50:45.546,182.676,0,803.25,36,,96.906,21.569,-1.0,3.125,1.0,1.002,-0.02,4230,14.51,12.941,0,,,,,,,,,,,,,215
2026-10-01T11:50:45.686,182.816,0,796.5,36,,96.906,21.569,0.5,3.125,1.0,1.004,-0.016,4230,14.51,12.941,0,102,,,,,,,,,,,,
2026-10-01T11:50:45.816,182.946,0,795.5,36,,96.906,21.961,-0.5,3.125,1.0,1.004,-0.016,4250,14.51,12.941,0,,72,,,,,,,,,,,
2026-10-01T11:50:45.946,183.076,0,793.0,36,,96.906,21.569,-1.0,3.125,1.0,1.004,-0.016,4250,14.51,12.941,0,,,7.031,,,,,,,,,,
2026-10-01T11:50:46.076,183.206,0,797.5,36,,96.906,21.569,-1.5,3.125,1.0,1.005,-0.016,4250,14.51,12.941,0,,,,12.812,,,,,,,,,
2026-10-01T11:50:46.206,183.336,0,800.75,36,,96.906,21.569,-1.0,3.125,1.0,1.003,-0.016,4270,14.51,12.941,0,,,,,97,,,,,,,,
2026-10-01T11:50:46.336,183.466,0,797.75,36,,96.906,21.569,-1.0,3.125,1.0,1.004,-0.016,4280,14.51,12.941,0,,,,,,32,,,,,,,
2026-10-01T11:50:46.466,183.596,0,798.25,36,,96.906,21.569,-1.0,3.125,1.0,1.001,-0.02,4250,14.51,12.941,0,,,,,,,100.0,,,,,,
2026-10-01T11:50:46.596,183.726,0,795.25,36,,96.906,21.569,-2.0,3.125,1.0,1.002,-0.02,4260,14.51,12.941,0,,,,,,,,369.5,,,,,
2026-10-01T11:50:46.726,183.856,0,797.75,36,,96.906,21.569,-1.5,3.125,1.0,1.003,-0.016,4260,14.51,12.941,0,,,,,,,,,0.705,,,,
2026-10-01T11:50:46.857,183.987,0,796.0,36,,96.906,21.569,-1.5,3.125,1.0,1.002,-0.02,4260,14.51,12.941,0,,,,,,,,,,,0.781,,
2026-10-01T11:50:46.986,184.116,0,796.75,36,,96.906,21.961,-2.5,3.125,1.0,1.0,-0.02,4280,14.51,12.941,0,,,,,,,,,,,,22.353,
2026-10-01T11:50:47.116,184.246,0,801.75,36,,96.906,21.569,-1.5,3.125,1.0,1.0,-0.02,4280,14.51,12.941,0,,,,,,,,,,,,,216
2026-10-01T11:50:47.246,184.376,0,801.25,36,,96.906,21.569,-2.0,3.125,1.0,1.003,-0.016,4280,14.51,12.941,0,102,,,,,,,,,,,,
2026-10-01T11:50:47.376,184.506,0,800.0,36,,96.906,21.569,-2.0,3.125,1.0,1.001,-0.02,4280,14.51,12.941,0,,73,,,,,,,,,,,
2026-10-01T11:50:47.506,184.636,0,798.5,36,,96.906,21.569,-1.5,3.125,1.0,0.999,-0.023,4250,14.51,12.941,0,,,7.031,,,,,,,,,,
2026-10-01T11:50:47.636,184.766,0,792.75,36,,96.906,21.569,-1.5,3.125,1.0,0.999,-0.023,4250,14.51,12.941,0,,,,12.832,,,,,,,,,
2026-10-01T11:50:47.766,184.896,0,795.75,36,,96.906,21.569,-1.5,3.125,1.0,1.003,-0.016,4260,14.51,12.941,0,,,,,97,,,,,,,,
2026-10-01T11:50:47.896,185.026,0,798.5,36,,96.906,21.569,-1.5,3.125,1.0,1.0,-0.02,4260,14.51,12.941,0,,,,,,32,,,,,,,
2026-10-01T11:50:48.026,185.156,0,797.75,36,,96.906,21.569,-0.5,3.125,1.0,1.0,-0.02,4250,14.51,12.941,0,,,,,,,100.0,,,,,,
2026-10-01T11:50:48.156,185.286,0,792.0,36,,96.906,21.569,-1.0,3.125,1.0,1.0,-0.02,4250,14.51,12.941,0,,,,,,,,369.8,,,,,
2026-10-01T11:50:48.287,185.417,0,797.75,36,,96.906,21.569,-1.0,3.125,1.0,1.0,-0.02,4230,14.51,12.941,0,,,,,,,,,0.71,,,,
2026-10-01T11:50:48.416,185.546,0,793.5,36,,96.906,21.961,-1.0,3.125,1.0,1.0,-0.02,4240,14.51,12.941,0,,,,,,,,,,,0.781,,
2026-10-01T11:50:48.546,185.676,0,797.0,36,,96.906,21.961,-1.5,3.125,1.0,1.003,-0.016,4250,14.51,12.941,0,,,,,,,,,,,,22.353,
2026-10-01T11:50:48.676,185.806,0,791.5,36,,96.906,21.569,-1.0,3.125,1.0,1.002,-0.02,4260,14.51,12.941,0,,,,,,,,,,,,,218
2026-10-01T11:50:48.806,185.936,0,798.25,36,,96.906,21.961,-0.5,3.125,1.0,1.003,-0.016,4250,14.51,12.941,0,102,,,,,,,,,,,,
2026-10-01T11:50:48.936,186.066,0,798.25,36,,96.906,21.569,-1.0,3.125,1.0,1.003,-0.016,4250,14.51,12.941,0,,72,,,,,,,,,,,
2026-10-01T11:50:49.066,186.196,0,796.75,36,,96.906,21.569,-1.0,3.125,1.0,1.005,-0.016,4280,14.51,12.941,0,,,7.031,,,,,,,,,,
2026-10-01T11:50:49.196,186.326,0,794.25,36,,96.906,21.569,-1.0,3.125,1.0,1.003,-0.016,4270,14.51,12.941,0,,,,12.753,,,,,,,,,
2026-10-01T11:50:49.326,186.456,0,795.0,36,,96.906,21.569,0.0,3.125,1.0,1.0,-0.02,4260,14.51,12.941,0,,,,,97,,,,,,,,
2026-10-01T11:50:49.456,186.587,0,791.75,36,,96.906,21.569,-1.5,2.344,1.0,0.999,-0.02,4250,14.51,12.941,0,,,,,,32,,,,,,,
2026-10-01T11:50:49.586,186.716,0,795.0,36,,96.906,21.569,-1.0,2.344,1.0,1.001,-0.02,4250,14.51,12.941,0,,,,,,,100.0,,,,,,
2026-10-01T11:50:49.716,186.846,0,801.0,36,,96.906,21.569,-1.0,3.125,1.0,1.002,-0.02,4270,14.51,12.941,0,,,,,,,,370.0,,,,,
2026-10-01T11:50:49.846,186.976,0,798.25,36,,96.906,21.569,-1.0,3.125,1.0,1.002,-0.02,4240,14.51,12.941,0,,,,,,,,,0.705,,,,
2026-10-01T11:50:49.976,187.106,0,793.0,36,,96.906,21.961,-1.5,3.125,1.0,1.002,-0.02,4250,14.51,12.941,0,,,,,,,,,,,0.781,,
2026-10-01T11:50:50.106,187.236,0,795.0,36,,96.906,21.569,-1.5,3.125,1.0,1.0,-0.02,4250,14.51,12.941,0,,,,,,,,,,,,22.745,
2026-10-01T11:50:50.236,187.366,0,800.5,36,,96.906,21.569,-1.0,3.125,1.0,1.002,-0.02,4280,14.51,12.941,0,,,,,,,,,,,,,220
2026-10-01T11:50:50.366,187.496,0,800.75,36,,96.906,21.961,-1.5,3.125,1.0,1.002,-0.02,4280,14.51,12.941,0,102,,,,,,,,,,,,
2026-10-01T11:50:50.496,187.626,0,798.75,36,,96.906,21.569,-1.5,3.125,1.0,0.999,-0.023,4260,14.51,12.941,0,,72,,,,,,,,,,,
2026-10-01T11:50:50.626,187.756,0,799.25,36,,96.906,21.569,-2.0,3.125,1.0,0.998,-0.023,4260,14.51,12.941,0,,,7.812,,,,,,,,,,
2026-10-01T11:50:50.756,187.886,0,797.75,36,,96.906,21.961,-1.0,3.125,1.0,0.999,-0.023,4280,14.51,12.941,0,,,,12.812,,,,,,,,,
2026-10-01T11:50:50.887,188.017,0,789.75,36,,96.906,21.961,-1.0,2.344,1.0,0.999,-0.023,4280,14.51,12.941,0,,,,,97,,,,,,,,
2026-10-01T11:50:51.026,188.156,0,799.5,36,,96.906,21.961,-1.0,2.344,1.0,0.999,-0.023,4270,14.51,12.941,0,,,,,,32,,,,,,,
2026-10-01T11:50:51.156,188.286,0,802.25,36,,96.906,21.569,-2.0,2.344,1.0,1.0,-0.02,4270,14.51,12.941,0,,,,,,,100.0,,,,,,
2026-10-01T11:50:51.286,188.416,0,799.0,36,,96.906,21.569,-1.0,2.344,1.0,1.0,-0.02,4260,14.51,12.941,0,,,,,,,,370.2,,,,,
2026-10-01T11:50:51.416,188.546,0,792.0,36,,96.906,21.569,-1.0,2.344,1.0,1.0,-0.02,4250,14.51,12.941,0,,,,,,,,,0.705,,,,
2026-10-01T11:50:51.546,188.676,0,797.25,36,,96.906,21.569,-1.0,2.344,1.0,0.999,-0.023,4250,14.51,12.941,0,,,,,,,,,,,0.781,,
2026-10-01T11:50:51.677,188.807,0,794.0,36,,96.906,21.569,-1.0,2.344,1.0,0.999,-0.023,4220,14.51,12.941,0,,,,,,,,,,,,22.353,
2026-10-01T11:50:51.806,188.936,0,796.0,36,,96.906,21.569,-1.0,2.344,1.0,1.0,-0.02,4230,14.51,12.941,0,,,,,,,,,,,,,221
2026-10-01T11:50:51.936,189.066,0,793.75,36,,96.906,21.569,-1.0,2.344,1.0,1.0,-0.02,4240,14.51,12.941,0,102,,,,,,,,,,,,
2026-10-01T11:50:52.066,189.196,0,791.0,36,,96.906,21.569,0.0,2.344,1.0,1.001,-0.02,4230,14.51,12.941,0,,72,,,,,,,,,,,
2026-10-01T11:50:52.196,189.326,0,797.25,36,,96.906,21.961,0.5,2.344,1.0,0.999,-0.023,4240,14.51,12.941,0,,,7.812,,,,,,,,,,
2026-10-01T11:50:52.326,189.456,0,801.25,36,,96.906,21.569,-1.0,2.344,1.0,1.003,-0.016,4250,14.51,12.941,0,,,,12.734,,,,,,,,,
2026-10-01T11:50:52.456,189.586,0,797.25,36,,96.906,21.569,-2.5,3.125,1.0,1.002,-0.02,4260,14.51,12.941,0,,,,,97,,,,,,,,
2026-10-01T11:50:52.586,189.716,0,795.75,36,,96.906,21.569,-1.5,2.344,1.0,0.999,-0.023,4260,14.51,12.941,0,,,,,,32,,,,,,,
2026-10-01T11:50:52.716,189.846,0,800.5,36,,96.906,21.569,-1.0,2.344,1.0,0.998,-0.023,4270,14.51,12.941,0,,,,,,,100.0,,,,,,
2026-10-01T11:50:52.846,189.976,0,795.75,36,,96.906,21.961,-2.5,2.344,1.0,0.999,-0.023,4260,14.51,12.941,0,,,,,,,,370.5,,,,,
2026-10-01T11:50:52.976,190.106,0,794.25,36,,96.906,21.569,-2.0,2.344,1.0,0.999,-0.023,4280,14.51,12.941,0,,,,,,,,,0.705,,,,
2026-10-01T11:50:53.107,190.237,0,800.25,36,,96.906,21.569,0.0,2.344,1.0,1.0,-0.02,4280,14.51,12.941,0,,,,,,,,,,,0.781,,
2026-10-01T11:50:53.236,190.367,0,797.25,36,,96.906,21.569,-1.5,2.344,1.0,1.0,-0.02,4280,14.51,12.941,0,,,,,,,,,,,,22.353,
2026-10-01T11:50:53.366,190.496,0,796.5,36,,96.906,21.569,-2.0,2.344,1.0,1.002,-0.02,4270,14.51,12.941,0,,,,,,,,,,,,,223
2026-10-01T11:50:53.496,190.626,0,793.5,36,,96.906,21.569,-2.0,2.344,1.0,1.0,-0.02,4280,14.51,12.941,0,102,,,,,,,,,,,,
2026-10-01T11:50:53.626,190.756,0,797.25,36,,96.906,21.569,-2.5,2.344,1.0,1.0,-0.02,4280,14.51,12.941,0,,73,,,,,,,,,,,
2026-10-01T11:50:53.756,190.886,0,798.75,36,,96.906,21.569,-2.0,2.344,1.0,0.999,-0.023,4270,14.51,12.941,0,,,7.812,,,,,,,,,,
2026-10-01T11:50:53.886,191.016,0,795.25,36,,96.906,21.569,-2.5,2.344,1.0,0.998,-0.023,4260,14.51,12.941,0,,,,12.792,,,,,,,,,
2026-10-01T11:50:54.016,191.146,0,801.0,36,,96.906,21.569,-1.5,2.344,1.0,0.998,-0.023,4250,14.51,12.941,0,,,,,97,,,,,,,,
2026-10-01T11:50:54.146,191.276,0,802.75,36,,96.906,21.569,0.0,2.344,1.0,0.999,-0.023,4240,14.51,12.941,0,,,,,,32,,,,,,,
2026-10-01T11:50:54.276,191.406,0,798.75,36,,96.906,21.569,-1.0,2.344,1.0,0.999,-0.02,4230,14.51,12.941,0,,,,,,,100.0,,,,,,
2026-10-01T11:50:54.406,191.536,0,794.75,36,,96.906,21.569,-2.0,2.344,1.0,1.0,-0.02,4230,14.51,12.941,0,,,,,,,,370.6,,,,,
2026-10-01T11:50:54.537,191.667,0,800.0,36,,96.906,21.569,-1.0,2.344,1.0,0.999,-0.023,4230,14.51,12.941,0,,,,,,,,,0.705,,,,
2026-10-01T11:50:54.666,191.796,0,797.25,36,,96.906,21.569,-1.0,2.344,1.0,0.999,-0.023,4250,14.51,12.941,0,,,,,,,,,,,0.781,,
2026-10-01T11:50:54.796,191.926,0,792.25,36,,96.906,21.569,-2.0,2.344,1.0,1.0,-0.02,4250,14.51,12.941,0,,,,,,,,,,,,22.353,
2026-10-01T11:50:54.926,192.056,0,794.25,36,,96.906,21.569,-0.5,2.344,1.0,1.003,-0.016,4250,14.51,12.941,0,,,,,,,,,,,,,224
2026-10-01T11:50:55.056,192.186,0,793.5,36,,96.906,21.569,-1.0,2.344,1.0,1.002,-0.02,4240,14.51,12.941,0,102,,,,,,,,,,,,
2026-10-01T11:50:55.186,192.316,0,796.5,36,,96.906,21.569,-1.0,2.344,1.0,1.002,-0.02,4230,14.51,12.941,0,,73,,,,,,,,,,,
2026-10-01T11:50:55.316,192.446,0,796.5,36,,96.906,21.569,-1.5,2.344,1.0,1.001,-0.02,4230,14.51,12.941,0,,,7.812,,,,,,,,,,
2026-10-01T11:50:55.446,192.576,0,794.25,36,,96.906,21.569,-1.0,2.344,1.0,1.0,-0.02,4230,14.51,12.941,0,,,,12.792,,,,,,,,,
2026-10-01T11:50:55.576,192.706,0,797.0,36,,96.906,21.569,-1.0,2.344,1.0,0.999,-0.023,4220,14.51,12.941,0,,,,,97,,,,,,,,
2026-10-01T11:50:55.706,192.836,0,794.75,36,,96.906,21.569,-2.0,2.344,1.0,0.999,-0.023,4240,14.51,12.941,0,,,,,,32,,,,,,,
2026-10-01T11:50:55.836,192.966,0,795.25,36,,96.906,21.569,-2.0,2.344,1.0,1.0,-0.02,4270,14.51,12.941,0,,,,,,,100.0,,,,,,
2026-10-01T11:50:55.967,193.097,0,801.0,36,,96.906,21.569,-1.0,2.344,1.0,1.001,-0.02,4260,14.51,12.941,0,,,,,,,,370.9,,,,,
2026-10-01T11:50:56.096,193.226,0,799.75,36,,96.906,21.569,-1.0,2.344,1.0,0.998,-0.023,4240,14.51,12.941,0,,,,,,,,,0.7,,,,
2026-10-01T11:50:56.226,193.356,0,794.75,36,,96.906,21.569,-2.5,2.344,1.0,0.998,-0.023,4240,14.51,12.941,0,,,,,,,,,,,0.781,,
2026-10-01T11:50:56.356,193.486,0,797.75,36,,96.906,21.569,-1.5,2.344,1.0,0.997,-0.027,4240,14.51,12.941,0,,,,,,,,,,,,22.353,
2026-10-01T11:50:56.486,193.616,0,795.5,36,,96.906,21.569,-1.0,2.344,0.999,0.998,-0.023,4230,14.51,12.941,0,,,,,,,,,,,,,226
2026-10-01T11:50:56.616,193.746,0,798.25,36,,96.906,21.569,-1.0,2.344,0.999,0.998,-0.023,4200,14.51,12.941,0,102,,,,,,,,,,,,
2026-10-01T11:50:56.746,193.876,0,794.25,36,,96.906,21.569,-2.0,2.344,0.999,0.998,-0.023,4230,14.51,12.941,0,,72,,,,,,,,,,,
2026-10-01T11:50:56.876,194.006,0,798.5,36,,96.906,21.569,-2.0,2.344,0.999,1.001,-0.02,4220,14.51,12.941,0,,,8.594,,,,,,,,,,
2026-10-01T11:50:57.006,194.136,0,802.5,36,,96.906,21.569,-1.5,2.344,0.999,1.0,-0.02,4200,14.51,12.941,0,,,,12.812,,,,,,,,,
2026-10-01T11:50:57.136,194.266,0,795.25,36,,96.906,21.569,-1.0,2.344,0.999,1.002,-0.02,4200,14.51,12.941,0,,,,,97,,,,,,,,
2026-10-01T11:50:57.266,194.396,0,793.25,36,,96.906,21.569,-1.0,2.344,0.999,1.005,-0.016,4210,14.51,12.941,0,,,,,,32,,,,,,,
2026-10-01T11:50:57.397,194.527,0,795.5,36,,96.906,21.569,-1.5,2.344,0.999,1.004,-0.016,4210,14.51,12.941,0,,,,,,,100.0,,,,,,
2026-10-01T11:50:57.526,194.656,0,796.0,36,,96.906,21.569,-0.5,2.344,0.999,1.002,-0.02,4230,14.51,12.941,0,,,,,,,,371.1,,,,,
2026-10-01T11:50:57.656,194.786,0,792.0,36,,96.906,21.961,-2.0,2.344,0.999,1.003,-0.016,4240,14.51,12.941,0,,,,,,,,,0.7,,,,
2026-10-01T11:50:57.786,194.916,0,793.25,36,,96.906,21.569,-2.0,2.344,0.999,1.0,-0.02,4250,14.51,12.941,0,,,,,,,,,,,0.781,,
2026-10-01T11:50:57.916,195.046,0,796.5,36,,96.906,21.569,-0.5,2.344,0.999,0.999,-0.023,4240,14.51,12.941,0,,,,,,,,,,,,22.745,
2026-10-01T11:50:58.046,195.176,0,800.0,36,,96.906,21.961,-1.0,2.344,0.999,0.999,-0.023,4250,14.51,12.941,0,,,,,,,,,,,,,227
2026-10-01T11:50:58.176,195.306,0,795.75,36,,96.906,21.569,-0.5,2.344,0.999,0.997,-0.027,4260,14.51,12.941,0,102,,,,,,,,,,,,
2026-10-01T11:50:58.306,195.436,0,796.5,36,,96.906,21.961,-1.0,2.344,0.999,0.997,-0.027,4250,14.51,12.941,0,,73,,,,,,,,,,,
2026-10-01T11:50:58.436,195.566,0,795.5,36,,96.906,21.961,-1.0,2.344,0.999,0.998,-0.023,4270,14.51,12.941,0,,,8.594,,,,,,,,,,
2026-10-01T11:50:58.566,195.696,0,795.25,36,,96.906,21.961,-2.5,2.344,0.999,0.998,-0.023,4280,14.51,12.941,0,,,,12.773,,,,,,,,,
2026-10-01T11:50:58.696,195.826,0,796.25,36,,96.906,21.569,-2.0,2.344,0.999,0.997,-0.027,4290,14.51,12.941,0,,,,,97,,,,,,,,
2026-10-01T11:50:58.827,195.957,0,800.5,36,,96.906,21.569,-1.0,2.344,0.999,0.996,-0.031,4250,14.51,12.941,0,,,,,,32,,,,,,,
2026-10-01T11:50:58.956,196.086,0,800.25,36,,96.906,21.569,-1.0,1.562,0.999,0.995,-0.031,4260,14.51,12.941,0,,,,,,,100.0,,,,,,
2026-10-01T11:50:59.086,196.216,0,794.5,36,,96.906,21.569,-2.0,1.562,0.999,0.996,-0.031,4250,14.51,12.549,0,,,,,,,,371.3,,,,,
2026-10-01T11:50:59.216,196.346,0,793.75,36,,96.906,21.961,-2.0,1.562,0.999,0.998,-0.027,4290,14.51,12.549,0,,,,,,,,,0.7,,,,
2026-10-01T11:50:59.346,196.476,0,796.75,36,,96.906,21.176,1.5,1.562,0.999,0.998,-0.027,4230,14.51,12.549,0,,,,,,,,,,,0.781,,
2026-10-01T11:50:59.475,196.606,0,795.75,36,,96.906,21.569,0.5,1.562,0.999,0.996,-0.031,4120,14.51,12.941,0,,,,,,,,,,,,23.137,
2026-10-01T11:50:59.606,196.736,0,796.5,36,,96.906,22.353,-1.0,1.562,0.999,0.994,-0.035,4150,14.51,12.941,0,,,,,,,,,,,,,229
2026-10-01T11:50:59.736,196.866,0,797.5,37,,96.906,22.353,-2.5,1.562,0.999,0.993,-0.035,4360,14.51,12.549,0,102,,,,,,,,,,,,
2026-10-01T11:50:59.866,196.996,0,794.25,37,,96.906,21.961,-2.0,1.562,0.999,0.995,-0.031,4390,14.51,12.549,0,,72,,,,,,,,,,,
2026-10-01T11:50:59.996,197.126,0,799.5,36,,96.906,21.961,-2.5,1.562,0.999,0.994,-0.035,4390,14.51,12.549,0,,,8.594,,,,,,,,,,
2026-10-01T11:51:00.126,197.256,0,799.75,37,,96.906,21.961,-2.5,1.562,0.998,0.991,-0.043,4370,14.51,12.549,0,,,,12.773,,,,,,,,,
2026-10-01T11:51:00.256,197.386,0,803.0,36,,96.906,21.569,-2.5,1.562,0.998,0.989,-0.047,4370,14.51,12.549,0,,,,,97,,,,,,,,
2026-10-01T11:51:00.386,197.516,0,801.25,37,,96.906,22.353,-2.5,0.781,0.998,0.985,-0.059,4380,14.51,12.549,0,,,,,,32,,,,,,,
2026-10-01T11:51:00.517,197.647,0,800.25,37,,96.906,21.961,-3.5,0.781,0.999,0.987,-0.055,4430,14.51,12.549,0,,,,,,,100.0,,,,,,
2026-10-01T11:51:00.646,197.776,0,799.5,37,,96.906,22.353,-2.5,0.781,0.999,0.989,-0.047,4450,14.51,12.549,0,,,,,,,,371.6,,,,,
2026-10-01T11:51:00.775,197.906,0,796.0,37,,96.906,22.353,-2.5,0.781,0.999,0.987,-0.051,4460,14.51,12.549,0,,,,,,,,,0.705,,,,
2026-10-01T11:51:00.906,198.036,0,795.5,37,,96.906,22.353,-2.5,0.781,0.999,0.986,-0.055,4480,14.51,12.549,0,,,,,,,,,,,0.781,,
2026-10-01T11:51:01.036,198.166,0,799.25,37,,96.906,22.353,-2.5,0.781,0.999,0.984,-0.059,4480,14.51,12.549,0,,,,,,,,,,,,22.745,
2026-10-01T11:51:01.166,198.296,0,798.75,37,,96.906,22.353,-2.5,0.781,0.999,0.983,-0.062,4430,14.51,12.549,0,,,,,,,,,,,,,230
2026-10-01T11:51:01.296,198.426,0,797.5,37,,96.906,21.961,-3.0,0.781,0.999,0.981,-0.066,4460,14.51,12.549,0,102,,,,,,,,,,,,
2026-10-01T11:51:01.426,198.556,0,801.0,36,,96.906,21.961,-2.5,0.0,0.999,0.981,-0.066,4390,14.51,12.549,0,,73,,,,,,,,,,,
2026-10-01T11:51:01.556,198.686,0,799.25,37,,96.906,21.961,-2.5,0.0,0.999,0.98,-0.07,4390,14.51,12.549,0,,,8.594,,,,,,,,,,
2026-10-01T11:51:01.686,198.816,0,802.5,37,,96.906,21.961,-2.5,0.0,0.999,0.979,-0.074,4370,14.51,12.549,0,,,,12.753,,,,,,,,,
2026-10-01T11:51:01.816,198.946,0,801.5,37,,96.906,22.353,-2.0,0.0,1.0,0.978,-0.078,4350,14.51,12.549,0,,,,,97,,,,,,,,
2026-10-01T11:51:01.947,199.077,0,793.75,37,,96.938,21.961,-1.5,0.0,1.0,0.979,-0.074,4360,14.51,12.549,0,,,,,,32,,,,,,,
2026-10-01T11:51:02.076,199.206,0,794.75,37,,96.906,22.353,-1.5,0.0,1.0,0.982,-0.066,4370,14.51,12.549,0,,,,,,,100.0,,,,,,
2026-10-01T11:51:02.206,199.336,0,797.25,37,,96.906,22.353,-2.5,0.0,1.0,0.981,-0.066,4370,14.51,12.549,0,,,,,,,,371.9,,,,,
2026-10-01T11:51:02.336,199.466,0,799.0,37,,96.906,22.353,-1.5,0.0,1.0,0.983,-0.062,4370,14.51,12.549,0,,,,,,,,,0.725,,,,
2026-10-01T11:51:02.466,199.596,0,795.0,37,,96.906,22.353,-2.5,0.0,1.0,0.984,-0.062,4410,14.51,12.549,0,,,,,,,,,,,0.781,,
2026-10-01T11:51:02.596,199.726,0,795.0,37,,96.906,22.353,-2.5,0.0,1.0,0.983,-0.062,4450,14.51,12.549,0,,,,,,,,,,,,23.137,
2026-10-01T11:51:02.725,199.856,0,801.5,37,,96.906,22.353,-3.0,0.0,1.0,0.983,-0.062,4460,14.51,12.549,0,,,,,,,,,,,,,232
2026-10-01T11:51:02.856,199.986,0,803.25,37,,96.906,22.353,-2.5,0.0,1.0,0.982,-0.066,4460,14.51,12.549,0,102,,,,,,,,,,,,
2026-10-01T11:51:02.985,200.116,0,799.25,37,,96.938,22.353,-3.5,-0.781,1.0,0.981,-0.07,4460,14.51,12.549,0,,73,,,,,,,,,,,
2026-10-01T11:51:03.116,200.246,0,797.0,37,,96.906,21.961,-4.0,-0.781,1.0,0.979,-0.074,4460,14.51,12.549,0,,,9.375,,,,,,,,,,
2026-10-01T11:51:03.246,200.376,0,800.75,37,,96.906,22.353,-2.5,-0.781,1.0,0.979,-0.074,4430,14.51,12.549,0,,,,12.851,,,,,,,,,
2026-10-01T11:51:03.376,200.506,0,794.75,37,,96.906,21.961,-1.5,-0.781,1.0,0.977,-0.082,4360,14.51,12.549,0,,,,,97,,,,,,,,
2026-10-01T11:51:03.506,200.636,0,797.25,37,,96.906,21.961,-2.5,-1.562,1.0,0.976,-0.082,4330,14.51,12.549,0,,,,,,32,,,,,,,
2026-10-01T11:51:03.637,200.767,0,802.25,37,,96.906,22.353,-3.5,-1.562,1.0,0.975,-0.086,4390,14.51,12.549,0,,,,,,,100.0,,,,,,
2026-10-01T11:51:03.766,200.896,0,800.5,37,,96.906,22.353,-0.5,-1.562,1.0,0.977,-0.082,4390,14.51,12.549,0,,,,,,,,372.1,,,,,
2026-10-01T11:51:03.896,201.026,0,794.25,37,,96.906,22.353,-1.5,-1.562,1.0,0.978,-0.078,4360,14.51,12.549,0,,,,,,,,,0.76,,,,
2026-10-01T11:51:04.026,201.156,0,800.0,37,,96.906,22.353,-2.5,-1.562,1.0,0.976,-0.086,4390,14.51,12.549,0,,,,,,,,,,,0.781,,
2026-10-01T11:51:04.156,201.286,0,799.5,37,,96.906,22.353,-1.0,-2.344,1.0,0.974,-0.086,4390,14.51,12.549,0,,,,,,,,,,,,23.137,
2026-10-01T11:51:04.286,201.416,0,796.5,37,,96.906,22.353,-2.5,-2.344,1.001,0.971,-0.094,4410,14.51,12.549,0,,,,,,,,,,,,,234
2026-10-01T11:51:04.416,201.546,0,793.25,37,,96.906,22.353,-2.5,-2.344,1.001,0.97,-0.098,4400,14.51,12.549,0,102,,,,,,,,,,,,
2026-10-01T11:51:04.546,201.676,0,799.5,37,,96.906,22.353,-2.5,-3.125,1.001,0.971,-0.094,4400,14.51,12.549,0,,73,,,,,,,,,,,
2026-10-01T11:51:04.676,201.806,0,800.0,37,,96.906,22.353,-1.0,-3.125,1.001,0.97,-0.098,4400,14.51,12.549,0,,,9.375,,,,,,,,,,
2026-10-01T11:51:04.806,201.936,0,793.5,37,,96.906,22.353,-2.5,-3.125,1.001,0.971,-0.094,4410,14.51,12.549,0,,,,12.734,,,,,,,,,
2026-10-01T11:51:04.936,202.066,0,792.0,37,,96.938,22.353,-2.5,-3.906,1.001,0.97,-0.098,4390,14.51,12.549,0,,,,,97,,,,,,,,
2026-10-01T11:51:05.066,202.196,0,801.25,37,,96.906,21.961,-2.0,-3.906,1.002,0.969,-0.102,4310,14.51,12.549,0,,,,,,32,,,,,,,
2026-10-01T11:51:05.196,202.326,0,802.5,37,,96.906,21.961,-1.0,-3.906,1.003,0.966,-0.105,4300,14.51,12.549,0,,,,,,,100.0,,,,,,
2026-10-01T11:51:05.325,202.455,0,796.5,37,,96.938,22.353,-3.0,-4.688,1.004,0.969,-0.098,4280,14.51,12.549,0,,,,,,,,372.5,,,,,
2026-10-01T11:51:05.456,202.586,0,795.25,37,,96.906,21.961,-2.5,-4.688,1.005,0.971,-0.094,4320,14.51,12.549,0,,,,,,,,,0.81,,,,
2026-10-01T11:51:05.586,202.716,0,803.25,37,,96.906,22.353,-2.0,-4.688,1.005,0.973,-0.09,4320,14.51,12.549,0,,,,,,,,,,,0.781,,
2026-10-01T11:51:05.716,202.846,0,802.5,37,,96.906,21.961,-3.0,-4.688,1.006,0.974,-0.09,4330,14.51,12.549,0,,,,,,,,,,,,22.745,
2026-10-01T11:51:05.846,202.976,0,796.75,37,,96.906,21.961,-2.5,-5.469,1.006,0.972,-0.094,4330,14.51,12.549,0,,,,,,,,,,,,,235
2026-10-01T11:51:05.976,203.106,0,796.25,37,,96.906,21.961,-2.5,-5.469,1.006,0.97,-0.098,4300,14.51,12.549,0,102,,,,,,,,,,,,
2026-10-01T11:51:06.105,203.235,0,795.75,37,,96.906,21.961,-2.5,-6.25,1.006,0.97,-0.098,4320,14.51,12.549,0,,73,,,,,,,,,,,
2026-10-01T11:51:06.236,203.366,0,795.5,37,,96.938,22.353,-2.5,-6.25,1.006,0.972,-0.094,4300,14.51,12.157,0,,,9.375,,,,,,,,,,
2026-10-01T11:51:06.366,203.496,0,796.0,37,,96.938,21.961,-1.5,-6.25,1.006,0.969,-0.102,4280,14.51,12.549,0,,,,12.812,,,,,,,,,
2026-10-01T11:51:06.496,203.626,0,801.25,37,,96.906,22.353,-2.5,-6.25,1.005,0.97,-0.098,4290,14.51,12.549,0,,,,,97,,,,,,,,
2026-10-01T11:51:06.626,203.756,0,802.0,37,,96.906,22.353,-4.0,-7.031,1.005,0.97,-0.098,4370,14.51,12.157,0,,,,,,32,,,,,,,
2026-10-01T11:51:06.756,203.887,0,798.75,38,,96.906,22.353,-2.5,-7.031,1.005,0.97,-0.098,4400,14.51,12.157,0,,,,,,,100.0,,,,,,
2026-10-01T11:51:06.886,204.016,0,797.0,37,,96.906,21.569,0.0,-7.031,1.005,0.973,-0.09,4340,14.51,12.549,0,,,,,,,,372.7,,,,,
2026-10-01T11:51:07.016,204.146,0,791.75,37,,96.906,21.961,-1.0,-7.031,1.004,0.972,-0.094,4280,14.51,12.549,0,,,,,,,,,0.82,,,,
2026-10-01T11:51:07.146,204.276,0,798.0,37,,96.906,22.353,-2.5,-7.812,1.004,0.975,-0.086,4320,14.51,12.549,0,,,,,,,,,,,0.781,,
2026-10-01T11:51:07.275,204.406,0,797.75,37,,96.906,22.353,-2.5,-7.812,1.004,0.975,-0.086,4380,14.51,12.157,0,,,,,,,,,,,,23.137,
2026-10-01T11:51:07.405,204.536,0,797.0,37,,96.906,21.961,-2.0,-7.812,1.004,0.974,-0.09,4370,14.51,12.157,0,,,,,,,,,,,,,237
2026-10-01T11:51:07.536,204.666,0,800.75,37,,96.906,21.961,-1.0,-7.812,1.004,0.974,-0.086,4330,14.51,12.157,0,102,,,,,,,,,,,,
2026-10-01T11:51:07.666,204.796,0,795.0,37,,96.906,21.961,-1.0,-8.594,1.004,0.972,-0.094,4280,14.51,12.549,0,,73,,,,,,,,,,,
2026-10-01T11:51:07.796,204.926,0,792.25,37,,96.906,21.961,-0.5,-8.594,1.004,0.973,-0.09,4260,14.51,12.549,0,,,9.375,,,,,,,,,,
2026-10-01T11:51:07.926,205.056,0,798.0,37,,96.906,21.961,0.0,-8.594,1.004,0.973,-0.09,4250,14.51,12.549,0,,,,12.812,,,,,,,,,
2026-10-01T11:51:08.056,205.186,0,799.0,37,,96.906,22.353,-1.0,-8.594,1.004,0.975,-0.086,4290,14.51,12.549,0,,,,,97,,,,,,,,
2026-10-01T11:51:08.187,205.317,0,799.75,37,,96.906,22.353,-2.0,-9.375,1.004,0.975,-0.086,4330,14.51,12.549,0,,,,,,32,,,,,,,
2026-10-01T11:51:08.316,205.446,0,793.75,37,,96.906,22.353,-2.5,-9.375,1.004,0.976,-0.086,4370,14.51,12.549,0,,,,,,,100.0,,,,,,
2026-10-01T11:51:08.446,205.576,0,793.75,37,,96.906,21.961,-2.0,-9.375,1.004,0.979,-0.078,4350,14.51,12.157,0,,,,,,,,373.1,,,,,
2026-10-01T11:51:08.576,205.706,0,800.0,37,,96.906,22.353,-1.5,-9.375,1.004,0.979,-0.078,4350,14.51,12.549,0,,,,,,,,,0.82,,,,
2026-10-01T11:51:08.706,205.836,0,796.0,37,,96.906,22.353,-2.5,-9.375,1.005,0.979,-0.074,4350,14.51,12.549,0,,,,,,,,,,,0.781,,
2026-10-01T11:51:08.835,205.966,0,798.25,37,,96.906,22.353,-1.5,-10.156,1.005,0.979,-0.074,4330,14.51,12.549,0,,,,,,,,,,,,23.137,
2026-10-01T11:51:08.966,206.096,0,798.0,37,,96.906,22.353,-1.0,-10.156,1.004,0.981,-0.066,4320,14.51,12.549,0,,,,,,,,,,,,,238
2026-10-01T11:51:09.096,206.226,0,796.5,37,,96.906,22.353,-1.5,-10.156,1.004,0.983,-0.062,4350,14.51,12.549,0,102,,,,,,,,,,,,
2026-10-01T11:51:09.226,206.356,0,791.75,37,,96.906,21.961,-1.0,-10.156,1.004,0.987,-0.055,4360,14.51,12.157,0,,73,,,,,,,,,,,
2026-10-01T11:51:09.355,206.486,0,788.5,37,,96.906,21.961,0.5,-10.156,1.004,0.987,-0.055,4350,14.51,12.157,0,,,10.156,,,,,,,,,,
2026-10-01T11:51:09.486,206.616,0,790.25,37,,96.906,21.569,2.0,-10.156,1.004,0.986,-0.055,4310,14.51,12.549,0,,,,12.675,,,,,,,,,
2026-10-01T11:51:09.616,206.746,0,783.25,36,,96.906,21.569,1.5,-10.156,1.004,0.99,-0.043,4260,14.51,12.549,0,,,,,97,,,,,,,,
2026-10-01T11:51:09.745,206.876,0,787.5,37,,96.906,21.961,1.5,-10.156,1.004,0.992,-0.039,4240,14.51,12.549,0,,,,,,32,,,,,,,
2026-10-01T11:51:09.876,207.006,0,793.25,38,,96.906,22.353,0.5,-10.156,1.004,0.998,-0.023,4330,14.51,12.549,0,,,,,,,100.0,,,,,,
2026-10-01T11:51:10.006,207.136,0,790.75,38,,96.906,22.745,-1.0,-9.375,1.003,1.001,-0.02,4450,14.51,12.549,0,,,,,,,,373.3,,,,,
2026-10-01T11:51:10.136,207.266,0,793.25,38,,96.906,22.353,-2.5,-9.375,1.003,1.007,-0.012,4510,14.51,12.549,0,,,,,,,,,0.79,,,,
2026-10-01T11:51:10.265,207.396,0,796.25,38,,96.906,22.353,-1.0,-9.375,1.003,1.013,-0.008,4510,14.51,12.549,0,,,,,,,,,,,0.781,,
2026-10-01T11:51:10.396,207.526,0,794.0,37,,96.938,21.961,0.5,-9.375,1.002,1.01,-0.012,4490,14.51,12.549,0,,,,,,,,,,,,23.137,
2026-10-01T11:51:10.526,207.656,0,786.0,37,,96.906,22.353,0.5,-8.594,1.002,1.016,-0.004,4440,14.51,12.549,0,,,,,,,,,,,,,240
2026-10-01T11:51:10.655,207.786,0,795.25,37,,96.906,22.353,-1.0,-8.594,1.002,1.018,-0.004,4470,14.51,12.549,0,102,,,,,,,,,,,,
2026-10-01T11:51:10.786,207.916,0,794.75,38,,96.906,22.745,0.0,-8.594,1.002,1.019,0.0,4490,14.51,12.549,0,,73,,,,,,,,,,,
2026-10-01T11:51:10.916,208.046,0,795.25,38,,96.906,22.745,-2.5,-8.594,1.001,1.021,0.0,4580,14.51,12.549,0,,,10.156,,,,,,,,,,
2026-10-01T11:51:11.046,208.176,0,787.5,38,,96.906,22.745,-2.5,-7.812,1.001,1.021,0.0,4630,14.51,12.549,0,,,,12.773,,,,,,,,,
2026-10-01T11:51:11.177,208.307,0,789.5,38,,96.938,22.353,-2.0,-7.812,1.001,1.024,0.004,4640,14.51,12.157,0,,,,,97,,,,,,,,
2026-10-01T11:51:11.306,208.436,0,791.75,37,,96.906,21.961,1.5,-7.812,1.001,1.021,0.0,4530,14.51,12.549,0,,,,,,32,,,,,,,
2026-10-01T11:51:11.436,208.566,0,785.75,37,,96.906,21.961,-0.5,-7.812,1.001,1.021,0.0,4450,14.51,12.549,0,,,,,,,100.0,,,,,,
2026-10-01T11:51:11.566,208.696,0,795.25,38,,96.938,22.745,-1.0,-7.031,1.001,1.026,0.008,4460,14.51,12.549,0,,,,,,,,373.6,,,,,
2026-10-01T11:51:11.695,208.826,0,793.25,38,,96.906,22.353,-2.0,-7.031,1.001,1.026,0.008,4490,14.51,12.549,0,,,,,,,,,0.78,,,,
2026-10-01T11:51:11.826,208.956,0,798.75,38,,96.969,22.745,-3.0,-7.031,1.001,1.026,0.008,4550,14.51,12.549,0,,,,,,,,,,,0.781,,
2026-10-01T11:51:11.956,209.086,0,795.75,38,,96.938,22.745,-2.5,-7.031,1.001,1.024,0.004,4580,14.51,12.549,0,,,,,,,,,,,,23.137,
2026-10-01T11:51:12.085,209.215,0,797.75,38,,96.969,22.353,-1.5,-7.031,1.0,1.02,0.0,4530,14.51,12.549,0,,,,,,,,,,,,,241
2026-10-01T11:51:12.216,209.346,0,795.75,37,,96.938,22.353,-2.0,-7.031,1.0,1.017,-0.004,4490,14.51,12.549,0,102,,,,,,,,,,,,
2026-10-01T11:51:12.347,209.477,0,795.75,37,,96.906,21.961,-1.5,-6.25,1.0,1.016,-0.004,4460,14.51,12.549,0,,73,,,,,,,,,,,
2026-10-01T11:51:12.476,209.606,0,790.0,37,,96.938,22.353,-1.0,-6.25,1.0,1.015,-0.004,4420,14.51,12.549,0,,,9.375,,,,,,,,,,
2026-10-01T11:51:12.606,209.736,0,789.5,38,,96.906,22.353,-1.0,-6.25,1.0,1.013,-0.008,4430,14.51,12.549,0,,,,12.792,,,,,,,,,
2026-10-01T11:51:12.736,209.866,0,797.75,37,,96.938,21.961,-1.0,-6.25,1.0,1.01,-0.012,4390,14.51,12.549,0,,,,,97,,,,,,,,
2026-10-01T11:51:12.865,209.995,0,799.25,37,,96.969,21.961,-1.0,-6.25,1.0,1.006,-0.016,4380,14.51,12.549,0,,,,,,32,,,,,,,
2026-10-01T11:51:12.996,210.126,0,789.5,37,,96.906,22.353,0.0,-7.031,1.0,1.005,-0.016,4380,14.51,12.549,0,,,,,,,100.0,,,,,,
2026-10-01T11:51:13.126,210.256,0,794.0,38,,96.938,22.353,-1.0,-7.031,1.0,0.999,-0.023,4390,14.51,12.549,0,,,,,,,,373.9,,,,,
2026-10-01T11:51:13.256,210.386,0,796.75,38,,96.938,22.353,-1.0,-7.031,1.0,0.997,-0.027,4420,14.51,12.549,0,,,,,,,,,0.78,,,,
2026-10-01T11:51:13.386,210.516,0,799.25,37,,96.906,21.961,-2.0,-7.031,1.0,0.995,-0.031,4430,14.51,12.549,0,,,,,,,,,,,0.781,,
2026-10-01T11:51:13.517,210.647,0,796.75,38,,96.906,22.353,-2.5,-7.031,1.0,0.991,-0.043,4470,14.51,12.549,0,,,,,,,,,,,,23.137,
2026-10-01T11:51:13.646,210.776,0,798.0,37,,96.906,22.353,-2.5,-7.031,1.0,0.989,-0.047,4450,14.51,12.549,0,,,,,,,,,,,,,243
2026-10-01T11:51:13.775,210.905,0,800.0,37,,96.906,22.353,-2.5,-7.812,1.0,0.987,-0.055,4440,14.51,12.549,0,102,,,,,,,,,,,,
2026-10-01T11:51:13.906,211.036,0,799.5,37,,96.906,22.353,-2.5,-7.812,1.001,0.986,-0.055,4410,14.51,12.549,0,,73,,,,,,,,,,,
2026-10-01T11:51:14.035,211.166,0,797.0,37,,96.906,21.961,-2.5,-7.812,1.001,0.986,-0.055,4390,14.51,12.549,0,,,10.156,,,,,,,,,,
2026-10-01T11:51:14.166,211.296,0,796.25,37,,96.906,22.353,-1.5,-7.812,1.001,0.986,-0.055,4390,14.51,12.549,0,,,,12.734,,,,,,,,,
2026-10-01T11:51:14.295,211.425,0,799.5,37,,96.906,21.961,-2.5,-7.812,1.001,0.989,-0.047,4390,14.51,12.549,0,,,,,97,,,,,,,,
2026-10-01T11:51:14.426,211.556,0,798.5,37,,96.906,22.353,-3.0,-7.812,1.001,0.99,-0.047,4420,14.51,12.549,0,,,,,,32,,,,,,,
2026-10-01T11:51:14.556,211.686,0,792.5,37,,96.938,22.353,-1.5,-7.812,1.001,0.991,-0.043,4410,14.51,12.549,0,,,,,,,100.0,,,,,,
2026-10-01T11:51:14.686,211.816,0,796.5,38,,96.906,22.353,-1.0,-7.812,1.001,0.994,-0.035,4430,14.51,12.549,0,,,,,,,,374.2,,,,,
2026-10-01T11:51:14.816,211.946,0,797.25,37,,96.906,22.353,-2.5,-7.812,1.001,0.998,-0.023,4420,14.51,12.549,0,,,,,,,,,0.78,,,,
2026-10-01T11:51:14.946,212.076,0,797.25,37,,96.938,21.961,-1.5,-7.812,1.001,1.003,-0.016,4400,14.51,12.549,0,,,,,,,,,,,0.781,,
2026-10-01T11:51:15.076,212.206,0,798.0,37,,96.938,22.353,-1.5,-7.031,1.001,1.003,-0.016,4380,14.51,12.157,0,,,,,,,,,,,,22.745,
2026-10-01T11:51:15.205,212.336,0,789.75,37,,96.938,21.961,-1.0,-7.812,1.001,1.004,-0.016,4370,14.51,12.549,0,,,,,,,,,,,,,245
2026-10-01T11:51:15.336,212.466,0,792.0,37,,96.938,22.353,-1.0,-7.812,1.001,1.001,-0.02,4390,14.51,12.549,0,102,,,,,,,,,,,,
2026-10-01T11:51:15.465,212.596,0,797.75,37,,96.969,21.961,-1.5,-7.812,1.001,0.999,-0.023,4360,14.51,12.549,0,,73,,,,,,,,,,,
2026-10-01T11:51:15.596,212.726,0,796.25,37,,96.938,22.353,-1.5,-7.812,1.001,0.997,-0.027,4360,14.51,12.549,0,,,10.156,,,,,,,,,,
2026-10-01T11:51:15.726,212.856,0,790.75,37,,96.906,22.353,-1.0,-7.812,1.001,1.001,-0.02,4340,14.51,12.549,0,,,,12.812,,,,,,,,,
2026-10-01T11:51:15.855,212.985,0,795.25,37,,96.938,22.353,0.5,-7.031,1.001,1.006,-0.016,4350,14.51,12.549,0,,,,,97,,,,,,,,
2026-10-01T11:51:15.986,213.116,0,797.5,37,,96.938,21.961,-0.5,-7.031,1.001,1.008,-0.012,4330,14.51,12.549,0,,,,,,32,,,,,,,
2026-10-01T11:51:16.125,213.255,0,799.5,37,,96.969,22.353,-2.5,-7.031,1.001,1.013,-0.008,4370,14.51,12.549,0,,,,,,,100.0,,,,,,
2026-10-01T11:51:16.255,213.386,0,793.25,37,,96.906,22.353,-2.0,-7.031,1.001,1.012,-0.008,4370,14.51,12.157,0,,,,,,,,374.5,,,,,
2026-10-01T11:51:16.386,213.516,0,793.25,37,,96.938,22.353,-1.0,-6.25,1.001,1.017,-0.004,4390,14.51,12.157,0,,,,,,,,,0.78,,,,
2026-10-01T11:51:16.515,213.646,0,792.5,37,,96.969,21.961,0.0,-6.25,1.001,1.017,-0.004,4370,14.51,12.157,0,,,,,,,,,,,0.781,,
2026-10-01T11:51:16.646,213.777,0,788.25,37,,96.938,21.961,-1.0,-6.25,1.001,1.021,0.0,4350,14.51,12.157,0,,,,,,,,,,,,22.745,
2026-10-01T11:51:16.776,213.906,0,788.0,37,,96.906,21.961,0.0,-5.469,1.001,1.025,0.004,4340,14.51,12.157,0,,,,,,,,,,,,,246
2026-10-01T11:51:16.906,214.036,0,793.0,37,,96.906,21.961,1.0,-5.469,1.001,1.025,0.004,4330,14.51,12.549,0,102,,,,,,,,,,,,
2026-10-01T11:51:17.035,214.165,0,793.75,37,,96.938,22.353,-0.5,-5.469,1.001,1.022,0.0,4350,14.51,12.549,0,,73,,,,,,,,,,,
2026-10-01T11:51:17.166,214.296,0,792.75,38,,96.938,22.353,-2.5,-5.469,1.001,1.02,0.0,4380,14.51,12.549,0,,,9.375,,,,,,,,,,
2026-10-01T11:51:17.295,214.425,0,791.75,38,,96.938,22.745,-2.0,-5.469,1.001,1.022,0.004,4470,14.51,12.549,0,,,,12.773,,,,,,,,,
2026-10-01T11:51:17.426,214.556,0,799.75,38,,96.906,22.745,-2.5,-5.469,1.001,1.021,0.0,4500,14.51,12.549,0,,,,,97,,,,,,,,
2026-10-01T11:51:17.556,214.686,0,795.25,38,,96.969,22.353,-3.0,-4.688,1.001,1.017,-0.004,4510,14.51,12.549,0,,,,,,32,,,,,,,
2026-10-01T11:51:17.685,214.815,0,794.5,38,,96.906,22.353,-1.0,-5.469,1.0,1.015,-0.004,4490,14.51,12.157,0,,,,,,,100.0,,,,,,
2026-10-01T11:51:17.816,214.946,0,798.75,37,,96.969,22.353,-1.5,-5.469,1.001,1.013,-0.008,4480,14.51,12.549,0,,,,,,,,374.8,,,,,
2026-10-01T11:51:17.946,215.076,0,800.25,37,,96.938,22.353,-1.0,-4.688,1.0,1.019,0.0,4440,14.51,12.549,0,,,,,,,,,0.78,,,,
2026-10-01T11:51:18.076,215.206,0,796.25,37,,96.906,22.353,-0.5,-4.688,1.001,1.02,0.0,4440,14.51,12.549,0,,,,,,,,,,,0.781,,
2026-10-01T11:51:18.205,215.336,0,792.5,37,,96.906,22.353,-1.0,-4.688,1.001,1.021,0.0,4430,14.51,12.549,0,,,,,,,,,,,,22.745,
2026-10-01T11:51:18.335,215.465,0,800.25,37,,96.906,21.961,-3.5,-4.688,1.001,1.02,0.0,4450,14.51,12.549,0,,,,,,,,,,,,,248
2026-10-01T11:51:18.466,215.596,0,797.75,38,,96.906,22.745,-2.5,-4.688,1.001,1.014,-0.008,4490,14.51,12.549,0,102,,,,,,,,,,,,
2026-10-01T11:51:18.595,215.726,0,797.25,38,,96.938,22.353,-2.5,-4.688,1.001,1.009,-0.012,4520,14.51,12.549,0,,73,,,,,,,,,,,
2026-10-01T11:51:18.726,215.856,0,796.0,38,,96.906,22.353,-2.5,-4.688,1.001,1.006,-0.016,4540,14.51,12.549,0,,,9.375,,,,,,,,,,
2026-10-01T11:51:18.856,215.986,0,801.0,38,,96.938,22.353,-1.5,-4.688,1.001,1.001,-0.02,4520,14.51,12.549,0,,,,12.851,,,,,,,,,
2026-10-01T11:51:18.985,216.115,0,795.0,38,,96.938,22.353,-2.5,-4.688,1.0,0.998,-0.023,4550,14.51,12.549,0,,,,,97,,,,,,,,
2026-10-01T11:51:19.116,216.246,0,798.5,38,,96.906,22.353,-2.5,-4.688,1.001,0.998,-0.027,4520,14.51,12.549,0,,,,,,32,,,,,,,
2026-10-01T11:51:19.246,216.376,0,793.75,37,,96.938,21.961,-2.5,-4.688,1.001,0.996,-0.031,4510,14.51,12.549,0,,,,,,,100.0,,,,,,
2026-10-01T11:51:19.376,216.506,0,795.75,37,,97.0,22.353,-1.0,-5.469,1.001,0.993,-0.039,4490,14.51,12.549,0,,,,,,,,375.1,,,,,
2026-10-01T11:51:19.505,216.635,0,793.5,37,,96.969,22.353,-2.5,-5.469,1.001,0.993,-0.039,4490,14.51,12.549,0,,,,,,,,,0.785,,,,
2026-10-01T11:51:19.636,216.766,0,798.25,37,,96.906,22.353,-2.5,-5.469,1.001,0.992,-0.039,4450,14.51,12.549,0,,,,,,,,,,,0.781,,
2026-10-01T11:51:19.765,216.896,0,803.75,37,,96.906,21.961,-1.5,-5.469,1.001,0.993,-0.035,4430,14.51,12.549,0,,,,,,,,,,,,22.745,
2026-10-01T11:51:19.896,217.026,0,805.25,37,,96.938,22.353,-2.0,-5.469,1.001,0.991,-0.043,4440,14.51,12.549,0,,,,,,,,,,,,,249
2026-10-01T11:51:20.025,217.155,0,800.0,38,,96.938,22.353,-3.5,-5.469,1.001,0.991,-0.043,4440,14.51,12.549,0,103,,,,,,,,,,,,
2026-10-01T11:51:20.155,217.285,0,803.0,37,,96.906,22.353,-3.5,-5.469,1.001,0.991,-0.043,4460,14.51,12.549,0,,73,,,,,,,,,,,
2026-10-01T11:51:20.285,217.415,0,798.75,38,,96.969,22.353,-2.0,-5.469,1.001,0.992,-0.043,4480,14.51,12.549,0,,,9.375,,,,,,,,,,
2026-10-01T11:51:20.416,217.546,0,800.0,38,,97.0,22.353,-3.0,-5.469,1.001,0.994,-0.035,4500,14.51,12.549,0,,,,12.753,,,,,,,,,
2026-10-01T11:51:20.546,217.676,0,796.25,38,,97.0,22.353,-2.0,-5.469,1.001,0.994,-0.035,4510,14.51,12.549,0,,,,,97,,,,,,,,
2026-10-01T11:51:20.675,217.805,0,796.25,38,,96.969,22.353,0.5,-5.469,1.001,0.996,-0.031,4490,14.51,12.549,0,,,,,,32,,,,,,,
2026-10-01T11:51:20.806,217.936,0,801.0,37,,96.906,22.353,-2.0,-5.469,1.001,0.998,-0.023,4480,14.51,12.549,0,,,,,,,100.0,,,,,,
2026-10-01T11:51:20.936,218.066,0,800.0,38,,96.906,22.353,-2.5,-5.469,1.001,1.0,-0.02,4490,14.51,12.549,0,,,,,,,,375.3,,,,,
2026-10-01T11:51:21.066,218.196,0,802.0,38,,96.906,22.353,-2.5,-5.469,1.001,1.002,-0.02,4480,14.51,12.549,0,,,,,,,,,0.785,,,,
2026-10-01T11:51:21.195,218.325,0,797.75,38,,97.0,22.353,-3.0,-5.469,1.001,0.999,-0.02,4480,14.51,12.549,0,,,,,,,,,,,0.781,,
2026-10-01T11:51:21.326,218.456,0,801.75,38,,96.938,21.961,-2.0,-5.469,1.001,0.999,-0.023,4490,14.51,12.549,0,,,,,,,,,,,,23.137,
2026-10-01T11:51:21.456,218.586,0,799.0,37,,97.0,22.353,-3.0,-5.469,1.001,0.999,-0.023,4490,14.51,12.549,0,,,,,,,,,,,,,251
2026-10-01T11:51:21.585,218.715,0,796.0,37,,96.969,21.961,-1.5,-5.469,1.001,1.002,-0.02,4470,14.51,12.549,0,102,,,,,,,,,,,,
2026-10-01T11:51:21.715,218.845,0,793.5,37,,96.938,22.353,-1.0,-5.469,1.001,1.004,-0.016,4440,14.51,12.549,0,,73,,,,,,,,,,,
2026-10-01T11:51:21.845,218.976,0,792.25,38,,96.906,22.353,0.0,-5.469,1.001,1.007,-0.012,4430,14.51,12.549,0,,,9.375,,,,,,,,,,
2026-10-01T11:51:21.976,219.106,0,797.0,38,,96.906,22.745,-2.0,-4.688,1.001,1.011,-0.008,4450,14.51,12.549,0,,,,12.832,,,,,,,,,
2026-10-01T11:51:22.105,219.235,0,796.25,38,,96.938,23.137,-4.0,-4.688,1.001,1.012,-0.008,4570,14.51,12.549,0,,,,,97,,,,,,,,
2026-10-01T11:51:22.235,219.365,0,793.25,38,,96.969,22.745,-3.5,-4.688,1.001,1.008,-0.012,4670,14.51,12.157,0,,,,,,32,,,,,,,
2026-10-01T11:51:22.366,219.497,0,799.5,38,,96.969,21.961,-2.0,-4.688,1.001,1.005,-0.016,4710,14.51,12.157,0,,,,,,,100.0,,,,,,
2026-10-01T11:51:22.495,219.626,0,793.5,37,,97.0,21.961,0.0,-4.688,1.001,1.008,-0.012,4600,14.51,12.549,0,,,,,,,,375.6,,,,,
2026-10-01T11:51:22.626,219.756,0,793.5,37,,96.906,22.745,-3.0,-4.688,1.0,1.011,-0.008,4490,14.51,12.157,0,,,,,,,,,0.78,,,,
2026-10-01T11:51:22.756,219.886,0,795.25,38,,96.969,22.745,-1.0,-4.688,1.001,1.013,-0.008,4530,14.51,12.549,0,,,,,,,,,,,0.781,,
2026-10-01T11:51:22.886,220.016,0,803.5,37,,96.906,22.745,-2.0,-3.906,1.001,1.015,-0.004,4480,14.51,12.549,0,,,,,,,,,,,,23.529,
2026-10-01T11:51:23.025,220.155,0,794.75,38,,96.969,22.745,-4.0,-3.906,1.001,1.018,-0.004,4630,14.51,12.157,0,,,,,,,,,,,,,252
2026-10-01T11:51:23.156,220.286,0,796.25,37,,96.938,21.961,-1.5,-3.906,1.001,1.016,-0.004,4680,14.51,12.549,0,103,,,,,,,,,,,,
2026-10-01T11:51:23.286,220.416,0,804.0,37,,96.938,22.353,-2.5,-3.906,1.001,1.009,-0.012,4640,14.51,12.549,0,,73,,,,,,,,,,,
2026-10-01T11:51:23.416,220.546,0,800.25,38,,96.906,22.353,-4.0,-3.906,1.001,1.003,-0.016,4650,14.51,12.549,0,,,9.375,,,,,,,,,,
2026-10-01T11:51:23.546,220.676,0,798.0,38,,96.906,22.745,-3.0,-3.906,1.001,1.003,-0.016,4620,14.51,12.549,0,,,,12.695,,,,,,,,,
2026-10-01T11:51:23.675,220.805,0,801.75,38,,96.906,22.353,-3.0,-3.906,1.001,1.008,-0.012,4630,14.51,12.549,0,,,,,97,,,,,,,,
2026-10-01T11:51:23.805,220.936,0,805.5,38,,96.938,22.745,-3.0,-3.906,1.001,1.006,-0.016,4600,14.51,12.549,0,,,,,,32,,,,,,,
2026-10-01T11:51:23.936,221.066,0,804.75,37,,96.969,21.961,-2.5,-3.906,1.0,1.0,-0.02,4580,14.51,12.549,0,,,,,,,100.0,,,,,,
2026-10-01T11:51:24.066,221.196,0,805.25,38,,96.938,22.353,-3.5,-3.906,1.0,0.997,-0.027,4530,14.51,12.549,0,,,,,,,,375.9,,,,,
2026-10-01T11:51:24.195,221.325,0,811.75,37,,96.906,22.353,-4.0,-4.688,1.0,0.993,-0.035,4480,14.51,12.549,0,,,,,,,,,0.785,,,,
2026-10-01T11:51:24.326,221.456,0,806.25,37,,96.906,21.961,-4.0,-4.688,1.001,0.99,-0.043,4440,14.51,12.549,0,,,,,,,,,,,0.781,,
2026-10-01T11:51:24.455,221.586,0,800.0,37,,96.906,21.961,-3.0,-4.688,1.001,0.99,-0.047,4400,14.51,12.549,0,,,,,,,,,,,,23.137,
2026-10-01T11:51:24.585,221.715,0,793.0,37,,96.906,21.961,-1.5,-4.688,1.001,0.992,-0.039,4360,14.51,12.549,0,,,,,,,,,,,,,254
2026-10-01T11:51:24.715,221.845,0,797.5,37,,96.938,22.353,0.0,-4.688,1.001,0.994,-0.035,4330,14.51,12.549,0,103,,,,,,,,,,,,
2026-10-01T11:51:24.845,221.976,0,798.5,37,,96.938,22.353,-1.5,-4.688,1.001,0.997,-0.027,4370,14.51,12.549,0,,73,,,,,,,,,,,
2026-10-01T11:51:24.976,222.106,0,792.0,37,,96.906,22.353,-1.5,-4.688,1.001,0.999,-0.023,4390,14.51,12.549,0,,,9.375,,,,,,,,,,
2026-10-01T11:51:25.106,222.236,0,799.5,38,,96.906,22.353,-2.0,-4.688,1.001,0.999,-0.023,4450,14.51,12.549,0,,,,12.734,,,,,,,,,
2026-10-01T11:51:25.236,222.366,0,797.25,38,,96.906,22.745,-3.0,-4.688,1.001,0.999,-0.02,4550,14.51,12.549,0,,,,,97,,,,,,,,
2026-10-01T11:51:25.366,222.496,0,795.0,38,,96.906,22.353,-3.5,-3.906,1.001,1.005,-0.016,4600,14.51,12.549,0,,,,,,32,,,,,,,
2026-10-01T11:51:25.496,222.626,0,792.25,38,,96.938,22.353,-2.5,-3.906,1.001,1.007,-0.012,4660,14.51,12.157,0,,,,,,,100.0,,,,,,
2026-10-01T11:51:25.625,222.756,0,796.75,38,,96.906,22.353,-1.0,-3.906,1.001,1.01,-0.012,4610,14.51,12.157,0,,,,,,,,376.2,,,,,
2026-10-01T11:51:25.755,222.885,0,789.25,37,,96.938,22.353,0.5,-3.906,1.0,1.011,-0.008,4560,14.51,12.549,0,,,,,,,,,0.78,,,,
2026-10-01T11:51:25.885,223.015,0,790.25,37,,96.969,22.353,-1.0,-3.906,1.0,1.013,-0.008,4510,14.51,12.549,0,,,,,,,,,,,0.781,,
2026-10-01T11:51:26.026,223.156,0,798.75,38,,96.906,22.353,-2.5,-3.125,1.001,1.02,0.0,4510,14.51,12.549,0,,,,,,,,,,,,23.137,
2026-10-01T11:51:26.155,223.285,0,798.5,38,,96.906,22.353,-2.5,-3.125,1.001,1.02,0.0,4510,14.51,12.549,0,,,,,,,,,,,,,255
2026-10-01T11:51:26.286,223.416,0,804.0,38,,97.0,22.353,-2.5,-3.125,1.001,1.02,0.0,4520,14.51,12.549,0,103,,,,,,,,,,,,
2026-10-01T11:51:26.415,223.545,0,802.5,37,,96.969,22.353,-2.0,-3.125,1.001,1.02,0.0,4540,14.51,12.549,0,,73,,,,,,,,,,,
2026-10-01T11:51:26.546,223.676,0,792.75,38,,96.969,22.353,-2.0,-3.125,1.001,1.017,-0.004,4520,14.51,12.549,0,,,9.375,,,,,,,,,,
2026-10-01T11:51:26.675,223.805,0,792.75,38,,96.969,22.745,-1.5,-3.125,1.001,1.012,-0.008,4490,14.51,12.549,0,,,,12.832,,,,,,,,,
2026-10-01T11:51:26.805,223.935,0,797.5,38,,96.938,22.745,-2.5,-3.125,1.001,1.012,-0.008,4520,14.51,12.549,0,,,,,97,,,,,,,,
2026-10-01T11:51:26.936,224.066,0,796.0,38,,97.0,22.353,-2.5,-3.125,1.001,1.012,-0.008,4520,14.51,12.549,0,,,,,,32,,,,,,,
2026-10-01T11:51:27.066,224.196,0,799.25,37,,96.969,22.745,-1.5,-2.344,1.001,1.013,-0.008,4500,14.51,12.549,0,,,,,,,100.0,,,,,,
2026-10-01T11:51:27.195,224.325,0,799.25,38,,96.906,22.353,-1.0,-2.344,1.001,1.013,-0.008,4500,14.51,12.549,0,,,,,,,,376.5,,,,,
2026-10-01T11:51:27.326,224.456,0,796.25,37,,96.969,22.353,-1.0,-2.344,1.001,1.015,-0.004,4510,14.51,12.549,0,,,,,,,,,0.78,,,,
2026-10-01T11:51:27.456,224.586,0,797.25,38,,96.938,22.745,-2.5,-2.344,1.0,1.017,-0.004,4490,14.51,12.549,0,,,,,,,,,,,0.781,,
2026-10-01T11:51:27.585,224.715,0,801.25,37,,96.906,22.353,-2.5,-2.344,1.001,1.015,-0.004,4490,14.51,12.549,0,,,,,,,,,,,,23.529,
2026-10-01T11:51:27.716,224.846,0,800.25,38,,96.906,22.353,-2.0,-2.344,1.001,1.013,-0.008,4490,14.51,12.549,0,,,,,,,,,,,,,257
2026-10-01T11:51:27.845,224.975,0,798.75,38,,96.938,22.353,-2.0,-2.344,1.001,1.012,-0.008,4510,14.51,12.549,0,103,,,,,,,,,,,,
2026-10-01T11:51:27.975,225.105,0,796.5,37,,96.938,22.745,-1.0,-2.344,1.001,1.011,-0.008,4480,14.51,12.549,0,,73,,,,,,,,,,,
2026-10-01T11:51:28.105,225.235,0,796.5,38,,96.969,22.353,-1.0,-2.344,1.001,1.01,-0.012,4510,14.51,12.549,0,,,9.375,,,,,,,,,,
2026-10-01T11:51:28.235,225.365,0,798.25,38,,97.0,22.353,-1.5,-2.344,1.001,1.009,-0.012,4480,14.51,12.549,0,,,,12.792,,,,,,,,,
2026-10-01T11:51:28.366,225.496,0,796.75,37,,96.906,22.353,-2.0,-1.562,1.001,1.012,-0.008,4480,14.51,12.549,0,,,,,97,,,,,,,,
2026-10-01T11:51:28.495,225.625,0,799.75,37,,96.906,22.353,-1.5,-1.562,1.001,1.012,-0.008,4480,14.51,12.549,0,,,,,,32,,,,,,,
2026-10-01T11:51:28.626,225.756,0,800.25,37,,96.906,21.961,-2.0,-1.562,1.001,1.011,-0.008,4490,14.51,12.549,0,,,,,,,100.0,,,,,,
2026-10-01T11:51:28.756,225.886,0,795.5,38,,97.0,22.353,-3.5,-1.562,1.0,1.008,-0.012,4490,14.51,12.549,0,,,,,,,,376.8,,,,,
2026-10-01T11:51:28.886,226.016,0,793.25,37,,97.0,22.353,-2.5,-1.562,1.001,1.008,-0.012,4470,14.51,12.549,0,,,,,,,,,0.78,,,,
2026-10-01T11:51:29.015,226.145,0,799.5,38,,97.0,22.353,-1.0,-1.562,1.001,1.008,-0.012,4460,14.51,12.549,0,,,,,,,,,,,0.781,,
2026-10-01T11:51:29.146,226.276,0,796.25,37,,96.969,22.353,-2.5,-1.562,1.001,1.013,-0.008,4430,14.51,12.549,0,,,,,,,,,,,,23.137,
2026-10-01T11:51:29.275,226.405,0,795.25,37,,96.969,22.353,-2.0,-1.562,1.001,1.011,-0.008,4450,14.51,12.549,0,,,,,,,,,,,,,259
2026-10-01T11:51:29.405,226.535,0,790.25,37,,96.938,22.353,-1.0,-1.562,1.001,1.009,-0.012,4450,14.51,12.549,0,103,,,,,,,,,,,,
2026-10-01T11:51:29.535,226.665,0,795.75,37,,96.938,21.961,-1.0,-1.562,1.001,1.009,-0.012,4410,14.51,12.549,0,,73,,,,,,,,,,,
2026-10-01T11:51:29.665,226.795,0,797.25,37,,96.938,22.353,-1.0,-1.562,1.001,1.007,-0.012,4380,14.51,12.549,0,,,9.375,,,,,,,,,,
2026-10-01T11:51:29.796,226.926,0,799.25,37,,96.938,21.961,-2.0,-1.562,1.001,1.006,-0.016,4400,14.51,12.549,0,,,,12.792,,,,,,,,,
2026-10-01T11:51:29.925,227.055,0,801.25,37,,96.906,22.353,-3.0,-1.562,1.0,1.007,-0.012,4430,14.51,12.549,0,,,,,97,,,,,,,,
2026-10-01T11:51:30.056,227.186,0,802.25,38,,97.0,22.353,-2.0,-0.781,1.001,1.009,-0.012,4430,14.51,12.549,0,,,,,,32,,,,,,,
2026-10-01T11:51:30.186,227.317,0,803.25,37,,96.938,21.961,-1.5,-0.781,1.0,1.006,-0.016,4460,14.51,12.549,0,,,,,,,100.0,,,,,,
2026-10-01T11:51:30.316,227.446,0,795.75,37,,96.969,22.353,-2.5,-0.781,1.001,1.005,-0.016,4480,14.51,12.549,0,,,,,,,,377.1,,,,,
2026-10-01T11:51:30.445,227.575,0,796.0,37,,96.938,21.961,-2.5,-0.781,1.0,1.007,-0.012,4470,14.51,12.549,0,,,,,,,,,0.78,,,,
2026-10-01T11:51:30.576,227.706,0,802.25,37,,96.938,22.353,-2.0,-0.781,1.0,1.006,-0.016,4450,14.51,12.549,0,,,,,,,,,,,0.781,,
2026-10-01T11:51:30.705,227.835,0,798.25,37,,96.969,21.961,-2.5,-0.781,1.0,1.009,-0.012,4440,14.51,12.549,0,,,,,,,,,,,,23.137,
2026-10-01T11:51:30.835,227.965,0,797.75,37,,96.969,22.353,-2.5,-0.781,1.0,1.006,-0.016,4440,14.51,12.549,0,,,,,,,,,,,,,260
2026-10-01T11:51:30.975,228.105,0,800.5,38,,96.938,22.353,-2.0,-0.781,1.0,1.004,-0.016,4460,14.51,12.549,0,103,,,,,,,,,,,,
2026-10-01T11:51:31.106,228.236,0,797.5,37,,97.062,22.353,-1.5,-0.781,1.0,1.007,-0.012,4480,14.51,12.549,0,,73,,,,,,,,,,,
2026-10-01T11:51:31.236,228.366,0,792.25,38,,96.938,22.353,-2.5,-0.781,1.0,1.008,-0.012,4480,14.51,12.549,0,,,9.375,,,,,,,,,,
2026-10-01T11:51:31.366,228.496,0,800.75,38,,96.938,22.353,-2.5,-0.781,1.0,1.009,-0.012,4470,14.51,12.549,0,,,,12.714,,,,,,,,,
2026-10-01T11:51:31.495,228.625,0,802.5,37,,96.969,22.353,-3.0,-0.781,1.0,1.008,-0.012,4440,14.51,12.549,0,,,,,97,,,,,,,,
2026-10-01T11:51:31.625,228.756,0,798.25,37,,96.969,22.353,-2.5,-0.781,1.0,1.007,-0.012,4450,14.51,12.549,0,,,,,,32,,,,,,,
2026-10-01T11:51:31.755,228.885,0,792.0,37,,96.938,22.353,-1.5,-0.781,1.0,1.005,-0.016,4430,14.51,12.549,0,,,,,,,100.0,,,,,,
2026-10-01T11:51:31.885,229.015,0,795.25,37,,97.0,22.353,-2.0,-0.781,1.0,1.005,-0.016,4430,14.51,12.549,0,,,,,,,,377.4,,,,,
2026-10-01T11:51:32.015,229.145,0,800.0,37,,96.969,22.353,-2.0,-0.781,1.0,1.005,-0.016,4450,14.51,12.549,0,,,,,,,,,0.775,,,,
2026-10-01T11:51:32.145,229.276,0,801.0,37,,97.0,22.353,-2.5,0.0,1.0,1.003,-0.016,4420,14.51,12.549,0,,,,,,,,,,,0.781,,
2026-10-01T11:51:32.276,229.406,0,793.25,37,,97.0,22.353,-2.0,0.0,1.0,1.005,-0.016,4410,14.51,12.549,0,,,,,,,,,,,,23.137,
2026-10-01T11:51:32.405,229.535,0,798.25,37,,96.969,22.353,-2.5,-0.781,1.0,1.002,-0.02,4400,14.51,12.549,0,,,,,,,,,,,,,262
2026-10-01T11:51:32.535,229.665,0,799.25,37,,96.938,21.961,-4.0,0.0,1.0,1.002,-0.02,4400,14.51,12.549,0,103,,,,,,,,,,,,
2026-10-01T11:51:32.666,229.796,0,791.75,37,,97.0,21.961,-2.5,-0.781,1.0,0.999,-0.023,4350,14.51,12.549,0,,73,,,,,,,,,,,
2026-10-01T11:51:32.796,229.926,0,791.5,37,,97.0,21.961,-2.0,-0.781,1.0,0.999,-0.02,4370,14.51,12.157,0,,,9.375,,,,,,,,,,
2026-10-01T11:51:32.925,230.055,0,795.0,37,,96.906,22.353,-1.0,-0.781,1.0,1.0,-0.02,4380,14.51,12.157,0,,,,12.832,,,,,,,,,
2026-10-01T11:51:33.055,230.185,0,797.75,37,,96.938,21.961,-2.5,0.0,1.0,1.006,-0.016,4370,14.51,12.157,0,,,,,97,,,,,,,,
2026-10-01T11:51:33.185,230.315,0,794.75,37,,97.0,21.961,0.0,0.0,1.0,1.005,-0.016,4360,14.51,12.157,0,,,,,,32,,,,,,,
2026-10-01T11:51:33.315,230.445,0,796.75,37,,96.969,21.569,-1.0,0.0,1.0,1.003,-0.016,4310,14.51,12.157,0,,,,,,,100.0,,,,,,
2026-10-01T11:51:33.446,230.576,0,798.25,37,,96.938,21.961,0.5,0.0,1.0,1.001,-0.02,4270,14.51,12.549,0,,,,,,,,377.6,,,,,
2026-10-01T11:51:33.575,230.705,0,793.25,37,,96.938,21.961,-1.0,0.0,1.001,1.001,-0.02,4240,14.51,12.549,0,,,,,,,,,0.775,,,,
2026-10-01T11:51:33.705,230.835,0,793.75,37,,96.969,22.353,-1.0,0.0,1.001,1.003,-0.016,4310,14.51,12.549,0,,,,,,,,,,,0.781,,
2026-10-01T11:51:33.836,230.966,0,791.5,38,,96.938,22.353,-2.5,0.0,1.001,1.008,-0.012,4370,14.51,12.549,0,,,,,,,,,,,,23.137,
2026-10-01T11:51:33.966,231.096,0,791.5,38,,97.0,22.353,-1.0,0.0,1.001,1.01,-0.012,4440,14.51,12.549,0,,,,,,,,,,,,,263
2026-10-01T11:51:34.095,231.225,0,797.0,38,,96.938,22.353,-1.5,0.0,1.0,1.009,-0.012,4430,14.51,12.549,0,103,,,,,,,,,,,,
2026-10-01T11:51:34.225,231.355,0,797.75,37,,96.938,21.961,-2.0,0.0,1.0,1.011,-0.008,4430,14.51,12.549,0,,73,,,,,,,,,,,
2026-10-01T11:51:34.355,231.485,0,796.25,37,,96.969,22.353,-1.5,0.0,1.0,1.009,-0.012,4420,14.51,12.549,0,,,9.375,,,,,,,,,,
2026-10-01T11:51:34.485,231.615,0,797.0,37,,96.938,22.353,-1.5,0.0,1.0,1.0,-0.02,4410,14.51,12.549,0,,,,12.773,,,,,,,,,
2026-10-01T11:51:34.625,231.755,0,793.75,37,,96.938,22.353,-2.0,0.0,1.0,0.999,-0.02,4410,14.51,12.549,0,,,,,97,,,,,,,,
2026-10-01T11:51:34.756,231.886,0,793.0,37,,96.938,21.961,-2.0,0.0,1.0,1.002,-0.02,4410,14.51,12.549,0,,,,,,32,,,,,,,
2026-10-01T11:51:34.885,232.015,0,799.75,37,,96.906,22.353,-2.0,0.0,1.0,1.003,-0.016,4400,14.51,12.549,0,,,,,,,100.0,,,,,,
2026-10-01T11:51:35.026,232.156,0,796.0,37,,96.938,21.961,-2.5,0.0,1.0,1.004,-0.016,4390,14.51,12.549,0,,,,,,,,378.0,,,,,
2026-10-01T11:51:35.156,232.286,0,800.75,37,,96.938,22.353,-2.5,0.0,1.0,1.005,-0.016,4390,14.51,12.549,0,,,,,,,,,0.775,,,,
2026-10-01T11:51:35.286,232.416,0,797.25,37,,96.906,21.961,-1.5,0.0,1.0,1.005,-0.016,4400,14.51,12.549,0,,,,,,,,,,,0.781,,
2026-10-01T11:51:35.416,232.546,0,794.75,37,,96.938,22.353,-2.5,0.0,1.001,1.003,-0.016,4410,14.51,12.549,0,,,,,,,,,,,,23.137,
2026-10-01T11:51:35.546,232.676,0,796.25,37,,96.969,22.353,-2.5,0.0,1.0,1.002,-0.02,4370,14.51,12.157,0,,,,,,,,,,,,,265
2026-10-01T11:51:35.675,232.805,0,799.5,37,,96.969,22.353,-3.0,0.0,1.0,1.0,-0.02,4370,14.51,12.549,0,103,,,,,,,,,,,,
2026-10-01T11:51:35.805,232.935,0,793.0,37,,96.938,22.353,-1.5,0.0,1.001,1.007,-0.012,4350,14.51,12.549,0,,73,,,,,,,,,,,
2026-10-01T11:51:35.935,233.065,0,796.0,37,,96.969,21.961,-1.0,0.0,1.0,1.005,-0.016,4350,14.51,12.549,0,,,9.375,,,,,,,,,,
2026-10-01T11:51:36.065,233.195,0,797.25,37,,96.906,22.353,-1.0,0.0,1.0,1.002,-0.02,4340,14.51,12.549,0,,,,12.773,,,,,,,,,
2026-10-01T11:51:36.195,233.325,0,794.75,37,,97.0,21.961,-2.0,0.0,1.0,1.003,-0.016,4360,14.51,12.549,0,,,,,97,,,,,,,,
2026-10-01T11:51:36.325,233.455,0,799.0,37,,96.938,22.353,-2.0,0.0,1.001,1.003,-0.016,4380,14.51,12.549,0,,,,,,32,,,,,,,
2026-10-01T11:51:36.456,233.586,0,803.0,37,,96.938,22.353,-2.5,0.0,1.0,1.002,-0.02,4400,14.51,12.549,0,,,,,,,100.0,,,,,,
2026-10-01T11:51:36.585,233.715,0,802.25,37,,96.938,22.353,-2.5,0.0,1.0,1.0,-0.02,4410,14.51,12.549,0,,,,,,,,378.2,,,,,
2026-10-01T11:51:36.715,233.845,0,801.25,37,,96.906,22.353,-2.5,0.0,1.0,1.002,-0.02,4420,14.51,12.549,0,,,,,,,,,0.775,,,,
2026-10-01T11:51:36.846,233.977,0,798.0,37,,96.906,21.961,-3.0,0.0,1.0,1.003,-0.016,4450,14.51,12.549,0,,,,,,,,,,,0.781,,
2026-10-01T11:51:36.976,234.106,0,801.0,37,,96.938,22.353,-1.0,0.0,1.0,1.001,-0.02,4460,14.51,12.549,0,,,,,,,,,,,,22.745,
2026-10-01T11:51:37.105,234.235,0,793.5,37,,96.969,21.961,-2.5,0.0,1.0,1.0,-0.02,4450,14.51,12.549,0,,,,,,,,,,,,,266
2026-10-01T11:51:37.235,234.366,0,795.0,38,,96.938,22.353,-2.5,0.0,1.0,0.998,-0.023,4420,14.51,12.549,0,103,,,,,,,,,,,,
2026-10-01T11:51:37.365,234.496,0,799.0,37,,96.938,21.961,-1.0,0.0,1.0,0.999,-0.023,4410,14.51,12.549,0,,73,,,,,,,,,,,
2026-10-01T11:51:37.495,234.625,0,802.25,37,,96.969,22.353,-3.5,0.0,1.0,0.999,-0.023,4430,14.51,12.549,0,,,9.375,,,,,,,,,,
2026-10-01T11:51:37.625,234.755,0,795.5,37,,96.938,22.353,-3.0,0.0,1.0,1.0,-0.02,4420,14.51,12.549,0,,,,12.812,,,,,,,,,
2026-10-01T11:51:37.755,234.885,0,794.5,37,,96.938,21.961,-2.5,0.0,1.0,0.999,-0.023,4400,14.51,12.549,0,,,,,97,,,,,,,,
2026-10-01T11:51:37.886,235.016,0,800.0,37,,96.969,22.353,-1.5,0.0,1.0,0.997,-0.027,4410,14.51,12.549,0,,,,,,32,,,,,,,
2026-10-01T11:51:38.025,235.155,0,794.75,37,,96.969,21.961,-2.5,0.0,1.0,0.996,-0.031,4390,14.51,12.549,0,,,,,,,100.0,,,,,,
2026-10-01T11:51:38.155,235.285,0,793.25,37,,96.969,22.353,-2.0,0.0,1.0,0.994,-0.035,4370,14.51,12.157,0,,,,,,,,378.5,,,,,
2026-10-01T11:51:38.285,235.415,0,792.5,37,,96.938,21.961,-1.5,0.0,1.0,0.995,-0.031,4330,14.51,12.157,0,,,,,,,,,0.775,,,,
2026-10-01T11:51:38.416,235.546,0,799.75,37,,96.938,21.961,-1.5,0.0,1.0,0.995,-0.031,4310,14.51,12.157,0,,,,,,,,,,,0.781,,
2026-10-01T11:51:38.545,235.675,0,797.75,37,,96.906,21.961,-2.5,0.0,1.0,0.996,-0.031,4270,14.51,12.157,0,,,,,,,,,,,,22.745,
2026-10-01T11:51:38.676,235.806,0,796.0,37,,96.938,21.961,-1.0,0.0,1.001,0.996,-0.031,4260,14.51,12.157,0,,,,,,,,,,,,,268
2026-10-01T11:51:38.806,235.936,0,792.0,37,,96.938,21.569,-1.0,0.0,1.001,0.996,-0.031,4230,14.51,12.157,0,103,,,,,,,,,,,,
2026-10-01T11:51:38.936,236.066,0,793.75,37,,97.0,21.961,-1.5,0.0,1.001,0.997,-0.027,4240,14.51,12.157,0,,73,,,,,,,,,,,
2026-10-01T11:51:39.065,236.195,0,793.75,37,,96.969,21.961,0.0,0.0,1.001,0.999,-0.023,4240,14.51,12.157,0,,,9.375,,,,,,,,,,
2026-10-01T11:51:39.195,236.325,0,795.25,37,,96.938,21.961,-1.0,0.0,1.001,1.0,-0.02,4290,14.51,12.157,0,,,,12.675,,,,,,,,,
2026-10-01T11:51:39.325,236.455,0,794.0,37,,96.906,21.961,-2.0,0.0,1.001,0.999,-0.023,4250,14.51,12.157,0,,,,,97,,,,,,,,
2026-10-01T11:51:39.455,236.585,0,796.0,37,,96.969,21.569,-2.0,0.0,1.001,0.999,-0.02,4220,14.51,12.157,0,,,,,,32,,,,,,,
2026-10-01T11:51:39.585,236.715,0,797.75,37,,97.0,21.961,-1.5,0.0,1.001,1.0,-0.02,4220,14.51,12.157,0,,,,,,,100.0,,,,,,
2026-10-01T11:51:39.715,236.845,0,795.75,37,,96.969,21.569,-1.0,0.0,1.001,1.003,-0.016,4230,14.51,12.157,0,,,,,,,,378.8,,,,,
2026-10-01T11:51:39.846,236.976,0,790.0,37,,96.906,21.961,-1.0,0.0,1.001,1.005,-0.016,4230,14.51,12.157,0,,,,,,,,,0.77,,,,
2026-10-01T11:51:39.976,237.106,0,790.5,37,,96.938,21.569,-1.5,0.0,1.001,1.005,-0.016,4230,14.51,12.549,0,,,,,,,,,,,0.781,,
2026-10-01T11:51:40.106,237.236,0,795.0,37,,96.938,21.961,-1.0,0.0,1.001,1.005,-0.016,4240,14.51,12.549,0,,,,,,,,,,,,23.137,
2026-10-01T11:51:40.235,237.365,0,794.5,37,,96.938,22.353,-1.0,0.0,1.001,1.002,-0.02,4260,14.51,12.157,0,,,,,,,,,,,,,270
2026-10-01T11:51:40.366,237.496,0,797.25,37,,96.969,22.353,-2.0,0.0,1.001,1.002,-0.02,4300,14.51,12.157,0,103,,,,,,,,,,,,
2026-10-01T11:51:40.495,237.625,0,793.0,37,,96.906,22.353,-2.5,0.0,1.001,1.003,-0.016,4280,14.51,12.157,0,,73,,,,,,,,,,,
2026-10-01T11:51:40.625,237.755,0,792.75,37,,96.906,21.961,-1.5,0.0,1.001,1.001,-0.02,4290,14.51,12.157,0,,,9.375,,,,,,,,,,
2026-10-01T11:51:40.755,237.885,0,798.75,37,,96.969,21.961,-0.5,0.0,1.001,1.003,-0.016,4250,14.51,12.157,0,,,,12.832,,,,,,,,,
2026-10-01T11:51:40.885,238.015,0,796.0,37,,96.938,21.961,-1.0,0.0,1.001,0.999,-0.023,4260,14.51,12.157,0,,,,,97,,,,,,,,
2026-10-01T11:51:41.025,238.155,0,793.75,37,,96.969,21.961,-1.5,0.0,1.001,1.003,-0.016,4260,14.51,12.157,0,,,,,,32,,,,,,,
2026-10-01T11:51:41.155,238.285,0,794.0,37,,96.906,21.569,-1.0,0.0,1.001,1.002,-0.02,4260,14.51,12.157,0,,,,,,,100.0,,,,,,
2026-10-01T11:51:41.285,238.415,0,797.75,37,,96.938,21.961,-0.5,0.0,1.001,1.002,-0.02,4260,14.51,12.549,0,,,,,,,,379.0,,,,,
2026-10-01T11:51:41.415,238.545,0,795.25,37,,96.938,21.569,-1.5,0.0,1.001,1.002,-0.02,4260,14.51,12.549,0,,,,,,,,,0.77,,,,
2026-10-01T11:51:41.546,238.676,0,795.0,37,,96.906,21.961,-1.0,0.0,1.001,1.002,-0.02,4260,14.51,12.157,0,,,,,,,,,,,0.781,,
2026-10-01T11:51:41.675,238.805,0,793.75,37,,96.906,21.961,-1.5,0.0,1.001,1.006,-0.016,4280,14.51,12.549,0,,,,,,,,,,,,22.745,
2026-10-01T11:51:41.806,238.936,0,795.5,37,,96.938,21.961,-0.5,0.0,1.001,1.002,-0.02,4290,14.51,12.549,0,,,,,,,,,,,,,271
2026-10-01T11:51:41.936,239.066,0,793.5,37,,96.938,21.961,-1.0,0.0,1.001,1.003,-0.016,4290,14.51,12.549,0,103,,,,,,,,,,,,
2026-10-01T11:51:42.065,239.195,0,793.5,37,,96.938,22.353,-1.5,0.0,1.001,1.004,-0.016,4330,14.51,12.549,0,,73,,,,,,,,,,,
2026-10-01T11:51:42.195,239.325,0,797.25,37,,96.969,22.353,-2.5,0.0,1.001,1.007,-0.012,4320,14.51,12.549,0,,,9.375,,,,,,,,,,
2026-10-01T11:51:42.325,239.455,0,801.25,37,,96.906,22.353,-3.0,0.781,1.0,1.006,-0.016,4390,14.51,12.549,0,,,,12.656,,,,,,,,,
2026-10-01T11:51:42.455,239.585,0,798.25,37,,96.906,22.353,-3.0,0.0,1.0,1.003,-0.016,4400,14.51,12.549,0,,,,,97,,,,,,,,
2026-10-01T11:51:42.585,239.715,0,796.25,37,,96.938,22.353,-2.5,0.0,1.0,0.999,-0.02,4450,14.51,12.549,0,,,,,,32,,,,,,,
2026-10-01T11:51:42.715,239.845,0,800.25,37,,96.969,22.353,-3.5,0.0,1.0,0.999,-0.023,4480,14.51,12.549,0,,,,,,,100.0,,,,,,
2026-10-01T11:51:42.845,239.975,0,791.25,37,,96.906,22.353,-1.5,0.0,1.0,0.999,-0.023,4440,14.51,12.549,0,,,,,,,,379.3,,,,,
2026-10-01T11:51:42.976,240.106,0,793.25,37,,96.906,22.353,-2.5,0.0,1.0,0.999,-0.023,4440,14.51,12.157,0,,,,,,,,,0.77,,,,
2026-10-01T11:51:43.105,240.235,0,799.75,37,,96.906,21.961,-2.5,0.0,1.0,0.999,-0.023,4400,14.51,12.157,0,,,,,,,,,,,0.781,,
2026-10-01T11:51:43.235,240.365,0,800.25,37,,96.906,21.961,-2.5,0.0,1.0,0.999,-0.023,4370,14.51,12.157,0,,,,,,,,,,,,22.745,
2026-10-01T11:51:43.366,240.496,0,792.0,37,,96.969,21.569,-2.0,0.0,1.0,0.997,-0.027,4300,14.51,12.157,0,,,,,,,,,,,,,273
2026-10-01T11:51:43.495,240.625,0,793.0,37,,96.906,21.961,-0.5,0.0,1.0,0.997,-0.027,4280,14.51,12.157,0,103,,,,,,,,,,,,
2026-10-01T11:51:43.625,240.755,0,790.75,37,,96.969,21.961,-1.5,0.0,1.001,0.996,-0.031,4270,14.51,12.157,0,,73,,,,,,,,,,,
2026-10-01T11:51:43.755,240.885,0,797.0,37,,96.906,21.569,-1.0,0.0,1.001,0.997,-0.027,4260,14.51,12.157,0,,,9.375,,,,,,,,,,
2026-10-01T11:51:43.885,241.015,0,792.5,37,,96.969,21.961,-1.5,0.0,1.001,0.998,-0.023,4250,14.51,12.157,0,,,,12.792,,,,,,,,,
2026-10-01T11:51:44.026,241.156,0,792.25,37,,96.938,21.569,-0.5,0.0,1.001,0.998,-0.023,4230,14.51,12.157,0,,,,,97,,,,,,,,
2026-10-01T11:51:44.155,241.285,0,797.5,37,,96.938,21.961,-2.0,0.0,1.001,0.999,-0.023,4180,14.51,12.157,0,,,,,,32,,,,,,,
2026-10-01T11:51:44.285,241.415,0,794.0,37,,96.969,21.569,-1.5,0.0,1.001,1.0,-0.02,4180,14.51,12.157,0,,,,,,,100.0,,,,,,
2026-10-01T11:51:44.415,241.545,0,794.25,37,,96.938,21.961,-1.0,0.0,1.001,1.002,-0.02,4190,14.51,12.157,0,,,,,,,,379.5,,,,,
2026-10-01T11:51:44.545,241.675,0,796.25,37,,96.938,21.961,-1.0,0.0,1.001,1.003,-0.016,4170,14.51,12.549,0,,,,,,,,,0.765,,,,
2026-10-01T11:51:44.675,241.805,0,798.25,37,,96.906,21.961,0.5,0.0,1.001,1.004,-0.016,4190,14.51,12.157,0,,,,,,,,,,,0.781,,
2026-10-01T11:51:44.805,241.935,0,789.0,37,,96.938,21.961,-1.0,0.781,1.001,1.007,-0.012,4210,14.51,12.549,0,,,,,,,,,,,,22.745,
2026-10-01T11:51:44.936,242.066,0,788.75,37,,96.906,21.961,-1.0,0.781,1.001,1.01,-0.012,4240,14.51,12.157,0,,,,,,,,,,,,,274
2026-10-01T11:51:45.065,242.196,0,791.75,37,,96.969,21.961,-2.0,0.781,1.001,1.011,-0.008,4250,14.51,12.549,0,103,,,,,,,,,,,,
2026-10-01T11:51:45.196,242.326,0,799.25,37,,97.031,21.961,-1.0,0.781,1.001,1.006,-0.016,4240,14.51,12.549,0,,73,,,,,,,,,,,
2026-10-01T11:51:45.326,242.456,0,799.25,37,,96.938,21.961,-2.0,0.781,1.001,1.004,-0.016,4230,14.51,12.549,0,,,9.375,,,,,,,,,,
2026-10-01T11:51:45.455,242.586,0,796.5,38,,96.938,22.745,-4.0,0.781,1.001,1.002,-0.02,4410,14.51,12.157,0,,,,12.695,,,,,,,,,
2026-10-01T11:51:45.585,242.715,0,796.0,38,,96.969,22.353,-2.0,0.781,1.0,1.008,-0.012,4490,14.51,12.157,0,,,,,97,,,,,,,,
2026-10-01T11:51:45.715,242.845,0,794.25,37,,96.906,21.569,-2.5,0.781,1.0,1.005,-0.016,4490,14.51,12.157,0,,,,,,32,,,,,,,
2026-10-01T11:51:45.845,242.975,0,795.5,37,,96.906,21.961,-2.0,0.781,1.0,0.999,-0.023,4440,14.51,12.157,0,,,,,,,100.0,,,,,,
2026-10-01T11:51:45.975,243.105,0,796.75,37,,96.969,21.569,-1.5,0.781,1.0,0.995,-0.031,4350,14.51,12.157,0,,,,,,,,379.8,,,,,
2026-10-01T11:51:46.106,243.236,0,792.5,37,,96.938,21.961,-1.0,0.0,1.0,0.994,-0.035,4300,14.51,12.157,0,,,,,,,,,0.77,,,,
2026-10-01T11:51:46.235,243.365,0,793.0,37,,97.0,21.961,-1.0,0.0,1.001,0.995,-0.031,4230,14.51,12.157,0,,,,,,,,,,,0.781,,
2026-10-01T11:51:46.366,243.496,0,802.5,37,,97.0,21.961,-2.5,0.0,1.001,0.997,-0.027,4220,14.51,12.157,0,,,,,,,,,,,,22.745,
2026-10-01T11:51:46.495,243.625,0,804.0,37,,96.938,21.961,-3.0,0.781,1.001,0.999,-0.023,4240,14.51,12.157,0,,,,,,,,,,,,,276
2026-10-01T11:51:46.635,243.765,0,806.75,36,,96.938,21.176,-4.0,0.781,1.001,0.999,-0.023,4230,14.51,12.157,0,103,,,,,,,,,,,,
2026-10-01T11:51:46.765,243.895,0,805.25,37,,96.938,21.569,-3.0,0.781,1.001,0.998,-0.027,4220,14.51,12.157,0,,73,,,,,,,,,,,
2026-10-01T11:51:46.895,244.025,0,805.75,36,,96.969,21.569,-3.5,0.0,1.001,0.997,-0.027,4180,14.51,12.157,0,,,9.375,,,,,,,,,,
2026-10-01T11:51:47.025,244.155,0,800.5,36,,96.938,21.569,-4.0,0.0,1.001,0.998,-0.023,4180,14.51,12.157,0,,,,12.675,,,,,,,,,
2026-10-01T11:51:47.155,244.285,0,799.0,36,,96.969,21.569,-2.0,0.781,1.001,0.999,-0.023,4100,14.51,12.157,0,,,,,97,,,,,,,,
2026-10-01T11:51:47.285,244.415,0,799.5,37,,96.906,21.569,-2.0,0.781,1.001,0.999,-0.023,4100,14.51,12.157,0,,,,,,32,,,,,,,
2026-10-01T11:51:47.416,244.546,0,796.0,36,,97.0,21.569,-3.0,0.781,1.001,0.999,-0.023,4070,14.51,12.157,0,,,,,,,100.0,,,,,,
2026-10-01T11:51:47.545,244.675,0,795.75,36,,96.938,21.176,-2.5,0.781,1.001,1.0,-0.02,4080,14.51,12.157,0,,,,,,,,380.1,,,,,
2026-10-01T11:51:47.676,244.806,0,792.25,36,,96.906,21.569,2.0,0.781,1.001,1.002,-0.02,4070,14.51,12.157,0,,,,,,,,,0.765,,,,
2026-10-01T11:51:47.805,244.935,0,790.5,36,,96.938,21.569,2.0,0.781,1.001,1.005,-0.016,4080,14.51,12.157,0,,,,,,,,,,,0.781,,
2026-10-01T11:51:47.935,245.065,0,782.75,37,,96.906,21.569,1.5,0.781,1.001,1.005,-0.016,4080,14.51,12.549,0,,,,,,,,,,,,22.745,
2026-10-01T11:51:48.065,245.195,0,785.5,37,,96.906,22.353,-0.5,0.781,1.001,1.006,-0.016,4100,14.51,12.549,0,,,,,,,,,,,,,277
2026-10-01T11:51:48.195,245.325,0,796.25,38,,96.906,22.745,-2.5,0.781,1.001,1.008,-0.012,4300,14.51,12.549,0,103,,,,,,,,,,,,
2026-10-01T11:51:48.326,245.456,0,795.5,38,,96.906,22.745,-4.0,1.562,1.001,1.013,-0.008,4440,14.51,12.157,0,,73,,,,,,,,,,,
2026-10-01T11:51:48.455,245.585,0,799.75,38,,96.906,22.353,-3.5,1.562,1.001,1.011,-0.008,4510,14.51,12.157,0,,,9.375,,,,,,,,,,
2026-10-01T11:51:48.586,245.716,0,803.75,37,,96.938,21.961,-1.5,0.781,1.0,1.006,-0.016,4510,14.51,12.157,0,,,,12.773,,,,,,,,,
2026-10-01T11:51:48.716,245.846,0,801.5,37,,96.938,21.961,-1.0,0.781,1.0,0.998,-0.027,4470,14.51,12.157,0,,,,,97,,,,,,,,
2026-10-01T11:51:48.846,245.976,0,793.5,37,,96.938,21.961,-1.5,0.781,1.0,0.995,-0.035,4390,14.51,12.549,0,,,,,,32,,,,,,,
2026-10-01T11:51:48.976,246.106,0,796.25,37,,96.906,22.353,-3.0,0.781,1.0,0.992,-0.039,4380,14.51,12.549,0,,,,,,,100.0,,,,,,
2026-10-01T11:51:49.105,246.235,0,800.0,38,,96.906,22.745,-3.0,0.781,1.0,0.994,-0.035,4460,14.51,12.549,0,,,,,,,,380.3,,,,,
2026-10-01T11:51:49.235,246.365,0,794.5,38,,96.906,22.745,-4.0,0.781,1.0,0.999,-0.023,4530,14.51,12.549,0,,,,,,,,,0.765,,,,
2026-10-01T11:51:49.365,246.496,0,802.0,38,,96.938,22.353,-3.5,0.781,1.0,1.004,-0.016,4570,14.51,12.549,0,,,,,,,,,,,0.781,,
2026-10-01T11:51:49.495,246.625,0,798.75,38,,96.906,22.745,-4.0,0.781,1.0,0.999,-0.023,4550,14.51,12.549,0,,,,,,,,,,,,23.137,
2026-10-01T11:51:49.625,246.755,0,799.5,38,,96.906,22.353,-3.5,0.781,1.0,0.996,-0.031,4540,14.51,12.549,0,,,,,,,,,,,,,279
2026-10-01T11:51:49.755,246.885,0,804.75,37,,96.969,21.961,-2.0,0.781,1.0,0.995,-0.031,4500,14.51,12.549,0,103,,,,,,,,,,,,
2026-10-01T11:51:49.885,247.015,0,801.5,37,,96.938,21.961,-2.5,0.781,1.0,0.995,-0.035,4480,14.51,12.549,0,,73,,,,,,,,,,,
2026-10-01T11:51:50.015,247.145,0,805.0,37,,96.938,22.353,-2.5,0.781,1.0,0.993,-0.035,4450,14.51,12.549,0,,,9.375,,,,,,,,,,
2026-10-01T11:51:50.145,247.275,0,797.75,38,,96.906,22.353,-3.0,0.0,1.0,0.992,-0.039,4430,14.51,12.549,0,,,,12.773,,,,,,,,,
2026-10-01T11:51:50.275,247.405,0,800.0,37,,96.906,22.353,-3.5,0.0,1.0,0.991,-0.043,4450,14.51,12.549,0,,,,,97,,,,,,,,
2026-10-01T11:51:50.405,247.535,0,803.25,38,,96.906,22.353,-3.0,0.0,1.0,0.989,-0.047,4460,14.51,12.549,0,,,,,,32,,,,,,,
2026-10-01T11:51:50.535,247.665,0,808.0,37,,96.906,21.961,-3.5,0.0,1.0,0.988,-0.051,4470,14.51,12.549,0,,,,,,,100.0,,,,,,
2026-10-01T11:51:50.665,247.795,0,816.5,37,,96.906,21.961,-4.0,0.0,1.0,0.985,-0.055,4450,14.51,12.549,0,,,,,,,,380.6,,,,,
2026-10-01T11:51:50.795,247.925,0,821.25,37,,96.906,21.569,-5.5,0.0,1.0,0.983,-0.062,4410,14.51,12.549,0,,,,,,,,,0.765,,,,
2026-10-01T11:51:50.925,248.055,0,826.5,37,,96.938,21.569,-4.5,0.0,1.0,0.98,-0.07,4330,14.51,12.157,0,,,,,,,,,,,0.781,,
2026-10-01T11:51:51.056,248.186,0,829.25,36,,96.906,21.569,-4.5,0.0,1.0,0.974,-0.09,4250,14.51,12.157,0,,,,,,,,,,,,22.353,
2026-10-01T11:51:51.185,248.315,0,818.75,36,,96.906,20.784,-4.0,-0.781,1.001,0.963,-0.113,4110,14.51,12.157,0,,,,,,,,,,,,,281
2026-10-01T11:51:51.315,248.445,0,813.75,36,,96.969,20.784,-4.0,-1.562,1.001,0.958,-0.121,3950,14.51,12.157,0,103,,,,,,,,,,,,
2026-10-01T11:51:51.445,248.575,0,811.0,35,,96.906,20.784,-3.0,-1.562,1.001,0.955,-0.129,3870,14.51,12.157,0,,73,,,,,,,,,,,
2026-10-01T11:51:51.576,248.706,0,808.25,35,,96.906,20.784,-1.5,-2.344,1.001,0.961,-0.117,3840,14.51,12.157,0,,,9.375,,,,,,,,,,
2026-10-01T11:51:51.706,248.836,0,797.0,35,,96.906,21.176,-2.0,-2.344,1.001,0.966,-0.105,3810,14.51,12.157,0,,,,12.597,,,,,,,,,
2026-10-01T11:51:51.835,248.965,0,793.25,36,,96.938,21.176,-1.0,-2.344,1.001,0.973,-0.09,3820,14.51,12.157,0,,,,,97,,,,,,,,
2026-10-01T11:51:51.965,249.095,0,788.5,36,,97.0,21.569,0.0,-1.562,1.001,0.977,-0.082,3830,14.51,12.157,0,,,,,,32,,,,,,,
2026-10-01T11:51:52.095,249.225,0,788.75,36,,97.0,21.176,1.0,-1.562,1.001,0.982,-0.066,3840,14.51,12.157,0,,,,,,,100.0,,,,,,
2026-10-01T11:51:52.225,249.355,0,784.0,36,,96.938,21.176,2.5,-1.562,1.001,0.987,-0.051,3860,14.51,12.549,0,,,,,,,,380.8,,,,,
2026-10-01T11:51:52.356,249.486,0,783.0,37,,96.906,21.961,-1.5,-1.562,1.001,0.99,-0.047,3980,14.51,12.157,0,,,,,,,,,0.765,,,,
2026-10-01T11:51:52.485,249.615,0,783.75,37,,96.938,21.961,2.0,-1.562,1.001,0.996,-0.031,4120,14.51,12.549,0,,,,,,,,,,,0.781,,
2026-10-01T11:51:52.615,249.745,0,787.5,38,,96.906,22.353,-1.0,-1.562,1.001,0.999,-0.02,4330,14.51,12.549,0,,,,,,,,,,,,23.529,
2026-10-01T11:51:52.745,249.875,0,785.0,38,,96.938,22.745,-3.0,-0.781,1.001,1.008,-0.012,4480,14.51,12.549,0,,,,,,,,,,,,,282
2026-10-01T11:51:52.875,250.005,0,795.5,38,,96.969,21.961,-2.0,-0.781,1.0,1.013,-0.008,4570,14.51,12.157,0,103,,,,,,,,,,,,
2026-10-01T11:51:53.006,250.136,0,796.0,37,,96.969,22.353,-3.5,-0.781,1.0,1.003,-0.016,4560,14.51,12.157,0,,73,,,,,,,,,,,
2026-10-01T11:51:53.135,250.265,0,793.5,37,,97.0,21.961,-3.5,-0.781,1.0,0.998,-0.023,4520,14.51,12.157,0,,,9.375,,,,,,,,,,
2026-10-01T11:51:53.266,250.396,0,796.0,37,,97.0,21.961,-0.5,-1.562,1.0,0.996,-0.031,4460,14.51,12.157,0,,,,12.753,,,,,,,,,
2026-10-01T11:51:53.396,250.526,0,798.75,37,,97.0,21.961,1.5,-1.562,1.0,0.995,-0.031,4390,14.51,12.157,0,,,,,97,,,,,,,,
2026-10-01T11:51:53.526,250.656,0,790.0,37,,96.906,21.569,-1.0,-1.562,1.0,0.997,-0.027,4350,14.51,12.157,0,,,,,,32,,,,,,,
2026-10-01T11:51:53.655,250.785,0,788.75,37,,96.938,21.961,-1.0,-1.562,1.0,0.997,-0.027,4300,14.51,12.549,0,,,,,,,100.0,,,,,,
2026-10-01T11:51:53.785,250.915,0,794.0,37,,96.938,21.961,-1.0,-1.562,1.0,0.998,-0.023,4310,14.51,12.549,0,,,,,,,,381.1,,,,,
2026-10-01T11:51:53.915,251.045,0,796.0,37,,96.938,22.353,-1.5,-1.562,1.001,0.999,-0.023,4290,14.51,12.549,0,,,,,,,,,0.76,,,,
2026-10-01T11:51:54.045,251.175,0,794.5,37,,96.938,22.353,-0.5,-0.781,1.001,1.001,-0.02,4310,14.51,12.157,0,,,,,,,,,,,0.781,,
2026-10-01T11:51:54.176,251.306,0,794.5,37,,96.938,22.353,0.0,-0.781,1.001,1.005,-0.016,4320,14.51,12.549,0,,,,,,,,,,,,22.745,
2026-10-01T11:51:54.306,251.436,0,798.25,37,,96.938,21.961,0.0,-0.781,1.001,1.009,-0.012,4320,14.51,12.157,0,,,,,,,,,,,,,284
2026-10-01T11:51:54.436,251.566,0,792.0,37,,97.0,21.961,-2.0,-0.781,1.0,1.008,-0.012,4320,14.51,12.157,0,103,,,,,,,,,,,,
2026-10-01T11:51:54.565,251.695,0,790.25,37,,96.906,21.961,-1.5,-0.781,1.0,1.007,-0.012,4320,14.51,12.157,0,,73,,,,,,,,,,,
2026-10-01T11:51:54.695,251.825,0,802.0,37,,96.906,21.961,-2.5,-0.781,1.001,1.006,-0.016,4330,14.51,12.157,0,,,9.375,,,,,,,,,,
2026-10-01T11:51:54.825,251.955,0,809.75,37,,96.906,21.961,-3.0,-0.781,1.001,1.005,-0.016,4320,14.51,12.157,0,,,,12.695,,,,,,,,,
2026-10-01T11:51:54.955,252.085,0,807.0,37,,96.906,21.569,-4.0,-0.781,1.001,1.006,-0.016,4310,14.51,12.157,0,,,,,97,,,,,,,,
2026-10-01T11:51:55.085,252.215,0,806.5,37,,97.0,21.961,-3.5,-0.781,1.001,1.007,-0.012,4280,14.51,12.157,0,,,,,,32,,,,,,,
2026-10-01T11:51:55.215,252.345,0,806.0,37,,96.938,21.961,-4.5,-0.781,1.001,1.006,-0.016,4250,14.51,12.157,0,,,,,,,100.0,,,,,,
2026-10-01T11:51:55.345,252.475,0,800.75,37,,96.969,21.569,-4.0,-0.781,1.001,1.003,-0.016,4250,14.51,12.157,0,,,,,,,,381.4,,,,,
2026-10-01T11:51:55.475,252.605,0,798.25,37,,96.938,21.961,-2.5,-0.781,1.001,1.002,-0.02,4210,14.51,12.157,0,,,,,,,,,0.76,,,,
2026-10-01T11:51:55.605,252.735,0,791.5,37,,96.969,21.569,-2.5,-0.781,1.001,1.004,-0.016,4200,14.51,12.157,0,,,,,,,,,,,0.781,,
2026-10-01T11:51:55.735,252.865,0,793.75,37,,97.0,21.961,-2.5,-0.781,1.001,1.008,-0.012,4100,14.51,12.157,0,,,,,,,,,,,,22.353,
2026-10-01T11:51:55.866,252.996,0,794.75,36,,97.0,21.569,-1.5,0.0,1.001,1.01,-0.012,4090,14.51,12.157,0,,,,,,,,,,,,,285
2026-10-01T11:51:55.995,253.125,0,796.75,36,,96.906,21.569,-2.5,0.0,1.001,1.009,-0.012,4060,14.51,12.157,0,103,,,,,,,,,,,,
2026-10-01T11:51:56.125,253.255,0,792.25,36,,96.969,21.176,-1.5,0.0,1.001,1.009,-0.012,4020,14.51,12.157,0,,73,,,,,,,,,,,
2026-10-01T11:51:56.256,253.386,0,794.5,36,,96.969,21.569,-1.0,0.0,1.001,1.008,-0.012,4030,14.51,12.157,0,,,9.375,,,,,,,,,,
2026-10-01T11:51:56.385,253.515,0,794.25,36,,96.906,21.176,0.5,0.0,1.001,1.007,-0.012,4000,14.51,12.157,0,,,,12.656,,,,,,,,,
2026-10-01T11:51:56.515,253.645,0,784.5,36,,97.0,21.569,0.5,0.0,1.001,1.009,-0.012,3970,14.51,12.157,0,,,,,97,,,,,,,,
2026-10-01T11:51:56.645,253.775,0,781.0,36,,96.906,21.569,2.0,0.0,1.001,1.01,-0.012,3970,14.51,12.549,0,,,,,,32,,,,,,,
2026-10-01T11:51:56.776,253.906,0,785.0,37,,96.906,23.137,0.5,0.0,1.001,1.013,-0.008,3990,14.51,12.157,0,,,,,,,100.0,,,,,,
2026-10-01T11:51:56.905,254.035,0,782.0,38,,96.906,22.353,0.5,0.0,1.001,1.016,-0.004,4140,14.51,12.157,0,,,,,,,,381.6,,,,,
2026-10-01T11:51:57.035,254.165,0,789.5,38,,96.906,22.353,-0.5,0.0,1.001,1.021,0.0,4300,14.51,12.549,0,,,,,,,,,0.755,,,,
2026-10-01T11:51:57.165,254.295,0,796.0,38,,96.969,21.961,-1.5,0.0,1.001,1.021,0.0,4380,14.51,12.549,0,,,,,,,,,,,0.781,,
2026-10-01T11:51:57.295,254.425,0,799.0,37,,96.906,22.353,-2.0,0.781,1.001,1.017,-0.004,4410,14.51,12.549,0,,,,,,,,,,,,23.137,
2026-10-01T11:51:57.425,254.555,0,792.0,37,,96.938,22.353,-1.0,0.0,1.0,1.012,-0.008,4420,14.51,12.549,0,,,,,,,,,,,,,287
2026-10-01T11:51:57.555,254.685,0,800.0,37,,96.906,22.353,-3.5,0.0,1.0,1.0,-0.02,4510,14.51,12.549,0,103,,,,,,,,,,,,
2026-10-01T11:51:57.685,254.816,0,799.5,38,,96.969,22.353,-2.5,0.0,1.0,0.999,-0.023,4590,14.51,12.157,0,,74,,,,,,,,,,,
2026-10-01T11:51:57.815,254.945,0,796.0,37,,96.906,22.353,-2.0,0.0,1.0,0.999,-0.02,4570,14.51,12.157,0,,,9.375,,,,,,,,,,
2026-10-01T11:51:57.946,255.076,0,794.5,37,,96.906,21.961,-2.0,0.0,1.0,0.999,-0.023,4520,14.51,12.549,0,,,,12.812,,,,,,,,,
2026-10-01T11:51:58.076,255.206,0,798.75,37,,96.969,21.961,-1.5,0.0,1.0,0.999,-0.023,4460,14.51,12.549,0,,,,,97,,,,,,,,
2026-10-01T11:51:58.205,255.336,0,795.5,37,,96.938,22.353,-2.5,0.0,1.0,0.997,-0.027,4450,14.51,12.549,0,,,,,,32,,,,,,,
2026-10-01T11:51:58.336,255.466,0,794.25,38,,96.906,22.353,-4.0,0.0,1.0,0.998,-0.023,4450,14.51,12.549,0,,,,,,,100.0,,,,,,
2026-10-01T11:51:58.465,255.595,0,794.25,38,,96.906,22.745,-3.0,0.0,1.0,1.0,-0.02,4520,14.51,12.549,0,,,,,,,,381.9,,,,,
2026-10-01T11:51:58.595,255.725,0,801.5,38,,96.906,22.745,-2.5,0.0,1.0,1.003,-0.016,4530,14.51,12.549,0,,,,,,,,,0.755,,,,
2026-10-01T11:51:58.725,255.855,0,803.75,38,,96.938,21.961,-2.5,0.0,1.0,1.004,-0.016,4510,14.51,12.549,0,,,,,,,,,,,0.781,,
2026-10-01T11:51:58.855,255.985,0,800.25,37,,96.906,21.961,-3.0,0.0,1.0,0.999,-0.023,4470,14.51,12.157,0,,,,,,,,,,,,23.137,
2026-10-01T11:51:58.985,256.115,0,813.5,37,,96.938,21.569,-3.0,0.0,1.0,0.998,-0.027,4380,14.51,12.549,0,,,,,,,,,,,,,288
2026-10-01T11:51:59.115,256.245,0,816.0,37,,96.938,21.569,-4.0,0.0,1.0,0.996,-0.031,4320,14.51,12.549,0,103,,,,,,,,,,,,
2026-10-01T11:51:59.246,256.376,0,817.25,37,,96.969,21.569,-3.5,0.0,1.001,0.997,-0.027,4270,14.51,12.549,0,,73,,,,,,,,,,,
2026-10-01T11:51:59.376,256.506,0,814.75,36,,96.938,21.569,-4.0,0.0,1.001,0.996,-0.031,4240,14.51,12.549,0,,,9.375,,,,,,,,,,
2026-10-01T11:51:59.506,256.636,0,806.5,36,,96.969,21.569,-4.0,0.0,1.001,0.996,-0.031,4160,14.51,12.157,0,,,,12.617,,,,,,,,,
2026-10-01T11:51:59.636,256.766,0,810.5,36,,96.969,21.569,-4.0,0.0,1.001,0.995,-0.035,4110,14.51,12.157,0,,,,,97,,,,,,,,
2026-10-01T11:51:59.765,256.895,0,806.25,36,,97.0,21.569,-2.5,0.0,1.001,0.993,-0.035,4080,14.51,12.157,0,,,,,,32,,,,,,,
2026-10-01T11:51:59.895,257.025,0,800.5,36,,96.938,21.569,-3.5,0.0,1.001,0.994,-0.035,4040,14.51,12.157,0,,,,,,,100.0,,,,,,
2026-10-01T11:52:00.025,257.155,0,797.25,36,,96.969,21.176,-3.5,0.0,1.001,0.992,-0.039,4030,14.51,12.157,0,,,,,,,,382.1,,,,,
2026-10-01T11:52:00.155,257.285,0,796.25,36,,96.969,21.569,-0.5,0.0,1.001,0.996,-0.031,4010,14.51,12.157,0,,,,,,,,,0.755,,,,
2026-10-01T11:52:00.285,257.415,0,800.5,36,,96.938,21.176,-1.0,0.0,1.001,0.995,-0.031,3990,14.51,12.157,0,,,,,,,,,,,0.781,,
2026-10-01T11:52:00.415,257.545,0,793.5,36,,96.938,21.176,-2.0,0.0,1.001,0.996,-0.031,3960,14.51,12.157,0,,,,,,,,,,,,21.961,
2026-10-01T11:52:00.545,257.675,0,793.5,36,,96.938,21.569,0.5,0.0,1.001,0.995,-0.031,3970,14.51,12.157,0,,,,,,,,,,,,,290
2026-10-01T11:52:00.675,257.806,0,783.25,36,,96.906,21.569,2.0,0.0,1.001,0.995,-0.031,3940,14.51,12.157,0,103,,,,,,,,,,,,
2026-10-01T11:52:00.805,257.935,0,783.0,36,,96.906,21.569,3.0,0.0,1.001,0.998,-0.023,3960,14.51,12.549,0,,73,,,,,,,,,,,
2026-10-01T11:52:00.935,258.065,0,776.75,37,,96.906,22.353,0.5,0.0,1.001,1.0,-0.02,4070,14.51,12.549,0,,,9.375,,,,,,,,,,
2026-10-01T11:52:01.066,258.196,0,783.0,38,,96.938,22.353,2.0,0.0,1.001,1.007,-0.012,4260,14.51,12.549,0,,,,12.832,,,,,,,,,
2026-10-01T11:52:01.195,258.325,0,782.75,38,,97.0,22.353,-1.0,0.0,1.001,1.009,-0.012,4420,14.51,12.157,0,,,,,97,,,,,,,,
2026-10-01T11:52:01.325,258.455,0,788.0,38,,97.0,21.961,-1.5,0.0,1.001,1.009,-0.012,4480,14.51,12.157,0,,,,,,32,,,,,,,
2026-10-01T11:52:01.456,258.586,0,796.0,37,,96.938,22.353,-1.0,0.0,1.0,1.004,-0.016,4480,14.51,12.157,0,,,,,,,100.0,,,,,,
2026-10-01T11:52:01.585,258.715,0,797.75,37,,96.938,21.961,0.5,0.0,1.0,0.997,-0.027,4450,14.51,12.549,0,,,,,,,,382.5,,,,,
2026-10-01T11:52:01.715,258.845,0,791.5,37,,96.906,21.961,-1.5,0.0,1.0,0.995,-0.031,4410,14.51,12.549,0,,,,,,,,,0.755,,,,
2026-10-01T11:52:01.855,258.985,0,797.5,37,,96.906,22.353,-1.5,0.0,1.0,0.995,-0.031,4420,14.51,12.549,0,,,,,,,,,,,0.781,,
2026-10-01T11:52:01.986,259.116,0,798.25,37,,96.906,22.353,-1.5,0.0,1.0,0.998,-0.027,4480,14.51,12.549,0,,,,,,,,,,,,23.137,
2026-10-01T11:52:02.116,259.246,0,800.0,38,,96.938,22.353,-2.5,0.0,1.0,0.997,-0.027,4490,14.51,12.549,0,,,,,,,,,,,,,291
2026-10-01T11:52:02.246,259.376,0,799.0,38,,96.938,22.353,-3.0,0.0,1.0,0.998,-0.023,4510,14.51,12.549,0,103,,,,,,,,,,,,
2026-10-01T11:52:02.375,259.505,0,802.5,37,,96.969,22.353,-2.5,0.0,1.0,0.997,-0.027,4520,14.51,12.549,0,,74,,,,,,,,,,,
2026-10-01T11:52:02.505,259.635,0,802.75,37,,96.969,21.961,-2.5,0.0,1.0,0.997,-0.027,4520,14.51,12.549,0,,,9.375,,,,,,,,,,
2026-10-01T11:52:02.635,259.765,0,800.25,37,,96.938,21.961,-4.0,0.0,1.0,0.999,-0.023,4500,14.51,12.549,0,,,,12.636,,,,,,,,,
2026-10-01T11:52:02.765,259.895,0,807.0,37,,96.938,21.961,-3.0,0.0,1.0,0.997,-0.027,4480,14.51,12.549,0,,,,,97,,,,,,,,
2026-10-01T11:52:02.895,260.025,0,811.25,37,,97.062,21.961,-4.0,0.0,1.0,0.995,-0.035,4410,14.51,12.157,0,,,,,,32,,,,,,,
2026-10-01T11:52:03.025,260.155,0,808.0,37,,96.969,21.961,-4.0,0.0,1.0,0.993,-0.035,4370,14.51,12.549,0,,,,,,,100.0,,,,,,
2026-10-01T11:52:03.155,260.285,0,809.25,37,,96.969,21.569,-4.5,0.0,1.0,0.993,-0.039,4340,14.51,12.157,0,,,,,,,,382.7,,,,,
2026-10-01T11:52:03.285,260.415,0,804.0,37,,96.906,21.569,-4.0,0.0,1.0,0.99,-0.047,4280,14.51,12.157,0,,,,,,,,,0.755,,,,
2026-10-01T11:52:03.415,260.545,0,804.25,37,,96.938,21.569,-4.0,0.0,1.001,0.988,-0.051,4220,14.51,12.157,0,,,,,,,,,,,0.781,,
2026-10-01T11:52:03.545,260.675,0,804.5,36,,96.938,21.176,-3.0,-0.781,1.001,0.985,-0.059,4140,14.51,12.157,0,,,,,,,,,,,,22.353,
2026-10-01T11:52:03.675,260.805,0,806.5,36,,96.938,21.569,-3.0,-0.781,1.001,0.982,-0.066,4070,14.51,12.157,0,,,,,,,,,,,,,293
2026-10-01T11:52:03.805,260.935,0,802.5,36,,97.0,21.176,-2.5,-0.781,1.001,0.981,-0.066,4040,14.51,12.157,0,103,,,,,,,,,,,,
2026-10-01T11:52:03.935,261.065,0,792.5,36,,96.969,21.569,-1.5,-1.562,1.001,0.979,-0.074,3980,14.51,12.157,0,,73,,,,,,,,,,,
2026-10-01T11:52:04.065,261.195,0,797.25,36,,96.938,21.176,0.5,-1.562,1.001,0.98,-0.07,3950,14.51,12.157,0,,,10.156,,,,,,,,,,
2026-10-01T11:52:04.195,261.325,0,799.0,36,,97.0,21.176,0.5,-1.562,1.001,0.982,-0.066,3900,14.51,12.549,0,,,,12.656,,,,,,,,,
2026-10-01T11:52:04.325,261.455,0,790.5,36,,96.969,21.176,-1.0,-1.562,1.001,0.985,-0.059,3930,14.51,12.549,0,,,,,97,,,,,,,,
2026-10-01T11:52:04.456,261.586,0,793.25,37,,96.938,21.569,-0.5,-1.562,1.001,0.987,-0.051,3990,14.51,12.549,0,,,,,,32,,,,,,,
2026-10-01T11:52:04.585,261.715,0,792.25,37,,96.906,21.961,-1.0,-1.562,1.001,0.99,-0.047,4110,14.51,12.157,0,,,,,,,100.0,,,,,,
2026-10-01T11:52:04.715,261.845,0,785.25,37,,96.969,21.961,1.0,-0.781,1.001,0.996,-0.031,4170,14.51,12.157,0,,,,,,,,383.0,,,,,
2026-10-01T11:52:04.845,261.975,0,785.5,37,,96.938,21.961,0.5,-0.781,1.001,0.999,-0.023,4200,14.51,12.157,0,,,,,,,,,0.755,,,,
2026-10-01T11:52:04.975,262.105,0,793.0,37,,96.938,21.961,0.5,-0.781,1.001,1.0,-0.02,4220,14.51,12.549,0,,,,,,,,,,,0.781,,
2026-10-01T11:52:05.105,262.235,0,789.75,37,,96.906,21.961,0.0,-0.781,1.001,0.999,-0.02,4250,14.51,12.549,0,,,,,,,,,,,,22.745,
2026-10-01T11:52:05.235,262.366,0,790.0,37,,96.906,21.961,-1.0,-0.781,1.001,0.999,-0.023,4280,14.51,12.157,0,,,,,,,,,,,,,295
2026-10-01T11:52:05.366,262.496,0,796.0,37,,96.906,21.961,0.5,-0.781,1.001,0.998,-0.023,4270,14.51,12.549,0,103,,,,,,,,,,,,
2026-10-01T11:52:05.495,262.625,0,796.5,37,,96.906,21.961,-1.0,-0.781,1.001,0.997,-0.027,4320,14.51,12.549,0,,74,,,,,,,,,,,
2026-10-01T11:52:05.625,262.755,0,796.0,37,,96.906,21.961,-0.5,-0.781,1.001,0.999,-0.023,4330,14.51,12.549,0,,,9.375,,,,,,,,,,
2026-10-01T11:52:05.755,262.885,0,795.5,37,,96.906,21.961,-1.0,-0.781,1.001,0.999,-0.02,4350,14.51,12.549,0,,,,12.734,,,,,,,,,
2026-10-01T11:52:05.885,263.015,0,793.5,38,,96.938,22.353,-1.5,-0.781,1.001,1.002,-0.02,4370,14.51,12.549,0,,,,,97,,,,,,,,
2026-10-01T11:52:06.015,263.145,0,794.0,37,,96.969,21.961,-2.0,-0.781,1.001,1.005,-0.016,4420,14.51,12.549,0,,,,,,32,,,,,,,
2026-10-01T11:52:06.145,263.275,0,796.25,38,,96.938,22.353,-2.0,-0.781,1.0,1.008,-0.012,4430,14.51,12.549,0,,,,,,,100.0,,,,,,
2026-10-01T11:52:06.275,263.405,0,796.25,38,,96.938,22.353,-2.0,-0.781,1.0,1.009,-0.012,4450,14.51,12.549,0,,,,,,,,383.2,,,,,
2026-10-01T11:52:06.406,263.536,0,799.75,37,,96.906,22.353,-2.0,-0.781,1.0,1.005,-0.016,4450,14.51,12.549,0,,,,,,,,,0.75,,,,
2026-10-01T11:52:06.535,263.665,0,797.5,37,,96.938,22.353,-3.5,-0.781,1.0,1.003,-0.016,4460,14.51,12.549,0,,,,,,,,,,,0.781,,
2026-10-01T11:52:06.666,263.796,0,803.75,37,,96.906,21.961,-3.5,-0.781,1.0,0.999,-0.023,4440,14.51,12.549,0,,,,,,,,,,,,22.745,
2026-10-01T11:52:06.795,263.925,0,811.0,37,,96.938,21.961,-3.5,-0.781,1.0,0.999,-0.023,4420,14.51,12.157,0,,,,,,,,,,,,,296
2026-10-01T11:52:06.925,264.055,0,808.0,37,,96.938,21.569,-4.0,-0.781,1.0,0.998,-0.023,4380,14.51,12.157,0,103,,,,,,,,,,,,
2026-10-01T11:52:07.056,264.186,0,797.0,37,,96.906,21.569,-3.5,-0.781,1.0,0.999,-0.023,4280,14.51,12.157,0,,74,,,,,,,,,,,
2026-10-01T11:52:07.185,264.316,0,796.75,36,,96.969,21.176,-2.0,-0.781,1.0,0.999,-0.02,4220,14.51,12.157,0,,,9.375,,,,,,,,,,
2026-10-01T11:52:07.315,264.445,0,799.25,36,,96.969,21.569,-0.5,-0.781,1.001,1.0,-0.02,4140,14.51,12.157,0,,,,12.675,,,,,,,,,
2026-10-01T11:52:07.445,264.575,0,798.25,36,,96.938,21.569,-2.0,-0.781,1.001,1.002,-0.02,4030,14.51,12.157,0,,,,,97,,,,,,,,
2026-10-01T11:52:07.575,264.705,0,794.0,36,,97.0,21.569,-1.5,-0.781,1.001,1.002,-0.02,4000,14.51,12.157,0,,,,,,32,,,,,,,
2026-10-01T11:52:07.705,264.835,0,788.75,36,,96.906,21.569,-0.5,-0.781,1.001,1.0,-0.02,3970,14.51,12.157,0,,,,,,,100.0,,,,,,
2026-10-01T11:52:07.835,264.965,0,793.75,36,,96.906,21.176,-0.5,-0.781,1.001,0.999,-0.02,3940,14.51,12.157,0,,,,,,,,383.5,,,,,
2026-10-01T11:52:07.965,265.095,0,795.25,36,,96.938,21.176,0.5,-0.781,1.001,0.999,-0.023,3910,14.51,12.157,0,,,,,,,,,0.75,,,,
2026-10-01T11:52:08.095,265.225,0,788.25,36,,96.906,21.176,0.5,-0.781,1.001,0.999,-0.023,3950,14.51,12.157,0,,,,,,,,,,,0.781,,
2026-10-01T11:52:08.226,265.356,0,790.75,36,,96.906,21.569,-1.5,-0.781,1.001,1.001,-0.02,3930,14.51,12.157,0,,,,,,,,,,,,22.353,
2026-10-01T11:52:08.355,265.485,0,797.0,36,,96.906,21.569,-2.0,-0.781,1.001,1.004,-0.016,3940,14.51,12.157,0,,,,,,,,,,,,,298
2026-10-01T11:52:08.485,265.615,0,788.5,36,,96.906,21.569,0.0,-0.781,1.001,1.005,-0.016,3950,14.51,12.549,0,103,,,,,,,,,,,,
2026-10-01T11:52:08.615,265.745,0,787.5,37,,96.938,21.961,0.5,0.0,1.001,1.009,-0.012,4090,14.51,12.549,0,,74,,,,,,,,,,,
2026-10-01T11:52:08.746,265.876,0,787.0,37,,96.938,21.961,1.0,0.0,1.001,1.012,-0.008,4200,14.51,12.549,0,,,9.375,,,,,,,,,,
2026-10-01T11:52:08.875,266.005,0,785.25,37,,96.906,21.961,0.0,0.0,1.001,1.013,-0.008,4270,14.51,12.157,0,,,,12.734,,,,,,,,,
2026-10-01T11:52:09.006,266.136,0,784.25,37,,96.938,22.353,0.5,0.0,1.001,1.013,-0.008,4310,14.51,12.549,0,,,,,97,,,,,,,,
2026-10-01T11:52:09.135,266.265,0,787.75,37,,96.906,21.961,-1.0,0.0,1.001,1.011,-0.008,4290,14.51,12.157,0,,,,,,32,,,,,,,
2026-10-01T11:52:09.265,266.395,0,796.5,37,,96.906,22.353,0.0,0.0,1.001,1.006,-0.016,4330,14.51,12.549,0,,,,,,,100.0,,,,,,
2026-10-01T11:52:09.395,266.525,0,796.75,37,,96.906,22.353,-1.0,0.0,1.001,1.005,-0.016,4350,14.51,12.549,0,,,,,,,,383.7,,,,,
2026-10-01T11:52:09.525,266.655,0,797.5,37,,96.906,21.961,-2.0,0.0,1.001,0.999,-0.023,4360,14.51,12.549,0,,,,,,,,,0.75,,,,
2026-10-01T11:52:09.655,266.785,0,799.5,37,,96.906,21.961,-1.0,0.0,1.0,0.999,-0.023,4350,14.51,12.549,0,,,,,,,,,,,0.781,,
2026-10-01T11:52:09.785,266.915,0,792.75,37,,96.969,21.961,-0.5,0.0,1.001,0.998,-0.023,4380,14.51,12.549,0,,,,,,,,,,,,23.137,
2026-10-01T11:52:09.916,267.046,0,794.75,37,,96.906,22.353,0.0,0.0,1.0,1.001,-0.02,4390,14.51,12.549,0,,,,,,,,,,,,,299
2026-10-01T11:52:10.045,267.175,0,792.5,37,,96.938,21.961,-1.0,0.0,1.001,1.004,-0.016,4420,14.51,12.549,0,103,,,,,,,,,,,,
2026-10-01T11:52:10.175,267.305,0,794.0,38,,96.906,22.353,-1.5,0.0,1.001,1.006,-0.016,4440,14.51,12.549,0,,74,,,,,,,,,,,
2026-10-01T11:52:10.306,267.436,0,796.75,37,,96.906,21.961,-3.0,0.0,1.0,1.01,-0.012,4450,14.51,12.549,0,,,9.375,,,,,,,,,,
2026-10-01T11:52:10.435,267.565,0,803.0,37,,96.906,21.961,-3.5,0.0,1.0,1.007,-0.012,4450,14.51,12.549,0,,,,12.695,,,,,,,,,
2026-10-01T11:52:10.566,267.696,0,813.25,37,,96.938,21.569,-4.0,0.0,1.0,1.005,-0.016,4430,14.51,12.549,0,,,,,97,,,,,,,,
2026-10-01T11:52:10.695,267.825,0,814.75,37,,96.906,21.961,-3.5,0.0,1.0,0.998,-0.023,4400,14.51,12.549,0,,,,,,32,,,,,,,
2026-10-01T11:52:10.825,267.955,0,807.5,37,,96.938,21.569,-4.0,0.0,1.0,0.997,-0.027,4330,14.51,12.157,0,,,,,,,100.0,,,,,,
2026-10-01T11:52:10.955,268.085,0,807.0,37,,96.906,21.961,-4.0,0.0,1.0,0.997,-0.027,4300,14.51,12.157,0,,,,,,,,384.0,,,,,
2026-10-01T11:52:11.085,268.215,0,811.5,36,,96.969,21.569,-3.5,0.0,1.001,0.998,-0.027,4230,14.51,12.157,0,,,,,,,,,0.75,,,,
2026-10-01T11:52:11.215,268.345,0,806.25,36,,96.969,21.569,-3.0,0.0,1.001,0.997,-0.027,4150,14.51,12.157,0,,,,,,,,,,,0.781,,
2026-10-01T11:52:11.346,268.476,0,805.5,36,,96.969,21.176,-2.5,0.0,1.001,0.995,-0.035,4090,14.51,12.157,0,,,,,,,,,,,,22.353,
2026-10-01T11:52:11.475,268.605,0,799.5,36,,96.969,21.569,-3.0,0.0,1.001,0.994,-0.035,4050,14.51,12.157,0,,,,,,,,,,,,,301
2026-10-01T11:52:11.605,268.735,0,801.0,36,,96.906,21.176,-2.0,0.0,1.001,0.992,-0.039,4030,14.51,12.157,0,103,,,,,,,,,,,,
2026-10-01T11:52:11.735,268.865,0,795.75,36,,96.969,21.569,-2.5,0.0,1.001,0.992,-0.039,4030,14.51,12.157,0,,74,,,,,,,,,,,
2026-10-01T11:52:11.865,268.995,0,793.0,36,,96.938,21.176,-2.0,-0.781,1.001,0.991,-0.043,4020,14.51,12.157,0,,,9.375,,,,,,,,,,
2026-10-01T11:52:11.995,269.125,0,795.75,36,,96.938,21.569,-1.0,-0.781,1.001,0.991,-0.043,3990,14.51,12.157,0,,,,12.617,,,,,,,,,
2026-10-01T11:52:12.125,269.255,0,792.75,36,,96.938,21.569,-2.0,-0.781,1.001,0.992,-0.039,3980,14.51,12.157,0,,,,,97,,,,,,,,
2026-10-01T11:52:12.255,269.385,0,794.0,36,,96.969,21.176,-1.0,-0.781,1.001,0.993,-0.035,3970,14.51,12.157,0,,,,,,32,,,,,,,
2026-10-01T11:52:12.385,269.516,0,798.5,36,,96.906,21.569,-1.0,-0.781,1.001,0.995,-0.031,3980,14.51,12.157,0,,,,,,,100.0,,,,,,
2026-10-01T11:52:12.516,269.646,0,794.5,36,,96.906,21.176,2.5,-0.781,1.001,0.997,-0.027,3980,14.51,12.549,0,,,,,,,,384.1,,,,,
2026-10-01T11:52:12.645,269.775,0,781.5,36,,96.906,21.961,1.0,0.0,1.001,0.998,-0.023,4000,14.51,12.549,0,,,,,,,,,0.75,,,,
2026-10-01T11:52:12.775,269.905,0,784.75,37,,96.906,21.961,2.5,0.0,1.001,1.0,-0.02,4090,14.51,12.549,0,,,,,,,,,,,0.781,,
2026-10-01T11:52:12.905,270.035,0,782.0,38,,96.938,22.353,1.5,0.0,1.001,1.008,-0.012,4250,14.51,12.549,0,,,,,,,,,,,,23.137,
2026-10-01T11:52:13.035,270.165,0,782.5,38,,96.906,22.353,0.0,0.0,1.001,1.012,-0.008,4360,14.51,12.549,0,,,,,,,,,,,,,302
2026-10-01T11:52:13.166,270.296,0,790.25,38,,96.906,22.745,-1.0,0.0,1.001,1.011,-0.008,4470,14.51,12.549,0,103,,,,,,,,,,,,
2026-10-01T11:52:13.295,270.425,0,794.5,38,,96.906,22.353,-2.0,0.0,1.0,1.013,-0.008,4540,14.51,12.549,0,,74,,,,,,,,,,,
2026-10-01T11:52:13.425,270.555,0,796.25,37,,96.938,22.353,-2.0,0.0,1.0,1.003,-0.016,4510,14.51,12.549,0,,,9.375,,,,,,,,,,
2026-10-01T11:52:13.555,270.685,0,799.5,37,,96.938,21.961,-1.5,0.0,1.0,1.0,-0.02,4510,14.51,12.549,0,,,,12.675,,,,,,,,,
2026-10-01T11:52:13.685,270.815,0,796.0,37,,96.938,22.353,-1.5,0.0,1.0,0.998,-0.023,4460,14.51,12.549,0,,,,,97,,,,,,,,
2026-10-01T11:52:13.815,270.945,0,795.5,37,,96.938,21.961,-1.0,0.0,1.0,0.996,-0.031,4430,14.51,12.549,0,,,,,,32,,,,,,,
2026-10-01T11:52:13.945,271.075,0,792.25,37,,96.969,21.961,-1.0,0.0,1.0,0.998,-0.023,4380,14.51,12.549,0,,,,,,,100.0,,,,,,
2026-10-01T11:52:14.075,271.205,0,798.5,37,,96.938,21.961,-1.5,0.0,1.0,0.998,-0.023,4370,14.51,12.549,0,,,,,,,,384.4,,,,,
2026-10-01T11:52:14.205,271.335,0,807.0,37,,96.969,21.961,-2.5,0.0,1.001,1.0,-0.02,4390,14.51,12.549,0,,,,,,,,,0.745,,,,
2026-10-01T11:52:14.335,271.465,0,810.75,37,,96.906,21.961,-3.5,0.0,1.0,1.003,-0.016,4370,14.51,12.549,0,,,,,,,,,,,0.781,,
2026-10-01T11:52:14.465,271.595,0,813.5,37,,96.938,21.961,-4.0,0.0,1.0,1.002,-0.02,4400,14.51,12.549,0,,,,,,,,,,,,22.745,
2026-10-01T11:52:14.595,271.725,0,817.25,37,,96.969,21.961,-4.0,0.0,1.0,1.003,-0.016,4380,14.51,12.549,0,,,,,,,,,,,,,304
2026-10-01T11:52:14.725,271.855,0,810.25,37,,96.906,21.961,-4.0,0.0,1.0,1.0,-0.02,4350,14.51,12.549,0,103,,,,,,,,,,,,
2026-10-01T11:52:14.855,271.985,0,806.25,37,,96.906,21.569,-4.0,0.0,1.0,0.999,-0.023,4300,14.51,12.549,0,,74,,,,,,,,,,,
2026-10-01T11:52:14.985,272.115,0,796.25,37,,96.938,21.961,-3.0,0.0,1.001,0.999,-0.023,4280,14.51,12.157,0,,,9.375,,,,,,,,,,
2026-10-01T11:52:15.115,272.245,0,801.75,37,,96.938,21.569,-3.0,0.0,1.001,0.999,-0.023,4270,14.51,12.157,0,,,,12.656,,,,,,,,,
2026-10-01T11:52:15.245,272.375,0,802.5,37,,96.938,21.961,-4.0,0.0,1.001,0.999,-0.023,4240,14.51,12.157,0,,,,,97,,,,,,,,
2026-10-01T11:52:15.375,272.505,0,797.75,36,,96.938,21.176,-2.0,0.0,1.001,0.999,-0.023,4130,14.51,12.157,0,,,,,,32,,,,,,,
2026-10-01T11:52:15.505,272.635,0,797.75,36,,96.969,21.569,-0.5,0.0,1.001,0.998,-0.023,4060,14.51,12.157,0,,,,,,,100.0,,,,,,
2026-10-01T11:52:15.635,272.765,0,794.75,36,,96.938,21.569,0.5,0.0,1.001,0.998,-0.023,4000,14.51,12.157,0,,,,,,,,384.6,,,,,
2026-10-01T11:52:15.765,272.895,0,792.0,36,,96.906,21.569,-0.5,0.0,1.001,0.999,-0.023,3950,14.51,12.157,0,,,,,,,,,0.745,,,,
2026-10-01T11:52:15.895,273.025,0,795.25,36,,96.969,21.569,0.5,0.0,1.001,0.999,-0.023,3970,14.51,12.157,0,,,,,,,,,,,0.781,,
2026-10-01T11:52:16.025,273.155,0,791.75,36,,97.0,21.569,-1.0,0.0,1.001,1.002,-0.02,4000,14.51,12.157,0,,,,,,,,,,,,22.353,
2026-10-01T11:52:16.155,273.285,0,797.75,36,,96.969,21.569,-0.5,0.0,1.001,1.003,-0.016,3980,14.51,12.157,0,,,,,,,,,,,,,305
2026-10-01T11:52:16.285,273.415,0,795.75,36,,96.938,21.569,0.5,0.0,1.001,1.005,-0.016,4000,14.51,12.157,0,103,,,,,,,,,,,,
2026-10-01T11:52:16.415,273.545,0,781.0,36,,96.969,21.569,2.5,0.0,1.001,1.007,-0.012,3990,14.51,12.549,0,,74,,,,,,,,,,,
2026-10-01T11:52:16.545,273.675,0,777.0,37,,96.969,21.569,0.0,0.0,1.001,1.009,-0.012,4060,14.51,12.549,0,,,9.375,,,,,,,,,,
2026-10-01T11:52:16.675,273.805,0,784.25,37,,97.0,21.961,0.5,0.0,1.001,1.012,-0.008,4190,14.51,12.157,0,,,,12.734,,,,,,,,,
2026-10-01T11:52:16.805,273.935,0,782.5,37,,96.938,21.961,-0.5,0.0,1.001,1.013,-0.008,4240,14.51,12.157,0,,,,,97,,,,,,,,
2026-10-01T11:52:16.935,274.065,0,784.75,37,,96.969,21.961,1.0,0.0,1.001,1.015,-0.004,4280,14.51,12.157,0,,,,,,32,,,,,,,
2026-10-01T11:52:17.065,274.195,0,794.25,37,,96.906,21.961,0.5,0.0,1.001,1.011,-0.008,4260,14.51,12.549,0,,,,,,,100.0,,,,,,
2026-10-01T11:52:17.196,274.326,0,791.75,37,,96.938,21.961,0.0,0.0,1.001,1.005,-0.016,4240,14.51,12.549,0,,,,,,,,384.9,,,,,
2026-10-01T11:52:17.325,274.455,0,792.5,37,,96.906,21.961,0.5,0.0,1.001,1.001,-0.02,4280,14.51,12.549,0,,,,,,,,,0.745,,,,
2026-10-01T11:52:17.455,274.585,0,793.0,37,,96.938,22.353,-1.5,0.0,1.001,1.005,-0.016,4330,14.51,12.549,0,,,,,,,,,,,0.781,,
2026-10-01T11:52:17.585,274.715,0,795.0,38,,96.906,22.353,-2.0,0.0,1.001,1.007,-0.012,4470,14.51,12.549,0,,,,,,,,,,,,23.529,
2026-10-01T11:52:17.715,274.845,0,794.25,38,,96.906,22.745,-3.0,0.0,1.0,1.011,-0.008,4550,14.51,12.549,0,,,,,,,,,,,,,307
2026-10-01T11:52:17.845,274.975,0,799.25,38,,96.938,22.745,-3.5,0.781,1.0,1.009,-0.012,4570,14.51,12.549,0,103,,,,,,,,,,,,
2026-10-01T11:52:17.975,275.105,0,805.75,38,,96.906,22.353,-3.5,0.781,1.0,1.004,-0.016,4600,14.51,12.549,0,,74,,,,,,,,,,,
2026-10-01T11:52:18.105,275.235,0,813.25,37,,96.906,22.353,-4.0,0.0,1.0,0.999,-0.023,4570,14.51,12.549,0,,,9.375,,,,,,,,,,
2026-10-01T11:52:18.235,275.365,0,816.0,37,,96.938,21.569,-4.0,0.0,1.0,0.996,-0.031,4530,14.51,12.549,0,,,,12.734,,,,,,,,,
2026-10-01T11:52:18.365,275.495,0,822.5,37,,97.062,21.569,-4.5,0.0,1.0,0.996,-0.031,4420,14.51,12.549,0,,,,,97,,,,,,,,
2026-10-01T11:52:18.495,275.625,0,820.0,37,,96.938,21.569,-4.0,0.0,1.0,0.995,-0.031,4340,14.51,12.549,0,,,,,,32,,,,,,,
2026-10-01T11:52:18.625,275.755,0,809.75,37,,96.969,21.569,-4.0,0.0,1.0,0.995,-0.031,4260,14.51,12.549,0,,,,,,,100.0,,,,,,
2026-10-01T11:52:18.756,275.886,0,809.0,36,,96.969,21.569,-4.5,0.0,1.001,0.995,-0.031,4220,14.51,12.549,0,,,,,,,,385.1,,,,,
2026-10-01T11:52:18.885,276.015,0,808.75,36,,96.969,21.176,-3.5,0.0,1.001,0.994,-0.035,4180,14.51,12.157,0,,,,,,,,,0.745,,,,
2026-10-01T11:52:19.015,276.145,0,805.75,36,,96.969,21.569,-3.5,0.0,1.001,0.993,-0.039,4130,14.51,12.157,0,,,,,,,,,,,0.781,,
2026-10-01T11:52:19.145,276.275,0,798.25,36,,97.0,21.569,-3.5,0.0,1.001,0.992,-0.043,4060,14.51,12.157,0,,,,,,,,,,,,22.353,
2026-10-01T11:52:19.275,276.405,0,800.75,36,,96.938,21.569,-1.5,0.0,1.001,0.993,-0.035,4070,14.51,12.157,0,,,,,,,,,,,,,309
2026-10-01T11:52:19.405,276.535,0,798.5,36,,97.0,21.569,-2.5,0.0,1.001,0.993,-0.039,4070,14.51,12.157,0,103,,,,,,,,,,,,
2026-10-01T11:52:19.535,276.665,0,792.0,36,,97.031,21.569,-1.0,0.0,1.001,0.994,-0.035,4040,14.51,12.157,0,,74,,,,,,,,,,,
2026-10-01T11:52:19.665,276.795,0,796.0,36,,97.0,21.569,-1.0,0.0,1.001,0.995,-0.035,3980,14.51,12.157,0,,,9.375,,,,,,,,,,
2026-10-01T11:52:19.795,276.925,0,791.25,36,,97.0,21.176,-1.0,0.0,1.001,0.995,-0.031,3980,14.51,12.157,0,,,,12.695,,,,,,,,,
2026-10-01T11:52:19.926,277.056,0,788.5,36,,96.969,21.569,-1.5,0.0,1.001,0.995,-0.031,3950,14.51,12.157,0,,,,,97,,,,,,,,
2026-10-01T11:52:20.055,277.185,0,797.0,36,,97.0,21.569,-1.5,0.0,1.001,0.996,-0.027,3920,14.51,12.157,0,,,,,,32,,,,,,,
2026-10-01T11:52:20.185,277.315,0,796.0,36,,97.0,21.569,1.5,0.0,1.001,0.999,-0.023,3920,14.51,12.157,0,,,,,,,100.0,,,,,,
2026-10-01T11:52:20.315,277.445,0,789.75,36,,96.969,21.569,-1.0,0.0,1.001,1.0,-0.02,3950,14.51,12.157,0,,,,,,,,385.3,,,,,
2026-10-01T11:52:20.445,277.575,0,796.0,36,,97.031,21.569,-1.0,0.0,1.001,1.003,-0.016,3980,14.51,12.157,0,,,,,,,,,0.745,,,,
2026-10-01T11:52:20.575,277.705,0,782.25,36,,97.0,21.176,2.0,0.0,1.001,1.006,-0.016,3980,14.51,12.157,0,,,,,,,,,,,0.781,,
2026-10-01T11:52:20.705,277.835,0,780.0,37,,97.031,21.569,2.5,0.0,1.001,1.007,-0.012,3990,14.51,12.549,0,,,,,,,,,,,,22.353,
2026-10-01T11:52:20.835,277.965,0,775.25,37,,96.969,21.569,0.5,0.0,1.001,1.01,-0.012,3990,14.51,12.157,0,,,,,,,,,,,,,310
2026-10-01T11:52:20.965,278.095,0,781.5,38,,96.906,22.353,-1.0,0.781,1.001,1.013,-0.008,4170,14.51,12.157,0,103,,,,,,,,,,,,
2026-10-01T11:52:21.095,278.225,0,788.25,38,,96.938,21.961,0.5,0.781,1.001,1.013,-0.008,4300,14.51,12.157,0,,74,,,,,,,,,,,
2026-10-01T11:52:21.225,278.355,0,793.25,37,,97.0,21.961,-1.5,0.781,1.001,1.018,-0.004,4360,14.51,12.157,0,,,9.375,,,,,,,,,,
2026-10-01T11:52:21.355,278.485,0,798.25,37,,96.969,21.961,-1.0,0.781,1.001,1.012,-0.008,4380,14.51,12.549,0,,,,12.812,,,,,,,,,
2026-10-01T11:52:21.485,278.615,0,795.0,37,,96.906,21.961,-1.0,0.781,1.001,1.005,-0.016,4400,14.51,12.549,0,,,,,97,,,,,,,,
2026-10-01T11:52:21.615,278.745,0,800.25,37,,96.906,22.353,-0.5,0.0,1.001,0.998,-0.023,4400,14.51,12.549,0,,,,,,32,,,,,,,
2026-10-01T11:52:21.745,278.875,0,793.75,37,,96.906,21.961,-2.0,0.0,1.001,0.996,-0.031,4450,14.51,12.549,0,,,,,,,100.0,,,,,,
2026-10-01T11:52:21.875,279.005,0,792.0,37,,96.906,22.353,-1.0,0.0,1.001,0.995,-0.031,4460,14.51,12.549,0,,,,,,,,385.6,,,,,
2026-10-01T11:52:22.006,279.136,0,798.75,37,,96.938,21.961,-1.0,0.0,1.001,0.997,-0.027,4460,14.51,12.549,0,,,,,,,,,0.745,,,,
2026-10-01T11:52:22.145,279.275,0,802.5,38,,96.938,22.353,-2.5,0.0,1.0,0.997,-0.027,4480,14.51,12.549,0,,,,,,,,,,,0.781,,
2026-10-01T11:52:22.275,279.405,0,809.75,37,,96.938,21.961,-3.0,0.0,1.0,0.999,-0.023,4470,14.51,12.549,0,,,,,,,,,,,,22.745,
2026-10-01T11:52:22.405,279.535,0,810.75,37,,96.938,21.569,-4.0,0.0,1.0,0.998,-0.023,4450,14.51,12.549,0,,,,,,,,,,,,,312
2026-10-01T11:52:22.535,279.665,0,816.0,37,,96.969,21.961,-4.0,0.0,1.0,0.997,-0.027,4340,14.51,12.549,0,103,,,,,,,,,,,,
2026-10-01T11:52:22.665,279.795,0,816.25,37,,96.938,21.176,-3.5,0.0,1.0,0.996,-0.031,4260,14.51,12.549,0,,74,,,,,,,,,,,
2026-10-01T11:52:22.795,279.925,0,817.75,36,,96.969,21.569,-3.0,0.0,1.0,0.996,-0.027,4170,14.51,12.549,0,,,9.375,,,,,,,,,,
2026-10-01T11:52:22.925,280.055,0,809.5,36,,96.906,21.569,-4.0,0.0,1.001,0.999,-0.023,4140,14.51,12.549,0,,,,12.753,,,,,,,,,
2026-10-01T11:52:23.055,280.185,0,807.75,36,,96.938,21.176,-4.0,0.0,1.001,0.998,-0.027,4120,14.51,12.157,0,,,,,97,,,,,,,,
2026-10-01T11:52:23.185,280.315,0,805.75,36,,97.0,21.569,-3.0,0.0,1.001,0.999,-0.023,4110,14.51,12.157,0,,,,,,32,,,,,,,
2026-10-01T11:52:23.315,280.445,0,800.75,36,,97.0,21.569,-2.5,0.0,1.001,0.999,-0.023,4130,14.51,12.157,0,,,,,,,100.0,,,,,,
2026-10-01T11:52:23.445,280.575,0,799.25,37,,96.969,21.569,-1.0,0.0,1.001,0.999,-0.02,4130,14.51,12.157,0,,,,,,,,385.8,,,,,
2026-10-01T11:52:23.575,280.705,0,789.25,37,,97.0,21.176,-1.0,0.0,1.001,0.999,-0.02,4090,14.51,12.157,0,,,,,,,,,0.745,,,,
2026-10-01T11:52:23.705,280.835,0,789.75,36,,96.969,21.176,0.0,0.0,1.001,0.999,-0.023,4040,14.51,12.157,0,,,,,,,,,,,0.781,,
2026-10-01T11:52:23.835,280.965,0,790.5,36,,96.938,21.176,-1.0,0.0,1.001,0.999,-0.023,3970,14.51,12.157,0,,,,,,,,,,,,21.961,
2026-10-01T11:52:23.965,281.095,0,797.75,36,,96.938,21.569,-2.0,0.0,1.001,0.998,-0.023,3960,14.51,12.549,0,,,,,,,,,,,,,313
2026-10-01T11:52:24.096,281.226,0,797.0,37,,96.906,21.569,-2.5,0.0,1.001,1.0,-0.02,3960,14.51,12.549,0,103,,,,,,,,,,,,
2026-10-01T11:52:24.225,281.355,0,794.0,37,,96.969,21.569,-2.5,0.0,1.001,1.002,-0.02,4040,14.51,12.157,0,,74,,,,,,,,,,,
2026-10-01T11:52:24.355,281.485,0,799.5,37,,96.969,21.569,-2.5,0.781,1.001,1.007,-0.012,4060,14.51,12.157,0,,,9.375,,,,,,,,,,
2026-10-01T11:52:24.485,281.615,0,797.5,37,,97.031,21.569,-2.5,0.781,1.001,1.007,-0.012,4110,14.51,12.157,0,,,,12.636,,,,,,,,,
2026-10-01T11:52:24.615,281.745,0,792.75,36,,96.938,21.569,-1.5,0.781,1.001,1.005,-0.016,4080,14.51,12.157,0,,,,,97,,,,,,,,
2026-10-01T11:52:24.745,281.875,0,787.75,37,,96.938,21.569,0.0,0.0,1.001,1.002,-0.02,4090,14.51,12.157,0,,,,,,32,,,,,,,
2026-10-01T11:52:24.875,282.005,0,786.5,36,,97.0,21.569,2.0,0.781,1.001,1.002,-0.02,4050,14.51,12.549,0,,,,,,,100.0,,,,,,
2026-10-01T11:52:25.005,282.135,0,780.75,37,,96.969,21.961,1.5,0.781,1.001,1.003,-0.016,4080,14.51,12.549,0,,,,,,,,386.1,,,,,
2026-10-01T11:52:25.135,282.265,0,780.75,37,,97.031,22.353,-0.5,0.0,1.001,1.001,-0.02,4200,14.51,12.549,0,,,,,,,,,0.74,,,,
2026-10-01T11:52:25.265,282.395,0,786.25,38,,96.938,22.353,0.0,0.781,1.001,1.007,-0.012,4340,14.51,12.549,0,,,,,,,,,,,0.781,,
2026-10-01T11:52:25.395,282.525,0,790.75,38,,97.0,22.353,-0.5,0.781,1.001,1.013,-0.008,4470,14.51,12.549,0,,,,,,,,,,,,23.137,
2026-10-01T11:52:25.525,282.655,0,791.25,38,,97.0,22.353,-2.5,0.781,1.001,1.011,-0.008,4490,14.51,12.549,0,,,,,,,,,,,,,315
2026-10-01T11:52:25.655,282.785,0,796.0,38,,96.938,22.353,-1.0,0.781,1.0,1.005,-0.016,4480,14.51,12.549,0,103,,,,,,,,,,,,
2026-10-01T11:52:25.785,282.915,0,794.5,37,,96.938,21.961,-1.5,0.781,1.0,0.998,-0.023,4440,14.51,12.549,0,,74,,,,,,,,,,,
2026-10-01T11:52:25.916,283.046,0,798.75,37,,96.938,22.353,-1.0,0.781,1.0,0.994,-0.035,4470,14.51,12.549,0,,,9.375,,,,,,,,,,
2026-10-01T11:52:26.046,283.176,0,799.0,37,,97.0,22.353,-2.0,0.0,1.0,0.995,-0.031,4440,14.51,12.549,0,,,,12.695,,,,,,,,,
2026-10-01T11:52:26.175,283.305,0,797.5,37,,97.0,22.353,-0.5,0.0,1.0,0.997,-0.027,4470,14.51,12.549,0,,,,,97,,,,,,,,
2026-10-01T11:52:26.305,283.435,0,789.75,38,,97.0,22.353,-1.0,0.781,1.0,0.997,-0.027,4460,14.51,12.549,0,,,,,,32,,,,,,,
2026-10-01T11:52:26.435,283.565,0,796.0,37,,96.969,21.961,-2.5,0.781,1.0,0.998,-0.023,4440,14.51,12.549,0,,,,,,,100.0,,,,,,
2026-10-01T11:52:26.565,283.695,0,813.5,37,,96.938,21.961,-3.0,0.781,1.0,0.997,-0.027,4420,14.51,12.549,0,,,,,,,,386.3,,,,,
2026-10-01T11:52:26.695,283.825,0,816.0,37,,96.969,21.569,-3.5,0.781,1.0,0.997,-0.027,4390,14.51,12.549,0,,,,,,,,,0.745,,,,
2026-10-01T11:52:26.825,283.955,0,813.0,37,,97.0,21.569,-4.0,0.0,1.0,0.996,-0.027,4330,14.51,12.549,0,,,,,,,,,,,0.781,,
2026-10-01T11:52:26.955,284.085,0,816.0,37,,97.0,21.569,-3.5,0.0,1.001,0.995,-0.031,4280,14.51,12.549,0,,,,,,,,,,,,22.745,
2026-10-01T11:52:27.085,284.215,0,812.25,37,,97.031,21.569,-4.0,0.0,1.001,0.995,-0.035,4250,14.51,12.549,0,,,,,,,,,,,,,316
2026-10-01T11:52:27.225,284.355,0,808.75,37,,97.0,21.569,-4.0,0.0,1.001,0.992,-0.039,4230,14.51,12.549,0,103,,,,,,,,,,,,
2026-10-01T11:52:27.355,284.485,0,805.25,37,,96.969,21.961,-3.5,0.0,1.001,0.991,-0.043,4210,14.51,12.157,0,,74,,,,,,,,,,,
2026-10-01T11:52:27.485,284.615,0,805.25,37,,97.062,21.569,-3.5,0.0,1.001,0.992,-0.039,4200,14.51,12.549,0,,,9.375,,,,,,,,,,
2026-10-01T11:52:27.615,284.745,0,803.5,37,,96.969,21.569,-2.5,0.0,1.001,0.989,-0.047,4160,14.51,12.157,0,,,,12.695,,,,,,,,,
2026-10-01T11:52:27.746,284.876,0,796.75,37,,96.938,21.569,-2.5,0.0,1.001,0.988,-0.051,4160,14.51,12.157,0,,,,,97,,,,,,,,
2026-10-01T11:52:27.875,285.005,0,795.25,37,,96.938,21.569,-2.0,0.0,1.001,0.985,-0.059,4130,14.51,12.157,0,,,,,,32,,,,,,,
2026-10-01T11:52:28.005,285.135,0,791.5,36,,96.906,21.176,-1.5,0.0,1.001,0.984,-0.062,4130,14.51,12.157,0,,,,,,,100.0,,,,,,
2026-10-01T11:52:28.135,285.265,0,793.25,36,,96.969,21.569,-1.0,0.0,1.001,0.985,-0.059,4070,14.51,12.157,0,,,,,,,,386.5,,,,,
2026-10-01T11:52:28.265,285.395,0,789.5,36,,96.906,21.176,-0.5,0.0,1.001,0.985,-0.059,4020,14.51,12.157,0,,,,,,,,,0.74,,,,
2026-10-01T11:52:28.395,285.525,0,793.0,36,,96.938,21.569,0.5,0.0,1.001,0.986,-0.055,3980,14.51,12.549,0,,,,,,,,,,,0.781,,
2026-10-01T11:52:28.525,285.655,0,794.5,36,,96.906,21.569,-1.5,0.0,1.001,0.987,-0.051,3970,14.51,12.549,0,,,,,,,,,,,,22.353,
2026-10-01T11:52:28.655,285.785,0,797.75,37,,96.906,21.569,-2.0,0.0,1.001,0.992,-0.043,4040,14.51,12.549,0,,,,,,,,,,,,,318
2026-10-01T11:52:28.785,285.915,0,795.0,37,,96.938,21.961,-1.0,0.0,1.001,0.996,-0.031,4120,14.51,12.549,0,103,,,,,,,,,,,,
2026-10-01T11:52:28.916,286.046,0,790.0,37,,97.0,21.961,-2.5,0.0,1.001,0.999,-0.023,4230,14.51,12.157,0,,74,,,,,,,,,,,
2026-10-01T11:52:29.045,286.175,0,795.25,37,,97.0,21.961,-1.0,0.0,1.001,1.001,-0.02,4250,14.51,12.157,0,,,9.375,,,,,,,,,,
2026-10-01T11:52:29.175,286.305,0,790.5,37,,97.031,21.569,1.5,0.0,1.001,1.0,-0.02,4240,14.51,12.157,0,,,,12.792,,,,,,,,,
2026-10-01T11:52:29.305,286.435,0,774.0,37,,96.969,21.569,4.5,0.0,1.001,0.999,-0.023,4230,14.51,12.157,0,,,,,97,,,,,,,,
2026-10-01T11:52:29.435,286.565,0,778.0,37,,96.906,22.745,1.0,0.0,1.001,0.997,-0.027,4240,14.51,12.157,0,,,,,,32,,,,,,,
2026-10-01T11:52:29.566,286.696,0,779.5,37,,97.0,22.353,2.0,0.0,1.001,0.997,-0.027,4230,14.51,12.549,0,,,,,,,100.0,,,,,,
2026-10-01T11:52:29.695,286.825,0,788.25,38,,96.938,22.353,-1.0,0.0,1.001,0.999,-0.023,4300,14.51,12.157,0,,,,,,,,386.8,,,,,
2026-10-01T11:52:29.825,286.955,0,787.25,38,,97.0,22.353,-0.5,0.0,1.001,1.0,-0.02,4370,14.51,12.157,0,,,,,,,,,0.74,,,,
2026-10-01T11:52:29.955,287.085,0,791.0,37,,96.938,21.961,0.5,0.0,1.001,1.003,-0.016,4380,14.51,12.549,0,,,,,,,,,,,0.781,,
2026-10-01T11:52:30.086,287.216,0,794.25,37,,96.938,21.961,0.5,0.0,1.001,1.003,-0.016,4380,14.51,12.549,0,,,,,,,,,,,,22.745,
2026-10-01T11:52:30.215,287.345,0,796.25,37,,96.969,21.961,-1.5,0.0,1.001,1.002,-0.02,4390,14.51,12.549,0,,,,,,,,,,,,,320
2026-10-01T11:52:30.345,287.475,0,797.25,38,,96.969,22.353,-2.5,0.0,1.0,1.001,-0.02,4400,14.51,12.549,0,103,,,,,,,,,,,,
2026-10-01T11:52:30.475,287.605,0,797.5,38,,96.938,21.961,-3.5,0.0,1.0,1.001,-0.02,4470,14.51,12.549,0,,74,,,,,,,,,,,
2026-10-01T11:52:30.606,287.736,0,804.5,37,,96.969,21.961,-3.0,0.0,1.0,1.005,-0.016,4460,14.51,12.549,0,,,9.375,,,,,,,,,,
2026-10-01T11:52:30.735,287.865,0,806.0,37,,97.0,21.961,-3.5,0.0,1.0,1.004,-0.016,4440,14.51,12.549,0,,,,12.714,,,,,,,,,
2026-10-01T11:52:30.865,287.995,0,811.5,37,,96.938,21.961,-4.0,0.0,1.0,1.001,-0.02,4420,14.51,12.549,0,,,,,97,,,,,,,,
2026-10-01T11:52:30.995,288.125,0,805.25,37,,96.938,21.961,-4.0,0.0,1.0,0.999,-0.023,4390,14.51,12.549,0,,,,,,32,,,,,,,
2026-10-01T11:52:31.125,288.255,0,803.5,37,,96.969,21.569,-3.5,0.0,1.0,0.998,-0.027,4360,14.51,12.549,0,,,,,,,100.0,,,,,,
2026-10-01T11:52:31.255,288.385,0,803.5,37,,97.0,21.961,-4.0,0.0,1.0,0.998,-0.023,4320,14.51,12.549,0,,,,,,,,387.0,,,,,
2026-10-01T11:52:31.385,288.515,0,805.0,37,,96.969,21.569,-3.5,0.0,1.0,0.999,-0.023,4280,14.51,12.549,0,,,,,,,,,0.74,,,,
2026-10-01T11:52:31.516,288.646,0,802.5,37,,97.0,21.961,-2.5,0.0,1.001,0.999,-0.023,4300,14.51,12.157,0,,,,,,,,,,,0.781,,
2026-10-01T11:52:31.645,288.775,0,794.25,37,,97.0,21.961,-3.5,0.0,1.001,0.999,-0.023,4260,14.51,12.157,0,,,,,,,,,,,,22.353,
2026-10-01T11:52:31.775,288.905,0,793.0,37,,96.938,21.961,-4.0,0.0,1.001,0.999,-0.023,4270,14.51,12.157,0,,,,,,,,,,,,,321
2026-10-01T11:52:31.905,289.035,0,797.0,37,,97.0,21.569,-2.5,0.0,1.001,0.998,-0.027,4200,14.51,12.157,0,103,,,,,,,,,,,,
2026-10-01T11:52:32.035,289.165,0,794.0,36,,97.062,21.176,-2.5,0.0,1.001,0.996,-0.027,4130,14.51,12.157,0,,74,,,,,,,,,,,
2026-10-01T11:52:32.165,289.295,0,798.25,36,,97.031,21.569,0.5,0.0,1.001,0.995,-0.031,4030,14.51,12.549,0,,,9.375,,,,,,,,,,
2026-10-01T11:52:32.295,289.425,0,800.5,36,,97.0,21.569,-1.0,0.0,1.001,0.995,-0.031,4010,14.51,12.549,0,,,,12.695,,,,,,,,,
2026-10-01T11:52:32.425,289.555,0,798.75,37,,97.062,21.961,-3.0,0.0,1.001,0.997,-0.027,4090,14.51,12.157,0,,,,,97,,,,,,,,
2026-10-01T11:52:32.555,289.685,0,788.5,37,,97.0,21.961,-1.0,0.0,1.001,0.996,-0.031,4090,14.51,12.157,0,,,,,,32,,,,,,,
2026-10-01T11:52:32.686,289.816,0,793.5,36,,97.031,21.569,-1.0,0.0,1.001,0.997,-0.027,4070,14.51,12.157,0,,,,,,,100.0,,,,,,
2026-10-01T11:52:32.815,289.945,0,798.75,36,,97.0,21.569,-1.5,0.0,1.001,0.998,-0.023,4060,14.51,12.157,0,,,,,,,,387.3,,,,,
2026-10-01T11:52:32.945,290.075,0,795.25,36,,97.0,21.176,-1.5,0.0,1.001,0.998,-0.023,4030,14.51,12.157,0,,,,,,,,,0.74,,,,
2026-10-01T11:52:33.075,290.205,0,796.25,36,,96.969,21.569,0.0,0.0,1.001,1.0,-0.02,4000,14.51,12.157,0,,,,,,,,,,,0.781,,
2026-10-01T11:52:33.206,290.336,0,792.0,37,,96.969,21.569,2.5,0.0,1.001,1.001,-0.02,4030,14.51,12.549,0,,,,,,,,,,,,23.137,
2026-10-01T11:52:33.335,290.465,0,784.75,37,,96.969,22.353,-1.0,0.0,1.001,1.008,-0.012,4130,14.51,12.157,0,,,,,,,,,,,,,323
2026-10-01T11:52:33.465,290.595,0,784.25,37,,96.938,21.961,0.0,0.0,1.001,1.015,-0.004,4200,14.51,12.157,0,103,,,,,,,,,,,,
2026-10-01T11:52:33.596,290.726,0,789.0,37,,97.0,21.961,2.5,0.0,1.001,1.016,-0.004,4250,14.51,12.549,0,,74,,,,,,,,,,,
2026-10-01T11:52:33.725,290.855,0,791.5,37,,96.938,21.961,1.0,0.781,1.001,1.015,-0.004,4260,14.51,12.549,0,,,9.375,,,,,,,,,,
2026-10-01T11:52:33.855,290.985,0,786.0,37,,97.0,22.353,0.5,0.781,1.001,1.011,-0.008,4290,14.51,12.549,0,,,,12.792,,,,,,,,,
2026-10-01T11:52:33.985,291.115,0,787.0,38,,96.938,21.961,0.5,0.0,1.001,1.008,-0.012,4310,14.51,12.549,0,,,,,97,,,,,,,,
2026-10-01T11:52:34.115,291.245,0,792.75,37,,96.938,22.353,-1.5,0.0,1.001,1.004,-0.016,4310,14.51,12.549,0,,,,,,32,,,,,,,
2026-10-01T11:52:34.245,291.375,0,795.25,38,,96.938,22.353,-1.0,0.0,1.001,1.005,-0.016,4360,14.51,12.549,0,,,,,,,100.0,,,,,,
2026-10-01T11:52:34.375,291.505,0,794.5,38,,96.938,22.745,-2.5,0.0,1.001,1.008,-0.012,4480,14.51,12.941,0,,,,,,,,387.5,,,,,
2026-10-01T11:52:34.505,291.635,0,803.75,38,,96.938,22.353,-2.5,0.781,1.0,1.011,-0.008,4560,14.51,12.941,0,,,,,,,,,0.74,,,,
2026-10-01T11:52:34.635,291.765,0,808.25,37,,96.969,21.961,-4.0,0.781,1.0,1.011,-0.008,4550,14.51,12.941,0,,,,,,,,,,,0.781,,
2026-10-01T11:52:34.765,291.895,0,810.25,37,,96.938,21.569,-4.0,0.781,1.0,1.007,-0.012,4470,14.51,12.941,0,,,,,,,,,,,,22.745,
2026-10-01T11:52:34.895,292.025,0,811.5,36,,96.906,21.569,-4.0,0.0,1.0,0.999,-0.023,4400,14.51,12.941,0,,,,,,,,,,,,,324
2026-10-01T11:52:35.025,292.155,0,818.75,36,,96.969,21.569,-4.0,0.0,1.0,0.997,-0.027,4290,14.51,12.941,0,103,,,,,,,,,,,,
2026-10-01T11:52:35.155,292.285,0,812.75,36,,96.906,21.176,-3.5,0.0,1.0,0.998,-0.023,4200,14.51,12.941,0,,74,,,,,,,,,,,
2026-10-01T11:52:35.285,292.415,0,811.75,36,,96.938,21.176,-3.5,0.0,1.001,0.998,-0.023,4100,14.51,12.549,0,,,9.375,,,,,,,,,,
2026-10-01T11:52:35.415,292.545,0,801.5,36,,96.969,21.176,-3.5,0.0,1.001,1.0,-0.02,4050,14.51,12.549,0,,,,12.714,,,,,,,,,
2026-10-01T11:52:35.545,292.675,0,801.25,35,,96.938,20.392,-1.0,0.781,1.001,1.005,-0.016,3910,14.51,12.549,0,,,,,97,,,,,,,,
2026-10-01T11:52:35.675,292.805,0,796.5,35,,96.906,20.392,0.5,0.781,1.001,1.005,-0.016,3850,14.51,12.549,0,,,,,,32,,,,,,,
2026-10-01T11:52:35.806,292.936,0,791.5,35,,96.938,20.392,2.0,0.781,1.001,1.007,-0.012,3820,14.51,12.941,0,,,,,,,100.0,,,,,,
2026-10-01T11:52:35.935,293.065,0,786.75,36,,96.906,21.569,-1.0,0.781,1.001,1.009,-0.012,3890,14.51,12.549,0,,,,,,,,387.7,,,,,
2026-10-01T11:52:36.065,293.195,0,789.75,36,,96.969,20.392,1.5,0.781,1.001,1.014,-0.008,3890,14.51,12.549,0,,,,,,,,,0.74,,,,
2026-10-01T11:52:36.195,293.325,0,795.25,35,,96.906,20.392,2.0,1.562,1.001,1.02,0.0,3860,14.51,12.941,0,,,,,,,,,,,0.781,,
2026-10-01T11:52:36.325,293.455,0,796.5,35,,96.906,21.176,0.5,1.562,1.001,1.02,0.0,3870,14.51,12.941,0,,,,,,,,,,,,21.961,
2026-10-01T11:52:36.455,293.585,0,797.5,36,,96.906,21.176,-1.0,1.562,1.001,1.019,0.0,3940,14.51,12.941,0,,,,,,,,,,,,,326
2026-10-01T11:52:36.585,293.715,0,789.0,36,,96.906,21.176,-2.0,1.562,1.001,1.02,0.0,3980,14.51,12.549,0,103,,,,,,,,,,,,
2026-10-01T11:52:36.716,293.846,0,786.0,36,,96.906,20.784,-1.0,1.562,1.001,1.017,-0.004,3970,14.51,12.549,0,,74,,,,,,,,,,,
2026-10-01T11:52:36.845,293.975,0,795.0,35,,96.906,20.784,-0.5,1.562,1.001,1.017,-0.004,3950,14.51,12.549,0,,,9.375,,,,,,,,,,
2026-10-01T11:52:36.975,294.105,0,795.0,35,,96.906,20.784,1.0,1.562,1.001,1.013,-0.008,3920,14.51,12.549,0,,,,12.792,,,,,,,,,
2026-10-01T11:52:37.105,294.235,0,793.0,35,,96.938,20.784,1.5,1.562,1.001,1.013,-0.008,3910,14.51,12.941,0,,,,,97,,,,,,,,
2026-10-01T11:52:37.235,294.365,0,786.5,35,,96.938,20.784,3.0,2.344,1.001,1.012,-0.008,3900,14.51,12.941,0,,,,,,32,,,,,,,
2026-10-01T11:52:37.375,294.505,0,782.0,35,,96.906,21.176,5.0,2.344,1.001,1.011,-0.008,3910,14.51,12.941,0,,,,,,,100.0,,,,,,
2026-10-01T11:52:37.505,294.635,0,781.5,37,,96.906,22.745,0.5,2.344,1.001,1.013,-0.008,4050,14.51,12.941,0,,,,,,,,387.8,,,,,
2026-10-01T11:52:37.635,294.765,0,778.0,37,,96.938,22.353,0.5,2.344,1.001,1.013,-0.008,4270,14.51,12.941,0,,,,,,,,,0.735,,,,
2026-10-01T11:52:37.765,294.895,0,791.0,37,,96.938,21.569,-1.0,2.344,1.001,1.01,-0.012,4340,14.51,12.941,0,,,,,,,,,,,0.781,,
2026-10-01T11:52:37.896,295.026,0,793.25,36,,96.938,21.569,-1.5,2.344,1.0,1.005,-0.016,4310,14.51,12.941,0,,,,,,,,,,,,21.961,
2026-10-01T11:52:38.025,295.155,0,797.25,36,,96.906,21.176,1.0,1.562,1.0,0.998,-0.027,4220,14.51,12.941,0,,,,,,,,,,,,,327
2026-10-01T11:52:38.155,295.285,0,794.5,36,,96.906,21.176,-1.0,1.562,1.001,0.994,-0.035,4150,14.51,12.941,0,103,,,,,,,,,,,,
2026-10-01T11:52:38.285,295.415,0,791.75,37,,96.906,22.745,-3.0,1.562,1.001,0.993,-0.039,4300,14.51,12.941,0,,74,,,,,,,,,,,
2026-10-01T11:52:38.415,295.545,0,794.0,37,,96.938,21.961,-2.5,1.562,1.001,0.996,-0.031,4400,14.51,12.941,0,,,9.375,,,,,,,,,,
2026-10-01T11:52:38.545,295.675,0,804.75,37,,96.906,21.961,-3.0,1.562,1.001,0.996,-0.031,4400,14.51,12.941,0,,,,12.675,,,,,,,,,
2026-10-01T11:52:38.675,295.805,0,811.5,36,,96.906,21.569,-3.5,1.562,1.0,0.993,-0.039,4360,14.51,12.941,0,,,,,97,,,,,,,,
2026-10-01T11:52:38.805,295.935,0,811.0,36,,96.906,21.176,-3.5,1.562,1.0,0.991,-0.043,4260,14.51,12.941,0,,,,,,32,,,,,,,
2026-10-01T11:52:38.935,296.065,0,810.25,36,,96.938,21.176,-3.5,0.781,1.0,0.988,-0.051,4150,14.51,12.941,0,,,,,,,100.0,,,,,,
2026-10-01T11:52:39.065,296.195,0,808.0,35,,96.906,20.784,-3.0,0.781,1.001,0.989,-0.047,4030,14.51,12.941,0,,,,,,,,388.0,,,,,
2026-10-01T11:52:39.195,296.325,0,807.25,35,,96.938,20.784,-4.0,0.781,1.001,0.991,-0.043,3970,14.51,12.941,0,,,,,,,,,0.74,,,,
2026-10-01T11:52:39.325,296.455,0,799.5,35,,96.906,21.176,-2.5,0.781,1.001,0.995,-0.031,3920,14.51,12.549,0,,,,,,,,,,,0.781,,
2026-10-01T11:52:39.455,296.585,0,797.0,35,,97.0,20.784,-1.0,1.562,1.001,0.999,-0.023,3860,14.51,12.549,0,,,,,,,,,,,,21.569,
2026-10-01T11:52:39.585,296.715,0,797.75,35,,97.0,20.392,0.5,1.562,1.001,1.006,-0.016,3830,14.51,12.941,0,,,,,,,,,,,,,329
2026-10-01T11:52:39.715,296.845,0,791.5,35,,96.906,20.784,-1.0,1.562,1.001,1.009,-0.012,3810,14.51,12.941,0,103,,,,,,,,,,,,
2026-10-01T11:52:39.845,296.975,0,796.25,35,,96.906,21.176,-0.5,1.562,1.001,1.011,-0.008,3850,14.51,12.941,0,,74,,,,,,,,,,,
2026-10-01T11:52:39.975,297.105,0,796.75,36,,96.906,21.176,-1.5,1.562,1.001,1.011,-0.008,3870,14.51,12.941,0,,,9.375,,,,,,,,,,
2026-10-01T11:52:40.106,297.236,0,795.25,36,,96.906,21.176,0.0,1.562,1.001,1.011,-0.008,3870,14.51,12.941,0,,,,12.675,,,,,,,,,
2026-10-01T11:52:40.235,297.365,0,795.75,35,,96.906,20.784,-1.0,1.562,1.001,1.01,-0.012,3860,14.51,12.941,0,,,,,97,,,,,,,,
2026-10-01T11:52:40.365,297.495,0,795.5,35,,96.906,20.784,-1.0,1.562,1.001,1.008,-0.012,3880,14.51,12.941,0,,,,,,32,,,,,,,
2026-10-01T11:52:40.495,297.625,0,798.0,35,,96.906,20.784,-1.0,1.562,1.001,1.006,-0.016,3880,14.51,12.941,0,,,,,,,100.0,,,,,,
2026-10-01T11:52:40.625,297.755,0,795.5,35,,96.906,20.784,-2.5,2.344,1.001,1.007,-0.012,3900,14.51,12.941,0,,,,,,,,388.2,,,,,
2026-10-01T11:52:40.755,297.885,0,795.75,35,,96.906,20.784,-1.5,2.344,1.001,1.007,-0.012,3890,14.51,12.941,0,,,,,,,,,0.735,,,,
2026-10-01T11:52:40.885,298.015,0,792.75,35,,96.906,20.784,-2.5,2.344,1.001,1.008,-0.012,3890,14.51,12.941,0,,,,,,,,,,,0.781,,
2026-10-01T11:52:41.015,298.145,0,795.0,35,,96.906,20.784,-0.5,2.344,1.001,1.009,-0.012,3910,14.51,12.941,0,,,,,,,,,,,,21.569,
2026-10-01T11:52:41.145,298.275,0,792.5,35,,96.906,20.784,-1.5,2.344,1.001,1.008,-0.012,3910,14.51,12.941,0,,,,,,,,,,,,,330
2026-10-01T11:52:41.276,298.406,0,797.5,35,,96.906,20.784,-0.5,2.344,1.001,1.005,-0.016,3920,14.51,12.941,0,103,,,,,,,,,,,,
2026-10-01T11:52:41.405,298.535,0,798.75,35,,96.906,20.784,-0.5,2.344,1.001,1.008,-0.012,3910,14.51,12.549,0,,74,,,,,,,,,,,
2026-10-01T11:52:41.535,298.665,0,791.75,35,,96.906,20.784,-1.0,2.344,1.001,1.007,-0.012,3910,14.51,12.549,0,,,10.156,,,,,,,,,,
2026-10-01T11:52:41.665,298.795,0,783.5,35,,96.906,20.784,2.5,2.344,1.001,1.009,-0.012,3910,14.51,12.941,0,,,,12.792,,,,,,,,,
2026-10-01T11:52:41.795,298.925,0,786.5,35,,96.906,20.784,5.0,2.344,1.001,1.009,-0.012,3910,14.51,13.333,0,,,,,97,,,,,,,,
2026-10-01T11:52:41.925,299.055,0,784.25,37,,96.906,22.353,-0.5,2.344,1.001,1.008,-0.012,4040,14.51,12.549,0,,,,,,32,,,,,,,
2026-10-01T11:52:42.055,299.185,0,791.5,36,,96.906,21.569,1.5,2.344,1.001,1.008,-0.012,4100,14.51,12.941,0,,,,,,,100.0,,,,,,
2026-10-01T11:52:42.186,299.316,0,793.25,36,,96.906,21.569,-1.0,2.344,1.001,1.005,-0.016,4110,14.51,12.941,0,,,,,,,,388.3,,,,,
2026-10-01T11:52:42.315,299.445,0,799.0,36,,96.906,21.176,1.5,2.344,1.001,0.998,-0.023,4090,14.51,13.333,0,,,,,,,,,0.735,,,,
2026-10-01T11:52:42.445,299.575,0,794.0,36,,96.906,22.353,-3.5,2.344,1.001,0.996,-0.031,4140,14.51,12.941,0,,,,,,,,,,,0.781,,
2026-10-01T11:52:42.575,299.705,0,795.0,37,,96.906,21.569,-2.0,1.562,1.001,0.996,-0.031,4250,14.51,12.941,0,,,,,,,,,,,,22.353,
2026-10-01T11:52:42.705,299.835,0,803.5,36,,96.906,21.569,-1.5,2.344,1.001,0.998,-0.023,4240,14.51,12.941,0,,,,,,,,,,,,,332
2026-10-01T11:52:42.835,299.965,0,809.25,36,,96.906,21.176,-1.5,2.344,1.001,0.996,-0.031,4200,14.51,12.941,0,103,,,,,,,,,,,,
2026-10-01T11:52:42.965,300.095,0,806.5,36,,96.906,21.176,-2.5,1.562,1.001,0.993,-0.039,4170,14.51,12.941,0,,74,,,,,,,,,,,
2026-10-01T11:52:43.096,300.226,0,811.0,35,,96.938,21.176,-3.5,1.562,1.001,0.992,-0.039,4110,14.51,12.941,0,,,10.156,,,,,,,,,,
2026-10-01T11:52:43.225,300.355,0,817.25,35,,96.906,20.784,-2.5,1.562,1.001,0.991,-0.043,4070,14.51,12.941,0,,,,12.734,,,,,,,,,
2026-10-01T11:52:43.355,300.485,0,812.25,35,,96.906,20.784,-2.5,1.562,1.001,0.99,-0.043,3990,14.51,12.941,0,,,,,97,,,,,,,,
2026-10-01T11:52:43.485,300.615,0,809.0,35,,96.938,20.784,-3.0,1.562,1.001,0.992,-0.039,3970,14.51,12.941,0,,,,,,32,,,,,,,
2026-10-01T11:52:43.615,300.745,0,802.5,35,,96.906,20.784,-2.0,1.562,1.001,0.996,-0.031,3940,14.51,12.941,0,,,,,,,100.0,,,,,,
2026-10-01T11:52:43.745,300.875,0,802.75,35,,96.906,20.784,0.0,1.562,1.001,0.996,-0.027,3920,14.51,12.941,0,,,,,,,,388.5,,,,,
2026-10-01T11:52:43.875,301.005,0,798.25,35,,96.906,20.784,-1.0,1.562,1.001,0.998,-0.023,3870,14.51,12.941,0,,,,,,,,,0.735,,,,
2026-10-01T11:52:44.005,301.135,0,793.75,35,,96.938,20.784,-1.5,1.562,1.001,0.999,-0.023,3860,14.51,12.941,0,,,,,,,,,,,0.781,,
2026-10-01T11:52:44.135,301.265,0,794.25,35,,96.938,20.784,-1.0,1.562,1.001,1.002,-0.02,3850,14.51,12.941,0,,,,,,,,,,,,21.569,
2026-10-01T11:52:44.265,301.395,0,795.5,35,,96.906,20.784,-1.0,1.562,1.001,1.002,-0.02,3850,14.51,12.941,0,,,,,,,,,,,,,334
2026-10-01T11:52:44.395,301.526,0,795.25,35,,96.906,20.784,-1.0,1.562,1.001,1.006,-0.016,3840,14.51,12.941,0,103,,,,,,,,,,,,
2026-10-01T11:52:44.525,301.655,0,793.25,35,,96.906,20.784,-0.5,1.562,1.001,1.005,-0.016,3830,14.51,12.941,0,,74,,,,,,,,,,,
2026-10-01T11:52:44.655,301.785,0,796.5,35,,96.906,20.784,0.5,1.562,1.001,1.006,-0.016,3840,14.51,12.549,0,,,10.156,,,,,,,,,,
2026-10-01T11:52:44.785,301.915,0,794.5,35,,96.906,20.784,0.0,1.562,1.001,1.007,-0.012,3830,14.51,12.549,0,,,,12.597,,,,,,,,,
2026-10-01T11:52:44.915,302.045,0,789.5,35,,96.938,20.784,-1.0,1.562,1.001,1.007,-0.012,3830,14.51,12.549,0,,,,,97,,,,,,,,
2026-10-01T11:52:45.045,302.175,0,789.0,35,,96.906,20.784,0.0,1.562,1.001,1.005,-0.016,3830,14.51,12.941,0,,,,,,32,,,,,,,
2026-10-01T11:52:45.175,302.305,0,797.25,35,,96.906,20.784,-0.5,1.562,1.001,1.003,-0.016,3830,14.51,12.549,0,,,,,,,100.0,,,,,,
2026-10-01T11:52:45.305,302.435,0,796.0,35,,96.906,20.784,0.0,1.562,1.001,1.0,-0.02,3830,14.51,12.549,0,,,,,,,,388.7,,,,,
2026-10-01T11:52:45.435,302.565,0,795.5,35,,96.969,20.784,0.5,1.562,1.001,1.0,-0.02,3830,14.51,12.549,0,,,,,,,,,0.735,,,,
2026-10-01T11:52:45.566,302.696,0,793.75,35,,96.938,20.784,1.5,1.562,1.001,1.0,-0.02,3830,14.51,12.549,0,,,,,,,,,,,0.781,,
2026-10-01T11:52:45.695,302.825,0,791.75,35,,96.906,20.392,1.5,1.562,1.001,0.999,-0.023,3810,14.51,12.549,0,,,,,,,,,,,,21.176,
2026-10-01T11:52:45.825,302.955,0,787.5,35,,96.906,20.392,0.5,1.562,1.001,0.999,-0.023,3820,14.51,12.549,0,,,,,,,,,,,,,335
2026-10-01T11:52:45.955,303.085,0,786.75,35,,96.906,20.392,1.5,1.562,1.001,0.999,-0.023,3820,14.51,12.549,0,103,,,,,,,,,,,,
2026-10-01T11:52:46.085,303.215,0,792.25,35,,96.906,20.392,1.5,1.562,1.001,1.0,-0.02,3830,14.51,12.549,0,,73,,,,,,,,,,,
2026-10-01T11:52:46.215,303.345,0,789.5,35,,96.938,20.784,2.0,1.562,1.001,1.0,-0.02,3830,14.51,12.549,0,,,10.156,,,,,,,,,,
2026-10-01T11:52:46.345,303.475,0,793.25,35,,96.906,20.392,1.5,1.562,1.001,1.0,-0.02,3840,14.51,12.549,0,,,,12.695,,,,,,,,,
2026-10-01T11:52:46.476,303.606,0,793.25,35,,96.906,20.392,0.5,1.562,1.001,1.0,-0.02,3830,14.51,12.549,0,,,,,97,,,,,,,,
2026-10-01T11:52:46.605,303.735,0,794.25,35,,96.906,20.392,0.5,1.562,1.001,1.0,-0.02,3840,14.51,12.549,0,,,,,,32,,,,,,,
2026-10-01T11:52:46.735,303.865,0,792.75,35,,96.906,20.392,1.0,1.562,1.001,1.0,-0.02,3830,14.51,12.941,0,,,,,,,100.0,,,,,,
2026-10-01T11:52:46.865,303.995,0,792.75,35,,96.906,20.392,1.5,1.562,1.001,1.0,-0.02,3830,14.51,12.549,0,,,,,,,,388.8,,,,,
2026-10-01T11:52:46.995,304.125,0,790.75,35,,96.906,20.392,0.5,1.562,1.001,1.0,-0.02,3830,14.51,12.549,0,,,,,,,,,0.735,,,,
2026-10-01T11:52:47.125,304.255,0,797.0,35,,96.906,20.392,-0.5,1.562,1.001,0.999,-0.023,3850,14.51,12.549,0,,,,,,,,,,,0.781,,
2026-10-01T11:52:47.255,304.386,0,796.5,35,,96.906,20.784,1.0,1.562,1.001,0.999,-0.02,3840,14.51,12.549,0,,,,,,,,,,,,21.176,
2026-10-01T11:52:47.385,304.515,0,790.5,35,,96.906,20.392,0.5,1.562,1.001,1.0,-0.02,3840,14.51,12.549,0,,,,,,,,,,,,,337
2026-10-01T11:52:47.525,304.655,0,795.0,35,,96.906,20.392,1.0,1.562,1.001,1.0,-0.02,3830,14.51,12.549,0,103,,,,,,,,,,,,
2026-10-01T11:52:47.655,304.785,0,795.0,35,,96.906,20.392,1.0,1.562,1.001,1.001,-0.02,3840,14.51,12.941,0,,74,,,,,,,,,,,
2026-10-01T11:52:47.785,304.915,0,792.0,35,,96.906,20.392,-0.5,1.562,1.001,1.0,-0.02,3840,14.51,12.941,0,,,10.156,,,,,,,,,,
2026-10-01T11:52:47.915,305.045,0,795.25,35,,96.906,20.784,0.5,1.562,1.001,1.002,-0.02,3830,14.51,12.941,0,,,,12.675,,,,,,,,,
2026-10-01T11:52:48.045,305.175,0,790.75,35,,96.906,20.784,0.5,1.562,1.001,1.005,-0.016,3840,14.51,12.941,0,,,,,97,,,,,,,,
2026-10-01T11:52:48.176,305.306,0,793.0,35,,96.906,20.784,-0.5,1.562,1.001,1.005,-0.016,3840,14.51,12.941,0,,,,,,32,,,,,,,
2026-10-01T11:52:48.305,305.435,0,791.25,35,,96.906,20.784,0.0,1.562,1.001,1.005,-0.016,3850,14.51,12.549,0,,,,,,,100.0,,,,,,
2026-10-01T11:52:48.435,305.565,0,797.25,35,,96.906,20.784,0.5,1.562,1.001,1.004,-0.016,3860,14.51,12.549,0,,,,,,,,389.0,,,,,
2026-10-01T11:52:48.565,305.695,0,798.5,35,,96.906,20.784,0.0,1.562,1.001,1.001,-0.02,3870,14.51,12.549,0,,,,,,,,,0.735,,,,
2026-10-01T11:52:48.695,305.825,0,790.75,35,,96.906,20.784,0.0,1.562,1.001,1.003,-0.016,3880,14.51,12.941,0,,,,,,,,,,,0.781,,
2026-10-01T11:52:48.825,305.955,0,792.5,35,,96.906,20.784,0.5,1.562,1.001,1.0,-0.02,3910,14.51,12.549,0,,,,,,,,,,,,21.569,
2026-10-01T11:52:48.955,306.085,0,798.0,35,,96.906,20.784,0.5,1.562,1.001,0.999,-0.023,3910,14.51,12.941,0,,,,,,,,,,,,,338
2026-10-01T11:52:49.085,306.215,0,790.75,35,,96.906,20.784,-0.5,1.562,1.001,0.999,-0.02,3920,14.51,12.941,0,103,,,,,,,,,,,,
2026-10-01T11:52:49.215,306.345,0,792.25,35,,96.906,20.784,-0.5,1.562,1.001,1.002,-0.02,3910,14.51,12.549,0,,74,,,,,,,,,,,
2026-10-01T11:52:49.346,306.476,0,796.75,35,,96.906,20.784,0.5,1.562,1.001,1.0,-0.02,3910,14.51,12.941,0,,,10.938,,,,,,,,,,
2026-10-01T11:52:49.475,306.605,0,797.75,35,,96.906,20.784,0.5,1.562,1.001,0.999,-0.023,3900,14.51,12.549,0,,,,12.597,,,,,,,,,
2026-10-01T11:52:49.605,306.735,0,791.5,35,,96.906,20.784,-0.5,1.562,1.001,0.999,-0.023,3900,14.51,12.941,0,,,,,97,,,,,,,,
2026-10-01T11:52:49.735,306.865,0,796.5,35,,96.906,20.784,0.5,1.562,1.001,0.998,-0.027,3890,14.51,12.941,0,,,,,,32,,,,,,,
2026-10-01T11:52:49.865,306.995,0,793.0,35,,96.906,20.784,-0.5,1.562,1.001,0.998,-0.027,3890,14.51,12.941,0,,,,,,,100.0,,,,,,
2026-10-01T11:52:49.995,307.125,0,797.25,35,,96.906,20.784,0.0,1.562,1.001,0.998,-0.023,3900,14.51,12.941,0,,,,,,,,389.1,,,,,
2026-10-01T11:52:50.125,307.255,0,793.0,35,,96.906,20.784,-0.5,1.562,1.001,0.998,-0.023,3890,14.51,12.549,0,,,,,,,,,0.73,,,,
2026-10-01T11:52:50.255,307.385,0,800.25,35,,96.906,20.784,-1.0,1.562,1.001,0.999,-0.02,3900,14.51,12.941,0,,,,,,,,,,,0.781,,
2026-10-01T11:52:50.385,307.515,0,798.75,35,,96.906,20.784,0.0,1.562,1.001,0.999,-0.023,3890,14.51,12.549,0,,,,,,,,,,,,21.569,
2026-10-01T11:52:50.516,307.646,0,794.25,35,,96.906,20.784,0.5,1.562,1.001,0.998,-0.023,3900,14.51,12.549,0,,,,,,,,,,,,,340
2026-10-01T11:52:50.645,307.775,0,795.5,35,,96.906,20.784,0.5,1.562,1.001,0.998,-0.023,3890,14.51,12.549,0,103,,,,,,,,,,,,
2026-10-01T11:52:50.775,307.905,0,791.75,35,,96.906,20.784,0.5,1.562,1.001,0.998,-0.023,3890,14.51,12.549,0,,73,,,,,,,,,,,
2026-10-01T11:52:50.905,308.035,0,798.5,35,,96.906,20.784,-0.5,0.781,1.001,0.998,-0.023,3870,14.51,12.549,0,,,10.938,,,,,,,,,,
2026-10-01T11:52:51.035,308.165,0,798.25,35,,96.906,20.784,-1.0,0.781,1.001,0.998,-0.027,3860,14.51,12.549,0,,,,12.753,,,,,,,,,
2026-10-01T11:52:51.165,308.295,0,797.0,35,,96.906,20.784,0.0,0.781,1.001,0.997,-0.027,3850,14.51,12.549,0,,,,,97,,,,,,,,
2026-10-01T11:52:51.295,308.425,0,798.0,35,,96.906,20.784,1.0,0.781,1.001,0.998,-0.023,3830,14.51,12.549,0,,,,,,32,,,,,,,
2026-10-01T11:52:51.425,308.555,0,791.75,35,,96.906,20.784,0.0,0.781,1.001,0.998,-0.023,3820,14.51,12.941,0,,,,,,,100.0,,,,,,
2026-10-01T11:52:51.555,308.685,0,791.5,35,,96.906,20.784,0.5,0.781,1.001,0.999,-0.023,3830,14.51,12.941,0,,,,,,,,389.3,,,,,
2026-10-01T11:52:51.685,308.815,0,790.75,35,,96.906,20.784,0.0,0.781,1.001,0.999,-0.023,3830,14.51,12.941,0,,,,,,,,,0.73,,,,
2026-10-01T11:52:51.815,308.946,0,796.75,35,,96.906,20.784,-0.5,0.781,1.001,0.999,-0.02,3840,14.51,12.941,0,,,,,,,,,,,0.781,,
2026-10-01T11:52:51.945,309.075,0,795.75,35,,96.906,20.784,0.5,0.781,1.001,1.0,-0.02,3850,14.51,12.941,0,,,,,,,,,,,,21.569,
2026-10-01T11:52:52.075,309.205,0,791.25,35,,96.875,20.784,0.5,0.781,1.001,1.0,-0.02,3850,14.51,12.941,0,,,,,,,,,,,,,341
2026-10-01T11:52:52.205,309.335,0,798.5,35,,96.906,20.784,0.0,0.781,1.001,1.0,-0.02,3850,14.51,12.549,0,103,,,,,,,,,,,,
2026-10-01T11:52:52.335,309.465,0,801.0,35,,96.906,20.784,-1.0,0.781,1.001,0.999,-0.02,3850,14.51,12.941,0,,73,,,,,,,,,,,
2026-10-01T11:52:52.465,309.595,0,795.25,35,,96.906,20.784,-1.0,0.781,1.001,0.998,-0.023,3850,14.51,12.941,0,,,10.938,,,,,,,,,,
2026-10-01T11:52:52.595,309.725,0,794.75,35,,96.906,20.784,0.5,0.781,1.001,1.0,-0.02,3860,14.51,12.941,0,,,,12.695,,,,,,,,,
2026-10-01T11:52:52.725,309.855,0,793.75,35,,96.906,20.784,0.0,0.781,1.001,1.0,-0.02,3860,14.51,12.941,0,,,,,97,,,,,,,,
2026-10-01T11:52:52.855,309.985,0,798.0,35,,96.906,20.784,0.0,0.781,1.001,1.0,-0.02,3860,14.51,12.941,0,,,,,,32,,,,,,,
2026-10-01T11:52:52.985,310.115,0,796.5,35,,96.906,20.784,-1.0,0.781,1.001,1.001,-0.02,3870,14.51,12.941,0,,,,,,,100.0,,,,,,
2026-10-01T11:52:53.116,310.246,0,798.75,35,,96.906,20.784,-1.0,0.781,1.001,1.003,-0.016,3850,14.51,12.941,0,,,,,,,,389.4,,,,,
2026-10-01T11:52:53.245,310.375,0,797.0,35,,96.906,20.784,0.5,0.781,1.001,1.001,-0.02,3870,14.51,12.941,0,,,,,,,,,0.73,,,,
2026-10-01T11:52:53.375,310.505,0,791.25,35,,96.906,20.784,-1.0,0.781,1.001,1.001,-0.02,3880,14.51,12.941,0,,,,,,,,,,,0.781,,
2026-10-01T11:52:53.505,310.635,0,793.25,35,,96.906,20.784,-0.5,0.781,1.001,1.001,-0.02,3870,14.51,12.941,0,,,,,,,,,,,,21.569,
2026-10-01T11:52:53.635,310.765,0,797.5,35,,96.906,20.784,0.5,0.781,1.001,0.999,-0.02,3870,14.51,12.549,0,,,,,,,,,,,,,343
2026-10-01T11:52:53.765,310.895,0,795.75,35,,96.906,20.784,1.0,0.781,1.001,0.999,-0.023,3860,14.51,12.941,0,103,,,,,,,,,,,,
2026-10-01T11:52:53.895,311.025,0,791.75,35,,96.906,20.784,0.0,0.781,1.001,0.999,-0.023,3850,14.51,12.941,0,,73,,,,,,,,,,,
2026-10-01T11:52:54.025,311.155,0,797.25,35,,96.906,20.784,0.5,0.781,1.001,1.0,-0.02,3870,14.51,12.941,0,,,10.938,,,,,,,,,,
2026-10-01T11:52:54.155,311.285,0,798.0,35,,96.906,20.784,0.5,0.781,1.001,1.0,-0.02,3860,14.51,12.941,0,,,,12.714,,,,,,,,,
2026-10-01T11:52:54.285,311.415,0,793.5,35,,96.906,20.784,0.5,0.781,1.001,0.999,-0.023,3850,14.51,12.941,0,,,,,97,,,,,,,,
2026-10-01T11:52:54.415,311.545,0,794.25,35,,96.906,20.784,-1.0,0.781,1.001,1.0,-0.02,3880,14.51,12.941,0,,,,,,32,,,,,,,
2026-10-01T11:52:54.545,311.675,0,797.0,35,,96.906,20.784,-2.0,0.781,1.001,1.0,-0.02,3900,14.51,12.941,0,,,,,,,100.0,,,,,,
2026-10-01T11:52:54.675,311.805,0,796.25,35,,96.906,20.784,-1.0,0.781,1.001,1.0,-0.02,3890,14.51,12.941,0,,,,,,,,389.6,,,,,
2026-10-01T11:52:54.805,311.935,0,798.25,35,,96.906,20.784,0.0,0.781,1.001,0.999,-0.023,3890,14.51,12.941,0,,,,,,,,,0.73,,,,
2026-10-01T11:52:54.935,312.065,0,793.75,35,,96.906,20.784,0.0,0.781,1.001,1.0,-0.02,3920,14.51,12.941,0,,,,,,,,,,,0.781,,
2026-10-01T11:52:55.065,312.195,0,795.25,35,,96.906,20.784,0.5,0.781,1.001,1.002,-0.02,3920,14.51,12.941,0,,,,,,,,,,,,21.569,
2026-10-01T11:52:55.195,312.325,0,799.5,35,,96.906,20.784,0.0,0.781,1.001,1.001,-0.02,3930,14.51,12.941,0,,,,,,,,,,,,,345
2026-10-01T11:52:55.325,312.455,0,797.0,35,,96.906,20.784,0.0,0.781,1.001,1.0,-0.02,3920,14.51,12.941,0,103,,,,,,,,,,,,
2026-10-01T11:52:55.455,312.585,0,798.25,35,,96.906,20.784,0.5,0.781,1.001,0.999,-0.023,3930,14.51,12.941,0,,73,,,,,,,,,,,
2026-10-01T11:52:55.585,312.715,0,794.25,35,,96.906,20.784,-0.5,0.781,1.001,0.999,-0.023,3930,14.51,12.941,0,,,11.719,,,,,,,,,,
2026-10-01T11:52:55.715,312.845,0,798.25,35,,96.906,20.784,0.5,0.781,1.001,0.998,-0.023,3940,14.51,12.941,0,,,,12.675,,,,,,,,,
2026-10-01T11:52:55.845,312.975,0,796.0,35,,96.906,20.784,-1.0,0.781,1.001,0.998,-0.023,3940,14.51,12.941,0,,,,,97,,,,,,,,
2026-10-01T11:52:55.975,313.105,0,798.75,35,,96.906,20.784,0.5,0.781,1.001,0.999,-0.023,3920,14.51,12.941,0,,,,,,32,,,,,,,
2026-10-01T11:52:56.105,313.235,0,801.0,35,,96.906,20.784,-1.0,0.781,1.001,0.999,-0.023,3920,14.51,12.941,0,,,,,,,100.0,,,,,,
2026-10-01T11:52:56.235,313.365,0,798.5,35,,96.938,20.784,0.0,0.781,1.001,0.999,-0.023,3910,14.51,12.941,0,,,,,,,,389.7,,,,,
2026-10-01T11:52:56.365,313.495,0,791.75,35,,96.906,20.784,0.5,0.781,1.001,0.999,-0.023,3910,14.51,12.941,0,,,,,,,,,0.73,,,,
2026-10-01T11:52:56.495,313.625,0,796.75,35,,96.906,20.784,-0.5,0.781,1.001,1.0,-0.02,3900,14.51,12.941,0,,,,,,,,,,,0.781,,
2026-10-01T11:52:56.625,313.755,0,801.0,35,,96.906,20.784,-1.0,0.781,1.001,1.0,-0.02,3900,14.51,12.549,0,,,,,,,,,,,,21.569,
2026-10-01T11:52:56.755,313.885,0,792.0,35,,96.906,20.784,-1.5,0.781,1.001,1.002,-0.02,3930,14.51,12.549,0,,,,,,,,,,,,,346
2026-10-01T11:52:56.885,314.015,0,794.5,35,,96.906,20.784,-1.0,0.781,1.001,1.002,-0.02,3920,14.51,12.941,0,103,,,,,,,,,,,,
2026-10-01T11:52:57.015,314.145,0,796.25,35,,96.906,20.784,-1.0,0.781,1.001,0.999,-0.023,3900,14.51,12.549,0,,73,,,,,,,,,,,
2026-10-01T11:52:57.145,314.275,0,798.0,35,,96.906,20.784,-1.0,0.781,1.001,0.996,-0.031,3890,14.51,12.549,0,,,11.719,,,,,,,,,,
2026-10-01T11:52:57.275,314.405,0,796.0,35,,96.906,20.784,-0.5,0.781,1.001,0.995,-0.035,3870,14.51,12.941,0,,,,12.617,,,,,,,,,
2026-10-01T11:52:57.405,314.535,0,797.25,35,,96.906,20.784,-0.5,0.781,1.001,0.995,-0.035,3860,14.51,12.941,0,,,,,97,,,,,,,,
2026-10-01T11:52:57.535,314.665,0,799.25,35,,96.906,20.784,-1.0,0.781,1.001,0.996,-0.031,3860,14.51,12.941,0,,,,,,32,,,,,,,
2026-10-01T11:52:57.665,314.795,0,796.25,35,,96.906,21.176,-1.0,0.781,1.001,0.997,-0.027,3880,14.51,12.941,0,,,,,,,100.0,,,,,,
2026-10-01T11:52:57.795,314.925,0,794.0,35,,96.906,20.784,-1.0,0.781,1.001,0.998,-0.023,3880,14.51,12.941,0,,,,,,,,389.9,,,,,
2026-10-01T11:52:57.925,315.055,0,796.75,35,,96.938,20.784,0.0,0.781,1.001,0.998,-0.023,3850,14.51,12.941,0,,,,,,,,,0.73,,,,
2026-10-01T11:52:58.055,315.185,0,794.75,35,,96.906,20.784,1.0,0.781,1.001,0.998,-0.023,3860,14.51,12.941,0,,,,,,,,,,,0.781,,
2026-10-01T11:52:58.185,315.315,0,798.5,35,,96.906,20.784,-1.0,0.781,1.001,0.999,-0.023,3860,14.51,12.941,0,,,,,,,,,,,,21.569,
2026-10-01T11:52:58.316,315.446,0,800.5,35,,96.906,20.784,-0.5,0.781,1.001,0.998,-0.023,3880,14.51,12.941,0,,,,,,,,,,,,,348
2026-10-01T11:52:58.445,315.575,0,795.25,35,,96.906,20.784,-0.5,0.781,1.001,0.999,-0.023,3870,14.51,12.941,0,103,,,,,,,,,,,,
2026-10-01T11:52:58.575,315.705,0,797.25,35,,96.906,20.784,-0.5,0.781,1.001,0.999,-0.023,3870,14.51,12.941,0,,73,,,,,,,,,,,
2026-10-01T11:52:58.705,315.835,0,790.0,35,,96.906,20.784,0.0,0.781,1.001,0.999,-0.023,3860,14.51,12.941,0,,,11.719,,,,,,,,,,
2026-10-01T11:52:58.835,315.965,0,799.0,35,,96.938,20.784,0.5,0.781,1.001,0.999,-0.02,3870,14.51,12.549,0,,,,12.753,,,,,,,,,
2026-10-01T11:52:58.965,316.095,0,798.75,35,,96.906,20.784,-0.5,0.781,1.001,1.0,-0.02,3850,14.51,12.941,0,,,,,97,,,,,,,,
2026-10-01T11:52:59.095,316.226,0,793.75,35,,96.906,20.784,-1.0,0.781,1.001,1.0,-0.02,3880,14.51,12.549,0,,,,,,31,,,,,,,
2026-10-01T11:52:59.225,316.355,0,798.0,35,,96.906,20.784,0.0,0.781,1.001,0.999,-0.023,3860,14.51,12.941,0,,,,,,,100.0,,,,,,
2026-10-01T11:52:59.355,316.485,0,797.75,35,,96.906,20.784,1.0,0.781,1.001,0.999,-0.023,3880,14.51,12.941,0,,,,,,,,390.0,,,,,
2026-10-01T11:52:59.485,316.616,0,793.25,35,,96.906,20.784,-1.0,0.781,1.001,1.002,-0.02,3870,14.51,12.941,0,,,,,,,,,0.73,,,,
2026-10-01T11:52:59.615,316.745,0,795.0,35,,96.906,20.784,-1.0,0.781,1.001,1.002,-0.02,3900,14.51,12.941,0,,,,,,,,,,,0.781,,
2026-10-01T11:52:59.746,316.876,0,802.0,35,,96.906,20.784,-1.5,0.781,1.001,1.003,-0.016,3910,14.51,12.941,0,,,,,,,,,,,,21.569,
2026-10-01T11:52:59.875,317.005,0,801.75,35,,96.938,20.784,-1.0,0.781,1.001,1.0,-0.02,3900,14.51,12.941,0,,,,,,,,,,,,,349
2026-10-01T11:53:00.005,317.135,0,796.5,35,,96.906,20.784,-0.5,0.781,1.001,0.999,-0.02,3890,14.51,12.941,0,104,,,,,,,,,,,,
2026-10-01T11:53:00.135,317.265,0,798.75,35,,96.938,20.784,-1.5,0.781,1.001,0.999,-0.023,3880,14.51,12.941,0,,73,,,,,,,,,,,
2026-10-01T11:53:00.265,317.395,0,802.0,35,,96.906,20.784,-1.0,0.781,1.001,0.999,-0.023,3890,14.51,12.941,0,,,11.719,,,,,,,,,,
2026-10-01T11:53:00.395,317.525,0,800.5,35,,96.906,20.784,-1.0,0.781,1.001,1.0,-0.02,3880,14.51,12.941,0,,,,12.636,,,,,,,,,
2026-10-01T11:53:00.525,317.655,0,795.75,35,,96.906,20.784,-1.0,0.781,1.001,0.999,-0.023,3890,14.51,12.941,0,,,,,97,,,,,,,,
2026-10-01T11:53:00.655,317.785,0,795.75,35,,96.906,20.784,-0.5,0.781,1.001,0.999,-0.02,3880,14.51,12.941,0,,,,,,31,,,,,,,
2026-10-01T11:53:00.785,317.915,0,798.0,35,,96.906,20.784,0.0,0.781,1.001,0.999,-0.02,3880,14.51,12.941,0,,,,,,,100.0,,,,,,
2026-10-01T11:53:00.915,318.045,0,791.25,35,,96.906,20.784,-0.5,0.781,1.001,1.0,-0.02,3870,14.51,12.941,0,,,,,,,,390.2,,,,,
2026-10-01T11:53:01.045,318.175,0,793.5,35,,96.906,20.784,-0.5,0.781,1.001,0.999,-0.02,3880,14.51,12.941,0,,,,,,,,,0.73,,,,
2026-10-01T11:53:01.176,318.306,0,800.0,35,,96.906,21.176,-1.0,0.781,1.001,1.001,-0.02,3910,14.51,12.941,0,,,,,,,,,,,0.781,,
2026-10-01T11:53:01.305,318.435,0,801.0,35,,96.906,20.784,-1.0,0.781,1.001,1.0,-0.02,3930,14.51,12.941,0,,,,,,,,,,,,21.569,
2026-10-01T11:53:01.435,318.565,0,793.75,35,,96.938,20.784,0.0,0.781,1.001,0.998,-0.023,3930,14.51,12.941,0,,,,,,,,,,,,,351
2026-10-01T11:53:01.565,318.695,0,794.75,35,,96.938,20.784,-1.0,0.781,1.001,0.998,-0.023,3960,14.51,12.941,0,104,,,,,,,,,,,,
2026-10-01T11:53:01.695,318.825,0,802.25,35,,96.906,21.176,-2.0,0.781,1.001,1.0,-0.02,3960,14.51,12.941,0,,73,,,,,,,,,,,
2026-10-01T11:53:01.825,318.955,0,797.5,35,,96.938,20.784,-1.5,0.781,1.001,0.999,-0.023,3950,14.51,12.941,0,,,11.719,,,,,,,,,,
2026-10-01T11:53:01.955,319.085,0,800.75,35,,96.906,20.784,-1.0,0.781,1.001,0.998,-0.023,3960,14.51,12.941,0,,,,12.753,,,,,,,,,
2026-10-01T11:53:02.085,319.215,0,799.75,35,,96.906,20.784,-1.0,0.781,1.001,0.998,-0.023,3920,14.51,12.941,0,,,,,97,,,,,,,,
2026-10-01T11:53:02.215,319.345,0,798.5,35,,96.906,20.784,-1.0,0.781,1.001,0.998,-0.023,3930,14.51,12.941,0,,,,,,31,,,,,,,
2026-10-01T11:53:02.345,319.475,0,797.75,35,,96.906,20.784,-1.0,0.781,1.001,0.999,-0.02,3930,14.51,12.941,0,,,,,,,100.0,,,,,,
2026-10-01T11:53:02.475,319.605,0,793.5,35,,96.906,20.784,-0.5,0.781,1.001,1.0,-0.02,3920,14.51,12.941,0,,,,,,,,390.4,,,,,
2026-10-01T11:53:02.605,319.735,0,793.0,35,,96.906,20.784,-1.0,0.781,1.001,1.003,-0.016,3930,14.51,12.941,0,,,,,,,,,0.73,,,,
2026-10-01T11:53:02.735,319.865,0,804.25,35,,96.906,21.176,-2.0,0.781,1.001,1.003,-0.016,3930,14.51,12.941,0,,,,,,,,,,,0.781,,
2026-10-01T11:53:02.866,319.996,0,799.25,35,,96.906,20.784,-1.5,0.781,1.001,1.002,-0.02,3910,14.51,12.941,0,,,,,,,,,,,,21.569,
2026-10-01T11:53:02.995,320.125,0,799.0,35,,96.906,20.784,-1.5,0.781,1.001,0.999,-0.02,3920,14.51,12.941,0,,,,,,,,,,,,,352
2026-10-01T11:53:03.125,320.255,0,800.5,35,,96.906,20.784,-1.5,0.781,1.001,0.999,-0.023,3930,14.51,12.941,0,104,,,,,,,,,,,,
2026-10-01T11:53:03.255,320.385,0,795.5,35,,96.969,20.784,0.0,0.781,1.001,0.999,-0.023,3920,14.51,12.941,0,,73,,,,,,,,,,,
2026-10-01T11:53:03.385,320.515,0,797.25,35,,96.938,21.176,-1.0,0.781,1.001,0.999,-0.023,3910,14.51,12.941,0,,,11.719,,,,,,,,,,
2026-10-01T11:53:03.515,320.645,0,798.75,35,,96.938,21.176,-1.0,0.781,1.001,0.999,-0.023,3900,14.51,12.941,0,,,,12.656,,,,,,,,,
2026-10-01T11:53:03.645,320.775,0,797.75,35,,96.906,21.176,-1.5,0.781,1.001,0.998,-0.023,3880,14.51,12.941,0,,,,,97,,,,,,,,
2026-10-01T11:53:03.775,320.905,0,797.0,35,,96.906,20.784,-1.5,0.781,1.001,0.997,-0.027,3870,14.51,12.941,0,,,,,,31,,,,,,,
2026-10-01T11:53:03.905,321.035,0,801.75,35,,96.906,20.784,-1.0,0.781,1.001,0.996,-0.031,3890,14.51,12.941,0,,,,,,,100.0,,,,,,
2026-10-01T11:53:04.035,321.165,0,795.75,35,,96.938,20.784,-0.5,0.0,1.001,0.996,-0.031,3860,14.51,12.941,0,,,,,,,,390.6,,,,,
2026-10-01T11:53:04.165,321.295,0,795.0,35,,96.906,20.784,-1.0,0.781,1.001,0.998,-0.027,3880,14.51,12.941,0,,,,,,,,,0.725,,,,
2026-10-01T11:53:04.297,321.427,0,798.0,35,,96.938,20.784,-0.5,0.0,1.001,0.997,-0.027,3880,14.51,12.941,0,,,,,,,,,,,0.781,,
2026-10-01T11:53:04.425,321.555,0,798.75,35,,96.938,20.784,-0.5,0.781,1.001,0.998,-0.023,3860,14.51,12.941,0,,,,,,,,,,,,21.569,
2026-10-01T11:53:04.555,321.685,0,796.5,35,,96.906,20.784,-1.0,0.781,1.001,0.999,-0.023,3850,14.51,12.941,0,,,,,,,,,,,,,354
2026-10-01T11:53:04.685,321.815,0,793.75,35,,96.906,20.784,-0.5,0.781,1.001,1.002,-0.02,3850,14.51,12.549,0,104,,,,,,,,,,,,
2026-10-01T11:53:04.815,321.945,0,798.75,35,,96.906,20.784,-0.5,0.781,1.001,1.003,-0.016,3840,14.51,12.549,0,,73,,,,,,,,,,,
2026-10-01T11:53:04.945,322.075,0,797.75,35,,96.938,20.784,-1.0,0.781,1.001,1.002,-0.02,3840,14.51,12.941,0,,,11.719,,,,,,,,,,
2026-10-01T11:53:05.075,322.205,0,794.5,35,,96.906,20.784,-1.0,0.781,1.001,1.001,-0.02,3860,14.51,12.941,0,,,,12.734,,,,,,,,,
2026-10-01T11:53:05.205,322.335,0,799.0,35,,96.906,20.784,-1.0,0.781,1.001,1.001,-0.02,3870,14.51,12.941,0,,,,,97,,,,,,,,
2026-10-01T11:53:05.335,322.465,0,795.5,35,,96.906,20.784,-1.0,0.781,1.001,1.001,-0.02,3870,14.51,12.941,0,,,,,,31,,,,,,,
2026-10-01T11:53:05.465,322.595,0,795.0,35,,96.906,20.784,-1.0,0.781,1.001,0.999,-0.023,3870,14.51,12.941,0,,,,,,,100.0,,,,,,
2026-10-01T11:53:05.595,322.725,0,796.0,35,,96.906,20.784,-1.0,0.781,1.001,0.999,-0.023,3880,14.51,12.941,0,,,,,,,,390.8,,,,,
2026-10-01T11:53:05.726,322.856,0,798.5,35,,96.906,20.784,-0.5,0.781,1.001,1.0,-0.02,3860,14.51,12.941,0,,,,,,,,,0.725,,,,
2026-10-01T11:53:05.855,322.985,0,798.0,35,,96.938,20.784,-0.5,0.781,1.001,1.001,-0.02,3870,14.51,12.941,0,,,,,,,,,,,0.781,,
2026-10-01T11:53:05.984,323.115,0,796.5,35,,96.969,20.784,-1.0,0.781,1.001,1.001,-0.02,3880,14.51,12.941,0,,,,,,,,,,,,21.569,
2026-10-01T11:53:06.115,323.245,0,797.75,35,,96.938,20.784,-1.5,0.781,1.001,1.003,-0.016,3880,14.51,12.941,0,,,,,,,,,,,,,355
2026-10-01T11:53:06.245,323.375,0,797.25,35,,96.938,20.784,0.0,0.781,1.001,1.0,-0.02,3880,14.51,12.941,0,104,,,,,,,,,,,,
2026-10-01T11:53:06.375,323.505,0,795.5,35,,96.906,20.784,0.0,0.781,1.001,1.0,-0.02,3880,14.51,12.941,0,,73,,,,,,,,,,,
2026-10-01T11:53:06.504,323.634,0,795.5,35,,96.906,20.784,-0.5,0.781,1.001,0.999,-0.023,3890,14.51,12.941,0,,,11.719,,,,,,,,,,
2026-10-01T11:53:06.635,323.765,0,796.25,35,,96.906,20.784,-1.0,0.781,1.001,0.999,-0.023,3880,14.51,12.941,0,,,,12.714,,,,,,,,,
2026-10-01T11:53:06.765,323.895,0,797.0,35,,96.906,20.784,-1.0,0.781,1.001,1.0,-0.02,3880,14.51,12.941,0,,,,,97,,,,,,,,
2026-10-01T11:53:06.895,324.025,0,796.25,35,,96.906,20.784,0.0,0.781,1.001,0.999,-0.02,3870,14.51,12.941,0,,,,,,31,,,,,,,
2026-10-01T11:53:07.025,324.155,0,796.5,35,,96.906,20.784,0.0,0.781,1.001,0.999,-0.023,3880,14.51,12.941,0,,,,,,,100.0,,,,,,
2026-10-01T11:53:07.156,324.286,0,792.5,35,,96.906,20.784,-1.5,0.781,1.001,1.0,-0.02,3890,14.51,12.549,0,,,,,,,,391.0,,,,,
2026-10-01T11:53:07.285,324.415,0,793.5,35,,96.906,20.784,-1.0,0.781,1.001,1.001,-0.02,3880,14.51,12.941,0,,,,,,,,,0.73,,,,
2026-10-01T11:53:07.415,324.545,0,799.0,35,,96.906,20.784,-0.5,0.781,1.001,1.002,-0.02,3870,14.51,12.941,0,,,,,,,,,,,0.781,,
2026-10-01T11:53:07.545,324.675,0,798.5,35,,96.906,20.784,-1.0,0.781,1.001,1.003,-0.016,3860,14.51,12.941,0,,,,,,,,,,,,21.569,
2026-10-01T11:53:07.675,324.805,0,793.75,35,,96.906,20.784,-1.0,0.781,1.001,1.003,-0.016,3890,14.51,12.941,0,,,,,,,,,,,,,357
2026-10-01T11:53:07.805,324.935,0,797.5,35,,96.938,20.784,-1.0,0.781,1.001,1.002,-0.02,3890,14.51,12.941,0,104,,,,,,,,,,,,
2026-10-01T11:53:07.935,325.065,0,794.25,35,,96.906,20.784,-1.0,0.781,1.001,1.0,-0.02,3880,14.51,12.941,0,,73,,,,,,,,,,,
2026-10-01T11:53:08.065,325.195,0,795.75,35,,96.906,20.784,-0.5,0.781,1.001,0.999,-0.02,3880,14.51,12.941,0,,,11.719,,,,,,,,,,
2026-10-01T11:53:08.195,325.325,0,799.5,35,,96.906,20.784,-1.5,0.781,1.001,1.0,-0.02,3890,14.51,12.549,0,,,,12.714,,,,,,,,,
2026-10-01T11:53:08.325,325.455,0,797.25,36,,96.938,21.176,-2.0,0.781,1.001,1.0,-0.02,3930,14.51,12.549,0,,,,,97,,,,,,,,
2026-10-01T11:53:08.455,325.585,0,796.5,35,,96.906,20.784,-1.5,0.781,1.001,0.999,-0.023,3930,14.51,12.941,0,,,,,,31,,,,,,,
2026-10-01T11:53:08.586,325.716,0,800.5,35,,96.906,20.784,-2.5,0.781,1.001,0.997,-0.027,3950,14.51,12.941,0,,,,,,,100.0,,,,,,
2026-10-01T11:53:08.715,325.845,0,796.5,35,,96.906,20.784,-0.5,0.781,1.001,0.997,-0.027,3950,14.51,12.549,0,,,,,,,,391.1,,,,,
2026-10-01T11:53:08.845,325.975,0,795.25,35,,96.906,20.784,-1.5,0.781,1.001,0.998,-0.023,3960,14.51,12.549,0,,,,,,,,,0.725,,,,
2026-10-01T11:53:08.975,326.105,0,793.25,36,,96.938,21.176,0.0,0.781,1.001,0.998,-0.023,3970,14.51,12.549,0,,,,,,,,,,,0.781,,
2026-10-01T11:53:09.105,326.235,0,796.75,36,,96.969,21.176,-1.0,0.781,1.001,0.999,-0.02,3980,14.51,12.549,0,,,,,,,,,,,,21.961,
2026-10-01T11:53:09.235,326.365,0,800.5,36,,96.906,21.176,-2.5,0.781,1.001,0.999,-0.023,4010,14.51,12.549,0,,,,,,,,,,,,,359
2026-10-01T11:53:09.365,326.495,0,800.25,36,,96.969,21.176,-1.0,0.781,1.001,0.999,-0.023,4010,14.51,12.549,0,104,,,,,,,,,,,,
2026-10-01T11:53:09.495,326.625,0,802.0,36,,96.938,21.176,-2.5,0.781,1.001,0.999,-0.023,4020,14.51,12.549,0,,73,,,,,,,,,,,
2026-10-01T11:53:09.625,326.755,0,796.25,35,,96.938,20.784,-1.5,0.781,1.001,0.997,-0.027,3980,14.51,12.549,0,,,11.719,,,,,,,,,,
2026-10-01T11:53:09.755,326.885,0,801.0,35,,96.938,21.176,0.0,0.781,1.001,0.997,-0.027,3970,14.51,12.549,0,,,,12.695,,,,,,,,,
2026-10-01T11:53:09.884,327.014,0,800.75,35,,96.906,21.176,-1.0,0.781,1.001,0.996,-0.031,3970,14.51,12.549,0,,,,,97,,,,,,,,
2026-10-01T11:53:10.016,327.146,0,794.25,36,,96.938,21.176,-2.0,0.781,1.001,0.995,-0.031,4010,14.51,12.549,0,,,,,,31,,,,,,,
2026-10-01T11:53:10.145,327.275,0,799.5,36,,96.906,21.569,-2.5,0.0,1.001,0.995,-0.031,4040,14.51,12.549,0,,,,,,,100.0,,,,,,
2026-10-01T11:53:10.275,327.405,0,801.0,36,,96.906,21.569,-2.5,0.0,1.001,0.996,-0.031,4050,14.51,12.549,0,,,,,,,,391.3,,,,,
2026-10-01T11:53:10.405,327.535,0,803.5,36,,96.938,21.569,-2.5,0.0,1.001,0.995,-0.031,4070,14.51,12.549,0,,,,,,,,,0.725,,,,
2026-10-01T11:53:10.535,327.665,0,800.0,36,,96.938,21.176,-4.0,0.0,1.001,0.992,-0.039,4110,14.51,12.549,0,,,,,,,,,,,0.781,,
2026-10-01T11:53:10.665,327.795,0,795.5,36,,96.938,21.176,-2.5,0.0,1.001,0.99,-0.043,4090,14.51,12.549,0,,,,,,,,,,,,21.961,
2026-10-01T11:53:10.795,327.925,0,803.25,36,,96.938,21.176,-1.0,0.0,1.001,0.986,-0.055,4040,14.51,12.549,0,,,,,,,,,,,,,360
2026-10-01T11:53:10.925,328.055,0,805.25,36,,96.906,21.176,-2.5,0.0,1.001,0.982,-0.066,4020,14.51,12.549,0,104,,,,,,,,,,,,
2026-10-01T11:53:11.054,328.185,0,805.0,36,,96.906,21.569,-2.5,0.0,1.001,0.981,-0.066,4050,14.51,12.549,0,,73,,,,,,,,,,,
2026-10-01T11:53:11.185,328.315,0,803.25,36,,96.906,21.569,-2.5,0.0,1.001,0.982,-0.066,4070,14.51,12.549,0,,,10.938,,,,,,,,,,
2026-10-01T11:53:11.315,328.445,0,803.0,36,,96.938,21.569,-2.5,0.0,1.001,0.981,-0.066,4050,14.51,12.549,0,,,,12.695,,,,,,,,,
2026-10-01T11:53:11.444,328.575,0,800.25,36,,96.906,21.569,-2.5,0.0,1.001,0.981,-0.066,4050,14.51,12.549,0,,,,,97,,,,,,,,
2026-10-01T11:53:11.575,328.705,0,796.25,36,,96.906,21.569,-1.0,-0.781,1.001,0.981,-0.066,4050,14.51,12.549,0,,,,,,31,,,,,,,
2026-10-01T11:53:11.705,328.835,0,795.75,36,,96.938,21.176,-1.0,-0.781,1.001,0.981,-0.066,4000,14.51,12.549,0,,,,,,,100.0,,,,,,
2026-10-01T11:53:11.835,328.965,0,797.75,36,,96.906,21.176,-1.5,-0.781,1.001,0.984,-0.062,3970,14.51,12.549,0,,,,,,,,391.5,,,,,
2026-10-01T11:53:11.966,329.096,0,795.0,36,,96.906,21.176,-0.5,-0.781,1.001,0.983,-0.062,3950,14.51,12.549,0,,,,,,,,,0.73,,,,
2026-10-01T11:53:12.095,329.225,0,797.25,36,,96.906,21.176,0.0,-0.781,1.001,0.984,-0.062,3960,14.51,12.549,0,,,,,,,,,,,0.781,,
2026-10-01T11:53:12.225,329.355,0,798.75,36,,96.906,21.569,-2.0,-0.781,1.001,0.987,-0.055,3950,14.51,12.549,0,,,,,,,,,,,,22.353,
2026-10-01T11:53:12.355,329.485,0,796.25,36,,96.906,21.569,-2.5,-0.781,1.001,0.989,-0.047,4040,14.51,12.549,0,,,,,,,,,,,,,362
2026-10-01T11:53:12.484,329.615,0,797.5,36,,96.906,21.569,-2.5,-0.781,1.001,0.989,-0.047,4070,14.51,12.549,0,104,,,,,,,,,,,,
2026-10-01T11:53:12.615,329.745,0,797.5,36,,96.906,21.569,-2.5,-0.781,1.001,0.988,-0.051,4100,14.51,12.549,0,,74,,,,,,,,,,,
2026-10-01T11:53:12.745,329.875,0,795.75,36,,96.906,21.569,-2.5,-0.781,1.001,0.987,-0.055,4090,14.51,12.549,0,,,11.719,,,,,,,,,,
2026-10-01T11:53:12.875,330.005,0,795.75,36,,96.906,21.569,-0.5,-1.562,1.001,0.985,-0.059,4080,14.51,12.549,0,,,,12.695,,,,,,,,,
2026-10-01T11:53:13.005,330.135,0,794.0,36,,96.938,21.176,-1.0,-1.562,1.001,0.985,-0.059,4050,14.51,12.549,0,,,,,97,,,,,,,,
2026-10-01T11:53:13.135,330.265,0,797.75,36,,96.906,21.569,-0.5,-1.562,1.001,0.981,-0.066,4030,14.51,12.549,0,,,,,,31,,,,,,,
2026-10-01T11:53:13.265,330.395,0,799.25,36,,96.938,21.569,0.0,-1.562,1.001,0.982,-0.066,4020,14.51,12.549,0,,,,,,,100.0,,,,,,
2026-10-01T11:53:13.396,330.526,0,796.5,36,,96.906,21.569,-1.0,-1.562,1.001,0.982,-0.066,3990,14.51,12.549,0,,,,,,,,391.8,,,,,
2026-10-01T11:53:13.525,330.655,0,795.75,36,,96.938,21.569,-2.5,-1.562,1.001,0.982,-0.066,4000,14.51,12.549,0,,,,,,,,,0.73,,,,
2026-10-01T11:53:13.655,330.785,0,797.75,36,,96.969,21.569,-2.0,-1.562,1.001,0.982,-0.066,4030,14.51,12.549,0,,,,,,,,,,,0.781,,
2026-10-01T11:53:13.785,330.915,0,802.25,36,,96.938,21.569,-1.0,-2.344,1.001,0.982,-0.062,4040,14.51,12.549,0,,,,,,,,,,,,22.353,
2026-10-01T11:53:13.915,331.045,0,797.5,36,,96.938,21.569,-1.5,-2.344,1.001,0.983,-0.062,4030,14.51,12.549,0,,,,,,,,,,,,,363
2026-10-01T11:53:14.045,331.175,0,797.5,36,,96.906,21.569,-2.5,-2.344,1.001,0.983,-0.062,4020,14.51,12.549,0,104,,,,,,,,,,,,
2026-10-01T11:53:14.175,331.305,0,799.5,36,,96.969,21.569,0.5,-2.344,1.001,0.982,-0.066,4000,14.51,12.549,0,,74,,,,,,,,,,,
2026-10-01T11:53:14.304,331.435,0,793.25,36,,97.0,21.176,-1.0,-2.344,1.001,0.981,-0.066,3970,14.51,12.549,0,,,12.5,,,,,,,,,,
2026-10-01T11:53:14.435,331.565,0,797.25,36,,96.938,21.176,0.0,-3.125,1.001,0.979,-0.074,3960,14.51,12.549,0,,,,12.714,,,,,,,,,
2026-10-01T11:53:14.566,331.696,0,799.5,36,,96.938,21.176,1.0,-3.125,1.001,0.979,-0.074,3960,14.51,12.549,0,,,,,97,,,,,,,,
2026-10-01T11:53:14.695,331.825,0,792.5,36,,96.938,21.569,-1.0,-3.125,1.001,0.98,-0.07,4010,14.51,12.549,0,,,,,,31,,,,,,,
2026-10-01T11:53:14.824,331.955,0,790.75,37,,96.938,21.569,-2.5,-3.125,1.001,0.981,-0.07,4050,14.51,12.549,0,,,,,,,100.0,,,,,,
2026-10-01T11:53:14.955,332.085,0,799.0,37,,96.906,21.569,-2.5,-3.125,1.001,0.978,-0.078,4120,14.51,12.549,0,,,,,,,,392.0,,,,,
2026-10-01T11:53:15.085,332.215,0,801.75,37,,96.938,21.569,-3.0,-3.906,1.001,0.977,-0.082,4130,14.51,12.549,0,,,,,,,,,0.74,,,,
2026-10-01T11:53:15.215,332.345,0,800.75,37,,96.906,21.569,-2.0,-3.906,1.001,0.976,-0.082,4150,14.51,12.549,0,,,,,,,,,,,0.781,,
2026-10-01T11:53:15.345,332.475,0,797.5,37,,96.969,21.569,-2.5,-3.906,1.001,0.972,-0.094,4130,14.51,12.549,0,,,,,,,,,,,,22.353,
2026-10-01T11:53:15.475,332.605,0,794.75,36,,96.938,21.569,-2.0,-4.688,1.001,0.972,-0.094,4120,14.51,12.549,0,,,,,,,,,,,,,365
2026-10-01T11:53:15.605,332.735,0,799.25,36,,96.906,21.569,-2.5,-4.688,1.001,0.97,-0.098,4110,14.51,12.549,0,104,,,,,,,,,,,,
2026-10-01T11:53:15.735,332.865,0,801.5,36,,96.938,21.569,-1.5,-4.688,1.001,0.97,-0.098,4070,14.51,12.549,0,,74,,,,,,,,,,,
2026-10-01T11:53:15.865,332.995,0,798.5,36,,96.906,21.569,-1.0,-4.688,1.001,0.97,-0.098,4070,14.51,12.549,0,,,12.5,,,,,,,,,,
2026-10-01T11:53:15.995,333.125,0,794.75,36,,96.938,21.569,-1.5,-5.469,1.001,0.971,-0.094,4070,14.51,12.549,0,,,,12.656,,,,,,,,,
2026-10-01T11:53:16.125,333.255,0,796.25,36,,96.906,21.569,-2.5,-5.469,1.001,0.971,-0.094,4050,14.51,12.549,0,,,,,97,,,,,,,,
2026-10-01T11:53:16.256,333.386,0,802.0,36,,96.906,21.569,-1.5,-5.469,1.001,0.97,-0.098,4030,14.51,12.549,0,,,,,,31,,,,,,,
2026-10-01T11:53:16.385,333.515,0,795.75,36,,96.906,21.176,-1.0,-5.469,1.001,0.971,-0.094,4040,14.51,12.549,0,,,,,,,100.0,,,,,,
2026-10-01T11:53:16.515,333.645,0,799.5,36,,96.906,21.569,-2.0,-6.25,1.001,0.973,-0.09,4050,14.51,12.549,0,,,,,,,,392.2,,,,,
2026-10-01T11:53:16.645,333.775,0,797.25,36,,96.906,21.569,-2.5,-6.25,1.001,0.974,-0.09,4060,14.51,12.549,0,,,,,,,,,0.775,,,,
2026-10-01T11:53:16.775,333.905,0,803.5,36,,96.906,21.569,-2.0,-6.25,1.001,0.974,-0.09,4080,14.51,12.549,0,,,,,,,,,,,0.781,,
2026-10-01T11:53:16.905,334.035,0,802.25,37,,96.938,21.961,-2.0,-6.25,1.002,0.975,-0.086,4110,14.51,12.549,0,,,,,,,,,,,,22.353,
2026-10-01T11:53:17.035,334.165,0,801.75,36,,96.906,21.569,-3.0,-6.25,1.002,0.974,-0.086,4140,14.51,12.549,0,,,,,,,,,,,,,366
2026-10-01T11:53:17.165,334.295,0,803.75,37,,96.938,21.961,-2.5,-7.031,1.002,0.973,-0.09,4140,14.51,12.549,0,104,,,,,,,,,,,,
2026-10-01T11:53:17.295,334.425,0,796.5,36,,96.906,21.569,-3.0,-7.031,1.002,0.972,-0.094,4130,14.51,12.157,0,,74,,,,,,,,,,,
2026-10-01T11:53:17.425,334.555,0,796.75,36,,96.906,21.569,-2.5,-7.812,1.002,0.97,-0.098,4110,14.51,12.549,0,,,12.5,,,,,,,,,,
2026-10-01T11:53:17.555,334.685,0,798.75,36,,96.906,21.569,-1.5,-7.812,1.002,0.974,-0.086,4090,14.51,12.549,0,,,,12.714,,,,,,,,,
2026-10-01T11:53:17.685,334.815,0,798.0,37,,96.938,21.569,-1.0,-7.812,1.002,0.974,-0.09,4100,14.51,12.157,0,,,,,97,,,,,,,,
2026-10-01T11:53:17.815,334.945,0,792.5,36,,96.938,21.569,-2.0,-7.812,1.002,0.976,-0.082,4090,14.51,12.157,0,,,,,,31,,,,,,,
2026-10-01T11:53:17.946,335.076,0,795.25,36,,96.969,21.176,0.5,-7.812,1.002,0.979,-0.074,4070,14.51,12.157,0,,,,,,,100.0,,,,,,
2026-10-01T11:53:18.075,335.205,0,799.5,36,,96.906,21.569,0.0,-7.812,1.003,0.98,-0.07,3990,14.51,12.549,0,,,,,,,,392.5,,,,,
2026-10-01T11:53:18.204,335.335,0,794.25,37,,96.906,21.961,-1.5,-7.812,1.003,0.982,-0.062,4020,14.51,12.549,0,,,,,,,,,0.795,,,,
2026-10-01T11:53:18.335,335.465,0,795.0,37,,96.969,21.961,-2.5,-7.812,1.004,0.985,-0.059,4070,14.51,12.549,0,,,,,,,,,,,0.781,,
2026-10-01T11:53:18.465,335.595,0,800.5,37,,96.938,21.961,-2.5,-7.812,1.004,0.984,-0.059,4130,14.51,12.157,0,,,,,,,,,,,,22.745,
2026-10-01T11:53:18.595,335.725,0,801.0,37,,96.938,21.569,-1.5,-8.594,1.004,0.982,-0.066,4160,14.51,12.157,0,,,,,,,,,,,,,368
2026-10-01T11:53:18.725,335.855,0,794.25,37,,96.906,21.569,-1.5,-8.594,1.003,0.984,-0.062,4120,14.51,12.157,0,104,,,,,,,,,,,,
2026-10-01T11:53:18.855,335.985,0,795.25,36,,96.906,21.569,-1.0,-8.594,1.003,0.985,-0.059,4100,14.51,12.157,0,,74,,,,,,,,,,,
2026-10-01T11:53:18.985,336.115,0,797.25,36,,96.906,21.569,1.0,-8.594,1.003,0.987,-0.051,4070,14.51,12.157,0,,,12.5,,,,,,,,,,
2026-10-01T11:53:19.115,336.245,0,791.25,36,,96.938,21.569,-0.5,-8.594,1.002,0.991,-0.043,4070,14.51,12.157,0,,,,12.656,,,,,,,,,
2026-10-01T11:53:19.245,336.375,0,791.75,36,,96.938,21.569,-1.0,-8.594,1.002,0.992,-0.039,4060,14.51,12.157,0,,,,,97,,,,,,,,
2026-10-01T11:53:19.375,336.505,0,792.5,37,,97.0,21.569,0.5,-8.594,1.002,0.995,-0.031,4080,14.51,12.157,0,,,,,,31,,,,,,,
2026-10-01T11:53:19.505,336.635,0,793.75,37,,96.938,21.569,-1.0,-8.594,1.001,0.993,-0.039,4070,14.51,12.157,0,,,,,,,100.0,,,,,,
2026-10-01T11:53:19.635,336.765,0,795.0,37,,96.906,21.569,-1.0,-8.594,1.001,0.993,-0.039,4080,14.51,12.157,0,,,,,,,,392.8,,,,,
2026-10-01T11:53:19.765,336.895,0,794.25,37,,96.969,21.569,0.0,-8.594,1.001,0.994,-0.035,4050,14.51,12.157,0,,,,,,,,,0.77,,,,
2026-10-01T11:53:19.895,337.025,0,794.25,37,,96.906,21.569,0.5,-8.594,1.001,0.998,-0.027,4050,14.51,12.157,0,,,,,,,,,,,0.781,,
2026-10-01T11:53:20.025,337.155,0,789.5,37,,96.906,21.569,0.5,-7.812,1.001,1.002,-0.02,4050,14.51,12.157,0,,,,,,,,,,,,22.353,
2026-10-01T11:53:20.155,337.285,0,790.75,37,,96.938,21.569,0.5,-8.594,1.001,1.0,-0.02,4060,14.51,12.549,0,,,,,,,,,,,,,369
2026-10-01T11:53:20.285,337.415,0,797.75,37,,96.938,21.569,0.5,-7.812,1.001,1.002,-0.02,4080,14.51,12.549,0,104,,,,,,,,,,,,
2026-10-01T11:53:20.415,337.545,0,798.0,37,,96.906,21.961,-2.5,-7.812,1.001,1.003,-0.016,4120,14.51,12.549,0,,74,,,,,,,,,,,
2026-10-01T11:53:20.545,337.675,0,798.75,38,,96.938,22.353,-4.5,-7.812,1.001,1.003,-0.016,4270,14.51,12.549,0,,,13.281,,,,,,,,,,
2026-10-01T11:53:20.675,337.805,0,798.5,38,,96.969,21.961,-3.5,-7.812,1.001,1.005,-0.016,4390,14.51,12.549,0,,,,12.578,,,,,,,,,
2026-10-01T11:53:20.805,337.935,0,802.0,37,,97.0,21.961,-2.0,-7.812,1.001,0.998,-0.023,4400,14.51,12.157,0,,,,,97,,,,,,,,
2026-10-01T11:53:20.935,338.065,0,790.0,37,,97.0,21.961,-1.5,-7.812,1.001,0.998,-0.023,4360,14.51,12.157,0,,,,,,32,,,,,,,
2026-10-01T11:53:21.065,338.195,0,789.25,37,,97.031,21.961,-1.5,-7.812,1.001,0.998,-0.023,4340,14.51,12.157,0,,,,,,,100.0,,,,,,
2026-10-01T11:53:21.195,338.325,0,792.75,37,,97.0,21.961,-1.0,-7.812,1.0,1.002,-0.02,4260,14.51,12.549,0,,,,,,,,393.0,,,,,
2026-10-01T11:53:21.325,338.455,0,795.25,37,,97.0,21.569,-2.5,-7.812,1.001,1.005,-0.016,4220,14.51,12.157,0,,,,,,,,,0.755,,,,
2026-10-01T11:53:21.455,338.586,0,792.25,37,,96.938,21.569,-1.5,-7.812,1.001,1.011,-0.008,4180,14.51,12.157,0,,,,,,,,,,,0.781,,
2026-10-01T11:53:21.585,338.715,0,791.75,37,,96.906,21.569,-0.5,-7.031,1.001,1.013,-0.008,4190,14.51,12.157,0,,,,,,,,,,,,22.353,
2026-10-01T11:53:21.715,338.845,0,788.25,37,,96.969,21.569,-0.5,-7.812,1.001,1.011,-0.008,4170,14.51,12.157,0,,,,,,,,,,,,,371
2026-10-01T11:53:21.845,338.975,0,793.75,37,,96.938,21.961,-1.0,-7.031,1.001,1.01,-0.012,4170,14.51,12.157,0,104,,,,,,,,,,,,
2026-10-01T11:53:21.975,339.105,0,790.5,37,,96.906,21.961,-1.0,-7.812,1.001,1.005,-0.016,4130,14.51,12.157,0,,74,,,,,,,,,,,
2026-10-01T11:53:22.105,339.235,0,789.0,37,,96.906,21.961,0.0,-7.812,1.001,0.999,-0.023,4110,14.51,12.157,0,,,12.5,,,,,,,,,,
2026-10-01T11:53:22.235,339.365,0,796.0,37,,96.906,21.569,-1.0,-7.812,1.001,0.998,-0.027,4130,14.51,12.157,0,,,,12.734,,,,,,,,,
2026-10-01T11:53:22.365,339.495,0,797.5,36,,96.969,21.569,-0.5,-7.812,1.001,0.997,-0.027,4130,14.51,12.157,0,,,,,97,,,,,,,,
2026-10-01T11:53:22.495,339.625,0,787.0,37,,96.938,21.569,0.0,-7.812,1.001,0.999,-0.023,4140,14.51,12.157,0,,,,,,32,,,,,,,
2026-10-01T11:53:22.625,339.755,0,794.25,36,,96.906,21.961,0.0,-7.812,1.001,1.0,-0.02,4090,14.51,12.157,0,,,,,,,100.0,,,,,,
2026-10-01T11:53:22.755,339.885,0,792.25,37,,96.969,21.569,0.0,-7.812,1.001,1.002,-0.02,4140,14.51,12.157,0,,,,,,,,393.3,,,,,
2026-10-01T11:53:22.885,340.015,0,791.25,37,,96.969,21.961,-0.5,-7.812,1.001,1.002,-0.02,4120,14.51,12.157,0,,,,,,,,,0.75,,,,
2026-10-01T11:53:23.015,340.145,0,796.5,37,,96.938,21.569,-1.5,-7.812,1.001,1.0,-0.02,4140,14.51,12.157,0,,,,,,,,,,,0.781,,
2026-10-01T11:53:23.145,340.275,0,796.25,37,,97.0,21.569,0.0,-7.812,1.001,0.999,-0.023,4130,14.51,12.157,0,,,,,,,,,,,,22.745,
2026-10-01T11:53:23.275,340.405,0,792.5,37,,96.906,21.569,-2.0,-7.812,1.001,0.997,-0.027,4130,14.51,12.549,0,,,,,,,,,,,,,373
2026-10-01T11:53:23.405,340.535,0,797.5,37,,97.0,21.961,-2.5,-7.812,1.001,0.999,-0.023,4160,14.51,12.549,0,104,,,,,,,,,,,,
2026-10-01T11:53:23.535,340.665,0,800.0,37,,96.969,21.961,-2.0,-7.812,1.001,0.999,-0.023,4210,14.51,12.549,0,,74,,,,,,,,,,,
2026-10-01T11:53:23.665,340.795,0,797.25,37,,96.969,21.961,-3.5,-7.812,1.001,0.998,-0.023,4240,14.51,12.549,0,,,12.5,,,,,,,,,,
2026-10-01T11:53:23.794,340.925,0,800.5,37,,96.969,21.961,-2.0,-7.812,1.001,0.996,-0.027,4260,14.51,12.549,0,,,,12.636,,,,,,,,,
2026-10-01T11:53:23.925,341.055,0,792.0,37,,96.938,21.961,-2.5,-7.812,1.001,0.996,-0.027,4290,14.51,12.157,0,,,,,97,,,,,,,,
2026-10-01T11:53:24.055,341.185,0,795.5,37,,96.969,21.961,-3.0,-7.812,1.001,0.998,-0.023,4270,14.51,12.157,0,,,,,,32,,,,,,,
2026-10-01T11:53:24.185,341.315,0,797.5,37,,96.906,21.569,-0.5,-7.812,1.0,0.999,-0.023,4240,14.51,12.549,0,,,,,,,100.0,,,,,,
2026-10-01T11:53:24.315,341.445,0,796.0,36,,96.906,21.569,0.5,-7.812,1.001,1.006,-0.016,4190,14.51,12.549,0,,,,,,,,393.5,,,,,
2026-10-01T11:53:24.445,341.575,0,796.5,37,,96.906,21.961,-1.5,-7.031,1.001,1.009,-0.012,4220,14.51,12.549,0,,,,,,,,,0.75,,,,
2026-10-01T11:53:24.575,341.705,0,794.5,37,,96.938,21.961,-2.5,-7.031,1.001,1.009,-0.012,4220,14.51,12.549,0,,,,,,,,,,,0.781,,
2026-10-01T11:53:24.705,341.835,0,794.75,37,,96.969,21.961,-3.0,-7.031,1.001,1.008,-0.012,4250,14.51,12.549,0,,,,,,,,,,,,22.745,
2026-10-01T11:53:24.835,341.965,0,792.0,37,,96.969,21.961,-2.5,-7.031,1.001,1.005,-0.016,4240,14.51,12.549,0,,,,,,,,,,,,,374
2026-10-01T11:53:24.965,342.095,0,796.75,37,,96.938,21.569,-1.5,-7.031,1.001,1.003,-0.016,4240,14.51,12.157,0,104,,,,,,,,,,,,
2026-10-01T11:53:25.095,342.225,0,792.0,37,,96.969,21.961,-1.0,-7.031,1.001,1.003,-0.016,4260,14.51,12.157,0,,74,,,,,,,,,,,
2026-10-01T11:53:25.224,342.355,0,796.25,37,,96.938,21.961,-1.0,-7.031,1.001,1.0,-0.02,4250,14.51,12.157,0,,,12.5,,,,,,,,,,
2026-10-01T11:53:25.355,342.485,0,798.5,37,,96.938,21.569,-1.0,-7.031,1.001,1.004,-0.016,4220,14.51,12.549,0,,,,12.617,,,,,,,,,
2026-10-01T11:53:25.484,342.615,0,795.75,37,,97.0,21.961,-2.0,-7.031,1.001,1.006,-0.016,4220,14.51,12.549,0,,,,,97,,,,,,,,
2026-10-01T11:53:25.614,342.745,0,795.75,37,,96.938,21.961,-2.5,-7.031,1.001,1.009,-0.012,4260,14.51,12.549,0,,,,,,32,,,,,,,
2026-10-01T11:53:25.744,342.875,0,803.0,37,,96.906,21.961,-2.0,-7.031,1.001,1.008,-0.012,4280,14.51,12.549,0,,,,,,,100.0,,,,,,
2026-10-01T11:53:25.875,343.005,0,799.5,37,,97.0,21.961,-2.5,-7.031,1.001,1.009,-0.012,4300,14.51,12.549,0,,,,,,,,393.7,,,,,
2026-10-01T11:53:26.005,343.135,0,801.0,37,,96.969,21.961,-2.5,-7.031,1.001,1.0,-0.02,4320,14.51,12.549,0,,,,,,,,,0.75,,,,
2026-10-01T11:53:26.134,343.265,0,795.5,37,,97.0,21.961,-3.5,-7.031,1.001,1.001,-0.02,4350,14.51,12.549,0,,,,,,,,,,,0.781,,
2026-10-01T11:53:26.264,343.395,0,804.25,37,,96.938,21.961,-3.0,-7.031,1.001,1.004,-0.016,4330,14.51,12.549,0,,,,,,,,,,,,22.745,
2026-10-01T11:53:26.395,343.525,0,799.5,37,,96.969,21.961,-2.0,-7.031,1.001,1.002,-0.02,4310,14.51,12.549,0,,,,,,,,,,,,,376
2026-10-01T11:53:26.525,343.655,0,803.25,37,,96.938,21.961,-2.5,-7.031,1.001,1.003,-0.016,4300,14.51,12.549,0,104,,,,,,,,,,,,
2026-10-01T11:53:26.654,343.784,0,800.75,37,,97.031,21.961,-1.0,-7.031,1.0,1.004,-0.016,4320,14.51,12.549,0,,74,,,,,,,,,,,
2026-10-01T11:53:26.785,343.915,0,793.5,37,,97.0,21.569,-2.5,-7.031,1.0,1.006,-0.016,4330,14.51,12.549,0,,,12.5,,,,,,,,,,
2026-10-01T11:53:26.915,344.045,0,799.25,37,,96.969,21.961,-2.5,-7.031,1.001,1.005,-0.016,4340,14.51,12.549,0,,,,12.695,,,,,,,,,
2026-10-01T11:53:27.045,344.175,0,795.0,37,,96.938,21.961,-2.5,-7.031,1.001,1.005,-0.016,4330,14.51,12.549,0,,,,,97,,,,,,,,
2026-10-01T11:53:27.174,344.304,0,801.75,37,,96.969,21.961,-2.0,-7.031,1.001,1.003,-0.016,4330,14.51,12.549,0,,,,,,32,,,,,,,
2026-10-01T11:53:27.304,344.435,0,798.0,37,,96.938,21.961,-2.5,-7.031,1.001,1.002,-0.02,4300,14.51,12.549,0,,,,,,,100.0,,,,,,
2026-10-01T11:53:27.434,344.565,0,802.0,37,,96.906,21.961,-2.5,-7.031,1.001,1.003,-0.016,4310,14.51,12.157,0,,,,,,,,394.0,,,,,
2026-10-01T11:53:27.564,344.695,0,801.25,37,,96.969,21.961,-2.0,-7.031,1.001,1.004,-0.016,4300,14.51,12.549,0,,,,,,,,,0.745,,,,
2026-10-01T11:53:27.695,344.825,0,795.75,37,,96.969,21.961,-2.5,-6.25,1.001,1.005,-0.016,4300,14.51,12.549,0,,,,,,,,,,,0.781,,
2026-10-01T11:53:27.824,344.955,0,798.5,37,,97.0,21.961,-1.0,-6.25,1.001,1.006,-0.016,4280,14.51,12.549,0,,,,,,,,,,,,22.745,
2026-10-01T11:53:27.955,345.085,0,796.75,37,,97.0,21.961,-1.5,-6.25,1.001,1.007,-0.012,4260,14.51,12.549,0,,,,,,,,,,,,,377
2026-10-01T11:53:28.085,345.215,0,794.75,37,,96.969,21.961,-3.0,-6.25,1.001,1.008,-0.012,4290,14.51,12.549,0,104,,,,,,,,,,,,
2026-10-01T11:53:28.215,345.345,0,795.5,37,,96.969,21.961,-2.5,-6.25,1.001,1.01,-0.012,4280,14.51,12.157,0,,74,,,,,,,,,,,
2026-10-01T11:53:28.344,345.474,0,796.75,37,,97.062,21.961,-2.5,-6.25,1.001,1.011,-0.008,4290,14.51,12.157,0,,,12.5,,,,,,,,,,
2026-10-01T11:53:28.475,345.605,0,798.25,37,,96.969,21.961,-1.0,-6.25,1.001,1.01,-0.012,4260,14.51,12.157,0,,,,12.617,,,,,,,,,
2026-10-01T11:53:28.604,345.734,0,792.0,37,,96.938,21.961,-2.5,-6.25,1.001,1.011,-0.008,4250,14.51,12.157,0,,,,,97,,,,,,,,
2026-10-01T11:53:28.734,345.864,0,791.5,37,,97.062,21.961,-1.5,-5.469,1.001,1.012,-0.008,4200,14.51,12.157,0,,,,,,32,,,,,,,
2026-10-01T11:53:28.865,345.995,0,794.25,36,,97.0,21.569,0.0,-5.469,1.001,1.017,-0.004,4180,14.51,12.157,0,,,,,,,100.0,,,,,,
2026-10-01T11:53:28.994,346.125,0,797.75,36,,97.0,21.961,-1.0,-5.469,1.001,1.015,-0.004,4140,14.51,12.157,0,,,,,,,,394.2,,,,,
2026-10-01T11:53:29.125,346.255,0,791.75,36,,97.0,21.569,-1.0,-5.469,1.001,1.016,-0.004,4120,14.51,12.157,0,,,,,,,,,0.745,,,,
2026-10-01T11:53:29.255,346.385,0,794.5,37,,96.969,21.569,-1.0,-5.469,1.001,1.015,-0.004,4120,14.51,12.157,0,,,,,,,,,,,0.781,,
2026-10-01T11:53:29.384,346.515,0,793.25,36,,96.906,21.569,-0.5,-5.469,1.001,1.019,0.0,4110,14.51,12.157,0,,,,,,,,,,,,22.745,
2026-10-01T11:53:29.524,346.654,0,795.25,37,,97.0,21.961,-1.5,-4.688,1.001,1.019,0.0,4130,14.51,12.157,0,,,,,,,,,,,,,379
2026-10-01T11:53:29.655,346.785,0,800.25,37,,97.062,21.961,-2.5,-4.688,1.001,1.015,-0.004,4130,14.51,12.157,0,104,,,,,,,,,,,,
2026-10-01T11:53:29.785,346.915,0,801.75,37,,97.0,21.569,0.0,-4.688,1.001,1.016,-0.004,4110,14.51,12.157,0,,74,,,,,,,,,,,
2026-10-01T11:53:29.915,347.045,0,791.0,37,,97.0,21.961,-1.0,-4.688,1.001,1.016,-0.004,4120,14.51,12.157,0,,,12.5,,,,,,,,,,
2026-10-01T11:53:30.045,347.175,0,792.0,37,,96.938,21.569,-2.5,-4.688,1.001,1.019,0.0,4130,14.51,12.157,0,,,,12.695,,,,,,,,,
2026-10-01T11:53:30.175,347.305,0,796.0,37,,97.094,21.961,-1.5,-4.688,1.001,1.017,-0.004,4120,14.51,12.157,0,,,,,97,,,,,,,,
2026-10-01T11:53:30.305,347.435,0,798.0,37,,97.0,21.569,-1.0,-4.688,1.001,1.013,-0.008,4120,14.51,12.157,0,,,,,,32,,,,,,,
2026-10-01T11:53:30.435,347.565,0,798.5,37,,96.969,21.961,-2.5,-3.906,1.001,1.013,-0.008,4120,14.51,12.157,0,,,,,,,100.0,,,,,,
2026-10-01T11:53:30.564,347.694,0,795.75,37,,97.0,21.569,-3.0,-3.906,1.001,1.015,-0.004,4110,14.51,12.157,0,,,,,,,,394.5,,,,,
2026-10-01T11:53:30.694,347.825,0,794.75,37,,96.969,21.961,-1.5,-3.906,1.001,1.015,-0.004,4130,14.51,12.157,0,,,,,,,,,0.745,,,,
2026-10-01T11:53:30.825,347.955,0,791.25,37,,97.0,21.961,-1.5,-3.906,1.001,1.015,-0.004,4130,14.51,12.157,0,,,,,,,,,,,0.781,,
2026-10-01T11:53:30.955,348.085,0,789.0,36,,97.031,21.569,-1.0,-3.906,1.001,1.013,-0.008,4100,14.51,12.157,0,,,,,,,,,,,,22.353,
2026-10-01T11:53:31.085,348.215,0,789.5,36,,96.969,21.569,0.5,-3.906,1.001,1.011,-0.008,4080,14.51,12.157,0,,,,,,,,,,,,,380
2026-10-01T11:53:31.215,348.345,0,792.75,37,,97.031,21.569,0.5,-3.906,1.001,1.008,-0.012,4090,14.51,12.157,0,104,,,,,,,,,,,,
2026-10-01T11:53:31.345,348.475,0,799.0,36,,96.938,21.569,-1.5,-3.906,1.001,1.011,-0.008,4070,14.51,12.157,0,,74,,,,,,,,,,,
2026-10-01T11:53:31.475,348.605,0,796.25,36,,97.0,21.569,-2.0,-3.906,1.001,1.006,-0.016,4080,14.51,12.157,0,,,12.5,,,,,,,,,,
2026-10-01T11:53:31.605,348.735,0,792.0,36,,97.0,21.569,-1.0,-3.906,1.001,1.008,-0.012,4070,14.51,12.157,0,,,,12.656,,,,,,,,,
2026-10-01T11:53:31.734,348.865,0,794.75,36,,97.0,21.176,0.0,-3.906,1.001,1.009,-0.012,4080,14.51,12.157,0,,,,,97,,,,,,,,
2026-10-01T11:53:31.864,348.995,0,794.0,37,,96.969,21.961,0.0,-3.906,1.001,1.01,-0.012,4070,14.51,12.157,0,,,,,,32,,,,,,,
2026-10-01T11:53:31.995,349.125,0,790.0,37,,96.969,21.569,-0.5,-3.125,1.001,1.013,-0.008,4090,14.51,12.157,0,,,,,,,100.0,,,,,,
2026-10-01T11:53:32.125,349.255,0,795.25,36,,96.969,21.569,-2.0,-3.125,1.001,1.013,-0.008,4080,14.51,12.157,0,,,,,,,,394.6,,,,,
2026-10-01T11:53:32.255,349.385,0,794.5,37,,97.031,21.569,-1.0,-3.125,1.001,1.013,-0.008,4080,14.51,12.157,0,,,,,,,,,0.745,,,,
2026-10-01T11:53:32.384,349.515,0,797.0,36,,97.0,21.569,-0.5,-3.125,1.001,1.011,-0.008,4080,14.51,12.157,0,,,,,,,,,,,0.781,,
2026-10-01T11:53:32.515,349.645,0,791.0,37,,97.0,21.569,0.5,-3.125,1.001,1.014,-0.008,4070,14.51,12.549,0,,,,,,,,,,,,22.353,
2026-10-01T11:53:32.645,349.775,0,798.75,37,,97.0,21.569,-1.0,-3.125,1.001,1.017,-0.004,4090,14.51,12.549,0,,,,,,,,,,,,,382
2026-10-01T11:53:32.775,349.905,0,801.25,37,,96.969,22.353,-3.0,-2.344,1.001,1.016,-0.004,4210,14.51,12.549,0,104,,,,,,,,,,,,
2026-10-01T11:53:32.904,350.035,0,801.25,37,,96.906,21.961,-3.0,-2.344,1.001,1.019,0.0,4330,14.51,12.549,0,,74,,,,,,,,,,,
2026-10-01T11:53:33.035,350.165,0,799.0,37,,97.031,22.353,-3.5,-2.344,1.001,1.017,-0.004,4360,14.51,12.157,0,,,12.5,,,,,,,,,,
2026-10-01T11:53:33.165,350.295,0,797.75,37,,97.0,21.569,-2.5,-2.344,1.001,1.013,-0.008,4350,14.51,12.157,0,,,,12.753,,,,,,,,,
2026-10-01T11:53:33.294,350.425,0,796.0,36,,97.0,21.569,-1.0,-2.344,1.0,1.007,-0.012,4260,14.51,12.549,0,,,,,97,,,,,,,,
2026-10-01T11:53:33.425,350.555,0,796.5,37,,97.0,21.961,-2.0,-2.344,1.001,1.006,-0.016,4200,14.51,12.549,0,,,,,,32,,,,,,,
2026-10-01T11:53:33.555,350.685,0,799.25,37,,96.938,21.569,-1.5,-2.344,1.001,1.008,-0.012,4190,14.51,12.549,0,,,,,,,100.0,,,,,,
2026-10-01T11:53:33.685,350.815,0,794.75,37,,97.0,21.569,-2.0,-2.344,1.001,1.011,-0.008,4180,14.51,12.549,0,,,,,,,,394.9,,,,,
2026-10-01T11:53:33.815,350.945,0,798.5,37,,97.0,21.961,-3.0,-2.344,1.001,1.011,-0.008,4220,14.51,12.549,0,,,,,,,,,0.745,,,,
2026-10-01T11:53:33.945,351.075,0,799.5,37,,97.0,21.961,-2.5,-2.344,1.001,1.013,-0.008,4230,14.51,12.157,0,,,,,,,,,,,0.781,,
2026-10-01T11:53:34.075,351.205,0,794.25,37,,97.094,21.961,-2.5,-2.344,1.001,1.011,-0.008,4260,14.51,12.157,0,,,,,,,,,,,,22.745,
2026-10-01T11:53:34.205,351.335,0,804.5,37,,97.0,21.961,-2.5,-2.344,1.001,1.005,-0.016,4250,14.51,12.157,0,,,,,,,,,,,,,384
2026-10-01T11:53:34.335,351.465,0,802.0,37,,97.031,21.569,-2.5,-2.344,1.001,1.0,-0.02,4240,14.51,12.157,0,104,,,,,,,,,,,,
2026-10-01T11:53:34.465,351.595,0,797.25,37,,97.094,21.961,-2.0,-2.344,1.001,0.995,-0.031,4220,14.51,12.157,0,,74,,,,,,,,,,,
2026-10-01T11:53:34.594,351.725,0,798.5,37,,96.969,21.569,-2.5,-2.344,1.001,0.994,-0.035,4200,14.51,12.157,0,,,12.5,,,,,,,,,,
2026-10-01T11:53:34.724,351.854,0,798.5,37,,97.031,21.569,-3.0,-2.344,1.001,0.994,-0.035,4210,14.51,12.157,0,,,,12.695,,,,,,,,,
2026-10-01T11:53:34.855,351.985,0,797.25,37,,97.094,21.569,-1.0,-3.125,1.001,0.992,-0.039,4200,14.51,12.157,0,,,,,97,,,,,,,,
2026-10-01T11:53:34.984,352.114,0,797.5,37,,97.031,21.569,-2.0,-3.125,1.001,0.992,-0.039,4150,14.51,12.157,0,,,,,,32,,,,,,,
2026-10-01T11:53:35.115,352.245,0,799.75,36,,97.0,21.961,-1.5,-3.125,1.001,0.99,-0.047,4130,14.51,12.157,0,,,,,,,100.0,,,,,,
2026-10-01T11:53:35.245,352.375,0,795.25,36,,97.0,21.569,-2.5,-3.125,1.001,0.989,-0.047,4120,14.51,12.157,0,,,,,,,,395.1,,,,,
2026-10-01T11:53:35.375,352.505,0,798.5,36,,96.969,21.569,-2.0,-3.125,1.001,0.988,-0.051,4100,14.51,12.157,0,,,,,,,,,0.75,,,,
2026-10-01T11:53:35.505,352.635,0,798.25,36,,96.906,21.569,-1.0,-3.125,1.001,0.987,-0.051,4100,14.51,12.549,0,,,,,,,,,,,0.781,,
2026-10-01T11:53:35.635,352.765,0,794.0,37,,97.0,21.569,-1.0,-3.125,1.001,0.989,-0.047,4090,14.51,12.157,0,,,,,,,,,,,,22.745,
2026-10-01T11:53:35.765,352.895,0,797.25,37,,97.0,21.569,-1.5,-3.125,1.001,0.99,-0.047,4100,14.51,12.157,0,,,,,,,,,,,,,385
2026-10-01T11:53:35.895,353.025,0,797.5,37,,96.969,21.961,-2.0,-3.125,1.001,0.993,-0.039,4150,14.51,12.157,0,104,,,,,,,,,,,,
2026-10-01T11:53:36.025,353.155,0,798.75,37,,97.062,21.961,-1.5,-3.125,1.001,0.996,-0.031,4120,14.51,12.157,0,,74,,,,,,,,,,,
2026-10-01T11:53:36.154,353.285,0,798.0,37,,96.969,21.569,-1.0,-3.125,1.001,0.996,-0.031,4130,14.51,12.549,0,,,12.5,,,,,,,,,,
2026-10-01T11:53:36.285,353.415,0,795.5,37,,97.0,21.961,0.5,-3.125,1.001,0.998,-0.027,4090,14.51,12.157,0,,,,12.714,,,,,,,,,
2026-10-01T11:53:36.414,353.545,0,796.5,37,,96.969,21.569,-2.5,-3.125,1.001,0.999,-0.023,4110,14.51,12.157,0,,,,,97,,,,,,,,
2026-10-01T11:53:36.545,353.675,0,792.25,36,,97.0,21.961,-2.0,-3.125,1.001,1.001,-0.02,4120,14.51,12.157,0,,,,,,32,,,,,,,
2026-10-01T11:53:36.675,353.805,0,793.25,37,,96.969,21.569,0.0,-3.125,1.001,1.0,-0.02,4110,14.51,12.157,0,,,,,,,100.0,,,,,,
2026-10-01T11:53:36.805,353.935,0,789.75,37,,96.969,21.569,0.5,-3.125,1.001,1.003,-0.016,4100,14.51,12.157,0,,,,,,,,395.3,,,,,
2026-10-01T11:53:36.934,354.065,0,793.75,37,,97.062,21.961,-1.0,-3.125,1.001,1.006,-0.016,4100,14.51,12.157,0,,,,,,,,,0.745,,,,
2026-10-01T11:53:37.065,354.195,0,792.0,37,,97.031,21.961,-1.0,-3.125,1.001,1.007,-0.012,4140,14.51,12.157,0,,,,,,,,,,,0.781,,
2026-10-01T11:53:37.195,354.325,0,789.75,37,,97.0,21.569,-1.0,-2.344,1.001,1.008,-0.012,4150,14.51,12.157,0,,,,,,,,,,,,22.353,
2026-10-01T11:53:37.325,354.455,0,795.0,37,,96.969,21.569,-2.5,-2.344,1.001,1.009,-0.012,4170,14.51,12.157,0,,,,,,,,,,,,,387
2026-10-01T11:53:37.455,354.585,0,794.75,37,,97.0,21.569,-1.0,-2.344,1.001,1.01,-0.012,4160,14.51,12.157,0,104,,,,,,,,,,,,
2026-10-01T11:53:37.584,354.714,0,797.0,37,,97.062,21.569,-1.0,-2.344,1.001,1.007,-0.012,4160,14.51,12.157,0,,74,,,,,,,,,,,
2026-10-01T11:53:37.714,354.845,0,791.0,37,,97.031,21.569,-1.0,-2.344,1.001,1.007,-0.012,4160,14.51,12.157,0,,,12.5,,,,,,,,,,
2026-10-01T11:53:37.845,354.975,0,796.75,37,,97.094,21.569,-2.5,-2.344,1.001,1.005,-0.016,4160,14.51,12.157,0,,,,12.675,,,,,,,,,
2026-10-01T11:53:37.975,355.105,0,799.75,37,,97.094,21.569,-0.5,-2.344,1.001,1.003,-0.016,4140,14.51,12.157,0,,,,,97,,,,,,,,
2026-10-01T11:53:38.104,355.234,0,798.75,36,,97.0,21.569,0.0,-2.344,1.001,1.005,-0.016,4150,14.51,12.157,0,,,,,,32,,,,,,,
2026-10-01T11:53:38.245,355.375,0,790.75,36,,97.094,21.569,-1.0,-2.344,1.001,1.0,-0.02,4110,14.51,12.157,0,,,,,,,100.0,,,,,,
2026-10-01T11:53:38.375,355.505,0,794.0,37,,97.094,21.569,-1.5,-2.344,1.001,0.999,-0.023,4120,14.51,12.157,0,,,,,,,,395.6,,,,,
2026-10-01T11:53:38.505,355.635,0,794.75,37,,97.094,21.569,-2.0,-2.344,1.001,0.999,-0.023,4140,14.51,12.157,0,,,,,,,,,0.745,,,,
2026-10-01T11:53:38.635,355.765,0,797.0,37,,97.094,21.961,-2.5,-2.344,1.001,1.0,-0.02,4150,14.51,12.157,0,,,,,,,,,,,0.781,,
2026-10-01T11:53:38.765,355.895,0,798.0,37,,97.031,21.961,-1.0,-2.344,1.001,1.0,-0.02,4170,14.51,12.549,0,,,,,,,,,,,,22.745,
2026-10-01T11:53:38.895,356.025,0,796.25,37,,97.031,21.961,-2.0,-2.344,1.001,1.0,-0.02,4210,14.51,12.549,0,,,,,,,,,,,,,388
2026-10-01T11:53:39.024,356.155,0,803.75,37,,97.094,22.353,-3.5,-2.344,1.001,1.003,-0.016,4300,14.51,12.549,0,104,,,,,,,,,,,,
2026-10-01T11:53:39.155,356.285,0,800.5,38,,97.0,22.353,-5.0,-2.344,1.001,1.002,-0.02,4380,14.51,12.549,0,,74,,,,,,,,,,,
2026-10-01T11:53:39.284,356.414,0,800.0,38,,97.062,22.353,-4.5,-2.344,1.001,1.005,-0.016,4480,14.51,12.549,0,,,11.719,,,,,,,,,,
2026-10-01T11:53:39.415,356.545,0,803.5,37,,97.062,21.961,-4.0,-2.344,1.0,0.999,-0.02,4480,14.51,12.157,0,,,,12.714,,,,,,,,,
2026-10-01T11:53:39.544,356.674,0,805.5,37,,97.062,21.961,-4.0,-2.344,1.0,0.996,-0.027,4400,14.51,12.549,0,,,,,97,,,,,,,,
2026-10-01T11:53:39.675,356.805,0,804.0,37,,97.094,21.961,-3.5,-3.125,1.0,0.992,-0.039,4360,14.51,12.549,0,,,,,,32,,,,,,,
2026-10-01T11:53:39.804,356.934,0,799.0,37,,97.125,21.961,-3.0,-3.125,1.0,0.994,-0.035,4320,14.51,12.549,0,,,,,,,100.0,,,,,,
2026-10-01T11:53:39.934,357.065,0,802.75,37,,97.062,21.569,-2.5,-3.125,1.0,0.996,-0.031,4280,14.51,12.549,0,,,,,,,,395.8,,,,,
2026-10-01T11:53:40.064,357.194,0,799.0,37,,97.094,21.961,-3.0,-3.125,1.0,0.995,-0.031,4240,14.51,12.549,0,,,,,,,,,0.745,,,,
2026-10-01T11:53:40.195,357.325,0,800.5,37,,97.156,21.569,-2.0,-3.125,1.001,0.995,-0.031,4250,14.51,12.549,0,,,,,,,,,,,0.781,,
2026-10-01T11:53:40.325,357.455,0,800.25,37,,97.062,21.961,-4.0,-3.125,1.001,0.993,-0.035,4250,14.51,12.549,0,,,,,,,,,,,,22.745,
2026-10-01T11:53:40.455,357.585,0,802.25,37,,97.094,21.961,-1.5,-3.125,1.001,0.991,-0.043,4250,14.51,12.549,0,,,,,,,,,,,,,390
2026-10-01T11:53:40.585,357.715,0,800.75,37,,97.094,21.961,-3.5,-3.125,1.001,0.988,-0.051,4250,14.51,12.549,0,104,,,,,,,,,,,,
2026-10-01T11:53:40.715,357.845,0,797.25,37,,97.031,21.961,-3.5,-3.125,1.001,0.985,-0.059,4240,14.51,12.157,0,,74,,,,,,,,,,,
2026-10-01T11:53:40.844,357.974,0,797.0,37,,97.062,21.569,-2.5,-3.906,1.001,0.984,-0.062,4210,14.51,12.157,0,,,12.5,,,,,,,,,,
2026-10-01T11:53:40.975,358.105,0,793.5,37,,97.094,21.961,-2.0,-3.906,1.001,0.984,-0.059,4180,14.51,12.157,0,,,,12.617,,,,,,,,,
2026-10-01T11:53:41.104,358.234,0,791.25,37,,97.062,21.569,-1.5,-3.906,1.001,0.986,-0.055,4200,14.51,12.157,0,,,,,97,,,,,,,,
2026-10-01T11:53:41.234,358.364,0,796.0,37,,97.062,21.569,-1.0,-3.906,1.001,0.985,-0.055,4160,14.51,12.157,0,,,,,,32,,,,,,,
2026-10-01T11:53:41.364,358.495,0,795.25,37,,97.094,21.961,-1.0,-3.906,1.001,0.99,-0.047,4140,14.51,12.157,0,,,,,,,100.0,,,,,,
2026-10-01T11:53:41.495,358.625,0,796.25,37,,97.062,21.961,-1.5,-3.906,1.001,0.994,-0.035,4180,14.51,12.157,0,,,,,,,,396.0,,,,,
2026-10-01T11:53:41.625,358.755,0,789.0,37,,97.094,21.961,-1.0,-3.906,1.001,0.998,-0.023,4190,14.51,12.157,0,,,,,,,,,0.745,,,,
2026-10-01T11:53:41.755,358.885,0,795.0,37,,97.062,21.961,-1.0,-3.125,1.001,1.001,-0.02,4210,14.51,12.157,0,,,,,,,,,,,0.781,,
2026-10-01T11:53:41.885,359.015,0,796.0,37,,97.062,21.569,0.5,-3.125,1.001,1.002,-0.02,4190,14.51,12.157,0,,,,,,,,,,,,22.745,
2026-10-01T11:53:42.014,359.145,0,793.75,37,,97.094,21.961,-1.5,-3.125,1.001,1.006,-0.016,4200,14.51,12.157,0,,,,,,,,,,,,,391
2026-10-01T11:53:42.145,359.275,0,791.75,37,,97.0,21.961,-1.0,-3.125,1.001,1.007,-0.012,4180,14.51,12.157,0,103,,,,,,,,,,,,
2026-10-01T11:53:42.274,359.404,0,795.5,37,,96.969,21.961,0.5,-3.125,1.001,1.013,-0.008,4200,14.51,12.157,0,,74,,,,,,,,,,,
2026-10-01T11:53:42.404,359.534,0,799.0,37,,97.031,21.961,-2.0,-2.344,1.001,1.014,-0.008,4220,14.51,12.157,0,,,12.5,,,,,,,,,,
2026-10-01T11:53:42.535,359.665,0,792.75,37,,97.0,21.569,-2.5,-2.344,1.001,1.014,-0.008,4230,14.51,12.157,0,,,,12.753,,,,,,,,,
2026-10-01T11:53:42.664,359.794,0,796.0,37,,97.0,21.961,-1.5,-2.344,1.001,1.016,-0.004,4210,14.51,12.157,0,,,,,97,,,,,,,,
2026-10-01T11:53:42.795,359.925,0,795.75,37,,97.0,21.961,-1.5,-2.344,1.001,1.013,-0.008,4220,14.51,12.157,0,,,,,,32,,,,,,,
2026-10-01T11:53:42.925,360.055,0,795.5,37,,97.0,21.961,-1.0,-2.344,1.001,1.013,-0.008,4210,14.51,12.157,0,,,,,,,100.0,,,,,,
2026-10-01T11:53:43.055,360.185,0,797.25,37,,96.969,21.961,-1.0,-2.344,1.001,1.013,-0.008,4200,14.51,12.157,0,,,,,,,,396.3,,,,,
2026-10-01T11:53:43.184,360.314,0,795.75,37,,97.062,21.961,-1.5,-2.344,1.001,1.013,-0.008,4200,14.51,12.157,0,,,,,,,,,0.745,,,,
2026-10-01T11:53:43.315,360.445,0,794.25,37,,97.094,21.961,-1.5,-2.344,1.001,1.013,-0.008,4200,14.51,12.157,0,,,,,,,,,,,0.781,,
2026-10-01T11:53:43.444,360.574,0,793.0,37,,97.094,21.961,-1.0,-1.562,1.001,1.016,-0.004,4200,14.51,12.157,0,,,,,,,,,,,,22.745,
2026-10-01T11:53:43.574,360.704,0,795.0,37,,97.062,21.569,-1.0,-1.562,1.001,1.017,-0.004,4170,14.51,12.157,0,,,,,,,,,,,,,393
2026-10-01T11:53:43.704,360.834,0,793.0,37,,97.031,21.569,-1.0,-1.562,1.001,1.013,-0.008,4160,14.51,12.157,0,104,,,,,,,,,,,,
2026-10-01T11:53:43.834,360.964,0,794.5,37,,96.969,21.961,-1.5,-1.562,1.001,1.016,-0.004,4130,14.51,12.157,0,,74,,,,,,,,,,,
2026-10-01T11:53:43.964,361.095,0,796.0,37,,97.0,21.569,-1.5,-1.562,1.001,1.019,0.0,4150,14.51,12.157,0,,,12.5,,,,,,,,,,
2026-10-01T11:53:44.095,361.225,0,798.75,37,,97.0,21.961,-1.0,-1.562,1.001,1.019,0.0,4140,14.51,12.157,0,,,,12.675,,,,,,,,,
2026-10-01T11:53:44.225,361.355,0,798.75,37,,97.031,21.569,-1.5,-0.781,1.001,1.018,-0.004,4150,14.51,12.157,0,,,,,97,,,,,,,,
2026-10-01T11:53:44.354,361.484,0,794.25,37,,97.0,21.961,-1.0,-0.781,1.001,1.013,-0.008,4140,14.51,12.157,0,,,,,,32,,,,,,,
2026-10-01T11:53:44.485,361.615,0,793.25,37,,97.0,21.569,-1.0,-0.781,1.001,1.014,-0.008,4130,14.51,12.549,0,,,,,,,100.0,,,,,,
2026-10-01T11:53:44.614,361.744,0,794.75,36,,96.969,21.569,-1.5,-0.781,1.001,1.013,-0.008,4100,14.51,12.157,0,,,,,,,,396.5,,,,,
2026-10-01T11:53:44.745,361.875,0,797.5,37,,97.062,21.961,-1.5,-0.781,1.001,1.012,-0.008,4090,14.51,12.157,0,,,,,,,,,0.745,,,,
2026-10-01T11:53:44.874,362.005,0,796.75,37,,97.062,21.961,-2.0,-0.781,1.001,1.014,-0.008,4090,14.51,12.157,0,,,,,,,,,,,0.781,,
2026-10-01T11:53:45.004,362.134,0,793.0,37,,97.0,21.961,-1.5,-0.781,1.001,1.016,-0.004,4120,14.51,12.157,0,,,,,,,,,,,,22.353,
2026-10-01T11:53:45.135,362.265,0,800.0,37,,97.0,21.569,-2.0,0.0,1.001,1.017,-0.004,4160,14.51,12.157,0,,,,,,,,,,,,,394
2026-10-01T11:53:45.264,362.394,0,793.0,37,,97.0,21.961,-2.5,-0.781,1.001,1.013,-0.008,4150,14.51,12.549,0,104,,,,,,,,,,,,
2026-10-01T11:53:45.395,362.525,0,797.25,37,,97.031,21.569,-1.0,0.0,1.001,1.013,-0.008,4160,14.51,12.157,0,,74,,,,,,,,,,,
2026-10-01T11:53:45.525,362.655,0,792.25,37,,97.0,21.961,-2.5,-0.781,1.001,1.011,-0.008,4170,14.51,12.549,0,,,12.5,,,,,,,,,,
2026-10-01T11:53:45.655,362.785,0,799.5,37,,97.0,21.961,-2.5,0.0,1.001,1.012,-0.008,4160,14.51,12.157,0,,,,12.636,,,,,,,,,
2026-10-01T11:53:45.784,362.914,0,796.25,37,,97.031,21.961,-2.0,0.0,1.001,1.011,-0.008,4140,14.51,12.157,0,,,,,97,,,,,,,,
2026-10-01T11:53:45.914,363.044,0,793.5,37,,97.062,21.961,-1.0,0.0,1.001,1.013,-0.008,4130,14.51,12.157,0,,,,,,32,,,,,,,
2026-10-01T11:53:46.044,363.174,0,792.0,37,,97.094,21.961,-1.5,0.0,1.001,1.013,-0.008,4160,14.51,12.157,0,,,,,,,100.0,,,,,,
2026-10-01T11:53:46.174,363.304,0,794.75,37,,97.031,21.569,-0.5,0.0,1.001,1.013,-0.008,4160,14.51,12.157,0,,,,,,,,396.7,,,,,
2026-10-01T11:53:46.304,363.434,0,794.25,37,,97.062,21.569,-1.5,0.0,1.001,1.013,-0.008,4180,14.51,12.157,0,,,,,,,,,0.745,,,,
2026-10-01T11:53:46.435,363.565,0,798.5,37,,97.0,21.569,-2.5,0.0,1.001,1.014,-0.008,4140,14.51,12.157,0,,,,,,,,,,,0.781,,
2026-10-01T11:53:46.564,363.694,0,799.0,37,,97.062,21.569,-1.0,0.0,1.001,1.012,-0.008,4150,14.51,12.157,0,,,,,,,,,,,,22.353,
2026-10-01T11:53:46.695,363.826,0,794.5,37,,97.062,21.569,-2.0,0.0,1.001,1.01,-0.012,4180,14.51,12.157,0,,,,,,,,,,,,,396
2026-10-01T11:53:46.825,363.955,0,795.0,37,,97.031,21.569,-1.0,0.0,1.001,1.01,-0.012,4190,14.51,12.549,0,104,,,,,,,,,,,,
2026-10-01T11:53:46.955,364.085,0,801.5,37,,96.938,21.961,-3.0,0.0,1.001,1.008,-0.012,4230,14.51,12.549,0,,74,,,,,,,,,,,
2026-10-01T11:53:47.084,364.214,0,802.25,37,,97.062,21.961,-3.0,0.0,1.001,1.009,-0.012,4400,14.51,12.157,0,,,11.719,,,,,,,,,,
2026-10-01T11:53:47.215,364.345,0,798.5,37,,97.031,21.961,-3.5,0.0,1.001,1.013,-0.008,4430,14.51,12.549,0,,,,12.636,,,,,,,,,
2026-10-01T11:53:47.345,364.475,0,801.5,37,,97.0,21.961,-4.0,0.0,1.001,1.009,-0.012,4420,14.51,12.157,0,,,,,97,,,,,,,,
2026-10-01T11:53:47.474,364.604,0,809.25,37,,97.094,21.961,-3.0,0.0,1.0,1.004,-0.016,4390,14.51,12.549,0,,,,,,32,,,,,,,
2026-10-01T11:53:47.604,364.734,0,802.75,37,,97.062,21.961,-3.0,0.0,1.001,0.998,-0.023,4330,14.51,12.549,0,,,,,,,100.0,,,,,,
2026-10-01T11:53:47.734,364.864,0,806.0,37,,97.031,21.569,-3.5,0.0,1.001,0.998,-0.027,4320,14.51,12.549,0,,,,,,,,397.0,,,,,
2026-10-01T11:53:47.864,364.994,0,798.5,37,,97.062,21.961,-2.5,0.0,1.001,0.997,-0.027,4270,14.51,12.549,0,,,,,,,,,0.75,,,,
2026-10-01T11:53:47.994,365.124,0,798.25,37,,97.0,21.569,-2.5,0.0,1.001,0.999,-0.023,4260,14.51,12.549,0,,,,,,,,,,,0.781,,
2026-10-01T11:53:48.124,365.254,0,803.25,37,,96.969,21.961,-2.5,0.0,1.001,1.002,-0.02,4270,14.51,12.549,0,,,,,,,,,,,,22.745,
2026-10-01T11:53:48.254,365.384,0,801.75,37,,96.938,21.961,-3.0,0.0,1.001,1.003,-0.016,4250,14.51,12.549,0,,,,,,,,,,,,,398
2026-10-01T11:53:48.384,365.514,0,797.25,37,,97.031,21.961,-2.5,0.0,1.001,1.004,-0.016,4280,14.51,12.549,0,104,,,,,,,,,,,,
2026-10-01T11:53:48.515,365.645,0,801.5,37,,97.062,21.961,-3.5,0.0,1.001,0.999,-0.023,4260,14.51,12.549,0,,74,,,,,,,,,,,
2026-10-01T11:53:48.644,365.774,0,801.75,37,,96.969,21.569,-3.0,0.0,1.0,0.998,-0.023,4270,14.51,12.549,0,,,12.5,,,,,,,,,,
2026-10-01T11:53:48.775,365.905,0,800.25,37,,97.062,21.961,-2.5,0.0,1.001,0.998,-0.023,4250,14.51,12.549,0,,,,12.695,,,,,,,,,
2026-10-01T11:53:48.905,366.035,0,795.25,37,,97.062,21.961,-3.0,0.0,1.001,0.999,-0.023,4260,14.51,12.157,0,,,,,97,,,,,,,,
2026-10-01T11:53:49.035,366.165,0,797.25,37,,97.0,21.961,-2.5,0.0,1.001,0.998,-0.027,4250,14.51,12.157,0,,,,,,32,,,,,,,
2026-10-01T11:53:49.164,366.294,0,795.5,37,,97.0,21.569,-2.5,0.0,1.001,0.997,-0.027,4220,14.51,12.157,0,,,,,,,100.0,,,,,,
2026-10-01T11:53:49.294,366.425,0,794.0,37,,97.062,21.961,-2.5,0.0,1.001,0.998,-0.027,4230,14.51,12.157,0,,,,,,,,397.1,,,,,
2026-10-01T11:53:49.424,366.554,0,801.0,37,,97.062,21.961,-2.5,0.0,1.001,0.998,-0.023,4220,14.51,12.157,0,,,,,,,,,0.75,,,,
2026-10-01T11:53:49.554,366.684,0,803.5,37,,96.969,21.569,-2.5,0.0,1.001,0.997,-0.027,4210,14.51,12.157,0,,,,,,,,,,,0.781,,
2026-10-01T11:53:49.684,366.814,0,800.0,36,,97.094,21.569,-1.5,0.0,1.001,0.996,-0.031,4180,14.51,12.157,0,,,,,,,,,,,,22.353,
2026-10-01T11:53:49.814,366.944,0,799.0,36,,97.062,21.569,-2.5,0.0,1.001,0.996,-0.031,4150,14.51,12.157,0,,,,,,,,,,,,,399
2026-10-01T11:53:49.944,367.074,0,801.0,36,,97.0,21.569,-1.5,0.0,1.001,0.996,-0.031,4120,14.51,12.157,0,104,,,,,,,,,,,,
2026-10-01T11:53:50.074,367.204,0,799.75,36,,97.094,21.569,-1.0,0.0,1.001,0.996,-0.031,4090,14.51,12.549,0,,74,,,,,,,,,,,
2026-10-01T11:53:50.205,367.335,0,794.75,37,,97.031,21.569,-2.0,0.0,1.001,0.997,-0.027,4110,14.51,12.157,0,,,11.719,,,,,,,,,,
2026-10-01T11:53:50.334,367.464,0,799.25,37,,97.0,21.961,-3.0,0.0,1.001,0.999,-0.023,4130,14.51,12.549,0,,,,12.675,,,,,,,,,
2026-10-01T11:53:50.464,367.594,0,799.25,37,,97.062,21.961,-2.5,0.0,1.001,1.003,-0.016,4150,14.51,12.157,0,,,,,97,,,,,,,,
2026-10-01T11:53:50.595,367.725,0,799.0,37,,97.094,21.961,-2.5,0.0,1.001,1.003,-0.016,4170,14.51,12.157,0,,,,,,32,,,,,,,
2026-10-01T11:53:50.725,367.855,0,795.0,37,,97.062,21.569,-2.5,0.0,1.001,1.002,-0.02,4170,14.51,12.157,0,,,,,,,100.0,,,,,,
2026-10-01T11:53:50.855,367.985,0,797.75,37,,97.094,21.569,-2.5,0.0,1.001,0.999,-0.023,4160,14.51,12.157,0,,,,,,,,397.4,,,,,
2026-10-01T11:53:50.984,368.115,0,796.0,36,,97.031,21.569,-2.5,0.0,1.001,0.998,-0.023,4130,14.51,12.157,0,,,,,,,,,0.75,,,,
2026-10-01T11:53:51.114,368.244,0,799.75,37,,97.094,21.569,-1.0,0.0,1.001,1.0,-0.02,4110,14.51,12.157,0,,,,,,,,,,,0.781,,
2026-10-01T11:53:51.244,368.374,0,801.0,36,,97.094,21.569,-2.5,0.0,1.001,1.004,-0.016,4110,14.51,12.157,0,,,,,,,,,,,,22.353,
2026-10-01T11:53:51.374,368.504,0,794.0,36,,97.094,21.569,-2.5,0.0,1.001,1.006,-0.016,4080,14.51,12.157,0,,,,,,,,,,,,,401
2026-10-01T11:53:51.504,368.634,0,798.5,36,,97.0,21.569,-2.0,0.0,1.001,1.005,-0.016,4050,14.51,12.157,0,104,,,,,,,,,,,,
2026-10-01T11:53:51.634,368.764,0,791.75,36,,97.094,21.569,-2.5,0.0,1.001,1.005,-0.016,4070,14.51,12.157,0,,74,,,,,,,,,,,
2026-10-01T11:53:51.764,368.894,0,798.25,36,,97.156,21.569,-1.0,0.0,1.001,1.008,-0.012,4060,14.51,12.157,0,,,11.719,,,,,,,,,,
2026-10-01T11:53:51.894,369.024,0,794.75,36,,97.031,21.569,0.0,0.0,1.001,1.006,-0.016,4070,14.51,12.157,0,,,,12.675,,,,,,,,,
2026-10-01T11:53:52.025,369.155,0,788.5,36,,97.062,21.569,-0.5,0.0,1.001,1.007,-0.012,4060,14.51,12.549,0,,,,,97,,,,,,,,
2026-10-01T11:53:52.154,369.284,0,796.75,36,,97.0,21.569,-0.5,0.0,1.001,1.007,-0.012,4060,14.51,12.549,0,,,,,,32,,,,,,,
2026-10-01T11:53:52.284,369.414,0,797.75,37,,97.0,21.961,-1.0,0.0,1.001,1.007,-0.012,4090,14.51,12.549,0,,,,,,,100.0,,,,,,
2026-10-01T11:53:52.414,369.544,0,802.75,37,,97.0,21.961,-2.5,0.0,1.001,1.007,-0.012,4210,14.51,12.549,0,,,,,,,,397.6,,,,,
2026-10-01T11:53:52.544,369.674,0,796.25,37,,97.031,21.961,-3.5,0.0,1.001,1.011,-0.008,4270,14.51,12.549,0,,,,,,,,,0.745,,,,
2026-10-01T11:53:52.674,369.804,0,798.75,37,,97.0,21.961,-3.5,0.781,1.001,1.011,-0.008,4280,14.51,12.549,0,,,,,,,,,,,0.781,,
2026-10-01T11:53:52.804,369.934,0,805.75,37,,97.0,21.961,-4.0,0.781,1.001,1.008,-0.012,4330,14.51,12.549,0,,,,,,,,,,,,22.745,
2026-10-01T11:53:52.935,370.065,0,802.5,37,,97.094,21.961,-3.5,0.781,1.001,1.005,-0.016,4320,14.51,12.549,0,,,,,,,,,,,,,402
2026-10-01T11:53:53.064,370.194,0,797.0,37,,97.062,21.569,-3.5,0.0,1.001,1.004,-0.016,4330,14.51,12.157,0,104,,,,,,,,,,,,
2026-10-01T11:53:53.194,370.324,0,797.5,37,,97.0,21.961,-3.5,0.0,1.001,1.0,-0.02,4300,14.51,12.157,0,,74,,,,,,,,,,,
2026-10-01T11:53:53.324,370.454,0,804.0,37,,97.0,21.961,-2.5,0.0,1.001,0.999,-0.023,4280,14.51,12.157,0,,,11.719,,,,,,,,,,
2026-10-01T11:53:53.454,370.584,0,800.75,37,,97.094,21.569,-2.5,0.0,1.001,0.998,-0.023,4240,14.51,12.157,0,,,,12.695,,,,,,,,,
2026-10-01T11:53:53.585,370.715,0,800.25,37,,96.969,21.569,-2.5,0.0,1.001,0.998,-0.023,4210,14.51,12.157,0,,,,,97,,,,,,,,
2026-10-01T11:53:53.714,370.844,0,801.75,37,,97.031,21.569,-2.5,0.0,1.001,0.999,-0.02,4190,14.51,12.157,0,,,,,,32,,,,,,,
2026-10-01T11:53:53.844,370.974,0,797.75,36,,96.969,21.569,-2.5,0.0,1.001,1.0,-0.02,4180,14.51,12.157,0,,,,,,,100.0,,,,,,
2026-10-01T11:53:53.975,371.105,0,797.75,37,,97.062,21.569,-2.0,0.0,1.001,1.001,-0.02,4120,14.51,12.157,0,,,,,,,,397.9,,,,,
2026-10-01T11:53:54.105,371.235,0,793.0,37,,97.062,21.569,-1.0,0.0,1.001,1.003,-0.016,4120,14.51,12.549,0,,,,,,,,,0.75,,,,
2026-10-01T11:53:54.234,371.364,0,796.0,37,,97.031,21.569,-2.5,0.0,1.001,1.002,-0.02,4120,14.51,12.157,0,,,,,,,,,,,0.781,,
2026-10-01T11:53:54.365,371.495,0,797.75,37,,96.969,21.961,-2.0,0.0,1.001,1.003,-0.016,4150,14.51,12.549,0,,,,,,,,,,,,22.745,
2026-10-01T11:53:54.494,371.624,0,800.25,37,,97.062,21.961,-2.5,0.781,1.001,1.006,-0.016,4170,14.51,12.157,0,,,,,,,,,,,,,404
2026-10-01T11:53:54.624,371.754,0,793.25,37,,97.062,21.961,-3.0,0.781,1.001,1.007,-0.012,4220,14.51,12.157,0,104,,,,,,,,,,,,
2026-10-01T11:53:54.754,371.884,0,798.5,37,,97.062,21.961,-2.0,0.781,1.001,1.006,-0.016,4190,14.51,12.157,0,,74,,,,,,,,,,,
2026-10-01T11:53:54.884,372.014,0,795.75,37,,97.062,21.569,-1.0,0.781,1.001,1.003,-0.016,4180,14.51,12.157,0,,,11.719,,,,,,,,,,
2026-10-01T11:53:55.024,372.154,0,787.75,37,,97.062,21.569,-0.5,0.781,1.001,1.0,-0.02,4160,14.51,12.157,0,,,,12.734,,,,,,,,,
2026-10-01T11:53:55.154,372.284,0,798.0,37,,97.094,21.176,-1.0,0.781,1.001,1.0,-0.02,4120,14.51,12.157,0,,,,,97,,,,,,,,
2026-10-01T11:53:55.284,372.414,0,794.75,37,,97.062,21.569,-0.5,0.781,1.001,0.999,-0.023,4070,14.51,12.157,0,,,,,,32,,,,,,,
2026-10-01T11:53:55.414,372.544,0,796.75,36,,97.062,21.176,-1.0,0.781,1.001,0.999,-0.023,4060,14.51,12.549,0,,,,,,,100.0,,,,,,
2026-10-01T11:53:55.544,372.674,0,798.75,37,,97.062,21.569,-1.0,0.781,1.001,1.001,-0.02,4050,14.51,12.549,0,,,,,,,,398.1,,,,,
2026-10-01T11:53:55.674,372.804,0,795.0,37,,97.031,21.961,-2.0,0.781,1.001,1.007,-0.012,4130,14.51,12.549,0,,,,,,,,,0.75,,,,
2026-10-01T11:53:55.805,372.935,0,798.5,37,,97.031,21.961,-2.0,0.781,1.001,1.009,-0.012,4190,14.51,12.549,0,,,,,,,,,,,0.781,,
2026-10-01T11:53:55.934,373.064,0,794.5,37,,97.062,21.961,-3.5,0.781,1.001,1.008,-0.012,4230,14.51,12.157,0,,,,,,,,,,,,22.353,
2026-10-01T11:53:56.065,373.195,0,805.75,37,,97.062,21.961,-3.5,0.781,1.001,1.007,-0.012,4240,14.51,12.157,0,,,,,,,,,,,,,405
2026-10-01T11:53:56.195,373.325,0,804.75,37,,97.156,21.569,-3.0,0.781,1.001,1.004,-0.016,4260,14.51,12.157,0,104,,,,,,,,,,,,
2026-10-01T11:53:56.324,373.455,0,804.25,36,,97.062,21.569,-3.0,0.781,1.001,1.002,-0.02,4220,14.51,12.157,0,,74,,,,,,,,,,,
2026-10-01T11:53:56.455,373.585,0,801.0,37,,97.094,21.569,-3.0,0.781,1.001,0.999,-0.023,4210,14.51,12.157,0,,,11.719,,,,,,,,,,
2026-10-01T11:53:56.584,373.714,0,797.75,36,,97.031,21.569,-2.5,0.781,1.001,0.998,-0.027,4160,14.51,12.157,0,,,,12.558,,,,,,,,,
2026-10-01T11:53:56.714,373.844,0,799.5,37,,97.062,21.569,-2.0,0.781,1.001,0.997,-0.027,4140,14.51,12.157,0,,,,,97,,,,,,,,
2026-10-01T11:53:56.844,373.974,0,801.75,36,,97.062,21.569,-2.5,0.781,1.001,0.999,-0.023,4130,14.51,12.157,0,,,,,,32,,,,,,,
2026-10-01T11:53:56.974,374.104,0,794.75,36,,97.062,21.569,-2.0,0.781,1.001,1.002,-0.02,4120,14.51,12.157,0,,,,,,,100.0,,,,,,
2026-10-01T11:53:57.104,374.234,0,792.75,37,,97.0,21.961,-1.5,0.781,1.001,1.004,-0.016,4120,14.51,12.157,0,,,,,,,,398.3,,,,,
2026-10-01T11:53:57.234,374.365,0,795.75,37,,97.031,21.569,-1.0,0.781,1.001,1.002,-0.02,4130,14.51,12.157,0,,,,,,,,,0.75,,,,
2026-10-01T11:53:57.364,374.494,0,798.25,36,,97.0,21.569,-2.0,0.781,1.001,1.002,-0.02,4110,14.51,12.157,0,,,,,,,,,,,0.781,,
2026-10-01T11:53:57.495,374.625,0,800.0,37,,97.0,21.569,-2.0,0.781,1.001,1.005,-0.016,4120,14.51,12.157,0,,,,,,,,,,,,22.745,
2026-10-01T11:53:57.624,374.754,0,800.5,36,,97.031,21.961,-3.5,0.781,1.001,1.004,-0.016,4120,14.51,12.157,0,,,,,,,,,,,,,407
2026-10-01T11:53:57.755,374.885,0,802.5,37,,97.062,21.961,-1.0,0.781,1.001,1.005,-0.016,4130,14.51,12.157,0,104,,,,,,,,,,,,
2026-10-01T11:53:57.885,375.015,0,796.25,37,,97.0,21.961,-1.5,0.781,1.001,1.003,-0.016,4130,14.51,12.157,0,,74,,,,,,,,,,,
2026-10-01T11:53:58.014,375.145,0,793.5,37,,97.0,21.961,0.5,0.781,1.001,1.003,-0.016,4100,14.51,12.157,0,,,11.719,,,,,,,,,,
2026-10-01T11:53:58.144,375.274,0,788.0,37,,97.094,21.961,-1.0,0.781,1.001,1.001,-0.02,4110,14.51,12.157,0,,,,12.753,,,,,,,,,
2026-10-01T11:53:58.274,375.404,0,798.0,37,,97.094,21.961,-1.0,0.781,1.001,1.003,-0.016,4100,14.51,12.157,0,,,,,97,,,,,,,,
2026-10-01T11:53:58.404,375.534,0,794.5,37,,96.969,21.961,-1.5,1.562,1.001,1.008,-0.012,4130,14.51,12.157,0,,,,,,32,,,,,,,
2026-10-01T11:53:58.534,375.664,0,795.75,37,,97.0,21.961,-1.5,1.562,1.001,1.004,-0.016,4110,14.51,12.157,0,,,,,,,100.0,,,,,,
2026-10-01T11:53:58.665,375.795,0,794.0,36,,97.062,21.569,-1.0,1.562,1.001,1.005,-0.016,4120,14.51,12.157,0,,,,,,,,398.5,,,,,
2026-10-01T11:53:58.794,375.924,0,798.5,36,,96.969,21.569,-2.5,1.562,1.001,1.0,-0.02,4100,14.51,12.157,0,,,,,,,,,0.75,,,,
2026-10-01T11:53:58.925,376.055,0,797.75,36,,96.969,21.569,-3.0,1.562,1.001,1.003,-0.016,4110,14.51,12.157,0,,,,,,,,,,,0.781,,
2026-10-01T11:53:59.055,376.185,0,796.25,37,,97.062,21.569,-1.0,1.562,1.001,1.004,-0.016,4110,14.51,12.157,0,,,,,,,,,,,,22.353,
2026-10-01T11:53:59.184,376.314,0,795.5,36,,97.031,21.569,-0.5,1.562,1.001,1.005,-0.016,4090,14.51,12.157,0,,,,,,,,,,,,,409
2026-10-01T11:53:59.314,376.444,0,789.5,36,,97.0,21.569,-1.0,1.562,1.001,1.007,-0.012,4070,14.51,12.157,0,104,,,,,,,,,,,,
2026-10-01T11:53:59.444,376.574,0,800.75,36,,97.094,21.569,-1.5,1.562,1.001,1.003,-0.016,4060,14.51,12.157,0,,74,,,,,,,,,,,
2026-10-01T11:53:59.574,376.704,0,795.25,36,,97.031,21.569,-1.0,1.562,1.001,1.004,-0.016,4040,14.51,12.157,0,,,11.719,,,,,,,,,,
2026-10-01T11:53:59.704,376.834,0,798.25,36,,97.094,21.569,-1.5,1.562,1.001,1.005,-0.016,4030,14.51,12.157,0,,,,12.675,,,,,,,,,
2026-10-01T11:53:59.834,376.964,0,794.25,36,,97.031,21.569,-2.0,1.562,1.001,1.007,-0.012,4050,14.51,12.157,0,,,,,97,,,,,,,,
2026-10-01T11:53:59.964,377.094,0,797.25,36,,97.0,21.569,-2.5,1.562,1.001,1.01,-0.012,4050,14.51,12.157,0,,,,,,32,,,,,,,
2026-10-01T11:54:00.094,377.224,0,795.25,37,,97.031,21.569,-1.0,1.562,1.001,1.01,-0.012,4080,14.51,12.157,0,,,,,,,100.0,,,,,,
2026-10-01T11:54:00.225,377.355,0,796.0,36,,97.031,21.569,-1.0,1.562,1.001,1.01,-0.012,4070,14.51,12.157,0,,,,,,,,398.8,,,,,
2026-10-01T11:54:00.355,377.485,0,795.0,36,,97.031,21.569,-2.0,1.562,1.001,1.008,-0.012,4040,14.51,12.157,0,,,,,,,,,0.75,,,,
2026-10-01T11:54:00.484,377.614,0,798.0,36,,97.0,21.569,-1.0,1.562,1.001,1.005,-0.016,3990,14.51,12.157,0,,,,,,,,,,,0.781,,
2026-10-01T11:54:00.614,377.744,0,793.25,36,,97.0,21.569,-1.0,1.562,1.001,1.001,-0.02,4000,14.51,12.157,0,,,,,,,,,,,,22.353,
2026-10-01T11:54:00.744,377.874,0,799.5,36,,97.031,21.176,-1.0,1.562,1.001,1.005,-0.016,4010,14.51,12.157,0,,,,,,,,,,,,,410
2026-10-01T11:54:00.874,378.004,0,795.25,36,,96.969,21.176,0.5,2.344,1.001,1.007,-0.012,3990,14.51,12.157,0,104,,,,,,,,,,,,
2026-10-01T11:54:01.004,378.134,0,790.75,36,,97.0,21.176,-1.0,2.344,1.001,1.005,-0.016,3990,14.51,12.157,0,,74,,,,,,,,,,,
2026-10-01T11:54:01.134,378.264,0,792.25,36,,97.0,21.569,-1.0,2.344,1.001,1.006,-0.016,3980,14.51,12.157,0,,,12.5,,,,,,,,,,
2026-10-01T11:54:01.264,378.394,0,792.0,36,,97.0,21.569,-1.5,2.344,1.001,1.002,-0.02,3970,14.51,12.157,0,,,,12.714,,,,,,,,,
2026-10-01T11:54:01.395,378.525,0,798.5,36,,97.0,21.569,0.0,1.562,1.001,1.001,-0.02,3970,14.51,12.157,0,,,,,97,,,,,,,,
2026-10-01T11:54:01.525,378.655,0,797.75,36,,97.062,21.176,-0.5,2.344,1.001,1.003,-0.016,3970,14.51,12.157,0,,,,,,32,,,,,,,
2026-10-01T11:54:01.654,378.784,0,791.75,36,,97.062,21.569,-1.0,2.344,1.001,1.006,-0.016,3970,14.51,12.157,0,,,,,,,100.0,,,,,,
2026-10-01T11:54:01.784,378.914,0,793.5,37,,97.031,21.569,-1.0,2.344,1.001,1.013,-0.008,4000,14.51,12.157,0,,,,,,,,399.0,,,,,
2026-10-01T11:54:01.914,379.044,0,798.0,37,,97.094,21.569,-1.5,2.344,1.001,1.009,-0.012,3990,14.51,12.157,0,,,,,,,,,0.75,,,,
2026-10-01T11:54:02.044,379.174,0,796.5,37,,97.125,21.569,-2.5,2.344,1.001,1.004,-0.016,4010,14.51,12.157,0,,,,,,,,,,,0.781,,
2026-10-01T11:54:02.174,379.304,0,799.75,37,,97.031,21.569,-2.0,2.344,1.001,1.003,-0.016,4030,14.51,12.157,0,,,,,,,,,,,,22.353,
2026-10-01T11:54:02.304,379.434,0,794.0,37,,97.062,21.569,-2.0,2.344,1.001,1.005,-0.016,4040,14.51,12.157,0,,,,,,,,,,,,,412
2026-10-01T11:54:02.435,379.565,0,798.25,37,,97.094,21.569,-2.5,2.344,1.001,1.005,-0.016,4070,14.51,12.157,0,104,,,,,,,,,,,,
2026-10-01T11:54:02.564,379.694,0,795.25,36,,97.094,21.569,-1.0,2.344,1.001,1.001,-0.02,4080,14.51,12.157,0,,74,,,,,,,,,,,
2026-10-01T11:54:02.695,379.825,0,790.5,37,,97.094,21.176,-1.5,2.344,1.001,1.002,-0.02,4090,14.51,12.157,0,,,11.719,,,,,,,,,,
2026-10-01T11:54:02.825,379.955,0,792.75,36,,97.062,21.569,-1.5,2.344,1.001,1.002,-0.02,4050,14.51,12.157,0,,,,12.695,,,,,,,,,
2026-10-01T11:54:02.954,380.084,0,797.5,36,,97.031,21.569,-2.5,2.344,1.001,1.002,-0.02,4060,14.51,12.157,0,,,,,97,,,,,,,,
2026-10-01T11:54:03.084,380.214,0,800.25,36,,97.094,21.176,-2.0,2.344,1.001,1.003,-0.016,4030,14.51,12.157,0,,,,,,32,,,,,,,
2026-10-01T11:54:03.214,380.344,0,793.5,36,,97.156,21.176,-1.5,2.344,1.001,0.999,-0.02,4020,14.51,12.157,0,,,,,,,100.0,,,,,,
2026-10-01T11:54:03.344,380.474,0,796.5,36,,97.094,21.176,-1.5,2.344,1.001,0.999,-0.023,4020,14.51,12.157,0,,,,,,,,399.1,,,,,
2026-10-01T11:54:03.474,380.604,0,799.75,36,,97.125,21.176,-1.5,2.344,1.001,0.999,-0.023,4010,14.51,12.157,0,,,,,,,,,0.75,,,,
2026-10-01T11:54:03.604,380.734,0,795.25,36,,97.094,21.569,-2.5,2.344,1.001,1.001,-0.02,4020,14.51,12.157,0,,,,,,,,,,,0.781,,
2026-10-01T11:54:03.734,380.864,0,800.0,36,,97.0,21.569,-2.0,2.344,1.001,0.999,-0.023,4010,14.51,12.157,0,,,,,,,,,,,,21.961,
2026-10-01T11:54:03.864,380.994,0,796.25,36,,97.0,21.569,-1.0,2.344,1.001,0.999,-0.023,3990,14.51,12.157,0,,,,,,,,,,,,,413
2026-10-01T11:54:03.995,381.125,0,792.0,36,,97.125,21.569,-2.0,2.344,1.001,0.999,-0.023,3990,14.51,12.157,0,104,,,,,,,,,,,,
2026-10-01T11:54:04.124,381.254,0,790.0,36,,97.094,21.176,-1.0,2.344,1.001,0.999,-0.02,4000,14.51,12.157,0,,74,,,,,,,,,,,
2026-10-01T11:54:04.254,381.384,0,794.25,36,,97.125,21.569,0.0,2.344,1.001,1.004,-0.016,4020,14.51,12.157,0,,,11.719,,,,,,,,,,
2026-10-01T11:54:04.384,381.514,0,797.25,36,,97.094,21.176,-0.5,2.344,1.001,1.002,-0.02,4010,14.51,12.157,0,,,,12.636,,,,,,,,,
2026-10-01T11:54:04.514,381.644,0,793.0,36,,97.0,21.569,-2.0,2.344,1.001,1.002,-0.02,3990,14.51,12.157,0,,,,,97,,,,,,,,
2026-10-01T11:54:04.644,381.774,0,796.25,36,,97.0,21.569,-1.5,2.344,1.001,0.998,-0.023,3960,14.51,12.157,0,,,,,,32,,,,,,,
2026-10-01T11:54:04.775,381.905,0,793.0,36,,97.094,21.569,-1.0,2.344,1.001,0.999,-0.023,3950,14.51,12.157,0,,,,,,,100.0,,,,,,
2026-10-01T11:54:04.904,382.034,0,796.25,36,,97.062,21.569,-1.0,2.344,1.001,1.001,-0.02,3970,14.51,12.157,0,,,,,,,,399.3,,,,,
2026-10-01T11:54:05.034,382.164,0,796.25,36,,97.0,21.569,-1.5,2.344,1.001,1.0,-0.02,3980,14.51,12.157,0,,,,,,,,,0.75,,,,
2026-10-01T11:54:05.165,382.295,0,791.75,36,,97.0,21.176,-1.0,2.344,1.001,1.002,-0.02,3940,14.51,12.157,0,,,,,,,,,,,0.781,,
2026-10-01T11:54:05.294,382.424,0,796.75,36,,97.062,21.569,-1.0,2.344,1.001,0.999,-0.023,3980,14.51,12.157,0,,,,,,,,,,,,22.353,
2026-10-01T11:54:05.425,382.555,0,790.25,36,,97.094,21.569,-2.0,2.344,1.001,1.0,-0.02,3970,14.51,12.157,0,,,,,,,,,,,,,415
2026-10-01T11:54:05.554,382.684,0,793.5,36,,97.062,21.176,-1.0,2.344,1.001,1.002,-0.02,4000,14.51,12.157,0,104,,,,,,,,,,,,
2026-10-01T11:54:05.684,382.814,0,791.25,36,,97.0,21.569,-1.0,2.344,1.001,1.001,-0.02,3980,14.51,12.157,0,,74,,,,,,,,,,,
2026-10-01T11:54:05.814,382.944,0,797.5,36,,97.0,21.176,-2.0,2.344,1.001,0.999,-0.023,3960,14.51,12.157,0,,,11.719,,,,,,,,,,
2026-10-01T11:54:05.945,383.075,0,794.5,36,,97.0,21.176,-0.5,2.344,1.001,0.997,-0.027,3950,14.51,12.157,0,,,,12.753,,,,,,,,,
2026-10-01T11:54:06.074,383.204,0,791.75,36,,97.0,21.176,0.5,2.344,1.001,0.999,-0.023,3940,14.51,12.157,0,,,,,97,,,,,,,,
2026-10-01T11:54:06.204,383.335,0,791.25,36,,97.0,21.569,-1.0,2.344,1.001,0.999,-0.023,3940,14.51,12.157,0,,,,,,32,,,,,,,
2026-10-01T11:54:06.335,383.465,0,791.75,36,,97.031,21.569,-1.5,2.344,1.001,1.0,-0.02,3950,14.51,12.157,0,,,,,,,100.0,,,,,,
2026-10-01T11:54:06.464,383.594,0,794.0,36,,97.062,21.569,-1.5,2.344,1.001,1.003,-0.016,3960,14.51,12.157,0,,,,,,,,399.5,,,,,
2026-10-01T11:54:06.594,383.724,0,799.5,36,,96.969,21.569,-1.0,2.344,1.001,1.002,-0.02,3950,14.51,12.157,0,,,,,,,,,0.75,,,,
2026-10-01T11:54:06.724,383.854,0,792.0,36,,97.094,21.176,-1.5,2.344,1.001,1.003,-0.016,3990,14.51,12.157,0,,,,,,,,,,,0.781,,
2026-10-01T11:54:06.854,383.984,0,794.5,36,,97.094,21.569,-0.5,2.344,1.001,1.001,-0.02,3990,14.51,12.157,0,,,,,,,,,,,,22.353,
2026-10-01T11:54:06.984,384.114,0,794.25,37,,97.062,21.569,-1.0,2.344,1.001,1.004,-0.016,4040,14.51,12.157,0,,,,,,,,,,,,,416
2026-10-01T11:54:07.115,384.245,0,794.5,37,,97.062,21.569,-2.0,2.344,1.001,0.999,-0.02,4060,14.51,12.157,0,104,,,,,,,,,,,,
2026-10-01T11:54:07.244,384.374,0,799.25,37,,97.0,21.176,-2.5,2.344,1.001,0.999,-0.023,4080,14.51,12.157,0,,74,,,,,,,,,,,
2026-10-01T11:54:07.374,384.504,0,793.5,37,,97.0,21.569,-1.5,2.344,1.001,0.998,-0.023,4070,14.51,12.157,0,,,11.719,,,,,,,,,,
2026-10-01T11:54:07.505,384.635,0,793.5,36,,97.125,21.176,-2.0,2.344,1.001,0.998,-0.023,4050,14.51,12.157,0,,,,12.675,,,,,,,,,
2026-10-01T11:54:07.635,384.765,0,798.75,36,,97.094,21.176,-2.5,2.344,1.001,0.998,-0.023,4050,14.51,12.157,0,,,,,97,,,,,,,,
2026-10-01T11:54:07.764,384.894,0,798.0,36,,97.062,21.176,-2.5,2.344,1.001,0.996,-0.031,4040,14.51,12.157,0,,,,,,31,,,,,,,
2026-10-01T11:54:07.894,385.024,0,800.5,36,,97.094,21.176,-1.0,2.344,1.001,0.998,-0.023,4050,14.51,12.157,0,,,,,,,100.0,,,,,,
2026-10-01T11:54:08.024,385.154,0,799.5,36,,97.062,21.569,-1.5,2.344,1.001,0.996,-0.031,4030,14.51,12.157,0,,,,,,,,399.7,,,,,
2026-10-01T11:54:08.154,385.284,0,797.25,36,,97.031,21.176,-2.0,2.344,1.001,0.996,-0.027,4020,14.51,12.157,0,,,,,,,,,0.75,,,,
2026-10-01T11:54:08.284,385.414,0,792.75,36,,97.0,21.569,-1.5,2.344,1.001,0.998,-0.027,4000,14.51,12.157,0,,,,,,,,,,,0.781,,
2026-10-01T11:54:08.414,385.544,0,791.5,36,,96.969,21.176,-1.5,2.344,1.001,0.998,-0.023,4000,14.51,12.157,0,,,,,,,,,,,,22.353,
2026-10-01T11:54:08.545,385.675,0,798.75,36,,96.969,21.569,-2.0,2.344,1.001,0.998,-0.023,3990,14.51,12.157,0,,,,,,,,,,,,,418
2026-10-01T11:54:08.674,385.804,0,798.5,36,,97.0,21.176,-1.0,2.344,1.001,0.996,-0.027,3980,14.51,12.157,0,104,,,,,,,,,,,,
2026-10-01T11:54:08.805,385.935,0,794.25,36,,96.969,21.569,-0.5,2.344,1.001,0.996,-0.031,3990,14.51,12.157,0,,74,,,,,,,,,,,
2026-10-01T11:54:08.936,386.066,0,793.5,36,,97.062,21.569,-2.0,2.344,1.001,0.996,-0.031,3980,14.51,12.157,0,,,11.719,,,,,,,,,,
2026-10-01T11:54:09.064,386.194,0,798.5,36,,97.062,21.569,-1.0,2.344,1.001,0.997,-0.027,3980,14.51,12.157,0,,,,12.617,,,,,,,,,
2026-10-01T11:54:09.194,386.324,0,796.25,36,,97.0,21.569,-2.0,2.344,1.001,0.995,-0.031,4000,14.51,12.157,0,,,,,97,,,,,,,,
2026-10-01T11:54:09.324,386.454,0,795.0,36,,97.062,21.176,-1.5,1.562,1.001,0.995,-0.035,4010,14.51,12.157,0,,,,,,31,,,,,,,
2026-10-01T11:54:09.454,386.584,0,801.75,36,,97.031,21.569,-1.0,1.562,1.001,0.996,-0.031,4000,14.51,12.157,0,,,,,,,100.0,,,,,,
2026-10-01T11:54:09.584,386.714,0,799.0,36,,97.0,21.176,-1.5,1.562,1.001,0.995,-0.031,4030,14.51,12.157,0,,,,,,,,399.9,,,,,
2026-10-01T11:54:09.714,386.844,0,794.25,36,,96.969,21.569,-2.0,1.562,1.001,0.994,-0.035,3990,14.51,12.157,0,,,,,,,,,0.745,,,,
2026-10-01T11:54:09.844,386.974,0,795.25,36,,97.0,21.569,-2.5,1.562,1.001,0.993,-0.039,4000,14.51,12.157,0,,,,,,,,,,,0.781,,
2026-10-01T11:54:09.975,387.105,0,798.5,36,,97.0,21.569,-1.0,1.562,1.001,0.994,-0.035,4010,14.51,12.157,0,,,,,,,,,,,,21.961,
2026-10-01T11:54:10.104,387.234,0,795.5,36,,96.969,21.176,-2.5,1.562,1.001,0.994,-0.035,4030,14.51,12.157,0,,,,,,,,,,,,,419
2026-10-01T11:54:10.234,387.365,0,794.5,36,,97.0,21.569,-2.5,1.562,1.001,0.993,-0.039,4020,14.51,12.157,0,104,,,,,,,,,,,,
2026-10-01T11:54:10.365,387.495,0,796.75,36,,96.938,21.176,-1.0,1.562,1.001,0.993,-0.035,3980,14.51,12.157,0,,74,,,,,,,,,,,
2026-10-01T11:54:10.494,387.624,0,799.25,36,,97.0,21.569,-1.0,1.562,1.001,0.993,-0.039,4000,14.51,12.157,0,,,11.719,,,,,,,,,,
2026-10-01T11:54:10.624,387.754,0,795.5,36,,96.938,21.569,-2.0,1.562,1.001,0.994,-0.035,4000,14.51,12.157,0,,,,12.695,,,,,,,,,
2026-10-01T11:54:10.754,387.884,0,795.0,36,,97.0,21.176,-2.0,1.562,1.001,0.992,-0.039,4000,14.51,12.157,0,,,,,97,,,,,,,,
2026-10-01T11:54:10.884,388.014,0,799.0,36,,97.062,21.569,-1.0,1.562,1.001,0.991,-0.043,3970,14.51,12.157,0,,,,,,31,,,,,,,
2026-10-01T11:54:11.014,388.144,0,799.5,36,,97.031,21.176,-2.0,1.562,1.001,0.991,-0.043,3960,14.51,12.157,0,,,,,,,100.0,,,,,,
2026-10-01T11:54:11.144,388.274,0,799.25,36,,97.062,21.176,-1.0,1.562,1.001,0.992,-0.039,3960,14.51,12.157,0,,,,,,,,400.1,,,,,
2026-10-01T11:54:11.274,388.404,0,798.75,36,,97.062,21.176,-1.0,1.562,1.001,0.995,-0.031,3960,14.51,12.157,0,,,,,,,,,0.75,,,,
2026-10-01T11:54:11.404,388.535,0,793.5,36,,97.0,21.569,-1.0,1.562,1.001,0.995,-0.031,3950,14.51,12.157,0,,,,,,,,,,,0.781,,
2026-10-01T11:54:11.535,388.665,0,796.75,36,,97.062,21.569,-1.5,1.562,1.001,0.996,-0.031,3950,14.51,12.157,0,,,,,,,,,,,,21.961,
2026-10-01T11:54:11.664,388.794,0,799.0,36,,97.0,21.569,-1.5,1.562,1.001,0.996,-0.031,3970,14.51,12.157,0,,,,,,,,,,,,,421
2026-10-01T11:54:11.795,388.925,0,797.25,36,,97.0,21.569,-2.5,1.562,1.001,0.995,-0.031,3980,14.51,12.157,0,104,,,,,,,,,,,,
2026-10-01T11:54:11.924,389.054,0,798.75,36,,97.031,21.176,-2.5,1.562,1.001,0.995,-0.031,4000,14.51,12.157,0,,74,,,,,,,,,,,
2026-10-01T11:54:12.054,389.184,0,800.25,36,,97.062,21.569,-2.0,1.562,1.001,0.995,-0.035,4000,14.51,12.157,0,,,11.719,,,,,,,,,,
2026-10-01T11:54:12.184,389.314,0,800.25,36,,97.062,21.176,-1.5,0.781,1.001,0.995,-0.031,4000,14.51,12.157,0,,,,12.597,,,,,,,,,
2026-10-01T11:54:12.314,389.444,0,796.0,36,,97.094,21.569,-2.5,0.781,1.001,0.995,-0.031,3980,14.51,12.157,0,,,,,97,,,,,,,,
2026-10-01T11:54:12.444,389.574,0,796.0,36,,97.062,21.569,-2.5,0.781,1.001,0.995,-0.031,3990,14.51,12.157,0,,,,,,31,,,,,,,
2026-10-01T11:54:12.574,389.704,0,799.5,36,,97.094,21.569,-2.0,0.781,1.001,0.995,-0.035,3980,14.51,12.157,0,,,,,,,100.0,,,,,,
2026-10-01T11:54:12.704,389.834,0,796.25,36,,97.094,21.569,-1.5,0.781,1.001,0.994,-0.035,3970,14.51,12.157,0,,,,,,,,400.3,,,,,
2026-10-01T11:54:12.835,389.965,0,795.5,36,,97.0,21.176,-2.5,0.781,1.001,0.993,-0.039,3980,14.51,12.157,0,,,,,,,,,0.745,,,,
2026-10-01T11:54:12.964,390.094,0,796.0,36,,97.062,21.569,-1.0,0.781,1.001,0.994,-0.035,3980,14.51,12.157,0,,,,,,,,,,,0.781,,
2026-10-01T11:54:13.095,390.225,0,793.25,36,,97.0,21.176,-0.5,0.781,1.001,0.995,-0.031,4000,14.51,12.157,0,,,,,,,,,,,,22.353,
2026-10-01T11:54:13.225,390.355,0,798.75,36,,97.094,21.569,-1.0,0.781,1.001,0.995,-0.031,3990,14.51,12.157,0,,,,,,,,,,,,,423
2026-10-01T11:54:13.354,390.484,0,794.75,36,,97.062,21.569,-2.0,0.781,1.001,0.994,-0.035,4010,14.51,12.157,0,104,,,,,,,,,,,,
2026-10-01T11:54:13.484,390.614,0,798.5,36,,97.094,21.569,-1.5,0.781,1.001,0.992,-0.039,3990,14.51,12.157,0,,74,,,,,,,,,,,
2026-10-01T11:54:13.614,390.744,0,793.5,36,,97.0,21.176,-1.5,0.781,1.001,0.993,-0.039,3990,14.51,12.157,0,,,11.719,,,,,,,,,,
2026-10-01T11:54:13.744,390.874,0,801.25,36,,97.0,21.176,-1.0,0.781,1.001,0.992,-0.039,4010,14.51,12.157,0,,,,12.734,,,,,,,,,
2026-10-01T11:54:13.874,391.004,0,801.25,36,,97.062,21.176,-1.5,0.781,1.001,0.992,-0.039,4010,14.51,12.157,0,,,,,97,,,,,,,,
2026-10-01T11:54:14.004,391.134,0,797.25,36,,97.062,21.176,-2.5,0.781,1.001,0.992,-0.039,4030,14.51,12.157,0,,,,,,31,,,,,,,
2026-10-01T11:54:14.134,391.264,0,797.5,36,,97.031,21.176,-2.5,0.781,1.001,0.991,-0.043,4020,14.51,12.157,0,,,,,,,100.0,,,,,,
2026-10-01T11:54:14.264,391.394,0,801.5,36,,97.094,21.176,-2.0,0.0,1.001,0.991,-0.043,4050,14.51,12.157,0,,,,,,,,400.5,,,,,
2026-10-01T11:54:14.394,391.524,0,797.25,36,,97.094,21.176,-2.0,0.0,1.001,0.991,-0.043,4020,14.51,12.157,0,,,,,,,,,0.745,,,,
2026-10-01T11:54:14.525,391.655,0,797.5,36,,97.094,21.176,-2.0,0.0,1.001,0.992,-0.043,4020,14.51,12.157,0,,,,,,,,,,,0.781,,
2026-10-01T11:54:14.656,391.786,0,794.75,36,,97.125,21.176,-1.5,0.0,1.001,0.992,-0.039,3980,14.51,12.157,0,,,,,,,,,,,,21.961,
2026-10-01T11:54:14.784,391.914,0,796.75,36,,97.062,21.176,-1.5,0.0,1.001,0.992,-0.039,3990,14.51,12.157,0,,,,,,,,,,,,,424
2026-10-01T11:54:14.915,392.045,0,801.75,36,,97.156,21.176,-2.5,0.0,1.001,0.992,-0.039,3990,14.51,12.157,0,104,,,,,,,,,,,,
2026-10-01T11:54:15.044,392.174,0,801.75,36,,97.094,21.176,-2.5,0.0,1.001,0.994,-0.035,3980,14.51,12.157,0,,74,,,,,,,,,,,
2026-10-01T11:54:15.174,392.304,0,799.75,36,,97.125,21.176,-1.5,0.0,1.001,0.996,-0.031,4000,14.51,12.157,0,,,11.719,,,,,,,,,,
2026-10-01T11:54:15.304,392.434,0,801.0,36,,97.094,21.569,-2.5,0.0,1.001,0.996,-0.031,4010,14.51,12.157,0,,,,12.597,,,,,,,,,
2026-10-01T11:54:15.434,392.564,0,796.25,36,,97.125,21.176,-2.5,0.0,1.001,0.996,-0.031,4010,14.51,12.157,0,,,,,97,,,,,,,,
2026-10-01T11:54:15.564,392.694,0,799.0,36,,97.062,21.569,-2.5,0.0,1.001,0.994,-0.035,3980,14.51,12.157,0,,,,,,31,,,,,,,
2026-10-01T11:54:15.694,392.824,0,801.0,36,,97.094,21.176,-2.5,0.0,1.001,0.992,-0.039,4000,14.51,12.157,0,,,,,,,100.0,,,,,,
2026-10-01T11:54:15.824,392.954,0,792.5,36,,97.062,21.176,-1.5,0.0,1.001,0.994,-0.035,3970,14.51,12.157,0,,,,,,,,400.6,,,,,
2026-10-01T11:54:15.955,393.085,0,796.25,36,,97.062,21.176,-1.5,0.0,1.001,0.995,-0.031,3960,14.51,12.157,0,,,,,,,,,0.745,,,,
2026-10-01T11:54:16.084,393.214,0,796.25,36,,97.094,21.569,-1.5,0.0,1.001,0.997,-0.027,3960,14.51,12.157,0,,,,,,,,,,,0.781,,
2026-10-01T11:54:16.215,393.345,0,792.25,36,,97.094,21.569,-2.0,0.0,1.001,0.996,-0.027,3950,14.51,12.157,0,,,,,,,,,,,,21.961,
2026-10-01T11:54:16.345,393.475,0,797.5,36,,97.062,21.176,-1.5,0.0,1.001,0.997,-0.027,3960,14.51,12.157,0,,,,,,,,,,,,,426
2026-10-01T11:54:16.474,393.604,0,796.0,36,,97.094,21.569,-1.0,0.0,1.001,0.997,-0.027,3960,14.51,12.157,0,104,,,,,,,,,,,,
2026-10-01T11:54:16.604,393.734,0,793.5,36,,97.094,21.176,-1.5,0.0,1.001,0.997,-0.027,3970,14.51,12.157,0,,74,,,,,,,,,,,
2026-10-01T11:54:16.734,393.864,0,795.75,36,,97.062,21.569,-2.5,0.0,1.001,0.997,-0.027,3970,14.51,12.157,0,,,12.5,,,,,,,,,,
2026-10-01T11:54:16.864,393.994,0,799.0,36,,97.031,21.176,-1.0,0.0,1.001,0.997,-0.027,3970,14.51,12.157,0,,,,12.753,,,,,,,,,
2026-10-01T11:54:16.994,394.124,0,798.75,36,,97.031,21.569,-1.5,0.0,1.001,0.999,-0.023,3960,14.51,12.157,0,,,,,97,,,,,,,,
2026-10-01T11:54:17.124,394.254,0,792.5,36,,97.031,21.569,-2.5,0.0,1.001,0.998,-0.023,3950,14.51,12.157,0,,,,,,31,,,,,,,
2026-10-01T11:54:17.254,394.384,0,790.25,36,,97.125,21.176,-1.0,0.0,1.001,0.999,-0.023,3930,14.51,12.157,0,,,,,,,100.0,,,,,,
2026-10-01T11:54:17.384,394.514,0,797.0,36,,97.125,21.569,-2.0,0.0,1.001,1.0,-0.02,3930,14.51,12.157,0,,,,,,,,400.9,,,,,
2026-10-01T11:54:17.515,394.645,0,795.5,36,,97.094,21.569,-2.5,0.0,1.001,1.001,-0.02,3960,14.51,12.157,0,,,,,,,,,0.745,,,,
2026-10-01T11:54:17.644,394.775,0,797.0,36,,97.094,21.569,-1.0,0.0,1.001,1.0,-0.02,3950,14.51,12.157,0,,,,,,,,,,,0.781,,
2026-10-01T11:54:17.774,394.904,0,793.25,36,,96.969,21.569,-1.0,0.0,1.001,1.001,-0.02,3970,14.51,12.157,0,,,,,,,,,,,,22.353,
2026-10-01T11:54:17.904,395.034,0,794.75,36,,97.125,21.569,-1.5,0.0,1.001,1.005,-0.016,3970,14.51,12.157,0,,,,,,,,,,,,,427
2026-10-01T11:54:18.034,395.164,0,800.0,36,,97.031,21.569,-2.0,0.0,1.001,1.005,-0.016,4000,14.51,12.157,0,104,,,,,,,,,,,,
2026-10-01T11:54:18.164,395.294,0,797.5,36,,97.094,21.569,-2.5,0.0,1.001,1.005,-0.016,4020,14.51,12.157,0,,74,,,,,,,,,,,
2026-10-01T11:54:18.294,395.424,0,791.25,36,,97.0,21.176,-2.0,0.781,1.001,1.007,-0.012,4010,14.51,12.157,0,,,11.719,,,,,,,,,,
2026-10-01T11:54:18.424,395.554,0,799.25,36,,97.062,21.569,-1.5,0.0,1.001,1.0,-0.02,4020,14.51,12.157,0,,,,12.714,,,,,,,,,
2026-10-01T11:54:18.554,395.685,0,799.75,36,,97.062,21.569,0.0,0.0,1.001,1.0,-0.02,4000,14.51,12.157,0,,,,,97,,,,,,,,
2026-10-01T11:54:18.684,395.814,0,796.5,36,,97.0,21.176,-0.5,0.0,1.001,0.999,-0.023,3980,14.51,12.157,0,,,,,,31,,,,,,,
2026-10-01T11:54:18.824,395.954,0,799.75,36,,97.062,21.176,-1.0,0.0,1.001,0.999,-0.023,3980,14.51,12.157,0,,,,,,,100.0,,,,,,
2026-10-01T11:54:18.954,396.084,0,798.75,36,,97.031,21.176,-1.0,0.0,1.001,1.001,-0.02,4000,14.51,12.157,0,,,,,,,,401.1,,,,,
2026-10-01T11:54:19.084,396.214,0,792.75,36,,97.0,21.569,-1.5,0.0,1.001,1.005,-0.016,4000,14.51,12.157,0,,,,,,,,,0.745,,,,
2026-10-01T11:54:19.214,396.344,0,800.25,36,,97.062,21.176,-1.0,0.781,1.001,1.004,-0.016,4020,14.51,12.157,0,,,,,,,,,,,0.781,,
2026-10-01T11:54:19.345,396.475,0,797.75,36,,97.094,21.569,-1.5,0.781,1.001,1.003,-0.016,4010,14.51,12.157,0,,,,,,,,,,,,22.353,
2026-10-01T11:54:19.474,396.604,0,798.75,36,,97.062,21.176,0.5,0.781,1.001,1.004,-0.016,4020,14.51,12.157,0,,,,,,,,,,,,,429
2026-10-01T11:54:19.604,396.734,0,791.0,36,,97.094,21.569,-1.0,0.781,1.001,1.002,-0.02,4020,14.51,12.157,0,104,,,,,,,,,,,,
2026-10-01T11:54:19.734,396.864,0,789.5,36,,97.062,21.569,-2.0,0.781,1.001,1.0,-0.02,4010,14.51,12.157,0,,74,,,,,,,,,,,
2026-10-01T11:54:19.864,396.994,0,794.25,36,,97.062,21.569,-1.0,0.781,1.001,1.002,-0.02,4020,14.51,12.157,0,,,11.719,,,,,,,,,,
2026-10-01T11:54:19.994,397.124,0,796.75,36,,97.094,21.569,-1.5,0.781,1.001,1.002,-0.02,4020,14.51,12.157,0,,,,12.695,,,,,,,,,
2026-10-01T11:54:20.124,397.254,0,794.5,36,,97.0,21.569,-1.5,0.781,1.001,1.003,-0.016,4040,14.51,12.157,0,,,,,97,,,,,,,,
2026-10-01T11:54:20.254,397.384,0,798.5,36,,97.0,21.569,-1.0,0.781,1.001,1.0,-0.02,4000,14.51,12.157,0,,,,,,31,,,,,,,
2026-10-01T11:54:20.384,397.514,0,800.75,36,,97.094,21.569,-2.5,0.0,1.001,0.999,-0.023,4040,14.51,12.157,0,,,,,,,100.0,,,,,,
2026-10-01T11:54:20.514,397.644,0,799.0,36,,97.0,21.569,-2.5,0.0,1.001,0.999,-0.023,4030,14.51,12.157,0,,,,,,,,401.3,,,,,
2026-10-01T11:54:20.644,397.774,0,799.5,36,,97.062,21.176,-2.5,0.0,1.001,0.999,-0.023,4040,14.51,12.157,0,,,,,,,,,0.74,,,,
2026-10-01T11:54:20.775,397.905,0,801.5,36,,97.062,21.569,-2.0,0.0,1.001,0.998,-0.023,4020,14.51,12.157,0,,,,,,,,,,,0.781,,
2026-10-01T11:54:20.904,398.034,0,794.5,36,,97.031,21.176,-2.0,0.0,1.001,0.998,-0.027,4050,14.51,12.157,0,,,,,,,,,,,,21.961,
2026-10-01T11:54:21.034,398.164,0,798.5,36,,97.0,21.176,-2.5,0.0,1.001,0.996,-0.031,4030,14.51,12.157,0,,,,,,,,,,,,,430
2026-10-01T11:54:21.165,398.295,0,799.5,36,,97.0,21.176,-2.5,0.0,1.001,0.995,-0.031,4020,14.51,12.549,0,104,,,,,,,,,,,,
2026-10-01T11:54:21.294,398.424,0,802.0,37,,97.0,21.569,-1.0,0.0,1.001,0.996,-0.031,4020,14.51,12.157,0,,74,,,,,,,,,,,
2026-10-01T11:54:21.424,398.554,0,797.0,37,,97.125,21.569,-4.0,0.0,1.001,0.995,-0.031,4030,14.51,12.157,0,,,11.719,,,,,,,,,,
2026-10-01T11:54:21.554,398.684,0,802.5,37,,97.031,21.569,-3.0,0.0,1.001,0.994,-0.035,4110,14.51,12.157,0,,,,12.597,,,,,,,,,
2026-10-01T11:54:21.684,398.814,0,799.0,36,,97.062,21.569,-2.5,0.0,1.001,0.992,-0.039,4110,14.51,12.157,0,,,,,97,,,,,,,,
2026-10-01T11:54:21.814,398.944,0,798.75,36,,97.062,21.176,-2.0,0.0,1.001,0.991,-0.043,4080,14.51,12.157,0,,,,,,31,,,,,,,
2026-10-01T11:54:21.944,399.074,0,794.0,36,,97.094,21.176,-1.0,0.0,1.001,0.988,-0.051,4020,14.51,12.157,0,,,,,,,100.0,,,,,,
2026-10-01T11:54:22.074,399.204,0,794.75,36,,97.062,21.176,-1.0,0.0,1.001,0.985,-0.055,4010,14.51,12.157,0,,,,,,,,401.5,,,,,
2026-10-01T11:54:22.204,399.335,0,798.75,36,,97.094,21.176,-1.0,0.0,1.001,0.985,-0.055,4000,14.51,12.157,0,,,,,,,,,0.745,,,,
2026-10-01T11:54:22.334,399.464,0,795.0,36,,97.094,21.176,-2.0,0.0,1.001,0.983,-0.062,4000,14.51,12.157,0,,,,,,,,,,,0.781,,
2026-10-01T11:54:22.464,399.594,0,796.5,36,,97.125,21.176,-2.0,0.0,1.001,0.983,-0.062,4000,14.51,12.157,0,,,,,,,,,,,,22.353,
2026-10-01T11:54:22.595,399.725,0,800.5,36,,97.062,21.569,-0.5,0.0,1.001,0.984,-0.059,4010,14.51,12.157,0,,,,,,,,,,,,,432
2026-10-01T11:54:22.724,399.854,0,794.75,36,,97.094,21.176,-1.5,0.0,1.001,0.985,-0.059,4000,14.51,12.157,0,104,,,,,,,,,,,,
2026-10-01T11:54:22.854,399.984,0,801.0,36,,97.094,21.569,-1.5,-0.781,1.001,0.986,-0.055,4000,14.51,12.157,0,,74,,,,,,,,,,,
2026-10-01T11:54:22.984,400.114,0,802.0,36,,96.969,21.176,-1.5,-0.781,1.001,0.987,-0.051,3990,14.51,12.157,0,,,11.719,,,,,,,,,,
2026-10-01T11:54:23.114,400.244,0,794.0,36,,97.031,21.176,-2.0,-0.781,1.001,0.989,-0.047,3980,14.51,12.157,0,,,,12.714,,,,,,,,,
2026-10-01T11:54:23.244,400.374,0,794.5,36,,97.094,21.569,-2.5,-0.781,1.001,0.988,-0.051,3980,14.51,12.157,0,,,,,97,,,,,,,,
2026-10-01T11:54:23.374,400.504,0,799.75,36,,97.062,21.569,-1.5,-0.781,1.001,0.99,-0.047,4010,14.51,12.157,0,,,,,,31,,,,,,,
2026-10-01T11:54:23.504,400.634,0,794.25,36,,97.0,21.569,-1.0,-0.781,1.001,0.989,-0.047,4020,14.51,12.157,0,,,,,,,100.0,,,,,,
2026-10-01T11:54:23.634,400.764,0,796.5,36,,97.0,21.176,-2.5,-0.781,1.001,0.989,-0.047,4040,14.51,12.157,0,,,,,,,,401.6,,,,,
2026-10-01T11:54:23.764,400.894,0,802.5,36,,97.0,21.569,-1.5,-0.781,1.001,0.989,-0.047,4020,14.51,12.157,0,,,,,,,,,0.745,,,,
2026-10-01T11:54:23.894,401.024,0,802.0,36,,97.062,21.176,-2.0,-0.781,1.001,0.987,-0.055,4030,14.51,12.157,0,,,,,,,,,,,0.781,,
2026-10-01T11:54:24.024,401.154,0,796.25,36,,97.0,21.569,-2.5,-0.781,1.001,0.988,-0.051,4020,14.51,12.157,0,,,,,,,,,,,,22.353,
2026-10-01T11:54:24.154,401.284,0,799.0,36,,96.938,21.569,-2.0,-0.781,1.001,0.987,-0.051,4030,14.51,12.157,0,,,,,,,,,,,,,433
2026-10-01T11:54:24.285,401.415,0,798.0,36,,97.062,21.569,-2.5,-0.781,1.001,0.989,-0.047,4040,14.51,12.157,0,104,,,,,,,,,,,,
2026-10-01T11:54:24.414,401.544,0,795.0,36,,97.062,21.569,-2.5,-1.562,1.001,0.987,-0.051,4040,14.51,12.157,0,,74,,,,,,,,,,,
2026-10-01T11:54:24.544,401.674,0,796.5,36,,97.0,21.176,-2.5,-1.562,1.001,0.986,-0.055,4040,14.51,12.157,0,,,12.5,,,,,,,,,,
2026-10-01T11:54:24.674,401.804,0,792.25,36,,97.062,21.569,-1.0,-1.562,1.001,0.986,-0.055,4000,14.51,12.157,0,,,,12.656,,,,,,,,,
2026-10-01T11:54:24.804,401.934,0,797.5,36,,97.125,21.569,-2.5,-1.562,1.001,0.985,-0.059,4020,14.51,12.157,0,,,,,97,,,,,,,,
2026-10-01T11:54:24.934,402.064,0,794.5,36,,97.031,21.569,-2.5,-1.562,1.001,0.986,-0.055,4000,14.51,12.157,0,,,,,,31,,,,,,,
2026-10-01T11:54:25.064,402.194,0,800.0,36,,97.094,21.569,-1.0,-1.562,1.001,0.985,-0.055,4050,14.51,12.157,0,,,,,,,100.0,,,,,,
2026-10-01T11:54:25.194,402.324,0,795.5,36,,97.062,21.569,-1.5,-1.562,1.001,0.986,-0.055,4030,14.51,12.157,0,,,,,,,,401.8,,,,,
2026-10-01T11:54:25.324,402.455,0,800.25,36,,97.094,21.569,-2.5,-1.562,1.001,0.987,-0.055,4040,14.51,12.157,0,,,,,,,,,0.745,,,,
2026-10-01T11:54:25.454,402.584,0,798.5,36,,97.062,21.569,-1.5,-2.344,1.001,0.988,-0.051,4010,14.51,12.157,0,,,,,,,,,,,0.781,,
2026-10-01T11:54:25.584,402.714,0,793.0,36,,97.062,21.176,-1.0,-2.344,1.001,0.988,-0.051,4000,14.51,12.157,0,,,,,,,,,,,,22.353,
2026-10-01T11:54:25.715,402.845,0,799.0,36,,97.031,21.569,-1.0,-2.344,1.001,0.989,-0.047,4010,14.51,12.157,0,,,,,,,,,,,,,435
2026-10-01T11:54:25.844,402.974,0,797.0,36,,97.0,21.569,-1.5,-2.344,1.001,0.99,-0.047,3990,14.51,12.157,0,104,,,,,,,,,,,,
2026-10-01T11:54:25.974,403.104,0,794.0,36,,97.062,21.569,-1.0,-2.344,1.001,0.991,-0.043,4040,14.51,12.157,0,,74,,,,,,,,,,,
2026-10-01T11:54:26.104,403.234,0,796.5,36,,97.094,21.569,-1.5,-2.344,1.001,0.992,-0.039,4040,14.51,12.157,0,,,12.5,,,,,,,,,,
2026-10-01T11:54:26.234,403.364,0,795.25,36,,97.094,21.176,-2.5,-2.344,1.001,0.992,-0.039,4060,14.51,12.157,0,,,,12.734,,,,,,,,,
2026-10-01T11:54:26.364,403.494,0,801.0,36,,97.062,21.569,-1.0,-2.344,1.001,0.994,-0.035,4050,14.51,12.157,0,,,,,97,,,,,,,,
2026-10-01T11:54:26.494,403.624,0,801.25,36,,97.0,21.176,-0.5,-2.344,1.001,0.995,-0.031,4050,14.51,12.157,0,,,,,,31,,,,,,,
2026-10-01T11:54:26.624,403.754,0,800.75,36,,97.094,21.176,-2.5,-2.344,1.001,0.993,-0.035,4040,14.51,12.157,0,,,,,,,100.0,,,,,,
2026-10-01T11:54:26.755,403.885,0,797.25,36,,97.0,21.569,-2.5,-2.344,1.001,0.993,-0.035,4020,14.51,12.157,0,,,,,,,,402.0,,,,,
2026-10-01T11:54:26.884,404.014,0,800.0,36,,97.0,21.569,-2.0,-2.344,1.001,0.992,-0.043,4040,14.51,12.157,0,,,,,,,,,0.745,,,,
2026-10-01T11:54:27.015,404.145,0,797.0,36,,97.0,21.569,-2.0,-2.344,1.001,0.993,-0.035,4040,14.51,12.157,0,,,,,,,,,,,0.781,,
2026-10-01T11:54:27.145,404.275,0,797.75,36,,97.0,21.176,-2.5,-2.344,1.001,0.993,-0.035,4020,14.51,12.157,0,,,,,,,,,,,,22.353,
2026-10-01T11:54:27.274,404.404,0,793.25,36,,97.062,21.569,-1.0,-2.344,1.001,0.994,-0.035,4020,14.51,12.157,0,,,,,,,,,,,,,437
2026-10-01T11:54:27.404,404.534,0,796.25,36,,97.0,21.176,-1.0,-2.344,1.001,0.996,-0.031,4050,14.51,12.157,0,104,,,,,,,,,,,,
2026-10-01T11:54:27.534,404.664,0,796.75,36,,97.094,21.569,-1.5,-2.344,1.001,0.997,-0.027,4040,14.51,12.157,0,,74,,,,,,,,,,,
2026-10-01T11:54:27.664,404.794,0,799.0,37,,97.062,21.569,0.0,-2.344,1.001,0.997,-0.027,4040,14.51,12.157,0,,,12.5,,,,,,,,,,
2026-10-01T11:54:27.794,404.924,0,794.5,37,,97.094,21.569,-1.0,-2.344,1.001,0.995,-0.031,4070,14.51,12.157,0,,,,12.695,,,,,,,,,
2026-10-01T11:54:27.924,405.054,0,796.25,37,,97.062,21.569,-1.5,-2.344,1.001,0.997,-0.027,4070,14.51,12.157,0,,,,,97,,,,,,,,
2026-10-01T11:54:28.054,405.184,0,795.75,37,,97.031,21.569,-1.0,-2.344,1.001,0.997,-0.027,4060,14.51,12.157,0,,,,,,31,,,,,,,
2026-10-01T11:54:28.184,405.314,0,798.5,37,,97.062,21.569,-0.5,-2.344,1.001,0.997,-0.027,4050,14.51,12.157,0,,,,,,,100.0,,,,,,
2026-10-01T11:54:28.315,405.445,0,793.5,37,,97.094,21.569,-1.5,-2.344,1.001,0.997,-0.027,4080,14.51,12.157,0,,,,,,,,402.2,,,,,
2026-10-01T11:54:28.444,405.574,0,794.75,36,,97.062,21.569,-1.0,-2.344,1.001,0.998,-0.023,4050,14.51,12.157,0,,,,,,,,,0.74,,,,
2026-10-01T11:54:28.574,405.704,0,795.0,36,,97.0,21.569,-1.5,-2.344,1.001,0.999,-0.023,4070,14.51,12.157,0,,,,,,,,,,,0.781,,
2026-10-01T11:54:28.704,405.834,0,796.25,37,,97.031,21.569,-2.0,-2.344,1.001,1.0,-0.02,4060,14.51,12.157,0,,,,,,,,,,,,21.961,
2026-10-01T11:54:28.834,405.964,0,799.5,37,,97.062,21.176,-1.0,-2.344,1.001,1.004,-0.016,4060,14.51,12.157,0,,,,,,,,,,,,,438
2026-10-01T11:54:28.964,406.094,0,796.5,37,,97.062,21.569,-1.0,-2.344,1.001,1.006,-0.016,4040,14.51,12.157,0,104,,,,,,,,,,,,
2026-10-01T11:54:29.094,406.224,0,792.75,37,,97.0,21.569,-1.5,-2.344,1.001,1.005,-0.016,4060,14.51,12.157,0,,74,,,,,,,,,,,
2026-10-01T11:54:29.224,406.354,0,795.0,37,,97.094,21.569,-1.5,-1.562,1.001,1.007,-0.012,4090,14.51,12.157,0,,,12.5,,,,,,,,,,
2026-10-01T11:54:29.354,406.484,0,796.75,37,,97.094,21.569,-1.0,-1.562,1.001,1.01,-0.012,4090,14.51,12.157,0,,,,12.714,,,,,,,,,
2026-10-01T11:54:29.485,406.615,0,790.75,36,,97.094,21.569,-0.5,-1.562,1.001,1.01,-0.012,4090,14.51,12.157,0,,,,,97,,,,,,,,
2026-10-01T11:54:29.615,406.745,0,797.75,37,,97.125,21.569,-0.5,-1.562,1.001,1.007,-0.012,4080,14.51,12.157,0,,,,,,31,,,,,,,
2026-10-01T11:54:29.744,406.874,0,797.0,37,,97.062,21.569,-0.5,-1.562,1.001,1.01,-0.012,4110,14.51,12.157,0,,,,,,,100.0,,,,,,
2026-10-01T11:54:29.874,407.004,0,790.0,37,,97.0,21.961,-1.0,-1.562,1.001,1.013,-0.008,4120,14.51,12.157,0,,,,,,,,402.4,,,,,
2026-10-01T11:54:30.004,407.134,0,794.0,37,,97.062,21.569,-2.0,-1.562,1.001,1.011,-0.008,4140,14.51,12.157,0,,,,,,,,,0.74,,,,
2026-10-01T11:54:30.134,407.264,0,798.25,36,,97.062,21.569,-2.0,-1.562,1.001,1.008,-0.012,4160,14.51,12.157,0,,,,,,,,,,,0.781,,
2026-10-01T11:54:30.264,407.394,0,797.0,37,,97.094,21.569,-2.5,-1.562,1.001,1.007,-0.012,4170,14.51,12.157,0,,,,,,,,,,,,22.353,
2026-10-01T11:54:30.394,407.524,0,801.0,36,,97.094,21.569,-2.0,-1.562,1.001,1.009,-0.012,4160,14.51,12.157,0,,,,,,,,,,,,,440
2026-10-01T11:54:30.524,407.654,0,799.5,37,,97.094,21.569,-2.0,-1.562,1.001,1.008,-0.012,4130,14.51,12.157,0,104,,,,,,,,,,,,
2026-10-01T11:54:30.654,407.784,0,794.25,37,,97.0,21.569,-2.5,-1.562,1.001,1.006,-0.016,4130,14.51,12.157,0,,74,,,,,,,,,,,
2026-10-01T11:54:30.784,407.914,0,795.5,37,,97.062,21.961,-1.0,-1.562,1.001,1.006,-0.016,4110,14.51,12.157,0,,,11.719,,,,,,,,,,
2026-10-01T11:54:30.915,408.045,0,794.0,37,,97.0,21.569,-1.5,-0.781,1.001,1.009,-0.012,4140,14.51,12.157,0,,,,12.656,,,,,,,,,
2026-10-01T11:54:31.044,408.174,0,790.0,36,,97.062,21.569,-0.5,-0.781,1.001,1.01,-0.012,4120,14.51,12.157,0,,,,,97,,,,,,,,
2026-10-01T11:54:31.174,408.304,0,797.5,36,,97.094,21.569,-1.0,-0.781,1.001,1.007,-0.012,4130,14.51,12.157,0,,,,,,31,,,,,,,
2026-10-01T11:54:31.304,408.434,0,798.5,36,,97.125,21.569,-1.5,-0.781,1.001,1.004,-0.016,4100,14.51,12.157,0,,,,,,,100.0,,,,,,
2026-10-01T11:54:31.434,408.564,0,795.75,36,,97.094,21.569,-1.0,-0.781,1.001,1.003,-0.016,4080,14.51,12.157,0,,,,,,,,402.6,,,,,
2026-10-01T11:54:31.564,408.694,0,796.25,37,,97.094,21.569,-1.0,-0.781,1.001,1.002,-0.02,4080,14.51,12.157,0,,,,,,,,,0.74,,,,
2026-10-01T11:54:31.694,408.824,0,793.75,36,,97.094,21.569,-1.5,-0.781,1.001,1.004,-0.016,4080,14.51,12.157,0,,,,,,,,,,,0.781,,
2026-10-01T11:54:31.824,408.954,0,798.75,36,,97.125,21.569,-1.5,-0.781,1.001,1.003,-0.016,4070,14.51,12.157,0,,,,,,,,,,,,22.353,
2026-10-01T11:54:31.954,409.084,0,798.0,36,,97.094,21.569,-1.0,-0.781,1.001,1.005,-0.016,4070,14.51,12.157,0,,,,,,,,,,,,,441
2026-10-01T11:54:32.085,409.215,0,795.5,36,,97.125,21.569,-1.0,-0.781,1.001,1.006,-0.016,4070,14.51,12.157,0,104,,,,,,,,,,,,
2026-10-01T11:54:32.214,409.344,0,797.25,37,,97.094,21.569,-1.5,-0.781,1.001,1.007,-0.012,4080,14.51,12.157,0,,74,,,,,,,,,,,
2026-10-01T11:54:32.344,409.474,0,794.75,37,,97.062,21.569,-2.5,-0.781,1.001,1.005,-0.016,4090,14.51,12.157,0,,,12.5,,,,,,,,,,
2026-10-01T11:54:32.474,409.604,0,797.5,36,,97.125,21.569,-2.5,-0.781,1.001,1.005,-0.016,4070,14.51,12.157,0,,,,12.597,,,,,,,,,
2026-10-01T11:54:32.604,409.734,0,796.5,37,,97.0,21.569,-1.0,-0.781,1.001,1.006,-0.016,4090,14.51,12.157,0,,,,,97,,,,,,,,
2026-10-01T11:54:32.734,409.864,0,797.0,36,,97.062,21.569,-1.5,-0.781,1.001,1.004,-0.016,4070,14.51,12.157,0,,,,,,31,,,,,,,
2026-10-01T11:54:32.864,409.994,0,796.5,37,,97.094,21.569,-1.0,-0.781,1.001,1.003,-0.016,4070,14.51,12.157,0,,,,,,,100.0,,,,,,
2026-10-01T11:54:32.994,410.124,0,798.75,36,,97.094,21.569,-1.5,-0.781,1.001,1.002,-0.02,4050,14.51,12.157,0,,,,,,,,402.8,,,,,
2026-10-01T11:54:33.124,410.254,0,794.25,36,,97.0,21.569,-2.5,-0.781,1.001,1.007,-0.012,4070,14.51,12.157,0,,,,,,,,,0.74,,,,
2026-10-01T11:54:33.254,410.384,0,796.5,36,,97.0,21.569,-1.5,-0.781,1.001,1.009,-0.012,4060,14.51,12.157,0,,,,,,,,,,,0.781,,
2026-10-01T11:54:33.384,410.514,0,797.5,37,,97.062,21.569,-1.0,-0.781,1.001,1.005,-0.016,4050,14.51,12.157,0,,,,,,,,,,,,22.353,
2026-10-01T11:54:33.515,410.645,0,791.25,37,,97.094,21.569,-1.5,-0.781,1.001,1.005,-0.016,4080,14.51,12.157,0,,,,,,,,,,,,,443
2026-10-01T11:54:33.644,410.774,0,796.5,36,,97.094,21.569,-1.0,0.0,1.001,1.006,-0.016,4050,14.51,12.157,0,104,,,,,,,,,,,,
2026-10-01T11:54:33.774,410.904,0,793.75,36,,97.031,21.569,-1.5,0.0,1.001,1.005,-0.016,4060,14.51,12.157,0,,74,,,,,,,,,,,
2026-10-01T11:54:33.904,411.034,0,796.0,36,,97.094,21.569,-1.0,0.0,1.001,1.003,-0.016,4040,14.51,12.157,0,,,11.719,,,,,,,,,,
2026-10-01T11:54:34.034,411.164,0,795.25,36,,97.062,21.176,-1.0,0.0,1.001,1.003,-0.016,4060,14.51,12.157,0,,,,12.734,,,,,,,,,
2026-10-01T11:54:34.164,411.294,0,797.25,37,,97.062,21.569,-1.5,0.0,1.001,1.005,-0.016,4070,14.51,12.157,0,,,,,97,,,,,,,,
2026-10-01T11:54:34.294,411.424,0,796.25,36,,97.062,21.569,-2.5,0.0,1.001,1.005,-0.016,4070,14.51,12.157,0,,,,,,31,,,,,,,
2026-10-01T11:54:34.424,411.554,0,795.0,37,,97.125,21.569,-1.5,0.0,1.001,1.005,-0.016,4050,14.51,12.157,0,,,,,,,100.0,,,,,,
2026-10-01T11:54:34.554,411.684,0,798.25,36,,97.125,21.569,-1.5,0.0,1.001,1.003,-0.016,4050,14.51,12.157,0,,,,,,,,403.0,,,,,
2026-10-01T11:54:34.684,411.814,0,795.0,37,,97.094,21.569,-1.0,0.0,1.001,1.002,-0.02,4060,14.51,12.157,0,,,,,,,,,0.74,,,,
2026-10-01T11:54:34.814,411.944,0,797.25,37,,97.062,21.569,-2.0,0.0,1.001,1.003,-0.016,4060,14.51,12.157,0,,,,,,,,,,,0.781,,
2026-10-01T11:54:34.945,412.075,0,798.75,37,,97.062,21.569,-1.5,0.0,1.001,1.005,-0.016,4050,14.51,12.157,0,,,,,,,,,,,,22.353,
2026-10-01T11:54:35.074,412.204,0,801.25,36,,97.031,21.569,-1.0,0.0,1.001,1.002,-0.02,4050,14.51,12.157,0,,,,,,,,,,,,,444
2026-10-01T11:54:35.204,412.334,0,799.25,37,,97.062,21.569,-2.5,0.0,1.001,1.003,-0.016,4070,14.51,12.157,0,104,,,,,,,,,,,,
2026-10-01T11:54:35.334,412.464,0,796.75,36,,97.094,21.569,-2.5,0.0,1.001,1.005,-0.016,4050,14.51,12.157,0,,74,,,,,,,,,,,
2026-10-01T11:54:35.464,412.594,0,797.25,37,,97.094,21.569,-1.0,0.0,1.001,1.003,-0.016,4060,14.51,12.157,0,,,12.5,,,,,,,,,,
2026-10-01T11:54:35.594,412.724,0,797.0,37,,97.094,21.569,-2.0,0.0,1.001,1.005,-0.016,4070,14.51,12.157,0,,,,12.675,,,,,,,,,
2026-10-01T11:54:35.724,412.854,0,800.5,37,,97.125,21.569,-1.0,0.0,1.001,1.002,-0.02,4070,14.51,12.157,0,,,,,97,,,,,,,,
2026-10-01T11:54:35.854,412.984,0,802.25,37,,97.156,21.569,-2.5,0.0,1.001,0.999,-0.02,4080,14.51,12.157,0,,,,,,31,,,,,,,
2026-10-01T11:54:35.984,413.114,0,798.0,37,,97.156,21.569,-2.5,0.0,1.001,0.998,-0.023,4080,14.51,12.157,0,,,,,,,100.0,,,,,,
2026-10-01T11:54:36.114,413.244,0,803.75,37,,97.125,21.569,-2.0,0.0,1.001,0.997,-0.027,4100,14.51,12.549,0,,,,,,,,403.1,,,,,
2026-10-01T11:54:36.244,413.374,0,798.5,36,,97.094,21.569,-2.5,0.0,1.001,0.997,-0.027,4110,14.51,12.157,0,,,,,,,,,0.74,,,,
2026-10-01T11:54:36.375,413.505,0,800.5,37,,97.094,21.569,-2.5,0.0,1.001,0.997,-0.027,4110,14.51,12.157,0,,,,,,,,,,,0.781,,
2026-10-01T11:54:36.504,413.634,0,794.5,37,,97.094,21.569,-2.5,0.0,1.001,0.999,-0.023,4120,14.51,12.157,0,,,,,,,,,,,,22.353,
2026-10-01T11:54:36.635,413.765,0,799.5,37,,97.156,21.569,-2.0,0.0,1.001,0.998,-0.023,4110,14.51,12.157,0,,,,,,,,,,,,,446
2026-10-01T11:54:36.764,413.894,0,797.5,37,,97.156,21.569,-1.5,0.0,1.001,0.998,-0.023,4100,14.51,12.157,0,104,,,,,,,,,,,,
2026-10-01T11:54:36.894,414.024,0,797.25,37,,97.094,21.569,-2.0,0.0,1.001,0.998,-0.023,4100,14.51,12.157,0,,74,,,,,,,,,,,
2026-10-01T11:54:37.024,414.154,0,795.75,36,,97.125,21.569,-1.5,0.0,1.001,0.998,-0.023,4120,14.51,12.157,0,,,12.5,,,,,,,,,,
2026-10-01T11:54:37.154,414.284,0,794.75,36,,97.156,21.569,-2.0,0.0,1.001,0.997,-0.027,4090,14.51,12.157,0,,,,12.734,,,,,,,,,
2026-10-01T11:54:37.284,414.414,0,797.0,37,,97.094,21.569,-2.0,-0.781,1.001,0.996,-0.031,4120,14.51,12.157,0,,,,,97,,,,,,,,
2026-10-01T11:54:37.414,414.544,0,799.25,36,,97.0,21.569,-1.5,0.0,1.001,0.997,-0.027,4090,14.51,12.157,0,,,,,,31,,,,,,,
2026-10-01T11:54:37.544,414.674,0,799.25,36,,97.031,21.569,-2.5,-0.781,1.001,0.996,-0.031,4110,14.51,12.157,0,,,,,,,100.0,,,,,,
2026-10-01T11:54:37.674,414.804,0,796.25,36,,97.062,21.569,-2.0,-0.781,1.001,0.996,-0.027,4120,14.51,12.157,0,,,,,,,,403.3,,,,,
2026-10-01T11:54:37.804,414.934,0,797.0,36,,97.031,21.176,-1.0,-0.781,1.001,0.995,-0.031,4120,14.51,12.157,0,,,,,,,,,0.74,,,,
2026-10-01T11:54:37.934,415.064,0,799.25,36,,97.062,21.569,-2.5,-0.781,1.001,0.996,-0.031,4110,14.51,12.157,0,,,,,,,,,,,0.781,,
2026-10-01T11:54:38.065,415.195,0,796.75,36,,97.094,21.176,-2.5,-0.781,1.001,0.998,-0.027,4070,14.51,12.157,0,,,,,,,,,,,,21.961,
2026-10-01T11:54:38.194,415.324,0,794.75,36,,97.0,21.569,-1.5,-0.781,1.001,0.997,-0.027,4080,14.51,12.157,0,,,,,,,,,,,,,448
2026-10-01T11:54:38.324,415.454,0,791.0,36,,97.062,21.569,-1.5,-0.781,1.001,0.999,-0.023,4070,14.51,12.157,0,104,,,,,,,,,,,,
2026-10-01T11:54:38.454,415.584,0,797.75,36,,97.062,21.176,-1.5,-0.781,1.001,0.999,-0.023,4040,14.51,12.157,0,,74,,,,,,,,,,,
2026-10-01T11:54:38.584,415.714,0,801.25,36,,97.031,21.569,0.0,-0.781,1.001,1.0,-0.02,4040,14.51,12.157,0,,,11.719,,,,,,,,,,
2026-10-01T11:54:38.714,415.844,0,792.5,36,,97.0,21.176,-1.5,0.0,1.001,1.002,-0.02,4050,14.51,12.157,0,,,,12.695,,,,,,,,,
2026-10-01T11:54:38.844,415.974,0,792.0,36,,97.156,21.569,-1.5,0.0,1.001,1.0,-0.02,4050,14.51,12.157,0,,,,,97,,,,,,,,
2026-10-01T11:54:38.974,416.104,0,793.25,36,,97.094,21.569,-1.0,0.0,1.001,1.003,-0.016,4060,14.51,12.157,0,,,,,,31,,,,,,,
2026-10-01T11:54:39.104,416.234,0,797.75,36,,97.094,21.569,-1.0,0.0,1.001,1.0,-0.02,4060,14.51,12.157,0,,,,,,,100.0,,,,,,
2026-10-01T11:54:39.235,416.365,0,792.5,36,,97.125,21.569,-2.5,0.0,1.001,1.0,-0.02,4060,14.51,12.157,0,,,,,,,,403.5,,,,,
2026-10-01T11:54:39.364,416.494,0,797.5,36,,97.031,21.569,-2.5,0.0,1.001,1.002,-0.02,4030,14.51,12.157,0,,,,,,,,,0.735,,,,
2026-10-01T11:54:39.494,416.624,0,800.0,36,,97.0,21.569,-2.0,0.0,1.001,1.005,-0.016,4050,14.51,12.157,0,,,,,,,,,,,0.781,,
2026-10-01T11:54:39.624,416.754,0,804.0,36,,97.062,21.569,-2.0,0.0,1.001,1.005,-0.016,4040,14.51,12.157,0,,,,,,,,,,,,22.353,
2026-10-01T11:54:39.754,416.884,0,799.0,36,,96.969,21.569,-1.5,0.0,1.001,1.003,-0.016,4030,14.51,12.157,0,,,,,,,,,,,,,449
2026-10-01T11:54:39.884,417.014,0,794.0,36,,97.062,21.569,-1.0,0.0,1.001,1.005,-0.016,4040,14.51,12.157,0,104,,,,,,,,,,,,
2026-10-01T11:54:40.014,417.144,0,794.5,36,,97.031,21.569,-0.5,0.0,1.001,1.006,-0.016,4020,14.51,12.157,0,,74,,,,,,,,,,,
2026-10-01T11:54:40.144,417.274,0,796.0,37,,97.094,21.569,-1.0,0.0,1.001,1.008,-0.012,4060,14.51,12.157,0,,,12.5,,,,,,,,,,
2026-10-01T11:54:40.274,417.404,0,792.5,37,,97.062,21.569,-1.5,0.0,1.001,1.008,-0.012,4060,14.51,12.157,0,,,,12.695,,,,,,,,,
2026-10-01T11:54:40.404,417.534,0,799.25,36,,97.062,21.569,-1.0,0.0,1.001,1.005,-0.016,4090,14.51,12.157,0,,,,,97,,,,,,,,
2026-10-01T11:54:40.534,417.664,0,800.0,36,,97.062,21.569,-2.0,0.0,1.001,1.005,-0.016,4110,14.51,12.157,0,,,,,,31,,,,,,,
2026-10-01T11:54:40.665,417.795,0,793.5,36,,97.094,21.176,-1.5,0.0,1.001,1.005,-0.016,4100,14.51,12.157,0,,,,,,,100.0,,,,,,
2026-10-01T11:54:40.794,417.924,0,793.25,36,,97.156,21.569,-2.0,0.0,1.001,1.002,-0.02,4090,14.51,12.157,0,,,,,,,,403.7,,,,,
2026-10-01T11:54:40.924,418.054,0,799.5,36,,97.125,21.569,-1.0,0.0,1.001,1.002,-0.02,4050,14.51,12.157,0,,,,,,,,,0.735,,,,
2026-10-01T11:54:41.054,418.184,0,795.5,36,,97.125,21.176,-1.0,0.0,1.001,1.001,-0.02,4010,14.51,12.157,0,,,,,,,,,,,0.781,,
2026-10-01T11:54:41.184,418.314,0,797.0,36,,97.062,21.569,-1.0,0.0,1.001,1.005,-0.016,4020,14.51,12.157,0,,,,,,,,,,,,21.961,
2026-10-01T11:54:41.314,418.444,0,796.0,36,,97.094,21.176,-1.0,0.0,1.001,1.007,-0.012,4010,14.51,12.157,0,,,,,,,,,,,,,451
2026-10-01T11:54:41.444,418.574,0,793.0,36,,97.062,21.569,-1.5,0.0,1.001,1.009,-0.012,4000,14.51,12.157,0,104,,,,,,,,,,,,
2026-10-01T11:54:41.574,418.704,0,799.0,36,,97.094,21.176,-1.5,0.0,1.001,1.009,-0.012,4000,14.51,12.157,0,,74,,,,,,,,,,,
2026-10-01T11:54:41.704,418.834,0,795.25,36,,97.0,21.569,-1.0,0.0,1.001,1.007,-0.012,4010,14.51,12.157,0,,,11.719,,,,,,,,,,
2026-10-01T11:54:41.835,418.965,0,794.5,36,,97.031,21.569,-2.0,0.0,1.001,1.008,-0.012,4020,14.51,12.157,0,,,,12.695,,,,,,,,,
2026-10-01T11:54:41.964,419.094,0,800.0,36,,97.062,21.569,-2.0,0.0,1.001,1.008,-0.012,4020,14.51,12.157,0,,,,,97,,,,,,,,
2026-10-01T11:54:42.094,419.224,0,798.75,36,,97.031,21.569,-2.0,0.0,1.001,1.006,-0.016,4010,14.51,12.157,0,,,,,,31,,,,,,,
2026-10-01T11:54:42.224,419.354,0,799.25,37,,97.031,21.569,-1.0,0.0,1.001,1.004,-0.016,4030,14.51,12.157,0,,,,,,,100.0,,,,,,
2026-10-01T11:54:42.354,419.484,0,801.0,36,,97.031,21.569,-1.0,0.0,1.001,1.009,-0.012,4050,14.51,12.157,0,,,,,,,,403.9,,,,,
2026-10-01T11:54:42.484,419.614,0,792.0,37,,97.062,21.569,-1.0,0.0,1.001,1.009,-0.012,4080,14.51,12.157,0,,,,,,,,,0.74,,,,
2026-10-01T11:54:42.614,419.744,0,794.25,37,,97.062,21.569,-2.5,0.0,1.001,1.01,-0.012,4090,14.51,12.157,0,,,,,,,,,,,0.781,,
2026-10-01T11:54:42.744,419.874,0,797.75,37,,97.0,21.569,-1.5,0.0,1.001,1.009,-0.012,4080,14.51,12.157,0,,,,,,,,,,,,22.353,
2026-10-01T11:54:42.874,420.004,0,793.75,37,,97.094,21.569,-1.0,0.0,1.001,1.007,-0.012,4070,14.51,12.157,0,,,,,,,,,,,,,452
2026-10-01T11:54:43.004,420.134,0,798.0,37,,97.094,21.569,-0.5,0.0,1.001,1.003,-0.016,4080,14.51,12.157,0,104,,,,,,,,,,,,
2026-10-01T11:54:43.134,420.264,0,794.75,37,,97.062,21.569,-2.0,0.0,1.001,1.004,-0.016,4080,14.51,12.157,0,,74,,,,,,,,,,,
2026-10-01T11:54:43.265,420.395,0,797.75,37,,97.062,21.569,-1.0,0.0,1.001,1.005,-0.016,4060,14.51,12.157,0,,,11.719,,,,,,,,,,
2026-10-01T11:54:43.394,420.524,0,799.75,37,,97.094,21.569,-1.0,0.781,1.001,1.004,-0.016,4080,14.51,12.157,0,,,,12.617,,,,,,,,,
2026-10-01T11:54:43.524,420.654,0,795.25,36,,97.094,21.569,-2.5,0.781,1.001,1.005,-0.016,4080,14.51,12.157,0,,,,,97,,,,,,,,
2026-10-01T11:54:43.654,420.784,0,797.75,36,,97.094,21.176,-2.5,0.0,1.001,1.004,-0.016,4090,14.51,12.157,0,,,,,,31,,,,,,,
2026-10-01T11:54:43.784,420.914,0,801.0,36,,97.125,21.569,-2.0,0.0,1.001,1.003,-0.016,4080,14.51,12.157,0,,,,,,,100.0,,,,,,
2026-10-01T11:54:43.914,421.044,0,802.0,36,,97.094,21.176,-2.5,0.781,1.001,1.004,-0.016,4090,14.51,12.157,0,,,,,,,,404.0,,,,,
2026-10-01T11:54:44.044,421.174,0,796.25,36,,97.062,21.569,-2.5,0.0,1.001,1.001,-0.02,4100,14.51,12.157,0,,,,,,,,,0.735,,,,
2026-10-01T11:54:44.174,421.304,0,801.25,36,,97.156,21.176,-2.0,0.781,1.001,1.003,-0.016,4100,14.51,12.157,0,,,,,,,,,,,0.781,,
2026-10-01T11:54:44.304,421.434,0,801.75,36,,97.125,21.569,-1.0,0.781,1.001,1.0,-0.02,4110,14.51,12.157,0,,,,,,,,,,,,22.353,
2026-10-01T11:54:44.434,421.564,0,801.0,36,,97.125,21.569,-2.5,0.781,1.001,1.003,-0.016,4080,14.51,12.157,0,,,,,,,,,,,,,454
2026-10-01T11:54:44.564,421.694,0,796.5,36,,97.125,21.569,-3.0,0.781,1.001,1.002,-0.02,4090,14.51,12.157,0,104,,,,,,,,,,,,
2026-10-01T11:54:44.694,421.824,0,796.25,36,,97.062,21.569,-3.0,0.781,1.001,1.003,-0.016,4070,14.51,12.157,0,,74,,,,,,,,,,,
2026-10-01T11:54:44.824,421.954,0,800.25,36,,97.125,21.176,-2.5,0.781,1.001,1.002,-0.02,4060,14.51,12.157,0,,,11.719,,,,,,,,,,
2026-10-01T11:54:44.955,422.085,0,798.25,36,,97.062,21.569,-2.5,0.0,1.001,0.999,-0.023,4050,14.51,12.157,0,,,,12.675,,,,,,,,,
2026-10-01T11:54:45.084,422.214,0,794.75,36,,97.062,21.569,-2.0,0.0,1.001,0.998,-0.023,4030,14.51,12.157,0,,,,,97,,,,,,,,
2026-10-01T11:54:45.214,422.344,0,798.75,36,,97.062,21.569,-1.5,0.0,1.001,0.998,-0.027,4040,14.51,12.157,0,,,,,,31,,,,,,,
2026-10-01T11:54:45.344,422.474,0,797.25,36,,97.062,21.569,-2.5,0.0,1.001,0.999,-0.023,4040,14.51,12.157,0,,,,,,,100.0,,,,,,
2026-10-01T11:54:45.474,422.604,0,797.25,36,,97.094,21.569,-2.5,0.0,1.001,0.999,-0.023,4040,14.51,12.157,0,,,,,,,,404.2,,,,,
2026-10-01T11:54:45.604,422.734,0,798.5,36,,97.125,21.569,-2.0,0.0,1.001,0.999,-0.023,4050,14.51,12.157,0,,,,,,,,,0.735,,,,
2026-10-01T11:54:45.734,422.864,0,796.5,36,,97.125,21.176,-2.0,0.0,1.001,0.997,-0.027,4020,14.51,12.157,0,,,,,,,,,,,0.781,,
2026-10-01T11:54:45.864,422.994,0,799.75,36,,97.125,21.569,-1.0,0.0,1.001,0.996,-0.027,3980,14.51,12.157,0,,,,,,,,,,,,22.353,
2026-10-01T11:54:45.995,423.125,0,791.75,36,,97.094,21.176,-1.0,0.0,1.001,0.996,-0.027,3980,14.51,12.157,0,,,,,,,,,,,,,455
2026-10-01T11:54:46.125,423.255,0,796.25,36,,97.094,21.569,-1.0,0.0,1.001,0.996,-0.031,3970,14.51,12.157,0,104,,,,,,,,,,,,
2026-10-01T11:54:46.254,423.384,0,796.5,36,,97.062,21.569,-1.0,0.0,1.001,0.998,-0.023,3960,14.51,12.157,0,,75,,,,,,,,,,,
2026-10-01T11:54:46.384,423.514,0,797.25,36,,97.031,21.569,-1.0,0.0,1.001,0.999,-0.023,3970,14.51,12.157,0,,,11.719,,,,,,,,,,
2026-10-01T11:54:46.514,423.644,0,792.5,36,,97.094,21.569,-1.5,0.0,1.001,0.999,-0.02,3980,14.51,12.157,0,,,,12.597,,,,,,,,,
2026-10-01T11:54:46.644,423.774,0,795.75,36,,97.062,21.569,-0.5,0.781,1.001,1.003,-0.016,4000,14.51,12.157,0,,,,,97,,,,,,,,
2026-10-01T11:54:46.774,423.904,0,796.75,36,,97.062,21.176,-1.0,0.781,1.001,1.004,-0.016,3980,14.51,12.157,0,,,,,,31,,,,,,,
2026-10-01T11:54:46.904,424.034,0,793.0,36,,97.0,21.569,-1.0,0.781,1.001,1.005,-0.016,4000,14.51,12.157,0,,,,,,,100.0,,,,,,
2026-10-01T11:54:47.034,424.164,0,794.5,36,,97.062,21.569,-2.0,0.781,1.001,1.002,-0.02,3990,14.51,12.157,0,,,,,,,,404.4,,,,,
2026-10-01T11:54:47.164,424.294,0,802.75,36,,97.031,21.176,-2.0,0.781,1.001,1.004,-0.016,3990,14.51,12.157,0,,,,,,,,,0.735,,,,
2026-10-01T11:54:47.294,424.424,0,795.0,36,,96.969,21.569,-2.0,0.781,1.001,1.003,-0.016,3990,14.51,12.157,0,,,,,,,,,,,0.781,,
2026-10-01T11:54:47.424,424.554,0,797.75,36,,96.969,21.176,-2.5,0.781,1.001,1.005,-0.016,4000,14.51,12.157,0,,,,,,,,,,,,21.961,
2026-10-01T11:54:47.555,424.685,0,794.75,36,,97.0,21.176,-1.5,0.781,1.001,1.007,-0.012,3990,14.51,12.157,0,,,,,,,,,,,,,457
2026-10-01T11:54:47.684,424.814,0,796.75,36,,97.062,21.176,0.0,0.781,1.001,1.008,-0.012,3980,14.51,12.157,0,104,,,,,,,,,,,,
2026-10-01T11:54:47.814,424.944,0,794.75,36,,97.094,21.569,-1.0,0.781,1.001,1.007,-0.012,3980,14.51,12.157,0,,74,,,,,,,,,,,
2026-10-01T11:54:47.944,425.074,0,796.5,36,,97.156,21.569,-1.0,0.781,1.001,1.007,-0.012,3980,14.51,12.549,0,,,11.719,,,,,,,,,,
2026-10-01T11:54:48.074,425.204,0,803.0,36,,97.0,22.353,-4.0,0.781,1.001,1.005,-0.016,4060,14.51,12.157,0,,,,12.714,,,,,,,,,
2026-10-01T11:54:48.204,425.334,0,799.5,37,,97.125,21.961,-3.5,0.781,1.001,1.007,-0.012,4220,14.51,12.157,0,,,,,97,,,,,,,,
2026-10-01T11:54:48.334,425.464,0,802.5,37,,97.031,21.961,-3.5,0.781,1.001,1.01,-0.012,4270,14.51,12.157,0,,,,,,31,,,,,,,
2026-10-01T11:54:48.464,425.594,0,806.0,37,,97.0,21.569,-4.0,1.562,1.001,1.01,-0.012,4300,14.51,12.157,0,,,,,,,100.0,,,,,,
2026-10-01T11:54:48.594,425.724,0,804.25,36,,97.031,21.176,-3.0,0.781,1.001,1.002,-0.02,4250,14.51,12.157,0,,,,,,,,404.6,,,,,
2026-10-01T11:54:48.724,425.854,0,799.25,36,,97.062,21.569,-2.5,0.781,1.001,0.997,-0.027,4160,14.51,12.157,0,,,,,,,,,0.735,,,,
2026-10-01T11:54:48.854,425.984,0,792.75,36,,97.094,21.569,-1.5,0.781,1.001,0.993,-0.039,4110,14.51,12.157,0,,,,,,,,,,,0.781,,
2026-10-01T11:54:48.984,426.114,0,797.25,36,,97.031,21.569,-0.5,0.781,1.001,0.994,-0.035,4050,14.51,12.157,0,,,,,,,,,,,,22.353,
2026-10-01T11:54:49.114,426.244,0,796.25,36,,97.062,21.569,0.0,0.781,1.001,0.997,-0.027,4010,14.51,12.157,0,,,,,,,,,,,,,458
2026-10-01T11:54:49.244,426.374,0,790.5,36,,97.094,21.176,-1.5,0.781,1.001,0.999,-0.023,4010,14.51,12.157,0,104,,,,,,,,,,,,
2026-10-01T11:54:49.374,426.504,0,791.75,36,,97.062,21.569,-0.5,0.781,1.001,1.001,-0.02,3990,14.51,12.157,0,,75,,,,,,,,,,,
2026-10-01T11:54:49.504,426.634,0,792.5,36,,97.125,21.176,0.5,0.781,1.001,1.003,-0.016,3990,14.51,12.549,0,,,11.719,,,,,,,,,,
2026-10-01T11:54:49.634,426.764,0,795.25,36,,97.094,21.569,-1.0,0.781,1.001,1.005,-0.016,3990,14.51,12.157,0,,,,12.675,,,,,,,,,
2026-10-01T11:54:49.764,426.894,0,800.75,37,,97.0,21.569,-1.5,0.781,1.001,1.006,-0.016,4060,14.51,12.157,0,,,,,97,,,,,,,,
2026-10-01T11:54:49.894,427.024,0,796.5,37,,97.031,21.569,-1.0,1.562,1.001,1.007,-0.012,4080,14.51,12.157,0,,,,,,31,,,,,,,
2026-10-01T11:54:50.024,427.154,0,792.75,37,,97.062,21.569,-2.5,1.562,1.001,1.004,-0.016,4080,14.51,12.157,0,,,,,,,100.0,,,,,,
2026-10-01T11:54:50.155,427.285,0,794.5,37,,97.125,21.569,-2.5,0.781,1.001,1.002,-0.02,4080,14.51,12.157,0,,,,,,,,404.8,,,,,
2026-10-01T11:54:50.284,427.414,0,792.5,36,,97.094,21.176,-1.5,1.562,1.001,1.005,-0.016,4080,14.51,12.157,0,,,,,,,,,0.735,,,,
2026-10-01T11:54:50.415,427.545,0,797.0,37,,97.062,21.569,-0.5,1.562,1.001,1.004,-0.016,4080,14.51,12.157,0,,,,,,,,,,,0.781,,
2026-10-01T11:54:50.544,427.674,0,797.75,36,,97.062,21.569,-2.0,0.781,1.001,1.001,-0.02,4040,14.51,12.157,0,,,,,,,,,,,,21.961,
2026-10-01T11:54:50.674,427.804,0,794.25,36,,97.0,21.569,-2.0,0.781,1.001,0.999,-0.02,4050,14.51,12.157,0,,,,,,,,,,,,,460
2026-10-01T11:54:50.804,427.934,0,793.25,36,,96.969,21.569,-1.0,0.781,1.001,0.999,-0.023,4010,14.51,12.157,0,104,,,,,,,,,,,,
2026-10-01T11:54:50.934,428.064,0,797.25,36,,97.031,21.176,-1.5,1.562,1.001,1.001,-0.02,4000,14.51,12.157,0,,74,,,,,,,,,,,
2026-10-01T11:54:51.064,428.194,0,799.75,36,,97.062,21.569,-1.0,1.562,1.001,1.002,-0.02,4010,14.51,12.157,0,,,11.719,,,,,,,,,,
2026-10-01T11:54:51.194,428.324,0,799.0,36,,97.094,21.176,-1.5,1.562,1.001,1.003,-0.016,4010,14.51,12.157,0,,,,12.714,,,,,,,,,
2026-10-01T11:54:51.324,428.454,0,800.75,36,,97.0,21.569,-2.5,1.562,1.001,1.004,-0.016,4010,14.51,12.157,0,,,,,97,,,,,,,,
2026-10-01T11:54:51.455,428.585,0,793.5,36,,97.094,21.569,-2.5,1.562,1.001,1.005,-0.016,3980,14.51,12.157,0,,,,,,31,,,,,,,
2026-10-01T11:54:51.585,428.715,0,792.25,36,,97.0,21.569,-2.0,1.562,1.001,1.003,-0.016,3980,14.51,12.157,0,,,,,,,100.0,,,,,,
2026-10-01T11:54:51.714,428.844,0,795.5,36,,97.0,21.569,-1.5,1.562,1.001,1.004,-0.016,3980,14.51,12.157,0,,,,,,,,404.9,,,,,
2026-10-01T11:54:51.844,428.974,0,795.25,36,,96.969,21.176,-1.5,1.562,1.001,1.001,-0.02,3990,14.51,12.157,0,,,,,,,,,0.735,,,,
2026-10-01T11:54:51.974,429.104,0,794.5,36,,97.031,21.569,-1.0,1.562,1.001,1.002,-0.02,3980,14.51,12.157,0,,,,,,,,,,,0.781,,
2026-10-01T11:54:52.104,429.234,0,793.75,36,,97.062,21.176,-2.0,1.562,1.001,1.005,-0.016,4010,14.51,12.157,0,,,,,,,,,,,,22.353,
2026-10-01T11:54:52.234,429.364,0,796.0,36,,97.094,21.569,-2.0,1.562,1.001,1.006,-0.016,4000,14.51,12.157,0,,,,,,,,,,,,,462
2026-10-01T11:54:52.364,429.494,0,794.5,36,,97.156,21.176,-2.5,1.562,1.001,1.007,-0.012,4030,14.51,12.157,0,104,,,,,,,,,,,,
2026-10-01T11:54:52.494,429.624,0,797.0,36,,97.062,21.569,-2.0,1.562,1.001,1.005,-0.016,3980,14.51,12.157,0,,75,,,,,,,,,,,
2026-10-01T11:54:52.624,429.754,0,799.5,36,,97.094,21.569,-2.5,1.562,1.001,1.005,-0.016,4000,14.51,12.157,0,,,11.719,,,,,,,,,,
2026-10-01T11:54:52.754,429.884,0,795.25,36,,97.094,21.176,-2.5,1.562,1.001,1.002,-0.02,3990,14.51,12.157,0,,,,12.675,,,,,,,,,
2026-10-01T11:54:52.884,430.014,0,797.5,36,,97.094,21.569,-2.5,1.562,1.001,0.999,-0.02,4000,14.51,12.157,0,,,,,97,,,,,,,,
2026-10-01T11:54:53.015,430.145,0,797.75,36,,97.0,21.176,-2.5,1.562,1.001,0.998,-0.023,4020,14.51,12.157,0,,,,,,31,,,,,,,
2026-10-01T11:54:53.144,430.274,0,796.5,36,,97.094,21.569,-2.0,1.562,1.001,0.997,-0.027,3990,14.51,12.157,0,,,,,,,100.0,,,,,,
2026-10-01T11:54:53.274,430.404,0,792.5,36,,97.094,21.569,-1.5,1.562,1.001,0.998,-0.023,3980,14.51,12.157,0,,,,,,,,405.1,,,,,
2026-10-01T11:54:53.404,430.534,0,797.25,36,,97.062,21.569,-1.5,1.562,1.001,0.999,-0.023,3970,14.51,12.157,0,,,,,,,,,0.735,,,,
2026-10-01T11:54:53.534,430.664,0,797.25,36,,97.0,21.176,-1.0,1.562,1.001,0.999,-0.023,3980,14.51,12.157,0,,,,,,,,,,,0.781,,
2026-10-01T11:54:53.664,430.794,0,795.0,36,,97.0,21.569,-1.5,1.562,1.001,0.999,-0.023,3960,14.51,12.157,0,,,,,,,,,,,,22.353,
2026-10-01T11:54:53.794,430.924,0,799.0,36,,97.062,21.176,-2.0,1.562,1.001,1.001,-0.02,3980,14.51,12.157,0,,,,,,,,,,,,,463
2026-10-01T11:54:53.924,431.054,0,798.5,36,,97.062,21.569,-2.0,1.562,1.001,1.005,-0.016,3990,14.51,12.157,0,104,,,,,,,,,,,,
2026-10-01T11:54:54.055,431.185,0,793.5,36,,97.062,21.569,-2.5,1.562,1.001,1.001,-0.02,3990,14.51,12.157,0,,75,,,,,,,,,,,
2026-10-01T11:54:54.184,431.314,0,797.0,36,,97.062,21.569,-2.5,1.562,1.001,1.005,-0.016,3980,14.51,12.157,0,,,11.719,,,,,,,,,,
2026-10-01T11:54:54.324,431.454,0,800.0,36,,97.094,21.176,-2.5,1.562,1.001,1.002,-0.02,3980,14.51,12.157,0,,,,12.734,,,,,,,,,
2026-10-01T11:54:54.455,431.585,0,800.5,36,,97.094,21.176,-2.0,1.562,1.001,1.001,-0.02,3980,14.51,12.157,0,,,,,97,,,,,,,,
2026-10-01T11:54:54.584,431.714,0,799.5,36,,97.031,21.569,-1.0,1.562,1.001,1.002,-0.02,3960,14.51,12.157,0,,,,,,31,,,,,,,
2026-10-01T11:54:54.714,431.844,0,792.75,36,,97.0,21.176,-2.5,1.562,1.001,1.001,-0.02,3960,14.51,12.157,0,,,,,,,100.0,,,,,,
2026-10-01T11:54:54.844,431.974,0,792.75,36,,97.062,21.569,-1.5,1.562,1.001,1.001,-0.02,3950,14.51,12.157,0,,,,,,,,405.3,,,,,
2026-10-01T11:54:54.974,432.104,0,794.0,36,,97.062,21.176,-1.5,1.562,1.001,1.003,-0.016,3970,14.51,12.157,0,,,,,,,,,0.735,,,,
2026-10-01T11:54:55.104,432.234,0,792.0,36,,96.969,21.569,-0.5,1.562,1.001,1.005,-0.016,3970,14.51,12.157,0,,,,,,,,,,,0.781,,
2026-10-01T11:54:55.235,432.365,0,797.75,36,,97.0,21.569,-2.0,1.562,1.001,1.004,-0.016,3970,14.51,12.157,0,,,,,,,,,,,,21.961,
2026-10-01T11:54:55.364,432.494,0,795.25,36,,97.094,21.569,-1.5,1.562,1.001,1.003,-0.016,3950,14.51,12.157,0,,,,,,,,,,,,,465
2026-10-01T11:54:55.494,432.624,0,797.75,36,,97.062,21.569,-2.0,1.562,1.001,1.002,-0.02,3950,14.51,12.157,0,104,,,,,,,,,,,,
2026-10-01T11:54:55.624,432.754,0,800.0,36,,97.094,21.176,-2.5,1.562,1.001,1.002,-0.02,3970,14.51,12.157,0,,75,,,,,,,,,,,
2026-10-01T11:54:55.755,432.885,0,800.75,36,,97.0,21.569,-1.0,2.344,1.001,1.005,-0.016,3970,14.51,12.157,0,,,11.719,,,,,,,,,,
2026-10-01T11:54:55.884,433.014,0,792.5,36,,97.0,21.176,-1.0,2.344,1.001,1.005,-0.016,4000,14.51,12.157,0,,,,12.675,,,,,,,,,
2026-10-01T11:54:56.014,433.144,0,792.25,36,,97.0,21.569,-2.0,2.344,1.001,1.006,-0.016,3980,14.51,12.157,0,,,,,97,,,,,,,,
2026-10-01T11:54:56.144,433.274,0,798.5,36,,97.0,21.569,-2.0,2.344,1.001,1.003,-0.016,4010,14.51,12.157,0,,,,,,31,,,,,,,
2026-10-01T11:54:56.274,433.404,0,800.75,36,,97.0,21.569,-2.0,1.562,1.001,1.002,-0.02,4010,14.51,12.157,0,,,,,,,100.0,,,,,,
2026-10-01T11:54:56.404,433.534,0,801.5,36,,97.031,21.569,-3.0,2.344,1.001,1.002,-0.02,4010,14.51,12.157,0,,,,,,,,405.5,,,,,
2026-10-01T11:54:56.535,433.665,0,802.0,36,,97.094,21.176,-2.0,1.562,1.001,1.0,-0.02,4020,14.51,12.157,0,,,,,,,,,0.735,,,,
2026-10-01T11:54:56.665,433.795,0,802.75,36,,97.0,21.176,-2.0,1.562,1.001,1.0,-0.02,4000,14.51,12.157,0,,,,,,,,,,,0.781,,
2026-10-01T11:54:56.794,433.924,0,802.0,36,,97.0,21.176,-2.5,1.562,1.001,0.999,-0.023,4030,14.51,12.157,0,,,,,,,,,,,,21.961,
2026-10-01T11:54:56.924,434.054,0,797.25,36,,96.969,21.176,-2.5,1.562,1.001,0.999,-0.023,3990,14.51,12.157,0,,,,,,,,,,,,,466
2026-10-01T11:54:57.055,434.185,0,795.0,36,,97.094,21.176,-2.5,1.562,1.001,0.998,-0.023,3990,14.51,12.157,0,104,,,,,,,,,,,,
2026-10-01T11:54:57.184,434.314,0,800.5,36,,97.0,21.569,-2.0,1.562,1.001,0.998,-0.023,3980,14.51,12.157,0,,75,,,,,,,,,,,
2026-10-01T11:54:57.324,434.454,0,802.5,36,,96.969,21.176,-2.5,1.562,1.001,0.998,-0.023,3990,14.51,12.157,0,,,11.719,,,,,,,,,,
2026-10-01T11:54:57.455,434.585,0,797.75,36,,96.969,21.176,-2.0,1.562,1.001,0.998,-0.023,3980,14.51,12.157,0,,,,12.695,,,,,,,,,
2026-10-01T11:54:57.584,434.714,0,795.0,36,,97.0,21.176,-1.0,1.562,1.001,0.999,-0.023,3950,14.51,12.157,0,,,,,97,,,,,,,,
2026-10-01T11:54:57.715,434.845,0,797.5,36,,96.938,21.176,-2.0,1.562,1.001,0.998,-0.023,3970,14.51,12.157,0,,,,,,30,,,,,,,
2026-10-01T11:54:57.844,434.974,0,796.5,36,,97.0,21.569,-2.5,1.562,1.001,0.999,-0.023,3970,14.51,12.157,0,,,,,,,100.0,,,,,,
2026-10-01T11:54:57.974,435.104,0,797.5,36,,97.031,21.176,-0.5,1.562,1.001,0.999,-0.023,3970,14.51,12.157,0,,,,,,,,405.6,,,,,
2026-10-01T11:54:58.104,435.234,0,797.75,36,,97.031,21.569,-1.5,1.562,1.001,0.999,-0.02,3970,14.51,12.157,0,,,,,,,,,0.735,,,,
2026-10-01T11:54:58.235,435.365,0,797.0,36,,97.0,21.176,-2.5,1.562,1.001,0.999,-0.023,3970,14.51,12.157,0,,,,,,,,,,,0.781,,
2026-10-01T11:54:58.364,435.494,0,797.5,36,,97.062,21.569,-1.0,1.562,1.001,0.998,-0.023,3980,14.51,12.157,0,,,,,,,,,,,,22.353,
2026-10-01T11:54:58.495,435.625,0,791.75,36,,96.969,21.176,-2.0,1.562,1.001,0.998,-0.023,4000,14.51,12.157,0,,,,,,,,,,,,,468
2026-10-01T11:54:58.624,435.754,0,799.25,36,,97.031,21.176,-2.5,1.562,1.001,0.999,-0.023,4000,14.51,12.157,0,104,,,,,,,,,,,,
2026-10-01T11:54:58.755,435.885,0,802.25,36,,96.969,21.569,-2.5,1.562,1.001,0.999,-0.023,4000,14.51,12.157,0,,75,,,,,,,,,,,
2026-10-01T11:54:58.884,436.014,0,799.25,36,,97.0,21.176,-2.5,1.562,1.001,0.998,-0.023,4000,14.51,12.157,0,,,11.719,,,,,,,,,,
2026-10-01T11:54:59.014,436.144,0,797.5,36,,96.969,21.176,-2.0,1.562,1.001,0.998,-0.023,4000,14.51,12.157,0,,,,12.675,,,,,,,,,
2026-10-01T11:54:59.145,436.275,0,798.5,36,,97.0,21.176,-2.5,1.562,1.001,0.998,-0.027,3990,14.51,12.157,0,,,,,97,,,,,,,,
2026-10-01T11:54:59.275,436.405,0,798.0,36,,97.0,21.176,-2.0,1.562,1.001,0.998,-0.023,3980,14.51,12.157,0,,,,,,30,,,,,,,
2026-10-01T11:54:59.414,436.544,0,798.0,36,,97.062,21.176,-2.5,1.562,1.001,0.999,-0.023,3980,14.51,12.157,0,,,,,,,100.0,,,,,,
2026-10-01T11:54:59.544,436.674,0,800.25,36,,97.0,21.569,-2.0,1.562,1.001,0.997,-0.027,3980,14.51,12.157,0,,,,,,,,405.8,,,,,
2026-10-01T11:54:59.674,436.804,0,797.25,36,,97.0,21.176,-2.0,1.562,1.001,0.997,-0.027,4000,14.51,12.157,0,,,,,,,,,0.735,,,,
2026-10-01T11:54:59.804,436.934,0,799.5,36,,96.906,21.569,-2.5,1.562,1.001,0.995,-0.031,4000,14.51,12.157,0,,,,,,,,,,,0.781,,
2026-10-01T11:54:59.934,437.064,0,801.75,36,,96.938,21.569,-3.5,1.562,1.001,0.996,-0.031,4010,14.51,12.157,0,,,,,,,,,,,,21.961,
2026-10-01T11:55:00.064,437.194,0,804.5,36,,97.0,21.569,-3.0,1.562,1.001,0.996,-0.031,4020,14.51,12.157,0,,,,,,,,,,,,,469
2026-10-01T11:55:00.195,437.325,0,801.5,36,,96.969,21.176,-2.0,1.562,1.001,0.998,-0.023,4020,14.51,12.157,0,104,,,,,,,,,,,,
2026-10-01T11:55:00.324,437.454,0,801.25,36,,97.0,21.176,-2.5,1.562,1.001,0.998,-0.023,4010,14.51,12.157,0,,75,,,,,,,,,,,
2026-10-01T11:55:00.455,437.585,0,797.75,36,,97.031,21.569,-3.0,1.562,1.001,0.997,-0.027,3990,14.51,12.157,0,,,11.719,,,,,,,,,,
2026-10-01T11:55:00.584,437.714,0,796.25,36,,97.0,21.176,-2.0,1.562,1.001,0.998,-0.023,4000,14.51,12.157,0,,,,12.578,,,,,,,,,
2026-10-01T11:55:00.714,437.844,0,803.5,36,,96.969,21.569,-3.0,1.562,1.001,0.997,-0.027,3990,14.51,12.157,0,,,,,97,,,,,,,,
2026-10-01T11:55:00.844,437.974,0,800.75,36,,97.0,21.176,-2.5,1.562,1.001,0.997,-0.027,3990,14.51,12.157,0,,,,,,30,,,,,,,
2026-10-01T11:55:00.974,438.105,0,796.0,36,,96.969,21.569,-2.0,1.562,1.001,0.998,-0.027,3960,14.51,12.157,0,,,,,,,100.0,,,,,,
2026-10-01T11:55:01.104,438.234,0,793.0,36,,97.031,21.569,-1.5,1.562,1.001,0.999,-0.023,3970,14.51,12.157,0,,,,,,,,406.0,,,,,
2026-10-01T11:55:01.235,438.365,0,797.5,36,,97.0,21.176,-2.5,1.562,1.001,0.999,-0.023,3970,14.51,12.157,0,,,,,,,,,0.73,,,,
2026-10-01T11:55:01.364,438.494,0,796.75,36,,97.062,21.569,-2.5,1.562,1.001,0.997,-0.027,3960,14.51,12.157,0,,,,,,,,,,,0.781,,
2026-10-01T11:55:01.495,438.625,0,799.0,36,,97.094,21.176,-2.0,1.562,1.001,0.998,-0.023,3950,14.51,12.157,0,,,,,,,,,,,,22.353,
2026-10-01T11:55:01.624,438.754,0,799.75,36,,96.969,21.569,-2.5,1.562,1.001,0.997,-0.027,3930,14.51,12.157,0,,,,,,,,,,,,,471
2026-10-01T11:55:01.755,438.885,0,800.5,36,,97.062,21.176,-2.5,1.562,1.001,0.997,-0.027,3960,14.51,12.157,0,104,,,,,,,,,,,,
2026-10-01T11:55:01.885,439.015,0,802.25,36,,97.0,21.176,-2.5,1.562,1.001,0.998,-0.027,3960,14.51,12.157,0,,75,,,,,,,,,,,
2026-10-01T11:55:02.024,439.154,0,799.75,36,,97.0,21.176,-2.5,1.562,1.001,0.999,-0.023,3940,14.51,12.157,0,,,11.719,,,,,,,,,,
2026-10-01T11:55:02.156,439.286,0,794.5,36,,97.062,21.176,-2.0,1.562,1.001,0.999,-0.023,3920,14.51,12.157,0,,,,12.695,,,,,,,,,
2026-10-01T11:55:02.284,439.414,0,795.25,36,,97.062,21.569,-1.0,1.562,1.001,0.999,-0.023,3920,14.51,12.157,0,,,,,97,,,,,,,,
2026-10-01T11:55:02.415,439.545,0,798.0,36,,97.0,21.176,-1.0,1.562,1.001,1.0,-0.02,3910,14.51,12.157,0,,,,,,30,,,,,,,
2026-10-01T11:55:02.544,439.674,0,793.0,36,,97.0,21.176,-1.5,1.562,1.001,0.999,-0.02,3910,14.51,12.157,0,,,,,,,100.0,,,,,,
2026-10-01T11:55:02.675,439.805,0,793.25,36,,97.031,21.176,-1.5,1.562,1.001,1.003,-0.016,3940,14.51,12.157,0,,,,,,,,406.1,,,,,
2026-10-01T11:55:02.804,439.934,0,793.75,36,,97.0,21.176,-1.5,1.562,1.001,0.999,-0.02,3900,14.51,12.157,0,,,,,,,,,0.735,,,,
2026-10-01T11:55:02.935,440.065,0,795.25,36,,97.0,21.176,-1.0,1.562,1.001,1.0,-0.02,3920,14.51,12.157,0,,,,,,,,,,,0.781,,
2026-10-01T11:55:03.064,440.194,0,799.75,36,,97.0,21.176,-1.5,1.562,1.001,1.0,-0.02,3940,14.51,12.157,0,,,,,,,,,,,,21.961,
2026-10-01T11:55:03.195,440.325,0,799.25,36,,97.0,21.176,-0.5,1.562,1.001,1.0,-0.02,3940,14.51,12.157,0,,,,,,,,,,,,,473
2026-10-01T11:55:03.324,440.454,0,792.0,36,,96.969,21.176,-2.0,1.562,1.001,1.0,-0.02,3930,14.51,12.157,0,104,,,,,,,,,,,,
2026-10-01T11:55:03.455,440.585,0,792.0,36,,97.062,21.176,-2.5,1.562,1.001,0.998,-0.023,3930,14.51,12.157,0,,75,,,,,,,,,,,
2026-10-01T11:55:03.584,440.714,0,791.0,36,,97.031,21.176,-1.0,1.562,1.001,0.999,-0.02,3930,14.51,12.157,0,,,11.719,,,,,,,,,,
2026-10-01T11:55:03.715,440.845,0,796.25,36,,97.094,21.176,-1.5,1.562,1.001,1.001,-0.02,3930,14.51,12.157,0,,,,12.656,,,,,,,,,
2026-10-01T11:55:03.845,440.975,0,798.75,36,,97.094,21.176,-2.5,1.562,1.001,1.0,-0.02,3930,14.51,12.157,0,,,,,97,,,,,,,,
2026-10-01T11:55:03.974,441.104,0,795.75,36,,96.969,21.176,-1.0,1.562,1.001,1.002,-0.02,3940,14.51,12.157,0,,,,,,30,,,,,,,
2026-10-01T11:55:04.104,441.234,0,794.75,36,,97.094,21.176,-1.0,1.562,1.001,0.999,-0.02,3920,14.51,12.157,0,,,,,,,100.0,,,,,,
2026-10-01T11:55:04.235,441.365,0,794.0,36,,97.125,21.176,-1.0,1.562,1.001,1.001,-0.02,3910,14.51,12.157,0,,,,,,,,406.3,,,,,
2026-10-01T11:55:04.364,441.494,0,798.5,36,,97.0,21.176,-1.5,1.562,1.001,0.999,-0.023,3920,14.51,12.157,0,,,,,,,,,0.73,,,,
2026-10-01T11:55:04.495,441.625,0,802.75,36,,97.094,21.176,-2.5,1.562,1.001,0.999,-0.023,3940,14.51,12.157,0,,,,,,,,,,,0.781,,
2026-10-01T11:55:04.624,441.754,0,797.25,36,,97.094,21.176,-2.5,1.562,1.001,0.999,-0.023,3950,14.51,12.157,0,,,,,,,,,,,,21.961,
2026-10-01T11:55:04.755,441.885,0,796.75,36,,97.062,21.176,-2.0,1.562,1.001,1.0,-0.02,3940,14.51,12.157,0,,,,,,,,,,,,,474
2026-10-01T11:55:04.884,442.014,0,802.0,36,,97.0,21.176,-2.5,1.562,1.001,0.999,-0.023,3940,14.51,12.157,0,104,,,,,,,,,,,,
2026-10-01T11:55:05.015,442.145,0,800.25,36,,97.062,20.784,-2.5,1.562,1.001,1.0,-0.02,3940,14.51,12.157,0,,75,,,,,,,,,,,
2026-10-01T11:55:05.144,442.274,0,802.5,36,,97.094,21.176,-2.5,1.562,1.001,1.002,-0.02,3920,14.51,12.157,0,,,11.719,,,,,,,,,,
2026-10-01T11:55:05.275,442.405,0,800.25,36,,97.0,20.784,-2.0,1.562,1.001,1.0,-0.02,3920,14.51,12.157,0,,,,12.675,,,,,,,,,
2026-10-01T11:55:05.404,442.534,0,799.75,36,,97.0,21.176,-2.5,1.562,1.001,1.0,-0.02,3910,14.51,12.157,0,,,,,97,,,,,,,,
2026-10-01T11:55:05.535,442.665,0,801.25,36,,97.031,21.176,-2.5,1.562,1.001,0.999,-0.023,3910,14.51,12.157,0,,,,,,30,,,,,,,
2026-10-01T11:55:05.664,442.794,0,801.5,36,,97.062,21.176,-1.0,1.562,1.001,0.999,-0.023,3930,14.51,12.157,0,,,,,,,100.0,,,,,,
2026-10-01T11:55:05.795,442.925,0,796.5,36,,97.094,21.176,-2.5,1.562,1.001,0.999,-0.02,3930,14.51,12.157,0,,,,,,,,406.5,,,,,
2026-10-01T11:55:05.924,443.054,0,794.5,36,,97.031,21.176,-2.5,1.562,1.001,1.0,-0.02,3930,14.51,12.157,0,,,,,,,,,0.73,,,,
2026-10-01T11:55:06.055,443.186,0,793.75,36,,97.062,21.176,-2.0,1.562,1.001,1.001,-0.02,3920,14.51,12.157,0,,,,,,,,,,,0.781,,
2026-10-01T11:55:06.184,443.314,0,797.0,36,,97.094,21.176,-1.5,1.562,1.001,0.999,-0.023,3920,14.51,12.157,0,,,,,,,,,,,,21.961,
2026-10-01T11:55:06.315,443.445,0,797.0,36,,97.031,21.176,-2.5,1.562,1.001,1.0,-0.02,3920,14.51,12.157,0,,,,,,,,,,,,,476
2026-10-01T11:55:06.444,443.574,0,799.25,36,,97.094,21.176,-3.0,1.562,1.001,0.998,-0.023,3940,14.51,12.157,0,104,,,,,,,,,,,,
2026-10-01T11:55:06.575,443.705,0,801.75,36,,97.062,21.176,-1.0,1.562,1.001,0.998,-0.023,3930,14.51,12.157,0,,75,,,,,,,,,,,
2026-10-01T11:55:06.704,443.834,0,796.0,36,,97.0,21.176,-2.5,1.562,1.001,0.996,-0.031,3960,14.51,12.157,0,,,11.719,,,,,,,,,,
2026-10-01T11:55:06.835,443.965,0,795.25,36,,97.062,21.176,-2.0,1.562,1.001,0.996,-0.031,3960,14.51,12.157,0,,,,12.695,,,,,,,,,
2026-10-01T11:55:06.965,444.095,0,795.75,36,,96.969,20.784,-0.5,1.562,1.001,0.997,-0.027,3930,14.51,12.157,0,,,,,97,,,,,,,,
2026-10-01T11:55:07.095,444.225,0,796.75,36,,97.062,21.176,-1.0,1.562,1.001,0.997,-0.027,3960,14.51,12.157,0,,,,,,30,,,,,,,
2026-10-01T11:55:07.224,444.354,0,792.5,36,,97.0,21.176,-2.5,1.562,1.001,0.997,-0.027,3960,14.51,12.157,0,,,,,,,100.0,,,,,,
2026-10-01T11:55:07.355,444.485,0,798.0,36,,96.969,21.176,-2.0,1.562,1.001,0.996,-0.031,3960,14.51,12.157,0,,,,,,,,406.7,,,,,
2026-10-01T11:55:07.484,444.614,0,794.5,36,,96.969,21.176,-1.0,1.562,1.001,0.997,-0.027,3960,14.51,12.157,0,,,,,,,,,0.73,,,,
2026-10-01T11:55:07.615,444.745,0,794.75,36,,97.031,21.176,-2.0,1.562,1.001,0.997,-0.027,3950,14.51,12.157,0,,,,,,,,,,,0.781,,
2026-10-01T11:55:07.744,444.874,0,801.75,36,,97.062,21.176,-2.5,1.562,1.001,0.995,-0.031,3950,14.51,12.157,0,,,,,,,,,,,,21.961,
2026-10-01T11:55:07.875,445.005,0,804.75,36,,97.094,20.784,-2.5,1.562,1.001,0.995,-0.031,3980,14.51,12.157,0,,,,,,,,,,,,,477
2026-10-01T11:55:08.004,445.134,0,801.75,36,,96.969,20.784,-3.0,0.781,1.001,0.993,-0.039,3950,14.51,12.157,0,104,,,,,,,,,,,,
2026-10-01T11:55:08.135,445.265,0,801.75,36,,97.094,21.176,-2.5,0.781,1.001,0.992,-0.039,3950,14.51,12.157,0,,75,,,,,,,,,,,
2026-10-01T11:55:08.264,445.394,0,802.25,36,,97.062,21.176,-2.5,0.781,1.001,0.992,-0.039,3940,14.51,12.157,0,,,11.719,,,,,,,,,,
2026-10-01T11:55:08.395,445.525,0,798.5,36,,97.062,21.176,-2.5,0.781,1.001,0.991,-0.043,3950,14.51,12.157,0,,,,12.675,,,,,,,,,
2026-10-01T11:55:08.524,445.654,0,804.0,36,,97.062,20.784,-3.0,0.781,1.001,0.99,-0.047,3960,14.51,12.157,0,,,,,97,,,,,,,,
2026-10-01T11:55:08.655,445.785,0,801.75,36,,97.0,21.176,-2.5,0.781,1.001,0.99,-0.047,3950,14.51,12.157,0,,,,,,30,,,,,,,
2026-10-01T11:55:08.785,445.915,0,796.25,36,,97.0,20.784,-2.0,0.781,1.001,0.991,-0.043,3940,14.51,12.157,0,,,,,,,100.0,,,,,,
2026-10-01T11:55:08.915,446.045,0,800.75,36,,97.0,21.176,-1.5,0.781,1.001,0.991,-0.043,3930,14.51,12.157,0,,,,,,,,406.9,,,,,
2026-10-01T11:55:09.044,446.174,0,801.5,36,,97.031,21.176,-2.5,0.781,1.001,0.992,-0.039,3920,14.51,12.157,0,,,,,,,,,0.73,,,,
2026-10-01T11:55:09.175,446.305,0,799.75,36,,97.0,21.176,-2.5,0.781,1.001,0.992,-0.043,3920,14.51,12.157,0,,,,,,,,,,,0.781,,
2026-10-01T11:55:09.304,446.434,0,795.0,36,,97.062,21.176,-2.5,0.781,1.001,0.993,-0.039,3910,14.51,12.157,0,,,,,,,,,,,,21.569,
2026-10-01T11:55:09.435,446.565,0,798.5,36,,97.0,20.784,-3.0,0.781,1.001,0.991,-0.043,3920,14.51,12.157,0,,,,,,,,,,,,,479
2026-10-01T11:55:09.575,446.705,0,803.25,36,,97.031,21.176,-2.5,0.0,1.001,0.991,-0.043,3920,14.51,12.157,0,104,,,,,,,,,,,,
2026-10-01T11:55:09.704,446.834,0,802.75,36,,97.031,20.784,-3.5,0.0,1.001,0.99,-0.043,3890,14.51,12.157,0,,75,,,,,,,,,,,
2026-10-01T11:55:09.835,446.965,0,795.75,36,,97.0,21.176,-2.5,0.0,1.001,0.991,-0.043,3860,14.51,12.157,0,,,12.5,,,,,,,,,,
2026-10-01T11:55:09.965,447.095,0,800.0,36,,97.062,20.784,-2.0,0.0,1.001,0.993,-0.039,3870,14.51,12.157,0,,,,12.695,,,,,,,,,
2026-10-01T11:55:10.095,447.225,0,802.75,36,,97.0,21.176,-2.0,0.0,1.001,0.994,-0.035,3870,14.51,12.157,0,,,,,97,,,,,,,,
2026-10-01T11:55:10.225,447.355,0,797.0,36,,97.031,21.176,-2.5,0.0,1.001,0.994,-0.035,3870,14.51,12.157,0,,,,,,30,,,,,,,
2026-10-01T11:55:10.355,447.485,0,797.75,36,,97.0,20.784,-2.5,0.0,1.001,0.992,-0.039,3850,14.51,12.157,0,,,,,,,100.0,,,,,,
2026-10-01T11:55:10.484,447.614,0,801.75,36,,96.969,21.176,-1.5,0.0,1.001,0.989,-0.047,3860,14.51,12.157,0,,,,,,,,407.1,,,,,
2026-10-01T11:55:10.615,447.745,0,805.0,36,,97.094,20.784,-3.0,0.0,1.001,0.989,-0.047,3870,14.51,12.157,0,,,,,,,,,0.73,,,,
2026-10-01T11:55:10.744,447.875,0,800.5,36,,97.062,20.784,-3.5,0.0,1.001,0.989,-0.047,3880,14.51,12.157,0,,,,,,,,,,,0.781,,
2026-10-01T11:55:10.875,448.005,0,801.25,36,,97.031,20.784,-3.0,0.0,1.001,0.99,-0.043,3890,14.51,12.157,0,,,,,,,,,,,,21.569,
2026-10-01T11:55:11.004,448.134,0,801.75,36,,97.031,20.784,-3.0,0.0,1.001,0.991,-0.043,3880,14.51,12.157,0,,,,,,,,,,,,,480
2026-10-01T11:55:11.135,448.265,0,802.75,36,,97.0,21.176,-3.0,0.0,1.001,0.99,-0.043,3890,14.51,12.157,0,104,,,,,,,,,,,,
2026-10-01T11:55:11.264,448.394,0,798.75,36,,97.0,20.784,-2.5,0.0,1.001,0.992,-0.039,3870,14.51,12.157,0,,75,,,,,,,,,,,
2026-10-01T11:55:11.395,448.525,0,801.25,36,,96.969,21.176,-2.5,0.0,1.001,0.992,-0.039,3860,14.51,12.157,0,,,11.719,,,,,,,,,,
2026-10-01T11:55:11.524,448.654,0,797.75,36,,97.0,20.784,-3.0,0.0,1.001,0.993,-0.035,3870,14.51,12.157,0,,,,12.714,,,,,,,,,
2026-10-01T11:55:11.655,448.785,0,801.75,36,,97.031,20.784,-2.5,0.0,1.001,0.995,-0.035,3860,14.51,12.157,0,,,,,97,,,,,,,,
2026-10-01T11:55:11.784,448.914,0,803.75,36,,96.969,20.784,-2.5,0.0,1.001,0.995,-0.031,3880,14.51,12.157,0,,,,,,30,,,,,,,
2026-10-01T11:55:11.915,449.045,0,803.25,36,,97.094,20.784,-2.5,0.0,1.001,0.997,-0.027,3890,14.51,12.157,0,,,,,,,100.0,,,,,,
2026-10-01T11:55:12.045,449.175,0,800.25,36,,97.125,20.784,-2.0,0.0,1.001,0.997,-0.027,3860,14.51,12.157,0,,,,,,,,407.3,,,,,
2026-10-01T11:55:12.175,449.305,0,796.75,36,,97.031,21.176,-2.0,0.0,1.001,0.996,-0.031,3870,14.51,12.157,0,,,,,,,,,0.73,,,,
2026-10-01T11:55:12.305,449.435,0,798.75,36,,97.094,21.176,-2.0,0.0,1.001,0.998,-0.027,3890,14.51,12.157,0,,,,,,,,,,,0.781,,
2026-10-01T11:55:12.435,449.565,0,797.75,36,,97.125,20.784,-3.0,0.0,1.001,0.997,-0.027,3900,14.51,12.157,0,,,,,,,,,,,,21.961,
2026-10-01T11:55:12.564,449.694,0,800.25,36,,97.094,21.176,-2.5,0.0,1.001,0.998,-0.027,3910,14.51,12.157,0,,,,,,,,,,,,,482
2026-10-01T11:55:12.695,449.825,0,803.25,36,,97.0,20.784,-2.5,0.0,1.001,0.997,-0.027,3930,14.51,12.157,0,104,,,,,,,,,,,,
2026-10-01T11:55:12.824,449.954,0,799.0,36,,97.031,21.176,-3.5,0.0,1.001,0.998,-0.027,3920,14.51,12.157,0,,75,,,,,,,,,,,
2026-10-01T11:55:12.955,450.085,0,805.75,36,,97.0,20.784,-2.5,0.0,1.001,0.997,-0.027,3910,14.51,12.157,0,,,11.719,,,,,,,,,,
2026-10-01T11:55:13.084,450.214,0,794.25,36,,97.031,20.784,-1.5,0.0,1.001,0.997,-0.027,3910,14.51,12.157,0,,,,12.675,,,,,,,,,
2026-10-01T11:55:13.215,450.345,0,790.5,36,,97.094,21.176,-2.0,0.0,1.001,0.998,-0.023,3930,14.51,12.157,0,,,,,97,,,,,,,,
2026-10-01T11:55:13.345,450.475,0,793.75,36,,97.062,20.784,-2.5,0.0,1.001,0.999,-0.023,3910,14.51,12.157,0,,,,,,30,,,,,,,
2026-10-01T11:55:13.475,450.605,0,801.0,36,,97.094,21.176,-3.0,0.0,1.001,0.999,-0.023,3930,14.51,12.157,0,,,,,,,100.0,,,,,,
2026-10-01T11:55:13.604,450.734,0,799.5,36,,97.062,20.784,-2.5,0.0,1.001,1.0,-0.02,3930,14.51,12.157,0,,,,,,,,407.5,,,,,
2026-10-01T11:55:13.735,450.865,0,792.75,36,,97.062,21.176,-1.5,0.0,1.001,1.002,-0.02,3910,14.51,12.157,0,,,,,,,,,0.73,,,,
2026-10-01T11:55:13.864,450.995,0,798.0,36,,97.094,20.784,-2.5,0.0,1.001,1.003,-0.016,3910,14.51,12.157,0,,,,,,,,,,,0.781,,
2026-10-01T11:55:13.995,451.125,0,797.5,36,,97.062,21.176,-3.0,0.0,1.001,1.0,-0.02,3920,14.51,12.157,0,,,,,,,,,,,,21.961,
2026-10-01T11:55:14.125,451.255,0,798.0,36,,97.062,21.176,-2.5,0.0,1.001,0.999,-0.023,3890,14.51,12.157,0,,,,,,,,,,,,,483
2026-10-01T11:55:14.255,451.385,0,797.0,36,,97.094,20.784,-2.0,0.0,1.001,0.999,-0.023,3870,14.51,12.157,0,104,,,,,,,,,,,,
2026-10-01T11:55:14.385,451.515,0,794.25,36,,97.094,20.784,-2.5,0.0,1.001,0.999,-0.023,3880,14.51,12.157,0,,75,,,,,,,,,,,
2026-10-01T11:55:14.515,451.645,0,800.25,36,,97.094,20.784,-3.0,0.0,1.001,1.001,-0.02,3880,14.51,12.157,0,,,12.5,,,,,,,,,,
2026-10-01T11:55:14.655,451.785,0,797.75,36,,97.094,21.176,-2.5,0.0,1.001,1.0,-0.02,3900,14.51,12.157,0,,,,12.695,,,,,,,,,
2026-10-01T11:55:14.784,451.914,0,800.5,36,,97.031,20.784,-1.5,0.0,1.001,1.0,-0.02,3890,14.51,12.157,0,,,,,97,,,,,,,,
2026-10-01T11:55:14.915,452.045,0,804.0,35,,97.0,20.784,-1.5,0.0,1.001,0.999,-0.023,3880,14.51,12.157,0,,,,,,30,,,,,,,
2026-10-01T11:55:15.045,452.175,0,794.0,36,,97.062,21.176,-1.5,0.0,1.001,0.999,-0.023,3860,14.51,12.157,0,,,,,,,100.0,,,,,,
2026-10-01T11:55:15.175,452.305,0,796.75,36,,97.031,21.176,-0.5,0.0,1.001,0.999,-0.023,3860,14.51,12.157,0,,,,,,,,407.6,,,,,
2026-10-01T11:55:15.305,452.435,0,797.5,36,,97.031,21.176,-2.5,0.0,1.001,0.999,-0.02,3850,14.51,12.157,0,,,,,,,,,0.73,,,,
2026-10-01T11:55:15.435,452.565,0,798.5,36,,97.062,20.784,-3.0,0.0,1.001,1.002,-0.02,3850,14.51,12.157,0,,,,,,,,,,,0.781,,
2026-10-01T11:55:15.564,452.694,0,797.75,35,,97.094,20.784,-2.0,0.0,1.001,1.0,-0.02,3850,14.51,12.157,0,,,,,,,,,,,,21.569,
2026-10-01T11:55:15.695,452.825,0,796.75,36,,97.062,20.784,-2.0,0.0,1.001,1.004,-0.016,3860,14.51,12.157,0,,,,,,,,,,,,,485
2026-10-01T11:55:15.825,452.955,0,800.0,35,,96.969,21.176,-1.0,0.0,1.001,1.005,-0.016,3850,14.51,12.157,0,104,,,,,,,,,,,,
2026-10-01T11:55:15.955,453.085,0,793.75,36,,97.0,21.176,-2.0,0.0,1.001,1.005,-0.016,3830,14.51,12.157,0,,75,,,,,,,,,,,
2026-10-01T11:55:16.084,453.214,0,798.5,36,,96.969,21.176,-1.0,0.0,1.001,1.002,-0.02,3820,14.51,12.157,0,,,11.719,,,,,,,,,,
2026-10-01T11:55:16.215,453.345,0,794.5,36,,97.094,21.176,-2.5,0.0,1.001,1.003,-0.016,3840,14.51,12.157,0,,,,12.597,,,,,,,,,
2026-10-01T11:55:16.345,453.475,0,798.5,36,,97.062,20.784,-2.5,0.0,1.001,1.003,-0.016,3840,14.51,12.157,0,,,,,97,,,,,,,,
2026-10-01T11:55:16.475,453.605,0,800.0,36,,97.0,21.176,-2.5,0.0,1.001,1.001,-0.02,3850,14.51,12.157,0,,,,,,30,,,,,,,
2026-10-01T11:55:16.605,453.735,0,793.0,36,,96.938,20.784,-2.5,0.0,1.001,1.004,-0.016,3850,14.51,12.157,0,,,,,,,100.0,,,,,,
2026-10-01T11:55:16.735,453.865,0,797.0,35,,96.969,20.784,-2.0,0.0,1.001,1.003,-0.016,3850,14.51,12.157,0,,,,,,,,407.8,,,,,
2026-10-01T11:55:16.864,453.994,0,793.5,36,,97.0,20.784,-2.0,0.0,1.001,1.003,-0.016,3840,14.51,12.157,0,,,,,,,,,0.73,,,,
2026-10-01T11:55:16.995,454.125,0,801.25,36,,96.969,21.176,-2.5,0.0,1.001,1.0,-0.02,3830,14.51,12.157,0,,,,,,,,,,,0.781,,
2026-10-01T11:55:17.124,454.255,0,794.75,35,,97.0,20.784,-2.5,0.0,1.001,1.002,-0.02,3860,14.51,12.157,0,,,,,,,,,,,,21.569,
2026-10-01T11:55:17.256,454.386,0,799.5,36,,96.969,20.784,-2.0,0.0,1.001,1.001,-0.02,3840,14.51,12.157,0,,,,,,,,,,,,,487
2026-10-01T11:55:17.384,454.514,0,796.0,36,,96.938,20.784,-1.0,0.0,1.001,0.999,-0.02,3850,14.51,12.157,0,104,,,,,,,,,,,,
2026-10-01T11:55:17.515,454.645,0,792.0,36,,96.938,20.784,-2.5,0.0,1.001,1.001,-0.02,3850,14.51,12.157,0,,75,,,,,,,,,,,
2026-10-01T11:55:17.645,454.775,0,796.0,36,,96.969,20.784,-2.0,0.0,1.001,1.003,-0.016,3850,14.51,12.157,0,,,12.5,,,,,,,,,,
2026-10-01T11:55:17.775,454.905,0,794.5,35,,97.031,20.784,-1.5,0.0,1.001,1.005,-0.016,3830,14.51,12.157,0,,,,12.734,,,,,,,,,
2026-10-01T11:55:17.905,455.036,0,796.75,36,,97.062,20.784,-2.0,0.0,1.001,1.005,-0.016,3850,14.51,12.157,0,,,,,97,,,,,,,,
2026-10-01T11:55:18.035,455.165,0,800.25,35,,97.031,20.784,-2.5,0.0,1.001,1.004,-0.016,3860,14.51,12.157,0,,,,,,30,,,,,,,
2026-10-01T11:55:18.165,455.295,0,798.0,35,,96.969,20.784,-2.5,0.0,1.001,1.001,-0.02,3850,14.51,12.157,0,,,,,,,100.0,,,,,,
2026-10-01T11:55:18.295,455.425,0,799.75,36,,96.969,20.784,-2.0,0.0,1.001,0.999,-0.023,3850,14.51,12.157,0,,,,,,,,408.0,,,,,
2026-10-01T11:55:18.425,455.555,0,802.0,35,,96.938,20.784,-2.5,0.0,1.001,0.999,-0.023,3860,14.51,12.157,0,,,,,,,,,0.73,,,,
2026-10-01T11:55:18.556,455.686,0,797.5,36,,97.0,20.784,-2.5,0.0,1.001,1.001,-0.02,3860,14.51,12.157,0,,,,,,,,,,,0.781,,
2026-10-01T11:55:18.685,455.815,0,798.25,36,,97.031,20.784,-2.5,0.0,1.001,1.0,-0.02,3860,14.51,12.157,0,,,,,,,,,,,,21.569,
2026-10-01T11:55:18.815,455.945,0,795.5,36,,97.0,20.784,-2.5,0.0,1.001,0.998,-0.023,3850,14.51,12.157,0,,,,,,,,,,,,,488
2026-10-01T11:55:18.945,456.075,0,798.5,36,,97.062,20.784,-1.0,0.0,1.001,0.996,-0.031,3840,14.51,12.157,0,104,,,,,,,,,,,,
2026-10-01T11:55:19.075,456.205,0,797.0,36,,97.0,20.784,-1.0,0.0,1.001,0.996,-0.031,3840,14.51,12.157,0,,75,,,,,,,,,,,
2026-10-01T11:55:19.205,456.335,0,795.0,36,,97.0,20.784,-3.0,0.0,1.001,0.998,-0.023,3840,14.51,12.157,0,,,11.719,,,,,,,,,,
2026-10-01T11:55:19.335,456.465,0,794.75,36,,96.969,20.784,-2.5,0.0,1.001,0.998,-0.023,3840,14.51,12.157,0,,,,12.578,,,,,,,,,
2026-10-01T11:55:19.465,456.595,0,797.25,36,,97.062,20.784,-2.0,0.0,1.001,0.999,-0.023,3840,14.51,12.157,0,,,,,97,,,,,,,,
2026-10-01T11:55:19.595,456.725,0,798.5,36,,97.0,20.784,-1.5,0.0,1.001,0.999,-0.023,3840,14.51,12.157,0,,,,,,30,,,,,,,
2026-10-01T11:55:19.735,456.866,0,797.75,36,,96.938,20.784,-1.5,0.0,1.001,0.998,-0.023,3830,14.51,12.157,0,,,,,,,100.0,,,,,,
2026-10-01T11:55:19.865,456.995,0,794.5,36,,97.0,20.784,-1.5,0.0,1.001,0.997,-0.027,3830,14.51,12.157,0,,,,,,,,408.1,,,,,
2026-10-01T11:55:19.995,457.125,0,798.75,36,,97.0,20.784,-2.5,0.0,1.001,0.998,-0.027,3830,14.51,12.157,0,,,,,,,,,0.73,,,,
2026-10-01T11:55:20.125,457.255,0,801.25,36,,97.0,20.784,-2.5,0.0,1.001,0.996,-0.027,3840,14.51,12.157,0,,,,,,,,,,,0.781,,
2026-10-01T11:55:20.258,457.388,0,796.75,36,,97.0,20.784,-2.5,0.0,1.001,0.996,-0.031,3860,14.51,12.157,0,,,,,,,,,,,,21.961,
2026-10-01T11:55:20.385,457.515,0,801.25,36,,96.969,20.784,-2.5,0.0,1.001,0.996,-0.031,3890,14.51,12.157,0,,,,,,,,,,,,,490
2026-10-01T11:55:20.513,457.644,0,797.25,36,,96.969,20.784,-3.0,0.0,1.001,0.996,-0.031,3910,14.51,12.157,0,104,,,,,,,,,,,,
2026-10-01T11:55:20.643,457.774,0,802.0,36,,96.969,20.784,-3.5,0.0,1.001,0.993,-0.035,3930,14.51,12.157,0,,75,,,,,,,,,,,
2026-10-01T11:55:20.773,457.904,0,799.25,36,,96.969,20.784,-3.0,0.0,1.001,0.996,-0.031,3930,14.51,12.157,0,,,11.719,,,,,,,,,,
2026-10-01T11:55:20.903,458.033,0,797.25,36,,97.0,20.784,-2.5,0.0,1.001,0.995,-0.031,3910,14.51,12.157,0,,,,12.695,,,,,,,,,
2026-10-01T11:55:21.035,458.165,0,797.0,36,,97.0,20.784,-2.5,0.0,1.001,0.993,-0.039,3900,14.51,12.157,0,,,,,97,,,,,,,,
2026-10-01T11:55:21.165,458.295,0,798.0,35,,96.969,21.176,-1.0,0.0,1.001,0.994,-0.035,3900,14.51,12.157,0,,,,,,30,,,,,,,
2026-10-01T11:55:21.295,458.425,0,801.0,36,,96.969,20.784,-2.5,0.0,1.001,0.994,-0.035,3910,14.51,12.157,0,,,,,,,100.0,,,,,,
2026-10-01T11:55:21.425,458.555,0,803.25,35,,97.0,20.784,-2.5,0.0,1.001,0.995,-0.031,3890,14.51,12.157,0,,,,,,,,408.3,,,,,
2026-10-01T11:55:21.558,458.688,0,795.0,35,,96.969,20.784,-2.5,0.0,1.001,0.995,-0.031,3910,14.51,12.157,0,,,,,,,,,0.73,,,,
2026-10-01T11:55:21.683,458.813,0,793.75,35,,97.0,20.784,-2.5,0.0,1.001,0.995,-0.031,3900,14.51,12.157,0,,,,,,,,,,,0.781,,
2026-10-01T11:55:21.816,458.946,0,795.5,35,,97.0,20.784,-2.0,0.0,1.001,0.995,-0.035,3890,14.51,12.157,0,,,,,,,,,,,,21.569,
2026-10-01T11:55:21.945,459.075,0,796.25,36,,97.0,20.784,-1.5,0.0,1.001,0.994,-0.035,3870,14.51,12.157,0,,,,,,,,,,,,,491
2026-10-01T11:55:22.073,459.203,0,797.0,36,,97.0,20.784,-2.0,0.0,1.001,0.994,-0.035,3870,14.51,12.157,0,104,,,,,,,,,,,,
2026-10-01T11:55:22.203,459.334,0,795.25,36,,97.031,20.784,-2.0,0.0,1.001,0.993,-0.035,3860,14.51,12.157,0,,75,,,,,,,,,,,
2026-10-01T11:55:22.334,459.464,0,794.25,35,,97.0,20.784,-2.0,0.0,1.001,0.995,-0.031,3860,14.51,12.157,0,,,12.5,,,,,,,,,,
2026-10-01T11:55:22.465,459.595,0,798.25,35,,97.0,20.784,-1.5,0.0,1.001,0.995,-0.031,3850,14.51,12.157,0,,,,12.714,,,,,,,,,
2026-10-01T11:55:22.594,459.724,0,797.5,35,,97.0,20.784,-1.5,0.0,1.001,0.996,-0.031,3840,14.51,12.157,0,,,,,97,,,,,,,,
2026-10-01T11:55:22.725,459.855,0,797.75,35,,96.969,20.784,-1.5,0.0,1.001,0.996,-0.031,3810,14.51,12.157,0,,,,,,30,,,,,,,
2026-10-01T11:55:22.858,459.988,0,793.75,35,,96.969,20.784,-1.0,0.0,1.001,0.996,-0.031,3820,14.51,12.157,0,,,,,,,100.0,,,,,,
2026-10-01T11:55:22.984,460.114,0,798.5,35,,97.0,20.784,-1.5,0.0,1.001,0.997,-0.027,3810,14.51,12.157,0,,,,,,,,408.5,,,,,
2026-10-01T11:55:23.113,460.244,0,795.5,35,,97.0,20.784,-3.5,0.0,1.001,0.996,-0.031,3810,14.51,12.157,0,,,,,,,,,0.73,,,,
2026-10-01T11:55:23.244,460.374,0,797.5,35,,97.0,20.784,-2.5,0.0,1.001,0.997,-0.027,3800,14.51,12.157,0,,,,,,,,,,,0.781,,
2026-10-01T11:55:23.373,460.503,0,796.25,35,,97.0,20.784,-1.0,0.0,1.001,0.998,-0.023,3800,14.51,12.157,0,,,,,,,,,,,,21.569,
2026-10-01T11:55:23.503,460.633,0,798.25,35,,96.969,20.784,-2.0,0.0,1.001,0.998,-0.023,3810,14.51,12.157,0,,,,,,,,,,,,,493
2026-10-01T11:55:23.633,460.763,0,798.75,35,,96.969,20.784,-1.0,0.0,1.001,0.998,-0.023,3790,14.51,12.157,0,104,,,,,,,,,,,,
2026-10-01T11:55:23.764,460.894,0,798.5,35,,97.031,20.784,-0.5,0.0,1.001,0.998,-0.023,3800,14.51,12.157,0,,75,,,,,,,,,,,
2026-10-01T11:55:23.895,461.026,0,791.75,36,,97.031,20.784,-1.0,0.0,1.001,0.999,-0.023,3820,14.51,12.157,0,,,11.719,,,,,,,,,,
2026-10-01T11:55:24.025,461.155,0,800.5,35,,97.0,20.784,-2.5,0.0,1.001,0.998,-0.023,3830,14.51,12.157,0,,,,12.675,,,,,,,,,
2026-10-01T11:55:24.158,461.288,0,800.0,36,,97.0,20.784,-2.0,0.0,1.001,1.003,-0.016,3860,14.51,12.157,0,,,,,97,,,,,,,,
2026-10-01T11:55:24.285,461.415,0,796.75,35,,97.0,20.784,-2.0,0.0,1.001,1.003,-0.016,3840,14.51,12.157,0,,,,,,30,,,,,,,
2026-10-01T11:55:24.414,461.544,0,798.0,36,,97.0,21.176,-2.5,0.0,1.001,1.003,-0.016,3850,14.51,12.157,0,,,,,,,100.0,,,,,,
2026-10-01T11:55:24.544,461.674,0,796.5,36,,97.0,20.784,-2.5,0.0,1.001,1.003,-0.016,3830,14.51,12.157,0,,,,,,,,408.6,,,,,
2026-10-01T11:55:24.673,461.803,0,797.0,36,,96.969,21.176,-2.5,0.0,1.001,1.003,-0.016,3850,14.51,12.157,0,,,,,,,,,0.73,,,,
2026-10-01T11:55:24.803,461.933,0,797.0,36,,97.0,20.784,-2.0,0.0,1.001,1.002,-0.02,3850,14.51,12.157,0,,,,,,,,,,,0.781,,
2026-10-01T11:55:24.933,462.063,0,796.5,36,,96.969,20.784,-1.5,0.0,1.001,1.003,-0.016,3840,14.51,12.157,0,,,,,,,,,,,,21.961,
2026-10-01T11:55:25.063,462.194,0,793.0,36,,97.031,20.784,-1.0,0.0,1.001,1.003,-0.016,3850,14.51,12.157,0,,,,,,,,,,,,,494
2026-10-01T11:55:25.194,462.324,0,795.25,36,,97.031,21.176,-1.0,0.0,1.001,1.005,-0.016,3860,14.51,12.157,0,104,,,,,,,,,,,,
2026-10-01T11:55:25.325,462.455,0,798.75,36,,97.0,20.784,-2.0,0.0,1.001,1.005,-0.016,3860,14.51,12.157,0,,75,,,,,,,,,,,
2026-10-01T11:55:25.454,462.584,0,795.5,36,,96.969,20.784,-2.5,0.0,1.001,1.005,-0.016,3890,14.51,12.157,0,,,11.719,,,,,,,,,,
2026-10-01T11:55:25.586,462.716,0,798.0,36,,96.969,20.784,-2.5,0.0,1.001,1.005,-0.016,3890,14.51,12.157,0,,,,12.617,,,,,,,,,
2026-10-01T11:55:25.719,462.849,0,796.75,36,,96.938,20.784,-2.5,0.0,1.001,1.001,-0.02,3890,14.51,12.157,0,,,,,97,,,,,,,,
2026-10-01T11:55:25.844,462.974,0,795.25,36,,97.062,20.784,-3.0,0.0,1.001,0.999,-0.023,3890,14.51,12.157,0,,,,,,30,,,,,,,
2026-10-01T11:55:25.973,463.103,0,798.75,36,,97.031,20.784,-2.0,0.0,1.001,0.999,-0.023,3890,14.51,12.157,0,,,,,,,100.0,,,,,,
2026-10-01T11:55:26.104,463.234,0,800.25,36,,97.031,20.784,-1.5,0.0,1.001,0.999,-0.023,3890,14.51,12.157,0,,,,,,,,408.8,,,,,
2026-10-01T11:55:26.233,463.363,0,798.25,36,,97.094,20.784,-2.5,0.0,1.001,0.999,-0.023,3900,14.51,12.157,0,,,,,,,,,0.725,,,,
2026-10-01T11:55:26.363,463.493,0,796.75,36,,97.062,20.784,-1.0,0.0,1.001,0.998,-0.023,3890,14.51,12.157,0,,,,,,,,,,,0.781,,
2026-10-01T11:55:26.493,463.623,0,794.75,36,,97.062,20.784,-1.5,0.0,1.001,0.997,-0.027,3880,14.51,12.157,0,,,,,,,,,,,,21.961,
2026-10-01T11:55:26.623,463.754,0,796.25,36,,97.0,21.176,-2.5,0.0,1.001,0.997,-0.027,3890,14.51,12.157,0,,,,,,,,,,,,,496
2026-10-01T11:55:26.754,463.884,0,798.0,36,,97.0,20.784,-3.0,0.0,1.001,0.997,-0.027,3900,14.51,12.157,0,104,,,,,,,,,,,,
2026-10-01T11:55:26.883,464.013,0,800.0,36,,97.094,21.176,-1.0,0.0,1.001,0.998,-0.027,3910,14.51,12.157,0,,75,,,,,,,,,,,
2026-10-01T11:55:27.014,464.144,0,800.0,36,,97.031,21.176,-2.5,0.0,1.001,0.995,-0.035,3910,14.51,12.157,0,,,12.5,,,,,,,,,,
2026-10-01T11:55:27.146,464.276,0,798.5,36,,97.094,20.784,-2.5,0.0,1.001,0.994,-0.035,3900,14.51,12.157,0,,,,12.695,,,,,,,,,
2026-10-01T11:55:27.274,464.404,0,801.0,36,,97.094,20.784,-2.5,0.0,1.001,0.995,-0.031,3900,14.51,12.157,0,,,,,97,,,,,,,,
2026-10-01T11:55:27.403,464.534,0,800.5,35,,97.0,20.784,-2.0,0.0,1.001,0.995,-0.031,3890,14.51,12.157,0,,,,,,30,,,,,,,
2026-10-01T11:55:27.533,464.664,0,795.75,35,,97.094,20.784,-2.0,0.0,1.001,0.995,-0.031,3880,14.51,12.157,0,,,,,,,100.0,,,,,,
2026-10-01T11:55:27.664,464.794,0,798.0,36,,97.094,20.784,-1.5,0.0,1.001,0.994,-0.035,3870,14.51,12.157,0,,,,,,,,409.0,,,,,
2026-10-01T11:55:27.793,464.923,0,797.75,35,,97.031,21.176,-2.0,0.0,1.001,0.995,-0.031,3860,14.51,12.157,0,,,,,,,,,0.73,,,,
2026-10-01T11:55:27.923,465.054,0,792.0,36,,97.031,21.176,-2.0,0.0,1.001,0.994,-0.035,3870,14.51,12.157,0,,,,,,,,,,,0.781,,
2026-10-01T11:55:28.054,465.184,0,800.75,35,,96.969,20.784,-2.0,0.0,1.001,0.994,-0.035,3870,14.51,12.157,0,,,,,,,,,,,,21.569,
2026-10-01T11:55:28.184,465.314,0,793.75,36,,97.094,20.784,-2.0,0.0,1.001,0.995,-0.031,3880,14.51,12.157,0,,,,,,,,,,,,,498
2026-10-01T11:55:28.313,465.443,0,799.75,35,,97.094,20.784,-2.0,-0.781,1.001,0.992,-0.039,3860,14.51,12.157,0,104,,,,,,,,,,,,
2026-10-01T11:55:28.444,465.574,0,800.0,35,,97.094,20.784,-2.0,-0.781,1.001,0.992,-0.039,3860,14.51,12.157,0,,75,,,,,,,,,,,
2026-10-01T11:55:28.578,465.708,0,795.5,35,,97.094,20.784,-2.0,-0.781,1.001,0.992,-0.039,3850,14.51,12.157,0,,,11.719,,,,,,,,,,
2026-10-01T11:55:28.704,465.834,0,792.0,35,,97.125,20.784,-2.5,-0.781,1.001,0.993,-0.035,3840,14.51,12.157,0,,,,12.558,,,,,,,,,
2026-10-01T11:55:28.834,465.964,0,797.0,35,,97.062,20.784,-2.0,-0.781,1.001,0.993,-0.035,3840,14.51,12.157,0,,,,,97,,,,,,,,
2026-10-01T11:55:28.963,466.094,0,799.5,35,,97.031,20.784,-2.0,-0.781,1.001,0.994,-0.035,3830,14.51,12.157,0,,,,,,30,,,,,,,
2026-10-01T11:55:29.093,466.223,0,796.0,35,,97.062,20.784,-1.5,-0.781,1.001,0.995,-0.031,3830,14.51,12.157,0,,,,,,,100.0,,,,,,
2026-10-01T11:55:29.223,466.353,0,796.25,35,,97.062,20.784,-2.0,-0.781,1.001,0.995,-0.035,3830,14.51,12.157,0,,,,,,,,409.1,,,,,
2026-10-01T11:55:29.353,466.483,0,800.0,35,,97.125,20.784,-1.0,-0.781,1.001,0.997,-0.027,3840,14.51,12.157,0,,,,,,,,,0.725,,,,
2026-10-01T11:55:29.483,466.613,0,795.5,35,,97.0,20.784,-2.0,-0.781,1.001,0.997,-0.027,3840,14.51,12.157,0,,,,,,,,,,,0.781,,
2026-10-01T11:55:29.619,466.75,0,799.25,35,,97.0,20.784,-2.0,-0.781,1.001,0.997,-0.027,3840,14.51,12.157,0,,,,,,,,,,,,21.569,
2026-10-01T11:55:29.743,466.874,0,796.0,35,,97.094,20.784,-3.0,-0.781,1.001,0.998,-0.023,3830,14.51,12.157,0,,,,,,,,,,,,,499
2026-10-01T11:55:29.874,467.004,0,799.0,35,,97.0,20.784,-2.5,-0.781,1.001,0.998,-0.023,3850,14.51,12.157,0,104,,,,,,,,,,,,
2026-10-01T11:55:30.005,467.136,0,800.25,35,,97.0,20.784,-2.5,-0.781,1.001,0.996,-0.031,3840,14.51,12.157,0,,75,,,,,,,,,,,
2026-10-01T11:55:30.134,467.264,0,795.75,35,,96.938,20.784,-1.5,-0.781,1.001,0.997,-0.027,3830,14.51,12.157,0,,,12.5,,,,,,,,,,
2026-10-01T11:55:30.263,467.393,0,795.0,35,,96.906,20.784,-1.5,-0.781,1.001,0.997,-0.027,3830,14.51,12.157,0,,,,12.714,,,,,,,,,
2026-10-01T11:55:30.394,467.524,0,795.0,35,,96.938,20.784,-1.0,-0.781,1.001,0.997,-0.027,3820,14.51,12.157,0,,,,,97,,,,,,,,
2026-10-01T11:55:30.523,467.653,0,789.5,35,,97.031,20.784,-1.5,-0.781,1.001,0.999,-0.023,3820,14.51,12.157,0,,,,,,30,,,,,,,
2026-10-01T11:55:30.653,467.783,0,797.5,35,,96.969,20.784,-2.0,-0.781,1.001,0.999,-0.02,3830,14.51,12.157,0,,,,,,,100.0,,,,,,
2026-10-01T11:55:30.783,467.913,0,798.0,35,,97.031,20.784,-2.0,-0.781,1.001,1.002,-0.02,3830,14.51,12.157,0,,,,,,,,409.3,,,,,
2026-10-01T11:55:30.913,468.043,0,798.75,35,,97.062,20.784,-1.0,-0.781,1.001,1.002,-0.02,3840,14.51,12.157,0,,,,,,,,,0.725,,,,
2026-10-01T11:55:31.044,468.174,0,794.75,35,,96.938,20.784,-1.0,-0.781,1.001,1.0,-0.02,3840,14.51,12.157,0,,,,,,,,,,,0.781,,
2026-10-01T11:55:31.174,468.304,0,793.0,36,,96.969,20.784,-2.0,-0.781,1.001,1.003,-0.016,3860,14.51,12.157,0,,,,,,,,,,,,21.961,
2026-10-01T11:55:31.304,468.434,0,799.75,36,,97.0,21.176,-2.0,-0.781,1.001,1.002,-0.02,3870,14.51,12.157,0,,,,,,,,,,,,,501
2026-10-01T11:55:31.438,468.568,0,794.25,36,,96.969,21.176,-3.5,-0.781,1.001,1.005,-0.016,3890,14.51,12.157,0,104,,,,,,,,,,,,
2026-10-01T11:55:31.564,468.694,0,796.25,36,,97.0,21.176,-2.5,0.0,1.001,1.002,-0.02,3870,14.51,12.157,0,,75,,,,,,,,,,,
2026-10-01T11:55:31.693,468.824,0,799.5,36,,96.969,21.176,-2.0,-0.781,1.001,1.0,-0.02,3880,14.51,12.157,0,,,12.5,,,,,,,,,,
2026-10-01T11:55:31.823,468.953,0,799.5,36,,96.938,20.784,-2.5,0.0,1.001,1.003,-0.016,3870,14.51,12.157,0,,,,12.617,,,,,,,,,
2026-10-01T11:55:31.953,469.083,0,795.5,36,,96.938,21.176,-2.5,0.0,1.001,1.003,-0.016,3890,14.51,12.157,0,,,,,97,,,,,,,,
2026-10-01T11:55:32.083,469.213,0,794.5,36,,97.0,20.784,-2.0,0.0,1.001,1.003,-0.016,3880,14.51,12.157,0,,,,,,30,,,,,,,
2026-10-01T11:55:32.214,469.344,0,798.25,36,,96.969,21.176,-1.5,0.0,1.001,1.003,-0.016,3860,14.51,12.157,0,,,,,,,100.0,,,,,,
2026-10-01T11:55:32.343,469.473,0,800.25,36,,97.031,20.784,-2.0,0.0,1.001,1.004,-0.016,3860,14.51,12.157,0,,,,,,,,409.5,,,,,
2026-10-01T11:55:32.474,469.604,0,796.0,36,,96.969,20.784,-2.5,0.0,1.001,1.003,-0.016,3870,14.51,12.157,0,,,,,,,,,0.725,,,,
2026-10-01T11:55:32.603,469.733,0,800.5,35,,97.0,20.784,-3.0,0.0,1.001,0.999,-0.023,3870,14.51,12.157,0,,,,,,,,,,,0.781,,
2026-10-01T11:55:32.734,469.864,0,797.5,36,,97.031,20.784,-3.0,0.0,1.001,0.999,-0.023,3870,14.51,12.157,0,,,,,,,,,,,,21.569,
2026-10-01T11:55:32.864,469.994,0,798.5,35,,96.969,20.784,-2.0,-0.781,1.001,0.998,-0.023,3860,14.51,12.157,0,,,,,,,,,,,,,502
2026-10-01T11:55:32.994,470.124,0,797.75,36,,96.938,20.784,-2.0,-0.781,1.001,0.998,-0.023,3860,14.51,12.157,0,104,,,,,,,,,,,,
2026-10-01T11:55:33.123,470.253,0,800.5,36,,96.938,20.784,-1.5,0.0,1.001,0.999,-0.023,3870,14.51,12.157,0,,75,,,,,,,,,,,
2026-10-01T11:55:33.253,470.383,0,798.25,36,,97.0,20.784,-2.5,0.0,1.001,0.999,-0.02,3850,14.51,12.157,0,,,12.5,,,,,,,,,,
2026-10-01T11:55:33.383,470.514,0,802.0,36,,97.0,20.784,-2.5,0.0,1.001,0.998,-0.023,3850,14.51,12.157,0,,,,12.714,,,,,,,,,
2026-10-01T11:55:33.523,470.654,0,796.75,35,,96.969,20.784,-3.0,0.0,1.001,0.999,-0.023,3870,14.51,12.157,0,,,,,97,,,,,,,,
2026-10-01T11:55:33.654,470.784,0,801.75,35,,97.0,20.784,-1.5,0.0,1.001,1.0,-0.02,3870,14.51,12.157,0,,,,,,30,,,,,,,
2026-10-01T11:55:33.784,470.914,0,799.75,36,,96.938,20.784,-2.0,0.0,1.001,0.999,-0.023,3870,14.51,12.157,0,,,,,,,100.0,,,,,,
2026-10-01T11:55:33.913,471.043,0,799.0,35,,96.969,20.784,-1.0,-0.781,1.001,0.999,-0.023,3840,14.51,12.157,0,,,,,,,,409.6,,,,,
2026-10-01T11:55:34.044,471.174,0,797.0,36,,96.906,20.784,-1.0,-0.781,1.001,0.999,-0.023,3850,14.51,12.157,0,,,,,,,,,0.725,,,,
2026-10-01T11:55:34.173,471.303,0,793.5,36,,96.938,20.784,-1.5,-0.781,1.001,0.999,-0.023,3850,14.51,12.157,0,,,,,,,,,,,0.781,,
2026-10-01T11:55:34.303,471.433,0,793.25,36,,96.969,20.784,-1.5,-0.781,1.001,0.998,-0.023,3860,14.51,12.157,0,,,,,,,,,,,,21.569,
2026-10-01T11:55:34.433,471.563,0,794.25,36,,96.969,20.784,-3.0,-0.781,1.001,0.998,-0.023,3870,14.51,12.157,0,,,,,,,,,,,,,504
2026-10-01T11:55:34.563,471.694,0,794.0,35,,97.0,20.784,-1.5,0.0,1.001,1.0,-0.02,3880,14.51,12.157,0,104,,,,,,,,,,,,
2026-10-01T11:55:34.694,471.824,0,798.5,35,,96.938,20.392,-2.0,0.0,1.001,0.999,-0.023,3890,14.51,12.157,0,,75,,,,,,,,,,,
2026-10-01T11:55:34.823,471.953,0,798.25,35,,97.0,20.784,-2.5,0.0,1.001,1.0,-0.02,3890,14.51,12.157,0,,,12.5,,,,,,,,,,
2026-10-01T11:55:34.954,472.084,0,800.5,35,,97.0,20.784,-3.0,-0.781,1.001,0.998,-0.023,3910,14.51,12.157,0,,,,12.695,,,,,,,,,
2026-10-01T11:55:35.084,472.214,0,799.25,35,,97.062,20.784,-2.5,-0.781,1.001,0.998,-0.027,3880,14.51,12.157,0,,,,,97,,,,,,,,
2026-10-01T11:55:35.214,472.344,0,793.5,35,,97.062,20.784,-2.0,-0.781,1.001,0.997,-0.027,3860,14.51,12.157,0,,,,,,30,,,,,,,
2026-10-01T11:55:35.343,472.473,0,800.5,35,,97.062,20.784,-2.0,-0.781,1.001,0.997,-0.027,3860,14.51,12.157,0,,,,,,,100.0,,,,,,
2026-10-01T11:55:35.474,472.604,0,796.25,35,,96.938,20.784,-2.5,-0.781,1.001,0.997,-0.027,3860,14.51,12.157,0,,,,,,,,409.8,,,,,
2026-10-01T11:55:35.603,472.733,0,802.0,35,,97.062,20.784,-2.5,-0.781,1.001,0.997,-0.027,3890,14.51,12.157,0,,,,,,,,,0.725,,,,
2026-10-01T11:55:35.734,472.864,0,796.75,35,,97.062,20.784,-2.5,-0.781,1.001,0.999,-0.023,3880,14.51,12.157,0,,,,,,,,,,,0.781,,
2026-10-01T11:55:35.863,472.993,0,794.25,35,,97.0,20.784,-2.5,-0.781,1.001,0.999,-0.023,3880,14.51,12.157,0,,,,,,,,,,,,21.569,
2026-10-01T11:55:35.993,473.123,0,797.25,35,,97.062,20.784,-2.5,-0.781,1.001,0.999,-0.02,3850,14.51,12.157,0,,,,,,,,,,,,,505
2026-10-01T11:55:36.123,473.253,0,801.0,35,,97.0,20.784,-1.5,-0.781,1.001,0.998,-0.023,3850,14.51,12.157,0,104,,,,,,,,,,,,
2026-10-01T11:55:36.253,473.383,0,794.0,35,,97.0,20.784,-2.0,-0.781,1.001,0.997,-0.027,3850,14.51,12.157,0,,75,,,,,,,,,,,
2026-10-01T11:55:36.384,473.514,0,793.0,35,,96.969,20.784,-1.5,-0.781,1.001,0.999,-0.023,3850,14.51,12.157,0,,,12.5,,,,,,,,,,
2026-10-01T11:55:36.523,473.653,0,793.0,35,,97.0,20.784,-2.5,-0.781,1.001,0.999,-0.023,3840,14.51,12.157,0,,,,12.656,,,,,,,,,
2026-10-01T11:55:36.653,473.783,0,799.0,35,,97.0,20.784,-1.5,-0.781,1.001,1.002,-0.02,3820,14.51,12.157,0,,,,,97,,,,,,,,
2026-10-01T11:55:36.783,473.913,0,796.25,35,,97.0,20.784,-1.0,0.0,1.001,1.002,-0.02,3810,14.51,12.157,0,,,,,,30,,,,,,,
2026-10-01T11:55:36.913,474.043,0,792.75,35,,97.0,20.784,-2.5,0.0,1.001,1.004,-0.016,3800,14.51,12.157,0,,,,,,,100.0,,,,,,
2026-10-01T11:55:37.043,474.173,0,798.0,35,,96.969,20.784,-2.0,0.0,1.001,1.003,-0.016,3780,14.51,12.157,0,,,,,,,,410.0,,,,,
2026-10-01T11:55:37.174,474.304,0,799.75,35,,97.0,20.784,-2.5,0.0,1.001,1.005,-0.016,3770,14.51,12.157,0,,,,,,,,,0.725,,,,
2026-10-01T11:55:37.304,474.434,0,795.0,35,,97.0,20.392,-2.5,0.0,1.001,1.003,-0.016,3790,14.51,12.157,0,,,,,,,,,,,0.781,,
2026-10-01T11:55:37.434,474.564,0,794.5,35,,96.969,20.784,-2.5,0.0,1.001,1.002,-0.02,3780,14.51,12.157,0,,,,,,,,,,,,21.569,
2026-10-01T11:55:37.564,474.694,0,802.0,35,,97.0,20.392,-1.5,0.0,1.001,1.003,-0.016,3790,14.51,12.157,0,,,,,,,,,,,,,507
2026-10-01T11:55:37.694,474.824,0,799.75,35,,97.062,20.392,-2.5,0.0,1.001,1.002,-0.02,3800,14.51,12.157,0,104,,,,,,,,,,,,
2026-10-01T11:55:37.823,474.953,0,799.5,35,,97.0,20.392,-1.5,0.0,1.001,1.003,-0.016,3800,14.51,12.157,0,,75,,,,,,,,,,,
2026-10-01T11:55:37.953,475.083,0,795.0,35,,97.0,20.392,-1.0,0.0,1.001,1.004,-0.016,3800,14.51,12.157,0,,,12.5,,,,,,,,,,
2026-10-01T11:55:38.083,475.213,0,795.25,35,,97.0,20.784,-1.5,0.0,1.001,1.005,-0.016,3790,14.51,12.157,0,,,,12.714,,,,,,,,,
2026-10-01T11:55:38.213,475.343,0,795.0,35,,97.0,20.392,-2.0,0.0,1.001,1.003,-0.016,3790,14.51,12.157,0,,,,,97,,,,,,,,
2026-10-01T11:55:38.343,475.473,0,799.5,35,,97.0,20.784,-2.0,0.0,1.001,1.005,-0.016,3800,14.51,12.157,0,,,,,,30,,,,,,,
2026-10-01T11:55:38.473,475.603,0,796.75,35,,96.906,20.392,-2.0,0.0,1.001,1.004,-0.016,3800,14.51,12.157,0,,,,,,,100.0,,,,,,
2026-10-01T11:55:38.604,475.734,0,796.25,35,,97.062,20.784,-2.5,0.0,1.001,1.004,-0.016,3810,14.51,12.157,0,,,,,,,,410.1,,,,,
2026-10-01T11:55:38.734,475.864,0,797.75,35,,97.0,20.784,-2.5,0.0,1.001,1.005,-0.016,3820,14.51,12.157,0,,,,,,,,,0.725,,,,
2026-10-01T11:55:38.864,475.994,0,795.0,35,,96.938,20.784,-1.5,0.0,1.001,1.003,-0.016,3830,14.51,12.157,0,,,,,,,,,,,0.781,,
2026-10-01T11:55:38.994,476.124,0,799.5,35,,96.906,20.784,-1.5,0.0,1.001,1.003,-0.016,3840,14.51,12.157,0,,,,,,,,,,,,21.176,
2026-10-01T11:55:39.124,476.254,0,796.0,35,,97.0,20.392,-3.0,0.0,1.001,1.002,-0.02,3850,14.51,12.157,0,,,,,,,,,,,,,508
2026-10-01T11:55:39.253,476.383,0,796.75,35,,96.938,20.784,-2.5,0.0,1.001,0.999,-0.02,3860,14.51,12.157,0,104,,,,,,,,,,,,
2026-10-01T11:55:39.383,476.513,0,795.25,35,,96.938,20.392,-2.0,0.0,1.001,0.998,-0.023,3880,14.51,12.157,0,,75,,,,,,,,,,,
2026-10-01T11:55:39.523,476.653,0,797.0,35,,96.969,20.784,-3.0,0.0,1.001,0.998,-0.023,3890,14.51,12.157,0,,,12.5,,,,,,,,,,
2026-10-01T11:55:39.654,476.784,0,795.25,35,,96.938,20.392,-2.5,0.0,1.001,0.998,-0.023,3880,14.51,12.157,0,,,,12.656,,,,,,,,,
2026-10-01T11:55:39.784,476.914,0,797.25,35,,97.062,20.392,-1.5,0.0,1.001,0.998,-0.023,3860,14.51,12.157,0,,,,,97,,,,,,,,
2026-10-01T11:55:39.914,477.044,0,798.25,35,,96.938,20.784,-1.5,0.0,1.001,0.999,-0.023,3860,14.51,12.157,0,,,,,,30,,,,,,,
2026-10-01T11:55:40.043,477.173,0,794.0,35,,96.969,20.392,-2.5,0.0,1.001,1.002,-0.02,3840,14.51,12.157,0,,,,,,,100.0,,,,,,
2026-10-01T11:55:40.173,477.303,0,794.5,35,,97.0,20.392,-1.0,0.0,1.001,1.0,-0.02,3850,14.51,12.157,0,,,,,,,,410.3,,,,,
2026-10-01T11:55:40.303,477.433,0,801.75,35,,97.031,20.392,-2.5,0.0,1.001,1.001,-0.02,3850,14.51,12.157,0,,,,,,,,,0.725,,,,
2026-10-01T11:55:40.433,477.563,0,801.75,35,,97.094,20.392,-3.0,0.0,1.001,0.999,-0.02,3860,14.51,12.157,0,,,,,,,,,,,0.781,,
2026-10-01T11:55:40.563,477.694,0,796.25,35,,96.938,20.392,-2.5,0.0,1.001,1.0,-0.02,3850,14.51,12.157,0,,,,,,,,,,,,21.176,
2026-10-01T11:55:40.693,477.823,0,797.75,35,,97.062,20.392,-2.5,0.0,1.001,1.0,-0.02,3850,14.51,12.157,0,,,,,,,,,,,,,510
2026-10-01T11:55:40.823,477.953,0,803.75,35,,97.0,20.392,-3.0,0.0,1.001,1.0,-0.02,3870,14.51,12.157,0,104,,,,,,,,,,,,
2026-10-01T11:55:40.953,478.083,0,800.75,35,,97.0,20.392,-2.5,0.0,1.001,0.999,-0.023,3860,14.51,12.157,0,,75,,,,,,,,,,,
2026-10-01T11:55:41.084,478.214,0,798.5,35,,97.125,20.392,-2.5,0.0,1.001,0.997,-0.027,3840,14.51,12.157,0,,,12.5,,,,,,,,,,
2026-10-01T11:55:41.213,478.343,0,800.0,35,,97.0,20.392,-2.5,0.0,1.001,0.997,-0.027,3840,14.51,12.157,0,,,,12.675,,,,,,,,,
2026-10-01T11:55:41.344,478.474,0,800.75,35,,96.906,20.392,-3.0,0.0,1.001,0.997,-0.027,3840,14.51,12.157,0,,,,,97,,,,,,,,
2026-10-01T11:55:41.474,478.604,0,800.5,35,,97.062,20.392,-2.5,0.0,1.001,0.998,-0.023,3830,14.51,12.157,0,,,,,,30,,,,,,,
2026-10-01T11:55:41.604,478.734,0,798.75,35,,97.062,20.784,-2.5,0.0,1.001,0.998,-0.023,3830,14.51,12.157,0,,,,,,,100.0,,,,,,
2026-10-01T11:55:41.733,478.863,0,800.5,35,,96.969,20.392,-3.0,0.0,1.001,0.998,-0.023,3830,14.51,12.157,0,,,,,,,,410.4,,,,,
2026-10-01T11:55:41.864,478.994,0,800.75,35,,97.0,20.784,-3.0,0.0,1.001,0.998,-0.027,3840,14.51,12.157,0,,,,,,,,,0.725,,,,
2026-10-01T11:55:41.993,479.124,0,802.25,35,,97.062,20.392,-3.5,0.0,1.001,0.997,-0.027,3820,14.51,12.157,0,,,,,,,,,,,0.781,,
2026-10-01T11:55:42.123,479.253,0,796.0,35,,96.938,20.392,-3.0,0.0,1.001,0.996,-0.031,3810,14.51,12.157,0,,,,,,,,,,,,21.176,
2026-10-01T11:55:42.253,479.383,0,797.25,35,,96.969,20.392,-2.5,-0.781,1.001,0.993,-0.039,3790,14.51,12.157,0,,,,,,,,,,,,,512
2026-10-01T11:55:42.383,479.513,0,796.75,35,,96.969,20.392,-2.5,-0.781,1.001,0.994,-0.035,3810,14.51,12.157,0,104,,,,,,,,,,,,
2026-10-01T11:55:42.524,479.654,0,800.0,35,,96.969,20.392,-3.5,-0.781,1.001,0.994,-0.035,3800,14.51,12.157,0,,75,,,,,,,,,,,
2026-10-01T11:55:42.654,479.784,0,797.5,35,,96.969,20.392,-3.0,-0.781,1.001,0.995,-0.031,3800,14.51,12.157,0,,,12.5,,,,,,,,,,
2026-10-01T11:55:42.783,479.913,0,803.25,35,,97.0,20.392,-2.5,-0.781,1.001,0.995,-0.031,3800,14.51,12.157,0,,,,12.656,,,,,,,,,
2026-10-01T11:55:42.913,480.043,0,799.75,35,,97.031,20.392,-3.5,-0.781,1.001,0.996,-0.031,3800,14.51,12.157,0,,,,,97,,,,,,,,
2026-10-01T11:55:43.044,480.174,0,797.5,35,,96.938,20.392,-0.5,-0.781,1.001,0.996,-0.031,3780,14.51,12.157,0,,,,,,30,,,,,,,
2026-10-01T11:55:43.173,480.303,0,798.5,35,,96.938,20.392,-2.0,-0.781,1.001,0.996,-0.031,3790,14.51,12.157,0,,,,,,,100.0,,,,,,
2026-10-01T11:55:43.303,480.433,0,802.0,35,,96.969,20.392,-2.5,-0.781,1.001,0.997,-0.027,3800,14.51,12.157,0,,,,,,,,410.6,,,,,
2026-10-01T11:55:43.433,480.563,0,800.5,35,,96.938,20.392,-3.0,-0.781,1.001,0.997,-0.027,3810,14.51,12.157,0,,,,,,,,,0.725,,,,
2026-10-01T11:55:43.563,480.693,0,803.5,34,,97.0,20.392,-2.5,-0.781,1.001,0.998,-0.023,3810,14.51,12.157,0,,,,,,,,,,,0.781,,
2026-10-01T11:55:43.693,480.823,0,801.75,35,,96.938,20.392,-2.5,-0.781,1.001,0.997,-0.027,3800,14.51,12.157,0,,,,,,,,,,,,21.176,
2026-10-01T11:55:43.824,480.954,0,798.5,35,,96.969,20.392,-2.5,-0.781,1.001,0.996,-0.031,3790,14.51,12.157,0,,,,,,,,,,,,,513
2026-10-01T11:55:43.953,481.083,0,796.25,35,,96.969,20.392,-2.5,-0.781,1.001,0.996,-0.031,3800,14.51,12.157,0,103,,,,,,,,,,,,
2026-10-01T11:55:44.083,481.213,0,797.25,35,,96.906,20.392,-2.5,-0.781,1.001,0.996,-0.031,3800,14.51,12.157,0,,75,,,,,,,,,,,
2026-10-01T11:55:44.214,481.344,0,799.25,35,,96.969,20.392,-1.5,-0.781,1.001,0.996,-0.027,3790,14.51,12.157,0,,,12.5,,,,,,,,,,
2026-10-01T11:55:44.344,481.474,0,804.5,35,,96.969,20.392,-3.0,-0.781,1.001,0.996,-0.027,3810,14.51,12.157,0,,,,12.695,,,,,,,,,
2026-10-01T11:55:44.474,481.604,0,802.0,35,,97.0,20.0,-2.5,-0.781,1.001,0.997,-0.027,3810,14.51,12.157,0,,,,,97,,,,,,,,
2026-10-01T11:55:44.604,481.734,0,803.0,35,,96.938,20.392,-3.0,-0.781,1.001,0.997,-0.027,3810,14.51,12.157,0,,,,,,30,,,,,,,
2026-10-01T11:55:44.733,481.863,0,800.5,35,,96.938,20.392,-3.0,-0.781,1.001,0.998,-0.027,3820,14.51,12.157,0,,,,,,,100.0,,,,,,
2026-10-01T11:55:44.864,481.994,0,799.5,35,,96.938,20.0,-2.5,-0.781,1.001,0.996,-0.027,3810,14.51,12.157,0,,,,,,,,410.8,,,,,
2026-10-01T11:55:44.993,482.123,0,801.25,35,,97.0,20.392,-3.5,-0.781,1.001,0.996,-0.027,3810,14.51,12.157,0,,,,,,,,,0.725,,,,
2026-10-01T11:55:45.124,482.254,0,803.5,35,,96.969,20.0,-3.5,-0.781,1.001,0.996,-0.027,3810,14.51,12.157,0,,,,,,,,,,,0.781,,
2026-10-01T11:55:45.253,482.383,0,799.0,35,,96.969,20.0,-2.5,-0.781,1.001,0.996,-0.031,3810,14.51,12.157,0,,,,,,,,,,,,21.176,
2026-10-01T11:55:45.383,482.513,0,795.5,35,,96.938,20.0,-2.0,-0.781,1.001,0.997,-0.027,3800,14.51,12.157,0,,,,,,,,,,,,,515
2026-10-01T11:55:45.524,482.654,0,798.75,35,,97.0,20.392,-1.5,-0.781,1.001,0.996,-0.031,3770,14.51,12.157,0,103,,,,,,,,,,,,
2026-10-01T11:55:45.654,482.784,0,799.75,35,,97.0,20.392,-1.5,-0.781,1.001,0.997,-0.027,3800,14.51,12.157,0,,75,,,,,,,,,,,
2026-10-01T11:55:45.783,482.913,0,796.0,35,,96.938,20.392,-2.0,-0.781,1.001,0.997,-0.027,3800,14.51,12.157,0,,,12.5,,,,,,,,,,
2026-10-01T11:55:45.914,483.044,0,796.0,35,,97.0,20.0,-2.5,-0.781,1.001,0.998,-0.023,3810,14.51,12.157,0,,,,12.558,,,,,,,,,
2026-10-01T11:55:46.044,483.174,0,798.25,35,,96.906,20.0,-1.0,-0.781,1.001,0.999,-0.02,3800,14.51,12.157,0,,,,,97,,,,,,,,
2026-10-01T11:55:46.173,483.303,0,803.0,35,,96.969,20.0,-2.5,-0.781,1.001,0.998,-0.027,3830,14.51,12.157,0,,,,,,30,,,,,,,
2026-10-01T11:55:46.303,483.433,0,796.75,35,,96.938,20.0,-3.5,-0.781,1.001,0.998,-0.023,3830,14.51,12.157,0,,,,,,,100.0,,,,,,
2026-10-01T11:55:46.433,483.563,0,798.0,35,,97.0,20.0,-3.0,-0.781,1.001,0.998,-0.023,3830,14.51,12.157,0,,,,,,,,410.9,,,,,
2026-10-01T11:55:46.563,483.693,0,800.75,34,,96.938,20.0,-1.5,-0.781,1.001,0.998,-0.023,3840,14.51,12.157,0,,,,,,,,,0.725,,,,
2026-10-01T11:55:46.693,483.823,0,801.5,35,,96.969,20.392,-2.5,-0.781,1.001,0.999,-0.023,3830,14.51,12.157,0,,,,,,,,,,,0.781,,
2026-10-01T11:55:46.824,483.954,0,796.0,34,,97.0,20.0,-3.0,-0.781,1.001,0.998,-0.023,3840,14.51,12.157,0,,,,,,,,,,,,20.784,
2026-10-01T11:55:46.953,484.083,0,800.75,35,,96.938,20.0,-1.5,-0.781,1.001,0.997,-0.027,3830,14.51,12.157,0,,,,,,,,,,,,,516
2026-10-01T11:55:47.083,484.213,0,803.0,34,,96.969,20.0,-2.0,-0.781,1.001,0.997,-0.027,3810,14.51,12.157,0,103,,,,,,,,,,,,
2026-10-01T11:55:47.214,484.344,0,798.25,34,,97.0,20.0,-2.5,-0.781,1.001,0.998,-0.027,3820,14.51,12.157,0,,75,,,,,,,,,,,
2026-10-01T11:55:47.344,484.474,0,794.75,34,,97.0,20.392,-2.5,-0.781,1.001,0.997,-0.027,3800,14.51,12.157,0,,,13.281,,,,,,,,,,
2026-10-01T11:55:47.473,484.603,0,802.5,34,,96.969,20.0,-2.5,-0.781,1.001,0.997,-0.027,3800,14.51,12.157,0,,,,12.695,,,,,,,,,
2026-10-01T11:55:47.604,484.734,0,804.25,34,,96.938,20.0,-3.0,-0.781,1.001,0.996,-0.027,3800,14.51,12.157,0,,,,,97,,,,,,,,
2026-10-01T11:55:47.733,484.863,0,798.0,34,,96.938,20.0,-3.0,-0.781,1.001,0.995,-0.031,3810,14.51,12.157,0,,,,,,30,,,,,,,
2026-10-01T11:55:47.863,484.993,0,799.25,34,,97.0,20.0,-2.0,-0.781,1.001,0.995,-0.035,3800,14.51,12.157,0,,,,,,,100.0,,,,,,
2026-10-01T11:55:47.993,485.124,0,798.25,34,,96.969,20.0,-3.5,-1.562,1.001,0.994,-0.035,3800,14.51,12.157,0,,,,,,,,411.0,,,,,
2026-10-01T11:55:48.123,485.253,0,798.5,34,,96.969,20.0,-3.5,-1.562,1.001,0.995,-0.031,3770,14.51,12.157,0,,,,,,,,,0.725,,,,
2026-10-01T11:55:48.253,485.383,0,799.5,34,,96.969,20.392,-3.0,-1.562,1.001,0.994,-0.035,3770,14.51,12.157,0,,,,,,,,,,,0.781,,
2026-10-01T11:55:48.383,485.513,0,792.5,34,,96.969,20.0,-2.0,-1.562,1.001,0.995,-0.031,3770,14.51,12.157,0,,,,,,,,,,,,20.784,
2026-10-01T11:55:48.523,485.653,0,796.75,34,,96.969,20.0,-3.5,-1.562,1.001,0.995,-0.031,3760,14.51,12.157,0,,,,,,,,,,,,,518
2026-10-01T11:55:48.653,485.783,0,799.25,34,,97.0,19.608,-1.0,-1.562,1.001,0.996,-0.031,3740,14.51,12.157,0,103,,,,,,,,,,,,
2026-10-01T11:55:48.783,485.913,0,793.0,34,,97.0,20.0,-1.5,-1.562,1.001,0.996,-0.031,3740,14.51,12.157,0,,75,,,,,,,,,,,
2026-10-01T11:55:48.924,486.054,0,789.5,34,,97.0,20.0,-1.0,-1.562,1.001,0.997,-0.027,3740,14.51,12.157,0,,,12.5,,,,,,,,,,
2026-10-01T11:55:49.054,486.184,0,797.5,34,,97.0,20.0,-1.0,-1.562,1.001,0.998,-0.023,3720,14.51,12.157,0,,,,12.714,,,,,,,,,
2026-10-01T11:55:49.183,486.314,0,798.75,34,,97.031,20.0,-1.5,-1.562,1.001,0.998,-0.027,3720,14.51,12.157,0,,,,,97,,,,,,,,
2026-10-01T11:55:49.313,486.443,0,793.5,34,,97.0,20.0,-3.0,-1.562,1.001,0.999,-0.023,3730,14.51,12.157,0,,,,,,30,,,,,,,
2026-10-01T11:55:49.443,486.573,0,796.25,34,,97.0,20.0,-2.5,-1.562,1.001,0.999,-0.023,3720,14.51,12.157,0,,,,,,,100.0,,,,,,
2026-10-01T11:55:49.573,486.703,0,801.5,34,,96.938,20.0,-0.5,-1.562,1.001,0.999,-0.023,3740,14.51,12.157,0,,,,,,,,411.2,,,,,
2026-10-01T11:55:49.703,486.834,0,797.0,34,,96.906,20.0,-2.0,-1.562,1.001,0.998,-0.023,3730,14.51,12.157,0,,,,,,,,,0.725,,,,
2026-10-01T11:55:49.833,486.963,0,802.25,34,,96.906,20.0,-2.5,-1.562,1.001,0.998,-0.023,3750,14.51,12.157,0,,,,,,,,,,,0.781,,
2026-10-01T11:55:49.963,487.093,0,796.75,34,,96.906,20.0,-2.0,-1.562,1.001,0.999,-0.023,3740,14.51,12.157,0,,,,,,,,,,,,20.784,
2026-10-01T11:55:50.093,487.223,0,798.75,34,,96.938,20.0,-3.0,-1.562,1.001,0.998,-0.023,3750,14.51,12.157,0,,,,,,,,,,,,,519
2026-10-01T11:55:50.223,487.353,0,802.75,34,,96.938,20.0,-2.5,-1.562,1.001,0.999,-0.023,3760,14.51,12.157,0,104,,,,,,,,,,,,
2026-10-01T11:55:50.354,487.484,0,805.75,34,,96.969,20.0,-3.0,-1.562,1.001,0.999,-0.023,3760,14.51,12.157,0,,75,,,,,,,,,,,
2026-10-01T11:55:50.483,487.613,0,802.5,34,,96.969,20.0,-1.5,-1.562,1.001,0.998,-0.023,3750,14.51,12.157,0,,,12.5,,,,,,,,,,
2026-10-01T11:55:50.613,487.743,0,800.0,34,,96.969,20.0,-2.5,-1.562,1.001,0.998,-0.023,3770,14.51,12.157,0,,,,12.695,,,,,,,,,
2026-10-01T11:55:50.744,487.874,0,794.75,34,,96.969,19.608,-2.5,-1.562,1.001,0.998,-0.027,3770,14.51,12.157,0,,,,,97,,,,,,,,
2026-10-01T11:55:50.874,488.004,0,795.25,34,,96.938,20.0,-2.0,-1.562,1.001,0.998,-0.023,3770,14.51,12.157,0,,,,,,30,,,,,,,
2026-10-01T11:55:51.003,488.133,0,797.75,34,,96.938,20.0,-3.0,-1.562,1.001,0.997,-0.027,3770,14.51,12.157,0,,,,,,,100.0,,,,,,
2026-10-01T11:55:51.133,488.264,0,798.75,34,,96.938,20.0,-3.0,-1.562,1.001,0.997,-0.027,3760,14.51,12.157,0,,,,,,,,411.3,,,,,
2026-10-01T11:55:51.263,488.393,0,802.0,34,,96.969,20.0,-3.0,-1.562,1.001,0.996,-0.031,3760,14.51,12.157,0,,,,,,,,,0.725,,,,
2026-10-01T11:55:51.393,488.523,0,801.0,34,,96.969,20.0,-2.5,-1.562,1.001,0.997,-0.027,3750,14.51,12.157,0,,,,,,,,,,,0.781,,
2026-10-01T11:55:51.523,488.653,0,798.5,34,,96.969,20.0,-3.5,-1.562,1.001,0.998,-0.023,3760,14.51,12.157,0,,,,,,,,,,,,20.392,
2026-10-01T11:55:51.653,488.783,0,798.75,34,,97.0,19.608,-2.0,-1.562,1.001,0.999,-0.023,3740,14.51,12.157,0,,,,,,,,,,,,,521
2026-10-01T11:55:51.783,488.913,0,795.0,34,,96.938,20.0,-1.5,-1.562,1.001,0.999,-0.023,3750,14.51,12.157,0,104,,,,,,,,,,,,
2026-10-01T11:55:51.913,489.043,0,797.25,34,,96.938,19.608,-2.5,-1.562,1.001,0.998,-0.023,3740,14.51,12.157,0,,75,,,,,,,,,,,
2026-10-01T11:55:52.044,489.174,0,797.5,34,,96.969,20.0,-2.0,-1.562,1.001,0.999,-0.023,3730,14.51,12.157,0,,,13.281,,,,,,,,,,
2026-10-01T11:55:52.173,489.303,0,800.5,34,,97.0,19.608,-2.0,-1.562,1.001,0.998,-0.027,3740,14.51,12.157,0,,,,12.695,,,,,,,,,
2026-10-01T11:55:52.303,489.433,0,799.25,34,,96.969,20.0,-2.5,-1.562,1.001,0.998,-0.027,3740,14.51,12.157,0,,,,,97,,,,,,,,
2026-10-01T11:55:52.434,489.564,0,798.5,34,,96.969,20.0,-3.0,-1.562,1.001,0.998,-0.023,3760,14.51,12.157,0,,,,,,30,,,,,,,
2026-10-01T11:55:52.564,489.694,0,796.75,34,,97.0,20.0,-1.0,-1.562,1.001,0.999,-0.023,3760,14.51,12.157,0,,,,,,,100.0,,,,,,
2026-10-01T11:55:52.693,489.823,0,795.0,34,,97.0,20.0,-3.0,-1.562,1.001,0.998,-0.027,3760,14.51,12.157,0,,,,,,,,411.5,,,,,
2026-10-01T11:55:52.824,489.954,0,797.5,34,,96.969,20.0,-3.0,-1.562,1.001,0.999,-0.023,3790,14.51,12.157,0,,,,,,,,,0.725,,,,
2026-10-01T11:55:52.953,490.083,0,800.0,34,,96.906,20.0,-3.0,-1.562,1.001,1.001,-0.02,3790,14.51,12.157,0,,,,,,,,,,,0.781,,
2026-10-01T11:55:53.083,490.213,0,799.25,34,,96.938,20.0,-3.0,-1.562,1.001,0.999,-0.023,3800,14.51,12.157,0,,,,,,,,,,,,20.784,
2026-10-01T11:55:53.213,490.343,0,798.5,34,,96.969,20.0,-3.0,-1.562,1.001,0.998,-0.023,3810,14.51,12.157,0,,,,,,,,,,,,,523
2026-10-01T11:55:53.343,490.473,0,797.5,34,,96.938,20.0,-2.5,-1.562,1.001,0.998,-0.023,3790,14.51,12.157,0,105,,,,,,,,,,,,
2026-10-01T11:55:53.473,490.603,0,801.0,34,,96.938,20.0,-2.5,-1.562,1.001,0.998,-0.023,3800,14.51,12.157,0,,75,,,,,,,,,,,
2026-10-01T11:55:53.603,490.733,0,800.0,34,,96.906,19.608,-3.5,-1.562,1.001,0.999,-0.023,3790,14.51,12.157,0,,,13.281,,,,,,,,,,
2026-10-01T11:55:53.734,490.864,0,796.0,34,,96.938,19.608,-2.0,-1.562,1.001,0.999,-0.023,3780,14.51,12.157,0,,,,12.734,,,,,,,,,
2026-10-01T11:55:53.863,490.993,0,802.5,34,,96.969,20.0,-3.0,-1.562,1.001,0.998,-0.023,3790,14.51,12.157,0,,,,,97,,,,,,,,
2026-10-01T11:55:53.994,491.124,0,801.0,34,,96.906,19.608,-2.5,-1.562,1.001,0.998,-0.023,3770,14.51,12.157,0,,,,,,30,,,,,,,
2026-10-01T11:55:54.124,491.254,0,796.25,34,,96.969,19.608,-3.0,-1.562,1.001,0.999,-0.023,3760,14.51,12.157,0,,,,,,,100.0,,,,,,
2026-10-01T11:55:54.254,491.384,0,798.25,34,,96.969,20.0,-3.0,-1.562,1.001,0.999,-0.023,3750,14.51,12.157,0,,,,,,,,411.6,,,,,
2026-10-01T11:55:54.384,491.514,0,802.0,34,,96.969,20.0,-2.0,-1.562,1.001,0.999,-0.023,3750,14.51,12.157,0,,,,,,,,,0.725,,,,
2026-10-01T11:55:54.513,491.643,0,800.25,34,,96.938,19.608,-3.0,-1.562,1.001,1.0,-0.02,3750,14.51,12.157,0,,,,,,,,,,,0.781,,
2026-10-01T11:55:54.643,491.773,0,798.25,34,,96.938,19.608,-2.5,-1.562,1.001,1.002,-0.02,3740,14.51,12.157,0,,,,,,,,,,,,20.784,
2026-10-01T11:55:54.773,491.903,0,797.5,34,,96.969,19.608,-2.5,-1.562,1.001,0.999,-0.023,3730,14.51,12.157,0,,,,,,,,,,,,,524
2026-10-01T11:55:54.903,492.033,0,800.25,34,,96.906,20.0,-1.0,-1.562,1.001,0.998,-0.027,3730,14.51,12.157,0,105,,,,,,,,,,,,
2026-10-01T11:55:55.033,492.163,0,796.0,34,,96.938,20.0,-2.5,-1.562,1.001,0.998,-0.023,3710,14.51,12.157,0,,75,,,,,,,,,,,
2026-10-01T11:55:55.163,492.293,0,801.25,34,,97.0,19.608,-2.5,-1.562,1.001,0.998,-0.023,3730,14.51,12.157,0,,,12.5,,,,,,,,,,
2026-10-01T11:55:55.293,492.423,0,802.0,34,,96.969,20.0,-3.0,-1.562,1.001,0.998,-0.023,3750,14.51,12.157,0,,,,12.675,,,,,,,,,
2026-10-01T11:55:55.423,492.553,0,797.75,34,,96.969,19.608,-3.5,-1.562,1.001,0.999,-0.023,3740,14.51,12.157,0,,,,,97,,,,,,,,
2026-10-01T11:55:55.553,492.683,0,796.0,34,,96.938,19.608,-2.5,-1.562,1.001,0.999,-0.023,3710,14.51,12.157,0,,,,,,30,,,,,,,
2026-10-01T11:55:55.684,492.814,0,795.0,34,,97.0,19.608,-2.5,-1.562,1.001,0.998,-0.023,3720,14.51,12.157,0,,,,,,,100.0,,,,,,
2026-10-01T11:55:55.813,492.943,0,794.25,34,,96.938,19.608,-2.5,-1.562,1.001,0.999,-0.023,3710,14.51,12.157,0,,,,,,,,411.8,,,,,
2026-10-01T11:55:55.944,493.074,0,801.75,34,,97.0,20.0,-2.5,-1.562,1.001,0.999,-0.023,3710,14.51,12.157,0,,,,,,,,,0.725,,,,
2026-10-01T11:55:56.074,493.204,0,799.75,34,,96.969,19.608,-2.0,-1.562,1.001,1.0,-0.02,3710,14.51,12.157,0,,,,,,,,,,,0.781,,
2026-10-01T11:55:56.204,493.334,0,797.5,34,,97.0,20.0,-2.5,-1.562,1.001,1.0,-0.02,3710,14.51,12.157,0,,,,,,,,,,,,20.392,
2026-10-01T11:55:56.333,493.463,0,800.5,34,,97.0,19.608,-2.5,-1.562,1.001,0.999,-0.02,3720,14.51,12.157,0,,,,,,,,,,,,,526
2026-10-01T11:55:56.463,493.593,0,802.5,34,,96.969,19.608,-2.5,-1.562,1.001,1.002,-0.02,3730,14.51,12.157,0,105,,,,,,,,,,,,
2026-10-01T11:55:56.593,493.723,0,799.5,34,,96.969,19.608,-3.0,-1.562,1.001,1.005,-0.016,3730,14.51,12.157,0,,75,,,,,,,,,,,
2026-10-01T11:55:56.723,493.853,0,801.0,34,,97.0,19.608,-3.5,-1.562,1.001,1.003,-0.016,3760,14.51,12.157,0,,,13.281,,,,,,,,,,
2026-10-01T11:55:56.853,493.983,0,797.25,34,,97.0,19.608,-2.5,-1.562,1.001,0.999,-0.023,3730,14.51,12.157,0,,,,12.734,,,,,,,,,
2026-10-01T11:55:56.983,494.113,0,796.75,34,,96.938,20.0,-2.5,-1.562,1.001,0.998,-0.023,3730,14.51,12.157,0,,,,,97,,,,,,,,
2026-10-01T11:55:57.113,494.243,0,797.0,34,,97.0,19.608,-2.5,-1.562,1.001,0.998,-0.023,3730,14.51,12.157,0,,,,,,30,,,,,,,
2026-10-01T11:55:57.243,494.373,0,798.5,34,,96.969,19.608,-2.5,-1.562,1.001,0.998,-0.023,3720,14.51,12.157,0,,,,,,,100.0,,,,,,
2026-10-01T11:55:57.374,494.504,0,796.75,34,,97.0,19.608,-2.5,-1.562,1.001,0.999,-0.023,3740,14.51,12.157,0,,,,,,,,411.9,,,,,
2026-10-01T11:55:57.503,494.633,0,803.25,34,,97.0,19.608,-2.5,-1.562,1.001,1.0,-0.02,3740,14.51,12.157,0,,,,,,,,,0.725,,,,
2026-10-01T11:55:57.634,494.764,0,796.25,34,,97.0,19.608,-3.5,-1.562,1.001,0.999,-0.023,3760,14.51,12.157,0,,,,,,,,,,,0.781,,
2026-10-01T11:55:57.764,494.894,0,797.25,34,,96.906,19.608,-3.0,-1.562,1.001,1.0,-0.02,3730,14.51,12.157,0,,,,,,,,,,,,20.392,
2026-10-01T11:55:57.893,495.023,0,795.75,34,,96.938,19.608,-2.0,-1.562,1.001,0.999,-0.023,3720,14.51,12.157,0,,,,,,,,,,,,,527
2026-10-01T11:55:58.023,495.153,0,799.0,34,,96.938,19.608,-2.0,-1.562,1.001,0.999,-0.023,3720,14.51,12.157,0,105,,,,,,,,,,,,
2026-10-01T11:55:58.153,495.283,0,800.5,34,,96.969,19.608,-2.5,-1.562,1.001,0.998,-0.023,3720,14.51,12.157,0,,75,,,,,,,,,,,
2026-10-01T11:55:58.283,495.413,0,800.0,34,,96.969,19.608,-2.5,-1.562,1.001,0.999,-0.02,3740,14.51,12.157,0,,,12.5,,,,,,,,,,
2026-10-01T11:55:58.413,495.543,0,797.0,34,,96.938,19.608,-3.0,-1.562,1.001,1.0,-0.02,3740,14.51,12.157,0,,,,12.597,,,,,,,,,
2026-10-01T11:55:58.544,495.674,0,797.75,34,,96.906,19.608,-3.0,-1.562,1.001,1.0,-0.02,3730,14.51,12.157,0,,,,,97,,,,,,,,
2026-10-01T11:55:58.673,495.803,0,801.25,34,,96.938,19.608,-2.0,-1.562,1.001,1.0,-0.02,3740,14.51,12.157,0,,,,,,30,,,,,,,
2026-10-01T11:55:58.803,495.933,0,800.75,34,,97.0,19.608,-1.5,-1.562,1.001,0.999,-0.023,3740,14.51,12.157,0,,,,,,,100.0,,,,,,
2026-10-01T11:55:58.933,496.063,0,798.75,34,,96.969,19.608,-1.5,-1.562,1.001,0.999,-0.023,3750,14.51,12.157,0,,,,,,,,412.0,,,,,
2026-10-01T11:55:59.063,496.193,0,791.5,34,,97.0,19.608,-2.0,-1.562,1.001,0.998,-0.023,3750,14.51,12.157,0,,,,,,,,,0.725,,,,
2026-10-01T11:55:59.194,496.324,0,799.75,34,,97.094,19.608,-2.5,-1.562,1.001,1.0,-0.02,3760,14.51,12.157,0,,,,,,,,,,,0.781,,
2026-10-01T11:55:59.324,496.454,0,796.0,34,,97.0,19.608,-3.0,-1.562,1.001,1.0,-0.02,3780,14.51,12.157,0,,,,,,,,,,,,20.392,
2026-10-01T11:55:59.453,496.583,0,799.25,34,,97.062,19.608,-2.5,-1.562,1.001,1.0,-0.02,3770,14.51,12.157,0,,,,,,,,,,,,,529
2026-10-01T11:55:59.583,496.713,0,796.0,34,,97.031,19.608,-2.5,-1.562,1.001,0.999,-0.023,3790,14.51,12.157,0,105,,,,,,,,,,,,
2026-10-01T11:55:59.713,496.843,0,798.75,34,,97.094,19.608,-3.0,-1.562,1.001,0.998,-0.023,3770,14.51,12.157,0,,75,,,,,,,,,,,
2026-10-01T11:55:59.843,496.973,0,796.75,34,,97.0,19.608,-2.5,-1.562,1.001,0.998,-0.023,3760,14.51,12.157,0,,,13.281,,,,,,,,,,
2026-10-01T11:55:59.973,497.103,0,801.0,34,,97.0,19.608,-2.5,-1.562,1.001,1.0,-0.02,3760,14.51,12.157,0,,,,12.734,,,,,,,,,
2026-10-01T11:56:00.103,497.233,0,794.0,34,,97.0,19.608,-2.5,-1.562,1.001,0.999,-0.023,3770,14.51,12.157,0,,,,,97,,,,,,,,
2026-10-01T11:56:00.233,497.363,0,801.0,34,,97.0,19.608,-2.5,-1.562,1.001,1.0,-0.02,3770,14.51,12.157,0,,,,,,29,,,,,,,
2026-10-01T11:56:00.363,497.493,0,802.0,34,,97.0,19.608,-2.5,-1.562,1.001,1.0,-0.02,3770,14.51,12.157,0,,,,,,,100.0,,,,,,
2026-10-01T11:56:00.494,497.624,0,800.0,34,,97.031,19.608,-3.5,-1.562,1.001,1.0,-0.02,3770,14.51,12.157,0,,,,,,,,412.1,,,,,
2026-10-01T11:56:00.623,497.753,0,798.5,33,,97.0,19.608,-3.5,-1.562,1.001,0.999,-0.023,3780,14.51,12.157,0,,,,,,,,,0.725,,,,
2026-10-01T11:56:00.753,497.883,0,796.25,34,,97.0,19.608,-3.0,-1.562,1.001,0.999,-0.023,3750,14.51,12.157,0,,,,,,,,,,,0.781,,
2026-10-01T11:56:00.884,498.014,0,800.0,34,,97.094,19.608,-1.5,-1.562,1.001,0.998,-0.023,3740,14.51,12.157,0,,,,,,,,,,,,20.392,
2026-10-01T11:56:01.014,498.144,0,799.25,34,,97.0,19.608,-2.5,-1.562,1.001,0.999,-0.023,3720,14.51,12.157,0,,,,,,,,,,,,,530
2026-10-01T11:56:01.143,498.273,0,793.5,34,,97.0,19.608,-3.0,-1.562,1.001,0.999,-0.023,3720,14.51,12.157,0,105,,,,,,,,,,,,
2026-10-01T11:56:01.273,498.403,0,796.0,34,,97.031,19.608,-2.5,-1.562,1.001,0.999,-0.023,3710,14.51,12.157,0,,75,,,,,,,,,,,
2026-10-01T11:56:01.403,498.533,0,800.0,34,,97.0,19.608,-2.5,-1.562,1.001,0.999,-0.023,3720,14.51,12.157,0,,,12.5,,,,,,,,,,
2026-10-01T11:56:01.533,498.663,0,798.5,34,,97.0,19.608,-2.5,-1.562,1.001,0.999,-0.023,3710,14.51,12.157,0,,,,12.695,,,,,,,,,
2026-10-01T11:56:01.663,498.793,0,799.0,34,,96.969,19.608,-1.0,-1.562,1.001,0.999,-0.02,3700,14.51,12.157,0,,,,,97,,,,,,,,
2026-10-01T11:56:01.793,498.923,0,799.5,34,,97.031,20.0,-2.0,-1.562,1.001,0.998,-0.023,3700,14.51,12.157,0,,,,,,29,,,,,,,
2026-10-01T11:56:01.923,499.053,0,796.25,34,,97.094,19.608,-2.0,-1.562,1.001,0.998,-0.023,3700,14.51,12.157,0,,,,,,,100.0,,,,,,
2026-10-01T11:56:02.053,499.183,0,799.0,34,,97.062,19.608,-2.5,-1.562,1.001,0.999,-0.023,3700,14.51,12.157,0,,,,,,,,412.3,,,,,
2026-10-01T11:56:02.184,499.314,0,800.5,34,,97.062,19.608,-3.0,-1.562,1.001,0.999,-0.023,3700,14.51,12.157,0,,,,,,,,,0.725,,,,
2026-10-01T11:56:02.313,499.443,0,800.25,34,,97.031,19.608,-2.5,-1.562,1.001,0.999,-0.023,3710,14.51,12.157,0,,,,,,,,,,,0.781,,
2026-10-01T11:56:02.444,499.574,0,798.5,34,,97.0,19.608,-2.5,-1.562,1.001,0.998,-0.023,3710,14.51,12.157,0,,,,,,,,,,,,20.392,
2026-10-01T11:56:02.574,499.704,0,796.0,34,,97.125,19.608,-2.0,-1.562,1.001,1.0,-0.02,3690,14.51,12.157,0,,,,,,,,,,,,,532
2026-10-01T11:56:02.703,499.833,0,796.25,34,,97.062,19.608,-3.0,-1.562,1.001,1.0,-0.02,3690,14.51,12.157,0,105,,,,,,,,,,,,
2026-10-01T11:56:02.833,499.963,0,799.75,34,,97.0,19.608,-3.0,-1.562,1.001,1.002,-0.02,3700,14.51,12.157,0,,75,,,,,,,,,,,
2026-10-01T11:56:02.963,500.093,0,793.75,34,,97.062,19.608,-1.5,-1.562,1.001,0.999,-0.023,3700,14.51,12.157,0,,,12.5,,,,,,,,,,
2026-10-01T11:56:03.093,500.223,0,798.0,34,,97.094,19.608,-1.5,-1.562,1.001,0.999,-0.023,3700,14.51,12.157,0,,,,12.714,,,,,,,,,
2026-10-01T11:56:03.223,500.353,0,798.75,34,,97.031,19.608,-3.0,-1.562,1.001,0.999,-0.023,3690,14.51,12.157,0,,,,,97,,,,,,,,
2026-10-01T11:56:03.353,500.483,0,794.25,34,,97.031,19.608,-2.5,-1.562,1.001,0.999,-0.023,3710,14.51,12.157,0,,,,,,29,,,,,,,
2026-10-01T11:56:03.483,500.613,0,802.5,33,,97.094,19.608,-2.5,-1.562,1.001,0.999,-0.023,3710,14.51,12.157,0,,,,,,,100.0,,,,,,
2026-10-01T11:56:03.614,500.744,0,797.5,34,,97.0,19.608,-3.5,-1.562,1.001,1.0,-0.02,3720,14.51,12.157,0,,,,,,,,412.4,,,,,
2026-10-01T11:56:03.743,500.873,0,798.0,34,,97.0,19.608,-2.0,-1.562,1.001,1.0,-0.02,3720,14.51,12.157,0,,,,,,,,,0.725,,,,
2026-10-01T11:56:03.874,501.004,0,797.25,34,,97.0,19.608,-1.0,-1.562,1.001,1.0,-0.02,3710,14.51,12.157,0,,,,,,,,,,,0.781,,
2026-10-01T11:56:04.004,501.134,0,794.75,34,,97.062,19.216,-2.5,-1.562,1.001,0.999,-0.023,3710,14.51,12.157,0,,,,,,,,,,,,20.0,
2026-10-01T11:56:04.133,501.263,0,797.25,33,,96.938,19.216,-2.0,-1.562,1.001,1.0,-0.02,3700,14.51,12.157,0,,,,,,,,,,,,,533
2026-10-01T11:56:04.263,501.393,0,795.0,34,,97.031,19.216,-2.5,-1.562,1.001,1.0,-0.02,3710,14.51,12.157,0,105,,,,,,,,,,,,
2026-10-01T11:56:04.393,501.523,0,797.25,33,,96.938,19.216,-2.0,-1.562,1.001,0.999,-0.023,3710,14.51,12.157,0,,75,,,,,,,,,,,
2026-10-01T11:56:04.523,501.653,0,799.0,34,,96.938,19.216,-2.5,-1.562,1.001,0.999,-0.023,3700,14.51,12.157,0,,,13.281,,,,,,,,,,
2026-10-01T11:56:04.653,501.783,0,801.5,34,,96.938,19.216,-2.5,-1.562,1.001,0.999,-0.023,3710,14.51,12.157,0,,,,12.675,,,,,,,,,
2026-10-01T11:56:04.783,501.913,0,797.75,34,,97.0,19.216,-2.0,-1.562,1.001,0.999,-0.023,3700,14.51,12.157,0,,,,,97,,,,,,,,
2026-10-01T11:56:04.913,502.043,0,800.75,34,,96.969,19.216,-2.5,-1.562,1.001,0.999,-0.023,3690,14.51,12.157,0,,,,,,29,,,,,,,
2026-10-01T11:56:05.044,502.174,0,798.75,34,,97.0,19.216,-1.5,-1.562,1.001,0.999,-0.023,3690,14.51,12.157,0,,,,,,,100.0,,,,,,
2026-10-01T11:56:05.173,502.303,0,794.5,34,,97.031,19.216,-2.0,-1.562,1.001,0.999,-0.023,3680,14.51,12.157,0,,,,,,,,412.5,,,,,
2026-10-01T11:56:05.304,502.434,0,793.25,34,,96.969,19.216,-2.5,-1.562,1.001,0.999,-0.02,3690,14.51,12.157,0,,,,,,,,,0.725,,,,
2026-10-01T11:56:05.434,502.564,0,800.25,34,,97.0,19.216,-2.5,-1.562,1.001,1.0,-0.02,3690,14.51,12.157,0,,,,,,,,,,,0.781,,
2026-10-01T11:56:05.564,502.694,0,800.25,34,,97.0,19.216,-2.0,-1.562,1.001,0.999,-0.02,3700,14.51,12.157,0,,,,,,,,,,,,20.0,
2026-10-01T11:56:05.693,502.823,0,796.5,34,,97.062,19.608,-2.5,-1.562,1.001,0.998,-0.027,3710,14.51,12.157,0,,,,,,,,,,,,,535
2026-10-01T11:56:05.823,502.953,0,797.75,34,,97.0,19.216,-2.0,-1.562,1.001,0.997,-0.027,3700,14.51,12.157,0,105,,,,,,,,,,,,
2026-10-01T11:56:05.953,503.083,0,798.5,34,,96.906,19.216,-2.5,-1.562,1.001,0.997,-0.027,3710,14.51,12.157,0,,75,,,,,,,,,,,
2026-10-01T11:56:06.083,503.213,0,794.5,34,,97.0,19.216,-1.0,-1.562,1.001,0.997,-0.027,3720,14.51,12.157,0,,,13.281,,,,,,,,,,
2026-10-01T11:56:06.213,503.343,0,797.5,34,,97.0,19.608,-2.5,-1.562,1.001,0.999,-0.023,3730,14.51,12.157,0,,,,12.695,,,,,,,,,
2026-10-01T11:56:06.343,503.473,0,795.25,33,,96.969,19.216,-2.0,-1.562,1.001,1.0,-0.02,3740,14.51,12.157,0,,,,,97,,,,,,,,
2026-10-01T11:56:06.474,503.604,0,799.5,34,,97.062,19.608,-2.5,-1.562,1.001,0.999,-0.023,3730,14.51,12.157,0,,,,,,29,,,,,,,
2026-10-01T11:56:06.603,503.733,0,797.5,33,,97.062,19.216,-2.0,-1.562,1.001,0.999,-0.023,3730,14.51,12.157,0,,,,,,,100.0,,,,,,
2026-10-01T11:56:06.734,503.864,0,796.25,34,,97.0,19.216,-1.0,-1.562,1.001,0.999,-0.023,3730,14.51,12.157,0,,,,,,,,412.6,,,,,
2026-10-01T11:56:06.864,503.994,0,793.25,34,,96.938,19.216,-2.0,-1.562,1.001,1.002,-0.02,3740,14.51,12.157,0,,,,,,,,,0.725,,,,
2026-10-01T11:56:06.993,504.123,0,794.25,34,,97.0,19.608,-1.5,-1.562,1.001,1.005,-0.016,3740,14.51,12.157,0,,,,,,,,,,,0.781,,
2026-10-01T11:56:07.123,504.253,0,793.0,34,,97.0,19.608,-2.5,-1.562,1.001,1.005,-0.016,3740,14.51,12.157,0,,,,,,,,,,,,20.0,
2026-10-01T11:56:07.253,504.383,0,794.5,33,,97.0,19.216,-2.0,-1.562,1.001,1.005,-0.016,3740,14.51,12.157,0,,,,,,,,,,,,,537
2026-10-01T11:56:07.383,504.513,0,799.0,33,,97.031,19.608,-2.0,-1.562,1.001,1.005,-0.016,3720,14.51,12.157,0,105,,,,,,,,,,,,
2026-10-01T11:56:07.524,504.654,0,798.25,33,,97.031,19.216,-2.5,-1.562,1.001,1.003,-0.016,3710,14.51,12.157,0,,75,,,,,,,,,,,
2026-10-01T11:56:07.654,504.784,0,794.5,33,,97.094,19.216,-2.5,-1.562,1.001,1.0,-0.02,3710,14.51,12.157,0,,,13.281,,,,,,,,,,
2026-10-01T11:56:07.783,504.913,0,795.5,33,,97.062,19.216,-2.5,-1.562,1.001,0.999,-0.02,3720,14.51,12.157,0,,,,12.558,,,,,,,,,
2026-10-01T11:56:07.913,505.043,0,803.0,33,,97.094,19.216,-2.0,-1.562,1.001,0.999,-0.023,3730,14.51,12.157,0,,,,,97,,,,,,,,
2026-10-01T11:56:08.043,505.173,0,801.5,33,,97.062,19.608,-3.5,-1.562,1.001,0.999,-0.023,3720,14.51,12.157,0,,,,,,29,,,,,,,
2026-10-01T11:56:08.173,505.303,0,796.75,33,,97.0,19.608,-2.5,-1.562,1.001,0.999,-0.023,3710,14.51,12.157,0,,,,,,,100.0,,,,,,
2026-10-01T11:56:08.303,505.433,0,794.0,33,,97.0,19.608,-2.5,-1.562,1.001,0.998,-0.023,3710,14.51,12.157,0,,,,,,,,412.8,,,,,
2026-10-01T11:56:08.433,505.563,0,800.0,33,,97.0,19.216,-3.0,-1.562,1.001,0.998,-0.023,3700,14.51,12.157,0,,,,,,,,,0.72,,,,
2026-10-01T11:56:08.563,505.693,0,802.75,33,,97.0,19.608,-2.5,-1.562,1.001,0.998,-0.023,3700,14.51,12.157,0,,,,,,,,,,,0.781,,
2026-10-01T11:56:08.693,505.823,0,797.75,33,,97.031,19.216,-3.5,-1.562,1.001,0.999,-0.023,3700,14.51,12.157,0,,,,,,,,,,,,20.0,
2026-10-01T11:56:08.823,505.953,0,800.75,33,,96.969,19.216,-2.5,-1.562,1.001,0.999,-0.023,3690,14.51,12.157,0,,,,,,,,,,,,,538
2026-10-01T11:56:08.954,506.084,0,804.75,33,,97.0,19.216,-3.0,-1.562,1.001,1.0,-0.02,3680,14.51,12.157,0,105,,,,,,,,,,,,
2026-10-01T11:56:09.083,506.213,0,800.25,33,,96.969,19.216,-3.0,-1.562,1.001,0.998,-0.023,3690,14.51,12.157,0,,75,,,,,,,,,,,
2026-10-01T11:56:09.214,506.344,0,797.0,33,,96.938,19.216,-2.5,-1.562,1.001,0.998,-0.023,3680,14.51,12.157,0,,,13.281,,,,,,,,,,
2026-10-01T11:56:09.344,506.474,0,798.0,33,,97.0,19.216,-1.0,-1.562,1.001,0.999,-0.023,3670,14.51,12.157,0,,,,12.695,,,,,,,,,
2026-10-01T11:56:09.473,506.603,0,802.0,33,,96.938,19.216,-2.5,-1.562,1.001,1.0,-0.02,3680,14.51,12.157,0,,,,,97,,,,,,,,
2026-10-01T11:56:09.603,506.733,0,796.0,33,,96.969,19.216,-2.5,-1.562,1.001,0.999,-0.02,3680,14.51,12.157,0,,,,,,29,,,,,,,
2026-10-01T11:56:09.733,506.863,0,796.75,33,,96.938,19.608,-2.5,-1.562,1.001,0.999,-0.023,3670,14.51,12.157,0,,,,,,,100.0,,,,,,
2026-10-01T11:56:09.863,506.993,0,798.5,33,,96.938,19.216,-1.5,-1.562,1.001,0.999,-0.023,3670,14.51,12.157,0,,,,,,,,412.9,,,,,
2026-10-01T11:56:09.993,507.123,0,799.5,33,,96.938,19.216,-2.0,-1.562,1.001,0.999,-0.023,3660,14.51,12.157,0,,,,,,,,,0.725,,,,
2026-10-01T11:56:10.123,507.253,0,794.25,33,,97.0,19.216,-2.5,-1.562,1.001,1.0,-0.02,3690,14.51,12.157,0,,,,,,,,,,,0.781,,
2026-10-01T11:56:10.253,507.383,0,797.25,33,,97.0,19.216,-2.5,-1.562,1.001,1.0,-0.02,3700,14.51,12.157,0,,,,,,,,,,,,20.0,
2026-10-01T11:56:10.383,507.513,0,806.25,33,,96.969,19.216,-3.5,-1.562,1.001,0.999,-0.023,3700,14.51,12.157,0,,,,,,,,,,,,,540
2026-10-01T11:56:10.523,507.653,0,800.5,33,,96.938,19.216,-4.0,-1.562,1.001,0.998,-0.023,3700,14.51,12.157,0,105,,,,,,,,,,,,
2026-10-01T11:56:10.653,507.783,0,797.5,33,,96.938,19.216,-3.0,-1.562,1.001,0.998,-0.027,3700,14.51,12.157,0,,75,,,,,,,,,,,
2026-10-01T11:56:10.783,507.913,0,794.0,34,,96.938,19.216,-1.5,-1.562,1.001,0.999,-0.02,3700,14.51,12.157,0,,,13.281,,,,,,,,,,
2026-10-01T11:56:10.913,508.043,0,801.5,33,,96.938,19.216,-2.5,-1.562,1.001,1.002,-0.02,3690,14.51,12.157,0,,,,12.734,,,,,,,,,
2026-10-01T11:56:11.043,508.173,0,801.25,33,,96.969,19.216,-2.5,-1.562,1.001,1.005,-0.016,3690,14.51,12.157,0,,,,,97,,,,,,,,
2026-10-01T11:56:11.173,508.303,0,797.0,33,,96.969,19.216,-2.5,-1.562,1.001,1.007,-0.012,3700,14.51,12.157,0,,,,,,29,,,,,,,
2026-10-01T11:56:11.303,508.433,0,803.75,33,,96.938,19.216,-3.5,-1.562,1.001,1.006,-0.016,3710,14.51,12.157,0,,,,,,,100.0,,,,,,
2026-10-01T11:56:11.433,508.563,0,802.75,33,,96.938,19.216,-3.5,-1.562,1.001,1.005,-0.016,3710,14.51,12.157,0,,,,,,,,413.0,,,,,
2026-10-01T11:56:11.563,508.693,0,803.0,33,,96.969,19.216,-2.5,-1.562,1.001,1.005,-0.016,3720,14.51,12.157,0,,,,,,,,,0.725,,,,
2026-10-01T11:56:11.694,508.824,0,805.25,33,,96.969,19.216,-3.0,-1.562,1.001,0.999,-0.023,3720,14.51,12.157,0,,,,,,,,,,,0.781,,
2026-10-01T11:56:11.823,508.953,0,804.25,33,,97.031,19.216,-3.0,-1.562,1.001,0.997,-0.027,3710,14.51,12.157,0,,,,,,,,,,,,20.0,
2026-10-01T11:56:11.954,509.084,0,804.0,33,,97.0,19.216,-2.5,-1.562,1.001,0.998,-0.023,3700,14.51,12.157,0,,,,,,,,,,,,,541
2026-10-01T11:56:12.083,509.213,0,796.75,33,,97.0,19.216,-2.5,-1.562,1.001,0.999,-0.023,3700,14.51,12.157,0,105,,,,,,,,,,,,
2026-10-01T11:56:12.213,509.344,0,799.25,33,,97.062,19.216,-3.5,-1.562,1.001,1.0,-0.02,3700,14.51,12.157,0,,75,,,,,,,,,,,
2026-10-01T11:56:12.344,509.474,0,806.5,33,,97.0,19.216,-3.0,-1.562,1.001,1.002,-0.02,3700,14.51,12.157,0,,,13.281,,,,,,,,,,
2026-10-01T11:56:12.474,509.604,0,801.75,33,,96.969,19.216,-3.5,-1.562,1.001,0.999,-0.023,3710,14.51,12.157,0,,,,12.636,,,,,,,,,
2026-10-01T11:56:12.604,509.734,0,802.0,34,,96.938,19.216,-3.5,-1.562,1.001,0.999,-0.023,3720,14.51,12.157,0,,,,,97,,,,,,,,
2026-10-01T11:56:12.733,509.863,0,803.5,33,,97.031,19.216,-3.5,-1.562,1.001,0.997,-0.027,3710,14.51,12.157,0,,,,,,29,,,,,,,
2026-10-01T11:56:12.863,509.993,0,801.0,34,,97.0,19.216,-2.5,-1.562,1.001,0.998,-0.027,3730,14.51,12.157,0,,,,,,,100.0,,,,,,
2026-10-01T11:56:12.993,510.123,0,799.25,33,,97.062,19.216,-2.5,-1.562,1.001,0.999,-0.023,3720,14.51,12.157,0,,,,,,,,413.1,,,,,
2026-10-01T11:56:13.123,510.253,0,795.25,33,,97.062,19.216,-2.5,-1.562,1.001,0.999,-0.023,3730,14.51,12.157,0,,,,,,,,,0.72,,,,
2026-10-01T11:56:13.253,510.383,0,797.5,33,,97.0,19.216,-2.5,-1.562,1.001,1.001,-0.02,3730,14.51,12.157,0,,,,,,,,,,,0.781,,
2026-10-01T11:56:13.383,510.513,0,800.0,33,,97.031,19.216,-3.5,-1.562,1.001,1.0,-0.02,3740,14.51,12.157,0,,,,,,,,,,,,20.0,
2026-10-01T11:56:13.524,510.654,0,796.25,33,,97.062,19.216,-4.0,-1.562,1.001,0.999,-0.023,3740,14.51,12.157,0,,,,,,,,,,,,,543
2026-10-01T11:56:13.653,510.783,0,795.5,33,,97.0,19.216,-3.5,-1.562,1.001,0.998,-0.023,3720,14.51,12.157,0,105,,,,,,,,,,,,
2026-10-01T11:56:13.783,510.913,0,799.75,33,,96.969,19.216,-2.5,-1.562,1.001,0.999,-0.023,3710,14.51,12.157,0,,75,,,,,,,,,,,
2026-10-01T11:56:13.913,511.043,0,799.0,33,,96.969,19.216,-3.5,-1.562,1.001,0.999,-0.023,3710,14.51,12.157,0,,,13.281,,,,,,,,,,
2026-10-01T11:56:14.043,511.174,0,800.0,33,,96.969,19.216,-3.5,-1.562,1.001,0.999,-0.023,3720,14.51,12.157,0,,,,12.675,,,,,,,,,
2026-10-01T11:56:14.173,511.303,0,798.0,33,,97.0,19.216,-2.5,-1.562,1.001,0.999,-0.023,3700,14.51,12.157,0,,,,,97,,,,,,,,
2026-10-01T11:56:14.303,511.433,0,796.5,33,,97.0,19.216,-2.5,-1.562,1.001,0.999,-0.023,3700,14.51,12.157,0,,,,,,29,,,,,,,
2026-10-01T11:56:14.433,511.563,0,797.75,33,,96.969,19.216,-2.5,-1.562,1.001,0.999,-0.023,3680,14.51,12.157,0,,,,,,,100.0,,,,,,
2026-10-01T11:56:14.563,511.693,0,798.5,33,,97.0,19.216,-2.5,-1.562,1.001,0.999,-0.023,3680,14.51,12.157,0,,,,,,,,413.3,,,,,
2026-10-01T11:56:14.694,511.824,0,802.0,33,,97.0,19.216,-3.0,-1.562,1.001,0.999,-0.023,3680,14.51,12.157,0,,,,,,,,,0.725,,,,
2026-10-01T11:56:14.823,511.953,0,798.75,33,,97.031,19.216,-3.5,-1.562,1.001,0.998,-0.023,3660,14.51,12.157,0,,,,,,,,,,,0.781,,
2026-10-01T11:56:14.953,512.083,0,797.0,33,,97.0,19.216,-3.0,-1.562,1.001,0.998,-0.027,3660,14.51,12.157,0,,,,,,,,,,,,20.0,
2026-10-01T11:56:15.084,512.214,0,803.75,33,,97.0,19.216,-3.0,-1.562,1.001,0.998,-0.027,3670,14.51,12.157,0,,,,,,,,,,,,,544
2026-10-01T11:56:15.214,512.344,0,800.0,33,,97.0,19.216,-4.0,-1.562,1.001,0.998,-0.023,3680,14.51,12.157,0,105,,,,,,,,,,,,
2026-10-01T11:56:15.344,512.474,0,799.25,33,,97.031,19.216,-3.5,-1.562,1.001,0.998,-0.027,3660,14.51,12.157,0,,75,,,,,,,,,,,
2026-10-01T11:56:15.473,512.603,0,795.75,33,,97.062,19.216,-1.5,-1.562,1.001,0.997,-0.027,3650,14.51,12.157,0,,,13.281,,,,,,,,,,
2026-10-01T11:56:15.613,512.743,0,795.0,33,,97.0,19.216,-3.0,-1.562,1.001,0.998,-0.023,3650,14.51,12.157,0,,,,12.675,,,,,,,,,
2026-10-01T11:56:15.744,512.874,0,796.75,33,,97.031,19.216,-3.0,-1.562,1.001,0.998,-0.023,3650,14.51,12.157,0,,,,,97,,,,,,,,
2026-10-01T11:56:15.873,513.003,0,799.75,33,,96.938,19.216,-1.5,-1.562,1.001,1.001,-0.02,3630,14.51,12.157,0,,,,,,29,,,,,,,
2026-10-01T11:56:16.004,513.134,0,799.75,33,,96.969,19.216,-2.0,-1.562,1.001,1.003,-0.016,3640,14.51,12.157,0,,,,,,,100.0,,,,,,
2026-10-01T11:56:16.134,513.264,0,795.75,33,,96.938,19.216,-3.0,-1.562,1.001,1.005,-0.016,3660,14.51,12.157,0,,,,,,,,413.5,,,,,
2026-10-01T11:56:16.263,513.393,0,798.0,33,,96.938,19.216,-2.5,-1.562,1.001,1.004,-0.016,3660,14.51,12.157,0,,,,,,,,,0.72,,,,
2026-10-01T11:56:16.393,513.523,0,801.5,33,,96.938,19.216,-2.0,-1.562,1.001,1.001,-0.02,3660,14.51,12.157,0,,,,,,,,,,,0.781,,
2026-10-01T11:56:16.523,513.653,0,800.5,33,,96.969,19.216,-2.5,-1.562,1.001,1.002,-0.02,3680,14.51,12.157,0,,,,,,,,,,,,20.0,
2026-10-01T11:56:16.653,513.783,0,798.5,33,,96.938,19.216,-2.5,-1.562,1.001,1.002,-0.02,3660,14.51,12.157,0,,,,,,,,,,,,,546
2026-10-01T11:56:16.783,513.913,0,795.5,33,,96.969,19.216,-2.5,-1.562,1.001,1.003,-0.016,3680,14.51,12.157,0,105,,,,,,,,,,,,
2026-10-01T11:56:16.913,514.043,0,800.25,33,,97.031,19.216,-2.5,-1.562,1.001,1.002,-0.02,3680,14.51,12.157,0,,75,,,,,,,,,,,
2026-10-01T11:56:17.043,514.173,0,799.75,33,,97.0,18.824,-2.5,-1.562,1.001,1.001,-0.02,3660,14.51,12.157,0,,,13.281,,,,,,,,,,
2026-10-01T11:56:17.173,514.303,0,796.5,33,,97.031,19.216,-2.5,-1.562,1.001,1.003,-0.016,3670,14.51,12.157,0,,,,12.734,,,,,,,,,
2026-10-01T11:56:17.303,514.433,0,800.25,33,,96.969,18.824,-2.5,-1.562,1.001,1.003,-0.016,3670,14.51,12.157,0,,,,,97,,,,,,,,
2026-10-01T11:56:17.434,514.564,0,801.75,33,,96.969,19.216,-2.5,-1.562,1.001,1.0,-0.02,3670,14.51,12.157,0,,,,,,29,,,,,,,
2026-10-01T11:56:17.563,514.693,0,799.5,33,,97.0,18.824,-3.0,-1.562,1.001,0.999,-0.023,3670,14.51,12.157,0,,,,,,,100.0,,,,,,
2026-10-01T11:56:17.694,514.824,0,799.5,33,,97.0,19.216,-2.5,-1.562,1.001,0.999,-0.023,3660,14.51,12.157,0,,,,,,,,413.5,,,,,
2026-10-01T11:56:17.824,514.954,0,796.75,33,,97.0,19.216,-2.5,-1.562,1.001,0.999,-0.023,3650,14.51,12.157,0,,,,,,,,,0.72,,,,
2026-10-01T11:56:17.953,515.083,0,798.0,33,,97.0,18.824,-2.0,-1.562,1.001,1.0,-0.02,3650,14.51,12.157,0,,,,,,,,,,,0.781,,
2026-10-01T11:56:18.083,515.213,0,794.25,33,,97.094,19.216,-2.5,-1.562,1.001,1.002,-0.02,3680,14.51,12.157,0,,,,,,,,,,,,19.608,
2026-10-01T11:56:18.213,515.343,0,798.25,33,,97.062,19.216,-3.0,-1.562,1.001,1.0,-0.02,3660,14.51,12.157,0,,,,,,,,,,,,,548
2026-10-01T11:56:18.343,515.473,0,792.75,33,,97.0,19.216,-2.5,-1.562,1.001,0.999,-0.023,3650,14.51,12.157,0,105,,,,,,,,,,,,
2026-10-01T11:56:18.473,515.603,0,802.5,33,,97.062,19.216,-2.5,-1.562,1.001,0.997,-0.027,3670,14.51,12.157,0,,75,,,,,,,,,,,
2026-10-01T11:56:18.603,515.733,0,797.75,33,,96.969,19.216,-3.0,-1.562,1.001,0.998,-0.023,3680,14.51,12.157,0,,,13.281,,,,,,,,,,
2026-10-01T11:56:18.733,515.863,0,801.0,33,,96.938,19.216,-2.0,-1.562,1.001,0.998,-0.023,3690,14.51,12.157,0,,,,12.695,,,,,,,,,
2026-10-01T11:56:18.863,515.994,0,800.25,33,,96.969,19.216,-1.5,-1.562,1.001,0.998,-0.023,3700,14.51,12.157,0,,,,,97,,,,,,,,
2026-10-01T11:56:18.993,516.123,0,795.75,33,,97.031,19.216,-0.5,-1.562,1.001,1.0,-0.02,3710,14.51,12.157,0,,,,,,30,,,,,,,
2026-10-01T11:56:19.123,516.253,0,796.25,33,,97.0,19.216,-2.0,-1.562,1.001,0.999,-0.023,3720,14.51,12.157,0,,,,,,,100.0,,,,,,
2026-10-01T11:56:19.254,516.384,0,799.0,33,,97.0,18.824,-2.5,-1.562,1.001,0.999,-0.023,3710,14.51,12.157,0,,,,,,,,413.6,,,,,
2026-10-01T11:56:19.383,516.513,0,799.0,33,,96.969,19.216,-2.5,-1.562,1.001,0.999,-0.023,3700,14.51,12.157,0,,,,,,,,,0.725,,,,
2026-10-01T11:56:19.513,516.643,0,793.0,33,,96.969,19.216,-2.5,-1.562,1.001,1.003,-0.016,3700,14.51,12.157,0,,,,,,,,,,,0.781,,
2026-10-01T11:56:19.643,516.773,0,797.0,33,,97.031,19.216,-2.5,-0.781,1.001,1.005,-0.016,3700,14.51,12.157,0,,,,,,,,,,,,19.608,
2026-10-01T11:56:19.773,516.903,0,801.75,33,,97.0,19.216,-2.5,-0.781,1.001,1.007,-0.012,3700,14.51,12.157,0,,,,,,,,,,,,,549
2026-10-01T11:56:19.903,517.033,0,796.25,33,,97.0,19.216,-2.5,-0.781,1.001,1.004,-0.016,3710,14.51,12.157,0,105,,,,,,,,,,,,
2026-10-01T11:56:20.033,517.163,0,799.5,33,,96.969,19.216,-2.5,-0.781,1.001,1.0,-0.02,3700,14.51,12.157,0,,75,,,,,,,,,,,
2026-10-01T11:56:20.163,517.293,0,798.25,33,,96.938,18.824,-2.5,-1.562,1.001,0.998,-0.023,3710,14.51,12.157,0,,,13.281,,,,,,,,,,
2026-10-01T11:56:20.293,517.424,0,800.5,33,,97.062,18.824,-3.5,-1.562,1.001,0.997,-0.027,3700,14.51,12.157,0,,,,12.714,,,,,,,,,
2026-10-01T11:56:20.423,517.553,0,798.0,33,,97.0,19.216,-4.0,-1.562,1.001,0.999,-0.023,3690,14.51,12.157,0,,,,,97,,,,,,,,
2026-10-01T11:56:20.553,517.683,0,796.75,33,,96.969,18.824,-2.5,-1.562,1.001,1.001,-0.02,3690,14.51,12.157,0,,,,,,30,,,,,,,
2026-10-01T11:56:20.684,517.814,0,802.0,33,,97.0,19.216,-2.5,-1.562,1.001,0.999,-0.02,3700,14.51,12.157,0,,,,,,,100.0,,,,,,
2026-10-01T11:56:20.814,517.944,0,795.75,33,,97.0,18.824,-2.5,-1.562,1.001,0.999,-0.02,3690,14.51,12.157,0,,,,,,,,413.8,,,,,
2026-10-01T11:56:20.943,518.073,0,796.0,33,,96.969,19.216,-2.0,-1.562,1.001,0.999,-0.023,3690,14.51,12.157,0,,,,,,,,,0.72,,,,
2026-10-01T11:56:21.073,518.203,0,796.0,33,,97.0,19.216,-2.5,-1.562,1.001,1.002,-0.02,3680,14.51,12.157,0,,,,,,,,,,,0.781,,
2026-10-01T11:56:21.203,518.333,0,799.25,33,,96.969,19.216,-2.5,-1.562,1.001,0.999,-0.02,3680,14.51,12.157,0,,,,,,,,,,,,20.0,
2026-10-01T11:56:21.333,518.463,0,798.0,33,,97.0,19.216,-2.5,-1.562,1.001,0.999,-0.023,3670,14.51,12.157,0,,,,,,,,,,,,,551
2026-10-01T11:56:21.463,518.593,0,794.75,33,,97.0,19.216,-2.5,-1.562,1.001,0.999,-0.02,3660,14.51,12.157,0,106,,,,,,,,,,,,
2026-10-01T11:56:21.593,518.723,0,795.25,33,,96.938,19.216,-2.5,-1.562,1.001,0.999,-0.023,3660,14.51,12.157,0,,75,,,,,,,,,,,
2026-10-01T11:56:21.723,518.854,0,798.5,33,,97.0,18.824,-2.5,-1.562,1.001,0.998,-0.023,3660,14.51,12.157,0,,,13.281,,,,,,,,,,
2026-10-01T11:56:21.853,518.983,0,793.0,33,,97.0,19.216,-2.5,-1.562,1.001,0.998,-0.023,3650,14.51,12.157,0,,,,12.695,,,,,,,,,
2026-10-01T11:56:21.983,519.113,0,794.25,33,,97.0,18.824,-2.5,-1.562,1.001,0.999,-0.023,3670,14.51,12.157,0,,,,,97,,,,,,,,
2026-10-01T11:56:22.114,519.244,0,801.5,33,,97.0,19.216,-2.5,-1.562,1.001,0.999,-0.023,3660,14.51,12.157,0,,,,,,30,,,,,,,
2026-10-01T11:56:22.244,519.374,0,796.75,33,,96.969,19.216,-3.0,-1.562,1.001,0.998,-0.023,3650,14.51,12.157,0,,,,,,,100.0,,,,,,
2026-10-01T11:56:22.373,519.503,0,798.5,33,,96.969,19.216,-1.5,-1.562,1.001,0.998,-0.023,3650,14.51,12.157,0,,,,,,,,413.9,,,,,
2026-10-01T11:56:22.503,519.633,0,793.75,33,,96.969,19.216,-2.5,-1.562,1.001,0.999,-0.02,3640,14.51,12.157,0,,,,,,,,,0.72,,,,
2026-10-01T11:56:22.633,519.763,0,798.75,33,,97.0,18.824,-2.5,-1.562,1.001,1.001,-0.02,3650,14.51,12.157,0,,,,,,,,,,,0.781,,
2026-10-01T11:56:22.763,519.893,0,795.75,33,,97.0,19.216,-2.0,-1.562,1.001,1.0,-0.02,3660,14.51,12.157,0,,,,,,,,,,,,20.0,
2026-10-01T11:56:22.893,520.023,0,798.0,33,,96.969,18.824,-2.5,-1.562,1.001,1.0,-0.02,3680,14.51,12.157,0,,,,,,,,,,,,,552
2026-10-01T11:56:23.023,520.153,0,800.5,33,,97.0,18.824,-3.0,-1.562,1.001,0.999,-0.02,3670,14.51,12.157,0,105,,,,,,,,,,,,
2026-10-01T11:56:23.153,520.283,0,796.75,33,,97.031,19.216,-2.5,-1.562,1.001,0.999,-0.023,3690,14.51,12.157,0,,75,,,,,,,,,,,
2026-10-01T11:56:23.283,520.413,0,798.75,33,,96.906,18.824,-1.5,-1.562,1.001,0.998,-0.023,3680,14.51,12.157,0,,,13.281,,,,,,,,,,
2026-10-01T11:56:23.414,520.544,0,800.25,33,,96.938,19.216,-2.5,-1.562,1.001,0.998,-0.023,3680,14.51,12.157,0,,,,12.675,,,,,,,,,
2026-10-01T11:56:23.544,520.674,0,799.25,33,,96.938,18.824,-2.5,-1.562,1.001,0.999,-0.023,3680,14.51,12.157,0,,,,,97,,,,,,,,
2026-10-01T11:56:23.674,520.804,0,796.0,33,,96.969,19.216,-0.5,-1.562,1.001,0.999,-0.02,3690,14.51,12.157,0,,,,,,30,,,,,,,
2026-10-01T11:56:23.803,520.933,0,791.0,33,,97.0,18.824,-1.0,-1.562,1.001,1.002,-0.02,3700,14.51,12.157,0,,,,,,,100.0,,,,,,
2026-10-01T11:56:23.933,521.063,0,797.0,33,,96.969,19.216,-3.0,-1.562,1.001,1.004,-0.016,3690,14.51,12.157,0,,,,,,,,414.0,,,,,
2026-10-01T11:56:24.063,521.193,0,801.5,33,,96.938,18.824,-2.0,-1.562,1.001,1.001,-0.02,3690,14.51,12.157,0,,,,,,,,,0.72,,,,
2026-10-01T11:56:24.193,521.323,0,801.25,33,,96.938,19.216,-3.0,-1.562,1.001,1.0,-0.02,3690,14.51,12.157,0,,,,,,,,,,,0.781,,
2026-10-01T11:56:24.323,521.453,0,795.5,33,,96.938,18.824,-2.0,-0.781,1.001,1.003,-0.016,3690,14.51,12.157,0,,,,,,,,,,,,19.608,
2026-10-01T11:56:24.453,521.583,0,797.75,33,,96.969,19.216,-2.5,-0.781,1.001,1.003,-0.016,3680,14.51,12.157,0,,,,,,,,,,,,,554
2026-10-01T11:56:24.583,521.713,0,794.25,33,,96.969,18.824,-1.0,-0.781,1.001,1.002,-0.02,3680,14.51,12.157,0,106,,,,,,,,,,,,
2026-10-01T11:56:24.713,521.843,0,796.0,33,,96.938,18.824,-0.5,-0.781,1.001,1.0,-0.02,3670,14.51,12.157,0,,75,,,,,,,,,,,
2026-10-01T11:56:24.843,521.973,0,799.0,33,,96.906,19.216,-3.0,-1.562,1.001,1.0,-0.02,3680,14.51,12.157,0,,,14.062,,,,,,,,,,
2026-10-01T11:56:24.974,522.104,0,798.5,33,,96.969,18.824,-1.0,-0.781,1.001,1.001,-0.02,3670,14.51,12.157,0,,,,12.675,,,,,,,,,
2026-10-01T11:56:25.103,522.233,0,793.75,33,,97.0,19.216,-2.0,-1.562,1.001,1.001,-0.02,3680,14.51,12.157,0,,,,,97,,,,,,,,
2026-10-01T11:56:25.233,522.363,0,798.5,33,,96.938,18.824,-1.5,-0.781,1.001,1.0,-0.02,3670,14.51,12.157,0,,,,,,30,,,,,,,
2026-10-01T11:56:25.363,522.493,0,797.25,33,,97.062,19.216,-1.5,-1.562,1.001,1.0,-0.02,3660,14.51,12.157,0,,,,,,,100.0,,,,,,
2026-10-01T11:56:25.493,522.623,0,796.25,33,,97.0,18.824,-2.5,-1.562,1.001,0.999,-0.023,3660,14.51,12.157,0,,,,,,,,414.1,,,,,
2026-10-01T11:56:25.623,522.753,0,794.25,33,,97.0,18.824,-2.0,-1.562,1.001,0.999,-0.023,3670,14.51,12.157,0,,,,,,,,,0.72,,,,
2026-10-01T11:56:25.753,522.883,0,796.25,33,,96.938,18.824,-1.5,-1.562,1.001,1.001,-0.02,3670,14.51,12.157,0,,,,,,,,,,,0.781,,
2026-10-01T11:56:25.883,523.013,0,796.75,33,,96.969,18.824,-2.0,-0.781,1.001,1.001,-0.02,3680,14.51,12.157,0,,,,,,,,,,,,19.608,
2026-10-01T11:56:26.023,523.153,0,792.0,33,,97.0,18.824,-2.5,-0.781,1.001,0.999,-0.023,3690,14.51,12.157,0,,,,,,,,,,,,,555
2026-10-01T11:56:26.153,523.283,0,795.5,33,,97.062,18.824,-2.0,-1.562,1.001,0.999,-0.023,3690,14.51,12.157,0,106,,,,,,,,,,,,
2026-10-01T11:56:26.283,523.413,0,799.0,33,,97.0,18.824,-2.0,-1.562,1.001,0.999,-0.023,3700,14.51,12.157,0,,75,,,,,,,,,,,
2026-10-01T11:56:26.413,523.543,0,796.75,33,,97.0,18.824,-2.5,-0.781,1.001,1.003,-0.016,3700,14.51,12.157,0,,,13.281,,,,,,,,,,
2026-10-01T11:56:26.543,523.673,0,797.0,33,,96.969,18.824,-0.5,-0.781,1.001,1.003,-0.016,3700,14.51,12.157,0,,,,12.753,,,,,,,,,
2026-10-01T11:56:26.673,523.803,0,792.75,33,,96.969,18.824,-1.0,-0.781,1.001,1.002,-0.02,3690,14.51,12.157,0,,,,,97,,,,,,,,
2026-10-01T11:56:26.803,523.933,0,792.0,33,,97.0,19.216,-1.0,-0.781,1.001,1.003,-0.016,3700,14.51,12.157,0,,,,,,30,,,,,,,
2026-10-01T11:56:26.934,524.064,0,795.75,33,,96.938,18.824,-3.0,-0.781,1.001,1.002,-0.02,3700,14.51,12.157,0,,,,,,,100.0,,,,,,
2026-10-01T11:56:27.064,524.194,0,795.0,33,,97.0,19.216,-2.5,-0.781,1.001,1.0,-0.02,3700,14.51,12.157,0,,,,,,,,414.2,,,,,
2026-10-01T11:56:27.193,524.323,0,797.5,33,,96.969,18.824,-3.5,-0.781,1.001,1.002,-0.02,3700,14.51,12.157,0,,,,,,,,,0.72,,,,
2026-10-01T11:56:27.323,524.453,0,792.0,33,,96.969,19.216,-2.5,-0.781,1.001,1.0,-0.02,3700,14.51,12.157,0,,,,,,,,,,,0.781,,
2026-10-01T11:56:27.453,524.583,0,796.5,33,,96.938,19.216,-1.5,-0.781,1.001,0.999,-0.023,3700,14.51,12.157,0,,,,,,,,,,,,19.608,
2026-10-01T11:56:27.583,524.713,0,796.25,33,,96.938,18.824,-2.5,-0.781,1.001,0.999,-0.023,3690,14.51,12.157,0,,,,,,,,,,,,,557
2026-10-01T11:56:27.713,524.843,0,800.75,33,,96.938,19.216,-2.5,-0.781,1.001,0.998,-0.023,3700,14.51,12.157,0,106,,,,,,,,,,,,
2026-10-01T11:56:27.843,524.973,0,798.25,33,,96.969,18.824,-2.5,-0.781,1.001,0.998,-0.027,3690,14.51,12.157,0,,75,,,,,,,,,,,
2026-10-01T11:56:27.973,525.103,0,793.0,33,,96.906,19.216,-1.0,-1.562,1.001,0.996,-0.027,3680,14.51,12.157,0,,,13.281,,,,,,,,,,
2026-10-01T11:56:28.103,525.233,0,796.5,33,,97.0,18.824,-1.0,-1.562,1.001,0.997,-0.027,3680,14.51,12.157,0,,,,12.675,,,,,,,,,
2026-10-01T11:56:28.233,525.363,0,796.0,33,,96.969,19.216,-2.5,-1.562,1.001,0.997,-0.027,3670,14.51,12.157,0,,,,,97,,,,,,,,
2026-10-01T11:56:28.364,525.494,0,798.5,33,,96.938,19.216,-1.5,-1.562,1.001,0.999,-0.023,3670,14.51,12.157,0,,,,,,30,,,,,,,
2026-10-01T11:56:28.493,525.623,0,799.25,33,,97.0,19.216,-2.0,-1.562,1.001,0.998,-0.023,3670,14.51,12.157,0,,,,,,,100.0,,,,,,
2026-10-01T11:56:28.623,525.753,0,796.75,33,,96.906,19.216,-3.5,-1.562,1.001,0.998,-0.027,3680,14.51,12.157,0,,,,,,,,414.3,,,,,
2026-10-01T11:56:28.753,525.883,0,793.5,33,,96.938,18.824,-2.5,-1.562,1.001,0.997,-0.027,3670,14.51,12.157,0,,,,,,,,,0.72,,,,
2026-10-01T11:56:28.883,526.013,0,799.0,33,,96.969,19.216,-2.5,-1.562,1.001,0.997,-0.027,3650,14.51,12.157,0,,,,,,,,,,,0.781,,
2026-10-01T11:56:29.023,526.153,0,796.25,33,,96.938,18.824,-2.5,-1.562,1.001,0.996,-0.031,3660,14.51,12.157,0,,,,,,,,,,,,19.608,
2026-10-01T11:56:29.154,526.284,0,797.25,33,,97.0,18.824,-2.5,-1.562,1.001,0.996,-0.027,3640,14.51,12.157,0,,,,,,,,,,,,,558
2026-10-01T11:56:29.283,526.413,0,797.25,33,,96.969,18.824,-2.5,-1.562,1.001,0.998,-0.027,3620,14.51,12.157,0,106,,,,,,,,,,,,
2026-10-01T11:56:29.413,526.543,0,798.5,33,,96.969,19.216,-2.5,-1.562,1.001,0.997,-0.027,3630,14.51,12.157,0,,75,,,,,,,,,,,
2026-10-01T11:56:29.543,526.673,0,799.5,33,,96.969,19.216,-2.5,-1.562,1.001,0.999,-0.023,3640,14.51,12.157,0,,,14.062,,,,,,,,,,
2026-10-01T11:56:29.673,526.803,0,800.75,33,,96.938,18.824,-2.5,-1.562,1.001,0.999,-0.023,3640,14.51,12.157,0,,,,12.734,,,,,,,,,
2026-10-01T11:56:29.803,526.933,0,796.0,33,,96.938,19.216,-2.5,-1.562,1.001,0.996,-0.027,3660,14.51,12.157,0,,,,,97,,,,,,,,
2026-10-01T11:56:29.933,527.063,0,796.5,33,,96.969,18.824,-1.0,-1.562,1.001,0.997,-0.027,3650,14.51,12.157,0,,,,,,30,,,,,,,
2026-10-01T11:56:30.063,527.193,0,800.25,33,,96.969,18.824,-2.0,-1.562,1.001,0.997,-0.027,3650,14.51,12.157,0,,,,,,,100.0,,,,,,
2026-10-01T11:56:30.193,527.323,0,796.5,33,,97.0,18.824,-2.5,-1.562,1.001,0.998,-0.023,3660,14.51,12.157,0,,,,,,,,414.4,,,,,
2026-10-01T11:56:30.323,527.453,0,799.5,33,,97.0,19.216,-2.0,-1.562,1.001,0.999,-0.023,3660,14.51,12.157,0,,,,,,,,,0.72,,,,
2026-10-01T11:56:30.453,527.583,0,798.5,33,,96.938,18.824,-2.0,-1.562,1.001,0.999,-0.023,3660,14.51,12.157,0,,,,,,,,,,,0.781,,
2026-10-01T11:56:30.584,527.714,0,799.0,33,,96.938,19.216,-1.0,-1.562,1.001,0.999,-0.023,3650,14.51,12.157,0,,,,,,,,,,,,19.608,
2026-10-01T11:56:30.714,527.844,0,798.75,33,,96.969,19.216,-2.5,-1.562,1.001,0.998,-0.023,3660,14.51,12.157,0,,,,,,,,,,,,,560
2026-10-01T11:56:30.843,527.973,0,795.0,33,,97.031,18.824,-1.0,-1.562,1.001,0.997,-0.027,3660,14.51,12.157,0,106,,,,,,,,,,,,
2026-10-01T11:56:30.973,528.103,0,795.0,33,,97.0,18.824,-1.5,-1.562,1.001,0.997,-0.027,3660,14.51,12.157,0,,75,,,,,,,,,,,
2026-10-01T11:56:31.103,528.233,0,797.25,33,,97.031,19.216,-1.5,-1.562,1.001,0.996,-0.027,3660,14.51,12.157,0,,,13.281,,,,,,,,,,
2026-10-01T11:56:31.233,528.363,0,796.5,33,,97.0,19.216,-2.0,-1.562,1.001,0.997,-0.027,3660,14.51,12.157,0,,,,12.695,,,,,,,,,
2026-10-01T11:56:31.363,528.493,0,793.75,33,,97.0,19.216,-0.5,-1.562,1.001,0.998,-0.023,3660,14.51,12.157,0,,,,,97,,,,,,,,
2026-10-01T11:56:31.493,528.623,0,798.75,33,,96.969,19.216,-2.5,-1.562,1.001,0.999,-0.023,3660,14.51,12.157,0,,,,,,30,,,,,,,
2026-10-01T11:56:31.623,528.753,0,793.75,33,,97.0,18.824,-2.5,-1.562,1.001,0.998,-0.023,3660,14.51,12.157,0,,,,,,,100.0,,,,,,
2026-10-01T11:56:31.753,528.883,0,798.75,33,,96.969,19.216,-2.0,-1.562,1.001,0.998,-0.023,3660,14.51,12.157,0,,,,,,,,414.5,,,,,
2026-10-01T11:56:31.883,529.013,0,797.0,33,,97.0,18.824,-1.0,-1.562,1.001,0.998,-0.023,3660,14.51,12.157,0,,,,,,,,,0.725,,,,
2026-10-01T11:56:32.013,529.143,0,789.5,33,,96.969,18.824,-1.5,-1.562,1.001,0.998,-0.023,3640,14.51,12.157,0,,,,,,,,,,,0.781,,
2026-10-01T11:56:32.143,529.273,0,794.75,33,,96.938,18.824,-1.5,-1.562,1.001,0.999,-0.02,3640,14.51,12.157,0,,,,,,,,,,,,19.608,
2026-10-01T11:56:32.273,529.403,0,794.5,33,,97.0,18.824,-1.0,-1.562,1.001,1.001,-0.02,3650,14.51,12.157,0,,,,,,,,,,,,,562
2026-10-01T11:56:32.403,529.533,0,798.75,33,,97.0,19.216,-2.5,-1.562,1.001,1.0,-0.02,3670,14.51,12.157,0,106,,,,,,,,,,,,
2026-10-01T11:56:32.533,529.663,0,793.5,33,,96.969,18.824,-2.5,-1.562,1.001,0.999,-0.023,3670,14.51,12.157,0,,75,,,,,,,,,,,
2026-10-01T11:56:32.663,529.793,0,797.25,33,,97.0,18.824,-1.5,-1.562,1.001,1.001,-0.02,3680,14.51,12.157,0,,,13.281,,,,,,,,,,
2026-10-01T11:56:32.793,529.923,0,797.75,33,,96.938,18.824,-1.5,-1.562,1.001,1.0,-0.02,3660,14.51,12.157,0,,,,12.734,,,,,,,,,
2026-10-01T11:56:32.923,530.053,0,793.25,33,,96.969,18.824,-2.5,-1.562,1.001,1.001,-0.02,3660,14.51,12.157,0,,,,,97,,,,,,,,
2026-10-01T11:56:33.053,530.183,0,794.25,33,,96.969,18.824,-1.0,-1.562,1.001,1.0,-0.02,3650,14.51,12.157,0,,,,,,30,,,,,,,
2026-10-01T11:56:33.184,530.314,0,796.0,33,,97.0,19.216,0.0,-1.562,1.001,1.002,-0.02,3670,14.51,12.157,0,,,,,,,100.0,,,,,,
2026-10-01T11:56:33.313,530.443,0,799.0,33,,96.969,18.824,-2.0,-1.562,1.001,1.003,-0.016,3670,14.51,12.157,0,,,,,,,,414.6,,,,,
2026-10-01T11:56:33.443,530.573,0,796.0,33,,96.969,18.824,-2.5,-1.562,1.001,1.001,-0.02,3700,14.51,12.157,0,,,,,,,,,0.725,,,,
2026-10-01T11:56:33.573,530.703,0,797.5,33,,96.969,18.824,-2.5,-1.562,1.001,1.003,-0.016,3720,14.51,12.157,0,,,,,,,,,,,0.781,,
2026-10-01T11:56:33.703,530.833,0,800.0,33,,96.938,18.824,-2.5,-1.562,1.001,1.0,-0.02,3710,14.51,12.157,0,,,,,,,,,,,,19.608,
2026-10-01T11:56:33.833,530.963,0,796.0,33,,96.938,19.216,-1.5,-1.562,1.001,1.0,-0.02,3710,14.51,12.157,0,,,,,,,,,,,,,563
2026-10-01T11:56:33.963,531.093,0,797.75,33,,96.969,18.824,-1.0,-1.562,1.001,1.0,-0.02,3710,14.51,12.157,0,106,,,,,,,,,,,,
2026-10-01T11:56:34.093,531.223,0,796.0,33,,96.969,19.216,-1.0,-1.562,1.001,1.004,-0.016,3720,14.51,12.157,0,,75,,,,,,,,,,,
2026-10-01T11:56:34.223,531.353,0,796.75,33,,97.0,18.824,-3.0,-0.781,1.001,1.003,-0.016,3720,14.51,12.157,0,,,13.281,,,,,,,,,,
2026-10-01T11:56:34.353,531.483,0,801.75,33,,97.031,19.216,-2.5,-1.562,1.001,1.002,-0.02,3710,14.51,12.157,0,,,,12.714,,,,,,,,,
2026-10-01T11:56:34.483,531.613,0,798.5,33,,97.0,18.824,-2.5,-1.562,1.001,1.003,-0.016,3700,14.51,12.157,0,,,,,97,,,,,,,,
2026-10-01T11:56:34.614,531.744,0,795.75,33,,96.969,18.824,-2.5,-0.781,1.001,1.002,-0.02,3700,14.51,12.157,0,,,,,,30,,,,,,,
2026-10-01T11:56:34.743,531.873,0,797.5,33,,97.0,18.824,-2.0,-0.781,1.001,1.001,-0.02,3690,14.51,12.157,0,,,,,,,100.0,,,,,,
2026-10-01T11:56:34.873,532.003,0,796.75,33,,96.969,18.824,-1.0,-0.781,1.001,1.003,-0.016,3690,14.51,12.157,0,,,,,,,,414.7,,,,,
2026-10-01T11:56:35.003,532.133,0,798.75,33,,96.906,19.216,-2.5,-0.781,1.001,1.003,-0.016,3680,14.51,12.157,0,,,,,,,,,0.725,,,,
2026-10-01T11:56:35.133,532.263,0,794.0,33,,97.0,18.824,-2.5,-0.781,1.001,1.0,-0.02,3700,14.51,12.157,0,,,,,,,,,,,0.781,,
2026-10-01T11:56:35.263,532.393,0,793.75,33,,97.0,19.216,-2.0,-1.562,1.001,0.999,-0.023,3690,14.51,12.157,0,,,,,,,,,,,,19.608,
2026-10-01T11:56:35.393,532.523,0,799.0,33,,97.062,18.824,-2.5,-1.562,1.001,0.999,-0.023,3670,14.51,12.157,0,,,,,,,,,,,,,565
2026-10-01T11:56:35.523,532.653,0,795.5,33,,97.0,18.824,-2.5,-1.562,1.001,0.999,-0.02,3680,14.51,12.157,0,106,,,,,,,,,,,,
2026-10-01T11:56:35.653,532.783,0,794.75,33,,97.0,18.824,-1.5,-1.562,1.001,1.0,-0.02,3660,14.51,12.157,0,,75,,,,,,,,,,,
2026-10-01T11:56:35.784,532.914,0,794.5,33,,96.938,19.216,-3.0,-1.562,1.001,0.999,-0.023,3650,14.51,12.157,0,,,13.281,,,,,,,,,,
2026-10-01T11:56:35.913,533.044,0,792.75,33,,96.969,18.824,-2.0,-1.562,1.001,0.999,-0.023,3650,14.51,12.157,0,,,,12.578,,,,,,,,,
2026-10-01T11:56:36.043,533.173,0,797.0,33,,97.0,18.824,-1.0,-1.562,1.001,0.999,-0.023,3650,14.51,12.157,0,,,,,97,,,,,,,,
2026-10-01T11:56:36.173,533.303,0,797.0,33,,97.0,18.824,-1.5,-1.562,1.001,0.996,-0.027,3640,14.51,12.157,0,,,,,,30,,,,,,,
2026-10-01T11:56:36.303,533.433,0,793.75,33,,97.0,19.216,-3.0,-1.562,1.001,0.997,-0.027,3660,14.51,12.157,0,,,,,,,100.0,,,,,,
2026-10-01T11:56:36.433,533.563,0,796.5,33,,96.938,19.216,-3.0,-1.562,1.001,0.997,-0.027,3650,14.51,12.157,0,,,,,,,,414.8,,,,,
2026-10-01T11:56:36.563,533.693,0,799.5,33,,97.062,18.824,-2.5,-1.562,1.001,0.996,-0.031,3640,14.51,12.157,0,,,,,,,,,0.725,,,,
2026-10-01T11:56:36.693,533.823,0,795.75,33,,97.0,19.216,-2.0,-1.562,1.001,0.996,-0.027,3630,14.51,12.157,0,,,,,,,,,,,0.781,,
2026-10-01T11:56:36.823,533.953,0,792.75,33,,97.0,18.824,-2.5,-1.562,1.001,0.998,-0.027,3640,14.51,12.157,0,,,,,,,,,,,,19.608,
2026-10-01T11:56:36.953,534.083,0,798.25,33,,97.0,18.824,-2.0,-1.562,1.001,0.999,-0.023,3630,14.51,12.157,0,,,,,,,,,,,,,566
2026-10-01T11:56:37.083,534.213,0,796.75,33,,97.0,18.824,-0.5,-1.562,1.001,0.999,-0.023,3640,14.51,12.157,0,106,,,,,,,,,,,,
2026-10-01T11:56:37.214,534.344,0,793.25,33,,97.0,18.824,-2.5,-1.562,1.001,0.998,-0.023,3640,14.51,12.157,0,,75,,,,,,,,,,,
2026-10-01T11:56:37.343,534.473,0,795.25,33,,97.0,18.824,-2.5,-1.562,1.001,0.998,-0.027,3650,14.51,12.157,0,,,14.062,,,,,,,,,,
2026-10-01T11:56:37.473,534.603,0,798.75,33,,96.969,18.824,0.0,-1.562,1.001,0.998,-0.023,3620,14.51,12.157,0,,,,12.753,,,,,,,,,
2026-10-01T11:56:37.603,534.733,0,799.25,33,,97.062,18.824,-1.0,-1.562,1.001,0.998,-0.023,3620,14.51,12.157,0,,,,,97,,,,,,,,
2026-10-01T11:56:37.733,534.863,0,793.25,33,,97.0,18.824,-1.5,-1.562,1.001,1.0,-0.02,3620,14.51,12.157,0,,,,,,30,,,,,,,
2026-10-01T11:56:37.863,534.993,0,795.5,33,,96.906,18.824,-2.0,-1.562,1.001,1.003,-0.016,3650,14.51,12.157,0,,,,,,,100.0,,,,,,
2026-10-01T11:56:37.993,535.123,0,800.75,33,,97.0,18.824,-3.0,-0.781,1.001,1.004,-0.016,3670,14.51,12.157,0,,,,,,,,414.9,,,,,
2026-10-01T11:56:38.123,535.253,0,801.75,33,,97.0,18.824,-3.0,-1.562,1.001,1.001,-0.02,3680,14.51,12.157,0,,,,,,,,,0.725,,,,
2026-10-01T11:56:38.253,535.383,0,798.0,33,,97.0,18.824,-2.5,-1.562,1.001,1.001,-0.02,3670,14.51,12.157,0,,,,,,,,,,,0.781,,
2026-10-01T11:56:38.384,535.514,0,792.0,33,,96.969,18.824,-1.0,-1.562,1.001,1.001,-0.02,3660,14.51,12.157,0,,,,,,,,,,,,19.608,
2026-10-01T11:56:38.513,535.643,0,796.5,33,,96.969,18.824,-1.5,-0.781,1.001,1.003,-0.016,3650,14.51,12.157,0,,,,,,,,,,,,,568
2026-10-01T11:56:38.643,535.773,0,794.5,33,,96.969,18.824,-2.5,-0.781,1.001,1.001,-0.02,3630,14.51,12.157,0,106,,,,,,,,,,,,
2026-10-01T11:56:38.773,535.903,0,798.75,33,,96.969,18.824,-1.5,-0.781,1.001,1.002,-0.02,3640,14.51,12.157,0,,75,,,,,,,,,,,
2026-10-01T11:56:38.903,536.033,0,796.75,33,,96.969,18.824,-1.5,-1.562,1.001,0.999,-0.023,3640,14.51,12.157,0,,,13.281,,,,,,,,,,
2026-10-01T11:56:39.033,536.163,0,798.0,33,,97.0,18.824,-1.5,-1.562,1.001,0.999,-0.023,3650,14.51,12.157,0,,,,12.636,,,,,,,,,
2026-10-01T11:56:39.163,536.293,0,798.0,33,,96.969,18.824,-1.0,-0.781,1.001,1.002,-0.02,3640,14.51,12.157,0,,,,,97,,,,,,,,
2026-10-01T11:56:39.293,536.423,0,793.75,33,,96.938,18.824,-1.0,-0.781,1.001,1.002,-0.02,3640,14.51,12.157,0,,,,,,30,,,,,,,
2026-10-01T11:56:39.423,536.553,0,800.5,33,,96.969,18.431,-2.0,-0.781,1.001,1.004,-0.016,3630,14.51,12.157,0,,,,,,,100.0,,,,,,
2026-10-01T11:56:39.553,536.683,0,795.5,33,,96.969,18.824,-1.5,-0.781,1.001,1.004,-0.016,3640,14.51,12.157,0,,,,,,,,415.0,,,,,
2026-10-01T11:56:39.683,536.813,0,791.25,33,,97.0,18.824,-0.5,-0.781,1.001,1.002,-0.02,3650,14.51,12.157,0,,,,,,,,,0.725,,,,
2026-10-01T11:56:39.814,536.944,0,796.25,33,,96.969,18.824,-2.5,-0.781,1.001,1.0,-0.02,3650,14.51,12.157,0,,,,,,,,,,,0.781,,
2026-10-01T11:56:39.943,537.073,0,791.75,33,,96.969,18.824,0.0,-1.562,1.001,0.998,-0.023,3650,14.51,12.157,0,,,,,,,,,,,,19.608,
2026-10-01T11:56:40.073,537.203,0,795.5,33,,97.0,18.824,-1.0,-1.562,1.001,0.998,-0.023,3670,14.51,12.157,0,,,,,,,,,,,,,569
2026-10-01T11:56:40.203,537.333,0,794.75,33,,96.906,18.824,-2.0,-1.562,1.001,0.997,-0.027,3670,14.51,12.157,0,106,,,,,,,,,,,,
2026-10-01T11:56:40.333,537.463,0,796.75,33,,96.938,18.824,-2.0,-1.562,1.001,0.998,-0.027,3660,14.51,12.157,0,,75,,,,,,,,,,,
2026-10-01T11:56:40.463,537.593,0,795.25,33,,97.094,18.824,-2.0,-1.562,1.001,0.999,-0.023,3670,14.51,12.157,0,,,13.281,,,,,,,,,,
2026-10-01T11:56:40.593,537.723,0,798.25,33,,97.0,18.824,-1.0,-1.562,1.001,0.999,-0.023,3670,14.51,12.157,0,,,,12.714,,,,,,,,,
2026-10-01T11:56:40.723,537.853,0,795.5,33,,96.938,18.824,-1.5,-1.562,1.001,0.999,-0.023,3680,14.51,12.157,0,,,,,97,,,,,,,,
2026-10-01T11:56:40.853,537.983,0,794.75,33,,97.0,18.824,0.0,-0.781,1.001,1.001,-0.02,3690,14.51,12.157,0,,,,,,30,,,,,,,
2026-10-01T11:56:40.984,538.114,0,793.75,33,,96.906,18.824,-1.0,-0.781,1.001,1.0,-0.02,3670,14.51,12.157,0,,,,,,,100.0,,,,,,
2026-10-01T11:56:41.113,538.244,0,795.0,33,,97.0,18.824,-1.0,-0.781,1.001,1.0,-0.02,3680,14.51,12.157,0,,,,,,,,415.1,,,,,
2026-10-01T11:56:41.244,538.374,0,801.5,33,,96.938,18.824,-2.5,-0.781,1.001,1.002,-0.02,3680,14.51,12.157,0,,,,,,,,,0.725,,,,
2026-10-01T11:56:41.373,538.503,0,800.0,33,,97.031,18.824,-1.5,-0.781,1.001,1.0,-0.02,3690,14.51,12.157,0,,,,,,,,,,,0.781,,
2026-10-01T11:56:41.503,538.633,0,797.25,33,,97.0,18.824,-2.5,-0.781,1.001,1.0,-0.02,3670,14.51,12.157,0,,,,,,,,,,,,19.608,
2026-10-01T11:56:41.633,538.763,0,794.25,33,,97.062,18.824,-2.0,-0.781,1.001,0.999,-0.023,3660,14.51,12.157,0,,,,,,,,,,,,,571
2026-10-01T11:56:41.763,538.893,0,799.5,32,,96.969,18.824,-1.0,-1.562,1.001,0.998,-0.023,3660,14.51,12.157,0,106,,,,,,,,,,,,
2026-10-01T11:56:41.893,539.023,0,801.25,33,,97.0,18.824,-2.5,-1.562,1.001,0.996,-0.027,3700,14.51,12.157,0,,75,,,,,,,,,,,
2026-10-01T11:56:42.023,539.153,0,793.5,32,,97.094,18.824,-2.5,-1.562,1.001,0.994,-0.035,3680,14.51,12.157,0,,,14.062,,,,,,,,,,
2026-10-01T11:56:42.153,539.283,0,793.75,33,,97.031,18.824,-1.0,-1.562,1.001,0.996,-0.031,3670,14.51,12.157,0,,,,12.695,,,,,,,,,
2026-10-01T11:56:42.283,539.413,0,796.0,32,,97.031,18.824,-2.0,-1.562,1.001,0.997,-0.027,3660,14.51,12.157,0,,,,,97,,,,,,,,
2026-10-01T11:56:42.414,539.544,0,796.75,33,,96.969,18.824,-2.0,-1.562,1.001,0.999,-0.023,3660,14.51,12.157,0,,,,,,30,,,,,,,
2026-10-01T11:56:42.543,539.673,0,799.5,33,,96.969,18.824,-3.0,-1.562,1.001,0.999,-0.023,3660,14.51,12.157,0,,,,,,,100.0,,,,,,
2026-10-01T11:56:42.673,539.803,0,799.0,32,,96.969,18.824,-0.5,-1.562,1.001,0.998,-0.023,3660,14.51,12.157,0,,,,,,,,415.1,,,,,
2026-10-01T11:56:42.803,539.933,0,798.75,33,,97.062,18.824,-2.0,-1.562,1.001,0.998,-0.027,3640,14.51,12.157,0,,,,,,,,,0.725,,,,
2026-10-01T11:56:42.933,540.063,0,793.0,33,,97.0,18.431,-1.5,-1.562,1.001,0.996,-0.031,3640,14.51,12.157,0,,,,,,,,,,,0.781,,
2026-10-01T11:56:43.063,540.193,0,790.5,33,,97.0,18.824,-0.5,-1.562,1.001,0.997,-0.027,3630,14.51,12.157,0,,,,,,,,,,,,19.608,
2026-10-01T11:56:43.193,540.323,0,795.25,33,,97.0,18.824,-0.5,-1.562,1.001,0.999,-0.023,3620,14.51,12.157,0,,,,,,,,,,,,,573
2026-10-01T11:56:43.323,540.453,0,795.0,32,,97.0,18.824,0.0,-1.562,1.001,0.999,-0.023,3610,14.51,12.157,0,106,,,,,,,,,,,,
2026-10-01T11:56:43.453,540.583,0,797.0,33,,97.062,18.824,-2.5,-1.562,1.001,0.999,-0.023,3610,14.51,12.157,0,,75,,,,,,,,,,,
2026-10-01T11:56:43.583,540.713,0,800.25,32,,97.062,18.824,-1.0,-1.562,1.001,0.998,-0.023,3620,14.51,12.157,0,,,13.281,,,,,,,,,,
2026-10-01T11:56:43.713,540.843,0,796.75,33,,97.0,18.824,-2.0,-1.562,1.001,0.998,-0.023,3620,14.51,12.157,0,,,,12.636,,,,,,,,,
2026-10-01T11:56:43.843,540.973,0,796.25,33,,96.969,18.824,0.5,-1.562,1.001,0.998,-0.027,3620,14.51,12.157,0,,,,,97,,,,,,,,
2026-10-01T11:56:43.973,541.103,0,794.0,33,,96.938,18.431,-0.5,-1.562,1.001,0.999,-0.023,3610,14.51,12.157,0,,,,,,30,,,,,,,
2026-10-01T11:56:44.103,541.233,0,794.75,33,,97.0,18.824,-2.0,-1.562,1.001,0.998,-0.023,3600,14.51,12.157,0,,,,,,,100.0,,,,,,
2026-10-01T11:56:44.233,541.363,0,796.5,33,,97.0,18.824,-2.5,-1.562,1.001,0.999,-0.023,3620,14.51,12.157,0,,,,,,,,415.3,,,,,
2026-10-01T11:56:44.363,541.493,0,800.25,32,,96.938,18.824,-1.0,-1.562,1.001,0.999,-0.023,3630,14.51,12.157,0,,,,,,,,,0.725,,,,
2026-10-01T11:56:44.493,541.623,0,793.0,33,,97.0,18.824,-1.0,-1.562,1.001,0.999,-0.023,3620,14.51,12.157,0,,,,,,,,,,,0.781,,
2026-10-01T11:56:44.623,541.753,0,798.75,32,,96.969,18.431,-1.5,-1.562,1.001,0.999,-0.023,3620,14.51,12.157,0,,,,,,,,,,,,19.216,
2026-10-01T11:56:44.753,541.883,0,796.5,33,,97.0,18.824,-1.0,-1.562,1.001,0.998,-0.023,3620,14.51,12.157,0,,,,,,,,,,,,,574
2026-10-01T11:56:44.883,542.013,0,797.5,32,,96.969,18.431,-1.0,-1.562,1.001,0.999,-0.023,3620,14.51,12.157,0,106,,,,,,,,,,,,
2026-10-01T11:56:45.014,542.144,0,796.25,33,,97.062,18.824,-2.5,-1.562,1.001,0.999,-0.02,3630,14.51,12.157,0,,75,,,,,,,,,,,
2026-10-01T11:56:45.143,542.273,0,795.5,33,,97.062,18.824,-2.0,-1.562,1.001,1.0,-0.02,3630,14.51,12.157,0,,,14.062,,,,,,,,,,
2026-10-01T11:56:45.273,542.403,0,798.5,32,,97.0,18.824,-1.0,-1.562,1.001,0.999,-0.023,3620,14.51,12.157,0,,,,12.695,,,,,,,,,
2026-10-01T11:56:45.403,542.533,0,793.25,33,,97.031,18.824,-1.0,-1.562,1.001,0.999,-0.023,3610,14.51,12.157,0,,,,,97,,,,,,,,
2026-10-01T11:56:45.533,542.663,0,798.5,32,,97.0,18.431,-1.0,-1.562,1.001,1.001,-0.02,3610,14.51,12.157,0,,,,,,30,,,,,,,
2026-10-01T11:56:45.663,542.793,0,801.75,32,,97.0,18.824,-2.0,-1.562,1.001,1.005,-0.016,3630,14.51,12.157,0,,,,,,,100.0,,,,,,
2026-10-01T11:56:45.793,542.923,0,794.25,32,,97.062,18.431,-2.0,-0.781,1.001,1.005,-0.016,3640,14.51,12.157,0,,,,,,,,415.3,,,,,
2026-10-01T11:56:45.923,543.053,0,791.75,33,,97.0,18.824,-0.5,-0.781,1.001,1.005,-0.016,3630,14.51,12.157,0,,,,,,,,,0.725,,,,
2026-10-01T11:56:46.063,543.193,0,795.0,33,,97.0,18.824,0.0,-0.781,1.001,1.005,-0.016,3620,14.51,12.157,0,,,,,,,,,,,0.781,,
2026-10-01T11:56:46.193,543.323,0,799.75,32,,97.031,18.824,-1.0,-0.781,1.001,1.003,-0.016,3620,14.51,12.157,0,,,,,,,,,,,,19.608,
2026-10-01T11:56:46.323,543.453,0,794.25,33,,97.0,18.824,-2.5,-0.781,1.001,1.002,-0.02,3620,14.51,12.157,0,,,,,,,,,,,,,576
2026-10-01T11:56:46.453,543.583,0,796.25,33,,96.969,18.431,-1.5,-1.562,1.001,0.999,-0.023,3610,14.51,12.157,0,106,,,,,,,,,,,,
2026-10-01T11:56:46.583,543.713,0,798.0,33,,96.906,18.824,-1.0,-1.562,1.001,0.999,-0.023,3630,14.51,12.157,0,,75,,,,,,,,,,,
2026-10-01T11:56:46.713,543.843,0,799.75,33,,96.969,18.431,-1.5,-1.562,1.001,0.999,-0.023,3620,14.51,12.157,0,,,14.062,,,,,,,,,,
2026-10-01T11:56:46.843,543.973,0,793.5,33,,97.094,18.824,-1.5,-1.562,1.001,1.0,-0.02,3640,14.51,12.157,0,,,,12.734,,,,,,,,,
2026-10-01T11:56:46.973,544.103,0,796.0,32,,96.969,18.824,-1.5,-0.781,1.001,1.005,-0.016,3630,14.51,12.157,0,,,,,97,,,,,,,,
2026-10-01T11:56:47.103,544.233,0,798.75,33,,97.0,18.824,-2.5,-0.781,1.001,1.005,-0.016,3620,14.51,12.157,0,,,,,,30,,,,,,,
2026-10-01T11:56:47.234,544.364,0,800.5,32,,96.938,18.431,-2.5,-0.781,1.001,1.005,-0.016,3650,14.51,12.157,0,,,,,,,100.0,,,,,,
2026-10-01T11:56:47.363,544.493,0,798.5,33,,96.906,18.824,-2.5,-0.781,1.001,1.0,-0.02,3640,14.51,12.157,0,,,,,,,,415.4,,,,,
2026-10-01T11:56:47.493,544.623,0,801.5,32,,96.969,18.431,-1.0,-0.781,1.001,0.999,-0.023,3640,14.51,12.157,0,,,,,,,,,0.725,,,,
2026-10-01T11:56:47.623,544.753,0,799.0,33,,96.969,18.824,-2.5,-1.562,1.001,0.999,-0.023,3630,14.51,12.157,0,,,,,,,,,,,0.781,,
2026-10-01T11:56:47.753,544.883,0,797.75,33,,96.969,18.824,-1.0,-1.562,1.001,0.998,-0.023,3620,14.51,12.157,0,,,,,,,,,,,,19.216,
2026-10-01T11:56:47.883,545.013,0,794.75,33,,96.938,18.431,-0.5,-0.781,1.001,0.999,-0.023,3620,14.51,12.157,0,,,,,,,,,,,,,577
2026-10-01T11:56:48.013,545.143,0,795.25,33,,97.0,18.824,-2.0,-0.781,1.001,0.999,-0.023,3620,14.51,12.157,0,106,,,,,,,,,,,,
2026-10-01T11:56:48.143,545.273,0,799.5,32,,97.0,18.431,-1.5,-0.781,1.001,0.999,-0.023,3610,14.51,12.157,0,,75,,,,,,,,,,,
2026-10-01T11:56:48.273,545.403,0,796.0,33,,96.938,18.824,-2.5,-1.562,1.001,0.999,-0.02,3630,14.51,12.157,0,,,13.281,,,,,,,,,,
2026-10-01T11:56:48.403,545.533,0,800.5,32,,96.969,18.431,-2.0,-1.562,1.001,0.999,-0.023,3640,14.51,12.157,0,,,,12.675,,,,,,,,,
2026-10-01T11:56:48.533,545.663,0,798.5,33,,97.031,18.824,-2.5,-1.562,1.001,0.999,-0.023,3650,14.51,12.157,0,,,,,97,,,,,,,,
2026-10-01T11:56:48.664,545.794,0,795.75,33,,96.969,18.431,-2.0,-1.562,1.001,0.998,-0.023,3650,14.51,12.157,0,,,,,,30,,,,,,,
2026-10-01T11:56:48.794,545.924,0,793.5,33,,97.0,18.431,-1.0,-1.562,1.001,0.999,-0.023,3640,14.51,12.157,0,,,,,,,100.0,,,,,,
2026-10-01T11:56:48.923,546.053,0,798.75,33,,97.0,18.824,-1.0,-1.562,1.001,0.999,-0.023,3640,14.51,12.157,0,,,,,,,,415.5,,,,,
2026-10-01T11:56:49.053,546.183,0,798.0,33,,97.031,18.431,-1.5,-1.562,1.001,0.999,-0.023,3650,14.51,12.157,0,,,,,,,,,0.725,,,,
2026-10-01T11:56:49.183,546.313,0,793.75,33,,97.0,18.824,-2.0,-0.781,1.001,1.0,-0.02,3660,14.51,12.157,0,,,,,,,,,,,0.781,,
2026-10-01T11:56:49.313,546.443,0,792.75,33,,97.062,18.431,-1.5,-0.781,1.001,1.0,-0.02,3670,14.51,12.157,0,,,,,,,,,,,,19.216,
2026-10-01T11:56:49.443,546.573,0,799.75,32,,97.062,18.431,-1.0,-1.562,1.001,1.0,-0.02,3660,14.51,12.157,0,,,,,,,,,,,,,579
2026-10-01T11:56:49.573,546.703,0,803.75,33,,97.0,18.431,-2.5,-0.781,1.001,1.0,-0.02,3670,14.51,12.157,0,106,,,,,,,,,,,,
2026-10-01T11:56:49.703,546.833,0,797.25,32,,97.0,18.431,-2.5,-0.781,1.001,1.001,-0.02,3680,14.51,12.157,0,,75,,,,,,,,,,,
2026-10-01T11:56:49.833,546.963,0,800.5,33,,97.0,18.824,-2.5,-0.781,1.001,0.999,-0.02,3680,14.51,12.157,0,,,14.062,,,,,,,,,,
2026-10-01T11:56:49.963,547.093,0,795.0,33,,96.969,18.431,-2.0,-1.562,1.001,0.999,-0.023,3660,14.51,12.157,0,,,,12.695,,,,,,,,,
2026-10-01T11:56:50.094,547.224,0,799.25,32,,97.0,18.824,-1.5,-1.562,1.001,0.999,-0.02,3650,14.51,12.157,0,,,,,97,,,,,,,,
2026-10-01T11:56:50.223,547.353,0,799.75,32,,96.969,18.431,-2.0,-1.562,1.001,0.998,-0.023,3640,14.51,12.157,0,,,,,,30,,,,,,,
2026-10-01T11:56:50.353,547.483,0,796.75,32,,97.094,18.431,-2.5,-1.562,1.001,0.998,-0.027,3640,14.51,12.157,0,,,,,,,100.0,,,,,,
2026-10-01T11:56:50.483,547.613,0,795.5,32,,97.0,18.431,-2.5,-1.562,1.001,0.997,-0.027,3640,14.51,12.157,0,,,,,,,,415.6,,,,,
2026-10-01T11:56:50.613,547.743,0,794.75,32,,97.0,18.824,-2.0,-1.562,1.001,0.997,-0.027,3640,14.51,12.157,0,,,,,,,,,0.725,,,,
2026-10-01T11:56:50.743,547.873,0,795.75,32,,97.031,18.824,-2.0,-1.562,1.001,0.998,-0.023,3660,14.51,12.157,0,,,,,,,,,,,0.781,,
2026-10-01T11:56:50.873,548.003,0,800.5,32,,96.969,18.824,-1.5,-1.562,1.001,0.997,-0.027,3640,14.51,12.157,0,,,,,,,,,,,,19.216,
2026-10-01T11:56:51.003,548.133,0,797.75,32,,97.062,18.431,-2.0,-1.562,1.001,0.998,-0.023,3630,14.51,12.157,0,,,,,,,,,,,,,580
2026-10-01T11:56:51.133,548.263,0,794.0,33,,97.031,18.824,-2.5,-1.562,1.001,0.997,-0.027,3630,14.51,12.157,0,106,,,,,,,,,,,,
2026-10-01T11:56:51.263,548.393,0,800.0,32,,96.969,18.431,-1.0,-1.562,1.001,0.997,-0.027,3630,14.51,12.157,0,,75,,,,,,,,,,,
2026-10-01T11:56:51.393,548.523,0,796.25,32,,97.0,18.824,-2.0,-1.562,1.001,0.998,-0.023,3620,14.51,12.157,0,,,13.281,,,,,,,,,,
2026-10-01T11:56:51.524,548.654,0,797.75,32,,97.031,18.824,-1.5,-1.562,1.001,0.998,-0.023,3610,14.51,12.157,0,,,,12.714,,,,,,,,,
2026-10-01T11:56:51.653,548.783,0,797.25,32,,97.094,18.431,-1.0,-1.562,1.001,0.999,-0.023,3610,14.51,12.157,0,,,,,97,,,,,,,,
2026-10-01T11:56:51.783,548.913,0,793.25,33,,96.938,18.824,-1.0,-1.562,1.001,0.998,-0.023,3610,14.51,12.157,0,,,,,,30,,,,,,,
2026-10-01T11:56:51.913,549.043,0,799.75,32,,97.062,18.431,-2.0,-1.562,1.001,0.998,-0.027,3600,14.51,12.157,0,,,,,,,100.0,,,,,,
2026-10-01T11:56:52.043,549.173,0,794.5,32,,97.062,18.824,-2.5,-1.562,1.001,0.998,-0.027,3600,14.51,12.157,0,,,,,,,,415.7,,,,,
2026-10-01T11:56:52.173,549.303,0,793.5,32,,97.0,18.431,-1.5,-1.562,1.001,0.996,-0.031,3600,14.51,12.157,0,,,,,,,,,0.725,,,,
2026-10-01T11:56:52.303,549.433,0,796.0,32,,97.0,18.824,-2.5,-1.562,1.001,0.996,-0.031,3610,14.51,12.157,0,,,,,,,,,,,0.781,,
2026-10-01T11:56:52.433,549.563,0,796.5,32,,96.938,18.824,-1.0,-1.562,1.001,0.996,-0.027,3600,14.51,12.157,0,,,,,,,,,,,,19.216,
2026-10-01T11:56:52.563,549.693,0,793.5,32,,97.094,18.824,-2.5,-1.562,1.001,0.997,-0.027,3600,14.51,12.157,0,,,,,,,,,,,,,582
2026-10-01T11:56:52.693,549.823,0,798.5,32,,97.094,18.824,-1.0,-1.562,1.001,0.998,-0.023,3600,14.51,12.157,0,106,,,,,,,,,,,,
2026-10-01T11:56:52.823,549.953,0,795.75,32,,97.094,18.431,-0.5,-1.562,1.001,0.999,-0.023,3580,14.51,12.157,0,,75,,,,,,,,,,,
2026-10-01T11:56:52.953,550.083,0,794.0,32,,97.0,18.431,-2.0,-1.562,1.001,0.998,-0.023,3590,14.51,12.157,0,,,13.281,,,,,,,,,,
2026-10-01T11:56:53.083,550.213,0,794.25,32,,96.938,18.431,-2.5,-1.562,1.001,0.999,-0.023,3590,14.51,12.157,0,,,,12.578,,,,,,,,,
2026-10-01T11:56:53.213,550.343,0,800.75,32,,96.906,18.431,-2.0,-1.562,1.001,0.999,-0.023,3610,14.51,12.157,0,,,,,97,,,,,,,,
2026-10-01T11:56:53.343,550.473,0,799.0,32,,96.969,18.431,-2.0,-1.562,1.001,0.999,-0.023,3610,14.51,12.157,0,,,,,,30,,,,,,,
2026-10-01T11:56:53.473,550.603,0,793.5,32,,97.031,18.431,-2.0,-1.562,1.001,0.999,-0.02,3610,14.51,12.157,0,,,,,,,100.0,,,,,,
2026-10-01T11:56:53.603,550.733,0,794.25,32,,96.906,18.431,-1.5,-1.562,1.001,0.999,-0.023,3620,14.51,12.157,0,,,,,,,,415.8,,,,,
2026-10-01T11:56:53.733,550.863,0,799.0,32,,97.0,18.431,-2.5,-1.562,1.001,1.0,-0.02,3610,14.51,12.157,0,,,,,,,,,0.725,,,,
2026-10-01T11:56:53.863,550.993,0,794.0,32,,97.0,18.431,-1.0,-1.562,1.001,1.0,-0.02,3600,14.51,12.157,0,,,,,,,,,,,0.781,,
2026-10-01T11:56:53.993,551.123,0,796.0,32,,97.0,18.431,-0.5,-1.562,1.001,1.005,-0.016,3600,14.51,12.157,0,,,,,,,,,,,,19.216,
2026-10-01T11:56:54.123,551.253,0,794.75,32,,96.938,18.431,-2.5,-0.781,1.001,1.006,-0.016,3600,14.51,12.157,0,,,,,,,,,,,,,583
2026-10-01T11:56:54.253,551.383,0,801.25,32,,97.062,18.431,-1.0,-1.562,1.001,1.002,-0.02,3610,14.51,12.157,0,106,,,,,,,,,,,,
2026-10-01T11:56:54.384,551.514,0,798.25,32,,97.0,18.431,-2.5,-1.562,1.001,1.003,-0.016,3620,14.51,12.157,0,,75,,,,,,,,,,,
2026-10-01T11:56:54.513,551.643,0,798.25,32,,97.0,18.431,-2.0,-1.562,1.001,1.001,-0.02,3620,14.51,12.157,0,,,14.062,,,,,,,,,,
2026-10-01T11:56:54.643,551.773,0,792.75,32,,97.0,18.431,-1.0,-1.562,1.001,0.999,-0.02,3610,14.51,12.157,0,,,,12.734,,,,,,,,,
2026-10-01T11:56:54.773,551.903,0,791.0,32,,97.062,18.431,0.5,-1.562,1.001,0.999,-0.023,3600,14.51,12.157,0,,,,,97,,,,,,,,
2026-10-01T11:56:54.903,552.033,0,790.75,33,,96.938,18.431,0.5,-0.781,1.001,1.007,-0.012,3600,14.51,12.157,0,,,,,,30,,,,,,,
2026-10-01T11:56:55.033,552.163,0,796.0,33,,97.062,18.431,-0.5,-0.781,1.001,1.009,-0.012,3610,14.51,12.157,0,,,,,,,100.0,,,,,,
2026-10-01T11:56:55.163,552.293,0,797.25,33,,96.969,18.431,-1.5,-0.781,1.001,1.007,-0.012,3610,14.51,12.157,0,,,,,,,,415.9,,,,,
2026-10-01T11:56:55.293,552.423,0,798.25,33,,97.031,18.431,-1.0,-0.781,1.001,1.002,-0.02,3610,14.51,12.157,0,,,,,,,,,0.73,,,,
2026-10-01T11:56:55.423,552.553,0,799.5,33,,97.031,18.431,-2.0,-1.562,1.001,0.999,-0.023,3600,14.51,12.157,0,,,,,,,,,,,0.781,,
2026-10-01T11:56:55.554,552.684,0,795.25,32,,97.0,18.431,-1.5,-1.562,1.001,1.0,-0.02,3610,14.51,12.157,0,,,,,,,,,,,,19.216,
2026-10-01T11:56:55.683,552.813,0,793.25,33,,97.0,18.431,-1.0,-0.781,1.001,0.999,-0.023,3620,14.51,12.157,0,,,,,,,,,,,,,585
2026-10-01T11:56:55.813,552.943,0,796.5,32,,96.969,18.431,-1.0,-1.562,1.001,1.0,-0.02,3620,14.51,12.157,0,106,,,,,,,,,,,,
2026-10-01T11:56:55.943,553.073,0,797.75,33,,97.0,18.431,-1.0,-0.781,1.001,1.003,-0.016,3630,14.51,12.157,0,,75,,,,,,,,,,,
2026-10-01T11:56:56.073,553.203,0,797.0,33,,97.031,18.824,0.5,-0.781,1.001,1.005,-0.016,3660,14.51,12.157,0,,,13.281,,,,,,,,,,
2026-10-01T11:56:56.203,553.333,0,791.75,32,,97.031,18.431,-1.0,-0.781,1.001,1.008,-0.012,3670,14.51,12.157,0,,,,12.695,,,,,,,,,
2026-10-01T11:56:56.333,553.463,0,796.25,33,,96.969,18.431,-2.5,-0.781,1.001,1.005,-0.016,3670,14.51,12.157,0,,,,,97,,,,,,,,
2026-10-01T11:56:56.463,553.593,0,800.5,33,,97.0,18.431,-2.5,-0.781,1.001,1.001,-0.02,3680,14.51,12.157,0,,,,,,30,,,,,,,
2026-10-01T11:56:56.593,553.723,0,800.25,32,,97.094,18.431,-1.0,-0.781,1.001,1.0,-0.02,3680,14.51,12.157,0,,,,,,,100.0,,,,,,
2026-10-01T11:56:56.724,553.854,0,797.25,32,,97.062,18.431,-0.5,-0.781,1.001,1.0,-0.02,3660,14.51,12.157,0,,,,,,,,416.0,,,,,
2026-10-01T11:56:56.853,553.983,0,792.0,32,,96.969,18.431,-2.5,-0.781,1.001,1.004,-0.016,3660,14.51,12.157,0,,,,,,,,,0.725,,,,
2026-10-01T11:56:56.983,554.113,0,797.5,32,,97.0,18.824,-2.5,-0.781,1.001,1.006,-0.016,3660,14.51,12.157,0,,,,,,,,,,,0.781,,
2026-10-01T11:56:57.113,554.243,0,794.75,32,,97.0,18.431,-3.0,-0.781,1.001,1.008,-0.012,3630,14.51,12.157,0,,,,,,,,,,,,19.608,
2026-10-01T11:56:57.243,554.373,0,798.5,32,,96.969,18.824,-2.5,-0.781,1.001,1.003,-0.016,3650,14.51,12.157,0,,,,,,,,,,,,,587
2026-10-01T11:56:57.373,554.503,0,795.25,32,,97.0,18.431,-1.5,-0.781,1.001,0.999,-0.02,3650,14.51,12.157,0,106,,,,,,,,,,,,
2026-10-01T11:56:57.503,554.633,0,800.0,32,,96.938,18.824,-2.0,-0.781,1.001,0.999,-0.023,3640,14.51,12.157,0,,75,,,,,,,,,,,
2026-10-01T11:56:57.633,554.763,0,795.75,32,,97.0,18.824,-2.0,-0.781,1.001,0.998,-0.027,3630,14.51,12.157,0,,,14.062,,,,,,,,,,
2026-10-01T11:56:57.763,554.893,0,793.0,32,,97.062,18.431,-1.0,-0.781,1.001,0.998,-0.023,3630,14.51,12.157,0,,,,12.714,,,,,,,,,
2026-10-01T11:56:57.893,555.023,0,795.75,32,,96.969,18.431,-1.0,-0.781,1.001,0.997,-0.027,3630,14.51,12.157,0,,,,,97,,,,,,,,
2026-10-01T11:56:58.023,555.153,0,799.5,32,,96.969,18.431,-1.5,-0.781,1.001,0.996,-0.031,3630,14.51,12.157,0,,,,,,30,,,,,,,
2026-10-01T11:56:58.154,555.284,0,793.25,32,,97.0,18.431,-1.0,-0.781,1.001,0.996,-0.027,3620,14.51,12.157,0,,,,,,,100.0,,,,,,
2026-10-01T11:56:58.283,555.413,0,795.5,32,,97.0,18.431,-1.0,-0.781,1.001,0.997,-0.027,3620,14.51,12.157,0,,,,,,,,416.0,,,,,
2026-10-01T11:56:58.413,555.543,0,795.5,32,,96.969,18.431,-1.0,-0.781,1.001,0.996,-0.031,3600,14.51,12.157,0,,,,,,,,,0.725,,,,
2026-10-01T11:56:58.543,555.673,0,797.0,32,,97.0,18.431,-2.0,-0.781,1.001,0.996,-0.031,3590,14.51,12.157,0,,,,,,,,,,,0.781,,
2026-10-01T11:56:58.673,555.803,0,801.0,32,,97.0,18.431,-1.0,-1.562,1.001,0.996,-0.031,3600,14.51,12.157,0,,,,,,,,,,,,18.824,
2026-10-01T11:56:58.803,555.933,0,791.75,32,,97.094,18.431,-1.0,-1.562,1.001,0.996,-0.031,3580,14.51,12.157,0,,,,,,,,,,,,,588
2026-10-01T11:56:58.933,556.063,0,795.25,32,,97.031,18.431,-2.5,-1.562,1.001,0.996,-0.031,3600,14.51,12.157,0,106,,,,,,,,,,,,
2026-10-01T11:56:59.063,556.193,0,799.0,32,,97.0,18.431,-2.0,-1.562,1.001,0.995,-0.031,3580,14.51,12.157,0,,75,,,,,,,,,,,
2026-10-01T11:56:59.193,556.323,0,795.25,32,,97.062,18.431,-1.5,-1.562,1.001,0.995,-0.031,3600,14.51,12.157,0,,,13.281,,,,,,,,,,
2026-10-01T11:56:59.323,556.453,0,797.0,32,,97.0,18.431,-2.5,-1.562,1.001,0.995,-0.031,3580,14.51,12.157,0,,,,12.675,,,,,,,,,
2026-10-01T11:56:59.453,556.583,0,795.0,32,,97.0,18.039,-2.0,-1.562,1.001,0.995,-0.031,3570,14.51,12.157,0,,,,,97,,,,,,,,
2026-10-01T11:56:59.584,556.714,0,800.0,32,,96.969,18.431,-1.0,-1.562,1.001,0.995,-0.031,3580,14.51,12.157,0,,,,,,30,,,,,,,
2026-10-01T11:56:59.713,556.843,0,794.0,32,,97.0,18.431,-2.5,-1.562,1.001,0.995,-0.031,3570,14.51,12.157,0,,,,,,,100.0,,,,,,
2026-10-01T11:56:59.843,556.973,0,796.5,32,,96.969,18.431,-1.0,-1.562,1.001,0.996,-0.031,3570,14.51,12.157,0,,,,,,,,416.1,,,,,
2026-10-01T11:56:59.973,557.103,0,793.75,32,,97.0,18.039,-1.0,-1.562,1.001,0.996,-0.027,3580,14.51,12.157,0,,,,,,,,,0.73,,,,
2026-10-01T11:57:00.103,557.233,0,798.75,32,,97.062,18.431,-1.0,-1.562,1.001,0.997,-0.027,3580,14.51,12.157,0,,,,,,,,,,,0.781,,
2026-10-01T11:57:00.233,557.363,0,801.0,32,,97.062,18.431,-2.5,-1.562,1.001,0.998,-0.023,3600,14.51,12.157,0,,,,,,,,,,,,18.824,
2026-10-01T11:57:00.363,557.493,0,794.75,32,,97.062,18.431,-2.0,-1.562,1.001,0.998,-0.023,3580,14.51,12.157,0,,,,,,,,,,,,,590
2026-10-01T11:57:00.493,557.623,0,794.5,32,,97.0,18.431,-1.5,-1.562,1.001,0.998,-0.027,3580,14.51,12.157,0,106,,,,,,,,,,,,
2026-10-01T11:57:00.623,557.753,0,794.75,32,,97.0,18.039,-1.5,-1.562,1.001,0.998,-0.027,3580,14.51,12.157,0,,75,,,,,,,,,,,
2026-10-01T11:57:00.754,557.884,0,796.25,32,,97.0,18.039,0.5,-1.562,1.001,0.997,-0.027,3580,14.51,12.157,0,,,13.281,,,,,,,,,,
2026-10-01T11:57:00.883,558.013,0,796.75,32,,97.0,18.431,0.5,-1.562,1.001,0.999,-0.023,3580,14.51,12.157,0,,,,12.597,,,,,,,,,
2026-10-01T11:57:01.013,558.143,0,790.0,32,,96.969,18.431,-1.0,-1.562,1.001,1.0,-0.02,3590,14.51,12.157,0,,,,,97,,,,,,,,
2026-10-01T11:57:01.143,558.273,0,796.0,32,,97.0,18.431,-1.5,-1.562,1.001,1.001,-0.02,3590,14.51,12.157,0,,,,,,30,,,,,,,
2026-10-01T11:57:01.273,558.403,0,801.0,32,,96.969,18.431,-1.0,-1.562,1.001,0.999,-0.023,3590,14.51,12.157,0,,,,,,,100.0,,,,,,
2026-10-01T11:57:01.403,558.533,0,796.25,32,,96.938,18.431,-2.0,-1.562,1.001,0.999,-0.023,3620,14.51,12.157,0,,,,,,,,416.2,,,,,
2026-10-01T11:57:01.533,558.663,0,797.5,32,,97.0,18.431,-0.5,-1.562,1.001,0.999,-0.023,3600,14.51,12.157,0,,,,,,,,,0.735,,,,
2026-10-01T11:57:01.663,558.793,0,796.25,32,,97.0,18.039,-1.0,-1.562,1.001,0.999,-0.023,3590,14.51,12.157,0,,,,,,,,,,,0.781,,
2026-10-01T11:57:01.793,558.923,0,799.5,32,,96.969,18.431,-2.0,-1.562,1.001,1.0,-0.02,3600,14.51,12.157,0,,,,,,,,,,,,19.216,
2026-10-01T11:57:01.923,559.053,0,793.25,32,,97.0,18.431,-2.5,-1.562,1.001,1.0,-0.02,3610,14.51,12.157,0,,,,,,,,,,,,,591
2026-10-01T11:57:02.053,559.183,0,795.75,32,,96.969,18.039,-2.5,-1.562,1.001,1.005,-0.016,3610,14.51,12.157,0,106,,,,,,,,,,,,
2026-10-01T11:57:02.184,559.314,0,798.25,32,,97.0,18.431,-2.0,-0.781,1.001,1.003,-0.016,3600,14.51,12.157,0,,75,,,,,,,,,,,
2026-10-01T11:57:02.313,559.443,0,796.25,32,,96.969,18.039,-2.0,-0.781,1.001,1.005,-0.016,3590,14.51,12.157,0,,,14.062,,,,,,,,,,
2026-10-01T11:57:02.443,559.573,0,796.25,32,,97.0,18.039,0.0,-0.781,1.001,1.004,-0.016,3590,14.51,12.157,0,,,,12.734,,,,,,,,,
2026-10-01T11:57:02.573,559.703,0,794.25,32,,96.938,18.039,-0.5,-0.781,1.001,1.005,-0.016,3570,14.51,12.157,0,,,,,97,,,,,,,,
2026-10-01T11:57:02.703,559.833,0,792.75,32,,96.938,18.431,-2.5,-0.781,1.001,1.003,-0.016,3580,14.51,12.157,0,,,,,,30,,,,,,,
2026-10-01T11:57:02.833,559.963,0,796.0,32,,96.969,18.431,-1.5,-0.781,1.001,1.003,-0.016,3570,14.51,12.157,0,,,,,,,100.0,,,,,,
2026-10-01T11:57:02.963,560.093,0,799.75,32,,97.0,18.431,-1.5,-0.781,1.001,1.001,-0.02,3580,14.51,12.157,0,,,,,,,,416.3,,,,,
2026-10-01T11:57:03.093,560.223,0,796.0,32,,97.0,18.431,-1.5,-0.781,1.001,1.0,-0.02,3590,14.51,12.157,0,,,,,,,,,0.73,,,,
2026-10-01T11:57:03.223,560.353,0,799.0,32,,97.062,18.039,-1.5,-0.781,1.001,1.002,-0.02,3570,14.51,12.157,0,,,,,,,,,,,0.781,,
2026-10-01T11:57:03.353,560.483,0,792.75,32,,97.062,18.431,-2.5,-0.781,1.001,1.003,-0.016,3590,14.51,12.157,0,,,,,,,,,,,,18.824,
2026-10-01T11:57:03.483,560.613,0,797.5,32,,96.969,18.039,0.0,-0.781,1.001,1.002,-0.02,3610,14.51,12.157,0,,,,,,,,,,,,,593
2026-10-01T11:57:03.614,560.744,0,795.5,32,,97.0,18.039,-2.0,-0.781,1.001,1.005,-0.016,3600,14.51,12.157,0,106,,,,,,,,,,,,
2026-10-01T11:57:03.743,560.873,0,794.0,32,,96.969,18.431,-2.0,-0.781,1.001,1.005,-0.016,3590,14.51,12.157,0,,75,,,,,,,,,,,
2026-10-01T11:57:03.873,561.003,0,798.5,32,,96.938,18.039,0.0,-0.781,1.001,1.006,-0.016,3600,14.51,12.157,0,,,13.281,,,,,,,,,,
2026-10-01T11:57:04.003,561.133,0,796.0,32,,97.0,18.431,-0.5,-0.781,1.001,1.005,-0.016,3600,14.51,12.157,0,,,,12.656,,,,,,,,,
2026-10-01T11:57:04.133,561.263,0,791.75,32,,97.031,18.431,-1.0,-0.781,1.001,1.006,-0.016,3590,14.51,12.157,0,,,,,97,,,,,,,,
2026-10-01T11:57:04.263,561.393,0,792.75,32,,97.0,18.431,-1.0,-0.781,1.001,1.003,-0.016,3600,14.51,12.157,0,,,,,,30,,,,,,,
2026-10-01T11:57:04.393,561.523,0,797.0,32,,97.031,18.431,-1.0,-0.781,1.001,1.0,-0.02,3610,14.51,12.157,0,,,,,,,100.0,,,,,,
2026-10-01T11:57:04.523,561.653,0,794.25,32,,97.0,18.431,-2.5,-0.781,1.001,0.999,-0.023,3620,14.51,12.157,0,,,,,,,,416.3,,,,,
2026-10-01T11:57:04.653,561.783,0,794.75,32,,97.0,18.431,-1.5,-0.781,1.001,0.998,-0.023,3640,14.51,12.157,0,,,,,,,,,0.725,,,,
2026-10-01T11:57:04.784,561.914,0,801.25,32,,97.031,18.431,-1.0,-0.781,1.001,1.0,-0.02,3660,14.51,12.157,0,,,,,,,,,,,0.781,,
2026-10-01T11:57:04.913,562.043,0,795.0,32,,96.969,18.039,-2.0,-0.781,1.001,0.999,-0.023,3660,14.51,12.157,0,,,,,,,,,,,,19.216,
2026-10-01T11:57:05.043,562.173,0,797.0,32,,97.062,18.431,-0.5,-0.781,1.001,1.002,-0.02,3640,14.51,12.157,0,,,,,,,,,,,,,594
2026-10-01T11:57:05.173,562.303,0,794.75,32,,97.031,18.431,-0.5,-0.781,1.001,1.003,-0.016,3650,14.51,12.157,0,106,,,,,,,,,,,,
2026-10-01T11:57:05.303,562.433,0,795.0,32,,97.062,18.431,-0.5,-0.781,1.001,1.005,-0.016,3640,14.51,12.157,0,,75,,,,,,,,,,,
2026-10-01T11:57:05.433,562.563,0,800.5,32,,96.969,18.431,-2.0,-0.781,1.001,1.01,-0.012,3620,14.51,12.157,0,,,14.062,,,,,,,,,,
2026-10-01T11:57:05.563,562.693,0,793.5,32,,97.062,18.431,-1.0,-0.781,1.001,1.007,-0.012,3630,14.51,12.157,0,,,,12.753,,,,,,,,,
2026-10-01T11:57:05.693,562.823,0,795.5,32,,97.0,18.431,-2.5,-0.781,1.001,1.002,-0.02,3640,14.51,12.157,0,,,,,97,,,,,,,,
2026-10-01T11:57:05.823,562.953,0,796.25,32,,96.969,18.431,-2.5,-0.781,1.001,0.999,-0.02,3640,14.51,12.157,0,,,,,,30,,,,,,,
2026-10-01T11:57:05.953,563.083,0,796.75,32,,97.094,18.431,-2.5,-0.781,1.001,0.999,-0.023,3650,14.51,12.157,0,,,,,,,100.0,,,,,,
2026-10-01T11:57:06.083,563.213,0,796.0,32,,97.094,18.431,-1.5,-0.781,1.001,0.998,-0.027,3640,14.51,12.157,0,,,,,,,,416.5,,,,,
2026-10-01T11:57:06.213,563.343,0,792.25,32,,97.0,18.431,-1.0,-0.781,1.001,0.997,-0.027,3610,14.51,12.157,0,,,,,,,,,0.725,,,,
2026-10-01T11:57:06.343,563.473,0,799.0,32,,97.062,18.431,-1.5,-0.781,1.001,0.997,-0.027,3600,14.51,12.157,0,,,,,,,,,,,0.781,,
2026-10-01T11:57:06.473,563.603,0,794.75,32,,97.0,18.431,-2.0,-0.781,1.001,0.996,-0.031,3580,14.51,12.157,0,,,,,,,,,,,,19.216,
2026-10-01T11:57:06.603,563.733,0,795.25,32,,97.031,18.431,-1.0,-0.781,1.001,0.996,-0.031,3570,14.51,12.157,0,,,,,,,,,,,,,596
2026-10-01T11:57:06.733,563.863,0,796.75,32,,96.969,18.431,-1.0,-0.781,1.001,0.996,-0.031,3560,14.51,12.157,0,106,,,,,,,,,,,,
2026-10-01T11:57:06.863,563.993,0,795.5,32,,97.0,18.431,-1.0,-0.781,1.001,0.998,-0.023,3560,14.51,12.157,0,,75,,,,,,,,,,,
2026-10-01T11:57:06.993,564.123,0,796.5,32,,97.0,18.431,-1.0,-0.781,1.001,0.998,-0.027,3550,14.51,12.157,0,,,13.281,,,,,,,,,,
2026-10-01T11:57:07.123,564.253,0,792.0,32,,97.094,18.431,-2.5,-0.781,1.001,0.996,-0.031,3550,14.51,12.157,0,,,,12.695,,,,,,,,,
2026-10-01T11:57:07.253,564.383,0,795.75,32,,97.125,18.431,-1.5,-0.781,1.001,0.995,-0.031,3550,14.51,12.157,0,,,,,97,,,,,,,,
2026-10-01T11:57:07.383,564.514,0,796.5,32,,97.0,18.431,-1.0,-0.781,1.001,0.993,-0.035,3550,14.51,12.157,0,,,,,,30,,,,,,,
2026-10-01T11:57:07.513,564.643,0,796.75,32,,97.0,18.039,-1.5,-1.562,1.001,0.994,-0.035,3560,14.51,12.157,0,,,,,,,100.0,,,,,,
2026-10-01T11:57:07.643,564.773,0,795.75,32,,97.094,18.039,-1.5,-1.562,1.001,0.993,-0.039,3560,14.51,12.157,0,,,,,,,,416.5,,,,,
2026-10-01T11:57:07.773,564.903,0,793.25,32,,97.125,18.039,-1.0,-1.562,1.001,0.995,-0.035,3570,14.51,12.157,0,,,,,,,,,0.725,,,,
2026-10-01T11:57:07.903,565.033,0,795.0,32,,97.156,18.039,-1.5,-1.562,1.001,0.996,-0.031,3570,14.51,12.157,0,,,,,,,,,,,0.781,,
2026-10-01T11:57:08.033,565.163,0,799.0,32,,97.125,18.431,-1.0,-1.562,1.001,0.997,-0.027,3560,14.51,12.157,0,,,,,,,,,,,,18.824,
2026-10-01T11:57:08.163,565.293,0,794.75,32,,97.062,18.039,-2.0,-0.781,1.001,0.999,-0.023,3560,14.51,12.157,0,,,,,,,,,,,,,597
2026-10-01T11:57:08.293,565.423,0,795.25,32,,97.062,18.431,0.0,-0.781,1.001,0.999,-0.02,3560,14.51,12.157,0,106,,,,,,,,,,,,
2026-10-01T11:57:08.423,565.553,0,796.75,32,,97.062,18.431,-1.5,-0.781,1.001,1.0,-0.02,3560,14.51,12.157,0,,75,,,,,,,,,,,
2026-10-01T11:57:08.553,565.683,0,797.5,32,,97.031,18.431,-2.5,-0.781,1.001,0.999,-0.023,3570,14.51,12.157,0,,,14.062,,,,,,,,,,
2026-10-01T11:57:08.683,565.813,0,798.25,32,,97.062,18.039,-2.5,-0.781,1.001,0.999,-0.023,3590,14.51,12.157,0,,,,12.656,,,,,,,,,
2026-10-01T11:57:08.814,565.944,0,798.0,32,,97.0,18.431,-1.0,-0.781,1.001,0.998,-0.023,3580,14.51,12.157,0,,,,,97,,,,,,,,
2026-10-01T11:57:08.943,566.073,0,795.75,32,,97.062,18.431,-0.5,-0.781,1.001,0.999,-0.023,3580,14.51,12.157,0,,,,,,30,,,,,,,
2026-10-01T11:57:09.073,566.203,0,796.75,32,,97.031,18.039,-1.5,-0.781,1.001,1.0,-0.02,3570,14.51,12.157,0,,,,,,,100.0,,,,,,
2026-10-01T11:57:09.203,566.333,0,794.75,32,,97.031,18.431,-2.5,-0.781,1.001,1.001,-0.02,3590,14.51,12.157,0,,,,,,,,416.6,,,,,
2026-10-01T11:57:09.333,566.463,0,797.0,32,,97.031,18.039,-2.5,-0.781,1.001,1.0,-0.02,3600,14.51,12.157,0,,,,,,,,,0.735,,,,
2026-10-01T11:57:09.463,566.593,0,802.0,32,,97.0,18.039,-1.5,-0.781,1.001,1.0,-0.02,3610,14.51,12.157,0,,,,,,,,,,,0.781,,
2026-10-01T11:57:09.593,566.723,0,798.75,32,,96.969,18.039,0.5,-0.781,1.001,1.001,-0.02,3630,14.51,12.157,0,,,,,,,,,,,,18.824,
2026-10-01T11:57:09.723,566.853,0,791.25,32,,97.062,18.039,-1.0,-0.781,1.001,1.002,-0.02,3630,14.51,12.157,0,,,,,,,,,,,,,599
2026-10-01T11:57:09.853,566.983,0,794.5,32,,97.0,18.431,-0.5,-0.781,1.001,1.001,-0.02,3630,14.51,12.157,0,106,,,,,,,,,,,,
2026-10-01T11:57:09.984,567.114,0,792.5,32,,97.062,18.431,-1.0,-0.781,1.001,0.999,-0.02,3630,14.51,12.157,0,,75,,,,,,,,,,,
2026-10-01T11:57:10.113,567.243,0,794.25,32,,97.0,18.039,-2.0,-0.781,1.001,0.999,-0.023,3630,14.51,12.157,0,,,14.062,,,,,,,,,,
2026-10-01T11:57:10.243,567.373,0,799.25,32,,97.0,18.431,-1.0,-0.781,1.001,0.999,-0.023,3640,14.51,12.157,0,,,,12.695,,,,,,,,,
2026-10-01T11:57:10.373,567.503,0,796.75,32,,96.969,18.039,-2.0,-0.781,1.001,1.0,-0.02,3640,14.51,12.157,0,,,,,97,,,,,,,,
2026-10-01T11:57:10.503,567.633,0,800.25,32,,97.0,18.431,-2.5,-0.781,1.001,1.001,-0.02,3660,14.51,12.157,0,,,,,,30,,,,,,,
2026-10-01T11:57:10.633,567.763,0,797.25,32,,97.0,18.431,-2.0,-0.781,1.001,1.0,-0.02,3650,14.51,12.157,0,,,,,,,100.0,,,,,,
2026-10-01T11:57:10.763,567.893,0,798.5,32,,97.0,18.431,0.0,-0.781,1.001,1.0,-0.02,3640,14.51,12.157,0,,,,,,,,416.6,,,,,
2026-10-01T11:57:10.893,568.023,0,797.0,32,,96.969,18.431,-1.0,-0.781,1.001,1.004,-0.016,3620,14.51,12.157,0,,,,,,,,,0.73,,,,
2026-10-01T11:57:11.023,568.153,0,790.5,32,,97.0,18.431,-1.0,-0.781,1.001,1.005,-0.016,3600,14.51,12.157,0,,,,,,,,,,,0.781,,
2026-10-01T11:57:11.153,568.283,0,796.25,32,,96.969,18.431,-0.5,-0.781,1.001,1.003,-0.016,3600,14.51,12.157,0,,,,,,,,,,,,19.216,
2026-10-01T11:57:11.282,568.413,0,802.75,32,,97.0,18.039,-2.0,-0.781,1.001,1.003,-0.016,3620,14.51,12.157,0,,,,,,,,,,,,,601
2026-10-01T11:57:11.414,568.544,0,797.5,32,,97.031,18.431,-2.5,-0.781,1.001,0.999,-0.023,3620,14.51,12.157,0,106,,,,,,,,,,,,
2026-10-01T11:57:11.543,568.673,0,797.25,32,,97.062,18.431,-1.0,-0.781,1.001,0.998,-0.027,3600,14.51,12.157,0,,75,,,,,,,,,,,
2026-10-01T11:57:11.673,568.803,0,795.25,32,,97.062,18.431,-2.5,-0.781,1.001,0.998,-0.027,3610,14.51,12.157,0,,,13.281,,,,,,,,,,
2026-10-01T11:57:11.803,568.933,0,799.25,32,,97.031,18.431,-2.5,-0.781,1.001,0.998,-0.023,3600,14.51,12.157,0,,,,12.597,,,,,,,,,
2026-10-01T11:57:11.933,569.063,0,795.0,32,,97.0,18.431,-1.0,-0.781,1.001,0.996,-0.031,3600,14.51,12.157,0,,,,,97,,,,,,,,
2026-10-01T11:57:12.063,569.193,0,794.25,32,,97.094,18.431,-1.0,-0.781,1.001,0.995,-0.031,3580,14.51,12.157,0,,,,,,30,,,,,,,
2026-10-01T11:57:12.193,569.323,0,799.25,32,,96.969,18.431,-1.5,-1.562,1.001,0.996,-0.027,3600,14.51,12.157,0,,,,,,,100.0,,,,,,
2026-10-01T11:57:12.323,569.453,0,796.25,32,,97.0,18.431,-1.5,-0.781,1.001,0.997,-0.027,3600,14.51,12.157,0,,,,,,,,416.7,,,,,
2026-10-01T11:57:12.453,569.583,0,799.25,32,,96.969,18.431,-1.5,-0.781,1.001,0.999,-0.023,3600,14.51,12.157,0,,,,,,,,,0.73,,,,
2026-10-01T11:57:12.583,569.713,0,799.25,32,,97.062,18.431,-1.0,-0.781,1.001,0.999,-0.023,3590,14.51,12.157,0,,,,,,,,,,,0.781,,
2026-10-01T11:57:12.713,569.843,0,793.0,32,,96.969,18.431,-1.5,-0.781,1.001,0.998,-0.023,3580,14.51,12.157,0,,,,,,,,,,,,18.824,
2026-10-01T11:57:12.843,569.974,0,795.5,32,,96.969,18.431,-0.5,-0.781,1.001,0.998,-0.023,3570,14.51,12.157,0,,,,,,,,,,,,,602
2026-10-01T11:57:12.973,570.103,0,793.0,32,,97.0,18.431,-0.5,-0.781,1.001,0.998,-0.023,3580,14.51,12.157,0,106,,,,,,,,,,,,
2026-10-01T11:57:13.103,570.233,0,796.0,32,,97.0,18.431,-1.0,-0.781,1.001,0.999,-0.02,3580,14.51,12.157,0,,75,,,,,,,,,,,
2026-10-01T11:57:13.233,570.363,0,798.5,32,,97.0,18.431,-1.5,-0.781,1.001,0.999,-0.023,3570,14.51,12.157,0,,,14.062,,,,,,,,,,
2026-10-01T11:57:13.363,570.493,0,793.5,32,,97.0,18.431,-1.0,-1.562,1.001,0.998,-0.027,3580,14.51,12.157,0,,,,12.734,,,,,,,,,
2026-10-01T11:57:13.493,570.623,0,792.0,32,,97.031,18.431,-1.0,-1.562,1.001,0.996,-0.027,3580,14.51,12.157,0,,,,,97,,,,,,,,
2026-10-01T11:57:13.623,570.753,0,800.25,32,,97.0,18.039,-2.0,-1.562,1.001,0.999,-0.023,3570,14.51,12.157,0,,,,,,30,,,,,,,
2026-10-01T11:57:13.753,570.883,0,797.75,32,,97.094,18.039,-1.5,-1.562,1.001,0.998,-0.023,3560,14.51,12.157,0,,,,,,,100.0,,,,,,
2026-10-01T11:57:13.883,571.013,0,796.0,32,,97.094,18.039,0.0,-1.562,1.001,0.998,-0.023,3570,14.51,12.157,0,,,,,,,,416.8,,,,,
2026-10-01T11:57:14.014,571.144,0,790.5,32,,97.094,18.431,-2.0,-1.562,1.001,0.999,-0.023,3570,14.51,12.157,0,,,,,,,,,0.73,,,,
2026-10-01T11:57:14.143,571.273,0,799.0,32,,97.062,18.431,-1.5,-1.562,1.001,0.998,-0.027,3590,14.51,12.157,0,,,,,,,,,,,0.781,,
2026-10-01T11:57:14.273,571.403,0,796.75,32,,97.062,18.431,0.0,-1.562,1.001,0.998,-0.027,3600,14.51,12.157,0,,,,,,,,,,,,18.824,
2026-10-01T11:57:14.403,571.533,0,797.75,32,,97.094,18.431,-1.0,-1.562,1.001,0.998,-0.027,3590,14.51,12.157,0,,,,,,,,,,,,,604
2026-10-01T11:57:14.533,571.663,0,794.75,32,,97.094,18.039,-2.0,-1.562,1.001,0.999,-0.023,3570,14.51,12.157,0,106,,,,,,,,,,,,
2026-10-01T11:57:14.663,571.793,0,796.75,32,,97.062,18.431,-0.5,-1.562,1.001,0.999,-0.02,3570,14.51,12.157,0,,75,,,,,,,,,,,
2026-10-01T11:57:14.793,571.923,0,792.75,32,,97.031,18.431,-1.0,-0.781,1.001,1.002,-0.02,3580,14.51,12.157,0,,,14.062,,,,,,,,,,
2026-10-01T11:57:14.922,572.052,0,797.5,32,,97.094,18.039,-1.0,-0.781,1.001,1.006,-0.016,3580,14.51,12.157,0,,,,12.695,,,,,,,,,
2026-10-01T11:57:15.053,572.183,0,795.0,32,,97.062,18.431,-1.5,-0.781,1.001,1.005,-0.016,3580,14.51,12.157,0,,,,,97,,,,,,,,
2026-10-01T11:57:15.182,572.312,0,799.0,32,,97.0,18.039,-1.0,-0.781,1.001,1.004,-0.016,3580,14.51,12.157,0,,,,,,30,,,,,,,
2026-10-01T11:57:15.313,572.443,0,799.25,32,,97.125,18.431,-2.0,-0.781,1.001,1.0,-0.02,3590,14.51,12.157,0,,,,,,,100.0,,,,,,
2026-10-01T11:57:15.444,572.574,0,795.75,32,,97.0,18.039,-2.0,-0.781,1.001,1.0,-0.02,3570,14.51,12.157,0,,,,,,,,416.8,,,,,
2026-10-01T11:57:15.573,572.703,0,793.0,32,,97.062,18.039,-1.0,-0.781,1.001,0.999,-0.023,3580,14.51,12.157,0,,,,,,,,,0.73,,,,
2026-10-01T11:57:15.703,572.833,0,796.0,32,,97.0,18.039,0.5,-0.781,1.001,0.999,-0.023,3580,14.51,12.157,0,,,,,,,,,,,0.781,,
2026-10-01T11:57:15.832,572.963,0,800.25,32,,97.094,18.431,-2.0,-0.781,1.001,1.002,-0.02,3580,14.51,12.157,0,,,,,,,,,,,,18.824,
2026-10-01T11:57:15.963,573.093,0,794.75,32,,97.062,18.431,-0.5,-0.781,1.001,1.0,-0.02,3590,14.51,12.157,0,,,,,,,,,,,,,605
2026-10-01T11:57:16.092,573.223,0,796.5,32,,97.031,18.431,-1.0,-0.781,1.001,0.999,-0.023,3590,14.51,12.157,0,106,,,,,,,,,,,,
2026-10-01T11:57:16.222,573.352,0,800.25,32,,97.062,18.039,-2.0,-0.781,1.001,0.999,-0.023,3600,14.51,12.157,0,,75,,,,,,,,,,,
2026-10-01T11:57:16.353,573.483,0,797.25,32,,97.031,18.431,-0.5,-0.781,1.001,1.0,-0.02,3590,14.51,12.157,0,,,14.062,,,,,,,,,,
2026-10-01T11:57:16.493,573.623,0,796.5,32,,97.094,18.039,-1.0,-0.781,1.001,1.0,-0.02,3590,14.51,12.157,0,,,,12.714,,,,,,,,,
2026-10-01T11:57:16.623,573.753,0,800.0,32,,97.0,18.431,-2.5,-0.781,1.001,1.0,-0.02,3600,14.51,12.157,0,,,,,97,,,,,,,,
2026-10-01T11:57:16.753,573.883,0,803.25,32,,97.062,18.431,-1.5,-0.781,1.001,1.001,-0.02,3600,14.51,12.157,0,,,,,,30,,,,,,,
2026-10-01T11:57:16.882,574.013,0,793.5,32,,97.094,18.431,-1.5,-0.781,1.001,1.0,-0.02,3610,14.51,12.157,0,,,,,,,100.0,,,,,,
2026-10-01T11:57:17.013,574.143,0,795.5,32,,97.0,18.431,-2.0,-0.781,1.001,1.0,-0.02,3590,14.51,12.157,0,,,,,,,,417.0,,,,,
2026-10-01T11:57:17.143,574.273,0,797.5,32,,97.062,18.431,-0.5,-0.781,1.001,1.001,-0.02,3600,14.51,12.157,0,,,,,,,,,0.725,,,,
2026-10-01T11:57:17.273,574.403,0,797.0,32,,97.0,18.431,-2.5,-0.781,1.001,1.005,-0.016,3610,14.51,12.157,0,,,,,,,,,,,0.781,,
2026-10-01T11:57:17.403,574.533,0,800.0,32,,96.969,18.431,-1.0,-0.781,1.001,1.001,-0.02,3600,14.51,12.157,0,,,,,,,,,,,,19.216,
2026-10-01T11:57:17.533,574.663,0,801.25,32,,97.0,18.431,-1.0,-0.781,1.001,1.003,-0.016,3610,14.51,12.157,0,,,,,,,,,,,,,607
2026-10-01T11:57:17.663,574.793,0,798.75,32,,97.0,18.431,-1.0,-0.781,1.001,1.0,-0.02,3600,14.51,12.157,0,106,,,,,,,,,,,,
2026-10-01T11:57:17.793,574.923,0,796.25,32,,97.062,18.431,-1.0,-0.781,1.001,0.999,-0.023,3610,14.51,12.157,0,,75,,,,,,,,,,,
2026-10-01T11:57:17.923,575.053,0,795.75,32,,97.031,18.431,-2.0,-0.781,1.001,0.999,-0.023,3620,14.51,12.157,0,,,14.062,,,,,,,,,,
2026-10-01T11:57:18.053,575.183,0,795.0,32,,97.0,18.431,0.0,-0.781,1.001,0.998,-0.023,3620,14.51,12.157,0,,,,12.656,,,,,,,,,
2026-10-01T11:57:18.182,575.312,0,793.5,32,,97.0,18.431,-2.5,-0.781,1.001,0.998,-0.023,3640,14.51,12.157,0,,,,,97,,,,,,,,
2026-10-01T11:57:18.312,575.443,0,795.0,32,,97.0,18.431,-1.5,-0.781,1.001,0.998,-0.027,3630,14.51,12.157,0,,,,,,30,,,,,,,
2026-10-01T11:57:18.443,575.573,0,798.0,32,,97.0,18.431,-1.0,-0.781,1.001,1.0,-0.02,3630,14.51,12.157,0,,,,,,,100.0,,,,,,
2026-10-01T11:57:18.573,575.703,0,801.5,32,,97.031,18.039,-1.5,-0.781,1.001,0.999,-0.023,3630,14.51,12.157,0,,,,,,,,417.0,,,,,
2026-10-01T11:57:18.703,575.833,0,793.0,32,,97.0,18.431,-1.0,-0.781,1.001,0.999,-0.02,3630,14.51,12.157,0,,,,,,,,,0.73,,,,
2026-10-01T11:57:18.833,575.963,0,793.25,32,,97.0,18.039,-2.5,-0.781,1.001,1.0,-0.02,3630,14.51,12.157,0,,,,,,,,,,,0.781,,
2026-10-01T11:57:18.963,576.093,0,794.75,32,,97.062,18.431,-0.5,-0.781,1.001,1.0,-0.02,3630,14.51,12.157,0,,,,,,,,,,,,19.216,
2026-10-01T11:57:19.094,576.224,0,796.25,32,,97.062,18.431,-2.0,-0.781,1.001,1.002,-0.02,3630,14.51,12.157,0,,,,,,,,,,,,,608
2026-10-01T11:57:19.223,576.353,0,797.25,32,,97.094,18.431,-3.0,-0.781,1.001,1.001,-0.02,3640,14.51,12.157,0,106,,,,,,,,,,,,
2026-10-01T11:57:19.353,576.483,0,799.5,32,,97.125,18.431,-1.0,-0.781,1.001,1.0,-0.02,3630,14.51,12.157,0,,75,,,,,,,,,,,
2026-10-01T11:57:19.482,576.613,0,798.5,32,,97.094,18.431,-1.0,-0.781,1.001,0.998,-0.023,3610,14.51,12.157,0,,,13.281,,,,,,,,,,
2026-10-01T11:57:19.613,576.743,0,793.0,32,,97.094,18.431,-1.5,-0.781,1.001,0.997,-0.027,3610,14.51,12.157,0,,,,12.714,,,,,,,,,
2026-10-01T11:57:19.743,576.873,0,796.0,32,,97.031,18.431,-2.0,-0.781,1.001,0.999,-0.023,3610,14.51,12.157,0,,,,,97,,,,,,,,
2026-10-01T11:57:19.873,577.003,0,800.75,32,,97.0,18.431,-2.5,-0.781,1.001,0.997,-0.027,3620,14.51,12.157,0,,,,,,30,,,,,,,
2026-10-01T11:57:20.003,577.133,0,800.0,32,,96.969,18.431,-2.5,-1.562,1.001,0.996,-0.031,3610,14.51,12.157,0,,,,,,,100.0,,,,,,
2026-10-01T11:57:20.133,577.263,0,798.75,32,,97.0,18.431,-2.0,-1.562,1.001,0.994,-0.035,3600,14.51,12.157,0,,,,,,,,417.1,,,,,
2026-10-01T11:57:20.263,577.393,0,796.25,32,,96.938,18.431,-2.5,-1.562,1.001,0.995,-0.031,3620,14.51,12.157,0,,,,,,,,,0.73,,,,
2026-10-01T11:57:20.393,577.523,0,796.25,32,,97.094,18.431,-2.5,-1.562,1.001,0.995,-0.031,3610,14.51,12.157,0,,,,,,,,,,,0.781,,
2026-10-01T11:57:20.523,577.653,0,796.75,32,,97.094,18.431,-1.0,-1.562,1.001,0.995,-0.031,3600,14.51,12.157,0,,,,,,,,,,,,18.824,
2026-10-01T11:57:20.653,577.783,0,798.5,32,,97.094,18.431,-1.5,-1.562,1.001,0.996,-0.031,3590,14.51,12.157,0,,,,,,,,,,,,,610
2026-10-01T11:57:20.782,577.913,0,795.5,32,,97.0,18.431,-2.0,-1.562,1.001,0.996,-0.031,3600,14.51,12.157,0,106,,,,,,,,,,,,
2026-10-01T11:57:20.913,578.043,0,799.75,32,,97.0,18.431,-2.5,-1.562,1.001,0.996,-0.031,3580,14.51,12.157,0,,75,,,,,,,,,,,
2026-10-01T11:57:21.042,578.173,0,795.5,32,,97.0,18.431,-2.5,-1.562,1.001,0.995,-0.035,3580,14.51,12.157,0,,,14.062,,,,,,,,,,
2026-10-01T11:57:21.173,578.303,0,796.5,32,,97.094,18.431,-2.5,-1.562,1.001,0.995,-0.031,3590,14.51,12.157,0,,,,12.714,,,,,,,,,
2026-10-01T11:57:21.303,578.433,0,802.0,32,,97.0,18.039,-2.5,-1.562,1.001,0.996,-0.031,3580,14.51,12.157,0,,,,,97,,,,,,,,
2026-10-01T11:57:21.432,578.562,0,795.25,32,,97.125,18.431,-2.0,-1.562,1.001,0.995,-0.031,3570,14.51,12.157,0,,,,,,30,,,,,,,
2026-10-01T11:57:21.573,578.703,0,799.5,32,,97.094,18.039,-1.0,-1.562,1.001,0.994,-0.035,3560,14.51,12.157,0,,,,,,,100.0,,,,,,
2026-10-01T11:57:21.703,578.833,0,796.5,32,,97.094,18.431,-1.0,-1.562,1.001,0.996,-0.031,3560,14.51,12.157,0,,,,,,,,417.1,,,,,
2026-10-01T11:57:21.832,578.963,0,794.75,32,,97.031,18.431,-1.5,-1.562,1.001,0.997,-0.027,3550,14.51,12.157,0,,,,,,,,,0.735,,,,
2026-10-01T11:57:21.963,579.093,0,795.5,32,,97.062,18.431,-1.5,-1.562,1.001,0.998,-0.023,3540,14.51,12.157,0,,,,,,,,,,,0.781,,
2026-10-01T11:57:22.093,579.223,0,797.5,32,,97.0,18.039,-2.0,-1.562,1.001,0.999,-0.023,3550,14.51,12.157,0,,,,,,,,,,,,18.824,
2026-10-01T11:57:22.223,579.353,0,792.5,32,,97.0,18.039,-1.5,-1.562,1.001,0.999,-0.023,3560,14.51,12.157,0,,,,,,,,,,,,,612
2026-10-01T11:57:22.353,579.483,0,793.0,32,,97.094,18.431,-1.0,-1.562,1.001,0.999,-0.023,3560,14.51,12.157,0,106,,,,,,,,,,,,
2026-10-01T11:57:22.483,579.613,0,799.0,32,,97.094,18.431,-1.0,-1.562,1.001,0.999,-0.023,3570,14.51,12.157,0,,75,,,,,,,,,,,
2026-10-01T11:57:22.613,579.743,0,794.5,32,,97.031,18.431,-2.5,-1.562,1.001,0.999,-0.023,3570,14.51,12.157,0,,,14.062,,,,,,,,,,
2026-10-01T11:57:22.743,579.873,0,798.25,32,,97.0,18.431,-0.5,-1.562,1.001,0.997,-0.027,3580,14.51,12.157,0,,,,12.714,,,,,,,,,
2026-10-01T11:57:22.873,580.003,0,797.25,32,,97.0,18.039,-0.5,-1.562,1.001,0.997,-0.027,3580,14.51,12.157,0,,,,,97,,,,,,,,
2026-10-01T11:57:23.003,580.133,0,792.0,32,,97.062,18.039,-1.0,-1.562,1.001,0.998,-0.023,3580,14.51,12.157,0,,,,,,30,,,,,,,
2026-10-01T11:57:23.133,580.263,0,794.5,32,,97.062,18.431,-1.5,-1.562,1.001,1.003,-0.016,3580,14.51,12.157,0,,,,,,,100.0,,,,,,
2026-10-01T11:57:23.263,580.393,0,798.25,32,,97.062,18.431,-1.0,-1.562,1.001,1.005,-0.016,3580,14.51,12.157,0,,,,,,,,417.2,,,,,
2026-10-01T11:57:23.393,580.523,0,798.25,32,,97.0,18.431,-1.5,-0.781,1.001,1.009,-0.012,3580,14.51,12.157,0,,,,,,,,,0.74,,,,
2026-10-01T11:57:23.523,580.653,0,796.5,32,,97.031,18.039,-2.5,-0.781,1.001,1.009,-0.012,3590,14.51,12.157,0,,,,,,,,,,,0.781,,
2026-10-01T11:57:23.653,580.783,0,801.25,32,,97.062,18.431,-2.0,-0.781,1.001,1.005,-0.016,3600,14.51,12.157,0,,,,,,,,,,,,19.216,
2026-10-01T11:57:23.783,580.913,0,796.0,32,,96.938,18.039,-1.5,-0.781,1.001,1.001,-0.02,3600,14.51,12.157,0,,,,,,,,,,,,,613
2026-10-01T11:57:23.914,581.044,0,799.5,32,,96.938,18.039,-1.5,-1.562,1.001,0.998,-0.027,3580,14.51,12.157,0,106,,,,,,,,,,,,
2026-10-01T11:57:24.043,581.173,0,798.5,32,,97.0,18.431,-2.5,-1.562,1.001,0.997,-0.027,3590,14.51,12.157,0,,75,,,,,,,,,,,
2026-10-01T11:57:24.172,581.303,0,796.5,32,,96.938,18.039,-1.5,-1.562,1.001,0.999,-0.023,3590,14.51,12.157,0,,,13.281,,,,,,,,,,
2026-10-01T11:57:24.303,581.433,0,795.25,32,,96.969,18.431,-2.0,-1.562,1.001,1.002,-0.02,3590,14.51,12.157,0,,,,12.597,,,,,,,,,
2026-10-01T11:57:24.433,581.563,0,798.0,32,,96.938,18.039,-2.0,-0.781,1.001,1.002,-0.02,3590,14.51,12.157,0,,,,,97,,,,,,,,
2026-10-01T11:57:24.562,581.693,0,793.75,32,,96.938,18.431,-1.0,-0.781,1.001,1.005,-0.016,3580,14.51,12.157,0,,,,,,30,,,,,,,
2026-10-01T11:57:24.693,581.823,0,797.25,32,,97.0,18.431,-1.0,-0.781,1.001,1.005,-0.016,3590,14.51,12.157,0,,,,,,,100.0,,,,,,
2026-10-01T11:57:24.823,581.953,0,796.75,32,,96.938,18.039,0.0,-0.781,1.001,1.006,-0.016,3600,14.51,12.157,0,,,,,,,,417.3,,,,,
2026-10-01T11:57:24.953,582.083,0,794.0,32,,97.0,18.039,-2.5,-0.781,1.001,1.003,-0.016,3590,14.51,12.157,0,,,,,,,,,0.735,,,,
2026-10-01T11:57:25.082,582.212,0,799.75,32,,96.969,18.039,-1.0,-0.781,1.001,0.999,-0.023,3590,14.51,12.157,0,,,,,,,,,,,0.781,,
2026-10-01T11:57:25.213,582.343,0,796.75,32,,97.062,18.039,-1.5,-0.781,1.001,0.999,-0.023,3590,14.51,12.157,0,,,,,,,,,,,,18.824,
2026-10-01T11:57:25.343,582.474,0,796.5,32,,97.062,18.431,-1.0,-0.781,1.001,1.001,-0.02,3580,14.51,12.157,0,,,,,,,,,,,,,615
2026-10-01T11:57:25.473,582.603,0,796.5,32,,97.062,18.039,-1.0,-0.781,1.001,1.004,-0.016,3570,14.51,12.157,0,106,,,,,,,,,,,,
2026-10-01T11:57:25.603,582.733,0,795.0,32,,97.062,18.431,-2.0,-0.781,1.001,1.003,-0.016,3590,14.51,12.157,0,,75,,,,,,,,,,,
2026-10-01T11:57:25.733,582.863,0,798.75,32,,97.0,18.431,-1.5,-0.781,1.001,1.0,-0.02,3600,14.51,12.157,0,,,14.062,,,,,,,,,,
2026-10-01T11:57:25.863,582.993,0,795.25,32,,97.0,18.431,-2.0,-0.781,1.001,1.002,-0.02,3590,14.51,12.157,0,,,,12.734,,,,,,,,,
2026-10-01T11:57:25.992,583.123,0,794.0,32,,97.0,18.431,-1.5,-0.781,1.001,0.999,-0.023,3590,14.51,12.157,0,,,,,97,,,,,,,,
2026-10-01T11:57:26.122,583.252,0,798.75,32,,97.0,18.039,-1.0,-0.781,1.001,1.001,-0.02,3580,14.51,12.157,0,,,,,,30,,,,,,,
2026-10-01T11:57:26.253,583.383,0,801.0,32,,97.0,18.039,-2.0,-0.781,1.001,1.003,-0.016,3590,14.51,12.157,0,,,,,,,100.0,,,,,,
2026-10-01T11:57:26.383,583.513,0,794.5,32,,97.062,18.039,-1.0,-0.781,1.001,1.002,-0.02,3590,14.51,12.157,0,,,,,,,,417.4,,,,,
2026-10-01T11:57:26.513,583.643,0,792.25,32,,97.0,18.431,-2.0,-0.781,1.001,1.003,-0.016,3610,14.51,12.157,0,,,,,,,,,0.73,,,,
2026-10-01T11:57:26.643,583.773,0,798.0,32,,97.031,18.431,-1.0,-0.781,1.001,1.002,-0.02,3620,14.51,12.157,0,,,,,,,,,,,0.781,,
2026-10-01T11:57:26.774,583.904,0,795.0,32,,97.031,18.039,-2.0,-0.781,1.001,1.003,-0.016,3630,14.51,12.157,0,,,,,,,,,,,,19.216,
2026-10-01T11:57:26.903,584.033,0,795.5,32,,97.031,18.431,-2.5,-0.781,1.001,0.999,-0.023,3650,14.51,12.157,0,,,,,,,,,,,,,616
2026-10-01T11:57:27.033,584.163,0,795.25,32,,97.0,18.039,-1.5,-0.781,1.001,0.999,-0.023,3640,14.51,12.157,0,106,,,,,,,,,,,,
2026-10-01T11:57:27.162,584.292,0,795.75,32,,97.062,18.431,-1.0,-0.781,1.001,0.999,-0.023,3640,14.51,12.157,0,,74,,,,,,,,,,,
2026-10-01T11:57:27.293,584.423,0,800.5,32,,97.062,18.431,-2.5,-0.781,1.001,1.0,-0.02,3640,14.51,12.157,0,,,14.062,,,,,,,,,,
2026-10-01T11:57:27.422,584.553,0,798.5,32,,97.094,18.039,-2.5,-0.781,1.001,1.003,-0.016,3640,14.51,12.157,0,,,,12.695,,,,,,,,,
2026-10-01T11:57:27.552,584.682,0,794.25,32,,97.062,18.431,-1.5,-0.781,1.001,1.003,-0.016,3650,14.51,12.157,0,,,,,97,,,,,,,,
2026-10-01T11:57:27.682,584.812,0,797.75,32,,97.0,18.039,-2.0,-0.781,1.001,1.005,-0.016,3620,14.51,12.157,0,,,,,,30,,,,,,,
2026-10-01T11:57:27.813,584.943,0,795.5,32,,97.0,18.431,-2.0,-0.781,1.001,0.999,-0.023,3630,14.51,12.157,0,,,,,,,100.0,,,,,,
2026-10-01T11:57:27.943,585.073,0,798.5,32,,97.062,18.431,-1.5,-0.781,1.001,0.998,-0.023,3610,14.51,12.157,0,,,,,,,,417.5,,,,,
2026-10-01T11:57:28.073,585.203,0,795.5,32,,97.0,18.431,-1.5,-0.781,1.001,0.996,-0.031,3610,14.51,12.157,0,,,,,,,,,0.73,,,,
2026-10-01T11:57:28.203,585.333,0,800.0,32,,97.062,18.431,-1.5,-0.781,1.001,0.995,-0.031,3610,14.51,12.157,0,,,,,,,,,,,0.781,,
2026-10-01T11:57:28.333,585.463,0,800.5,32,,97.031,18.431,-3.0,-0.781,1.001,0.994,-0.035,3620,14.51,12.157,0,,,,,,,,,,,,18.824,
2026-10-01T11:57:28.462,585.592,0,798.0,32,,97.031,18.431,-2.5,-1.562,1.001,0.994,-0.035,3620,14.51,12.157,0,,,,,,,,,,,,,618
2026-10-01T11:57:28.593,585.723,0,797.0,32,,97.0,18.039,-2.0,-1.562,1.001,0.995,-0.031,3590,14.51,12.157,0,106,,,,,,,,,,,,
2026-10-01T11:57:28.722,585.852,0,794.25,32,,97.062,18.431,-2.5,-1.562,1.001,0.994,-0.035,3590,14.51,12.157,0,,75,,,,,,,,,,,
2026-10-01T11:57:28.853,585.983,0,796.0,32,,96.938,18.431,-1.5,-1.562,1.001,0.995,-0.031,3570,14.51,12.157,0,,,13.281,,,,,,,,,,
2026-10-01T11:57:28.982,586.112,0,796.5,32,,97.0,18.039,-2.5,-1.562,1.001,0.994,-0.035,3560,14.51,12.157,0,,,,12.714,,,,,,,,,
2026-10-01T11:57:29.112,586.243,0,798.25,32,,96.906,18.431,-2.5,-1.562,1.001,0.994,-0.035,3550,14.51,12.157,0,,,,,97,,,,,,,,
2026-10-01T11:57:29.243,586.373,0,794.5,32,,97.031,18.431,-3.0,-1.562,1.001,0.993,-0.035,3550,14.51,12.157,0,,,,,,30,,,,,,,
2026-10-01T11:57:29.373,586.503,0,799.25,32,,96.969,18.431,-1.0,-1.562,1.001,0.994,-0.035,3550,14.51,12.157,0,,,,,,,100.0,,,,,,
2026-10-01T11:57:29.503,586.633,0,800.0,32,,97.062,18.431,-2.5,-1.562,1.001,0.993,-0.035,3560,14.51,12.157,0,,,,,,,,417.5,,,,,
2026-10-01T11:57:29.633,586.763,0,794.0,32,,97.0,18.039,-3.0,-1.562,1.001,0.995,-0.031,3570,14.51,12.157,0,,,,,,,,,0.735,,,,
2026-10-01T11:57:29.763,586.893,0,794.5,32,,97.0,18.431,-2.5,-1.562,1.001,0.997,-0.027,3560,14.51,12.157,0,,,,,,,,,,,0.781,,
2026-10-01T11:57:29.893,587.023,0,798.5,32,,97.0,18.039,-1.5,-1.562,1.001,0.996,-0.031,3550,14.51,12.157,0,,,,,,,,,,,,18.824,
2026-10-01T11:57:30.022,587.152,0,792.0,32,,96.969,18.039,-1.5,-1.562,1.001,0.996,-0.031,3550,14.51,12.157,0,,,,,,,,,,,,,619
2026-10-01T11:57:30.153,587.283,0,797.5,32,,97.031,18.431,-1.0,-1.562,1.001,0.996,-0.031,3550,14.51,12.157,0,106,,,,,,,,,,,,
2026-10-01T11:57:30.282,587.412,0,796.0,32,,97.031,18.039,-1.0,-1.562,1.001,0.998,-0.023,3550,14.51,12.157,0,,75,,,,,,,,,,,
2026-10-01T11:57:30.413,587.543,0,795.75,32,,97.0,18.431,-2.5,-1.562,1.001,1.001,-0.02,3570,14.51,12.157,0,,,14.062,,,,,,,,,,
2026-10-01T11:57:30.543,587.673,0,797.75,32,,96.969,18.039,-1.5,-1.562,1.001,1.002,-0.02,3570,14.51,12.157,0,,,,12.714,,,,,,,,,
2026-10-01T11:57:30.673,587.803,0,796.5,32,,97.0,18.039,-2.0,-1.562,1.001,1.003,-0.016,3570,14.51,12.157,0,,,,,97,,,,,,,,
2026-10-01T11:57:30.802,587.932,0,800.5,32,,97.0,18.039,-1.0,-1.562,1.001,0.999,-0.023,3580,14.51,12.157,0,,,,,,30,,,,,,,
2026-10-01T11:57:30.933,588.063,0,801.75,32,,96.969,18.039,-2.0,-1.562,1.001,0.999,-0.023,3570,14.51,12.157,0,,,,,,,100.0,,,,,,
2026-10-01T11:57:31.063,588.193,0,795.5,32,,97.0,18.039,-2.0,-1.562,1.001,0.999,-0.02,3550,14.51,12.157,0,,,,,,,,417.6,,,,,
2026-10-01T11:57:31.193,588.323,0,792.75,32,,96.969,18.039,-0.5,-1.562,1.001,1.001,-0.02,3550,14.51,12.157,0,,,,,,,,,0.74,,,,
2026-10-01T11:57:31.322,588.453,0,795.25,32,,96.969,18.039,-2.5,-0.781,1.001,1.003,-0.016,3560,14.51,12.157,0,,,,,,,,,,,0.781,,
2026-10-01T11:57:31.453,588.583,0,797.75,32,,97.062,18.039,-2.0,-0.781,1.001,1.005,-0.016,3560,14.51,12.157,0,,,,,,,,,,,,18.824,
2026-10-01T11:57:31.582,588.712,0,798.75,32,,97.062,18.039,-2.0,-0.781,1.001,1.005,-0.016,3560,14.51,12.157,0,,,,,,,,,,,,,621
2026-10-01T11:57:31.712,588.842,0,794.75,32,,97.031,18.039,-1.0,-0.781,1.001,1.0,-0.02,3570,14.51,12.157,0,106,,,,,,,,,,,,
2026-10-01T11:57:31.843,588.973,0,797.0,32,,97.031,18.039,-0.5,-1.562,1.001,1.001,-0.02,3580,14.51,12.157,0,,74,,,,,,,,,,,
2026-10-01T11:57:31.972,589.102,0,793.75,32,,97.0,18.039,-1.0,-1.562,1.001,1.0,-0.02,3600,14.51,12.157,0,,,13.281,,,,,,,,,,
2026-10-01T11:57:32.103,589.233,0,792.25,32,,97.062,18.431,-1.0,-1.562,1.001,1.001,-0.02,3600,14.51,12.157,0,,,,12.656,,,,,,,,,
2026-10-01T11:57:32.233,589.363,0,798.25,32,,97.0,18.039,-1.0,-0.781,1.001,1.003,-0.016,3610,14.51,12.157,0,,,,,97,,,,,,,,
2026-10-01T11:57:32.363,589.493,0,800.25,32,,97.0,18.431,-1.0,-0.781,1.001,1.005,-0.016,3620,14.51,12.157,0,,,,,,30,,,,,,,
2026-10-01T11:57:32.492,589.623,0,793.25,32,,97.094,18.039,-1.5,-0.781,1.001,1.01,-0.012,3640,14.51,12.157,0,,,,,,,100.0,,,,,,
2026-10-01T11:57:32.623,589.753,0,791.75,32,,97.125,18.431,-2.0,-0.781,1.001,1.007,-0.012,3630,14.51,12.157,0,,,,,,,,417.6,,,,,
2026-10-01T11:57:32.753,589.883,0,796.25,32,,97.156,18.039,-2.0,-0.781,1.001,1.006,-0.016,3610,14.51,12.157,0,,,,,,,,,0.73,,,,
2026-10-01T11:57:32.882,590.013,0,798.25,32,,97.062,18.039,-2.5,-0.781,1.001,1.004,-0.016,3610,14.51,12.157,0,,,,,,,,,,,0.781,,
2026-10-01T11:57:33.013,590.143,0,796.25,32,,97.094,18.431,-2.5,-0.781,1.001,1.002,-0.02,3610,14.51,12.157,0,,,,,,,,,,,,18.824,
2026-10-01T11:57:33.143,590.273,0,798.0,32,,97.031,18.039,-2.5,-0.781,1.001,1.002,-0.02,3630,14.51,12.157,0,,,,,,,,,,,,,622
2026-10-01T11:57:33.273,590.403,0,801.25,32,,97.031,18.039,-2.5,-0.781,1.001,1.001,-0.02,3620,14.51,12.157,0,106,,,,,,,,,,,,
2026-10-01T11:57:33.402,590.532,0,795.25,32,,97.062,18.039,-2.5,-0.781,1.001,1.002,-0.02,3610,14.51,12.157,0,,74,,,,,,,,,,,
2026-10-01T11:57:33.533,590.663,0,794.0,32,,97.0,18.039,-2.0,-0.781,1.001,1.004,-0.016,3610,14.51,12.157,0,,,14.062,,,,,,,,,,
2026-10-01T11:57:33.666,590.796,0,796.5,32,,97.0,18.039,0.0,-0.781,1.001,1.006,-0.016,3600,14.51,12.157,0,,,,12.695,,,,,,,,,
2026-10-01T11:57:33.793,590.923,0,799.0,32,,97.0,18.039,-1.5,-0.781,1.001,1.005,-0.016,3580,14.51,12.157,0,,,,,97,,,,,,,,
2026-10-01T11:57:33.922,591.052,0,795.75,32,,97.0,18.431,-2.5,-0.781,1.001,1.003,-0.016,3590,14.51,12.157,0,,,,,,30,,,,,,,
2026-10-01T11:57:34.053,591.183,0,797.75,32,,97.062,18.431,-2.5,-0.781,1.001,0.999,-0.02,3580,14.51,12.157,0,,,,,,,100.0,,,,,,
2026-10-01T11:57:34.182,591.312,0,798.0,32,,97.031,18.431,-1.5,-0.781,1.001,0.998,-0.023,3590,14.51,12.157,0,,,,,,,,417.8,,,,,
2026-10-01T11:57:34.313,591.443,0,799.25,32,,97.094,18.431,-2.5,-0.781,1.001,0.998,-0.023,3600,14.51,12.157,0,,,,,,,,,0.73,,,,
2026-10-01T11:57:34.442,591.572,0,793.5,32,,97.0,18.039,-2.5,-0.781,1.001,0.997,-0.027,3600,14.51,12.157,0,,,,,,,,,,,0.781,,
2026-10-01T11:57:34.573,591.703,0,794.75,32,,97.031,18.039,-2.0,-0.781,1.001,0.997,-0.027,3590,14.51,12.157,0,,,,,,,,,,,,18.824,
2026-10-01T11:57:34.703,591.833,0,800.25,32,,97.094,18.039,-2.5,-0.781,1.001,0.998,-0.027,3600,14.51,12.157,0,,,,,,,,,,,,,624
2026-10-01T11:57:34.832,591.962,0,795.0,32,,97.094,18.431,-2.0,-0.781,1.001,0.997,-0.027,3570,14.51,12.157,0,106,,,,,,,,,,,,
2026-10-01T11:57:34.963,592.093,0,797.25,32,,97.0,18.039,-0.5,-0.781,1.001,0.998,-0.023,3560,14.51,12.157,0,,74,,,,,,,,,,,
2026-10-01T11:57:35.093,592.223,0,795.75,32,,97.062,18.039,-1.5,-0.781,1.001,0.999,-0.023,3570,14.51,12.157,0,,,14.062,,,,,,,,,,
2026-10-01T11:57:35.222,592.352,0,798.75,32,,97.031,18.039,-2.5,-0.781,1.001,0.999,-0.023,3560,14.51,12.157,0,,,,12.597,,,,,,,,,
2026-10-01T11:57:35.353,592.483,0,793.0,31,,97.094,18.431,-2.5,-0.781,1.001,0.998,-0.023,3560,14.51,12.157,0,,,,,97,,,,,,,,
2026-10-01T11:57:35.482,592.612,0,792.75,32,,97.156,18.039,-1.5,-0.781,1.001,0.998,-0.027,3570,14.51,12.157,0,,,,,,30,,,,,,,
2026-10-01T11:57:35.612,592.742,0,800.5,32,,97.0,18.431,-2.0,-0.781,1.001,0.997,-0.027,3560,14.51,12.157,0,,,,,,,100.0,,,,,,
2026-10-01T11:57:35.742,592.872,0,797.25,32,,97.0,18.039,-2.0,-0.781,1.001,0.997,-0.027,3560,14.51,12.157,0,,,,,,,,417.8,,,,,
2026-10-01T11:57:35.872,593.002,0,799.0,32,,97.0,18.431,-1.0,-0.781,1.001,0.996,-0.031,3550,14.51,12.157,0,,,,,,,,,0.735,,,,
2026-10-01T11:57:36.003,593.133,0,793.25,32,,97.031,18.039,-2.5,-0.781,1.001,0.996,-0.027,3560,14.51,12.157,0,,,,,,,,,,,0.781,,
2026-10-01T11:57:36.133,593.263,0,799.75,32,,97.094,18.039,-2.0,-1.562,1.001,0.996,-0.031,3560,14.51,12.157,0,,,,,,,,,,,,18.824,
2026-10-01T11:57:36.263,593.393,0,793.5,32,,97.062,18.039,-2.0,-0.781,1.001,0.998,-0.027,3550,14.51,12.157,0,,,,,,,,,,,,,626
2026-10-01T11:57:36.393,593.523,0,793.75,32,,97.031,18.039,-1.5,-0.781,1.001,0.997,-0.027,3570,14.51,12.157,0,106,,,,,,,,,,,,
2026-10-01T11:57:36.523,593.653,0,799.5,32,,97.031,18.039,-0.5,-0.781,1.001,0.998,-0.023,3560,14.51,12.157,0,,74,,,,,,,,,,,
2026-10-01T11:57:36.653,593.783,0,795.5,32,,96.969,18.039,-2.5,-0.781,1.001,0.997,-0.027,3550,14.51,12.157,0,,,14.062,,,,,,,,,,
2026-10-01T11:57:36.782,593.912,0,799.25,32,,97.0,18.039,-1.0,-0.781,1.001,0.997,-0.027,3550,14.51,12.157,0,,,,12.714,,,,,,,,,
2026-10-01T11:57:36.912,594.042,0,795.25,32,,97.031,18.039,-1.0,-1.562,1.001,0.997,-0.027,3560,14.51,12.157,0,,,,,97,,,,,,,,
2026-10-01T11:57:37.043,594.173,0,793.25,32,,97.0,18.039,-1.5,-1.562,1.001,0.997,-0.027,3550,14.51,12.157,0,,,,,,30,,,,,,,
2026-10-01T11:57:37.172,594.302,0,797.0,32,,97.062,18.039,-1.5,-1.562,1.001,0.998,-0.023,3590,14.51,12.157,0,,,,,,,100.0,,,,,,
2026-10-01T11:57:37.303,594.433,0,801.25,31,,97.0,18.039,-2.0,-1.562,1.001,0.999,-0.023,3600,14.51,12.157,0,,,,,,,,417.9,,,,,
2026-10-01T11:57:37.432,594.562,0,794.25,32,,97.062,18.039,-2.0,-1.562,1.001,0.999,-0.023,3590,14.51,12.157,0,,,,,,,,,0.74,,,,
2026-10-01T11:57:37.563,594.693,0,791.75,32,,97.0,18.039,-1.0,-1.562,1.001,0.999,-0.023,3570,14.51,12.157,0,,,,,,,,,,,0.781,,
2026-10-01T11:57:37.693,594.823,0,793.0,32,,97.031,18.039,-1.0,-1.562,1.001,0.999,-0.023,3570,14.51,12.157,0,,,,,,,,,,,,18.824,
2026-10-01T11:57:37.823,594.953,0,798.5,32,,97.031,18.039,-2.5,-0.781,1.001,1.001,-0.02,3560,14.51,12.157,0,,,,,,,,,,,,,627
2026-10-01T11:57:37.953,595.083,0,799.25,32,,97.0,18.039,-1.0,-0.781,1.001,1.001,-0.02,3570,14.51,12.157,0,106,,,,,,,,,,,,
2026-10-01T11:57:38.082,595.212,0,801.75,32,,97.031,18.039,-1.0,-0.781,1.001,1.001,-0.02,3590,14.51,12.157,0,,74,,,,,,,,,,,
2026-10-01T11:57:38.213,595.343,0,794.0,32,,97.031,18.039,-2.5,-0.781,1.001,1.0,-0.02,3580,14.51,12.157,0,,,14.062,,,,,,,,,,
2026-10-01T11:57:38.342,595.472,0,793.25,32,,97.0,18.039,-1.0,-0.781,1.001,0.999,-0.023,3570,14.51,12.157,0,,,,12.656,,,,,,,,,
2026-10-01T11:57:38.472,595.602,0,796.5,32,,97.062,18.039,-0.5,-0.781,1.001,0.999,-0.023,3560,14.51,12.157,0,,,,,97,,,,,,,,
2026-10-01T11:57:38.602,595.732,0,797.75,32,,97.0,18.039,-1.5,-0.781,1.001,0.999,-0.023,3570,14.51,12.157,0,,,,,,30,,,,,,,
2026-10-01T11:57:38.733,595.863,0,795.25,32,,97.0,18.039,-2.5,-0.781,1.001,0.999,-0.02,3550,14.51,12.157,0,,,,,,,100.0,,,,,,
2026-10-01T11:57:38.864,595.994,0,800.0,32,,96.969,18.039,-1.0,-1.562,1.001,1.0,-0.02,3570,14.51,12.157,0,,,,,,,,418.0,,,,,
2026-10-01T11:57:38.992,596.122,0,797.0,32,,97.0,18.039,-1.5,-0.781,1.001,1.002,-0.02,3570,14.51,12.157,0,,,,,,,,,0.74,,,,
2026-10-01T11:57:39.123,596.253,0,798.25,32,,97.0,18.039,-1.0,-0.781,1.001,1.002,-0.02,3570,14.51,12.157,0,,,,,,,,,,,0.781,,
2026-10-01T11:57:39.253,596.383,0,801.25,32,,97.031,18.039,-2.0,-0.781,1.001,0.999,-0.02,3590,14.51,12.157,0,,,,,,,,,,,,18.824,
2026-10-01T11:57:39.382,596.512,0,798.25,32,,97.0,18.039,-1.0,-0.781,1.001,0.998,-0.023,3590,14.51,12.157,0,,,,,,,,,,,,,629
2026-10-01T11:57:39.513,596.643,0,799.5,32,,97.031,18.039,-1.5,-0.781,1.001,0.999,-0.023,3580,14.51,12.157,0,106,,,,,,,,,,,,
2026-10-01T11:57:39.642,596.772,0,796.0,32,,97.0,18.039,-2.0,-0.781,1.001,0.998,-0.023,3600,14.51,12.157,0,,74,,,,,,,,,,,
2026-10-01T11:57:39.772,596.902,0,789.75,32,,97.062,18.039,0.0,-1.562,1.001,0.999,-0.023,3600,14.51,12.157,0,,,13.281,,,,,,,,,,
2026-10-01T11:57:39.902,597.032,0,797.75,32,,97.0,18.039,-1.0,-0.781,1.001,1.001,-0.02,3610,14.51,12.157,0,,,,12.714,,,,,,,,,
2026-10-01T11:57:40.032,597.162,0,797.75,32,,97.094,18.039,-1.0,-0.781,1.001,1.001,-0.02,3620,14.51,12.157,0,,,,,97,,,,,,,,
2026-10-01T11:57:40.164,597.294,0,793.0,32,,97.0,18.039,-1.5,-0.781,1.001,1.004,-0.016,3610,14.51,12.157,0,,,,,,30,,,,,,,
2026-10-01T11:57:40.292,597.422,0,801.0,32,,97.062,18.039,-1.0,-0.781,1.001,1.003,-0.016,3620,14.51,12.157,0,,,,,,,100.0,,,,,,
2026-10-01T11:57:40.423,597.553,0,792.75,32,,96.969,18.039,-2.5,-0.781,1.001,1.003,-0.016,3610,14.51,12.157,0,,,,,,,,418.0,,,,,
2026-10-01T11:57:40.554,597.684,0,793.5,31,,96.969,18.039,-2.0,-0.781,1.001,0.999,-0.023,3600,14.51,12.157,0,,,,,,,,,0.735,,,,
2026-10-01T11:57:40.682,597.812,0,795.5,32,,96.969,18.039,-1.0,-0.781,1.001,1.0,-0.02,3590,14.51,12.157,0,,,,,,,,,,,0.781,,
2026-10-01T11:57:40.812,597.942,0,795.75,32,,97.062,18.039,-3.0,-0.781,1.001,1.003,-0.016,3610,14.51,12.157,0,,,,,,,,,,,,18.824,
2026-10-01T11:57:40.942,598.072,0,800.5,32,,97.0,18.039,-2.5,-0.781,1.001,0.999,-0.023,3600,14.51,12.157,0,,,,,,,,,,,,,630
2026-10-01T11:57:41.072,598.202,0,796.5,32,,96.969,18.039,-1.0,-0.781,1.001,0.998,-0.023,3600,14.51,12.157,0,106,,,,,,,,,,,,
2026-10-01T11:57:41.202,598.332,0,797.75,32,,96.938,18.039,-2.5,-0.781,1.001,0.996,-0.031,3600,14.51,12.157,0,,74,,,,,,,,,,,
2026-10-01T11:57:41.332,598.462,0,800.5,32,,97.0,18.039,-2.0,-1.562,1.001,0.997,-0.027,3610,14.51,12.157,0,,,14.062,,,,,,,,,,
2026-10-01T11:57:41.464,598.594,0,800.25,32,,96.969,18.039,-2.0,-1.562,1.001,0.997,-0.027,3600,14.51,12.157,0,,,,12.675,,,,,,,,,
2026-10-01T11:57:41.593,598.723,0,793.0,32,,97.062,18.431,-2.0,-1.562,1.001,0.996,-0.027,3600,14.51,12.157,0,,,,,97,,,,,,,,
2026-10-01T11:57:41.722,598.853,0,795.25,32,,97.0,18.039,-2.5,-1.562,1.001,0.996,-0.031,3580,14.51,12.157,0,,,,,,30,,,,,,,
2026-10-01T11:57:41.853,598.983,0,793.25,32,,97.031,18.039,-2.0,-1.562,1.001,0.997,-0.027,3600,14.51,12.157,0,,,,,,,100.0,,,,,,
2026-10-01T11:57:41.982,599.112,0,796.75,32,,97.031,18.431,-1.5,-1.562,1.001,0.999,-0.023,3610,14.51,12.157,0,,,,,,,,418.1,,,,,
2026-10-01T11:57:42.113,599.243,0,797.25,32,,97.031,18.039,-2.5,-1.562,1.001,0.998,-0.023,3600,14.51,12.157,0,,,,,,,,,0.74,,,,
2026-10-01T11:57:42.243,599.373,0,793.25,32,,97.094,18.431,-2.0,-1.562,1.001,0.996,-0.027,3570,14.51,12.157,0,,,,,,,,,,,0.781,,
2026-10-01T11:57:42.372,599.502,0,791.25,32,,97.062,18.039,-0.5,-1.562,1.001,0.996,-0.031,3570,14.51,12.157,0,,,,,,,,,,,,18.824,
2026-10-01T11:57:42.502,599.632,0,798.5,32,,97.031,18.039,-1.5,-1.562,1.001,0.997,-0.027,3550,14.51,12.157,0,,,,,,,,,,,,,632
2026-10-01T11:57:42.632,599.763,0,790.5,32,,97.0,18.431,-1.0,-1.562,1.001,0.996,-0.031,3540,14.51,12.157,0,106,,,,,,,,,,,,
2026-10-01T11:57:42.763,599.893,0,794.75,32,,97.094,18.039,0.5,-1.562,1.001,0.996,-0.027,3540,14.51,12.157,0,,74,,,,,,,,,,,
2026-10-01T11:57:42.893,600.024,0,791.75,32,,97.031,18.431,-1.0,-1.562,1.001,0.996,-0.027,3550,14.51,12.157,0,,,14.062,,,,,,,,,,
2026-10-01T11:57:43.023,600.153,0,798.0,32,,97.031,18.431,-2.5,-1.562,1.001,0.995,-0.035,3550,14.51,12.157,0,,,,12.617,,,,,,,,,
2026-10-01T11:57:43.152,600.282,0,791.75,32,,97.031,18.039,-2.0,-1.562,1.001,0.995,-0.035,3550,14.51,12.157,0,,,,,97,,,,,,,,
2026-10-01T11:57:43.282,600.412,0,794.5,32,,97.0,18.039,-1.0,-1.562,1.001,0.996,-0.031,3550,14.51,12.157,0,,,,,,30,,,,,,,
2026-10-01T11:57:43.412,600.542,0,794.25,32,,97.031,18.431,-1.0,-1.562,1.001,0.999,-0.023,3550,14.51,12.157,0,,,,,,,100.0,,,,,,
2026-10-01T11:57:43.542,600.672,0,796.75,32,,97.0,18.039,-1.0,-1.562,1.001,1.0,-0.02,3550,14.51,12.157,0,,,,,,,,418.2,,,,,
2026-10-01T11:57:43.672,600.802,0,793.25,32,,97.0,18.431,-0.5,-1.562,1.001,1.0,-0.02,3570,14.51,12.157,0,,,,,,,,,0.75,,,,
2026-10-01T11:57:43.803,600.933,0,794.75,32,,97.031,18.039,-1.5,-1.562,1.001,1.002,-0.02,3550,14.51,12.157,0,,,,,,,,,,,0.781,,
2026-10-01T11:57:43.932,601.062,0,793.75,32,,97.062,18.039,-1.5,-1.562,1.001,1.0,-0.02,3560,14.51,12.157,0,,,,,,,,,,,,18.824,
2026-10-01T11:57:44.063,601.193,0,790.25,32,,97.062,18.039,-1.0,-1.562,1.001,1.002,-0.02,3550,14.51,12.157,0,,,,,,,,,,,,,633
2026-10-01T11:57:44.192,601.322,0,796.75,32,,96.969,18.039,-1.0,-1.562,1.001,1.001,-0.02,3570,14.51,12.157,0,106,,,,,,,,,,,,
2026-10-01T11:57:44.322,601.452,0,791.75,32,,97.0,18.039,-2.5,-1.562,1.001,0.999,-0.023,3560,14.51,12.157,0,,74,,,,,,,,,,,
2026-10-01T11:57:44.452,601.582,0,793.25,32,,97.062,18.039,0.0,-1.562,1.001,0.999,-0.023,3560,14.51,12.157,0,,,14.062,,,,,,,,,,
2026-10-01T11:57:44.583,601.713,0,794.75,32,,97.0,18.039,-0.5,-1.562,1.001,1.0,-0.02,3550,14.51,12.157,0,,,,12.714,,,,,,,,,
2026-10-01T11:57:44.712,601.842,0,791.5,32,,97.031,18.039,-1.0,-1.562,1.001,1.0,-0.02,3560,14.51,12.157,0,,,,,97,,,,,,,,
2026-10-01T11:57:44.842,601.973,0,791.5,32,,97.094,18.039,-1.0,-1.562,1.001,1.001,-0.02,3570,14.51,12.157,0,,,,,,30,,,,,,,
2026-10-01T11:57:44.972,602.102,0,798.75,32,,97.0,18.039,-0.5,-0.781,1.001,1.004,-0.016,3560,14.51,12.157,0,,,,,,,100.0,,,,,,
2026-10-01T11:57:45.103,602.233,0,796.75,32,,96.969,18.039,-2.0,-0.781,1.001,1.002,-0.02,3560,14.51,12.157,0,,,,,,,,418.3,,,,,
2026-10-01T11:57:45.232,602.362,0,795.75,32,,97.062,18.039,-2.0,-0.781,1.001,1.002,-0.02,3580,14.51,12.157,0,,,,,,,,,0.745,,,,
2026-10-01T11:57:45.363,602.493,0,798.5,32,,96.969,18.039,-1.5,-0.781,1.001,1.002,-0.02,3600,14.51,12.157,0,,,,,,,,,,,0.781,,
2026-10-01T11:57:45.493,602.623,0,798.0,32,,97.0,18.039,-2.0,-1.562,1.001,1.0,-0.02,3610,14.51,12.157,0,,,,,,,,,,,,18.824,
2026-10-01T11:57:45.623,602.753,0,795.5,32,,96.969,18.039,-2.5,-1.562,1.001,0.999,-0.023,3620,14.51,12.157,0,,,,,,,,,,,,,635
2026-10-01T11:57:45.753,602.883,0,799.0,32,,97.0,18.039,-2.5,-1.562,1.001,0.999,-0.023,3630,14.51,12.157,0,106,,,,,,,,,,,,
2026-10-01T11:57:45.883,603.013,0,792.75,32,,96.969,18.039,-0.5,-1.562,1.001,1.003,-0.016,3620,14.51,12.157,0,,74,,,,,,,,,,,
2026-10-01T11:57:46.012,603.142,0,799.0,32,,97.0,18.039,0.0,-0.781,1.001,1.004,-0.016,3610,14.51,12.157,0,,,14.062,,,,,,,,,,
2026-10-01T11:57:46.142,603.272,0,795.75,32,,97.0,18.039,-1.0,-0.781,1.001,1.007,-0.012,3610,14.51,12.157,0,,,,12.714,,,,,,,,,
2026-10-01T11:57:46.272,603.402,0,801.25,32,,97.0,18.039,-1.0,-0.781,1.001,1.008,-0.012,3620,14.51,12.157,0,,,,,97,,,,,,,,
2026-10-01T11:57:46.402,603.532,0,802.5,32,,97.0,18.039,-3.0,-0.781,1.001,1.006,-0.016,3620,14.51,12.157,0,,,,,,30,,,,,,,
2026-10-01T11:57:46.533,603.663,0,797.75,32,,96.969,18.039,-2.5,-0.781,1.001,1.003,-0.016,3630,14.51,12.157,0,,,,,,,100.0,,,,,,
2026-10-01T11:57:46.662,603.792,0,798.0,32,,96.969,18.039,-1.5,-0.781,1.001,0.999,-0.023,3620,14.51,12.157,0,,,,,,,,418.3,,,,,
2026-10-01T11:57:46.792,603.922,0,799.25,32,,96.906,18.431,-1.5,-0.781,1.001,0.998,-0.023,3630,14.51,12.157,0,,,,,,,,,0.745,,,,
2026-10-01T11:57:46.932,604.062,0,801.0,32,,96.938,18.039,-2.5,-0.781,1.001,0.999,-0.023,3640,14.51,12.157,0,,,,,,,,,,,0.781,,
2026-10-01T11:57:47.063,604.193,0,802.0,31,,97.0,18.039,-1.0,-0.781,1.001,0.999,-0.023,3620,14.51,12.157,0,,,,,,,,,,,,18.824,
2026-10-01T11:57:47.193,604.323,0,794.75,32,,97.0,18.431,-1.5,-0.781,1.001,0.999,-0.02,3600,14.51,12.157,0,,,,,,,,,,,,,637
2026-10-01T11:57:47.323,604.453,0,795.75,31,,97.062,18.039,-1.5,-0.781,1.001,1.002,-0.02,3590,14.51,12.157,0,106,,,,,,,,,,,,
2026-10-01T11:57:47.452,604.582,0,798.5,32,,97.0,18.039,-1.5,-0.781,1.001,1.005,-0.016,3580,14.51,12.157,0,,74,,,,,,,,,,,
2026-10-01T11:57:47.583,604.713,0,797.5,32,,96.969,18.039,-1.0,-0.781,1.001,1.005,-0.016,3600,14.51,12.157,0,,,13.281,,,,,,,,,,
2026-10-01T11:57:47.713,604.843,0,800.5,32,,97.0,18.039,-1.5,-0.781,1.001,0.999,-0.023,3600,14.51,12.157,0,,,,12.675,,,,,,,,,
2026-10-01T11:57:47.843,604.973,0,803.0,32,,96.969,18.431,-3.0,-0.781,1.001,0.996,-0.031,3610,14.51,12.157,0,,,,,97,,,,,,,,
2026-10-01T11:57:47.973,605.103,0,799.25,31,,96.969,18.039,-2.5,-1.562,1.001,0.996,-0.031,3590,14.51,12.157,0,,,,,,30,,,,,,,
2026-10-01T11:57:48.102,605.232,0,796.25,32,,96.938,18.431,-0.5,-1.562,1.001,0.996,-0.031,3580,14.51,12.157,0,,,,,,,100.0,,,,,,
2026-10-01T11:57:48.232,605.362,0,792.0,32,,97.0,18.431,-2.0,-1.562,1.001,0.996,-0.027,3580,14.51,12.157,0,,,,,,,,418.4,,,,,
2026-10-01T11:57:48.362,605.492,0,799.75,32,,96.938,18.039,-2.0,-0.781,1.001,0.998,-0.023,3570,14.51,12.157,0,,,,,,,,,0.75,,,,
2026-10-01T11:57:48.492,605.622,0,796.5,32,,97.0,18.039,-2.5,-0.781,1.001,0.998,-0.023,3580,14.51,12.157,0,,,,,,,,,,,0.781,,
2026-10-01T11:57:48.622,605.752,0,797.5,32,,96.969,18.039,-2.5,-0.781,1.001,0.998,-0.023,3570,14.51,12.157,0,,,,,,,,,,,,18.824,
2026-10-01T11:57:48.753,605.883,0,798.5,32,,96.938,18.039,-1.0,-1.562,1.001,0.997,-0.027,3560,14.51,12.157,0,,,,,,,,,,,,,638
2026-10-01T11:57:48.882,606.012,0,796.25,32,,96.938,18.039,-1.0,-1.562,1.001,0.995,-0.031,3550,14.51,12.157,0,106,,,,,,,,,,,,
2026-10-01T11:57:49.013,606.143,0,796.75,32,,97.0,18.039,-1.0,-1.562,1.001,0.996,-0.027,3530,14.51,12.157,0,,74,,,,,,,,,,,
2026-10-01T11:57:49.143,606.273,0,793.0,32,,96.938,18.039,-2.5,-1.562,1.001,0.997,-0.027,3540,14.51,12.157,0,,,14.062,,,,,,,,,,
2026-10-01T11:57:49.273,606.403,0,799.75,31,,96.938,18.039,-1.5,-1.562,1.001,0.998,-0.027,3540,14.51,12.157,0,,,,12.636,,,,,,,,,
2026-10-01T11:57:49.402,606.532,0,794.75,32,,97.062,18.039,-2.5,-1.562,1.001,0.997,-0.027,3550,14.51,12.157,0,,,,,97,,,,,,,,
2026-10-01T11:57:49.533,606.663,0,795.5,31,,97.0,18.039,-2.0,-1.562,1.001,0.995,-0.031,3550,14.51,12.157,0,,,,,,30,,,,,,,
2026-10-01T11:57:49.662,606.792,0,801.0,31,,96.906,18.039,-1.0,-1.562,1.001,0.996,-0.031,3560,14.51,12.157,0,,,,,,,100.0,,,,,,
2026-10-01T11:57:49.792,606.922,0,799.5,31,,96.938,18.039,-1.5,-1.562,1.001,0.994,-0.035,3560,14.51,12.157,0,,,,,,,,418.5,,,,,
2026-10-01T11:57:49.922,607.052,0,796.0,31,,96.906,18.039,-2.5,-1.562,1.001,0.995,-0.031,3560,14.51,12.157,0,,,,,,,,,0.76,,,,
2026-10-01T11:57:50.052,607.182,0,798.0,32,,96.906,18.039,-1.5,-1.562,1.001,0.995,-0.031,3560,14.51,12.157,0,,,,,,,,,,,0.781,,
2026-10-01T11:57:50.182,607.312,0,793.25,31,,96.938,18.039,-2.0,-1.562,1.001,0.996,-0.031,3550,14.51,12.157,0,,,,,,,,,,,,18.824,
2026-10-01T11:57:50.312,607.442,0,796.5,32,,96.969,18.039,-2.0,-1.562,1.001,0.997,-0.027,3560,14.51,12.157,0,,,,,,,,,,,,,640
2026-10-01T11:57:50.443,607.573,0,801.5,32,,96.938,18.039,-2.0,-1.562,1.001,0.998,-0.023,3570,14.51,12.157,0,106,,,,,,,,,,,,
2026-10-01T11:57:50.572,607.702,0,796.5,32,,96.969,18.039,-2.0,-1.562,1.001,1.0,-0.02,3580,14.51,12.157,0,,74,,,,,,,,,,,
2026-10-01T11:57:50.703,607.833,0,794.75,32,,96.938,18.039,-2.0,-1.562,1.001,0.999,-0.023,3570,14.51,12.157,0,,,14.062,,,,,,,,,,
2026-10-01T11:57:50.833,607.963,0,799.75,32,,97.0,18.039,-1.0,-1.562,1.001,1.0,-0.02,3560,14.51,12.157,0,,,,12.714,,,,,,,,,
2026-10-01T11:57:50.963,608.093,0,800.5,32,,97.031,18.039,-1.0,-1.562,1.001,0.999,-0.023,3580,14.51,12.157,0,,,,,97,,,,,,,,
2026-10-01T11:57:51.092,608.222,0,797.0,32,,97.0,18.039,-2.5,-1.562,1.001,0.999,-0.023,3580,14.51,12.157,0,,,,,,30,,,,,,,
2026-10-01T11:57:51.222,608.352,0,798.25,32,,97.0,18.039,-2.5,-1.562,1.001,0.999,-0.023,3580,14.51,12.157,0,,,,,,,100.0,,,,,,
2026-10-01T11:57:51.352,608.482,0,799.25,32,,96.906,18.039,-1.0,-1.562,1.001,0.999,-0.02,3580,14.51,12.157,0,,,,,,,,418.6,,,,,
2026-10-01T11:57:51.482,608.612,0,800.75,32,,97.0,18.039,-2.0,-1.562,1.001,1.0,-0.02,3580,14.51,12.157,0,,,,,,,,,0.76,,,,
2026-10-01T11:57:51.612,608.742,0,797.25,32,,96.969,18.039,-3.0,-1.562,1.001,1.0,-0.02,3600,14.51,12.157,0,,,,,,,,,,,0.781,,
2026-10-01T11:57:51.742,608.872,0,796.25,32,,97.0,18.039,-1.5,-1.562,1.001,0.999,-0.023,3580,14.51,12.157,0,,,,,,,,,,,,18.824,
2026-10-01T11:57:51.872,609.002,0,797.5,32,,97.0,18.039,-1.0,-1.562,1.001,0.998,-0.023,3570,14.51,12.157,0,,,,,,,,,,,,,641
2026-10-01T11:57:52.002,609.132,0,795.5,32,,96.938,18.039,-2.5,-1.562,1.001,0.999,-0.023,3580,14.51,12.157,0,106,,,,,,,,,,,,
2026-10-01T11:57:52.133,609.263,0,797.0,32,,96.906,18.039,-2.5,-1.562,1.001,0.999,-0.023,3570,14.51,12.157,0,,74,,,,,,,,,,,
2026-10-01T11:57:52.263,609.393,0,795.5,32,,97.0,18.039,0.5,-1.562,1.001,0.999,-0.023,3570,14.51,12.157,0,,,13.281,,,,,,,,,,
2026-10-01T11:57:52.393,609.523,0,797.25,32,,97.0,18.039,-0.5,-1.562,1.001,0.999,-0.023,3570,14.51,12.157,0,,,,12.597,,,,,,,,,
2026-10-01T11:57:52.522,609.652,0,792.5,32,,97.0,18.039,-2.0,-1.562,1.001,0.999,-0.023,3580,14.51,12.157,0,,,,,97,,,,,,,,
2026-10-01T11:57:52.653,609.783,0,798.25,32,,97.0,18.039,-2.5,-1.562,1.001,0.999,-0.02,3580,14.51,12.157,0,,,,,,30,,,,,,,
2026-10-01T11:57:52.782,609.912,0,798.5,32,,97.031,18.039,0.5,-1.562,1.001,0.998,-0.023,3570,14.51,12.157,0,,,,,,,100.0,,,,,,
2026-10-01T11:57:52.912,610.042,0,796.75,32,,97.0,18.039,-1.5,-1.562,1.001,0.998,-0.023,3580,14.51,12.157,0,,,,,,,,418.6,,,,,
2026-10-01T11:57:53.042,610.172,0,800.75,32,,97.0,18.039,-1.0,-1.562,1.001,0.999,-0.023,3590,14.51,12.157,0,,,,,,,,,0.76,,,,
2026-10-01T11:57:53.172,610.302,0,801.25,32,,97.0,18.039,-2.5,-1.562,1.001,1.002,-0.02,3630,14.51,12.157,0,,,,,,,,,,,0.781,,
2026-10-01T11:57:53.302,610.432,0,797.25,32,,97.031,18.039,-2.5,-1.562,1.001,1.002,-0.02,3620,14.51,12.157,0,,,,,,,,,,,,18.824,
2026-10-01T11:57:53.432,610.562,0,798.25,32,,97.062,18.039,-1.5,-1.562,1.001,1.0,-0.02,3620,14.51,12.157,0,,,,,,,,,,,,,643
2026-10-01T11:57:53.563,610.693,0,798.5,32,,97.031,18.039,-0.5,-1.562,1.001,1.0,-0.02,3630,14.51,12.157,0,106,,,,,,,,,,,,
2026-10-01T11:57:53.693,610.823,0,797.75,32,,96.969,18.039,0.0,-1.562,1.001,0.999,-0.023,3620,14.51,12.157,0,,74,,,,,,,,,,,
2026-10-01T11:57:53.823,610.953,0,797.75,32,,97.0,18.039,-1.0,-1.562,1.001,0.999,-0.023,3600,14.51,12.157,0,,,14.062,,,,,,,,,,
2026-10-01T11:57:53.953,611.083,0,797.0,32,,97.031,18.039,-2.5,-1.562,1.001,1.0,-0.02,3610,14.51,12.157,0,,,,12.656,,,,,,,,,
2026-10-01T11:57:54.082,611.213,0,797.75,32,,97.0,18.039,-0.5,-1.562,1.001,1.003,-0.016,3600,14.51,12.157,0,,,,,97,,,,,,,,
2026-10-01T11:57:54.212,611.343,0,797.75,31,,97.0,18.039,-2.0,-1.562,1.001,1.002,-0.02,3600,14.51,12.157,0,,,,,,30,,,,,,,
2026-10-01T11:57:54.342,611.472,0,796.25,32,,96.969,18.039,-1.0,-1.562,1.001,0.999,-0.02,3590,14.51,12.157,0,,,,,,,100.0,,,,,,
2026-10-01T11:57:54.472,611.602,0,799.0,32,,97.094,18.039,-2.5,-1.562,1.001,1.003,-0.016,3600,14.51,12.157,0,,,,,,,,418.7,,,,,
2026-10-01T11:57:54.602,611.732,0,793.5,31,,97.094,18.039,-2.5,-1.562,1.001,0.999,-0.023,3600,14.51,12.157,0,,,,,,,,,0.765,,,,
2026-10-01T11:57:54.732,611.862,0,798.0,32,,97.0,18.039,-1.0,-1.562,1.001,0.998,-0.023,3580,14.51,12.157,0,,,,,,,,,,,0.781,,
2026-10-01T11:57:54.862,611.992,0,794.75,32,,97.0,18.039,0.0,-1.562,1.001,0.996,-0.027,3600,14.51,12.157,0,,,,,,,,,,,,18.824,
2026-10-01T11:57:54.992,612.122,0,792.5,32,,97.0,18.039,-1.5,-1.562,1.001,0.997,-0.027,3590,14.51,12.157,0,,,,,,,,,,,,,644
2026-10-01T11:57:55.123,612.253,0,797.75,32,,97.0,18.431,-1.0,-1.562,1.001,0.997,-0.027,3590,14.51,12.157,0,106,,,,,,,,,,,,
2026-10-01T11:57:55.253,612.383,0,792.5,32,,97.062,18.039,-2.0,-1.562,1.001,0.997,-0.027,3580,14.51,12.157,0,,74,,,,,,,,,,,
2026-10-01T11:57:55.382,612.512,0,800.0,32,,97.062,18.431,-2.0,-1.562,1.001,0.998,-0.023,3590,14.51,12.157,0,,,13.281,,,,,,,,,,
2026-10-01T11:57:55.513,612.643,0,796.75,31,,97.031,18.039,-2.0,-1.562,1.001,0.997,-0.027,3570,14.51,12.157,0,,,,12.597,,,,,,,,,
2026-10-01T11:57:55.642,612.772,0,792.0,32,,97.0,18.039,-1.0,-1.562,1.001,0.997,-0.027,3570,14.51,12.157,0,,,,,97,,,,,,,,
2026-10-01T11:57:55.772,612.902,0,798.0,32,,97.0,18.039,-1.5,-1.562,1.001,0.998,-0.023,3560,14.51,12.157,0,,,,,,30,,,,,,,
2026-10-01T11:57:55.902,613.032,0,790.25,32,,97.031,18.039,-0.5,-1.562,1.001,0.998,-0.027,3560,14.51,12.157,0,,,,,,,100.0,,,,,,
2026-10-01T11:57:56.032,613.162,0,797.0,32,,97.0,18.431,-1.5,-1.562,1.001,0.997,-0.027,3560,14.51,12.157,0,,,,,,,,418.8,,,,,
2026-10-01T11:57:56.163,613.293,0,797.75,32,,97.062,18.039,-2.0,-1.562,1.001,0.997,-0.027,3550,14.51,12.157,0,,,,,,,,,0.77,,,,
2026-10-01T11:57:56.292,613.422,0,796.25,32,,97.062,18.431,-2.5,-1.562,1.001,0.998,-0.027,3550,14.51,12.157,0,,,,,,,,,,,0.781,,
2026-10-01T11:57:56.423,613.553,0,792.5,32,,97.031,18.039,-2.0,-1.562,1.001,0.997,-0.027,3560,14.51,12.157,0,,,,,,,,,,,,18.824,
2026-10-01T11:57:56.554,613.684,0,800.5,32,,97.0,18.039,-1.5,-1.562,1.001,0.998,-0.023,3560,14.51,12.157,0,,,,,,,,,,,,,646
2026-10-01T11:57:56.682,613.812,0,801.75,32,,97.0,18.039,-1.5,-1.562,1.001,0.997,-0.027,3560,14.51,12.157,0,106,,,,,,,,,,,,
2026-10-01T11:57:56.812,613.942,0,796.0,31,,97.094,18.039,-3.0,-1.562,1.001,0.998,-0.023,3560,14.51,12.157,0,,74,,,,,,,,,,,
2026-10-01T11:57:56.942,614.072,0,798.5,32,,97.062,18.039,-2.5,-1.562,1.001,0.998,-0.023,3560,14.51,12.157,0,,,14.062,,,,,,,,,,
2026-10-01T11:57:57.072,614.202,0,799.0,32,,97.062,18.039,0.0,-1.562,1.001,0.998,-0.023,3570,14.51,12.157,0,,,,12.714,,,,,,,,,
2026-10-01T11:57:57.202,614.332,0,798.25,31,,97.0,18.039,-2.5,-1.562,1.001,0.999,-0.023,3560,14.51,12.157,0,,,,,97,,,,,,,,
2026-10-01T11:57:57.332,614.462,0,797.25,32,,97.031,18.039,-1.0,-1.562,1.001,0.998,-0.023,3570,14.51,12.157,0,,,,,,30,,,,,,,
2026-10-01T11:57:57.462,614.592,0,796.5,31,,97.062,18.039,-0.5,-1.562,1.001,0.998,-0.023,3570,14.51,12.157,0,,,,,,,100.0,,,,,,
2026-10-01T11:57:57.593,614.723,0,795.5,32,,97.062,18.039,-1.0,-1.562,1.001,0.999,-0.023,3560,14.51,12.157,0,,,,,,,,418.9,,,,,
2026-10-01T11:57:57.722,614.852,0,797.0,32,,97.031,18.039,-1.0,-1.562,1.001,1.002,-0.02,3560,14.51,12.157,0,,,,,,,,,0.775,,,,
2026-10-01T11:57:57.853,614.983,0,799.0,31,,97.0,18.039,-1.0,-1.562,1.001,1.005,-0.016,3560,14.51,12.157,0,,,,,,,,,,,0.781,,
2026-10-01T11:57:57.983,615.113,0,795.25,32,,97.094,18.039,-1.0,-1.562,1.001,1.004,-0.016,3560,14.51,12.157,0,,,,,,,,,,,,18.824,
2026-10-01T11:57:58.112,615.242,0,795.75,32,,97.062,18.039,-1.5,-1.562,1.001,1.005,-0.016,3570,14.51,12.157,0,,,,,,,,,,,,,647
2026-10-01T11:57:58.242,615.372,0,796.0,32,,97.062,18.039,-1.0,-1.562,1.001,1.003,-0.016,3580,14.51,12.157,0,106,,,,,,,,,,,,
2026-10-01T11:57:58.372,615.502,0,793.75,32,,96.969,18.039,0.5,-1.562,1.001,1.0,-0.02,3570,14.51,12.157,0,,74,,,,,,,,,,,
2026-10-01T11:57:58.502,615.632,0,793.75,32,,96.969,18.039,-1.0,-1.562,1.001,1.001,-0.02,3570,14.51,12.157,0,,,14.062,,,,,,,,,,
2026-10-01T11:57:58.632,615.762,0,796.75,32,,96.969,18.039,-1.0,-1.562,1.001,1.003,-0.016,3570,14.51,12.157,0,,,,12.734,,,,,,,,,
2026-10-01T11:57:58.763,615.893,0,796.0,32,,97.0,18.039,-2.0,-1.562,1.001,1.0,-0.02,3560,14.51,12.157,0,,,,,97,,,,,,,,
2026-10-01T11:57:58.892,616.022,0,796.75,32,,97.0,18.039,0.5,-1.562,1.001,0.999,-0.023,3560,14.51,12.157,0,,,,,,30,,,,,,,
2026-10-01T11:57:59.022,616.152,0,798.0,32,,97.031,18.039,-1.0,-1.562,1.001,1.001,-0.02,3560,14.51,12.157,0,,,,,,,100.0,,,,,,
2026-10-01T11:57:59.154,616.284,0,793.75,32,,97.062,18.039,-2.5,-1.562,1.001,1.004,-0.016,3570,14.51,12.157,0,,,,,,,,419.0,,,,,
2026-10-01T11:57:59.283,616.413,0,797.25,32,,97.062,18.039,-1.5,-0.781,1.001,1.007,-0.012,3570,14.51,12.157,0,,,,,,,,,0.775,,,,
2026-10-01T11:57:59.412,616.542,0,798.0,31,,97.062,18.039,-1.5,-0.781,1.001,1.005,-0.016,3560,14.51,12.157,0,,,,,,,,,,,0.781,,
2026-10-01T11:57:59.542,616.672,0,796.25,32,,97.031,18.039,-1.5,-0.781,1.001,1.004,-0.016,3570,14.51,12.157,0,,,,,,,,,,,,18.824,
2026-10-01T11:57:59.672,616.802,0,801.25,32,,97.0,18.039,-1.0,-0.781,1.001,1.003,-0.016,3570,14.51,12.157,0,,,,,,,,,,,,,649
2026-10-01T11:57:59.802,616.932,0,790.5,32,,97.062,18.039,-1.0,-1.562,1.001,1.0,-0.02,3570,14.51,12.157,0,106,,,,,,,,,,,,
2026-10-01T11:57:59.932,617.062,0,793.75,32,,96.969,18.039,-2.0,-1.562,1.001,1.0,-0.02,3580,14.51,12.157,0,,74,,,,,,,,,,,
2026-10-01T11:58:00.062,617.192,0,798.25,32,,97.094,17.647,-1.0,-1.562,1.001,1.0,-0.02,3570,14.51,12.157,0,,,14.062,,,,,,,,,,
2026-10-01T11:58:00.193,617.323,0,795.75,32,,96.969,18.039,-1.0,-0.781,1.001,1.003,-0.016,3570,14.51,12.157,0,,,,12.695,,,,,,,,,
2026-10-01T11:58:00.322,617.452,0,796.25,32,,97.0,18.039,-1.5,-0.781,1.001,1.004,-0.016,3570,14.51,12.157,0,,,,,97,,,,,,,,
2026-10-01T11:58:00.452,617.582,0,796.25,32,,96.938,18.039,-2.0,-0.781,1.001,1.005,-0.016,3570,14.51,12.157,0,,,,,,30,,,,,,,
2026-10-01T11:58:00.583,617.713,0,802.25,32,,97.0,18.039,-2.0,-0.781,1.001,1.002,-0.02,3590,14.51,12.157,0,,,,,,,100.0,,,,,,
2026-10-01T11:58:00.713,617.843,0,797.25,32,,96.969,18.039,-1.0,-1.562,1.001,0.999,-0.023,3590,14.51,12.157,0,,,,,,,,419.0,,,,,
2026-10-01T11:58:00.842,617.972,0,789.75,32,,96.938,18.039,-0.5,-1.562,1.001,0.998,-0.023,3610,14.51,12.157,0,,,,,,,,,0.78,,,,
2026-10-01T11:58:00.972,618.102,0,792.0,32,,97.0,18.039,0.5,-0.781,1.001,1.0,-0.02,3610,14.51,12.157,0,,,,,,,,,,,0.781,,
2026-10-01T11:58:01.102,618.232,0,795.25,32,,97.062,18.039,-1.0,-0.781,1.001,1.004,-0.016,3620,14.51,12.157,0,,,,,,,,,,,,18.824,
2026-10-01T11:58:01.232,618.362,0,798.5,32,,97.0,18.039,-2.0,-0.781,1.001,1.006,-0.016,3630,14.51,12.157,0,,,,,,,,,,,,,651
2026-10-01T11:58:01.362,618.492,0,795.75,32,,97.0,18.039,-2.0,-0.781,1.001,1.007,-0.012,3620,14.51,12.157,0,106,,,,,,,,,,,,
2026-10-01T11:58:01.492,618.622,0,794.5,32,,96.938,18.039,-1.5,-0.781,1.001,1.005,-0.016,3620,14.51,12.157,0,,74,,,,,,,,,,,
2026-10-01T11:58:01.623,618.753,0,797.0,32,,96.969,18.039,-2.0,-0.781,1.001,1.003,-0.016,3620,14.51,12.157,0,,,14.062,,,,,,,,,,
2026-10-01T11:58:01.752,618.882,0,794.75,32,,96.938,18.039,-2.5,-0.781,1.001,1.002,-0.02,3620,14.51,12.157,0,,,,12.656,,,,,,,,,
2026-10-01T11:58:01.883,619.013,0,795.0,32,,96.969,18.431,-1.5,-0.781,1.001,1.0,-0.02,3610,14.51,12.157,0,,,,,97,,,,,,,,
2026-10-01T11:58:02.013,619.143,0,796.0,32,,97.0,18.039,-0.5,-0.781,1.001,0.999,-0.023,3610,14.51,12.157,0,,,,,,30,,,,,,,
2026-10-01T11:58:02.142,619.272,0,799.0,32,,97.031,18.039,-2.5,-0.781,1.001,0.998,-0.023,3630,14.51,12.157,0,,,,,,,100.0,,,,,,
2026-10-01T11:58:02.272,619.402,0,802.25,32,,97.0,18.039,-2.5,-0.781,1.001,0.997,-0.027,3600,14.51,12.157,0,,,,,,,,419.1,,,,,
2026-10-01T11:58:02.402,619.532,0,799.0,32,,96.969,18.039,-2.5,-1.562,1.001,0.995,-0.031,3600,14.51,12.157,0,,,,,,,,,0.785,,,,
2026-10-01T11:58:02.532,619.662,0,797.5,32,,97.0,18.039,-2.5,-1.562,1.001,0.996,-0.027,3610,14.51,12.157,0,,,,,,,,,,,0.781,,
2026-10-01T11:58:02.662,619.792,0,793.0,31,,97.094,18.039,-1.0,-1.562,1.002,0.997,-0.027,3590,14.51,12.157,0,,,,,,,,,,,,18.824,
2026-10-01T11:58:02.792,619.922,0,799.5,32,,97.062,18.039,-1.0,-1.562,1.001,0.998,-0.023,3600,14.51,12.157,0,,,,,,,,,,,,,652
2026-10-01T11:58:02.922,620.052,0,796.75,31,,96.938,18.039,-1.0,-1.562,1.001,0.997,-0.027,3580,14.51,12.157,0,106,,,,,,,,,,,,
2026-10-01T11:58:03.053,620.183,0,795.75,32,,96.969,18.039,-2.5,-1.562,1.001,0.998,-0.023,3580,14.51,12.157,0,,74,,,,,,,,,,,
2026-10-01T11:58:03.182,620.312,0,798.5,31,,96.938,18.039,-1.0,-1.562,1.002,0.997,-0.027,3570,14.51,12.157,0,,,14.062,,,,,,,,,,
2026-10-01T11:58:03.313,620.443,0,798.5,32,,96.969,18.039,-2.0,-1.562,1.002,0.998,-0.027,3540,14.51,12.157,0,,,,12.597,,,,,,,,,
2026-10-01T11:58:03.442,620.572,0,795.0,32,,96.969,18.039,-1.5,-1.562,1.002,0.997,-0.027,3550,14.51,12.157,0,,,,,97,,,,,,,,
2026-10-01T11:58:03.572,620.702,0,791.0,32,,97.062,18.039,-0.5,-1.562,1.002,0.998,-0.023,3530,14.51,12.157,0,,,,,,30,,,,,,,
2026-10-01T11:58:03.702,620.832,0,799.25,32,,97.0,18.039,-1.0,-1.562,1.002,0.997,-0.027,3540,14.51,12.157,0,,,,,,,100.0,,,,,,
2026-10-01T11:58:03.832,620.962,0,800.0,32,,96.969,18.039,-2.0,-1.562,1.002,0.996,-0.027,3540,14.51,12.157,0,,,,,,,,419.1,,,,,
2026-10-01T11:58:03.962,621.092,0,793.75,31,,96.969,18.431,-2.0,-1.562,1.002,0.996,-0.031,3550,14.51,12.157,0,,,,,,,,,0.79,,,,
2026-10-01T11:58:04.092,621.222,0,791.0,32,,97.0,18.039,-1.0,-1.562,1.002,0.998,-0.027,3550,14.51,12.157,0,,,,,,,,,,,0.781,,
2026-10-01T11:58:04.222,621.353,0,798.5,31,,96.969,18.039,-1.5,-1.562,1.002,0.999,-0.023,3550,14.51,12.157,0,,,,,,,,,,,,18.824,
2026-10-01T11:58:04.352,621.482,0,793.0,32,,96.938,18.039,-1.0,-1.562,1.002,0.999,-0.023,3550,14.51,12.157,0,,,,,,,,,,,,,654
2026-10-01T11:58:04.482,621.612,0,797.25,32,,96.938,18.039,-1.0,-1.562,1.002,0.999,-0.023,3550,14.51,12.157,0,106,,,,,,,,,,,,
2026-10-01T11:58:04.613,621.743,0,799.5,31,,97.0,18.039,-2.5,-1.562,1.002,0.998,-0.023,3560,14.51,12.157,0,,74,,,,,,,,,,,
2026-10-01T11:58:04.742,621.873,0,799.75,32,,96.938,18.039,-2.5,-1.562,1.002,0.998,-0.027,3580,14.51,12.157,0,,,14.062,,,,,,,,,,
2026-10-01T11:58:04.872,622.002,0,800.0,31,,97.0,18.039,-1.0,-1.562,1.002,0.999,-0.023,3570,14.51,12.157,0,,,,12.675,,,,,,,,,
2026-10-01T11:58:05.002,622.132,0,798.5,32,,97.0,18.039,-1.0,-1.562,1.003,1.002,-0.02,3560,14.51,12.157,0,,,,,97,,,,,,,,
2026-10-01T11:58:05.132,622.262,0,793.75,32,,97.0,18.039,-2.0,-1.562,1.003,1.009,-0.012,3550,14.51,12.157,0,,,,,,30,,,,,,,
2026-10-01T11:58:05.262,622.392,0,795.5,31,,97.031,18.039,0.0,-0.781,1.003,1.01,-0.012,3550,14.51,12.157,0,,,,,,,100.0,,,,,,
2026-10-01T11:58:05.392,622.522,0,790.25,32,,97.0,18.039,-1.0,-0.781,1.003,1.011,-0.008,3550,14.51,12.157,0,,,,,,,,419.2,,,,,
2026-10-01T11:58:05.522,622.652,0,798.5,32,,97.031,18.039,-2.5,-0.781,1.003,1.011,-0.008,3550,14.51,12.157,0,,,,,,,,,0.79,,,,
2026-10-01T11:58:05.652,622.783,0,799.75,32,,97.062,18.039,-1.0,-0.781,1.003,1.007,-0.012,3560,14.51,12.157,0,,,,,,,,,,,0.781,,
2026-10-01T11:58:05.782,622.912,0,793.5,32,,97.062,18.039,-1.5,-0.781,1.003,1.003,-0.016,3560,14.51,12.157,0,,,,,,,,,,,,18.824,
2026-10-01T11:58:05.912,623.042,0,792.75,32,,97.0,18.039,-2.0,-0.781,1.003,1.003,-0.016,3570,14.51,12.157,0,,,,,,,,,,,,,655
2026-10-01T11:58:06.043,623.173,0,798.75,32,,97.094,18.039,-0.5,-0.781,1.003,1.009,-0.012,3570,14.51,12.157,0,106,,,,,,,,,,,,
2026-10-01T11:58:06.173,623.303,0,800.0,32,,97.0,18.039,-1.5,-0.781,1.003,1.007,-0.012,3580,14.51,12.157,0,,74,,,,,,,,,,,
2026-10-01T11:58:06.302,623.432,0,795.5,32,,96.969,18.039,-1.5,-0.781,1.003,1.005,-0.016,3580,14.51,12.157,0,,,14.062,,,,,,,,,,
2026-10-01T11:58:06.432,623.562,0,795.25,32,,97.0,18.039,-1.5,-0.781,1.003,1.002,-0.02,3600,14.51,12.157,0,,,,12.597,,,,,,,,,
2026-10-01T11:58:06.562,623.692,0,800.25,32,,97.0,18.039,-1.5,-0.781,1.003,1.003,-0.016,3600,14.51,12.157,0,,,,,97,,,,,,,,
2026-10-01T11:58:06.692,623.822,0,801.25,32,,96.938,18.039,-2.0,-0.781,1.003,1.005,-0.016,3620,14.51,12.157,0,,,,,,30,,,,,,,
2026-10-01T11:58:06.822,623.952,0,794.0,32,,97.031,18.039,-2.5,-0.781,1.003,1.003,-0.016,3620,14.51,12.157,0,,,,,,,100.0,,,,,,
2026-10-01T11:58:06.952,624.082,0,792.0,32,,97.062,18.039,-1.0,-0.781,1.003,1.005,-0.016,3620,14.51,12.157,0,,,,,,,,419.3,,,,,
2026-10-01T11:58:07.082,624.212,0,797.75,31,,97.094,18.039,-1.0,-0.781,1.003,1.007,-0.012,3610,14.51,12.157,0,,,,,,,,,0.795,,,,
2026-10-01T11:58:07.212,624.342,0,796.75,32,,97.0,18.039,-3.0,-0.781,1.003,1.008,-0.012,3600,14.51,12.157,0,,,,,,,,,,,0.781,,
2026-10-01T11:58:07.343,624.473,0,800.25,32,,97.062,18.039,-2.5,-0.781,1.003,1.009,-0.012,3610,14.51,12.157,0,,,,,,,,,,,,18.431,
2026-10-01T11:58:07.472,624.602,0,803.0,31,,97.062,18.039,-2.5,-0.781,1.003,1.003,-0.016,3610,14.51,12.157,0,,,,,,,,,,,,,657
2026-10-01T11:58:07.603,624.733,0,801.75,32,,97.0,18.039,-2.5,-0.781,1.003,1.004,-0.016,3610,14.51,12.157,0,106,,,,,,,,,,,,
2026-10-01T11:58:07.733,624.863,0,795.5,31,,97.062,18.039,-2.5,-0.781,1.003,0.999,-0.023,3610,14.51,12.157,0,,74,,,,,,,,,,,
2026-10-01T11:58:07.862,624.992,0,795.0,32,,97.062,18.039,-0.5,-0.781,1.003,0.998,-0.023,3600,14.51,12.157,0,,,14.062,,,,,,,,,,
2026-10-01T11:58:07.992,625.122,0,792.75,31,,97.0,18.039,-2.5,-0.781,1.003,0.996,-0.031,3590,14.51,12.157,0,,,,12.695,,,,,,,,,
2026-10-01T11:58:08.122,625.252,0,799.0,31,,97.062,18.039,-2.0,-0.781,1.003,0.996,-0.031,3580,14.51,12.157,0,,,,,97,,,,,,,,
2026-10-01T11:58:08.252,625.382,0,795.5,32,,97.0,18.039,-2.5,-0.781,1.003,0.997,-0.027,3590,14.51,12.157,0,,,,,,30,,,,,,,
2026-10-01T11:58:08.382,625.512,0,793.25,31,,97.031,18.039,-1.5,-0.781,1.003,0.998,-0.023,3580,14.51,12.157,0,,,,,,,100.0,,,,,,
2026-10-01T11:58:08.512,625.642,0,794.25,32,,97.0,18.039,-2.5,-0.781,1.003,0.999,-0.023,3580,14.51,12.157,0,,,,,,,,419.3,,,,,
2026-10-01T11:58:08.642,625.772,0,799.25,31,,97.062,18.039,-2.5,-0.781,1.003,0.999,-0.023,3580,14.51,12.157,0,,,,,,,,,0.795,,,,
2026-10-01T11:58:08.773,625.903,0,795.75,31,,97.062,18.039,-2.0,-0.781,1.003,1.001,-0.02,3580,14.51,12.157,0,,,,,,,,,,,0.781,,
2026-10-01T11:58:08.902,626.032,0,799.25,31,,97.125,18.039,-1.5,-0.781,1.003,0.999,-0.023,3570,14.51,12.157,0,,,,,,,,,,,,18.824,
2026-10-01T11:58:09.033,626.163,0,800.25,31,,97.094,18.039,-2.0,-0.781,1.003,0.999,-0.023,3560,14.51,12.157,0,,,,,,,,,,,,,658
2026-10-01T11:58:09.163,626.293,0,796.0,32,,97.094,18.039,-2.5,-0.781,1.003,0.999,-0.023,3560,14.51,12.157,0,106,,,,,,,,,,,,
2026-10-01T11:58:09.292,626.422,0,793.5,31,,97.062,18.039,-1.5,-0.781,1.003,0.999,-0.02,3540,14.51,12.157,0,,74,,,,,,,,,,,
2026-10-01T11:58:09.422,626.552,0,800.0,32,,97.0,18.431,-2.0,-0.781,1.003,1.0,-0.02,3560,14.51,12.157,0,,,14.062,,,,,,,,,,
2026-10-01T11:58:09.552,626.682,0,797.75,32,,97.062,18.039,-2.0,-1.562,1.003,0.999,-0.023,3550,14.51,12.157,0,,,,12.656,,,,,,,,,
2026-10-01T11:58:09.682,626.812,0,795.0,32,,97.062,18.039,-1.0,-0.781,1.003,1.0,-0.02,3550,14.51,12.157,0,,,,,97,,,,,,,,
2026-10-01T11:58:09.812,626.942,0,794.25,32,,97.062,18.039,-1.5,-1.562,1.003,0.999,-0.023,3550,14.51,12.157,0,,,,,,30,,,,,,,
2026-10-01T11:58:09.942,627.072,0,794.5,31,,96.938,18.039,0.5,-1.562,1.003,1.002,-0.02,3540,14.51,12.157,0,,,,,,,100.0,,,,,,
2026-10-01T11:58:10.072,627.202,0,797.25,31,,97.031,18.039,0.5,-0.781,1.003,1.003,-0.016,3540,14.51,12.157,0,,,,,,,,419.5,,,,,
2026-10-01T11:58:10.202,627.332,0,794.5,32,,97.031,18.039,-1.5,-1.562,1.003,1.001,-0.02,3540,14.51,12.157,0,,,,,,,,,0.795,,,,
2026-10-01T11:58:10.333,627.463,0,797.5,31,,97.0,18.039,-2.0,-0.781,1.003,1.002,-0.02,3540,14.51,12.157,0,,,,,,,,,,,0.781,,
2026-10-01T11:58:10.463,627.593,0,799.25,32,,96.969,18.039,-1.5,-0.781,1.003,1.003,-0.016,3540,14.51,12.157,0,,,,,,,,,,,,18.824,
2026-10-01T11:58:10.592,627.722,0,794.75,31,,97.0,17.647,-2.5,-0.781,1.003,1.003,-0.016,3540,14.51,12.157,0,,,,,,,,,,,,,660
2026-10-01T11:58:10.722,627.852,0,795.25,32,,97.0,18.039,-2.0,-0.781,1.003,1.005,-0.016,3540,14.51,12.157,0,106,,,,,,,,,,,,
2026-10-01T11:58:10.852,627.982,0,798.75,32,,97.0,18.039,-1.0,-0.781,1.003,1.007,-0.012,3540,14.51,12.157,0,,74,,,,,,,,,,,
2026-10-01T11:58:10.982,628.112,0,802.25,32,,96.969,18.039,-2.0,-0.781,1.003,1.005,-0.016,3560,14.51,12.157,0,,,14.062,,,,,,,,,,
2026-10-01T11:58:11.112,628.242,0,794.75,32,,96.938,18.039,-2.0,-0.781,1.003,1.007,-0.012,3560,14.51,12.157,0,,,,12.695,,,,,,,,,
2026-10-01T11:58:11.242,628.372,0,794.25,31,,96.969,18.039,-1.5,-0.781,1.003,1.006,-0.016,3540,14.51,12.157,0,,,,,97,,,,,,,,
2026-10-01T11:58:11.372,628.502,0,798.0,32,,96.969,18.039,-1.0,-0.781,1.003,1.005,-0.016,3560,14.51,12.157,0,,,,,,31,,,,,,,
2026-10-01T11:58:11.502,628.632,0,797.5,31,,97.062,18.039,-2.5,-0.781,1.003,1.007,-0.012,3560,14.51,12.157,0,,,,,,,100.0,,,,,,
2026-10-01T11:58:11.632,628.762,0,797.75,31,,96.969,18.039,-2.5,-0.781,1.003,1.005,-0.016,3570,14.51,12.157,0,,,,,,,,419.5,,,,,
2026-10-01T11:58:11.764,628.894,0,799.5,32,,96.969,18.039,-1.0,-0.781,1.003,1.007,-0.012,3560,14.51,12.157,0,,,,,,,,,0.795,,,,
2026-10-01T11:58:11.892,629.022,0,798.75,31,,97.062,18.039,0.0,-0.781,1.003,1.005,-0.016,3560,14.51,12.157,0,,,,,,,,,,,0.781,,
2026-10-01T11:58:12.022,629.152,0,796.25,32,,97.062,18.039,-0.5,-0.781,1.003,1.007,-0.012,3570,14.51,12.157,0,,,,,,,,,,,,18.824,
2026-10-01T11:58:12.152,629.282,0,800.5,32,,97.0,18.039,-1.5,-0.781,1.003,1.011,-0.008,3560,14.51,12.157,0,,,,,,,,,,,,,661
2026-10-01T11:58:12.282,629.412,0,798.25,32,,97.062,18.039,-2.0,-0.781,1.003,1.009,-0.012,3570,14.51,12.157,0,106,,,,,,,,,,,,
2026-10-01T11:58:12.412,629.542,0,798.5,32,,97.031,18.039,-2.5,-0.781,1.003,1.007,-0.012,3570,14.51,12.157,0,,74,,,,,,,,,,,
2026-10-01T11:58:12.542,629.672,0,798.25,31,,97.062,18.039,-2.5,-0.781,1.003,1.005,-0.016,3580,14.51,12.157,0,,,14.062,,,,,,,,,,
2026-10-01T11:58:12.672,629.802,0,796.25,32,,97.0,18.039,-1.0,-0.781,1.003,1.003,-0.016,3580,14.51,12.157,0,,,,12.675,,,,,,,,,
2026-10-01T11:58:12.802,629.932,0,800.25,31,,96.938,18.039,-1.0,-0.781,1.003,1.005,-0.016,3570,14.51,12.157,0,,,,,97,,,,,,,,
2026-10-01T11:58:12.932,630.062,0,797.75,32,,97.031,18.039,-0.5,-0.781,1.003,1.008,-0.012,3570,14.51,12.157,0,,,,,,31,,,,,,,
2026-10-01T11:58:13.062,630.193,0,795.25,32,,97.031,18.039,-1.0,0.0,1.003,1.009,-0.012,3560,14.51,12.157,0,,,,,,,100.0,,,,,,
2026-10-01T11:58:13.192,630.322,0,797.75,32,,97.0,18.039,-1.5,0.0,1.003,1.005,-0.016,3560,14.51,12.157,0,,,,,,,,419.6,,,,,
2026-10-01T11:58:13.322,630.452,0,798.75,32,,97.0,18.039,-2.5,-0.781,1.003,1.0,-0.02,3570,14.51,12.157,0,,,,,,,,,0.8,,,,
2026-10-01T11:58:13.453,630.583,0,799.5,32,,97.0,18.039,-2.5,-0.781,1.003,0.999,-0.023,3570,14.51,12.157,0,,,,,,,,,,,0.781,,
2026-10-01T11:58:13.582,630.712,0,799.5,32,,97.0,18.039,-1.0,-0.781,1.003,0.999,-0.02,3560,14.51,12.157,0,,,,,,,,,,,,18.431,
2026-10-01T11:58:13.712,630.842,0,799.5,31,,97.0,18.039,-2.0,-0.781,1.003,0.998,-0.023,3560,14.51,12.157,0,,,,,,,,,,,,,663
2026-10-01T11:58:13.842,630.972,0,797.0,32,,96.969,18.039,-1.0,-0.781,1.003,0.997,-0.027,3560,14.51,12.157,0,106,,,,,,,,,,,,
2026-10-01T11:58:13.972,631.102,0,794.5,32,,96.938,18.039,-1.5,-0.781,1.004,0.998,-0.023,3560,14.51,12.157,0,,74,,,,,,,,,,,
2026-10-01T11:58:14.102,631.232,0,796.0,32,,97.0,18.039,-2.0,-0.781,1.004,0.999,-0.023,3570,14.51,12.157,0,,,14.062,,,,,,,,,,
2026-10-01T11:58:14.232,631.362,0,803.75,32,,96.969,18.039,-2.5,-0.781,1.004,0.999,-0.023,3580,14.51,12.157,0,,,,12.734,,,,,,,,,
2026-10-01T11:58:14.362,631.492,0,800.5,32,,97.0,18.039,-1.5,-0.781,1.004,0.998,-0.023,3590,14.51,12.157,0,,,,,97,,,,,,,,
2026-10-01T11:58:14.492,631.622,0,795.25,32,,97.0,18.039,-2.5,-0.781,1.004,0.998,-0.023,3590,14.51,12.157,0,,,,,,31,,,,,,,
2026-10-01T11:58:14.622,631.752,0,801.5,32,,97.0,18.039,-2.0,-0.781,1.004,0.999,-0.023,3580,14.51,12.157,0,,,,,,,100.0,,,,,,
2026-10-01T11:58:14.753,631.883,0,798.5,32,,96.938,17.647,-2.0,-0.781,1.004,0.998,-0.023,3580,14.51,12.157,0,,,,,,,,419.6,,,,,
2026-10-01T11:58:14.882,632.012,0,797.75,31,,97.0,18.039,-2.5,-0.781,1.004,1.0,-0.02,3580,14.51,12.157,0,,,,,,,,,0.8,,,,
2026-10-01T11:58:15.012,632.142,0,794.5,32,,97.0,18.039,-2.5,-0.781,1.004,1.0,-0.02,3580,14.51,12.157,0,,,,,,,,,,,0.781,,
2026-10-01T11:58:15.143,632.273,0,799.5,32,,96.969,18.039,-2.0,-0.781,1.004,0.999,-0.023,3580,14.51,12.157,0,,,,,,,,,,,,18.431,
2026-10-01T11:58:15.272,632.402,0,795.25,32,,96.938,18.039,-1.5,-0.781,1.004,0.998,-0.023,3610,14.51,12.157,0,,,,,,,,,,,,,665
2026-10-01T11:58:15.402,632.532,0,795.0,32,,97.031,18.039,-2.0,-0.781,1.004,0.999,-0.023,3610,14.51,12.157,0,106,,,,,,,,,,,,
2026-10-01T11:58:15.532,632.662,0,795.25,32,,96.969,18.039,-2.0,-0.781,1.004,0.999,-0.023,3630,14.51,12.157,0,,74,,,,,,,,,,,
2026-10-01T11:58:15.662,632.792,0,796.75,32,,97.062,18.039,-2.0,-0.781,1.004,0.999,-0.02,3610,14.51,12.157,0,,,14.062,,,,,,,,,,
2026-10-01T11:58:15.792,632.922,0,796.75,32,,97.031,18.039,-2.0,-0.781,1.004,1.0,-0.02,3630,14.51,12.157,0,,,,12.675,,,,,,,,,
2026-10-01T11:58:15.922,633.052,0,796.25,31,,97.062,18.039,-3.0,-0.781,1.004,1.0,-0.02,3630,14.51,12.157,0,,,,,97,,,,,,,,
2026-10-01T11:58:16.052,633.182,0,797.5,32,,97.062,18.039,-2.5,-0.781,1.004,0.997,-0.027,3610,14.51,12.157,0,,,,,,31,,,,,,,
2026-10-01T11:58:16.182,633.312,0,800.75,31,,97.031,18.039,-2.5,-1.562,1.004,0.996,-0.027,3620,14.51,12.157,0,,,,,,,100.0,,,,,,
2026-10-01T11:58:16.312,633.442,0,799.75,32,,97.094,18.039,-3.0,-1.562,1.004,0.994,-0.035,3600,14.51,12.157,0,,,,,,,,419.7,,,,,
2026-10-01T11:58:16.442,633.572,0,797.0,32,,97.094,18.039,-2.0,-1.562,1.004,0.994,-0.035,3600,14.51,12.157,0,,,,,,,,,0.8,,,,
2026-10-01T11:58:16.573,633.703,0,792.75,31,,97.0,18.039,-0.5,-1.562,1.004,0.996,-0.031,3590,14.51,12.157,0,,,,,,,,,,,0.781,,
2026-10-01T11:58:16.702,633.833,0,794.0,32,,97.031,18.039,-2.0,-1.562,1.004,0.997,-0.027,3570,14.51,12.157,0,,,,,,,,,,,,18.824,
2026-10-01T11:58:16.832,633.962,0,796.75,31,,97.0,18.039,-1.5,-1.562,1.004,0.996,-0.027,3560,14.51,12.157,0,,,,,,,,,,,,,666
2026-10-01T11:58:16.962,634.092,0,797.0,31,,96.969,18.039,-1.5,-1.562,1.004,0.996,-0.027,3560,14.51,12.157,0,106,,,,,,,,,,,,
2026-10-01T11:58:17.092,634.222,0,796.25,31,,97.062,18.039,-2.0,-1.562,1.004,0.997,-0.027,3550,14.51,12.157,0,,74,,,,,,,,,,,
2026-10-01T11:58:17.222,634.352,0,793.25,31,,97.094,18.039,-2.0,-1.562,1.004,0.996,-0.031,3540,14.51,12.157,0,,,14.062,,,,,,,,,,
2026-10-01T11:58:17.363,634.493,0,801.25,32,,97.094,18.039,-2.5,-1.562,1.004,0.997,-0.027,3550,14.51,12.157,0,,,,12.656,,,,,,,,,
2026-10-01T11:58:17.493,634.623,0,794.25,31,,97.0,18.039,-2.5,-1.562,1.004,0.998,-0.023,3550,14.51,12.157,0,,,,,97,,,,,,,,
2026-10-01T11:58:17.622,634.752,0,799.0,32,,97.062,18.039,-2.0,-1.562,1.004,0.998,-0.023,3530,14.51,12.157,0,,,,,,31,,,,,,,
2026-10-01T11:58:17.752,634.882,0,792.25,32,,97.094,18.039,-1.0,-1.562,1.004,0.999,-0.023,3510,14.51,12.157,0,,,,,,,100.0,,,,,,
2026-10-01T11:58:17.882,635.012,0,798.5,32,,97.062,18.039,-1.5,-1.562,1.004,1.002,-0.02,3510,14.51,12.157,0,,,,,,,,419.8,,,,,
2026-10-01T11:58:18.022,635.152,0,796.75,32,,97.094,18.039,-1.0,-1.562,1.004,1.003,-0.016,3510,14.51,12.157,0,,,,,,,,,0.8,,,,
2026-10-01T11:58:18.153,635.283,0,794.5,31,,97.062,18.039,-2.5,-1.562,1.004,1.005,-0.016,3530,14.51,12.157,0,,,,,,,,,,,0.781,,
2026-10-01T11:58:18.282,635.412,0,799.75,32,,97.094,18.039,-1.0,-1.562,1.004,1.005,-0.016,3530,14.51,12.157,0,,,,,,,,,,,,18.431,
2026-10-01T11:58:18.412,635.542,0,793.75,31,,97.094,18.039,-1.5,-1.562,1.004,1.004,-0.016,3530,14.51,12.157,0,,,,,,,,,,,,,668
2026-10-01T11:58:18.542,635.672,0,796.25,32,,97.031,18.039,-2.0,-1.562,1.004,1.008,-0.012,3540,14.51,12.157,0,106,,,,,,,,,,,,
2026-10-01T11:58:18.672,635.802,0,799.75,32,,97.0,18.039,-1.0,-1.562,1.004,1.006,-0.016,3540,14.51,12.157,0,,74,,,,,,,,,,,
2026-10-01T11:58:18.802,635.932,0,794.75,32,,97.062,17.647,-1.0,-1.562,1.004,1.007,-0.012,3540,14.51,12.157,0,,,14.062,,,,,,,,,,
2026-10-01T11:58:18.932,636.062,0,797.5,32,,97.031,18.039,-0.5,-1.562,1.004,1.005,-0.016,3520,14.51,12.157,0,,,,12.734,,,,,,,,,
2026-10-01T11:58:19.062,636.192,0,798.5,32,,97.031,17.647,-1.0,-1.562,1.004,1.006,-0.016,3530,14.51,12.157,0,,,,,97,,,,,,,,
2026-10-01T11:58:19.192,636.322,0,796.5,32,,97.094,18.039,-1.0,-1.562,1.004,1.005,-0.016,3550,14.51,12.157,0,,,,,,32,,,,,,,
2026-10-01T11:58:19.322,636.452,0,796.5,32,,97.031,18.039,-2.0,-0.781,1.004,1.007,-0.012,3550,14.51,12.157,0,,,,,,,100.0,,,,,,
2026-10-01T11:58:19.453,636.583,0,792.0,32,,97.062,18.039,-1.0,-0.781,1.004,1.005,-0.016,3570,14.51,12.157,0,,,,,,,,419.9,,,,,
2026-10-01T11:58:19.583,636.713,0,796.0,32,,97.0,18.039,0.0,-0.781,1.004,1.003,-0.016,3570,14.51,12.157,0,,,,,,,,,0.8,,,,
2026-10-01T11:58:19.712,636.842,0,800.0,32,,97.0,18.039,-2.5,-1.562,1.004,1.003,-0.016,3600,14.51,12.157,0,,,,,,,,,,,0.781,,
2026-10-01T11:58:19.842,636.972,0,797.5,32,,97.062,18.039,-1.5,-1.562,1.004,1.002,-0.02,3600,14.51,12.157,0,,,,,,,,,,,,18.824,
2026-10-01T11:58:19.972,637.102,0,798.5,32,,97.094,18.039,-1.0,-1.562,1.004,1.003,-0.016,3620,14.51,12.157,0,,,,,,,,,,,,,669
2026-10-01T11:58:20.102,637.232,0,793.0,32,,97.094,18.039,-1.5,-1.562,1.004,1.002,-0.02,3630,14.51,12.157,0,106,,,,,,,,,,,,
2026-10-01T11:58:20.232,637.362,0,794.5,32,,97.031,18.039,-1.0,-1.562,1.004,1.003,-0.016,3620,14.51,12.157,0,,74,,,,,,,,,,,
2026-10-01T11:58:20.362,637.492,0,793.0,32,,97.0,18.039,-2.0,-0.781,1.004,1.008,-0.012,3630,14.51,12.157,0,,,14.062,,,,,,,,,,
2026-10-01T11:58:20.492,637.622,0,793.25,32,,96.969,18.039,-1.0,-0.781,1.004,1.009,-0.012,3640,14.51,12.157,0,,,,12.636,,,,,,,,,
2026-10-01T11:58:20.622,637.752,0,795.0,32,,97.062,18.039,-2.0,-0.781,1.004,1.013,-0.008,3620,14.51,12.157,0,,,,,97,,,,,,,,
2026-10-01T11:58:20.753,637.883,0,798.0,32,,97.0,18.039,-1.5,-0.781,1.004,1.015,-0.004,3610,14.51,12.157,0,,,,,,32,,,,,,,
2026-10-01T11:58:20.882,638.012,0,796.5,32,,97.0,18.039,-0.5,-0.781,1.004,1.013,-0.008,3610,14.51,12.157,0,,,,,,,100.0,,,,,,
2026-10-01T11:58:21.012,638.142,0,797.0,31,,97.0,18.039,-3.0,-0.781,1.004,1.009,-0.012,3620,14.51,12.157,0,,,,,,,,420.0,,,,,
2026-10-01T11:58:21.142,638.272,0,796.25,31,,96.938,18.039,-2.5,-0.781,1.004,1.003,-0.016,3610,14.51,12.157,0,,,,,,,,,0.8,,,,
2026-10-01T11:58:21.272,638.402,0,799.25,32,,96.969,18.039,-1.0,-0.781,1.004,0.999,-0.02,3610,14.51,12.157,0,,,,,,,,,,,0.781,,
2026-10-01T11:58:21.402,638.532,0,797.0,32,,96.969,18.039,-2.5,-0.781,1.004,0.999,-0.023,3600,14.51,12.157,0,,,,,,,,,,,,18.824,
2026-10-01T11:58:21.532,638.662,0,796.5,32,,96.938,18.039,-1.0,-0.781,1.004,0.998,-0.023,3560,14.51,12.157,0,,,,,,,,,,,,,671
2026-10-01T11:58:21.662,638.792,0,797.5,31,,97.0,18.039,-0.5,-1.562,1.004,0.998,-0.023,3540,14.51,12.157,0,106,,,,,,,,,,,,
2026-10-01T11:58:21.792,638.923,0,793.0,32,,97.0,18.039,-1.0,-0.781,1.004,0.999,-0.02,3520,14.51,12.157,0,,74,,,,,,,,,,,
2026-10-01T11:58:21.922,639.052,0,799.0,32,,97.0,18.039,-2.5,-0.781,1.004,1.003,-0.016,3510,14.51,12.157,0,,,14.062,,,,,,,,,,
2026-10-01T11:58:22.052,639.182,0,797.75,31,,97.031,18.039,-2.0,-0.781,1.004,1.0,-0.02,3520,14.51,12.157,0,,,,12.675,,,,,,,,,
2026-10-01T11:58:22.183,639.313,0,797.25,32,,96.969,18.039,-0.5,-0.781,1.004,1.001,-0.02,3510,14.51,12.157,0,,,,,97,,,,,,,,
2026-10-01T11:58:22.313,639.443,0,800.25,31,,97.031,18.039,-2.5,-0.781,1.004,0.999,-0.02,3540,14.51,12.157,0,,,,,,32,,,,,,,
2026-10-01T11:58:22.442,639.572,0,799.5,32,,97.0,18.039,-1.0,-1.562,1.004,1.0,-0.02,3520,14.51,12.157,0,,,,,,,100.0,,,,,,
2026-10-01T11:58:22.572,639.702,0,798.5,32,,97.031,18.039,-1.0,-0.781,1.004,1.002,-0.02,3520,14.51,12.157,0,,,,,,,,420.0,,,,,
2026-10-01T11:58:22.702,639.832,0,794.5,32,,97.031,18.039,-2.5,-0.781,1.004,1.003,-0.016,3520,14.51,12.157,0,,,,,,,,,0.8,,,,
2026-10-01T11:58:22.832,639.962,0,795.0,32,,97.0,18.039,-1.0,-0.781,1.004,1.003,-0.016,3520,14.51,12.157,0,,,,,,,,,,,0.781,,
2026-10-01T11:58:22.962,640.092,0,797.75,32,,97.0,17.647,0.0,-0.781,1.004,1.002,-0.02,3520,14.51,12.157,0,,,,,,,,,,,,18.431,
2026-10-01T11:58:23.092,640.222,0,799.0,32,,96.969,18.039,-1.5,-0.781,1.004,1.003,-0.016,3540,14.51,12.157,0,,,,,,,,,,,,,672
2026-10-01T11:58:23.222,640.353,0,796.25,32,,97.0,18.039,-2.0,-0.781,1.004,1.004,-0.016,3550,14.51,12.157,0,106,,,,,,,,,,,,
2026-10-01T11:58:23.352,640.482,0,800.0,32,,96.938,18.039,-2.0,-0.781,1.004,1.004,-0.016,3560,14.51,12.157,0,,74,,,,,,,,,,,
2026-10-01T11:58:23.482,640.612,0,797.75,32,,97.0,18.039,-1.5,-0.781,1.004,1.001,-0.02,3560,14.51,12.157,0,,,14.062,,,,,,,,,,
2026-10-01T11:58:23.613,640.743,0,799.0,32,,97.062,18.039,-1.5,-0.781,1.004,1.003,-0.016,3560,14.51,12.157,0,,,,12.675,,,,,,,,,
2026-10-01T11:58:23.742,640.872,0,798.0,32,,97.0,18.039,-1.0,-0.781,1.004,1.003,-0.016,3580,14.51,12.157,0,,,,,97,,,,,,,,
2026-10-01T11:58:23.872,641.002,0,795.5,32,,97.031,18.039,-1.0,-0.781,1.004,1.003,-0.016,3600,14.51,12.157,0,,,,,,32,,,,,,,
2026-10-01T11:58:24.002,641.132,0,796.0,32,,96.969,18.039,-1.0,-0.781,1.004,1.005,-0.016,3620,14.51,12.157,0,,,,,,,100.0,,,,,,
2026-10-01T11:58:24.132,641.262,0,794.75,32,,97.062,18.039,-1.5,-0.781,1.004,1.002,-0.02,3630,14.51,12.157,0,,,,,,,,420.1,,,,,
2026-10-01T11:58:24.262,641.392,0,799.75,32,,97.0,18.039,-2.5,-0.781,1.004,1.005,-0.016,3630,14.51,12.157,0,,,,,,,,,0.8,,,,
2026-10-01T11:58:24.392,641.522,0,795.75,32,,97.031,18.039,-1.5,-0.781,1.004,1.005,-0.016,3630,14.51,12.157,0,,,,,,,,,,,0.781,,
2026-10-01T11:58:24.522,641.652,0,789.25,32,,97.0,18.039,0.0,-0.781,1.004,1.008,-0.012,3630,14.51,12.157,0,,,,,,,,,,,,18.431,
2026-10-01T11:58:24.652,641.782,0,797.5,32,,97.0,18.039,-1.5,-0.781,1.004,1.01,-0.012,3620,14.51,12.157,0,,,,,,,,,,,,,674
2026-10-01T11:58:24.783,641.913,0,795.25,32,,96.969,18.039,-1.0,-0.781,1.004,1.012,-0.008,3620,14.51,12.157,0,106,,,,,,,,,,,,
2026-10-01T11:58:24.913,642.043,0,798.0,32,,97.0,18.039,-1.5,-0.781,1.004,1.01,-0.012,3620,14.51,12.157,0,,74,,,,,,,,,,,
2026-10-01T11:58:25.042,642.172,0,792.25,32,,97.0,18.039,-2.5,-0.781,1.004,1.009,-0.012,3610,14.51,12.157,0,,,14.062,,,,,,,,,,
2026-10-01T11:58:25.172,642.302,0,794.0,32,,97.031,18.039,-1.5,-0.781,1.004,1.009,-0.012,3600,14.51,12.157,0,,,,12.597,,,,,,,,,
2026-10-01T11:58:25.302,642.432,0,798.0,32,,96.969,18.039,-1.0,-0.781,1.004,1.005,-0.016,3590,14.51,12.157,0,,,,,97,,,,,,,,
2026-10-01T11:58:25.432,642.562,0,800.5,32,,97.062,18.039,-2.5,-0.781,1.004,1.004,-0.016,3570,14.51,12.157,0,,,,,,32,,,,,,,
2026-10-01T11:58:25.562,642.692,0,797.75,31,,97.031,18.039,-2.5,-0.781,1.004,1.003,-0.016,3550,14.51,12.157,0,,,,,,,100.0,,,,,,
2026-10-01T11:58:25.692,642.822,0,794.5,32,,96.969,18.039,-2.0,-0.781,1.003,0.999,-0.023,3510,14.51,12.157,0,,,,,,,,420.1,,,,,
2026-10-01T11:58:25.822,642.952,0,797.0,31,,97.0,18.039,-1.0,-0.781,1.003,0.999,-0.023,3510,14.51,12.157,0,,,,,,,,,0.8,,,,
2026-10-01T11:58:25.952,643.082,0,795.0,31,,97.0,18.039,-1.0,-0.781,1.003,0.999,-0.02,3510,14.51,12.157,0,,,,,,,,,,,0.781,,
2026-10-01T11:58:26.082,643.212,0,796.0,31,,96.969,18.039,-2.0,-0.781,1.004,1.002,-0.02,3510,14.51,12.157,0,,,,,,,,,,,,18.431,
2026-10-01T11:58:26.213,643.343,0,801.25,31,,96.969,18.039,-2.5,-0.781,1.003,1.0,-0.02,3520,14.51,12.157,0,,,,,,,,,,,,,676
2026-10-01T11:58:26.342,643.472,0,795.0,32,,97.0,18.039,-1.5,-0.781,1.004,1.0,-0.02,3510,14.51,12.157,0,106,,,,,,,,,,,,
2026-10-01T11:58:26.472,643.602,0,798.25,32,,96.969,17.647,-1.0,-0.781,1.004,1.001,-0.02,3510,14.51,12.157,0,,74,,,,,,,,,,,
2026-10-01T11:58:26.602,643.732,0,798.5,32,,96.969,18.039,-1.5,-0.781,1.003,1.005,-0.016,3510,14.51,12.157,0,,,14.062,,,,,,,,,,
2026-10-01T11:58:26.732,643.862,0,795.75,32,,96.969,18.039,-2.0,-0.781,1.003,1.005,-0.016,3510,14.51,12.157,0,,,,12.714,,,,,,,,,
2026-10-01T11:58:26.862,643.992,0,797.25,32,,97.0,18.039,-1.5,-0.781,1.003,1.005,-0.016,3500,14.51,12.157,0,,,,,97,,,,,,,,
2026-10-01T11:58:26.992,644.122,0,797.5,32,,96.969,18.039,-1.0,-0.781,1.003,1.003,-0.016,3530,14.51,12.157,0,,,,,,32,,,,,,,
2026-10-01T11:58:27.122,644.252,0,795.0,32,,96.969,18.039,-1.0,-0.781,1.003,1.002,-0.02,3550,14.51,12.157,0,,,,,,,100.0,,,,,,
2026-10-01T11:58:27.252,644.382,0,797.0,32,,97.0,18.039,-0.5,-0.781,1.003,1.0,-0.02,3560,14.51,12.157,0,,,,,,,,420.2,,,,,
2026-10-01T11:58:27.382,644.512,0,800.25,32,,97.0,18.039,-1.0,-0.781,1.003,0.999,-0.02,3590,14.51,12.157,0,,,,,,,,,0.8,,,,
2026-10-01T11:58:27.512,644.642,0,793.0,32,,97.0,18.039,-2.5,-0.781,1.003,0.999,-0.02,3610,14.51,12.157,0,,,,,,,,,,,0.781,,
2026-10-01T11:58:27.643,644.773,0,795.25,32,,96.969,18.039,-2.5,-0.781,1.003,0.997,-0.027,3640,14.51,12.157,0,,,,,,,,,,,,18.824,
2026-10-01T11:58:27.772,644.902,0,795.0,32,,96.969,18.039,-1.0,-0.781,1.003,0.998,-0.023,3640,14.51,12.157,0,,,,,,,,,,,,,677
2026-10-01T11:58:27.902,645.032,0,792.75,32,,96.969,18.039,-1.5,-0.781,1.003,0.999,-0.02,3640,14.51,12.157,0,106,,,,,,,,,,,,
2026-10-01T11:58:28.032,645.162,0,792.25,32,,96.969,18.039,-1.0,-0.781,1.003,1.003,-0.016,3630,14.51,12.157,0,,74,,,,,,,,,,,
2026-10-01T11:58:28.162,645.292,0,797.75,32,,96.938,18.039,-0.5,-0.781,1.003,1.007,-0.012,3620,14.51,12.157,0,,,14.062,,,,,,,,,,
2026-10-01T11:58:28.292,645.422,0,798.75,32,,97.0,18.039,-1.0,-0.781,1.003,1.009,-0.012,3610,14.51,12.157,0,,,,12.695,,,,,,,,,
2026-10-01T11:58:28.422,645.552,0,794.0,32,,97.031,18.039,-2.5,-0.781,1.003,1.009,-0.012,3620,14.51,12.157,0,,,,,97,,,,,,,,
2026-10-01T11:58:28.552,645.682,0,800.5,31,,97.031,18.039,-2.0,-0.781,1.003,1.007,-0.012,3620,14.51,12.157,0,,,,,,32,,,,,,,
2026-10-01T11:58:28.682,645.812,0,799.75,31,,97.094,18.039,-1.5,-0.781,1.003,1.006,-0.016,3620,14.51,12.157,0,,,,,,,100.0,,,,,,
2026-10-01T11:58:28.813,645.943,0,793.5,31,,97.031,18.039,-1.5,-0.781,1.003,1.004,-0.016,3610,14.51,12.157,0,,,,,,,,420.3,,,,,
2026-10-01T11:58:28.942,646.072,0,798.75,32,,96.938,18.039,-2.5,-0.781,1.003,1.005,-0.016,3610,14.51,12.157,0,,,,,,,,,0.795,,,,
2026-10-01T11:58:29.073,646.203,0,797.5,31,,97.0,18.039,-1.0,-0.781,1.003,1.003,-0.016,3580,14.51,12.157,0,,,,,,,,,,,0.781,,
2026-10-01T11:58:29.202,646.332,0,796.5,32,,97.0,18.039,-2.5,-0.781,1.003,1.001,-0.02,3540,14.51,12.157,0,,,,,,,,,,,,18.824,
2026-10-01T11:58:29.332,646.462,0,797.25,32,,96.969,18.039,-2.5,-0.781,1.003,0.999,-0.02,3520,14.51,12.157,0,,,,,,,,,,,,,679
2026-10-01T11:58:29.462,646.592,0,799.5,31,,97.0,18.039,-2.0,-0.781,1.003,0.999,-0.023,3490,14.51,12.157,0,106,,,,,,,,,,,,
2026-10-01T11:58:29.592,646.722,0,794.5,32,,96.969,18.039,-0.5,-0.781,1.003,0.999,-0.023,3500,14.51,12.157,0,,74,,,,,,,,,,,
2026-10-01T11:58:29.722,646.852,0,797.5,31,,96.969,17.647,-1.5,-0.781,1.003,0.999,-0.02,3500,14.51,12.157,0,,,14.062,,,,,,,,,,
2026-10-01T11:58:29.852,646.982,0,793.5,32,,97.0,18.039,-2.5,-0.781,1.003,1.003,-0.016,3510,14.51,12.157,0,,,,12.714,,,,,,,,,
2026-10-01T11:58:29.982,647.112,0,799.25,31,,96.969,17.647,-1.0,-0.781,1.003,1.0,-0.02,3500,14.51,12.157,0,,,,,97,,,,,,,,
2026-10-01T11:58:30.112,647.242,0,799.0,31,,97.0,17.647,-1.0,-0.781,1.003,1.001,-0.02,3500,14.51,12.157,0,,,,,,32,,,,,,,
2026-10-01T11:58:30.243,647.373,0,793.75,32,,96.938,18.039,-1.5,-0.781,1.003,0.999,-0.023,3500,14.51,12.157,0,,,,,,,100.0,,,,,,
2026-10-01T11:58:30.372,647.502,0,792.75,31,,96.938,18.039,-1.0,-0.781,1.003,1.001,-0.02,3510,14.51,12.157,0,,,,,,,,420.4,,,,,
2026-10-01T11:58:30.502,647.632,0,799.75,32,,96.938,18.039,-1.0,-0.781,1.003,1.003,-0.016,3520,14.51,12.157,0,,,,,,,,,0.795,,,,
2026-10-01T11:58:30.632,647.762,0,797.25,32,,96.969,18.039,-1.0,-0.781,1.003,1.001,-0.02,3530,14.51,12.157,0,,,,,,,,,,,0.781,,
2026-10-01T11:58:30.762,647.892,0,794.0,32,,97.0,18.039,0.0,-0.781,1.003,1.004,-0.016,3540,14.51,12.157,0,,,,,,,,,,,,18.824,
2026-10-01T11:58:30.892,648.022,0,796.0,32,,97.031,18.039,-0.5,-0.781,1.003,1.001,-0.02,3550,14.51,12.157,0,,,,,,,,,,,,,680
2026-10-01T11:58:31.022,648.152,0,792.75,32,,96.938,18.039,-1.5,-0.781,1.003,1.0,-0.02,3560,14.51,12.157,0,106,,,,,,,,,,,,
2026-10-01T11:58:31.152,648.282,0,795.75,32,,96.938,18.039,-1.0,-0.781,1.003,1.0,-0.02,3560,14.51,12.157,0,,74,,,,,,,,,,,
2026-10-01T11:58:31.282,648.412,0,800.25,32,,96.969,18.039,-1.5,-0.781,1.003,1.003,-0.016,3570,14.51,12.157,0,,,13.281,,,,,,,,,,
2026-10-01T11:58:31.413,648.543,0,797.5,32,,96.969,18.039,1.0,-0.781,1.003,1.004,-0.016,3570,14.51,12.157,0,,,,12.675,,,,,,,,,
2026-10-01T11:58:31.542,648.672,0,792.0,33,,97.0,18.039,-1.5,-0.781,1.003,1.001,-0.02,3570,14.51,12.157,0,,,,,97,,,,,,,,
2026-10-01T11:58:31.672,648.802,0,800.0,32,,97.0,18.039,-2.0,-0.781,1.003,1.001,-0.02,3570,14.51,12.157,0,,,,,,32,,,,,,,
2026-10-01T11:58:31.802,648.932,0,793.5,32,,97.031,18.431,-2.0,-0.781,1.003,1.002,-0.02,3580,14.51,12.157,0,,,,,,,100.0,,,,,,
2026-10-01T11:58:31.932,649.062,0,800.25,32,,97.062,18.039,-2.0,-0.781,1.003,1.001,-0.02,3580,14.51,12.157,0,,,,,,,,420.5,,,,,
2026-10-01T11:58:32.062,649.192,0,798.25,32,,97.0,18.039,-1.5,-0.781,1.003,0.999,-0.023,3580,14.51,12.157,0,,,,,,,,,0.795,,,,
2026-10-01T11:58:32.192,649.322,0,792.0,32,,97.0,18.039,-2.5,-0.781,1.003,1.0,-0.02,3570,14.51,12.157,0,,,,,,,,,,,0.781,,
2026-10-01T11:58:32.322,649.452,0,793.25,32,,97.0,18.039,-0.5,-0.781,1.003,0.999,-0.02,3570,14.51,12.157,0,,,,,,,,,,,,18.824,
2026-10-01T11:58:32.452,649.583,0,792.0,32,,97.062,18.039,-1.5,-0.781,1.003,1.0,-0.02,3560,14.51,12.157,0,,,,,,,,,,,,,682
2026-10-01T11:58:32.583,649.713,0,798.25,32,,96.969,18.039,-2.0,-0.781,1.003,1.005,-0.016,3580,14.51,12.157,0,106,,,,,,,,,,,,
2026-10-01T11:58:32.712,649.842,0,792.75,32,,97.062,18.039,-2.0,-0.781,1.003,1.003,-0.016,3580,14.51,12.157,0,,74,,,,,,,,,,,
2026-10-01T11:58:32.842,649.972,0,797.5,32,,97.0,18.039,-2.5,-0.781,1.003,1.001,-0.02,3580,14.51,12.157,0,,,14.062,,,,,,,,,,
2026-10-01T11:58:32.972,650.102,0,795.5,32,,97.031,18.039,-1.0,-0.781,1.003,0.997,-0.027,3570,14.51,12.157,0,,,,12.578,,,,,,,,,
2026-10-01T11:58:33.102,650.232,0,796.75,32,,96.938,18.039,-1.5,-0.781,1.003,0.996,-0.031,3570,14.51,12.157,0,,,,,97,,,,,,,,
2026-10-01T11:58:33.232,650.362,0,799.5,32,,97.031,18.039,-2.5,-0.781,1.003,0.998,-0.027,3580,14.51,12.157,0,,,,,,32,,,,,,,
2026-10-01T11:58:33.362,650.492,0,797.25,32,,97.031,18.039,-1.5,-0.781,1.003,0.998,-0.023,3580,14.51,12.157,0,,,,,,,100.0,,,,,,
2026-10-01T11:58:33.492,650.622,0,798.0,32,,96.969,18.039,-2.0,-0.781,1.003,0.999,-0.023,3580,14.51,12.157,0,,,,,,,,420.5,,,,,
2026-10-01T11:58:33.622,650.752,0,793.25,32,,96.938,18.039,-2.5,-0.781,1.003,1.001,-0.02,3590,14.51,12.157,0,,,,,,,,,0.795,,,,
2026-10-01T11:58:33.752,650.882,0,799.0,32,,96.969,18.039,-1.5,-0.781,1.003,1.001,-0.02,3610,14.51,12.157,0,,,,,,,,,,,0.781,,
2026-10-01T11:58:33.882,651.012,0,800.0,32,,97.0,18.039,-1.0,-0.781,1.003,0.997,-0.027,3600,14.51,12.157,0,,,,,,,,,,,,18.824,
2026-10-01T11:58:34.022,651.152,0,792.0,32,,96.969,18.039,-2.0,-0.781,1.003,0.997,-0.027,3600,14.51,12.157,0,,,,,,,,,,,,,683
2026-10-01T11:58:34.152,651.282,0,794.5,32,,97.0,18.039,-1.0,-1.562,1.003,0.998,-0.027,3600,14.51,12.157,0,106,,,,,,,,,,,,
2026-10-01T11:58:34.282,651.412,0,793.25,32,,97.062,18.039,-1.0,-1.562,1.003,0.997,-0.027,3600,14.51,12.157,0,,74,,,,,,,,,,,
2026-10-01T11:58:34.412,651.543,0,798.0,32,,97.0,18.039,-2.0,-1.562,1.003,0.998,-0.027,3600,14.51,12.157,0,,,14.062,,,,,,,,,,
2026-10-01T11:58:34.543,651.673,0,793.25,32,,97.0,18.039,-2.0,-1.562,1.003,0.997,-0.027,3610,14.51,12.157,0,,,,12.675,,,,,,,,,
2026-10-01T11:58:34.672,651.802,0,793.0,32,,96.938,18.039,-1.0,-1.562,1.003,0.998,-0.023,3630,14.51,12.157,0,,,,,97,,,,,,,,
2026-10-01T11:58:34.802,651.932,0,795.25,32,,96.969,18.039,-2.5,-1.562,1.003,0.999,-0.023,3640,14.51,12.157,0,,,,,,32,,,,,,,
2026-10-01T11:58:34.932,652.062,0,797.25,32,,97.0,18.039,-2.5,-1.562,1.003,1.0,-0.02,3660,14.51,12.157,0,,,,,,,100.0,,,,,,
2026-10-01T11:58:35.062,652.192,0,797.25,32,,96.938,17.647,-2.0,-1.562,1.003,0.999,-0.02,3680,14.51,12.157,0,,,,,,,,420.6,,,,,
2026-10-01T11:58:35.192,652.322,0,798.5,32,,96.969,18.039,-2.5,-1.562,1.003,1.002,-0.02,3670,14.51,12.157,0,,,,,,,,,0.795,,,,
2026-10-01T11:58:35.322,652.452,0,795.5,31,,97.031,18.039,-2.5,-0.781,1.003,1.003,-0.016,3680,14.51,12.157,0,,,,,,,,,,,0.781,,
2026-10-01T11:58:35.452,652.582,0,796.0,32,,97.0,18.039,-2.0,-1.562,1.003,1.0,-0.02,3670,14.51,12.157,0,,,,,,,,,,,,18.824,
2026-10-01T11:58:35.582,652.712,0,799.5,31,,97.0,18.039,-2.5,-1.562,1.003,0.998,-0.027,3620,14.51,12.157,0,,,,,,,,,,,,,685
2026-10-01T11:58:35.712,652.842,0,798.25,31,,96.938,18.039,-2.5,-1.562,1.003,0.998,-0.023,3560,14.51,12.157,0,106,,,,,,,,,,,,
2026-10-01T11:58:35.842,652.972,0,799.0,32,,97.0,18.039,-1.0,-1.562,1.003,0.998,-0.027,3540,14.51,12.157,0,,74,,,,,,,,,,,
2026-10-01T11:58:35.972,653.102,0,795.5,31,,97.062,18.039,-2.5,-1.562,1.003,0.997,-0.027,3530,14.51,12.157,0,,,14.062,,,,,,,,,,
2026-10-01T11:58:36.102,653.232,0,796.5,32,,97.0,18.039,-2.0,-1.562,1.003,0.996,-0.031,3520,14.51,12.157,0,,,,12.578,,,,,,,,,
2026-10-01T11:58:36.233,653.363,0,796.25,31,,96.938,18.039,-2.5,-1.562,1.003,0.995,-0.035,3530,14.51,12.157,0,,,,,97,,,,,,,,
2026-10-01T11:58:36.362,653.492,0,794.75,32,,97.062,18.039,-2.5,-1.562,1.003,0.993,-0.035,3530,14.51,12.157,0,,,,,,32,,,,,,,
2026-10-01T11:58:36.492,653.622,0,797.25,31,,96.938,18.039,-2.5,-1.562,1.003,0.995,-0.031,3530,14.51,12.157,0,,,,,,,100.0,,,,,,
2026-10-01T11:58:36.622,653.752,0,795.5,31,,97.0,18.039,-2.5,-1.562,1.003,0.995,-0.035,3510,14.51,12.157,0,,,,,,,,420.6,,,,,
2026-10-01T11:58:36.752,653.882,0,796.0,32,,96.938,18.039,-0.5,-1.562,1.003,0.994,-0.035,3480,14.51,12.157,0,,,,,,,,,0.795,,,,
2026-10-01T11:58:36.882,654.012,0,796.75,31,,96.969,18.039,-1.0,-1.562,1.003,0.996,-0.031,3480,14.51,12.157,0,,,,,,,,,,,0.781,,
2026-10-01T11:58:37.022,654.152,0,790.25,32,,96.938,18.039,-1.5,-1.562,1.003,0.997,-0.027,3490,14.51,12.157,0,,,,,,,,,,,,18.431,
2026-10-01T11:58:37.152,654.282,0,793.5,31,,96.938,18.039,-2.5,-1.562,1.003,0.998,-0.023,3480,14.51,12.157,0,,,,,,,,,,,,,686
2026-10-01T11:58:37.282,654.412,0,797.5,31,,97.0,18.039,-1.0,-1.562,1.003,0.998,-0.023,3470,14.51,12.157,0,106,,,,,,,,,,,,
2026-10-01T11:58:37.412,654.542,0,794.5,31,,96.906,17.647,-1.0,-1.562,1.003,0.999,-0.023,3480,14.51,12.157,0,,74,,,,,,,,,,,
2026-10-01T11:58:37.542,654.672,0,796.5,31,,97.0,17.647,-0.5,-1.562,1.003,1.0,-0.02,3490,14.51,12.157,0,,,14.844,,,,,,,,,,
2026-10-01T11:58:37.672,654.802,0,793.0,31,,96.969,17.647,-0.5,-1.562,1.003,1.005,-0.016,3500,14.51,12.157,0,,,,12.695,,,,,,,,,
2026-10-01T11:58:37.802,654.932,0,797.75,31,,96.938,18.039,-1.0,-1.562,1.003,1.007,-0.012,3480,14.51,12.157,0,,,,,97,,,,,,,,
2026-10-01T11:58:37.933,655.063,0,798.0,31,,96.969,17.647,-1.0,-1.562,1.003,1.007,-0.012,3490,14.51,12.157,0,,,,,,32,,,,,,,
2026-10-01T11:58:38.062,655.192,0,797.0,32,,96.938,18.039,-1.0,-1.562,1.003,1.004,-0.016,3500,14.51,12.157,0,,,,,,,100.0,,,,,,
2026-10-01T11:58:38.192,655.322,0,793.0,31,,96.938,17.647,-1.5,-1.562,1.003,1.006,-0.016,3520,14.51,12.157,0,,,,,,,,420.7,,,,,
2026-10-01T11:58:38.322,655.452,0,792.5,32,,96.969,18.039,-1.0,-1.562,1.003,1.005,-0.016,3500,14.51,12.157,0,,,,,,,,,0.795,,,,
2026-10-01T11:58:38.452,655.582,0,796.5,32,,96.938,17.647,1.0,-1.562,1.003,1.005,-0.016,3510,14.51,12.157,0,,,,,,,,,,,0.781,,
2026-10-01T11:58:38.582,655.712,0,799.75,31,,96.906,17.647,-1.5,-1.562,1.003,1.008,-0.012,3510,14.51,12.157,0,,,,,,,,,,,,18.824,
2026-10-01T11:58:38.712,655.842,0,798.25,32,,96.938,18.039,-2.5,-0.781,1.003,1.009,-0.012,3550,14.51,12.157,0,,,,,,,,,,,,,688
2026-10-01T11:58:38.842,655.972,0,797.75,32,,96.969,17.647,-2.5,-0.781,1.003,1.008,-0.012,3580,14.51,12.157,0,106,,,,,,,,,,,,
2026-10-01T11:58:38.972,656.102,0,798.0,32,,97.0,18.039,-1.5,-1.562,1.003,1.005,-0.016,3580,14.51,12.157,0,,74,,,,,,,,,,,
2026-10-01T11:58:39.102,656.232,0,797.25,32,,96.906,17.647,-2.5,-1.562,1.003,1.002,-0.02,3600,14.51,12.157,0,,,14.062,,,,,,,,,,
2026-10-01T11:58:39.232,656.362,0,799.0,32,,96.938,18.039,-1.5,-1.562,1.003,1.002,-0.02,3600,14.51,12.157,0,,,,12.734,,,,,,,,,
2026-10-01T11:58:39.363,656.493,0,794.75,32,,97.0,18.039,-2.0,-1.562,1.003,1.005,-0.016,3600,14.51,12.157,0,,,,,97,,,,,,,,
2026-10-01T11:58:39.493,656.623,0,791.75,31,,96.906,18.039,-1.5,-1.562,1.003,1.005,-0.016,3600,14.51,12.157,0,,,,,,32,,,,,,,
2026-10-01T11:58:39.622,656.752,0,792.0,32,,96.969,18.039,-1.0,-0.781,1.003,1.009,-0.012,3610,14.51,12.157,0,,,,,,,100.0,,,,,,
2026-10-01T11:58:39.752,656.882,0,792.25,32,,96.906,18.039,-1.0,-0.781,1.003,1.009,-0.012,3590,14.51,12.157,0,,,,,,,,420.8,,,,,
2026-10-01T11:58:39.882,657.012,0,800.0,31,,96.969,18.039,-2.0,-0.781,1.003,1.01,-0.012,3600,14.51,12.157,0,,,,,,,,,0.795,,,,
2026-10-01T11:58:40.022,657.152,0,792.25,32,,96.938,18.039,0.0,-0.781,1.003,1.009,-0.012,3580,14.51,12.157,0,,,,,,,,,,,0.781,,
2026-10-01T11:58:40.152,657.282,0,789.5,31,,97.031,18.039,-1.0,-0.781,1.003,1.008,-0.012,3580,14.51,12.157,0,,,,,,,,,,,,18.431,
2026-10-01T11:58:40.282,657.412,0,796.75,32,,97.094,18.039,-1.0,-0.781,1.003,1.007,-0.012,3580,14.51,11.765,0,,,,,,,,,,,,,690
2026-10-01T11:58:40.412,657.542,0,791.75,31,,97.0,18.039,-2.5,-0.781,1.003,1.005,-0.016,3580,14.51,11.765,0,106,,,,,,,,,,,,
2026-10-01T11:58:40.542,657.672,0,789.5,31,,97.0,17.647,-1.0,-0.781,1.003,1.004,-0.016,3580,14.51,11.765,0,,74,,,,,,,,,,,
2026-10-01T11:58:40.672,657.802,0,790.25,31,,97.094,17.647,0.0,-0.781,1.003,1.0,-0.02,3560,14.51,11.765,0,,,14.062,,,,,,,,,,
2026-10-01T11:58:40.802,657.932,0,791.0,31,,96.969,17.647,0.0,-0.781,1.003,0.999,-0.02,3550,14.51,11.765,0,,,,12.636,,,,,,,,,
2026-10-01T11:58:40.932,658.063,0,794.5,31,,96.969,17.647,-1.0,-0.781,1.003,0.998,-0.023,3540,14.51,11.765,0,,,,,97,,,,,,,,
2026-10-01T11:58:41.062,658.192,0,789.5,31,,96.969,17.647,0.5,-1.562,1.003,0.997,-0.027,3530,14.51,11.765,0,,,,,,32,,,,,,,
2026-10-01T11:58:41.192,658.322,0,788.25,31,,97.031,17.647,0.0,-1.562,1.003,0.998,-0.023,3520,14.51,11.765,0,,,,,,,100.0,,,,,,
2026-10-01T11:58:41.322,658.452,0,791.25,31,,97.031,17.647,0.5,-1.562,1.003,0.997,-0.027,3510,14.51,11.765,0,,,,,,,,420.8,,,,,
2026-10-01T11:58:41.452,658.582,0,791.75,31,,96.969,17.647,1.5,-1.562,1.003,0.997,-0.027,3500,14.51,11.765,0,,,,,,,,,0.795,,,,
2026-10-01T11:58:41.582,658.712,0,792.5,31,,97.0,17.647,0.5,-1.562,1.003,0.996,-0.031,3500,14.51,12.157,0,,,,,,,,,,,0.781,,
2026-10-01T11:58:41.712,658.842,0,796.75,31,,96.969,17.647,-1.5,-1.562,1.003,0.997,-0.027,3500,14.51,12.157,0,,,,,,,,,,,,18.431,
2026-10-01T11:58:41.842,658.972,0,792.5,31,,96.969,18.039,-1.0,-1.562,1.003,0.997,-0.027,3500,14.51,12.157,0,,,,,,,,,,,,,691
2026-10-01T11:58:41.973,659.103,0,793.75,31,,96.938,18.039,0.5,-1.562,1.003,0.999,-0.023,3500,14.51,11.765,0,106,,,,,,,,,,,,
2026-10-01T11:58:42.102,659.232,0,793.25,31,,96.969,18.039,0.5,-1.562,1.003,1.001,-0.02,3520,14.51,11.765,0,,74,,,,,,,,,,,
2026-10-01T11:58:42.232,659.362,0,790.0,31,,96.969,17.647,-1.5,-1.562,1.003,1.002,-0.02,3510,14.51,11.765,0,,,14.062,,,,,,,,,,
2026-10-01T11:58:42.362,659.492,0,792.0,31,,96.938,17.647,0.0,-0.781,1.003,1.005,-0.016,3510,14.51,12.157,0,,,,12.636,,,,,,,,,
2026-10-01T11:58:42.492,659.622,0,795.75,31,,97.0,17.647,0.5,-0.781,1.003,1.003,-0.016,3500,14.51,11.765,0,,,,,97,,,,,,,,
2026-10-01T11:58:42.622,659.752,0,793.75,31,,96.938,17.647,0.5,-0.781,1.003,1.003,-0.016,3510,14.51,12.157,0,,,,,,32,,,,,,,
2026-10-01T11:58:42.753,659.883,0,790.5,31,,97.0,17.647,1.5,-0.781,1.003,1.004,-0.016,3520,14.51,11.765,0,,,,,,,100.0,,,,,,
2026-10-01T11:58:42.883,660.013,0,790.25,31,,96.906,17.647,2.0,-0.781,1.003,1.005,-0.016,3520,14.51,11.765,0,,,,,,,,420.9,,,,,
2026-10-01T11:58:43.022,660.152,0,795.0,31,,96.969,17.647,0.5,-0.781,1.003,1.002,-0.02,3520,14.51,11.765,0,,,,,,,,,0.79,,,,
2026-10-01T11:58:43.152,660.282,0,796.0,31,,96.938,17.647,0.5,-0.781,1.003,1.002,-0.02,3530,14.51,11.765,0,,,,,,,,,,,0.781,,
2026-10-01T11:58:43.282,660.412,0,790.0,31,,96.938,17.647,0.5,-0.781,1.003,1.004,-0.016,3520,14.51,12.157,0,,,,,,,,,,,,18.039,
2026-10-01T11:58:43.413,660.543,0,795.0,31,,96.906,17.647,1.5,-0.781,1.003,1.005,-0.016,3510,14.51,12.157,0,,,,,,,,,,,,,693
2026-10-01T11:58:43.542,660.672,0,795.0,31,,96.938,17.647,0.5,-0.781,1.003,1.007,-0.012,3500,14.51,11.765,0,106,,,,,,,,,,,,
2026-10-01T11:58:43.672,660.802,0,792.75,31,,96.969,17.647,0.5,-0.781,1.003,1.007,-0.012,3500,14.51,12.157,0,,74,,,,,,,,,,,
2026-10-01T11:58:43.802,660.932,0,791.0,31,,96.938,17.647,0.0,-0.781,1.003,1.003,-0.016,3510,14.51,12.157,0,,,14.062,,,,,,,,,,
2026-10-01T11:58:43.932,661.062,0,794.75,31,,96.938,17.647,0.5,-0.781,1.003,1.006,-0.016,3510,14.51,12.157,0,,,,12.734,,,,,,,,,
2026-10-01T11:58:44.062,661.192,0,793.75,31,,96.969,17.647,1.0,-0.781,1.003,1.006,-0.016,3530,14.51,12.157,0,,,,,97,,,,,,,,
2026-10-01T11:58:44.192,661.322,0,790.75,31,,96.938,17.647,-1.0,-0.781,1.003,1.006,-0.016,3530,14.51,12.157,0,,,,,,32,,,,,,,
2026-10-01T11:58:44.322,661.452,0,799.25,31,,96.938,17.647,0.5,-0.781,1.003,1.006,-0.016,3540,14.51,12.157,0,,,,,,,100.0,,,,,,
2026-10-01T11:58:44.452,661.582,0,785.75,31,,96.938,17.647,1.0,-0.781,1.003,1.005,-0.016,3530,14.51,12.157,0,,,,,,,,421.0,,,,,
2026-10-01T11:58:44.582,661.712,0,790.0,32,,96.938,18.039,-1.0,-0.781,1.003,1.005,-0.016,3530,14.51,12.157,0,,,,,,,,,0.795,,,,
2026-10-01T11:58:44.712,661.842,0,792.25,32,,96.906,18.039,-1.5,-0.781,1.003,1.007,-0.012,3560,14.51,12.157,0,,,,,,,,,,,0.781,,
2026-10-01T11:58:44.842,661.972,0,797.5,32,,96.938,18.039,-1.0,-0.781,1.003,1.005,-0.016,3570,14.51,12.157,0,,,,,,,,,,,,18.824,
2026-10-01T11:58:44.972,662.102,0,800.25,32,,97.0,18.039,-1.0,-0.781,1.003,1.005,-0.016,3580,14.51,12.157,0,,,,,,,,,,,,,694
2026-10-01T11:58:45.102,662.232,0,794.5,32,,96.938,17.647,-1.0,-0.781,1.003,1.003,-0.016,3580,14.51,12.157,0,106,,,,,,,,,,,,
2026-10-01T11:58:45.232,662.362,0,794.25,32,,96.938,18.039,-1.0,-0.781,1.003,1.0,-0.02,3590,14.51,12.157,0,,74,,,,,,,,,,,
2026-10-01T11:58:45.362,662.492,0,793.75,32,,96.969,18.039,0.5,-0.781,1.003,0.999,-0.02,3580,14.51,12.157,0,,,14.062,,,,,,,,,,
2026-10-01T11:58:45.492,662.622,0,791.0,32,,96.969,18.039,-1.5,-0.781,1.003,1.0,-0.02,3580,14.51,12.157,0,,,,12.636,,,,,,,,,
2026-10-01T11:58:45.622,662.752,0,791.75,32,,97.0,18.039,-0.5,-0.781,1.003,1.003,-0.016,3580,14.51,12.157,0,,,,,97,,,,,,,,
2026-10-01T11:58:45.752,662.882,0,794.0,31,,96.938,18.039,0.0,-0.781,1.003,1.0,-0.02,3570,14.51,12.157,0,,,,,,32,,,,,,,
2026-10-01T11:58:45.882,663.012,0,795.0,32,,97.0,18.039,0.5,-0.781,1.003,1.003,-0.016,3570,14.51,12.157,0,,,,,,,100.0,,,,,,
2026-10-01T11:58:46.012,663.142,0,787.0,32,,97.0,18.039,0.5,-0.781,1.003,1.005,-0.016,3590,14.51,12.157,0,,,,,,,,421.0,,,,,
2026-10-01T11:58:46.142,663.272,0,792.0,31,,97.031,18.039,0.0,-0.781,1.003,1.009,-0.012,3590,14.51,12.157,0,,,,,,,,,0.79,,,,
2026-10-01T11:58:46.272,663.402,0,792.5,32,,96.938,18.039,-0.5,-0.781,1.003,1.005,-0.016,3580,14.51,12.157,0,,,,,,,,,,,0.781,,
2026-10-01T11:58:46.402,663.532,0,794.75,31,,96.906,18.039,0.5,-0.781,1.003,1.0,-0.02,3570,14.51,12.157,0,,,,,,,,,,,,18.431,
2026-10-01T11:58:46.532,663.662,0,790.25,31,,96.938,18.039,-1.0,-0.781,1.003,0.999,-0.023,3580,14.51,12.157,0,,,,,,,,,,,,,696
2026-10-01T11:58:46.663,663.793,0,796.0,32,,96.906,18.039,0.5,-0.781,1.003,0.999,-0.023,3580,14.51,12.157,0,106,,,,,,,,,,,,
2026-10-01T11:58:46.792,663.922,0,792.25,31,,97.0,18.039,-1.0,-0.781,1.003,0.999,-0.02,3570,14.51,12.157,0,,74,,,,,,,,,,,
2026-10-01T11:58:46.922,664.052,0,796.25,32,,96.938,18.039,-1.0,-0.781,1.003,0.998,-0.023,3580,14.51,12.157,0,,,14.062,,,,,,,,,,
2026-10-01T11:58:47.052,664.182,0,798.0,32,,96.969,18.039,-1.0,-0.781,1.003,0.996,-0.027,3590,14.51,12.157,0,,,,12.656,,,,,,,,,
2026-10-01T11:58:47.182,664.312,0,796.75,31,,96.969,18.039,-1.5,-0.781,1.003,0.996,-0.031,3570,14.51,12.157,0,,,,,97,,,,,,,,
2026-10-01T11:58:47.312,664.442,0,797.25,31,,97.0,18.039,0.0,-0.781,1.003,0.996,-0.027,3550,14.51,12.157,0,,,,,,32,,,,,,,
2026-10-01T11:58:47.442,664.572,0,795.25,31,,97.0,18.039,-0.5,-0.781,1.003,0.998,-0.023,3560,14.51,12.157,0,,,,,,,100.0,,,,,,
2026-10-01T11:58:47.572,664.702,0,799.5,31,,96.969,18.039,-0.5,-0.781,1.003,0.996,-0.027,3560,14.51,12.157,0,,,,,,,,421.0,,,,,
2026-10-01T11:58:47.702,664.832,0,799.75,31,,96.969,18.039,-1.5,-0.781,1.003,0.996,-0.027,3570,14.51,12.157,0,,,,,,,,,0.79,,,,
2026-10-01T11:58:47.842,664.972,0,794.75,31,,96.938,18.039,-1.5,-1.562,1.003,0.994,-0.035,3580,14.51,12.157,0,,,,,,,,,,,0.781,,
2026-10-01T11:58:47.972,665.102,0,795.5,32,,97.0,18.431,-1.0,-1.562,1.003,0.995,-0.031,3570,14.51,12.157,0,,,,,,,,,,,,18.824,
2026-10-01T11:58:48.102,665.232,0,797.5,31,,96.969,18.039,-2.5,-1.562,1.003,0.991,-0.043,3560,14.51,12.157,0,,,,,,,,,,,,,697
2026-10-01T11:58:48.232,665.362,0,797.25,32,,97.0,18.039,-0.5,-1.562,1.003,0.992,-0.043,3550,14.51,12.157,0,106,,,,,,,,,,,,
2026-10-01T11:58:48.362,665.492,0,794.5,32,,96.969,18.039,-1.0,-1.562,1.003,0.992,-0.039,3540,14.51,12.157,0,,74,,,,,,,,,,,
2026-10-01T11:58:48.492,665.622,0,793.75,32,,96.969,18.039,-1.0,-1.562,1.003,0.993,-0.039,3540,14.51,12.157,0,,,14.062,,,,,,,,,,
2026-10-01T11:58:48.623,665.753,0,797.75,32,,96.969,18.039,0.0,-1.562,1.003,0.995,-0.031,3540,14.51,12.157,0,,,,12.714,,,,,,,,,
2026-10-01T11:58:48.752,665.882,0,795.5,31,,96.969,18.039,0.5,-1.562,1.003,0.996,-0.027,3550,14.51,12.157,0,,,,,97,,,,,,,,
2026-10-01T11:58:48.882,666.012,0,792.75,32,,96.969,18.431,0.0,-1.562,1.003,0.999,-0.023,3550,14.51,12.157,0,,,,,,32,,,,,,,
2026-10-01T11:58:49.012,666.142,0,791.25,32,,97.0,18.039,-1.0,-1.562,1.003,0.998,-0.023,3540,14.51,12.157,0,,,,,,,100.0,,,,,,
2026-10-01T11:58:49.142,666.272,0,795.75,32,,97.0,18.039,0.5,-1.562,1.003,0.998,-0.023,3530,14.51,12.157,0,,,,,,,,421.1,,,,,
2026-10-01T11:58:49.272,666.402,0,795.25,32,,97.0,18.039,0.0,-1.562,1.003,0.999,-0.023,3550,14.51,12.157,0,,,,,,,,,0.795,,,,
2026-10-01T11:58:49.402,666.532,0,794.25,32,,97.0,18.039,-0.5,-1.562,1.003,0.998,-0.027,3550,14.51,12.157,0,,,,,,,,,,,0.781,,
2026-10-01T11:58:49.532,666.662,0,798.25,32,,97.0,18.431,-1.5,-1.562,1.003,0.997,-0.027,3540,14.51,12.157,0,,,,,,,,,,,,18.824,
2026-10-01T11:58:49.662,666.792,0,798.0,32,,97.031,18.039,0.0,-1.562,1.003,0.997,-0.027,3560,14.51,12.157,0,,,,,,,,,,,,,699
2026-10-01T11:58:49.793,666.923,0,793.75,32,,96.938,18.431,0.0,-1.562,1.003,0.998,-0.027,3580,14.51,12.157,0,106,,,,,,,,,,,,
2026-10-01T11:58:49.922,667.052,0,796.25,32,,96.969,18.039,-1.0,-1.562,1.003,1.0,-0.02,3580,14.51,12.157,0,,74,,,,,,,,,,,
2026-10-01T11:58:50.052,667.182,0,792.0,32,,97.0,18.431,-1.5,-1.562,1.003,1.007,-0.012,3580,14.51,12.157,0,,,14.062,,,,,,,,,,
2026-10-01T11:58:50.182,667.312,0,794.0,32,,97.0,18.039,-0.5,-1.562,1.003,1.005,-0.016,3570,14.51,12.157,0,,,,12.578,,,,,,,,,
2026-10-01T11:58:50.312,667.442,0,793.0,32,,97.062,18.431,-0.5,-1.562,1.003,1.005,-0.016,3570,14.51,12.157,0,,,,,97,,,,,,,,
2026-10-01T11:58:50.442,667.572,0,794.5,32,,97.0,18.039,-1.0,-1.562,1.003,1.004,-0.016,3570,14.51,12.157,0,,,,,,32,,,,,,,
2026-10-01T11:58:50.572,667.702,0,798.5,32,,96.969,18.039,-0.5,-1.562,1.003,1.0,-0.02,3580,14.51,12.157,0,,,,,,,100.0,,,,,,
2026-10-01T11:58:50.702,667.832,0,797.5,32,,97.031,18.039,-1.0,-1.562,1.003,1.002,-0.02,3560,14.51,12.157,0,,,,,,,,421.1,,,,,
2026-10-01T11:58:50.832,667.962,0,794.5,32,,97.0,18.039,0.5,-1.562,1.003,1.004,-0.016,3570,14.51,12.157,0,,,,,,,,,0.79,,,,
2026-10-01T11:58:50.962,668.092,0,793.75,32,,97.0,18.039,0.5,-1.562,1.003,1.007,-0.012,3570,14.51,12.157,0,,,,,,,,,,,0.781,,
2026-10-01T11:58:51.092,668.222,0,796.5,32,,96.969,18.431,0.5,-0.781,1.003,1.008,-0.012,3570,14.51,12.157,0,,,,,,,,,,,,18.824,
2026-10-01T11:58:51.222,668.352,0,791.0,32,,96.969,18.431,0.0,-0.781,1.003,1.01,-0.012,3560,14.51,12.157,0,,,,,,,,,,,,,701
2026-10-01T11:58:51.352,668.482,0,797.75,32,,97.0,18.431,0.0,-0.781,1.003,1.011,-0.008,3570,14.51,12.157,0,106,,,,,,,,,,,,
2026-10-01T11:58:51.482,668.612,0,795.5,32,,96.969,18.431,1.0,-0.781,1.003,1.008,-0.012,3580,14.51,12.157,0,,74,,,,,,,,,,,
2026-10-01T11:58:51.612,668.742,0,795.5,32,,97.0,18.039,0.0,-0.781,1.003,1.008,-0.012,3590,14.51,12.157,0,,,14.062,,,,,,,,,,
2026-10-01T11:58:51.742,668.872,0,792.0,32,,96.938,18.431,0.0,-0.781,1.003,1.002,-0.02,3600,14.51,12.157,0,,,,12.714,,,,,,,,,
2026-10-01T11:58:51.872,669.002,0,790.0,32,,96.938,18.431,0.5,-0.781,1.003,1.002,-0.02,3610,14.51,12.157,0,,,,,97,,,,,,,,
2026-10-01T11:58:52.002,669.132,0,796.0,32,,96.938,18.431,0.5,-0.781,1.003,1.003,-0.016,3600,14.51,12.157,0,,,,,,32,,,,,,,
2026-10-01T11:58:52.133,669.263,0,789.75,32,,97.0,18.039,-1.0,-0.781,1.003,1.0,-0.02,3600,14.51,12.157,0,,,,,,,100.0,,,,,,
2026-10-01T11:58:52.262,669.392,0,789.25,32,,97.0,18.431,-0.5,-0.781,1.003,1.003,-0.016,3620,14.51,12.157,0,,,,,,,,421.1,,,,,
2026-10-01T11:58:52.392,669.522,0,791.5,32,,96.969,18.039,1.0,-0.781,1.003,1.001,-0.02,3620,14.51,12.157,0,,,,,,,,,0.79,,,,
2026-10-01T11:58:52.522,669.652,0,790.5,32,,97.062,18.431,0.0,-0.781,1.003,1.002,-0.02,3620,14.51,12.157,0,,,,,,,,,,,0.781,,
2026-10-01T11:58:52.652,669.782,0,794.75,32,,97.062,18.431,0.5,-0.781,1.003,1.002,-0.02,3630,14.51,12.157,0,,,,,,,,,,,,18.824,
2026-10-01T11:58:52.782,669.912,0,785.5,32,,96.969,18.039,0.5,-0.781,1.003,1.002,-0.02,3630,14.51,12.157,0,,,,,,,,,,,,,702
2026-10-01T11:58:52.912,670.042,0,789.25,32,,97.062,18.039,0.5,-0.781,1.003,1.003,-0.016,3620,14.51,12.157,0,106,,,,,,,,,,,,
2026-10-01T11:58:53.043,670.173,0,793.25,32,,97.0,18.039,1.0,-0.781,1.003,1.003,-0.016,3620,14.51,12.157,0,,74,,,,,,,,,,,
2026-10-01T11:58:53.172,670.302,0,793.0,32,,96.906,18.039,0.5,-0.781,1.003,1.006,-0.016,3620,14.51,12.157,0,,,13.281,,,,,,,,,,
2026-10-01T11:58:53.302,670.432,0,789.25,32,,97.0,18.431,0.5,-0.781,1.003,1.006,-0.016,3630,14.51,12.157,0,,,,12.714,,,,,,,,,
2026-10-01T11:58:53.432,670.562,0,793.0,32,,96.938,18.431,0.0,-0.781,1.003,1.003,-0.016,3620,14.51,12.157,0,,,,,97,,,,,,,,
2026-10-01T11:58:53.562,670.692,0,796.75,32,,97.0,18.431,-1.0,-0.781,1.003,1.004,-0.016,3640,14.51,12.157,0,,,,,,32,,,,,,,
2026-10-01T11:58:53.692,670.822,0,791.75,32,,97.062,18.431,-0.5,-0.781,1.002,1.002,-0.02,3630,14.51,12.157,0,,,,,,,100.0,,,,,,
2026-10-01T11:58:53.822,670.952,0,790.75,32,,97.0,18.431,-1.0,-0.781,1.002,1.005,-0.016,3610,14.51,12.157,0,,,,,,,,421.2,,,,,
2026-10-01T11:58:53.952,671.082,0,796.5,32,,97.0,18.431,-1.0,-0.781,1.003,1.004,-0.016,3600,14.51,12.157,0,,,,,,,,,0.79,,,,
2026-10-01T11:58:54.082,671.212,0,793.0,32,,96.969,18.431,-0.5,-0.781,1.002,1.003,-0.016,3610,14.51,12.157,0,,,,,,,,,,,0.781,,
2026-10-01T11:58:54.213,671.343,0,795.25,32,,97.0,18.431,-1.0,-0.781,1.002,1.0,-0.02,3610,14.51,12.157,0,,,,,,,,,,,,19.216,
2026-10-01T11:58:54.342,671.472,0,795.0,32,,96.969,18.431,-0.5,-0.781,1.002,0.998,-0.023,3620,14.51,12.157,0,,,,,,,,,,,,,704
2026-10-01T11:58:54.472,671.602,0,792.75,32,,97.0,18.431,-0.5,-0.781,1.002,0.999,-0.023,3610,14.51,12.157,0,106,,,,,,,,,,,,
2026-10-01T11:58:54.602,671.732,0,789.0,32,,97.031,18.431,-0.5,-0.781,1.002,0.998,-0.023,3590,14.51,12.157,0,,74,,,,,,,,,,,
2026-10-01T11:58:54.732,671.862,0,793.0,32,,97.062,18.431,-1.0,-0.781,1.002,0.999,-0.023,3570,14.51,12.157,0,,,14.062,,,,,,,,,,
2026-10-01T11:58:54.862,671.992,0,790.5,32,,97.0,18.039,0.0,-0.781,1.002,0.998,-0.023,3570,14.51,12.157,0,,,,12.695,,,,,,,,,
2026-10-01T11:58:54.992,672.122,0,792.25,32,,97.031,18.431,1.5,-0.781,1.002,0.998,-0.023,3570,14.51,12.157,0,,,,,97,,,,,,,,
2026-10-01T11:58:55.123,672.253,0,789.5,32,,97.0,18.431,-1.0,-0.781,1.002,0.999,-0.023,3560,14.51,12.157,0,,,,,,32,,,,,,,
2026-10-01T11:58:55.252,672.382,0,791.75,32,,97.031,18.431,0.5,-0.781,1.002,0.999,-0.023,3560,14.51,12.157,0,,,,,,,100.0,,,,,,
2026-10-01T11:58:55.382,672.512,0,792.5,32,,97.0,18.431,1.5,-0.781,1.002,1.001,-0.02,3560,14.51,12.157,0,,,,,,,,421.2,,,,,
2026-10-01T11:58:55.512,672.642,0,793.5,32,,96.938,18.431,0.0,-0.781,1.002,1.0,-0.02,3570,14.51,12.157,0,,,,,,,,,0.79,,,,
2026-10-01T11:58:55.642,672.772,0,791.0,32,,96.969,18.431,0.0,-0.781,1.002,1.004,-0.016,3560,14.51,12.157,0,,,,,,,,,,,0.781,,
2026-10-01T11:58:55.772,672.902,0,795.0,32,,96.969,18.431,0.5,-0.781,1.002,1.003,-0.016,3560,14.51,12.157,0,,,,,,,,,,,,18.824,
2026-10-01T11:58:55.902,673.032,0,791.75,32,,96.938,18.039,-1.5,-0.781,1.002,1.003,-0.016,3560,14.51,12.157,0,,,,,,,,,,,,,705
2026-10-01T11:58:56.032,673.162,0,795.5,32,,97.0,18.431,0.5,-0.781,1.002,0.999,-0.02,3570,14.51,12.157,0,106,,,,,,,,,,,,
2026-10-01T11:58:56.162,673.292,0,794.5,32,,97.062,18.431,1.0,-0.781,1.002,0.999,-0.023,3570,14.51,12.157,0,,74,,,,,,,,,,,
2026-10-01T11:58:56.292,673.422,0,791.75,32,,97.062,18.039,-1.0,-0.781,1.002,1.002,-0.02,3570,14.51,12.157,0,,,14.062,,,,,,,,,,
2026-10-01T11:58:56.422,673.552,0,790.5,32,,97.031,18.431,-1.0,-0.781,1.002,1.002,-0.02,3570,14.51,12.157,0,,,,12.617,,,,,,,,,
2026-10-01T11:58:56.552,673.682,0,795.5,32,,97.0,18.431,1.5,-0.781,1.002,1.005,-0.016,3570,14.51,12.157,0,,,,,97,,,,,,,,
2026-10-01T11:58:56.682,673.812,0,796.0,32,,97.0,18.039,0.5,-0.781,1.002,1.007,-0.012,3580,14.51,12.157,0,,,,,,32,,,,,,,
2026-10-01T11:58:56.812,673.942,0,789.75,32,,96.938,18.431,0.5,-0.781,1.002,1.005,-0.016,3570,14.51,12.157,0,,,,,,,100.0,,,,,,
2026-10-01T11:58:56.942,674.072,0,793.5,32,,97.0,18.039,-0.5,-0.781,1.002,1.005,-0.016,3570,14.51,12.157,0,,,,,,,,421.3,,,,,
2026-10-01T11:58:57.072,674.202,0,796.5,32,,97.0,18.431,0.5,-0.781,1.002,1.007,-0.012,3570,14.51,12.157,0,,,,,,,,,0.79,,,,
2026-10-01T11:58:57.203,674.333,0,794.0,32,,97.0,18.431,0.0,-0.781,1.002,1.009,-0.012,3570,14.51,12.157,0,,,,,,,,,,,0.781,,
2026-10-01T11:58:57.332,674.462,0,796.0,32,,97.0,18.039,0.0,-0.781,1.002,1.007,-0.012,3570,14.51,12.157,0,,,,,,,,,,,,18.824,
2026-10-01T11:58:57.462,674.592,0,794.0,32,,97.062,18.431,-1.0,-0.781,1.002,1.006,-0.016,3570,14.51,12.157,0,,,,,,,,,,,,,707
2026-10-01T11:58:57.592,674.722,0,795.0,32,,97.031,18.039,0.5,-0.781,1.002,1.003,-0.016,3570,14.51,12.157,0,106,,,,,,,,,,,,
2026-10-01T11:58:57.722,674.852,0,790.5,32,,97.0,18.039,-0.5,-0.781,1.002,1.001,-0.02,3590,14.51,12.157,0,,74,,,,,,,,,,,
2026-10-01T11:58:57.852,674.982,0,792.25,32,,97.031,18.039,1.0,-0.781,1.002,1.0,-0.02,3570,14.51,12.157,0,,,14.062,,,,,,,,,,
2026-10-01T11:58:57.982,675.112,0,793.0,32,,97.062,18.039,1.5,-0.781,1.002,1.0,-0.02,3580,14.51,12.157,0,,,,12.714,,,,,,,,,
2026-10-01T11:58:58.112,675.242,0,790.75,32,,97.0,18.431,0.5,-0.781,1.002,1.002,-0.02,3580,14.51,12.157,0,,,,,97,,,,,,,,
2026-10-01T11:58:58.242,675.372,0,790.0,32,,97.0,18.431,0.5,-0.781,1.002,0.999,-0.023,3580,14.51,12.157,0,,,,,,32,,,,,,,
2026-10-01T11:58:58.373,675.503,0,796.5,32,,97.0,18.431,1.5,-0.781,1.002,0.998,-0.023,3580,14.51,12.157,0,,,,,,,100.0,,,,,,
2026-10-01T11:58:58.502,675.632,0,798.25,33,,96.969,18.431,0.0,-0.781,1.002,0.999,-0.023,3590,14.51,12.157,0,,,,,,,,421.3,,,,,
2026-10-01T11:58:58.632,675.762,0,793.5,33,,97.0,18.431,-1.5,-0.781,1.002,1.0,-0.02,3600,14.51,12.157,0,,,,,,,,,0.785,,,,
2026-10-01T11:58:58.762,675.892,0,793.0,32,,97.125,18.431,-0.5,-0.781,1.002,1.0,-0.02,3620,14.51,12.157,0,,,,,,,,,,,0.781,,
2026-10-01T11:58:58.892,676.022,0,794.0,32,,97.062,18.431,0.5,-0.781,1.002,0.999,-0.023,3640,14.51,12.157,0,,,,,,,,,,,,18.824,
2026-10-01T11:58:59.022,676.152,0,792.75,32,,97.062,18.431,-0.5,-0.781,1.002,1.001,-0.02,3630,14.51,12.157,0,,,,,,,,,,,,,708
2026-10-01T11:58:59.152,676.282,0,796.75,32,,97.094,18.431,0.5,-0.781,1.002,1.003,-0.016,3640,14.51,12.157,0,106,,,,,,,,,,,,
2026-10-01T11:58:59.282,676.412,0,794.5,32,,97.062,18.431,0.5,-0.781,1.002,1.0,-0.02,3630,14.51,12.157,0,,74,,,,,,,,,,,
2026-10-01T11:58:59.412,676.542,0,791.5,32,,97.062,18.039,-1.0,-0.781,1.002,1.002,-0.02,3620,14.51,12.157,0,,,14.062,,,,,,,,,,
2026-10-01T11:58:59.543,676.673,0,798.5,32,,97.0,18.431,-1.0,-0.781,1.002,1.002,-0.02,3620,14.51,12.157,0,,,,12.695,,,,,,,,,
2026-10-01T11:58:59.672,676.802,0,792.5,32,,97.0,18.039,-1.0,-0.781,1.002,1.0,-0.02,3620,14.51,12.157,0,,,,,97,,,,,,,,
2026-10-01T11:58:59.802,676.932,0,798.5,32,,96.938,18.431,-0.5,-0.781,1.002,1.0,-0.02,3630,14.51,12.157,0,,,,,,32,,,,,,,
2026-10-01T11:58:59.932,677.062,0,800.75,32,,96.938,18.824,-2.5,-0.781,1.002,1.0,-0.02,3670,14.51,12.157,0,,,,,,,100.0,,,,,,
2026-10-01T11:59:00.062,677.192,0,793.75,33,,97.0,18.824,-2.5,-0.781,1.002,1.002,-0.02,3680,14.51,12.157,0,,,,,,,,421.3,,,,,
2026-10-01T11:59:00.192,677.322,0,792.5,33,,97.0,18.824,-2.0,-0.781,1.002,0.998,-0.023,3680,14.51,12.157,0,,,,,,,,,0.785,,,,
2026-10-01T11:59:00.322,677.452,0,801.5,32,,96.969,18.824,-2.5,-0.781,1.002,0.998,-0.027,3660,14.51,12.157,0,,,,,,,,,,,0.781,,
2026-10-01T11:59:00.452,677.582,0,799.25,33,,97.0,18.431,-1.5,-0.781,1.002,0.998,-0.027,3650,14.51,12.157,0,,,,,,,,,,,,19.608,
2026-10-01T11:59:00.582,677.712,0,796.5,32,,97.0,18.431,-1.0,-0.781,1.002,0.997,-0.027,3640,14.51,12.157,0,,,,,,,,,,,,,710
2026-10-01T11:59:00.712,677.842,0,796.25,32,,97.094,18.824,-2.0,-0.781,1.002,0.999,-0.023,3620,14.51,12.157,0,106,,,,,,,,,,,,
2026-10-01T11:59:00.842,677.972,0,792.75,32,,97.062,18.824,-0.5,-0.781,1.002,0.998,-0.023,3630,14.51,12.157,0,,74,,,,,,,,,,,
2026-10-01T11:59:00.972,678.102,0,796.5,32,,97.031,18.824,0.0,-0.781,1.002,0.999,-0.023,3640,14.51,12.157,0,,,13.281,,,,,,,,,,
2026-10-01T11:59:01.102,678.232,0,798.75,32,,97.062,18.824,-1.0,-0.781,1.002,0.998,-0.023,3640,14.51,12.157,0,,,,12.578,,,,,,,,,
2026-10-01T11:59:01.232,678.362,0,794.75,32,,96.969,18.824,-1.5,-0.781,1.002,0.996,-0.027,3610,14.51,12.157,0,,,,,97,,,,,,,,
2026-10-01T11:59:01.362,678.492,0,797.0,32,,97.031,18.824,-2.0,-0.781,1.002,0.994,-0.035,3610,14.51,12.157,0,,,,,,32,,,,,,,
2026-10-01T11:59:01.492,678.622,0,796.5,32,,97.062,18.824,-1.0,-1.562,1.002,0.992,-0.043,3600,14.51,12.157,0,,,,,,,100.0,,,,,,
2026-10-01T11:59:01.622,678.752,0,802.0,33,,97.062,18.824,-2.5,-1.562,1.002,0.99,-0.047,3600,14.51,12.157,0,,,,,,,,421.3,,,,,
2026-10-01T11:59:01.752,678.882,0,797.25,32,,97.031,18.824,-2.0,-1.562,1.002,0.987,-0.055,3610,14.51,12.157,0,,,,,,,,,0.785,,,,
2026-10-01T11:59:01.882,679.012,0,795.5,32,,97.0,18.431,-1.0,-1.562,1.002,0.984,-0.059,3610,14.51,12.157,0,,,,,,,,,,,0.781,,
2026-10-01T11:59:02.012,679.142,0,800.0,32,,96.938,18.431,-1.5,-2.344,1.002,0.983,-0.062,3600,14.51,12.157,0,,,,,,,,,,,,19.216,
2026-10-01T11:59:02.142,679.272,0,795.0,32,,96.969,18.431,-1.5,-2.344,1.002,0.984,-0.059,3620,14.51,12.157,0,,,,,,,,,,,,,711
2026-10-01T11:59:02.272,679.402,0,803.25,32,,96.938,18.431,-1.0,-2.344,1.002,0.986,-0.055,3610,14.51,12.157,0,106,,,,,,,,,,,,
2026-10-01T11:59:02.403,679.533,0,799.0,32,,96.969,18.824,0.0,-2.344,1.002,0.987,-0.051,3600,14.51,12.157,0,,74,,,,,,,,,,,
2026-10-01T11:59:02.532,679.662,0,795.0,32,,96.938,18.824,-1.5,-2.344,1.002,0.99,-0.043,3600,14.51,12.157,0,,,14.062,,,,,,,,,,
2026-10-01T11:59:02.662,679.792,0,799.0,33,,97.0,18.824,0.5,-2.344,1.002,0.993,-0.039,3600,14.51,12.157,0,,,,12.714,,,,,,,,,
2026-10-01T11:59:02.792,679.922,0,795.75,32,,97.031,18.824,-0.5,-2.344,1.002,0.993,-0.035,3610,14.51,12.157,0,,,,,97,,,,,,,,
2026-10-01T11:59:02.922,680.052,0,793.75,33,,97.031,18.824,-1.0,-2.344,1.002,0.996,-0.031,3610,14.51,12.157,0,,,,,,32,,,,,,,
2026-10-01T11:59:03.052,680.182,0,794.75,33,,97.031,18.824,-1.0,-1.562,1.002,0.999,-0.023,3620,14.51,12.157,0,,,,,,,100.0,,,,,,
2026-10-01T11:59:03.182,680.312,0,801.5,32,,97.0,18.431,-1.0,-1.562,1.003,0.999,-0.023,3620,14.51,12.157,0,,,,,,,,421.4,,,,,
2026-10-01T11:59:03.312,680.442,0,799.0,33,,96.969,18.824,-1.5,-1.562,1.003,0.999,-0.023,3620,14.51,12.157,0,,,,,,,,,0.79,,,,
2026-10-01T11:59:03.442,680.572,0,796.0,33,,97.062,18.824,-1.5,-1.562,1.003,1.002,-0.02,3630,14.51,12.157,0,,,,,,,,,,,0.781,,
2026-10-01T11:59:03.572,680.702,0,797.25,32,,97.0,18.824,0.0,-1.562,1.003,1.003,-0.016,3640,14.51,12.157,0,,,,,,,,,,,,19.608,
2026-10-01T11:59:03.702,680.832,0,798.5,33,,97.0,18.824,-1.0,-1.562,1.003,1.008,-0.012,3630,14.51,12.157,0,,,,,,,,,,,,,713
2026-10-01T11:59:03.833,680.963,0,792.5,33,,97.031,18.824,-2.0,-1.562,1.003,1.009,-0.012,3650,14.51,12.157,0,106,,,,,,,,,,,,
2026-10-01T11:59:03.962,681.092,0,794.5,33,,97.0,19.216,-1.5,-1.562,1.003,1.013,-0.008,3650,14.51,12.157,0,,74,,,,,,,,,,,
2026-10-01T11:59:04.092,681.222,0,800.25,33,,97.0,18.824,-2.5,-1.562,1.003,1.009,-0.012,3660,14.51,12.157,0,,,14.062,,,,,,,,,,
2026-10-01T11:59:04.222,681.352,0,801.25,33,,97.0,18.824,-2.5,-1.562,1.003,1.007,-0.012,3650,14.51,12.157,0,,,,12.617,,,,,,,,,
2026-10-01T11:59:04.352,681.482,0,798.0,33,,97.0,18.824,0.0,-1.562,1.003,1.001,-0.02,3660,14.51,12.157,0,,,,,97,,,,,,,,
2026-10-01T11:59:04.482,681.612,0,790.5,33,,97.0,18.824,0.0,-1.562,1.003,1.004,-0.016,3650,14.51,12.157,0,,,,,,32,,,,,,,
2026-10-01T11:59:04.612,681.742,0,794.75,33,,96.969,18.824,-2.5,-1.562,1.002,1.005,-0.016,3640,14.51,12.157,0,,,,,,,100.0,,,,,,
2026-10-01T11:59:04.742,681.872,0,797.5,33,,97.0,18.824,-1.0,-1.562,1.002,1.006,-0.016,3640,14.51,12.157,0,,,,,,,,421.5,,,,,
2026-10-01T11:59:04.872,682.002,0,794.0,33,,97.0,18.824,-1.5,-1.562,1.002,1.007,-0.012,3650,14.51,12.157,0,,,,,,,,,0.785,,,,
2026-10-01T11:59:05.002,682.132,0,799.25,33,,97.031,18.824,-0.5,-1.562,1.002,1.005,-0.016,3650,14.51,12.157,0,,,,,,,,,,,0.781,,
2026-10-01T11:59:05.132,682.262,0,801.0,33,,97.0,18.824,-1.5,-1.562,1.002,1.005,-0.016,3650,14.51,12.157,0,,,,,,,,,,,,19.608,
2026-10-01T11:59:05.263,682.393,0,798.75,33,,97.062,18.824,-1.0,-1.562,1.002,1.002,-0.02,3640,14.51,12.157,0,,,,,,,,,,,,,715
2026-10-01T11:59:05.392,682.522,0,797.0,33,,96.969,18.824,-1.0,-1.562,1.002,1.003,-0.016,3630,14.51,12.157,0,106,,,,,,,,,,,,
2026-10-01T11:59:05.522,682.652,0,794.75,33,,97.0,18.824,-2.5,-1.562,1.002,1.005,-0.016,3660,14.51,12.157,0,,74,,,,,,,,,,,
2026-10-01T11:59:05.652,682.782,0,798.5,33,,96.938,18.824,-1.5,-0.781,1.002,1.005,-0.016,3650,14.51,12.157,0,,,13.281,,,,,,,,,,
2026-10-01T11:59:05.782,682.912,0,794.5,33,,97.0,19.216,-1.0,-0.781,1.002,1.007,-0.012,3650,14.51,12.157,0,,,,12.714,,,,,,,,,
2026-10-01T11:59:05.912,683.042,0,798.0,33,,96.969,18.824,-2.5,-0.781,1.002,1.005,-0.016,3660,14.51,12.157,0,,,,,97,,,,,,,,
2026-10-01T11:59:06.042,683.172,0,795.75,33,,97.0,18.824,-1.5,-0.781,1.002,1.005,-0.016,3660,14.51,12.157,0,,,,,,32,,,,,,,
2026-10-01T11:59:06.172,683.302,0,799.5,33,,96.938,18.824,-1.0,-0.781,1.002,1.004,-0.016,3670,14.51,12.157,0,,,,,,,100.0,,,,,,
2026-10-01T11:59:06.302,683.432,0,790.5,33,,97.0,18.824,0.5,-0.781,1.002,1.001,-0.02,3660,14.51,12.157,0,,,,,,,,421.5,,,,,
2026-10-01T11:59:06.433,683.563,0,796.0,33,,97.0,18.431,0.5,-0.781,1.002,1.002,-0.02,3660,14.51,12.157,0,,,,,,,,,0.785,,,,
2026-10-01T11:59:06.562,683.692,0,796.25,33,,97.0,18.824,0.5,-1.562,1.002,1.0,-0.02,3670,14.51,12.157,0,,,,,,,,,,,0.781,,
2026-10-01T11:59:06.692,683.822,0,793.0,33,,97.0,18.824,-0.5,-1.562,1.002,1.0,-0.02,3690,14.51,12.157,0,,,,,,,,,,,,19.608,
2026-10-01T11:59:06.822,683.952,0,791.5,33,,97.0,18.824,-0.5,-1.562,1.002,0.999,-0.023,3680,14.51,12.157,0,,,,,,,,,,,,,716
2026-10-01T11:59:06.952,684.082,0,797.5,33,,97.0,18.824,0.5,-0.781,1.002,1.004,-0.016,3690,14.51,12.157,0,106,,,,,,,,,,,,
2026-10-01T11:59:07.082,684.212,0,798.75,33,,96.969,18.824,-1.0,-0.781,1.002,1.003,-0.016,3690,14.51,12.157,0,,74,,,,,,,,,,,
2026-10-01T11:59:07.212,684.342,0,795.0,33,,97.0,18.824,0.0,-1.562,1.002,1.001,-0.02,3690,14.51,12.157,0,,,14.062,,,,,,,,,,
2026-10-01T11:59:07.342,684.472,0,792.75,33,,97.0,18.824,-1.0,-0.781,1.002,1.002,-0.02,3670,14.51,12.157,0,,,,12.695,,,,,,,,,
2026-10-01T11:59:07.472,684.602,0,793.0,33,,97.0,19.216,0.5,-0.781,1.002,1.003,-0.016,3680,14.51,12.157,0,,,,,97,,,,,,,,
2026-10-01T11:59:07.603,684.733,0,792.5,33,,97.0,19.216,-1.0,-0.781,1.002,1.002,-0.02,3690,14.51,12.157,0,,,,,,32,,,,,,,
2026-10-01T11:59:07.732,684.862,0,793.25,33,,97.0,18.824,-2.0,-0.781,1.002,1.004,-0.016,3700,14.51,12.157,0,,,,,,,100.0,,,,,,
2026-10-01T11:59:07.862,684.992,0,794.0,33,,97.094,19.216,-0.5,-0.781,1.002,1.003,-0.016,3700,14.51,12.157,0,,,,,,,,421.6,,,,,
2026-10-01T11:59:07.992,685.122,0,793.25,33,,96.938,18.824,-1.0,-0.781,1.002,1.0,-0.02,3680,14.51,12.157,0,,,,,,,,,0.785,,,,
2026-10-01T11:59:08.122,685.252,0,799.25,33,,97.0,18.824,-1.5,-1.562,1.002,0.999,-0.023,3670,14.51,12.157,0,,,,,,,,,,,0.781,,
2026-10-01T11:59:08.252,685.382,0,799.5,33,,96.969,18.824,-1.5,-1.562,1.002,0.996,-0.031,3660,14.51,12.157,0,,,,,,,,,,,,19.608,
2026-10-01T11:59:08.382,685.512,0,794.5,33,,96.969,18.824,-1.0,-1.562,1.002,0.995,-0.031,3660,14.51,12.157,0,,,,,,,,,,,,,718
2026-10-01T11:59:08.512,685.642,0,792.75,33,,97.0,18.824,-1.0,-1.562,1.002,0.996,-0.031,3640,14.51,12.157,0,106,,,,,,,,,,,,
2026-10-01T11:59:08.642,685.772,0,799.75,33,,96.969,19.216,-2.0,-1.562,1.002,0.996,-0.031,3630,14.51,12.157,0,,74,,,,,,,,,,,
2026-10-01T11:59:08.772,685.902,0,797.5,33,,97.031,18.824,-1.0,-1.562,1.002,0.997,-0.027,3630,14.51,12.157,0,,,13.281,,,,,,,,,,
2026-10-01T11:59:08.902,686.032,0,798.5,33,,97.0,18.824,-1.0,-1.562,1.002,0.997,-0.027,3620,14.51,12.157,0,,,,12.597,,,,,,,,,
2026-10-01T11:59:09.032,686.162,0,795.75,32,,96.969,18.824,-0.5,-1.562,1.002,0.997,-0.027,3620,14.51,12.157,0,,,,,97,,,,,,,,
2026-10-01T11:59:09.162,686.292,0,796.5,33,,97.031,18.824,0.5,-1.562,1.002,0.996,-0.031,3620,14.51,12.157,0,,,,,,32,,,,,,,
2026-10-01T11:59:09.292,686.422,0,795.0,33,,96.969,18.824,-1.0,-1.562,1.002,0.997,-0.027,3620,14.51,12.157,0,,,,,,,100.0,,,,,,
2026-10-01T11:59:09.421,686.552,0,795.25,33,,96.969,18.824,-1.0,-1.562,1.002,0.999,-0.023,3620,14.51,12.157,0,,,,,,,,421.6,,,,,
2026-10-01T11:59:09.552,686.682,0,797.5,33,,97.0,19.216,-1.0,-1.562,1.002,0.999,-0.023,3630,14.51,12.157,0,,,,,,,,,0.785,,,,
2026-10-01T11:59:09.682,686.812,0,793.0,33,,96.938,19.216,-0.5,-1.562,1.002,0.999,-0.023,3640,14.51,12.157,0,,,,,,,,,,,0.781,,
2026-10-01T11:59:09.812,686.942,0,798.25,33,,96.969,19.216,-0.5,-1.562,1.002,0.999,-0.023,3640,14.51,12.157,0,,,,,,,,,,,,19.608,
2026-10-01T11:59:09.942,687.072,0,791.5,33,,97.0,18.824,-1.0,-1.562,1.002,0.998,-0.027,3640,14.51,12.157,0,,,,,,,,,,,,,719
2026-10-01T11:59:10.072,687.202,0,791.25,33,,96.938,19.216,0.0,-1.562,1.002,0.997,-0.027,3640,14.51,12.157,0,106,,,,,,,,,,,,
2026-10-01T11:59:10.202,687.332,0,796.75,33,,96.969,19.216,-0.5,-1.562,1.002,0.997,-0.027,3650,14.51,12.157,0,,74,,,,,,,,,,,
2026-10-01T11:59:10.332,687.462,0,801.75,33,,97.0,19.216,-2.0,-1.562,1.002,0.997,-0.027,3680,14.51,12.157,0,,,14.062,,,,,,,,,,
2026-10-01T11:59:10.462,687.592,0,795.5,33,,97.0,19.216,-1.5,-1.562,1.002,0.998,-0.023,3680,14.51,12.157,0,,,,12.695,,,,,,,,,
2026-10-01T11:59:10.592,687.722,0,794.0,33,,97.062,18.824,-1.0,-1.562,1.002,0.998,-0.027,3680,14.51,12.157,0,,,,,97,,,,,,,,
2026-10-01T11:59:10.722,687.852,0,800.0,33,,97.031,19.216,-1.0,-1.562,1.002,0.998,-0.027,3670,14.51,12.157,0,,,,,,32,,,,,,,
2026-10-01T11:59:10.852,687.982,0,799.75,33,,96.969,19.216,-1.0,-1.562,1.002,0.996,-0.027,3650,14.51,12.157,0,,,,,,,100.0,,,,,,
2026-10-01T11:59:10.982,688.112,0,795.25,33,,96.969,19.216,-2.0,-1.562,1.002,0.998,-0.023,3650,14.51,12.157,0,,,,,,,,421.7,,,,,
2026-10-01T11:59:11.112,688.242,0,794.5,33,,96.969,19.216,-1.0,-1.562,1.002,0.999,-0.023,3660,14.51,12.157,0,,,,,,,,,0.785,,,,
2026-10-01T11:59:11.242,688.372,0,799.75,33,,96.938,19.216,-1.5,-1.562,1.002,0.999,-0.023,3660,14.51,12.157,0,,,,,,,,,,,0.781,,
2026-10-01T11:59:11.372,688.502,0,795.0,33,,96.938,19.216,-1.0,-1.562,1.002,0.998,-0.023,3660,14.51,12.157,0,,,,,,,,,,,,20.0,
2026-10-01T11:59:11.502,688.632,0,792.5,33,,96.938,19.216,-1.5,-1.562,1.002,0.997,-0.027,3660,14.51,12.157,0,,,,,,,,,,,,,721
2026-10-01T11:59:11.632,688.763,0,798.75,33,,96.938,18.824,-1.0,-1.562,1.002,0.998,-0.027,3650,14.51,12.157,0,106,,,,,,,,,,,,
2026-10-01T11:59:11.762,688.892,0,799.25,33,,96.938,19.216,-0.5,-1.562,1.002,0.997,-0.027,3660,14.51,12.157,0,,74,,,,,,,,,,,
2026-10-01T11:59:11.892,689.022,0,795.75,33,,96.906,18.824,-1.0,-1.562,1.002,0.999,-0.023,3670,14.51,12.157,0,,,14.062,,,,,,,,,,
2026-10-01T11:59:12.022,689.152,0,795.25,33,,96.938,19.216,-1.0,-1.562,1.002,0.998,-0.023,3670,14.51,12.157,0,,,,12.597,,,,,,,,,
2026-10-01T11:59:12.152,689.282,0,796.0,33,,96.938,19.216,-0.5,-1.562,1.002,0.998,-0.027,3680,14.51,12.157,0,,,,,97,,,,,,,,
2026-10-01T11:59:12.282,689.412,0,799.5,33,,96.938,18.824,-1.0,-1.562,1.002,0.998,-0.023,3680,14.51,12.157,0,,,,,,32,,,,,,,
2026-10-01T11:59:12.412,689.542,0,792.75,33,,97.0,19.216,-1.0,-1.562,1.002,0.998,-0.023,3690,14.51,12.157,0,,,,,,,100.0,,,,,,
2026-10-01T11:59:12.542,689.672,0,796.0,33,,96.938,19.216,-0.5,-1.562,1.002,0.999,-0.023,3700,14.51,12.157,0,,,,,,,,421.8,,,,,
2026-10-01T11:59:12.672,689.802,0,798.5,33,,96.969,19.216,0.5,-1.562,1.002,1.0,-0.02,3700,14.51,12.157,0,,,,,,,,,0.785,,,,
2026-10-01T11:59:12.802,689.932,0,795.75,33,,96.906,18.824,-0.5,-1.562,1.002,1.001,-0.02,3710,14.51,12.157,0,,,,,,,,,,,0.781,,
2026-10-01T11:59:12.932,690.062,0,797.0,33,,96.938,18.824,-0.5,-1.562,1.002,0.999,-0.02,3710,14.51,12.157,0,,,,,,,,,,,,20.0,
2026-10-01T11:59:13.062,690.192,0,789.25,33,,96.938,19.216,1.0,-1.562,1.002,1.0,-0.02,3730,14.51,12.157,0,,,,,,,,,,,,,722
2026-10-01T11:59:13.192,690.322,0,796.5,33,,96.938,18.824,-0.5,-1.562,1.002,1.001,-0.02,3720,14.51,12.157,0,106,,,,,,,,,,,,
2026-10-01T11:59:13.322,690.452,0,790.75,33,,96.938,18.824,-1.0,-1.562,1.002,1.005,-0.016,3720,14.51,12.157,0,,74,,,,,,,,,,,
2026-10-01T11:59:13.451,690.582,0,794.5,33,,96.938,19.216,-1.0,-1.562,1.002,1.009,-0.012,3720,14.51,12.157,0,,,13.281,,,,,,,,,,
2026-10-01T11:59:13.582,690.712,0,798.5,33,,97.0,19.216,-1.0,-1.562,1.002,1.01,-0.012,3710,14.51,12.157,0,,,,12.734,,,,,,,,,
2026-10-01T11:59:13.712,690.842,0,794.25,33,,96.938,19.216,-1.0,-1.562,1.002,1.01,-0.012,3710,14.51,12.157,0,,,,,97,,,,,,,,
2026-10-01T11:59:13.842,690.972,0,795.0,33,,96.906,19.216,-1.0,-0.781,1.002,1.009,-0.012,3710,14.51,12.157,0,,,,,,32,,,,,,,
2026-10-01T11:59:13.973,691.103,0,794.75,33,,96.969,19.216,-0.5,-1.562,1.002,1.004,-0.016,3690,14.51,12.157,0,,,,,,,100.0,,,,,,
2026-10-01T11:59:14.102,691.232,0,795.0,33,,97.0,19.216,-2.0,-1.562,1.002,1.0,-0.02,3700,14.51,12.157,0,,,,,,,,421.8,,,,,
2026-10-01T11:59:14.232,691.362,0,794.0,33,,97.0,18.824,-1.0,-1.562,1.002,1.0,-0.02,3700,14.51,12.157,0,,,,,,,,,0.78,,,,
2026-10-01T11:59:14.362,691.492,0,795.5,33,,96.969,19.216,-1.0,-1.562,1.002,1.0,-0.02,3680,14.51,12.157,0,,,,,,,,,,,0.781,,
2026-10-01T11:59:14.492,691.622,0,796.75,33,,96.969,18.824,-1.5,-1.562,1.002,1.0,-0.02,3660,14.51,12.157,0,,,,,,,,,,,,19.608,
2026-10-01T11:59:14.621,691.751,0,795.0,33,,96.938,18.824,-1.0,-1.562,1.002,1.001,-0.02,3640,14.51,12.157,0,,,,,,,,,,,,,724
2026-10-01T11:59:14.752,691.882,0,798.0,33,,96.969,19.216,0.0,-1.562,1.002,1.005,-0.016,3630,14.51,12.157,0,106,,,,,,,,,,,,
2026-10-01T11:59:14.881,692.012,0,794.0,33,,97.0,19.216,-1.0,-1.562,1.002,1.005,-0.016,3620,14.51,12.157,0,,74,,,,,,,,,,,
2026-10-01T11:59:15.012,692.142,0,797.75,33,,97.0,19.216,-1.0,-0.781,1.001,1.005,-0.016,3630,14.51,12.157,0,,,13.281,,,,,,,,,,
2026-10-01T11:59:15.142,692.272,0,796.75,33,,97.0,18.824,-1.0,-0.781,1.001,1.004,-0.016,3620,14.51,12.157,0,,,,12.695,,,,,,,,,
2026-10-01T11:59:15.272,692.402,0,796.5,33,,96.938,19.216,0.5,-0.781,1.001,1.005,-0.016,3620,14.51,12.157,0,,,,,97,,,,,,,,
2026-10-01T11:59:15.402,692.532,0,795.75,33,,96.938,18.824,-1.0,-0.781,1.001,1.004,-0.016,3610,14.51,12.157,0,,,,,,32,,,,,,,
2026-10-01T11:59:15.532,692.662,0,796.75,33,,96.969,18.824,-1.0,-0.781,1.001,1.005,-0.016,3630,14.51,12.157,0,,,,,,,100.0,,,,,,
2026-10-01T11:59:15.662,692.792,0,798.75,33,,96.969,18.824,0.5,-0.781,1.001,1.002,-0.02,3630,14.51,12.157,0,,,,,,,,421.9,,,,,
2026-10-01T11:59:15.792,692.922,0,789.0,33,,96.938,18.824,0.5,-1.562,1.001,1.0,-0.02,3620,14.51,12.157,0,,,,,,,,,0.785,,,,
2026-10-01T11:59:15.922,693.052,0,791.75,33,,96.938,18.824,0.5,-1.562,1.001,1.001,-0.02,3630,14.51,12.157,0,,,,,,,,,,,0.781,,
2026-10-01T11:59:16.051,693.182,0,792.5,33,,96.938,19.216,0.5,-0.781,1.001,1.002,-0.02,3630,14.51,12.157,0,,,,,,,,,,,,20.0,
2026-10-01T11:59:16.182,693.312,0,795.0,33,,97.0,18.824,-1.0,-0.781,1.001,1.005,-0.016,3640,14.51,12.157,0,,,,,,,,,,,,,726
2026-10-01T11:59:16.312,693.442,0,795.0,34,,96.969,19.216,-1.0,-0.781,1.001,1.004,-0.016,3640,14.51,12.157,0,106,,,,,,,,,,,,
2026-10-01T11:59:16.442,693.572,0,792.0,34,,97.0,19.216,-1.0,-0.781,1.001,1.005,-0.016,3650,14.51,12.157,0,,74,,,,,,,,,,,
2026-10-01T11:59:16.572,693.702,0,793.0,33,,96.969,19.216,-1.0,-0.781,1.002,1.003,-0.016,3680,14.51,12.157,0,,,13.281,,,,,,,,,,
2026-10-01T11:59:16.702,693.832,0,792.75,34,,96.969,19.216,-1.0,-0.781,1.001,1.004,-0.016,3700,14.51,12.157,0,,,,12.597,,,,,,,,,
2026-10-01T11:59:16.832,693.962,0,799.75,33,,97.0,18.824,-1.5,-0.781,1.002,1.0,-0.02,3720,14.51,12.157,0,,,,,97,,,,,,,,
2026-10-01T11:59:16.962,694.092,0,792.75,33,,97.031,19.216,0.0,-0.781,1.002,1.002,-0.02,3730,14.51,12.157,0,,,,,,32,,,,,,,
2026-10-01T11:59:17.092,694.222,0,796.25,34,,97.0,19.216,-1.0,-0.781,1.001,1.005,-0.016,3730,14.51,12.157,0,,,,,,,100.0,,,,,,
2026-10-01T11:59:17.222,694.352,0,796.5,33,,96.938,19.216,-1.5,-0.781,1.001,1.006,-0.016,3740,14.51,12.157,0,,,,,,,,422.0,,,,,
2026-10-01T11:59:17.352,694.482,0,798.25,34,,96.969,19.216,-2.5,-0.781,1.001,1.006,-0.016,3740,14.51,12.157,0,,,,,,,,,0.78,,,,
2026-10-01T11:59:17.481,694.612,0,795.5,34,,96.969,19.608,-2.0,-0.781,1.002,1.006,-0.016,3760,14.51,12.157,0,,,,,,,,,,,0.781,,
2026-10-01T11:59:17.612,694.742,0,796.5,34,,97.0,19.608,-2.0,-0.781,1.002,1.007,-0.012,3750,14.51,12.157,0,,,,,,,,,,,,20.0,
2026-10-01T11:59:17.743,694.873,0,794.5,34,,96.938,19.608,-3.5,-0.781,1.002,1.005,-0.016,3750,14.51,12.157,0,,,,,,,,,,,,,727
2026-10-01T11:59:17.872,695.002,0,798.0,33,,96.969,19.608,-0.5,-0.781,1.001,1.001,-0.02,3770,14.51,12.157,0,106,,,,,,,,,,,,
2026-10-01T11:59:18.001,695.132,0,798.5,33,,96.969,19.216,-1.0,-0.781,1.001,1.002,-0.02,3760,14.51,12.157,0,,74,,,,,,,,,,,
2026-10-01T11:59:18.132,695.262,0,791.75,33,,96.969,19.216,-1.5,-0.781,1.001,1.0,-0.02,3750,14.51,12.157,0,,,14.062,,,,,,,,,,
2026-10-01T11:59:18.261,695.391,0,791.25,33,,96.938,19.216,-1.0,-0.781,1.001,1.002,-0.02,3720,14.51,12.157,0,,,,12.753,,,,,,,,,
2026-10-01T11:59:18.391,695.521,0,798.5,33,,96.969,19.216,-1.0,-0.781,1.001,0.999,-0.02,3710,14.51,12.157,0,,,,,97,,,,,,,,
2026-10-01T11:59:18.522,695.652,0,794.0,33,,97.031,19.216,-1.0,-0.781,1.001,0.998,-0.023,3710,14.51,12.157,0,,,,,,32,,,,,,,
2026-10-01T11:59:18.652,695.782,0,792.0,33,,97.062,19.216,0.5,-0.781,1.001,0.997,-0.027,3690,14.51,12.157,0,,,,,,,100.0,,,,,,
2026-10-01T11:59:18.782,695.912,0,798.25,33,,97.062,19.216,-1.0,-0.781,1.001,0.996,-0.031,3670,14.51,12.157,0,,,,,,,,422.0,,,,,
2026-10-01T11:59:18.913,696.043,0,795.25,33,,97.0,19.216,0.0,-0.781,1.001,0.996,-0.027,3660,14.51,12.157,0,,,,,,,,,0.785,,,,
2026-10-01T11:59:19.042,696.172,0,795.75,33,,96.969,19.216,-0.5,-0.781,1.001,0.997,-0.027,3650,14.51,12.157,0,,,,,,,,,,,0.781,,
2026-10-01T11:59:19.172,696.302,0,793.0,33,,97.0,19.216,-1.0,-0.781,1.001,0.996,-0.031,3630,14.51,12.157,0,,,,,,,,,,,,20.0,
2026-10-01T11:59:19.302,696.432,0,790.75,33,,97.0,19.216,-1.0,-0.781,1.001,0.996,-0.031,3640,14.51,12.157,0,,,,,,,,,,,,,729
2026-10-01T11:59:19.431,696.562,0,793.75,33,,97.062,19.216,-1.0,-0.781,1.001,0.996,-0.031,3650,14.51,12.157,0,106,,,,,,,,,,,,
2026-10-01T11:59:19.562,696.692,0,793.75,33,,97.062,19.216,0.0,-1.562,1.002,0.996,-0.031,3650,14.51,12.157,0,,74,,,,,,,,,,,
2026-10-01T11:59:19.691,696.821,0,797.5,33,,96.969,19.216,0.5,-1.562,1.002,0.996,-0.031,3660,14.51,12.157,0,,,14.062,,,,,,,,,,
2026-10-01T11:59:19.822,696.952,0,791.75,33,,97.0,19.216,0.0,-1.562,1.001,0.997,-0.027,3650,14.51,12.157,0,,,,12.714,,,,,,,,,
2026-10-01T11:59:19.952,697.082,0,794.5,33,,96.969,19.216,-1.5,-0.781,1.001,0.998,-0.023,3670,14.51,12.157,0,,,,,97,,,,,,,,
2026-10-01T11:59:20.082,697.212,0,797.25,33,,96.969,19.216,-0.5,-1.562,1.001,0.996,-0.031,3660,14.51,12.157,0,,,,,,32,,,,,,,
2026-10-01T11:59:20.212,697.342,0,793.0,33,,97.0,19.216,-1.0,-1.562,1.001,0.996,-0.027,3650,14.51,12.157,0,,,,,,,100.0,,,,,,
2026-10-01T11:59:20.343,697.473,0,799.0,33,,96.969,19.216,-1.0,-1.562,1.002,0.997,-0.027,3650,14.51,12.157,0,,,,,,,,422.1,,,,,
2026-10-01T11:59:20.472,697.602,0,800.75,33,,96.969,19.216,-1.0,-1.562,1.002,0.996,-0.027,3650,14.51,12.157,0,,,,,,,,,0.785,,,,
2026-10-01T11:59:20.601,697.732,0,798.25,33,,96.938,19.216,-1.0,-1.562,1.002,0.995,-0.031,3650,14.51,12.157,0,,,,,,,,,,,0.781,,
2026-10-01T11:59:20.732,697.862,0,796.25,33,,96.938,19.216,0.0,-1.562,1.002,0.995,-0.031,3650,14.51,12.157,0,,,,,,,,,,,,19.608,
2026-10-01T11:59:20.861,697.991,0,792.5,33,,96.938,19.216,-1.0,-1.562,1.002,0.996,-0.031,3660,14.51,12.157,0,,,,,,,,,,,,,730
2026-10-01T11:59:20.991,698.121,0,793.5,34,,96.938,19.216,-0.5,-1.562,1.002,0.995,-0.031,3670,14.51,12.157,0,106,,,,,,,,,,,,
2026-10-01T11:59:21.122,698.252,0,797.75,33,,96.906,19.216,-1.5,-1.562,1.002,0.995,-0.035,3680,14.51,12.157,0,,74,,,,,,,,,,,
2026-10-01T11:59:21.251,698.382,0,798.25,34,,96.906,19.216,0.0,-1.562,1.002,0.995,-0.031,3710,14.51,12.157,0,,,13.281,,,,,,,,,,
2026-10-01T11:59:21.382,698.512,0,790.5,33,,96.906,19.216,0.0,-1.562,1.002,0.995,-0.031,3710,14.51,12.157,0,,,,12.695,,,,,,,,,
2026-10-01T11:59:21.512,698.642,0,792.0,34,,96.938,19.216,-0.5,-1.562,1.002,0.996,-0.031,3730,14.51,12.157,0,,,,,97,,,,,,,,
2026-10-01T11:59:21.642,698.772,0,792.75,34,,96.938,19.216,-0.5,-1.562,1.002,0.997,-0.027,3750,14.51,12.157,0,,,,,,32,,,,,,,
2026-10-01T11:59:21.772,698.902,0,797.0,34,,96.938,19.216,-1.0,-1.562,1.002,1.0,-0.02,3750,14.51,12.157,0,,,,,,,100.0,,,,,,
2026-10-01T11:59:21.901,699.032,0,796.0,34,,96.906,19.216,-1.0,-1.562,1.002,1.0,-0.02,3750,14.51,12.157,0,,,,,,,,422.1,,,,,
2026-10-01T11:59:22.031,699.162,0,794.25,33,,96.938,19.216,-0.5,-1.562,1.002,1.003,-0.016,3740,14.51,12.157,0,,,,,,,,,0.785,,,,
2026-10-01T11:59:22.162,699.292,0,794.5,33,,96.938,19.216,0.5,-1.562,1.002,1.005,-0.016,3750,14.51,12.157,0,,,,,,,,,,,0.781,,
2026-10-01T11:59:22.292,699.422,0,791.0,33,,96.969,19.216,0.5,-0.781,1.002,1.009,-0.012,3740,14.51,12.157,0,,,,,,,,,,,,20.0,
2026-10-01T11:59:22.421,699.552,0,795.0,33,,96.906,19.608,-1.0,-0.781,1.002,1.007,-0.012,3740,14.51,12.157,0,,,,,,,,,,,,,732
2026-10-01T11:59:22.552,699.682,0,792.0,33,,96.938,19.216,-1.0,-1.562,1.002,1.004,-0.016,3740,14.51,12.157,0,106,,,,,,,,,,,,
2026-10-01T11:59:22.682,699.812,0,796.0,33,,96.969,19.216,0.5,-1.562,1.002,1.005,-0.016,3740,14.51,12.157,0,,74,,,,,,,,,,,
2026-10-01T11:59:22.812,699.942,0,796.0,33,,96.938,19.216,0.0,-1.562,1.002,1.002,-0.02,3740,14.51,12.157,0,,,13.281,,,,,,,,,,
2026-10-01T11:59:22.942,700.072,0,790.5,33,,96.906,19.216,-0.5,-1.562,1.002,1.003,-0.016,3710,14.51,12.157,0,,,,12.734,,,,,,,,,
2026-10-01T11:59:23.071,700.202,0,793.75,33,,96.969,19.216,0.0,-1.562,1.002,1.0,-0.02,3680,14.51,12.157,0,,,,,97,,,,,,,,
2026-10-01T11:59:23.201,700.332,0,792.0,33,,97.0,19.216,-1.0,-1.562,1.002,0.999,-0.023,3660,14.51,12.157,0,,,,,,32,,,,,,,
2026-10-01T11:59:23.331,700.461,0,795.25,33,,96.938,19.216,-0.5,-1.562,1.002,0.998,-0.023,3660,14.51,12.157,0,,,,,,,100.0,,,,,,
2026-10-01T11:59:23.462,700.592,0,791.75,33,,96.938,19.216,0.0,-1.562,1.002,0.998,-0.023,3650,14.51,12.157,0,,,,,,,,422.2,,,,,
2026-10-01T11:59:23.592,700.722,0,795.5,33,,97.0,19.608,1.0,-1.562,1.002,1.0,-0.02,3650,14.51,12.157,0,,,,,,,,,0.785,,,,
2026-10-01T11:59:23.722,700.852,0,792.5,33,,96.969,19.216,-1.0,-1.562,1.002,1.0,-0.02,3650,14.51,12.157,0,,,,,,,,,,,0.781,,
2026-10-01T11:59:23.851,700.982,0,798.0,33,,96.938,19.216,1.0,-1.562,1.002,1.003,-0.016,3640,14.51,12.157,0,,,,,,,,,,,,20.0,
2026-10-01T11:59:23.982,701.112,0,793.25,33,,96.906,19.216,0.0,-1.562,1.002,1.0,-0.02,3660,14.51,12.157,0,,,,,,,,,,,,,733
2026-10-01T11:59:24.112,701.242,0,792.5,33,,96.938,19.216,0.0,-1.562,1.002,0.999,-0.023,3660,14.51,12.157,0,106,,,,,,,,,,,,
2026-10-01T11:59:24.241,701.371,0,792.0,33,,96.906,19.216,0.0,-1.562,1.002,0.999,-0.023,3660,14.51,12.157,0,,74,,,,,,,,,,,
2026-10-01T11:59:24.372,701.502,0,798.25,33,,96.938,19.216,0.5,-1.562,1.002,1.0,-0.02,3670,14.51,12.157,0,,,13.281,,,,,,,,,,
2026-10-01T11:59:24.501,701.631,0,795.5,33,,96.938,19.216,-1.0,-1.562,1.002,1.001,-0.02,3680,14.51,12.157,0,,,,12.675,,,,,,,,,
2026-10-01T11:59:24.632,701.762,0,788.25,34,,96.938,19.608,-0.5,-1.562,1.002,1.003,-0.016,3680,14.51,12.157,0,,,,,97,,,,,,,,
2026-10-01T11:59:24.762,701.892,0,790.25,34,,96.938,19.608,-0.5,-1.562,1.002,1.005,-0.016,3700,14.51,12.157,0,,,,,,32,,,,,,,
2026-10-01T11:59:24.892,702.022,0,791.25,34,,96.938,19.608,0.5,-0.781,1.002,1.008,-0.012,3700,14.51,12.157,0,,,,,,,100.0,,,,,,
2026-10-01T11:59:25.021,702.152,0,795.25,34,,96.938,19.608,0.5,-0.781,1.002,1.007,-0.012,3700,14.51,12.157,0,,,,,,,,422.3,,,,,
2026-10-01T11:59:25.151,702.281,0,797.0,34,,96.969,19.608,-1.0,-0.781,1.002,1.005,-0.016,3690,14.51,12.157,0,,,,,,,,,0.785,,,,
2026-10-01T11:59:25.281,702.411,0,793.75,34,,96.969,19.608,-1.0,-0.781,1.002,1.005,-0.016,3700,14.51,12.157,0,,,,,,,,,,,0.781,,
2026-10-01T11:59:25.411,702.542,0,794.25,34,,96.969,19.608,-0.5,-0.781,1.002,1.004,-0.016,3700,14.51,12.157,0,,,,,,,,,,,,20.392,
2026-10-01T11:59:25.541,702.672,0,793.25,34,,96.906,19.608,-1.5,-0.781,1.002,1.0,-0.02,3710,14.51,12.157,0,,,,,,,,,,,,,735
2026-10-01T11:59:25.671,702.801,0,792.5,34,,96.938,19.608,-1.0,-0.781,1.002,1.002,-0.02,3710,14.51,12.157,0,106,,,,,,,,,,,,
2026-10-01T11:59:25.802,702.932,0,796.25,34,,96.969,19.608,0.0,-1.562,1.002,0.999,-0.023,3700,14.51,12.157,0,,74,,,,,,,,,,,
2026-10-01T11:59:25.932,703.062,0,790.25,34,,96.938,19.608,-2.0,-1.562,1.002,0.999,-0.023,3700,14.51,12.157,0,,,13.281,,,,,,,,,,
2026-10-01T11:59:26.062,703.192,0,796.75,34,,97.0,19.608,-0.5,-1.562,1.002,0.999,-0.023,3710,14.51,12.157,0,,,,12.636,,,,,,,,,
2026-10-01T11:59:26.192,703.322,0,791.5,34,,97.0,19.608,0.5,-1.562,1.002,0.997,-0.027,3730,14.51,12.157,0,,,,,97,,,,,,,,
2026-10-01T11:59:26.321,703.451,0,794.25,34,,97.0,19.608,0.0,-1.562,1.002,0.997,-0.027,3730,14.51,12.157,0,,,,,,32,,,,,,,
2026-10-01T11:59:26.451,703.581,0,794.75,34,,96.938,19.608,-1.0,-1.562,1.002,0.996,-0.031,3760,14.51,12.157,0,,,,,,,100.0,,,,,,
2026-10-01T11:59:26.581,703.711,0,793.0,34,,96.969,19.608,-1.0,-1.562,1.002,0.997,-0.027,3770,14.51,12.157,0,,,,,,,,422.3,,,,,
2026-10-01T11:59:26.712,703.842,0,799.75,34,,96.969,19.608,-1.0,-1.562,1.002,0.997,-0.027,3760,14.51,12.157,0,,,,,,,,,0.785,,,,
2026-10-01T11:59:26.841,703.972,0,795.5,34,,96.906,19.216,-0.5,-1.562,1.002,0.999,-0.023,3760,14.51,12.157,0,,,,,,,,,,,0.781,,
2026-10-01T11:59:26.972,704.102,0,791.5,34,,96.938,19.608,-0.5,-1.562,1.002,1.0,-0.02,3780,14.51,12.157,0,,,,,,,,,,,,20.0,
2026-10-01T11:59:27.102,704.232,0,796.0,34,,97.0,19.608,-0.5,-1.562,1.002,1.003,-0.016,3770,14.51,12.157,0,,,,,,,,,,,,,736
2026-10-01T11:59:27.232,704.362,0,795.75,33,,97.0,19.608,-1.0,-0.781,1.002,1.005,-0.016,3770,14.51,12.157,0,106,,,,,,,,,,,,
2026-10-01T11:59:27.361,704.491,0,798.5,34,,96.969,19.608,-1.0,-0.781,1.002,1.003,-0.016,3770,14.51,12.157,0,,74,,,,,,,,,,,
2026-10-01T11:59:27.491,704.622,0,798.5,33,,96.969,19.608,-1.0,-0.781,1.002,1.002,-0.02,3770,14.51,12.157,0,,,13.281,,,,,,,,,,
2026-10-01T11:59:27.621,704.752,0,796.25,34,,96.969,19.608,-1.5,-1.562,1.002,1.0,-0.02,3750,14.51,12.157,0,,,,12.753,,,,,,,,,
2026-10-01T11:59:27.751,704.881,0,796.75,34,,97.0,19.608,0.0,-1.562,1.002,1.0,-0.02,3740,14.51,12.157,0,,,,,97,,,,,,,,
2026-10-01T11:59:27.881,705.011,0,792.25,34,,97.0,19.608,0.0,-1.562,1.002,1.001,-0.02,3740,14.51,12.157,0,,,,,,32,,,,,,,
2026-10-01T11:59:28.022,705.152,0,792.0,34,,96.938,19.608,-1.0,-1.562,1.002,0.999,-0.023,3720,14.51,12.157,0,,,,,,,100.0,,,,,,
2026-10-01T11:59:28.152,705.282,0,797.75,34,,97.0,19.608,0.0,-1.562,1.002,0.999,-0.02,3700,14.51,12.157,0,,,,,,,,422.4,,,,,
2026-10-01T11:59:28.281,705.411,0,798.25,34,,96.938,19.608,-1.0,-1.562,1.002,1.0,-0.02,3700,14.51,12.157,0,,,,,,,,,0.785,,,,
2026-10-01T11:59:28.411,705.542,0,793.0,34,,96.969,19.608,-2.0,-1.562,1.002,0.999,-0.023,3690,14.51,12.157,0,,,,,,,,,,,0.781,,
2026-10-01T11:59:28.541,705.671,0,793.5,33,,97.0,19.608,-1.0,-1.562,1.002,0.999,-0.023,3670,14.51,12.157,0,,,,,,,,,,,,20.392,
2026-10-01T11:59:28.672,705.802,0,798.25,34,,96.938,19.608,0.0,-1.562,1.002,0.998,-0.023,3670,14.51,12.157,0,,,,,,,,,,,,,738
2026-10-01T11:59:28.802,705.932,0,794.25,33,,96.969,19.216,-1.0,-1.562,1.002,0.999,-0.023,3670,14.51,12.157,0,106,,,,,,,,,,,,
2026-10-01T11:59:28.932,706.062,0,792.25,34,,96.969,19.608,-1.0,-1.562,1.002,1.001,-0.02,3680,14.51,12.157,0,,74,,,,,,,,,,,
2026-10-01T11:59:29.062,706.192,0,796.25,34,,96.969,19.608,1.0,-0.781,1.002,1.003,-0.016,3680,14.51,12.157,0,,,13.281,,,,,,,,,,
2026-10-01T11:59:29.192,706.322,0,798.0,33,,96.938,19.608,0.0,-0.781,1.002,1.004,-0.016,3680,14.51,12.157,0,,,,12.578,,,,,,,,,
2026-10-01T11:59:29.321,706.451,0,791.5,34,,96.938,19.608,-0.5,-1.562,1.002,1.0,-0.02,3680,14.51,12.157,0,,,,,97,,,,,,,,
2026-10-01T11:59:29.451,706.581,0,796.0,34,,96.969,19.216,1.0,-1.562,1.002,1.003,-0.016,3700,14.51,12.157,0,,,,,,32,,,,,,,
2026-10-01T11:59:29.581,706.711,0,792.5,34,,96.906,19.608,-0.5,-0.781,1.002,1.003,-0.016,3690,14.51,12.157,0,,,,,,,100.0,,,,,,
2026-10-01T11:59:29.711,706.841,0,791.75,34,,96.938,19.608,-1.5,-0.781,1.002,1.003,-0.016,3690,14.51,12.157,0,,,,,,,,422.5,,,,,
2026-10-01T11:59:29.842,706.972,0,793.75,34,,96.969,20.0,-2.5,-0.781,1.002,1.003,-0.016,3710,14.51,12.157,0,,,,,,,,,0.785,,,,
2026-10-01T11:59:29.971,707.102,0,797.25,34,,96.938,19.608,-1.0,-0.781,1.002,1.005,-0.016,3710,14.51,12.157,0,,,,,,,,,,,0.781,,
2026-10-01T11:59:30.102,707.232,0,794.25,34,,96.906,19.608,0.0,-0.781,1.002,1.003,-0.016,3710,14.51,12.157,0,,,,,,,,,,,,20.392,
2026-10-01T11:59:30.232,707.362,0,794.5,34,,96.906,19.608,-1.0,-0.781,1.002,1.001,-0.02,3710,14.51,12.157,0,,,,,,,,,,,,,740
2026-10-01T11:59:30.362,707.492,0,794.5,34,,96.938,19.608,-1.0,-0.781,1.002,1.001,-0.02,3720,14.51,12.157,0,106,,,,,,,,,,,,
2026-10-01T11:59:30.491,707.622,0,799.75,34,,96.969,19.608,-1.0,-0.781,1.002,1.003,-0.016,3710,14.51,12.157,0,,74,,,,,,,,,,,
2026-10-01T11:59:30.621,707.751,0,796.25,34,,96.938,19.608,-0.5,-0.781,1.002,1.002,-0.02,3740,14.51,12.157,0,,,13.281,,,,,,,,,,
2026-10-01T11:59:30.751,707.882,0,789.5,34,,96.938,19.608,-0.5,-0.781,1.002,1.002,-0.02,3740,14.51,12.157,0,,,,12.714,,,,,,,,,
2026-10-01T11:59:30.881,708.011,0,793.5,34,,97.0,20.0,0.0,-0.781,1.002,0.999,-0.023,3770,14.51,12.157,0,,,,,97,,,,,,,,
2026-10-01T11:59:31.021,708.151,0,790.5,34,,97.062,20.0,-1.0,-0.781,1.002,0.998,-0.023,3780,14.51,12.157,0,,,,,,32,,,,,,,
2026-10-01T11:59:31.151,708.281,0,795.5,34,,96.906,19.608,-0.5,-1.562,1.002,0.996,-0.031,3790,14.51,12.157,0,,,,,,,100.0,,,,,,
2026-10-01T11:59:31.281,708.411,0,794.0,34,,96.938,19.608,-1.0,-1.562,1.002,0.998,-0.027,3800,14.51,12.157,0,,,,,,,,422.5,,,,,
2026-10-01T11:59:31.411,708.542,0,790.5,34,,96.906,19.608,-1.0,-1.562,1.002,1.0,-0.02,3810,14.51,12.157,0,,,,,,,,,0.785,,,,
2026-10-01T11:59:31.542,708.672,0,794.75,34,,96.969,19.608,0.5,-0.781,1.002,1.002,-0.02,3800,14.51,12.157,0,,,,,,,,,,,0.781,,
2026-10-01T11:59:31.671,708.802,0,794.5,34,,97.0,19.608,0.5,-0.781,1.002,1.004,-0.016,3800,14.51,12.157,0,,,,,,,,,,,,20.392,
2026-10-01T11:59:31.802,708.932,0,796.5,34,,96.906,20.0,-0.5,-0.781,1.002,1.003,-0.016,3780,14.51,12.157,0,,,,,,,,,,,,,741
2026-10-01T11:59:31.932,709.062,0,793.0,34,,96.969,19.608,-2.5,-0.781,1.002,1.001,-0.02,3780,14.51,12.157,0,106,,,,,,,,,,,,
2026-10-01T11:59:32.062,709.192,0,798.25,34,,96.969,20.0,0.0,-0.781,1.002,1.0,-0.02,3790,14.51,12.157,0,,74,,,,,,,,,,,
2026-10-01T11:59:32.191,709.322,0,794.0,34,,96.969,19.608,0.5,-0.781,1.002,0.999,-0.023,3800,14.51,12.157,0,,,13.281,,,,,,,,,,
2026-10-01T11:59:32.321,709.451,0,792.25,34,,96.906,20.0,-1.0,-1.562,1.002,0.998,-0.023,3790,14.51,12.157,0,,,,12.675,,,,,,,,,
2026-10-01T11:59:32.451,709.581,0,797.25,34,,96.938,20.0,-0.5,-1.562,1.002,0.998,-0.023,3790,14.51,12.157,0,,,,,97,,,,,,,,
2026-10-01T11:59:32.581,709.712,0,794.0,34,,97.0,20.0,-0.5,-1.562,1.002,0.997,-0.027,3790,14.51,12.157,0,,,,,,32,,,,,,,
2026-10-01T11:59:32.712,709.842,0,792.0,34,,96.969,20.0,-1.0,-1.562,1.002,0.997,-0.027,3780,14.51,12.157,0,,,,,,,100.0,,,,,,
2026-10-01T11:59:32.841,709.971,0,797.0,34,,96.969,19.608,-1.0,-1.562,1.002,0.999,-0.023,3760,14.51,12.157,0,,,,,,,,422.6,,,,,
2026-10-01T11:59:32.972,710.102,0,796.75,34,,96.969,20.0,0.0,-1.562,1.002,0.998,-0.023,3750,14.51,12.157,0,,,,,,,,,0.785,,,,
2026-10-01T11:59:33.102,710.232,0,791.0,34,,96.938,19.608,-1.0,-1.562,1.002,0.998,-0.023,3740,14.51,12.157,0,,,,,,,,,,,0.781,,
2026-10-01T11:59:33.232,710.362,0,789.25,34,,96.969,19.608,-0.5,-1.562,1.002,0.999,-0.023,3720,14.51,12.157,0,,,,,,,,,,,,20.784,
2026-10-01T11:59:33.361,710.491,0,789.0,34,,96.969,20.0,0.5,-1.562,1.002,0.999,-0.023,3710,14.51,12.157,0,,,,,,,,,,,,,743
2026-10-01T11:59:33.491,710.621,0,796.75,34,,96.938,20.0,0.0,-1.562,1.002,1.0,-0.02,3710,14.51,12.157,0,106,,,,,,,,,,,,
2026-10-01T11:59:33.621,710.751,0,792.75,34,,96.969,20.0,-1.0,-1.562,1.002,1.0,-0.02,3710,14.51,12.157,0,,74,,,,,,,,,,,
2026-10-01T11:59:33.751,710.881,0,793.25,34,,96.938,20.0,0.5,-1.562,1.002,1.0,-0.02,3710,14.51,12.157,0,,,13.281,,,,,,,,,,
2026-10-01T11:59:33.881,711.011,0,789.5,34,,96.938,20.0,1.0,-1.562,1.002,1.0,-0.02,3720,14.51,12.157,0,,,,12.675,,,,,,,,,
2026-10-01T11:59:34.012,711.142,0,788.0,34,,96.969,20.0,0.0,-0.781,1.002,1.003,-0.016,3730,14.51,12.157,0,,,,,97,,,,,,,,
2026-10-01T11:59:34.142,711.272,0,790.25,34,,96.969,20.0,-0.5,-1.562,1.002,1.003,-0.016,3730,14.51,12.157,0,,,,,,32,,,,,,,
2026-10-01T11:59:34.272,711.402,0,796.75,34,,97.031,20.0,1.0,-0.781,1.002,1.002,-0.02,3730,14.51,12.157,0,,,,,,,100.0,,,,,,
2026-10-01T11:59:34.402,711.532,0,790.25,34,,97.0,20.0,-0.5,-1.562,1.002,1.002,-0.02,3740,14.51,12.157,0,,,,,,,,422.6,,,,,
2026-10-01T11:59:34.531,711.661,0,792.75,34,,96.938,20.0,-0.5,-0.781,1.002,1.001,-0.02,3730,14.51,12.157,0,,,,,,,,,0.785,,,,
2026-10-01T11:59:34.661,711.791,0,795.5,34,,97.0,20.0,0.5,-0.781,1.002,1.005,-0.016,3730,14.51,12.157,0,,,,,,,,,,,0.781,,
2026-10-01T11:59:34.792,711.922,0,798.25,34,,96.906,20.0,-0.5,-0.781,1.002,1.006,-0.016,3730,14.51,12.157,0,,,,,,,,,,,,20.784,
2026-10-01T11:59:34.922,712.052,0,796.25,34,,96.938,20.0,-1.0,-0.781,1.002,1.005,-0.016,3740,14.51,12.157,0,,,,,,,,,,,,,744
2026-10-01T11:59:35.052,712.182,0,795.0,34,,97.0,20.0,-1.0,-0.781,1.002,1.007,-0.012,3740,14.51,12.157,0,106,,,,,,,,,,,,
2026-10-01T11:59:35.181,712.312,0,793.25,35,,97.0,20.0,1.0,-0.781,1.002,1.006,-0.016,3740,14.51,12.157,0,,74,,,,,,,,,,,
2026-10-01T11:59:35.312,712.442,0,797.0,34,,97.0,20.0,-0.5,-0.781,1.002,1.004,-0.016,3730,14.51,12.157,0,,,13.281,,,,,,,,,,
2026-10-01T11:59:35.441,712.572,0,791.5,34,,96.969,20.0,-1.0,-0.781,1.002,1.003,-0.016,3730,14.51,12.157,0,,,,12.734,,,,,,,,,
2026-10-01T11:59:35.572,712.702,0,794.75,34,,96.938,19.608,0.5,-0.781,1.002,0.999,-0.02,3740,14.51,12.157,0,,,,,97,,,,,,,,
2026-10-01T11:59:35.701,712.831,0,790.75,35,,96.906,20.0,-0.5,-0.781,1.002,0.999,-0.023,3750,14.51,12.157,0,,,,,,32,,,,,,,
2026-10-01T11:59:35.831,712.962,0,795.75,35,,96.906,20.0,-0.5,-0.781,1.002,0.999,-0.023,3760,14.51,12.157,0,,,,,,,100.0,,,,,,
2026-10-01T11:59:35.962,713.092,0,793.25,35,,96.969,20.0,-1.0,-0.781,1.002,1.0,-0.02,3770,14.51,12.157,0,,,,,,,,422.6,,,,,
2026-10-01T11:59:36.092,713.222,0,799.5,35,,96.938,20.0,0.5,-0.781,1.002,0.999,-0.023,3790,14.51,12.157,0,,,,,,,,,0.785,,,,
2026-10-01T11:59:36.222,713.352,0,789.75,35,,96.938,20.0,-1.0,-0.781,1.002,0.998,-0.023,3810,14.51,12.157,0,,,,,,,,,,,0.781,,
2026-10-01T11:59:36.352,713.482,0,792.5,35,,96.969,20.0,-1.5,-1.562,1.002,0.997,-0.027,3800,14.51,12.157,0,,,,,,,,,,,,20.784,
2026-10-01T11:59:36.481,713.612,0,797.25,35,,96.938,20.0,-2.0,-1.562,1.002,0.998,-0.027,3830,14.51,12.157,0,,,,,,,,,,,,,746
2026-10-01T11:59:36.611,713.742,0,800.0,34,,97.0,20.0,-2.0,-0.781,1.002,0.998,-0.023,3840,14.51,12.157,0,106,,,,,,,,,,,,
2026-10-01T11:59:36.742,713.872,0,793.5,35,,96.938,20.0,-1.0,-1.562,1.002,0.998,-0.023,3830,14.51,12.157,0,,74,,,,,,,,,,,
2026-10-01T11:59:36.872,714.002,0,796.25,35,,96.969,20.0,0.5,-1.562,1.002,0.997,-0.027,3830,14.51,12.157,0,,,13.281,,,,,,,,,,
2026-10-01T11:59:37.002,714.132,0,793.0,35,,96.969,20.0,-1.0,-1.562,1.002,0.996,-0.027,3830,14.51,12.157,0,,,,12.714,,,,,,,,,
2026-10-01T11:59:37.132,714.262,0,797.25,35,,97.062,20.0,-1.0,-1.562,1.002,0.995,-0.031,3810,14.51,12.157,0,,,,,97,,,,,,,,
2026-10-01T11:59:37.262,714.392,0,794.5,34,,97.062,20.0,-2.5,-1.562,1.002,0.993,-0.039,3820,14.51,12.157,0,,,,,,32,,,,,,,
2026-10-01T11:59:37.392,714.522,0,793.75,34,,97.0,20.0,-1.5,-1.562,1.002,0.993,-0.035,3820,14.51,12.157,0,,,,,,,100.0,,,,,,
2026-10-01T11:59:37.522,714.652,0,799.75,34,,97.094,20.0,-1.0,-1.562,1.002,0.993,-0.039,3810,14.51,12.157,0,,,,,,,,422.7,,,,,
2026-10-01T11:59:37.652,714.782,0,794.75,34,,97.031,20.0,0.0,-1.562,1.002,0.996,-0.031,3810,14.51,12.157,0,,,,,,,,,0.785,,,,
2026-10-01T11:59:37.782,714.912,0,797.25,34,,97.0,20.0,-0.5,-1.562,1.002,0.998,-0.023,3810,14.51,12.157,0,,,,,,,,,,,0.781,,
2026-10-01T11:59:37.912,715.042,0,793.25,34,,96.969,20.0,-1.5,-1.562,1.002,0.998,-0.023,3800,14.51,12.157,0,,,,,,,,,,,,20.784,
2026-10-01T11:59:38.041,715.171,0,799.5,34,,97.062,20.0,-1.0,-1.562,1.002,0.998,-0.023,3790,14.51,12.157,0,,,,,,,,,,,,,747
2026-10-01T11:59:38.171,715.301,0,793.75,34,,97.0,20.0,-1.0,-1.562,1.002,0.998,-0.023,3780,14.51,12.157,0,106,,,,,,,,,,,,
2026-10-01T11:59:38.301,715.432,0,795.5,34,,97.031,20.392,-1.5,-1.562,1.002,0.998,-0.027,3750,14.51,12.157,0,,74,,,,,,,,,,,
2026-10-01T11:59:38.432,715.562,0,794.5,34,,97.062,20.0,-1.0,-1.562,1.002,0.998,-0.023,3750,14.51,12.157,0,,,13.281,,,,,,,,,,
2026-10-01T11:59:38.562,715.692,0,795.75,34,,97.0,20.0,-1.0,-1.562,1.002,0.998,-0.023,3740,14.51,12.157,0,,,,12.714,,,,,,,,,
2026-10-01T11:59:38.692,715.822,0,795.25,34,,96.969,20.0,-0.5,-1.562,1.002,0.999,-0.023,3730,14.51,12.157,0,,,,,97,,,,,,,,
2026-10-01T11:59:38.821,715.952,0,793.5,34,,97.0,20.0,-1.0,-1.562,1.002,1.001,-0.02,3720,14.51,12.157,0,,,,,,32,,,,,,,
2026-10-01T11:59:38.951,716.081,0,793.25,34,,97.062,20.0,-0.5,-1.562,1.002,1.005,-0.016,3740,14.51,12.157,0,,,,,,,100.0,,,,,,
2026-10-01T11:59:39.081,716.211,0,799.75,34,,97.0,20.0,-1.0,-1.562,1.002,1.004,-0.016,3740,14.51,12.157,0,,,,,,,,422.8,,,,,
2026-10-01T11:59:39.212,716.342,0,799.5,34,,96.969,20.392,-0.5,-1.562,1.002,1.008,-0.012,3730,14.51,12.157,0,,,,,,,,,0.785,,,,
2026-10-01T11:59:39.341,716.471,0,790.75,35,,96.938,20.392,-1.0,-1.562,1.002,1.006,-0.016,3740,14.51,12.157,0,,,,,,,,,,,0.781,,
2026-10-01T11:59:39.471,716.602,0,798.0,35,,96.906,20.392,-1.0,-0.781,1.002,1.005,-0.016,3760,14.51,12.157,0,,,,,,,,,,,,21.176,
2026-10-01T11:59:39.602,716.732,0,796.75,35,,96.969,20.392,-2.5,-0.781,1.002,1.008,-0.012,3780,14.51,12.157,0,,,,,,,,,,,,,749
2026-10-01T11:59:39.732,716.862,0,794.75,35,,97.0,20.392,-2.5,-0.781,1.002,1.009,-0.012,3790,14.51,12.157,0,106,,,,,,,,,,,,
2026-10-01T11:59:39.862,716.992,0,796.75,35,,97.0,20.0,0.0,-0.781,1.002,1.009,-0.012,3790,14.51,12.157,0,,74,,,,,,,,,,,
2026-10-01T11:59:39.992,717.122,0,794.75,35,,96.938,20.392,0.0,-0.781,1.002,1.009,-0.012,3790,14.51,12.157,0,,,13.281,,,,,,,,,,
2026-10-01T11:59:40.121,717.251,0,790.75,35,,96.938,20.392,-2.0,-0.781,1.002,1.007,-0.012,3780,14.51,12.157,0,,,,12.714,,,,,,,,,
2026-10-01T11:59:40.251,717.382,0,795.75,35,,96.938,20.0,-0.5,-0.781,1.002,1.005,-0.016,3750,14.51,12.157,0,,,,,97,,,,,,,,
2026-10-01T11:59:40.381,717.511,0,793.5,35,,96.906,20.392,-0.5,-0.781,1.002,1.005,-0.016,3770,14.51,12.157,0,,,,,,32,,,,,,,
2026-10-01T11:59:40.512,717.642,0,792.0,35,,96.938,20.0,-1.0,-0.781,1.002,1.005,-0.016,3750,14.51,12.157,0,,,,,,,100.0,,,,,,
2026-10-01T11:59:40.642,717.772,0,797.5,34,,96.938,20.0,-0.5,-0.781,1.002,1.004,-0.016,3760,14.51,12.157,0,,,,,,,,422.9,,,,,
2026-10-01T11:59:40.772,717.902,0,795.5,35,,96.906,20.0,-0.5,-0.781,1.002,1.006,-0.016,3770,14.51,12.157,0,,,,,,,,,0.785,,,,
2026-10-01T11:59:40.902,718.032,0,791.75,35,,96.938,20.0,0.0,-0.781,1.002,1.007,-0.012,3770,14.51,12.157,0,,,,,,,,,,,0.781,,
2026-10-01T11:59:41.032,718.162,0,793.75,35,,96.969,20.392,-1.5,-0.781,1.002,1.011,-0.008,3770,14.51,12.157,0,,,,,,,,,,,,20.784,
2026-10-01T11:59:41.162,718.292,0,794.75,35,,96.938,20.392,-1.5,-0.781,1.002,1.01,-0.012,3790,14.51,12.157,0,,,,,,,,,,,,,750
2026-10-01T11:59:41.291,718.421,0,797.75,35,,97.0,20.392,-1.0,-0.781,1.002,1.008,-0.012,3800,14.51,12.157,0,106,,,,,,,,,,,,
2026-10-01T11:59:41.422,718.552,0,793.0,35,,96.969,20.392,-2.0,-0.781,1.002,1.004,-0.016,3800,14.51,12.157,0,,74,,,,,,,,,,,
2026-10-01T11:59:41.552,718.682,0,798.25,35,,97.0,20.392,-1.0,-0.781,1.002,1.0,-0.02,3830,14.51,12.157,0,,,12.5,,,,,,,,,,
2026-10-01T11:59:41.681,718.811,0,791.75,35,,97.0,20.0,-1.0,-0.781,1.002,1.0,-0.02,3850,14.51,12.157,0,,,,12.636,,,,,,,,,
2026-10-01T11:59:41.812,718.942,0,790.75,35,,97.0,20.392,-2.0,-0.781,1.002,0.998,-0.023,3840,14.51,12.157,0,,,,,97,,,,,,,,
2026-10-01T11:59:41.941,719.071,0,799.0,35,,97.031,20.0,-1.5,-0.781,1.002,0.998,-0.023,3850,14.51,12.157,0,,,,,,32,,,,,,,
2026-10-01T11:59:42.072,719.202,0,799.5,35,,96.938,20.392,-1.5,-0.781,1.002,0.999,-0.023,3840,14.51,12.157,0,,,,,,,100.0,,,,,,
2026-10-01T11:59:42.201,719.331,0,798.25,35,,96.938,20.0,0.0,-0.781,1.002,0.999,-0.023,3840,14.51,12.157,0,,,,,,,,423.0,,,,,
2026-10-01T11:59:42.332,719.462,0,796.5,35,,96.969,20.0,-1.5,-0.781,1.002,1.0,-0.02,3850,14.51,12.157,0,,,,,,,,,0.785,,,,
2026-10-01T11:59:42.462,719.592,0,796.25,35,,96.969,20.0,-1.5,-0.781,1.002,1.003,-0.016,3860,14.51,12.157,0,,,,,,,,,,,0.781,,
2026-10-01T11:59:42.592,719.722,0,793.5,35,,96.969,20.392,-2.0,-0.781,1.002,1.004,-0.016,3840,14.51,12.157,0,,,,,,,,,,,,21.176,
2026-10-01T11:59:42.721,719.852,0,796.5,35,,97.0,20.392,-1.0,-0.781,1.002,0.999,-0.023,3820,14.51,12.157,0,,,,,,,,,,,,,752
2026-10-01T11:59:42.851,719.981,0,795.75,35,,97.094,20.0,-1.0,-0.781,1.002,0.999,-0.023,3820,14.51,12.157,0,106,,,,,,,,,,,,
2026-10-01T11:59:42.981,720.111,0,793.0,35,,97.0,20.392,-1.0,-0.781,1.002,0.999,-0.023,3830,14.51,12.157,0,,74,,,,,,,,,,,
2026-10-01T11:59:43.112,720.242,0,790.0,35,,96.969,20.0,-0.5,-0.781,1.002,0.999,-0.023,3800,14.51,12.157,0,,,13.281,,,,,,,,,,
2026-10-01T11:59:43.242,720.372,0,792.5,35,,97.0,20.392,-0.5,-0.781,1.002,1.002,-0.02,3810,14.51,12.157,0,,,,12.734,,,,,,,,,
2026-10-01T11:59:43.371,720.501,0,798.0,35,,96.969,20.392,-0.5,-0.781,1.002,1.003,-0.016,3790,14.51,12.157,0,,,,,97,,,,,,,,
2026-10-01T11:59:43.502,720.632,0,791.5,35,,96.969,20.392,-1.0,-0.781,1.002,0.999,-0.023,3780,14.51,12.157,0,,,,,,31,,,,,,,
2026-10-01T11:59:43.632,720.762,0,795.5,35,,96.938,20.392,-1.5,-0.781,1.002,0.999,-0.023,3760,14.51,12.157,0,,,,,,,100.0,,,,,,
2026-10-01T11:59:43.762,720.892,0,793.0,35,,96.969,20.392,-1.0,-0.781,1.002,0.998,-0.023,3760,14.51,12.157,0,,,,,,,,423.0,,,,,
2026-10-01T11:59:43.892,721.022,0,797.5,34,,96.938,20.0,-1.0,-0.781,1.002,0.997,-0.027,3730,14.51,12.157,0,,,,,,,,,0.785,,,,
2026-10-01T11:59:44.021,721.152,0,798.0,35,,96.938,20.0,-1.5,-0.781,1.002,0.998,-0.023,3730,14.51,12.157,0,,,,,,,,,,,0.781,,
2026-10-01T11:59:44.151,721.282,0,794.75,34,,96.969,20.392,-1.0,-0.781,1.002,0.998,-0.023,3730,14.51,12.157,0,,,,,,,,,,,,20.784,
2026-10-01T11:59:44.281,721.411,0,795.5,34,,96.938,20.0,-1.0,-0.781,1.002,0.998,-0.023,3750,14.51,12.157,0,,,,,,,,,,,,,754
2026-10-01T11:59:44.412,721.542,0,796.25,34,,97.0,20.392,-1.0,-0.781,1.002,0.998,-0.023,3740,14.51,12.157,0,106,,,,,,,,,,,,
2026-10-01T11:59:44.541,721.672,0,794.25,34,,97.0,20.0,-1.0,-0.781,1.002,0.998,-0.023,3760,14.51,12.157,0,,74,,,,,,,,,,,
2026-10-01T11:59:44.672,721.802,0,794.5,34,,96.938,20.392,-1.5,-0.781,1.002,0.997,-0.027,3750,14.51,12.157,0,,,13.281,,,,,,,,,,
2026-10-01T11:59:44.802,721.933,0,793.75,34,,96.906,20.0,-2.0,-0.781,1.002,0.998,-0.027,3750,14.51,12.157,0,,,,12.675,,,,,,,,,
2026-10-01T11:59:44.932,722.062,0,792.25,35,,96.906,20.392,-1.5,-0.781,1.002,0.997,-0.027,3750,14.51,12.157,0,,,,,97,,,,,,,,
2026-10-01T11:59:45.061,722.191,0,796.0,35,,96.938,20.0,0.0,-0.781,1.002,0.999,-0.023,3760,14.51,12.157,0,,,,,,31,,,,,,,
2026-10-01T11:59:45.192,722.322,0,799.25,35,,96.969,20.392,-0.5,-0.781,1.002,0.999,-0.023,3760,14.51,12.157,0,,,,,,,100.0,,,,,,
2026-10-01T11:59:45.322,722.452,0,794.5,35,,96.938,20.0,-2.5,-0.781,1.002,0.999,-0.023,3760,14.51,12.157,0,,,,,,,,423.1,,,,,
2026-10-01T11:59:45.451,722.581,0,795.75,35,,97.0,20.0,-1.5,-0.781,1.002,1.0,-0.02,3760,14.51,12.157,0,,,,,,,,,0.785,,,,
2026-10-01T11:59:45.581,722.711,0,799.5,35,,96.938,20.392,-1.0,-0.781,1.002,0.999,-0.02,3780,14.51,12.157,0,,,,,,,,,,,0.781,,
2026-10-01T11:59:45.712,722.842,0,797.5,35,,96.938,20.0,-1.5,-0.781,1.002,0.999,-0.023,3770,14.51,12.157,0,,,,,,,,,,,,20.784,
2026-10-01T11:59:45.842,722.972,0,796.75,35,,96.969,20.0,-0.5,-0.781,1.002,0.998,-0.023,3770,14.51,12.157,0,,,,,,,,,,,,,755
2026-10-01T11:59:45.971,723.101,0,791.5,35,,96.938,20.392,-0.5,-0.781,1.002,0.999,-0.023,3780,14.51,12.157,0,106,,,,,,,,,,,,
2026-10-01T11:59:46.102,723.232,0,793.75,35,,96.969,20.392,-1.0,-0.781,1.002,0.999,-0.023,3800,14.51,12.157,0,,74,,,,,,,,,,,
2026-10-01T11:59:46.232,723.362,0,792.75,35,,97.0,20.392,0.5,-0.781,1.002,0.999,-0.023,3810,14.51,12.157,0,,,13.281,,,,,,,,,,
2026-10-01T11:59:46.362,723.492,0,797.5,35,,96.938,20.392,-1.0,-0.781,1.002,1.002,-0.02,3830,14.51,12.157,0,,,,12.636,,,,,,,,,
2026-10-01T11:59:46.491,723.621,0,796.75,35,,97.0,20.0,-2.5,-0.781,1.001,1.0,-0.02,3830,14.51,12.157,0,,,,,97,,,,,,,,
2026-10-01T11:59:46.621,723.752,0,794.5,35,,96.969,20.392,-1.5,-0.781,1.001,1.0,-0.02,3850,14.51,12.157,0,,,,,,31,,,,,,,
2026-10-01T11:59:46.751,723.881,0,800.75,35,,97.0,20.392,-2.5,-0.781,1.002,0.998,-0.023,3860,14.51,12.157,0,,,,,,,100.0,,,,,,
2026-10-01T11:59:46.881,724.012,0,794.0,35,,96.969,20.392,-1.0,-0.781,1.002,0.999,-0.023,3850,14.51,12.157,0,,,,,,,,423.2,,,,,
2026-10-01T11:59:47.011,724.141,0,798.25,35,,97.0,20.392,-2.0,-0.781,1.002,1.0,-0.02,3850,14.51,12.157,0,,,,,,,,,0.785,,,,
2026-10-01T11:59:47.141,724.271,0,796.75,35,,97.031,20.0,-1.0,-0.781,1.002,0.999,-0.023,3840,14.51,12.157,0,,,,,,,,,,,0.781,,
2026-10-01T11:59:47.272,724.402,0,798.0,35,,97.0,20.392,-1.0,-0.781,1.002,1.0,-0.02,3850,14.51,12.157,0,,,,,,,,,,,,20.784,
2026-10-01T11:59:47.402,724.532,0,794.5,35,,97.062,20.0,-2.0,-0.781,1.001,0.999,-0.023,3850,14.51,12.157,0,,,,,,,,,,,,,757
2026-10-01T11:59:47.532,724.662,0,796.25,35,,97.0,20.392,-1.0,-0.781,1.002,1.0,-0.02,3830,14.51,12.157,0,106,,,,,,,,,,,,
2026-10-01T11:59:47.661,724.791,0,792.75,35,,96.969,20.0,-1.5,-0.781,1.002,1.003,-0.016,3820,14.51,12.157,0,,74,,,,,,,,,,,
2026-10-01T11:59:47.791,724.922,0,796.75,34,,97.0,20.0,-0.5,-0.781,1.002,1.004,-0.016,3820,14.51,12.157,0,,,12.5,,,,,,,,,,
2026-10-01T11:59:47.921,725.051,0,797.25,35,,97.062,20.392,-1.5,-0.781,1.002,1.005,-0.016,3820,14.51,12.157,0,,,,12.753,,,,,,,,,
2026-10-01T11:59:48.051,725.182,0,799.25,35,,97.0,20.392,-1.5,-0.781,1.002,1.005,-0.016,3810,14.51,12.157,0,,,,,97,,,,,,,,
2026-10-01T11:59:48.181,725.311,0,794.25,35,,97.031,20.392,-2.5,-0.781,1.002,1.003,-0.016,3830,14.51,12.157,0,,,,,,31,,,,,,,
2026-10-01T11:59:48.312,725.442,0,797.5,35,,97.0,20.0,-2.5,-0.781,1.001,0.999,-0.023,3810,14.51,12.157,0,,,,,,,100.0,,,,,,
2026-10-01T11:59:48.442,725.572,0,796.25,34,,97.0,20.0,-1.5,-0.781,1.001,0.998,-0.023,3800,14.51,12.157,0,,,,,,,,423.3,,,,,
2026-10-01T11:59:48.571,725.701,0,801.5,35,,97.031,20.0,-2.0,-0.781,1.001,0.998,-0.023,3780,14.51,12.157,0,,,,,,,,,0.785,,,,
2026-10-01T11:59:48.711,725.842,0,789.0,34,,97.031,20.0,-0.5,-0.781,1.001,1.0,-0.02,3760,14.51,12.157,0,,,,,,,,,,,0.781,,
2026-10-01T11:59:48.841,725.971,0,799.0,35,,97.0,20.392,-2.0,-0.781,1.001,1.001,-0.02,3760,14.51,12.157,0,,,,,,,,,,,,21.176,
2026-10-01T11:59:48.971,726.101,0,795.25,35,,97.062,20.392,-1.0,-0.781,1.001,1.002,-0.02,3770,14.51,12.157,0,,,,,,,,,,,,,758
2026-10-01T11:59:49.101,726.231,0,792.75,35,,97.062,20.392,-0.5,-0.781,1.001,1.003,-0.016,3770,14.51,12.157,0,106,,,,,,,,,,,,
2026-10-01T11:59:49.232,726.362,0,789.5,35,,97.0,20.392,-1.0,-0.781,1.001,1.005,-0.016,3770,14.51,12.157,0,,74,,,,,,,,,,,
2026-10-01T11:59:49.362,726.492,0,797.0,35,,97.062,20.392,-1.5,-0.781,1.001,1.007,-0.012,3770,14.51,12.157,0,,,12.5,,,,,,,,,,
2026-10-01T11:59:49.492,726.622,0,800.0,35,,97.0,20.392,-0.5,-0.781,1.001,1.005,-0.016,3780,14.51,12.157,0,,,,12.597,,,,,,,,,
2026-10-01T11:59:49.621,726.751,0,798.75,35,,96.969,20.392,-1.5,-0.781,1.001,1.005,-0.016,3770,14.51,12.157,0,,,,,97,,,,,,,,
2026-10-01T11:59:49.751,726.881,0,797.5,35,,97.0,20.0,-1.5,-0.781,1.001,1.006,-0.016,3770,14.51,12.157,0,,,,,,31,,,,,,,
2026-10-01T11:59:49.881,727.011,0,795.25,35,,97.0,20.392,0.5,-0.781,1.001,1.008,-0.012,3780,14.51,12.157,0,,,,,,,100.0,,,,,,
2026-10-01T11:59:50.011,727.141,0,796.5,35,,96.969,20.0,-1.0,0.0,1.001,1.007,-0.012,3790,14.51,12.157,0,,,,,,,,423.3,,,,,
2026-10-01T11:59:50.141,727.271,0,794.75,35,,97.0,20.392,0.5,0.0,1.001,1.005,-0.016,3800,14.51,12.157,0,,,,,,,,,0.78,,,,
2026-10-01T11:59:50.271,727.401,0,795.75,35,,97.0,20.0,0.0,0.0,1.001,1.009,-0.012,3790,14.51,12.157,0,,,,,,,,,,,0.781,,
2026-10-01T11:59:50.402,727.532,0,793.25,35,,97.0,20.392,-1.0,0.0,1.001,1.007,-0.012,3780,14.51,12.157,0,,,,,,,,,,,,21.176,
2026-10-01T11:59:50.531,727.661,0,791.75,35,,97.031,20.392,-2.0,0.0,1.001,1.007,-0.012,3780,14.51,12.157,0,,,,,,,,,,,,,760
2026-10-01T11:59:50.662,727.792,0,798.75,35,,96.938,20.0,-1.0,0.0,1.001,1.006,-0.016,3780,14.51,12.157,0,106,,,,,,,,,,,,
2026-10-01T11:59:50.792,727.922,0,796.5,35,,97.0,20.392,-2.0,0.0,1.001,1.005,-0.016,3790,14.51,12.157,0,,74,,,,,,,,,,,
2026-10-01T11:59:50.921,728.051,0,801.25,35,,96.969,20.392,-1.0,0.0,1.001,1.0,-0.02,3790,14.51,12.157,0,,,13.281,,,,,,,,,,
2026-10-01T11:59:51.051,728.181,0,799.0,35,,96.938,20.392,-1.0,-0.781,1.001,0.999,-0.023,3800,14.51,12.157,0,,,,12.734,,,,,,,,,
2026-10-01T11:59:51.181,728.311,0,798.25,35,,97.0,20.392,-1.5,-0.781,1.001,0.999,-0.023,3800,14.51,12.157,0,,,,,97,,,,,,,,
2026-10-01T11:59:51.311,728.441,0,801.75,35,,96.969,20.392,-1.0,-0.781,1.001,0.998,-0.023,3790,14.51,12.157,0,,,,,,31,,,,,,,
2026-10-01T11:59:51.441,728.571,0,794.25,35,,96.938,20.392,-1.5,-0.781,1.001,0.998,-0.023,3790,14.51,12.157,0,,,,,,,100.0,,,,,,
2026-10-01T11:59:51.571,728.701,0,794.5,35,,96.969,20.392,-2.0,-0.781,1.001,0.998,-0.027,3800,14.51,12.157,0,,,,,,,,423.5,,,,,
2026-10-01T11:59:51.701,728.831,0,798.5,35,,97.0,20.392,-2.0,-0.781,1.001,0.997,-0.027,3810,14.51,12.157,0,,,,,,,,,0.785,,,,
2026-10-01T11:59:51.832,728.962,0,798.0,35,,97.0,20.392,-2.0,-0.781,1.001,0.998,-0.027,3800,14.51,12.157,0,,,,,,,,,,,0.781,,
2026-10-01T11:59:51.961,729.092,0,794.0,35,,96.969,20.392,-0.5,-0.781,1.001,0.997,-0.027,3800,14.51,12.157,0,,,,,,,,,,,,20.784,
2026-10-01T11:59:52.092,729.222,0,792.5,35,,96.938,20.392,-0.5,-0.781,1.001,0.999,-0.023,3810,14.51,12.157,0,,,,,,,,,,,,,761
2026-10-01T11:59:52.221,729.351,0,797.25,35,,96.969,20.392,-0.5,-0.781,1.001,0.998,-0.027,3800,14.51,12.157,0,106,,,,,,,,,,,,
2026-10-01T11:59:52.351,729.481,0,799.75,35,,96.969,20.392,-0.5,-0.781,1.001,0.997,-0.027,3810,14.51,12.157,0,,74,,,,,,,,,,,
2026-10-01T11:59:52.481,729.611,0,795.25,35,,96.906,20.392,-2.5,-0.781,1.001,0.996,-0.031,3810,14.51,12.157,0,,,12.5,,,,,,,,,,
2026-10-01T11:59:52.611,729.741,0,799.0,35,,96.969,20.392,-2.5,-0.781,1.001,0.995,-0.031,3820,14.51,12.157,0,,,,12.578,,,,,,,,,
2026-10-01T11:59:52.741,729.871,0,791.5,35,,97.062,20.392,-0.5,-0.781,1.001,0.995,-0.031,3820,14.51,12.157,0,,,,,97,,,,,,,,
2026-10-01T11:59:52.871,730.001,0,796.5,35,,97.0,20.392,-1.0,-0.781,1.001,0.996,-0.027,3840,14.51,12.157,0,,,,,,31,,,,,,,
2026-10-01T11:59:53.001,730.131,0,799.0,35,,97.062,20.392,-2.0,-0.781,1.001,0.998,-0.023,3850,14.51,12.157,0,,,,,,,100.0,,,,,,
2026-10-01T11:59:53.131,730.261,0,795.5,35,,97.062,20.392,-1.0,-0.781,1.001,0.999,-0.023,3850,14.51,12.157,0,,,,,,,,423.5,,,,,
2026-10-01T11:59:53.261,730.391,0,793.75,35,,97.0,20.392,-1.0,-0.781,1.001,1.001,-0.02,3840,14.51,12.157,0,,,,,,,,,0.78,,,,
2026-10-01T11:59:53.392,730.522,0,797.25,35,,96.969,20.392,-0.5,-0.781,1.001,1.003,-0.016,3840,14.51,12.157,0,,,,,,,,,,,0.781,,
2026-10-01T11:59:53.522,730.652,0,798.5,35,,96.938,20.392,-1.0,-0.781,1.001,1.004,-0.016,3840,14.51,12.157,0,,,,,,,,,,,,21.176,
2026-10-01T11:59:53.651,730.781,0,797.0,35,,96.938,20.392,-1.0,-0.781,1.001,1.003,-0.016,3840,14.51,12.157,0,,,,,,,,,,,,,763
2026-10-01T11:59:53.792,730.922,0,798.75,35,,96.969,20.392,-1.5,-0.781,1.001,1.0,-0.02,3850,14.51,12.157,0,106,,,,,,,,,,,,
2026-10-01T11:59:53.921,731.051,0,799.0,35,,97.062,20.784,-1.5,-0.781,1.001,0.999,-0.023,3840,14.51,12.157,0,,74,,,,,,,,,,,
2026-10-01T11:59:54.051,731.181,0,796.25,35,,97.0,20.392,-1.5,-0.781,1.001,1.0,-0.02,3840,14.51,12.157,0,,,13.281,,,,,,,,,,
2026-10-01T11:59:54.182,731.312,0,799.25,35,,96.969,20.392,-0.5,-0.781,1.001,1.002,-0.02,3820,14.51,12.157,0,,,,12.675,,,,,,,,,
2026-10-01T11:59:54.312,731.442,0,799.5,35,,97.031,20.392,-2.0,-0.781,1.001,1.003,-0.016,3830,14.51,12.157,0,,,,,97,,,,,,,,
2026-10-01T11:59:54.441,731.571,0,794.75,35,,96.969,20.392,-2.5,-0.781,1.001,1.002,-0.02,3820,14.51,12.157,0,,,,,,31,,,,,,,
2026-10-01T11:59:54.571,731.701,0,793.75,35,,97.062,20.392,-1.0,-0.781,1.001,1.001,-0.02,3830,14.51,12.157,0,,,,,,,100.0,,,,,,
2026-10-01T11:59:54.701,731.831,0,796.75,35,,97.0,20.392,0.0,-0.781,1.001,1.001,-0.02,3830,14.51,12.157,0,,,,,,,,423.6,,,,,
2026-10-01T11:59:54.831,731.961,0,795.75,35,,97.031,20.392,-1.0,0.0,1.001,1.004,-0.016,3820,14.51,12.157,0,,,,,,,,,0.78,,,,
2026-10-01T11:59:54.961,732.091,0,791.25,35,,97.0,20.392,-1.0,-0.781,1.001,1.002,-0.02,3810,14.51,12.157,0,,,,,,,,,,,0.781,,
2026-10-01T11:59:55.091,732.221,0,797.5,35,,97.0,20.392,-0.5,-0.781,1.001,0.999,-0.023,3800,14.51,12.157,0,,,,,,,,,,,,21.176,
2026-10-01T11:59:55.221,732.351,0,798.25,35,,96.969,20.392,-1.0,-0.781,1.001,0.999,-0.02,3780,14.51,12.157,0,,,,,,,,,,,,,765
2026-10-01T11:59:55.352,732.482,0,794.5,35,,97.0,20.392,-0.5,-0.781,1.001,0.999,-0.023,3760,14.51,12.157,0,106,,,,,,,,,,,,
2026-10-01T11:59:55.481,732.611,0,794.25,35,,96.969,20.392,0.5,-0.781,1.001,1.0,-0.02,3770,14.51,12.157,0,,74,,,,,,,,,,,
2026-10-01T11:59:55.611,732.741,0,790.5,35,,96.969,20.392,-1.0,-0.781,1.001,1.001,-0.02,3780,14.51,12.157,0,,,13.281,,,,,,,,,,
2026-10-01T11:59:55.741,732.871,0,793.5,35,,96.969,20.392,-1.0,0.0,1.001,1.003,-0.016,3780,14.51,12.157,0,,,,12.656,,,,,,,,,
2026-10-01T11:59:55.871,733.001,0,798.75,35,,96.938,20.392,-0.5,0.0,1.001,1.005,-0.016,3800,14.51,12.157,0,,,,,97,,,,,,,,
2026-10-01T11:59:56.001,733.131,0,796.5,35,,96.969,20.392,-1.5,0.0,1.001,1.002,-0.02,3800,14.51,12.157,0,,,,,,31,,,,,,,
2026-10-01T11:59:56.131,733.261,0,795.75,35,,96.938,20.392,-1.0,0.0,1.001,1.003,-0.016,3790,14.51,12.157,0,,,,,,,100.0,,,,,,
2026-10-01T11:59:56.261,733.391,0,791.5,35,,96.938,20.392,-0.5,0.0,1.001,1.002,-0.02,3780,14.51,12.157,0,,,,,,,,423.7,,,,,
2026-10-01T11:59:56.391,733.521,0,793.5,35,,96.938,20.392,-0.5,0.0,1.001,1.005,-0.016,3780,14.51,12.157,0,,,,,,,,,0.78,,,,
2026-10-01T11:59:56.522,733.652,0,799.0,35,,96.906,20.392,-1.0,0.0,1.001,1.005,-0.016,3780,14.51,12.157,0,,,,,,,,,,,0.781,,
2026-10-01T11:59:56.651,733.782,0,795.75,35,,96.969,20.784,-1.0,0.0,1.001,1.004,-0.016,3790,14.51,12.157,0,,,,,,,,,,,,21.176,
2026-10-01T11:59:56.781,733.911,0,793.0,35,,96.969,20.784,-1.0,0.0,1.001,1.007,-0.012,3800,14.51,12.157,0,,,,,,,,,,,,,766
2026-10-01T11:59:56.911,734.041,0,792.0,35,,96.969,20.392,-1.0,0.0,1.001,1.006,-0.016,3800,14.51,12.157,0,106,,,,,,,,,,,,
2026-10-01T11:59:57.041,734.171,0,799.0,35,,96.969,20.392,-0.5,0.0,1.001,1.004,-0.016,3790,14.51,12.157,0,,74,,,,,,,,,,,
2026-10-01T11:59:57.171,734.301,0,800.0,35,,96.938,20.392,-1.0,0.0,1.001,1.0,-0.02,3800,14.51,12.157,0,,,12.5,,,,,,,,,,
2026-10-01T11:59:57.301,734.431,0,796.5,35,,97.0,20.392,-1.0,0.0,1.001,1.0,-0.02,3810,14.51,12.157,0,,,,12.734,,,,,,,,,
2026-10-01T11:59:57.431,734.561,0,799.75,35,,97.0,20.392,-1.5,0.0,1.001,1.0,-0.02,3840,14.51,12.157,0,,,,,97,,,,,,,,
2026-10-01T11:59:57.562,734.692,0,796.5,35,,96.906,20.392,-2.0,0.0,1.001,1.002,-0.02,3830,14.51,12.157,0,,,,,,31,,,,,,,
2026-10-01T11:59:57.691,734.821,0,797.25,35,,96.938,20.392,-1.0,0.0,1.001,1.0,-0.02,3850,14.51,12.157,0,,,,,,,100.0,,,,,,
2026-10-01T11:59:57.821,734.952,0,794.25,35,,96.969,20.392,-0.5,0.0,1.001,1.001,-0.02,3850,14.51,12.157,0,,,,,,,,423.8,,,,,
2026-10-01T11:59:57.952,735.082,0,794.25,35,,97.0,20.784,0.5,0.0,1.001,1.001,-0.02,3850,14.51,12.157,0,,,,,,,,,0.78,,,,
2026-10-01T11:59:58.081,735.211,0,796.25,35,,96.938,20.392,0.0,0.0,1.001,1.001,-0.02,3860,14.51,12.157,0,,,,,,,,,,,0.781,,
2026-10-01T11:59:58.211,735.341,0,793.5,35,,96.938,20.392,-1.0,0.0,1.001,1.002,-0.02,3870,14.51,12.157,0,,,,,,,,,,,,21.176,
2026-10-01T11:59:58.341,735.471,0,795.75,35,,96.969,20.392,-1.5,0.0,1.001,0.999,-0.023,3860,14.51,12.157,0,,,,,,,,,,,,,768
2026-10-01T11:59:58.471,735.601,0,797.75,35,,96.938,20.392,0.5,0.0,1.001,0.997,-0.027,3870,14.51,12.157,0,106,,,,,,,,,,,,
2026-10-01T11:59:58.601,735.731,0,797.5,35,,96.938,20.392,-1.0,0.0,1.001,0.998,-0.023,3870,14.51,12.157,0,,74,,,,,,,,,,,
2026-10-01T11:59:58.731,735.861,0,794.0,35,,97.0,20.784,-2.5,0.0,1.001,0.998,-0.023,3880,14.51,12.157,0,,,13.281,,,,,,,,,,
2026-10-01T11:59:58.861,735.991,0,799.5,35,,97.0,20.784,-1.0,0.0,1.001,0.999,-0.023,3890,14.51,12.157,0,,,,12.714,,,,,,,,,
2026-10-01T11:59:58.991,736.121,0,801.75,35,,96.938,20.784,-1.5,0.0,1.001,0.999,-0.023,3890,14.51,12.157,0,,,,,97,,,,,,,,
2026-10-01T11:59:59.122,736.252,0,797.0,35,,97.0,20.784,-3.0,0.0,1.001,0.999,-0.023,3890,14.51,12.157,0,,,,,,31,,,,,,,
2026-10-01T11:59:59.251,736.381,0,796.5,35,,96.969,20.784,-2.5,0.0,1.001,0.998,-0.023,3890,14.51,12.157,0,,,,,,,100.0,,,,,,
2026-10-01T11:59:59.381,736.511,0,801.25,35,,96.938,20.784,-2.5,0.0,1.001,0.998,-0.023,3890,14.51,12.157,0,,,,,,,,423.9,,,,,
2026-10-01T11:59:59.511,736.641,0,791.0,35,,97.0,20.784,-1.0,0.0,1.001,0.996,-0.027,3890,14.51,12.157,0,,,,,,,,,0.78,,,,
2026-10-01T11:59:59.641,736.771,0,790.0,35,,96.938,20.784,-1.5,-0.781,1.001,0.996,-0.031,3880,14.51,12.157,0,,,,,,,,,,,0.781,,
2026-10-01T11:59:59.771,736.901,0,799.25,35,,96.969,20.784,-2.0,-0.781,1.001,0.996,-0.031,3880,14.51,12.157,0,,,,,,,,,,,,21.569,
2026-10-01T11:59:59.901,737.031,0,799.0,35,,96.906,20.784,-2.5,-0.781,1.001,0.995,-0.031,3860,14.51,12.157,0,,,,,,,,,,,,,769
2026-10-01T12:00:00.031,737.161,0,799.0,35,,96.969,20.784,-1.5,-0.781,1.001,0.995,-0.031,3850,14.51,12.157,0,106,,,,,,,,,,,,
2026-10-01T12:00:00.161,737.291,0,801.0,35,,97.0,20.784,-1.0,-0.781,1.001,0.995,-0.035,3830,14.51,12.157,0,,74,,,,,,,,,,,
2026-10-01T12:00:00.291,737.421,0,802.0,35,,97.0,20.784,-1.0,-0.781,1.001,0.993,-0.035,3810,14.51,12.157,0,,,12.5,,,,,,,,,,
2026-10-01T12:00:00.421,737.551,0,792.5,35,,97.031,20.392,-2.0,-0.781,1.001,0.994,-0.035,3800,14.51,12.157,0,,,,12.695,,,,,,,,,
2026-10-01T12:00:00.552,737.682,0,795.75,35,,97.0,20.784,-2.5,-0.781,1.001,0.994,-0.035,3790,14.51,12.157,0,,,,,97,,,,,,,,
2026-10-01T12:00:00.682,737.812,0,791.75,35,,96.969,20.392,0.0,-0.781,1.001,0.995,-0.035,3800,14.51,12.157,0,,,,,,31,,,,,,,
2026-10-01T12:00:00.811,737.941,0,791.0,35,,97.0,20.784,-1.0,-0.781,1.001,0.997,-0.027,3800,14.51,12.157,0,,,,,,,100.0,,,,,,
2026-10-01T12:00:00.941,738.071,0,793.25,35,,96.938,20.784,0.0,-0.781,1.001,0.998,-0.023,3790,14.51,12.157,0,,,,,,,,424.0,,,,,
2026-10-01T12:00:01.071,738.201,0,790.5,35,,96.969,20.784,-1.0,-0.781,1.001,0.999,-0.023,3780,14.51,12.157,0,,,,,,,,,0.78,,,,
2026-10-01T12:00:01.201,738.331,0,793.0,35,,96.938,20.784,-1.0,-0.781,1.001,0.999,-0.023,3800,14.51,12.157,0,,,,,,,,,,,0.781,,
2026-10-01T12:00:01.331,738.461,0,798.5,35,,96.938,20.784,-1.0,-0.781,1.001,1.0,-0.02,3800,14.51,12.157,0,,,,,,,,,,,,21.569,
2026-10-01T12:00:01.461,738.591,0,800.5,35,,96.906,20.784,-1.0,-0.781,1.001,1.0,-0.02,3810,14.51,12.157,0,,,,,,,,,,,,,771
2026-10-01T12:00:01.591,738.722,0,793.75,35,,96.938,20.392,-1.5,-0.781,1.001,1.002,-0.02,3810,14.51,12.157,0,106,,,,,,,,,,,,
2026-10-01T12:00:01.722,738.852,0,797.25,35,,96.906,20.784,-1.0,-0.781,1.001,1.004,-0.016,3810,14.51,12.157,0,,74,,,,,,,,,,,
2026-10-01T12:00:01.851,738.981,0,798.25,35,,96.969,20.784,0.0,-0.781,1.001,1.004,-0.016,3800,14.51,12.157,0,,,13.281,,,,,,,,,,
2026-10-01T12:00:01.981,739.111,0,794.5,35,,96.969,20.784,-2.0,0.0,1.001,1.005,-0.016,3800,14.51,12.157,0,,,,12.656,,,,,,,,,
2026-10-01T12:00:02.111,739.241,0,795.25,35,,96.906,20.784,-2.5,0.0,1.001,1.006,-0.016,3830,14.51,12.157,0,,,,,97,,,,,,,,
2026-10-01T12:00:02.241,739.371,0,799.75,36,,96.906,20.784,-1.5,0.0,1.001,1.009,-0.012,3810,14.51,12.157,0,,,,,,31,,,,,,,
2026-10-01T12:00:02.371,739.501,0,797.75,36,,96.906,20.784,-1.0,0.0,1.001,1.009,-0.012,3830,14.51,12.157,0,,,,,,,100.0,,,,,,
2026-10-01T12:00:02.501,739.631,0,793.25,36,,96.938,20.784,-1.0,0.0,1.001,1.009,-0.012,3820,14.51,12.157,0,,,,,,,,424.1,,,,,
2026-10-01T12:00:02.631,739.761,0,793.25,36,,96.938,20.784,-1.0,0.0,1.001,1.009,-0.012,3820,14.51,12.157,0,,,,,,,,,0.78,,,,
2026-10-01T12:00:02.761,739.891,0,800.0,36,,96.906,20.784,-1.0,0.0,1.001,1.011,-0.008,3810,14.51,12.157,0,,,,,,,,,,,0.781,,
2026-10-01T12:00:02.891,740.021,0,797.25,36,,96.938,20.784,-1.5,0.0,1.001,1.011,-0.008,3850,14.51,12.157,0,,,,,,,,,,,,21.569,
2026-10-01T12:00:03.021,740.151,0,799.25,36,,96.906,20.784,-2.5,0.0,1.001,1.007,-0.012,3850,14.51,12.157,0,,,,,,,,,,,,,772
2026-10-01T12:00:03.152,740.282,0,798.0,36,,96.906,20.784,-2.5,0.0,1.001,1.009,-0.012,3850,14.51,12.157,0,106,,,,,,,,,,,,
2026-10-01T12:00:03.281,740.412,0,801.0,36,,96.906,20.392,0.0,0.0,1.001,1.005,-0.016,3850,14.51,12.157,0,,74,,,,,,,,,,,
2026-10-01T12:00:03.411,740.541,0,798.75,36,,96.938,20.784,-0.5,0.0,1.001,1.009,-0.012,3870,14.51,12.157,0,,,13.281,,,,,,,,,,
2026-10-01T12:00:03.541,740.671,0,792.5,36,,96.938,20.784,-1.0,0.0,1.001,1.008,-0.012,3880,14.51,12.157,0,,,,12.597,,,,,,,,,
2026-10-01T12:00:03.671,740.801,0,797.75,36,,96.969,21.176,-1.0,0.0,1.001,1.01,-0.012,3880,14.51,12.157,0,,,,,97,,,,,,,,
2026-10-01T12:00:03.801,740.931,0,790.0,36,,96.906,21.176,-1.0,0.0,1.001,1.011,-0.008,3890,14.51,12.157,0,,,,,,31,,,,,,,
2026-10-01T12:00:03.931,741.061,0,789.75,36,,96.938,20.784,-1.0,0.0,1.001,1.01,-0.012,3890,14.51,12.157,0,,,,,,,100.0,,,,,,
2026-10-01T12:00:04.061,741.191,0,797.75,36,,96.969,21.176,-1.0,0.0,1.001,1.009,-0.012,3880,14.51,12.157,0,,,,,,,,424.2,,,,,
2026-10-01T12:00:04.192,741.322,0,798.25,36,,96.906,21.176,-2.5,0.0,1.001,1.007,-0.012,3920,14.51,12.157,0,,,,,,,,,0.78,,,,
2026-10-01T12:00:04.321,741.451,0,797.75,36,,96.938,21.176,-3.0,0.0,1.001,1.004,-0.016,3920,14.51,12.157,0,,,,,,,,,,,0.781,,
2026-10-01T12:00:04.451,741.581,0,793.75,36,,96.969,21.176,-2.0,0.0,1.001,1.003,-0.016,3920,14.51,12.157,0,,,,,,,,,,,,21.569,
2026-10-01T12:00:04.582,741.712,0,799.25,35,,96.938,20.784,-1.0,0.0,1.001,1.001,-0.02,3890,14.51,12.157,0,,,,,,,,,,,,,774
2026-10-01T12:00:04.711,741.841,0,798.75,35,,97.062,20.392,-1.0,0.0,1.001,1.0,-0.02,3880,14.51,12.157,0,106,,,,,,,,,,,,
2026-10-01T12:00:04.841,741.971,0,791.25,35,,96.969,20.392,-1.0,0.0,1.001,0.999,-0.023,3860,14.51,12.157,0,,74,,,,,,,,,,,
2026-10-01T12:00:04.971,742.101,0,791.5,35,,97.0,20.392,0.0,0.0,1.001,0.999,-0.023,3850,14.51,12.157,0,,,12.5,,,,,,,,,,
2026-10-01T12:00:05.101,742.231,0,796.25,35,,96.938,20.392,-1.0,0.0,1.001,0.997,-0.027,3860,14.51,12.157,0,,,,12.734,,,,,,,,,
2026-10-01T12:00:05.231,742.361,0,795.25,35,,96.938,20.784,-1.5,0.0,1.001,0.994,-0.035,3860,14.51,12.157,0,,,,,97,,,,,,,,
2026-10-01T12:00:05.361,742.491,0,800.25,35,,97.031,20.784,-1.0,0.0,1.001,0.992,-0.039,3860,14.51,12.157,0,,,,,,31,,,,,,,
2026-10-01T12:00:05.491,742.621,0,797.5,36,,96.906,20.784,-2.5,0.0,1.001,0.991,-0.043,3850,14.51,12.157,0,,,,,,,100.0,,,,,,
2026-10-01T12:00:05.621,742.751,0,797.5,35,,96.906,20.784,-3.0,0.0,1.001,0.99,-0.043,3830,14.51,12.157,0,,,,,,,,424.3,,,,,
2026-10-01T12:00:05.751,742.881,0,800.25,35,,96.906,20.784,-2.0,0.0,1.001,0.991,-0.043,3830,14.51,12.157,0,,,,,,,,,0.78,,,,
2026-10-01T12:00:05.881,743.011,0,795.0,35,,96.906,20.784,-2.0,0.0,1.001,0.993,-0.039,3810,14.51,12.157,0,,,,,,,,,,,0.781,,
2026-10-01T12:00:06.012,743.142,0,798.5,35,,96.906,20.784,-2.0,0.0,1.001,0.992,-0.039,3810,14.51,12.157,0,,,,,,,,,,,,21.569,
2026-10-01T12:00:06.141,743.271,0,794.5,35,,96.969,20.784,-2.0,0.0,1.001,0.993,-0.039,3790,14.51,12.157,0,,,,,,,,,,,,,775
2026-10-01T12:00:06.271,743.401,0,795.25,35,,96.969,20.784,-2.0,0.0,1.001,0.993,-0.039,3820,14.51,12.157,0,106,,,,,,,,,,,,
2026-10-01T12:00:06.401,743.531,0,802.25,35,,97.031,20.784,-2.5,0.0,1.001,0.992,-0.039,3830,14.51,12.157,0,,74,,,,,,,,,,,
2026-10-01T12:00:06.531,743.661,0,798.5,35,,96.938,20.392,-2.5,-0.781,1.001,0.99,-0.047,3810,14.51,12.157,0,,,13.281,,,,,,,,,,
2026-10-01T12:00:06.661,743.791,0,796.25,35,,96.938,20.784,-1.5,-0.781,1.001,0.99,-0.047,3830,14.51,12.157,0,,,,12.695,,,,,,,,,
2026-10-01T12:00:06.791,743.921,0,797.0,36,,96.969,20.784,-1.0,-0.781,1.001,0.992,-0.039,3840,14.51,12.157,0,,,,,97,,,,,,,,
2026-10-01T12:00:06.921,744.051,0,796.25,36,,97.0,20.784,-1.0,-0.781,1.001,0.992,-0.039,3830,14.51,12.157,0,,,,,,31,,,,,,,
2026-10-01T12:00:07.051,744.181,0,794.0,36,,97.0,21.176,-1.5,-0.781,1.001,0.996,-0.031,3840,14.51,12.157,0,,,,,,,100.0,,,,,,
2026-10-01T12:00:07.181,744.311,0,798.0,36,,96.969,21.176,-1.0,-0.781,1.001,0.996,-0.031,3840,14.51,12.157,0,,,,,,,,424.4,,,,,
2026-10-01T12:00:07.311,744.441,0,796.25,36,,96.969,21.176,-1.0,-0.781,1.001,0.996,-0.027,3850,14.51,12.157,0,,,,,,,,,0.78,,,,
2026-10-01T12:00:07.442,744.572,0,794.75,36,,96.938,20.784,-2.0,-0.781,1.001,0.996,-0.027,3840,14.51,12.157,0,,,,,,,,,,,0.781,,
2026-10-01T12:00:07.571,744.701,0,797.5,36,,96.938,21.176,-1.5,-0.781,1.001,0.996,-0.031,3850,14.51,12.157,0,,,,,,,,,,,,21.569,
2026-10-01T12:00:07.701,744.831,0,799.75,36,,96.906,20.784,-1.5,-0.781,1.001,0.995,-0.031,3850,14.51,12.157,0,,,,,,,,,,,,,777
2026-10-01T12:00:07.831,744.961,0,801.0,36,,96.938,20.784,-2.0,-0.781,1.001,0.994,-0.035,3850,14.51,12.157,0,106,,,,,,,,,,,,
2026-10-01T12:00:07.961,745.091,0,796.75,36,,96.906,20.784,-1.5,-0.781,1.001,0.994,-0.035,3870,14.51,12.157,0,,74,,,,,,,,,,,
2026-10-01T12:00:08.091,745.221,0,795.75,36,,96.938,20.784,-1.0,-0.781,1.001,0.995,-0.031,3880,14.51,12.157,0,,,12.5,,,,,,,,,,
2026-10-01T12:00:08.221,745.351,0,795.25,36,,96.906,21.176,-2.5,-0.781,1.001,0.995,-0.035,3890,14.51,12.157,0,,,,12.734,,,,,,,,,
2026-10-01T12:00:08.351,745.481,0,799.25,36,,96.938,20.784,-2.0,-0.781,1.001,0.994,-0.035,3900,14.51,12.157,0,,,,,97,,,,,,,,
2026-10-01T12:00:08.481,745.611,0,797.0,36,,96.938,21.176,-2.5,-0.781,1.001,0.994,-0.035,3920,14.51,12.157,0,,,,,,31,,,,,,,
2026-10-01T12:00:08.611,745.741,0,800.75,36,,96.906,20.784,-2.5,-0.781,1.001,0.994,-0.035,3930,14.51,12.157,0,,,,,,,100.0,,,,,,
2026-10-01T12:00:08.742,745.872,0,801.0,36,,96.906,20.784,-2.5,-0.781,1.001,0.994,-0.035,3920,14.51,12.157,0,,,,,,,,424.5,,,,,
2026-10-01T12:00:08.871,746.001,0,799.0,36,,96.969,20.784,-2.5,-0.781,1.001,0.996,-0.031,3930,14.51,12.157,0,,,,,,,,,0.78,,,,
2026-10-01T12:00:09.001,746.131,0,798.5,36,,96.906,21.176,-2.5,-0.781,1.001,0.997,-0.027,3920,14.51,12.157,0,,,,,,,,,,,0.781,,
2026-10-01T12:00:09.132,746.262,0,794.25,36,,96.938,21.176,-2.5,-0.781,1.001,0.998,-0.023,3940,14.51,12.157,0,,,,,,,,,,,,21.569,
2026-10-01T12:00:09.261,746.391,0,798.75,36,,96.906,20.784,-1.5,-0.781,1.001,0.999,-0.023,3920,14.51,12.157,0,,,,,,,,,,,,,779
2026-10-01T12:00:09.391,746.521,0,796.0,36,,96.969,20.784,-2.0,-0.781,1.001,0.998,-0.023,3900,14.51,12.157,0,106,,,,,,,,,,,,
2026-10-01T12:00:09.521,746.651,0,798.5,36,,96.906,21.176,-2.0,-0.781,1.001,0.999,-0.023,3890,14.51,12.157,0,,74,,,,,,,,,,,
2026-10-01T12:00:09.651,746.781,0,793.75,36,,96.906,21.176,-1.0,-0.781,1.001,0.999,-0.02,3900,14.51,12.157,0,,,12.5,,,,,,,,,,
2026-10-01T12:00:09.781,746.911,0,794.25,36,,96.938,21.176,-0.5,-0.781,1.001,0.999,-0.023,3890,14.51,12.157,0,,,,12.714,,,,,,,,,
2026-10-01T12:00:09.911,747.041,0,795.25,36,,96.938,21.176,-2.0,-0.781,1.001,0.999,-0.023,3900,14.51,12.157,0,,,,,97,,,,,,,,
2026-10-01T12:00:10.041,747.171,0,797.0,36,,96.906,20.784,-1.0,-0.781,1.001,1.002,-0.02,3900,14.51,12.157,0,,,,,,31,,,,,,,
2026-10-01T12:00:10.171,747.301,0,795.0,36,,96.938,21.176,-1.5,-0.781,1.001,1.004,-0.016,3910,14.51,12.157,0,,,,,,,100.0,,,,,,
2026-10-01T12:00:10.302,747.432,0,799.75,36,,96.969,20.784,-0.5,-0.781,1.001,1.007,-0.012,3890,14.51,12.157,0,,,,,,,,424.6,,,,,
2026-10-01T12:00:10.431,747.561,0,795.75,36,,96.938,21.176,-2.0,0.0,1.001,1.009,-0.012,3870,14.51,12.157,0,,,,,,,,,0.775,,,,
2026-10-01T12:00:10.561,747.691,0,800.5,36,,96.906,20.784,-1.5,0.0,1.001,1.007,-0.012,3880,14.51,12.157,0,,,,,,,,,,,0.781,,
2026-10-01T12:00:10.691,747.821,0,796.0,36,,96.938,21.176,-1.5,0.0,1.001,1.009,-0.012,3870,14.51,12.157,0,,,,,,,,,,,,21.961,
2026-10-01T12:00:10.821,747.951,0,798.25,36,,96.969,21.176,-1.0,0.0,1.001,1.005,-0.016,3860,14.51,12.157,0,,,,,,,,,,,,,780
2026-10-01T12:00:10.951,748.081,0,798.25,36,,97.0,20.784,-1.0,0.0,1.001,1.007,-0.012,3840,14.51,12.157,0,106,,,,,,,,,,,,
2026-10-01T12:00:11.081,748.211,0,792.75,36,,96.938,21.176,-1.0,0.0,1.001,1.01,-0.012,3850,14.51,12.157,0,,74,,,,,,,,,,,
2026-10-01T12:00:11.211,748.341,0,795.25,36,,96.938,21.176,-1.5,0.0,1.001,1.01,-0.012,3850,14.51,12.157,0,,,12.5,,,,,,,,,,
2026-10-01T12:00:11.341,748.471,0,801.75,36,,96.906,21.176,-1.5,0.0,1.001,1.011,-0.008,3860,14.51,12.157,0,,,,12.753,,,,,,,,,
2026-10-01T12:00:11.471,748.601,0,801.0,36,,96.906,21.176,-2.5,0.0,1.001,1.009,-0.012,3870,14.51,12.157,0,,,,,97,,,,,,,,
2026-10-01T12:00:11.601,748.731,0,796.25,36,,96.938,21.176,-2.0,0.0,1.001,1.009,-0.012,3880,14.51,12.157,0,,,,,,31,,,,,,,
2026-10-01T12:00:11.731,748.861,0,804.0,36,,96.906,21.176,-2.5,0.0,1.001,1.004,-0.016,3880,14.51,12.157,0,,,,,,,100.0,,,,,,
2026-10-01T12:00:11.861,748.991,0,804.25,36,,96.969,21.176,-1.5,0.0,1.001,1.002,-0.02,3880,14.51,12.157,0,,,,,,,,424.6,,,,,
2026-10-01T12:00:11.992,749.122,0,799.25,36,,97.062,21.176,-2.5,0.0,1.001,1.0,-0.02,3880,14.51,12.157,0,,,,,,,,,0.78,,,,
2026-10-01T12:00:12.121,749.251,0,797.0,36,,96.969,20.784,-2.5,0.0,1.001,1.0,-0.02,3890,14.51,12.157,0,,,,,,,,,,,0.781,,
2026-10-01T12:00:12.251,749.381,0,803.25,36,,96.938,21.176,-1.5,0.0,1.001,0.998,-0.023,3880,14.51,12.157,0,,,,,,,,,,,,21.961,
2026-10-01T12:00:12.381,749.511,0,803.0,36,,96.938,20.784,-2.5,0.0,1.001,0.996,-0.031,3890,14.51,12.157,0,,,,,,,,,,,,,782
2026-10-01T12:00:12.511,749.641,0,799.0,36,,96.969,20.784,-2.5,0.0,1.001,0.994,-0.035,3870,14.51,12.157,0,106,,,,,,,,,,,,
2026-10-01T12:00:12.641,749.771,0,799.25,36,,97.0,20.784,-2.5,-0.781,1.001,0.992,-0.039,3850,14.51,12.157,0,,74,,,,,,,,,,,
2026-10-01T12:00:12.771,749.901,0,796.25,36,,96.938,21.176,-1.5,-0.781,1.001,0.993,-0.035,3860,14.51,12.549,0,,,12.5,,,,,,,,,,
2026-10-01T12:00:12.901,750.031,0,796.25,36,,96.906,21.176,-2.0,-0.781,1.001,0.993,-0.039,3870,14.51,12.157,0,,,,12.656,,,,,,,,,
2026-10-01T12:00:13.031,750.161,0,796.25,36,,96.969,21.176,-2.0,-0.781,1.001,0.995,-0.031,3880,14.51,12.157,0,,,,,97,,,,,,,,
2026-10-01T12:00:13.161,750.291,0,797.5,36,,96.969,21.176,-2.0,-0.781,1.001,0.997,-0.027,3880,14.51,12.157,0,,,,,,31,,,,,,,
2026-10-01T12:00:13.291,750.421,0,799.0,36,,96.969,21.176,-2.5,-0.781,1.001,0.998,-0.027,3890,14.51,12.157,0,,,,,,,100.0,,,,,,
2026-10-01T12:00:13.421,750.551,0,795.75,36,,97.0,21.176,-3.0,-0.781,1.001,0.998,-0.023,3900,14.51,12.157,0,,,,,,,,424.8,,,,,
2026-10-01T12:00:13.551,750.681,0,799.25,36,,96.938,21.176,-2.5,-0.781,1.001,0.997,-0.027,3920,14.51,12.157,0,,,,,,,,,0.775,,,,
2026-10-01T12:00:13.682,750.812,0,796.25,36,,96.938,21.176,-2.5,-0.781,1.001,0.998,-0.027,3920,14.51,12.157,0,,,,,,,,,,,0.781,,
2026-10-01T12:00:13.811,750.941,0,798.0,36,,96.969,21.176,-2.5,-0.781,1.001,0.998,-0.027,3970,14.51,12.157,0,,,,,,,,,,,,21.961,
2026-10-01T12:00:13.941,751.071,0,797.25,36,,96.969,21.176,-2.5,-0.781,1.001,0.999,-0.023,3970,14.51,12.157,0,,,,,,,,,,,,,783
2026-10-01T12:00:14.071,751.201,0,801.25,36,,96.906,21.176,-2.0,0.0,1.001,1.006,-0.016,3980,14.51,12.157,0,106,,,,,,,,,,,,
2026-10-01T12:00:14.201,751.331,0,803.5,36,,96.906,21.176,-2.5,0.0,1.001,1.008,-0.012,4000,14.51,12.157,0,,74,,,,,,,,,,,
2026-10-01T12:00:14.331,751.461,0,794.25,36,,96.938,21.176,-2.0,0.0,1.001,1.009,-0.012,4000,14.51,12.157,0,,,12.5,,,,,,,,,,
2026-10-01T12:00:14.461,751.591,0,795.0,36,,96.906,21.176,-2.5,0.0,1.001,1.008,-0.012,4010,14.51,12.157,0,,,,12.734,,,,,,,,,
2026-10-01T12:00:14.591,751.721,0,802.25,36,,96.906,21.176,-3.0,0.0,1.001,1.007,-0.012,3990,14.51,12.157,0,,,,,97,,,,,,,,
2026-10-01T12:00:14.721,751.851,0,800.75,36,,96.938,21.176,-3.5,0.0,1.001,1.006,-0.016,4010,14.51,12.157,0,,,,,,31,,,,,,,
2026-10-01T12:00:14.851,751.981,0,798.5,36,,96.938,21.176,-2.0,0.0,1.001,1.007,-0.012,3980,14.51,12.157,0,,,,,,,100.0,,,,,,
2026-10-01T12:00:14.982,752.112,0,800.0,36,,96.938,21.176,-2.5,0.0,1.001,1.008,-0.012,3970,14.51,12.157,0,,,,,,,,424.9,,,,,
2026-10-01T12:00:15.111,752.241,0,797.75,36,,96.938,20.784,-2.5,0.0,1.001,1.006,-0.016,3940,14.51,12.157,0,,,,,,,,,0.775,,,,
2026-10-01T12:00:15.241,752.371,0,798.0,36,,96.906,21.176,-2.5,0.0,1.001,1.008,-0.012,3910,14.51,12.157,0,,,,,,,,,,,0.781,,
2026-10-01T12:00:15.372,752.502,0,798.5,36,,97.0,21.176,-1.0,0.0,1.001,1.007,-0.012,3900,14.51,12.157,0,,,,,,,,,,,,21.961,
2026-10-01T12:00:15.501,752.632,0,796.5,36,,96.938,21.176,-2.5,0.0,1.001,1.009,-0.012,3910,14.51,12.157,0,,,,,,,,,,,,,785
2026-10-01T12:00:15.631,752.761,0,798.0,36,,96.938,21.176,-2.5,0.0,1.001,1.007,-0.012,3910,14.51,12.157,0,106,,,,,,,,,,,,
2026-10-01T12:00:15.761,752.891,0,801.25,36,,96.969,21.176,-1.5,0.0,1.001,1.003,-0.016,3890,14.51,12.157,0,,74,,,,,,,,,,,
2026-10-01T12:00:15.891,753.021,0,799.0,36,,96.969,21.176,-1.0,0.0,1.001,1.0,-0.02,3890,14.51,12.157,0,,,12.5,,,,,,,,,,
2026-10-01T12:00:16.021,753.151,0,792.75,36,,96.969,21.176,-2.0,0.0,1.001,1.0,-0.02,3870,14.51,12.157,0,,,,12.714,,,,,,,,,
2026-10-01T12:00:16.151,753.281,0,797.25,36,,96.938,21.176,-0.5,0.0,1.001,0.999,-0.023,3860,14.51,12.157,0,,,,,97,,,,,,,,
2026-10-01T12:00:16.281,753.411,0,798.75,36,,96.938,21.176,-1.0,0.0,1.001,1.0,-0.02,3840,14.51,12.157,0,,,,,,31,,,,,,,
2026-10-01T12:00:16.411,753.541,0,795.5,36,,96.906,21.176,-2.0,0.0,1.001,1.003,-0.016,3830,14.51,12.157,0,,,,,,,100.0,,,,,,
2026-10-01T12:00:16.541,753.671,0,800.5,36,,96.938,20.784,-1.5,0.0,1.001,1.004,-0.016,3830,14.51,12.157,0,,,,,,,,425.0,,,,,
2026-10-01T12:00:16.671,753.801,0,802.5,36,,96.906,20.784,-1.5,0.0,1.001,1.006,-0.016,3840,14.51,12.157,0,,,,,,,,,0.775,,,,
2026-10-01T12:00:16.802,753.932,0,796.75,36,,96.938,20.784,-2.5,0.0,1.001,1.005,-0.016,3840,14.51,12.157,0,,,,,,,,,,,0.781,,
2026-10-01T12:00:16.931,754.061,0,795.25,36,,96.938,21.176,-2.0,0.0,1.001,1.003,-0.016,3840,14.51,12.157,0,,,,,,,,,,,,21.961,
2026-10-01T12:00:17.061,754.191,0,800.25,36,,96.938,20.784,-1.5,0.0,1.001,1.007,-0.012,3840,14.51,12.157,0,,,,,,,,,,,,,786
2026-10-01T12:00:17.191,754.321,0,795.5,36,,96.969,21.176,-1.5,0.0,1.001,1.008,-0.012,3850,14.51,12.157,0,106,,,,,,,,,,,,
2026-10-01T12:00:17.321,754.451,0,801.5,36,,96.938,21.176,-2.0,0.0,1.001,1.011,-0.008,3850,14.51,12.157,0,,74,,,,,,,,,,,
2026-10-01T12:00:17.451,754.581,0,801.25,36,,96.969,20.784,-2.5,0.0,1.001,1.008,-0.012,3850,14.51,12.157,0,,,12.5,,,,,,,,,,
2026-10-01T12:00:17.581,754.711,0,796.5,36,,96.938,20.784,-2.0,0.0,1.001,1.007,-0.012,3860,14.51,12.157,0,,,,12.695,,,,,,,,,
2026-10-01T12:00:17.711,754.841,0,797.75,36,,96.938,20.784,-2.5,0.0,1.001,1.006,-0.016,3850,14.51,12.157,0,,,,,97,,,,,,,,
2026-10-01T12:00:17.841,754.971,0,801.75,36,,96.938,21.176,-2.0,0.0,1.001,1.005,-0.016,3870,14.51,12.157,0,,,,,,31,,,,,,,
2026-10-01T12:00:17.971,755.101,0,802.0,36,,96.938,20.784,-2.5,0.0,1.001,1.005,-0.016,3860,14.51,12.157,0,,,,,,,100.0,,,,,,
2026-10-01T12:00:18.101,755.231,0,800.75,36,,97.0,21.176,-3.0,0.0,1.001,1.005,-0.016,3860,14.51,12.157,0,,,,,,,,425.1,,,,,
2026-10-01T12:00:18.231,755.361,0,801.75,36,,96.969,20.784,-2.5,0.0,1.001,1.003,-0.016,3870,14.51,12.157,0,,,,,,,,,0.775,,,,
2026-10-01T12:00:18.361,755.491,0,801.25,36,,96.906,21.176,-2.5,0.0,1.001,1.001,-0.02,3870,14.51,12.157,0,,,,,,,,,,,0.781,,
2026-10-01T12:00:18.492,755.622,0,797.5,36,,96.906,21.176,-1.0,0.0,1.001,1.0,-0.02,3880,14.51,12.157,0,,,,,,,,,,,,21.569,
2026-10-01T12:00:18.621,755.751,0,799.75,36,,96.906,20.784,-2.5,0.0,1.001,1.0,-0.02,3880,14.51,12.157,0,,,,,,,,,,,,,788
2026-10-01T12:00:18.751,755.881,0,795.5,36,,96.906,21.176,-1.5,0.0,1.001,0.999,-0.023,3890,14.51,12.157,0,106,,,,,,,,,,,,
2026-10-01T12:00:18.881,756.011,0,792.5,36,,96.938,20.784,-1.0,0.0,1.001,1.004,-0.016,3910,14.51,12.157,0,,74,,,,,,,,,,,
2026-10-01T12:00:19.011,756.141,0,798.0,36,,96.938,21.176,-1.0,0.0,1.001,1.005,-0.016,3910,14.51,12.157,0,,,12.5,,,,,,,,,,
2026-10-01T12:00:19.141,756.271,0,800.75,36,,96.938,21.176,-2.5,0.781,1.001,1.005,-0.016,3950,14.51,12.157,0,,,,12.656,,,,,,,,,
2026-10-01T12:00:19.272,756.402,0,797.5,36,,96.938,21.176,-2.5,0.781,1.001,1.005,-0.016,3960,14.51,12.157,0,,,,,97,,,,,,,,
2026-10-01T12:00:19.401,756.531,0,799.0,36,,96.969,21.176,-3.0,0.781,1.001,1.009,-0.012,3970,14.51,12.157,0,,,,,,31,,,,,,,
2026-10-01T12:00:19.531,756.661,0,795.0,36,,96.938,20.784,-2.5,0.781,1.001,1.007,-0.012,3960,14.51,12.157,0,,,,,,,100.0,,,,,,
2026-10-01T12:00:19.661,756.791,0,798.25,36,,97.0,21.176,-1.5,0.781,1.001,1.005,-0.016,3950,14.51,12.157,0,,,,,,,,425.3,,,,,
2026-10-01T12:00:19.791,756.921,0,797.75,36,,97.0,20.784,-1.0,0.781,1.001,1.005,-0.016,3940,14.51,12.157,0,,,,,,,,,0.775,,,,
2026-10-01T12:00:19.922,757.052,0,798.25,36,,97.0,21.176,-0.5,0.781,1.001,1.009,-0.012,3920,14.51,12.157,0,,,,,,,,,,,0.781,,
2026-10-01T12:00:20.051,757.181,0,795.5,36,,96.969,21.176,-2.0,0.781,1.001,1.009,-0.012,3910,14.51,12.157,0,,,,,,,,,,,,21.961,
2026-10-01T12:00:20.182,757.312,0,797.75,36,,96.906,21.176,-3.0,0.781,1.001,1.005,-0.016,3910,14.51,12.157,0,,,,,,,,,,,,,790
2026-10-01T12:00:20.311,757.441,0,798.5,36,,96.938,21.176,-3.0,0.781,1.001,1.005,-0.016,3910,14.51,12.157,0,106,,,,,,,,,,,,
2026-10-01T12:00:20.441,757.571,0,802.25,36,,96.906,21.176,-2.5,0.781,1.001,1.007,-0.012,3880,14.51,12.157,0,,74,,,,,,,,,,,
2026-10-01T12:00:20.571,757.701,0,795.5,36,,96.906,21.176,-1.5,0.781,1.001,1.007,-0.012,3850,14.51,12.157,0,,,12.5,,,,,,,,,,
2026-10-01T12:00:20.701,757.831,0,801.25,36,,96.906,21.176,-1.5,0.781,1.001,1.007,-0.012,3850,14.51,12.157,0,,,,12.714,,,,,,,,,
2026-10-01T12:00:20.831,757.961,0,792.5,36,,96.969,21.176,-1.5,0.781,1.001,1.006,-0.016,3830,14.51,12.157,0,,,,,97,,,,,,,,
2026-10-01T12:00:20.961,758.091,0,792.75,36,,96.969,21.176,-1.0,0.781,1.001,1.008,-0.012,3810,14.51,12.157,0,,,,,,31,,,,,,,
2026-10-01T12:00:21.091,758.221,0,799.75,36,,96.969,21.176,-1.5,1.562,1.001,1.009,-0.012,3810,14.51,12.157,0,,,,,,,100.0,,,,,,
2026-10-01T12:00:21.221,758.351,0,796.0,36,,96.938,21.176,-2.5,1.562,1.001,1.01,-0.012,3820,14.51,12.157,0,,,,,,,,425.3,,,,,
2026-10-01T12:00:21.351,758.481,0,801.0,36,,96.969,20.784,-1.0,1.562,1.001,1.012,-0.008,3810,14.51,12.157,0,,,,,,,,,0.775,,,,
2026-10-01T12:00:21.481,758.611,0,800.0,36,,96.938,20.784,-1.0,1.562,1.001,1.012,-0.008,3810,14.51,12.157,0,,,,,,,,,,,0.781,,
2026-10-01T12:00:21.612,758.742,0,795.75,36,,96.906,21.176,-2.5,1.562,1.001,1.014,-0.008,3810,14.51,12.157,0,,,,,,,,,,,,21.961,
2026-10-01T12:00:21.741,758.871,0,795.0,36,,96.938,21.176,-2.5,1.562,1.001,1.014,-0.008,3840,14.51,12.157,0,,,,,,,,,,,,,791
2026-10-01T12:00:21.871,759.001,0,799.5,36,,97.0,21.176,-1.0,1.562,1.001,1.012,-0.008,3840,14.51,12.157,0,106,,,,,,,,,,,,
2026-10-01T12:00:22.001,759.131,0,797.5,36,,96.906,21.176,-1.0,1.562,1.001,1.01,-0.012,3850,14.51,12.157,0,,74,,,,,,,,,,,
2026-10-01T12:00:22.131,759.261,0,793.0,36,,96.938,20.784,-0.5,1.562,1.001,1.008,-0.012,3860,14.51,12.157,0,,,12.5,,,,,,,,,,
2026-10-01T12:00:22.261,759.391,0,798.25,36,,96.938,21.176,-1.0,2.344,1.001,1.008,-0.012,3880,14.51,12.157,0,,,,12.695,,,,,,,,,
2026-10-01T12:00:22.391,759.521,0,798.25,36,,97.0,20.784,-1.0,1.562,1.001,1.005,-0.016,3910,14.51,12.157,0,,,,,97,,,,,,,,
2026-10-01T12:00:22.521,759.651,0,794.75,36,,96.906,21.176,-1.0,1.562,1.001,1.003,-0.016,3910,14.51,12.157,0,,,,,,31,,,,,,,
2026-10-01T12:00:22.651,759.781,0,798.5,36,,96.906,21.176,-2.0,1.562,1.001,1.004,-0.016,3930,14.51,12.157,0,,,,,,,100.0,,,,,,
2026-10-01T12:00:22.782,759.912,0,800.5,36,,96.906,21.176,-1.0,1.562,1.001,1.005,-0.016,3950,14.51,12.157,0,,,,,,,,425.5,,,,,
2026-10-01T12:00:22.912,760.042,0,800.25,36,,96.938,21.176,-2.5,1.562,1.001,1.003,-0.016,3950,14.51,12.157,0,,,,,,,,,0.775,,,,
2026-10-01T12:00:23.041,760.171,0,794.5,36,,96.938,20.784,-1.5,1.562,1.001,1.0,-0.02,3930,14.51,12.157,0,,,,,,,,,,,0.781,,
2026-10-01T12:00:23.171,760.301,0,794.75,36,,96.938,21.176,-1.5,1.562,1.001,1.002,-0.02,3940,14.51,12.157,0,,,,,,,,,,,,21.569,
2026-10-01T12:00:23.301,760.431,0,799.25,36,,96.906,20.784,-1.5,2.344,1.001,1.006,-0.016,3930,14.51,12.157,0,,,,,,,,,,,,,793
2026-10-01T12:00:23.431,760.561,0,800.5,36,,96.938,21.176,-2.5,2.344,1.001,1.008,-0.012,3960,14.51,12.157,0,106,,,,,,,,,,,,
2026-10-01T12:00:23.561,760.691,0,802.75,36,,96.938,20.784,-1.5,2.344,1.001,1.007,-0.012,3960,14.51,12.157,0,,74,,,,,,,,,,,
2026-10-01T12:00:23.691,760.821,0,793.5,36,,96.938,21.176,-1.0,2.344,1.001,1.005,-0.016,3960,14.51,12.157,0,,,12.5,,,,,,,,,,
2026-10-01T12:00:23.821,760.951,0,792.0,36,,97.0,21.176,-2.5,2.344,1.001,1.007,-0.012,3940,14.51,12.157,0,,,,12.753,,,,,,,,,
2026-10-01T12:00:23.951,761.081,0,793.5,36,,97.031,21.176,-1.5,2.344,1.001,1.005,-0.016,3920,14.51,12.157,0,,,,,97,,,,,,,,
2026-10-01T12:00:24.081,761.211,0,796.0,36,,96.969,21.176,-2.5,2.344,1.001,1.007,-0.012,3940,14.51,12.157,0,,,,,,31,,,,,,,
2026-10-01T12:00:24.211,761.341,0,803.0,36,,96.938,20.784,-2.5,2.344,1.001,1.006,-0.016,3920,14.51,12.157,0,,,,,,,100.0,,,,,,
2026-10-01T12:00:24.341,761.471,0,805.0,36,,97.0,20.784,-3.0,2.344,1.001,1.003,-0.016,3900,14.51,12.157,0,,,,,,,,425.6,,,,,
2026-10-01T12:00:24.472,761.602,0,797.5,36,,97.0,21.176,-2.5,2.344,1.001,0.999,-0.023,3850,14.51,12.157,0,,,,,,,,,0.775,,,,
2026-10-01T12:00:24.601,761.731,0,794.75,36,,96.969,21.176,-2.0,2.344,1.001,1.0,-0.02,3850,14.51,12.157,0,,,,,,,,,,,0.781,,
2026-10-01T12:00:24.731,761.861,0,799.75,36,,96.938,21.176,-1.0,2.344,1.001,1.001,-0.02,3840,14.51,12.157,0,,,,,,,,,,,,21.961,
2026-10-01T12:00:24.861,761.991,0,799.0,36,,96.938,21.176,-1.0,2.344,1.001,1.004,-0.016,3820,14.51,12.157,0,,,,,,,,,,,,,794
2026-10-01T12:00:24.991,762.121,0,792.5,36,,96.938,21.176,-2.0,2.344,1.001,1.007,-0.012,3830,14.51,12.157,0,106,,,,,,,,,,,,
2026-10-01T12:00:25.121,762.251,0,796.5,36,,96.969,21.176,-1.5,2.344,1.001,1.008,-0.012,3810,14.51,12.157,0,,74,,,,,,,,,,,
2026-10-01T12:00:25.251,762.381,0,796.25,36,,96.906,21.176,-2.0,2.344,1.001,1.007,-0.012,3810,14.51,12.157,0,,,12.5,,,,,,,,,,
2026-10-01T12:00:25.381,762.511,0,797.75,36,,96.906,20.784,-1.5,2.344,1.001,1.004,-0.016,3800,14.51,12.157,0,,,,12.675,,,,,,,,,
2026-10-01T12:00:25.521,762.651,0,797.5,36,,97.0,21.176,-0.5,2.344,1.001,1.004,-0.016,3830,14.51,12.157,0,,,,,97,,,,,,,,
2026-10-01T12:00:25.651,762.781,0,799.0,36,,96.969,20.784,-2.0,2.344,1.001,1.003,-0.016,3830,14.51,12.157,0,,,,,,31,,,,,,,
2026-10-01T12:00:25.781,762.911,0,797.0,36,,97.0,21.176,-2.0,2.344,1.001,1.003,-0.016,3840,14.51,12.157,0,,,,,,,100.0,,,,,,
2026-10-01T12:00:25.911,763.041,0,794.75,36,,96.938,20.784,-2.0,2.344,1.001,1.003,-0.016,3880,14.51,12.157,0,,,,,,,,425.6,,,,,
2026-10-01T12:00:26.041,763.171,0,800.5,36,,96.969,21.176,-2.5,2.344,1.001,0.999,-0.023,3910,14.51,12.157,0,,,,,,,,,0.775,,,,
2026-10-01T12:00:26.171,763.301,0,795.5,36,,96.969,20.784,-2.0,2.344,1.001,1.0,-0.02,3930,14.51,12.157,0,,,,,,,,,,,0.781,,
2026-10-01T12:00:26.301,763.431,0,800.0,36,,97.0,21.176,-1.5,2.344,1.001,0.998,-0.023,3950,14.51,12.157,0,,,,,,,,,,,,21.961,
2026-10-01T12:00:26.431,763.561,0,793.5,36,,97.0,21.176,-2.5,2.344,1.001,0.998,-0.023,3950,14.51,12.157,0,,,,,,,,,,,,,796
2026-10-01T12:00:26.561,763.691,0,797.0,36,,97.0,21.176,-3.0,2.344,1.001,0.998,-0.023,3970,14.51,12.157,0,106,,,,,,,,,,,,
2026-10-01T12:00:26.691,763.822,0,799.0,36,,97.0,21.176,-3.0,2.344,1.001,0.996,-0.031,3980,14.51,12.157,0,,74,,,,,,,,,,,
2026-10-01T12:00:26.821,763.951,0,803.25,36,,96.969,20.784,-2.5,2.344,1.001,0.996,-0.027,3980,14.51,12.157,0,,,12.5,,,,,,,,,,
2026-10-01T12:00:26.952,764.082,0,801.25,36,,97.031,21.176,-3.0,2.344,1.001,0.995,-0.031,3970,14.51,12.157,0,,,,12.695,,,,,,,,,
2026-10-01T12:00:27.081,764.211,0,805.0,36,,97.0,20.784,-1.0,2.344,1.001,0.994,-0.035,3960,14.51,12.157,0,,,,,97,,,,,,,,
2026-10-01T12:00:27.211,764.341,0,805.0,36,,96.969,20.784,-2.0,2.344,1.001,0.995,-0.035,3930,14.51,12.157,0,,,,,,31,,,,,,,
2026-10-01T12:00:27.341,764.471,0,802.5,36,,97.0,20.784,-2.5,2.344,1.001,0.996,-0.031,3920,14.51,12.157,0,,,,,,,100.0,,,,,,
2026-10-01T12:00:27.471,764.601,0,797.75,36,,97.0,21.176,-2.5,2.344,1.001,0.996,-0.031,3920,14.51,12.157,0,,,,,,,,425.8,,,,,
2026-10-01T12:00:27.601,764.731,0,797.25,36,,97.062,20.784,-2.5,2.344,1.001,0.997,-0.027,3910,14.51,12.157,0,,,,,,,,,0.775,,,,
2026-10-01T12:00:27.731,764.861,0,801.0,36,,97.031,20.784,-1.0,2.344,1.001,0.998,-0.027,3880,14.51,12.157,0,,,,,,,,,,,0.781,,
2026-10-01T12:00:27.861,764.991,0,798.75,36,,97.031,21.176,-2.0,2.344,1.001,0.998,-0.027,3840,14.51,12.157,0,,,,,,,,,,,,21.961,
2026-10-01T12:00:27.991,765.121,0,796.75,36,,97.062,20.784,-1.0,2.344,1.001,0.995,-0.031,3830,14.51,12.157,0,,,,,,,,,,,,,797
2026-10-01T12:00:28.121,765.251,0,797.5,36,,97.0,21.176,-2.0,1.562,1.001,0.995,-0.031,3780,14.51,12.157,0,106,,,,,,,,,,,,
2026-10-01T12:00:28.251,765.381,0,798.75,36,,97.0,20.784,-2.0,2.344,1.001,0.997,-0.027,3790,14.51,12.157,0,,74,,,,,,,,,,,
2026-10-01T12:00:28.381,765.511,0,799.75,36,,97.062,20.784,-1.0,2.344,1.001,0.999,-0.023,3780,14.51,12.157,0,,,11.719,,,,,,,,,,
2026-10-01T12:00:28.512,765.642,0,799.25,36,,97.0,20.784,-1.5,2.344,1.001,0.999,-0.02,3800,14.51,12.157,0,,,,12.636,,,,,,,,,
2026-10-01T12:00:28.642,765.772,0,795.0,36,,97.031,20.784,-2.0,2.344,1.001,0.999,-0.02,3790,14.51,12.157,0,,,,,97,,,,,,,,
2026-10-01T12:00:28.771,765.902,0,794.5,35,,97.0,20.784,-1.0,2.344,1.001,0.999,-0.023,3790,14.51,12.157,0,,,,,,31,,,,,,,
2026-10-01T12:00:28.901,766.031,0,795.5,36,,96.969,20.784,-2.5,2.344,1.001,0.999,-0.02,3810,14.51,12.157,0,,,,,,,100.0,,,,,,
2026-10-01T12:00:29.031,766.161,0,797.5,36,,96.969,20.784,-2.0,2.344,1.001,1.0,-0.02,3810,14.51,12.157,0,,,,,,,,425.9,,,,,
2026-10-01T12:00:29.161,766.291,0,796.75,36,,96.969,20.784,-1.5,2.344,1.001,1.001,-0.02,3800,14.51,12.157,0,,,,,,,,,0.77,,,,
2026-10-01T12:00:29.291,766.421,0,796.5,36,,96.938,20.784,-1.5,2.344,1.001,1.002,-0.02,3810,14.51,12.157,0,,,,,,,,,,,0.781,,
2026-10-01T12:00:29.421,766.551,0,795.25,36,,96.969,21.176,-2.5,2.344,1.001,1.001,-0.02,3840,14.51,12.157,0,,,,,,,,,,,,21.569,
2026-10-01T12:00:29.551,766.681,0,801.5,36,,96.969,20.784,-2.5,2.344,1.001,0.999,-0.023,3870,14.51,12.157,0,,,,,,,,,,,,,799
2026-10-01T12:00:29.681,766.811,0,802.5,36,,97.0,21.176,-3.5,2.344,1.001,1.0,-0.02,3880,14.51,12.157,0,106,,,,,,,,,,,,
2026-10-01T12:00:29.812,766.942,0,800.5,36,,96.938,21.176,-2.5,2.344,1.001,0.999,-0.02,3900,14.51,12.157,0,,74,,,,,,,,,,,
2026-10-01T12:00:29.941,767.071,0,801.25,36,,96.969,21.176,-1.5,2.344,1.001,0.998,-0.023,3920,14.51,12.157,0,,,12.5,,,,,,,,,,
2026-10-01T12:00:30.072,767.202,0,799.25,36,,97.0,21.176,-1.0,2.344,1.001,0.998,-0.023,3910,14.51,12.157,0,,,,12.695,,,,,,,,,
2026-10-01T12:00:30.201,767.331,0,799.25,36,,97.0,21.176,-1.0,2.344,1.001,0.999,-0.023,3900,14.51,12.157,0,,,,,97,,,,,,,,
2026-10-01T12:00:30.331,767.461,0,794.25,36,,96.938,21.176,-2.5,2.344,1.001,1.002,-0.02,3930,14.51,12.157,0,,,,,,31,,,,,,,
2026-10-01T12:00:30.461,767.591,0,795.5,36,,96.969,20.784,-1.5,2.344,1.001,1.002,-0.02,3920,14.51,12.157,0,,,,,,,100.0,,,,,,
2026-10-01T12:00:30.591,767.721,0,799.0,36,,97.0,20.784,-2.0,2.344,1.001,1.0,-0.02,3910,14.51,12.157,0,,,,,,,,426.0,,,,,
2026-10-01T12:00:30.721,767.851,0,796.0,36,,96.938,20.784,-1.0,2.344,1.001,0.999,-0.023,3900,14.51,12.157,0,,,,,,,,,0.77,,,,
2026-10-01T12:00:30.851,767.981,0,791.25,36,,97.0,20.784,-1.5,2.344,1.001,0.996,-0.027,3900,14.51,12.157,0,,,,,,,,,,,0.781,,
2026-10-01T12:00:30.981,768.111,0,792.0,36,,96.906,20.784,-1.0,2.344,1.001,0.997,-0.027,3890,14.51,12.157,0,,,,,,,,,,,,21.569,
2026-10-01T12:00:31.112,768.242,0,798.75,36,,96.969,20.784,-1.5,2.344,1.001,0.996,-0.027,3900,14.51,12.157,0,,,,,,,,,,,,,800
2026-10-01T12:00:31.241,768.371,0,795.5,36,,96.938,20.784,-2.0,2.344,1.001,0.998,-0.027,3890,14.51,12.157,0,106,,,,,,,,,,,,
2026-10-01T12:00:31.371,768.501,0,794.5,36,,97.031,20.784,-2.0,2.344,1.001,0.998,-0.027,3900,14.51,12.157,0,,74,,,,,,,,,,,
2026-10-01T12:00:31.502,768.632,0,796.25,35,,96.938,20.784,-2.5,1.562,1.001,0.997,-0.027,3880,14.51,12.157,0,,,12.5,,,,,,,,,,
2026-10-01T12:00:31.632,768.762,0,796.75,35,,97.031,20.784,-1.5,2.344,1.001,0.999,-0.023,3880,14.51,12.157,0,,,,12.617,,,,,,,,,
2026-10-01T12:00:31.761,768.891,0,796.25,35,,96.969,20.784,-1.5,2.344,1.001,0.998,-0.023,3870,14.51,12.157,0,,,,,96,,,,,,,,
2026-10-01T12:00:31.891,769.021,0,796.0,35,,97.0,20.784,-1.0,2.344,1.001,0.999,-0.023,3850,14.51,12.157,0,,,,,,31,,,,,,,
2026-10-01T12:00:32.021,769.151,0,791.5,36,,96.938,21.176,-1.0,2.344,1.001,0.999,-0.023,3820,14.51,12.157,0,,,,,,,100.0,,,,,,
2026-10-01T12:00:32.151,769.281,0,796.75,36,,96.938,20.784,-1.5,2.344,1.001,0.999,-0.023,3810,14.51,12.157,0,,,,,,,,426.1,,,,,
2026-10-01T12:00:32.281,769.411,0,799.25,35,,97.0,20.784,-2.5,2.344,1.001,1.0,-0.02,3790,14.51,12.157,0,,,,,,,,,0.77,,,,
2026-10-01T12:00:32.411,769.541,0,791.75,35,,96.938,20.784,-1.0,2.344,1.001,1.002,-0.02,3790,14.51,12.157,0,,,,,,,,,,,0.781,,
2026-10-01T12:00:32.541,769.671,0,797.75,35,,96.969,20.784,-1.5,2.344,1.001,1.005,-0.016,3780,14.51,12.157,0,,,,,,,,,,,,21.569,
2026-10-01T12:00:32.671,769.801,0,799.0,36,,97.0,20.784,-2.0,2.344,1.001,1.003,-0.016,3800,14.51,12.157,0,,,,,,,,,,,,,802
2026-10-01T12:00:32.801,769.931,0,796.75,36,,96.969,20.784,-1.0,2.344,1.001,1.005,-0.016,3790,14.51,12.157,0,106,,,,,,,,,,,,
2026-10-01T12:00:32.932,770.062,0,798.5,36,,96.969,21.176,-2.0,2.344,1.001,1.007,-0.012,3810,14.51,12.157,0,,74,,,,,,,,,,,
2026-10-01T12:00:33.061,770.191,0,801.0,36,,96.969,21.176,-1.5,2.344,1.001,1.009,-0.012,3810,14.51,12.157,0,,,11.719,,,,,,,,,,
2026-10-01T12:00:33.191,770.321,0,796.5,36,,96.969,21.176,-2.5,2.344,1.001,1.007,-0.012,3830,14.51,12.157,0,,,,12.675,,,,,,,,,
2026-10-01T12:00:33.321,770.451,0,801.75,36,,96.969,20.784,-2.5,2.344,1.001,1.004,-0.016,3850,14.51,12.157,0,,,,,97,,,,,,,,
2026-10-01T12:00:33.451,770.581,0,802.0,36,,96.938,20.784,-2.5,2.344,1.001,1.004,-0.016,3870,14.51,12.157,0,,,,,,31,,,,,,,
2026-10-01T12:00:33.581,770.711,0,794.0,36,,96.938,20.784,-1.0,2.344,1.001,1.002,-0.02,3860,14.51,12.157,0,,,,,,,100.0,,,,,,
2026-10-01T12:00:33.711,770.841,0,790.25,36,,96.938,20.784,-1.0,2.344,1.001,0.999,-0.02,3870,14.51,12.157,0,,,,,,,,426.1,,,,,
2026-10-01T12:00:33.841,770.971,0,799.0,36,,96.938,20.784,-1.5,2.344,1.001,0.998,-0.023,3880,14.51,12.157,0,,,,,,,,,0.77,,,,
2026-10-01T12:00:33.971,771.101,0,793.5,36,,96.938,21.176,-1.0,2.344,1.001,0.999,-0.023,3880,14.51,12.157,0,,,,,,,,,,,0.781,,
2026-10-01T12:00:34.101,771.231,0,796.75,36,,97.0,21.176,-1.0,2.344,1.001,1.0,-0.02,3890,14.51,12.157,0,,,,,,,,,,,,21.961,
2026-10-01T12:00:34.232,771.362,0,797.0,36,,96.938,21.176,-1.5,2.344,1.001,0.999,-0.023,3910,14.51,12.157,0,,,,,,,,,,,,,804
2026-10-01T12:00:34.362,771.492,0,795.25,36,,96.969,20.784,-2.0,2.344,1.001,0.998,-0.023,3910,14.51,12.157,0,106,,,,,,,,,,,,
2026-10-01T12:00:34.491,771.621,0,795.0,36,,96.969,21.176,-2.0,2.344,1.001,0.998,-0.027,3920,14.51,12.157,0,,74,,,,,,,,,,,
2026-10-01T12:00:34.621,771.751,0,798.25,36,,96.906,21.176,-1.5,2.344,1.001,0.999,-0.023,3940,14.51,12.157,0,,,12.5,,,,,,,,,,
2026-10-01T12:00:34.751,771.882,0,800.75,36,,96.938,20.784,-2.5,2.344,1.001,0.997,-0.027,3940,14.51,12.157,0,,,,12.597,,,,,,,,,
2026-10-01T12:00:34.881,772.011,0,801.75,36,,96.938,21.176,-2.5,2.344,1.001,0.997,-0.027,3940,14.51,12.157,0,,,,,97,,,,,,,,
2026-10-01T12:00:35.021,772.151,0,802.5,36,,96.938,20.784,-2.5,2.344,1.001,0.996,-0.031,3940,14.51,12.157,0,,,,,,31,,,,,,,
2026-10-01T12:00:35.151,772.281,0,799.75,36,,96.906,20.784,-2.5,2.344,1.001,0.996,-0.031,3940,14.51,12.157,0,,,,,,,100.0,,,,,,
2026-10-01T12:00:35.281,772.411,0,802.25,36,,96.938,20.784,-2.5,2.344,1.001,0.996,-0.027,3940,14.51,12.157,0,,,,,,,,426.2,,,,,
2026-10-01T12:00:35.412,772.542,0,801.25,36,,96.938,20.784,-0.5,2.344,1.001,0.998,-0.027,3930,14.51,12.157,0,,,,,,,,,0.77,,,,
2026-10-01T12:00:35.541,772.671,0,794.25,36,,97.0,20.784,-2.0,2.344,1.001,0.998,-0.023,3910,14.51,12.157,0,,,,,,,,,,,0.781,,
2026-10-01T12:00:35.671,772.801,0,799.0,36,,96.906,21.176,-1.0,2.344,1.001,0.998,-0.027,3900,14.51,12.157,0,,,,,,,,,,,,21.961,
2026-10-01T12:00:35.801,772.931,0,801.5,36,,96.938,21.176,-3.0,2.344,1.001,0.998,-0.023,3940,14.51,12.157,0,,,,,,,,,,,,,805
2026-10-01T12:00:35.931,773.061,0,798.5,36,,96.906,21.176,-3.0,2.344,1.001,0.999,-0.023,3920,14.51,12.157,0,106,,,,,,,,,,,,
2026-10-01T12:00:36.061,773.191,0,795.25,36,,96.906,21.176,-1.5,2.344,1.001,0.998,-0.023,3870,14.51,12.157,0,,74,,,,,,,,,,,
2026-10-01T12:00:36.191,773.321,0,800.0,36,,96.969,21.176,-2.0,2.344,1.001,0.998,-0.023,3860,14.51,12.157,0,,,11.719,,,,,,,,,,
2026-10-01T12:00:36.321,773.451,0,798.0,36,,97.094,21.176,-2.5,2.344,1.001,0.997,-0.027,3840,14.51,12.157,0,,,,12.714,,,,,,,,,
2026-10-01T12:00:36.451,773.581,0,796.75,36,,97.031,21.176,-1.5,2.344,1.001,0.998,-0.023,3820,14.51,12.157,0,,,,,97,,,,,,,,
2026-10-01T12:00:36.581,773.711,0,803.0,36,,96.938,21.176,-2.5,2.344,1.001,0.998,-0.027,3840,14.51,12.157,0,,,,,,31,,,,,,,
2026-10-01T12:00:36.712,773.842,0,803.75,36,,96.938,21.176,-2.5,2.344,1.001,0.997,-0.027,3840,14.51,12.157,0,,,,,,,100.0,,,,,,
2026-10-01T12:00:36.841,773.971,0,801.25,36,,97.0,20.784,-3.0,2.344,1.001,0.996,-0.031,3830,14.51,12.157,0,,,,,,,,426.3,,,,,
2026-10-01T12:00:36.972,774.102,0,797.25,36,,96.969,21.176,-1.5,2.344,1.001,0.996,-0.031,3820,14.51,12.157,0,,,,,,,,,0.77,,,,
2026-10-01T12:00:37.102,774.232,0,798.75,36,,96.969,20.784,-1.0,1.562,1.001,0.994,-0.035,3810,14.51,12.157,0,,,,,,,,,,,0.781,,
2026-10-01T12:00:37.231,774.361,0,797.5,36,,97.0,21.176,-2.5,1.562,1.001,0.994,-0.035,3800,14.51,12.157,0,,,,,,,,,,,,21.961,
2026-10-01T12:00:37.361,774.491,0,798.25,36,,96.969,20.784,-2.0,1.562,1.001,0.996,-0.031,3800,14.51,12.157,0,,,,,,,,,,,,,807
2026-10-01T12:00:37.491,774.621,0,795.75,36,,96.969,21.176,-1.0,1.562,1.001,0.995,-0.035,3830,14.51,12.157,0,106,,,,,,,,,,,,
2026-10-01T12:00:37.621,774.751,0,795.25,36,,96.969,21.176,-1.5,1.562,1.001,0.993,-0.035,3860,14.51,12.157,0,,74,,,,,,,,,,,
2026-10-01T12:00:37.751,774.881,0,799.25,36,,96.938,21.176,-2.0,1.562,1.001,0.991,-0.043,3870,14.51,12.157,0,,,11.719,,,,,,,,,,
2026-10-01T12:00:37.881,775.011,0,796.5,36,,97.062,21.176,-2.5,1.562,1.001,0.989,-0.047,3890,14.51,12.157,0,,,,12.714,,,,,,,,,
2026-10-01T12:00:38.011,775.141,0,796.5,36,,96.969,21.176,-2.0,1.562,1.001,0.99,-0.043,3890,14.51,12.157,0,,,,,97,,,,,,,,
2026-10-01T12:00:38.141,775.271,0,798.0,36,,96.938,21.176,-2.0,1.562,1.001,0.989,-0.047,3880,14.51,12.157,0,,,,,,31,,,,,,,
2026-10-01T12:00:38.271,775.401,0,795.75,36,,97.062,21.176,-2.0,1.562,1.001,0.99,-0.047,3890,14.51,12.157,0,,,,,,,100.0,,,,,,
2026-10-01T12:00:38.401,775.531,0,794.75,36,,97.062,21.176,-2.0,0.781,1.001,0.989,-0.051,3890,14.51,12.157,0,,,,,,,,426.5,,,,,
2026-10-01T12:00:38.532,775.662,0,793.25,36,,97.094,21.176,-3.0,0.781,1.001,0.989,-0.047,3910,14.51,12.157,0,,,,,,,,,0.77,,,,
2026-10-01T12:00:38.661,775.791,0,797.5,36,,97.094,21.176,-2.5,0.781,1.001,0.989,-0.047,3880,14.51,12.157,0,,,,,,,,,,,0.781,,
2026-10-01T12:00:38.791,775.921,0,797.5,36,,97.031,21.176,-1.5,0.781,1.001,0.99,-0.043,3870,14.51,12.157,0,,,,,,,,,,,,21.569,
2026-10-01T12:00:38.921,776.051,0,794.25,36,,97.0,20.784,-1.5,0.781,1.001,0.991,-0.043,3860,14.51,12.157,0,,,,,,,,,,,,,808
2026-10-01T12:00:39.051,776.181,0,798.25,36,,97.062,21.176,-1.0,0.781,1.001,0.991,-0.043,3880,14.51,12.157,0,106,,,,,,,,,,,,
2026-10-01T12:00:39.181,776.311,0,796.5,36,,97.094,21.176,-1.0,0.781,1.001,0.993,-0.039,3870,14.51,12.157,0,,74,,,,,,,,,,,
2026-10-01T12:00:39.311,776.441,0,796.5,36,,97.062,21.176,-2.5,0.781,1.001,0.993,-0.039,3870,14.51,12.157,0,,,12.5,,,,,,,,,,
2026-10-01T12:00:39.441,776.571,0,795.0,36,,97.062,21.176,-1.0,0.781,1.001,0.993,-0.039,3870,14.51,12.157,0,,,,12.695,,,,,,,,,
2026-10-01T12:00:39.571,776.701,0,798.0,36,,97.0,21.176,-0.5,0.781,1.001,0.992,-0.039,3880,14.51,12.157,0,,,,,97,,,,,,,,
2026-10-01T12:00:39.702,776.832,0,794.5,36,,96.969,20.784,0.0,0.781,1.001,0.994,-0.035,3900,14.51,12.157,0,,,,,,31,,,,,,,
2026-10-01T12:00:39.831,776.961,0,795.75,36,,96.969,21.176,-1.0,0.781,1.001,0.995,-0.035,3880,14.51,12.157,0,,,,,,,100.0,,,,,,
2026-10-01T12:00:39.961,777.091,0,796.0,36,,97.0,20.784,0.0,0.781,1.001,0.994,-0.035,3880,14.51,12.157,0,,,,,,,,426.5,,,,,
2026-10-01T12:00:40.091,777.221,0,793.0,36,,97.062,21.176,-0.5,0.781,1.001,0.993,-0.039,3880,14.51,12.157,0,,,,,,,,,0.77,,,,
2026-10-01T12:00:40.221,777.351,0,792.75,36,,97.031,21.176,-1.5,0.781,1.001,0.994,-0.035,3890,14.51,12.157,0,,,,,,,,,,,0.781,,
2026-10-01T12:00:40.351,777.481,0,795.25,36,,97.0,20.784,-1.5,0.781,1.001,0.995,-0.035,3890,14.51,12.157,0,,,,,,,,,,,,21.961,
2026-10-01T12:00:40.481,777.611,0,797.25,36,,96.938,21.176,-1.0,0.781,1.001,0.995,-0.031,3890,14.51,12.157,0,,,,,,,,,,,,,810
2026-10-01T12:00:40.611,777.741,0,790.75,36,,96.969,21.176,-1.5,0.781,1.001,0.994,-0.035,3890,14.51,12.157,0,106,,,,,,,,,,,,
2026-10-01T12:00:40.741,777.871,0,796.75,36,,97.0,21.176,-2.5,0.781,1.001,0.997,-0.027,3900,14.51,12.157,0,,74,,,,,,,,,,,
2026-10-01T12:00:40.872,778.002,0,795.5,36,,96.969,21.176,-2.0,0.781,1.001,0.996,-0.031,3920,14.51,12.157,0,,,11.719,,,,,,,,,,
2026-10-01T12:00:41.001,778.131,0,791.75,36,,96.938,21.176,-1.0,0.781,1.001,0.997,-0.027,3910,14.51,12.157,0,,,,12.617,,,,,,,,,
2026-10-01T12:00:41.131,778.261,0,794.75,36,,97.031,21.176,-1.0,0.781,1.001,0.997,-0.027,3910,14.51,12.157,0,,,,,97,,,,,,,,
2026-10-01T12:00:41.261,778.391,0,797.75,37,,97.062,21.176,-1.0,0.781,1.001,0.996,-0.031,3900,14.51,12.157,0,,,,,,31,,,,,,,
2026-10-01T12:00:41.391,778.521,0,795.75,37,,97.062,20.784,-1.5,0.781,1.001,0.999,-0.023,3920,14.51,12.157,0,,,,,,,100.0,,,,,,
2026-10-01T12:00:41.521,778.651,0,798.5,37,,97.0,21.176,-1.5,0.781,1.001,0.999,-0.023,3900,14.51,12.157,0,,,,,,,,426.6,,,,,
2026-10-01T12:00:41.651,778.781,0,800.5,37,,97.062,21.176,-0.5,0.781,1.001,0.999,-0.023,3920,14.51,12.157,0,,,,,,,,,0.77,,,,
2026-10-01T12:00:41.781,778.911,0,794.5,36,,97.031,21.176,-1.5,0.781,1.001,0.998,-0.023,3910,14.51,12.157,0,,,,,,,,,,,0.781,,
2026-10-01T12:00:41.911,779.041,0,794.75,36,,97.031,21.176,-2.0,0.781,1.001,0.998,-0.023,3930,14.51,12.157,0,,,,,,,,,,,,21.569,
2026-10-01T12:00:42.041,779.171,0,799.0,36,,96.969,20.784,-2.5,0.781,1.001,0.996,-0.031,3910,14.51,12.157,0,,,,,,,,,,,,,811
2026-10-01T12:00:42.171,779.301,0,797.5,36,,97.0,21.176,-1.5,0.781,1.001,0.997,-0.027,3900,14.51,12.157,0,106,,,,,,,,,,,,
2026-10-01T12:00:42.302,779.432,0,798.0,36,,97.031,20.784,-1.0,0.781,1.001,0.998,-0.023,3900,14.51,12.157,0,,74,,,,,,,,,,,
2026-10-01T12:00:42.431,779.561,0,800.75,36,,97.031,21.176,-2.5,0.781,1.001,0.996,-0.027,3890,14.51,12.157,0,,,12.5,,,,,,,,,,
2026-10-01T12:00:42.561,779.691,0,797.75,36,,97.031,20.784,-2.0,0.0,1.001,0.995,-0.035,3910,14.51,12.157,0,,,,12.695,,,,,,,,,
2026-10-01T12:00:42.691,779.821,0,795.75,36,,97.0,21.176,-2.0,0.0,1.001,0.993,-0.039,3900,14.51,12.157,0,,,,,97,,,,,,,,
2026-10-01T12:00:42.821,779.951,0,795.75,36,,97.0,21.176,-2.0,0.0,1.001,0.994,-0.035,3890,14.51,12.157,0,,,,,,31,,,,,,,
2026-10-01T12:00:42.951,780.081,0,793.75,36,,97.0,20.784,-1.0,0.0,1.001,0.993,-0.039,3890,14.51,12.157,0,,,,,,,100.0,,,,,,
2026-10-01T12:00:43.081,780.211,0,799.25,37,,97.031,21.176,-1.0,0.0,1.001,0.993,-0.039,3900,14.51,12.157,0,,,,,,,,426.7,,,,,
2026-10-01T12:00:43.211,780.341,0,798.25,37,,97.0,21.176,-1.5,0.0,1.001,0.991,-0.043,3890,14.51,12.157,0,,,,,,,,,0.765,,,,
2026-10-01T12:00:43.341,780.471,0,795.5,36,,97.062,21.176,-2.0,0.0,1.001,0.991,-0.043,3880,14.51,12.157,0,,,,,,,,,,,0.781,,
2026-10-01T12:00:43.471,780.601,0,800.0,36,,97.031,20.784,-1.0,0.0,1.001,0.992,-0.039,3900,14.51,12.157,0,,,,,,,,,,,,21.961,
2026-10-01T12:00:43.601,780.731,0,796.25,36,,97.062,21.176,-1.0,0.0,1.001,0.991,-0.043,3900,14.51,12.157,0,,,,,,,,,,,,,813
2026-10-01T12:00:43.732,780.862,0,796.5,37,,96.938,21.176,-1.5,0.0,1.001,0.989,-0.047,3890,14.51,12.157,0,106,,,,,,,,,,,,
2026-10-01T12:00:43.861,780.991,0,799.5,37,,97.0,21.176,-1.5,0.0,1.001,0.99,-0.047,3890,14.51,12.157,0,,74,,,,,,,,,,,
2026-10-01T12:00:43.991,781.121,0,799.5,37,,97.0,21.176,-1.5,0.0,1.001,0.99,-0.047,3940,14.51,12.157,0,,,12.5,,,,,,,,,,
2026-10-01T12:00:44.121,781.251,0,801.75,36,,97.0,21.176,-2.5,0.0,1.001,0.99,-0.047,4040,14.51,12.157,0,,,,12.617,,,,,,,,,
2026-10-01T12:00:44.251,781.381,0,800.5,36,,97.0,21.176,-3.5,0.0,1.001,0.987,-0.051,4120,14.51,12.157,0,,,,,97,,,,,,,,
2026-10-01T12:00:44.381,781.511,0,805.0,36,,97.062,20.784,-3.0,0.0,1.001,0.989,-0.047,4170,14.51,12.157,0,,,,,,31,,,,,,,
2026-10-01T12:00:44.521,781.651,0,804.25,36,,97.0,21.176,-3.5,0.0,1.001,0.985,-0.059,4070,14.51,12.157,0,,,,,,,100.0,,,,,,
2026-10-01T12:00:44.651,781.781,0,804.0,36,,97.062,21.176,-3.0,0.0,1.001,0.982,-0.066,3910,14.51,12.157,0,,,,,,,,426.8,,,,,
2026-10-01T12:00:44.782,781.912,0,799.25,36,,97.0,21.176,-1.5,-0.781,1.001,0.977,-0.078,3710,14.51,12.157,0,,,,,,,,,0.77,,,,
2026-10-01T12:00:44.911,782.041,0,790.75,36,,97.094,21.176,-0.5,-0.781,1.001,0.977,-0.082,3650,14.51,12.157,0,,,,,,,,,,,0.781,,
2026-10-01T12:00:45.041,782.171,0,792.75,36,,97.062,21.176,-2.0,-0.781,1.001,0.982,-0.066,3590,14.51,12.157,0,,,,,,,,,,,,21.961,
2026-10-01T12:00:45.171,782.301,0,799.25,36,,97.0,21.176,0.0,-0.781,1.001,0.989,-0.047,3640,14.51,12.157,0,,,,,,,,,,,,,815
2026-10-01T12:00:45.301,782.431,0,796.25,36,,96.969,20.784,-1.5,-0.781,1.001,0.995,-0.035,3710,14.51,12.157,0,106,,,,,,,,,,,,
2026-10-01T12:00:45.431,782.561,0,799.0,36,,97.0,20.784,-2.5,0.0,1.001,0.998,-0.023,3850,14.51,12.157,0,,74,,,,,,,,,,,
2026-10-01T12:00:45.561,782.691,0,800.0,36,,97.031,20.784,-1.0,0.0,1.001,0.997,-0.027,3940,14.51,12.157,0,,,12.5,,,,,,,,,,
2026-10-01T12:00:45.691,782.821,0,800.75,36,,97.0,21.176,-2.0,-0.781,1.001,0.993,-0.039,4020,14.51,12.157,0,,,,12.656,,,,,,,,,
2026-10-01T12:00:45.821,782.951,0,797.75,36,,96.969,21.176,-1.5,-0.781,1.001,0.99,-0.047,4050,14.51,12.157,0,,,,,97,,,,,,,,
2026-10-01T12:00:45.951,783.081,0,793.75,36,,97.0,21.176,-1.0,-0.781,1.001,0.986,-0.055,4030,14.51,12.157,0,,,,,,31,,,,,,,
2026-10-01T12:00:46.081,783.211,0,798.0,36,,97.0,21.176,-1.0,-0.781,1.001,0.986,-0.055,4030,14.51,12.157,0,,,,,,,100.0,,,,,,
2026-10-01T12:00:46.211,783.341,0,795.75,36,,97.094,21.176,-3.0,-0.781,1.001,0.988,-0.051,4050,14.51,12.157,0,,,,,,,,426.9,,,,,
2026-10-01T12:00:46.341,783.471,0,797.25,36,,97.0,21.176,-2.5,-0.781,1.001,0.989,-0.047,4050,14.51,12.157,0,,,,,,,,,0.775,,,,
2026-10-01T12:00:46.472,783.602,0,801.0,36,,97.0,21.176,-1.0,-0.781,1.001,0.991,-0.043,4040,14.51,12.157,0,,,,,,,,,,,0.781,,
2026-10-01T12:00:46.601,783.731,0,801.5,36,,97.0,21.176,-3.0,-0.781,1.001,0.992,-0.039,4020,14.51,12.157,0,,,,,,,,,,,,21.961,
2026-10-01T12:00:46.731,783.861,0,798.25,36,,97.031,20.784,-2.5,-0.781,1.001,0.993,-0.039,4010,14.51,12.157,0,,,,,,,,,,,,,816
2026-10-01T12:00:46.861,783.991,0,799.0,36,,97.031,21.176,-1.5,-0.781,1.001,0.993,-0.039,3950,14.51,12.157,0,106,,,,,,,,,,,,
2026-10-01T12:00:46.991,784.121,0,797.25,36,,96.969,21.176,-1.5,-1.562,1.001,0.992,-0.043,3960,14.51,12.157,0,,74,,,,,,,,,,,
2026-10-01T12:00:47.121,784.251,0,799.25,36,,97.031,21.176,-2.0,-1.562,1.001,0.993,-0.039,3920,14.51,12.157,0,,,12.5,,,,,,,,,,
2026-10-01T12:00:47.251,784.381,0,796.0,36,,97.0,21.176,-2.0,-1.562,1.001,0.993,-0.039,3920,14.51,12.157,0,,,,12.734,,,,,,,,,
2026-10-01T12:00:47.381,784.511,0,794.25,36,,97.094,21.176,-1.5,-1.562,1.001,0.995,-0.035,3880,14.51,12.157,0,,,,,97,,,,,,,,
2026-10-01T12:00:47.521,784.651,0,798.5,36,,97.062,21.176,-2.5,-1.562,1.001,0.995,-0.031,3880,14.51,12.157,0,,,,,,31,,,,,,,
2026-10-01T12:00:47.651,784.781,0,796.75,36,,97.094,20.784,-2.5,-1.562,1.001,0.996,-0.031,3860,14.51,12.157,0,,,,,,,100.0,,,,,,
2026-10-01T12:00:47.781,784.911,0,796.25,36,,97.094,21.176,-2.0,-1.562,1.001,0.996,-0.031,3850,14.51,12.157,0,,,,,,,,427.0,,,,,
2026-10-01T12:00:47.911,785.041,0,792.0,36,,97.0,20.784,-1.0,-1.562,1.001,0.995,-0.035,3850,14.51,12.157,0,,,,,,,,,0.775,,,,
2026-10-01T12:00:48.041,785.171,0,796.75,36,,97.0,21.176,-2.0,-1.562,1.001,0.995,-0.031,3840,14.51,12.157,0,,,,,,,,,,,0.781,,
2026-10-01T12:00:48.171,785.301,0,800.5,36,,97.0,20.784,-2.0,-1.562,1.001,0.996,-0.031,3840,14.51,12.157,0,,,,,,,,,,,,21.961,
2026-10-01T12:00:48.301,785.431,0,797.75,36,,97.031,21.176,-2.5,-1.562,1.001,0.997,-0.027,3840,14.51,12.157,0,,,,,,,,,,,,,818
2026-10-01T12:00:48.431,785.561,0,800.0,36,,96.969,21.176,-2.5,-1.562,1.001,0.997,-0.027,3850,14.51,12.157,0,106,,,,,,,,,,,,
2026-10-01T12:00:48.561,785.691,0,802.75,36,,97.0,21.176,-1.5,-1.562,1.001,0.997,-0.027,3850,14.51,12.157,0,,74,,,,,,,,,,,
2026-10-01T12:00:48.691,785.821,0,796.0,36,,97.0,21.176,-2.5,-1.562,1.001,0.995,-0.031,3850,14.51,12.157,0,,,12.5,,,,,,,,,,
2026-10-01T12:00:48.821,785.951,0,793.75,36,,96.969,20.784,-1.5,-1.562,1.001,0.995,-0.031,3850,14.51,12.157,0,,,,12.636,,,,,,,,,
2026-10-01T12:00:48.952,786.082,0,797.25,36,,96.969,21.176,-0.5,-1.562,1.001,0.997,-0.027,3850,14.51,12.157,0,,,,,97,,,,,,,,
2026-10-01T12:00:49.081,786.211,0,799.5,36,,96.969,20.784,-0.5,-1.562,1.001,0.998,-0.023,3840,14.51,12.157,0,,,,,,31,,,,,,,
2026-10-01T12:00:49.211,786.341,0,797.0,36,,97.031,21.176,-2.5,-1.562,1.001,0.999,-0.023,3860,14.51,12.157,0,,,,,,,100.0,,,,,,
2026-10-01T12:00:49.341,786.471,0,800.5,36,,97.031,21.176,-2.0,-1.562,1.001,0.999,-0.023,3870,14.51,12.157,0,,,,,,,,427.1,,,,,
2026-10-01T12:00:49.471,786.601,0,798.25,36,,97.0,21.176,-1.5,-1.562,1.001,0.999,-0.02,3870,14.51,12.157,0,,,,,,,,,0.775,,,,
2026-10-01T12:00:49.611,786.741,0,801.0,36,,97.0,21.176,-2.0,-1.562,1.001,1.001,-0.02,3880,14.51,12.157,0,,,,,,,,,,,0.781,,
2026-10-01T12:00:49.742,786.872,0,794.75,36,,97.0,20.784,-2.5,-1.562,1.001,1.001,-0.02,3880,14.51,12.157,0,,,,,,,,,,,,21.961,
2026-10-01T12:00:49.871,787.001,0,798.75,36,,96.969,21.176,-1.5,-1.562,1.001,1.001,-0.02,3880,14.51,12.157,0,,,,,,,,,,,,,819
2026-10-01T12:00:50.001,787.131,0,794.25,36,,97.031,20.784,-1.5,-1.562,1.001,1.002,-0.02,3890,14.51,12.157,0,106,,,,,,,,,,,,
2026-10-01T12:00:50.131,787.261,0,800.5,36,,97.0,21.176,-2.5,-0.781,1.001,1.003,-0.016,3900,14.51,12.157,0,,74,,,,,,,,,,,
2026-10-01T12:00:50.261,787.391,0,803.5,36,,96.969,21.176,-2.5,-0.781,1.001,1.0,-0.02,3920,14.51,12.157,0,,,12.5,,,,,,,,,,
2026-10-01T12:00:50.391,787.521,0,796.25,36,,97.094,21.176,-2.0,-1.562,1.001,1.002,-0.02,3920,14.51,12.157,0,,,,12.597,,,,,,,,,
2026-10-01T12:00:50.521,787.651,0,796.0,36,,97.031,21.176,-3.5,-1.562,1.001,1.001,-0.02,3940,14.51,12.157,0,,,,,97,,,,,,,,
2026-10-01T12:00:50.651,787.781,0,803.5,36,,97.094,20.784,-2.5,-1.562,1.001,0.999,-0.023,3940,14.51,12.157,0,,,,,,31,,,,,,,
2026-10-01T12:00:50.781,787.911,0,801.0,36,,97.031,21.176,-3.0,-1.562,1.001,0.999,-0.023,3960,14.51,12.157,0,,,,,,,100.0,,,,,,
2026-10-01T12:00:50.911,788.041,0,800.25,36,,97.062,21.176,-3.0,-1.562,1.001,0.998,-0.023,3980,14.51,12.157,0,,,,,,,,427.1,,,,,
2026-10-01T12:00:51.041,788.171,0,798.75,36,,97.0,21.176,-3.0,-1.562,1.001,0.998,-0.023,3980,14.51,12.157,0,,,,,,,,,0.77,,,,
2026-10-01T12:00:51.171,788.301,0,801.0,36,,97.062,21.176,-3.0,-1.562,1.001,0.996,-0.031,3980,14.51,12.157,0,,,,,,,,,,,0.781,,
2026-10-01T12:00:51.301,788.431,0,803.25,36,,97.031,21.176,-2.5,-1.562,1.001,0.994,-0.035,3980,14.51,12.157,0,,,,,,,,,,,,21.961,
2026-10-01T12:00:51.431,788.561,0,801.25,36,,96.969,21.176,-2.5,-1.562,1.001,0.992,-0.039,3970,14.51,12.157,0,,,,,,,,,,,,,821
2026-10-01T12:00:51.561,788.691,0,805.5,36,,97.0,21.176,-3.0,-1.562,1.001,0.992,-0.039,3970,14.51,12.157,0,106,,,,,,,,,,,,
2026-10-01T12:00:51.691,788.821,0,805.75,36,,97.0,21.176,-3.0,-1.562,1.001,0.988,-0.051,3970,14.51,12.157,0,,74,,,,,,,,,,,
2026-10-01T12:00:51.821,788.951,0,800.75,36,,97.0,20.784,-3.5,-2.344,1.001,0.984,-0.059,3960,14.51,12.157,0,,,12.5,,,,,,,,,,
2026-10-01T12:00:51.951,789.081,0,802.25,36,,97.0,21.176,-4.0,-2.344,1.001,0.983,-0.062,3970,14.51,12.157,0,,,,12.695,,,,,,,,,
2026-10-01T12:00:52.081,789.211,0,806.25,36,,97.094,20.784,-2.5,-2.344,1.001,0.979,-0.074,3950,14.51,12.157,0,,,,,97,,,,,,,,
2026-10-01T12:00:52.212,789.342,0,802.75,36,,97.062,20.784,-3.0,-3.125,1.001,0.979,-0.074,3930,14.51,12.157,0,,,,,,32,,,,,,,
2026-10-01T12:00:52.341,789.471,0,805.25,36,,97.031,20.784,-2.5,-3.125,1.001,0.976,-0.082,3920,14.51,12.157,0,,,,,,,100.0,,,,,,
2026-10-01T12:00:52.472,789.602,0,806.5,36,,97.094,20.784,-1.5,-3.125,1.001,0.978,-0.078,3900,14.51,12.157,0,,,,,,,,427.3,,,,,
2026-10-01T12:00:52.601,789.731,0,803.0,36,,97.062,20.784,-2.5,-3.125,1.001,0.979,-0.074,3900,14.51,12.157,0,,,,,,,,,0.775,,,,
2026-10-01T12:00:52.731,789.861,0,804.5,36,,97.062,20.784,-2.5,-3.125,1.001,0.98,-0.07,3920,14.51,12.157,0,,,,,,,,,,,0.781,,
2026-10-01T12:00:52.861,789.991,0,802.0,36,,97.125,21.176,-2.5,-3.125,1.001,0.979,-0.074,3920,14.51,12.157,0,,,,,,,,,,,,21.961,
2026-10-01T12:00:52.991,790.121,0,798.0,36,,97.0,21.176,-2.5,-3.906,1.001,0.979,-0.074,3910,14.51,12.157,0,,,,,,,,,,,,,822
2026-10-01T12:00:53.121,790.251,0,801.0,36,,97.094,21.176,-2.5,-3.906,1.001,0.981,-0.066,3900,14.51,12.157,0,106,,,,,,,,,,,,
2026-10-01T12:00:53.251,790.381,0,797.5,36,,97.0,21.176,-2.0,-3.906,1.001,0.982,-0.066,3900,14.51,12.157,0,,74,,,,,,,,,,,
2026-10-01T12:00:53.381,790.511,0,797.0,36,,97.0,21.176,-2.0,-3.906,1.001,0.986,-0.055,3880,14.51,12.157,0,,,12.5,,,,,,,,,,
2026-10-01T12:00:53.521,790.651,0,799.75,36,,96.938,21.176,-2.0,-3.906,1.001,0.987,-0.051,3880,14.51,12.157,0,,,,12.695,,,,,,,,,
2026-10-01T12:00:53.651,790.781,0,801.0,36,,96.969,20.784,-2.0,-3.906,1.001,0.99,-0.047,3860,14.51,12.157,0,,,,,97,,,,,,,,
2026-10-01T12:00:53.781,790.911,0,797.75,36,,97.0,21.176,-2.5,-3.906,1.001,0.991,-0.043,3860,14.51,12.157,0,,,,,,32,,,,,,,
2026-10-01T12:00:53.911,791.041,0,795.0,36,,96.969,20.784,-2.0,-3.906,1.001,0.992,-0.039,3840,14.51,12.157,0,,,,,,,100.0,,,,,,
2026-10-01T12:00:54.041,791.171,0,797.75,36,,96.938,21.176,-1.5,-3.906,1.002,0.995,-0.031,3840,14.51,12.157,0,,,,,,,,427.4,,,,,
2026-10-01T12:00:54.171,791.301,0,794.25,36,,97.0,20.784,-1.0,-3.906,1.002,0.996,-0.027,3820,14.51,12.157,0,,,,,,,,,0.78,,,,
2026-10-01T12:00:54.301,791.431,0,793.5,36,,96.969,21.176,-1.5,-3.906,1.002,0.999,-0.023,3820,14.51,12.157,0,,,,,,,,,,,0.781,,
2026-10-01T12:00:54.431,791.561,0,797.5,36,,97.031,21.176,-2.0,-3.906,1.002,0.999,-0.023,3820,14.51,12.157,0,,,,,,,,,,,,21.569,
2026-10-01T12:00:54.561,791.691,0,799.75,36,,97.0,21.176,-1.5,-3.906,1.001,1.001,-0.02,3830,14.51,12.157,0,,,,,,,,,,,,,824
2026-10-01T12:00:54.692,791.822,0,793.5,36,,97.0,21.176,-2.0,-3.125,1.001,1.005,-0.016,3850,14.51,12.157,0,106,,,,,,,,,,,,
2026-10-01T12:00:54.821,791.951,0,795.5,36,,96.938,20.784,-1.0,-3.125,1.001,1.01,-0.012,3840,14.51,12.157,0,,74,,,,,,,,,,,
2026-10-01T12:00:54.951,792.081,0,789.5,36,,96.969,21.176,-1.0,-3.125,1.001,1.012,-0.008,3850,14.51,12.157,0,,,12.5,,,,,,,,,,
2026-10-01T12:00:55.081,792.211,0,794.5,36,,97.0,21.176,-1.0,-3.125,1.001,1.012,-0.008,3870,14.51,12.157,0,,,,12.617,,,,,,,,,
2026-10-01T12:00:55.211,792.341,0,795.5,36,,96.969,21.176,-2.0,-3.125,1.001,1.011,-0.008,3860,14.51,12.157,0,,,,,97,,,,,,,,
2026-10-01T12:00:55.341,792.471,0,797.25,36,,97.0,21.176,-1.5,-3.125,1.001,1.009,-0.012,3870,14.51,12.157,0,,,,,,32,,,,,,,
2026-10-01T12:00:55.471,792.601,0,794.5,36,,97.0,21.176,1.0,-2.344,1.001,1.015,-0.004,3880,14.51,12.157,0,,,,,,,100.0,,,,,,
2026-10-01T12:00:55.601,792.731,0,792.25,36,,97.0,21.176,-1.0,-2.344,1.001,1.017,-0.004,3890,14.51,12.157,0,,,,,,,,427.5,,,,,
2026-10-01T12:00:55.731,792.861,0,796.25,36,,97.0,21.176,-2.0,-2.344,1.001,1.016,-0.004,3880,14.51,12.157,0,,,,,,,,,0.77,,,,
2026-10-01T12:00:55.862,792.992,0,799.0,36,,97.062,21.176,-2.5,-2.344,1.001,1.015,-0.004,3880,14.51,12.157,0,,,,,,,,,,,0.781,,
2026-10-01T12:00:55.991,793.121,0,798.5,36,,96.969,21.176,-0.5,-2.344,1.001,1.014,-0.008,3870,14.51,12.157,0,,,,,,,,,,,,21.961,
2026-10-01T12:00:56.121,793.251,0,795.0,36,,96.938,21.176,-1.0,-2.344,1.001,1.014,-0.008,3880,14.51,12.157,0,,,,,,,,,,,,,825
2026-10-01T12:00:56.251,793.381,0,793.25,36,,97.0,20.784,-1.0,-1.562,1.001,1.015,-0.004,3860,14.51,12.157,0,106,,,,,,,,,,,,
2026-10-01T12:00:56.381,793.511,0,797.25,36,,96.969,21.176,-0.5,-1.562,1.001,1.018,-0.004,3870,14.51,12.157,0,,74,,,,,,,,,,,
2026-10-01T12:00:56.521,793.651,0,798.25,36,,96.969,21.176,-1.0,-1.562,1.001,1.02,0.0,3870,14.51,12.157,0,,,12.5,,,,,,,,,,
2026-10-01T12:00:56.651,793.782,0,793.0,36,,96.969,21.176,-2.0,-1.562,1.001,1.019,0.0,3870,14.51,12.157,0,,,,12.695,,,,,,,,,
2026-10-01T12:00:56.781,793.911,0,795.0,36,,97.0,20.784,-2.0,-1.562,1.001,1.015,-0.004,3890,14.51,12.157,0,,,,,97,,,,,,,,
2026-10-01T12:00:56.911,794.041,0,801.25,36,,97.062,21.176,-1.0,-1.562,1.001,1.013,-0.008,3890,14.51,12.157,0,,,,,,32,,,,,,,
2026-10-01T12:00:57.041,794.171,0,792.5,36,,97.0,21.176,-1.0,-1.562,1.001,1.013,-0.008,3880,14.51,12.157,0,,,,,,,100.0,,,,,,
2026-10-01T12:00:57.171,794.301,0,790.75,36,,97.0,21.176,-1.0,-0.781,1.001,1.013,-0.008,3880,14.51,12.157,0,,,,,,,,427.6,,,,,
2026-10-01T12:00:57.301,794.431,0,795.0,36,,96.969,21.176,-1.5,-0.781,1.001,1.014,-0.008,3900,14.51,12.157,0,,,,,,,,,0.77,,,,
2026-10-01T12:00:57.431,794.561,0,796.5,36,,97.0,21.176,-2.0,-0.781,1.001,1.015,-0.004,3920,14.51,12.157,0,,,,,,,,,,,0.781,,
2026-10-01T12:00:57.561,794.691,0,793.25,36,,96.938,21.176,-2.0,-0.781,1.001,1.017,-0.004,3930,14.51,12.157,0,,,,,,,,,,,,21.961,
2026-10-01T12:00:57.691,794.821,0,798.5,36,,97.062,21.176,-1.0,-0.781,1.001,1.018,-0.004,3940,14.51,12.157,0,,,,,,,,,,,,,827
2026-10-01T12:00:57.821,794.952,0,797.5,36,,97.0,21.176,-2.0,-0.781,1.001,1.014,-0.008,3920,14.51,12.157,0,106,,,,,,,,,,,,
2026-10-01T12:00:57.951,795.081,0,798.25,36,,97.0,21.176,-1.0,-0.781,1.001,1.015,-0.004,3940,14.51,12.157,0,,74,,,,,,,,,,,
2026-10-01T12:00:58.081,795.211,0,791.75,36,,97.031,21.176,-1.5,-0.781,1.001,1.013,-0.008,3920,14.51,12.157,0,,,12.5,,,,,,,,,,
2026-10-01T12:00:58.211,795.341,0,795.5,36,,97.062,21.176,-1.0,-0.781,1.001,1.013,-0.008,3930,14.51,12.157,0,,,,12.617,,,,,,,,,
2026-10-01T12:00:58.341,795.471,0,793.0,36,,96.969,21.176,-2.0,0.0,1.001,1.015,-0.004,3940,14.51,12.157,0,,,,,97,,,,,,,,
2026-10-01T12:00:58.471,795.601,0,798.25,36,,97.031,20.784,-2.0,0.0,1.001,1.014,-0.008,3950,14.51,12.157,0,,,,,,32,,,,,,,
2026-10-01T12:00:58.601,795.731,0,799.0,36,,97.062,21.176,-1.5,0.0,1.001,1.013,-0.008,3940,14.51,12.157,0,,,,,,,100.0,,,,,,
2026-10-01T12:00:58.731,795.861,0,798.5,36,,96.969,21.176,-2.5,0.0,1.001,1.012,-0.008,3940,14.51,12.157,0,,,,,,,,427.6,,,,,
2026-10-01T12:00:58.861,795.991,0,797.5,36,,96.938,21.176,-2.0,0.0,1.001,1.011,-0.008,3910,14.51,12.157,0,,,,,,,,,0.765,,,,
2026-10-01T12:00:58.991,796.121,0,798.5,36,,96.969,21.176,-2.0,0.0,1.001,1.01,-0.012,3900,14.51,12.157,0,,,,,,,,,,,0.781,,
2026-10-01T12:00:59.121,796.251,0,794.25,36,,97.0,20.784,-2.0,0.0,1.001,1.012,-0.008,3900,14.51,12.157,0,,,,,,,,,,,,21.961,
2026-10-01T12:00:59.252,796.382,0,799.5,36,,96.938,21.176,-1.0,0.0,1.001,1.009,-0.012,3920,14.51,12.157,0,,,,,,,,,,,,,829
2026-10-01T12:00:59.381,796.511,0,802.25,36,,97.0,20.784,-2.5,0.0,1.001,1.009,-0.012,3920,14.51,12.157,0,106,,,,,,,,,,,,
2026-10-01T12:00:59.511,796.641,0,797.25,36,,97.0,21.176,-3.0,0.0,1.001,1.007,-0.012,3930,14.51,12.157,0,,74,,,,,,,,,,,
2026-10-01T12:00:59.641,796.771,0,796.75,36,,97.0,21.176,-2.0,0.0,1.001,1.004,-0.016,3910,14.51,12.157,0,,,12.5,,,,,,,,,,
2026-10-01T12:00:59.771,796.901,0,795.0,36,,97.062,21.176,-1.0,0.0,1.001,1.001,-0.02,3880,14.51,12.157,0,,,,12.734,,,,,,,,,
2026-10-01T12:00:59.901,797.031,0,800.0,36,,97.031,21.176,-2.5,0.0,1.001,0.999,-0.02,3890,14.51,12.157,0,,,,,97,,,,,,,,
2026-10-01T12:01:00.031,797.161,0,796.75,36,,97.0,20.784,-2.5,0.0,1.001,0.999,-0.023,3870,14.51,12.157,0,,,,,,32,,,,,,,
2026-10-01T12:01:00.161,797.291,0,799.25,36,,96.969,21.176,-2.5,0.0,1.001,0.999,-0.023,3870,14.51,12.157,0,,,,,,,100.0,,,,,,
2026-10-01T12:01:00.291,797.421,0,803.25,36,,97.0,20.784,-2.0,0.0,1.001,0.998,-0.027,3850,14.51,12.157,0,,,,,,,,427.8,,,,,
2026-10-01T12:01:00.421,797.551,0,804.0,35,,97.062,20.784,-2.5,0.0,1.001,0.999,-0.023,3830,14.51,12.157,0,,,,,,,,,0.765,,,,
2026-10-01T12:01:00.551,797.681,0,797.25,36,,96.938,20.784,-2.0,0.0,1.001,0.999,-0.023,3840,14.51,12.157,0,,,,,,,,,,,0.781,,
2026-10-01T12:01:00.681,797.811,0,802.5,36,,96.938,20.784,-2.0,0.0,1.001,0.999,-0.023,3840,14.51,12.157,0,,,,,,,,,,,,21.961,
2026-10-01T12:01:00.811,797.941,0,801.0,36,,96.938,20.784,-1.5,0.0,1.001,0.999,-0.023,3840,14.51,12.157,0,,,,,,,,,,,,,830
2026-10-01T12:01:00.942,798.072,0,795.25,36,,96.906,20.784,-2.5,0.0,1.001,0.999,-0.023,3840,14.51,12.157,0,106,,,,,,,,,,,,
2026-10-01T12:01:01.071,798.201,0,795.0,36,,96.938,21.176,-1.5,0.0,1.001,0.999,-0.023,3860,14.51,12.157,0,,74,,,,,,,,,,,
2026-10-01T12:01:01.202,798.332,0,800.25,36,,96.969,20.784,-2.0,0.0,1.001,0.998,-0.023,3860,14.51,12.157,0,,,12.5,,,,,,,,,,
2026-10-01T12:01:01.331,798.461,0,800.75,36,,97.062,21.176,-2.5,0.0,1.001,0.999,-0.023,3870,14.51,12.157,0,,,,12.617,,,,,,,,,
2026-10-01T12:01:01.461,798.591,0,798.0,36,,97.0,20.784,-2.5,0.0,1.001,0.999,-0.023,3870,14.51,12.157,0,,,,,97,,,,,,,,
2026-10-01T12:01:01.591,798.721,0,794.5,36,,96.938,21.176,-1.0,0.0,1.001,1.0,-0.02,3870,14.51,12.157,0,,,,,,32,,,,,,,
2026-10-01T12:01:01.721,798.851,0,792.75,36,,97.0,21.176,-1.5,0.0,1.001,0.999,-0.02,3850,14.51,12.157,0,,,,,,,100.0,,,,,,
2026-10-01T12:01:01.851,798.981,0,801.0,36,,96.906,20.784,-1.5,0.0,1.001,0.999,-0.023,3860,14.51,12.157,0,,,,,,,,427.8,,,,,
2026-10-01T12:01:01.981,799.111,0,798.75,36,,96.938,21.176,-2.0,0.0,1.001,1.003,-0.016,3860,14.51,12.157,0,,,,,,,,,0.765,,,,
2026-10-01T12:01:02.111,799.241,0,795.75,36,,96.938,20.784,-1.0,0.0,1.001,1.0,-0.02,3870,14.51,12.157,0,,,,,,,,,,,0.781,,
2026-10-01T12:01:02.241,799.371,0,793.5,36,,96.938,21.176,-1.5,0.0,1.001,1.003,-0.016,3870,14.51,12.157,0,,,,,,,,,,,,21.961,
2026-10-01T12:01:02.371,799.501,0,797.25,36,,97.0,20.784,-1.0,0.0,1.001,1.005,-0.016,3890,14.51,12.157,0,,,,,,,,,,,,,832
2026-10-01T12:01:02.501,799.631,0,799.75,36,,96.938,21.176,-2.5,0.0,1.001,1.006,-0.016,3890,14.51,12.157,0,106,,,,,,,,,,,,
2026-10-01T12:01:02.631,799.761,0,801.0,36,,97.0,21.176,-1.0,0.0,1.001,1.005,-0.016,3900,14.51,12.157,0,,74,,,,,,,,,,,
2026-10-01T12:01:02.761,799.891,0,794.5,36,,96.938,21.176,-2.0,0.0,1.001,1.004,-0.016,3920,14.51,12.157,0,,,12.5,,,,,,,,,,
2026-10-01T12:01:02.891,800.021,0,794.25,36,,97.031,21.176,-2.5,0.0,1.001,1.003,-0.016,3940,14.51,12.157,0,,,,12.695,,,,,,,,,
2026-10-01T12:01:03.021,800.151,0,796.75,36,,97.0,20.784,-2.5,0.0,1.001,1.0,-0.02,3950,14.51,12.157,0,,,,,97,,,,,,,,
2026-10-01T12:01:03.151,800.281,0,799.75,36,,96.938,21.176,-2.5,0.0,1.001,1.005,-0.016,3960,14.51,12.157,0,,,,,,32,,,,,,,
2026-10-01T12:01:03.281,800.411,0,804.5,36,,97.0,21.176,-2.5,0.0,1.001,1.005,-0.016,3950,14.51,12.157,0,,,,,,,100.0,,,,,,
2026-10-01T12:01:03.411,800.541,0,801.75,36,,97.062,21.176,-2.0,0.0,1.001,1.004,-0.016,3960,14.51,12.157,0,,,,,,,,428.0,,,,,
2026-10-01T12:01:03.541,800.671,0,793.75,36,,97.0,21.176,-1.5,0.0,1.001,1.003,-0.016,3960,14.51,12.157,0,,,,,,,,,0.765,,,,
2026-10-01T12:01:03.671,800.801,0,793.5,36,,97.0,21.176,-2.5,0.0,1.001,1.004,-0.016,3930,14.51,12.157,0,,,,,,,,,,,0.781,,
2026-10-01T12:01:03.801,800.931,0,796.5,36,,97.0,21.176,-2.5,0.0,1.001,1.005,-0.016,3940,14.51,12.157,0,,,,,,,,,,,,21.961,
2026-10-01T12:01:03.931,801.061,0,796.0,36,,97.031,21.176,-2.5,0.0,1.001,1.005,-0.016,3940,14.51,12.157,0,,,,,,,,,,,,,833
2026-10-01T12:01:04.062,801.192,0,800.5,36,,97.0,21.176,-1.5,0.0,1.001,1.005,-0.016,3930,14.51,12.157,0,106,,,,,,,,,,,,
2026-10-01T12:01:04.191,801.321,0,797.75,36,,96.969,21.176,-1.0,0.0,1.001,1.007,-0.012,3910,14.51,12.157,0,,74,,,,,,,,,,,
2026-10-01T12:01:04.321,801.451,0,793.0,36,,96.969,21.176,-2.5,0.0,1.001,1.006,-0.016,3890,14.51,12.157,0,,,12.5,,,,,,,,,,
2026-10-01T12:01:04.451,801.581,0,793.75,36,,97.0,20.784,-2.5,0.0,1.001,1.005,-0.016,3850,14.51,12.157,0,,,,12.597,,,,,,,,,
2026-10-01T12:01:04.581,801.711,0,798.0,36,,96.969,21.176,-2.5,0.0,1.001,1.007,-0.012,3840,14.51,12.157,0,,,,,97,,,,,,,,
2026-10-01T12:01:04.711,801.841,0,794.75,36,,96.969,20.784,-2.0,0.0,1.001,1.006,-0.016,3830,14.51,12.157,0,,,,,,31,,,,,,,
2026-10-01T12:01:04.841,801.971,0,796.0,36,,97.062,21.176,-1.5,0.0,1.001,1.004,-0.016,3810,14.51,12.157,0,,,,,,,100.0,,,,,,
2026-10-01T12:01:04.971,802.101,0,795.0,36,,96.969,20.784,-1.0,0.0,1.001,1.002,-0.02,3820,14.51,12.157,0,,,,,,,,428.0,,,,,
2026-10-01T12:01:05.101,802.231,0,800.0,36,,96.969,21.176,-2.5,0.0,1.001,1.002,-0.02,3840,14.51,12.157,0,,,,,,,,,0.765,,,,
2026-10-01T12:01:05.231,802.361,0,800.5,36,,96.969,21.176,-2.5,0.0,1.001,1.002,-0.02,3840,14.51,12.157,0,,,,,,,,,,,0.781,,
2026-10-01T12:01:05.361,802.491,0,795.5,36,,97.031,21.176,-2.0,0.0,1.001,0.999,-0.023,3850,14.51,12.157,0,,,,,,,,,,,,21.961,
2026-10-01T12:01:05.491,802.621,0,799.0,36,,97.0,21.176,-2.5,0.0,1.001,0.999,-0.023,3840,14.51,12.157,0,,,,,,,,,,,,,835
2026-10-01T12:01:05.621,802.751,0,797.0,36,,97.0,20.784,-2.0,0.0,1.001,0.999,-0.023,3830,14.51,12.157,0,106,,,,,,,,,,,,
2026-10-01T12:01:05.751,802.881,0,799.75,36,,97.0,21.176,-2.5,0.0,1.001,0.999,-0.023,3830,14.51,12.157,0,,74,,,,,,,,,,,
2026-10-01T12:01:05.881,803.011,0,798.5,36,,96.969,20.784,-1.0,0.0,1.001,0.999,-0.023,3820,14.51,12.157,0,,,12.5,,,,,,,,,,
2026-10-01T12:01:06.011,803.141,0,796.0,36,,96.938,21.176,-2.0,0.0,1.001,0.999,-0.023,3830,14.51,12.157,0,,,,12.675,,,,,,,,,
2026-10-01T12:01:06.141,803.271,0,796.25,36,,96.938,21.176,-2.5,0.0,1.001,0.999,-0.023,3850,14.51,12.157,0,,,,,97,,,,,,,,
2026-10-01T12:01:06.271,803.401,0,800.75,36,,97.0,21.176,-2.0,0.0,1.001,0.998,-0.023,3870,14.51,12.157,0,,,,,,31,,,,,,,
2026-10-01T12:01:06.401,803.531,0,798.75,36,,96.969,21.176,-3.0,0.0,1.001,0.998,-0.023,3890,14.51,12.157,0,,,,,,,100.0,,,,,,
2026-10-01T12:01:06.531,803.661,0,799.25,36,,96.969,20.784,-2.5,0.0,1.001,0.999,-0.023,3880,14.51,12.157,0,,,,,,,,428.1,,,,,
2026-10-01T12:01:06.661,803.791,0,799.25,36,,96.969,21.176,-1.5,0.0,1.001,0.999,-0.02,3900,14.51,12.157,0,,,,,,,,,0.765,,,,
2026-10-01T12:01:06.791,803.921,0,798.0,36,,97.0,20.784,-2.0,0.0,1.001,1.0,-0.02,3920,14.51,12.157,0,,,,,,,,,,,0.781,,
2026-10-01T12:01:06.921,804.051,0,793.75,36,,97.0,21.176,-2.0,0.0,1.001,0.999,-0.023,3940,14.51,12.157,0,,,,,,,,,,,,21.961,
2026-10-01T12:01:07.051,804.181,0,793.75,36,,97.0,21.176,-2.0,0.0,1.001,0.998,-0.023,3960,14.51,12.157,0,,,,,,,,,,,,,836
2026-10-01T12:01:07.182,804.312,0,799.25,36,,96.969,21.176,-1.0,0.0,1.001,0.998,-0.023,3960,14.51,12.157,0,106,,,,,,,,,,,,
2026-10-01T12:01:07.311,804.441,0,795.75,36,,97.0,21.176,-2.5,0.0,1.001,0.999,-0.023,3940,14.51,12.157,0,,74,,,,,,,,,,,
2026-10-01T12:01:07.441,804.571,0,802.5,36,,97.0,21.176,-1.5,0.0,1.001,1.001,-0.02,3930,14.51,12.157,0,,,12.5,,,,,,,,,,
2026-10-01T12:01:07.571,804.701,0,796.5,36,,96.969,21.176,-2.5,0.0,1.001,1.002,-0.02,3940,14.51,12.157,0,,,,12.578,,,,,,,,,
2026-10-01T12:01:07.701,804.831,0,797.0,36,,97.0,20.784,-2.5,0.0,1.001,1.0,-0.02,3940,14.51,12.157,0,,,,,97,,,,,,,,
2026-10-01T12:01:07.831,804.961,0,795.5,36,,97.062,21.176,-1.5,0.0,1.001,0.999,-0.023,3920,14.51,12.157,0,,,,,,31,,,,,,,
2026-10-01T12:01:07.961,805.091,0,794.0,36,,97.0,20.784,-1.5,0.0,1.001,1.001,-0.02,3930,14.51,12.157,0,,,,,,,100.0,,,,,,
2026-10-01T12:01:08.090,805.221,0,799.5,36,,97.0,21.176,-2.0,0.0,1.001,1.003,-0.016,3910,14.51,12.157,0,,,,,,,,428.2,,,,,
2026-10-01T12:01:08.221,805.351,0,797.75,35,,97.0,20.784,-1.5,0.0,1.001,1.003,-0.016,3900,14.51,12.157,0,,,,,,,,,0.765,,,,
2026-10-01T12:01:08.351,805.481,0,798.25,36,,97.031,21.176,0.5,0.0,1.001,1.006,-0.016,3880,14.51,12.157,0,,,,,,,,,,,0.781,,
2026-10-01T12:01:08.481,805.611,0,791.5,36,,97.0,20.784,-1.0,0.0,1.001,1.004,-0.016,3870,14.51,12.157,0,,,,,,,,,,,,21.961,
2026-10-01T12:01:08.611,805.741,0,792.25,36,,96.969,21.176,-2.5,0.0,1.001,1.007,-0.012,3850,14.51,12.157,0,,,,,,,,,,,,,838
2026-10-01T12:01:08.741,805.871,0,796.25,36,,97.0,21.176,-2.5,0.0,1.001,1.0,-0.02,3830,14.51,12.157,0,106,,,,,,,,,,,,
2026-10-01T12:01:08.871,806.001,0,799.75,36,,97.062,21.176,-2.5,0.0,1.001,1.002,-0.02,3810,14.51,12.157,0,,74,,,,,,,,,,,
2026-10-01T12:01:09.001,806.131,0,798.75,36,,97.031,21.176,-2.0,0.0,1.001,1.004,-0.016,3800,14.51,12.157,0,,,12.5,,,,,,,,,,
2026-10-01T12:01:09.131,806.261,0,792.75,36,,97.0,20.784,-1.0,0.0,1.001,1.01,-0.012,3800,14.51,12.157,0,,,,12.734,,,,,,,,,
2026-10-01T12:01:09.261,806.391,0,793.0,36,,97.0,20.784,-0.5,0.781,1.001,1.012,-0.008,3790,14.51,12.157,0,,,,,97,,,,,,,,
2026-10-01T12:01:09.391,806.521,0,794.5,36,,97.0,20.784,-2.0,0.781,1.001,1.011,-0.008,3800,14.51,12.157,0,,,,,,31,,,,,,,
2026-10-01T12:01:09.521,806.651,0,792.5,36,,96.969,20.784,-1.0,0.781,1.001,1.008,-0.012,3800,14.51,12.157,0,,,,,,,100.0,,,,,,
2026-10-01T12:01:09.651,806.781,0,795.25,36,,97.0,20.784,-0.5,0.781,1.001,1.006,-0.016,3800,14.51,12.157,0,,,,,,,,428.3,,,,,
2026-10-01T12:01:09.781,806.912,0,794.25,36,,97.0,20.784,-1.0,0.781,1.001,1.007,-0.012,3810,14.51,12.157,0,,,,,,,,,0.765,,,,
2026-10-01T12:01:09.911,807.041,0,793.75,36,,97.0,21.176,-2.0,0.781,1.001,1.007,-0.012,3810,14.51,12.157,0,,,,,,,,,,,0.781,,
2026-10-01T12:01:10.041,807.171,0,795.25,36,,96.969,21.176,-1.0,0.781,1.001,1.008,-0.012,3830,14.51,12.157,0,,,,,,,,,,,,21.961,
2026-10-01T12:01:10.171,807.301,0,793.0,36,,97.0,21.176,-1.0,0.781,1.001,1.01,-0.012,3880,14.51,12.157,0,,,,,,,,,,,,,840
2026-10-01T12:01:10.300,807.43,0,791.75,37,,97.0,21.176,-1.5,0.781,1.001,1.007,-0.012,3880,14.51,12.157,0,106,,,,,,,,,,,,
2026-10-01T12:01:10.431,807.561,0,793.75,36,,96.938,21.176,-2.0,0.781,1.001,1.007,-0.012,3890,14.51,12.157,0,,74,,,,,,,,,,,
2026-10-01T12:01:10.561,807.691,0,798.5,36,,97.0,21.176,-1.0,0.781,1.001,1.007,-0.012,3890,14.51,12.157,0,,,12.5,,,,,,,,,,
2026-10-01T12:01:10.691,807.821,0,796.25,37,,97.0,21.176,-2.0,0.781,1.001,1.008,-0.012,3910,14.51,12.157,0,,,,12.675,,,,,,,,,
2026-10-01T12:01:10.821,807.951,0,792.0,36,,97.031,20.784,-2.0,0.781,1.001,1.009,-0.012,3910,14.51,12.157,0,,,,,97,,,,,,,,
2026-10-01T12:01:10.951,808.081,0,795.75,36,,96.969,21.176,-1.0,1.562,1.001,1.008,-0.012,3890,14.51,12.157,0,,,,,,31,,,,,,,
2026-10-01T12:01:11.081,808.211,0,797.75,36,,97.0,20.784,-1.0,1.562,1.001,1.007,-0.012,3900,14.51,12.157,0,,,,,,,100.0,,,,,,
2026-10-01T12:01:11.211,808.341,0,796.0,36,,97.031,21.176,-3.0,0.781,1.001,1.004,-0.016,3900,14.51,12.157,0,,,,,,,,428.4,,,,,
2026-10-01T12:01:11.341,808.471,0,798.25,36,,97.062,21.176,-1.0,0.781,1.001,0.999,-0.023,3890,14.51,12.157,0,,,,,,,,,0.765,,,,
2026-10-01T12:01:11.471,808.601,0,798.25,36,,97.031,20.784,0.0,0.781,1.001,0.999,-0.023,3880,14.51,12.157,0,,,,,,,,,,,0.781,,
2026-10-01T12:01:11.601,808.731,0,794.5,36,,96.969,20.784,-1.5,0.781,1.001,0.998,-0.023,3870,14.51,12.157,0,,,,,,,,,,,,21.569,
2026-10-01T12:01:11.731,808.861,0,796.5,36,,97.031,20.784,-1.0,0.781,1.001,0.998,-0.023,3860,14.51,12.157,0,,,,,,,,,,,,,841
2026-10-01T12:01:11.861,808.991,0,792.5,36,,97.062,20.784,0.5,0.781,1.001,0.999,-0.023,3850,14.51,12.157,0,106,,,,,,,,,,,,
2026-10-01T12:01:11.991,809.121,0,791.5,36,,97.062,20.784,-1.0,0.781,1.001,1.0,-0.02,3850,14.51,12.157,0,,74,,,,,,,,,,,
2026-10-01T12:01:12.121,809.251,0,790.5,36,,97.062,20.784,-1.0,0.781,1.001,1.001,-0.02,3850,14.51,12.157,0,,,12.5,,,,,,,,,,
2026-10-01T12:01:12.250,809.38,0,797.0,36,,97.0,21.176,-1.0,0.781,1.001,1.004,-0.016,3860,14.51,12.157,0,,,,12.656,,,,,,,,,
2026-10-01T12:01:12.380,809.511,0,798.5,36,,97.062,20.784,-1.0,0.781,1.001,1.0,-0.02,3870,14.51,12.157,0,,,,,97,,,,,,,,
2026-10-01T12:01:12.511,809.641,0,795.0,36,,97.094,20.784,-2.5,0.781,1.001,0.998,-0.023,3850,14.51,12.157,0,,,,,,31,,,,,,,
2026-10-01T12:01:12.641,809.771,0,799.0,36,,97.125,20.784,-1.5,0.781,1.001,0.998,-0.023,3850,14.51,12.157,0,,,,,,,100.0,,,,,,
2026-10-01T12:01:12.770,809.901,0,790.5,36,,97.094,20.784,0.0,0.781,1.001,0.999,-0.02,3850,14.51,12.157,0,,,,,,,,428.5,,,,,
2026-10-01T12:01:12.901,810.031,0,792.5,36,,97.094,20.784,0.5,0.781,1.001,1.0,-0.02,3840,14.51,12.157,0,,,,,,,,,0.765,,,,
2026-10-01T12:01:13.031,810.161,0,790.0,36,,97.062,21.176,0.5,0.781,1.001,1.0,-0.02,3870,14.51,12.157,0,,,,,,,,,,,0.781,,
2026-10-01T12:01:13.160,810.291,0,793.25,37,,97.062,21.176,-1.0,0.781,1.001,1.003,-0.016,3870,14.51,12.157,0,,,,,,,,,,,,21.961,
2026-10-01T12:01:13.291,810.422,0,793.5,37,,97.094,21.176,-1.5,0.781,1.001,1.004,-0.016,3910,14.51,12.157,0,,,,,,,,,,,,,843
2026-10-01T12:01:13.421,810.551,0,792.25,37,,97.031,21.176,-2.5,1.562,1.001,1.005,-0.016,3900,14.51,12.157,0,106,,,,,,,,,,,,
2026-10-01T12:01:13.550,810.68,0,799.0,36,,97.0,21.176,-1.0,1.562,1.001,1.003,-0.016,3910,14.51,12.157,0,,74,,,,,,,,,,,
2026-10-01T12:01:13.681,810.811,0,799.0,37,,97.0,20.784,-1.5,1.562,1.001,1.002,-0.02,3920,14.51,12.157,0,,,11.719,,,,,,,,,,
2026-10-01T12:01:13.811,810.941,0,792.25,36,,97.094,21.176,-1.5,1.562,1.001,1.003,-0.016,3910,14.51,12.157,0,,,,12.695,,,,,,,,,
2026-10-01T12:01:13.941,811.071,0,795.25,37,,97.031,21.176,-1.5,1.562,1.001,1.005,-0.016,3890,14.51,12.157,0,,,,,97,,,,,,,,
2026-10-01T12:01:14.071,811.201,0,801.0,36,,97.062,21.176,-1.0,1.562,1.001,1.003,-0.016,3900,14.51,12.157,0,,,,,,31,,,,,,,
2026-10-01T12:01:14.200,811.33,0,793.75,37,,97.094,21.176,-2.0,1.562,1.001,1.005,-0.016,3900,14.51,12.157,0,,,,,,,100.0,,,,,,
2026-10-01T12:01:14.331,811.461,0,794.5,36,,97.0,20.784,-2.5,1.562,1.001,1.0,-0.02,3890,14.51,12.157,0,,,,,,,,428.5,,,,,
2026-10-01T12:01:14.461,811.591,0,797.25,36,,97.062,21.176,-2.0,1.562,1.001,1.001,-0.02,3880,14.51,12.157,0,,,,,,,,,0.765,,,,
2026-10-01T12:01:14.591,811.721,0,794.75,36,,97.062,21.176,0.0,1.562,1.001,1.0,-0.02,3890,14.51,12.157,0,,,,,,,,,,,0.781,,
2026-10-01T12:01:14.722,811.852,0,795.0,36,,97.094,21.176,-2.0,1.562,1.001,1.0,-0.02,3890,14.51,12.157,0,,,,,,,,,,,,21.569,
2026-10-01T12:01:14.851,811.981,0,793.75,36,,97.0,20.784,-1.0,1.562,1.001,1.0,-0.02,3890,14.51,12.157,0,,,,,,,,,,,,,844
2026-10-01T12:01:14.981,812.111,0,794.0,36,,97.094,21.176,-1.0,1.562,1.001,1.003,-0.016,3890,14.51,12.157,0,106,,,,,,,,,,,,
2026-10-01T12:01:15.110,812.24,0,793.75,36,,97.0,20.784,-1.0,1.562,1.001,1.0,-0.02,3890,14.51,12.157,0,,74,,,,,,,,,,,
2026-10-01T12:01:15.240,812.371,0,794.75,36,,97.062,21.176,-2.0,1.562,1.001,1.0,-0.02,3880,14.51,12.157,0,,,12.5,,,,,,,,,,
2026-10-01T12:01:15.370,812.5,0,796.75,36,,97.094,20.784,-1.5,1.562,1.001,1.0,-0.02,3910,14.51,12.157,0,,,,12.656,,,,,,,,,
2026-10-01T12:01:15.501,812.631,0,796.5,36,,97.094,21.176,-2.0,1.562,1.001,0.999,-0.023,3900,14.51,12.157,0,,,,,97,,,,,,,,
2026-10-01T12:01:15.631,812.761,0,793.0,36,,97.125,21.176,-2.5,1.562,1.001,1.0,-0.02,3900,14.51,12.157,0,,,,,,31,,,,,,,
2026-10-01T12:01:15.760,812.891,0,800.0,36,,97.031,21.176,-1.0,1.562,1.001,0.998,-0.023,3910,14.51,12.157,0,,,,,,,100.0,,,,,,
2026-10-01T12:01:15.891,813.021,0,799.5,36,,97.062,21.176,-1.0,0.781,1.001,0.997,-0.027,3920,14.51,12.157,0,,,,,,,,428.6,,,,,
2026-10-01T12:01:16.020,813.15,0,793.75,36,,97.094,20.784,-2.0,0.781,1.001,0.995,-0.031,3930,14.51,12.157,0,,,,,,,,,0.765,,,,
2026-10-01T12:01:16.150,813.28,0,796.75,36,,97.062,21.176,-1.5,0.781,1.001,0.995,-0.031,3980,14.51,12.157,0,,,,,,,,,,,0.781,,
2026-10-01T12:01:16.281,813.411,0,793.25,36,,97.062,20.784,-1.5,0.781,1.001,0.997,-0.027,4100,14.51,12.157,0,,,,,,,,,,,,21.961,
2026-10-01T12:01:16.411,813.541,0,798.0,36,,97.0,21.176,-2.5,0.781,1.001,0.996,-0.031,4130,14.51,12.157,0,,,,,,,,,,,,,846
2026-10-01T12:01:16.541,813.671,0,797.25,36,,97.062,21.176,-2.5,0.781,1.001,0.997,-0.027,4080,14.51,12.157,0,106,,,,,,,,,,,,
2026-10-01T12:01:16.670,813.801,0,802.0,36,,97.062,21.176,-2.5,0.781,1.001,0.992,-0.039,3890,14.51,12.157,0,,74,,,,,,,,,,,
2026-10-01T12:01:16.800,813.931,0,795.0,36,,97.062,21.176,-2.0,0.781,1.001,0.986,-0.055,3690,14.51,12.157,0,,,12.5,,,,,,,,,,
2026-10-01T12:01:16.931,814.061,0,796.75,36,,97.031,21.176,-0.5,0.0,1.001,0.985,-0.059,3600,14.51,12.157,0,,,,12.753,,,,,,,,,
2026-10-01T12:01:17.060,814.19,0,793.0,36,,97.062,20.784,-1.0,0.781,1.001,0.992,-0.039,3580,14.51,12.157,0,,,,,97,,,,,,,,
2026-10-01T12:01:17.191,814.321,0,791.75,36,,97.0,20.784,-0.5,0.781,1.001,1.001,-0.02,3700,14.51,12.157,0,,,,,,31,,,,,,,
2026-10-01T12:01:17.321,814.451,0,792.5,36,,97.0,20.784,-1.0,1.562,1.001,1.008,-0.012,3810,14.51,12.157,0,,,,,,,100.0,,,,,,
2026-10-01T12:01:17.451,814.581,0,798.0,36,,96.969,21.176,-1.0,1.562,1.001,1.008,-0.012,3970,14.51,12.157,0,,,,,,,,428.6,,,,,
2026-10-01T12:01:17.580,814.71,0,796.25,36,,97.062,21.176,-2.0,1.562,1.001,1.008,-0.012,4020,14.51,12.157,0,,,,,,,,,0.765,,,,
2026-10-01T12:01:17.711,814.841,0,801.5,36,,96.969,20.784,-3.0,1.562,1.001,1.003,-0.016,4080,14.51,12.157,0,,,,,,,,,,,0.781,,
2026-10-01T12:01:17.840,814.971,0,798.0,36,,97.062,21.176,-2.5,0.781,1.001,0.999,-0.02,4080,14.51,12.157,0,,,,,,,,,,,,21.961,
2026-10-01T12:01:17.971,815.101,0,802.25,36,,97.031,20.784,-2.5,0.781,1.001,0.997,-0.027,4060,14.51,12.157,0,,,,,,,,,,,,,847
2026-10-01T12:01:18.100,815.23,0,804.0,36,,97.062,20.784,-2.5,0.781,1.001,0.995,-0.031,4020,14.51,12.157,0,106,,,,,,,,,,,,
2026-10-01T12:01:18.230,815.36,0,805.75,36,,96.969,21.176,-3.0,0.781,1.001,0.993,-0.039,3970,14.51,12.157,0,,74,,,,,,,,,,,
2026-10-01T12:01:18.360,815.491,0,805.5,36,,97.094,20.784,-2.5,0.781,1.001,0.996,-0.031,3960,14.51,12.157,0,,,12.5,,,,,,,,,,
2026-10-01T12:01:18.490,815.621,0,806.25,36,,96.969,21.176,-2.5,0.781,1.001,0.995,-0.035,3930,14.51,12.157,0,,,,12.675,,,,,,,,,
2026-10-01T12:01:18.620,815.75,0,798.5,36,,97.062,21.176,-2.5,0.781,1.001,0.995,-0.031,3890,14.51,12.157,0,,,,,97,,,,,,,,
2026-10-01T12:01:18.751,815.881,0,799.5,36,,97.062,21.176,-1.5,0.781,1.001,0.996,-0.031,3840,14.51,12.157,0,,,,,,31,,,,,,,
2026-10-01T12:01:18.881,816.011,0,800.25,36,,97.0,21.176,-2.0,0.781,1.001,0.997,-0.027,3830,14.51,12.157,0,,,,,,,100.0,,,,,,
2026-10-01T12:01:19.021,816.151,0,795.5,36,,97.0,21.176,-2.5,0.781,1.001,0.998,-0.023,3820,14.51,12.157,0,,,,,,,,428.7,,,,,
2026-10-01T12:01:19.150,816.281,0,795.75,36,,97.0,21.176,-2.5,0.781,1.001,0.999,-0.023,3820,14.51,12.157,0,,,,,,,,,0.765,,,,
2026-10-01T12:01:19.280,816.41,0,793.75,36,,97.031,21.176,-1.5,0.781,1.001,0.998,-0.023,3810,14.51,12.157,0,,,,,,,,,,,0.781,,
2026-10-01T12:01:19.410,816.54,0,801.75,36,,97.0,21.176,-2.5,0.781,1.001,0.997,-0.027,3820,14.51,12.157,0,,,,,,,,,,,,21.569,
2026-10-01T12:01:19.540,816.671,0,804.0,35,,97.062,20.784,-2.0,0.781,1.001,0.996,-0.031,3800,14.51,12.157,0,,,,,,,,,,,,,849
2026-10-01T12:01:19.670,816.801,0,800.75,36,,96.969,20.784,-2.5,0.781,1.001,0.995,-0.031,3830,14.51,12.157,0,106,,,,,,,,,,,,
2026-10-01T12:01:19.800,816.93,0,799.0,35,,97.0,20.784,-2.5,0.781,1.001,0.994,-0.035,3830,14.51,12.157,0,,74,,,,,,,,,,,
2026-10-01T12:01:19.931,817.061,0,802.25,36,,97.031,20.784,-1.5,0.0,1.001,0.992,-0.043,3810,14.51,12.157,0,,,12.5,,,,,,,,,,
2026-10-01T12:01:20.060,817.19,0,800.25,36,,97.0,20.784,0.0,0.0,1.001,0.992,-0.039,3810,14.51,12.157,0,,,,12.675,,,,,,,,,
2026-10-01T12:01:20.191,817.321,0,791.5,36,,97.094,20.784,-1.0,0.0,1.001,0.994,-0.035,3820,14.51,12.157,0,,,,,97,,,,,,,,
2026-10-01T12:01:20.321,817.451,0,795.5,36,,97.0,20.784,-3.0,0.0,1.001,0.994,-0.035,3820,14.51,12.157,0,,,,,,31,,,,,,,
2026-10-01T12:01:20.451,817.581,0,800.25,36,,96.969,20.784,-2.5,0.0,1.001,0.995,-0.031,3840,14.51,12.157,0,,,,,,,100.0,,,,,,
2026-10-01T12:01:20.580,817.71,0,800.25,36,,97.094,20.784,-2.5,0.0,1.001,0.996,-0.027,3840,14.51,12.157,0,,,,,,,,428.8,,,,,
2026-10-01T12:01:20.711,817.841,0,800.25,36,,97.062,20.784,-2.5,0.0,1.001,0.998,-0.023,3840,14.51,12.157,0,,,,,,,,,0.765,,,,
2026-10-01T12:01:20.840,817.97,0,797.5,36,,97.062,20.784,-2.5,0.0,1.001,0.997,-0.027,3840,14.51,12.157,0,,,,,,,,,,,0.781,,
2026-10-01T12:01:20.970,818.101,0,799.75,36,,97.0,20.784,-2.5,0.0,1.001,0.997,-0.027,3840,14.51,12.157,0,,,,,,,,,,,,21.569,
2026-10-01T12:01:21.100,818.23,0,795.25,36,,96.969,20.784,-2.5,0.0,1.001,0.997,-0.027,3850,14.51,12.157,0,,,,,,,,,,,,,850
2026-10-01T12:01:21.230,818.36,0,794.75,36,,96.938,21.176,-1.5,0.0,1.001,0.996,-0.027,3850,14.51,12.157,0,106,,,,,,,,,,,,
2026-10-01T12:01:21.361,818.491,0,799.0,36,,97.0,20.784,-1.0,0.0,1.001,0.997,-0.027,3850,14.51,12.157,0,,74,,,,,,,,,,,
2026-10-01T12:01:21.491,818.621,0,794.25,36,,97.062,21.176,-2.0,0.0,1.001,0.999,-0.023,3870,14.51,12.157,0,,,12.5,,,,,,,,,,
2026-10-01T12:01:21.620,818.751,0,797.25,36,,96.969,20.784,-2.0,0.0,1.001,0.999,-0.02,3870,14.51,12.157,0,,,,12.714,,,,,,,,,
2026-10-01T12:01:21.751,818.881,0,798.0,36,,97.062,20.784,-1.0,0.781,1.001,1.003,-0.016,3870,14.51,12.157,0,,,,,97,,,,,,,,
2026-10-01T12:01:21.881,819.011,0,797.75,36,,97.031,20.784,-1.0,0.781,1.001,1.003,-0.016,3880,14.51,12.157,0,,,,,,31,,,,,,,
2026-10-01T12:01:22.010,819.14,0,793.5,36,,97.0,20.784,-2.5,0.781,1.001,1.002,-0.02,3880,14.51,12.157,0,,,,,,,100.0,,,,,,
2026-10-01T12:01:22.141,819.271,0,798.5,36,,96.969,20.784,-2.0,0.781,1.001,1.0,-0.02,3880,14.51,12.157,0,,,,,,,,428.9,,,,,
2026-10-01T12:01:22.271,819.401,0,797.25,36,,97.094,20.784,-2.5,0.781,1.001,1.0,-0.02,3880,14.51,12.157,0,,,,,,,,,0.765,,,,
2026-10-01T12:01:22.400,819.53,0,795.25,36,,97.125,20.784,-1.5,0.781,1.001,0.999,-0.023,3890,14.51,12.157,0,,,,,,,,,,,0.781,,
2026-10-01T12:01:22.531,819.661,0,797.75,36,,97.062,20.784,-2.0,0.781,1.001,0.999,-0.02,3880,14.51,12.157,0,,,,,,,,,,,,21.569,
2026-10-01T12:01:22.660,819.79,0,798.0,35,,97.0,20.784,-1.5,0.781,1.001,1.0,-0.02,3860,14.51,12.157,0,,,,,,,,,,,,,852
2026-10-01T12:01:22.791,819.921,0,795.0,36,,97.0,20.784,-2.5,0.781,1.001,1.0,-0.02,3850,14.51,12.157,0,106,,,,,,,,,,,,
2026-10-01T12:01:22.920,820.05,0,795.25,35,,97.094,20.784,-2.0,0.781,1.001,1.003,-0.016,3860,14.51,12.157,0,,74,,,,,,,,,,,
2026-10-01T12:01:23.050,820.18,0,794.75,36,,97.094,20.784,-2.5,0.781,1.001,1.0,-0.02,3870,14.51,12.157,0,,,12.5,,,,,,,,,,
2026-10-01T12:01:23.181,820.311,0,800.5,35,,97.031,20.784,-1.0,0.781,1.001,1.0,-0.02,3870,14.51,12.157,0,,,,12.656,,,,,,,,,
2026-10-01T12:01:23.311,820.441,0,799.0,35,,96.938,20.784,-2.0,0.781,1.001,1.001,-0.02,3880,14.51,12.157,0,,,,,97,,,,,,,,
2026-10-01T12:01:23.440,820.57,0,793.75,35,,97.062,20.784,-2.5,0.781,1.001,1.004,-0.016,3870,14.51,12.157,0,,,,,,31,,,,,,,
2026-10-01T12:01:23.570,820.701,0,796.0,35,,97.0,20.784,-1.0,0.781,1.001,1.004,-0.016,3870,14.51,12.157,0,,,,,,,100.0,,,,,,
2026-10-01T12:01:23.700,820.83,0,798.25,35,,97.094,20.784,-2.5,0.781,1.001,1.001,-0.02,3850,14.51,12.157,0,,,,,,,,429.0,,,,,
2026-10-01T12:01:23.830,820.96,0,801.5,35,,97.094,20.784,-2.5,0.781,1.001,1.003,-0.016,3870,14.51,12.157,0,,,,,,,,,0.765,,,,
2026-10-01T12:01:23.961,821.091,0,798.5,35,,97.0,20.784,-1.0,0.781,1.001,1.001,-0.02,3840,14.51,12.157,0,,,,,,,,,,,0.781,,
2026-10-01T12:01:24.090,821.22,0,793.75,35,,97.062,20.784,-1.5,0.781,1.001,1.002,-0.02,3830,14.51,12.157,0,,,,,,,,,,,,21.569,
2026-10-01T12:01:24.221,821.351,0,795.0,35,,97.0,20.784,-2.5,0.781,1.001,1.003,-0.016,3830,14.51,12.157,0,,,,,,,,,,,,,854
2026-10-01T12:01:24.350,821.48,0,798.25,35,,97.062,20.784,-1.0,0.781,1.001,1.003,-0.016,3820,14.51,12.157,0,106,,,,,,,,,,,,
2026-10-01T12:01:24.480,821.61,0,798.75,35,,97.0,20.784,-1.0,0.781,1.001,1.003,-0.016,3810,14.51,12.157,0,,74,,,,,,,,,,,
2026-10-01T12:01:24.611,821.741,0,794.5,35,,97.094,20.784,-2.0,0.781,1.001,1.004,-0.016,3810,14.51,12.157,0,,,12.5,,,,,,,,,,
2026-10-01T12:01:24.741,821.871,0,798.0,35,,97.031,20.784,-1.5,0.781,1.001,1.004,-0.016,3800,14.51,12.157,0,,,,12.597,,,,,,,,,
2026-10-01T12:01:24.870,822.0,0,797.0,35,,97.031,20.784,0.5,0.781,1.001,1.006,-0.016,3800,14.51,12.157,0,,,,,97,,,,,,,,
2026-10-01T12:01:25.000,822.13,0,792.0,35,,97.062,20.784,-0.5,0.781,1.001,1.008,-0.012,3800,14.51,12.157,0,,,,,,31,,,,,,,
2026-10-01T12:01:25.130,822.26,0,796.5,36,,97.062,20.784,-0.5,1.562,1.001,1.009,-0.012,3810,14.51,12.157,0,,,,,,,100.0,,,,,,
2026-10-01T12:01:25.260,822.39,0,797.75,35,,97.062,20.784,-0.5,1.562,1.001,1.009,-0.012,3820,14.51,12.157,0,,,,,,,,429.1,,,,,
2026-10-01T12:01:25.390,822.52,0,793.0,36,,97.0,20.784,-1.5,1.562,1.001,1.009,-0.012,3830,14.51,12.157,0,,,,,,,,,0.765,,,,
2026-10-01T12:01:25.520,822.65,0,799.25,35,,97.031,20.784,-2.0,1.562,1.001,1.006,-0.016,3830,14.51,12.157,0,,,,,,,,,,,0.781,,
2026-10-01T12:01:25.651,822.781,0,800.25,35,,97.062,20.784,-1.5,1.562,1.001,1.005,-0.016,3830,14.51,12.157,0,,,,,,,,,,,,21.569,
2026-10-01T12:01:25.780,822.91,0,796.75,35,,97.0,20.784,-1.5,1.562,1.001,1.005,-0.016,3810,14.51,12.157,0,,,,,,,,,,,,,855
2026-10-01T12:01:25.911,823.041,0,798.5,36,,96.969,20.784,-1.5,1.562,1.001,1.005,-0.016,3820,14.51,12.157,0,106,,,,,,,,,,,,
2026-10-01T12:01:26.041,823.171,0,794.5,36,,97.031,20.784,-1.0,1.562,1.001,1.005,-0.016,3820,14.51,12.157,0,,74,,,,,,,,,,,
2026-10-01T12:01:26.171,823.301,0,796.75,35,,96.969,21.176,-1.5,1.562,1.001,1.006,-0.016,3830,14.51,12.157,0,,,11.719,,,,,,,,,,
2026-10-01T12:01:26.300,823.43,0,799.75,36,,97.031,20.784,-2.5,1.562,1.001,1.005,-0.016,3840,14.51,12.157,0,,,,12.695,,,,,,,,,
2026-10-01T12:01:26.430,823.561,0,797.25,35,,97.031,20.784,-2.5,1.562,1.001,1.005,-0.016,3830,14.51,12.157,0,,,,,97,,,,,,,,
2026-10-01T12:01:26.560,823.69,0,802.25,36,,97.125,20.784,-1.0,1.562,1.001,1.009,-0.012,3840,14.51,12.157,0,,,,,,30,,,,,,,
2026-10-01T12:01:26.690,823.82,0,796.75,35,,97.0,20.784,-1.5,1.562,1.001,1.005,-0.016,3840,14.51,12.157,0,,,,,,,100.0,,,,,,
2026-10-01T12:01:26.820,823.95,0,796.75,36,,97.0,20.784,-1.5,1.562,1.001,1.007,-0.012,3830,14.51,12.157,0,,,,,,,,429.1,,,,,
2026-10-01T12:01:26.950,824.08,0,794.25,36,,97.062,20.784,-1.5,1.562,1.001,1.006,-0.016,3840,14.51,12.157,0,,,,,,,,,0.765,,,,
2026-10-01T12:01:27.081,824.211,0,796.25,36,,97.0,20.784,-2.0,1.562,1.001,1.007,-0.012,3840,14.51,12.157,0,,,,,,,,,,,0.781,,
2026-10-01T12:01:27.210,824.341,0,795.5,36,,97.0,20.784,-2.5,1.562,1.001,1.007,-0.012,3850,14.51,12.157,0,,,,,,,,,,,,21.569,
2026-10-01T12:01:27.340,824.471,0,797.75,36,,97.0,20.784,-2.5,1.562,1.001,1.005,-0.016,3840,14.51,12.157,0,,,,,,,,,,,,,857
2026-10-01T12:01:27.471,824.601,0,798.0,36,,97.062,20.784,-2.5,1.562,1.001,1.003,-0.016,3840,14.51,12.157,0,106,,,,,,,,,,,,
2026-10-01T12:01:27.601,824.731,0,796.5,36,,97.031,20.784,-2.0,1.562,1.001,1.004,-0.016,3840,14.51,12.157,0,,74,,,,,,,,,,,
2026-10-01T12:01:27.730,824.86,0,797.0,36,,96.938,20.784,-1.5,1.562,1.001,1.003,-0.016,3840,14.51,12.157,0,,,12.5,,,,,,,,,,
2026-10-01T12:01:27.860,824.99,0,796.25,36,,97.0,21.176,-1.0,2.344,1.001,1.006,-0.016,3830,14.51,12.157,0,,,,12.617,,,,,,,,,
2026-10-01T12:01:27.990,825.12,0,793.0,36,,97.031,20.784,-1.5,2.344,1.001,1.006,-0.016,3840,14.51,12.157,0,,,,,97,,,,,,,,
2026-10-01T12:01:28.120,825.25,0,794.25,36,,97.0,20.784,-1.0,2.344,1.001,1.007,-0.012,3840,14.51,12.157,0,,,,,,30,,,,,,,
2026-10-01T12:01:28.250,825.38,0,800.0,36,,96.969,20.784,-1.5,2.344,1.001,1.006,-0.016,3870,14.51,12.157,0,,,,,,,100.0,,,,,,
2026-10-01T12:01:28.380,825.51,0,798.75,36,,97.0,21.176,-2.0,2.344,1.001,1.004,-0.016,3860,14.51,12.157,0,,,,,,,,429.2,,,,,
2026-10-01T12:01:28.520,825.65,0,795.75,36,,97.0,21.176,-2.0,2.344,1.001,1.003,-0.016,3870,14.51,12.157,0,,,,,,,,,0.77,,,,
2026-10-01T12:01:28.650,825.78,0,794.25,36,,97.0,20.784,-1.0,2.344,1.001,1.002,-0.02,3870,14.51,12.157,0,,,,,,,,,,,0.781,,
2026-10-01T12:01:28.780,825.91,0,795.25,36,,97.0,20.784,-2.5,2.344,1.001,1.003,-0.016,3870,14.51,12.157,0,,,,,,,,,,,,21.569,
2026-10-01T12:01:28.910,826.041,0,797.25,36,,96.969,20.784,-2.5,2.344,1.001,1.001,-0.02,3890,14.51,12.157,0,,,,,,,,,,,,,858
2026-10-01T12:01:29.040,826.17,0,800.5,36,,96.969,21.176,-2.5,2.344,1.001,1.005,-0.016,3900,14.51,12.157,0,106,,,,,,,,,,,,
2026-10-01T12:01:29.170,826.3,0,798.25,36,,97.0,20.784,-2.5,2.344,1.001,1.002,-0.02,3890,14.51,12.157,0,,74,,,,,,,,,,,
2026-10-01T12:01:29.300,826.43,0,802.25,36,,97.0,21.176,-2.5,2.344,1.001,1.0,-0.02,3900,14.51,12.157,0,,,11.719,,,,,,,,,,
2026-10-01T12:01:29.430,826.56,0,801.5,36,,96.969,21.176,-3.0,2.344,1.001,0.998,-0.023,3920,14.51,12.157,0,,,,12.714,,,,,,,,,
2026-10-01T12:01:29.561,826.691,0,805.5,36,,96.969,20.784,-2.5,1.562,1.001,0.997,-0.027,3900,14.51,12.157,0,,,,,97,,,,,,,,
2026-10-01T12:01:29.690,826.82,0,798.75,36,,97.0,20.784,-2.5,1.562,1.001,0.997,-0.027,3910,14.51,12.157,0,,,,,,30,,,,,,,
2026-10-01T12:01:29.820,826.951,0,801.0,36,,97.031,20.784,-3.5,1.562,1.001,0.997,-0.027,3910,14.51,12.157,0,,,,,,,100.0,,,,,,
2026-10-01T12:01:29.951,827.081,0,803.75,35,,97.062,20.784,-2.0,1.562,1.001,0.998,-0.023,3900,14.51,12.157,0,,,,,,,,429.3,,,,,
2026-10-01T12:01:30.081,827.211,0,805.0,35,,97.031,20.392,-2.5,1.562,1.001,0.998,-0.027,3890,14.51,12.157,0,,,,,,,,,0.77,,,,
2026-10-01T12:01:30.211,827.341,0,796.25,35,,97.031,20.784,-3.0,2.344,1.001,0.999,-0.023,3890,14.51,12.157,0,,,,,,,,,,,0.781,,
2026-10-01T12:01:30.341,827.471,0,794.75,36,,97.062,20.784,-2.5,2.344,1.001,0.999,-0.023,3890,14.51,12.157,0,,,,,,,,,,,,21.569,
2026-10-01T12:01:30.470,827.6,0,801.75,35,,97.0,20.784,-2.0,1.562,1.001,0.999,-0.023,3870,14.51,12.157,0,,,,,,,,,,,,,860
2026-10-01T12:01:30.600,827.73,0,799.25,35,,97.031,20.784,-2.5,1.562,1.001,0.998,-0.023,3880,14.51,12.157,0,106,,,,,,,,,,,,
2026-10-01T12:01:30.730,827.86,0,800.25,35,,97.062,20.784,-2.0,1.562,1.001,0.999,-0.023,3880,14.51,12.157,0,,74,,,,,,,,,,,
2026-10-01T12:01:30.860,827.99,0,800.0,35,,96.969,20.784,-1.5,1.562,1.001,0.998,-0.027,3870,14.51,12.157,0,,,11.719,,,,,,,,,,
2026-10-01T12:01:30.990,828.12,0,793.5,35,,97.0,20.784,-2.0,1.562,1.001,0.997,-0.027,3860,14.51,12.157,0,,,,12.714,,,,,,,,,
2026-10-01T12:01:31.120,828.25,0,798.25,35,,97.031,20.784,-2.5,1.562,1.001,0.997,-0.027,3840,14.51,12.157,0,,,,,97,,,,,,,,
2026-10-01T12:01:31.251,828.381,0,798.0,35,,97.031,20.784,-1.5,1.562,1.001,0.997,-0.027,3840,14.51,12.157,0,,,,,,30,,,,,,,
2026-10-01T12:01:31.380,828.51,0,795.5,35,,97.031,20.784,-2.0,1.562,1.001,0.998,-0.023,3820,14.51,12.157,0,,,,,,,100.0,,,,,,
2026-10-01T12:01:31.520,828.65,0,796.5,35,,97.0,20.784,-2.5,1.562,1.001,0.999,-0.023,3810,14.51,12.157,0,,,,,,,,429.3,,,,,
2026-10-01T12:01:31.650,828.78,0,798.75,35,,97.0,20.784,-2.0,1.562,1.001,0.999,-0.023,3810,14.51,12.157,0,,,,,,,,,0.77,,,,
2026-10-01T12:01:31.780,828.91,0,796.25,35,,97.031,20.784,-2.5,1.562,1.001,0.999,-0.02,3810,14.51,12.157,0,,,,,,,,,,,0.781,,
2026-10-01T12:01:31.910,829.04,0,798.25,35,,97.0,20.784,-2.5,1.562,1.001,0.999,-0.023,3810,14.51,12.157,0,,,,,,,,,,,,21.569,
2026-10-01T12:01:32.040,829.171,0,801.0,35,,97.0,20.784,-1.5,1.562,1.001,0.999,-0.023,3820,14.51,12.157,0,,,,,,,,,,,,,861
2026-10-01T12:01:32.170,829.3,0,795.0,35,,97.062,20.784,-2.0,1.562,1.001,0.998,-0.023,3820,14.51,12.157,0,106,,,,,,,,,,,,
2026-10-01T12:01:32.300,829.43,0,797.5,35,,96.969,20.784,-1.5,1.562,1.001,0.998,-0.023,3810,14.51,12.157,0,,74,,,,,,,,,,,
2026-10-01T12:01:32.431,829.561,0,794.25,35,,97.0,20.784,-2.5,1.562,1.001,0.999,-0.023,3820,14.51,12.157,0,,,12.5,,,,,,,,,,
2026-10-01T12:01:32.561,829.691,0,799.25,36,,96.969,20.784,-2.0,1.562,1.001,0.999,-0.023,3810,14.51,12.157,0,,,,12.675,,,,,,,,,
2026-10-01T12:01:32.691,829.821,0,797.25,35,,97.062,20.784,-2.5,1.562,1.001,0.999,-0.023,3820,14.51,12.157,0,,,,,97,,,,,,,,
2026-10-01T12:01:32.820,829.95,0,798.25,35,,96.938,20.784,-2.5,1.562,1.001,0.998,-0.023,3830,14.51,12.157,0,,,,,,30,,,,,,,
2026-10-01T12:01:32.950,830.08,0,800.5,35,,97.0,20.784,-2.5,1.562,1.001,0.997,-0.027,3840,14.51,12.157,0,,,,,,,100.0,,,,,,
2026-10-01T12:01:33.080,830.21,0,795.75,35,,97.062,20.784,-1.5,1.562,1.001,0.998,-0.027,3840,14.51,12.157,0,,,,,,,,429.5,,,,,
2026-10-01T12:01:33.210,830.34,0,794.0,35,,97.031,20.784,-2.5,1.562,1.001,0.998,-0.023,3840,14.51,12.157,0,,,,,,,,,0.765,,,,
2026-10-01T12:01:33.340,830.47,0,796.5,35,,97.031,20.784,-2.0,1.562,1.001,0.999,-0.023,3830,14.51,12.157,0,,,,,,,,,,,0.781,,
2026-10-01T12:01:33.470,830.6,0,804.75,35,,96.969,20.784,-2.5,1.562,1.001,0.999,-0.023,3830,14.51,12.157,0,,,,,,,,,,,,21.569,
2026-10-01T12:01:33.600,830.73,0,803.25,35,,96.938,20.784,-2.5,1.562,1.001,0.999,-0.023,3850,14.51,12.157,0,,,,,,,,,,,,,863
2026-10-01T12:01:33.730,830.86,0,797.25,35,,97.0,20.784,-2.5,1.562,1.001,0.999,-0.023,3840,14.51,12.157,0,106,,,,,,,,,,,,
2026-10-01T12:01:33.860,830.99,0,796.25,35,,97.031,20.784,-2.0,1.562,1.001,0.999,-0.023,3850,14.51,12.157,0,,74,,,,,,,,,,,
2026-10-01T12:01:33.991,831.121,0,800.0,36,,96.969,20.784,-1.5,1.562,1.001,0.998,-0.027,3850,14.51,12.157,0,,,11.719,,,,,,,,,,
2026-10-01T12:01:34.121,831.251,0,795.5,36,,97.062,20.784,-2.5,1.562,1.001,0.998,-0.023,3840,14.51,12.157,0,,,,12.675,,,,,,,,,
2026-10-01T12:01:34.251,831.381,0,792.5,36,,97.031,20.784,-1.0,1.562,1.001,0.997,-0.027,3850,14.51,12.157,0,,,,,97,,,,,,,,
2026-10-01T12:01:34.380,831.51,0,799.75,36,,97.062,20.784,-1.0,1.562,1.001,0.997,-0.027,3850,14.51,12.157,0,,,,,,30,,,,,,,
2026-10-01T12:01:34.511,831.641,0,795.0,35,,96.938,20.784,-2.5,1.562,1.001,0.997,-0.027,3840,14.51,12.157,0,,,,,,,100.0,,,,,,
2026-10-01T12:01:34.640,831.77,0,800.0,36,,96.969,20.784,-2.5,1.562,1.001,0.998,-0.027,3850,14.51,12.157,0,,,,,,,,429.5,,,,,
2026-10-01T12:01:34.770,831.9,0,801.0,36,,97.031,20.784,-2.0,1.562,1.001,0.999,-0.023,3850,14.51,12.157,0,,,,,,,,,0.77,,,,
2026-10-01T12:01:34.900,832.03,0,802.5,36,,96.969,20.784,-1.0,1.562,1.001,0.996,-0.027,3850,14.51,12.157,0,,,,,,,,,,,0.781,,
2026-10-01T12:01:35.030,832.16,0,793.25,36,,97.031,20.784,-2.0,1.562,1.001,0.997,-0.027,3850,14.51,12.157,0,,,,,,,,,,,,21.569,
2026-10-01T12:01:35.160,832.29,0,793.0,36,,97.062,20.784,-1.5,1.562,1.001,0.996,-0.027,3870,14.51,12.157,0,,,,,,,,,,,,,864
2026-10-01T12:01:35.290,832.42,0,796.25,36,,97.0,20.784,-2.0,1.562,1.001,0.996,-0.031,3860,14.51,12.157,0,106,,,,,,,,,,,,
2026-10-01T12:01:35.421,832.551,0,798.75,36,,97.0,20.784,-2.5,1.562,1.001,0.997,-0.027,3850,14.51,12.157,0,,74,,,,,,,,,,,
2026-10-01T12:01:35.550,832.68,0,800.0,36,,97.0,20.784,-2.5,1.562,1.001,0.997,-0.027,3860,14.51,12.157,0,,,12.5,,,,,,,,,,
2026-10-01T12:01:35.681,832.811,0,798.5,36,,97.0,20.784,-1.0,1.562,1.001,0.996,-0.027,3860,14.51,12.157,0,,,,12.695,,,,,,,,,
2026-10-01T12:01:35.811,832.941,0,796.75,36,,96.969,20.784,-2.5,1.562,1.001,0.994,-0.035,3870,14.51,12.157,0,,,,,97,,,,,,,,
2026-10-01T12:01:35.941,833.071,0,796.75,36,,97.094,20.784,-1.5,1.562,1.001,0.994,-0.035,3870,14.51,12.157,0,,,,,,30,,,,,,,
2026-10-01T12:01:36.070,833.2,0,793.75,36,,97.031,20.784,-2.0,1.562,1.001,0.996,-0.031,3870,14.51,12.157,0,,,,,,,100.0,,,,,,
2026-10-01T12:01:36.200,833.33,0,794.0,36,,97.062,20.784,-1.5,1.562,1.001,0.996,-0.031,3870,14.51,12.157,0,,,,,,,,429.6,,,,,
2026-10-01T12:01:36.330,833.46,0,800.5,36,,97.0,20.784,-2.0,1.562,1.001,0.995,-0.031,3870,14.51,12.157,0,,,,,,,,,0.765,,,,
2026-10-01T12:01:36.460,833.59,0,797.0,36,,97.0,20.784,-2.0,0.781,1.001,0.995,-0.035,3890,14.51,12.157,0,,,,,,,,,,,0.781,,
2026-10-01T12:01:36.590,833.72,0,792.75,36,,97.0,20.784,-2.0,1.562,1.001,0.996,-0.027,3890,14.51,12.157,0,,,,,,,,,,,,21.569,
2026-10-01T12:01:36.720,833.85,0,800.5,36,,97.0,20.784,-2.5,1.562,1.001,0.995,-0.031,3890,14.51,12.157,0,,,,,,,,,,,,,866
2026-10-01T12:01:36.851,833.981,0,797.75,36,,97.0,20.784,-1.5,1.562,1.001,0.996,-0.031,3900,14.51,12.157,0,106,,,,,,,,,,,,
2026-10-01T12:01:36.980,834.11,0,795.0,35,,97.062,20.784,-1.5,0.781,1.001,0.996,-0.031,3880,14.51,12.157,0,,74,,,,,,,,,,,
2026-10-01T12:01:37.111,834.241,0,793.25,35,,97.0,20.784,-2.5,0.781,1.001,0.995,-0.031,3870,14.51,12.157,0,,,12.5,,,,,,,,,,
2026-10-01T12:01:37.241,834.371,0,799.0,35,,97.0,20.784,-1.5,0.781,1.001,0.995,-0.031,3860,14.51,12.157,0,,,,12.695,,,,,,,,,
2026-10-01T12:01:37.370,834.5,0,798.75,35,,97.0,20.784,-0.5,0.781,1.001,0.995,-0.031,3860,14.51,12.157,0,,,,,97,,,,,,,,
2026-10-01T12:01:37.500,834.63,0,793.75,35,,96.969,20.784,-2.5,0.781,1.001,0.994,-0.035,3870,14.51,12.157,0,,,,,,30,,,,,,,
2026-10-01T12:01:37.630,834.76,0,795.5,35,,96.969,20.784,-2.5,0.781,1.001,0.994,-0.035,3860,14.51,12.157,0,,,,,,,100.0,,,,,,
2026-10-01T12:01:37.760,834.89,0,803.25,35,,97.0,20.784,-1.5,0.781,1.001,0.996,-0.031,3870,14.51,12.157,0,,,,,,,,429.7,,,,,
2026-10-01T12:01:37.890,835.02,0,795.5,35,,97.062,20.784,-1.5,0.781,1.001,0.995,-0.031,3870,14.51,12.157,0,,,,,,,,,0.77,,,,
2026-10-01T12:01:38.020,835.15,0,795.5,35,,96.938,20.784,-2.5,0.781,1.001,0.996,-0.027,3890,14.51,12.157,0,,,,,,,,,,,0.781,,
2026-10-01T12:01:38.150,835.281,0,797.75,35,,97.0,20.784,-2.5,0.781,1.001,0.995,-0.031,3870,14.51,12.157,0,,,,,,,,,,,,21.569,
2026-10-01T12:01:38.281,835.411,0,798.25,35,,96.969,20.784,-2.0,0.781,1.001,0.997,-0.027,3840,14.51,12.157,0,,,,,,,,,,,,,868
2026-10-01T12:01:38.410,835.54,0,799.0,35,,96.969,20.784,-1.0,0.781,1.001,0.996,-0.031,3820,14.51,12.157,0,106,,,,,,,,,,,,
2026-10-01T12:01:38.540,835.67,0,795.25,35,,96.969,20.784,-2.5,0.781,1.001,0.996,-0.027,3810,14.51,12.157,0,,74,,,,,,,,,,,
2026-10-01T12:01:38.671,835.801,0,798.5,35,,97.062,20.784,-1.0,0.781,1.001,0.998,-0.023,3820,14.51,12.157,0,,,11.719,,,,,,,,,,
2026-10-01T12:01:38.801,835.931,0,799.5,35,,97.062,20.784,-2.5,0.781,1.001,0.998,-0.023,3820,14.51,12.157,0,,,,12.617,,,,,,,,,
2026-10-01T12:01:38.930,836.06,0,798.75,35,,96.969,20.784,-2.5,0.781,1.001,0.999,-0.023,3820,14.51,12.157,0,,,,,97,,,,,,,,
2026-10-01T12:01:39.060,836.191,0,796.5,35,,97.0,20.784,-2.0,0.781,1.001,0.999,-0.02,3810,14.51,12.157,0,,,,,,30,,,,,,,
2026-10-01T12:01:39.190,836.32,0,800.25,35,,96.938,20.784,-2.0,0.781,1.001,0.999,-0.023,3810,14.51,12.157,0,,,,,,,100.0,,,,,,
2026-10-01T12:01:39.320,836.45,0,799.75,35,,97.0,20.784,-2.5,0.781,1.001,0.999,-0.023,3800,14.51,12.157,0,,,,,,,,429.8,,,,,
2026-10-01T12:01:39.450,836.58,0,797.5,35,,97.031,20.784,-2.0,0.781,1.001,0.999,-0.023,3820,14.51,12.157,0,,,,,,,,,0.765,,,,
2026-10-01T12:01:39.580,836.71,0,794.25,35,,97.0,20.784,-1.0,0.781,1.001,1.0,-0.02,3830,14.51,12.157,0,,,,,,,,,,,0.781,,
2026-10-01T12:01:39.710,836.84,0,799.0,35,,97.0,20.784,-2.0,0.781,1.001,1.0,-0.02,3830,14.51,12.157,0,,,,,,,,,,,,21.569,
2026-10-01T12:01:39.840,836.97,0,793.75,35,,97.031,20.784,-1.5,0.781,1.001,1.0,-0.02,3830,14.51,12.157,0,,,,,,,,,,,,,869
2026-10-01T12:01:39.970,837.1,0,797.5,35,,97.031,20.784,-1.0,0.781,1.001,1.0,-0.02,3830,14.51,12.157,0,106,,,,,,,,,,,,
2026-10-01T12:01:40.101,837.231,0,791.75,35,,97.062,20.784,-1.5,0.781,1.001,1.0,-0.02,3830,14.51,12.157,0,,74,,,,,,,,,,,
2026-10-01T12:01:40.231,837.361,0,798.25,35,,97.062,20.784,-1.5,0.781,1.001,0.999,-0.023,3820,14.51,12.157,0,,,12.5,,,,,,,,,,
2026-10-01T12:01:40.360,837.49,0,798.0,35,,97.031,20.784,-0.5,0.781,1.001,0.999,-0.023,3820,14.51,12.157,0,,,,12.714,,,,,,,,,
2026-10-01T12:01:40.490,837.62,0,798.75,35,,96.969,20.784,-2.5,0.781,1.001,1.0,-0.02,3820,14.51,12.157,0,,,,,97,,,,,,,,
2026-10-01T12:01:40.620,837.75,0,800.75,35,,97.0,20.784,-2.5,0.781,1.001,0.999,-0.023,3840,14.51,12.157,0,,,,,,30,,,,,,,
2026-10-01T12:01:40.750,837.88,0,800.5,35,,97.0,20.784,-2.0,0.781,1.001,0.999,-0.023,3840,14.51,12.157,0,,,,,,,100.0,,,,,,
2026-10-01T12:01:40.880,838.01,0,796.5,36,,97.062,20.784,-2.0,0.781,1.001,0.999,-0.023,3850,14.51,12.157,0,,,,,,,,429.9,,,,,
2026-10-01T12:01:41.021,838.151,0,794.75,36,,97.0,20.784,-2.5,0.781,1.001,1.0,-0.02,3850,14.51,12.157,0,,,,,,,,,0.765,,,,
2026-10-01T12:01:41.151,838.281,0,796.0,36,,96.969,20.784,-2.5,0.781,1.001,1.0,-0.02,3840,14.51,12.157,0,,,,,,,,,,,0.781,,
2026-10-01T12:01:41.280,838.41,0,800.0,36,,97.0,20.784,-2.5,0.781,1.001,0.999,-0.023,3870,14.51,12.157,0,,,,,,,,,,,,21.569,
2026-10-01T12:01:41.410,838.54,0,800.25,36,,97.0,20.784,-2.5,0.781,1.001,0.999,-0.023,3870,14.51,12.157,0,,,,,,,,,,,,,871
2026-10-01T12:01:41.540,838.67,0,799.5,36,,97.062,20.784,-1.5,0.781,1.001,0.999,-0.023,3860,14.51,12.157,0,106,,,,,,,,,,,,
2026-10-01T12:01:41.670,838.8,0,799.75,36,,97.031,20.784,-0.5,0.781,1.001,0.999,-0.023,3840,14.51,12.157,0,,74,,,,,,,,,,,
2026-10-01T12:01:41.800,838.93,0,794.0,36,,97.031,20.784,-1.5,0.781,1.001,0.998,-0.023,3850,14.51,12.157,0,,,12.5,,,,,,,,,,
2026-10-01T12:01:41.930,839.06,0,790.75,36,,97.0,20.784,-1.5,0.781,1.001,0.997,-0.027,3870,14.51,12.157,0,,,,12.753,,,,,,,,,
2026-10-01T12:01:42.060,839.19,0,798.5,35,,97.062,20.784,-2.0,0.781,1.001,0.998,-0.023,3850,14.51,12.157,0,,,,,97,,,,,,,,
2026-10-01T12:01:42.191,839.321,0,800.75,36,,97.125,20.784,-1.5,0.781,1.001,0.997,-0.027,3860,14.51,12.157,0,,,,,,30,,,,,,,
2026-10-01T12:01:42.320,839.45,0,794.5,36,,97.094,20.784,-2.5,0.781,1.001,0.995,-0.031,3870,14.51,12.157,0,,,,,,,100.0,,,,,,
2026-10-01T12:01:42.450,839.581,0,795.25,36,,97.094,20.784,-2.0,0.781,1.001,0.994,-0.035,3870,14.51,12.157,0,,,,,,,,430.0,,,,,
2026-10-01T12:01:42.581,839.711,0,799.0,36,,97.031,20.784,-1.0,0.781,1.001,0.996,-0.031,3870,14.51,12.157,0,,,,,,,,,0.765,,,,
2026-10-01T12:01:42.710,839.84,0,796.5,36,,97.0,20.784,-2.0,0.781,1.001,0.995,-0.031,3880,14.51,12.157,0,,,,,,,,,,,0.781,,
2026-10-01T12:01:42.840,839.97,0,798.0,36,,97.0,20.784,-1.5,0.781,1.001,0.995,-0.031,3880,14.51,12.157,0,,,,,,,,,,,,21.569,
2026-10-01T12:01:42.970,840.1,0,801.25,36,,97.0,20.784,-2.0,0.781,1.001,0.997,-0.027,3910,14.51,12.157,0,,,,,,,,,,,,,872
2026-10-01T12:01:43.100,840.23,0,795.25,36,,97.125,20.784,-2.5,0.781,1.001,0.995,-0.031,3910,14.51,12.157,0,106,,,,,,,,,,,,
2026-10-01T12:01:43.230,840.36,0,797.25,36,,97.062,20.784,-2.5,0.781,1.001,0.995,-0.031,3910,14.51,12.157,0,,74,,,,,,,,,,,
2026-10-01T12:01:43.360,840.49,0,800.5,35,,97.062,20.784,-1.5,0.781,1.001,0.995,-0.031,3890,14.51,12.157,0,,,12.5,,,,,,,,,,
2026-10-01T12:01:43.490,840.62,0,799.0,36,,97.031,20.784,-2.5,0.781,1.001,0.995,-0.031,3900,14.51,12.157,0,,,,12.695,,,,,,,,,
2026-10-01T12:01:43.621,840.751,0,799.75,35,,97.0,20.784,-1.0,0.0,1.001,0.994,-0.035,3890,14.51,12.157,0,,,,,97,,,,,,,,
2026-10-01T12:01:43.750,840.88,0,793.75,35,,97.0,20.784,-2.0,0.0,1.001,0.995,-0.035,3880,14.51,12.157,0,,,,,,30,,,,,,,
2026-10-01T12:01:43.881,841.011,0,798.5,35,,97.0,20.784,-2.5,0.0,1.001,0.995,-0.035,3890,14.51,12.157,0,,,,,,,100.0,,,,,,
2026-10-01T12:01:44.011,841.141,0,799.25,35,,96.969,20.784,-2.0,0.0,1.001,0.995,-0.035,3880,14.51,12.157,0,,,,,,,,430.0,,,,,
2026-10-01T12:01:44.141,841.271,0,796.25,35,,96.969,20.784,-1.5,0.0,1.001,0.995,-0.031,3870,14.51,12.157,0,,,,,,,,,0.765,,,,
2026-10-01T12:01:44.271,841.401,0,796.75,35,,96.969,20.784,-2.0,0.0,1.001,0.994,-0.035,3850,14.51,12.157,0,,,,,,,,,,,0.781,,
2026-10-01T12:01:44.401,841.531,0,798.5,35,,96.969,20.784,-2.5,0.0,1.001,0.992,-0.039,3870,14.51,12.157,0,,,,,,,,,,,,21.569,
2026-10-01T12:01:44.530,841.66,0,801.0,35,,97.0,20.784,-2.5,0.0,1.001,0.991,-0.043,3880,14.51,12.157,0,,,,,,,,,,,,,874
2026-10-01T12:01:44.660,841.79,0,799.0,35,,96.969,20.784,-2.0,0.0,1.001,0.99,-0.043,3870,14.51,12.157,0,106,,,,,,,,,,,,
2026-10-01T12:01:44.790,841.92,0,797.25,35,,96.969,20.784,-2.0,0.0,1.001,0.992,-0.039,3870,14.51,12.157,0,,74,,,,,,,,,,,
2026-10-01T12:01:44.920,842.05,0,797.75,35,,97.031,20.784,-2.5,0.0,1.001,0.991,-0.043,3870,14.51,12.157,0,,,12.5,,,,,,,,,,
2026-10-01T12:01:45.050,842.18,0,800.5,35,,97.0,20.784,-1.5,0.0,1.001,0.99,-0.047,3860,14.51,12.157,0,,,,12.773,,,,,,,,,
2026-10-01T12:01:45.180,842.31,0,802.25,35,,97.0,20.784,-2.5,0.0,1.001,0.989,-0.047,3860,14.51,12.157,0,,,,,97,,,,,,,,
2026-10-01T12:01:45.311,842.441,0,797.5,35,,97.0,20.784,-2.5,0.0,1.001,0.99,-0.047,3840,14.51,12.157,0,,,,,,30,,,,,,,
2026-10-01T12:01:45.450,842.58,0,796.75,35,,96.969,20.784,-2.0,0.0,1.001,0.991,-0.043,3810,14.51,12.157,0,,,,,,,100.0,,,,,,
2026-10-01T12:01:45.580,842.71,0,797.25,35,,96.938,20.784,-1.0,0.0,1.001,0.991,-0.043,3800,14.51,12.157,0,,,,,,,,430.1,,,,,
2026-10-01T12:01:45.710,842.84,0,799.75,35,,97.0,20.784,-2.0,0.0,1.001,0.992,-0.039,3810,14.51,12.157,0,,,,,,,,,0.765,,,,
2026-10-01T12:01:45.840,842.97,0,794.5,35,,96.938,20.784,-2.0,0.0,1.001,0.993,-0.039,3820,14.51,12.157,0,,,,,,,,,,,0.781,,
2026-10-01T12:01:45.970,843.1,0,791.75,35,,96.969,20.784,-1.0,0.0,1.001,0.993,-0.035,3810,14.51,12.157,0,,,,,,,,,,,,21.569,
2026-10-01T12:01:46.101,843.231,0,792.25,36,,97.031,20.784,-1.0,0.0,1.001,0.994,-0.035,3820,14.51,12.157,0,,,,,,,,,,,,,875
2026-10-01T12:01:46.230,843.36,0,798.5,36,,96.969,20.784,-1.0,0.0,1.001,0.995,-0.031,3820,14.51,12.157,0,106,,,,,,,,,,,,
2026-10-01T12:01:46.361,843.491,0,801.0,36,,97.0,20.784,-2.5,0.0,1.001,0.995,-0.031,3820,14.51,12.157,0,,74,,,,,,,,,,,
2026-10-01T12:01:46.491,843.621,0,796.0,36,,96.938,20.784,-2.5,0.0,1.001,0.995,-0.035,3830,14.51,12.157,0,,,12.5,,,,,,,,,,
2026-10-01T12:01:46.621,843.751,0,797.25,35,,96.938,20.784,-2.5,0.0,1.001,0.994,-0.035,3820,14.51,12.157,0,,,,12.636,,,,,,,,,
2026-10-01T12:01:46.751,843.881,0,800.25,35,,96.906,20.784,-1.0,0.0,1.001,0.994,-0.035,3810,14.51,12.157,0,,,,,97,,,,,,,,
2026-10-01T12:01:46.880,844.01,0,795.5,35,,96.969,20.784,-1.5,0.0,1.001,0.994,-0.035,3850,14.51,12.157,0,,,,,,30,,,,,,,
2026-10-01T12:01:47.010,844.14,0,803.5,35,,96.938,20.784,-2.0,0.0,1.001,0.992,-0.039,3830,14.51,12.157,0,,,,,,,100.0,,,,,,
2026-10-01T12:01:47.140,844.27,0,806.0,36,,96.906,20.784,-2.5,0.0,1.001,0.992,-0.039,3840,14.51,12.157,0,,,,,,,,430.1,,,,,
2026-10-01T12:01:47.270,844.4,0,801.75,36,,96.938,20.784,-3.0,0.0,1.001,0.991,-0.043,3840,14.51,12.157,0,,,,,,,,,0.77,,,,
2026-10-01T12:01:47.400,844.53,0,800.5,36,,97.0,20.784,-3.0,0.0,1.001,0.99,-0.047,3870,14.51,12.157,0,,,,,,,,,,,0.781,,
2026-10-01T12:01:47.530,844.66,0,804.25,36,,97.0,20.784,-2.5,-0.781,1.001,0.99,-0.047,3870,14.51,12.157,0,,,,,,,,,,,,21.569,
2026-10-01T12:01:47.660,844.79,0,801.0,35,,97.062,20.784,-2.5,-0.781,1.001,0.991,-0.043,3880,14.51,12.157,0,,,,,,,,,,,,,877
2026-10-01T12:01:47.790,844.92,0,802.0,36,,97.062,20.784,-2.5,-0.781,1.001,0.992,-0.039,3880,14.51,12.157,0,106,,,,,,,,,,,,
2026-10-01T12:01:47.920,845.05,0,799.5,36,,97.0,20.784,-2.5,-0.781,1.001,0.99,-0.047,3870,14.51,12.157,0,,74,,,,,,,,,,,
2026-10-01T12:01:48.051,845.181,0,799.25,36,,96.938,20.784,-1.0,-0.781,1.001,0.99,-0.043,3850,14.51,12.157,0,,,12.5,,,,,,,,,,
2026-10-01T12:01:48.180,845.31,0,796.5,36,,97.0,20.784,-0.5,-0.781,1.001,0.989,-0.047,3830,14.51,12.157,0,,,,12.695,,,,,,,,,
2026-10-01T12:01:48.311,845.441,0,799.25,36,,97.062,20.784,-1.5,-0.781,1.001,0.989,-0.047,3830,14.51,12.157,0,,,,,97,,,,,,,,
2026-10-01T12:01:48.441,845.571,0,801.5,36,,97.0,20.784,-2.0,-0.781,1.001,0.988,-0.051,3840,14.51,12.157,0,,,,,,30,,,,,,,
2026-10-01T12:01:48.571,845.701,0,799.25,35,,96.938,20.784,-2.5,-0.781,1.001,0.988,-0.051,3850,14.51,12.157,0,,,,,,,100.0,,,,,,
2026-10-01T12:01:48.700,845.83,0,800.75,36,,96.969,20.784,-2.0,-0.781,1.001,0.987,-0.051,3850,14.51,12.157,0,,,,,,,,430.3,,,,,
2026-10-01T12:01:48.831,845.961,0,801.0,36,,97.062,20.784,-2.5,-1.562,1.001,0.984,-0.059,3850,14.51,12.157,0,,,,,,,,,0.77,,,,
2026-10-01T12:01:48.960,846.09,0,802.0,36,,97.0,20.784,-1.0,-1.562,1.001,0.984,-0.059,3840,14.51,12.157,0,,,,,,,,,,,0.781,,
2026-10-01T12:01:49.090,846.22,0,798.0,36,,97.031,20.784,-1.0,-1.562,1.001,0.982,-0.066,3850,14.51,12.157,0,,,,,,,,,,,,21.569,
2026-10-01T12:01:49.220,846.35,0,796.25,36,,96.938,20.784,-2.0,-1.562,1.001,0.983,-0.062,3860,14.51,12.157,0,,,,,,,,,,,,,879
2026-10-01T12:01:49.350,846.48,0,802.25,36,,96.969,20.784,-2.0,-1.562,1.001,0.984,-0.062,3880,14.51,12.157,0,106,,,,,,,,,,,,
2026-10-01T12:01:49.480,846.61,0,802.25,36,,97.0,20.784,-1.5,-1.562,1.001,0.985,-0.059,3900,14.51,12.157,0,,74,,,,,,,,,,,
2026-10-01T12:01:49.610,846.74,0,800.5,36,,97.0,20.784,-2.5,-1.562,1.001,0.988,-0.051,3910,14.51,12.157,0,,,12.5,,,,,,,,,,
2026-10-01T12:01:49.741,846.871,0,799.25,36,,97.0,20.784,-2.5,-1.562,1.001,0.989,-0.047,3910,14.51,12.157,0,,,,12.753,,,,,,,,,
2026-10-01T12:01:49.870,847.0,0,796.5,36,,97.0,20.784,-2.5,-1.562,1.001,0.991,-0.043,3920,14.51,12.157,0,,,,,97,,,,,,,,
2026-10-01T12:01:50.001,847.131,0,794.5,36,,97.0,20.784,-1.0,-1.562,1.001,0.99,-0.043,3890,14.51,12.157,0,,,,,,30,,,,,,,
2026-10-01T12:01:50.131,847.261,0,798.5,36,,97.094,20.784,-1.0,-1.562,1.001,0.992,-0.039,3890,14.51,12.157,0,,,,,,,100.0,,,,,,
2026-10-01T12:01:50.261,847.391,0,794.0,36,,97.0,21.176,-2.0,-1.562,1.001,0.992,-0.043,3880,14.51,12.157,0,,,,,,,,430.3,,,,,
2026-10-01T12:01:50.390,847.52,0,794.5,36,,96.969,20.784,-2.0,-2.344,1.001,0.993,-0.039,3890,14.51,12.157,0,,,,,,,,,0.78,,,,
2026-10-01T12:01:50.520,847.65,0,798.25,36,,97.0,20.784,-2.0,-2.344,1.001,0.993,-0.039,3880,14.51,12.157,0,,,,,,,,,,,0.781,,
2026-10-01T12:01:50.650,847.78,0,793.5,36,,97.0,21.176,-2.0,-2.344,1.001,0.995,-0.035,3870,14.51,12.157,0,,,,,,,,,,,,21.569,
2026-10-01T12:01:50.780,847.91,0,794.25,36,,97.0,20.784,-1.0,-1.562,1.001,0.996,-0.031,3900,14.51,12.157,0,,,,,,,,,,,,,880
2026-10-01T12:01:50.910,848.04,0,799.5,35,,97.062,20.784,-2.0,-2.344,1.001,0.996,-0.031,3870,14.51,12.157,0,106,,,,,,,,,,,,
2026-10-01T12:01:51.040,848.17,0,799.0,35,,96.969,20.784,-1.5,-2.344,1.001,0.996,-0.027,3870,14.51,12.157,0,,74,,,,,,,,,,,
2026-10-01T12:01:51.171,848.301,0,794.5,35,,97.0,20.784,-1.0,-2.344,1.001,0.997,-0.027,3870,14.51,12.157,0,,,12.5,,,,,,,,,,
2026-10-01T12:01:51.300,848.43,0,798.5,35,,96.969,20.784,-1.0,-2.344,1.001,0.997,-0.027,3870,14.51,12.157,0,,,,12.675,,,,,,,,,
2026-10-01T12:01:51.431,848.561,0,800.5,35,,97.0,20.784,-2.0,-2.344,1.001,0.997,-0.027,3860,14.51,12.157,0,,,,,97,,,,,,,,
2026-10-01T12:01:51.561,848.691,0,796.5,36,,97.0,20.784,-2.5,-2.344,1.001,0.996,-0.031,3880,14.51,12.157,0,,,,,,30,,,,,,,
2026-10-01T12:01:51.690,848.82,0,799.25,35,,96.969,20.784,-2.5,-2.344,1.001,0.996,-0.031,3860,14.51,12.157,0,,,,,,,100.0,,,,,,
2026-10-01T12:01:51.820,848.95,0,798.25,35,,97.031,20.784,-1.5,-2.344,1.001,0.997,-0.027,3840,14.51,12.157,0,,,,,,,,430.5,,,,,
2026-10-01T12:01:51.950,849.08,0,796.0,35,,96.969,20.784,-0.5,-2.344,1.001,0.998,-0.023,3830,14.51,12.157,0,,,,,,,,,0.775,,,,
2026-10-01T12:01:52.080,849.21,0,792.0,36,,97.094,21.176,-1.5,-1.562,1.001,1.0,-0.02,3830,14.51,12.157,0,,,,,,,,,,,0.781,,
2026-10-01T12:01:52.210,849.34,0,798.0,36,,97.094,20.784,-2.0,-1.562,1.001,1.001,-0.02,3810,14.51,12.157,0,,,,,,,,,,,,21.961,
2026-10-01T12:01:52.340,849.47,0,794.5,36,,97.062,21.176,-1.0,-1.562,1.001,1.0,-0.02,3820,14.51,12.157,0,,,,,,,,,,,,,882
2026-10-01T12:01:52.470,849.6,0,796.0,36,,97.031,20.784,-1.0,-1.562,1.001,1.0,-0.02,3830,14.51,12.157,0,106,,,,,,,,,,,,
2026-10-01T12:01:52.601,849.731,0,797.0,35,,97.0,20.784,-2.0,-1.562,1.001,1.003,-0.016,3830,14.51,12.157,0,,74,,,,,,,,,,,
2026-10-01T12:01:52.731,849.861,0,799.75,36,,97.0,21.176,-1.5,-1.562,1.001,1.004,-0.016,3830,14.51,12.157,0,,,12.5,,,,,,,,,,
2026-10-01T12:01:52.861,849.991,0,797.75,36,,96.969,20.784,-1.5,-1.562,1.001,1.003,-0.016,3820,14.51,12.157,0,,,,12.656,,,,,,,,,
2026-10-01T12:01:52.990,850.12,0,797.5,36,,96.969,21.176,-1.0,-1.562,1.001,1.002,-0.02,3840,14.51,12.157,0,,,,,97,,,,,,,,
2026-10-01T12:01:53.120,850.25,0,799.75,36,,96.938,20.784,-1.5,-1.562,1.001,1.001,-0.02,3840,14.51,12.157,0,,,,,,30,,,,,,,
2026-10-01T12:01:53.250,850.38,0,800.25,36,,97.031,20.784,-1.5,-1.562,1.001,1.002,-0.02,3840,14.51,12.157,0,,,,,,,100.0,,,,,,
2026-10-01T12:01:53.380,850.51,0,798.5,36,,97.0,20.784,-2.0,-1.562,1.001,1.0,-0.02,3850,14.51,12.157,0,,,,,,,,430.5,,,,,
2026-10-01T12:01:53.510,850.64,0,798.75,36,,96.938,21.176,-1.5,-1.562,1.001,1.003,-0.016,3850,14.51,12.157,0,,,,,,,,,0.77,,,,
2026-10-01T12:01:53.640,850.77,0,801.75,36,,96.938,21.176,-2.5,-1.562,1.001,1.0,-0.02,3870,14.51,12.157,0,,,,,,,,,,,0.781,,
2026-10-01T12:01:53.770,850.9,0,799.25,36,,97.0,21.176,-2.5,-1.562,1.001,0.999,-0.023,3870,14.51,12.157,0,,,,,,,,,,,,21.569,
2026-10-01T12:01:53.900,851.03,0,798.5,36,,96.969,20.784,-2.5,-1.562,1.001,0.998,-0.023,3870,14.51,12.157,0,,,,,,,,,,,,,883
2026-10-01T12:01:54.030,851.16,0,804.0,36,,97.0,20.784,-2.5,-1.562,1.001,0.996,-0.031,3870,14.51,12.157,0,106,,,,,,,,,,,,
2026-10-01T12:01:54.160,851.29,0,805.75,36,,97.0,20.784,-2.5,-2.344,1.001,0.996,-0.031,3880,14.51,12.157,0,,74,,,,,,,,,,,
2026-10-01T12:01:54.291,851.421,0,800.0,36,,96.969,20.784,-3.0,-2.344,1.001,0.994,-0.035,3890,14.51,12.157,0,,,12.5,,,,,,,,,,
2026-10-01T12:01:54.420,851.55,0,804.5,36,,96.969,20.784,-2.5,-2.344,1.001,0.992,-0.039,3890,14.51,12.157,0,,,,12.714,,,,,,,,,
2026-10-01T12:01:54.550,851.68,0,802.25,36,,97.094,21.176,-3.0,-2.344,1.001,0.992,-0.039,3880,14.51,12.157,0,,,,,97,,,,,,,,
2026-10-01T12:01:54.681,851.811,0,798.0,36,,97.0,20.784,-2.0,-2.344,1.001,0.99,-0.043,3860,14.51,12.157,0,,,,,,31,,,,,,,
2026-10-01T12:01:54.811,851.941,0,798.25,36,,97.094,20.784,-2.5,-2.344,1.001,0.989,-0.047,3840,14.51,12.157,0,,,,,,,100.0,,,,,,
2026-10-01T12:01:54.940,852.07,0,798.0,36,,97.062,20.784,-2.0,-2.344,1.001,0.989,-0.047,3830,14.51,12.157,0,,,,,,,,430.6,,,,,
2026-10-01T12:01:55.070,852.2,0,798.5,36,,97.031,20.784,-1.0,-2.344,1.001,0.99,-0.047,3840,14.51,12.157,0,,,,,,,,,0.77,,,,
2026-10-01T12:01:55.200,852.33,0,797.0,36,,97.031,20.784,-1.5,-2.344,1.001,0.989,-0.047,3840,14.51,12.157,0,,,,,,,,,,,0.781,,
2026-10-01T12:01:55.330,852.46,0,794.75,36,,97.094,20.784,-2.0,-3.125,1.001,0.988,-0.051,3850,14.51,12.157,0,,,,,,,,,,,,21.961,
2026-10-01T12:01:55.460,852.59,0,801.25,36,,97.062,20.784,-2.0,-3.125,1.001,0.985,-0.059,3860,14.51,12.157,0,,,,,,,,,,,,,885
2026-10-01T12:01:55.590,852.72,0,799.75,36,,97.094,20.784,-2.5,-3.125,1.001,0.984,-0.062,3850,14.51,12.157,0,106,,,,,,,,,,,,
2026-10-01T12:01:55.720,852.85,0,798.5,36,,97.062,20.784,-2.5,-3.125,1.001,0.981,-0.07,3850,14.51,12.157,0,,74,,,,,,,,,,,
2026-10-01T12:01:55.850,852.98,0,798.75,36,,97.094,20.784,-2.5,-3.906,1.001,0.981,-0.066,3860,14.51,12.157,0,,,12.5,,,,,,,,,,
2026-10-01T12:01:55.981,853.111,0,800.75,36,,97.156,20.784,-2.5,-3.906,1.001,0.981,-0.066,3880,14.51,12.157,0,,,,12.714,,,,,,,,,
2026-10-01T12:01:56.110,853.24,0,799.25,36,,97.125,20.784,-1.5,-3.906,1.001,0.983,-0.062,3880,14.51,12.157,0,,,,,97,,,,,,,,
2026-10-01T12:01:56.241,853.371,0,798.0,36,,97.125,20.784,-1.5,-3.906,1.001,0.99,-0.047,3900,14.51,12.157,0,,,,,,31,,,,,,,
2026-10-01T12:01:56.371,853.501,0,797.0,36,,96.938,20.784,-2.0,-3.906,1.001,0.989,-0.047,3910,14.51,12.157,0,,,,,,,100.0,,,,,,
2026-10-01T12:01:56.500,853.63,0,796.75,36,,97.094,20.784,-2.5,-3.906,1.001,0.992,-0.043,3900,14.51,12.157,0,,,,,,,,430.6,,,,,
2026-10-01T12:01:56.630,853.76,0,797.75,36,,97.0,20.784,-1.5,-3.906,1.001,0.994,-0.035,3890,14.51,12.157,0,,,,,,,,,0.78,,,,
2026-10-01T12:01:56.760,853.89,0,799.0,36,,97.031,20.784,-1.0,-3.125,1.001,0.996,-0.031,3890,14.51,12.157,0,,,,,,,,,,,0.781,,
2026-10-01T12:01:56.890,854.02,0,795.75,36,,97.0,20.784,-2.5,-3.125,1.001,0.998,-0.023,3890,14.51,12.157,0,,,,,,,,,,,,21.569,
2026-10-01T12:01:57.020,854.15,0,796.25,36,,97.031,20.784,-2.0,-3.125,1.001,0.999,-0.023,3880,14.51,12.157,0,,,,,,,,,,,,,886
2026-10-01T12:01:57.150,854.28,0,795.0,36,,96.969,21.176,-2.5,-3.125,1.001,0.999,-0.023,3890,14.51,12.157,0,106,,,,,,,,,,,,
2026-10-01T12:01:57.280,854.41,0,797.5,36,,97.031,20.784,-2.5,-3.125,1.001,0.999,-0.02,3890,14.51,12.157,0,,74,,,,,,,,,,,
2026-10-01T12:01:57.411,854.541,0,795.75,36,,96.938,20.784,-2.0,-3.125,1.001,0.999,-0.023,3900,14.51,12.157,0,,,12.5,,,,,,,,,,
2026-10-01T12:01:57.540,854.67,0,797.5,36,,97.0,20.784,-1.0,-3.125,1.001,0.999,-0.023,3880,14.51,12.157,0,,,,12.695,,,,,,,,,
2026-10-01T12:01:57.671,854.801,0,797.75,35,,97.0,20.784,-1.0,-3.125,1.001,0.999,-0.023,3870,14.51,12.157,0,,,,,97,,,,,,,,
2026-10-01T12:01:57.801,854.931,0,795.75,36,,97.031,20.784,-1.0,-3.125,1.001,1.001,-0.02,3870,14.51,12.157,0,,,,,,31,,,,,,,
2026-10-01T12:01:57.931,855.061,0,797.0,36,,97.0,21.176,-1.0,-3.125,1.001,0.999,-0.023,3880,14.51,12.157,0,,,,,,,100.0,,,,,,
2026-10-01T12:01:58.060,855.19,0,794.0,36,,96.969,20.784,-0.5,-3.125,1.001,0.998,-0.023,3870,14.51,12.157,0,,,,,,,,430.7,,,,,
2026-10-01T12:01:58.190,855.32,0,798.0,35,,97.0,20.784,-1.0,-3.125,1.001,0.997,-0.027,3850,14.51,12.157,0,,,,,,,,,0.77,,,,
2026-10-01T12:01:58.320,855.45,0,793.25,36,,96.969,21.176,-2.5,-3.125,1.001,0.998,-0.023,3870,14.51,12.157,0,,,,,,,,,,,0.781,,
2026-10-01T12:01:58.450,855.58,0,799.75,36,,97.0,20.784,-2.0,-3.125,1.001,0.998,-0.023,3850,14.51,12.157,0,,,,,,,,,,,,21.569,
2026-10-01T12:01:58.580,855.71,0,795.75,36,,96.969,21.176,-2.0,-3.125,1.001,0.999,-0.023,3840,14.51,12.157,0,,,,,,,,,,,,,888
2026-10-01T12:01:58.710,855.84,0,799.75,36,,97.0,20.784,-2.0,-3.125,1.001,1.0,-0.02,3820,14.51,12.157,0,106,,,,,,,,,,,,
2026-10-01T12:01:58.841,855.971,0,794.25,35,,97.0,20.784,-2.5,-3.125,1.001,0.999,-0.023,3820,14.51,12.157,0,,74,,,,,,,,,,,
2026-10-01T12:01:58.971,856.101,0,799.0,35,,97.0,20.784,-1.0,-3.125,1.001,0.999,-0.023,3820,14.51,12.157,0,,,12.5,,,,,,,,,,
2026-10-01T12:01:59.101,856.231,0,795.25,35,,97.031,20.784,-1.5,-3.125,1.001,0.999,-0.02,3830,14.51,12.157,0,,,,12.636,,,,,,,,,
2026-10-01T12:01:59.231,856.361,0,797.75,35,,96.969,20.784,-2.5,-3.125,1.001,1.001,-0.02,3830,14.51,12.157,0,,,,,97,,,,,,,,
2026-10-01T12:01:59.360,856.491,0,793.5,35,,96.969,20.784,-1.5,-3.125,1.001,1.0,-0.02,3830,14.51,12.157,0,,,,,,31,,,,,,,
2026-10-01T12:01:59.490,856.62,0,793.0,35,,97.0,20.784,-1.0,-3.125,1.001,1.002,-0.02,3810,14.51,12.157,0,,,,,,,100.0,,,,,,
2026-10-01T12:01:59.620,856.75,0,793.25,36,,97.0,20.784,-1.0,-3.125,1.001,1.002,-0.02,3840,14.51,12.157,0,,,,,,,,430.8,,,,,
2026-10-01T12:01:59.750,856.88,0,796.5,36,,96.938,20.784,-1.0,-3.125,1.001,1.004,-0.016,3840,14.51,12.157,0,,,,,,,,,0.765,,,,
2026-10-01T12:01:59.880,857.01,0,789.75,36,,96.969,20.784,0.0,-3.125,1.001,1.001,-0.02,3830,14.51,12.157,0,,,,,,,,,,,0.781,,
2026-10-01T12:02:00.020,857.15,0,794.0,36,,97.0,20.784,-1.0,-3.125,1.001,1.007,-0.012,3840,14.51,12.157,0,,,,,,,,,,,,21.569,
2026-10-01T12:02:00.150,857.28,0,793.25,36,,97.062,20.784,-1.0,-3.125,1.001,1.009,-0.012,3850,14.51,12.157,0,,,,,,,,,,,,,889
2026-10-01T12:02:00.280,857.41,0,794.0,36,,97.0,21.176,-2.0,-3.125,1.001,1.012,-0.008,3850,14.51,12.157,0,106,,,,,,,,,,,,
2026-10-01T12:02:00.410,857.54,0,793.0,36,,97.0,20.784,-1.5,-2.344,1.001,1.01,-0.012,3850,14.51,12.157,0,,74,,,,,,,,,,,
2026-10-01T12:02:00.540,857.67,0,798.25,35,,96.938,20.784,-1.0,-2.344,1.001,1.013,-0.008,3840,14.51,12.157,0,,,13.281,,,,,,,,,,
2026-10-01T12:02:00.670,857.8,0,795.75,36,,96.938,20.784,0.0,-2.344,1.001,1.009,-0.012,3840,14.51,12.157,0,,,,12.675,,,,,,,,,
2026-10-01T12:02:00.800,857.93,0,790.75,36,,97.0,21.176,0.0,-2.344,1.001,1.013,-0.008,3850,14.51,12.157,0,,,,,97,,,,,,,,
2026-10-01T12:02:00.931,858.061,0,796.75,36,,96.969,21.176,-1.0,-2.344,1.001,1.015,-0.004,3840,14.51,12.157,0,,,,,,31,,,,,,,
2026-10-01T12:02:01.061,858.191,0,798.0,36,,97.0,20.784,-0.5,-2.344,1.001,1.012,-0.008,3840,14.51,12.157,0,,,,,,,100.0,,,,,,
2026-10-01T12:02:01.190,858.32,0,794.0,36,,96.969,21.176,-1.0,-2.344,1.001,1.012,-0.008,3850,14.51,12.157,0,,,,,,,,430.9,,,,,
2026-10-01T12:02:01.320,858.45,0,798.0,36,,97.0,21.176,-2.0,-2.344,1.001,1.013,-0.008,3850,14.51,12.157,0,,,,,,,,,0.765,,,,
2026-10-01T12:02:01.450,858.58,0,793.75,36,,96.938,21.176,-2.0,-1.562,1.001,1.014,-0.008,3870,14.51,12.157,0,,,,,,,,,,,0.781,,
2026-10-01T12:02:01.580,858.71,0,801.0,36,,97.0,20.784,-1.5,-1.562,1.001,1.014,-0.008,3870,14.51,12.157,0,,,,,,,,,,,,21.961,
2026-10-01T12:02:01.710,858.84,0,797.75,36,,97.0,21.176,-1.0,-1.562,1.001,1.014,-0.008,3880,14.51,12.157,0,,,,,,,,,,,,,891
2026-10-01T12:02:01.840,858.97,0,798.75,36,,96.938,20.784,-2.0,-1.562,1.001,1.014,-0.008,3870,14.51,12.157,0,106,,,,,,,,,,,,
2026-10-01T12:02:01.971,859.101,0,793.5,36,,96.938,21.176,-1.5,-1.562,1.001,1.012,-0.008,3870,14.51,12.157,0,,74,,,,,,,,,,,
2026-10-01T12:02:02.100,859.23,0,793.5,36,,96.969,20.784,-0.5,-1.562,1.001,1.013,-0.008,3860,14.51,12.157,0,,,12.5,,,,,,,,,,
2026-10-01T12:02:02.231,859.361,0,794.75,36,,97.062,20.784,-1.5,-1.562,1.001,1.013,-0.008,3870,14.51,12.157,0,,,,12.695,,,,,,,,,
2026-10-01T12:02:02.361,859.491,0,799.75,36,,96.969,20.784,-1.0,-1.562,1.001,1.016,-0.004,3870,14.51,12.157,0,,,,,97,,,,,,,,
2026-10-01T12:02:02.490,859.62,0,796.0,36,,97.031,20.784,-1.5,-0.781,1.001,1.013,-0.008,3880,14.51,12.157,0,,,,,,31,,,,,,,
2026-10-01T12:02:02.620,859.75,0,798.75,36,,97.062,20.784,-2.0,-1.562,1.001,1.011,-0.008,3890,14.51,12.157,0,,,,,,,100.0,,,,,,
2026-10-01T12:02:02.750,859.88,0,799.25,36,,97.062,20.784,-1.5,-0.781,1.001,1.011,-0.008,3880,14.51,12.157,0,,,,,,,,431.0,,,,,
2026-10-01T12:02:02.880,860.01,0,794.5,36,,97.0,20.784,-1.0,-0.781,1.001,1.006,-0.016,3880,14.51,12.157,0,,,,,,,,,0.765,,,,
2026-10-01T12:02:03.021,860.151,0,794.25,36,,97.062,20.784,-2.0,-1.562,1.001,1.006,-0.016,3890,14.51,12.157,0,,,,,,,,,,,0.781,,
2026-10-01T12:02:03.151,860.281,0,801.75,36,,96.969,20.784,-2.5,-0.781,1.001,1.006,-0.016,3920,14.51,12.157,0,,,,,,,,,,,,21.961,
2026-10-01T12:02:03.281,860.411,0,801.5,36,,97.062,20.784,-2.0,-0.781,1.001,1.008,-0.012,3930,14.51,12.157,0,,,,,,,,,,,,,893
2026-10-01T12:02:03.410,860.54,0,798.25,36,,97.062,21.176,-3.0,-0.781,1.001,1.005,-0.016,3910,14.51,12.157,0,106,,,,,,,,,,,,
2026-10-01T12:02:03.541,860.671,0,800.25,36,,97.094,21.176,-2.0,-1.562,1.001,1.002,-0.02,3930,14.51,12.157,0,,74,,,,,,,,,,,
2026-10-01T12:02:03.670,860.8,0,794.25,36,,97.094,21.176,-2.0,-1.562,1.001,0.999,-0.023,3920,14.51,12.157,0,,,12.5,,,,,,,,,,
2026-10-01T12:02:03.800,860.93,0,798.75,36,,97.062,21.176,-2.0,-1.562,1.001,1.0,-0.02,3900,14.51,12.157,0,,,,12.617,,,,,,,,,
2026-10-01T12:02:03.930,861.06,0,794.75,36,,97.094,20.784,-1.0,-1.562,1.001,1.002,-0.02,3890,14.51,12.157,0,,,,,97,,,,,,,,
2026-10-01T12:02:04.060,861.19,0,795.75,36,,97.0,21.176,0.0,-0.781,1.001,1.003,-0.016,3910,14.51,12.157,0,,,,,,31,,,,,,,
2026-10-01T12:02:04.191,861.321,0,791.75,36,,97.031,20.784,-1.5,-0.781,1.001,1.001,-0.02,3910,14.51,12.157,0,,,,,,,100.0,,,,,,
2026-10-01T12:02:04.320,861.45,0,797.25,36,,97.0,21.176,-2.5,-0.781,1.001,1.003,-0.016,3890,14.51,12.157,0,,,,,,,,431.0,,,,,
2026-10-01T12:02:04.451,861.581,0,794.5,36,,97.094,21.176,-2.5,-0.781,1.001,1.002,-0.02,3880,14.51,12.157,0,,,,,,,,,0.765,,,,
2026-10-01T12:02:04.581,861.711,0,795.5,35,,97.031,20.784,-1.5,-0.781,1.001,1.0,-0.02,3870,14.51,12.157,0,,,,,,,,,,,0.781,,
2026-10-01T12:02:04.710,861.84,0,795.25,36,,97.0,20.784,-1.5,-1.562,1.001,1.0,-0.02,3870,14.51,12.157,0,,,,,,,,,,,,21.569,
2026-10-01T12:02:04.840,861.97,0,798.25,36,,97.0,20.784,-1.5,-0.781,1.001,1.0,-0.02,3860,14.51,12.157,0,,,,,,,,,,,,,894
2026-10-01T12:02:04.970,862.1,0,800.75,36,,97.0,21.176,-2.0,-1.562,1.001,1.0,-0.02,3870,14.51,12.157,0,106,,,,,,,,,,,,
2026-10-01T12:02:05.100,862.23,0,800.75,36,,97.0,20.784,-1.5,-0.781,1.001,0.999,-0.02,3870,14.51,12.157,0,,74,,,,,,,,,,,
2026-10-01T12:02:05.230,862.36,0,795.0,36,,97.031,20.784,-2.0,-1.562,1.001,0.999,-0.023,3860,14.51,12.157,0,,,12.5,,,,,,,,,,
2026-10-01T12:02:05.360,862.49,0,795.0,36,,96.969,21.176,-2.0,-1.562,1.001,0.999,-0.023,3860,14.51,12.157,0,,,,12.753,,,,,,,,,
2026-10-01T12:02:05.490,862.62,0,795.25,36,,97.094,21.176,-1.0,-1.562,1.001,0.998,-0.023,3850,14.51,12.157,0,,,,,97,,,,,,,,
2026-10-01T12:02:05.621,862.751,0,793.0,36,,97.0,21.176,-2.0,-1.562,1.001,0.998,-0.023,3860,14.51,12.157,0,,,,,,31,,,,,,,
2026-10-01T12:02:05.750,862.88,0,801.25,36,,96.969,21.176,-2.0,-1.562,1.001,1.001,-0.02,3850,14.51,12.157,0,,,,,,,100.0,,,,,,
2026-10-01T12:02:05.880,863.01,0,795.75,36,,97.0,20.784,-1.5,-0.781,1.001,1.002,-0.02,3850,14.51,12.157,0,,,,,,,,431.1,,,,,
2026-10-01T12:02:06.011,863.141,0,798.25,36,,96.969,20.784,-2.0,-0.781,1.001,1.004,-0.016,3840,14.51,12.157,0,,,,,,,,,0.765,,,,
2026-10-01T12:02:06.141,863.271,0,801.75,36,,97.0,20.784,-2.5,-0.781,1.001,1.002,-0.02,3850,14.51,12.157,0,,,,,,,,,,,0.781,,
2026-10-01T12:02:06.270,863.4,0,801.25,36,,96.938,21.176,0.0,-0.781,1.001,1.001,-0.02,3840,14.51,12.157,0,,,,,,,,,,,,21.569,
2026-10-01T12:02:06.400,863.53,0,793.5,36,,96.969,20.784,-2.0,-0.781,1.001,0.999,-0.023,3830,14.51,12.157,0,,,,,,,,,,,,,896
2026-10-01T12:02:06.530,863.66,0,794.25,36,,96.969,20.784,-2.0,-1.562,1.001,0.998,-0.023,3830,14.51,12.157,0,106,,,,,,,,,,,,
2026-10-01T12:02:06.660,863.79,0,804.75,36,,97.062,20.784,-2.5,-1.562,1.001,0.996,-0.031,3840,14.51,12.157,0,,74,,,,,,,,,,,
2026-10-01T12:02:06.790,863.92,0,804.75,36,,97.062,20.784,-2.5,-1.562,1.001,0.995,-0.031,3860,14.51,12.157,0,,,12.5,,,,,,,,,,
2026-10-01T12:02:06.920,864.05,0,797.25,36,,97.0,21.176,-2.5,-1.562,1.001,0.996,-0.027,3860,14.51,12.157,0,,,,12.675,,,,,,,,,
2026-10-01T12:02:07.050,864.18,0,795.25,36,,96.969,21.176,-2.0,-1.562,1.001,0.997,-0.027,3880,14.51,12.157,0,,,,,97,,,,,,,,
2026-10-01T12:02:07.180,864.31,0,794.75,36,,96.969,21.176,-1.5,-1.562,1.001,0.997,-0.027,3880,14.51,12.157,0,,,,,,31,,,,,,,
2026-10-01T12:02:07.310,864.44,0,799.5,36,,97.0,21.176,-2.5,-1.562,1.001,0.996,-0.031,3870,14.51,12.157,0,,,,,,,100.0,,,,,,
2026-10-01T12:02:07.440,864.57,0,800.5,36,,97.062,20.784,-1.5,-1.562,1.001,0.996,-0.031,3870,14.51,12.157,0,,,,,,,,431.1,,,,,
2026-10-01T12:02:07.570,864.7,0,794.0,36,,97.0,20.784,-1.5,-1.562,1.001,0.995,-0.031,3850,14.51,12.157,0,,,,,,,,,0.765,,,,
2026-10-01T12:02:07.701,864.831,0,799.0,36,,96.969,20.784,-1.5,-1.562,1.001,0.994,-0.035,3850,14.51,12.157,0,,,,,,,,,,,0.781,,
2026-10-01T12:02:07.830,864.96,0,801.25,36,,97.0,21.176,-1.5,-1.562,1.001,0.997,-0.027,3850,14.51,12.157,0,,,,,,,,,,,,21.961,
2026-10-01T12:02:07.961,865.091,0,797.5,36,,97.031,20.784,-2.5,-1.562,1.001,0.998,-0.023,3870,14.51,12.157,0,,,,,,,,,,,,,897
2026-10-01T12:02:08.090,865.22,0,799.5,36,,97.0,20.784,-2.5,-1.562,1.001,0.998,-0.027,3850,14.51,12.157,0,106,,,,,,,,,,,,
2026-10-01T12:02:08.220,865.35,0,799.5,36,,96.969,20.784,-2.0,-1.562,1.001,0.999,-0.023,3840,14.51,12.157,0,,74,,,,,,,,,,,
2026-10-01T12:02:08.350,865.48,0,801.75,36,,96.938,20.784,-1.5,-1.562,1.001,1.0,-0.02,3850,14.51,12.157,0,,,12.5,,,,,,,,,,
2026-10-01T12:02:08.480,865.61,0,798.25,36,,97.0,21.176,-1.0,-1.562,1.001,1.002,-0.02,3860,14.51,12.157,0,,,,12.695,,,,,,,,,
2026-10-01T12:02:08.610,865.74,0,791.0,36,,97.0,20.784,-2.0,-0.781,1.001,1.007,-0.012,3890,14.51,12.157,0,,,,,97,,,,,,,,
2026-10-01T12:02:08.740,865.87,0,790.25,36,,97.031,21.176,-1.0,-0.781,1.001,1.01,-0.012,3880,14.51,12.157,0,,,,,,31,,,,,,,
2026-10-01T12:02:08.870,866.0,0,793.0,36,,97.0,20.784,-2.5,-0.781,1.001,1.013,-0.008,3890,14.51,12.157,0,,,,,,,100.0,,,,,,
2026-10-01T12:02:09.000,866.13,0,796.0,36,,97.0,21.176,-2.5,-0.781,1.001,1.015,-0.004,3890,14.51,12.157,0,,,,,,,,431.2,,,,,
2026-10-01T12:02:09.131,866.261,0,798.0,36,,97.094,21.176,-2.5,-0.781,1.001,1.014,-0.008,3890,14.51,12.157,0,,,,,,,,,0.76,,,,
2026-10-01T12:02:09.260,866.39,0,796.25,36,,97.0,20.784,-1.0,-0.781,1.001,1.014,-0.008,3880,14.51,12.157,0,,,,,,,,,,,0.781,,
2026-10-01T12:02:09.391,866.521,0,797.0,36,,96.969,21.176,-1.0,0.0,1.001,1.013,-0.008,3890,14.51,12.157,0,,,,,,,,,,,,21.961,
2026-10-01T12:02:09.520,866.65,0,801.25,36,,96.969,21.176,-2.0,0.0,1.001,1.011,-0.008,3910,14.51,12.157,0,,,,,,,,,,,,,899
2026-10-01T12:02:09.650,866.78,0,801.5,36,,96.969,21.176,-2.0,0.0,1.001,1.013,-0.008,3950,14.51,12.157,0,106,,,,,,,,,,,,
2026-10-01T12:02:09.780,866.91,0,803.5,36,,97.094,21.176,-1.5,0.0,1.001,1.014,-0.008,3970,14.51,12.157,0,,74,,,,,,,,,,,
2026-10-01T12:02:09.910,867.04,0,796.5,36,,97.0,21.176,-3.0,0.0,1.001,1.013,-0.008,3980,14.51,12.157,0,,,12.5,,,,,,,,,,
2026-10-01T12:02:10.040,867.17,0,797.25,36,,97.0,21.176,-2.5,0.0,1.001,1.011,-0.008,4000,14.51,12.157,0,,,,12.656,,,,,,,,,
2026-10-01T12:02:10.170,867.3,0,801.0,36,,96.969,21.176,-2.0,0.0,1.001,1.011,-0.008,3970,14.51,12.157,0,,,,,97,,,,,,,,
2026-10-01T12:02:10.300,867.43,0,799.75,36,,97.062,21.176,-3.0,0.0,1.001,1.011,-0.008,3970,14.51,12.157,0,,,,,,31,,,,,,,
2026-10-01T12:02:10.430,867.56,0,795.25,36,,97.0,21.176,-1.5,0.0,1.001,1.008,-0.012,3940,14.51,12.157,0,,,,,,,100.0,,,,,,
2026-10-01T12:02:10.560,867.69,0,793.0,36,,97.0,21.176,-1.5,0.0,1.001,1.012,-0.008,3940,14.51,12.157,0,,,,,,,,431.3,,,,,
2026-10-01T12:02:10.690,867.82,0,791.75,36,,96.938,21.176,-1.0,0.0,1.001,1.01,-0.012,3910,14.51,12.157,0,,,,,,,,,0.76,,,,
2026-10-01T12:02:10.822,867.952,0,797.75,36,,97.062,21.176,-2.0,0.0,1.001,1.011,-0.008,3910,14.51,12.157,0,,,,,,,,,,,0.781,,
2026-10-01T12:02:10.950,868.08,0,795.75,35,,97.031,20.784,-1.5,0.0,1.001,1.013,-0.008,3890,14.51,12.157,0,,,,,,,,,,,,21.569,
2026-10-01T12:02:11.080,868.21,0,800.5,36,,97.031,21.176,-0.5,0.0,1.001,1.012,-0.008,3890,14.51,12.157,0,,,,,,,,,,,,,900
2026-10-01T12:02:11.210,868.34,0,795.5,36,,96.969,21.176,-2.0,0.0,1.001,1.011,-0.008,3900,14.51,12.157,0,106,,,,,,,,,,,,
2026-10-01T12:02:11.340,868.47,0,800.0,36,,97.0,21.176,-1.5,0.0,1.001,1.009,-0.012,3910,14.51,12.157,0,,74,,,,,,,,,,,
2026-10-01T12:02:11.470,868.6,0,798.75,36,,97.0,20.784,-1.5,0.0,1.001,1.01,-0.012,3900,14.51,12.157,0,,,11.719,,,,,,,,,,
2026-10-01T12:02:11.600,868.73,0,795.25,36,,97.062,21.176,-1.5,0.0,1.001,1.011,-0.008,3900,14.51,12.157,0,,,,12.714,,,,,,,,,
2026-10-01T12:02:11.730,868.86,0,798.25,36,,97.094,21.176,-1.5,0.0,1.001,1.012,-0.008,3890,14.51,12.157,0,,,,,97,,,,,,,,
2026-10-01T12:02:11.860,868.99,0,795.0,36,,97.0,21.176,-2.0,0.0,1.001,1.008,-0.012,3880,14.51,12.157,0,,,,,,31,,,,,,,
2026-10-01T12:02:11.990,869.12,0,799.75,36,,97.062,21.176,-2.0,0.0,1.001,1.009,-0.012,3880,14.51,12.157,0,,,,,,,100.0,,,,,,
2026-10-01T12:02:12.120,869.25,0,799.25,36,,96.938,20.784,-2.5,0.0,1.001,1.007,-0.012,3860,14.51,12.157,0,,,,,,,,431.3,,,,,
2026-10-01T12:02:12.251,869.381,0,796.0,36,,97.062,21.176,-2.5,0.0,1.001,1.004,-0.016,3850,14.51,12.157,0,,,,,,,,,0.76,,,,
2026-10-01T12:02:12.380,869.51,0,797.0,36,,97.031,20.784,-2.0,0.781,1.001,1.009,-0.012,3840,14.51,12.157,0,,,,,,,,,,,0.781,,
2026-10-01T12:02:12.510,869.64,0,800.25,36,,97.031,21.176,-2.0,0.781,1.001,1.012,-0.008,3860,14.51,12.157,0,,,,,,,,,,,,21.961,
2026-10-01T12:02:12.640,869.77,0,800.0,36,,97.094,21.176,-1.5,0.781,1.001,1.013,-0.008,3840,14.51,12.157,0,,,,,,,,,,,,,902
2026-10-01T12:02:12.770,869.9,0,796.0,36,,96.969,21.176,-1.5,0.781,1.001,1.013,-0.008,3840,14.51,12.157,0,106,,,,,,,,,,,,
2026-10-01T12:02:12.900,870.03,0,795.75,36,,96.938,21.176,-1.0,0.781,1.001,1.014,-0.008,3850,14.51,12.157,0,,74,,,,,,,,,,,
2026-10-01T12:02:13.030,870.16,0,795.5,36,,97.0,21.176,0.0,0.781,1.001,1.013,-0.008,3830,14.51,12.157,0,,,12.5,,,,,,,,,,
2026-10-01T12:02:13.160,870.29,0,798.25,36,,96.969,21.176,-1.0,0.781,1.001,1.011,-0.008,3840,14.51,12.157,0,,,,12.695,,,,,,,,,
2026-10-01T12:02:13.290,870.421,0,794.0,36,,96.969,20.784,-1.5,0.781,1.001,1.009,-0.012,3840,14.51,12.157,0,,,,,97,,,,,,,,
2026-10-01T12:02:13.420,870.55,0,798.25,36,,97.0,20.784,-1.5,0.781,1.001,1.008,-0.012,3820,14.51,12.157,0,,,,,,31,,,,,,,
2026-10-01T12:02:13.550,870.68,0,796.25,36,,97.062,20.784,-1.0,0.781,1.001,1.009,-0.012,3840,14.51,12.157,0,,,,,,,100.0,,,,,,
2026-10-01T12:02:13.681,870.811,0,795.0,36,,97.0,20.784,-1.5,1.562,1.001,1.009,-0.012,3850,14.51,12.157,0,,,,,,,,431.4,,,,,
2026-10-01T12:02:13.810,870.94,0,791.75,36,,96.938,21.176,-2.0,1.562,1.001,1.011,-0.008,3840,14.51,12.157,0,,,,,,,,,0.76,,,,
2026-10-01T12:02:13.940,871.07,0,799.25,36,,97.0,20.784,-1.5,1.562,1.001,1.013,-0.008,3830,14.51,12.157,0,,,,,,,,,,,0.781,,
2026-10-01T12:02:14.070,871.2,0,799.25,36,,97.062,21.176,-2.0,1.562,1.001,1.012,-0.008,3860,14.51,12.157,0,,,,,,,,,,,,21.961,
2026-10-01T12:02:14.200,871.33,0,796.75,36,,97.062,21.176,-1.0,1.562,1.001,1.013,-0.008,3850,14.51,12.157,0,,,,,,,,,,,,,904
2026-10-01T12:02:14.330,871.46,0,797.0,36,,97.094,21.176,-2.0,1.562,1.001,1.013,-0.008,3860,14.51,12.157,0,106,,,,,,,,,,,,
2026-10-01T12:02:14.460,871.59,0,797.0,36,,97.062,20.784,-2.0,1.562,1.001,1.011,-0.008,3860,14.51,12.157,0,,74,,,,,,,,,,,
2026-10-01T12:02:14.590,871.72,0,797.25,36,,97.062,20.784,-2.5,1.562,1.001,1.011,-0.008,3860,14.51,12.157,0,,,11.719,,,,,,,,,,
2026-10-01T12:02:14.720,871.85,0,794.25,35,,97.0,20.784,-2.0,1.562,1.001,1.011,-0.008,3860,14.51,12.157,0,,,,12.734,,,,,,,,,
2026-10-01T12:02:14.850,871.98,0,793.5,36,,96.969,20.784,-2.0,1.562,1.001,1.007,-0.012,3840,14.51,12.157,0,,,,,97,,,,,,,,
2026-10-01T12:02:14.980,872.11,0,801.75,36,,97.031,20.784,-1.5,1.562,1.001,1.006,-0.016,3850,14.51,12.157,0,,,,,,31,,,,,,,
2026-10-01T12:02:15.111,872.241,0,796.25,36,,97.0,20.784,-2.5,1.562,1.001,1.005,-0.016,3870,14.51,12.157,0,,,,,,,100.0,,,,,,
2026-10-01T12:02:15.240,872.37,0,798.25,36,,97.031,20.784,-2.5,1.562,1.001,1.005,-0.016,3870,14.51,12.157,0,,,,,,,,431.5,,,,,
2026-10-01T12:02:15.370,872.5,0,795.5,36,,97.0,20.784,-1.5,1.562,1.001,1.004,-0.016,3850,14.51,12.157,0,,,,,,,,,0.76,,,,
2026-10-01T12:02:15.500,872.63,0,796.0,36,,97.094,20.784,-1.5,2.344,1.001,1.005,-0.016,3850,14.51,12.157,0,,,,,,,,,,,0.781,,
2026-10-01T12:02:15.630,872.76,0,800.25,36,,97.0,20.784,-2.5,1.562,1.001,1.006,-0.016,3860,14.51,12.157,0,,,,,,,,,,,,21.961,
2026-10-01T12:02:15.760,872.89,0,799.75,36,,97.094,21.176,-2.0,2.344,1.001,1.007,-0.012,3860,14.51,12.157,0,,,,,,,,,,,,,905
2026-10-01T12:02:15.890,873.02,0,795.0,36,,97.094,20.784,-1.0,2.344,1.001,1.005,-0.016,3860,14.51,12.157,0,106,,,,,,,,,,,,
2026-10-01T12:02:16.020,873.15,0,793.75,36,,97.031,21.176,-1.0,2.344,1.001,1.006,-0.016,3860,14.51,12.157,0,,74,,,,,,,,,,,
2026-10-01T12:02:16.150,873.28,0,796.5,36,,97.062,21.176,-2.0,2.344,1.001,1.007,-0.012,3860,14.51,12.157,0,,,12.5,,,,,,,,,,
2026-10-01T12:02:16.280,873.41,0,795.25,36,,97.0,21.176,-2.0,2.344,1.001,1.009,-0.012,3880,14.51,12.157,0,,,,12.656,,,,,,,,,
2026-10-01T12:02:16.410,873.54,0,796.5,36,,97.0,21.176,-2.5,2.344,1.001,1.007,-0.012,3900,14.51,12.157,0,,,,,97,,,,,,,,
2026-10-01T12:02:16.541,873.671,0,799.75,36,,97.031,20.784,-2.5,2.344,1.001,1.003,-0.016,3890,14.51,12.157,0,,,,,,31,,,,,,,
2026-10-01T12:02:16.670,873.8,0,800.25,36,,97.094,20.784,-2.0,2.344,1.001,1.002,-0.02,3910,14.51,12.157,0,,,,,,,100.0,,,,,,
2026-10-01T12:02:16.800,873.93,0,796.5,36,,97.062,20.784,-2.5,2.344,1.001,1.002,-0.02,3910,14.51,12.157,0,,,,,,,,431.5,,,,,
2026-10-01T12:02:16.930,874.06,0,801.25,36,,96.969,20.784,-2.5,2.344,1.001,1.004,-0.016,3920,14.51,12.157,0,,,,,,,,,0.76,,,,
2026-10-01T12:02:17.060,874.19,0,801.25,36,,97.0,20.784,-1.5,2.344,1.001,1.0,-0.02,3930,14.51,12.157,0,,,,,,,,,,,0.781,,
2026-10-01T12:02:17.190,874.32,0,793.75,36,,97.0,21.176,-1.5,2.344,1.001,1.002,-0.02,3930,14.51,12.157,0,,,,,,,,,,,,21.961,
2026-10-01T12:02:17.320,874.45,0,797.5,36,,97.094,21.176,-2.0,2.344,1.001,0.999,-0.023,3920,14.51,12.157,0,,,,,,,,,,,,,907
2026-10-01T12:02:17.450,874.58,0,794.0,36,,97.0,20.784,-1.0,2.344,1.001,0.999,-0.023,3920,14.51,12.157,0,106,,,,,,,,,,,,
2026-10-01T12:02:17.580,874.71,0,799.0,35,,97.0,20.784,-1.5,2.344,1.001,1.001,-0.02,3910,14.51,12.157,0,,74,,,,,,,,,,,
2026-10-01T12:02:17.710,874.84,0,795.0,36,,96.969,20.784,-2.5,2.344,1.001,1.004,-0.016,3880,14.51,12.157,0,,,12.5,,,,,,,,,,
2026-10-01T12:02:17.840,874.97,0,799.5,35,,97.0,20.784,-2.5,2.344,1.001,1.001,-0.02,3870,14.51,12.157,0,,,,12.695,,,,,,,,,
2026-10-01T12:02:17.971,875.101,0,798.0,35,,97.0,20.784,-2.5,2.344,1.001,0.999,-0.023,3890,14.51,12.157,0,,,,,97,,,,,,,,
2026-10-01T12:02:18.100,875.23,0,795.75,35,,97.062,20.784,-2.5,2.344,1.001,0.999,-0.023,3900,14.51,12.157,0,,,,,,31,,,,,,,
2026-10-01T12:02:18.231,875.361,0,803.0,35,,97.031,20.784,-2.5,2.344,1.001,1.0,-0.02,3910,14.51,12.157,0,,,,,,,100.0,,,,,,
2026-10-01T12:02:18.360,875.49,0,802.25,35,,97.094,20.784,-2.0,2.344,1.001,0.998,-0.023,3890,14.51,12.157,0,,,,,,,,431.6,,,,,
2026-10-01T12:02:18.490,875.62,0,798.5,36,,97.0,20.784,-3.0,2.344,1.001,0.998,-0.023,3900,14.51,12.157,0,,,,,,,,,0.76,,,,
2026-10-01T12:02:18.620,875.75,0,795.75,36,,96.969,20.784,-2.5,2.344,1.001,0.997,-0.027,3890,14.51,12.157,0,,,,,,,,,,,0.781,,
2026-10-01T12:02:18.750,875.88,0,802.25,36,,96.938,20.784,-1.5,2.344,1.001,0.997,-0.027,3870,14.51,12.157,0,,,,,,,,,,,,21.569,
2026-10-01T12:02:18.880,876.01,0,791.5,36,,97.031,20.784,-1.0,2.344,1.001,0.997,-0.027,3850,14.51,12.157,0,,,,,,,,,,,,,908
2026-10-01T12:02:19.021,876.151,0,789.0,36,,97.0,21.176,-2.5,2.344,1.001,0.999,-0.023,3840,14.51,12.157,0,106,,,,,,,,,,,,
2026-10-01T12:02:19.150,876.28,0,798.5,35,,97.062,20.784,-1.5,2.344,1.001,0.998,-0.023,3830,14.51,12.157,0,,74,,,,,,,,,,,
2026-10-01T12:02:19.280,876.41,0,794.5,36,,96.938,21.176,-1.5,2.344,1.001,0.999,-0.023,3830,14.51,12.157,0,,,11.719,,,,,,,,,,
2026-10-01T12:02:19.410,876.54,0,793.25,36,,96.969,20.784,-1.5,2.344,1.001,0.999,-0.023,3820,14.51,12.157,0,,,,12.617,,,,,,,,,
2026-10-01T12:02:19.540,876.67,0,797.25,36,,97.062,20.784,-1.0,2.344,1.001,1.0,-0.02,3810,14.51,12.157,0,,,,,97,,,,,,,,
2026-10-01T12:02:19.670,876.8,0,799.5,36,,97.031,20.784,-2.0,2.344,1.001,1.003,-0.016,3810,14.51,12.157,0,,,,,,31,,,,,,,
2026-10-01T12:02:19.800,876.93,0,797.5,35,,97.062,20.784,-2.0,2.344,1.001,1.003,-0.016,3810,14.51,12.157,0,,,,,,,100.0,,,,,,
2026-10-01T12:02:19.930,877.06,0,793.25,35,,97.031,20.784,-1.0,2.344,1.001,1.002,-0.02,3810,14.51,12.157,0,,,,,,,,431.7,,,,,
2026-10-01T12:02:20.060,877.19,0,793.5,35,,97.062,21.176,-1.0,2.344,1.001,0.999,-0.023,3820,14.51,12.157,0,,,,,,,,,0.76,,,,
2026-10-01T12:02:20.191,877.321,0,795.75,36,,97.0,20.784,-0.5,2.344,1.001,0.998,-0.023,3840,14.51,12.157,0,,,,,,,,,,,0.781,,
2026-10-01T12:02:20.320,877.45,0,799.0,36,,97.094,20.784,-1.0,2.344,1.001,1.0,-0.02,3830,14.51,12.157,0,,,,,,,,,,,,21.569,
2026-10-01T12:02:20.450,877.58,0,798.0,35,,97.094,20.784,-1.0,2.344,1.001,1.001,-0.02,3840,14.51,12.157,0,,,,,,,,,,,,,910
2026-10-01T12:02:20.580,877.71,0,795.75,35,,97.031,20.784,-1.5,2.344,1.001,1.001,-0.02,3840,14.51,12.157,0,106,,,,,,,,,,,,
2026-10-01T12:02:20.710,877.84,0,799.0,35,,97.062,20.784,-1.5,2.344,1.001,1.0,-0.02,3830,14.51,12.157,0,,74,,,,,,,,,,,
2026-10-01T12:02:20.840,877.97,0,796.5,36,,96.969,20.784,-1.0,2.344,1.001,1.0,-0.02,3840,14.51,12.157,0,,,12.5,,,,,,,,,,
2026-10-01T12:02:20.970,878.1,0,797.5,35,,97.094,20.784,-1.5,2.344,1.001,0.999,-0.023,3830,14.51,12.157,0,,,,12.734,,,,,,,,,
2026-10-01T12:02:21.100,878.23,0,795.0,36,,97.0,20.784,-1.0,2.344,1.001,0.999,-0.023,3840,14.51,12.157,0,,,,,97,,,,,,,,
2026-10-01T12:02:21.230,878.36,0,798.0,36,,97.031,20.784,-1.0,2.344,1.001,0.999,-0.023,3820,14.51,12.157,0,,,,,,31,,,,,,,
2026-10-01T12:02:21.360,878.49,0,795.75,36,,96.969,20.784,-2.5,2.344,1.001,0.999,-0.023,3840,14.51,12.157,0,,,,,,,100.0,,,,,,
2026-10-01T12:02:21.490,878.62,0,793.5,36,,97.0,20.784,-1.5,2.344,1.001,1.0,-0.02,3850,14.51,12.157,0,,,,,,,,431.7,,,,,
2026-10-01T12:02:21.621,878.751,0,798.75,36,,97.031,20.784,-1.0,2.344,1.001,1.0,-0.02,3830,14.51,12.157,0,,,,,,,,,0.76,,,,
2026-10-01T12:02:21.750,878.88,0,797.25,36,,97.0,20.784,-1.0,2.344,1.001,0.999,-0.023,3830,14.51,12.157,0,,,,,,,,,,,0.781,,
2026-10-01T12:02:21.880,879.01,0,793.25,36,,97.0,20.784,-1.5,2.344,1.001,1.0,-0.02,3830,14.51,12.157,0,,,,,,,,,,,,21.569,
2026-10-01T12:02:22.020,879.15,0,793.25,36,,97.0,20.784,-2.0,2.344,1.001,1.001,-0.02,3820,14.51,12.157,0,,,,,,,,,,,,,911
2026-10-01T12:02:22.150,879.28,0,800.5,36,,97.0,20.784,-1.0,2.344,1.001,1.001,-0.02,3840,14.51,12.157,0,106,,,,,,,,,,,,
2026-10-01T12:02:22.280,879.41,0,799.75,36,,97.0,20.784,-1.0,2.344,1.001,1.0,-0.02,3840,14.51,12.157,0,,74,,,,,,,,,,,
2026-10-01T12:02:22.411,879.541,0,793.0,36,,97.062,20.784,-2.0,2.344,1.001,1.002,-0.02,3840,14.51,12.157,0,,,12.5,,,,,,,,,,
2026-10-01T12:02:22.540,879.67,0,793.75,36,,97.0,21.176,-2.0,2.344,1.001,1.005,-0.016,3850,14.51,12.157,0,,,,12.578,,,,,,,,,
2026-10-01T12:02:22.670,879.8,0,799.25,36,,96.969,20.784,-1.0,2.344,1.001,1.0,-0.02,3830,14.51,12.157,0,,,,,97,,,,,,,,
2026-10-01T12:02:22.800,879.93,0,798.75,36,,96.969,20.784,-2.0,2.344,1.001,1.0,-0.02,3840,14.51,12.157,0,,,,,,31,,,,,,,
2026-10-01T12:02:22.930,880.06,0,793.25,36,,97.031,20.784,-1.0,2.344,1.001,0.999,-0.02,3840,14.51,12.157,0,,,,,,,100.0,,,,,,
2026-10-01T12:02:23.060,880.19,0,793.75,36,,97.0,20.784,-1.0,2.344,1.001,0.999,-0.023,3860,14.51,12.157,0,,,,,,,,431.8,,,,,
2026-10-01T12:02:23.190,880.32,0,798.0,36,,97.062,20.784,-1.5,2.344,1.001,0.999,-0.023,3880,14.51,12.157,0,,,,,,,,,0.76,,,,
2026-10-01T12:02:23.320,880.45,0,797.25,36,,97.031,20.784,-1.5,2.344,1.001,0.999,-0.023,3890,14.51,12.157,0,,,,,,,,,,,0.781,,
2026-10-01T12:02:23.450,880.58,0,795.25,36,,97.0,21.176,-2.5,2.344,1.001,0.999,-0.023,3920,14.51,12.157,0,,,,,,,,,,,,21.569,
2026-10-01T12:02:23.580,880.71,0,802.0,36,,97.031,21.176,-1.5,2.344,1.001,0.998,-0.023,3930,14.51,12.157,0,,,,,,,,,,,,,913
2026-10-01T12:02:23.710,880.84,0,800.75,36,,97.0,21.176,-4.0,2.344,1.001,0.998,-0.023,3930,14.51,12.157,0,106,,,,,,,,,,,,
2026-10-01T12:02:23.841,880.971,0,800.25,36,,97.031,20.784,-2.5,2.344,1.001,0.998,-0.023,3920,14.51,12.157,0,,74,,,,,,,,,,,
2026-10-01T12:02:23.970,881.1,0,795.25,36,,97.094,20.784,-2.0,2.344,1.001,0.998,-0.023,3930,14.51,12.157,0,,,11.719,,,,,,,,,,
2026-10-01T12:02:24.100,881.23,0,801.75,36,,97.062,20.784,-3.0,2.344,1.001,0.997,-0.027,3940,14.51,12.157,0,,,,12.695,,,,,,,,,
2026-10-01T12:02:24.230,881.36,0,801.0,35,,97.094,20.784,-2.5,2.344,1.001,0.997,-0.027,3910,14.51,12.157,0,,,,,97,,,,,,,,
2026-10-01T12:02:24.360,881.49,0,799.5,36,,96.969,20.784,-2.5,2.344,1.001,0.996,-0.031,3900,14.51,12.157,0,,,,,,31,,,,,,,
2026-10-01T12:02:24.490,881.62,0,800.5,35,,97.031,20.784,-2.0,2.344,1.001,0.996,-0.031,3890,14.51,12.157,0,,,,,,,100.0,,,,,,
2026-10-01T12:02:24.620,881.75,0,794.0,35,,97.031,20.784,-2.0,1.562,1.001,0.996,-0.031,3870,14.51,12.157,0,,,,,,,,431.8,,,,,
2026-10-01T12:02:24.750,881.88,0,795.25,36,,96.938,20.784,-2.0,1.562,1.001,0.996,-0.031,3860,14.51,12.157,0,,,,,,,,,0.76,,,,
2026-10-01T12:02:24.880,882.01,0,798.0,35,,97.0,20.784,-1.5,1.562,1.001,0.996,-0.031,3860,14.51,12.157,0,,,,,,,,,,,0.781,,
2026-10-01T12:02:25.020,882.15,0,792.75,36,,97.0,20.784,-1.5,1.562,1.001,0.994,-0.035,3860,14.51,12.157,0,,,,,,,,,,,,21.961,
2026-10-01T12:02:25.150,882.28,0,795.0,36,,97.062,21.176,-2.5,1.562,1.001,0.994,-0.035,3870,14.51,12.157,0,,,,,,,,,,,,,914
2026-10-01T12:02:25.280,882.41,0,792.0,36,,97.0,20.784,-1.0,1.562,1.001,0.994,-0.035,3870,14.51,12.157,0,106,,,,,,,,,,,,
2026-10-01T12:02:25.410,882.54,0,793.0,36,,97.0,21.176,-2.5,1.562,1.001,0.995,-0.031,3870,14.51,12.157,0,,74,,,,,,,,,,,
2026-10-01T12:02:25.540,882.67,0,795.75,35,,96.969,20.784,-2.5,1.562,1.001,0.995,-0.031,3870,14.51,12.157,0,,,12.5,,,,,,,,,,
2026-10-01T12:02:25.670,882.8,0,799.5,36,,97.031,20.784,-1.5,1.562,1.001,0.996,-0.031,3840,14.51,12.157,0,,,,12.695,,,,,,,,,
2026-10-01T12:02:25.800,882.93,0,793.5,35,,97.0,20.784,-2.0,1.562,1.001,0.995,-0.035,3820,14.51,12.157,0,,,,,97,,,,,,,,
2026-10-01T12:02:25.930,883.06,0,797.25,35,,96.969,20.784,-2.0,1.562,1.001,0.992,-0.039,3810,14.51,12.157,0,,,,,,31,,,,,,,
2026-10-01T12:02:26.061,883.191,0,795.5,35,,97.0,20.784,-2.5,1.562,1.001,0.994,-0.035,3820,14.51,12.157,0,,,,,,,100.0,,,,,,
2026-10-01T12:02:26.190,883.32,0,798.25,35,,97.062,20.784,-1.0,1.562,1.001,0.995,-0.031,3810,14.51,12.157,0,,,,,,,,431.9,,,,,
2026-10-01T12:02:26.320,883.45,0,795.75,35,,97.0,20.784,-1.0,1.562,1.001,0.996,-0.031,3810,14.51,12.157,0,,,,,,,,,0.755,,,,
2026-10-01T12:02:26.450,883.58,0,799.5,35,,97.031,20.784,-2.5,1.562,1.001,0.996,-0.027,3820,14.51,12.157,0,,,,,,,,,,,0.781,,
2026-10-01T12:02:26.580,883.71,0,798.0,35,,97.0,20.784,-1.0,1.562,1.001,0.996,-0.031,3800,14.51,12.157,0,,,,,,,,,,,,21.569,
2026-10-01T12:02:26.710,883.84,0,799.0,35,,97.0,20.784,-1.5,1.562,1.001,0.996,-0.027,3800,14.51,12.157,0,,,,,,,,,,,,,916
2026-10-01T12:02:26.840,883.97,0,797.25,35,,96.969,20.784,-0.5,1.562,1.001,0.997,-0.027,3810,14.51,12.157,0,106,,,,,,,,,,,,
2026-10-01T12:02:26.970,884.1,0,799.0,35,,97.0,20.784,-1.0,1.562,1.001,0.998,-0.023,3810,14.51,12.157,0,,74,,,,,,,,,,,
2026-10-01T12:02:27.100,884.23,0,794.25,35,,97.0,20.784,-2.0,1.562,1.001,0.998,-0.027,3820,14.51,12.157,0,,,11.719,,,,,,,,,,
2026-10-01T12:02:27.230,884.36,0,794.0,35,,96.969,20.784,-2.5,1.562,1.001,0.998,-0.023,3840,14.51,12.157,0,,,,12.714,,,,,,,,,
2026-10-01T12:02:27.360,884.49,0,800.5,35,,96.938,20.784,-2.5,1.562,1.001,0.997,-0.027,3850,14.51,12.157,0,,,,,97,,,,,,,,
2026-10-01T12:02:27.490,884.621,0,799.25,35,,96.969,20.784,-2.0,1.562,1.001,0.998,-0.027,3840,14.51,12.157,0,,,,,,31,,,,,,,
2026-10-01T12:02:27.620,884.75,0,798.5,36,,96.969,20.784,-1.0,1.562,1.001,0.998,-0.023,3830,14.51,12.157,0,,,,,,,100.0,,,,,,
2026-10-01T12:02:27.750,884.88,0,798.0,35,,96.969,20.784,-0.5,1.562,1.001,0.998,-0.023,3830,14.51,12.157,0,,,,,,,,432.0,,,,,
2026-10-01T12:02:27.879,885.01,0,790.0,36,,96.969,21.176,-1.0,1.562,1.001,0.999,-0.023,3850,14.51,12.157,0,,,,,,,,,0.76,,,,
2026-10-01T12:02:28.010,885.14,0,791.0,36,,96.969,21.176,-2.5,1.562,1.001,0.999,-0.023,3880,14.51,12.157,0,,,,,,,,,,,0.781,,
2026-10-01T12:02:28.140,885.27,0,793.25,36,,96.906,21.176,-2.0,1.562,1.001,1.001,-0.02,3890,14.51,12.157,0,,,,,,,,,,,,21.961,
2026-10-01T12:02:28.270,885.4,0,800.0,36,,96.906,21.176,-2.5,1.562,1.001,1.001,-0.02,3900,14.51,12.157,0,,,,,,,,,,,,,918
2026-10-01T12:02:28.399,885.529,0,799.5,36,,96.938,20.784,-3.0,1.562,1.001,0.999,-0.023,3880,14.51,12.157,0,106,,,,,,,,,,,,
2026-10-01T12:02:28.530,885.66,0,795.25,36,,96.969,20.784,-2.5,1.562,1.001,1.0,-0.02,3870,14.51,12.157,0,,74,,,,,,,,,,,
2026-10-01T12:02:28.660,885.791,0,800.5,36,,97.0,20.784,-2.0,1.562,1.001,1.001,-0.02,3870,14.51,12.157,0,,,11.719,,,,,,,,,,
2026-10-01T12:02:28.790,885.92,0,794.5,36,,96.969,20.784,-2.0,1.562,1.001,1.001,-0.02,3860,14.51,12.157,0,,,,12.617,,,,,,,,,
2026-10-01T12:02:28.919,886.049,0,798.25,36,,96.938,20.784,-1.5,1.562,1.001,0.999,-0.02,3860,14.51,12.157,0,,,,,97,,,,,,,,
2026-10-01T12:02:29.050,886.18,0,798.0,36,,96.969,20.784,-1.0,1.562,1.001,0.999,-0.023,3850,14.51,12.157,0,,,,,,31,,,,,,,
2026-10-01T12:02:29.179,886.31,0,795.0,36,,96.938,20.784,-1.5,1.562,1.001,0.998,-0.027,3850,14.51,12.157,0,,,,,,,100.0,,,,,,
2026-10-01T12:02:29.310,886.44,0,798.25,36,,97.0,20.784,-2.5,1.562,1.001,0.999,-0.023,3840,14.51,12.157,0,,,,,,,,432.0,,,,,
2026-10-01T12:02:29.439,886.569,0,795.25,36,,96.969,20.784,-2.5,1.562,1.001,0.999,-0.023,3830,14.51,12.157,0,,,,,,,,,0.755,,,,
2026-10-01T12:02:29.570,886.7,0,797.0,36,,97.0,20.784,-1.5,1.562,1.001,0.996,-0.027,3830,14.51,12.157,0,,,,,,,,,,,0.781,,
2026-10-01T12:02:29.700,886.83,0,794.0,36,,97.0,20.784,-2.0,1.562,1.001,0.996,-0.027,3820,14.51,12.157,0,,,,,,,,,,,,21.569,
2026-10-01T12:02:29.830,886.96,0,797.0,36,,96.969,20.784,-1.0,1.562,1.001,0.996,-0.027,3820,14.51,12.157,0,,,,,,,,,,,,,919
2026-10-01T12:02:29.959,887.09,0,794.25,36,,97.0,20.784,-2.0,1.562,1.001,0.998,-0.027,3830,14.51,12.157,0,106,,,,,,,,,,,,
2026-10-01T12:02:30.091,887.221,0,796.5,36,,97.0,20.784,-2.5,1.562,1.001,0.999,-0.023,3850,14.51,12.157,0,,74,,,,,,,,,,,
2026-10-01T12:02:30.220,887.35,0,795.25,36,,97.0,20.784,-2.5,1.562,1.001,0.999,-0.023,3840,14.51,12.157,0,,,12.5,,,,,,,,,,
2026-10-01T12:02:30.349,887.48,0,799.5,35,,97.031,20.784,-1.5,1.562,1.001,0.998,-0.023,3840,14.51,12.157,0,,,,12.695,,,,,,,,,
2026-10-01T12:02:30.480,887.61,0,798.5,36,,97.0,20.392,-1.0,1.562,1.001,0.998,-0.023,3850,14.51,12.157,0,,,,,97,,,,,,,,
2026-10-01T12:02:30.610,887.74,0,793.0,36,,97.0,20.784,-2.5,1.562,1.001,0.997,-0.027,3860,14.51,12.157,0,,,,,,31,,,,,,,
2026-10-01T12:02:30.740,887.87,0,799.5,36,,97.0,20.784,-2.0,1.562,1.001,0.997,-0.027,3870,14.51,12.157,0,,,,,,,100.0,,,,,,
2026-10-01T12:02:30.870,888.0,0,798.0,36,,96.938,20.784,1.0,1.562,1.001,0.997,-0.027,3880,14.51,12.157,0,,,,,,,,432.1,,,,,
2026-10-01T12:02:30.999,888.13,0,795.0,36,,97.0,20.784,-0.5,1.562,1.001,0.997,-0.027,3880,14.51,12.157,0,,,,,,,,,0.755,,,,
2026-10-01T12:02:31.130,888.26,0,795.5,36,,96.938,20.784,-2.5,1.562,1.001,0.997,-0.027,3880,14.51,12.157,0,,,,,,,,,,,0.781,,
2026-10-01T12:02:31.259,888.39,0,799.25,36,,97.031,20.784,-1.0,1.562,1.001,0.999,-0.023,3890,14.51,12.157,0,,,,,,,,,,,,21.569,
2026-10-01T12:02:31.390,888.52,0,800.0,36,,97.0,20.784,-2.0,1.562,1.001,0.998,-0.023,3890,14.51,12.157,0,,,,,,,,,,,,,921
2026-10-01T12:02:31.520,888.65,0,795.25,36,,97.125,20.784,-3.0,1.562,1.001,0.999,-0.023,3900,14.51,12.157,0,106,,,,,,,,,,,,
2026-10-01T12:02:31.650,888.78,0,797.0,35,,97.094,20.784,-3.0,1.562,1.001,0.999,-0.023,3900,14.51,12.157,0,,74,,,,,,,,,,,
2026-10-01T12:02:31.780,888.91,0,799.5,36,,97.062,20.784,-1.5,1.562,1.001,0.998,-0.023,3890,14.51,12.157,0,,,11.719,,,,,,,,,,
2026-10-01T12:02:31.910,889.04,0,798.25,35,,97.062,20.784,-1.5,1.562,1.001,0.997,-0.027,3890,14.51,12.157,0,,,,12.597,,,,,,,,,
2026-10-01T12:02:32.039,889.169,0,793.75,35,,97.0,20.784,-1.5,1.562,1.001,0.997,-0.027,3880,14.51,12.157,0,,,,,97,,,,,,,,
2026-10-01T12:02:32.170,889.3,0,793.75,35,,97.094,20.784,-1.0,1.562,1.001,0.998,-0.023,3880,14.51,12.157,0,,,,,,31,,,,,,,
2026-10-01T12:02:32.300,889.43,0,798.25,35,,97.0,20.784,-1.0,1.562,1.001,0.998,-0.023,3860,14.51,12.157,0,,,,,,,100.0,,,,,,
2026-10-01T12:02:32.430,889.56,0,799.75,36,,96.969,20.784,-1.5,1.562,1.001,0.998,-0.023,3870,14.51,12.157,0,,,,,,,,432.1,,,,,
2026-10-01T12:02:32.560,889.69,0,800.25,36,,96.969,20.784,-3.0,0.781,1.001,0.997,-0.027,3870,14.51,12.157,0,,,,,,,,,0.755,,,,
2026-10-01T12:02:32.690,889.82,0,798.25,35,,97.0,20.784,-2.5,1.562,1.001,0.997,-0.027,3860,14.51,12.157,0,,,,,,,,,,,0.781,,
2026-10-01T12:02:32.820,889.95,0,796.0,35,,97.0,20.784,-2.5,0.781,1.001,0.995,-0.031,3870,14.51,12.157,0,,,,,,,,,,,,21.569,
2026-10-01T12:02:32.951,890.081,0,799.5,35,,97.062,20.784,-3.0,0.781,1.001,0.991,-0.043,3870,14.51,12.157,0,,,,,,,,,,,,,922
2026-10-01T12:02:33.080,890.21,0,794.75,35,,96.969,20.784,-2.0,0.781,1.001,0.988,-0.051,3860,14.51,12.157,0,106,,,,,,,,,,,,
2026-10-01T12:02:33.210,890.34,0,801.75,35,,97.0,20.784,-2.5,0.781,1.001,0.985,-0.059,3840,14.51,12.157,0,,74,,,,,,,,,,,
2026-10-01T12:02:33.340,890.47,0,802.5,35,,97.0,20.784,-2.5,0.0,1.001,0.983,-0.062,3840,14.51,12.157,0,,,12.5,,,,,,,,,,
2026-10-01T12:02:33.470,890.6,0,797.25,35,,97.062,20.784,-2.5,0.0,1.001,0.98,-0.07,3840,14.51,12.157,0,,,,12.714,,,,,,,,,
2026-10-01T12:02:33.600,890.73,0,797.5,35,,97.0,20.784,-2.5,0.0,1.001,0.978,-0.078,3840,14.51,12.157,0,,,,,97,,,,,,,,
2026-10-01T12:02:33.730,890.86,0,803.75,35,,97.031,20.784,-2.5,0.0,1.001,0.972,-0.094,3840,14.51,12.157,0,,,,,,31,,,,,,,
2026-10-01T12:02:33.860,890.99,0,799.5,35,,97.031,20.784,-1.5,0.0,1.001,0.969,-0.098,3830,14.51,12.157,0,,,,,,,100.0,,,,,,
2026-10-01T12:02:33.990,891.12,0,791.5,35,,97.0,20.784,-2.0,-0.781,1.001,0.969,-0.098,3830,14.51,12.157,0,,,,,,,,432.2,,,,,
2026-10-01T12:02:34.120,891.25,0,795.5,35,,96.969,20.784,-1.0,-0.781,1.001,0.969,-0.098,3830,14.51,12.157,0,,,,,,,,,0.76,,,,
2026-10-01T12:02:34.250,891.38,0,795.0,35,,96.969,20.784,-2.5,-0.781,1.001,0.97,-0.098,3830,14.51,12.157,0,,,,,,,,,,,0.781,,
2026-10-01T12:02:34.380,891.51,0,802.0,35,,97.0,20.784,-1.5,-0.781,1.001,0.971,-0.094,3830,14.51,12.157,0,,,,,,,,,,,,21.569,
2026-10-01T12:02:34.510,891.64,0,800.5,35,,97.094,20.784,-3.5,-1.562,1.001,0.971,-0.094,3840,14.51,12.157,0,,,,,,,,,,,,,924
2026-10-01T12:02:34.641,891.771,0,800.0,35,,97.062,20.784,-2.0,-1.562,1.001,0.97,-0.098,3840,14.51,12.157,0,106,,,,,,,,,,,,
2026-10-01T12:02:34.770,891.9,0,799.75,35,,97.062,20.784,-1.5,-1.562,1.001,0.972,-0.094,3830,14.51,12.157,0,,74,,,,,,,,,,,
2026-10-01T12:02:34.900,892.03,0,800.25,36,,97.094,20.784,-2.5,-1.562,1.001,0.974,-0.09,3840,14.51,12.157,0,,,12.5,,,,,,,,,,
2026-10-01T12:02:35.030,892.16,0,804.25,36,,97.094,20.784,-2.5,-1.562,1.001,0.975,-0.086,3860,14.51,12.157,0,,,,12.578,,,,,,,,,
2026-10-01T12:02:35.160,892.29,0,804.75,36,,97.0,20.784,-2.5,-1.562,1.001,0.979,-0.078,3880,14.51,12.157,0,,,,,97,,,,,,,,
2026-10-01T12:02:35.290,892.42,0,802.75,36,,97.0,20.784,-3.5,-1.562,1.001,0.979,-0.074,3890,14.51,12.157,0,,,,,,31,,,,,,,
2026-10-01T12:02:35.420,892.55,0,800.75,36,,97.0,21.176,-4.0,-2.344,1.001,0.979,-0.074,3910,14.51,12.157,0,,,,,,,100.0,,,,,,
2026-10-01T12:02:35.550,892.68,0,796.75,36,,97.062,20.784,-2.5,-2.344,1.001,0.979,-0.074,3880,14.51,12.157,0,,,,,,,,432.3,,,,,
2026-10-01T12:02:35.680,892.81,0,801.5,36,,96.969,20.784,-3.0,-2.344,1.001,0.981,-0.066,3880,14.51,12.157,0,,,,,,,,,0.78,,,,
2026-10-01T12:02:35.810,892.94,0,797.5,36,,97.0,20.784,-2.5,-2.344,1.001,0.981,-0.066,3870,14.51,12.157,0,,,,,,,,,,,0.781,,
2026-10-01T12:02:35.940,893.07,0,795.0,36,,97.0,20.784,-2.5,-2.344,1.001,0.983,-0.062,3860,14.51,12.157,0,,,,,,,,,,,,21.569,
2026-10-01T12:02:36.070,893.2,0,797.5,36,,97.094,20.784,-2.5,-2.344,1.001,0.983,-0.062,3870,14.51,12.157,0,,,,,,,,,,,,,925
2026-10-01T12:02:36.200,893.33,0,801.75,36,,97.094,21.176,-2.5,-2.344,1.001,0.984,-0.062,3870,14.51,12.157,0,106,,,,,,,,,,,,
2026-10-01T12:02:36.330,893.46,0,799.25,36,,97.094,20.784,-3.5,-2.344,1.001,0.983,-0.062,3870,14.51,12.157,0,,74,,,,,,,,,,,
2026-10-01T12:02:36.460,893.59,0,798.5,36,,97.0,20.784,-2.5,-3.125,1.001,0.984,-0.062,3870,14.51,12.157,0,,,12.5,,,,,,,,,,
2026-10-01T12:02:36.591,893.721,0,801.5,36,,97.062,21.176,-2.0,-3.125,1.001,0.983,-0.062,3860,14.51,12.157,0,,,,12.656,,,,,,,,,
2026-10-01T12:02:36.720,893.85,0,798.0,36,,97.062,20.784,-1.5,-3.125,1.001,0.983,-0.062,3850,14.51,12.157,0,,,,,97,,,,,,,,
2026-10-01T12:02:36.850,893.98,0,793.0,36,,97.062,20.784,-2.5,-3.125,1.001,0.984,-0.059,3860,14.51,12.157,0,,,,,,31,,,,,,,
2026-10-01T12:02:36.980,894.11,0,793.25,36,,97.031,20.784,-1.5,-3.125,1.001,0.986,-0.055,3850,14.51,12.157,0,,,,,,,100.0,,,,,,
2026-10-01T12:02:37.110,894.24,0,799.5,36,,97.062,20.784,-1.0,-3.125,1.001,0.989,-0.047,3830,14.51,12.157,0,,,,,,,,432.4,,,,,
2026-10-01T12:02:37.240,894.37,0,796.5,36,,97.062,20.784,-1.0,-3.125,1.001,0.991,-0.043,3830,14.51,12.157,0,,,,,,,,,0.78,,,,
2026-10-01T12:02:37.370,894.5,0,797.0,36,,97.0,20.784,-1.0,-3.125,1.001,0.991,-0.043,3820,14.51,12.157,0,,,,,,,,,,,0.781,,
2026-10-01T12:02:37.500,894.63,0,795.25,36,,97.0,20.784,-1.0,-3.125,1.001,0.993,-0.039,3830,14.51,12.157,0,,,,,,,,,,,,21.569,
2026-10-01T12:02:37.630,894.76,0,794.25,36,,97.0,20.784,-1.0,-3.125,1.001,0.994,-0.035,3830,14.51,12.157,0,,,,,,,,,,,,,927
2026-10-01T12:02:37.760,894.89,0,794.5,36,,97.0,20.784,0.0,-3.125,1.001,0.996,-0.031,3840,14.51,12.157,0,106,,,,,,,,,,,,
2026-10-01T12:02:37.890,895.02,0,794.75,36,,97.0,20.784,-0.5,-3.125,1.001,0.997,-0.027,3850,14.51,12.157,0,,74,,,,,,,,,,,
2026-10-01T12:02:38.020,895.15,0,794.0,36,,96.969,20.784,-2.5,-3.125,1.001,0.997,-0.027,3850,14.51,12.157,0,,,13.281,,,,,,,,,,
2026-10-01T12:02:38.150,895.28,0,797.5,36,,96.969,20.784,-1.0,-3.125,1.001,0.997,-0.027,3870,14.51,12.157,0,,,,12.597,,,,,,,,,
2026-10-01T12:02:38.280,895.41,0,795.25,36,,97.094,20.784,-0.5,-3.125,1.001,0.998,-0.027,3880,14.51,12.157,0,,,,,97,,,,,,,,
2026-10-01T12:02:38.410,895.54,0,797.25,36,,97.031,20.784,-1.5,-3.125,1.001,0.998,-0.023,3900,14.51,12.157,0,,,,,,31,,,,,,,
2026-10-01T12:02:38.540,895.67,0,795.5,36,,97.031,20.784,-0.5,-3.125,1.001,1.002,-0.02,3910,14.51,12.157,0,,,,,,,100.0,,,,,,
2026-10-01T12:02:38.670,895.8,0,797.5,36,,97.062,20.784,-1.0,-3.125,1.001,1.003,-0.016,3910,14.51,12.157,0,,,,,,,,432.5,,,,,
2026-10-01T12:02:38.800,895.93,0,795.75,35,,97.031,20.784,-2.0,-3.125,1.001,1.005,-0.016,3910,14.51,12.157,0,,,,,,,,,0.77,,,,
2026-10-01T12:02:38.930,896.06,0,800.5,36,,97.094,20.784,-2.5,-3.125,1.001,1.005,-0.016,3920,14.51,12.157,0,,,,,,,,,,,0.781,,
2026-10-01T12:02:39.060,896.19,0,800.25,36,,97.062,20.784,-1.5,-2.344,1.001,1.005,-0.016,3910,14.51,12.157,0,,,,,,,,,,,,21.569,
2026-10-01T12:02:39.191,896.321,0,796.0,35,,97.031,20.784,-2.5,-2.344,1.001,1.006,-0.016,3900,14.51,12.157,0,,,,,,,,,,,,,929
2026-10-01T12:02:39.320,896.45,0,795.25,35,,97.062,20.784,-2.5,-2.344,1.001,1.005,-0.016,3890,14.51,12.157,0,106,,,,,,,,,,,,
2026-10-01T12:02:39.450,896.58,0,799.0,35,,97.094,20.784,-1.0,-2.344,1.001,1.006,-0.016,3880,14.51,12.157,0,,74,,,,,,,,,,,
2026-10-01T12:02:39.580,896.71,0,795.75,36,,97.0,20.784,-0.5,-2.344,1.001,1.006,-0.016,3880,14.51,12.157,0,,,12.5,,,,,,,,,,
2026-10-01T12:02:39.710,896.84,0,790.0,35,,96.969,20.784,-1.0,-2.344,1.001,1.007,-0.012,3870,14.51,12.157,0,,,,12.714,,,,,,,,,
2026-10-01T12:02:39.840,896.97,0,789.0,36,,96.969,20.784,-0.5,-2.344,1.001,1.005,-0.016,3870,14.51,12.157,0,,,,,97,,,,,,,,
2026-10-01T12:02:39.970,897.1,0,794.25,36,,97.0,21.176,0.0,-2.344,1.001,1.004,-0.016,3840,14.51,12.157,0,,,,,,31,,,,,,,
2026-10-01T12:02:40.100,897.23,0,791.25,35,,97.031,20.784,-2.5,-2.344,1.001,1.003,-0.016,3820,14.51,12.157,0,,,,,,,100.0,,,,,,
2026-10-01T12:02:40.230,897.36,0,792.5,36,,97.0,20.784,-1.5,-2.344,1.001,1.0,-0.02,3820,14.51,12.157,0,,,,,,,,432.5,,,,,
2026-10-01T12:02:40.360,897.491,0,795.0,36,,96.969,20.784,0.5,-2.344,1.001,1.002,-0.02,3830,14.51,12.157,0,,,,,,,,,0.765,,,,
2026-10-01T12:02:40.490,897.62,0,798.75,35,,97.0,20.784,-1.5,-2.344,1.001,1.003,-0.016,3810,14.51,12.157,0,,,,,,,,,,,0.781,,
2026-10-01T12:02:40.620,897.75,0,793.0,35,,97.062,20.784,-2.0,-2.344,1.001,1.007,-0.012,3810,14.51,12.157,0,,,,,,,,,,,,21.569,
2026-10-01T12:02:40.750,897.88,0,792.25,35,,97.094,20.784,-1.0,-2.344,1.001,1.008,-0.012,3810,14.51,12.157,0,,,,,,,,,,,,,930
2026-10-01T12:02:40.880,898.01,0,793.5,36,,97.031,20.784,-0.5,-2.344,1.001,1.007,-0.012,3810,14.51,12.157,0,106,,,,,,,,,,,,
2026-10-01T12:02:41.010,898.14,0,792.25,36,,96.969,20.784,-1.0,-2.344,1.001,1.003,-0.016,3800,14.51,12.157,0,,74,,,,,,,,,,,
2026-10-01T12:02:41.140,898.27,0,796.75,35,,97.0,20.784,-1.5,-2.344,1.001,1.002,-0.02,3810,14.51,12.157,0,,,12.5,,,,,,,,,,
2026-10-01T12:02:41.270,898.4,0,798.25,36,,97.0,20.784,-1.0,-2.344,1.001,1.003,-0.016,3810,14.51,12.157,0,,,,12.695,,,,,,,,,
2026-10-01T12:02:41.400,898.53,0,799.25,35,,96.938,20.784,-0.5,-2.344,1.001,1.003,-0.016,3800,14.51,12.157,0,,,,,97,,,,,,,,
2026-10-01T12:02:41.531,898.661,0,796.25,36,,97.0,20.784,-0.5,-1.562,1.001,1.006,-0.016,3820,14.51,12.157,0,,,,,,31,,,,,,,
2026-10-01T12:02:41.660,898.79,0,789.75,36,,97.031,21.176,-0.5,-2.344,1.001,1.005,-0.016,3830,14.51,12.157,0,,,,,,,100.0,,,,,,
2026-10-01T12:02:41.790,898.92,0,791.75,36,,97.031,20.784,-2.0,-2.344,1.001,1.007,-0.012,3830,14.51,12.157,0,,,,,,,,432.6,,,,,
2026-10-01T12:02:41.920,899.05,0,796.5,36,,97.062,21.176,-1.0,-1.562,1.001,1.007,-0.012,3840,14.51,12.157,0,,,,,,,,,0.76,,,,
2026-10-01T12:02:42.050,899.18,0,791.0,36,,96.969,21.176,-1.0,-1.562,1.001,1.005,-0.016,3840,14.51,12.157,0,,,,,,,,,,,0.781,,
2026-10-01T12:02:42.180,899.31,0,794.75,36,,96.938,21.176,-1.0,-1.562,1.001,1.007,-0.012,3840,14.51,12.157,0,,,,,,,,,,,,21.961,
2026-10-01T12:02:42.310,899.44,0,798.25,36,,97.0,21.176,-1.5,-1.562,1.001,1.007,-0.012,3850,14.51,12.157,0,,,,,,,,,,,,,932
2026-10-01T12:02:42.440,899.57,0,792.75,36,,96.969,20.784,-2.5,-1.562,1.001,1.009,-0.012,3850,14.51,12.157,0,106,,,,,,,,,,,,
2026-10-01T12:02:42.570,899.7,0,798.75,36,,97.0,20.784,-2.5,-1.562,1.001,1.011,-0.008,3860,14.51,12.157,0,,74,,,,,,,,,,,
2026-10-01T12:02:42.700,899.831,0,796.0,36,,97.094,20.784,-2.5,-1.562,1.001,1.009,-0.012,3880,14.51,12.157,0,,,12.5,,,,,,,,,,
2026-10-01T12:02:42.830,899.96,0,801.75,36,,97.0,20.784,-1.5,-1.562,1.001,1.007,-0.012,3860,14.51,12.157,0,,,,12.636,,,,,,,,,
2026-10-01T12:02:42.960,900.09,0,795.75,36,,97.094,20.784,-1.5,-1.562,1.001,1.002,-0.02,3870,14.51,12.157,0,,,,,97,,,,,,,,
2026-10-01T12:02:43.090,900.22,0,792.0,36,,96.938,21.176,-0.5,-1.562,1.001,1.001,-0.02,3870,14.51,12.157,0,,,,,,31,,,,,,,
2026-10-01T12:02:43.220,900.35,0,800.25,36,,96.969,20.784,-2.5,-1.562,1.001,0.998,-0.023,3870,14.51,12.157,0,,,,,,,100.0,,,,,,
2026-10-01T12:02:43.350,900.48,0,803.0,36,,97.0,20.784,-2.0,-1.562,1.001,0.998,-0.023,3890,14.51,12.157,0,,,,,,,,432.6,,,,,
2026-10-01T12:02:43.480,900.61,0,797.5,36,,97.0,21.176,-3.0,-1.562,1.001,0.998,-0.027,3910,14.51,12.157,0,,,,,,,,,0.76,,,,
2026-10-01T12:02:43.610,900.74,0,799.75,36,,97.0,20.784,-2.5,-1.562,1.001,0.996,-0.031,3920,14.51,12.157,0,,,,,,,,,,,0.781,,
2026-10-01T12:02:43.740,900.87,0,795.75,36,,96.938,20.784,-2.5,-1.562,1.001,0.994,-0.035,3910,14.51,12.157,0,,,,,,,,,,,,21.961,
2026-10-01T12:02:43.870,901.0,0,800.75,36,,97.031,20.784,-2.0,-2.344,1.001,0.991,-0.043,3920,14.51,12.157,0,,,,,,,,,,,,,933
2026-10-01T12:02:44.000,901.13,0,797.75,36,,96.969,21.176,-3.0,-2.344,1.001,0.991,-0.043,3920,14.51,12.157,0,106,,,,,,,,,,,,
2026-10-01T12:02:44.130,901.26,0,800.75,36,,97.062,20.784,-2.0,-2.344,1.001,0.991,-0.043,3930,14.51,12.157,0,,74,,,,,,,,,,,
2026-10-01T12:02:44.260,901.39,0,800.25,36,,97.0,20.784,-1.0,-2.344,1.001,0.99,-0.043,3920,14.51,12.157,0,,,12.5,,,,,,,,,,
2026-10-01T12:02:44.391,901.521,0,796.0,36,,96.969,20.784,-2.5,-2.344,1.001,0.99,-0.047,3930,14.51,12.157,0,,,,12.656,,,,,,,,,
2026-10-01T12:02:44.520,901.65,0,797.25,35,,97.094,20.784,-2.5,-2.344,1.001,0.99,-0.047,3920,14.51,12.157,0,,,,,97,,,,,,,,
2026-10-01T12:02:44.650,901.78,0,804.0,35,,97.094,20.784,-2.0,-2.344,1.001,0.989,-0.047,3900,14.51,12.157,0,,,,,,31,,,,,,,
2026-10-01T12:02:44.780,901.91,0,802.75,35,,97.094,20.784,-2.5,-3.125,1.001,0.987,-0.051,3890,14.51,12.157,0,,,,,,,100.0,,,,,,
2026-10-01T12:02:44.910,902.04,0,794.5,35,,97.094,20.784,-2.0,-3.125,1.001,0.989,-0.051,3880,14.51,12.157,0,,,,,,,,432.7,,,,,
2026-10-01T12:02:45.039,902.17,0,800.25,35,,97.0,20.784,-2.5,-3.125,1.001,0.987,-0.051,3870,14.51,12.157,0,,,,,,,,,0.76,,,,
2026-10-01T12:02:45.170,902.3,0,797.25,35,,97.062,20.784,-1.0,-3.125,1.001,0.989,-0.051,3860,14.51,12.157,0,,,,,,,,,,,0.781,,
2026-10-01T12:02:45.300,902.43,0,799.5,35,,97.0,20.784,-2.5,-3.125,1.001,0.99,-0.043,3860,14.51,12.157,0,,,,,,,,,,,,21.569,
2026-10-01T12:02:45.430,902.56,0,795.75,35,,97.0,20.784,-2.5,-3.125,1.001,0.992,-0.043,3870,14.51,12.157,0,,,,,,,,,,,,,935
2026-10-01T12:02:45.560,902.69,0,796.0,35,,97.062,20.784,-1.5,-3.125,1.001,0.992,-0.039,3860,14.51,12.157,0,106,,,,,,,,,,,,
2026-10-01T12:02:45.690,902.82,0,797.25,35,,97.0,20.784,-1.5,-3.125,1.001,0.99,-0.043,3850,14.51,12.157,0,,74,,,,,,,,,,,
2026-10-01T12:02:45.820,902.95,0,796.5,35,,97.094,20.784,-3.0,-3.125,1.001,0.992,-0.039,3850,14.51,12.157,0,,,13.281,,,,,,,,,,
2026-10-01T12:02:45.950,903.08,0,794.25,35,,97.0,20.784,-1.0,-3.125,1.001,0.994,-0.035,3830,14.51,12.157,0,,,,12.636,,,,,,,,,
2026-10-01T12:02:46.080,903.21,0,793.25,36,,96.969,20.784,-1.0,-3.125,1.001,0.996,-0.031,3820,14.51,12.157,0,,,,,97,,,,,,,,
2026-10-01T12:02:46.210,903.34,0,793.0,35,,97.062,20.784,-2.0,-3.125,1.001,0.997,-0.027,3820,14.51,12.157,0,,,,,,31,,,,,,,
2026-10-01T12:02:46.350,903.48,0,795.5,36,,97.0,20.784,-1.5,-3.125,1.001,0.999,-0.023,3820,14.51,12.157,0,,,,,,,100.0,,,,,,
2026-10-01T12:02:46.480,903.61,0,792.75,35,,97.0,20.784,-1.0,-2.344,1.001,1.002,-0.02,3810,14.51,12.157,0,,,,,,,,432.8,,,,,
2026-10-01T12:02:46.611,903.741,0,799.5,35,,97.0,20.784,-1.0,-2.344,1.001,1.002,-0.02,3800,14.51,12.157,0,,,,,,,,,0.77,,,,
2026-10-01T12:02:46.740,903.87,0,796.75,35,,97.062,20.784,-2.0,-3.125,1.001,1.003,-0.016,3800,14.51,12.157,0,,,,,,,,,,,0.781,,
2026-10-01T12:02:46.870,904.0,0,798.0,35,,97.031,20.784,0.0,-2.344,1.001,1.002,-0.02,3800,14.51,12.157,0,,,,,,,,,,,,21.569,
2026-10-01T12:02:46.999,904.13,0,792.25,36,,97.062,20.784,-1.0,-2.344,1.001,1.005,-0.016,3820,14.51,12.157,0,,,,,,,,,,,,,936
2026-10-01T12:02:47.130,904.26,0,797.25,36,,97.062,20.784,-1.5,-2.344,1.001,1.009,-0.012,3810,14.51,12.157,0,106,,,,,,,,,,,,
2026-10-01T12:02:47.260,904.39,0,797.0,35,,97.0,20.784,-1.0,-2.344,1.001,1.009,-0.012,3820,14.51,12.157,0,,74,,,,,,,,,,,
2026-10-01T12:02:47.390,904.52,0,792.5,36,,97.062,20.784,-1.5,-2.344,1.001,1.009,-0.012,3820,14.51,12.157,0,,,12.5,,,,,,,,,,
2026-10-01T12:02:47.520,904.65,0,794.0,35,,97.0,20.784,-1.0,-2.344,1.001,1.009,-0.012,3830,14.51,12.157,0,,,,12.714,,,,,,,,,
2026-10-01T12:02:47.650,904.78,0,797.75,36,,97.094,20.784,-1.0,-2.344,1.001,1.011,-0.008,3820,14.51,12.157,0,,,,,97,,,,,,,,
2026-10-01T12:02:47.780,904.91,0,794.0,35,,97.062,20.784,-1.0,-1.562,1.001,1.013,-0.008,3820,14.51,12.157,0,,,,,,31,,,,,,,
2026-10-01T12:02:47.910,905.04,0,792.0,36,,97.0,20.784,-1.5,-1.562,1.001,1.013,-0.008,3830,14.51,12.157,0,,,,,,,100.0,,,,,,
2026-10-01T12:02:48.040,905.17,0,799.5,36,,97.031,20.784,-2.0,-1.562,1.001,1.012,-0.008,3840,14.51,12.157,0,,,,,,,,432.8,,,,,
2026-10-01T12:02:48.170,905.3,0,796.5,36,,97.094,20.784,-2.0,-1.562,1.001,1.009,-0.012,3850,14.51,12.157,0,,,,,,,,,0.765,,,,
2026-10-01T12:02:48.300,905.43,0,799.25,36,,97.0,20.784,-2.0,-1.562,1.001,1.01,-0.012,3850,14.51,12.157,0,,,,,,,,,,,0.781,,
2026-10-01T12:02:48.430,905.56,0,798.75,36,,96.969,20.784,-2.0,-1.562,1.001,1.012,-0.008,3840,14.51,12.157,0,,,,,,,,,,,,21.569,
2026-10-01T12:02:48.560,905.69,0,793.0,36,,97.094,20.784,-1.0,-1.562,1.001,1.012,-0.008,3840,14.51,12.157,0,,,,,,,,,,,,,938
2026-10-01T12:02:48.690,905.82,0,798.25,36,,97.0,21.176,-1.5,-1.562,1.001,1.011,-0.008,3850,14.51,12.157,0,106,,,,,,,,,,,,
2026-10-01T12:02:48.820,905.95,0,795.5,36,,97.031,20.784,-1.5,-1.562,1.001,1.011,-0.008,3840,14.51,12.157,0,,74,,,,,,,,,,,
2026-10-01T12:02:48.950,906.08,0,795.25,36,,97.0,20.784,-1.0,-1.562,1.001,1.009,-0.012,3840,14.51,12.157,0,,,12.5,,,,,,,,,,
2026-10-01T12:02:49.080,906.21,0,793.0,36,,97.031,20.784,-1.0,-1.562,1.001,1.007,-0.012,3850,14.51,12.157,0,,,,12.675,,,,,,,,,
2026-10-01T12:02:49.211,906.341,0,796.75,36,,97.031,20.784,-2.0,-1.562,1.001,1.01,-0.012,3860,14.51,12.157,0,,,,,97,,,,,,,,
2026-10-01T12:02:49.340,906.47,0,793.75,36,,97.0,20.784,-2.0,-0.781,1.001,1.011,-0.008,3860,14.51,12.157,0,,,,,,31,,,,,,,
2026-10-01T12:02:49.470,906.6,0,800.25,36,,96.969,21.176,-1.5,-0.781,1.001,1.011,-0.008,3860,14.51,12.157,0,,,,,,,100.0,,,,,,
2026-10-01T12:02:49.600,906.73,0,801.75,36,,97.0,21.176,-2.5,-0.781,1.001,1.009,-0.012,3880,14.51,12.157,0,,,,,,,,432.9,,,,,
2026-10-01T12:02:49.730,906.86,0,797.0,36,,97.031,20.784,-3.0,-0.781,1.001,1.005,-0.016,3890,14.51,12.157,0,,,,,,,,,0.76,,,,
2026-10-01T12:02:49.860,906.99,0,799.5,36,,97.031,20.784,-2.0,-0.781,1.001,1.005,-0.016,3870,14.51,12.157,0,,,,,,,,,,,0.781,,
2026-10-01T12:02:49.990,907.12,0,797.5,36,,97.094,20.784,-2.0,-0.781,1.001,1.002,-0.02,3870,14.51,12.157,0,,,,,,,,,,,,21.961,
2026-10-01T12:02:50.120,907.25,0,794.0,36,,97.094,21.176,-1.5,-1.562,1.001,1.0,-0.02,3860,14.51,12.157,0,,,,,,,,,,,,,939
2026-10-01T12:02:50.250,907.38,0,793.25,36,,97.094,21.176,-1.5,-1.562,1.001,0.999,-0.023,3870,14.51,12.157,0,106,,,,,,,,,,,,
2026-10-01T12:02:50.380,907.51,0,793.0,36,,97.125,21.176,-2.0,-1.562,1.001,0.998,-0.023,3900,14.51,12.157,0,,74,,,,,,,,,,,
2026-10-01T12:02:50.510,907.64,0,799.5,36,,97.125,21.176,-2.5,-1.562,1.001,0.998,-0.027,3890,14.51,12.157,0,,,12.5,,,,,,,,,,
2026-10-01T12:02:50.640,907.77,0,800.5,36,,97.094,20.784,-3.0,-1.562,1.001,0.997,-0.027,3900,14.51,12.157,0,,,,12.675,,,,,,,,,
2026-10-01T12:02:50.770,907.9,0,800.25,36,,97.125,20.784,-1.5,-1.562,1.001,0.994,-0.035,3910,14.51,12.157,0,,,,,97,,,,,,,,
2026-10-01T12:02:50.901,908.031,0,798.0,36,,97.094,20.784,-2.0,-1.562,1.001,0.994,-0.035,3910,14.51,12.157,0,,,,,,31,,,,,,,
2026-10-01T12:02:51.030,908.16,0,799.5,36,,97.062,20.784,-2.0,-1.562,1.001,0.995,-0.031,3900,14.51,12.157,0,,,,,,,100.0,,,,,,
2026-10-01T12:02:51.160,908.29,0,795.75,36,,97.125,20.784,-2.5,-1.562,1.001,0.995,-0.035,3920,14.51,12.157,0,,,,,,,,433.0,,,,,
2026-10-01T12:02:51.290,908.42,0,801.75,36,,97.062,21.176,-2.5,-1.562,1.001,0.995,-0.031,3920,14.51,12.157,0,,,,,,,,,0.76,,,,
2026-10-01T12:02:51.420,908.55,0,800.5,36,,97.094,21.176,-3.5,-1.562,1.001,0.992,-0.039,3940,14.51,12.157,0,,,,,,,,,,,0.781,,
2026-10-01T12:02:51.550,908.68,0,800.75,36,,97.062,20.784,-3.0,-1.562,1.001,0.991,-0.043,3930,14.51,12.157,0,,,,,,,,,,,,21.569,
2026-10-01T12:02:51.680,908.81,0,803.5,36,,97.062,20.784,-2.5,-1.562,1.001,0.991,-0.043,3910,14.51,12.157,0,,,,,,,,,,,,,941
2026-10-01T12:02:51.810,908.94,0,799.5,36,,97.031,20.784,-2.5,-2.344,1.001,0.989,-0.047,3890,14.51,12.157,0,106,,,,,,,,,,,,
2026-10-01T12:02:51.940,909.07,0,794.0,35,,97.062,20.784,-1.5,-2.344,1.001,0.991,-0.043,3910,14.51,12.157,0,,74,,,,,,,,,,,
2026-10-01T12:02:52.070,909.2,0,792.0,36,,97.156,20.784,-1.0,-2.344,1.001,0.993,-0.039,3890,14.51,12.157,0,,,12.5,,,,,,,,,,
2026-10-01T12:02:52.200,909.33,0,797.25,35,,97.094,20.784,-1.0,-2.344,1.001,0.995,-0.035,3880,14.51,12.157,0,,,,12.656,,,,,,,,,
2026-10-01T12:02:52.330,909.46,0,793.75,36,,97.094,20.784,-2.5,-2.344,1.001,0.994,-0.035,3870,14.51,12.157,0,,,,,97,,,,,,,,
2026-10-01T12:02:52.460,909.59,0,798.25,36,,97.062,20.784,-1.5,-2.344,1.001,0.99,-0.043,3870,14.51,12.157,0,,,,,,31,,,,,,,
2026-10-01T12:02:52.591,909.721,0,798.0,36,,97.0,20.784,-1.5,-2.344,1.001,0.989,-0.047,3860,14.51,12.157,0,,,,,,,100.0,,,,,,
2026-10-01T12:02:52.720,909.85,0,800.25,36,,97.031,20.784,-1.5,-2.344,1.001,0.989,-0.047,3860,14.51,12.157,0,,,,,,,,433.0,,,,,
2026-10-01T12:02:52.850,909.98,0,800.75,36,,97.094,20.784,-1.5,-2.344,1.001,0.989,-0.047,3880,14.51,12.157,0,,,,,,,,,0.76,,,,
2026-10-01T12:02:52.980,910.11,0,797.0,36,,97.094,20.784,-2.0,-2.344,1.001,0.99,-0.043,3880,14.51,12.157,0,,,,,,,,,,,0.781,,
2026-10-01T12:02:53.110,910.24,0,798.75,35,,97.031,20.784,-2.0,-2.344,1.001,0.992,-0.039,3860,14.51,12.157,0,,,,,,,,,,,,21.569,
2026-10-01T12:02:53.239,910.37,0,797.0,36,,96.969,20.784,-2.0,-2.344,1.001,0.994,-0.035,3850,14.51,12.157,0,,,,,,,,,,,,,943
2026-10-01T12:02:53.370,910.5,0,801.25,36,,97.0,20.784,-1.0,-2.344,1.001,0.997,-0.027,3840,14.51,12.157,0,106,,,,,,,,,,,,
2026-10-01T12:02:53.499,910.63,0,795.25,35,,97.094,20.784,-1.5,-2.344,1.001,0.999,-0.023,3820,14.51,12.157,0,,74,,,,,,,,,,,
2026-10-01T12:02:53.630,910.76,0,793.5,36,,97.031,20.784,-1.0,-2.344,1.001,0.999,-0.02,3830,14.51,12.157,0,,,12.5,,,,,,,,,,
2026-10-01T12:02:53.760,910.89,0,794.75,36,,97.031,20.784,-1.0,-2.344,1.001,1.005,-0.016,3830,14.51,12.157,0,,,,12.675,,,,,,,,,
2026-10-01T12:02:53.890,911.02,0,798.5,36,,97.062,20.784,-1.5,-1.562,1.001,1.006,-0.016,3830,14.51,12.157,0,,,,,97,,,,,,,,
2026-10-01T12:02:54.020,911.15,0,791.75,36,,97.094,21.176,-2.0,-1.562,1.001,1.009,-0.012,3830,14.51,12.157,0,,,,,,31,,,,,,,
2026-10-01T12:02:54.150,911.28,0,797.0,36,,97.062,20.784,-1.0,-1.562,1.001,1.011,-0.008,3830,14.51,12.157,0,,,,,,,100.0,,,,,,
2026-10-01T12:02:54.280,911.41,0,798.75,36,,97.094,20.784,-0.5,-1.562,1.001,1.01,-0.012,3820,14.51,12.157,0,,,,,,,,433.1,,,,,
2026-10-01T12:02:54.410,911.54,0,796.5,36,,97.094,20.784,-1.5,-1.562,1.001,1.009,-0.012,3820,14.51,12.157,0,,,,,,,,,0.765,,,,
2026-10-01T12:02:54.540,911.67,0,795.25,36,,97.062,20.784,-1.5,-1.562,1.001,1.011,-0.008,3800,14.51,12.157,0,,,,,,,,,,,0.781,,
2026-10-01T12:02:54.670,911.8,0,795.25,36,,97.062,20.784,-1.0,-1.562,1.001,1.015,-0.004,3820,14.51,12.157,0,,,,,,,,,,,,21.569,
2026-10-01T12:02:54.800,911.93,0,795.5,36,,97.0,20.784,-1.0,-0.781,1.001,1.013,-0.008,3830,14.51,12.157,0,,,,,,,,,,,,,944
2026-10-01T12:02:54.930,912.06,0,792.25,36,,97.0,20.784,-1.0,-0.781,1.001,1.014,-0.008,3820,14.51,12.157,0,106,,,,,,,,,,,,
2026-10-01T12:02:55.060,912.19,0,791.5,36,,97.0,20.784,-0.5,-0.781,1.001,1.013,-0.008,3830,14.51,12.157,0,,74,,,,,,,,,,,
2026-10-01T12:02:55.190,912.32,0,796.5,36,,97.0,20.784,-0.5,-0.781,1.001,1.013,-0.008,3830,14.51,12.157,0,,,12.5,,,,,,,,,,
2026-10-01T12:02:55.320,912.45,0,797.5,36,,97.094,20.784,-1.0,-0.781,1.001,1.012,-0.008,3830,14.51,12.157,0,,,,12.617,,,,,,,,,
2026-10-01T12:02:55.450,912.58,0,798.0,36,,97.062,20.784,-1.0,-0.781,1.001,1.012,-0.008,3840,14.51,12.157,0,,,,,97,,,,,,,,
2026-10-01T12:02:55.580,912.71,0,796.5,36,,97.0,20.784,-0.5,-0.781,1.001,1.015,-0.004,3840,14.51,12.157,0,,,,,,31,,,,,,,
2026-10-01T12:02:55.710,912.84,0,796.25,36,,97.062,20.784,-0.5,-0.781,1.001,1.015,-0.004,3840,14.51,12.157,0,,,,,,,100.0,,,,,,
2026-10-01T12:02:55.840,912.97,0,797.5,36,,97.031,21.176,-1.0,0.0,1.001,1.015,-0.004,3850,14.51,12.157,0,,,,,,,,433.1,,,,,
2026-10-01T12:02:55.970,913.1,0,797.75,36,,97.062,21.176,-1.0,0.0,1.001,1.015,-0.004,3870,14.51,12.157,0,,,,,,,,,0.76,,,,
2026-10-01T12:02:56.100,913.23,0,796.25,36,,97.0,21.176,-2.5,0.0,1.001,1.016,-0.004,3880,14.51,12.157,0,,,,,,,,,,,0.781,,
2026-10-01T12:02:56.230,913.36,0,797.0,36,,97.062,21.176,-2.5,0.0,1.001,1.014,-0.008,3850,14.51,12.157,0,,,,,,,,,,,,21.569,
2026-10-01T12:02:56.360,913.49,0,802.25,36,,97.0,20.784,-2.5,0.0,1.001,1.012,-0.008,3870,14.51,12.157,0,,,,,,,,,,,,,946
2026-10-01T12:02:56.490,913.62,0,798.0,36,,97.094,20.784,-2.5,0.0,1.001,1.014,-0.008,3860,14.51,12.157,0,106,,,,,,,,,,,,
2026-10-01T12:02:56.620,913.751,0,801.25,36,,97.094,20.784,-1.5,0.0,1.001,1.014,-0.008,3860,14.51,12.157,0,,74,,,,,,,,,,,
2026-10-01T12:02:56.750,913.88,0,794.75,36,,97.062,20.784,-2.0,0.0,1.001,1.015,-0.004,3850,14.51,12.157,0,,,12.5,,,,,,,,,,
2026-10-01T12:02:56.880,914.01,0,797.5,36,,97.125,20.784,-1.0,0.0,1.001,1.013,-0.008,3860,14.51,12.157,0,,,,12.714,,,,,,,,,
2026-10-01T12:02:57.010,914.14,0,798.75,36,,97.094,20.784,-2.0,0.0,1.001,1.015,-0.004,3860,14.51,12.157,0,,,,,97,,,,,,,,
2026-10-01T12:02:57.139,914.269,0,794.75,36,,97.125,21.176,-1.5,0.0,1.001,1.013,-0.008,3840,14.51,12.157,0,,,,,,31,,,,,,,
2026-10-01T12:02:57.270,914.4,0,795.25,36,,97.062,20.784,-1.0,0.0,1.001,1.013,-0.008,3840,14.51,12.157,0,,,,,,,100.0,,,,,,
2026-10-01T12:02:57.400,914.53,0,800.5,36,,97.031,21.176,-2.5,0.0,1.001,1.013,-0.008,3850,14.51,12.157,0,,,,,,,,433.2,,,,,
2026-10-01T12:02:57.530,914.66,0,801.75,36,,97.062,21.176,-2.5,0.0,1.001,1.015,-0.004,3880,14.51,12.157,0,,,,,,,,,0.76,,,,
2026-10-01T12:02:57.660,914.79,0,794.25,36,,97.094,21.176,-2.0,0.0,1.001,1.013,-0.008,3870,14.51,12.157,0,,,,,,,,,,,0.781,,
2026-10-01T12:02:57.790,914.92,0,793.25,36,,97.094,20.784,-1.5,0.0,1.001,1.011,-0.008,3870,14.51,12.157,0,,,,,,,,,,,,21.569,
2026-10-01T12:02:57.920,915.05,0,797.5,36,,97.094,20.784,-2.0,0.0,1.001,1.013,-0.008,3860,14.51,12.157,0,,,,,,,,,,,,,947
2026-10-01T12:02:58.050,915.18,0,797.75,36,,97.062,20.784,-0.5,0.0,1.001,1.013,-0.008,3850,14.51,12.157,0,106,,,,,,,,,,,,
2026-10-01T12:02:58.180,915.31,0,795.0,36,,97.031,20.784,-1.5,0.0,1.001,1.011,-0.008,3870,14.51,12.157,0,,74,,,,,,,,,,,
2026-10-01T12:02:58.310,915.44,0,799.0,36,,97.094,21.176,-2.5,0.781,1.001,1.012,-0.008,3880,14.51,12.157,0,,,12.5,,,,,,,,,,
2026-10-01T12:02:58.440,915.57,0,793.5,36,,97.094,21.176,-1.5,0.781,1.001,1.011,-0.008,3890,14.51,12.157,0,,,,12.636,,,,,,,,,
2026-10-01T12:02:58.570,915.7,0,798.25,36,,97.156,20.784,-1.0,0.781,1.001,1.013,-0.008,3890,14.51,12.157,0,,,,,97,,,,,,,,
2026-10-01T12:02:58.699,915.829,0,797.25,36,,97.062,21.176,-1.5,0.781,1.001,1.013,-0.008,3910,14.51,12.157,0,,,,,,31,,,,,,,
2026-10-01T12:02:58.830,915.96,0,793.0,36,,97.062,20.784,-2.0,0.781,1.001,1.013,-0.008,3900,14.51,12.157,0,,,,,,,100.0,,,,,,
2026-10-01T12:02:58.960,916.09,0,800.25,36,,97.094,20.784,-1.5,0.781,1.001,1.012,-0.008,3920,14.51,12.157,0,,,,,,,,433.2,,,,,
2026-10-01T12:02:59.090,916.22,0,800.0,36,,97.062,21.176,-1.5,0.781,1.001,1.009,-0.012,3930,14.51,12.157,0,,,,,,,,,0.76,,,,
2026-10-01T12:02:59.220,916.35,0,797.0,36,,97.031,21.176,-3.0,0.781,1.001,1.01,-0.012,3950,14.51,12.157,0,,,,,,,,,,,0.781,,
2026-10-01T12:02:59.350,916.48,0,801.0,36,,97.031,21.176,-2.5,0.781,1.001,1.006,-0.016,3950,14.51,12.157,0,,,,,,,,,,,,21.569,
2026-10-01T12:02:59.480,916.61,0,799.5,36,,97.094,20.784,-2.0,0.781,1.001,1.005,-0.016,3920,14.51,12.157,0,,,,,,,,,,,,,949
2026-10-01T12:02:59.610,916.74,0,801.75,36,,97.0,20.784,-2.5,0.781,1.001,1.004,-0.016,3920,14.51,12.157,0,106,,,,,,,,,,,,
2026-10-01T12:02:59.740,916.87,0,798.75,36,,97.094,20.784,-2.0,0.781,1.001,1.003,-0.016,3910,14.51,12.157,0,,74,,,,,,,,,,,
2026-10-01T12:02:59.870,917.0,0,799.0,36,,97.062,20.784,-2.0,0.781,1.001,1.006,-0.016,3900,14.51,12.157,0,,,11.719,,,,,,,,,,
2026-10-01T12:03:00.000,917.13,0,797.75,36,,97.094,20.784,-2.5,0.781,1.001,1.005,-0.016,3880,14.51,12.157,0,,,,12.714,,,,,,,,,
2026-10-01T12:03:00.130,917.26,0,796.0,35,,97.062,20.784,-2.5,0.781,1.001,1.007,-0.012,3870,14.51,12.157,0,,,,,97,,,,,,,,
2026-10-01T12:03:00.259,917.389,0,796.0,35,,97.094,20.784,-2.0,0.781,1.001,1.004,-0.016,3870,14.51,12.157,0,,,,,,31,,,,,,,
2026-10-01T12:03:00.390,917.52,0,795.25,36,,97.062,20.784,-2.0,0.781,1.001,1.005,-0.016,3870,14.51,12.157,0,,,,,,,100.0,,,,,,
2026-10-01T12:03:00.520,917.65,0,799.5,35,,97.125,20.784,-3.0,0.781,1.001,1.003,-0.016,3880,14.51,12.157,0,,,,,,,,433.3,,,,,
2026-10-01T12:03:00.650,917.78,0,798.5,36,,97.125,20.784,-2.5,0.781,1.001,1.003,-0.016,3870,14.51,12.157,0,,,,,,,,,0.76,,,,
2026-10-01T12:03:00.780,917.91,0,797.25,35,,97.094,20.784,-0.5,0.781,1.001,1.002,-0.02,3860,14.51,12.157,0,,,,,,,,,,,0.781,,
2026-10-01T12:03:00.911,918.041,0,796.5,36,,97.062,20.784,0.5,0.781,1.001,1.002,-0.02,3850,14.51,12.157,0,,,,,,,,,,,,21.961,
2026-10-01T12:03:01.040,918.17,0,790.5,36,,97.062,21.176,-1.0,0.781,1.001,1.005,-0.016,3840,14.51,12.157,0,,,,,,,,,,,,,950
2026-10-01T12:03:01.170,918.3,0,792.25,36,,97.125,21.176,-2.0,0.781,1.001,1.003,-0.016,3830,14.51,12.157,0,106,,,,,,,,,,,,
2026-10-01T12:03:01.299,918.43,0,799.0,36,,97.156,21.176,-2.0,0.781,1.001,1.002,-0.02,3840,14.51,12.157,0,,74,,,,,,,,,,,
2026-10-01T12:03:01.430,918.56,0,795.0,36,,97.062,20.784,-2.0,0.781,1.001,1.003,-0.016,3820,14.51,12.157,0,,,12.5,,,,,,,,,,
2026-10-01T12:03:01.559,918.69,0,797.25,36,,97.094,20.784,-2.0,1.562,1.001,1.004,-0.016,3820,14.51,12.157,0,,,,12.714,,,,,,,,,
2026-10-01T12:03:01.690,918.82,0,796.0,36,,97.094,20.784,-2.0,1.562,1.001,1.006,-0.016,3820,14.51,12.157,0,,,,,97,,,,,,,,
2026-10-01T12:03:01.820,918.95,0,798.75,35,,97.156,20.784,-2.5,1.562,1.001,1.005,-0.016,3810,14.51,12.157,0,,,,,,31,,,,,,,
2026-10-01T12:03:01.950,919.08,0,797.75,35,,97.094,20.784,-1.5,1.562,1.001,1.004,-0.016,3820,14.51,12.157,0,,,,,,,100.0,,,,,,
2026-10-01T12:03:02.081,919.211,0,792.0,35,,97.125,20.784,-1.5,1.562,1.001,1.003,-0.016,3830,14.51,12.157,0,,,,,,,,433.3,,,,,
2026-10-01T12:03:02.210,919.34,0,791.0,36,,97.156,21.176,-1.5,1.562,1.001,1.002,-0.02,3820,14.51,12.157,0,,,,,,,,,0.76,,,,
2026-10-01T12:03:02.340,919.47,0,799.0,36,,97.125,20.784,-1.5,1.562,1.001,1.001,-0.02,3820,14.51,12.157,0,,,,,,,,,,,0.781,,
2026-10-01T12:03:02.470,919.6,0,800.5,35,,97.125,20.784,-1.5,1.562,1.001,1.002,-0.02,3830,14.51,12.157,0,,,,,,,,,,,,21.569,
2026-10-01T12:03:02.600,919.73,0,794.25,36,,97.062,20.784,-2.0,1.562,1.001,1.004,-0.016,3830,14.51,12.157,0,,,,,,,,,,,,,952
2026-10-01T12:03:02.730,919.86,0,800.25,35,,97.031,20.784,-2.5,1.562,1.001,1.003,-0.016,3830,14.51,12.157,0,106,,,,,,,,,,,,
2026-10-01T12:03:02.860,919.99,0,795.75,36,,97.125,20.784,-2.0,1.562,1.001,1.003,-0.016,3840,14.51,12.157,0,,74,,,,,,,,,,,
2026-10-01T12:03:02.990,920.12,0,800.0,35,,97.125,20.784,-2.5,1.562,1.001,1.004,-0.016,3850,14.51,12.157,0,,,11.719,,,,,,,,,,
2026-10-01T12:03:03.120,920.25,0,798.5,36,,97.062,20.784,-2.0,1.562,1.001,1.002,-0.02,3860,14.51,12.157,0,,,,12.753,,,,,,,,,
2026-10-01T12:03:03.250,920.38,0,798.0,36,,97.156,20.784,-1.5,1.562,1.001,1.0,-0.02,3860,14.51,12.157,0,,,,,97,,,,,,,,
2026-10-01T12:03:03.380,920.51,0,796.75,36,,97.094,20.784,-1.5,1.562,1.001,0.999,-0.023,3870,14.51,12.157,0,,,,,,31,,,,,,,
2026-10-01T12:03:03.510,920.64,0,798.25,36,,97.062,20.784,-2.5,1.562,1.001,1.0,-0.02,3850,14.51,12.157,0,,,,,,,100.0,,,,,,
2026-10-01T12:03:03.640,920.77,0,801.0,36,,97.094,20.784,-2.0,1.562,1.001,1.002,-0.02,3870,14.51,12.157,0,,,,,,,,433.4,,,,,
2026-10-01T12:03:03.770,920.9,0,802.5,36,,97.0,20.784,0.0,1.562,1.001,1.001,-0.02,3870,14.51,12.157,0,,,,,,,,,0.765,,,,
2026-10-01T12:03:03.900,921.03,0,796.25,36,,97.094,20.784,-3.0,1.562,1.001,0.999,-0.023,3860,14.51,12.157,0,,,,,,,,,,,0.781,,
2026-10-01T12:03:04.030,921.16,0,795.0,35,,97.125,20.784,-2.5,1.562,1.001,0.999,-0.023,3850,14.51,12.157,0,,,,,,,,,,,,21.569,
2026-10-01T12:03:04.159,921.289,0,797.0,36,,97.156,20.784,-1.5,1.562,1.001,1.0,-0.02,3850,14.51,12.157,0,,,,,,,,,,,,,953
2026-10-01T12:03:04.290,921.42,0,794.75,36,,97.094,20.784,-2.0,1.562,1.001,1.001,-0.02,3840,14.51,12.157,0,106,,,,,,,,,,,,
2026-10-01T12:03:04.420,921.55,0,798.5,36,,97.125,20.784,-2.0,1.562,1.001,1.001,-0.02,3850,14.51,12.157,0,,74,,,,,,,,,,,
2026-10-01T12:03:04.550,921.68,0,797.5,36,,97.062,20.784,-2.5,1.562,1.001,1.0,-0.02,3860,14.51,12.157,0,,,11.719,,,,,,,,,,
2026-10-01T12:03:04.680,921.81,0,799.0,36,,97.062,20.784,-1.0,1.562,1.001,1.001,-0.02,3860,14.51,12.157,0,,,,12.656,,,,,,,,,
2026-10-01T12:03:04.810,921.94,0,799.75,36,,97.094,20.784,-1.0,1.562,1.001,0.999,-0.023,3850,14.51,12.157,0,,,,,97,,,,,,,,
2026-10-01T12:03:04.940,922.07,0,799.5,36,,97.125,20.784,-1.0,1.562,1.001,0.997,-0.027,3850,14.51,12.157,0,,,,,,31,,,,,,,
2026-10-01T12:03:05.070,922.2,0,791.5,36,,97.125,20.784,-1.5,1.562,1.001,0.999,-0.023,3870,14.51,12.157,0,,,,,,,100.0,,,,,,
2026-10-01T12:03:05.201,922.331,0,794.5,36,,97.031,20.784,-2.5,1.562,1.001,1.0,-0.02,3880,14.51,12.157,0,,,,,,,,433.5,,,,,
2026-10-01T12:03:05.330,922.46,0,800.5,36,,97.094,20.784,-2.5,1.562,1.001,0.999,-0.02,3900,14.51,12.157,0,,,,,,,,,0.76,,,,
2026-10-01T12:03:05.460,922.59,0,799.75,36,,97.062,20.784,-1.0,1.562,1.001,0.999,-0.023,3900,14.51,12.157,0,,,,,,,,,,,0.781,,
2026-10-01T12:03:05.590,922.72,0,799.25,36,,97.094,20.784,-2.0,1.562,1.001,0.998,-0.023,3900,14.51,12.157,0,,,,,,,,,,,,21.569,
2026-10-01T12:03:05.720,922.85,0,801.0,36,,97.062,20.784,-2.0,1.562,1.001,0.999,-0.023,3910,14.51,12.157,0,,,,,,,,,,,,,955
2026-10-01T12:03:05.849,922.98,0,800.75,36,,97.031,20.784,-1.5,1.562,1.001,0.999,-0.023,3910,14.51,12.157,0,106,,,,,,,,,,,,
2026-10-01T12:03:05.980,923.11,0,798.0,36,,97.031,20.784,-1.0,1.562,1.001,0.999,-0.023,3900,14.51,12.157,0,,75,,,,,,,,,,,
2026-10-01T12:03:06.110,923.24,0,793.75,36,,97.062,20.784,-2.5,1.562,1.001,0.998,-0.023,3910,14.51,12.157,0,,,12.5,,,,,,,,,,
2026-10-01T12:03:06.240,923.37,0,793.75,35,,97.062,20.784,-1.5,1.562,1.001,0.998,-0.023,3900,14.51,12.157,0,,,,12.734,,,,,,,,,
2026-10-01T12:03:06.370,923.5,0,799.0,36,,97.062,20.784,-1.0,1.562,1.001,0.998,-0.023,3910,14.51,12.157,0,,,,,97,,,,,,,,
2026-10-01T12:03:06.499,923.63,0,800.5,36,,97.094,20.784,-2.5,1.562,1.001,0.999,-0.023,3910,14.51,12.157,0,,,,,,31,,,,,,,
2026-10-01T12:03:06.640,923.77,0,798.75,35,,97.094,20.784,-2.5,1.562,1.001,0.999,-0.023,3890,14.51,12.157,0,,,,,,,100.0,,,,,,
2026-10-01T12:03:06.770,923.9,0,793.25,36,,97.094,20.784,-1.0,1.562,1.001,0.997,-0.027,3880,14.51,12.157,0,,,,,,,,433.5,,,,,
2026-10-01T12:03:06.900,924.03,0,793.5,35,,97.156,20.784,-1.5,0.781,1.001,0.996,-0.031,3870,14.51,12.157,0,,,,,,,,,0.765,,,,
2026-10-01T12:03:07.030,924.16,0,798.0,35,,97.125,20.784,-1.5,0.781,1.001,0.996,-0.027,3870,14.51,12.157,0,,,,,,,,,,,0.781,,
2026-10-01T12:03:07.160,924.29,0,796.25,35,,97.062,20.784,-2.5,0.781,1.001,0.997,-0.027,3870,14.51,12.157,0,,,,,,,,,,,,21.569,
2026-10-01T12:03:07.290,924.42,0,796.25,35,,97.156,20.784,-2.5,1.562,1.001,0.997,-0.027,3880,14.51,12.157,0,,,,,,,,,,,,,957
2026-10-01T12:03:07.420,924.55,0,798.5,35,,97.062,20.784,-2.5,0.781,1.001,0.996,-0.027,3870,14.51,12.157,0,106,,,,,,,,,,,,
2026-10-01T12:03:07.550,924.68,0,798.0,35,,97.031,20.784,-1.0,0.781,1.001,0.995,-0.031,3850,14.51,12.157,0,,74,,,,,,,,,,,
2026-10-01T12:03:07.680,924.81,0,796.25,35,,97.062,20.784,-1.0,0.781,1.001,0.996,-0.031,3830,14.51,12.157,0,,,11.719,,,,,,,,,,
2026-10-01T12:03:07.810,924.94,0,799.0,35,,97.094,20.784,-2.5,0.781,1.001,0.996,-0.031,3830,14.51,12.157,0,,,,12.636,,,,,,,,,
2026-10-01T12:03:07.940,925.07,0,795.5,35,,97.125,20.784,-2.0,0.781,1.001,0.997,-0.027,3810,14.51,12.157,0,,,,,97,,,,,,,,
2026-10-01T12:03:08.070,925.2,0,792.25,35,,97.031,20.784,-1.0,0.781,1.001,0.999,-0.023,3830,14.51,12.157,0,,,,,,31,,,,,,,
2026-10-01T12:03:08.200,925.33,0,796.5,35,,97.031,20.784,-1.5,0.781,1.001,0.998,-0.023,3810,14.51,12.157,0,,,,,,,100.0,,,,,,
2026-10-01T12:03:08.330,925.46,0,797.75,35,,97.062,20.784,-1.5,0.781,1.001,0.999,-0.023,3800,14.51,12.157,0,,,,,,,,433.6,,,,,
2026-10-01T12:03:08.459,925.589,0,799.0,35,,97.031,20.784,-1.5,0.781,1.001,0.999,-0.023,3810,14.51,12.157,0,,,,,,,,,0.76,,,,
2026-10-01T12:03:08.590,925.72,0,800.25,35,,97.062,20.784,0.0,0.781,1.001,1.002,-0.02,3820,14.51,12.157,0,,,,,,,,,,,0.781,,
2026-10-01T12:03:08.720,925.85,0,792.75,35,,97.062,20.784,-2.0,0.781,1.001,1.0,-0.02,3810,14.51,12.157,0,,,,,,,,,,,,21.176,
2026-10-01T12:03:08.850,925.981,0,792.75,35,,97.062,20.392,-2.5,0.781,1.001,0.999,-0.02,3820,14.51,12.157,0,,,,,,,,,,,,,958
2026-10-01T12:03:08.980,926.11,0,800.0,35,,97.062,20.784,-2.5,0.781,1.001,1.0,-0.02,3840,14.51,12.157,0,106,,,,,,,,,,,,
2026-10-01T12:03:09.110,926.24,0,800.75,35,,97.031,20.784,-2.0,0.781,1.001,0.998,-0.027,3830,14.51,12.157,0,,74,,,,,,,,,,,
2026-10-01T12:03:09.240,926.37,0,798.0,35,,97.031,20.784,-2.0,0.781,1.001,0.998,-0.023,3820,14.51,12.157,0,,,12.5,,,,,,,,,,
2026-10-01T12:03:09.370,926.5,0,796.5,35,,97.094,20.784,-2.0,0.781,1.001,0.998,-0.023,3820,14.51,12.157,0,,,,12.714,,,,,,,,,
2026-10-01T12:03:09.500,926.63,0,799.0,35,,97.0,20.784,-2.0,0.781,1.001,0.999,-0.023,3820,14.51,12.157,0,,,,,97,,,,,,,,
2026-10-01T12:03:09.630,926.76,0,797.75,35,,97.062,20.784,-2.5,0.781,1.001,1.0,-0.02,3820,14.51,12.157,0,,,,,,31,,,,,,,
2026-10-01T12:03:09.760,926.89,0,799.0,35,,97.156,20.784,-2.0,0.781,1.001,1.0,-0.02,3840,14.51,12.157,0,,,,,,,100.0,,,,,,
2026-10-01T12:03:09.890,927.02,0,793.75,36,,97.094,20.784,-2.0,1.562,1.001,1.003,-0.016,3840,14.51,12.157,0,,,,,,,,433.6,,,,,
2026-10-01T12:03:10.020,927.15,0,797.0,35,,97.031,20.784,-1.0,1.562,1.001,1.002,-0.02,3830,14.51,12.157,0,,,,,,,,,0.76,,,,
2026-10-01T12:03:10.150,927.28,0,799.5,35,,97.062,20.784,-1.5,1.562,1.001,1.001,-0.02,3840,14.51,12.157,0,,,,,,,,,,,0.781,,
2026-10-01T12:03:10.280,927.41,0,795.25,35,,97.125,20.784,-2.5,0.781,1.001,0.999,-0.023,3850,14.51,12.157,0,,,,,,,,,,,,21.569,
2026-10-01T12:03:10.410,927.54,0,796.5,35,,97.094,20.784,-2.5,0.781,1.001,0.999,-0.023,3850,14.51,12.157,0,,,,,,,,,,,,,960
2026-10-01T12:03:10.540,927.67,0,797.0,35,,97.188,20.784,-1.5,0.781,1.001,0.998,-0.023,3820,14.51,12.157,0,106,,,,,,,,,,,,
2026-10-01T12:03:10.670,927.8,0,797.0,35,,97.094,20.784,-1.0,0.781,1.001,0.998,-0.027,3810,14.51,12.157,0,,75,,,,,,,,,,,
2026-10-01T12:03:10.800,927.93,0,793.0,36,,97.125,20.784,-1.5,0.781,1.001,0.999,-0.023,3830,14.51,12.157,0,,,11.719,,,,,,,,,,
2026-10-01T12:03:10.930,928.06,0,798.5,36,,97.062,20.784,-1.5,0.781,1.001,1.0,-0.02,3830,14.51,12.157,0,,,,12.695,,,,,,,,,
2026-10-01T12:03:11.060,928.19,0,793.75,35,,97.094,20.784,-1.0,0.781,1.001,1.0,-0.02,3820,14.51,12.157,0,,,,,97,,,,,,,,
2026-10-01T12:03:11.190,928.32,0,794.5,36,,97.125,20.784,-1.0,0.781,1.001,0.999,-0.023,3830,14.51,12.157,0,,,,,,31,,,,,,,
2026-10-01T12:03:11.320,928.45,0,795.5,36,,97.156,20.784,-2.0,0.781,1.001,1.0,-0.02,3830,14.51,12.157,0,,,,,,,100.0,,,,,,
2026-10-01T12:03:11.450,928.58,0,797.25,36,,97.125,20.784,-2.5,0.781,1.001,1.003,-0.016,3840,14.51,12.157,0,,,,,,,,433.7,,,,,
2026-10-01T12:03:11.580,928.71,0,800.5,36,,97.0,20.392,-0.5,0.781,1.001,1.0,-0.02,3850,14.51,12.157,0,,,,,,,,,0.76,,,,
2026-10-01T12:03:11.710,928.84,0,799.0,36,,97.0,20.784,-1.5,0.781,1.001,0.999,-0.023,3850,14.51,12.157,0,,,,,,,,,,,0.781,,
2026-10-01T12:03:11.840,928.97,0,797.25,36,,97.0,20.784,-2.5,0.781,1.001,1.0,-0.02,3860,14.51,12.157,0,,,,,,,,,,,,21.569,
2026-10-01T12:03:11.970,929.1,0,799.25,36,,97.062,20.784,-1.0,1.562,1.001,1.001,-0.02,3860,14.51,12.157,0,,,,,,,,,,,,,961
2026-10-01T12:03:12.100,929.23,0,797.75,36,,97.094,20.784,-2.0,0.781,1.001,0.999,-0.023,3860,14.51,12.157,0,106,,,,,,,,,,,,
2026-10-01T12:03:12.230,929.36,0,797.0,36,,97.125,20.784,-2.5,0.781,1.001,0.998,-0.023,3880,14.51,12.157,0,,74,,,,,,,,,,,
2026-10-01T12:03:12.360,929.49,0,794.75,36,,97.0,20.784,-1.5,0.781,1.001,0.999,-0.023,3870,14.51,12.157,0,,,11.719,,,,,,,,,,
2026-10-01T12:03:12.489,929.62,0,799.75,36,,97.062,20.784,-1.0,0.781,1.001,0.998,-0.023,3880,14.51,12.157,0,,,,12.734,,,,,,,,,
2026-10-01T12:03:12.620,929.75,0,794.0,36,,97.0,20.784,-2.5,0.781,1.001,0.999,-0.023,3880,14.51,12.157,0,,,,,97,,,,,,,,
2026-10-01T12:03:12.750,929.88,0,795.25,36,,97.0,20.784,-2.5,0.781,1.001,0.999,-0.023,3890,14.51,12.157,0,,,,,,30,,,,,,,
2026-10-01T12:03:12.881,930.011,0,800.75,35,,97.062,20.784,-0.5,0.781,1.001,0.999,-0.023,3890,14.51,12.157,0,,,,,,,100.0,,,,,,
2026-10-01T12:03:13.020,930.15,0,793.25,36,,97.094,20.784,-2.0,0.781,1.001,0.999,-0.023,3910,14.51,12.157,0,,,,,,,,433.8,,,,,
2026-10-01T12:03:13.150,930.28,0,794.5,36,,97.094,20.784,-1.0,0.781,1.001,0.999,-0.023,3900,14.51,12.157,0,,,,,,,,,0.765,,,,
2026-10-01T12:03:13.280,930.41,0,798.5,35,,97.125,20.784,-1.0,0.781,1.001,0.999,-0.023,3890,14.51,12.157,0,,,,,,,,,,,0.781,,
2026-10-01T12:03:13.410,930.54,0,796.0,35,,97.062,20.784,-2.0,0.781,1.001,0.998,-0.023,3890,14.51,12.157,0,,,,,,,,,,,,21.569,
2026-10-01T12:03:13.540,930.67,0,801.0,35,,97.094,20.784,-2.5,0.781,1.001,0.998,-0.023,3870,14.51,12.157,0,,,,,,,,,,,,,963
2026-10-01T12:03:13.670,930.8,0,797.0,35,,97.062,20.784,-1.5,0.781,1.001,0.998,-0.023,3870,14.51,12.157,0,106,,,,,,,,,,,,
2026-10-01T12:03:13.800,930.93,0,795.75,35,,97.0,20.784,-1.0,0.781,1.001,0.999,-0.023,3860,14.51,12.157,0,,75,,,,,,,,,,,
2026-10-01T12:03:13.930,931.06,0,794.5,35,,97.031,20.784,-2.5,0.781,1.001,0.998,-0.023,3850,14.51,12.157,0,,,12.5,,,,,,,,,,
2026-10-01T12:03:14.060,931.19,0,795.25,35,,97.0,20.784,0.0,0.781,1.001,0.998,-0.027,3850,14.51,12.157,0,,,,12.636,,,,,,,,,
2026-10-01T12:03:14.189,931.32,0,794.0,35,,97.031,20.784,-1.5,0.781,1.001,0.999,-0.023,3870,14.51,12.157,0,,,,,97,,,,,,,,
2026-10-01T12:03:14.319,931.45,0,798.25,35,,97.0,20.784,-2.5,0.781,1.001,1.0,-0.02,3850,14.51,12.157,0,,,,,,30,,,,,,,
2026-10-01T12:03:14.449,931.58,0,796.25,35,,97.0,20.784,-2.5,0.781,1.001,1.0,-0.02,3840,14.51,12.157,0,,,,,,,100.0,,,,,,
2026-10-01T12:03:14.580,931.71,0,794.75,35,,97.0,20.784,-2.0,0.781,1.001,0.998,-0.023,3830,14.51,12.157,0,,,,,,,,433.8,,,,,
2026-10-01T12:03:14.710,931.84,0,798.25,35,,97.0,20.784,-1.5,0.781,1.001,0.997,-0.027,3830,14.51,12.157,0,,,,,,,,,0.765,,,,
2026-10-01T12:03:14.839,931.97,0,796.5,35,,97.0,20.784,-1.5,0.781,1.001,0.998,-0.027,3830,14.51,12.157,0,,,,,,,,,,,0.781,,
2026-10-01T12:03:14.970,932.1,0,799.5,35,,97.0,20.784,-2.0,0.781,1.001,0.998,-0.027,3820,14.51,12.157,0,,,,,,,,,,,,21.569,
2026-10-01T12:03:15.101,932.231,0,795.5,35,,96.969,20.784,-2.0,0.781,1.001,0.999,-0.023,3830,14.51,12.157,0,,,,,,,,,,,,,964
2026-10-01T12:03:15.230,932.36,0,795.75,35,,96.938,20.784,-1.0,0.781,1.001,0.998,-0.027,3820,14.51,12.157,0,106,,,,,,,,,,,,
2026-10-01T12:03:15.360,932.49,0,794.25,35,,96.969,20.784,-2.0,0.781,1.001,0.996,-0.027,3810,14.51,12.157,0,,75,,,,,,,,,,,
2026-10-01T12:03:15.490,932.62,0,797.5,35,,97.0,20.784,-2.5,0.781,1.001,0.996,-0.031,3810,14.51,12.157,0,,,11.719,,,,,,,,,,
2026-10-01T12:03:15.620,932.75,0,796.0,35,,97.0,20.784,-2.5,0.781,1.001,0.995,-0.031,3800,14.51,12.157,0,,,,12.714,,,,,,,,,
2026-10-01T12:03:15.750,932.88,0,795.0,35,,96.969,20.784,-1.5,0.781,1.001,0.996,-0.031,3810,14.51,12.157,0,,,,,97,,,,,,,,
2026-10-01T12:03:15.879,933.009,0,801.75,35,,97.0,20.392,-1.0,0.781,1.001,0.992,-0.039,3820,14.51,12.157,0,,,,,,30,,,,,,,
2026-10-01T12:03:16.020,933.15,0,800.0,35,,97.062,20.392,-1.0,0.781,1.001,0.99,-0.047,3830,14.51,12.157,0,,,,,,,100.0,,,,,,
2026-10-01T12:03:16.150,933.28,0,793.5,35,,97.0,20.784,-2.0,0.0,1.001,0.986,-0.055,3820,14.51,12.157,0,,,,,,,,433.8,,,,,
2026-10-01T12:03:16.280,933.41,0,795.0,35,,97.062,20.392,-1.5,0.0,1.001,0.984,-0.059,3840,14.51,12.157,0,,,,,,,,,0.765,,,,
2026-10-01T12:03:16.410,933.54,0,800.25,35,,97.062,20.784,-2.5,0.0,1.001,0.982,-0.066,3850,14.51,12.157,0,,,,,,,,,,,0.781,,
2026-10-01T12:03:16.539,933.669,0,799.75,35,,97.094,20.784,-2.5,0.0,1.001,0.982,-0.066,3840,14.51,12.157,0,,,,,,,,,,,,21.176,
2026-10-01T12:03:16.670,933.8,0,798.25,35,,97.0,20.784,-2.0,0.0,1.001,0.979,-0.074,3830,14.51,12.157,0,,,,,,,,,,,,,966
2026-10-01T12:03:16.799,933.929,0,797.0,35,,97.0,20.784,-2.5,0.0,1.001,0.978,-0.078,3840,14.51,12.157,0,106,,,,,,,,,,,,
2026-10-01T12:03:16.930,934.06,0,800.0,35,,97.0,20.392,-2.5,0.0,1.001,0.979,-0.074,3840,14.51,12.157,0,,75,,,,,,,,,,,
2026-10-01T12:03:17.059,934.189,0,800.0,35,,97.094,20.392,-2.5,0.0,1.001,0.979,-0.074,3850,14.51,12.157,0,,,12.5,,,,,,,,,,
2026-10-01T12:03:17.190,934.32,0,803.25,35,,97.0,20.392,-1.5,0.0,1.001,0.979,-0.074,3840,14.51,12.157,0,,,,12.695,,,,,,,,,
2026-10-01T12:03:17.321,934.451,0,801.5,35,,96.969,20.784,-1.5,-0.781,1.001,0.979,-0.074,3850,14.51,12.157,0,,,,,97,,,,,,,,
2026-10-01T12:03:17.450,934.58,0,795.25,35,,96.969,20.784,-2.5,-0.781,1.001,0.982,-0.066,3830,14.51,12.157,0,,,,,,30,,,,,,,
2026-10-01T12:03:17.580,934.71,0,796.5,35,,97.062,20.784,-2.5,-0.781,1.001,0.983,-0.062,3830,14.51,12.157,0,,,,,,,100.0,,,,,,
2026-10-01T12:03:17.710,934.84,0,800.0,35,,97.094,20.392,-2.5,-0.781,1.001,0.984,-0.062,3820,14.51,12.157,0,,,,,,,,433.9,,,,,
2026-10-01T12:03:17.839,934.969,0,796.0,35,,97.094,20.392,-2.5,-0.781,1.001,0.984,-0.059,3830,14.51,12.157,0,,,,,,,,,0.765,,,,
2026-10-01T12:03:17.970,935.1,0,796.5,35,,97.0,20.392,-2.0,-0.781,1.001,0.987,-0.051,3810,14.51,12.157,0,,,,,,,,,,,0.781,,
2026-10-01T12:03:18.099,935.229,0,798.75,35,,97.031,20.392,-1.5,-0.781,1.001,0.989,-0.047,3810,14.51,12.157,0,,,,,,,,,,,,21.569,
2026-10-01T12:03:18.229,935.359,0,797.5,35,,97.062,20.784,-2.0,-0.781,1.001,0.99,-0.043,3810,14.51,12.157,0,,,,,,,,,,,,,968
2026-10-01T12:03:18.359,935.489,0,793.25,35,,97.094,20.784,-1.5,-0.781,1.001,0.991,-0.043,3810,14.51,12.157,0,106,,,,,,,,,,,,
2026-10-01T12:03:18.489,935.619,0,795.75,36,,97.0,20.784,-2.5,-0.781,1.001,0.99,-0.047,3810,14.51,12.157,0,,74,,,,,,,,,,,
2026-10-01T12:03:18.620,935.75,0,798.5,36,,97.062,20.392,-1.5,-0.781,1.001,0.989,-0.047,3810,14.51,12.157,0,,,12.5,,,,,,,,,,
2026-10-01T12:03:18.750,935.881,0,791.75,36,,97.0,20.784,-1.5,-0.781,1.001,0.988,-0.051,3820,14.51,12.157,0,,,,12.675,,,,,,,,,
2026-10-01T12:03:18.880,936.01,0,794.5,36,,97.0,20.392,-1.5,-0.781,1.001,0.988,-0.051,3820,14.51,12.157,0,,,,,97,,,,,,,,
2026-10-01T12:03:19.010,936.14,0,797.75,35,,97.0,20.392,-1.0,-0.781,1.001,0.989,-0.047,3830,14.51,12.157,0,,,,,,30,,,,,,,
2026-10-01T12:03:19.140,936.27,0,794.75,36,,97.031,20.784,-2.0,-0.781,1.001,0.992,-0.039,3840,14.51,12.157,0,,,,,,,100.0,,,,,,
2026-10-01T12:03:19.270,936.4,0,797.5,36,,97.094,20.392,-1.0,-0.781,1.001,0.993,-0.039,3840,14.51,12.157,0,,,,,,,,434.0,,,,,
2026-10-01T12:03:19.399,936.529,0,796.0,36,,97.0,20.784,-1.5,-0.781,1.001,0.993,-0.039,3850,14.51,12.157,0,,,,,,,,,0.77,,,,
2026-10-01T12:03:19.529,936.659,0,798.75,36,,97.062,20.784,-1.5,-1.562,1.001,0.993,-0.039,3840,14.51,12.157,0,,,,,,,,,,,0.781,,
2026-10-01T12:03:19.659,936.789,0,795.5,35,,97.062,20.784,-1.0,-1.562,1.001,0.994,-0.035,3860,14.51,12.157,0,,,,,,,,,,,,21.569,
2026-10-01T12:03:19.790,936.92,0,795.0,36,,97.062,20.784,-1.5,-1.562,1.001,0.994,-0.035,3880,14.51,12.157,0,,,,,,,,,,,,,969
2026-10-01T12:03:19.919,937.049,0,796.25,36,,97.062,20.784,-1.0,-1.562,1.001,0.994,-0.035,3870,14.51,12.157,0,106,,,,,,,,,,,,
2026-10-01T12:03:20.050,937.18,0,794.25,36,,97.062,20.784,-1.0,-1.562,1.001,0.994,-0.035,3880,14.51,12.157,0,,75,,,,,,,,,,,
2026-10-01T12:03:20.180,937.31,0,797.75,36,,97.0,20.784,-1.0,-1.562,1.001,0.994,-0.035,3870,14.51,12.157,0,,,12.5,,,,,,,,,,
2026-10-01T12:03:20.311,937.441,0,794.5,35,,97.062,20.784,-1.0,-1.562,1.001,0.996,-0.031,3880,14.51,12.157,0,,,,12.597,,,,,,,,,
2026-10-01T12:03:20.439,937.569,0,795.0,36,,97.0,20.784,-1.5,-1.562,1.001,0.996,-0.031,3870,14.51,12.157,0,,,,,97,,,,,,,,
2026-10-01T12:03:20.569,937.699,0,795.5,36,,96.938,20.392,-2.0,-1.562,1.001,0.999,-0.023,3870,14.51,12.157,0,,,,,,30,,,,,,,
2026-10-01T12:03:20.699,937.829,0,796.75,35,,97.062,20.784,-1.5,-1.562,1.001,1.0,-0.02,3880,14.51,12.157,0,,,,,,,100.0,,,,,,
2026-10-01T12:03:20.830,937.96,0,799.5,35,,97.031,20.784,-2.5,-0.781,1.001,1.002,-0.02,3860,14.51,12.157,0,,,,,,,,434.0,,,,,
2026-10-01T12:03:20.960,938.09,0,797.5,35,,97.031,20.784,-2.5,-0.781,1.001,1.0,-0.02,3870,14.51,12.157,0,,,,,,,,,0.77,,,,
2026-10-01T12:03:21.089,938.219,0,799.25,35,,97.0,20.784,-1.5,-1.562,1.001,0.999,-0.023,3870,14.51,12.157,0,,,,,,,,,,,0.781,,
2026-10-01T12:03:21.219,938.349,0,796.5,35,,97.0,20.784,-2.0,-1.562,1.001,1.0,-0.02,3850,14.51,12.157,0,,,,,,,,,,,,21.176,
2026-10-01T12:03:21.351,938.481,0,794.25,35,,97.031,20.392,-2.5,-1.562,1.001,0.999,-0.023,3850,14.51,12.157,0,,,,,,,,,,,,,971
2026-10-01T12:03:21.480,938.61,0,797.0,35,,97.0,20.392,-1.0,-1.562,1.001,0.999,-0.023,3850,14.51,12.157,0,106,,,,,,,,,,,,
2026-10-01T12:03:21.609,938.739,0,792.75,35,,97.0,20.784,-2.0,-1.562,1.001,0.999,-0.023,3840,14.51,12.157,0,,74,,,,,,,,,,,
2026-10-01T12:03:21.739,938.87,0,798.25,35,,97.062,20.784,-1.5,-1.562,1.001,0.999,-0.023,3840,14.51,12.157,0,,,12.5,,,,,,,,,,
2026-10-01T12:03:21.869,938.999,0,794.75,35,,97.031,20.784,-1.0,-1.562,1.001,0.999,-0.023,3830,14.51,12.157,0,,,,12.734,,,,,,,,,
2026-10-01T12:03:21.999,939.129,0,791.0,35,,97.031,20.784,-0.5,-1.562,1.001,0.999,-0.02,3840,14.51,12.157,0,,,,,97,,,,,,,,
2026-10-01T12:03:22.131,939.261,0,795.75,35,,97.0,20.784,-0.5,-1.562,1.001,0.999,-0.02,3830,14.51,12.157,0,,,,,,30,,,,,,,
2026-10-01T12:03:22.259,939.389,0,796.25,35,,97.031,20.784,-1.5,-1.562,1.001,0.999,-0.02,3820,14.51,12.157,0,,,,,,,100.0,,,,,,
2026-10-01T12:03:22.389,939.519,0,798.25,35,,97.0,20.784,-1.0,-0.781,1.001,1.0,-0.02,3810,14.51,12.157,0,,,,,,,,434.1,,,,,
2026-10-01T12:03:22.520,939.65,0,798.0,35,,96.969,20.784,-1.0,-1.562,1.001,0.999,-0.02,3820,14.51,12.157,0,,,,,,,,,0.765,,,,
2026-10-01T12:03:22.649,939.779,0,796.75,35,,97.0,20.784,-1.0,-0.781,1.001,1.0,-0.02,3800,14.51,12.157,0,,,,,,,,,,,0.781,,
2026-10-01T12:03:22.779,939.909,0,793.5,35,,97.0,20.784,-2.0,-0.781,1.001,1.003,-0.016,3810,14.51,12.157,0,,,,,,,,,,,,21.176,
2026-10-01T12:03:22.910,940.04,0,793.5,35,,97.031,20.392,-2.0,-0.781,1.001,1.005,-0.016,3810,14.51,12.157,0,,,,,,,,,,,,,972
2026-10-01T12:03:23.039,940.169,0,797.0,35,,97.0,20.784,-1.5,-0.781,1.001,1.007,-0.012,3800,14.51,12.157,0,106,,,,,,,,,,,,
2026-10-01T12:03:23.169,940.299,0,796.75,35,,97.0,20.392,-1.0,-0.781,1.001,1.004,-0.016,3810,14.51,12.157,0,,75,,,,,,,,,,,
2026-10-01T12:03:23.299,940.429,0,794.5,35,,97.031,20.784,-2.0,-0.781,1.001,1.005,-0.016,3800,14.51,12.157,0,,,12.5,,,,,,,,,,
2026-10-01T12:03:23.429,940.559,0,795.5,35,,97.0,20.784,-2.0,-0.781,1.001,1.003,-0.016,3810,14.51,12.157,0,,,,12.734,,,,,,,,,
2026-10-01T12:03:23.560,940.69,0,800.0,35,,97.094,20.784,-1.0,-0.781,1.001,1.005,-0.016,3810,14.51,12.157,0,,,,,97,,,,,,,,
2026-10-01T12:03:23.689,940.819,0,795.75,35,,96.969,20.784,-2.5,-0.781,1.001,1.004,-0.016,3830,14.51,12.157,0,,,,,,30,,,,,,,
2026-10-01T12:03:23.819,940.949,0,799.25,35,,96.938,20.392,-2.5,-0.781,1.001,1.004,-0.016,3830,14.51,12.157,0,,,,,,,100.0,,,,,,
2026-10-01T12:03:23.950,941.08,0,796.5,35,,96.969,20.392,-2.0,-0.781,1.001,1.002,-0.02,3800,14.51,12.157,0,,,,,,,,434.1,,,,,
2026-10-01T12:03:24.079,941.209,0,796.5,35,,97.0,20.784,-1.0,-0.781,1.001,0.999,-0.023,3810,14.51,12.157,0,,,,,,,,,0.765,,,,
2026-10-01T12:03:24.209,941.34,0,793.5,35,,96.969,20.392,-1.5,-0.781,1.001,1.0,-0.02,3820,14.51,12.157,0,,,,,,,,,,,0.781,,
2026-10-01T12:03:24.339,941.469,0,794.75,35,,97.0,20.784,-1.5,-0.781,1.001,1.005,-0.016,3810,14.51,12.157,0,,,,,,,,,,,,21.569,
2026-10-01T12:03:24.469,941.599,0,800.5,35,,96.938,20.392,-1.0,-0.781,1.001,1.004,-0.016,3820,14.51,12.157,0,,,,,,,,,,,,,974
2026-10-01T12:03:24.599,941.729,0,801.5,35,,97.094,20.392,-2.0,-0.781,1.001,1.006,-0.016,3830,14.51,12.157,0,106,,,,,,,,,,,,
2026-10-01T12:03:24.729,941.859,0,796.5,35,,96.969,20.392,-2.5,-0.781,1.001,1.004,-0.016,3840,14.51,12.157,0,,75,,,,,,,,,,,
2026-10-01T12:03:24.859,941.989,0,794.5,35,,96.938,20.784,-1.0,-0.781,1.001,1.002,-0.02,3850,14.51,12.157,0,,,12.5,,,,,,,,,,
2026-10-01T12:03:24.990,942.12,0,797.0,35,,97.0,20.784,-1.0,-0.781,1.001,1.001,-0.02,3830,14.51,12.157,0,,,,12.734,,,,,,,,,
2026-10-01T12:03:25.119,942.249,0,792.0,35,,97.0,20.784,-2.5,-0.781,1.001,1.0,-0.02,3830,14.51,12.157,0,,,,,97,,,,,,,,
2026-10-01T12:03:25.250,942.38,0,796.5,35,,97.062,20.392,-1.5,-0.781,1.001,0.999,-0.023,3830,14.51,12.157,0,,,,,,30,,,,,,,
2026-10-01T12:03:25.380,942.51,0,793.25,35,,97.031,20.784,-1.5,-0.781,1.001,0.999,-0.02,3830,14.51,12.157,0,,,,,,,100.0,,,,,,
2026-10-01T12:03:25.510,942.64,0,799.25,35,,97.0,20.392,-1.0,-0.781,1.001,1.0,-0.02,3830,14.51,12.157,0,,,,,,,,434.2,,,,,
2026-10-01T12:03:25.639,942.769,0,798.25,35,,97.0,20.784,-2.0,-0.781,1.001,0.999,-0.02,3830,14.51,12.157,0,,,,,,,,,0.765,,,,
2026-10-01T12:03:25.769,942.899,0,800.5,35,,96.969,20.392,-2.0,-0.781,1.001,1.003,-0.016,3850,14.51,12.157,0,,,,,,,,,,,0.781,,
2026-10-01T12:03:25.899,943.029,0,802.25,35,,97.062,20.784,-1.0,-0.781,1.001,1.001,-0.02,3850,14.51,12.157,0,,,,,,,,,,,,21.569,
2026-10-01T12:03:26.029,943.159,0,799.25,35,,96.969,20.784,-2.0,-0.781,1.001,0.999,-0.023,3840,14.51,12.157,0,,,,,,,,,,,,,975
2026-10-01T12:03:26.159,943.289,0,794.5,35,,97.062,20.784,-2.5,-0.781,1.001,0.999,-0.023,3840,14.51,12.157,0,106,,,,,,,,,,,,
2026-10-01T12:03:26.289,943.419,0,795.5,35,,97.0,20.784,-2.5,-0.781,1.001,0.999,-0.02,3840,14.51,12.157,0,,75,,,,,,,,,,,
2026-10-01T12:03:26.420,943.55,0,801.75,35,,97.062,20.392,-2.5,-0.781,1.001,0.999,-0.023,3850,14.51,12.157,0,,,12.5,,,,,,,,,,
2026-10-01T12:03:26.549,943.679,0,800.25,36,,97.062,20.784,-1.0,-0.781,1.001,0.998,-0.023,3850,14.51,12.157,0,,,,12.695,,,,,,,,,
2026-10-01T12:03:26.679,943.809,0,793.5,35,,97.031,20.392,-1.5,-0.781,1.001,0.998,-0.023,3860,14.51,12.157,0,,,,,97,,,,,,,,
2026-10-01T12:03:26.810,943.94,0,794.0,36,,96.969,20.784,-1.0,-0.781,1.001,0.996,-0.031,3860,14.51,12.157,0,,,,,,30,,,,,,,
2026-10-01T12:03:26.940,944.07,0,801.25,36,,97.0,20.784,-2.5,-0.781,1.001,0.996,-0.027,3860,14.51,12.157,0,,,,,,,100.0,,,,,,
2026-10-01T12:03:27.070,944.2,0,796.5,35,,96.969,20.784,-2.5,-0.781,1.001,0.996,-0.027,3870,14.51,12.157,0,,,,,,,,434.3,,,,,
2026-10-01T12:03:27.199,944.329,0,795.5,36,,97.031,20.784,-3.0,-0.781,1.001,0.995,-0.031,3880,14.51,12.157,0,,,,,,,,,0.765,,,,
2026-10-01T12:03:27.329,944.459,0,799.75,36,,97.062,20.392,-3.5,-0.781,1.001,0.995,-0.031,3880,14.51,12.157,0,,,,,,,,,,,0.781,,
2026-10-01T12:03:27.459,944.589,0,803.25,36,,97.062,20.784,-2.0,-0.781,1.001,0.993,-0.039,3890,14.51,12.157,0,,,,,,,,,,,,21.569,
2026-10-01T12:03:27.589,944.719,0,800.25,35,,97.062,20.392,-1.5,-0.781,1.001,0.995,-0.035,3910,14.51,12.157,0,,,,,,,,,,,,,977
2026-10-01T12:03:27.719,944.849,0,793.25,35,,97.0,20.784,-2.0,-0.781,1.001,0.994,-0.035,3890,14.51,12.157,0,106,,,,,,,,,,,,
2026-10-01T12:03:27.849,944.979,0,799.5,35,,97.0,20.784,-1.0,-1.562,1.001,0.992,-0.043,3880,14.51,12.157,0,,75,,,,,,,,,,,
2026-10-01T12:03:27.979,945.109,0,800.5,35,,96.969,20.392,-1.0,-1.562,1.001,0.991,-0.043,3890,14.51,12.157,0,,,12.5,,,,,,,,,,
2026-10-01T12:03:28.110,945.24,0,795.25,35,,97.062,20.784,-2.5,-1.562,1.001,0.991,-0.043,3890,14.51,12.157,0,,,,12.695,,,,,,,,,
2026-10-01T12:03:28.239,945.369,0,800.75,35,,97.0,20.392,-3.5,-1.562,1.001,0.993,-0.035,3900,14.51,12.157,0,,,,,97,,,,,,,,
2026-10-01T12:03:28.370,945.5,0,798.5,35,,97.0,20.784,-1.0,-1.562,1.001,0.995,-0.035,3880,14.51,12.157,0,,,,,,30,,,,,,,
2026-10-01T12:03:28.500,945.63,0,796.5,35,,96.969,20.392,-2.0,-1.562,1.001,0.995,-0.031,3870,14.51,12.157,0,,,,,,,100.0,,,,,,
2026-10-01T12:03:28.629,945.759,0,798.0,35,,97.031,20.392,-1.5,-1.562,1.001,0.995,-0.031,3860,14.51,12.157,0,,,,,,,,434.3,,,,,
2026-10-01T12:03:28.759,945.889,0,796.5,35,,97.062,20.392,-1.0,-1.562,1.001,0.996,-0.027,3850,14.51,12.157,0,,,,,,,,,0.765,,,,
2026-10-01T12:03:28.889,946.019,0,797.25,35,,97.094,20.392,-1.0,-1.562,1.001,0.997,-0.027,3830,14.51,12.157,0,,,,,,,,,,,0.781,,
2026-10-01T12:03:29.019,946.149,0,793.25,35,,97.062,20.784,-2.5,-1.562,1.001,0.997,-0.027,3830,14.51,12.157,0,,,,,,,,,,,,21.569,
2026-10-01T12:03:29.149,946.279,0,797.5,35,,97.094,20.784,-1.0,-1.562,1.001,0.996,-0.027,3810,14.51,12.157,0,,,,,,,,,,,,,978
2026-10-01T12:03:29.280,946.41,0,797.75,35,,96.969,20.784,-2.5,-1.562,1.001,0.998,-0.027,3820,14.51,12.157,0,106,,,,,,,,,,,,
2026-10-01T12:03:29.409,946.539,0,798.75,35,,97.0,20.784,-3.0,-1.562,1.001,0.999,-0.023,3810,14.51,12.157,0,,75,,,,,,,,,,,
2026-10-01T12:03:29.540,946.67,0,799.0,35,,97.0,20.784,-3.0,-1.562,1.001,1.0,-0.02,3800,14.51,12.157,0,,,12.5,,,,,,,,,,
2026-10-01T12:03:29.670,946.8,0,800.5,35,,97.062,20.392,-2.5,-1.562,1.001,1.0,-0.02,3800,14.51,12.157,0,,,,12.675,,,,,,,,,
2026-10-01T12:03:29.800,946.93,0,799.5,35,,97.031,20.784,-2.0,-1.562,1.001,1.001,-0.02,3770,14.51,12.157,0,,,,,97,,,,,,,,
2026-10-01T12:03:29.929,947.059,0,793.25,35,,97.094,20.392,-1.5,-1.562,1.001,1.0,-0.02,3770,14.51,12.157,0,,,,,,30,,,,,,,
2026-10-01T12:03:30.060,947.19,0,794.0,35,,97.0,20.784,-2.0,-0.781,1.001,1.005,-0.016,3770,14.51,12.157,0,,,,,,,100.0,,,,,,
2026-10-01T12:03:30.189,947.319,0,797.75,35,,96.969,20.392,-1.0,-0.781,1.001,1.005,-0.016,3770,14.51,12.157,0,,,,,,,,434.4,,,,,
2026-10-01T12:03:30.319,947.449,0,797.75,35,,97.031,20.392,-2.0,-0.781,1.001,1.006,-0.016,3790,14.51,12.157,0,,,,,,,,,0.765,,,,
2026-10-01T12:03:30.449,947.579,0,798.25,35,,97.094,20.392,-1.5,-0.781,1.001,1.007,-0.012,3780,14.51,12.157,0,,,,,,,,,,,0.781,,
2026-10-01T12:03:30.579,947.709,0,798.25,35,,96.938,20.392,-1.0,-0.781,1.001,1.008,-0.012,3780,14.51,12.157,0,,,,,,,,,,,,21.569,
2026-10-01T12:03:30.709,947.839,0,796.75,35,,97.031,20.784,-2.5,-0.781,1.001,1.006,-0.016,3790,14.51,12.157,0,,,,,,,,,,,,,980
2026-10-01T12:03:30.839,947.969,0,799.0,35,,97.0,20.784,-2.5,-0.781,1.001,1.008,-0.012,3800,14.51,12.157,0,106,,,,,,,,,,,,
2026-10-01T12:03:30.969,948.099,0,797.25,35,,97.062,20.784,-2.5,-0.781,1.001,1.007,-0.012,3810,14.51,12.157,0,,75,,,,,,,,,,,
2026-10-01T12:03:31.100,948.23,0,798.25,35,,97.0,20.392,-1.0,-0.781,1.001,1.008,-0.012,3800,14.51,12.157,0,,,12.5,,,,,,,,,,
2026-10-01T12:03:31.230,948.36,0,800.25,35,,97.0,20.392,-2.5,-0.781,1.001,1.009,-0.012,3810,14.51,12.157,0,,,,12.636,,,,,,,,,
2026-10-01T12:03:31.359,948.489,0,801.25,35,,97.062,20.392,-2.0,-0.781,1.001,1.009,-0.012,3830,14.51,12.157,0,,,,,97,,,,,,,,
2026-10-01T12:03:31.490,948.62,0,793.75,35,,97.0,20.392,-1.0,0.0,1.001,1.009,-0.012,3820,14.51,12.157,0,,,,,,30,,,,,,,
2026-10-01T12:03:31.619,948.749,0,799.75,35,,97.031,20.784,-1.5,0.0,1.001,1.009,-0.012,3820,14.51,12.157,0,,,,,,,100.0,,,,,,
2026-10-01T12:03:31.749,948.879,0,800.0,35,,96.969,20.392,-1.5,0.0,1.001,1.005,-0.016,3820,14.51,12.157,0,,,,,,,,434.5,,,,,
2026-10-01T12:03:31.879,949.009,0,795.75,35,,96.938,20.784,-2.0,0.0,1.001,1.006,-0.016,3820,14.51,12.157,0,,,,,,,,,0.765,,,,
2026-10-01T12:03:32.009,949.139,0,796.25,35,,96.969,20.784,-2.5,0.0,1.001,1.005,-0.016,3820,14.51,12.157,0,,,,,,,,,,,0.781,,
2026-10-01T12:03:32.139,949.269,0,801.0,35,,96.969,20.392,-1.5,0.0,1.001,1.004,-0.016,3820,14.51,12.157,0,,,,,,,,,,,,21.569,
2026-10-01T12:03:32.269,949.399,0,799.0,36,,97.094,20.392,-1.5,0.0,1.001,1.004,-0.016,3820,14.51,12.157,0,,,,,,,,,,,,,982
2026-10-01T12:03:32.400,949.53,0,794.75,35,,96.969,20.392,-2.0,0.0,1.001,1.003,-0.016,3810,14.51,12.157,0,106,,,,,,,,,,,,
2026-10-01T12:03:32.529,949.659,0,796.25,36,,96.969,20.784,-3.0,0.0,1.001,1.005,-0.016,3830,14.51,12.157,0,,75,,,,,,,,,,,
2026-10-01T12:03:32.660,949.79,0,797.75,36,,97.0,20.392,-2.5,0.0,1.001,1.004,-0.016,3830,14.51,12.157,0,,,12.5,,,,,,,,,,
2026-10-01T12:03:32.790,949.92,0,798.25,36,,97.0,20.784,-1.0,0.0,1.001,1.003,-0.016,3820,14.51,12.157,0,,,,12.675,,,,,,,,,
2026-10-01T12:03:32.919,950.049,0,798.75,36,,96.969,20.392,-2.5,0.0,1.001,1.003,-0.016,3820,14.51,12.157,0,,,,,97,,,,,,,,
2026-10-01T12:03:33.049,950.179,0,794.25,35,,96.969,20.784,-2.5,0.0,1.001,1.004,-0.016,3820,14.51,12.157,0,,,,,,30,,,,,,,
2026-10-01T12:03:33.179,950.309,0,797.5,36,,97.0,20.784,-2.0,0.0,1.001,1.001,-0.02,3870,14.51,12.157,0,,,,,,,100.0,,,,,,
2026-10-01T12:03:33.309,950.439,0,797.75,35,,97.0,20.784,-2.5,0.0,1.001,1.002,-0.02,3870,14.51,12.157,0,,,,,,,,434.5,,,,,
2026-10-01T12:03:33.439,950.569,0,796.25,35,,96.969,20.392,-2.0,0.0,1.001,1.002,-0.02,3870,14.51,12.157,0,,,,,,,,,0.76,,,,
2026-10-01T12:03:33.569,950.699,0,801.25,35,,96.969,20.784,-2.0,0.0,1.001,1.002,-0.02,3880,14.51,12.157,0,,,,,,,,,,,0.781,,
2026-10-01T12:03:33.699,950.829,0,799.25,35,,97.0,20.392,-2.5,0.0,1.001,1.002,-0.02,3870,14.51,12.157,0,,,,,,,,,,,,21.176,
2026-10-01T12:03:33.830,950.96,0,794.5,35,,97.0,20.392,-2.0,0.0,1.001,1.0,-0.02,3870,14.51,12.157,0,,,,,,,,,,,,,983
2026-10-01T12:03:33.960,951.09,0,794.75,35,,97.0,20.392,-1.0,0.0,1.001,1.004,-0.016,3850,14.51,12.157,0,106,,,,,,,,,,,,
2026-10-01T12:03:34.090,951.22,0,793.5,35,,97.062,20.392,-1.0,0.0,1.001,1.002,-0.02,3850,14.51,12.157,0,,75,,,,,,,,,,,
2026-10-01T12:03:34.220,951.35,0,799.25,35,,97.062,20.392,-1.0,0.0,1.001,1.0,-0.02,3830,14.51,12.157,0,,,12.5,,,,,,,,,,
2026-10-01T12:03:34.350,951.48,0,800.5,35,,97.062,20.392,-1.5,0.0,1.001,0.999,-0.02,3860,14.51,12.157,0,,,,12.617,,,,,,,,,
2026-10-01T12:03:34.479,951.609,0,797.5,35,,96.969,20.392,-1.5,0.0,1.001,1.001,-0.02,3840,14.51,12.157,0,,,,,97,,,,,,,,
2026-10-01T12:03:34.610,951.74,0,795.5,35,,97.0,20.392,-2.0,0.0,1.001,1.002,-0.02,3830,14.51,12.157,0,,,,,,30,,,,,,,
2026-10-01T12:03:34.739,951.869,0,799.5,35,,97.0,20.392,-0.5,0.0,1.001,1.003,-0.016,3830,14.51,12.157,0,,,,,,,100.0,,,,,,
2026-10-01T12:03:34.869,951.999,0,793.5,35,,97.062,20.392,-1.0,0.0,1.001,1.001,-0.02,3830,14.51,12.157,0,,,,,,,,434.6,,,,,
2026-10-01T12:03:34.999,952.129,0,797.0,35,,97.062,20.392,-2.5,0.0,1.001,1.0,-0.02,3830,14.51,12.157,0,,,,,,,,,0.765,,,,
2026-10-01T12:03:35.129,952.259,0,798.25,35,,97.062,20.392,-1.0,0.0,1.001,0.999,-0.023,3810,14.51,12.157,0,,,,,,,,,,,0.781,,
2026-10-01T12:03:35.260,952.39,0,793.0,35,,97.0,20.392,-0.5,0.0,1.001,0.999,-0.023,3810,14.51,12.157,0,,,,,,,,,,,,21.176,
2026-10-01T12:03:35.390,952.52,0,793.75,35,,97.0,20.392,-1.5,0.0,1.001,1.0,-0.02,3790,14.51,12.157,0,,,,,,,,,,,,,985
2026-10-01T12:03:35.520,952.65,0,796.0,35,,96.969,20.392,-2.5,0.0,1.001,1.001,-0.02,3790,14.51,12.157,0,106,,,,,,,,,,,,
2026-10-01T12:03:35.650,952.78,0,802.5,35,,97.094,20.392,-2.5,0.0,1.001,1.0,-0.02,3800,14.51,12.157,0,,74,,,,,,,,,,,
2026-10-01T12:03:35.779,952.909,0,797.0,35,,97.062,20.392,-2.5,0.0,1.001,1.002,-0.02,3790,14.51,12.157,0,,,12.5,,,,,,,,,,
2026-10-01T12:03:35.909,953.039,0,799.0,35,,97.031,20.392,-2.5,0.0,1.001,1.002,-0.02,3780,14.51,12.157,0,,,,12.675,,,,,,,,,
2026-10-01T12:03:36.040,953.17,0,795.0,35,,97.0,20.392,-2.0,0.0,1.001,1.002,-0.02,3760,14.51,12.157,0,,,,,97,,,,,,,,
2026-10-01T12:03:36.169,953.299,0,798.0,35,,97.0,20.392,-1.5,0.0,1.001,1.001,-0.02,3770,14.51,12.157,0,,,,,,30,,,,,,,
2026-10-01T12:03:36.299,953.429,0,799.5,35,,97.0,20.392,-2.5,0.0,1.001,1.002,-0.02,3780,14.51,12.157,0,,,,,,,100.0,,,,,,
2026-10-01T12:03:36.429,953.559,0,798.0,35,,97.031,20.392,-1.5,0.0,1.001,1.001,-0.02,3770,14.51,12.157,0,,,,,,,,434.6,,,,,
2026-10-01T12:03:36.559,953.689,0,799.5,35,,97.0,20.392,-1.0,0.0,1.001,1.002,-0.02,3790,14.51,12.157,0,,,,,,,,,0.76,,,,
2026-10-01T12:03:36.690,953.82,0,793.5,35,,96.969,20.392,-1.5,0.0,1.001,1.005,-0.016,3790,14.51,12.157,0,,,,,,,,,,,0.781,,
2026-10-01T12:03:36.819,953.949,0,797.25,35,,97.0,20.392,-1.0,0.0,1.001,1.007,-0.012,3790,14.51,12.157,0,,,,,,,,,,,,21.176,
2026-10-01T12:03:36.950,954.08,0,797.5,35,,97.0,20.392,-1.0,0.0,1.001,1.004,-0.016,3790,14.51,12.157,0,,,,,,,,,,,,,986
2026-10-01T12:03:37.080,954.21,0,793.25,35,,96.969,20.392,-1.5,0.0,1.001,1.004,-0.016,3790,14.51,12.157,0,106,,,,,,,,,,,,
2026-10-01T12:03:37.210,954.34,0,792.75,35,,97.031,20.392,-1.0,0.0,1.001,1.004,-0.016,3780,14.51,12.157,0,,75,,,,,,,,,,,
2026-10-01T12:03:37.339,954.469,0,797.25,35,,97.094,20.392,-0.5,0.0,1.001,1.005,-0.016,3790,14.51,12.157,0,,,12.5,,,,,,,,,,
2026-10-01T12:03:37.469,954.599,0,801.0,35,,97.0,20.392,-1.5,0.0,1.001,1.005,-0.016,3800,14.51,12.157,0,,,,12.578,,,,,,,,,
2026-10-01T12:03:37.599,954.729,0,794.5,35,,97.0,20.392,-1.5,0.0,1.001,1.003,-0.016,3810,14.51,12.157,0,,,,,97,,,,,,,,
2026-10-01T12:03:37.729,954.859,0,794.0,35,,97.0,20.392,-1.0,0.0,1.001,1.0,-0.02,3790,14.51,12.157,0,,,,,,30,,,,,,,
2026-10-01T12:03:37.859,954.989,0,797.75,35,,97.0,20.392,-0.5,0.0,1.001,1.0,-0.02,3810,14.51,12.157,0,,,,,,,100.0,,,,,,
2026-10-01T12:03:37.990,955.12,0,799.5,36,,97.062,20.392,-1.5,0.0,1.001,1.003,-0.016,3810,14.51,12.157,0,,,,,,,,434.6,,,,,
2026-10-01T12:03:38.120,955.25,0,794.75,36,,97.031,20.392,-2.5,0.0,1.001,1.001,-0.02,3850,14.51,12.157,0,,,,,,,,,0.76,,,,
2026-10-01T12:03:38.249,955.38,0,802.5,36,,96.969,20.392,-1.5,0.0,1.001,1.003,-0.016,3880,14.51,12.157,0,,,,,,,,,,,0.781,,
2026-10-01T12:03:38.380,955.51,0,799.5,35,,97.094,20.392,-1.5,0.0,1.001,1.0,-0.02,3880,14.51,12.157,0,,,,,,,,,,,,21.176,
2026-10-01T12:03:38.510,955.64,0,794.0,35,,97.094,20.392,-2.0,0.0,1.001,1.002,-0.02,3870,14.51,12.157,0,,,,,,,,,,,,,988
2026-10-01T12:03:38.639,955.769,0,795.75,35,,97.062,20.392,-1.5,0.0,1.001,1.003,-0.016,3880,14.51,12.157,0,106,,,,,,,,,,,,
2026-10-01T12:03:38.769,955.899,0,795.5,35,,97.094,20.392,-1.5,0.0,1.001,1.004,-0.016,3890,14.51,12.157,0,,75,,,,,,,,,,,
2026-10-01T12:03:38.899,956.029,0,796.25,35,,97.0,20.392,-2.0,0.0,1.001,1.005,-0.016,3890,14.51,12.157,0,,,12.5,,,,,,,,,,
2026-10-01T12:03:39.029,956.159,0,797.25,35,,97.0,20.392,-2.5,0.0,1.001,1.002,-0.02,3910,14.51,12.157,0,,,,12.734,,,,,,,,,
2026-10-01T12:03:39.159,956.289,0,801.5,35,,97.0,20.392,-2.0,0.0,1.001,1.0,-0.02,3910,14.51,12.157,0,,,,,97,,,,,,,,
2026-10-01T12:03:39.289,956.419,0,797.0,35,,97.094,20.392,-2.0,0.0,1.001,0.999,-0.023,3890,14.51,12.157,0,,,,,,30,,,,,,,
2026-10-01T12:03:39.419,956.549,0,800.25,35,,97.031,20.392,-2.5,0.0,1.001,0.999,-0.023,3870,14.51,12.157,0,,,,,,,100.0,,,,,,
2026-10-01T12:03:39.549,956.679,0,800.75,35,,97.062,20.392,-2.5,0.0,1.001,0.998,-0.023,3860,14.51,12.157,0,,,,,,,,434.7,,,,,
2026-10-01T12:03:39.679,956.809,0,798.75,35,,97.094,20.392,-2.0,0.0,1.001,0.998,-0.023,3810,14.51,12.157,0,,,,,,,,,0.76,,,,
2026-10-01T12:03:39.809,956.94,0,798.75,35,,97.062,20.784,-2.0,0.0,1.001,0.999,-0.023,3810,14.51,12.157,0,,,,,,,,,,,0.781,,
2026-10-01T12:03:39.940,957.07,0,792.25,35,,97.094,20.392,-2.5,0.0,1.001,0.999,-0.023,3790,14.51,12.157,0,,,,,,,,,,,,21.176,
2026-10-01T12:03:40.070,957.2,0,794.25,35,,97.062,20.392,-0.5,0.0,1.001,0.999,-0.02,3770,14.51,12.157,0,,,,,,,,,,,,,989
2026-10-01T12:03:40.199,957.329,0,794.25,35,,97.0,20.392,-2.0,0.0,1.001,1.002,-0.02,3740,14.51,12.157,0,106,,,,,,,,,,,,
2026-10-01T12:03:40.329,957.459,0,798.75,35,,97.062,20.392,-2.0,0.0,1.001,1.004,-0.016,3740,14.51,12.157,0,,75,,,,,,,,,,,
2026-10-01T12:03:40.459,957.589,0,796.5,35,,97.0,20.0,-2.0,0.0,1.001,1.005,-0.016,3750,14.51,12.157,0,,,12.5,,,,,,,,,,
2026-10-01T12:03:40.589,957.719,0,795.25,35,,96.969,20.392,-1.0,0.0,1.001,1.005,-0.016,3750,14.51,12.157,0,,,,12.636,,,,,,,,,
2026-10-01T12:03:40.719,957.849,0,798.25,35,,96.969,20.392,-1.0,0.0,1.001,1.003,-0.016,3750,14.51,12.157,0,,,,,97,,,,,,,,
2026-10-01T12:03:40.849,957.979,0,801.75,35,,96.938,20.392,-2.0,0.0,1.001,1.001,-0.02,3770,14.51,12.157,0,,,,,,30,,,,,,,
2026-10-01T12:03:40.979,958.109,0,794.75,35,,97.0,20.392,-2.5,0.0,1.001,0.999,-0.023,3780,14.51,12.157,0,,,,,,,100.0,,,,,,
2026-10-01T12:03:41.109,958.239,0,795.5,35,,97.0,20.392,-2.5,0.0,1.001,0.998,-0.023,3760,14.51,12.157,0,,,,,,,,434.8,,,,,
2026-10-01T12:03:41.240,958.37,0,800.25,35,,97.0,20.392,-2.5,0.0,1.001,0.998,-0.023,3770,14.51,12.157,0,,,,,,,,,0.76,,,,
2026-10-01T12:03:41.369,958.499,0,799.75,35,,97.031,20.392,-2.5,0.0,1.001,0.995,-0.031,3790,14.51,12.157,0,,,,,,,,,,,0.781,,
2026-10-01T12:03:41.500,958.63,0,799.5,35,,97.062,20.392,-2.5,0.0,1.001,0.993,-0.039,3800,14.51,12.157,0,,,,,,,,,,,,20.784,
2026-10-01T12:03:41.630,958.76,0,801.75,35,,97.094,20.0,-2.5,0.0,1.001,0.989,-0.047,3780,14.51,12.157,0,,,,,,,,,,,,,991
2026-10-01T12:03:41.759,958.89,0,799.75,35,,97.062,20.392,-2.5,0.0,1.001,0.987,-0.051,3800,14.51,12.157,0,106,,,,,,,,,,,,
2026-10-01T12:03:41.890,959.02,0,802.0,35,,97.062,20.392,-3.0,0.0,1.001,0.983,-0.062,3830,14.51,12.157,0,,75,,,,,,,,,,,
2026-10-01T12:03:42.019,959.149,0,802.0,36,,97.094,20.392,-2.5,-0.781,1.001,0.982,-0.066,3850,14.51,12.157,0,,,12.5,,,,,,,,,,
2026-10-01T12:03:42.149,959.279,0,801.5,35,,97.094,20.392,-1.0,-0.781,1.001,0.982,-0.066,3850,14.51,12.157,0,,,,12.714,,,,,,,,,
2026-10-01T12:03:42.279,959.409,0,795.25,35,,97.094,20.392,-1.5,-0.781,1.001,0.981,-0.066,3850,14.51,12.157,0,,,,,97,,,,,,,,
2026-10-01T12:03:42.409,959.539,0,794.5,35,,97.094,20.392,-3.0,-0.781,1.001,0.982,-0.066,3860,14.51,12.157,0,,,,,,30,,,,,,,
2026-10-01T12:03:42.539,959.669,0,805.5,35,,97.125,20.392,-2.5,-0.781,1.001,0.981,-0.066,3880,14.51,12.157,0,,,,,,,100.0,,,,,,
2026-10-01T12:03:42.669,959.799,0,804.0,35,,97.031,20.392,-2.0,-0.781,1.001,0.981,-0.066,3880,14.51,12.157,0,,,,,,,,434.8,,,,,
2026-10-01T12:03:42.799,959.929,0,797.25,35,,97.062,20.0,-1.5,-1.562,1.001,0.982,-0.066,3860,14.51,12.157,0,,,,,,,,,0.76,,,,
2026-10-01T12:03:42.930,960.06,0,790.75,35,,97.125,20.392,-1.5,-1.562,1.001,0.983,-0.062,3850,14.51,12.157,0,,,,,,,,,,,0.781,,
2026-10-01T12:03:43.059,960.189,0,796.5,35,,97.094,20.392,-0.5,-1.562,1.001,0.986,-0.055,3870,14.51,12.157,0,,,,,,,,,,,,21.176,
2026-10-01T12:03:43.190,960.32,0,798.0,35,,97.094,20.392,-0.5,-1.562,1.001,0.988,-0.051,3860,14.51,12.157,0,,,,,,,,,,,,,993
2026-10-01T12:03:43.320,960.45,0,794.5,35,,97.031,20.784,-2.0,-1.562,1.001,0.991,-0.043,3850,14.51,12.157,0,106,,,,,,,,,,,,
2026-10-01T12:03:43.450,960.58,0,801.75,35,,97.094,20.392,-2.5,-1.562,1.001,0.991,-0.043,3840,14.51,12.157,0,,75,,,,,,,,,,,
2026-10-01T12:03:43.579,960.709,0,799.5,35,,97.062,20.392,-2.0,-1.562,1.001,0.99,-0.043,3840,14.51,12.157,0,,,12.5,,,,,,,,,,
2026-10-01T12:03:43.709,960.839,0,797.5,35,,97.062,20.392,-2.0,-1.562,1.001,0.99,-0.043,3840,14.51,12.157,0,,,,12.597,,,,,,,,,
2026-10-01T12:03:43.839,960.969,0,799.0,35,,97.094,20.392,-1.5,-1.562,1.001,0.991,-0.043,3830,14.51,12.157,0,,,,,97,,,,,,,,
2026-10-01T12:03:43.969,961.099,0,798.5,35,,97.062,20.392,-1.0,-1.562,1.001,0.993,-0.039,3790,14.51,12.157,0,,,,,,30,,,,,,,
2026-10-01T12:03:44.099,961.229,0,796.0,35,,97.062,20.392,-2.5,-1.562,1.001,0.992,-0.039,3760,14.51,12.157,0,,,,,,,100.0,,,,,,
2026-10-01T12:03:44.229,961.359,0,799.75,35,,97.094,20.392,-2.0,-1.562,1.001,0.993,-0.039,3750,14.51,12.157,0,,,,,,,,434.8,,,,,
2026-10-01T12:03:44.359,961.49,0,798.25,35,,97.062,20.392,-1.5,-1.562,1.001,0.995,-0.031,3750,14.51,12.157,0,,,,,,,,,0.77,,,,
2026-10-01T12:03:44.489,961.619,0,796.75,35,,97.031,20.392,-0.5,-1.562,1.001,0.996,-0.027,3740,14.51,12.157,0,,,,,,,,,,,0.781,,
2026-10-01T12:03:44.619,961.749,0,800.5,35,,97.094,20.392,-2.0,-1.562,1.001,0.998,-0.027,3740,14.51,12.157,0,,,,,,,,,,,,20.784,
2026-10-01T12:03:44.750,961.88,0,793.0,35,,97.062,20.392,-1.0,-1.562,1.001,0.998,-0.023,3740,14.51,12.157,0,,,,,,,,,,,,,994
2026-10-01T12:03:44.879,962.009,0,794.0,35,,97.031,20.0,-1.0,-1.562,1.001,1.0,-0.02,3750,14.51,12.157,0,106,,,,,,,,,,,,
2026-10-01T12:03:45.009,962.139,0,800.5,35,,97.031,20.392,-1.0,-1.562,1.001,1.001,-0.02,3750,14.51,12.157,0,,75,,,,,,,,,,,
2026-10-01T12:03:45.139,962.269,0,796.5,35,,97.062,20.392,-1.5,-1.562,1.001,1.001,-0.02,3760,14.51,12.157,0,,,13.281,,,,,,,,,,
2026-10-01T12:03:45.269,962.399,0,800.75,35,,97.062,20.392,-1.5,-1.562,1.001,1.0,-0.02,3760,14.51,12.157,0,,,,12.734,,,,,,,,,
2026-10-01T12:03:45.399,962.529,0,799.0,35,,97.0,20.392,-2.0,-1.562,1.001,1.0,-0.02,3750,14.51,12.157,0,,,,,97,,,,,,,,
2026-10-01T12:03:45.529,962.659,0,796.5,35,,96.969,20.392,-1.0,-1.562,1.001,1.001,-0.02,3760,14.51,12.157,0,,,,,,30,,,,,,,
2026-10-01T12:03:45.659,962.789,0,796.75,35,,97.062,20.392,-0.5,-1.562,1.001,1.005,-0.016,3770,14.51,12.157,0,,,,,,,100.0,,,,,,
2026-10-01T12:03:45.790,962.92,0,790.0,35,,97.0,20.392,-0.5,-0.781,1.001,1.006,-0.016,3770,14.51,12.157,0,,,,,,,,434.9,,,,,
2026-10-01T12:03:45.919,963.049,0,794.25,35,,97.062,20.392,-2.0,-0.781,1.001,1.002,-0.02,3770,14.51,12.157,0,,,,,,,,,0.765,,,,
2026-10-01T12:03:46.050,963.18,0,795.0,35,,97.094,20.392,-0.5,-1.562,1.001,1.002,-0.02,3770,14.51,12.157,0,,,,,,,,,,,0.781,,
2026-10-01T12:03:46.179,963.309,0,792.0,36,,97.094,20.392,-1.0,-0.781,1.001,1.003,-0.016,3800,14.51,12.157,0,,,,,,,,,,,,21.176,
2026-10-01T12:03:46.310,963.44,0,793.5,35,,97.062,20.392,-2.0,-0.781,1.001,1.002,-0.02,3800,14.51,12.157,0,,,,,,,,,,,,,996
2026-10-01T12:03:46.439,963.569,0,798.75,36,,97.062,20.392,-1.0,-0.781,1.001,1.001,-0.02,3820,14.51,12.157,0,106,,,,,,,,,,,,
2026-10-01T12:03:46.569,963.699,0,799.0,36,,97.0,20.392,-1.5,-0.781,1.001,0.999,-0.023,3830,14.51,12.157,0,,75,,,,,,,,,,,
2026-10-01T12:03:46.699,963.829,0,795.75,35,,97.094,20.392,-2.5,-1.562,1.001,0.999,-0.02,3840,14.51,12.157,0,,,12.5,,,,,,,,,,
2026-10-01T12:03:46.829,963.959,0,796.5,36,,97.0,20.392,-1.5,-1.562,1.001,0.999,-0.02,3830,14.51,12.157,0,,,,12.675,,,,,,,,,
2026-10-01T12:03:46.959,964.089,0,794.0,35,,97.125,20.392,-1.5,-1.562,1.001,1.001,-0.02,3840,14.51,12.157,0,,,,,97,,,,,,,,
2026-10-01T12:03:47.089,964.219,0,797.5,35,,97.125,20.392,-1.5,-0.781,1.001,1.0,-0.02,3860,14.51,12.157,0,,,,,,30,,,,,,,
2026-10-01T12:03:47.229,964.359,0,797.25,35,,97.156,20.392,-1.5,-0.781,1.001,1.0,-0.02,3860,14.51,12.157,0,,,,,,,100.0,,,,,,
2026-10-01T12:03:47.359,964.489,0,800.0,35,,97.094,20.392,-2.0,-0.781,1.001,1.001,-0.02,3870,14.51,12.157,0,,,,,,,,435.0,,,,,
2026-10-01T12:03:47.489,964.619,0,798.0,35,,97.125,20.0,-1.0,-1.562,1.001,0.999,-0.02,3870,14.51,12.157,0,,,,,,,,,0.76,,,,
2026-10-01T12:03:47.619,964.749,0,800.5,35,,97.125,20.392,-2.0,-0.781,1.001,1.001,-0.02,3860,14.51,12.157,0,,,,,,,,,,,0.781,,
2026-10-01T12:03:47.749,964.88,0,797.25,35,,97.094,20.392,-0.5,-0.781,1.001,1.005,-0.016,3870,14.51,12.157,0,,,,,,,,,,,,20.784,
2026-10-01T12:03:47.879,965.009,0,795.75,35,,97.094,20.392,-1.0,-0.781,1.001,1.007,-0.012,3860,14.51,12.157,0,,,,,,,,,,,,,997
2026-10-01T12:03:48.009,965.139,0,796.25,35,,97.062,20.392,-1.5,-0.781,1.001,1.006,-0.016,3850,14.51,12.157,0,106,,,,,,,,,,,,
2026-10-01T12:03:48.140,965.27,0,796.75,35,,97.0,20.392,-2.0,-0.781,1.001,1.006,-0.016,3850,14.51,12.157,0,,75,,,,,,,,,,,
2026-10-01T12:03:48.270,965.4,0,796.5,35,,97.031,20.392,-1.0,-0.781,1.001,1.008,-0.012,3840,14.51,12.157,0,,,12.5,,,,,,,,,,
2026-10-01T12:03:48.399,965.529,0,798.5,35,,97.062,20.392,-2.0,-0.781,1.001,1.005,-0.016,3830,14.51,12.157,0,,,,12.675,,,,,,,,,
2026-10-01T12:03:48.529,965.659,0,797.0,35,,97.0,20.392,-2.5,-0.781,1.001,1.006,-0.016,3800,14.51,12.157,0,,,,,97,,,,,,,,
2026-10-01T12:03:48.659,965.789,0,800.0,35,,96.969,20.392,-1.0,-0.781,1.001,1.0,-0.02,3800,14.51,12.157,0,,,,,,29,,,,,,,
2026-10-01T12:03:48.789,965.919,0,794.0,35,,97.031,20.392,-1.0,-0.781,1.001,1.0,-0.02,3760,14.51,12.157,0,,,,,,,100.0,,,,,,
2026-10-01T12:03:48.919,966.049,0,796.25,35,,97.062,20.392,-1.0,-0.781,1.001,1.0,-0.02,3750,14.51,12.157,0,,,,,,,,435.0,,,,,
2026-10-01T12:03:49.049,966.179,0,796.0,35,,97.062,20.392,-1.0,-0.781,1.001,1.001,-0.02,3750,14.51,12.157,0,,,,,,,,,0.76,,,,
2026-10-01T12:03:49.179,966.31,0,796.0,35,,97.0,20.392,-1.0,-0.781,1.001,1.003,-0.016,3740,14.51,12.157,0,,,,,,,,,,,0.781,,
2026-10-01T12:03:49.309,966.439,0,796.0,35,,97.0,20.392,-1.5,-0.781,1.001,1.003,-0.016,3750,14.51,12.157,0,,,,,,,,,,,,21.176,
2026-10-01T12:03:49.439,966.569,0,793.0,35,,97.094,20.392,-1.0,-0.781,1.001,1.004,-0.016,3760,14.51,12.157,0,,,,,,,,,,,,,999
2026-10-01T12:03:49.570,966.7,0,798.5,35,,97.094,20.392,0.0,-0.781,1.001,1.003,-0.016,3760,14.51,12.157,0,106,,,,,,,,,,,,
2026-10-01T12:03:49.699,966.829,0,798.0,35,,97.062,20.392,0.0,-0.781,1.001,1.005,-0.016,3770,14.51,12.157,0,,74,,,,,,,,,,,
2026-10-01T12:03:49.829,966.959,0,796.0,35,,97.094,20.0,-2.0,-0.781,1.001,1.005,-0.016,3770,14.51,12.157,0,,,12.5,,,,,,,,,,
2026-10-01T12:03:49.959,967.089,0,796.75,35,,96.969,20.392,-1.0,-0.781,1.001,1.005,-0.016,3770,14.51,12.157,0,,,,12.636,,,,,,,,,
2026-10-01T12:03:50.089,967.219,0,793.75,35,,97.062,20.392,-2.0,-0.781,1.001,1.004,-0.016,3780,14.51,12.157,0,,,,,97,,,,,,,,
2026-10-01T12:03:50.219,967.349,0,797.25,35,,97.0,20.392,-2.0,-0.781,1.001,0.999,-0.02,3770,14.51,12.157,0,,,,,,29,,,,,,,
2026-10-01T12:03:50.349,967.479,0,796.0,35,,97.0,20.392,-1.0,-0.781,1.001,1.0,-0.02,3780,14.51,12.157,0,,,,,,,100.0,,,,,,
2026-10-01T12:03:50.479,967.609,0,795.5,35,,97.0,20.392,-1.0,-0.781,1.001,1.003,-0.016,3770,14.51,12.157,0,,,,,,,,435.0,,,,,
2026-10-01T12:03:50.609,967.74,0,797.25,35,,97.062,20.392,-1.0,0.0,1.001,1.007,-0.012,3770,14.51,12.157,0,,,,,,,,,0.76,,,,
2026-10-01T12:03:50.739,967.869,0,796.25,35,,97.0,20.392,-2.5,0.0,1.001,1.003,-0.016,3790,14.51,12.157,0,,,,,,,,,,,0.781,,
2026-10-01T12:03:50.869,968.0,0,797.25,35,,97.0,20.392,-0.5,-0.781,1.001,1.001,-0.02,3810,14.51,12.157,0,,,,,,,,,,,,21.176,
2026-10-01T12:03:51.000,968.13,0,793.0,36,,97.0,20.392,-2.0,-0.781,1.001,1.001,-0.02,3830,14.51,12.157,0,,,,,,,,,,,,,1000
2026-10-01T12:03:51.129,968.26,0,795.0,35,,97.094,20.392,-2.0,-0.781,1.001,1.0,-0.02,3840,14.51,12.157,0,106,,,,,,,,,,,,
2026-10-01T12:03:51.259,968.389,0,800.5,36,,97.125,20.392,-1.5,-0.781,1.001,0.998,-0.023,3870,14.51,12.157,0,,75,,,,,,,,,,,
2026-10-01T12:03:51.389,968.519,0,799.25,35,,97.125,20.392,-1.0,-0.781,1.001,0.996,-0.031,3860,14.51,12.157,0,,,12.5,,,,,,,,,,
2026-10-01T12:03:51.519,968.649,0,793.5,35,,97.062,20.392,-2.5,-0.781,1.001,0.996,-0.031,3880,14.51,12.157,0,,,,12.714,,,,,,,,,
2026-10-01T12:03:51.649,968.779,0,796.5,35,,97.094,20.392,-1.5,-0.781,1.001,0.998,-0.027,3880,14.51,12.157,0,,,,,97,,,,,,,,
2026-10-01T12:03:51.779,968.909,0,800.25,35,,97.062,20.392,-1.0,-0.781,1.001,0.998,-0.027,3870,14.51,12.157,0,,,,,,29,,,,,,,
2026-10-01T12:03:51.909,969.039,0,798.75,35,,97.094,20.392,-2.0,-0.781,1.001,0.998,-0.023,3870,14.51,12.157,0,,,,,,,100.0,,,,,,
2026-10-01T12:03:52.039,969.17,0,797.75,35,,97.0,20.392,-1.0,-0.781,1.001,0.998,-0.027,3870,14.51,12.157,0,,,,,,,,435.1,,,,,
2026-10-01T12:03:52.169,969.299,0,794.5,35,,97.031,20.392,-1.0,-0.781,1.001,0.999,-0.023,3860,14.51,12.157,0,,,,,,,,,0.76,,,,
2026-10-01T12:03:52.299,969.429,0,795.5,35,,97.094,20.392,-1.0,-0.781,1.001,0.999,-0.023,3860,14.51,12.157,0,,,,,,,,,,,0.781,,
2026-10-01T12:03:52.429,969.559,0,795.75,35,,97.094,20.392,-1.0,-0.781,1.001,0.999,-0.023,3850,14.51,12.157,0,,,,,,,,,,,,21.176,
2026-10-01T12:03:52.559,969.689,0,798.0,35,,97.031,20.392,-1.0,-0.781,1.001,0.999,-0.023,3850,14.51,12.157,0,,,,,,,,,,,,,1002
2026-10-01T12:03:52.689,969.819,0,796.25,35,,97.062,20.392,-2.5,-0.781,1.001,0.998,-0.023,3820,14.51,12.157,0,106,,,,,,,,,,,,
2026-10-01T12:03:52.819,969.949,0,795.0,35,,97.062,20.392,-1.5,-0.781,1.001,0.998,-0.023,3780,14.51,12.157,0,,75,,,,,,,,,,,
2026-10-01T12:03:52.949,970.079,0,799.0,35,,97.094,20.392,-1.0,-0.781,1.001,0.997,-0.027,3760,14.51,12.157,0,,,12.5,,,,,,,,,,
2026-10-01T12:03:53.079,970.209,0,796.75,35,,97.062,20.392,-1.5,-0.781,1.001,0.997,-0.027,3740,14.51,12.157,0,,,,12.695,,,,,,,,,
2026-10-01T12:03:53.209,970.339,0,795.75,35,,97.062,20.392,-1.0,-0.781,1.001,0.996,-0.027,3750,14.51,12.157,0,,,,,97,,,,,,,,
2026-10-01T12:03:53.339,970.469,0,797.25,35,,97.062,20.392,-1.5,-0.781,1.001,0.998,-0.023,3740,14.51,12.157,0,,,,,,29,,,,,,,
2026-10-01T12:03:53.470,970.6,0,798.75,35,,97.0,20.392,-1.0,-0.781,1.001,0.998,-0.027,3750,14.51,12.157,0,,,,,,,100.0,,,,,,
2026-10-01T12:03:53.600,970.73,0,794.0,35,,97.062,20.392,-1.5,-0.781,1.001,0.999,-0.023,3740,14.51,12.157,0,,,,,,,,435.1,,,,,
2026-10-01T12:03:53.730,970.86,0,801.0,35,,97.031,20.392,-1.0,-0.781,1.001,1.0,-0.02,3740,14.51,12.157,0,,,,,,,,,0.755,,,,
2026-10-01T12:03:53.859,970.989,0,800.25,35,,97.094,20.0,-0.5,-0.781,1.001,1.0,-0.02,3760,14.51,12.157,0,,,,,,,,,,,0.781,,
2026-10-01T12:03:53.989,971.119,0,790.25,35,,97.062,20.0,-0.5,-0.781,1.001,1.0,-0.02,3760,14.51,12.157,0,,,,,,,,,,,,21.176,
2026-10-01T12:03:54.119,971.249,0,793.25,35,,97.094,20.392,-2.0,-0.781,1.001,0.998,-0.023,3770,14.51,12.157,0,,,,,,,,,,,,,1003
2026-10-01T12:03:54.249,971.379,0,802.75,35,,97.031,20.392,-2.0,-0.781,1.001,0.999,-0.023,3780,14.51,12.157,0,106,,,,,,,,,,,,
2026-10-01T12:03:54.379,971.509,0,796.25,35,,97.125,20.392,-2.0,-0.781,1.001,0.998,-0.023,3770,14.51,12.157,0,,75,,,,,,,,,,,
2026-10-01T12:03:54.509,971.639,0,794.75,35,,97.031,20.392,-1.5,-0.781,1.001,0.999,-0.023,3780,14.51,12.157,0,,,12.5,,,,,,,,,,
2026-10-01T12:03:54.639,971.769,0,797.0,35,,97.062,20.392,-1.5,-0.781,1.001,0.999,-0.023,3780,14.51,12.157,0,,,,12.734,,,,,,,,,
2026-10-01T12:03:54.769,971.899,0,796.5,36,,97.062,20.392,-1.5,-0.781,1.001,0.998,-0.027,3820,14.51,12.157,0,,,,,97,,,,,,,,
2026-10-01T12:03:54.899,972.029,0,792.25,35,,97.0,20.392,-1.5,-0.781,1.001,0.999,-0.023,3810,14.51,12.157,0,,,,,,29,,,,,,,
2026-10-01T12:03:55.030,972.16,0,798.0,36,,97.031,20.392,-1.0,-0.781,1.001,0.999,-0.02,3810,14.51,12.157,0,,,,,,,100.0,,,,,,
2026-10-01T12:03:55.159,972.29,0,799.75,36,,97.094,20.392,-1.0,-0.781,1.001,0.999,-0.023,3830,14.51,12.157,0,,,,,,,,435.1,,,,,
2026-10-01T12:03:55.289,972.419,0,796.75,35,,97.094,20.392,-0.5,-0.781,1.001,0.998,-0.023,3830,14.51,12.157,0,,,,,,,,,0.755,,,,
2026-10-01T12:03:55.419,972.549,0,791.25,36,,97.062,20.392,-1.0,-0.781,1.001,0.998,-0.023,3830,14.51,12.157,0,,,,,,,,,,,0.781,,
2026-10-01T12:03:55.549,972.679,0,796.5,36,,97.062,20.392,-1.5,-0.781,1.001,0.999,-0.023,3820,14.51,12.157,0,,,,,,,,,,,,21.176,
2026-10-01T12:03:55.679,972.809,0,794.25,36,,97.031,20.392,-1.0,-0.781,1.001,0.998,-0.023,3830,14.51,12.157,0,,,,,,,,,,,,,1005
2026-10-01T12:03:55.809,972.939,0,791.75,36,,97.0,20.392,-2.0,-0.781,1.001,0.998,-0.027,3820,14.51,12.157,0,106,,,,,,,,,,,,
2026-10-01T12:03:55.939,973.069,0,792.25,35,,97.062,20.392,-0.5,-0.781,1.001,0.997,-0.027,3830,14.51,12.157,0,,75,,,,,,,,,,,
2026-10-01T12:03:56.069,973.2,0,792.75,36,,97.0,20.784,-0.5,-0.781,1.001,0.997,-0.027,3820,14.51,12.157,0,,,12.5,,,,,,,,,,
2026-10-01T12:03:56.200,973.33,0,796.75,36,,97.062,20.392,-1.0,-0.781,1.001,0.998,-0.027,3820,14.51,12.157,0,,,,12.675,,,,,,,,,
2026-10-01T12:03:56.330,973.46,0,798.25,36,,97.0,20.784,-2.5,-0.781,1.001,0.996,-0.031,3830,14.51,12.157,0,,,,,97,,,,,,,,
2026-10-01T12:03:56.459,973.589,0,799.5,36,,97.125,20.392,-2.0,-0.781,1.001,0.997,-0.027,3840,14.51,12.157,0,,,,,,29,,,,,,,
2026-10-01T12:03:56.589,973.719,0,793.75,36,,97.094,20.784,-1.0,-0.781,1.001,0.997,-0.027,3830,14.51,12.157,0,,,,,,,100.0,,,,,,
2026-10-01T12:03:56.719,973.849,0,795.25,36,,97.094,20.784,-1.0,-0.781,1.001,0.997,-0.027,3820,14.51,12.157,0,,,,,,,,435.2,,,,,
2026-10-01T12:03:56.849,973.979,0,791.75,36,,97.062,20.392,-0.5,-0.781,1.001,0.997,-0.027,3810,14.51,12.157,0,,,,,,,,,0.755,,,,
2026-10-01T12:03:56.979,974.109,0,795.25,36,,97.094,20.784,0.0,-0.781,1.001,0.997,-0.027,3810,14.51,12.157,0,,,,,,,,,,,0.781,,
2026-10-01T12:03:57.109,974.239,0,799.0,36,,97.094,20.392,-2.0,-0.781,1.001,0.996,-0.031,3810,14.51,12.157,0,,,,,,,,,,,,21.569,
2026-10-01T12:03:57.240,974.37,0,796.75,36,,97.094,20.784,-2.5,-0.781,1.001,0.997,-0.027,3820,14.51,12.157,0,,,,,,,,,,,,,1007
2026-10-01T12:03:57.369,974.499,0,800.5,36,,97.062,20.392,-2.0,-0.781,1.001,0.998,-0.027,3820,14.51,12.157,0,106,,,,,,,,,,,,
2026-10-01T12:03:57.499,974.629,0,801.75,36,,97.125,20.392,-1.0,-0.781,1.001,0.997,-0.027,3820,14.51,12.157,0,,75,,,,,,,,,,,
2026-10-01T12:03:57.630,974.76,0,799.0,36,,97.156,20.392,-1.0,-0.781,1.001,0.996,-0.031,3810,14.51,12.157,0,,,12.5,,,,,,,,,,
2026-10-01T12:03:57.759,974.889,0,793.75,36,,97.094,20.784,0.0,-0.781,1.001,0.997,-0.027,3820,14.51,12.157,0,,,,12.617,,,,,,,,,
2026-10-01T12:03:57.889,975.019,0,794.75,36,,97.062,20.784,-1.0,-0.781,1.001,0.996,-0.027,3820,14.51,12.157,0,,,,,97,,,,,,,,
2026-10-01T12:03:58.019,975.149,0,796.0,36,,97.062,20.392,-2.0,-0.781,1.001,0.998,-0.023,3830,14.51,12.157,0,,,,,,29,,,,,,,
2026-10-01T12:03:58.149,975.279,0,797.5,36,,97.031,20.784,-1.5,-0.781,1.001,0.997,-0.027,3840,14.51,12.157,0,,,,,,,100.0,,,,,,
2026-10-01T12:03:58.279,975.409,0,795.5,36,,97.094,20.784,-1.0,-0.781,1.001,0.998,-0.023,3840,14.51,12.157,0,,,,,,,,435.2,,,,,
2026-10-01T12:03:58.410,975.54,0,792.25,36,,97.156,20.784,-2.0,-0.781,1.001,0.999,-0.023,3830,14.51,12.157,0,,,,,,,,,0.755,,,,
2026-10-01T12:03:58.539,975.669,0,795.25,36,,97.125,20.392,-1.5,-0.781,1.001,0.998,-0.023,3820,14.51,12.157,0,,,,,,,,,,,0.781,,
2026-10-01T12:03:58.669,975.799,0,796.5,36,,97.125,20.784,-0.5,-0.781,1.001,0.998,-0.023,3830,14.51,12.157,0,,,,,,,,,,,,21.176,
2026-10-01T12:03:58.800,975.93,0,792.5,36,,97.094,20.392,-0.5,-0.781,1.001,0.999,-0.023,3830,14.51,12.157,0,,,,,,,,,,,,,1008
2026-10-01T12:03:58.929,976.059,0,795.0,36,,97.125,20.392,-2.5,-0.781,1.001,0.999,-0.023,3810,14.51,12.157,0,106,,,,,,,,,,,,
2026-10-01T12:03:59.059,976.189,0,797.0,36,,97.0,20.392,-2.5,-0.781,1.001,0.999,-0.02,3840,14.51,12.157,0,,75,,,,,,,,,,,
2026-10-01T12:03:59.190,976.32,0,795.75,35,,97.0,20.392,-0.5,-0.781,1.001,1.0,-0.02,3820,14.51,12.157,0,,,12.5,,,,,,,,,,
2026-10-01T12:03:59.319,976.449,0,795.25,36,,97.062,20.784,-1.5,-0.781,1.001,0.998,-0.027,3810,14.51,12.157,0,,,,12.734,,,,,,,,,
2026-10-01T12:03:59.449,976.579,0,799.0,36,,97.094,20.392,-1.5,-1.562,1.001,0.996,-0.031,3820,14.51,12.157,0,,,,,97,,,,,,,,
2026-10-01T12:03:59.579,976.709,0,795.25,36,,97.094,20.392,-1.5,-1.562,1.001,0.996,-0.031,3820,14.51,12.157,0,,,,,,29,,,,,,,
2026-10-01T12:03:59.709,976.839,0,795.0,36,,97.094,20.392,-2.5,-1.562,1.001,0.996,-0.031,3820,14.51,12.157,0,,,,,,,100.0,,,,,,
2026-10-01T12:03:59.839,976.969,0,792.75,36,,97.156,20.784,-1.0,-1.562,1.001,0.997,-0.027,3810,14.51,12.157,0,,,,,,,,435.3,,,,,
2026-10-01T12:03:59.970,977.1,0,798.5,35,,97.125,20.392,0.5,-1.562,1.001,0.997,-0.027,3820,14.51,12.157,0,,,,,,,,,0.755,,,,
2026-10-01T12:04:00.099,977.229,0,792.25,36,,97.156,20.784,-1.0,-1.562,1.001,0.998,-0.023,3820,14.51,12.157,0,,,,,,,,,,,0.781,,
2026-10-01T12:04:00.229,977.359,0,797.5,35,,97.094,20.392,-1.5,-1.562,1.001,0.998,-0.023,3820,14.51,12.157,0,,,,,,,,,,,,21.176,
2026-10-01T12:04:00.359,977.489,0,798.0,36,,97.094,20.784,-0.5,-1.562,1.001,0.998,-0.023,3810,14.51,12.157,0,,,,,,,,,,,,,1010
2026-10-01T12:04:00.490,977.62,0,796.25,36,,97.125,20.392,-1.0,-1.562,1.001,0.998,-0.023,3820,14.51,12.157,0,106,,,,,,,,,,,,
2026-10-01T12:04:00.619,977.749,0,801.5,36,,97.094,20.392,-2.5,-1.562,1.001,0.997,-0.027,3820,14.51,12.157,0,,75,,,,,,,,,,,
2026-10-01T12:04:00.749,977.879,0,797.0,36,,97.094,20.784,-1.0,-1.562,1.001,0.997,-0.027,3820,14.51,12.157,0,,,12.5,,,,,,,,,,
2026-10-01T12:04:00.879,978.009,0,794.25,36,,97.125,20.784,-1.0,-1.562,1.001,0.997,-0.027,3820,14.51,12.157,0,,,,12.636,,,,,,,,,
2026-10-01T12:04:01.009,978.14,0,791.5,36,,97.094,20.784,-1.0,-1.562,1.001,0.998,-0.027,3840,14.51,12.157,0,,,,,97,,,,,,,,
2026-10-01T12:04:01.139,978.269,0,796.25,36,,97.156,20.392,-1.0,-1.562,1.001,0.999,-0.023,3890,14.51,12.157,0,,,,,,29,,,,,,,
2026-10-01T12:04:01.269,978.4,0,801.0,36,,97.094,20.784,-1.5,-1.562,1.001,0.998,-0.023,4010,14.51,12.157,0,,,,,,,100.0,,,,,,
2026-10-01T12:04:01.400,978.53,0,798.0,35,,97.062,20.392,-2.5,-1.562,1.001,0.997,-0.027,4090,14.51,12.157,0,,,,,,,,435.3,,,,,
2026-10-01T12:04:01.529,978.659,0,802.0,35,,97.062,20.392,-2.5,-1.562,1.001,0.996,-0.031,4090,14.51,12.157,0,,,,,,,,,0.755,,,,
2026-10-01T12:04:01.659,978.789,0,800.75,35,,97.094,20.784,-2.0,-1.562,1.001,0.994,-0.035,3920,14.51,12.157,0,,,,,,,,,,,0.781,,
2026-10-01T12:04:01.790,978.92,0,799.0,35,,97.0,20.784,-2.0,-1.562,1.001,0.989,-0.047,3720,14.51,12.157,0,,,,,,,,,,,,21.569,
2026-10-01T12:04:01.919,979.049,0,795.0,35,,97.062,20.784,-2.0,-2.344,1.001,0.986,-0.055,3630,14.51,12.157,0,,,,,,,,,,,,,1011
2026-10-01T12:04:02.049,979.179,0,796.25,35,,97.094,20.784,-1.0,-2.344,1.001,0.989,-0.047,3580,14.51,12.157,0,106,,,,,,,,,,,,
2026-10-01T12:04:02.179,979.309,0,793.0,35,,97.094,20.392,-1.5,-2.344,1.001,0.993,-0.039,3580,14.51,12.157,0,,75,,,,,,,,,,,
2026-10-01T12:04:02.309,979.439,0,798.5,35,,97.094,20.392,-2.0,-1.562,1.001,0.998,-0.027,3620,14.51,12.157,0,,,13.281,,,,,,,,,,
